# Blender 4.0.2
# www.blender.org
mtllib jonsmessunott_an_gras_dec.mtl
o Object
v -0.792846 0.895811 -1.021807
v -0.806102 0.907003 -1.024413
v -0.816096 0.877618 -1.025040
v -0.769810 0.904689 -1.018015
v -0.835833 0.920019 -1.026508
v -0.805352 0.886030 -1.023897
v -0.871499 0.882182 -0.917841
v -0.875231 0.870604 -0.893367
v -0.857671 0.897428 -0.996513
v -0.853563 0.914192 -1.026186
v -0.858313 0.878385 -0.991055
v -0.872083 0.896868 -0.912623
v -0.870275 0.911015 -0.923636
v -0.875832 0.942092 -0.895592
v -0.864710 0.944330 -0.944009
v -0.860080 0.945143 -0.870684
v -0.811588 0.948199 -0.908994
v -0.762135 0.952223 -0.907521
v -0.783739 0.950274 -0.910362
v -0.841834 0.945232 -1.009321
v -0.770248 0.949087 -1.002954
v -0.757658 0.958609 -0.897138
v -0.714289 0.952246 -0.925554
v -0.882767 0.927241 -0.855192
v -0.884482 0.939867 -0.849720
v -0.880927 0.889793 -0.861380
v -0.882980 0.912331 -0.852114
v -0.881125 0.861471 -0.859770
v -0.874598 0.946579 -0.827364
v -0.877177 0.840203 -0.880314
v -0.733824 0.983937 -0.906860
v -0.750009 0.974264 -0.900119
v -0.685625 1.003453 -0.922700
v -0.685694 0.974774 -0.923801
v -0.723592 1.012774 -0.911249
v -0.740297 0.950801 -0.954016
v -0.814418 0.947933 -1.012708
v -0.859434 0.913173 -0.990742
v -0.742040 0.948078 -1.009135
v -0.724758 0.942039 -1.006816
v -0.715302 0.942804 -1.004943
v -0.705029 0.949124 -1.003907
v -0.824097 0.939903 -1.023729
v -0.800596 0.932212 -1.021287
v -0.795599 0.949195 -0.878611
v -0.861014 0.942922 -0.981615
v -0.751239 0.950698 -0.978561
v -0.775336 0.943989 -1.016383
v -0.757463 0.915986 -1.012643
v -0.859266 0.929976 -0.992210
v -0.839477 0.936332 -1.024819
v -0.854396 0.936726 -1.021866
v -0.842462 0.945566 -0.840578
v -0.817179 0.951511 -0.855139
v -0.819519 0.868626 -1.025880
v -0.843999 0.884269 -1.026444
v -0.844576 0.869583 -1.028039
v -0.836345 0.862690 -1.026956
v -0.867337 0.922459 -0.944994
v -0.863710 0.918809 -0.962988
v -0.862258 0.925103 -0.974672
v -0.735092 0.939908 -1.008792
v -0.728554 0.936245 -1.006585
v -0.807583 0.869044 -1.023951
v -0.825500 0.860230 -1.025948
v -0.856068 0.877049 -1.018679
v -0.855489 0.856928 -1.006676
v -0.759410 0.906246 -1.015221
v -0.748736 0.935912 -1.011369
v -0.781271 0.889685 -1.020217
v -0.772619 0.896106 -1.018918
v -0.639987 0.878799 -0.991882
v -0.530143 0.888402 -0.972247
v -0.579311 0.888212 -0.980920
v -0.523590 0.764884 -0.972687
v -0.566452 0.749400 -0.980247
v -0.679620 0.790498 -0.999752
v -0.635852 0.891094 -0.990874
v -0.615291 0.901816 -0.987217
v -0.655533 0.752457 -0.995987
v -0.670916 0.763945 -0.998200
v -0.706111 0.884039 -1.003357
v -0.708334 0.863600 -1.004544
v -0.695695 0.848876 -1.002135
v -0.361301 0.899820 -0.942703
v -0.388375 0.950017 -0.947309
v -0.418510 0.876439 -0.952894
v -0.435219 0.833306 -0.956177
v -0.466300 0.797637 -0.962665
v -0.371911 0.861444 -0.944817
v -0.420163 0.929619 -0.957188
v -0.353645 0.939618 -0.945632
v -0.404136 0.849088 -0.951087
v -0.468507 0.941786 -0.959941
v -0.717519 0.882373 -1.007903
v -0.692156 0.889296 -1.001066
v -0.486460 0.785681 -0.965918
v -0.450859 0.955343 -0.955376
v -0.436764 0.950316 -0.945901
v -0.410112 0.953417 -0.930362
v -0.431135 0.961990 -0.934279
v -0.441784 0.795400 -0.957759
v -0.622340 0.719272 -0.990655
v -0.608541 0.683271 -0.988423
v -0.589527 0.667573 -0.985575
v -0.632313 0.697960 -0.992140
v -0.634439 0.740093 -0.992637
v -0.654831 0.880037 -0.994433
v -0.467832 0.736313 -0.963385
v -0.669759 0.898328 -0.997030
v -0.563531 0.674693 -0.980831
v -0.687163 0.831906 -1.000679
v -0.656203 0.892048 -0.995192
v -0.548646 0.713746 -0.978098
v -0.565929 0.730402 -0.980645
v -0.513967 0.921641 -0.969196
v -0.495829 0.947557 -0.967499
v -0.694279 0.814595 -1.001854
v -0.404051 0.984562 -0.930115
v -0.366512 0.961961 -0.918652
v -0.687202 0.801078 -1.000879
v -0.682459 0.775036 -1.000315
v -0.461230 0.774963 -0.962056
v -0.364295 1.027435 -0.919288
v -0.357720 0.993405 -0.918820
v -0.682899 0.899765 -0.999161
v -0.524951 0.101744 -0.978563
v -0.341964 1.540682 -0.747827
v -0.359657 1.552969 -0.755124
v -0.270411 1.631876 -0.702500
v -0.295328 1.668642 -0.701448
v -0.251172 1.650089 -0.683195
v -0.346080 1.552941 -0.730938
v -0.312383 1.536581 -0.721783
v -0.406370 1.649580 -0.767585
v -0.341198 1.545646 -0.786622
v -0.286350 1.525859 -0.774727
v -0.356395 1.550033 -0.817761
v -0.414261 1.691308 -0.750518
v -0.239747 1.425443 -0.817618
v -0.194299 1.388658 -0.791524
v -0.305682 1.405709 -0.842847
v -0.314073 1.471079 -0.842346
v -0.280567 1.492628 -0.821990
v -0.164792 1.416521 -0.772466
v -0.127568 1.377309 -0.755104
v -0.356340 1.457610 -0.852468
v -0.238439 1.357553 -0.770253
v -0.204844 1.369976 -0.783857
v -0.203981 1.324179 -0.753433
v -0.164217 1.338056 -0.750019
v -0.271260 1.377657 -0.814819
v -0.268406 1.368264 -0.794887
v -0.160298 1.359150 -0.767378
v -0.283376 1.364859 -0.806330
v -0.316853 1.378207 -0.818939
v -0.271990 1.348258 -0.792193
v -0.261098 1.332786 -0.763206
v -0.314854 1.351497 -0.838198
v -0.280487 1.336524 -0.826174
v -0.163516 1.324092 -0.746319
v -0.440453 1.672113 -0.766093
v -0.401991 1.614097 -0.779351
v -0.419023 1.644600 -0.776450
v -0.349521 1.673737 -0.739580
v -0.366276 1.658677 -0.754759
v -0.391990 1.690188 -0.748579
v -0.356878 1.368387 -0.832569
v -0.354259 1.392629 -0.826344
v -0.377030 1.419170 -0.846445
v -0.346996 1.500224 -0.844427
v -0.361598 1.346045 -0.850124
v -0.272464 1.515459 -0.792454
v -0.353752 1.533766 -0.834585
v -0.457634 1.712155 -0.723109
v -0.448342 1.694488 -0.744472
v -0.318449 1.700880 -0.697379
v -0.343536 1.689328 -0.721158
v -0.248566 1.592712 -0.700484
v -0.284970 1.568167 -0.712243
v -0.307505 1.589469 -0.722286
v -0.290489 1.541837 -0.708836
v -0.406572 1.712323 -0.730748
v -0.388815 1.795088 -0.748683
v -0.411913 1.805794 -0.740928
v -0.445267 1.767124 -0.744639
v -0.468947 1.778548 -0.738579
v -0.456328 1.787256 -0.741959
v -0.265135 1.316663 -0.801819
v -0.255598 1.294746 -0.767423
v -0.435472 1.795832 -0.742889
v -0.436819 1.750570 -0.741421
v -0.377856 1.777051 -0.750198
v -0.355043 1.758235 -0.739856
v -0.311754 1.802190 -0.735150
v -0.337287 1.819170 -0.740673
v -0.264553 1.679200 -0.658973
v -0.369668 1.804650 -0.745067
v -0.355235 1.833652 -0.733029
v -0.373988 1.817322 -0.737790
v -0.338184 1.610051 -0.740741
v -0.288809 1.832624 -0.724932
v -0.303905 1.840290 -0.726006
v -0.326729 1.839010 -0.730164
v -0.273045 1.774733 -0.714268
v -0.270246 1.825541 -0.718391
v -0.292314 1.739289 -0.708110
v -0.267752 1.734999 -0.688333
v -0.276027 1.712970 -0.670387
v -0.255043 1.759789 -0.697231
v -0.255129 1.506686 -0.749830
v -0.284268 1.515767 -0.747143
v -0.249953 1.494020 -0.699661
v -0.264422 1.503249 -0.723863
v -0.195572 1.476494 -0.711167
v -0.302415 1.521648 -0.734892
v -0.306176 1.319967 -0.847038
v -0.374750 1.584403 -0.753652
v -0.370190 1.571923 -0.757900
v -0.378812 1.615339 -0.758629
v -0.381297 1.594516 -0.800804
v -0.472410 1.750065 -0.725749
v -0.461209 1.725206 -0.717541
v -0.480032 1.745347 -0.729957
v -0.463931 1.719201 -0.740847
v -0.473774 1.736542 -0.735872
v -0.497698 1.762390 -0.723185
v -0.365418 1.569301 -0.793822
v -0.373587 1.573717 -0.815003
v -0.353878 1.716635 -0.711922
v -0.405532 1.732012 -0.731731
v -0.282794 1.301987 -0.838500
v -0.268644 1.262109 -0.792612
v -0.262536 1.292399 -0.796577
v -0.471237 1.763598 -0.733783
v -0.165293 1.462860 -0.741960
v -0.173917 1.450659 -0.764131
v -0.153329 1.462116 -0.713069
v -0.214353 1.488425 -0.681094
v -0.139588 1.320555 -0.734560
v -0.212993 1.270507 -0.767527
v -0.248642 1.256927 -0.772811
v -0.164308 1.281000 -0.755229
v -0.121406 1.284174 -0.737050
v -0.872129 0.896864 -0.912630
v -0.867301 0.922458 -0.944982
v -0.863938 0.918813 -0.963031
v -0.862258 0.925103 -0.974672
v -0.859434 0.913173 -0.990742
v -0.857730 0.897426 -0.996523
v -0.859266 0.929976 -0.992210
v -0.870275 0.911015 -0.923636
v -0.858313 0.878385 -0.991055
v -0.867033 0.846911 -0.941524
v -0.855524 0.816696 -1.000557
v -0.867603 0.814968 -0.934983
v -0.871443 0.882190 -0.917828
v -0.869563 0.866898 -0.925427
v -0.855489 0.856928 -1.006676
v -0.860385 0.796335 -0.975875
v -0.836322 0.862686 -1.027056
v -0.844576 0.869583 -1.028039
v -0.846840 0.828872 -1.027134
v -0.855317 0.840761 -1.022323
v -0.835095 0.836445 -1.026913
v -0.823646 0.846361 -1.026183
v -0.856068 0.877049 -1.018679
v -0.815502 0.861727 -1.025164
v -0.825500 0.860230 -1.025948
v -0.819524 0.868617 -1.025860
v -0.817145 0.854816 -1.026047
v -0.816040 0.877657 -1.025677
v -0.807583 0.869044 -1.023951
v -0.843999 0.884269 -1.026444
v -0.264904 0.136650 -0.109878
v -0.359279 0.100862 -0.127264
v -0.418005 0.297887 -0.135673
v -0.424084 0.191846 -0.136996
v -0.366844 0.250682 -0.127070
v -0.367095 0.106835 -0.129327
v -0.267869 0.105184 -0.112763
v -0.421032 0.117584 -0.141857
v -0.301503 0.161535 -0.115907
v -0.326495 0.209097 -0.120439
v -0.467724 0.116093 -0.147853
v -0.264102 0.171118 -0.109351
v -0.183730 0.106411 -0.921146
v -0.133876 0.100890 -0.910683
v -0.210966 0.155481 -0.925439
v -0.076974 0.157495 -0.901444
v -0.113053 0.229766 -0.907486
v -0.181687 0.283167 -0.919049
v -0.316138 0.100875 -0.944061
v -0.311384 0.390139 -0.941821
v -0.423543 0.250328 -0.961646
v -0.397609 0.288524 -0.957751
v -0.378856 0.100862 -0.956330
v -0.257621 0.167635 -0.933637
v -0.376998 0.383765 -0.953338
v -0.501843 0.206882 -0.976928
v -0.414982 0.342990 -0.959693
v -0.253632 0.309721 -0.933451
v -0.244799 0.384114 -0.929760
v -0.251468 0.458694 -0.932067
v -0.443454 0.100848 -0.964789
v -0.525152 0.100939 -0.979285
v -0.487735 0.142052 -0.974378
v -0.466042 0.246144 -0.969767
v -0.248891 0.101361 -0.933005
v -0.163101 0.956609 -0.856413
v -0.198941 0.967437 -0.873905
v -0.169391 1.041965 -0.860065
v -0.122119 1.027256 -0.833774
v -0.112145 0.984697 -0.824853
v -0.129323 0.957511 -0.836458
v -0.206086 1.061063 -0.846561
v -0.167963 1.059736 -0.804606
v -0.192704 0.956268 -0.875392
v -0.541849 1.055317 -0.821105
v -0.542007 1.071555 -0.804724
v -0.495178 1.060968 -0.809613
v -0.473236 1.029320 -0.932467
v -0.364311 1.027416 -0.919191
v -0.460523 0.977678 -0.938388
v -0.524931 0.976472 -0.938661
v -0.566547 0.994702 -0.938012
v -0.589076 1.036156 -0.933925
v -0.571899 1.052020 -0.920497
v -0.140759 1.061442 -0.812084
v -0.554470 0.966782 -0.940133
v -0.136099 0.957407 -0.865639
v -0.215946 1.059915 -0.802754
v -0.601306 1.011611 -0.933648
v -0.641088 1.018242 -0.930497
v -0.459228 1.055927 -0.822675
v -0.206953 1.115184 -0.808695
v -0.227556 1.079437 -0.790427
v -0.301996 1.100589 -0.819211
v -0.226607 1.028182 -0.883399
v -0.219339 1.149373 -0.809704
v -0.266442 1.133321 -0.823834
v -0.242070 1.052428 -0.880760
v -0.665664 1.050870 -0.904429
v -0.624680 1.053036 -0.876995
v -0.366512 0.961961 -0.918652
v -0.357720 0.993405 -0.918820
v -0.320682 0.986705 -0.912590
v -0.401871 1.050545 -0.915185
v -0.343427 1.056855 -0.883132
v -0.431135 0.961990 -0.934279
v -0.404051 0.984562 -0.930115
v -0.297599 1.058377 -0.801898
v -0.294926 1.072909 -0.800776
v -0.289206 0.951075 -0.928649
v -0.273521 0.925993 -0.926674
v -0.315091 0.938253 -0.940087
v -0.305169 1.038710 -0.904051
v -0.293820 0.957731 -0.905492
v -0.236016 0.963518 -0.884089
v -0.329642 0.951899 -0.921552
v -0.227621 0.960320 -0.911030
v -0.221541 0.940436 -0.917726
v -0.583180 1.052292 -0.840275
v -0.450433 1.057039 -0.886857
v -0.335137 1.058536 -0.847365
v -0.406669 1.056903 -0.837637
v -0.196911 0.875650 -0.914464
v -0.171416 0.838347 -0.910686
v -0.158133 0.956126 -0.903437
v -0.241977 0.883053 -0.922092
v -0.094049 0.937987 -0.895007
v -0.094779 0.952405 -0.897395
v -0.112372 0.793524 -0.900579
v -0.135975 0.809382 -0.903993
v -0.102791 0.956869 -0.881026
v -0.027683 0.793742 -0.885330
v -0.048093 0.770422 -0.888780
v -0.039165 0.842980 -0.886616
v -0.478891 0.956695 -0.936135
v -0.453476 0.953339 -0.955599
v -0.475758 0.951859 -0.953085
v -0.436764 0.950316 -0.945901
v -0.468529 0.941804 -0.960333
v -0.533126 0.950319 -0.946526
v -0.495829 0.947557 -0.967499
v -0.067377 0.912840 -0.890926
v -0.087004 0.774919 -0.896808
v -0.044721 0.883532 -0.886681
v -0.010652 0.753626 -0.882609
v -0.289860 1.057934 -0.820164
v -0.533444 0.948401 -0.974105
v -0.513967 0.921641 -0.969196
v -0.684662 0.749590 -0.183542
v -0.767219 0.795479 -0.197729
v -0.831565 0.675006 -0.209219
v -0.913852 0.769428 -0.223768
v -0.899476 0.703820 -0.221492
v -0.730301 0.803780 -0.191119
v -0.748082 0.898709 -0.195444
v -0.727116 0.935831 -0.191462
v -0.950553 0.932363 -0.230931
v -0.980328 0.942608 -0.235255
v -0.970440 0.892754 -0.234469
v -0.917030 0.883695 -0.224507
v -0.628972 0.145602 -0.174455
v -0.586700 0.100860 -0.164927
v -0.958027 0.797285 -0.232284
v -0.981105 0.848165 -0.236003
v -0.974323 0.826770 -0.233997
v -0.994273 0.888225 -0.246327
v -0.993838 0.859828 -0.246595
v -0.924507 0.942325 -0.225201
v -0.714482 0.845935 -0.188643
v -0.632477 0.864420 -0.173858
v -0.603453 0.828140 -0.168671
v -0.898193 0.942977 -0.219493
v -0.782079 0.924286 -0.200769
v -0.901959 0.948225 -0.243060
v -0.679668 0.152454 -0.182832
v -0.715251 0.229090 -0.189342
v -0.743456 0.291492 -0.193471
v -0.993128 0.935757 -0.242311
v -0.582064 0.813414 -0.164586
v -0.567577 0.784728 -0.162493
v -0.973470 0.947551 -0.266549
v -0.668185 0.893314 -0.179906
v -0.579550 0.741475 -0.164376
v -0.948971 0.949084 -0.332164
v -0.978920 0.941391 -0.326338
v -0.947268 0.951334 -0.422326
v -0.907357 0.950753 -0.376880
v -0.898518 0.949878 -0.453741
v -0.983433 0.939455 -0.298978
v -0.691109 0.911032 -0.183600
v -0.547467 0.308099 -0.158391
v -0.424089 0.191788 -0.136917
v -0.451911 0.357205 -0.142063
v -0.533092 0.100997 -0.158492
v -0.467724 0.116093 -0.147853
v -0.508008 0.371327 -0.151416
v -0.418005 0.297887 -0.135673
v -0.642348 0.888586 -0.177022
v -0.701470 0.933888 -0.182773
v -0.806832 0.947360 -0.208649
v -0.830913 0.949095 -0.249827
v -0.856240 0.949991 -0.218482
v -0.748146 0.948997 -0.202434
v -0.986161 0.941976 -0.275901
v -0.990113 0.915779 -0.256809
v -0.988343 0.905855 -0.256048
v -0.853481 0.951495 -0.390933
v -0.842510 0.952062 -0.327650
v -0.763092 0.948544 -0.233521
v -0.815008 0.889530 -0.206913
v -0.856011 0.932601 -0.213674
v -0.616279 0.854289 -0.170972
v -0.504607 0.444937 -0.151009
v -0.944171 0.948599 -0.237234
v -0.538718 0.529570 -0.157252
v -0.548587 0.706135 -0.158505
v -0.515599 0.495338 -0.152553
v -0.537421 0.661704 -0.156839
v -0.761891 0.355340 -0.195630
v -0.570373 0.630029 -0.162461
v -0.775618 0.506969 -0.199219
v -0.812706 0.403923 -0.205712
v -0.536287 0.583201 -0.156902
v -0.859668 0.579018 -0.214548
v -0.815106 0.546100 -0.207083
v -0.466346 0.797630 -0.962422
v -0.461234 0.774963 -0.962031
v -0.486460 0.785681 -0.965918
v -0.541399 0.575109 -0.978524
v -0.405601 0.423790 -0.957095
v -0.548646 0.713746 -0.978098
v -0.563516 0.674694 -0.980914
v -0.416806 0.561603 -0.956637
v -0.391431 0.652462 -0.951044
v -0.410971 0.469444 -0.957624
v -0.467832 0.736313 -0.963385
v -0.413924 0.738144 -0.953874
v -0.421850 0.687944 -0.956026
v -0.647775 0.619328 -0.996066
v -0.642560 0.643697 -0.994731
v -0.673437 0.623728 -1.000534
v -0.709099 0.615024 -1.006552
v -0.764288 0.554600 -1.016966
v -0.734592 0.583930 -1.011650
v -0.785858 0.117276 -1.024663
v -0.826030 0.142543 -1.033964
v -0.812893 0.193672 -1.030147
v -0.844650 0.164951 -1.029184
v -0.655323 0.595158 -0.998375
v -0.710986 0.112403 -1.012450
v -0.624335 0.122416 -0.997317
v -0.792919 0.343979 -1.025042
v -0.794541 0.265161 -1.026169
v -0.487708 0.142050 -0.974525
v -0.501901 0.206881 -0.976547
v -0.414958 0.342993 -0.959838
v -0.568575 0.100865 -0.987818
v -0.417276 0.775489 -0.954274
v -0.441784 0.795400 -0.957759
v -0.397609 0.288524 -0.957751
v -0.632801 0.607361 -0.994036
v -0.376998 0.383765 -0.953338
v -0.841775 0.471927 -1.033937
v -0.806049 0.532213 -1.023885
v -0.525838 0.100892 -0.978663
v -0.523590 0.764884 -0.972687
v -0.423523 0.250331 -0.961755
v -0.466042 0.246144 -0.969767
v -0.589551 0.667572 -0.985449
v -0.614221 0.658909 -0.989908
v -0.608572 0.683281 -0.988324
v -0.811815 0.427113 -1.028290
v -0.850030 0.420571 -1.021999
v -0.844240 0.390694 -1.033762
v -0.841735 0.548589 -1.031804
v -0.844419 0.513078 -1.033106
v -0.854327 0.348754 -1.022182
v -0.851864 0.529590 -1.012308
v -0.565929 0.730402 -0.980645
v -0.566408 0.749408 -0.980483
v -0.378564 1.560556 -0.830693
v -0.410378 1.586443 -0.838328
v -0.435114 1.588244 -0.850519
v -0.457158 1.629912 -0.849375
v -0.463624 1.683778 -0.837736
v -0.426680 1.643043 -0.821162
v -0.404091 1.518116 -0.853302
v -0.385456 1.530449 -0.845899
v -0.373587 1.573717 -0.815003
v -0.379529 1.591880 -0.803308
v -0.516824 1.679128 -0.865854
v -0.531610 1.670000 -0.870447
v -0.528125 1.648994 -0.871309
v -0.524375 1.718720 -0.856896
v -0.515151 1.730023 -0.849261
v -0.512876 1.698408 -0.861859
v -0.426043 1.654774 -0.799307
v -0.502620 1.630049 -0.867324
v -0.519372 1.622401 -0.870485
v -0.401991 1.614097 -0.779351
v -0.419023 1.644600 -0.776450
v -0.439390 1.672691 -0.766081
v -0.520062 1.587199 -0.868836
v -0.529522 1.553835 -0.867295
v -0.523754 1.748390 -0.841742
v -0.496812 1.742161 -0.829952
v -0.459895 1.720945 -0.788820
v -0.474351 1.724457 -0.821360
v -0.448342 1.694488 -0.744472
v -0.531219 1.767922 -0.828414
v -0.515452 1.766611 -0.818386
v -0.534498 1.795026 -0.713694
v -0.518062 1.784432 -0.725267
v -0.539054 1.797118 -0.745921
v -0.514512 1.782256 -0.744985
v -0.557283 1.809949 -0.724843
v -0.549301 1.812549 -0.693452
v -0.523312 1.781752 -0.803593
v -0.463931 1.719201 -0.740847
v -0.473600 1.736790 -0.735840
v -0.480032 1.745347 -0.729957
v -0.496239 1.762414 -0.797347
v -0.497698 1.762390 -0.723185
v -0.546842 1.795492 -0.785444
v -0.552200 1.531507 -0.854258
v -0.517627 1.511925 -0.858917
v -0.585920 1.832925 -0.709398
v -0.599894 1.855540 -0.680697
v -0.572442 1.853349 -0.673823
v -0.546675 1.855898 -0.659073
v -0.537762 1.830693 -0.669319
v -0.423882 1.503411 -0.858826
v -0.476190 1.570110 -0.862650
v -0.482946 1.526518 -0.865314
v -0.564246 1.877742 -0.648716
v -0.847327 0.128628 -1.015624
v -0.826030 0.142543 -1.033964
v -0.834146 0.101040 -1.033230
v -0.785827 0.117276 -1.024787
v -0.854504 0.100561 -1.000675
v -0.844650 0.164951 -1.029184
v -0.624335 0.122416 -0.997317
v -0.710986 0.112403 -1.012450
v -0.858004 0.102907 -0.943935
v -0.859352 0.100976 -0.977668
v -0.865004 0.100869 -0.991499
v -0.848262 0.110275 -0.996758
v -0.851567 0.178077 -0.994253
v -0.853033 0.127463 -0.978645
v -0.735085 0.939889 -1.008708
v -0.748664 0.936455 -1.010473
v -0.781882 0.854305 -1.020354
v -0.823646 0.846361 -1.026183
v -0.827015 0.816589 -1.024405
v -0.687161 0.801081 -1.001104
v -0.694349 0.814586 -1.001520
v -0.816689 0.809139 -1.023679
v -0.817145 0.854816 -1.026047
v -0.773075 0.835668 -1.016246
v -0.835095 0.836445 -1.026913
v -0.838775 0.817823 -1.026962
v -0.708609 0.863838 -1.004101
v -0.717403 0.882373 -1.008411
v -0.682482 0.775032 -1.000188
v -0.679643 0.790487 -0.999643
v -0.815512 0.861725 -1.025114
v -0.804084 0.791491 -1.021514
v -0.695535 0.742171 -1.003062
v -0.714734 0.748981 -1.006036
v -0.670931 0.763951 -0.998157
v -0.655490 0.752436 -0.996056
v -0.678443 0.725727 -0.999908
v -0.656173 0.732672 -0.996276
v -0.729492 0.747501 -1.008828
v -0.792846 0.895811 -1.021807
v -0.781271 0.889685 -1.020217
v -0.807610 0.869045 -1.023781
v -0.805352 0.886030 -1.023897
v -0.727766 0.838633 -1.010747
v -0.759397 0.906261 -1.015353
v -0.772587 0.896065 -1.019331
v -0.758014 0.913560 -1.015246
v -0.748996 0.866565 -1.013361
v -0.744574 0.750364 -1.012214
v -0.794546 0.762764 -1.020169
v -0.727930 0.897102 -1.009968
v -0.724341 0.915821 -1.006267
v -0.724575 0.907996 -1.008747
v -0.715368 0.897525 -1.006863
v -0.769845 0.904656 -1.017863
v -0.731339 0.923019 -1.007031
v -0.728554 0.936245 -1.006585
v -0.726830 0.931322 -1.006401
v -0.634493 0.740084 -0.992283
v -0.639766 0.724970 -0.993318
v -0.622383 0.719266 -0.990382
v -0.765848 0.744910 -1.015792
v -0.742052 0.948100 -1.009111
v -0.695695 0.848876 -1.002135
v -0.687213 0.831914 -1.000412
v -0.388809 1.307854 -0.870690
v -0.361598 1.346045 -0.850124
v -0.314854 1.351497 -0.838198
v -0.336185 1.282258 -0.860886
v -0.459220 1.253601 -0.889667
v -0.457988 1.368143 -0.838502
v -0.392471 1.345145 -0.856084
v -0.496259 1.358496 -0.841125
v -0.460397 1.296769 -0.879871
v -0.306176 1.319967 -0.847038
v -0.346172 1.221016 -0.854413
v -0.133519 1.249969 -0.746012
v -0.169270 1.235342 -0.762064
v -0.164308 1.281000 -0.755229
v -0.297801 1.057827 -0.801275
v -0.373399 1.086079 -0.809669
v -0.294926 1.072909 -0.800776
v -0.497252 1.316875 -0.861332
v -0.361245 1.134922 -0.833359
v -0.394361 1.160168 -0.820941
v -0.212993 1.270507 -0.767527
v -0.218514 1.233557 -0.768166
v -0.497870 1.191421 -0.884049
v -0.548795 1.193289 -0.885305
v -0.512494 1.211972 -0.890240
v -0.318313 1.181616 -0.815921
v -0.339411 1.200299 -0.825324
v -0.594921 1.195932 -0.884378
v -0.445931 1.233209 -0.886985
v -0.268595 1.203379 -0.778254
v -0.273824 1.230975 -0.766048
v -0.241965 1.211984 -0.762617
v -0.248642 1.256927 -0.772811
v -0.249812 1.230392 -0.767288
v -0.268644 1.262109 -0.792612
v -0.412976 1.203756 -0.864877
v -0.462118 1.149937 -0.829671
v -0.219339 1.149373 -0.809704
v -0.272504 1.165488 -0.820564
v -0.224299 1.173812 -0.798277
v -0.229430 1.189853 -0.778187
v -0.276341 1.190689 -0.801167
v -0.301996 1.100589 -0.819211
v -0.367260 1.114122 -0.831371
v -0.405964 1.516805 -0.853484
v -0.423882 1.503411 -0.858826
v -0.385456 1.530449 -0.845899
v -0.406669 1.056903 -0.837637
v -0.442741 1.070623 -0.793575
v -0.436900 1.120006 -0.815525
v -0.585882 1.249400 -0.872963
v -0.613627 1.218455 -0.876497
v -0.459765 1.056012 -0.822497
v -0.495178 1.060968 -0.809613
v -0.500738 1.149789 -0.856808
v -0.269593 1.280499 -0.817684
v -0.262536 1.292399 -0.796577
v -0.266442 1.133321 -0.823834
v -0.514374 1.326260 -0.845530
v -0.354576 1.534763 -0.832173
v -0.378970 1.560066 -0.830508
v -0.346996 1.500224 -0.844427
v -0.547217 1.303789 -0.847072
v -0.533054 1.271664 -0.882242
v -0.203981 1.324179 -0.753433
v -0.289860 1.057934 -0.820164
v -0.335137 1.058536 -0.847365
v -0.377030 1.419170 -0.846445
v -0.412640 1.411364 -0.819106
v -0.442191 1.433629 -0.836628
v -0.478723 1.086720 -0.800523
v -0.373587 1.573717 -0.815003
v -0.365418 1.569301 -0.793822
v -0.442579 1.418195 -0.805834
v -0.565328 1.279749 -0.863160
v -0.434253 1.391356 -0.819693
v -0.356339 1.371367 -0.830721
v -0.354259 1.392629 -0.826344
v -0.499693 1.129866 -0.809932
v -0.544241 1.100257 -0.803408
v -0.550818 1.125097 -0.822757
v -0.542007 1.071555 -0.804724
v -0.356340 1.457610 -0.852468
v -0.410865 1.454320 -0.855710
v -0.543016 1.164448 -0.871976
v -0.299181 1.256623 -0.843862
v -0.282794 1.301987 -0.838500
v -0.290682 1.236489 -0.824163
v -0.295855 1.220653 -0.796748
v -0.265135 1.316663 -0.801819
v -0.673467 1.859630 -0.386612
v -0.659268 1.853264 -0.361088
v -0.521329 1.854117 -0.294179
v -0.496648 1.831255 -0.289930
v -0.466614 1.845285 -0.301424
v -0.542580 1.815222 -0.287146
v -0.569545 1.835841 -0.292707
v -0.505780 1.895129 -0.347557
v -0.536042 1.921414 -0.374760
v -0.552291 1.934532 -0.396106
v -0.486592 1.938968 -0.344342
v -0.485895 1.975069 -0.357708
v -0.444674 1.994620 -0.354917
v -0.437407 2.014548 -0.377927
v -0.406362 2.007064 -0.337135
v -0.410699 2.023275 -0.356860
v -0.392265 2.025541 -0.400691
v -0.401972 2.028133 -0.384006
v -0.437421 1.961762 -0.336235
v -0.444388 1.908431 -0.320301
v -0.414405 1.901024 -0.313722
v -0.457611 1.880188 -0.329390
v -0.453125 1.855934 -0.321090
v -0.426466 1.867216 -0.317558
v -0.483236 1.866721 -0.318359
v -0.404081 1.936180 -0.321437
v -0.525646 1.883898 -0.323159
v -0.647427 1.902893 -0.445707
v -0.635101 1.897618 -0.464538
v -0.662297 1.890017 -0.482340
v -0.691263 1.879698 -0.485990
v -0.681470 1.882867 -0.490362
v -0.703482 1.870138 -0.474827
v -0.482996 2.000025 -0.379106
v -0.520470 1.972218 -0.384478
v -0.721065 1.853065 -0.482561
v -0.725712 1.843520 -0.476586
v -0.716605 1.845769 -0.454202
v -0.469348 2.012048 -0.492543
v -0.493398 2.011790 -0.467265
v -0.493815 1.996554 -0.503757
v -0.549087 1.966821 -0.506140
v -0.558796 1.953786 -0.488326
v -0.525780 1.993140 -0.463534
v -0.553038 1.952847 -0.524298
v -0.569149 1.856002 -0.301764
v -0.560727 1.880373 -0.316388
v -0.525941 1.969805 -0.528692
v -0.515868 1.989806 -0.403179
v -0.470515 2.018767 -0.417908
v -0.700368 1.852625 -0.422215
v -0.524801 1.987687 -0.450839
v -0.562644 1.953839 -0.453631
v -0.550537 1.956695 -0.412080
v -0.692779 1.842416 -0.400277
v -0.605531 1.914678 -0.495789
v -0.582915 1.934598 -0.514541
v -0.731182 1.831939 -0.472574
v -0.477012 2.015532 -0.442911
v -0.586612 1.904120 -0.353226
v -0.553358 1.904806 -0.367490
v -0.592692 1.916640 -0.394851
v -0.582825 1.865524 -0.315952
v -0.611314 1.888385 -0.346536
v -0.382099 2.025645 -0.409160
v -0.384284 2.029159 -0.435812
v -0.567317 1.909460 -0.399148
v -0.602329 1.862560 -0.326196
v -0.446124 1.814445 -0.290492
v -0.661574 1.897601 -0.432015
v -0.638710 1.898584 -0.385971
v -0.616029 1.912518 -0.397260
v -0.627416 1.865783 -0.342922
v -0.421565 2.027251 -0.391243
v -0.403006 1.966762 -0.330084
v -0.397042 1.989373 -0.332855
v -0.425614 2.032664 -0.422594
v -0.406872 2.033171 -0.450737
v -0.429633 2.030091 -0.467366
v -0.603439 1.907384 -0.440358
v -0.616455 1.896008 -0.476597
v -0.580540 1.923914 -0.437322
v -0.880973 0.107467 -0.204529
v -0.896419 0.121818 -0.228354
v -0.919405 0.131702 -0.227273
v -0.919272 0.103705 -0.224785
v -0.657149 1.228763 -0.836260
v -0.657116 1.213211 -0.861052
v -0.665586 1.139960 -0.862738
v -0.783104 1.055369 -0.791486
v -0.701561 1.081682 -0.822723
v -0.698398 1.050850 -0.808244
v -0.594875 1.195784 -0.884169
v -0.726326 1.168796 -0.853032
v -0.614463 1.122902 -0.846806
v -0.780312 1.097052 -0.815808
v -0.656910 1.075350 -0.808914
v -0.612544 1.075134 -0.804928
v -0.863548 0.998684 -0.530514
v -0.886937 1.011238 -0.627150
v -0.872809 0.971605 -0.570464
v -0.885252 0.975313 -0.617632
v -0.889764 0.984959 -0.657909
v -0.864299 0.970756 -0.540446
v -0.712785 1.046513 -0.420647
v -0.708859 1.057327 -0.423493
v -0.679959 1.086250 -0.394330
v -0.721465 1.074466 -0.433617
v -0.731947 1.056872 -0.485538
v -0.734124 1.073183 -0.488425
v -0.673390 1.047526 -0.398021
v -0.743889 1.098498 -0.430525
v -0.587099 1.249026 -0.874005
v -0.633999 1.264221 -0.821051
v -0.835123 1.007845 -0.446633
v -0.849038 0.968875 -0.485467
v -0.813911 0.973864 -0.407494
v -0.842413 0.950925 -0.431993
v -0.816976 0.950546 -0.393131
v -0.853481 0.951495 -0.390933
v -0.711752 1.206018 -0.848938
v -0.697414 1.220614 -0.822485
v -0.782359 0.961068 -0.362855
v -0.565328 1.279749 -0.863160
v -0.586190 1.286579 -0.835810
v -0.821666 1.048603 -0.783462
v -0.835944 1.067622 -0.785919
v -0.856814 1.018739 -0.808151
v -0.844645 0.969674 -0.828662
v -0.759545 1.043654 -0.822009
v -0.849480 1.048960 -0.772333
v -0.831803 1.040879 -0.808793
v -0.772694 1.046692 -0.846902
v -0.821226 1.023727 -0.848652
v -0.873598 1.033795 -0.764337
v -0.841248 0.945880 -0.841155
v -0.872725 0.946315 -0.784913
v -0.647693 1.050275 -0.814642
v -0.817663 0.951620 -0.855647
v -0.665233 1.051080 -0.904096
v -0.624680 1.053036 -0.876995
v -0.795639 0.949200 -0.878714
v -0.879839 0.959533 -0.760805
v -0.895098 0.945835 -0.768206
v -0.883995 0.948802 -0.757533
v -0.884377 0.983728 -0.749269
v -0.888026 1.000443 -0.723608
v -0.897386 0.942303 -0.785100
v -0.882590 0.971164 -0.754738
v -0.886399 1.027284 -0.702666
v -0.888456 1.000194 -0.686855
v -0.613627 1.218455 -0.876497
v -0.842510 0.952062 -0.327650
v -0.765274 0.950374 -0.290247
v -0.898518 0.949878 -0.453741
v -0.768043 1.021685 -0.340524
v -0.802684 1.031028 -0.405308
v -0.814445 1.042062 -0.507575
v -0.733238 1.214085 -0.818498
v -0.746595 1.195399 -0.834822
v -0.839330 1.031378 -0.472534
v -0.858850 0.949851 -0.480380
v -0.811588 0.948197 -0.908994
v -0.783739 0.950274 -0.910362
v -0.766055 1.039967 -0.473850
v -0.590301 1.161126 -0.876686
v -0.548795 1.193289 -0.885305
v -0.858008 0.957089 -0.521519
v -0.762649 1.118185 -0.519246
v -0.722007 1.061837 -0.536956
v -0.747957 1.172441 -0.844800
v -0.754182 1.191314 -0.809907
v -0.783324 1.127607 -0.812841
v -0.817924 1.103415 -0.786380
v -0.781469 1.135902 -0.780986
v -0.750061 0.974236 -0.900152
v -0.762277 1.168795 -0.819125
v -0.771953 1.152181 -0.803942
v -0.762221 0.951498 -0.907522
v -0.758058 0.959179 -0.898590
v -0.876965 1.027956 -0.591038
v -0.766523 1.125089 -0.622355
v -0.781096 1.150935 -0.548583
v -0.755714 1.094308 -0.599391
v -0.784934 1.155467 -0.598389
v -0.733319 1.073308 -0.567711
v -0.763482 1.155485 -0.756434
v -0.780313 1.128448 -0.742768
v -0.757715 1.144823 -0.713453
v -0.802441 1.107571 -0.719305
v -0.760757 1.102029 -0.643564
v -0.773390 1.115879 -0.706217
v -0.543016 1.164448 -0.871976
v -0.581922 1.104186 -0.812910
v -0.550818 1.125097 -0.822757
v -0.500738 1.149789 -0.856808
v -0.585731 1.056579 -0.809574
v -0.541849 1.055317 -0.821105
v -0.583180 1.052292 -0.840275
v -0.544241 1.100257 -0.803408
v -0.542007 1.071555 -0.804724
v -0.757216 1.107346 -0.464439
v -0.629587 1.041063 -0.278792
v -0.621484 1.038324 -0.240454
v -0.714282 1.034767 -0.319839
v -0.686149 1.034978 -0.362993
v -0.657661 1.040915 -0.358566
v -0.700358 1.007945 -0.267535
v -0.645173 1.025653 -0.231866
v -0.698933 1.030310 -0.282761
v -0.678678 0.950434 -0.242016
v -0.686924 0.971147 -0.257186
v -0.639854 1.042774 -0.321189
v -0.737014 0.957055 -0.305217
v -0.745145 1.047520 -0.488967
v -0.693726 0.947999 -0.213528
v -0.885736 0.827314 -0.829699
v -0.880480 0.809251 -0.861639
v -0.852695 1.037115 -0.538077
v -0.856805 1.049729 -0.668720
v -0.825750 1.049712 -0.618907
v -0.850470 1.070670 -0.682143
v -0.853618 1.038664 -0.589504
v -0.869992 1.040160 -0.647259
v -0.812388 1.041285 -0.579876
v -0.865822 1.044835 -0.725710
v -0.727542 1.049317 -0.512172
v -0.742117 1.041607 -0.556418
v -0.776541 1.039030 -0.576774
v -0.762375 1.049557 -0.607739
v -0.791962 1.054976 -0.611516
v -0.808650 1.076430 -0.637548
v -0.771233 1.079641 -0.626641
v -0.738496 1.066478 -0.601740
v -0.886779 0.926887 -0.830926
v -0.893181 0.926267 -0.793575
v -0.882980 0.912331 -0.852114
v -0.880806 0.889796 -0.861359
v -0.874598 0.946579 -0.827364
v -0.893943 0.902348 -0.787870
v -0.891007 0.871715 -0.802853
v -0.885835 0.853121 -0.833078
v -0.884279 0.942702 -0.848414
v -0.881125 0.861471 -0.859770
v -0.877177 0.840203 -0.880314
v -0.882416 0.927300 -0.855144
v -0.876230 0.818361 -0.884607
v -0.762814 1.021814 -0.892117
v -0.764540 1.039807 -0.881949
v -0.723592 1.012774 -0.911249
v -0.685625 1.003453 -0.922700
v -0.691118 1.028356 -0.919944
v -0.839490 1.091709 -0.735089
v -0.858669 1.069955 -0.757076
v -0.825602 1.090927 -0.688427
v -0.734002 0.983981 -0.907338
v -0.248953 0.101148 -0.933186
v -0.210949 0.155481 -0.925529
v -0.183730 0.106411 -0.921146
v -0.257618 0.167635 -0.933652
v -0.409839 1.974648 -0.604559
v -0.481788 1.958459 -0.602979
v -0.430509 2.018168 -0.517885
v -0.344444 2.022820 -0.516493
v -0.355458 2.010060 -0.560015
v -0.377125 2.016315 -0.551505
v -0.360192 1.863192 -0.709019
v -0.367304 1.843364 -0.721713
v -0.402515 1.848590 -0.722449
v -0.324947 2.001191 -0.551830
v -0.347608 1.987926 -0.578902
v -0.393118 2.032722 -0.491114
v -0.451459 1.941822 -0.627422
v -0.494160 1.977183 -0.553448
v -0.538967 1.948472 -0.564469
v -0.539075 1.928667 -0.603282
v -0.519809 1.919088 -0.630157
v -0.499407 1.810493 -0.658835
v -0.490754 1.841594 -0.658025
v -0.487692 1.824851 -0.669758
v -0.490087 1.799462 -0.716583
v -0.497698 1.762390 -0.723185
v -0.510461 1.777448 -0.704092
v -0.469313 1.778716 -0.739259
v -0.514219 1.832034 -0.652331
v -0.461243 1.820248 -0.723717
v -0.429633 2.030091 -0.467366
v -0.358591 2.025072 -0.463517
v -0.384284 2.029159 -0.435812
v -0.455555 1.788041 -0.742682
v -0.471237 1.763598 -0.733783
v -0.406872 2.033171 -0.450737
v -0.501831 1.793939 -0.684472
v -0.444067 1.912025 -0.639429
v -0.422896 1.882512 -0.647644
v -0.381094 1.903135 -0.634844
v -0.376597 1.892704 -0.664106
v -0.523044 1.853858 -0.653623
v -0.509722 1.885983 -0.654782
v -0.493216 1.876553 -0.661260
v -0.543513 1.884979 -0.640281
v -0.466294 1.876317 -0.655430
v -0.388101 1.929212 -0.616062
v -0.374458 1.877044 -0.689211
v -0.423235 1.868135 -0.665605
v -0.546675 1.855898 -0.659073
v -0.391586 1.825305 -0.734030
v -0.355235 1.833652 -0.733029
v -0.373988 1.817322 -0.737790
v -0.537762 1.830693 -0.669319
v -0.402643 1.861748 -0.704166
v -0.422827 1.851062 -0.715829
v -0.564246 1.877742 -0.648716
v -0.570992 1.898792 -0.621971
v -0.411879 1.805684 -0.740689
v -0.428189 1.830887 -0.729629
v -0.460524 2.014850 -0.487020
v -0.489777 1.818961 -0.696709
v -0.369670 1.804633 -0.745165
v -0.468285 1.848229 -0.661538
v -0.522043 1.793756 -0.686554
v -0.534498 1.795026 -0.713694
v -0.388849 1.795057 -0.748500
v -0.435472 1.795832 -0.742889
v -0.393516 1.948280 -0.612583
v -0.359177 1.954807 -0.601279
v -0.514555 1.782195 -0.744978
v -0.518062 1.784432 -0.725267
v -0.545684 1.911374 -0.620004
v -0.493815 1.996554 -0.503757
v -0.517240 1.800711 -0.667137
v -0.549374 1.812455 -0.693426
v -0.323414 2.008396 -0.528017
v -0.306710 1.992128 -0.527743
v -0.844474 0.634068 -1.029916
v -0.833012 0.620976 -1.028421
v -0.846055 0.616122 -1.030997
v -0.850861 0.250947 -1.021998
v -0.833401 0.281223 -1.034020
v -0.858617 0.311538 -0.962080
v -0.845014 0.164672 -1.029826
v -0.812893 0.193672 -1.030147
v -0.851664 0.178063 -0.994271
v -0.847079 0.296421 -1.029903
v -0.861818 0.512904 -0.952395
v -0.849174 0.421173 -1.021527
v -0.881801 0.355334 -0.834746
v -0.897235 0.401694 -0.757059
v -0.878783 0.284292 -0.847354
v -0.877952 0.216553 -0.850342
v -0.867382 0.116693 -0.907431
v -0.853033 0.127463 -0.978645
v -0.846306 0.441145 -1.028916
v -0.841775 0.471927 -1.033937
v -0.854327 0.348754 -1.022182
v -0.900127 0.531080 -0.737733
v -0.924983 0.460315 -0.600726
v -0.933343 0.465777 -0.546962
v -0.932361 0.589472 -0.553594
v -0.925645 0.597229 -0.593705
v -0.917284 0.610071 -0.643232
v -0.907212 0.432176 -0.697768
v -0.858004 0.102907 -0.943935
v -0.941536 0.561527 -0.502498
v -0.907727 0.631226 -0.696682
v -0.941543 0.488738 -0.502574
v -0.895896 0.642552 -0.765295
v -0.917470 0.402577 -0.637073
v -0.865007 0.698773 -0.940835
v -0.858565 0.732333 -0.976652
v -0.853764 0.725383 -1.010380
v -0.794599 0.265178 -1.025809
v -0.872376 0.114056 -0.870412
v -0.870824 0.165246 -0.888947
v -0.844419 0.513078 -1.033106
v -0.851300 0.529645 -1.012118
v -0.844240 0.390694 -1.033762
v -0.854642 0.649644 -1.026379
v -0.841114 0.649408 -1.029596
v -0.851972 0.621145 -1.019790
v -0.848638 0.703932 -1.029620
v -0.844800 0.674387 -1.031373
v -0.852907 0.668237 -1.012603
v -0.873090 0.572143 -0.889760
v -0.887304 0.679657 -0.814674
v -0.876450 0.721591 -0.880769
v -0.879846 0.691419 -0.857434
v -0.860723 0.619946 -0.963053
v -0.853433 0.589865 -1.000183
v -0.864971 0.565520 -0.933069
v -0.877379 0.505050 -0.865382
v -0.855643 0.539751 -0.987409
v -0.869171 0.519882 -0.911131
v -0.792844 0.343853 -1.025507
v -0.870744 0.731559 -0.912039
v -0.391424 0.652463 -0.951092
v -0.294145 0.555674 -0.935238
v -0.421876 0.687943 -0.955875
v -0.416853 0.561601 -0.956381
v -0.413924 0.738144 -0.953874
v -0.311280 0.907421 -0.933831
v -0.171402 0.838349 -0.910770
v -0.273521 0.925993 -0.926674
v -0.196928 0.875650 -0.914377
v -0.140941 0.651001 -0.906994
v -0.087056 0.774885 -0.896084
v -0.135968 0.809376 -0.903985
v -0.112372 0.793524 -0.900579
v -0.353645 0.939618 -0.945632
v -0.366512 0.961961 -0.918652
v -0.329642 0.951899 -0.921552
v -0.315091 0.938253 -0.940087
v -0.125749 0.436874 -0.907995
v -0.048122 0.770413 -0.888442
v -0.241950 0.883046 -0.922171
v -0.010652 0.753626 -0.882609
v 0.002567 0.697884 -0.881335
v -0.052868 0.450601 -0.894272
v -0.251468 0.458694 -0.932067
v -0.410928 0.469324 -0.957812
v -0.417272 0.775489 -0.954294
v -0.244799 0.384114 -0.929760
v -0.206826 0.346614 -0.923167
v -0.150919 0.354000 -0.913825
v -0.253632 0.309721 -0.933451
v -0.404136 0.849088 -0.951087
v -0.371896 0.861444 -0.944901
v -0.361301 0.899820 -0.942703
v -0.311546 0.390099 -0.941082
v -0.376998 0.383765 -0.953338
v -0.435219 0.833306 -0.956177
v -0.405599 0.423782 -0.957075
v -0.441784 0.795400 -0.957759
v 0.085008 0.591017 -0.867306
v 0.044237 0.671471 -0.873873
v 0.076416 0.504623 -0.869530
v 0.023290 0.442990 -0.880514
v 0.072474 0.627490 -0.869222
v 0.102793 0.565141 -0.864501
v -0.264373 1.876688 -0.671579
v -0.265202 1.895622 -0.625502
v -0.242331 1.692382 -0.615003
v -0.264553 1.679200 -0.658973
v -0.264905 1.816751 -0.465552
v -0.302100 1.791633 -0.429882
v -0.291341 1.827608 -0.406914
v -0.261870 1.739191 -0.480110
v -0.301976 1.770116 -0.418812
v -0.273418 1.745858 -0.415387
v -0.270145 1.898528 -0.421850
v -0.281314 1.866522 -0.396213
v -0.212728 1.774610 -0.554067
v -0.205766 1.797394 -0.592901
v -0.220196 1.838871 -0.610489
v -0.221978 1.815905 -0.545204
v -0.218474 1.822700 -0.651684
v -0.206885 1.774465 -0.645888
v -0.208647 1.748551 -0.586959
v -0.228187 1.687451 -0.588072
v -0.202249 1.646734 -0.631764
v -0.255825 1.881957 -0.470690
v -0.254120 1.516978 -0.363973
v -0.284083 1.527168 -0.365410
v -0.261850 1.501525 -0.352790
v -0.194090 1.664510 -0.567370
v -0.180929 1.647729 -0.603876
v -0.281246 1.521859 -0.333759
v -0.307061 1.534266 -0.315210
v -0.286959 1.512782 -0.309831
v -0.304864 1.764428 -0.378436
v -0.268553 1.716029 -0.383223
v -0.312719 1.542056 -0.341455
v -0.300592 1.916181 -0.635632
v -0.319370 1.516867 -0.292549
v -0.345359 1.543657 -0.316325
v -0.255224 1.838968 -0.489851
v -0.239014 1.787080 -0.501530
v -0.332834 1.839125 -0.732438
v -0.367304 1.843364 -0.721713
v -0.360192 1.863192 -0.709019
v -0.277337 1.944141 -0.461937
v -0.258715 1.912800 -0.488214
v -0.282791 1.962140 -0.505517
v -0.307075 1.998709 -0.481941
v -0.250751 1.857100 -0.521171
v -0.410699 2.023275 -0.356860
v -0.390852 2.019722 -0.357283
v -0.392309 2.026598 -0.400440
v -0.401972 2.028133 -0.384006
v -0.375250 2.025066 -0.396151
v -0.351120 1.595454 -0.351124
v -0.321640 1.589403 -0.343921
v -0.301716 1.613590 -0.348482
v -0.358132 1.628969 -0.350718
v -0.362292 1.575866 -0.353472
v -0.272929 1.862511 -0.702352
v -0.242151 1.852721 -0.671350
v -0.406426 2.007306 -0.338522
v -0.383771 2.001507 -0.341497
v -0.324947 2.001191 -0.551830
v -0.311527 1.977721 -0.565046
v -0.232449 1.708805 -0.488224
v -0.249231 1.867990 -0.541849
v -0.243273 1.718445 -0.520977
v -0.277820 1.678191 -0.354273
v -0.184413 1.628273 -0.405526
v -0.200803 1.675340 -0.514755
v -0.220083 1.689122 -0.537589
v -0.180937 1.658484 -0.514300
v -0.232765 1.708127 -0.574465
v -0.262101 1.764114 -0.482555
v -0.207730 1.688872 -0.465402
v -0.311422 1.867691 -0.707427
v -0.306710 1.992128 -0.527743
v -0.326713 1.907287 -0.661517
v -0.226960 1.652251 -0.657569
v -0.176574 1.650000 -0.544752
v -0.227434 1.818208 -0.678567
v -0.255953 1.848524 -0.700140
v -0.276027 1.712970 -0.670387
v -0.233148 1.743444 -0.663487
v -0.235887 1.712720 -0.618178
v -0.272878 1.774841 -0.714648
v -0.230728 1.790847 -0.688592
v -0.267752 1.734999 -0.688333
v -0.255043 1.759789 -0.697231
v -0.374458 1.877044 -0.689211
v -0.354397 1.922027 -0.613042
v -0.381094 1.903135 -0.634844
v -0.340814 1.915103 -0.643273
v -0.252128 1.883150 -0.600818
v -0.262978 1.888858 -0.530900
v -0.286232 1.924958 -0.552456
v -0.277003 1.940693 -0.532777
v -0.298834 1.955382 -0.560157
v -0.256218 1.878981 -0.515650
v -0.322007 1.923613 -0.604609
v -0.283716 1.910147 -0.573321
v -0.302179 1.553190 -0.365588
v -0.342537 1.557089 -0.351968
v -0.313982 1.975985 -0.400872
v -0.349328 2.011099 -0.391513
v -0.348458 1.998411 -0.365823
v -0.325333 1.940905 -0.588339
v -0.363959 1.986059 -0.349881
v -0.359177 1.954807 -0.601279
v -0.347608 1.987926 -0.578902
v -0.393516 1.948280 -0.612583
v -0.387341 1.927491 -0.618097
v -0.200795 1.669426 -0.425495
v -0.323149 2.008878 -0.528076
v -0.382104 2.025572 -0.409166
v -0.344444 2.022820 -0.516493
v -0.304990 1.750544 -0.354162
v -0.213908 1.738536 -0.622775
v -0.376597 1.892704 -0.664106
v -0.200037 1.597204 -0.377982
v -0.384284 2.029159 -0.435812
v -0.297450 1.719066 -0.347167
v -0.265525 1.593134 -0.357310
v -0.193511 1.670339 -0.487675
v -0.171758 1.642974 -0.485024
v -0.355235 1.833652 -0.733029
v -0.335722 2.018540 -0.455205
v -0.358591 2.025072 -0.463517
v -0.303905 1.840290 -0.726006
v -0.316587 1.947137 -0.371738
v -0.295037 1.921676 -0.392870
v -0.282433 1.638357 -0.348377
v -0.318115 1.668435 -0.344557
v -0.335499 1.710755 -0.331318
v -0.342967 1.657694 -0.346931
v -0.288946 1.832640 -0.724815
v -0.348710 1.956214 -0.340905
v -0.270246 1.825541 -0.718391
v -0.212611 1.551331 -0.365553
v -0.253876 1.546428 -0.364217
v -0.304599 1.901567 -0.361778
v -0.251172 1.650089 -0.683195
v -0.306113 0.639006 -0.116840
v -0.404455 1.107042 -0.231706
v -0.386103 1.138523 -0.208670
v -0.420041 1.141633 -0.227811
v -0.574997 1.031835 -0.203725
v -0.517265 1.044212 -0.188678
v -0.585081 1.041256 -0.237541
v -0.171141 0.720488 -0.092516
v -0.192215 0.751919 -0.096385
v -0.293345 0.717167 -0.114360
v -0.263913 0.761310 -0.108640
v -0.397768 1.180262 -0.197790
v -0.365650 1.152754 -0.190956
v -0.162373 0.694354 -0.091450
v -0.317088 1.119556 -0.203074
v -0.331145 1.158220 -0.189058
v -0.345350 1.117247 -0.200845
v -0.354927 1.045859 -0.243041
v -0.324246 1.058355 -0.246703
v -0.360423 1.084285 -0.228015
v -0.292060 1.061838 -0.247784
v -0.311974 1.086073 -0.223285
v -0.419695 1.084193 -0.228294
v -0.441493 1.188088 -0.242620
v -0.520558 1.018203 -0.172708
v -0.512885 1.073587 -0.200219
v -0.477732 1.063617 -0.181618
v -0.391985 0.703729 -0.131081
v -0.656541 0.938733 -0.175252
v -0.681494 0.927359 -0.183526
v -0.268916 0.979323 -0.165120
v -0.275896 0.959203 -0.162406
v -0.228069 0.974295 -0.174869
v -0.299352 0.945268 -0.115580
v -0.272022 0.942729 -0.111035
v -0.223522 0.952123 -0.101659
v -0.471865 1.035380 -0.168775
v -0.299033 0.955671 -0.156820
v -0.434040 1.041837 -0.175496
v -0.244451 0.840014 -0.105119
v -0.497168 0.945808 -0.149663
v -0.457364 0.946788 -0.143054
v -0.303692 0.972643 -0.159304
v -0.321174 1.010191 -0.154847
v -0.425683 0.940024 -0.137867
v -0.295803 0.815695 -0.114144
v -0.167449 0.886207 -0.091023
v -0.172067 0.920228 -0.093179
v -0.200110 0.941921 -0.097915
v -0.164825 0.905889 -0.091263
v -0.332933 0.954463 -0.132881
v -0.326971 1.041382 -0.225303
v -0.541442 1.086838 -0.230660
v -0.516664 1.119834 -0.246077
v -0.548846 1.133286 -0.256337
v -0.275390 1.041626 -0.241081
v -0.261387 0.957132 -0.120064
v -0.289202 0.956114 -0.117800
v -0.529250 0.898463 -0.155427
v -0.436105 1.125611 -0.255236
v -0.419953 0.952253 -0.140995
v -0.421556 0.959594 -0.158424
v -0.253044 0.889737 -0.107266
v -0.240470 0.956717 -0.139104
v -0.209673 0.957027 -0.118942
v -0.460585 1.109518 -0.253672
v -0.437686 1.151184 -0.245653
v -0.339045 0.925624 -0.122674
v -0.387013 0.921054 -0.131998
v -0.448228 0.885819 -0.141296
v -0.465794 0.764699 -0.144238
v -0.443127 1.009060 -0.155101
v -0.375875 0.973197 -0.153167
v -0.427473 0.724313 -0.137336
v -0.329538 0.946640 -0.120250
v -0.624324 1.007650 -0.214102
v -0.558800 0.962928 -0.188027
v -0.645173 1.025653 -0.231866
v -0.167811 0.857576 -0.091876
v -0.182500 0.823234 -0.095171
v -0.367953 1.058068 -0.224680
v -0.621451 1.037681 -0.240642
v -0.677901 0.950246 -0.243307
v -0.693726 0.947999 -0.213528
v -0.635166 0.955890 -0.222028
v -0.558588 0.950908 -0.184274
v -0.341707 0.964448 -0.158250
v -0.378780 0.950198 -0.143495
v -0.507228 1.084258 -0.219324
v -0.564757 1.060636 -0.244282
v -0.582570 0.949067 -0.172954
v -0.616866 0.921591 -0.171035
v -0.546848 0.948346 -0.160773
v -0.691109 0.911032 -0.183600
v -0.763092 0.948544 -0.233521
v -0.765274 0.950374 -0.290247
v -0.701470 0.933888 -0.182773
v -0.474788 0.955209 -0.164311
v -0.174251 0.788721 -0.093125
v -0.193570 0.956466 -0.099379
v -0.335501 0.876881 -0.121584
v -0.178956 0.590900 -0.093665
v -0.341665 0.642986 -0.122973
v -0.140354 0.682202 -0.087531
v -0.417972 1.073378 -0.199284
v -0.470512 1.090426 -0.219694
v -0.616282 0.854290 -0.170960
v -0.496306 1.162720 -0.249252
v -0.326380 0.643454 -0.119900
v -0.520767 0.939658 -0.151213
v -0.266615 0.608543 -0.108269
v -0.228966 0.596464 -0.104455
v -0.538916 0.797111 -0.156800
v -0.507051 0.781603 -0.151906
v -0.561351 0.817111 -0.160990
v -0.582008 0.813392 -0.164918
v -0.415841 1.183992 -0.214428
v -0.498318 0.831717 -0.149933
v -0.145364 0.642665 -0.088680
v -0.527800 0.952495 -0.178972
v -0.668190 0.893315 -0.179887
v -0.842510 0.952062 -0.327650
v -0.830913 0.949095 -0.249827
v -0.603396 0.828134 -0.168942
v -0.388779 0.946669 -0.128336
v -0.361801 0.949231 -0.125876
v -0.748146 0.948997 -0.202434
v -0.726447 0.935683 -0.189866
v -0.403106 1.028459 -0.157347
v -0.632386 0.864420 -0.174372
v -0.227800 0.955338 -0.163357
v -0.642348 0.888586 -0.177022
v -0.131732 0.598040 -0.085165
v -0.493062 1.120705 -0.248833
v -0.407368 1.050333 -0.191673
v -0.297736 1.035549 -0.166282
v -0.279814 1.041935 -0.191727
v -0.381297 1.036538 -0.167103
v -0.367798 1.043721 -0.212466
v -0.700358 1.007945 -0.267535
v -0.686924 0.971147 -0.257186
v -0.469246 1.134111 -0.264243
v -0.259600 1.058443 -0.262245
v -0.267992 1.086912 -0.231919
v -0.261095 1.016240 -0.168954
v -0.283860 1.042181 -0.215803
v -0.149775 0.558732 -0.089707
v 0.041530 0.921883 -0.161498
v 0.041694 0.874622 -0.157615
v 0.039641 0.901137 -0.148648
v 0.081557 0.644911 -0.362030
v 0.046227 0.587454 -0.164679
v 0.044830 0.754855 -0.169224
v 0.081315 0.909437 -0.376563
v 0.084579 0.881438 -0.391065
v 0.037199 0.576037 -0.109379
v 0.048595 0.813292 -0.193783
v 0.058059 0.882396 -0.246840
v 0.042365 0.842196 -0.162809
v 0.089957 0.318529 -0.375326
v 0.119321 0.291700 -0.528885
v 0.118996 0.422383 -0.539333
v -0.051904 0.100727 -0.074282
v -0.066526 0.117101 -0.077333
v -0.072149 0.101299 -0.073676
v -0.036129 0.137299 -0.070657
v 0.014300 0.182110 -0.058262
v -0.022486 0.205618 -0.067611
v 0.034323 0.223047 -0.062284
v 0.016329 0.135510 -0.061309
v 0.004375 0.267517 -0.060473
v 0.001275 0.103428 -0.066785
v 0.068540 0.936256 -0.307971
v 0.078439 0.926942 -0.361947
v 0.045706 0.114463 -0.116304
v 0.059576 0.130225 -0.192083
v 0.071545 0.211030 -0.256854
v 0.039775 0.200959 -0.084880
v 0.077077 0.307343 -0.298534
v 0.040738 0.939669 -0.156750
v 0.044016 0.948668 -0.174063
v 0.051001 0.948447 -0.211698
v 0.049335 0.954955 -0.192047
v 0.048270 0.959942 -0.331158
v 0.022520 0.960017 -0.324247
v 0.026184 0.960536 -0.301525
v 0.001819 0.963985 -0.313391
v 0.054465 0.947587 -0.229864
v 0.055364 0.960813 -0.252640
v 0.056483 0.964265 -0.294907
v 0.071721 0.957629 -0.323052
v 0.074881 0.941559 -0.341606
v 0.097809 0.825868 -0.459225
v 0.110140 0.208878 -0.471513
v 0.125600 0.172885 -0.557050
v 0.091174 0.849539 -0.426051
v 0.112026 0.752869 -0.533018
v 0.105859 0.806521 -0.502789
v 0.034134 0.106391 -0.068758
v 0.041728 0.143853 -0.082922
v 0.039180 0.290584 -0.085922
v 0.028580 0.290242 -0.061157
v 0.032435 0.161618 -0.062503
v 0.037493 0.442047 -0.088441
v 0.033661 0.348357 -0.064604
v 0.032684 0.392892 -0.065183
v 0.017203 0.313818 -0.057295
v 0.085023 0.907683 -0.395221
v 0.113373 0.525633 -0.521896
v 0.097291 0.220069 -0.407203
v 0.111952 0.607129 -0.521014
v 0.041578 0.701066 -0.148771
v 0.040997 0.640500 -0.140057
v 0.115816 0.669634 -0.548357
v 0.067168 0.962802 -0.353740
v 0.041689 0.794911 -0.156967
v 0.036249 0.543996 -0.076297
v -0.840914 0.649373 -1.029108
v -0.765832 0.744910 -1.015888
v -0.695560 0.742167 -1.002895
v -0.709059 0.615015 -1.006930
v -0.642502 0.643702 -0.995057
v -0.845617 0.616260 -1.030113
v -0.852985 0.585447 -1.024775
v -0.805974 0.532226 -1.024260
v -0.833088 0.620965 -1.027877
v -0.764243 0.554586 -1.017363
v -0.841735 0.548589 -1.031804
v -0.734618 0.583906 -1.011630
v -0.856204 0.749824 -1.023839
v -0.854271 0.725437 -1.010314
v -0.848645 0.703913 -1.029673
v -0.842064 0.751391 -1.028388
v -0.838773 0.817821 -1.026971
v -0.852404 0.778549 -1.029345
v -0.855140 0.798082 -1.023164
v -0.844474 0.634068 -1.029916
v -0.632313 0.697960 -0.992140
v -0.608572 0.683281 -0.988324
v -0.622343 0.719271 -0.990562
v -0.639846 0.725010 -0.993435
v -0.614221 0.658909 -0.989908
v -0.855258 0.840760 -1.022196
v -0.844743 0.675455 -1.029903
v -0.656152 0.732679 -0.996494
v -0.855140 0.817007 -1.000891
v -0.860385 0.796335 -0.975875
v -0.794590 0.762753 -1.019897
v -0.678466 0.725719 -0.999743
v -0.632847 0.607357 -0.993773
v -0.655427 0.595142 -0.997798
v -0.647778 0.619328 -0.996049
v -0.673437 0.623728 -1.000534
v -0.729496 0.747501 -1.008792
v -0.744651 0.750365 -1.011724
v -0.826695 0.816554 -1.025487
v -0.714733 0.748981 -1.006046
v -0.855643 0.539751 -0.987409
v -0.860755 0.619946 -0.963059
v -0.853433 0.589865 -1.000183
v -0.851972 0.621145 -1.019790
v -0.851864 0.529590 -1.012308
v -0.864971 0.565520 -0.933069
v -0.861941 0.512904 -0.952418
v -0.858565 0.732333 -0.976652
v -0.865383 0.743343 -0.941518
v -0.864580 0.698767 -0.940765
v -0.870744 0.731559 -0.912039
v -0.869171 0.519882 -0.911131
v -0.877379 0.505050 -0.865382
v -0.873065 0.572143 -0.889756
v -0.835095 0.836445 -1.026913
v -0.847150 0.828684 -1.028431
v -0.861583 0.766136 -0.965329
v -0.816679 0.809140 -1.023740
v -0.804062 0.791461 -1.021566
v -0.066821 1.222002 -0.374574
v -0.096044 1.183289 -0.362238
v -0.081107 1.194022 -0.379480
v -0.065688 1.190589 -0.387973
v -0.028760 1.179724 -0.374923
v -0.287680 1.125755 -0.207145
v -0.331145 1.158220 -0.189058
v -0.317088 1.119556 -0.203074
v -0.397768 1.180262 -0.197790
v -0.365940 1.152510 -0.189895
v -0.405997 1.233776 -0.182825
v -0.295829 1.174600 -0.194836
v -0.259803 1.058730 -0.262457
v -0.234100 1.045509 -0.270294
v -0.212052 1.067553 -0.281457
v -0.236772 1.042571 -0.240511
v -0.267992 1.086912 -0.231919
v -0.311974 1.086073 -0.223285
v -0.247787 1.126667 -0.226331
v -0.228024 1.095013 -0.255463
v -0.224501 1.126173 -0.249761
v -0.180144 1.270045 -0.288912
v -0.219409 1.261900 -0.271258
v -0.220180 1.199046 -0.267492
v -0.280853 1.241612 -0.256100
v -0.255525 1.270624 -0.263649
v -0.284573 1.269582 -0.263855
v -0.256899 1.201034 -0.251656
v -0.347420 1.291431 -0.247550
v -0.326916 1.258171 -0.214077
v -0.310619 1.271340 -0.268703
v -0.016077 1.056454 -0.403344
v -0.018312 1.085992 -0.386948
v -0.061918 1.067646 -0.379411
v -0.073538 1.161573 -0.346574
v -0.144943 1.160409 -0.292780
v -0.054947 1.141994 -0.346211
v -0.173164 1.187781 -0.296615
v -0.176139 1.142963 -0.267043
v -0.248181 1.181459 -0.255297
v -0.251146 1.171947 -0.227392
v -0.127621 1.186283 -0.335408
v -0.164506 1.093576 -0.284843
v -0.135370 1.122776 -0.292491
v -0.142285 1.227816 -0.310358
v -0.094044 1.244902 -0.341989
v -0.377446 1.337794 -0.206298
v -0.376649 1.314519 -0.194571
v -0.355920 1.308690 -0.212269
v -0.353799 1.282508 -0.194207
v -0.198227 1.045643 -0.271677
v -0.208082 1.043538 -0.212652
v -0.136573 1.044656 -0.245211
v -0.138734 1.045430 -0.288019
v -0.136013 1.049827 -0.327454
v -0.107293 1.047657 -0.318649
v -0.073555 1.049530 -0.345251
v -0.178677 1.042867 -0.214340
v -0.170499 1.058211 -0.310910
v -0.144362 1.042422 -0.219266
v -0.094769 1.064125 -0.359918
v -0.098840 1.085770 -0.335545
v -0.044120 1.117495 -0.354145
v -0.006462 1.141542 -0.376381
v -0.002237 1.115390 -0.384594
v -0.010262 1.167254 -0.377687
v -0.011896 1.167990 -0.415059
v -0.360732 1.229358 -0.182836
v -0.361495 1.261003 -0.184681
v -0.286418 1.212576 -0.208003
v -0.043868 1.196898 -0.414119
v -0.030699 1.250468 -0.401598
v -0.821611 1.213224 -0.536007
v -0.821551 1.197884 -0.576875
v -0.842009 1.268836 -0.472893
v -0.842908 1.299851 -0.542918
v -0.802941 1.173580 -0.540455
v -0.625957 1.171000 -0.322715
v -0.605404 1.137867 -0.312221
v -0.595331 1.190494 -0.309945
v -0.679959 1.086250 -0.394330
v -0.723415 1.101035 -0.400686
v -0.722300 1.074279 -0.433539
v -0.700563 1.134866 -0.364605
v -0.591600 1.117551 -0.287811
v -0.643236 1.098217 -0.345813
v -0.597619 1.061636 -0.269958
v -0.582704 1.165787 -0.281487
v -0.658438 1.123660 -0.348878
v -0.637856 1.058537 -0.333816
v -0.743889 1.098498 -0.430525
v -0.752592 1.120586 -0.394398
v -0.647626 1.064638 -0.369335
v -0.601065 1.240695 -0.305031
v -0.772777 1.161116 -0.377691
v -0.784601 1.137605 -0.428510
v -0.565437 1.060690 -0.243759
v -0.673390 1.047526 -0.398021
v -0.816346 1.233241 -0.402177
v -0.699632 1.199235 -0.321444
v -0.826176 1.238865 -0.581547
v -0.836598 1.273148 -0.574568
v -0.847591 1.304803 -0.493463
v -0.846400 1.343681 -0.506459
v -0.533020 1.278205 -0.269912
v -0.542748 1.313112 -0.289343
v -0.567653 1.227001 -0.287959
v -0.532674 1.235251 -0.256284
v -0.551108 1.197065 -0.264737
v -0.549036 1.348067 -0.249060
v -0.512533 1.296606 -0.215669
v -0.524042 1.325401 -0.208162
v -0.548846 1.133286 -0.256337
v -0.496413 1.162729 -0.248993
v -0.603589 1.322901 -0.297365
v -0.509353 1.270802 -0.246658
v -0.505833 1.233068 -0.249515
v -0.762649 1.118185 -0.519246
v -0.781096 1.150935 -0.548583
v -0.784934 1.155467 -0.598389
v -0.464728 1.237283 -0.204525
v -0.527336 1.313932 -0.260549
v -0.481144 1.233994 -0.234871
v -0.482183 1.283620 -0.191087
v -0.441493 1.188088 -0.242620
v -0.733158 1.494904 -0.359126
v -0.789640 1.498473 -0.404772
v -0.779515 1.436350 -0.400843
v -0.800831 1.388810 -0.397805
v -0.780486 1.540672 -0.410949
v -0.754716 1.528281 -0.378731
v -0.799633 1.438657 -0.420382
v -0.662183 1.239746 -0.305599
v -0.830829 1.248162 -0.424553
v -0.487136 1.323023 -0.192724
v -0.734918 1.447147 -0.372249
v -0.836299 1.222190 -0.438207
v -0.800044 1.536088 -0.447755
v -0.827157 1.355278 -0.436678
v -0.819172 1.323588 -0.405045
v -0.811396 1.494973 -0.443358
v -0.457453 1.332791 -0.184806
v -0.769220 1.222452 -0.353568
v -0.800628 1.294917 -0.377610
v -0.415841 1.183992 -0.214428
v -0.728353 1.406237 -0.364019
v -0.748226 1.342917 -0.348373
v -0.804690 1.461988 -0.431444
v -0.809607 1.412545 -0.423299
v -0.361809 1.260736 -0.185435
v -0.360734 1.229357 -0.182797
v -0.405997 1.233776 -0.182825
v -0.657661 1.040915 -0.358566
v -0.653936 1.336112 -0.305137
v -0.675027 1.376139 -0.336973
v -0.649894 1.417622 -0.361938
v -0.694184 1.424910 -0.364742
v -0.622189 1.385828 -0.315317
v -0.596674 1.371323 -0.301293
v -0.618758 1.410654 -0.338862
v -0.660857 1.467665 -0.353910
v -0.695870 1.477865 -0.343019
v -0.626745 1.449771 -0.360964
v -0.589225 1.412198 -0.309892
v -0.702421 1.255652 -0.315314
v -0.750493 1.262792 -0.339139
v -0.447983 1.368341 -0.186751
v -0.413469 1.357184 -0.190049
v -0.376649 1.314519 -0.194571
v -0.436105 1.125611 -0.255236
v -0.469083 1.134196 -0.264705
v -0.816249 1.383654 -0.424849
v -0.839666 1.369850 -0.479023
v -0.391563 1.342135 -0.195162
v -0.353799 1.282508 -0.194207
v -0.377446 1.337794 -0.206298
v -0.437686 1.151184 -0.245653
v -0.585081 1.041256 -0.237541
v -0.629888 1.041359 -0.279910
v -0.621451 1.037681 -0.240642
v -0.541442 1.086838 -0.230660
v -0.639854 1.042774 -0.321189
v -0.573402 1.373437 -0.281187
v -0.504679 1.335029 -0.198045
v -0.839642 1.225451 -0.476938
v -0.825518 1.185966 -0.471927
v -0.757216 1.107346 -0.464439
v -0.544579 1.360573 -0.223840
v -0.567008 1.382276 -0.246610
v -0.397768 1.180262 -0.197790
v -0.029869 1.242114 -0.602420
v -0.022642 1.191547 -0.546964
v -0.043440 1.184245 -0.601593
v -0.161297 1.622205 -0.444948
v -0.141745 1.599451 -0.513824
v -0.171758 1.642974 -0.485024
v -0.082147 1.483418 -0.441349
v -0.062334 1.452495 -0.472279
v -0.065921 1.459425 -0.500971
v -0.076708 1.417123 -0.650855
v -0.015130 1.223464 -0.526358
v -0.089644 1.405608 -0.711214
v -0.105677 1.443979 -0.646549
v -0.122819 1.431975 -0.733300
v -0.086152 1.464904 -0.411779
v -0.057810 1.425979 -0.440663
v -0.069850 1.456154 -0.577908
v -0.099179 1.520733 -0.586594
v -0.132440 1.478377 -0.650272
v -0.167073 1.464281 -0.682167
v -0.057524 1.381116 -0.660201
v -0.049004 1.329217 -0.667284
v -0.119607 1.454628 -0.691037
v -0.131113 1.580007 -0.578621
v -0.156529 1.620154 -0.566159
v -0.176574 1.650000 -0.544752
v -0.179498 1.659709 -0.514316
v -0.114279 1.557945 -0.478108
v -0.016603 1.274549 -0.547257
v -0.006365 1.257525 -0.479481
v -0.017463 1.321458 -0.505127
v -0.044589 1.308316 -0.634266
v -0.026758 1.291491 -0.590562
v -0.115271 1.522185 -0.624627
v -0.058360 1.252635 -0.676359
v -0.165407 1.462711 -0.741949
v -0.173917 1.450659 -0.764131
v -0.151529 1.464654 -0.712903
v -0.195558 1.476617 -0.711159
v -0.170528 1.486820 -0.669193
v -0.165556 1.416543 -0.771444
v -0.214875 1.488151 -0.680686
v -0.211873 1.594074 -0.683330
v -0.191736 1.616508 -0.651828
v -0.148439 1.592087 -0.612597
v -0.154114 1.548346 -0.651786
v -0.249741 1.494798 -0.699790
v -0.160507 1.586797 -0.407327
v -0.134194 1.544404 -0.407593
v -0.113268 1.521460 -0.410380
v -0.129254 1.508017 -0.384598
v -0.226960 1.652251 -0.657569
v -0.202752 1.645953 -0.631084
v -0.250629 1.650544 -0.683543
v -0.180965 1.647701 -0.603863
v -0.068667 1.406609 -0.621337
v -0.094401 1.443730 -0.629439
v -0.046769 1.392245 -0.566870
v -0.037651 1.389829 -0.500186
v -0.044984 1.350671 -0.644634
v -0.051716 1.427070 -0.505422
v -0.036764 1.342674 -0.592039
v -0.051753 1.372810 -0.618680
v -0.066433 1.393705 -0.642873
v -0.248566 1.592712 -0.700484
v -0.231714 1.551605 -0.690497
v -0.008536 1.218717 -0.474331
v -0.012256 1.239419 -0.437821
v -0.016101 1.298015 -0.434923
v -0.030699 1.250468 -0.401598
v -0.096239 1.238812 -0.724841
v -0.133519 1.249969 -0.746012
v -0.121406 1.284174 -0.737050
v -0.164217 1.338056 -0.750019
v -0.103683 1.308123 -0.716036
v -0.139588 1.320555 -0.734560
v -0.123733 1.209887 -0.737848
v -0.169270 1.235342 -0.762064
v -0.070313 1.216670 -0.692648
v -0.259944 1.532012 -0.691540
v -0.290489 1.541837 -0.708836
v -0.284970 1.568167 -0.712243
v -0.157432 1.483272 -0.365150
v -0.141085 1.434006 -0.358742
v -0.105495 1.402004 -0.362613
v -0.164308 1.281000 -0.755229
v -0.075547 1.325845 -0.705427
v -0.313146 1.536397 -0.721135
v -0.270411 1.631876 -0.702500
v -0.264422 1.503249 -0.723863
v -0.031787 1.366063 -0.455834
v -0.127568 1.377309 -0.755104
v -0.067935 1.295652 -0.685319
v -0.082520 1.466864 -0.604432
v -0.061578 1.354944 -0.379671
v -0.194068 1.664538 -0.567377
v -0.302415 1.521648 -0.734892
v -0.052647 1.391022 -0.414434
v -0.284268 1.515767 -0.747143
v -0.255129 1.506686 -0.749830
v -0.160298 1.359150 -0.767378
v -0.052688 1.209424 -0.656338
v -0.706001 0.884056 -1.003639
v -0.647563 0.945625 -0.992169
v -0.669632 0.898290 -0.996820
v -0.635879 0.891092 -0.990743
v -0.676212 0.937459 -0.997742
v -0.569051 0.951438 -0.963332
v -0.595179 0.960363 -0.938612
v -0.649266 0.976387 -0.931653
v -0.672132 0.953963 -0.929880
v -0.674128 0.950310 -0.993848
v -0.578510 0.943895 -0.981898
v -0.533444 0.948401 -0.974105
v -0.682899 0.899765 -0.999161
v -0.621052 0.951026 -0.962623
v -0.631843 0.950878 -0.985177
v -0.704489 0.949336 -1.004243
v -0.751218 0.950116 -0.978554
v -0.615381 0.901820 -0.986717
v -0.652906 0.951169 -0.939880
v -0.579311 0.888212 -0.980920
v -0.530135 0.888403 -0.972290
v -0.715312 0.942849 -1.004668
v -0.685694 0.974774 -0.923801
v -0.533126 0.950319 -0.946526
v -0.554470 0.966782 -0.940133
v -0.641088 1.018242 -0.930497
v -0.685625 1.003453 -0.922700
v -0.691118 1.028356 -0.919944
v -0.656203 0.892048 -0.995192
v -0.665664 1.050870 -0.904429
v -0.513967 0.921641 -0.969196
v -0.601306 1.011611 -0.933648
v -0.639978 0.878801 -0.991954
v -0.654771 0.880042 -0.994802
v -0.566547 0.994702 -0.938012
v -0.726796 0.931347 -1.006584
v -0.728650 0.936269 -1.006216
v -0.724928 0.941981 -1.006422
v -0.731339 0.923019 -1.007031
v -0.724248 0.915885 -1.006907
v -0.692156 0.889296 -1.001065
v -0.717519 0.882373 -1.007903
v -0.715368 0.897525 -1.006863
v -0.727930 0.897102 -1.009968
v -0.724575 0.907996 -1.008747
v -0.714289 0.952246 -0.925554
v -0.740298 0.950749 -0.954018
v 0.110140 0.208878 -0.471513
v 0.097291 0.220069 -0.407203
v 0.100574 0.100929 -0.425602
v 0.092518 0.129368 -0.376426
v 0.145392 0.153505 -0.664245
v 0.113573 0.100717 -0.490155
v 0.125600 0.172885 -0.557050
v 0.083838 0.105775 -0.324546
v 0.085832 0.223541 -0.342254
v 0.076445 0.307314 -0.298649
v 0.090754 0.318558 -0.375180
v -0.885835 0.853121 -0.833078
v -0.885622 0.827315 -0.829679
v -0.891266 0.871710 -0.802904
v -0.880480 0.809251 -0.861639
v -0.887623 0.679657 -0.814730
v -0.876272 0.818360 -0.884614
v -0.860385 0.796335 -0.975875
v -0.861583 0.766136 -0.965329
v -0.867782 0.814967 -0.935014
v -0.895861 0.642552 -0.765289
v -0.916798 0.940690 -0.667419
v -0.909964 0.945777 -0.706885
v -0.870744 0.731559 -0.912039
v -0.875960 0.721598 -0.880693
v -0.886341 0.956535 -0.650181
v -0.879696 0.691422 -0.857413
v -0.899795 0.917998 -0.759243
v -0.895858 0.945732 -0.768912
v -0.883995 0.948802 -0.757533
v -0.882934 0.960441 -0.732031
v -0.884377 0.983728 -0.749269
v -0.880309 0.959203 -0.760641
v -0.941455 0.909036 -0.524122
v -0.945918 0.875275 -0.496905
v -0.946093 0.904934 -0.498240
v -0.935250 0.889844 -0.557007
v -0.947618 0.769580 -0.477812
v -0.945900 0.677305 -0.479044
v -0.921619 0.659474 -0.617185
v -0.932373 0.589472 -0.553595
v -0.866609 0.846923 -0.941448
v -0.887850 0.966117 -0.694659
v -0.865280 0.743341 -0.941496
v -0.875231 0.870604 -0.893367
v -0.869563 0.866898 -0.925427
v -0.888026 1.000443 -0.723608
v -0.888456 1.000194 -0.686855
v -0.893919 0.902348 -0.787865
v -0.917326 0.610088 -0.643293
v -0.907727 0.631226 -0.696682
v -0.905982 0.812189 -0.715258
v -0.916807 0.949116 -0.647898
v -0.905199 0.947650 -0.657085
v -0.943921 0.631508 -0.492554
v -0.929675 0.907046 -0.588395
v -0.927624 0.918824 -0.602210
v -0.941536 0.561527 -0.502498
v -0.952525 0.606042 -0.438371
v -0.897321 0.942125 -0.785127
v -0.893193 0.926266 -0.793577
v -0.889764 0.984959 -0.657909
v -0.937714 0.904452 -0.543690
v -0.931525 0.888280 -0.577448
v -0.925193 0.917118 -0.616298
v -0.925645 0.597229 -0.593705
v -0.946600 0.810625 -0.488447
v -0.946192 0.718323 -0.481979
v -0.889793 0.952493 -0.709368
v -0.922980 0.949167 -0.625414
v -0.923774 0.929281 -0.624350
v -0.877323 0.840198 -0.880338
v -0.871499 0.882182 -0.917841
v -0.943039 0.111453 -0.234456
v -0.955674 0.104138 -0.210629
v -0.679752 0.152455 -0.182397
v -0.716827 0.232382 -0.189281
v -0.722614 0.100899 -0.191739
v -0.704343 0.106956 -0.193066
v -0.749886 0.107774 -0.197084
v -0.819397 0.113465 -0.212384
v -0.865458 0.267257 -0.211238
v -0.895093 0.191921 -0.220599
v -0.964557 0.139279 -0.355405
v -0.960579 0.101819 -0.334986
v -0.968238 0.119586 -0.315561
v -0.970695 0.109400 -0.282514
v -0.725402 0.154014 -0.190676
v -0.743464 0.291509 -0.193467
v -0.675406 0.100908 -0.183139
v -0.977885 0.133945 -0.270208
v -0.770741 0.111541 -0.200675
v -0.866336 0.130930 -0.218937
v -0.858438 0.109318 -0.201694
v -0.919405 0.131702 -0.227273
v -0.919272 0.103705 -0.224785
v -0.984971 0.294176 -0.239560
v -0.985863 0.280822 -0.253820
v -0.977796 0.267559 -0.237526
v -0.896419 0.121818 -0.228354
v -0.992021 0.104928 -0.257333
v -0.982807 0.180619 -0.255167
v -0.980639 0.113317 -0.248214
v -0.966579 0.109559 -0.238252
v -0.973822 0.153099 -0.234448
v -0.983600 0.201547 -0.239792
v -0.951588 0.261958 -0.231101
v -1.004611 0.105986 -0.271698
v -0.984456 0.106329 -0.232405
v -0.988073 0.099641 -0.339985
v -1.011677 0.105704 -0.251783
v -1.014181 0.106170 -0.279299
v -1.007289 0.104953 -0.233953
v -0.629212 0.145604 -0.173330
v -0.815377 0.105907 -0.193416
v -0.965078 0.202980 -0.358470
v -0.977733 0.283814 -0.286922
v -0.800911 0.306119 -0.203223
v -0.850032 0.327267 -0.212148
v -0.880973 0.107467 -0.204529
v -0.829296 0.103624 -0.188190
v -0.761891 0.355340 -0.195630
v -0.960750 0.265761 -0.378291
v -0.903045 0.306959 -0.222325
v 0.083775 0.105778 -0.324567
v 0.071545 0.211030 -0.256854
v 0.071572 0.100980 -0.249582
v 0.059576 0.130225 -0.192083
v 0.076445 0.307314 -0.298649
v 0.085832 0.223541 -0.342254
v 0.092518 0.129368 -0.376426
v -0.280334 1.341112 -0.320689
v -0.262421 1.372477 -0.349945
v -0.253418 1.406326 -0.321749
v -0.554044 1.403256 -0.223331
v -0.584050 1.426849 -0.263722
v -0.567008 1.382276 -0.246610
v -0.412780 1.547597 -0.342194
v -0.342254 1.556853 -0.353406
v -0.391108 1.566538 -0.358658
v -0.599645 1.761876 -0.338080
v -0.374805 1.368600 -0.260468
v -0.323823 1.372812 -0.274366
v -0.518557 1.755503 -0.299876
v -0.641287 1.675777 -0.307658
v -0.647508 1.635537 -0.306666
v -0.750945 1.600153 -0.395369
v -0.734243 1.564379 -0.370550
v -0.725992 1.609414 -0.357618
v -0.524042 1.325401 -0.208162
v -0.504543 1.380571 -0.200601
v -0.544579 1.360573 -0.223840
v -0.188477 1.487118 -0.364605
v -0.226312 1.457119 -0.367948
v -0.430021 1.545261 -0.268874
v -0.437363 1.471868 -0.231453
v -0.423783 1.521987 -0.283804
v -0.401712 1.497460 -0.290827
v -0.406872 1.526976 -0.314304
v -0.288454 1.356389 -0.299840
v -0.405556 1.814477 -0.308947
v -0.373653 1.807092 -0.325572
v -0.400648 1.841908 -0.323188
v -0.366007 1.835600 -0.324377
v -0.393879 1.868088 -0.311463
v -0.362791 1.876158 -0.313231
v -0.414405 1.901024 -0.313722
v -0.254122 1.517131 -0.364251
v -0.426466 1.867216 -0.317558
v -0.061550 1.354948 -0.379640
v -0.031136 1.318911 -0.406426
v -0.052647 1.391022 -0.414434
v -0.074740 1.284270 -0.350712
v -0.403756 1.936846 -0.322984
v -0.379073 1.918758 -0.316581
v -0.524810 1.780217 -0.296348
v -0.557464 1.771539 -0.320745
v -0.453125 1.855934 -0.321090
v -0.433805 1.836182 -0.317145
v -0.384727 1.790574 -0.306519
v -0.200037 1.597204 -0.377982
v -0.212662 1.551317 -0.365733
v -0.157481 1.483261 -0.365456
v -0.318511 1.490477 -0.284412
v -0.280297 1.477392 -0.295861
v -0.556939 1.741770 -0.299785
v -0.611057 1.783262 -0.340446
v -0.484395 1.744345 -0.289805
v -0.481160 1.762969 -0.285861
v -0.754716 1.528281 -0.378731
v -0.780486 1.540672 -0.410949
v -0.542580 1.815222 -0.287146
v -0.562167 1.464661 -0.231673
v -0.589469 1.412259 -0.309935
v -0.573402 1.373437 -0.281187
v -0.603117 1.481277 -0.269219
v -0.626745 1.449771 -0.360964
v -0.618758 1.410654 -0.338862
v -0.599536 1.433426 -0.335115
v -0.487136 1.323023 -0.192724
v -0.504679 1.335029 -0.198045
v -0.484199 1.434573 -0.202202
v -0.261850 1.501525 -0.352790
v -0.536427 1.624131 -0.241669
v -0.573359 1.561624 -0.246572
v -0.549922 1.539724 -0.235187
v -0.450892 1.774871 -0.280749
v -0.731168 1.831932 -0.472579
v -0.716605 1.845769 -0.454202
v -0.301976 1.770116 -0.418812
v -0.326677 1.795172 -0.389690
v -0.272906 1.746059 -0.415328
v -0.468617 1.483111 -0.219189
v -0.448544 1.547586 -0.245663
v -0.495032 1.575188 -0.236291
v -0.281314 1.866522 -0.396213
v -0.304599 1.901567 -0.361778
v -0.299529 1.854576 -0.368298
v -0.739273 1.812492 -0.469937
v -0.318018 1.838257 -0.361349
v -0.291341 1.827608 -0.406914
v -0.314943 1.811661 -0.400349
v -0.301112 1.791337 -0.429126
v -0.304864 1.764428 -0.378436
v -0.331450 1.818918 -0.352778
v -0.334651 1.787929 -0.353801
v -0.240644 1.389828 -0.358389
v -0.249032 1.406572 -0.341472
v -0.718345 1.822812 -0.426993
v -0.752094 1.717422 -0.480240
v -0.714136 1.747852 -0.449573
v -0.732654 1.739293 -0.478575
v -0.734207 1.790438 -0.459041
v -0.599145 1.459480 -0.333111
v -0.616981 1.489201 -0.336398
v -0.253876 1.546428 -0.364217
v -0.669444 1.520130 -0.334927
v -0.199863 1.676094 -0.514880
v -0.220083 1.689122 -0.537589
v -0.232449 1.708805 -0.488224
v -0.447030 1.623374 -0.253308
v -0.709157 1.765060 -0.452540
v -0.324668 1.327930 -0.283713
v -0.336409 1.293377 -0.284470
v -0.308888 1.308836 -0.314163
v -0.765133 1.634517 -0.410237
v -0.725964 1.657018 -0.372363
v -0.766489 1.656631 -0.422135
v -0.688948 1.803079 -0.385274
v -0.665587 1.780832 -0.390598
v -0.786230 1.587426 -0.428690
v -0.763665 1.698144 -0.466647
v -0.193511 1.670339 -0.487675
v -0.363754 1.986143 -0.349392
v -0.397042 1.989373 -0.332855
v -0.403006 1.966762 -0.330084
v -0.383771 2.001507 -0.341497
v -0.357342 1.924160 -0.324874
v -0.406426 2.007306 -0.338522
v -0.605148 1.816401 -0.312015
v -0.785300 1.634284 -0.452794
v -0.774364 1.680748 -0.472153
v -0.426168 1.603746 -0.268304
v -0.445394 1.689386 -0.274072
v -0.424499 1.561996 -0.299684
v -0.426638 1.686807 -0.308424
v -0.413273 1.614788 -0.329129
v -0.400229 1.682141 -0.335364
v -0.392728 1.599519 -0.350323
v -0.395792 1.641773 -0.355113
v -0.494384 1.645038 -0.242732
v -0.415399 1.576671 -0.345271
v -0.358132 1.628969 -0.350718
v -0.381318 1.668977 -0.352077
v -0.449682 1.721051 -0.295234
v -0.779720 1.662411 -0.459410
v -0.708912 1.533830 -0.344223
v -0.348652 1.956294 -0.340737
v -0.635709 1.548072 -0.301822
v -0.618747 1.526722 -0.288607
v -0.638214 1.597044 -0.309698
v -0.661084 1.467873 -0.354372
v -0.700835 1.724204 -0.392887
v -0.598463 1.546331 -0.259774
v -0.700568 1.592427 -0.337567
v -0.659843 1.554437 -0.316309
v -0.695870 1.477865 -0.343019
v -0.605017 1.642350 -0.275037
v -0.413127 1.410775 -0.215060
v -0.733322 1.494803 -0.358775
v -0.016101 1.298015 -0.434923
v -0.031787 1.366063 -0.455834
v -0.211324 1.304124 -0.288093
v -0.180263 1.269905 -0.289362
v -0.274766 1.320905 -0.311151
v -0.280601 1.298371 -0.281389
v -0.215568 1.329240 -0.308354
v -0.329092 1.866217 -0.336889
v -0.336177 1.901294 -0.331022
v -0.030699 1.250468 -0.401598
v -0.219409 1.261900 -0.271258
v -0.677725 1.759150 -0.410578
v -0.311239 1.271697 -0.268326
v -0.255525 1.270624 -0.263649
v -0.347420 1.291431 -0.247550
v -0.316587 1.947137 -0.371738
v -0.207679 1.688908 -0.465389
v -0.171758 1.642974 -0.485024
v -0.284573 1.269582 -0.263855
v -0.057810 1.425979 -0.440663
v -0.666770 1.834705 -0.358227
v -0.363594 1.330697 -0.254999
v -0.376958 1.337833 -0.206255
v -0.037554 1.389862 -0.500197
v -0.062750 1.452323 -0.472317
v -0.141085 1.434006 -0.358742
v -0.051716 1.427070 -0.505422
v -0.160128 1.621605 -0.442905
v -0.244704 1.335080 -0.332079
v -0.203765 1.354526 -0.338863
v -0.235383 1.359355 -0.355269
v -0.247611 1.461759 -0.356543
v -0.395402 1.409659 -0.269816
v -0.620092 1.717423 -0.311348
v -0.571037 1.692783 -0.271306
v -0.350060 1.345419 -0.270007
v -0.355920 1.308690 -0.212269
v -0.264084 1.410364 -0.302823
v -0.362292 1.575866 -0.353472
v -0.800330 1.536167 -0.447593
v -0.593637 1.842863 -0.305978
v -0.569545 1.835841 -0.292707
v -0.569149 1.856002 -0.301764
v -0.369052 1.516709 -0.292799
v -0.410523 1.755299 -0.293784
v -0.383323 1.709414 -0.318473
v -0.295037 1.921676 -0.392870
v -0.358950 1.683377 -0.337211
v -0.213391 1.405446 -0.356541
v -0.237734 1.429693 -0.356255
v -0.488655 1.702942 -0.258704
v -0.260451 1.345326 -0.347323
v -0.200943 1.669354 -0.425616
v -0.245930 1.438228 -0.326017
v -0.281246 1.521859 -0.333759
v -0.260634 1.485887 -0.323349
v -0.066821 1.222002 -0.374574
v -0.549391 1.705249 -0.262354
v -0.602329 1.862560 -0.326196
v -0.582825 1.865524 -0.315952
v -0.627416 1.865783 -0.342922
v -0.524012 1.705976 -0.252652
v -0.437220 1.417811 -0.202609
v -0.105605 1.402222 -0.362436
v -0.114507 1.327510 -0.337943
v -0.345359 1.543657 -0.316325
v -0.416509 1.450927 -0.270110
v -0.383720 1.450376 -0.270940
v -0.094044 1.244902 -0.341989
v -0.356975 1.430020 -0.265158
v -0.286959 1.512782 -0.309831
v -0.319370 1.516867 -0.292549
v -0.134194 1.544404 -0.407593
v -0.160507 1.586797 -0.407327
v -0.130421 1.507115 -0.385765
v -0.185101 1.627818 -0.406103
v -0.369932 1.776939 -0.314899
v -0.297450 1.719066 -0.347167
v -0.304990 1.750544 -0.354162
v -0.335499 1.710755 -0.331318
v -0.351249 1.595223 -0.350336
v -0.318115 1.668435 -0.344557
v -0.692779 1.842416 -0.400277
v -0.342967 1.657694 -0.346931
v -0.699120 1.851814 -0.422522
v -0.391563 1.342135 -0.195162
v -0.185380 1.374999 -0.343796
v -0.168659 1.342147 -0.330016
v -0.140113 1.364115 -0.341320
v -0.658077 1.852422 -0.362278
v -0.673467 1.859630 -0.386612
v -0.496648 1.831255 -0.289930
v -0.466614 1.845285 -0.301424
v -0.446124 1.814445 -0.290492
v -0.413706 1.357118 -0.190571
v -0.447927 1.367814 -0.188989
v -0.457289 1.332673 -0.186800
v -0.142285 1.227816 -0.310358
v -0.066050 1.459358 -0.500967
v -0.548119 1.718632 -0.864208
v -0.523289 1.748859 -0.842987
v -0.756347 1.427015 -0.766997
v -0.793010 1.439873 -0.745127
v -0.798087 1.463446 -0.737804
v -0.787884 1.421402 -0.745710
v -0.762995 1.520378 -0.777941
v -0.634895 1.470634 -0.848428
v -0.686624 1.432794 -0.847593
v -0.634151 1.385617 -0.858463
v -0.603927 1.381116 -0.848985
v -0.593042 1.458437 -0.848723
v -0.672908 1.381853 -0.857458
v -0.577944 1.489270 -0.837522
v -0.761613 1.312185 -0.816902
v -0.758656 1.344702 -0.826252
v -0.570430 1.571867 -0.862693
v -0.552519 1.531168 -0.854550
v -0.616731 1.594911 -0.848540
v -0.711202 1.443839 -0.825968
v -0.673452 1.466128 -0.835607
v -0.695288 1.459422 -0.792353
v -0.756850 1.391697 -0.822180
v -0.672094 1.337909 -0.840608
v -0.615825 1.353572 -0.828847
v -0.707676 1.288947 -0.799129
v -0.674178 1.318747 -0.815325
v -0.783496 1.252281 -0.772097
v -0.751371 1.255083 -0.775127
v -0.654159 1.312375 -0.815844
v -0.714111 1.239482 -0.799051
v -0.674189 1.483609 -0.789702
v -0.513400 1.697999 -0.860544
v -0.516807 1.679137 -0.865901
v -0.515468 1.729664 -0.848678
v -0.609085 1.514432 -0.812739
v -0.520044 1.587244 -0.868995
v -0.529525 1.553836 -0.867218
v -0.527940 1.490787 -0.830221
v -0.570362 1.526249 -0.829624
v -0.581031 1.505092 -0.829448
v -0.516382 1.512576 -0.858144
v -0.617063 1.530814 -0.799040
v -0.633581 1.531813 -0.799505
v -0.612525 1.563033 -0.829395
v -0.524375 1.718720 -0.856896
v -0.519404 1.622393 -0.870164
v -0.528125 1.648994 -0.871309
v -0.742430 1.490622 -0.784691
v -0.722148 1.438115 -0.794077
v -0.725224 1.461653 -0.781890
v -0.776262 1.387196 -0.798895
v -0.795563 1.370753 -0.766828
v -0.749412 1.418171 -0.784086
v -0.776834 1.394956 -0.755120
v -0.670243 1.822238 -0.700768
v -0.689114 1.800865 -0.708230
v -0.636871 1.776810 -0.802705
v -0.590941 1.795291 -0.802810
v -0.640052 1.836833 -0.704002
v -0.607620 1.757130 -0.840189
v -0.733238 1.214085 -0.818498
v -0.754182 1.191314 -0.809907
v -0.741648 1.205908 -0.780081
v -0.727981 1.679892 -0.790113
v -0.635707 1.263594 -0.822002
v -0.665552 1.235066 -0.812404
v -0.708034 1.224200 -0.806266
v -0.676254 1.731112 -0.812861
v -0.687071 1.675724 -0.829409
v -0.677864 1.701640 -0.828048
v -0.662075 1.650501 -0.843116
v -0.557958 1.791381 -0.806559
v -0.633658 1.738757 -0.840564
v -0.582476 1.713973 -0.864130
v -0.620905 1.697622 -0.860214
v -0.586190 1.286579 -0.835810
v -0.547217 1.303789 -0.847072
v -0.565328 1.279749 -0.863160
v -0.697414 1.220614 -0.822485
v -0.634599 1.503416 -0.799179
v -0.657149 1.228763 -0.836260
v -0.799855 1.494423 -0.730794
v -0.800493 1.528117 -0.719275
v -0.772087 1.594509 -0.762961
v -0.749407 1.682451 -0.761314
v -0.716189 1.606094 -0.814888
v -0.797838 1.557934 -0.720059
v -0.788893 1.578393 -0.736910
v -0.695451 1.494653 -0.792604
v -0.825329 1.315819 -0.766943
v -0.815602 1.344929 -0.775418
v -0.797548 1.339962 -0.801523
v -0.756568 1.171921 -0.776585
v -0.782138 1.137121 -0.782159
v -0.763482 1.155485 -0.756434
v -0.752174 1.188131 -0.771914
v -0.734845 1.542058 -0.799812
v -0.762277 1.168795 -0.819125
v -0.694960 1.554364 -0.816727
v -0.644414 1.587758 -0.828646
v -0.771953 1.152181 -0.803942
v -0.618200 1.835841 -0.712255
v -0.410876 1.454283 -0.855767
v -0.442191 1.433629 -0.836628
v -0.423882 1.503411 -0.858826
v -0.759596 1.705701 -0.709490
v -0.774166 1.674997 -0.717379
v -0.769312 1.693609 -0.701718
v -0.787081 1.643359 -0.718922
v -0.785174 1.657628 -0.701891
v -0.711785 1.728526 -0.774192
v -0.626010 1.848894 -0.684674
v -0.749996 1.712592 -0.724806
v -0.736424 1.741817 -0.715447
v -0.745789 1.730852 -0.706235
v -0.559905 1.432047 -0.845903
v -0.538466 1.417008 -0.820056
v -0.549895 1.345998 -0.833077
v -0.573123 1.358833 -0.820695
v -0.496391 1.359136 -0.842208
v -0.503579 1.423495 -0.796574
v -0.457988 1.368143 -0.838502
v -0.483579 1.385944 -0.827353
v -0.480733 1.407641 -0.803846
v -0.434253 1.391356 -0.819693
v -0.514374 1.326260 -0.845530
v -0.599894 1.855540 -0.680697
v -0.585655 1.831710 -0.709655
v -0.681880 1.762886 -0.775109
v -0.743710 1.601298 -0.794413
v -0.500897 1.450712 -0.819452
v -0.442744 1.418490 -0.807074
v -0.559002 1.666904 -0.874993
v -0.531610 1.670000 -0.870447
v -0.727774 1.763054 -0.696247
v -0.710902 1.771743 -0.717274
v -0.718432 1.749771 -0.741464
v -0.585002 1.654513 -0.872259
v -0.699567 1.784502 -0.716465
v -0.667217 1.617679 -0.835913
v -0.789637 1.601342 -0.723292
v -0.788733 1.624698 -0.718782
v -0.546842 1.795492 -0.785444
v -0.557283 1.809949 -0.724843
v -0.539054 1.797118 -0.745921
v -0.523671 1.780520 -0.803565
v -0.733483 1.380176 -0.837577
v -0.812920 1.292811 -0.779505
v -0.762365 1.217062 -0.753922
v -0.782460 1.202256 -0.717986
v -0.792275 1.220884 -0.735803
v -0.768419 1.172625 -0.730046
v -0.776125 1.174609 -0.707504
v -0.780313 1.128448 -0.742768
v -0.757715 1.144823 -0.713453
v -0.809360 1.256577 -0.766566
v -0.812866 1.233518 -0.741883
v -0.482946 1.526518 -0.865314
v -0.566984 1.771640 -0.835964
v -0.531219 1.767922 -0.828414
v -0.600309 1.630396 -0.865200
v -0.515452 1.766611 -0.818386
v -0.954241 0.544914 -0.428144
v -0.956145 0.492333 -0.413660
v -0.952123 0.425655 -0.435750
v -0.952525 0.606042 -0.438371
v -0.987496 0.649271 -0.243539
v -0.982232 0.581643 -0.269646
v -0.973097 0.689121 -0.328180
v -0.976305 0.384437 -0.299666
v -0.983980 0.488491 -0.264191
v -0.956362 0.901336 -0.437556
v -0.909426 0.949024 -0.578260
v -0.934207 0.936640 -0.580885
v -0.940707 0.946464 -0.526742
v -0.858955 0.950068 -0.479963
v -0.879260 0.951007 -0.559210
v -0.858066 0.957268 -0.521844
v -0.864299 0.970756 -0.540446
v -0.942057 0.947331 -0.478368
v -0.929267 0.907319 -0.588515
v -0.971023 0.924723 -0.347350
v -0.978920 0.941391 -0.326338
v -0.976922 0.938945 -0.362588
v -0.990069 0.532517 -0.245018
v -0.990271 0.441996 -0.252009
v -0.988610 0.372100 -0.250263
v -0.985097 0.294269 -0.239559
v -0.977733 0.283814 -0.286922
v -0.986469 0.280747 -0.253427
v -0.982290 0.617280 -0.233154
v -0.985043 0.781631 -0.235939
v -0.958021 0.797286 -0.232330
v -0.946484 0.810632 -0.488428
v -0.974330 0.826774 -0.233965
v -0.981111 0.848144 -0.235916
v -0.993895 0.859853 -0.246617
v -0.982378 0.568415 -0.235461
v -0.988721 0.905842 -0.256130
v -0.946041 0.904936 -0.498233
v -0.955656 0.328479 -0.421930
v -0.885252 0.975313 -0.617632
v -0.881765 0.952265 -0.595543
v -0.872809 0.971605 -0.570464
v -0.988932 0.915813 -0.256453
v -0.960750 0.265761 -0.378291
v -0.985077 0.677716 -0.263033
v -0.994273 0.888225 -0.246327
v -0.979041 0.891930 -0.313235
v -0.986396 0.788374 -0.258783
v -0.982952 0.939512 -0.298776
v -0.927408 0.918823 -0.602138
v -0.922970 0.949592 -0.625430
v -0.923774 0.929281 -0.624350
v -0.925224 0.917118 -0.616303
v -0.896627 0.947448 -0.624960
v -0.935149 0.889848 -0.556987
v -0.937714 0.904452 -0.543690
v -0.932034 0.888276 -0.577549
v -0.958669 0.667254 -0.232432
v -0.859668 0.579018 -0.214548
v -0.831565 0.675006 -0.209219
v -0.950531 0.935672 -0.478371
v -0.961744 0.934402 -0.412417
v -0.947268 0.951334 -0.422326
v -0.968476 0.749898 -0.233986
v -0.983463 0.708298 -0.236386
v -0.913852 0.769428 -0.223768
v -0.966785 0.546991 -0.233416
v -0.963325 0.436485 -0.232501
v -0.978746 0.476484 -0.236693
v -0.989587 0.759592 -0.245080
v -0.899476 0.703820 -0.221492
v -0.966813 0.868115 -0.379281
v -0.985985 0.741290 -0.256431
v -0.850234 0.327205 -0.210345
v -0.800911 0.306119 -0.203223
v -0.812706 0.403923 -0.205712
v -0.941537 0.909035 -0.524138
v -0.761891 0.355340 -0.195630
v -0.968876 0.913358 -0.361957
v -0.958467 0.950487 -0.386696
v -0.948971 0.949084 -0.332164
v -0.907357 0.950753 -0.376880
v -0.945913 0.875219 -0.496897
v -0.951588 0.261958 -0.231101
v -0.957802 0.329520 -0.231718
v -0.909706 0.419945 -0.224952
v -0.903045 0.306959 -0.222325
v -0.965494 0.923227 -0.390706
v -0.885828 0.956434 -0.650094
v -0.986161 0.941976 -0.275901
v -0.943921 0.631508 -0.492554
v -0.945980 0.677310 -0.479057
v -0.946192 0.718323 -0.481979
v -0.947618 0.769580 -0.477812
v -0.775585 0.506976 -0.199363
v -0.814980 0.546071 -0.207527
v -0.905199 0.947650 -0.657085
v -0.916807 0.949116 -0.647898
v -0.889764 0.984959 -0.657909
v 0.093613 0.961585 -0.654377
v 0.116420 0.961387 -0.606123
v 0.136097 0.953633 -0.653215
v 0.058940 0.978933 -0.622796
v 0.056247 0.961166 -0.663245
v 0.039354 0.971447 -0.664730
v -0.155696 1.114604 -0.793744
v -0.104534 1.124770 -0.780510
v 0.053145 1.020049 -0.649401
v 0.091844 0.960997 -0.592702
v 0.118350 0.954712 -0.572001
v 0.139918 0.955050 -0.696751
v 0.129241 0.962782 -0.715462
v -0.098257 1.057815 -0.760513
v -0.033488 1.062655 -0.720589
v -0.078640 1.059023 -0.781744
v -0.068065 1.034112 -0.795406
v -0.054645 0.996016 -0.781959
v -0.077103 1.085190 -0.746332
v -0.114133 1.050351 -0.825802
v 0.163959 0.863886 -0.828402
v 0.162656 0.828201 -0.818810
v 0.167466 0.823075 -0.845985
v -0.006185 1.040473 -0.735710
v -0.027611 1.071396 -0.712478
v 0.018168 1.047596 -0.703499
v -0.206953 1.115184 -0.808695
v -0.126848 1.071059 -0.755869
v -0.165192 1.071154 -0.768441
v 0.159504 0.855197 -0.854245
v -0.172877 1.152600 -0.795179
v -0.153472 1.060074 -0.785479
v -0.167995 1.059615 -0.804607
v -0.079051 0.970523 -0.794446
v -0.112145 0.984697 -0.824853
v -0.048846 0.962178 -0.777635
v -0.058346 0.958414 -0.825694
v -0.020893 0.976709 -0.744395
v -0.017134 0.959028 -0.747138
v -0.006449 0.960230 -0.778127
v -0.140759 1.061442 -0.812084
v -0.169391 1.041965 -0.860065
v -0.095422 1.152916 -0.782642
v -0.040968 1.053317 -0.763075
v -0.138419 1.156751 -0.792620
v -0.098373 0.954398 -0.821568
v -0.122119 1.027256 -0.833774
v -0.227556 1.079437 -0.790427
v 0.002355 1.080689 -0.681061
v -0.018124 1.095237 -0.708794
v -0.215946 1.059915 -0.802754
v -0.189129 1.061256 -0.776725
v 0.019464 1.058625 -0.673259
v 0.033541 1.052976 -0.673219
v -0.051334 1.101168 -0.736942
v -0.129637 0.956520 -0.837756
v -0.219339 1.149373 -0.809704
v 0.014658 0.970916 -0.693808
v 0.003647 0.959299 -0.732159
v 0.165797 0.880107 -0.849858
v 0.161080 0.928717 -0.819486
v 0.163898 0.956087 -0.839624
v 0.152886 0.953391 -0.752807
v 0.102932 0.961895 -0.762500
v 0.136463 0.947006 -0.853881
v 0.160652 0.937813 -0.850654
v 0.153789 0.962974 -0.816903
v -0.068862 1.131709 -0.751711
v -0.046889 1.118283 -0.719586
v 0.149731 0.843977 -0.753644
v 0.158203 0.854262 -0.796185
v 0.143980 0.944108 -0.718310
v 0.126924 0.921767 -0.625243
v 0.157672 0.957546 -0.796652
v 0.145356 0.830949 -0.723425
v 0.134468 0.814347 -0.663596
v 0.121899 0.886068 -0.594396
v 0.127832 0.816441 -0.625948
v 0.139942 0.826596 -0.694028
v 0.058620 0.944255 -0.869635
v 0.036255 0.925040 -0.872754
v -0.001025 0.849772 -0.879573
v 0.033943 0.837187 -0.873515
v 0.114413 0.827625 -0.551783
v 0.115873 0.960789 -0.843842
v 0.147736 0.958570 -0.848161
v 0.085087 0.834349 -0.865442
v -0.044710 0.883532 -0.886747
v 0.067502 0.960016 -0.855335
v -0.023992 0.937972 -0.882733
v -0.042281 0.961581 -0.870195
v 0.031582 0.962587 -0.864715
v -0.224299 1.173812 -0.798277
v -0.128981 1.182307 -0.774390
v 0.133977 0.833125 -0.855907
v 0.099481 0.954136 -0.861041
v -0.039165 0.842980 -0.886616
v 0.119767 0.932201 -0.586840
v -0.180647 1.179342 -0.769147
v -0.229430 1.189853 -0.778187
v -0.054541 0.951289 -0.886508
v -0.094027 0.937984 -0.895090
v -0.094994 0.954247 -0.897479
v -0.067377 0.912840 -0.890926
v -0.102791 0.956869 -0.881026
v -0.136099 0.957407 -0.865639
v -0.134160 0.100808 -0.910087
v -0.067100 0.108884 -0.899974
v -0.076974 0.157495 -0.901444
v -0.867016 0.116702 -0.907400
v -0.858769 0.100939 -0.947949
v -0.872376 0.114056 -0.870412
v -0.134714 0.959229 -0.203480
v -0.167787 0.955497 -0.184143
v -0.128263 0.959016 -0.141221
v -0.178195 0.974911 -0.187003
v -0.208758 0.956020 -0.175998
v -0.227800 0.955338 -0.163357
v -0.180775 0.955418 -0.094326
v -0.209666 0.956987 -0.118937
v -0.193570 0.956466 -0.099379
v -0.153197 0.957491 -0.114595
v -0.200116 0.941876 -0.097469
v -0.228069 0.974295 -0.174869
v -0.172067 0.920228 -0.093179
v -0.058988 0.965481 -0.253955
v -0.059180 0.958829 -0.231110
v -0.063206 0.959119 -0.201708
v -0.102790 0.960772 -0.219519
v -0.018017 0.979808 -0.288953
v 0.024767 1.012794 -0.337732
v -0.014468 1.032985 -0.295355
v 0.027169 1.043111 -0.346874
v -0.030678 1.041237 -0.286507
v 0.032344 1.051535 -0.371783
v 0.002636 1.049147 -0.331263
v 0.033968 1.054217 -0.394752
v -0.111612 1.046514 -0.237317
v -0.136573 1.044656 -0.245211
v -0.208103 1.043396 -0.212675
v -0.235684 1.039223 -0.186192
v -0.175753 1.039248 -0.200230
v -0.095238 1.048907 -0.266175
v -0.107255 1.047728 -0.318683
v -0.138734 1.045430 -0.288019
v 0.004894 1.053116 -0.385827
v -0.178677 1.042867 -0.214340
v -0.047055 1.048217 -0.285162
v -0.073510 1.049590 -0.345266
v 0.005080 0.988041 -0.315910
v -0.183615 1.027433 -0.189849
v -0.016077 1.056454 -0.403344
v -0.061918 1.067646 -0.379411
v -0.124836 1.043067 -0.224109
v -0.144362 1.042422 -0.219266
v -0.084359 0.989118 -0.232525
v -0.114034 1.018155 -0.217068
v -0.188298 1.000784 -0.183470
v -0.070692 1.035256 -0.248627
v -0.157236 0.929747 -0.089853
v -0.027799 0.956604 -0.259482
v -0.074390 0.958815 -0.180182
v -0.240470 0.956717 -0.139104
v -0.151145 0.945097 -0.088622
v -0.043665 0.976408 -0.264039
v -0.033997 0.959424 -0.212119
v -0.000983 0.957279 -0.284323
v 0.001819 0.963985 -0.313391
v 0.026184 0.960536 -0.301525
v -0.261095 1.016240 -0.168954
v -0.279820 1.041810 -0.191754
v -0.283860 1.042181 -0.215803
v -0.130898 0.960253 -0.093164
v -0.274832 1.042057 -0.242768
v -0.236772 1.042571 -0.240511
v -0.259600 1.058443 -0.262245
v -0.268916 0.979323 -0.165120
v -0.297228 1.034962 -0.167248
v -0.508043 0.371326 -0.151222
v -0.504586 0.444931 -0.151123
v -0.178735 0.590907 -0.094707
v -0.149753 0.558729 -0.089824
v -0.515576 0.495328 -0.152661
v -0.341686 0.642983 -0.122827
v -0.311020 0.560735 -0.117466
v -0.427433 0.724313 -0.137565
v -0.391943 0.703719 -0.131288
v -0.326367 0.643457 -0.119924
v -0.228047 0.596296 -0.103480
v -0.538679 0.529559 -0.157504
v -0.536315 0.583202 -0.156746
v 0.017445 0.429491 -0.057854
v 0.010910 0.514726 -0.061465
v -0.002404 0.367982 -0.063389
v 0.004522 0.267635 -0.060992
v -0.123658 0.564920 -0.086273
v -0.105438 0.547238 -0.082791
v -0.022486 0.205618 -0.067611
v -0.072171 0.184785 -0.075855
v -0.306113 0.639006 -0.116840
v -0.266615 0.608543 -0.108269
v -0.465636 0.764598 -0.144270
v -0.451931 0.357204 -0.141944
v -0.548544 0.706142 -0.158784
v -0.567577 0.784728 -0.162493
v -0.579571 0.741474 -0.164252
v -0.264065 0.171117 -0.109570
v -0.301503 0.161535 -0.115907
v -0.326495 0.209097 -0.120439
v -0.366964 0.250754 -0.126833
v -0.272780 0.427045 -0.110193
v -0.146918 0.176388 -0.088755
v -0.418005 0.297887 -0.135673
v -0.225141 0.159292 -0.102820
v 0.037120 0.498381 -0.081344
v 0.030058 0.474058 -0.060765
v 0.038608 0.442253 -0.088293
v -0.538916 0.797111 -0.156800
v -0.506669 0.781426 -0.151731
v -0.072960 0.527570 -0.076482
v -0.026406 0.456131 -0.068382
v -0.031350 0.554326 -0.069071
v -0.537421 0.661704 -0.156839
v -0.570373 0.630029 -0.162461
v -0.561237 0.817098 -0.161521
v 0.017203 0.313818 -0.057295
v 0.033661 0.348357 -0.064604
v 0.032684 0.392892 -0.065183
v -0.582108 0.813410 -0.164316
v 0.176248 0.100883 -0.852568
v 0.172229 0.144725 -0.821805
v 0.017955 0.122268 -0.884131
v 0.095436 0.100953 -0.868857
v 0.168629 0.146437 -0.858663
v -0.076974 0.157495 -0.901444
v -0.113053 0.229766 -0.907486
v 0.143930 0.367684 -0.860032
v 0.144383 0.252346 -0.860645
v 0.168525 0.418476 -0.853231
v 0.176240 0.370132 -0.842426
v 0.163717 0.318725 -0.862347
v -0.067100 0.108884 -0.899974
v 0.154938 0.458894 -0.855574
v -0.052922 0.450598 -0.894009
v 0.023290 0.442990 -0.880514
v 0.175522 0.184069 -0.852013
v 0.175433 0.267969 -0.844270
v 0.168757 0.314999 -0.815380
v 0.152741 0.238021 -0.714659
v 0.164061 0.260635 -0.780221
v -0.125744 0.436871 -0.908017
v -0.150909 0.354001 -0.913878
v 0.076416 0.504623 -0.869530
v 0.145392 0.153505 -0.664245
v -0.181687 0.283167 -0.919049
v -0.253632 0.309721 -0.933451
v -0.206915 0.346608 -0.922719
v 0.147519 0.183567 -0.859613
v 0.131575 0.486571 -0.859988
v 0.033865 0.837194 -0.873228
v 0.044247 0.671475 -0.873939
v 0.149119 0.670627 -0.855126
v 0.072468 0.627488 -0.869185
v 0.168586 0.734822 -0.843492
v 0.167322 0.762226 -0.836878
v 0.143161 0.639210 -0.698020
v 0.153531 0.755870 -0.853857
v 0.159806 0.729360 -0.851882
v 0.111952 0.607129 -0.521014
v 0.167466 0.823075 -0.845985
v 0.167178 0.785611 -0.848846
v 0.133918 0.833124 -0.855784
v 0.171066 0.483837 -0.845503
v 0.168525 0.418476 -0.853231
v 0.002568 0.697884 -0.881339
v -0.010670 0.753625 -0.882516
v 0.154075 0.554861 -0.747647
v 0.115816 0.669634 -0.548357
v 0.166596 0.613669 -0.824720
v 0.171165 0.546021 -0.843632
v 0.164318 0.621876 -0.856560
v 0.171548 0.679290 -0.843312
v 0.168577 0.315132 -0.815500
v 0.165021 0.408436 -0.803200
v -0.027683 0.793742 -0.885330
v 0.171026 0.708917 -0.849342
v -0.001003 0.849774 -0.879702
v -0.039165 0.842980 -0.886616
v 0.102748 0.565135 -0.864232
v 0.085017 0.591018 -0.867358
v 0.152830 0.238019 -0.714637
v 0.149433 0.369007 -0.709388
v 0.085087 0.834349 -0.865442
v 0.134331 0.814346 -0.663620
v 0.139942 0.826596 -0.694028
v 0.076416 0.504623 -0.869530
v 0.137136 0.550858 -0.859059
v 0.131575 0.486571 -0.859988
v 0.127832 0.816441 -0.625948
v 0.114413 0.827625 -0.551783
v 0.145333 0.830949 -0.723428
v 0.150250 0.843895 -0.753284
v 0.125600 0.172885 -0.557050
v 0.145392 0.153505 -0.664245
v 0.176240 0.370132 -0.842426
v 0.112026 0.752869 -0.533018
v 0.105859 0.806521 -0.502789
v 0.114047 0.525635 -0.521766
v 0.118996 0.422383 -0.539333
v 0.162783 0.828202 -0.818792
v 0.119321 0.291700 -0.528885
v 0.164976 0.500811 -0.857555
v 0.158203 0.854262 -0.796185
v 0.154961 0.458896 -0.855696
v 0.164061 0.260635 -0.780221
v -0.125520 0.115265 -0.088194
v -0.157836 0.100843 -0.091678
v -0.066526 0.117101 -0.077333
v -0.087430 0.107724 -0.079793
v -0.072380 0.101129 -0.074218
v -0.186300 0.122359 -0.097707
v -0.146821 0.176399 -0.088975
v -0.221933 0.105639 -0.104816
v -0.072171 0.184785 -0.075855
v -0.036129 0.137299 -0.070657
v -0.225141 0.159292 -0.102820
v -0.267817 0.105515 -0.113057
v -0.022486 0.205618 -0.067611
v -0.264102 0.171118 -0.109351
v -0.264969 0.136532 -0.109504
v 0.072404 1.068563 -0.485868
v 0.061995 1.056794 -0.454028
v 0.090609 1.047492 -0.467129
v -0.071074 1.174689 -0.663243
v -0.073116 1.139878 -0.665113
v -0.092521 1.194523 -0.707235
v -0.051931 1.106297 -0.565041
v -0.026064 1.094705 -0.574015
v -0.051667 1.119770 -0.598546
v -0.007802 1.082053 -0.591408
v -0.001752 1.099834 -0.542820
v 0.111150 0.950504 -0.523461
v 0.099557 0.959433 -0.543040
v 0.096286 1.033460 -0.484141
v -0.067363 1.142881 -0.619311
v -0.043440 1.184245 -0.601593
v -0.051891 1.138453 -0.572453
v -0.016818 1.103861 -0.663497
v 0.021348 1.057347 -0.601905
v 0.010897 1.057234 -0.623855
v 0.023360 1.083089 -0.414138
v 0.015522 1.065640 -0.421692
v 0.044193 1.092127 -0.435257
v 0.062580 1.088419 -0.470085
v 0.082783 1.032658 -0.428283
v 0.089547 0.963657 -0.470645
v -0.000997 1.088985 -0.637303
v 0.035929 1.106998 -0.451286
v 0.119681 0.932220 -0.586851
v 0.119537 0.956321 -0.570752
v 0.097748 0.825862 -0.459245
v 0.114413 0.827625 -0.551783
v 0.053756 0.960190 -0.379826
v 0.065821 1.027877 -0.394032
v 0.025446 0.974981 -0.345140
v 0.067168 0.962802 -0.353740
v 0.074881 0.941559 -0.341606
v 0.083600 0.953532 -0.374011
v 0.086371 0.956982 -0.401743
v 0.037974 0.958239 -0.348848
v 0.078260 0.926976 -0.361954
v 0.121899 0.886068 -0.594396
v 0.089372 1.052965 -0.521725
v 0.070756 1.059155 -0.546255
v 0.048270 0.959942 -0.331158
v 0.094397 0.952384 -0.443020
v 0.091242 0.849539 -0.426041
v 0.105859 0.806521 -0.502789
v 0.057314 1.050799 -0.399779
v -0.022642 1.191547 -0.546964
v -0.023967 1.164706 -0.528573
v 0.063690 1.084575 -0.520049
v 0.032981 1.080728 -0.566626
v -0.052688 1.209424 -0.656338
v -0.070313 1.216670 -0.692648
v 0.072512 0.967746 -0.416976
v -0.060662 1.133002 -0.717358
v 0.085023 0.907683 -0.395221
v 0.084556 0.881438 -0.391069
v 0.005080 0.988041 -0.315910
v 0.001819 0.963985 -0.313391
v 0.099971 0.944235 -0.477824
v 0.090624 0.969102 -0.524298
v -0.033749 1.100444 -0.534339
v -0.018124 1.095237 -0.708794
v -0.046889 1.118283 -0.719586
v 0.022520 0.960017 -0.324247
v -0.043868 1.196898 -0.414119
v -0.023915 1.190976 -0.446251
v -0.030699 1.250468 -0.401598
v -0.012256 1.239419 -0.437821
v -0.008536 1.218717 -0.474331
v 0.002355 1.080689 -0.681061
v -0.099539 1.178234 -0.754132
v -0.128981 1.182307 -0.774390
v -0.095422 1.152916 -0.782642
v -0.011896 1.167990 -0.415059
v -0.025630 1.160985 -0.446548
v -0.101514 1.180005 -0.732695
v -0.162951 1.191456 -0.749420
v -0.121997 1.191640 -0.749093
v -0.180647 1.179342 -0.769147
v -0.015130 1.223464 -0.526358
v -0.068862 1.131709 -0.751711
v -0.123733 1.209887 -0.737848
v -0.096957 1.238756 -0.723885
v -0.017940 1.085235 -0.386142
v -0.002237 1.115390 -0.384594
v -0.218514 1.233557 -0.768166
v -0.241965 1.211984 -0.762617
v 0.032208 1.051734 -0.369649
v 0.027242 1.043336 -0.346910
v -0.229430 1.189853 -0.778187
v 0.024767 1.012794 -0.337732
v 0.011358 1.137057 -0.411875
v 0.081550 0.909438 -0.376518
v 0.020327 1.062713 -0.650072
v -0.001581 1.124269 -0.465793
v -0.010262 1.167254 -0.377687
v 0.033866 1.053861 -0.394672
v 0.028777 1.054145 -0.419751
v 0.052904 1.054684 -0.632974
v -0.169270 1.235342 -0.762064
v -0.016077 1.056454 -0.403344
v 0.015867 1.062638 -0.674480
v -0.039965 1.133219 -0.513685
v -0.006462 1.141542 -0.376381
v 0.004894 1.053116 -0.385827
v 0.033541 1.052976 -0.673219
v -0.249812 1.230392 -0.767288
v 0.075483 1.042137 -0.602740
v 0.094200 1.028312 -0.545059
v 0.081505 0.975279 -0.568388
v 0.053145 1.020049 -0.649401
v 0.091844 0.960997 -0.592702
v 0.058940 0.978933 -0.622796
v -0.931964 0.115039 -0.534554
v -0.930581 0.100833 -0.516317
v -0.938242 0.159400 -0.508048
v -0.963301 0.103374 -0.336051
v -0.963101 0.100951 -0.368221
v -0.976560 0.101291 -0.491011
v -0.953915 0.105836 -0.432992
v -0.967465 0.101518 -0.439756
v -0.989086 0.104195 -0.420394
v -0.946610 0.120470 -0.449370
v -0.964557 0.139279 -0.355405
v -0.965078 0.202980 -0.358470
v -0.953198 0.112465 -0.404375
v -0.950368 0.236518 -0.447437
v -0.960682 0.265756 -0.378276
v -0.969170 0.101402 -0.479077
v -0.956069 0.328444 -0.421984
v -0.989649 0.101714 -0.340060
v -0.182711 0.823219 -0.094014
v 0.024051 0.792224 -0.059555
v 0.007006 0.735218 -0.062389
v 0.020750 0.673499 -0.060076
v 0.031681 0.685610 -0.069760
v 0.023850 0.931584 -0.062960
v 0.023815 0.951142 -0.060526
v -0.032674 0.957854 -0.069492
v -0.060980 0.959538 -0.079964
v -0.060463 0.943079 -0.071478
v -0.096083 0.958338 -0.097495
v -0.074399 0.959000 -0.180177
v 0.020399 0.888510 -0.059354
v -0.130898 0.960253 -0.093164
v 0.005732 0.959700 -0.066967
v 0.031315 0.955881 -0.101925
v 0.036019 0.959163 -0.141782
v 0.030691 0.931886 -0.104555
v 0.024659 0.905173 -0.066085
v -0.033998 0.959431 -0.212119
v -0.063190 0.959647 -0.201727
v -0.001883 0.959459 -0.132246
v 0.035991 0.960541 -0.172021
v 0.044030 0.959016 -0.199568
v 0.025077 0.831983 -0.060516
v -0.011472 0.809407 -0.064514
v 0.024448 0.960536 -0.074580
v 0.040503 0.939649 -0.156790
v 0.039641 0.901137 -0.148648
v 0.004869 0.936389 -0.061010
v -0.011809 0.948499 -0.063938
v 0.011549 0.866264 -0.059373
v -0.140323 0.682203 -0.087696
v -0.145364 0.642665 -0.088680
v -0.069897 0.908782 -0.073702
v -0.085739 0.938810 -0.076930
v 0.037199 0.576020 -0.109352
v 0.040997 0.640500 -0.140057
v 0.032584 0.625597 -0.086922
v 0.018346 0.917262 -0.059356
v 0.042628 0.794931 -0.156823
v -0.123661 0.564914 -0.086175
v -0.073059 0.527543 -0.075721
v -0.153196 0.957465 -0.114595
v -0.095095 0.953111 -0.076744
v -0.127087 0.951362 -0.084284
v -0.022231 0.644931 -0.067430
v -0.151145 0.945097 -0.088622
v -0.157236 0.929747 -0.089853
v 0.027777 0.713795 -0.064570
v -0.128079 0.958499 -0.141372
v -0.174251 0.788721 -0.093123
v 0.055364 0.960813 -0.252640
v -0.000983 0.957279 -0.284323
v -0.027799 0.956604 -0.259482
v 0.012960 0.959913 -0.271382
v -0.105438 0.547238 -0.082791
v -0.167816 0.857721 -0.091649
v -0.031350 0.554326 -0.069071
v 0.026184 0.960536 -0.301525
v -0.172067 0.920228 -0.093179
v -0.164810 0.905891 -0.091353
v -0.167417 0.886213 -0.091195
v -0.162375 0.694354 -0.091441
v 0.049335 0.954955 -0.192047
v -0.131732 0.598040 -0.085165
v 0.007640 0.555908 -0.062879
v 0.041559 0.874601 -0.157643
v 0.020916 0.604624 -0.058555
v 0.025779 0.867948 -0.068967
v 0.042365 0.842196 -0.162809
v 0.044143 0.948605 -0.173907
v 0.046545 0.587456 -0.164615
v 0.036238 0.544510 -0.076775
v -0.192215 0.751919 -0.096385
v 0.040763 0.921917 -0.161683
v -0.171141 0.720488 -0.092516
v 0.041578 0.701066 -0.148771
v 0.044134 0.754936 -0.169380
v 0.051341 0.948455 -0.211546
v 0.056483 0.964265 -0.294907
v 0.054482 0.947589 -0.229858
v 0.010207 0.515241 -0.060820
v 0.037120 0.498381 -0.081344
v -0.149775 0.558732 -0.089707
v -0.887480 0.100800 -0.789539
v -0.957288 0.328401 -0.422189
v -0.952551 0.425709 -0.435816
v -0.933302 0.465777 -0.546958
v -0.950168 0.236506 -0.447409
v -0.938640 0.159302 -0.508188
v -0.925552 0.100879 -0.573997
v -0.931964 0.115039 -0.534554
v -0.941536 0.561527 -0.502498
v -0.954018 0.544944 -0.428103
v -0.910006 0.110037 -0.651027
v -0.913062 0.100909 -0.638103
v -0.941543 0.488738 -0.502574
v -0.955926 0.492333 -0.413618
v -0.952525 0.606042 -0.438371
v -0.917470 0.402577 -0.637073
v -0.924222 0.460316 -0.600613
v -0.897569 0.401525 -0.757430
v -0.892947 0.111847 -0.759958
v -0.907291 0.432175 -0.697781
v -0.881904 0.355335 -0.834763
v -0.878783 0.284292 -0.847354
v -0.872376 0.114056 -0.870412
v -0.884037 0.107963 -0.812460
v -0.877523 0.216551 -0.850264
v -0.870824 0.165246 -0.888947
v -0.898901 0.100151 -0.728546
v -0.903193 0.100907 -0.687645
v -0.811451 1.553937 -0.484960
v -0.812339 1.495261 -0.443056
v -0.800330 1.536167 -0.447593
v -0.776638 1.758992 -0.646217
v -0.806348 1.610044 -0.518498
v -0.819215 1.586593 -0.535692
v -0.804855 1.617920 -0.573594
v -0.793739 1.634582 -0.479380
v -0.785300 1.634284 -0.452794
v -0.777957 1.691136 -0.663878
v -0.772277 1.709777 -0.674567
v -0.759816 1.713261 -0.695513
v -0.791736 1.677786 -0.555695
v -0.788599 1.668807 -0.597835
v -0.788293 1.710385 -0.632698
v -0.796232 1.647966 -0.648899
v -0.779555 1.684354 -0.625542
v -0.759596 1.705701 -0.709490
v -0.785221 1.657643 -0.701898
v -0.824096 1.558115 -0.596514
v -0.786230 1.587426 -0.428690
v -0.769155 1.730834 -0.679416
v -0.761131 1.780097 -0.660033
v -0.752819 1.760921 -0.684282
v -0.745239 1.741978 -0.693456
v -0.731928 1.773359 -0.677126
v -0.727774 1.763054 -0.696247
v -0.737481 1.800647 -0.662801
v -0.785415 1.725185 -0.589909
v -0.771340 1.708135 -0.573809
v -0.836243 1.273255 -0.574495
v -0.784934 1.155467 -0.598389
v -0.800799 1.178903 -0.637512
v -0.764387 1.124253 -0.623576
v -0.570992 1.898792 -0.621971
v -0.620931 1.880630 -0.630213
v -0.582037 1.915842 -0.585639
v -0.770588 1.802845 -0.565089
v -0.784292 1.766254 -0.567266
v -0.789245 1.749399 -0.609395
v -0.643113 1.882375 -0.557148
v -0.628941 1.891529 -0.512238
v -0.660385 1.868041 -0.525635
v -0.699820 1.865503 -0.535363
v -0.730096 1.853552 -0.526775
v -0.703482 1.870138 -0.474827
v -0.691193 1.880052 -0.486055
v -0.668043 1.851474 -0.578393
v -0.616455 1.896008 -0.476597
v -0.681470 1.882867 -0.490362
v -0.755317 1.814791 -0.520974
v -0.722458 1.845177 -0.592732
v -0.635101 1.897618 -0.464538
v -0.662297 1.890017 -0.482340
v -0.768398 1.799339 -0.611720
v -0.538934 1.928432 -0.603061
v -0.847275 1.343409 -0.506668
v -0.839039 1.369755 -0.479180
v -0.825782 1.450591 -0.471810
v -0.827148 1.538732 -0.575681
v -0.599730 1.855212 -0.680421
v -0.821551 1.197884 -0.576875
v -0.706939 1.802170 -0.669985
v -0.799230 1.372666 -0.729225
v -0.776834 1.394956 -0.755120
v -0.659717 1.859418 -0.614152
v -0.848540 1.274116 -0.701026
v -0.795563 1.370753 -0.766828
v -0.787884 1.421402 -0.745710
v -0.762009 1.127842 -0.676874
v -0.757715 1.144823 -0.713453
v -0.726029 1.843862 -0.476525
v -0.721065 1.853065 -0.482561
v -0.669554 1.821102 -0.700239
v -0.646018 1.852269 -0.657997
v -0.639684 1.835182 -0.703276
v -0.697461 1.818441 -0.649160
v -0.689350 1.832432 -0.613207
v -0.545684 1.911374 -0.620004
v -0.814371 1.216393 -0.708057
v -0.792275 1.220884 -0.735803
v -0.782460 1.202256 -0.717986
v -0.626010 1.848894 -0.684674
v -0.730080 1.823135 -0.636169
v -0.773390 1.115879 -0.706217
v -0.831668 1.499202 -0.655543
v -0.827439 1.515918 -0.628736
v -0.818144 1.558275 -0.664095
v -0.818891 1.556867 -0.639313
v -0.802441 1.107571 -0.719305
v -0.825602 1.090927 -0.688427
v -0.785037 1.099815 -0.673132
v -0.779413 1.662326 -0.459479
v -0.809360 1.256577 -0.766566
v -0.836411 1.253293 -0.727012
v -0.812920 1.292811 -0.779505
v -0.804082 1.609868 -0.657024
v -0.816110 1.438380 -0.715895
v -0.821159 1.377422 -0.689968
v -0.837802 1.394104 -0.657244
v -0.771233 1.079641 -0.626641
v -0.760757 1.102029 -0.643564
v -0.830435 1.223751 -0.650008
v -0.813075 1.207640 -0.662747
v -0.776125 1.174609 -0.707504
v -0.812866 1.233518 -0.741883
v -0.827190 1.315925 -0.767883
v -0.839343 1.318332 -0.737735
v -0.806695 1.608774 -0.672607
v -0.769342 1.780575 -0.523853
v -0.771906 1.760223 -0.533401
v -0.842743 1.403074 -0.634566
v -0.811265 1.570216 -0.689758
v -0.792271 1.187901 -0.682336
v -0.582990 1.934716 -0.514554
v -0.614263 1.906426 -0.558519
v -0.605531 1.914678 -0.495789
v -0.799821 1.495717 -0.730359
v -0.797616 1.463039 -0.737571
v -0.538967 1.948472 -0.564469
v -0.553038 1.952847 -0.524298
v -0.792392 1.442157 -0.743510
v -0.782321 1.720834 -0.657128
v -0.753210 1.825119 -0.601685
v -0.739389 1.838793 -0.589731
v -0.826312 1.342511 -0.744755
v -0.826931 1.336978 -0.688797
v -0.841256 1.325325 -0.696592
v -0.815602 1.344929 -0.775418
v -0.745135 1.792056 -0.657288
v -0.525941 1.969805 -0.528692
v -0.494160 1.977183 -0.553448
v -0.493815 1.996554 -0.503757
v -0.699422 1.784295 -0.716361
v -0.689114 1.800865 -0.708230
v -0.736335 1.741753 -0.715409
v -0.710902 1.771743 -0.717274
v -0.841954 1.329424 -0.610986
v -0.846933 1.298409 -0.688454
v -0.827311 1.324963 -0.665316
v -0.842908 1.299851 -0.542918
v -0.842359 1.260178 -0.659071
v -0.731182 1.831939 -0.472574
v -0.738965 1.812399 -0.470045
v -0.743889 1.737211 -0.505717
v -0.752094 1.717422 -0.480240
v -0.709157 1.765060 -0.452540
v -0.734207 1.790438 -0.459041
v -0.732654 1.739293 -0.478575
v -0.808650 1.076430 -0.637548
v -0.572494 1.853247 -0.673760
v -0.564246 1.877742 -0.648716
v -0.837155 1.453819 -0.609180
v -0.828136 1.518652 -0.539176
v -0.839926 1.457447 -0.534463
v -0.804690 1.461988 -0.431444
v -0.800616 1.438898 -0.419822
v -0.816249 1.383654 -0.424849
v -0.827157 1.355278 -0.436678
v -0.809607 1.412545 -0.423299
v -0.788538 1.624541 -0.718724
v -0.789637 1.601342 -0.723292
v -0.788893 1.578393 -0.736910
v -0.798105 1.557926 -0.720161
v -0.774364 1.680748 -0.472153
v -0.762917 1.697612 -0.467007
v -0.784256 1.682576 -0.537264
v -0.800493 1.528117 -0.719275
v -0.745789 1.730852 -0.706235
v -0.833505 1.284946 -0.640634
v -0.776092 1.693755 -0.560827
v -0.817815 1.225398 -0.618999
v -0.826176 1.238865 -0.581547
v -0.785551 1.642932 -0.718232
v -0.769312 1.693609 -0.701718
v -0.774256 1.675040 -0.717419
v -0.749996 1.712592 -0.724806
v 0.034134 0.106391 -0.068758
v -0.004347 0.100933 -0.069545
v -1.004611 0.105986 -0.271698
v -1.011677 0.105704 -0.251783
v -1.007289 0.104953 -0.233953
v -1.024233 0.105387 -0.222822
v 0.037189 0.100905 -0.069889
v 0.034176 0.100930 -0.065910
v 0.002604 0.100912 -0.065683
v -0.901490 0.100629 -0.722103
v -0.919054 0.100908 -0.649323
v -0.918384 0.100908 -0.666166
v -0.891802 0.100906 -0.815001
v -0.886748 0.100906 -0.808099
v -0.899509 0.101472 -0.755978
v -0.874158 0.100960 -0.844368
v -0.887705 0.100382 -0.822868
v -0.878543 0.100912 -0.865600
v -0.874963 0.100912 -0.876551
v -0.931740 0.100881 -0.531578
v -0.525337 0.101022 -0.979052
v -0.272512 0.100799 -0.110546
v -0.442608 0.101794 -0.151844
v -0.442124 0.100916 -0.134059
v -0.415292 0.100731 -0.122776
v -0.383257 0.099586 -0.126231
v -0.261565 0.100904 -0.093098
v -0.456614 0.100914 -0.136223
v -0.481086 0.100914 -0.136204
v -0.488680 0.100914 -0.148191
v -0.966474 0.100900 -0.493692
v -0.995188 0.100935 -0.376245
v -0.969571 0.100901 -0.459131
v -0.950055 0.100900 -0.483704
v -0.983084 0.100903 -0.404375
v -0.972833 0.100903 -0.416417
v -0.969761 0.100901 -0.426998
v -0.961797 0.100040 -0.420263
v -0.955658 0.100802 -0.442519
v -0.952179 0.100917 -0.463554
v -0.933753 0.100913 -0.532182
v -0.965171 0.101866 -0.365309
v -0.933379 0.101204 -0.488499
v -0.987269 0.101120 -0.341153
v -0.955147 0.100911 -0.403878
v -0.951813 0.100901 -0.508422
v -0.961870 0.100911 -0.395122
v -0.990473 0.100901 -0.388433
v -0.184213 0.100909 -0.920391
v -0.436808 0.100838 -0.965784
v -0.481383 0.100931 -0.974324
v -0.942821 0.100901 -0.521962
v -0.137982 0.101122 -0.081529
v -0.115168 0.100914 -0.076121
v -0.149610 0.103432 -0.087188
v -0.260493 0.100917 -0.110536
v -0.229218 0.101219 -0.101376
v -0.222865 0.100904 -0.098102
v -0.198852 0.100941 -0.094606
v -0.217906 0.101581 -0.098886
v -0.105367 0.100905 -0.077294
v -0.089461 0.100120 -0.073948
v -0.261565 0.100904 -0.093098
v 0.019693 0.100856 -0.879732
v -0.055878 0.100907 -0.897699
v 0.152536 0.100947 -0.712395
v -0.868613 0.100929 -0.885854
v -0.874963 0.100912 -0.876551
v -0.055512 0.100873 -0.898516
v -0.634393 0.100944 -0.179344
v -0.489310 0.100974 -0.146918
v -0.650863 0.100923 -1.001708
v -0.711561 0.100872 -1.011835
v -0.609433 0.100921 -0.993358
v -0.797378 0.100933 -1.024533
v -0.777667 0.100849 -1.025012
v -0.650846 0.100921 -1.001812
v -0.711518 0.100905 -1.011961
v -0.858281 0.100901 -0.947498
v -0.609055 0.100927 -0.993919
v 0.058744 0.100849 -0.200712
v 0.050928 0.100929 -0.161616
v 0.083578 0.100833 -0.325271
v -0.786394 0.100933 -0.202353
v -0.749960 0.100906 -0.184541
v -0.738464 0.100871 -0.192555
v -0.937779 0.100904 -0.216423
v -0.937160 0.103120 -0.218491
v -0.710763 0.100901 -0.170082
v -0.815638 0.101657 -0.201402
v -0.806494 0.100910 -0.201069
v -0.757064 0.100906 -0.193187
v -0.940492 0.100902 -0.218250
v -0.729011 0.100901 -0.176937
v -0.699905 0.101253 -0.187183
v -0.769683 0.100957 -0.182560
v -0.742154 0.100821 -0.178386
v -0.699247 0.100905 -0.174469
v -0.788643 0.100902 -0.197812
v -0.799823 0.100902 -0.187275
v -0.768640 0.100902 -0.183668
v -0.760550 0.100909 -0.193464
v -0.985325 0.102009 -0.310089
v -0.985265 0.100900 -0.320906
v -0.769496 0.100909 -0.184651
v -0.635169 0.100913 -0.179440
v -0.976318 0.100900 -0.318625
v -0.981976 0.100387 -0.310299
v -0.961970 0.100900 -0.336776
v 0.091405 0.100917 -0.376940
v 0.105032 0.100998 -0.471280
v 0.121796 0.101060 -0.543718
v 0.152165 0.100953 -0.712469
v 0.047886 0.100835 -0.108008
v 0.037110 0.100889 -0.069891
v 0.050523 0.100987 -0.161683
v -0.005238 0.100830 -0.069846
v -0.184128 0.100896 -0.920714
v -0.798046 0.103049 -0.182634
v -0.726787 0.102616 -0.169934
v -0.767679 0.102913 -0.177234
v -0.930904 0.103093 -0.206111
v -1.008404 0.104963 -0.220013
v -0.706067 0.100901 -0.166223
v -0.905290 0.106624 -0.201699
v -0.884734 0.106419 -0.198008
v -0.931441 0.104962 -0.206329
v -0.858842 0.106955 -0.193449
v -1.008441 0.105387 -0.220043
v -0.884815 0.106921 -0.197978
v -1.003036 0.102452 -0.342052
v -0.997076 0.101547 -0.375551
v -0.994626 0.100901 -0.389376
v -0.991802 0.100903 -0.405227
v -1.014155 0.104091 -0.279770
v -1.003041 0.101959 -0.342012
vn -0.0469 0.9897 0.1355
vn -0.0511 0.9987 -0.0023
vn -0.0029 0.9925 0.1218
vn 0.1274 0.8630 0.4888
vn -0.1587 0.8596 0.4858
vn -0.0562 0.9847 0.1652
vn 0.1556 0.9868 -0.0441
vn -0.0837 0.9647 0.2498
vn 0.0352 0.9781 0.2052
vn 0.2279 0.1279 -0.9653
vn 0.2511 0.1091 -0.9618
vn 0.3558 0.2108 -0.9105
vn 0.1008 0.0640 -0.9928
vn 0.1592 0.0685 -0.9849
vn 0.0744 0.0319 -0.9967
vn 0.1016 0.0246 -0.9945
vn 0.0947 0.0590 -0.9938
vn 0.1220 0.0203 -0.9923
vn -0.9893 -0.0084 -0.1453
vn -0.9897 0.0073 -0.1431
vn -0.9848 -0.0091 -0.1733
vn -0.9897 -0.0292 -0.1398
vn -0.9958 -0.0404 -0.0819
vn -0.9961 -0.0122 -0.0874
vn -0.9907 0.0492 -0.1267
vn -0.9851 -0.0039 -0.1722
vn -0.9898 -0.0042 -0.1424
vn -0.0586 0.9983 0.0009
vn -0.0995 0.9950 -0.0082
vn -0.0713 0.9974 -0.0057
vn -0.0558 0.9982 -0.0205
vn -0.0628 0.9979 -0.0129
vn -0.0625 0.9980 -0.0122
vn -0.2574 0.3614 -0.8962
vn -0.4559 0.6810 -0.5731
vn -0.2670 0.9111 -0.3140
vn -0.9863 -0.0153 -0.1640
vn -0.9854 -0.0074 -0.1700
vn -0.9850 -0.0140 -0.1720
vn -0.9868 -0.0163 -0.1614
vn -0.9836 -0.0262 -0.1787
vn -0.9860 -0.0134 -0.1661
vn -0.9847 -0.0111 -0.1738
vn -0.9851 -0.0046 -0.1717
vn -0.9846 -0.0077 -0.1748
vn -0.9851 -0.0313 -0.1689
vn -0.9837 -0.0360 -0.1763
vn -0.9878 -0.0190 -0.1547
vn -0.6514 0.7103 -0.2669
vn -0.0424 0.9989 -0.0215
vn -0.6316 0.7484 -0.2025
vn -0.8157 0.5784 -0.0108
vn 0.0682 0.9654 -0.2519
vn -0.5101 0.8345 -0.2084
vn -0.9834 -0.0271 -0.1792
vn -0.9859 -0.0173 -0.1664
vn -0.9861 -0.0135 -0.1657
vn -0.8912 0.4031 -0.2080
vn -0.6320 0.6503 -0.4216
vn -0.9895 -0.0188 -0.1434
vn -0.5997 0.7703 -0.2167
vn -0.1899 0.9768 -0.0991
vn -0.2487 0.9654 -0.0784
vn -0.9843 -0.0126 -0.1761
vn -0.5248 0.7251 -0.4459
vn -0.3350 0.4960 -0.8011
vn -0.1915 0.1156 -0.9747
vn -0.3549 0.0487 -0.9336
vn -0.3483 -0.0170 -0.9372
vn 0.0905 0.4733 -0.8763
vn -0.3183 0.0280 -0.9476
vn -0.2925 0.1996 -0.9352
vn -0.3520 0.1366 -0.9260
vn -0.3021 -0.0340 -0.9527
vn -0.2816 0.0831 -0.9559
vn -0.3229 -0.0358 -0.9458
vn -0.0333 0.9992 -0.0209
vn -0.0231 0.9981 -0.0577
vn -0.0022 0.9997 -0.0225
vn -0.9864 -0.0255 -0.1621
vn -0.9848 -0.0022 -0.1739
vn -0.9915 -0.0235 -0.1283
vn 0.1745 -0.0302 -0.9842
vn 0.1966 0.0003 -0.9805
vn 0.3288 0.0544 -0.9428
vn 0.1508 0.9879 0.0357
vn 0.0885 0.9601 -0.2652
vn -0.1058 0.6486 -0.7538
vn -0.4832 0.6064 -0.6315
vn 0.1504 0.0867 -0.9848
vn 0.3096 0.0489 -0.9496
vn 0.0354 0.7990 -0.6003
vn 0.0495 0.8254 -0.5624
vn 0.1581 -0.0359 -0.9868
vn -0.1959 0.9508 -0.2400
vn 0.1207 0.4245 -0.8974
vn 0.1635 0.5603 -0.8120
vn -0.0866 0.9958 -0.0295
vn -0.0614 0.9960 -0.0647
vn -0.0709 0.9974 -0.0107
vn -0.0668 0.9975 -0.0211
vn -0.0644 0.9978 -0.0167
vn -0.0683 0.9976 -0.0130
vn -0.5549 0.7108 -0.4322
vn -0.2270 0.1251 -0.9658
vn -0.2830 0.2239 -0.9326
vn -0.0654 0.9977 -0.0164
vn -0.0594 0.9980 -0.0238
vn -0.0520 0.9986 -0.0136
vn -0.1746 0.9814 0.0792
vn -0.1812 0.9813 0.0644
vn -0.1677 0.9841 0.0591
vn 0.2870 0.2263 -0.9308
vn -0.1995 0.9115 -0.3596
vn 0.1693 0.5710 -0.8033
vn -0.0811 0.9926 -0.0901
vn 0.1700 0.6918 -0.7018
vn -0.0826 0.9762 -0.2007
vn -0.0445 0.9903 0.1316
vn -0.1186 0.9737 0.1947
vn -0.0615 0.9944 -0.0858
vn 0.0176 0.9997 -0.0162
vn 0.0295 0.9054 -0.4236
vn 0.0973 0.8854 -0.4545
vn 0.1862 0.0504 -0.9812
vn 0.1269 0.0297 -0.9915
vn 0.1840 0.0611 -0.9810
vn -0.9884 -0.0113 -0.1517
vn -0.9907 -0.0317 -0.1324
vn -0.9883 -0.0015 -0.1527
vn -0.2025 0.4287 -0.8805
vn -0.0402 0.0369 -0.9985
vn -0.6344 -0.0799 -0.7689
vn -0.0954 0.4835 -0.8701
vn 0.2063 0.2150 -0.9546
vn 0.2065 0.0832 -0.9749
vn -0.1616 0.5383 -0.8271
vn -0.6543 0.5916 -0.4710
vn -0.3485 0.9369 0.0283
vn -0.5633 -0.0334 -0.8256
vn -0.5861 0.4954 -0.6411
vn -0.1618 0.3532 -0.9214
vn -0.9751 0.0851 -0.2046
vn -0.9788 0.0483 -0.1992
vn -0.7673 0.5354 -0.3531
vn -0.1708 0.9758 -0.1364
vn -0.6232 0.5037 -0.5982
vn -0.2179 0.9739 -0.0631
vn -0.0534 0.9974 -0.0494
vn -0.0781 0.9969 -0.0046
vn -0.1128 0.9929 -0.0379
vn -0.0125 0.9957 0.0920
vn -0.1184 0.9930 -0.0061
vn -0.0564 0.9983 -0.0111
vn -0.0447 0.9974 -0.0567
vn -0.1428 0.9866 -0.0794
vn -0.0845 0.9919 -0.0944
vn 0.0795 0.0207 -0.9966
vn -0.1321 -0.0842 -0.9876
vn 0.0553 0.0147 -0.9984
vn 0.0558 0.0216 -0.9982
vn 0.0944 0.0495 -0.9943
vn -0.1479 -0.0297 -0.9886
vn 0.0719 -0.0499 -0.9962
vn 0.0771 0.0220 -0.9968
vn 0.0512 -0.0003 -0.9987
vn 0.0900 -0.0488 -0.9947
vn -0.6511 -0.0556 -0.7570
vn 0.1208 0.0525 -0.9913
vn -0.9873 -0.0202 -0.1578
vn -0.9854 0.0495 -0.1630
vn -0.9816 0.0889 -0.1688
vn -0.9882 -0.0185 -0.1518
vn -0.9948 0.0576 -0.0844
vn -0.7087 0.6540 -0.2646
vn -0.5924 0.5543 -0.5846
vn -0.9841 0.0755 -0.1609
vn -0.9881 0.0434 -0.1476
vn -0.6397 0.7674 0.0432
vn -0.1088 0.9939 -0.0188
vn -0.7627 0.6212 0.1801
vn -0.9869 -0.0276 -0.1592
vn -0.9877 -0.0655 -0.1423
vn -0.9982 -0.0498 -0.0336
vn -0.5913 0.7779 -0.2126
vn -0.7571 0.6370 -0.1448
vn -0.9940 0.0163 -0.1083
vn -0.9885 -0.0190 -0.1499
vn -0.9862 -0.0087 -0.1653
vn -0.6949 0.6314 -0.3441
vn -0.8455 0.5252 -0.0964
vn -0.8037 0.5036 -0.3168
vn -0.9747 -0.0222 -0.2225
vn -0.4544 0.7560 -0.4713
vn -0.1868 0.9783 0.0901
vn -0.1588 0.6471 -0.7457
vn -0.2341 0.6449 -0.7275
vn -0.1956 0.9495 -0.2454
vn -0.0886 0.9566 -0.2776
vn 0.3119 0.1534 -0.9376
vn 0.2267 -0.0305 -0.9735
vn 0.0941 0.9293 -0.3571
vn 0.1467 -0.1271 -0.9810
vn 0.2113 -0.0744 -0.9746
vn 0.2209 -0.1830 -0.9580
vn -0.0075 0.9970 -0.0770
vn -0.0217 0.9979 -0.0612
vn 0.1841 0.9186 -0.3498
vn -0.0497 0.9984 -0.0272
vn -0.0875 0.9960 -0.0187
vn -0.0902 0.9956 -0.0233
vn 0.1082 0.0356 -0.9935
vn 0.1621 0.0415 -0.9859
vn 0.1294 0.0388 -0.9908
vn 0.0409 0.0252 -0.9988
vn 0.0759 -0.0031 -0.9971
vn 0.1150 -0.0119 -0.9933
vn 0.0595 -0.0540 -0.9968
vn 0.0926 -0.0563 -0.9941
vn 0.0765 -0.0115 -0.9970
vn 0.2022 0.1356 -0.9699
vn 0.2412 0.0928 -0.9660
vn 0.2412 0.1361 -0.9609
vn -0.9953 -0.0116 -0.0958
vn -0.9695 -0.0337 -0.2429
vn -0.9942 -0.0747 -0.0772
vn -0.1555 -0.0915 -0.9836
vn -0.9708 -0.0138 -0.2393
vn -0.8236 0.0385 -0.5659
vn -0.9982 -0.0066 -0.0592
vn -0.9754 -0.1154 -0.1879
vn -0.9943 -0.0419 -0.0981
vn 0.2168 0.0125 -0.9761
vn 0.2028 0.0417 -0.9783
vn 0.2038 0.0114 -0.9789
vn 0.2965 0.1958 -0.9347
vn 0.1798 0.1207 -0.9763
vn 0.2486 0.1237 -0.9607
vn 0.1931 0.1542 -0.9690
vn 0.1028 0.1773 -0.9788
vn 0.1871 0.1656 -0.9683
vn 0.3460 -0.0482 -0.9370
vn 0.1938 -0.0800 -0.9778
vn 0.2226 -0.0333 -0.9744
vn 0.1565 0.0269 -0.9873
vn 0.1897 0.0128 -0.9818
vn 0.2357 0.1209 -0.9643
vn 0.0612 0.9453 -0.3203
vn 0.1588 0.0865 -0.9835
vn 0.0132 0.6123 -0.7905
vn 0.0877 0.0770 -0.9932
vn 0.2069 0.1190 -0.9711
vn 0.1278 0.0753 -0.9889
vn 0.1164 0.0901 -0.9891
vn 0.2369 0.0203 -0.9713
vn 0.1700 0.1004 -0.9803
vn -0.0216 0.9992 -0.0327
vn -0.0552 0.9972 -0.0502
vn -0.2120 0.8484 -0.4851
vn -0.6939 0.6416 0.3270
vn -0.1150 0.9921 0.0502
vn -0.2548 0.8519 0.4575
vn -0.2822 0.7953 0.5365
vn -0.0458 0.9941 -0.0979
vn -0.4108 0.9050 0.1108
vn -0.0893 0.5508 0.8298
vn -0.0217 0.9927 -0.1184
vn -0.0472 0.9890 -0.1405
vn 0.2321 0.9486 0.2150
vn 0.1110 0.9666 0.2308
vn 0.1044 0.9864 -0.1271
vn -0.1736 0.1379 0.9751
vn -0.2623 0.9538 -0.1465
vn -0.2442 0.9675 -0.0660
vn 0.0644 0.9181 -0.3910
vn 0.0689 0.9248 -0.3741
vn 0.0694 0.9277 -0.3668
vn -0.0598 0.9755 -0.2119
vn 0.1829 0.8487 -0.4963
vn 0.0410 0.8938 -0.4467
vn -0.2682 0.9501 -0.1595
vn 0.0521 0.9543 -0.2944
vn 0.0341 0.9573 -0.2871
vn 0.0403 0.9526 -0.3016
vn 0.0633 0.9466 -0.3162
vn 0.0383 0.9582 -0.2834
vn 0.0666 0.9501 -0.3047
vn -0.0413 0.9617 -0.2708
vn -0.0229 0.9574 -0.2880
vn -0.1296 0.9885 -0.0778
vn -0.0327 0.9992 0.0223
vn -0.0065 0.9881 0.1539
vn 0.4891 0.3067 0.8165
vn -0.1423 0.9839 0.1081
vn -0.0423 0.9868 0.1562
vn 0.6497 0.6419 0.4073
vn 0.3004 0.8392 0.4533
vn 0.2000 0.9728 0.1166
vn -0.1924 0.7320 0.6536
vn -0.2462 0.8041 0.5411
vn -0.3855 0.9150 0.1192
vn 0.0183 0.8888 0.4578
vn -0.2128 0.7156 0.6653
vn -0.0194 0.8714 0.4903
vn 0.0466 0.8805 0.4717
vn 0.0006 0.9691 0.2466
vn -0.0169 0.9887 0.1491
vn 0.0042 0.9981 0.0609
vn 0.0008 0.9997 0.0230
vn 0.0036 0.9999 0.0152
vn 0.3756 0.1014 0.9212
vn 0.4090 0.2561 0.8759
vn 0.3451 0.1283 0.9298
vn 0.1388 0.9555 0.2603
vn 0.7129 0.4393 0.5466
vn 0.4344 0.8459 0.3095
vn -0.0411 0.9991 0.0059
vn -0.0007 0.9723 0.2338
vn -0.0160 0.9989 0.0433
vn 0.4170 0.3682 0.8310
vn 0.1034 0.9921 0.0708
vn 0.1816 0.7322 0.6564
vn -0.0014 1.0000 -0.0078
vn -0.0186 0.9993 -0.0323
vn -0.0151 0.9992 -0.0372
vn 0.0576 0.9979 0.0312
vn -0.0770 0.9969 0.0132
vn -0.0958 0.9948 0.0336
vn 0.1722 0.8346 0.5233
vn 0.4016 0.3706 0.8375
vn 0.4429 0.5542 0.7048
vn 0.3404 0.3477 0.8736
vn 0.4462 0.1853 0.8755
vn 0.2937 0.7294 0.6178
vn 0.5104 0.2453 0.8242
vn 0.2986 0.4783 0.8259
vn 0.1078 0.8201 0.5620
vn 0.2568 0.3920 0.8834
vn 0.3363 0.6437 0.6874
vn 0.4141 0.6359 0.6513
vn 0.2672 0.0647 0.9615
vn 0.2798 0.0556 0.9585
vn 0.1860 0.0845 0.9789
vn 0.3022 0.8624 0.4061
vn -0.0232 0.9627 0.2696
vn 0.6354 0.4537 0.6249
vn -0.0368 0.9985 0.0399
vn -0.0204 0.9974 0.0696
vn -0.0721 0.7643 0.6408
vn 0.2717 0.8780 0.3941
vn 0.6295 0.3749 0.6805
vn 0.7197 0.3888 0.5751
vn 0.4401 0.2018 0.8750
vn 0.4326 0.0714 0.8987
vn 0.5277 0.0453 0.8482
vn -0.0766 0.9968 0.0235
vn -0.0543 0.9985 0.0038
vn -0.0948 0.9938 0.0582
vn 0.3937 0.2886 0.8728
vn 0.6979 0.6799 0.2252
vn 0.3832 0.2309 0.8944
vn 0.3798 0.3259 0.8658
vn 0.3799 0.0448 0.9240
vn 0.4574 0.1670 0.8734
vn 0.4458 0.0667 0.8926
vn 0.0255 0.7559 0.6542
vn 0.5005 0.0338 0.8651
vn -0.0310 0.9985 -0.0450
vn -0.0090 0.9992 -0.0387
vn -0.0259 0.9996 -0.0113
vn 0.4628 0.8680 0.1799
vn -0.1337 0.9910 0.0107
vn -0.0920 0.9957 0.0061
vn 0.8042 0.1796 0.5666
vn 0.6914 0.1295 0.7108
vn 0.6260 0.2005 0.7536
vn 0.3983 0.8550 0.3322
vn 0.6577 0.1676 0.7344
vn 0.6289 0.5965 0.4987
vn 0.0024 0.9994 -0.0345
vn 0.1001 0.9914 0.0839
vn -0.0206 0.9998 -0.0027
vn -0.0059 1.0000 0.0069
vn 0.0078 1.0000 0.0038
vn 0.0059 0.9999 0.0121
vn 0.6614 0.1494 0.7351
vn 0.5848 0.1109 0.8036
vn 0.6059 0.2153 0.7659
vn 0.5284 0.3363 0.7795
vn 0.5798 0.1859 0.7933
vn 0.5727 0.0852 0.8153
vn 0.7236 0.2392 0.6475
vn 0.5997 0.1517 0.7857
vn 0.3319 0.8434 0.4225
vn -0.0837 0.9931 -0.0826
vn -0.0777 0.9932 -0.0870
vn 0.1484 0.9884 0.0334
vn 0.5067 0.7594 0.4082
vn 0.7234 0.2384 0.6479
vn 0.3320 0.8431 0.4230
vn -0.9795 0.0612 0.1918
vn -0.8745 -0.0671 0.4804
vn -0.1886 -0.1600 0.9689
vn -0.0431 0.9991 0.0067
vn -0.0985 0.9923 0.0758
vn -0.0671 0.9969 0.0416
vn -0.9857 -0.0086 -0.1684
vn -0.9849 -0.0073 -0.1727
vn -0.9854 -0.0102 -0.1700
vn -0.9852 -0.0108 -0.1712
vn -0.9850 -0.0169 -0.1718
vn -0.9843 -0.0166 -0.1758
vn -0.9844 -0.0157 -0.1751
vn -0.9851 -0.0133 -0.1717
vn -0.9846 -0.0161 -0.1740
vn -0.9827 -0.0263 -0.1831
vn -0.9841 -0.0248 -0.1759
vn -0.9851 -0.0269 -0.1701
vn -0.9845 -0.0028 -0.1755
vn -0.9853 -0.0109 -0.1705
vn -0.9859 -0.0117 -0.1667
vn -0.9840 -0.0147 -0.1776
vn -0.9841 -0.0087 -0.1772
vn -0.9828 -0.0105 -0.1845
vn -0.9828 0.0006 -0.1847
vn -0.9839 -0.0021 -0.1789
vn -0.9837 0.0154 -0.1794
vn -0.9835 -0.0146 -0.1801
vn -0.9839 -0.0098 -0.1782
vn -0.9843 -0.0167 -0.1760
vn -0.1672 0.0009 0.9859
vn -0.1828 0.0043 0.9831
vn -0.1708 -0.0021 0.9853
vn -0.6402 0.0554 0.7662
vn -0.9182 0.0599 0.3915
vn -0.9923 0.0070 -0.1238
vn -0.3568 0.0823 0.9305
vn -0.9179 0.2628 0.2974
vn -0.2765 0.0078 0.9610
vn -0.1720 -0.0112 0.9850
vn -0.1684 -0.0048 0.9857
vn -0.1719 0.0067 0.9851
vn -0.9847 -0.0153 -0.1737
vn -0.9842 -0.0202 -0.1760
vn -0.9842 -0.0147 -0.1767
vn -0.7175 0.6748 0.1727
vn -0.9776 0.1557 0.1415
vn -0.3786 0.9252 0.0276
vn -0.9832 -0.0085 -0.1825
vn -0.9841 -0.0080 -0.1777
vn -0.9841 -0.0131 -0.1771
vn -0.9895 0.0194 -0.1433
vn -0.9935 0.1039 0.0459
vn -0.9896 -0.0095 -0.1438
vn -0.9831 -0.0082 -0.1831
vn -0.9838 -0.0151 -0.1785
vn -0.9821 -0.0147 -0.1880
vn -0.7578 0.6481 0.0757
vn -0.9402 0.2376 0.2441
vn -0.4266 0.8989 -0.0993
vn -0.9833 -0.0168 -0.1813
vn -0.9907 -0.0098 -0.1354
vn -0.9739 0.0653 -0.2175
vn -0.7391 -0.0602 0.6709
vn -0.9557 -0.2212 0.1942
vn -0.4016 -0.0155 0.9157
vn -0.9857 -0.0089 -0.1684
vn -0.9857 -0.0091 -0.1682
vn -0.9854 0.0007 -0.1701
vn -0.3143 -0.0112 0.9493
vn -0.9912 -0.0150 0.1316
vn -0.7218 -0.0519 0.6901
vn -0.9342 0.0470 0.3536
vn -0.9986 -0.0229 -0.0487
vn -0.6924 -0.0494 0.7199
vn -0.9663 -0.1065 -0.2342
vn -0.9477 -0.2283 0.2231
vn -0.6490 -0.0123 0.7607
vn -0.9851 -0.0239 -0.1703
vn -0.9828 -0.0270 -0.1829
vn -0.9872 -0.0230 -0.1581
vn -0.1843 0.9827 -0.0148
vn -0.1145 0.9934 0.0003
vn -0.3638 0.9310 0.0313
vn -0.1571 0.9873 0.0252
vn -0.0240 0.9988 -0.0431
vn -0.0435 0.9990 -0.0056
vn -0.9811 0.1688 -0.0950
vn -0.9689 0.0169 -0.2470
vn -0.3359 0.9390 0.0740
vn -0.7460 0.6653 -0.0303
vn -0.9737 0.2144 -0.0776
vn -0.9945 -0.0356 -0.0989
vn -0.2400 0.9707 -0.0084
vn -0.2660 0.9639 0.0126
vn -0.8510 0.4602 -0.2531
vn -0.9914 -0.0634 0.1141
vn -0.9002 -0.3661 0.2359
vn -0.9681 -0.0749 -0.2391
vn -0.6419 0.3205 0.6966
vn -0.9645 0.0899 0.2485
vn -0.9995 -0.0090 -0.0306
vn -0.9562 -0.1446 -0.2546
vn -0.9610 -0.1259 -0.2464
vn -0.9622 -0.1051 -0.2511
vn -0.9905 -0.0101 -0.1369
vn -0.9870 -0.1269 -0.0984
vn -0.9683 0.0475 -0.2452
vn -0.9680 0.1377 -0.2100
vn -0.9322 0.3268 -0.1557
vn -0.9893 0.0538 -0.1354
vn -0.9778 0.0056 -0.2096
vn -0.9798 -0.0286 -0.1979
vn -0.9744 -0.0624 -0.2159
vn -0.8175 0.5357 -0.2112
vn -0.9700 0.0320 -0.2408
vn -0.9732 -0.1286 -0.1907
vn -0.2529 -0.0036 0.9675
vn -0.0848 -0.0439 0.9954
vn -0.2229 -0.0838 0.9712
vn 0.9829 -0.0285 0.1820
vn 0.9846 -0.0439 0.1694
vn 0.9832 -0.1166 0.1406
vn 0.6458 0.6197 0.4460
vn 0.5065 0.7598 0.4077
vn 0.0272 0.9735 0.2272
vn -0.1811 0.0308 0.9830
vn -0.2062 -0.0212 0.9783
vn -0.0633 0.2173 0.9741
vn 0.5068 0.7595 0.4079
vn 0.6459 0.6197 0.4458
vn 0.7234 0.2387 0.6479
vn 0.6449 0.6200 0.4470
vn 0.7556 -0.0117 0.6549
vn 0.7225 0.2394 0.6487
vn -0.1516 -0.0010 0.9884
vn -0.1643 0.0188 0.9862
vn -0.1537 0.0131 0.9880
vn -0.0158 0.1552 0.9878
vn -0.0247 0.1975 0.9800
vn -0.0389 0.1741 0.9840
vn 0.3325 0.8435 0.4218
vn 0.1064 0.9914 0.0755
vn 0.0087 0.9990 -0.0429
vn 0.2531 0.1015 0.9621
vn 0.2003 0.4020 0.8935
vn 0.2033 0.2813 0.9378
vn -0.1957 -0.0243 0.9804
vn -0.1768 -0.0198 0.9840
vn -0.1901 0.0010 0.9818
vn -0.1629 -0.0220 0.9864
vn -0.1759 -0.0329 0.9839
vn -0.1840 -0.0271 0.9825
vn -0.1754 -0.0316 0.9840
vn -0.1677 -0.0237 0.9856
vn -0.1660 -0.0312 0.9856
vn -0.1696 -0.0105 0.9855
vn -0.1931 -0.0314 0.9807
vn -0.1996 -0.0397 0.9791
vn -0.8293 0.5427 -0.1327
vn -0.3362 0.9409 -0.0410
vn -0.9690 0.0427 -0.2435
vn -0.9661 -0.0979 -0.2390
vn -0.9799 -0.0005 -0.1994
vn -0.9780 -0.0631 -0.1989
vn -0.3786 0.9252 0.0275
vn -0.2250 0.9721 0.0661
vn 0.0834 0.9965 -0.0009
vn -0.9900 -0.1137 0.0837
vn -0.9351 0.3541 -0.0127
vn -0.9351 0.3541 -0.0126
vn -0.2250 0.9721 0.0662
vn -0.3634 0.9315 0.0144
vn 0.0996 0.9949 -0.0153
vn -0.1840 0.9824 -0.0332
vn -0.9221 0.2878 -0.2587
vn -0.9644 -0.2032 -0.1695
vn -0.9673 -0.1725 -0.1860
vn -0.8996 0.2869 -0.3292
vn -0.4549 0.8856 -0.0939
vn -0.5146 0.8502 -0.1112
vn -0.9840 0.0073 -0.1778
vn -0.6620 0.6907 -0.2912
vn -0.9852 -0.0299 -0.1686
vn -0.1348 0.9907 -0.0175
vn -0.4021 0.9144 0.0474
vn -0.7225 0.6716 0.1645
vn -0.3158 0.9479 0.0417
vn -0.6026 0.7980 0.0069
vn -0.2765 0.9421 0.1896
vn -0.3363 0.9409 -0.0409
vn -0.0099 0.9996 0.0247
vn -0.3879 0.9169 -0.0940
vn -0.9844 -0.0077 -0.1758
vn -0.9740 0.0786 -0.2127
vn -0.9838 0.1204 -0.1325
vn -0.9831 -0.0132 -0.1828
vn -0.9840 0.0026 -0.1783
vn -0.9872 -0.0123 -0.1588
vn -0.9690 0.0264 0.2455
vn -0.9448 0.2151 -0.2472
vn -0.9499 -0.0472 0.3090
vn 0.1168 0.9931 -0.0050
vn 0.4841 0.8634 0.1423
vn 0.8672 0.4592 0.1928
vn 0.3290 0.8917 -0.3109
vn -0.1218 0.8524 -0.5085
vn 0.7979 0.4692 -0.3784
vn 0.6162 0.7469 -0.2498
vn 0.1506 0.9885 -0.0151
vn 0.2227 0.9494 -0.2213
vn 0.8749 -0.1373 -0.4645
vn 0.8701 -0.0198 -0.4926
vn 0.5826 0.7388 -0.3387
vn 0.4134 0.9032 0.1154
vn 0.2168 0.9760 -0.0201
vn 0.7879 0.5783 0.2115
vn 0.4609 0.8676 0.1867
vn 0.1284 0.9915 -0.0221
vn 0.2077 0.9751 0.0773
vn 0.8733 0.4221 0.2434
vn 0.8893 0.3748 0.2620
vn 0.2368 0.9708 -0.0389
vn -0.1639 0.9091 -0.3831
vn 0.0923 0.5398 -0.8367
vn -0.0298 0.9863 -0.1620
vn 0.1135 0.9383 -0.3268
vn 0.4006 -0.2141 -0.8909
vn 0.2848 0.5591 -0.7787
vn 0.4851 0.4988 -0.7183
vn 0.3425 0.8999 -0.2700
vn 0.5705 0.1823 -0.8008
vn 0.9960 0.0130 0.0885
vn 0.9837 0.0172 0.1791
vn 0.9038 -0.0083 -0.4279
vn 0.7250 0.3962 -0.5633
vn 0.3569 0.8345 -0.4199
vn 0.6958 0.4474 -0.5618
vn 0.3568 0.2097 -0.9104
vn 0.1446 0.1399 -0.9796
vn 0.3223 -0.4361 -0.8402
vn 0.9016 -0.0065 -0.4325
vn 0.5099 -0.0156 -0.8601
vn 0.9964 0.0152 0.0835
vn 0.6507 -0.1467 -0.7450
vn 0.9162 0.0978 -0.3885
vn 0.6165 0.0311 -0.7867
vn 0.4777 0.7347 -0.4817
vn -0.0028 0.9995 -0.0312
vn 0.5563 0.3445 -0.7562
vn 0.6974 0.4542 -0.5544
vn 0.9079 -0.1507 -0.3911
vn 0.3088 0.7939 -0.5238
vn 0.6308 0.7350 -0.2486
vn 0.2223 0.9642 -0.1449
vn -0.0155 0.9968 -0.0781
vn 0.4356 0.7334 -0.5220
vn 0.6706 -0.0459 -0.7404
vn 0.7522 0.1001 -0.6513
vn 0.2048 0.9561 -0.2098
vn 0.3702 0.6177 -0.6939
vn 0.0790 0.9958 -0.0463
vn 0.4498 -0.3657 -0.8148
vn 0.3929 -0.2649 -0.8806
vn 0.2494 -0.5185 -0.8179
vn 0.1227 0.9696 -0.2119
vn 0.5095 0.5804 -0.6352
vn 0.3832 0.5525 -0.7402
vn 0.3786 -0.0024 -0.9255
vn 0.4337 -0.2746 -0.8582
vn 0.2103 -0.1337 -0.9685
vn 0.3430 0.8765 -0.3378
vn 0.6763 0.6421 -0.3610
vn 0.0334 0.9775 -0.2084
vn 0.1726 0.3472 -0.9218
vn 0.0935 -0.0871 -0.9918
vn 0.2061 0.1418 -0.9682
vn 0.6224 0.0091 -0.7827
vn 0.6254 0.0180 -0.7801
vn 0.5526 0.0704 -0.8305
vn 0.2960 -0.5147 -0.8047
vn 0.2224 -0.4484 -0.8657
vn 0.2715 -0.3770 -0.8855
vn 0.7138 0.1290 -0.6883
vn 0.6119 0.1658 -0.7734
vn 0.6978 0.0116 -0.7162
vn 0.2709 -0.4816 -0.8335
vn 0.4544 -0.2364 -0.8588
vn 0.3082 0.1613 -0.9375
vn 0.9749 -0.0354 0.2199
vn 0.9689 -0.0501 0.2425
vn 0.9725 -0.0790 0.2191
vn 0.1798 0.9545 -0.2380
vn 0.2503 0.6777 -0.6914
vn 0.0658 0.9711 -0.2294
vn 0.9853 -0.0323 0.1680
vn 0.9885 -0.0356 0.1471
vn 0.9931 -0.0489 0.1069
vn 0.9864 -0.0630 0.1516
vn 0.9893 -0.0643 0.1307
vn 0.9894 -0.0668 0.1288
vn 0.0888 -0.9959 0.0148
vn 0.0734 -0.9952 0.0649
vn -0.0229 -0.9984 -0.0523
vn 0.9830 -0.0313 0.1807
vn 0.9809 -0.0248 0.1928
vn 0.9802 -0.0173 0.1972
vn 0.9860 -0.0185 0.1656
vn 0.9842 -0.0269 0.1748
vn 0.9850 -0.0095 0.1724
vn 0.6351 0.3916 -0.6658
vn 0.3631 0.7464 -0.5576
vn 0.6941 0.4720 -0.5435
vn -0.6217 -0.1258 0.7731
vn -0.4463 0.7570 0.4773
vn -0.6205 0.6105 0.4922
vn -0.2260 0.3431 0.9117
vn 0.1824 0.9745 0.1303
vn 0.3895 0.8321 0.3948
vn -0.1621 0.3410 0.9260
vn 0.0630 0.4618 0.8848
vn 0.2805 0.3903 0.8769
vn -0.8878 0.3876 -0.2482
vn -0.9905 -0.0203 -0.1358
vn -0.8152 0.5785 -0.0272
vn 0.3957 -0.0304 -0.9179
vn 0.2069 -0.1131 -0.9718
vn 0.1703 0.3178 -0.9327
vn 0.6236 0.1418 -0.7688
vn 0.6714 0.6271 -0.3948
vn 0.7130 0.3398 -0.6133
vn -0.0088 1.0000 -0.0032
vn 0.0263 0.9997 0.0017
vn 0.0265 0.9996 0.0014
vn 0.0426 0.9613 -0.2723
vn -0.0087 0.9933 -0.1152
vn -0.0749 0.9924 -0.0975
vn -0.9998 0.0192 -0.0022
vn -0.4542 0.8647 -0.2146
vn -0.7893 0.5992 0.1338
vn -0.9872 0.0280 -0.1572
vn -0.8831 0.3449 -0.3180
vn -0.3940 0.8575 -0.3308
vn -0.5733 0.6866 -0.4470
vn 0.2475 0.8855 -0.3932
vn 0.3881 0.8270 -0.4067
vn -0.8547 0.5050 0.1207
vn -0.0736 0.9766 -0.2019
vn 0.0228 0.9928 -0.1175
vn 0.0074 0.9857 0.1685
vn -0.0096 0.9979 0.0637
vn -0.0178 0.9998 0.0039
vn 0.0041 0.1952 0.9808
vn -0.0911 0.8711 0.4825
vn -0.3213 0.8096 0.4912
vn 0.0965 0.9875 -0.1247
vn 0.0552 0.9956 -0.0762
vn -0.3559 0.8244 -0.4402
vn 0.2231 0.9730 -0.0588
vn 0.2283 0.8968 -0.3790
vn 0.4101 0.7962 -0.4448
vn 0.1693 0.9716 0.1653
vn -0.1619 0.9767 -0.1406
vn -0.1611 0.9691 -0.1866
vn 0.1320 0.9890 -0.0661
vn 0.1832 0.9784 -0.0958
vn 0.0895 0.9958 -0.0208
vn -0.1490 0.9047 -0.3992
vn -0.0699 0.9605 -0.2695
vn -0.2148 0.9403 -0.2640
vn 0.0743 0.9935 -0.0866
vn 0.0022 0.9909 -0.1349
vn 0.0503 0.9928 -0.1087
vn -0.0990 0.1292 0.9867
vn -0.2676 0.2251 0.9369
vn -0.2354 0.7952 0.5588
vn -0.1777 0.1446 0.9734
vn 0.1066 0.9632 0.2467
vn 0.3767 0.9063 0.1916
vn -0.1786 0.1448 0.9732
vn 0.1064 0.9655 0.2377
vn 0.1048 0.9635 0.2462
vn -0.0782 0.1374 0.9874
vn -0.2080 0.8219 0.5303
vn 0.1707 0.6966 0.6968
vn 0.1109 0.9580 -0.2643
vn 0.1013 0.9027 -0.4182
vn 0.2423 0.8519 -0.4643
vn -0.1590 0.0034 0.9873
vn -0.1582 0.0007 0.9874
vn -0.1594 0.0050 0.9872
vn -0.0315 0.9484 0.3156
vn -0.0236 0.9913 0.1295
vn -0.0474 0.7823 0.6211
vn -0.1515 0.2050 0.9669
vn 0.1984 0.6651 0.7199
vn -0.4311 0.7474 0.5055
vn -0.3294 -0.0842 0.9404
vn -0.0733 0.9452 0.3181
vn 0.2398 0.7935 0.5593
vn -0.1868 0.0027 0.9824
vn -0.1881 0.0074 0.9821
vn -0.1803 0.0074 0.9836
vn 0.2405 0.0511 0.9693
vn 0.1959 0.2380 0.9513
vn 0.2224 0.0140 0.9749
vn -0.1579 0.4605 0.8735
vn 0.1026 0.9298 0.3534
vn -0.2305 0.7564 0.6122
vn -0.0104 0.0760 0.9971
vn -0.0010 0.6750 0.7378
vn -0.2574 0.2018 0.9450
vn -0.1061 0.4983 0.8605
vn 0.0203 0.6354 0.7719
vn -0.0275 0.7101 0.7036
vn 0.2244 -0.0186 0.9743
vn -0.1140 -0.0099 0.9934
vn 0.3437 0.0253 0.9388
vn 0.1370 0.9566 0.2573
vn -0.1327 0.9852 -0.1088
vn 0.3331 0.8149 0.4744
vn -0.1620 0.1922 0.9679
vn -0.4334 0.7408 0.5132
vn -0.0143 0.8774 0.4795
vn 0.2266 -0.2312 -0.9461
vn 0.6310 0.6582 -0.4106
vn 0.3815 -0.1634 -0.9098
vn 0.1524 0.9298 -0.3350
vn 0.2429 0.9233 -0.2976
vn 0.0911 0.9832 -0.1579
vn 0.9717 0.1094 0.2093
vn 0.9866 0.0054 0.1629
vn 0.9800 -0.0431 0.1944
vn 0.9851 -0.0480 0.1649
vn 0.9770 -0.0851 0.1955
vn 0.9688 -0.0727 0.2371
vn 0.2693 0.2974 -0.9160
vn 0.2079 0.1606 -0.9649
vn 0.3248 -0.3033 -0.8958
vn 0.2785 0.1387 -0.9504
vn 0.4189 -0.2412 -0.8754
vn 0.1444 0.9260 -0.3487
vn -0.0142 0.9694 -0.2451
vn 0.4609 0.1018 -0.8816
vn 0.2890 0.1489 -0.9457
vn 0.6511 0.0020 -0.7590
vn 0.2375 0.8806 -0.4102
vn 0.2382 0.8963 -0.3740
vn 0.5709 0.1456 -0.8080
vn 0.5554 0.4132 -0.7217
vn 0.4530 0.7888 -0.4155
vn 0.6360 -0.1375 -0.7593
vn 0.6208 0.0245 -0.7836
vn 0.6164 0.0056 -0.7874
vn 0.0855 0.9848 -0.1509
vn 0.0539 0.9778 -0.2023
vn 0.1294 0.9335 -0.3345
vn -0.1752 0.9242 -0.3393
vn -0.0225 0.9944 0.1035
vn -0.0619 0.9831 0.1720
vn -0.0491 0.9600 -0.2758
vn 0.2231 0.6256 -0.7475
vn 0.4293 0.0925 -0.8984
vn 0.2843 0.1421 -0.9481
vn 0.1451 0.9274 -0.3446
vn 0.0571 0.9746 -0.2163
vn 0.0678 0.9958 0.0609
vn 0.6247 0.7555 -0.1976
vn 0.8338 0.3351 -0.4386
vn 0.8047 -0.0560 -0.5910
vn 0.8423 0.0327 -0.5380
vn 0.8298 -0.0934 -0.5502
vn 0.6942 -0.1113 -0.7111
vn 0.3820 -0.2591 -0.8871
vn 0.4335 -0.3457 -0.8322
vn 0.2133 0.8026 -0.5571
vn 0.9529 0.2579 -0.1598
vn 0.8874 0.4526 -0.0871
vn 0.7202 0.3320 -0.6092
vn 0.6845 0.0237 -0.7286
vn 0.7992 -0.1179 -0.5894
vn 0.5304 0.3658 -0.7648
vn 0.3800 0.7743 -0.5061
vn 0.3673 0.7391 -0.5647
vn 0.8023 -0.1168 -0.5854
vn 0.8103 0.0255 -0.5855
vn 0.8539 -0.0084 -0.5203
vn 0.5635 -0.0229 -0.8258
vn 0.5547 0.1596 -0.8166
vn 0.4083 -0.2665 -0.8731
vn 0.6444 -0.4844 -0.5917
vn 0.9964 0.0298 0.0792
vn 0.9813 0.0755 0.1770
vn 0.7839 0.6046 0.1411
vn 0.0148 0.9999 -0.0083
vn 0.2632 0.9647 0.0074
vn 0.1736 -0.0278 -0.9844
vn 0.6260 -0.0614 -0.7774
vn 0.6211 -0.1032 -0.7769
vn 0.6876 -0.0731 -0.7224
vn 0.4250 -0.3159 -0.8483
vn 0.7399 -0.0412 -0.6715
vn 0.5516 0.0517 -0.8325
vn 0.7556 0.3833 -0.5312
vn 0.7021 0.0496 -0.7103
vn 0.9805 0.0045 0.1963
vn 0.9812 0.0116 0.1928
vn 0.9834 0.0020 0.1812
vn 0.9922 0.0700 0.1033
vn 0.9966 0.0377 0.0729
vn 0.7355 -0.0806 -0.6728
vn 0.7830 0.1217 -0.6100
vn 0.6714 -0.0193 -0.7409
vn 0.7615 -0.0191 -0.6478
vn -0.8033 -0.0205 -0.5952
vn -0.6187 0.1294 -0.7749
vn -0.7508 0.1158 -0.6503
vn 0.2233 0.1210 -0.9672
vn 0.1913 0.1106 -0.9753
vn 0.2711 0.1919 -0.9432
vn -0.2012 -0.1276 -0.9712
vn 0.1370 -0.0265 -0.9902
vn 0.1906 -0.1585 -0.9688
vn 0.2704 -0.0497 -0.9615
vn 0.2231 0.1190 -0.9675
vn 0.0985 -0.0388 -0.9944
vn 0.1569 -0.0139 -0.9875
vn 0.1330 -0.0881 -0.9872
vn 0.1337 -0.0891 -0.9870
vn 0.9862 0.0239 0.1641
vn 0.9874 0.0189 0.1571
vn 0.9865 0.0272 0.1615
vn 0.9837 0.0071 0.1797
vn 0.8752 0.4351 0.2116
vn 0.4925 0.8445 0.2103
vn 0.9847 0.0080 0.1743
vn 0.9844 0.0048 0.1759
vn 0.9847 0.0073 0.1741
vn 0.9843 0.0014 0.1765
vn 0.9845 0.0043 0.1755
vn 0.9837 0.0002 0.1796
vn 0.5525 0.3247 -0.7677
vn 0.6652 -0.0516 -0.7449
vn 0.4348 0.7313 -0.5255
vn 0.9853 0.0031 0.1705
vn 0.9848 -0.0021 0.1738
vn 0.9861 -0.0242 0.1644
vn 0.9850 0.0014 0.1724
vn 0.9842 -0.0001 0.1769
vn 0.9844 0.0078 0.1760
vn 0.1407 0.0500 -0.9888
vn 0.1246 0.0595 -0.9904
vn 0.1287 0.0339 -0.9911
vn -0.9874 -0.0978 -0.1245
vn -0.9817 -0.1113 -0.1546
vn -0.9857 -0.0996 -0.1360
vn -0.9718 -0.0055 -0.2359
vn -0.9804 -0.0949 -0.1727
vn -0.9843 -0.0998 -0.1458
vn 0.1920 -0.0602 -0.9795
vn 0.1726 -0.0837 -0.9814
vn 0.1063 -0.2004 -0.9739
vn 0.1313 -0.0160 -0.9912
vn 0.1655 -0.0976 -0.9814
vn 0.1510 -0.0251 -0.9882
vn 0.9836 0.0201 0.1791
vn 0.9843 -0.0071 0.1765
vn 0.9853 -0.0266 0.1687
vn 0.0182 -0.1168 0.9930
vn -0.2290 0.6094 0.7591
vn -0.0846 0.4877 0.8689
vn -0.2788 0.3943 0.8757
vn 0.1843 0.6608 0.7276
vn -0.3884 0.8877 0.2472
vn -0.3146 0.0246 0.9489
vn -0.2855 0.8022 0.5243
vn -0.1836 0.7538 0.6309
vn -0.0653 -0.0704 0.9954
vn -0.1807 0.2912 0.9394
vn -0.0328 0.1645 0.9858
vn -0.3459 0.3041 0.8876
vn -0.4327 0.3173 0.8438
vn -0.3882 0.6237 0.6784
vn -0.0564 0.1101 0.9923
vn 0.5232 0.8516 0.0328
vn 0.4180 0.8298 0.3698
vn -0.5627 0.1464 0.8136
vn 0.0520 0.5378 0.8415
vn -0.1744 0.6056 0.7764
vn -0.1831 0.0676 0.9808
vn -0.0860 0.6043 0.7921
vn 0.0475 0.6960 0.7164
vn -0.1961 0.0893 0.9765
vn -0.0228 0.1836 0.9827
vn -0.1198 0.1414 0.9827
vn -0.2346 0.7305 0.6414
vn -0.2086 0.7744 0.5973
vn -0.3265 0.9179 0.2255
vn -0.2334 0.2039 0.9508
vn -0.0635 0.1717 0.9831
vn -0.1920 0.2337 0.9532
vn 0.9878 -0.1284 0.0877
vn 0.9716 -0.1853 0.1473
vn 0.9261 0.3496 0.1420
vn -0.2523 0.8737 0.4158
vn -0.1022 0.8886 0.4471
vn -0.0474 0.9988 0.0138
vn 0.2300 0.2953 0.9273
vn 0.5670 0.0698 0.8208
vn 0.4610 0.6713 0.5803
vn 0.4503 0.7511 0.4828
vn 0.2722 0.9621 -0.0152
vn 0.0556 0.5681 0.8211
vn 0.2136 0.0167 0.9768
vn 0.3145 -0.0171 0.9491
vn 0.2603 0.0404 0.9647
vn -0.0035 0.9875 0.1577
vn 0.0873 0.7745 0.6265
vn 0.0018 0.9991 0.0431
vn 0.1683 0.8097 0.5622
vn 0.1874 0.3144 0.9306
vn 0.2273 0.4375 0.8700
vn 0.1965 0.2786 0.9401
vn 0.1994 0.7829 0.5894
vn 0.1530 0.7365 0.6589
vn 0.1577 0.7134 0.6828
vn 0.1795 0.7649 0.6186
vn 0.0034 0.9852 0.1715
vn 0.0177 0.9992 0.0365
vn 0.0825 0.9942 0.0685
vn -0.0185 0.9997 -0.0132
vn 0.9827 -0.0483 0.1788
vn 0.9900 0.0218 0.1393
vn 0.8212 0.5613 -0.1028
vn -0.0236 0.9913 0.1294
vn -0.0098 0.9999 0.0030
vn 0.9841 -0.0033 0.1776
vn 0.9853 0.0046 0.1706
vn 0.9838 -0.0016 0.1794
vn -0.0492 0.9968 -0.0635
vn 0.6196 0.7759 0.1186
vn -0.1403 0.9865 0.0847
vn 0.5583 0.7969 -0.2307
vn 0.6182 0.7859 0.0132
vn 0.6272 0.7610 -0.1660
vn 0.1722 0.0211 -0.9848
vn 0.1794 0.0229 -0.9835
vn 0.1780 0.0093 -0.9840
vn 0.7547 0.5770 0.3121
vn 0.0864 0.9953 0.0431
vn 0.0091 0.9994 -0.0336
vn 0.7721 0.6353 0.0159
vn 0.7100 0.6962 -0.1062
vn 0.6964 0.7176 -0.0071
vn 0.7215 0.6910 0.0452
vn 0.7759 0.6301 0.0314
vn 0.6872 0.7264 0.0138
vn 0.6589 0.6885 -0.3032
vn 0.5703 0.6681 -0.4779
vn 0.5442 0.8069 -0.2297
vn 0.9841 0.0034 0.1775
vn 0.9847 0.0045 0.1743
vn 0.9848 0.0082 0.1737
vn -0.0415 0.9864 -0.1590
vn 0.3506 0.9348 0.0566
vn 0.1708 0.7927 -0.5852
vn 0.1772 0.0184 -0.9840
vn 0.1585 0.0093 -0.9873
vn 0.1681 0.0177 -0.9856
vn 0.8788 0.4715 0.0734
vn 0.8385 0.5443 0.0252
vn 0.8570 0.5143 0.0326
vn 0.8246 0.5616 0.0673
vn 0.9122 0.4086 0.0316
vn 0.8919 0.4522 -0.0038
vn 0.5387 0.7075 -0.4574
vn 0.5465 0.6982 -0.4625
vn 0.5674 0.7199 -0.3999
vn 0.1119 0.9405 -0.3207
vn 0.0214 0.9998 0.0058
vn 0.1100 0.9155 -0.3869
vn 0.5640 0.5996 -0.5678
vn 0.5525 0.6920 -0.4646
vn 0.6433 0.7067 -0.2945
vn 0.2283 0.2871 -0.9303
vn 0.2900 0.6677 -0.6856
vn 0.1278 0.5953 -0.7933
vn 0.7591 0.6505 0.0269
vn 0.7829 0.6118 -0.1127
vn 0.7162 0.6889 -0.1121
vn 0.5100 0.8419 -0.1763
vn 0.4215 0.8950 -0.1456
vn 0.5263 0.8473 -0.0713
vn -0.2734 -0.2626 -0.9254
vn -0.0948 -0.1663 -0.9815
vn -0.1698 -0.2393 -0.9560
vn 0.4798 0.7428 -0.4669
vn 0.2012 0.8146 -0.5439
vn 0.3748 0.6693 -0.6416
vn 0.4070 0.5433 -0.7342
vn 0.4542 0.5455 -0.7044
vn 0.4690 0.4801 -0.7413
vn 0.1229 0.3480 -0.9294
vn 0.0448 0.6165 -0.7861
vn 0.4014 -0.0107 -0.9158
vn 0.2059 0.2052 -0.9568
vn 0.4585 0.7310 -0.5053
vn 0.5756 0.1024 -0.8113
vn 0.1557 0.6818 -0.7148
vn 0.2726 0.2640 -0.9252
vn -0.1455 0.9281 -0.3428
vn 0.1892 -0.0234 -0.9817
vn 0.1589 -0.0205 -0.9871
vn 0.1924 -0.0222 -0.9811
vn 0.1480 0.0269 -0.9886
vn 0.1488 0.0220 -0.9886
vn 0.1829 0.0277 -0.9827
vn 0.0885 0.6850 -0.7231
vn -0.1662 0.9688 -0.1840
vn 0.2490 0.3925 -0.8854
vn 0.1653 -0.0382 -0.9855
vn 0.5098 -0.0156 -0.8601
vn 0.1453 0.9891 0.0224
vn -0.0125 0.9999 0.0075
vn 0.2252 0.9451 -0.2368
vn 0.9843 0.0044 0.1765
vn 0.9849 0.0046 0.1733
vn 0.9845 0.0037 0.1751
vn -0.0174 0.9998 0.0104
vn -0.0288 0.9995 0.0121
vn 0.1353 0.9905 0.0249
vn -0.0001 0.1307 -0.9914
vn -0.0499 0.1166 -0.9919
vn 0.2932 -0.0664 -0.9538
vn -0.0149 0.9997 -0.0195
vn -0.0415 0.9989 -0.0212
vn -0.0237 0.9994 -0.0269
vn 0.1716 0.0211 -0.9849
vn 0.1678 0.0219 -0.9856
vn 0.1674 0.0188 -0.9857
vn -0.1118 0.9937 0.0058
vn 0.0900 0.9560 -0.2792
vn -0.0734 0.9973 0.0020
vn 0.9875 0.0187 0.1567
vn 0.9855 0.0098 0.1696
vn 0.9970 -0.0106 0.0764
vn -0.0108 0.9998 -0.0166
vn 0.0015 0.9999 0.0148
vn 0.0118 0.9985 0.0540
vn 0.5944 -0.0104 -0.8041
vn 0.6834 0.0176 -0.7298
vn 0.5659 0.1722 -0.8063
vn 0.6948 -0.1136 -0.7102
vn 0.3957 -0.2942 -0.8700
vn 0.4235 0.0069 -0.9059
vn 0.1535 0.0147 -0.9880
vn 0.1527 0.1104 -0.9821
vn 0.1448 0.0152 -0.9893
vn 0.1915 -0.1231 -0.9737
vn 0.2300 -0.0483 -0.9720
vn 0.1671 0.1180 -0.9789
vn 0.9147 0.3558 0.1917
vn 0.8739 0.3122 0.3726
vn 0.4264 0.9044 -0.0161
vn 0.4545 0.6470 -0.6123
vn 0.4969 0.5097 -0.7024
vn 0.4777 0.5505 -0.6847
vn 0.1027 0.2408 -0.9651
vn 0.1186 0.1488 -0.9817
vn -0.1966 0.8014 -0.5648
vn 0.0392 -0.0604 -0.9974
vn 0.0337 0.1983 -0.9796
vn 0.2506 0.8632 -0.4382
vn 0.2275 0.7658 -0.6015
vn 0.4211 0.9053 0.0558
vn 0.7666 0.6145 -0.1862
vn 0.2122 0.4979 -0.8409
vn 0.1708 0.2087 -0.9629
vn 0.0506 0.9652 -0.2565
vn -0.0461 0.9986 0.0271
vn -0.0138 0.9996 0.0249
vn -0.0653 0.9979 -0.0028
vn 0.3631 0.9150 -0.1759
vn 0.9964 0.0783 -0.0333
vn 0.9938 0.0633 0.0912
vn 0.5767 0.1706 -0.7989
vn 0.2694 0.7548 -0.5981
vn 0.7590 0.6231 -0.1890
vn 0.1167 0.6119 -0.7823
vn 0.0315 0.6220 -0.7823
vn 0.1540 0.3702 -0.9161
vn 0.1549 0.5483 -0.8218
vn 0.1504 0.7247 -0.6724
vn 0.0617 0.5744 -0.8163
vn 0.1476 0.0103 -0.9890
vn 0.1423 0.0017 -0.9898
vn 0.1589 0.0177 -0.9871
vn 0.2924 0.9535 0.0729
vn 0.9752 0.1522 0.1606
vn 0.8115 0.5594 0.1689
vn 0.1532 0.7709 -0.6183
vn 0.2846 0.6774 -0.6783
vn 0.2723 0.7846 -0.5570
vn 0.1245 0.5501 -0.8258
vn 0.3013 0.6272 -0.7182
vn 0.1893 0.7237 -0.6637
vn 0.9825 0.1343 0.1288
vn 0.3337 0.8677 0.3684
vn 0.9837 0.0566 0.1707
vn 0.9837 0.0074 0.1795
vn 0.9775 0.0208 0.2101
vn 0.9861 -0.0060 0.1663
vn 0.0009 0.9864 -0.1644
vn -0.0246 0.9997 0.0050
vn -0.0284 0.9996 -0.0023
vn 0.0031 0.9967 0.0817
vn 0.0834 0.9542 -0.2872
vn 0.0737 0.9866 0.1456
vn 0.9854 0.0067 0.1700
vn 0.9841 0.0044 0.1773
vn 0.9966 -0.0056 0.0821
vn 0.0752 0.9969 -0.0211
vn 0.0935 0.9953 -0.0258
vn 0.0196 0.9998 -0.0088
vn -0.5893 0.8062 -0.0527
vn -0.5059 0.8303 -0.2338
vn 0.3361 0.9401 -0.0567
vn -0.9365 0.2723 0.2208
vn 0.0447 0.9969 -0.0649
vn 0.0301 0.9948 0.0969
vn -0.7670 0.6200 -0.1653
vn -0.2759 0.8696 -0.4094
vn 0.1445 0.9547 -0.2602
vn -0.9400 -0.0169 -0.3409
vn -0.6865 0.5350 -0.4925
vn -0.7547 0.5217 -0.3978
vn 0.0645 0.9979 -0.0078
vn -0.0235 0.9997 0.0102
vn 0.0484 0.9935 0.1028
vn 0.0018 0.9993 -0.0383
vn 0.2209 0.9741 -0.0492
vn 0.0244 0.9996 -0.0115
vn -0.0757 0.9896 -0.1222
vn -0.0710 0.9913 -0.1109
vn -0.1255 0.9882 -0.0875
vn -0.9892 0.0797 -0.1228
vn -0.9826 0.0676 -0.1729
vn -0.8478 0.5012 -0.1731
vn -0.0348 0.9992 -0.0174
vn 0.0411 0.9991 -0.0111
vn 0.0664 0.9976 -0.0190
vn -0.9835 0.0689 -0.1672
vn -0.9777 0.1702 0.1228
vn -0.8485 0.5014 -0.1690
vn 0.0315 0.9808 -0.1926
vn 0.0753 0.9915 -0.1060
vn -0.0538 0.9984 0.0187
vn 0.1667 0.9716 -0.1681
vn 0.2256 0.9682 -0.1082
vn 0.2016 0.9711 -0.1280
vn -0.9548 0.2457 0.1674
vn -0.0190 0.9970 -0.0755
vn -0.9507 0.2320 -0.2057
vn 0.1620 0.9860 0.0405
vn 0.0102 0.9989 -0.0449
vn 0.1818 0.9820 0.0506
vn -0.9898 -0.0239 -0.1402
vn -0.8574 0.5036 -0.1063
vn -0.6394 0.7674 -0.0479
vn -0.9666 -0.0204 -0.2554
vn -0.9739 -0.1023 -0.2024
vn -0.9557 -0.1623 -0.2454
vn 0.2100 0.9770 -0.0384
vn 0.3844 0.9079 0.1671
vn -0.0384 0.9846 0.1708
vn -0.0242 0.9965 -0.0798
vn 0.0092 0.9974 0.0718
vn 0.1666 0.9788 0.1189
vn -0.8543 0.5158 -0.0644
vn -0.9810 -0.0648 -0.1830
vn -0.9168 0.3920 -0.0767
vn 0.1236 0.9923 0.0023
vn 0.0671 0.9976 -0.0194
vn 0.0312 0.9991 -0.0286
vn -0.0832 0.9965 -0.0024
vn -0.1496 0.9881 0.0348
vn -0.1560 0.9876 0.0182
vn 0.2312 0.9595 -0.1612
vn 0.2418 0.9112 -0.3337
vn 0.3695 0.9266 -0.0695
vn 0.0782 0.9959 0.0464
vn -0.0204 0.9778 0.2086
vn 0.1349 0.9762 0.1696
vn 0.0590 0.9982 -0.0103
vn 0.0300 0.9993 0.0245
vn 0.0033 0.9994 -0.0349
vn 0.2865 0.9556 -0.0685
vn 0.2845 0.9563 -0.0670
vn 0.2848 0.9561 -0.0686
vn 0.9952 0.0558 0.0801
vn 0.4923 0.0022 -0.8704
vn 0.7309 0.0191 -0.6822
vn 0.9874 -0.0417 0.1526
vn 0.7412 0.5531 0.3804
vn 0.9838 0.0212 0.1781
vn -0.0704 0.9974 0.0159
vn -0.0201 0.9623 -0.2712
vn 0.0300 0.9926 -0.1176
vn 0.3889 -0.1382 -0.9109
vn 0.4111 -0.2396 -0.8795
vn 0.9718 0.1039 -0.2117
vn 0.4045 0.9140 0.0309
vn 0.9474 0.3124 0.0690
vn 0.9861 0.0798 0.1455
vn 0.9556 0.1526 0.2522
vn 0.9803 -0.0596 0.1881
vn 0.9707 -0.0504 0.2349
vn 0.2131 -0.0739 -0.9742
vn 0.2591 -0.1060 -0.9600
vn -0.2983 0.3780 -0.8764
vn -0.0277 0.9962 -0.0822
vn -0.0266 0.9960 -0.0852
vn -0.2636 0.6595 -0.7039
vn -0.0060 0.9992 -0.0391
vn 0.0129 0.9992 -0.0383
vn 0.6236 0.7382 -0.2571
vn 0.1794 0.0175 -0.9836
vn 0.1798 0.0082 -0.9837
vn 0.1767 0.0145 -0.9841
vn 0.1883 0.0301 -0.9816
vn 0.2151 -0.0017 -0.9766
vn 0.2033 0.0533 -0.9777
vn 0.2042 0.9208 -0.3322
vn 0.0086 0.2696 -0.9629
vn 0.0251 0.3766 -0.9260
vn -0.0995 0.8384 -0.5359
vn 0.0403 0.9746 -0.2202
vn 0.0421 0.2367 -0.9707
vn 0.1312 0.7599 -0.6367
vn -0.3095 0.9274 -0.2101
vn 0.2896 0.3703 -0.8826
vn -0.0331 0.9993 0.0198
vn -0.0274 0.9934 -0.1111
vn -0.0198 0.9944 -0.1038
vn 0.2231 0.1387 -0.9649
vn 0.1701 0.0004 -0.9854
vn 0.1817 0.0049 -0.9833
vn -0.0131 0.9991 -0.0403
vn 0.0215 0.9994 0.0287
vn -0.0425 0.9987 0.0273
vn 0.1741 0.0589 -0.9830
vn 0.1866 0.1775 -0.9663
vn 0.1584 0.0425 -0.9865
vn 0.1568 -0.0350 -0.9870
vn 0.1783 0.0104 -0.9839
vn 0.1977 0.0207 -0.9800
vn -0.9873 -0.1302 -0.0910
vn -0.9942 -0.1076 -0.0024
vn -0.8140 0.5227 -0.2535
vn -0.9884 -0.0071 -0.1519
vn -0.9884 0.0220 -0.1502
vn -0.9926 -0.0151 -0.1209
vn -0.3785 0.9252 0.0276
vn -0.3506 -0.0951 0.9317
vn -0.1732 -0.0421 0.9840
vn -0.3416 -0.0633 0.9377
vn -0.2037 -0.0096 0.9790
vn -0.1910 -0.0089 0.9816
vn -0.2618 0.0143 0.9650
vn -0.8948 0.4105 -0.1753
vn -0.1802 0.9833 0.0238
vn -0.8293 0.5427 -0.1328
vn -0.3630 -0.0561 0.9301
vn -0.3403 -0.0267 0.9399
vn -0.9341 0.0509 0.3533
vn -0.9741 -0.0423 -0.2221
vn -0.9748 -0.1171 0.1899
vn -0.7167 -0.0799 0.6928
vn -0.1875 -0.0030 0.9823
vn -0.2644 0.0074 0.9644
vn -0.1948 -0.0141 0.9807
vn -0.8965 -0.0963 0.4325
vn -0.1806 -0.0004 0.9836
vn -0.9726 0.1014 0.2092
vn -0.2062 -0.0103 0.9784
vn -0.2640 0.0144 0.9644
vn -0.6909 0.0337 0.7221
vn -0.9822 -0.0258 -0.1859
vn -0.9817 0.0066 -0.1902
vn -0.9791 -0.0163 -0.2025
vn -0.8293 0.5428 -0.1327
vn -0.3362 0.9409 -0.0409
vn -0.0100 0.9996 0.0248
vn -0.8951 0.3768 -0.2385
vn -0.9615 0.0069 -0.2749
vn -0.5124 0.8564 -0.0640
vn -0.9819 0.0564 -0.1810
vn -0.9800 0.0078 -0.1988
vn -0.9803 0.0200 -0.1965
vn -0.9835 -0.0253 -0.1791
vn -0.9841 -0.0149 -0.1772
vn -0.9838 -0.0159 -0.1787
vn -0.1931 0.0017 0.9812
vn -0.1738 0.0041 0.9848
vn -0.1871 0.0024 0.9823
vn -0.9833 -0.0221 -0.1806
vn -0.9864 -0.0405 -0.1595
vn -0.9866 -0.0123 -0.1625
vn -0.1165 -0.0150 0.9931
vn -0.1452 0.0077 0.9894
vn -0.1318 0.0093 0.9912
vn -0.2710 -0.0407 0.9617
vn -0.9997 -0.0037 0.0241
vn -0.9121 0.0874 0.4004
vn -0.9098 0.1281 0.3947
vn -0.7070 0.0133 0.7071
vn -0.2859 0.0172 0.9581
vn -0.9804 -0.0361 -0.1936
vn -0.9829 -0.0082 -0.1842
vn -0.9782 -0.0098 -0.2072
vn -0.1796 -0.0010 0.9837
vn -0.1763 -0.0109 0.9843
vn -0.1819 0.0033 0.9833
vn -0.1807 0.0023 0.9835
vn -0.1675 0.0077 0.9858
vn -0.3121 -0.0127 0.9500
vn -1.0000 -0.0054 0.0052
vn -0.3333 -0.0398 0.9420
vn -0.7552 -0.0815 0.6504
vn -0.0523 0.9971 -0.0556
vn -0.4449 0.8888 -0.1105
vn -0.4220 0.8972 -0.1299
vn -0.1815 -0.0093 0.9834
vn -0.2806 -0.0600 0.9580
vn -0.1770 -0.0152 0.9841
vn -0.9267 -0.1667 0.3368
vn -0.9915 -0.0342 0.1257
vn -0.3132 -0.0150 0.9496
vn -0.5345 0.0138 0.8450
vn -0.9144 -0.2070 0.3479
vn -0.3040 0.0352 0.9520
vn -0.3892 0.0798 0.9177
vn -0.0017 0.7405 0.6721
vn -0.4119 0.2859 0.8652
vn -0.1916 -0.2027 0.9603
vn -0.1027 -0.1783 0.9786
vn 0.0689 -0.1440 0.9872
vn -0.1077 0.0738 0.9914
vn -0.5531 0.7558 0.3504
vn -0.2440 0.7164 0.6537
vn -0.1331 0.0189 0.9909
vn 0.1827 0.6796 0.7104
vn 0.0412 0.0533 0.9977
vn -0.2128 -0.0036 0.9771
vn -0.2274 -0.0031 0.9738
vn -0.2124 -0.0056 0.9772
vn 0.4814 0.7415 -0.4674
vn 0.5671 0.7198 -0.4003
vn 0.5659 0.8089 -0.1591
vn -0.1926 0.0351 0.9806
vn -0.1896 0.0228 0.9816
vn -0.1676 0.0203 0.9856
vn -0.2310 -0.0096 0.9729
vn -0.5165 0.7645 0.3856
vn -0.5534 0.7592 0.3426
vn 0.3494 0.0255 0.9366
vn 0.8704 -0.0065 0.4923
vn 0.2277 -0.0131 0.9737
vn -0.1827 0.0029 0.9832
vn -0.1808 0.0090 0.9835
vn -0.1736 0.0024 0.9848
vn -0.1754 0.0035 0.9845
vn -0.1752 0.0041 0.9845
vn -0.1787 0.0040 0.9839
vn -0.1710 -0.0031 0.9853
vn -0.1740 0.0002 0.9848
vn -0.1789 -0.0045 0.9839
vn 0.6189 -0.2788 0.7343
vn -0.0500 0.0572 0.9971
vn 0.3419 -0.0723 0.9370
vn -0.1825 0.0433 0.9822
vn -0.4336 0.7686 0.4704
vn -0.2006 0.7033 0.6820
vn -0.1755 -0.0085 0.9844
vn -0.2659 0.0241 0.9637
vn -0.2156 0.0660 0.9742
vn -0.9845 -0.0198 -0.1742
vn -0.9866 -0.0088 -0.1629
vn -0.9863 0.0140 -0.1644
vn -0.9531 -0.2362 -0.1893
vn -0.9154 -0.2835 -0.2859
vn -0.9568 -0.2206 -0.1894
vn -0.9791 0.0266 -0.2017
vn -0.8847 0.4374 0.1614
vn -0.9348 0.3515 -0.0498
vn -0.9653 0.0214 -0.2601
vn -0.4021 0.8014 -0.4428
vn -0.6720 0.7404 -0.0148
vn -0.9878 -0.0216 -0.1542
vn -0.9020 0.3153 -0.2949
vn -0.9027 0.4300 0.0176
vn -0.9794 0.0836 -0.1841
vn -0.4685 0.8328 -0.2948
vn -0.5167 0.8290 -0.2139
vn -0.9793 0.0836 -0.1841
vn -0.6917 0.7101 0.1312
vn 0.0609 0.4909 0.8691
vn -0.0021 0.4578 0.8891
vn -0.0101 0.4695 0.8829
vn -0.0773 0.9640 0.2544
vn -0.1963 0.9317 0.3057
vn -0.1470 0.9528 0.2656
vn -0.7281 0.0890 0.6797
vn -0.7367 0.1057 0.6679
vn -0.1909 0.0087 0.9816
vn -0.1891 -0.0134 0.9819
vn -0.2166 -0.0171 0.9761
vn -0.2088 -0.0314 0.9775
vn -0.1705 0.0590 0.9836
vn -0.6130 0.0290 0.7895
vn -0.9478 -0.0884 0.3063
vn -0.5788 0.0198 0.8153
vn -0.3789 -0.0011 0.9254
vn -0.2310 0.0408 0.9721
vn -0.1834 -0.0214 0.9828
vn -0.1934 -0.0249 0.9808
vn -0.1714 -0.0106 0.9851
vn -0.0838 0.9964 -0.0081
vn -0.1183 0.9922 0.0395
vn -0.1609 0.9868 -0.0188
vn 0.3082 0.9399 0.1468
vn 0.1559 0.9875 0.0222
vn 0.1477 0.9787 0.1428
vn -0.0713 0.9972 0.0217
vn -0.7946 0.5976 -0.1069
vn -0.8933 0.4167 -0.1682
vn -0.1048 0.0224 0.9942
vn -0.0373 -0.0534 0.9979
vn -0.6544 -0.0760 0.7523
vn -0.7202 0.6710 0.1761
vn -0.4104 0.9097 -0.0627
vn -0.9268 0.2527 0.2779
vn -0.3028 0.0667 0.9507
vn -0.1834 0.0016 0.9830
vn -0.1834 0.0072 0.9830
vn -0.8788 0.4484 -0.1631
vn -0.9424 0.2679 -0.2003
vn -0.2135 0.9766 0.0244
vn -0.1674 -0.0057 0.9859
vn -0.1604 0.0133 0.9870
vn -0.1770 -0.0082 0.9842
vn -0.8798 0.4208 -0.2213
vn -0.7766 0.5959 -0.2046
vn -0.9752 -0.0099 -0.2213
vn -0.9857 0.0521 -0.1603
vn -0.9813 0.0400 -0.1881
vn -0.9819 0.0491 -0.1831
vn -0.9777 0.0173 -0.2093
vn -0.9840 -0.0004 -0.1781
vn -0.9810 -0.0029 -0.1939
vn -0.9711 -0.0645 -0.2298
vn -0.9844 -0.0677 -0.1622
vn -0.9125 0.3922 -0.1165
vn -0.7176 0.6748 0.1727
vn -0.1304 0.9915 -0.0040
vn -0.9868 0.0210 -0.1606
vn -0.9730 0.0221 -0.2296
vn -0.9817 0.0003 -0.1905
vn -0.0055 0.9851 -0.1719
vn 0.0862 0.9963 0.0025
vn 0.0700 0.9975 -0.0055
vn 0.1747 0.0057 -0.9846
vn 0.1839 0.0109 -0.9829
vn 0.1854 0.0112 -0.9826
vn -0.9744 0.0768 -0.2113
vn -0.6891 0.4951 -0.5292
vn -0.9743 0.0661 -0.2154
vn 0.3903 0.6600 -0.6419
vn 0.5218 0.6102 -0.5961
vn 0.5084 0.7312 -0.4548
vn -0.5711 -0.1194 0.8121
vn -0.7150 -0.0919 0.6930
vn -0.7682 0.5314 0.3571
vn -0.9173 0.0316 -0.3970
vn -0.9504 -0.0341 -0.3092
vn -0.8811 -0.0961 -0.4631
vn -0.9849 -0.0439 -0.1675
vn -0.9805 -0.0362 -0.1933
vn -0.9835 -0.0162 -0.1803
vn -0.9807 -0.0035 -0.1954
vn -0.9877 -0.0066 -0.1564
vn -0.9865 -0.0177 -0.1631
vn -0.9847 -0.0622 -0.1629
vn -0.9847 -0.0395 -0.1696
vn -0.9859 -0.0249 -0.1655
vn -0.9660 -0.0357 -0.2559
vn -0.9818 -0.0429 -0.1849
vn -0.9700 -0.0228 -0.2420
vn -0.9506 -0.0700 -0.3023
vn -0.8832 0.0008 -0.4690
vn -0.8805 -0.1102 -0.4611
vn -0.9415 0.2210 0.2546
vn -0.9853 -0.0068 -0.1709
vn -0.9809 -0.0289 -0.1924
vn -0.9793 0.0076 -0.2025
vn -0.9648 -0.0055 -0.2628
vn -0.9730 0.0258 -0.2295
vn -0.9977 -0.0677 0.0083
vn -0.9689 0.0998 0.2264
vn -0.7728 -0.1283 0.6215
vn -0.3285 -0.0672 0.9421
vn -0.6820 -0.0120 0.7312
vn -0.9956 -0.0018 -0.0937
vn -0.6946 -0.1704 0.6989
vn -0.9799 0.0973 0.1741
vn -0.9842 0.0226 -0.1756
vn -0.9874 -0.0109 -0.1578
vn -0.9839 -0.0261 -0.1767
vn -0.9785 0.0010 0.2061
vn -0.6972 0.0395 0.7158
vn -0.0854 0.0661 0.9941
vn -0.3104 -0.0066 0.9506
vn -0.6877 -0.3189 0.6522
vn 0.2690 0.1173 -0.9560
vn 0.1389 0.0756 -0.9874
vn 0.1373 0.0805 -0.9873
vn 0.1809 0.0889 -0.9795
vn 0.0770 -0.0452 -0.9960
vn 0.1595 0.1087 -0.9812
vn 0.0332 -0.0714 -0.9969
vn -0.0569 -0.2225 -0.9733
vn 0.0574 -0.0335 -0.9978
vn 0.1592 0.0262 -0.9869
vn 0.0667 -0.0432 -0.9968
vn 0.0916 -0.0148 -0.9957
vn 0.0479 -0.0463 -0.9978
vn 0.1299 0.0209 -0.9913
vn 0.2623 0.0867 -0.9611
vn 0.2121 0.0343 -0.9766
vn 0.4442 0.1959 -0.8742
vn 0.4149 0.1332 -0.9001
vn 0.3019 0.0994 -0.9481
vn -0.9956 -0.0911 -0.0229
vn -0.9970 -0.0759 0.0126
vn -0.5782 -0.3520 0.7360
vn 0.2452 0.1022 -0.9641
vn 0.2759 0.1534 -0.9489
vn 0.1456 0.1410 -0.9792
vn 0.0563 -0.0359 -0.9978
vn 0.1231 -0.0366 -0.9917
vn 0.1272 0.0162 -0.9917
vn 0.2554 0.1183 -0.9596
vn 0.2406 0.0908 -0.9664
vn 0.2788 -0.0005 -0.9603
vn 0.3764 0.5472 -0.7476
vn 0.3819 0.6701 -0.6365
vn 0.3454 0.6142 -0.7095
vn -0.9334 0.3571 0.0356
vn -0.7989 0.5879 0.1270
vn -0.7979 0.5799 0.1646
vn -0.6927 -0.2902 -0.6603
vn -0.7111 -0.4639 -0.5283
vn -0.3872 -0.6853 -0.6168
vn -0.4881 -0.2919 -0.8225
vn -0.5789 -0.1048 -0.8086
vn -0.3634 -0.3460 -0.8650
vn -0.7925 0.3863 -0.4720
vn -0.7517 0.4835 -0.4485
vn -0.7137 0.1876 -0.6748
vn -0.3552 -0.3401 -0.8707
vn -0.2570 -0.6304 -0.7325
vn -0.4709 -0.2500 -0.8460
vn -0.7379 0.5362 -0.4099
vn -0.8137 0.3997 -0.4221
vn -0.7760 0.6193 -0.1195
vn -0.9804 -0.0324 -0.1945
vn -0.9258 0.3123 -0.2129
vn -0.6905 0.0318 0.7226
vn -0.5915 -0.1306 -0.7956
vn -0.4285 -0.1590 -0.8894
vn -0.3552 -0.3543 -0.8650
vn -0.9222 -0.0673 0.3808
vn -0.9843 0.0187 0.1755
vn -0.9849 0.0028 -0.1732
vn -0.6542 -0.0741 -0.7527
vn -0.2608 0.1682 -0.9506
vn -0.6709 0.5038 -0.5441
vn -0.7338 0.1371 -0.6654
vn -0.6409 0.6191 -0.4539
vn -0.6555 0.4432 -0.6115
vn -0.9563 0.0885 -0.2786
vn -0.9545 -0.0599 0.2923
vn -0.9992 0.0385 -0.0143
vn -0.1701 0.0037 0.9854
vn -0.1321 -0.0039 0.9912
vn -0.1780 0.0020 0.9840
vn -0.6802 0.1541 -0.7167
vn -0.4994 0.1504 -0.8532
vn -0.4433 -0.0288 -0.8959
vn -0.2833 0.2610 -0.9228
vn -0.2567 -0.0550 -0.9649
vn -0.3614 0.0711 -0.9297
vn -0.4337 0.0129 -0.9010
vn -0.6123 0.0732 -0.7872
vn -0.6607 0.3217 -0.6782
vn -0.9560 -0.0148 -0.2932
vn -0.9719 0.0251 -0.2340
vn -0.9654 -0.0593 0.2541
vn -0.3850 0.2612 -0.8852
vn -0.3647 0.1459 -0.9196
vn -0.6838 0.4074 -0.6053
vn -0.9957 -0.0780 -0.0502
vn -0.7857 0.5752 -0.2276
vn -0.7065 0.7071 -0.0285
vn -0.6602 0.0060 -0.7510
vn -0.7251 -0.0375 -0.6876
vn -0.8042 0.0633 -0.5910
vn -0.2750 -0.1795 -0.9445
vn -0.4190 -0.0579 -0.9061
vn -0.3634 -0.0688 -0.9291
vn -0.1705 0.0067 0.9853
vn -0.1736 0.0002 0.9848
vn -0.1762 0.0010 0.9844
vn -0.4422 -0.0071 -0.8969
vn -0.3315 -0.1058 -0.9375
vn -0.2812 -0.2889 -0.9151
vn -0.2400 -0.2648 -0.9340
vn -0.4407 -0.1182 -0.8899
vn -0.4602 -0.0320 -0.8872
vn 0.2259 0.8680 -0.4421
vn 0.3644 0.8955 -0.2554
vn 0.3258 0.8376 -0.4386
vn -0.1498 0.9887 0.0039
vn -0.8986 0.3670 -0.2407
vn -0.3512 0.9343 -0.0606
vn -0.9831 -0.0048 -0.1832
vn -0.9829 0.0007 -0.1839
vn -0.9832 -0.0123 -0.1819
vn -0.9806 -0.0174 -0.1955
vn -0.9854 0.0006 -0.1703
vn -0.9839 -0.0045 -0.1788
vn -0.9836 -0.0152 -0.1795
vn -0.9786 -0.0129 -0.2055
vn -0.9832 -0.0068 -0.1825
vn 0.3886 0.8842 -0.2592
vn 0.3529 0.9123 -0.2078
vn 0.5199 0.8425 -0.1411
vn -0.1906 0.0093 0.9816
vn -0.1851 -0.0039 0.9827
vn -0.1803 -0.0001 0.9836
vn -0.1590 0.0362 0.9866
vn -0.1552 0.0418 0.9870
vn -0.1371 0.0426 0.9896
vn -0.1626 -0.0546 0.9852
vn -0.1552 -0.0289 0.9875
vn -0.1523 -0.0383 0.9876
vn -0.1711 0.0101 0.9852
vn -0.1724 0.0217 0.9848
vn -0.1599 0.0031 0.9871
vn -0.1782 -0.0092 0.9840
vn -0.1896 -0.0005 0.9819
vn -0.1828 0.0135 0.9831
vn -0.1802 0.0027 0.9836
vn -0.1796 -0.0068 0.9837
vn -0.1851 0.0015 0.9827
vn -0.9829 -0.0149 -0.1834
vn -0.9826 -0.0116 -0.1853
vn -0.9834 -0.0073 -0.1814
vn -0.9857 -0.0055 -0.1687
vn -0.9913 -0.0357 -0.1271
vn -0.9853 -0.0059 -0.1709
vn -0.9846 -0.0188 -0.1741
vn -0.9842 -0.0132 -0.1764
vn -0.9854 -0.0142 -0.1699
vn 0.1602 0.0191 -0.9869
vn 0.1670 0.0127 -0.9859
vn 0.1567 0.0107 -0.9876
vn 0.1718 0.0082 -0.9851
vn 0.1724 0.0077 -0.9850
vn 0.1712 0.0097 -0.9852
vn 0.1686 0.0133 -0.9856
vn 0.1689 0.0146 -0.9855
vn 0.1659 0.0167 -0.9860
vn 0.1781 0.0192 -0.9838
vn 0.1761 0.0149 -0.9843
vn 0.1786 0.0169 -0.9838
vn 0.1656 0.0102 -0.9861
vn 0.1704 0.0140 -0.9853
vn 0.1741 0.0110 -0.9847
vn 0.1731 0.0310 -0.9844
vn 0.1756 0.0235 -0.9842
vn 0.1598 0.0265 -0.9868
vn 0.1604 0.0122 -0.9870
vn 0.1637 0.0139 -0.9864
vn 0.1566 0.0160 -0.9875
vn 0.1884 0.0030 -0.9821
vn 0.1138 0.0449 -0.9925
vn 0.1621 0.0125 -0.9867
vn 0.1595 0.0132 -0.9871
vn 0.1111 0.0456 -0.9928
vn -0.1257 0.1059 -0.9864
vn 0.1658 0.0037 -0.9862
vn 0.1661 0.0066 -0.9861
vn 0.1659 -0.0023 -0.9861
vn -0.1681 -0.0054 0.9858
vn -0.1708 -0.0099 0.9852
vn -0.1730 0.0003 0.9849
vn -0.1900 -0.0041 0.9818
vn -0.1738 0.0004 0.9848
vn -0.1848 0.0035 0.9828
vn -0.1794 0.0047 0.9838
vn -0.1803 0.0003 0.9836
vn -0.1816 -0.0009 0.9834
vn 0.1810 -0.0354 -0.9828
vn 0.1750 -0.0424 -0.9836
vn 0.1969 -0.0965 -0.9757
vn -0.1804 0.0001 0.9836
vn -0.1606 -0.0023 0.9870
vn -0.1747 0.0082 0.9846
vn -0.7954 -0.3143 0.5183
vn -0.7842 -0.3387 0.5200
vn -0.7856 -0.3255 0.5262
vn -0.1660 -0.0038 0.9861
vn -0.1629 -0.0013 0.9866
vn -0.1671 -0.0050 0.9859
vn 0.1702 0.0047 -0.9854
vn 0.1662 0.0069 -0.9861
vn 0.1676 0.0034 -0.9859
vn 0.1696 0.0095 -0.9855
vn 0.1671 0.0067 -0.9859
vn 0.1688 0.0048 -0.9856
vn -0.1777 -0.0008 0.9841
vn -0.1762 0.0019 0.9844
vn -0.1792 -0.0034 0.9838
vn -0.1776 0.0024 0.9841
vn -0.1875 0.0016 0.9823
vn -0.1739 0.0007 0.9848
vn -0.1361 0.0570 0.9890
vn -0.1367 0.0672 0.9883
vn -0.1223 0.1036 0.9871
vn -0.1133 0.6341 0.7649
vn 0.1025 0.9621 0.2527
vn -0.2711 0.1861 0.9444
vn -0.0977 0.9285 0.3582
vn -0.1268 0.7441 0.6560
vn -0.0282 0.9996 -0.0019
vn -0.1922 0.0074 0.9813
vn -0.1833 -0.0325 0.9825
vn -0.2097 -0.0294 0.9773
vn -0.3364 0.0282 0.9413
vn -0.5360 0.0168 0.8440
vn -0.3514 0.0541 0.9347
vn -0.1737 -0.0011 0.9848
vn -0.1863 -0.0071 0.9825
vn -0.1708 -0.0002 0.9853
vn -0.1742 -0.0016 0.9847
vn -0.1741 -0.0056 0.9847
vn -0.1802 -0.0112 0.9836
vn -0.2739 -0.1615 0.9481
vn -0.3258 -0.2557 0.9102
vn -0.1845 -0.2296 0.9556
vn 0.9613 0.1814 0.2072
vn 0.9784 0.2050 -0.0256
vn 0.9920 -0.0042 0.1259
vn 0.6300 0.5110 0.5849
vn 0.8245 0.5625 0.0619
vn 0.7934 0.5215 0.3139
vn 0.7278 0.2212 0.6491
vn 0.8400 0.4044 0.3618
vn 0.9317 0.2992 0.2058
vn -0.2466 -0.0542 0.9676
vn -0.2424 -0.0593 0.9684
vn -0.2375 -0.0628 0.9694
vn -0.3471 0.7305 0.5882
vn -0.1616 0.1544 0.9747
vn -0.1733 0.9757 0.1343
vn -0.1231 -0.0055 0.9924
vn -0.1027 0.0041 0.9947
vn -0.1197 0.0238 0.9925
vn -0.0447 0.9627 0.2670
vn -0.1695 0.5794 0.7972
vn -0.0150 0.9967 0.0803
vn -0.1969 -0.0031 0.9804
vn -0.1999 0.0008 0.9798
vn -0.1993 -0.0088 0.9799
vn -0.1751 0.0032 0.9845
vn -0.1773 0.0143 0.9840
vn -0.1784 0.0145 0.9839
vn 0.0391 0.9763 0.2128
vn -0.0201 0.9995 0.0238
vn -0.0068 0.9999 -0.0122
vn -0.1644 0.0004 0.9864
vn -0.1670 0.0010 0.9860
vn -0.1666 -0.0025 0.9860
vn -0.1823 -0.0015 0.9832
vn -0.1835 -0.0068 0.9830
vn -0.1856 0.0002 0.9826
vn -0.1668 -0.0532 0.9846
vn -0.1842 -0.0361 0.9822
vn -0.1565 -0.0126 0.9876
vn -0.1764 -0.0016 0.9843
vn -0.1808 -0.0041 0.9835
vn -0.1790 -0.0071 0.9838
vn -0.0629 0.0212 0.9978
vn -0.0605 0.0238 0.9979
vn -0.0677 0.0136 0.9976
vn -0.2148 -0.0280 0.9762
vn -0.2192 -0.0105 0.9756
vn -0.2244 -0.0144 0.9744
vn -0.1707 0.0052 0.9853
vn -0.1745 -0.0029 0.9847
vn -0.1753 -0.0009 0.9845
vn -0.1329 0.9911 -0.0058
vn -0.3215 0.7155 0.6202
vn -0.0655 0.9737 0.2181
vn -0.1705 -0.0025 0.9854
vn -0.1855 0.0074 0.9826
vn -0.1851 -0.0020 0.9827
vn -0.1155 0.5120 0.8512
vn 0.0712 0.7093 0.7013
vn 0.0516 0.9889 0.1394
vn 0.9808 -0.0190 0.1943
vn 0.9834 -0.0333 0.1783
vn 0.9817 -0.0369 0.1866
vn -0.1795 -0.0007 0.9838
vn -0.1769 0.0075 0.9842
vn -0.1691 -0.0008 0.9856
vn -0.0195 0.9994 0.0303
vn -0.9081 0.2847 -0.3071
vn 0.0146 0.8849 -0.4656
vn 0.0007 0.9970 -0.0775
vn -0.4286 0.8093 -0.4016
vn -0.8999 0.2670 -0.3448
vn -0.1296 -0.0812 0.9882
vn -0.1807 -0.0739 0.9808
vn -0.0845 -0.1069 0.9907
vn 0.6810 0.7310 0.0434
vn 0.6315 0.7708 0.0838
vn 0.4872 0.8583 0.1607
vn 0.3278 0.9138 -0.2399
vn 0.1906 0.8985 -0.3954
vn 0.3227 0.9120 -0.2531
vn 0.1605 0.9784 -0.1301
vn 0.2316 0.9639 -0.1311
vn 0.1216 0.9899 -0.0735
vn -0.1740 0.0135 0.9846
vn -0.1556 0.0157 0.9877
vn -0.1532 0.0058 0.9882
vn -0.1374 0.1861 0.9729
vn -0.1055 0.1532 0.9826
vn 0.2122 0.6493 0.7303
vn 0.1531 0.9114 -0.3820
vn 0.0118 0.8648 -0.5019
vn 0.2648 0.9405 -0.2128
vn 0.1811 -0.0078 -0.9834
vn 0.1832 0.0088 -0.9830
vn 0.1799 0.0048 -0.9837
vn 0.1829 0.0033 -0.9831
vn 0.1834 0.0095 -0.9830
vn 0.1831 0.0070 -0.9831
vn -0.1786 0.1445 0.9732
vn -0.1148 0.5441 0.8311
vn -0.2673 0.9510 -0.1552
vn 0.1767 0.0077 -0.9842
vn 0.1759 0.0007 -0.9844
vn 0.1770 0.0029 -0.9842
vn 0.1745 0.1766 0.9687
vn 0.0749 0.6773 0.7319
vn 0.1415 0.7278 0.6710
vn -0.1715 -0.0010 0.9852
vn -0.1706 -0.0001 0.9853
vn -0.1682 0.0036 0.9857
vn 0.2654 -0.0092 -0.9641
vn 0.7642 -0.0536 -0.6427
vn 0.2427 0.0391 -0.9693
vn -0.0738 -0.3164 0.9457
vn 0.5546 -0.0940 0.8268
vn 0.3989 0.6072 0.6872
vn -0.4001 -0.0579 -0.9146
vn -0.4351 -0.0403 -0.8995
vn -0.5294 0.1429 -0.8363
vn -0.1582 0.1947 0.9680
vn -0.0029 0.8772 0.4802
vn -0.0729 0.4184 0.9053
vn 0.0286 0.0329 -0.9990
vn -0.0244 -0.0064 -0.9997
vn 0.3922 -0.0954 -0.9149
vn -0.1672 -0.0026 0.9859
vn -0.1686 0.0058 0.9857
vn -0.1756 0.0033 0.9844
vn -0.1727 0.0365 0.9843
vn -0.0760 0.1583 0.9845
vn -0.0556 0.2231 0.9732
vn 0.9861 0.0841 0.1434
vn 0.9898 -0.0498 0.1336
vn 0.9665 -0.0823 0.2430
vn -0.1720 -0.0182 0.9849
vn -0.1599 -0.0139 0.9870
vn -0.1592 -0.0138 0.9872
vn -0.1797 0.1062 0.9780
vn -0.1611 0.9579 0.2375
vn -0.2188 0.5794 0.7851
vn -0.1633 0.0048 0.9866
vn -0.1626 0.0317 0.9862
vn -0.1630 0.0157 0.9865
vn -0.1450 -0.2447 0.9587
vn -0.2237 -0.1436 0.9640
vn 0.0341 0.2724 0.9616
vn -0.1615 0.0201 0.9867
vn -0.1571 0.0016 0.9876
vn -0.1567 0.0107 0.9876
vn -0.1811 0.0289 0.9830
vn -0.1759 -0.0001 0.9844
vn -0.1795 -0.0129 0.9837
vn 0.0583 0.7995 0.5978
vn 0.0649 0.9123 0.4044
vn -0.1101 0.1195 0.9867
vn -0.1448 0.1959 0.9699
vn -0.1562 0.1518 0.9760
vn -0.0988 0.8362 0.5394
vn -0.7673 0.6372 -0.0730
vn -0.9860 0.0586 -0.1563
vn -0.6886 0.5153 -0.5102
vn -0.9827 0.1798 0.0455
vn -0.9967 0.0731 0.0347
vn -0.9966 0.0745 0.0356
vn 0.1910 -0.0375 -0.9809
vn 0.1622 -0.0476 -0.9856
vn 0.1579 -0.0480 -0.9863
vn 0.1798 0.0457 -0.9826
vn 0.1047 -0.0145 -0.9944
vn 0.1855 -0.0234 -0.9824
vn 0.1670 -0.0043 -0.9860
vn 0.1670 -0.0133 -0.9859
vn 0.1735 -0.0129 -0.9848
vn 0.1177 -0.0828 -0.9896
vn 0.1563 -0.0880 -0.9838
vn 0.1199 -0.0752 -0.9899
vn -0.0161 0.9983 0.0554
vn -0.0488 0.9352 0.3508
vn -0.0037 0.9999 0.0162
vn -0.0117 0.9997 0.0227
vn -0.0021 0.9998 0.0191
vn -0.0156 0.9997 0.0193
vn -0.0125 0.9999 0.0068
vn -0.0132 0.9997 0.0183
vn -0.0004 0.9990 0.0443
vn -0.1875 0.0309 0.9818
vn -0.1683 -0.0130 0.9857
vn -0.1853 -0.0047 0.9827
vn -0.0143 0.9999 0.0033
vn -0.0268 0.9994 0.0209
vn -0.0164 0.9998 -0.0100
vn -0.1572 -0.0089 0.9875
vn -0.1359 0.0063 0.9907
vn -0.1893 0.0059 0.9819
vn -0.1731 0.2052 0.9633
vn -0.2351 0.3907 0.8900
vn -0.2306 0.1595 0.9599
vn 0.1833 0.0096 -0.9830
vn 0.1826 -0.0070 -0.9832
vn 0.1832 -0.0006 -0.9831
vn -0.2598 0.0474 0.9645
vn -0.2304 0.0122 0.9730
vn -0.3232 0.0056 0.9463
vn -0.9734 -0.0132 -0.2288
vn -0.8851 0.2245 -0.4076
vn -0.7603 0.3917 -0.5182
vn 0.9861 0.0056 0.1660
vn 0.9857 -0.0266 0.1663
vn 0.9869 0.0046 0.1611
vn -0.0367 0.9961 0.0802
vn -0.1716 0.9148 0.3658
vn -0.0021 0.9990 0.0438
vn 0.2277 0.0657 -0.9715
vn 0.2607 0.0130 -0.9653
vn 0.2311 0.0479 -0.9718
vn 0.2052 -0.1629 -0.9651
vn 0.2018 -0.1704 -0.9645
vn 0.2505 -0.1920 -0.9489
vn -0.1577 0.1575 0.9748
vn -0.3053 0.6477 0.6980
vn -0.0503 0.6025 0.7966
vn -0.2986 -0.1459 0.9432
vn -0.1220 0.5447 0.8297
vn -0.5940 0.2246 0.7725
vn -0.1774 0.0463 0.9830
vn -0.3115 0.8472 0.4305
vn -0.0551 0.8191 0.5710
vn -0.3283 0.1095 0.9382
vn -0.1378 0.5499 0.8238
vn -0.0272 0.6331 0.7736
vn -0.0471 0.7476 0.6624
vn -0.0370 0.9989 -0.0272
vn -0.1121 0.8772 0.4669
vn -0.1623 -0.0212 0.9865
vn -0.1532 -0.0167 0.9881
vn -0.1395 -0.0033 0.9902
vn -0.1639 -0.0076 0.9865
vn -0.1616 -0.0069 0.9868
vn -0.1632 -0.0043 0.9866
vn -0.0142 0.9998 0.0162
vn -0.0189 0.9998 0.0108
vn -0.0036 1.0000 -0.0030
vn -0.1555 0.0106 0.9878
vn -0.1596 0.0117 0.9871
vn -0.1552 0.0086 0.9879
vn -0.1932 -0.0351 0.9805
vn -0.1962 -0.0358 0.9799
vn -0.1991 -0.0334 0.9794
vn -0.0308 0.9994 0.0142
vn -0.0147 0.9999 0.0010
vn -0.0453 0.9988 -0.0160
vn -0.1707 -0.0061 0.9853
vn -0.1707 -0.0054 0.9853
vn -0.1716 -0.0053 0.9851
vn 0.0020 0.9999 -0.0111
vn -0.0164 0.9998 -0.0101
vn -0.1773 -0.0131 0.9841
vn -0.1689 -0.0356 0.9850
vn -0.1857 0.0021 0.9826
vn -0.1663 -0.0180 0.9859
vn -0.1616 -0.0141 0.9868
vn -0.1645 -0.0058 0.9864
vn -0.1752 -0.0178 0.9844
vn -0.1679 -0.0099 0.9857
vn -0.1789 -0.0144 0.9838
vn -0.1689 -0.0036 0.9856
vn -0.1763 -0.0033 0.9843
vn -0.1762 -0.0047 0.9843
vn -0.0535 -0.0725 0.9959
vn -0.1304 0.0211 0.9912
vn -0.6072 0.6258 0.4896
vn -0.9949 -0.0714 -0.0717
vn -0.6742 0.3922 0.6259
vn -0.9866 -0.1616 0.0241
vn 0.8623 0.1570 0.4815
vn -0.0028 0.0746 0.9972
vn 0.5973 0.0288 0.8015
vn -0.6146 0.0143 0.7887
vn -0.8285 0.1461 0.5406
vn -0.9132 0.0161 -0.4072
vn -0.6205 0.7838 -0.0242
vn -0.8843 0.4539 0.1099
vn -0.2378 0.9711 -0.0219
vn -0.9622 0.0367 -0.2699
vn -0.8282 0.5604 -0.0110
vn -0.5200 0.8532 -0.0399
vn -0.1837 -0.0445 0.9820
vn -0.1935 -0.0328 0.9806
vn -0.1963 -0.0370 0.9799
vn -0.1763 0.0215 0.9841
vn -0.1734 0.0349 0.9842
vn -0.1650 0.0104 0.9862
vn -0.1477 -0.0132 0.9889
vn -0.1461 -0.0069 0.9892
vn -0.1589 -0.0085 0.9873
vn -0.1908 0.0074 0.9816
vn -0.1746 0.0031 0.9846
vn -0.1752 0.0060 0.9845
vn -0.4586 0.8751 -0.1546
vn -0.3172 0.9371 0.1459
vn -0.3406 0.9376 -0.0691
vn 0.2264 -0.0108 0.9740
vn 0.8691 -0.0119 0.4945
vn 0.5981 0.0237 0.8011
vn -0.2962 0.8007 0.5207
vn -0.1580 0.9707 0.1808
vn 0.0265 0.4966 0.8676
vn -0.8454 0.1332 0.5173
vn -0.6434 0.0561 0.7635
vn -0.3181 -0.0099 0.9480
vn -0.2169 -0.0723 0.9735
vn -0.1869 -0.0319 0.9819
vn -0.1821 -0.0432 0.9823
vn 0.0706 0.9959 -0.0561
vn -0.1836 0.5897 0.7865
vn -0.0029 0.9708 0.2400
vn 0.1824 0.0147 -0.9831
vn 0.1798 0.0103 -0.9836
vn 0.1797 0.0143 -0.9836
vn -0.6560 0.6466 -0.3894
vn -0.7040 0.5897 -0.3958
vn -0.7236 0.5992 -0.3425
vn -0.2754 0.1612 0.9477
vn -0.2520 0.0630 0.9657
vn -0.2789 0.0325 0.9598
vn -0.2473 0.0259 0.9686
vn -0.2212 -0.0000 0.9752
vn -0.1892 0.0635 0.9799
vn 0.1736 0.0075 -0.9848
vn 0.1772 0.0131 -0.9841
vn 0.1728 0.0128 -0.9849
vn -0.1560 0.1217 0.9802
vn -0.1421 0.0895 0.9858
vn -0.1454 0.0726 0.9867
vn -0.5869 0.5572 -0.5875
vn -0.5738 0.6071 -0.5497
vn -0.4881 0.6624 -0.5683
vn 0.1766 0.0219 -0.9840
vn 0.1802 0.0213 -0.9834
vn 0.1808 0.0269 -0.9831
vn 0.9860 0.0010 0.1669
vn 0.9861 -0.0027 0.1664
vn 0.9866 0.0025 0.1633
vn -0.1855 -0.0060 0.9826
vn -0.1864 -0.0182 0.9823
vn -0.1853 -0.0033 0.9827
vn 0.1442 0.0043 -0.9895
vn 0.1292 -0.0199 -0.9914
vn 0.2437 0.0360 -0.9692
vn 0.1130 0.0175 -0.9934
vn 0.1996 -0.0070 -0.9799
vn 0.1448 0.0212 -0.9892
vn 0.2267 0.0124 -0.9739
vn 0.1872 -0.1496 -0.9709
vn 0.1947 -0.1452 -0.9701
vn -0.4709 0.7616 -0.4452
vn -0.3651 0.7967 -0.4816
vn -0.3514 0.7707 -0.5315
vn -0.4345 0.6204 -0.6529
vn -0.4225 0.6631 -0.6180
vn -0.4288 0.6253 -0.6520
vn -0.8440 0.1283 -0.5209
vn -0.8581 0.5118 0.0416
vn -0.9563 0.1570 -0.2466
vn -0.9980 -0.0525 -0.0346
vn -0.9837 0.1711 0.0554
vn -0.9806 0.1805 -0.0765
vn 0.9962 0.0584 0.0649
vn 0.6487 -0.0926 -0.7554
vn 0.7978 -0.0894 -0.5963
vn -0.9934 -0.0779 0.0838
vn -0.9685 0.1553 0.1944
vn -0.9292 0.3496 0.1195
vn -0.9574 -0.0594 -0.2825
vn -0.7960 0.4685 -0.3833
vn -0.9165 0.3879 -0.0981
vn -0.7882 0.6134 -0.0504
vn -0.0968 0.9489 0.3005
vn -0.5352 0.8445 0.0202
vn -0.7211 0.4918 -0.4879
vn 0.0402 0.9899 -0.1359
vn -0.2275 0.9735 -0.0247
vn -0.6876 0.3750 -0.6218
vn -0.6653 0.4733 -0.5774
vn -0.6268 0.4650 -0.6252
vn 0.0072 0.9985 0.0535
vn 0.0391 0.9839 0.1746
vn 0.1850 0.9814 0.0520
vn -0.7624 0.4650 -0.4500
vn -0.7487 0.4725 -0.4649
vn -0.7020 0.4887 -0.5180
vn -0.1636 -0.0218 0.9863
vn -0.1800 -0.0224 0.9834
vn -0.1793 -0.0097 0.9838
vn -0.1702 0.0058 0.9854
vn -0.1742 -0.0031 0.9847
vn -0.1683 0.0082 0.9857
vn -0.1723 -0.0063 0.9850
vn -0.1563 -0.0079 0.9877
vn -0.1531 -0.0038 0.9882
vn 0.1765 0.0027 -0.9843
vn 0.1760 -0.0170 -0.9842
vn 0.1685 0.0042 -0.9857
vn -0.1551 -0.0193 0.9877
vn -0.1620 -0.0210 0.9866
vn -0.1700 -0.0088 0.9854
vn 0.1715 0.0088 -0.9851
vn 0.1692 0.0084 -0.9856
vn 0.1752 0.0147 -0.9844
vn -0.1550 -0.0393 0.9871
vn -0.1543 -0.0237 0.9877
vn -0.1499 -0.0059 0.9887
vn -0.4158 0.9071 -0.0654
vn -0.5388 0.8374 -0.0917
vn -0.3045 0.9490 0.0814
vn 0.0243 0.9997 -0.0086
vn -0.0405 0.9992 0.0077
vn -0.3321 0.9412 -0.0615
vn -0.1869 0.9823 -0.0104
vn -0.1638 0.0144 0.9864
vn -0.1827 0.0133 0.9831
vn -0.1607 0.0143 0.9869
vn -0.1870 0.0224 0.9821
vn -0.2200 0.0110 0.9754
vn -0.1952 0.0401 0.9799
vn 0.2391 0.6947 0.6783
vn -0.1811 0.0036 0.9835
vn -0.1737 0.0030 0.9848
vn -0.1728 0.0071 0.9849
vn 0.5351 -0.0401 0.8438
vn 0.4916 -0.0968 0.8654
vn 0.5066 -0.1292 0.8524
vn -0.4561 0.1479 0.8776
vn -0.1254 0.5792 0.8055
vn -0.1139 0.3336 0.9358
vn 0.2010 -0.0071 -0.9796
vn 0.7593 -0.0730 -0.6467
vn 0.6023 -0.0188 -0.7981
vn -0.4728 -0.0149 0.8811
vn 0.1008 0.2095 0.9726
vn -0.0045 0.1579 0.9875
vn -0.1772 -0.0176 0.9840
vn -0.6204 0.7303 0.2859
vn -0.4018 0.7540 0.5197
vn -0.8366 0.2163 -0.5033
vn -0.8406 0.2415 -0.4848
vn -0.8114 0.2717 -0.5174
vn -0.1729 0.0202 0.9847
vn -0.1761 0.0367 0.9837
vn -0.1478 0.0097 0.9890
vn -0.9873 -0.0249 -0.1567
vn -0.9034 0.4285 0.0126
vn -0.9276 0.3564 0.1121
vn -0.5152 0.8186 -0.2538
vn -0.6332 0.7247 -0.2718
vn 0.2976 0.8871 -0.3528
vn -0.9707 0.2017 -0.1310
vn -0.9788 0.1299 -0.1586
vn -0.8489 0.5279 -0.0248
vn 0.1494 0.9880 -0.0384
vn 0.2165 0.9753 -0.0435
vn 0.1828 0.9831 -0.0051
vn -0.9797 0.0163 -0.1997
vn -0.6814 0.7278 0.0766
vn -0.8841 0.4416 0.1529
vn -0.9556 0.2698 0.1184
vn -0.8530 0.4208 -0.3087
vn -0.8750 0.4208 -0.2393
vn -0.9793 0.0835 -0.1842
vn -0.6918 0.7101 0.1310
vn -0.8593 0.4909 0.1435
vn 0.0820 0.4093 0.9087
vn 0.3903 0.4303 0.8140
vn 0.7602 0.3051 0.5736
vn -0.2988 0.9498 -0.0928
vn -0.8290 0.4456 0.3379
vn -0.2584 0.6755 0.6906
vn -0.3839 -0.1437 0.9121
vn -0.2824 0.5621 0.7773
vn -0.6747 0.4447 0.5891
vn -0.0344 0.1557 -0.9872
vn -0.0851 0.2560 -0.9629
vn 0.0554 0.2831 -0.9575
vn 0.1715 0.0077 -0.9852
vn 0.1727 0.0120 -0.9849
vn 0.1719 0.0174 -0.9850
vn -0.1019 0.0071 0.9948
vn -0.1090 -0.0097 0.9940
vn -0.0960 0.0511 0.9941
vn -0.3294 0.1207 0.9364
vn -0.5599 -0.0576 0.8266
vn -0.4730 0.0495 0.8797
vn -0.1842 -0.0015 0.9829
vn -0.1844 -0.0006 0.9828
vn -0.1784 -0.0003 0.9840
vn -0.2122 0.0270 0.9768
vn -0.1933 -0.0055 0.9811
vn -0.2113 -0.0032 0.9774
vn -0.1656 0.0077 0.9862
vn -0.1610 0.0004 0.9869
vn -0.1728 0.0100 0.9849
vn -0.1790 0.0005 0.9838
vn -0.1708 0.0025 0.9853
vn -0.1662 0.0032 0.9861
vn -0.1560 -0.0009 0.9878
vn -0.1539 0.0011 0.9881
vn -0.1532 0.0012 0.9882
vn 0.8716 -0.0071 0.4901
vn 0.8635 0.1553 0.4799
vn 0.6014 0.0257 0.7986
vn -0.1724 -0.0062 0.9850
vn -0.1768 -0.0080 0.9842
vn -0.1756 -0.0064 0.9844
vn -0.1417 0.0472 0.9888
vn -0.1281 0.0200 0.9916
vn -0.1167 0.0393 0.9924
vn -0.1858 -0.0028 0.9826
vn -0.1657 0.0106 0.9861
vn -0.1793 0.0028 0.9838
vn -0.2492 -0.0929 0.9640
vn -0.1681 -0.0065 0.9857
vn -0.1564 -0.0211 0.9875
vn -0.1664 0.0152 0.9859
vn -0.1629 0.0153 0.9865
vn -0.1588 0.0086 0.9873
vn -0.1743 0.1202 0.9773
vn -0.4896 0.5913 0.6408
vn -0.2291 -0.0735 0.9706
vn -0.1662 0.0074 0.9861
vn -0.1633 0.0124 0.9865
vn -0.1607 0.0110 0.9869
vn -0.1388 0.1073 0.9845
vn -0.1333 0.0935 0.9867
vn -0.1266 0.0783 0.9889
vn 0.0039 0.1128 0.9936
vn -0.1659 -0.0011 0.9861
vn -0.1654 0.0109 0.9862
vn -0.1785 -0.0013 0.9839
vn -0.1752 0.0004 0.9845
vn -0.1765 -0.0009 0.9843
vn -0.1664 -0.0033 0.9861
vn -0.1731 0.0008 0.9849
vn -0.1662 0.0076 0.9861
vn -0.1763 -0.0232 0.9841
vn -0.1664 -0.0090 0.9860
vn -0.2028 -0.0211 0.9790
vn -0.1728 -0.0018 0.9850
vn -0.1692 -0.0104 0.9855
vn -0.1657 0.0068 0.9862
vn -0.1719 -0.0041 0.9851
vn -0.1764 0.0037 0.9843
vn -0.1763 -0.0000 0.9843
vn -0.1323 0.0120 0.9911
vn -0.1317 0.0350 0.9907
vn -0.1457 0.0231 0.9891
vn 0.1038 -0.0462 -0.9935
vn -0.0346 -0.2179 -0.9754
vn 0.1760 -0.2663 -0.9477
vn 0.2500 0.1548 -0.9558
vn 0.1785 0.1060 -0.9782
vn 0.1945 0.2185 -0.9563
vn -0.1565 0.6582 -0.7364
vn -0.0495 0.3821 -0.9228
vn -0.1753 0.3690 -0.9128
vn 0.1713 -0.1109 -0.9790
vn 0.5131 -0.5640 -0.6470
vn 0.1282 0.1971 -0.9720
vn 0.1785 0.1059 -0.9782
vn 0.3636 -0.7531 -0.5483
vn 0.2513 -0.7702 -0.5862
vn 0.3101 -0.6760 -0.6685
vn 0.2678 -0.6528 -0.7087
vn 0.4018 -0.5256 -0.7499
vn 0.3174 -0.6320 -0.7069
vn 0.4570 0.5866 -0.6687
vn 0.2359 0.4118 -0.8802
vn 0.2666 0.7536 -0.6008
vn 0.3153 0.2886 -0.9040
vn 0.2559 0.2475 -0.9345
vn 0.1897 0.1844 -0.9644
vn 0.4021 0.4382 -0.8039
vn 0.2794 0.2938 -0.9141
vn 0.4855 0.4833 -0.7285
vn -0.1863 0.5396 -0.8210
vn -0.1955 0.6177 -0.7617
vn -0.3450 0.6143 -0.7096
vn 0.4005 0.4445 -0.8012
vn 0.2398 0.2361 -0.9417
vn 0.2772 0.3015 -0.9123
vn 0.1404 -0.0083 -0.9901
vn 0.1841 0.3803 -0.9064
vn 0.2755 0.2915 -0.9160
vn -0.1089 0.1757 -0.9784
vn -0.1103 -0.3271 -0.9385
vn 0.1048 -0.0983 -0.9896
vn 0.8661 -0.1499 -0.4769
vn 0.9595 -0.1058 -0.2611
vn 0.8093 -0.4739 -0.3470
vn 0.0854 0.0196 -0.9962
vn 0.2730 -0.3971 -0.8762
vn 0.1577 -0.5655 -0.8096
vn -0.1266 0.3733 -0.9190
vn -0.0874 0.9089 -0.4078
vn 0.0715 0.5020 -0.8619
vn -0.1745 0.2807 -0.9438
vn -0.2633 0.0745 -0.9618
vn -0.1902 0.1400 -0.9717
vn 0.3620 -0.4604 -0.8105
vn -0.0412 -0.1921 -0.9805
vn -0.1138 -0.4417 -0.8899
vn -0.0852 -0.2914 -0.9528
vn -0.1340 0.1908 -0.9724
vn -0.1581 -0.3574 -0.9205
vn 0.0395 -0.2863 -0.9573
vn 0.2409 -0.2210 -0.9451
vn 0.0726 -0.4177 -0.9057
vn -0.1167 -0.1555 -0.9809
vn -0.0418 0.8196 -0.5714
vn -0.0284 0.8646 -0.5016
vn -0.0453 0.8781 -0.4763
vn -0.1074 0.3984 -0.9109
vn -0.1629 -0.1083 -0.9807
vn 0.1786 0.1060 -0.9782
vn 0.2501 0.1548 -0.9558
vn 0.2356 0.0759 -0.9689
vn -0.2399 -0.1491 -0.9593
vn -0.0352 -0.3337 -0.9420
vn 0.0553 -0.3901 -0.9191
vn 0.0825 -0.4022 -0.9118
vn 0.0413 -0.3554 -0.9338
vn -0.0825 0.0241 -0.9963
vn 0.0485 -0.2310 -0.9717
vn 0.1078 0.0340 -0.9936
vn 0.1334 -0.2072 -0.9692
vn 0.2806 0.6230 -0.7302
vn 0.2912 0.6240 -0.7251
vn 0.2359 0.4117 -0.8802
vn 0.5703 -0.1682 -0.8040
vn 0.0900 -0.3057 -0.9479
vn -0.1792 -0.0946 -0.9793
vn 0.0421 -0.1723 -0.9842
vn 0.2755 0.2915 -0.9161
vn 0.0605 -0.0594 -0.9964
vn 0.1365 -0.0308 -0.9902
vn 0.1124 -0.3405 -0.9335
vn 0.8094 -0.4739 -0.3469
vn 0.1760 -0.2664 -0.9477
vn -0.0453 0.0232 -0.9987
vn -0.1790 0.1413 -0.9736
vn -0.0217 0.1207 -0.9925
vn 0.0868 0.3100 -0.9468
vn -0.0182 0.0927 -0.9955
vn 0.0466 0.0411 -0.9981
vn 0.1885 -0.3996 -0.8971
vn -0.0639 -0.2055 -0.9766
vn 0.0260 -0.1929 -0.9809
vn 0.1037 -0.0462 -0.9935
vn -0.2357 0.5488 -0.8020
vn 0.2294 -0.2152 -0.9493
vn 0.3141 -0.3024 -0.9000
vn 0.3742 0.0974 -0.9222
vn 0.2501 0.1547 -0.9558
vn 0.1970 0.2543 -0.9469
vn 0.2764 0.2116 -0.9375
vn 0.3083 0.0400 -0.9505
vn 0.2251 0.3305 -0.9166
vn -0.0369 0.4132 -0.9099
vn 0.0965 0.4343 -0.8956
vn 0.2746 0.1785 -0.9449
vn 0.2047 0.2242 -0.9528
vn 0.2002 0.3407 -0.9186
vn -0.1529 0.4998 -0.8526
vn 0.0336 0.5465 -0.8368
vn -0.0603 0.4488 -0.8916
vn -0.0249 0.5229 -0.8520
vn 0.0228 0.5118 -0.8588
vn -0.1681 0.4749 -0.8638
vn 0.2765 -0.0085 -0.9610
vn 0.1234 0.0518 -0.9910
vn 0.1354 0.1946 -0.9715
vn 0.1589 0.2258 -0.9611
vn 0.1818 0.4592 -0.8695
vn 0.2089 0.3341 -0.9191
vn 0.1768 -0.0204 -0.9840
vn 0.1837 -0.0024 -0.9830
vn 0.1933 -0.0698 -0.9787
vn 0.1595 -0.0631 -0.9852
vn 0.2310 -0.1085 -0.9669
vn 0.1880 -0.0131 -0.9821
vn 0.0880 -0.0514 -0.9948
vn 0.0997 -0.0828 -0.9916
vn 0.0935 -0.0539 -0.9942
vn 0.1911 -0.0122 -0.9815
vn 0.1766 -0.0121 -0.9842
vn 0.1672 -0.0131 -0.9858
vn 0.2587 -0.0214 -0.9657
vn 0.2451 0.0170 -0.9694
vn 0.2431 0.0248 -0.9697
vn 0.2714 0.1253 -0.9543
vn 0.1678 0.0946 -0.9813
vn 0.2248 0.0038 -0.9744
vn 0.2182 -0.0324 -0.9754
vn 0.2095 -0.0513 -0.9765
vn 0.2099 -0.0458 -0.9766
vn 0.1590 0.0097 -0.9872
vn 0.1799 0.0100 -0.9836
vn 0.1681 0.0075 -0.9857
vn 0.1598 0.0189 -0.9870
vn 0.1365 0.0639 -0.9886
vn 0.1163 0.0500 -0.9920
vn 0.1727 0.0207 -0.9848
vn 0.1833 -0.0001 -0.9831
vn 0.1780 0.0017 -0.9840
vn 0.1872 0.0625 -0.9803
vn 0.2078 0.0734 -0.9754
vn 0.1549 0.0314 -0.9874
vn 0.1521 0.0025 -0.9884
vn 0.1589 0.0071 -0.9873
vn 0.1577 -0.0105 -0.9874
vn 0.1765 0.0058 -0.9843
vn 0.1641 0.0093 -0.9864
vn 0.1581 0.0063 -0.9874
vn 0.1743 0.0066 -0.9847
vn 0.1692 0.0085 -0.9855
vn 0.1642 0.0093 -0.9864
vn 0.1766 0.0058 -0.9843
vn 0.1744 0.0066 -0.9847
vn 0.1567 -0.0446 -0.9866
vn 0.1914 0.0927 -0.9771
vn 0.1920 -0.0018 -0.9814
vn 0.0042 -0.0247 -0.9997
vn -0.0055 -0.0159 -0.9999
vn 0.0176 -0.0387 -0.9991
vn 0.1462 0.0396 -0.9885
vn 0.1730 0.0968 -0.9802
vn 0.1568 0.0789 -0.9845
vn 0.1903 -0.0000 -0.9817
vn 0.1948 -0.0082 -0.9808
vn 0.1948 0.0043 -0.9808
vn 0.3484 -0.0580 -0.9356
vn 0.3128 -0.0645 -0.9476
vn 0.3853 -0.0840 -0.9189
vn 0.1327 -0.1120 -0.9848
vn 0.1691 -0.0732 -0.9829
vn 0.1045 -0.1566 -0.9821
vn 0.2223 -0.1483 -0.9636
vn 0.1126 -0.1083 -0.9877
vn 0.1925 -0.1999 -0.9607
vn 0.1327 0.1884 -0.9731
vn 0.1991 0.2084 -0.9576
vn 0.2160 0.0793 -0.9732
vn 0.2455 -0.0120 -0.9693
vn 0.2324 0.0489 -0.9714
vn 0.2175 0.0271 -0.9757
vn 0.2766 0.0852 -0.9572
vn 0.3728 0.0381 -0.9271
vn 0.3137 0.0239 -0.9492
vn 0.1477 0.0623 -0.9871
vn 0.1389 0.0115 -0.9902
vn 0.1958 0.0321 -0.9801
vn 0.1944 -0.0023 -0.9809
vn 0.2013 0.0159 -0.9794
vn 0.1858 0.0112 -0.9825
vn 0.1323 0.0499 -0.9900
vn 0.1844 0.0637 -0.9808
vn 0.1245 0.0436 -0.9913
vn 0.1497 0.0060 -0.9887
vn 0.1106 0.0069 -0.9938
vn 0.1188 -0.0378 -0.9922
vn 0.2254 0.0768 -0.9712
vn 0.2164 0.0931 -0.9719
vn 0.2209 0.0756 -0.9724
vn 0.1809 0.1785 -0.9672
vn 0.1855 0.1787 -0.9663
vn 0.2206 0.1154 -0.9685
vn 0.0886 -0.0067 -0.9960
vn 0.1554 0.0122 -0.9878
vn 0.1055 -0.0147 -0.9943
vn 0.1547 0.0545 -0.9865
vn 0.1597 0.0790 -0.9840
vn 0.1510 0.0543 -0.9870
vn 0.1746 0.0305 -0.9842
vn 0.1640 0.0150 -0.9864
vn 0.2834 -0.0314 -0.9585
vn 0.2340 0.0120 -0.9722
vn 0.2846 -0.0000 -0.9587
vn 0.2815 -0.0138 -0.9595
vn 0.1483 -0.0192 -0.9888
vn 0.1496 -0.0049 -0.9887
vn 0.1575 -0.0196 -0.9873
vn 0.1800 0.0139 -0.9836
vn 0.2095 0.0259 -0.9775
vn 0.1811 0.0056 -0.9834
vn 0.1922 0.1841 -0.9639
vn 0.2203 0.0295 -0.9750
vn 0.2389 0.1336 -0.9618
vn 0.1922 0.0084 -0.9813
vn 0.1631 0.0012 -0.9866
vn 0.1785 0.0136 -0.9839
vn 0.1531 0.0303 -0.9877
vn 0.1999 -0.0361 -0.9792
vn 0.2255 -0.0279 -0.9738
vn 0.1387 0.0377 -0.9896
vn 0.1932 -0.0066 -0.9811
vn 0.1540 0.0401 -0.9873
vn 0.2440 0.0673 -0.9674
vn 0.2447 0.0763 -0.9666
vn 0.2315 0.0941 -0.9683
vn 0.1723 -0.0309 -0.9846
vn 0.1735 -0.0076 -0.9848
vn 0.1812 -0.0334 -0.9829
vn 0.1535 -0.0024 -0.9881
vn 0.1375 0.0083 -0.9905
vn 0.1416 -0.0026 -0.9899
vn 0.1753 -0.0051 -0.9845
vn 0.1869 -0.0109 -0.9823
vn 0.2060 -0.0033 -0.9786
vn 0.1781 0.0177 -0.9839
vn 0.1808 0.0127 -0.9834
vn 0.1772 0.0115 -0.9841
vn 0.1645 -0.0017 -0.9864
vn 0.1638 0.0029 -0.9865
vn 0.1740 0.0108 -0.9847
vn 0.1760 0.0121 -0.9843
vn 0.1684 0.0137 -0.9856
vn 0.1716 0.0022 -0.9852
vn 0.1721 -0.0053 -0.9851
vn 0.1712 0.0117 -0.9852
vn 0.1788 0.0016 -0.9839
vn 0.1834 0.0210 -0.9828
vn 0.1682 0.0222 -0.9855
vn 0.1711 0.0145 -0.9852
vn 0.1004 -0.0652 -0.9928
vn 0.1317 -0.0104 -0.9912
vn 0.1484 -0.0322 -0.9884
vn 0.3061 0.0582 -0.9502
vn 0.1744 0.0396 -0.9839
vn 0.1763 0.0601 -0.9825
vn 0.1747 -0.0102 -0.9846
vn 0.1719 -0.0646 -0.9830
vn 0.1700 -0.1322 -0.9765
vn -0.0809 0.8760 -0.4755
vn 0.0128 0.9997 0.0218
vn -0.0164 0.9997 0.0168
vn -0.3292 0.9010 -0.2826
vn -0.4971 0.3732 -0.7833
vn -0.3175 0.5009 -0.8052
vn -0.4832 0.4736 -0.7363
vn -0.1548 -0.5884 -0.7936
vn -0.1872 -0.5225 -0.8319
vn -0.2840 -0.7210 -0.6321
vn 0.1198 -0.0133 -0.9927
vn 0.0187 0.0926 -0.9955
vn 0.1546 0.3740 -0.9145
vn 0.1283 -0.4190 -0.8989
vn -0.0132 0.0632 -0.9979
vn 0.1388 -0.0258 -0.9900
vn -0.1258 -0.4025 -0.9067
vn -0.1712 -0.2814 -0.9442
vn -0.3682 0.3215 -0.8724
vn -0.1079 -0.3275 -0.9387
vn -0.0961 -0.1108 -0.9892
vn -0.1259 0.3733 -0.9191
vn 0.6628 0.5453 -0.5132
vn 0.7267 0.5114 -0.4587
vn 0.8360 0.5038 -0.2174
vn 0.6448 0.5682 -0.5113
vn 0.3823 0.5838 -0.7163
vn 0.6814 0.5796 -0.4468
vn 0.1804 -0.2053 -0.9619
vn -0.0790 -0.2755 -0.9580
vn -0.1167 -0.3718 -0.9210
vn -0.3761 -0.6526 -0.6578
vn -0.5727 -0.3646 -0.7342
vn -0.4730 -0.3847 -0.7926
vn -0.0688 0.3809 -0.9220
vn -0.0247 0.2014 -0.9792
vn -0.1401 0.3501 -0.9262
vn -0.2238 0.3747 -0.8997
vn -0.2674 0.3278 -0.9061
vn -0.3425 0.5840 -0.7360
vn -0.3342 0.6105 -0.7180
vn -0.2334 0.6169 -0.7516
vn -0.1984 0.4197 -0.8857
vn -0.0951 0.1253 -0.9876
vn 0.0214 0.0524 -0.9984
vn -0.1406 0.0654 -0.9879
vn -0.3023 0.9028 -0.3059
vn 0.0023 0.9997 0.0230
vn -0.0776 0.9021 -0.4244
vn -0.2492 0.0820 -0.9650
vn -0.2454 0.3488 -0.9045
vn -0.2227 0.3829 -0.8965
vn -0.2170 0.6207 -0.7534
vn -0.3361 0.5988 -0.7269
vn -0.3762 0.6593 -0.6510
vn 0.0442 0.5623 -0.8257
vn -0.0268 0.4874 -0.8728
vn -0.0365 0.4412 -0.8966
vn 0.1244 0.4615 -0.8784
vn 0.1894 0.4716 -0.8612
vn 0.0656 0.2829 -0.9569
vn 0.0424 0.5525 -0.8324
vn -0.0192 0.5591 -0.8289
vn -0.0404 0.4828 -0.8748
vn -0.2429 0.5189 -0.8196
vn -0.2204 0.4707 -0.8543
vn -0.1215 0.4152 -0.9016
vn -0.2194 -0.2541 -0.9420
vn -0.2017 -0.4898 -0.8482
vn -0.1628 -0.5575 -0.8141
vn -0.1522 0.4527 -0.8786
vn -0.1700 0.5025 -0.8477
vn -0.0124 -0.4645 -0.8855
vn -0.0780 -0.0564 -0.9954
vn -0.1087 0.3149 -0.9429
vn 0.1769 0.4733 -0.8630
vn 0.0698 -0.6158 -0.7848
vn 0.1032 -0.2565 -0.9610
vn 0.2158 -0.7973 -0.5637
vn -0.0990 -0.3314 -0.9383
vn -0.0358 -0.0727 -0.9967
vn 0.1263 -0.5903 -0.7972
vn -0.1173 -0.0248 -0.9928
vn 0.1500 0.5014 -0.8521
vn 0.0243 0.2214 -0.9749
vn 0.1155 -0.0110 -0.9932
vn -0.1748 -0.5335 -0.8275
vn -0.0246 -0.2174 -0.9758
vn 0.2835 -0.6436 -0.7110
vn 0.2864 -0.7505 -0.5957
vn 0.2607 -0.5368 -0.8024
vn 0.2574 -0.7570 -0.6006
vn 0.2429 -0.7611 -0.6015
vn 0.1205 -0.7078 -0.6961
vn 0.0723 -0.6152 -0.7850
vn 0.1523 -0.4281 -0.8908
vn 0.0728 -0.5097 -0.8572
vn -0.0491 -0.1848 -0.9815
vn 0.0838 0.0697 -0.9940
vn 0.0200 0.3672 -0.9299
vn 0.1533 0.2204 -0.9633
vn 0.1278 -0.7008 -0.7019
vn -0.0723 -0.3026 -0.9504
vn 0.0723 -0.5874 -0.8060
vn -0.0405 -0.0717 -0.9966
vn 0.0905 -0.2425 -0.9659
vn 0.1277 -0.5867 -0.7997
vn 0.1489 -0.4130 -0.8985
vn 0.2502 -0.7430 -0.6208
vn 0.0558 -0.4821 -0.8743
vn 0.0967 -0.2570 -0.9616
vn -0.0224 -0.0780 -0.9967
vn 0.0093 0.1737 -0.9848
vn -0.4151 -0.3797 -0.8267
vn -0.6389 -0.2866 -0.7139
vn 0.0224 0.3960 -0.9180
vn 0.1890 -0.1278 -0.9736
vn -0.2176 0.4477 -0.8673
vn 0.0077 -0.4303 -0.9027
vn 0.0711 0.5281 -0.8462
vn 0.1005 0.5159 -0.8508
vn 0.2040 0.4472 -0.8709
vn 0.2972 -0.2708 -0.9156
vn 0.2419 -0.1819 -0.9531
vn 0.2919 -0.0151 -0.9563
vn 0.5364 -0.2097 -0.8175
vn 0.2958 0.0035 -0.9552
vn 0.6097 -0.0251 -0.7922
vn 0.4720 -0.4512 -0.7574
vn 0.4152 -0.4992 -0.7605
vn 0.6281 -0.5771 -0.5219
vn 0.2077 -0.3309 -0.9205
vn 0.7695 -0.1695 -0.6157
vn 0.3899 0.4055 -0.8268
vn 0.8122 -0.2491 -0.5275
vn 0.3053 0.6539 -0.6923
vn 0.4018 0.3502 -0.8461
vn -0.2869 -0.6833 -0.6715
vn 0.1164 0.0347 -0.9926
vn 0.2329 -0.4768 -0.8476
vn 0.2190 -0.4742 -0.8528
vn 0.1855 -0.2228 -0.9570
vn 0.2602 0.0582 -0.9638
vn 0.2089 -0.1107 -0.9717
vn 0.1263 0.1348 -0.9828
vn 0.1854 0.1660 -0.9685
vn 0.1249 -0.0064 -0.9922
vn 0.1416 0.0302 -0.9895
vn 0.1215 -0.0151 -0.9925
vn 0.1904 0.1578 -0.9689
vn 0.2463 0.2221 -0.9434
vn 0.1055 0.3454 -0.9325
vn 0.3014 0.6194 -0.7249
vn 0.1872 0.3797 -0.9060
vn 0.2493 -0.4743 -0.8443
vn 0.2047 -0.2214 -0.9535
vn 0.3071 -0.3012 -0.9028
vn 0.7852 -0.2624 -0.5609
vn 0.6287 -0.0302 -0.7770
vn 0.9044 0.0729 -0.4203
vn 0.2760 -0.0336 -0.9606
vn 0.5618 -0.1535 -0.8129
vn 0.3449 -0.1747 -0.9222
vn 0.2213 -0.5215 -0.8241
vn 0.0956 -0.7390 -0.6669
vn 0.1558 -0.6229 -0.7666
vn 0.6587 -0.5682 -0.4932
vn 0.3925 -0.5605 -0.7293
vn 0.5103 -0.2741 -0.8151
vn 0.5585 -0.1893 -0.8076
vn 0.8707 -0.1786 -0.4582
vn 0.7412 -0.5168 -0.4284
vn 0.8468 -0.1833 -0.4993
vn 0.7723 -0.5294 -0.3511
vn 0.7571 -0.4999 -0.4206
vn 0.6180 -0.0513 -0.7845
vn 0.3068 0.0023 -0.9518
vn 0.2953 0.1787 -0.9385
vn 0.4660 -0.4370 -0.7693
vn 0.6494 -0.5687 -0.5048
vn 0.8951 -0.2661 -0.3579
vn 0.0944 0.3079 -0.9467
vn 0.1688 0.3442 -0.9236
vn -0.0058 0.0720 -0.9974
vn 0.7455 -0.5173 -0.4204
vn 0.7825 -0.4964 -0.3760
vn 0.6693 -0.4016 -0.6251
vn 0.5331 -0.2388 -0.8116
vn 0.8661 -0.1498 -0.4769
vn 0.1160 0.5240 0.8438
vn 0.1535 0.2794 0.9478
vn 0.2114 0.5218 0.8265
vn 0.0426 0.3971 0.9168
vn -0.0425 0.1956 0.9798
vn 0.1420 0.3436 0.9283
vn 0.0082 0.1799 0.9836
vn 0.0376 0.3969 0.9171
vn -0.0871 0.3114 0.9463
vn -0.5650 0.2828 0.7751
vn -0.4685 0.2042 0.8595
vn -0.4308 0.2971 0.8521
vn -0.4066 0.4596 0.7896
vn -0.4074 0.8000 0.4405
vn -0.6284 0.4524 0.6328
vn -0.2233 0.3934 0.8918
vn -0.6101 0.4148 0.6751
vn -0.2701 0.3913 0.8798
vn -0.4001 0.0654 0.9141
vn -0.2949 0.1930 0.9358
vn -0.3456 0.2718 0.8982
vn -0.2527 0.1769 0.9512
vn 0.1026 0.4823 0.8700
vn -0.2779 0.0351 0.9600
vn -0.3187 0.1537 0.9353
vn -0.2840 0.3089 0.9077
vn -0.4138 0.2391 0.8784
vn 0.2305 0.6693 0.7063
vn -0.2419 0.1522 0.9583
vn -0.0330 0.4879 0.8723
vn -0.2356 0.1502 0.9602
vn -0.0627 0.3141 0.9473
vn -0.2150 0.3023 0.9286
vn -0.2759 0.1069 0.9552
vn -0.4029 -0.0057 0.9152
vn -0.2010 0.0983 0.9746
vn 0.2094 0.6840 0.6988
vn 0.2760 0.7444 0.6080
vn 0.0692 0.5010 0.8627
vn 0.1559 0.8650 0.4769
vn -0.0755 0.3434 0.9362
vn -0.2877 0.2222 0.9316
vn -0.1320 0.1874 0.9734
vn -0.3363 0.0377 0.9410
vn -0.4216 0.2684 0.8661
vn -0.2500 0.0889 0.9642
vn -0.1346 0.1206 0.9835
vn -0.3569 0.0225 0.9339
vn -0.3185 0.0563 0.9463
vn -0.2161 0.9620 -0.1667
vn -0.0651 0.9496 -0.3067
vn -0.2021 0.9491 -0.2414
vn -0.3695 0.9242 -0.0966
vn -0.4964 0.8484 -0.1838
vn -0.2515 0.9630 -0.0967
vn -0.2450 0.9541 -0.1725
vn -0.2077 0.9557 -0.2083
vn -0.5057 0.8541 -0.1218
vn -0.4992 0.3484 0.7934
vn -0.5987 0.4694 0.6490
vn -0.5941 0.2144 0.7753
vn -0.7471 0.6059 0.2734
vn -0.8090 0.5184 0.2771
vn -0.7719 0.5749 0.2715
vn -0.3714 0.4525 0.8108
vn -0.4152 0.2510 0.8744
vn -0.2984 0.3445 0.8901
vn -0.3204 0.8558 -0.4062
vn -0.2934 0.9468 -0.1324
vn -0.1733 0.9255 -0.3367
vn -0.4688 0.2465 0.8482
vn -0.5344 0.4068 0.7409
vn -0.6294 0.2756 0.7266
vn -0.4987 0.8130 -0.3006
vn -0.4312 0.8958 -0.1083
vn -0.4109 0.8349 -0.3661
vn 0.0263 0.3770 0.9258
vn -0.1444 0.5058 0.8505
vn -0.0750 0.2659 0.9611
vn 0.0546 0.4093 0.9108
vn -0.1029 0.6631 0.7414
vn -0.1477 0.4915 0.8583
vn -0.4120 0.5446 0.7305
vn -0.4650 0.7006 0.5412
vn -0.6108 0.6066 0.5089
vn -0.4476 0.8413 -0.3030
vn -0.6987 0.6888 -0.1932
vn -0.5661 0.7951 -0.2177
vn -0.4288 0.8325 -0.3507
vn -0.4177 0.8173 -0.3970
vn -0.4654 0.8343 -0.2956
vn -0.8715 0.4865 0.0615
vn -0.8293 0.5464 0.1175
vn -0.8015 0.5962 0.0463
vn 0.1044 0.7648 0.6358
vn 0.0481 0.5837 0.8105
vn 0.1408 0.6871 0.7128
vn -0.7023 0.6906 0.1726
vn -0.5916 0.7888 0.1666
vn -0.7419 0.6599 0.1190
vn -0.6286 0.7656 0.1368
vn -0.6851 0.7173 -0.1267
vn -0.6556 0.7546 -0.0260
vn -0.7147 0.6988 -0.0291
vn -0.6139 0.4827 0.6246
vn -0.7137 0.3292 0.6183
vn -0.6586 0.2179 0.7203
vn -0.7658 0.4457 0.4636
vn -0.6976 0.5297 0.4824
vn -0.7647 0.4895 0.4191
vn -0.7476 0.5896 0.3058
vn -0.6717 0.7069 0.2216
vn -0.7680 0.5714 0.2892
vn -0.7353 0.6770 0.0317
vn -0.6463 0.7622 0.0357
vn -0.6916 0.7157 0.0973
vn -0.4909 0.8203 -0.2935
vn -0.5420 0.8358 0.0873
vn -0.4596 0.8819 -0.1049
vn -0.6736 0.4939 0.5498
vn -0.6379 0.7294 0.2471
vn -0.7701 0.5476 0.3274
vn -0.7243 0.6747 0.1418
vn -0.6953 0.7143 0.0797
vn -0.6117 0.7889 -0.0594
vn -0.6489 0.7579 -0.0680
vn -0.5928 0.8012 -0.0823
vn -0.6337 0.7678 0.0943
vn -0.6112 0.7897 -0.0537
vn -0.6652 0.7443 -0.0593
vn -0.6360 0.7275 -0.2574
vn -0.6530 0.5052 0.5643
vn -0.7347 0.5773 0.3563
vn -0.7327 0.3305 0.5948
vn -0.6110 0.7914 -0.0185
vn -0.7363 0.6641 -0.1298
vn -0.5849 0.7546 -0.2974
vn -0.8243 0.4885 0.2863
vn -0.4524 0.8858 0.1032
vn -0.4044 0.9126 -0.0598
vn -0.5194 0.8450 0.1272
vn -0.1078 0.8651 0.4899
vn 0.0821 0.8642 0.4964
vn 0.0085 0.9274 0.3740
vn 0.0451 0.8340 0.5499
vn -0.2275 0.5817 0.7810
vn -0.6317 0.3602 0.6865
vn -0.1438 0.9008 0.4098
vn -0.0352 0.9626 0.2688
vn 0.0173 0.9901 0.1391
vn -0.5266 0.8381 0.1423
vn -0.5586 0.8222 0.1095
vn -0.4371 0.8900 0.1298
vn 0.1004 0.5981 0.7951
vn 0.1643 0.7728 0.6130
vn -0.0248 0.6876 0.7256
vn -0.4270 0.9036 0.0355
vn -0.5233 0.8457 0.1047
vn -0.4279 0.8979 0.1031
vn -0.3908 0.5411 0.7446
vn -0.1446 0.6872 0.7119
vn -0.3848 0.6019 0.6998
vn -0.6155 0.7476 0.2495
vn -0.6947 0.7173 0.0530
vn -0.7086 0.6053 0.3625
vn -0.3867 0.5062 0.7709
vn -0.1766 0.4968 0.8497
vn -0.2447 0.5767 0.7795
vn -0.4655 0.4396 0.7682
vn -0.3895 0.5350 0.7497
vn -0.4349 0.5900 0.6803
vn -0.1362 0.7039 0.6972
vn -0.0161 0.8536 0.5206
vn -0.3842 0.5986 0.7029
vn 0.0237 0.9923 0.1215
vn -0.0226 0.9518 0.3060
vn -0.3280 0.9430 0.0558
vn 0.0967 0.8832 0.4590
vn -0.0768 0.8733 0.4811
vn -0.1778 0.7243 0.6661
vn -0.1541 0.6533 0.7412
vn 0.0161 0.9022 0.4310
vn 0.0893 0.8523 0.5153
vn -0.6283 0.3565 0.6915
vn -0.5302 0.7480 0.3991
vn 0.0819 0.8592 0.5050
vn 0.1026 0.4822 0.8700
vn 0.2106 0.5521 0.8067
vn 0.1059 0.3328 0.9370
vn 0.1486 0.4166 0.8968
vn -0.5829 0.5910 0.5576
vn -0.4360 0.6810 0.5883
vn -0.6188 0.7123 0.3312
vn 0.1170 0.5346 0.8369
vn 0.1887 0.5251 0.8299
vn 0.1547 0.6696 0.7264
vn -0.4054 0.9133 0.0388
vn -0.5659 0.8063 0.1722
vn -0.4864 0.8473 0.2135
vn -0.6445 0.6621 0.3824
vn -0.7236 0.6184 0.3066
vn -0.6801 0.5780 0.4509
vn -0.3098 0.9472 0.0828
vn -0.4143 0.9064 0.0821
vn -0.5053 0.8059 0.3085
vn -0.6514 0.7301 0.2064
vn -0.6001 0.7749 0.1986
vn -0.5860 0.7981 -0.1403
vn -0.5984 0.6413 0.4802
vn -0.6787 0.5549 0.4811
vn -0.6705 0.4931 0.5543
vn -0.4605 0.8812 -0.1068
vn -0.5571 0.8246 0.0988
vn -0.2216 0.9511 -0.2153
vn -0.6184 0.6959 0.3651
vn -0.5727 0.7839 0.2400
vn -0.7356 0.5658 0.3724
vn -0.7365 0.6010 0.3104
vn -0.6423 0.7337 0.2216
vn -0.6831 0.6972 0.2173
vn -0.5092 0.7273 0.4602
vn -0.6017 0.5347 0.5933
vn -0.4484 0.6573 0.6057
vn -0.5309 0.4894 0.6919
vn -0.4308 0.6550 0.6208
vn -0.6029 0.5159 0.6086
vn -0.2549 0.8484 0.4640
vn -0.5167 0.7477 0.4171
vn -0.4733 0.6593 0.5842
vn -0.4580 0.4479 0.7678
vn -0.4840 0.5786 0.6564
vn -0.5549 0.4579 0.6946
vn -0.3571 0.7263 0.5874
vn -0.4092 0.4719 0.7809
vn -0.4353 0.6008 0.6705
vn -0.4047 0.3801 0.8317
vn -0.3441 0.2416 0.9073
vn -0.4161 0.5312 0.7381
vn -0.3438 0.9312 0.1213
vn -0.6461 0.7036 0.2960
vn -0.4443 0.7955 0.4122
vn -0.1347 0.2481 0.9593
vn -0.2579 0.3535 0.8992
vn -0.3234 0.4228 0.8466
vn -0.2929 0.3668 0.8830
vn -0.1172 0.3321 0.9359
vn -0.1703 0.1889 0.9671
vn -0.2562 0.2217 0.9409
vn -0.1012 0.2114 0.9721
vn -0.2201 0.3958 0.8916
vn -0.3998 0.8359 0.3761
vn -0.4012 0.8411 0.3628
vn -0.4080 0.8884 0.2106
vn 0.1070 0.9885 0.1071
vn 0.0120 0.9664 0.2566
vn -0.1761 0.9768 0.1220
vn -0.2603 0.8348 0.4852
vn -0.3606 0.7172 0.5963
vn -0.4567 0.5756 0.6783
vn -0.4024 0.8322 0.3813
vn -0.5982 0.7602 0.2534
vn -0.6651 0.4979 0.5566
vn -0.4704 0.7837 0.4056
vn -0.4160 0.8948 0.1622
vn -0.5612 0.7760 0.2879
vn -0.4150 0.8079 0.4184
vn -0.0218 0.9979 0.0610
vn -0.3184 0.9460 0.0609
vn 0.0790 0.9938 0.0783
vn 0.0902 0.9923 0.0849
vn 0.1017 0.9866 0.1273
vn 0.1458 0.9882 0.0478
vn 0.0793 0.9950 0.0610
vn -0.1209 0.9919 0.0394
vn -0.1257 0.9918 0.0247
vn -0.2635 0.9628 -0.0591
vn -0.2941 0.9551 -0.0347
vn -0.3069 0.9500 -0.0574
vn -0.2713 0.9589 -0.0826
vn -0.2394 0.9522 -0.1898
vn 0.0432 0.9967 0.0690
vn -0.3171 0.9465 -0.0589
vn -0.1660 0.9854 0.0371
vn -0.2375 0.9481 0.2113
vn -0.3359 0.9298 0.1504
vn -0.3171 0.9088 0.2711
vn -0.1578 0.9737 -0.1644
vn -0.0650 0.9958 -0.0644
vn -0.2359 0.9713 -0.0289
vn 0.0525 0.9984 -0.0219
vn -0.1265 0.9908 -0.0489
vn 0.0268 0.9944 -0.1020
vn -0.5326 0.8282 0.1747
vn -0.3107 0.9473 0.0785
vn -0.4254 0.8920 0.1529
vn 0.0810 0.9944 0.0672
vn 0.0892 0.9891 0.1172
vn 0.0283 0.9975 0.0655
vn -0.0750 0.9529 -0.2939
vn -0.2778 0.9552 -0.1019
vn -0.5352 0.8447 -0.0053
vn -0.3432 0.9362 -0.0754
vn -0.1847 0.9747 -0.1257
vn -0.0373 0.9990 -0.0257
vn -0.4417 0.8837 0.1549
vn -0.3327 0.9300 0.1561
vn -0.2213 0.9605 -0.1688
vn -0.6109 0.2876 0.7377
vn -0.7554 0.3708 0.5402
vn -0.1513 0.7133 0.6844
vn 0.0650 0.9913 -0.1146
vn -0.0775 0.9642 -0.2537
vn -0.2378 0.9701 0.0481
vn -0.0837 0.9495 -0.3025
vn -0.1908 0.9468 -0.2589
vn -0.3419 0.9184 -0.1992
vn -0.5469 0.8292 0.1150
vn -0.7452 0.3211 0.5845
vn -0.7791 0.4843 0.3981
vn -0.0970 0.9910 0.0925
vn -0.2741 0.9322 0.2365
vn -0.1994 0.8720 0.4470
vn 0.0642 0.9955 -0.0703
vn -0.2643 0.9285 0.2609
vn -0.1826 0.9832 -0.0012
vn -0.7688 0.5922 0.2412
vn -0.7020 0.7093 0.0639
vn -0.7079 0.6777 0.1990
vn -0.7706 0.3323 0.5438
vn -0.7656 0.5366 0.3549
vn -0.7269 0.5372 0.4279
vn -0.3037 0.9524 -0.0271
vn -0.3179 0.9469 0.0493
vn -0.1485 0.9864 0.0699
vn -0.7263 0.6674 0.1643
vn -0.6979 0.7131 0.0665
vn -0.7261 0.6756 0.1278
vn -0.5441 0.8389 -0.0156
vn -0.7403 0.6540 0.1554
vn -0.7381 0.6637 0.1213
vn -0.2641 0.9409 0.2121
vn -0.7409 0.6693 -0.0559
vn -0.4644 0.8854 -0.0182
vn -0.5142 0.7384 0.4363
vn -0.2487 0.8587 0.4481
vn -0.2260 0.9428 0.2452
vn -0.7125 0.6122 0.3427
vn -0.3104 0.9306 -0.1941
vn -0.4762 0.8777 0.0526
vn -0.1683 0.0061 0.9857
vn -0.1748 0.0074 0.9846
vn -0.1703 0.0094 0.9854
vn -0.1723 0.0026 0.9850
vn -0.1662 0.0016 0.9861
vn -0.1722 0.0069 0.9850
vn -0.8986 0.0971 -0.4280
vn -0.9174 0.0710 -0.3916
vn -0.9011 0.1563 -0.4045
vn -0.1801 -0.0032 0.9836
vn -0.8708 0.1291 -0.4744
vn -0.8861 0.1747 -0.4293
vn -0.8463 0.1511 -0.5108
vn 0.0848 0.0886 0.9925
vn -0.2596 0.7917 0.5531
vn -0.2098 0.7174 0.6643
vn -0.1738 0.0115 0.9847
vn -0.1691 0.0127 0.9855
vn -0.1718 0.0102 0.9851
vn 0.1832 0.0176 -0.9829
vn 0.1781 0.0214 -0.9838
vn 0.1811 0.0123 -0.9834
vn -0.1580 -0.0001 0.9874
vn -0.1546 0.0047 0.9880
vn -0.1615 0.0051 0.9869
vn -0.1065 0.0647 0.9922
vn -0.1039 0.0646 0.9925
vn -0.1093 0.0634 0.9920
vn -0.1652 -0.0225 0.9860
vn -0.1638 -0.0237 0.9862
vn -0.1710 -0.0188 0.9851
vn -0.1783 0.0004 0.9840
vn -0.1763 0.0049 0.9843
vn -0.1756 -0.0027 0.9845
vn -0.1706 -0.0136 0.9853
vn -0.1727 -0.0101 0.9849
vn -0.1751 -0.0151 0.9844
vn 0.0453 0.9990 0.0053
vn 0.0182 0.9983 -0.0561
vn -0.0136 0.9986 0.0506
vn 0.5891 0.3415 -0.7324
vn 0.0197 0.9997 0.0131
vn 0.4340 0.8021 -0.4102
vn 0.0972 0.9101 -0.4029
vn 0.0431 0.2674 -0.9626
vn 0.0519 0.9385 -0.3413
vn -0.0312 0.9976 -0.0617
vn 0.0408 0.4764 -0.8783
vn -0.0154 0.9546 -0.2975
vn 0.0544 0.7579 -0.6501
vn 0.5431 0.3610 -0.7581
vn -0.0901 0.7977 -0.5963
vn 0.5929 0.4171 -0.6888
vn 0.2415 0.7096 -0.6619
vn 0.5447 -0.0082 -0.8386
vn 0.6755 0.3339 -0.6574
vn 0.5362 0.6567 -0.5303
vn 0.3102 0.8957 -0.3185
vn 0.2423 0.9656 0.0947
vn 0.8357 0.5465 0.0544
vn 0.9651 0.2276 0.1299
vn 0.7561 0.0054 -0.6544
vn 0.7283 0.4037 -0.5537
vn 0.7428 -0.0624 -0.6666
vn 0.9828 0.0312 0.1820
vn 0.9822 0.0361 0.1843
vn 0.9939 0.0536 0.0959
vn 0.7569 -0.0036 -0.6535
vn 0.6832 -0.0487 -0.7286
vn 0.6409 0.0419 -0.7665
vn 0.0354 0.9839 -0.1754
vn 0.0017 0.9971 -0.0760
vn -0.0188 0.9949 -0.0991
vn 0.2852 0.9205 -0.2670
vn 0.5234 0.6476 -0.5538
vn 0.5977 0.2252 -0.7695
vn 0.8363 0.2794 -0.4718
vn 0.7838 -0.1553 -0.6013
vn 0.7650 -0.1856 -0.6166
vn 0.9268 0.3184 -0.1992
vn 0.1261 0.9246 -0.3595
vn 0.4018 0.8991 -0.1740
vn 0.8310 0.1457 -0.5369
vn 0.3659 0.5616 -0.7421
vn 0.6624 0.0500 -0.7475
vn 0.8264 0.4457 -0.3441
vn 0.8692 -0.0096 -0.4944
vn 0.8009 0.0835 -0.5930
vn 0.7558 0.1006 -0.6471
vn 0.6815 0.3649 -0.6344
vn 0.2136 0.9645 -0.1553
vn 0.2032 0.1800 -0.9624
vn 0.2328 0.0386 -0.9718
vn 0.2235 -0.2921 -0.9299
vn 0.2587 0.6875 -0.6785
vn 0.1727 0.9588 -0.2257
vn 0.3015 -0.3248 -0.8964
vn 0.2229 -0.3208 -0.9205
vn 0.2652 -0.4963 -0.8266
vn 0.3103 -0.3280 -0.8923
vn 0.5034 0.5923 -0.6291
vn 0.5143 0.0218 -0.8573
vn 0.3454 0.5992 -0.7223
vn 0.1732 0.9636 -0.2038
vn 0.0590 0.9788 -0.1962
vn 0.0039 1.0000 -0.0013
vn 0.0810 0.9924 -0.0927
vn 0.8428 0.4655 0.2701
vn 0.1630 0.9866 0.0116
vn 0.5410 0.0776 -0.8374
vn 0.2419 0.4535 -0.8578
vn 0.6219 0.0483 -0.7816
vn 0.5954 0.7544 -0.2764
vn 0.2247 0.9738 0.0348
vn 0.1303 0.9906 -0.0424
vn 0.1994 0.0132 -0.9798
vn 0.1798 0.0145 -0.9836
vn 0.1896 0.0046 -0.9819
vn 0.1716 0.0204 -0.9850
vn 0.1824 0.0402 -0.9824
vn 0.1754 0.0259 -0.9841
vn 0.1676 0.0141 -0.9858
vn 0.1702 0.0110 -0.9854
vn 0.1573 0.0122 -0.9875
vn 0.1689 0.0174 -0.9855
vn 0.1685 0.0098 -0.9856
vn 0.1697 0.0097 -0.9854
vn 0.1763 0.0146 -0.9842
vn 0.1710 0.0188 -0.9851
vn 0.1739 0.0204 -0.9846
vn 0.1609 -0.0060 -0.9869
vn 0.1656 0.0041 -0.9862
vn 0.1676 0.0054 -0.9858
vn 0.1687 0.0196 -0.9855
vn 0.1625 0.0118 -0.9866
vn 0.1549 0.0192 -0.9877
vn 0.1861 -0.1041 -0.9770
vn 0.1950 -0.0781 -0.9777
vn 0.2114 -0.0566 -0.9758
vn 0.1770 0.0186 -0.9840
vn 0.1775 0.0177 -0.9840
vn 0.1711 0.0147 -0.9851
vn 0.1750 0.0098 -0.9845
vn 0.1736 -0.0029 -0.9848
vn 0.1740 0.0076 -0.9847
vn 0.1596 0.0090 -0.9871
vn 0.1539 0.0158 -0.9880
vn 0.1526 0.0130 -0.9882
vn 0.1685 0.0113 -0.9856
vn 0.1778 0.0100 -0.9840
vn 0.1752 0.0148 -0.9844
vn 0.2978 -0.0354 -0.9540
vn 0.2891 -0.0385 -0.9565
vn 0.2864 -0.0419 -0.9572
vn 0.1756 0.0148 -0.9843
vn 0.1724 0.0109 -0.9850
vn 0.1726 0.0100 -0.9849
vn 0.1755 0.0164 -0.9843
vn 0.1689 0.0142 -0.9855
vn 0.1706 0.0192 -0.9852
vn 0.1728 0.0084 -0.9849
vn 0.1717 0.0103 -0.9851
vn 0.1711 0.0080 -0.9852
vn 0.1802 0.0079 -0.9836
vn 0.1827 0.0058 -0.9832
vn 0.1828 0.0065 -0.9831
vn 0.1726 0.0181 -0.9848
vn 0.1674 0.0201 -0.9857
vn 0.1725 0.0205 -0.9848
vn 0.1679 0.0174 -0.9857
vn 0.1735 0.0170 -0.9847
vn 0.1751 0.0171 -0.9844
vn 0.1490 0.0204 -0.9886
vn 0.1489 0.0204 -0.9886
vn 0.1466 0.0199 -0.9890
vn 0.1795 0.0114 -0.9837
vn 0.1697 0.0151 -0.9854
vn 0.1694 0.0248 -0.9852
vn 0.1700 0.0202 -0.9852
vn 0.1778 0.0134 -0.9840
vn 0.1768 0.0128 -0.9842
vn 0.1571 0.0259 -0.9872
vn 0.1595 0.0257 -0.9869
vn 0.1605 0.0261 -0.9867
vn 0.0894 -0.0573 -0.9943
vn 0.0331 -0.0170 -0.9993
vn -0.1250 -0.2783 -0.9523
vn 0.1412 0.0130 -0.9899
vn 0.0133 -0.0348 -0.9993
vn -0.1805 0.0850 -0.9799
vn -0.2444 0.0540 -0.9682
vn 0.1943 0.0129 -0.9808
vn 0.0026 0.0322 -0.9995
vn 0.1843 -0.0077 -0.9828
vn 0.1973 0.0104 -0.9803
vn 0.1473 0.0157 -0.9890
vn 0.1802 0.0027 -0.9836
vn 0.1253 -0.0042 -0.9921
vn -0.0403 -0.0455 -0.9982
vn 0.1534 -0.0240 -0.9879
vn 0.0172 -0.0379 -0.9991
vn 0.1433 0.0082 -0.9896
vn -0.1568 -0.4615 -0.8732
vn -0.0137 -0.4224 -0.9063
vn -0.7204 0.0542 -0.6915
vn -0.1990 0.0110 -0.9799
vn -0.1533 -0.2454 -0.9572
vn -0.2360 -0.0648 -0.9696
vn 0.1405 -0.4153 -0.8988
vn -0.0262 -0.5400 -0.8412
vn 0.0871 -0.6513 -0.7538
vn 0.0811 -0.6636 -0.7437
vn -0.0123 -0.5429 -0.8397
vn -0.0399 -0.5097 -0.8595
vn -0.0473 -0.4540 -0.8897
vn -0.2057 -0.4509 -0.8686
vn -0.2605 -0.4208 -0.8690
vn 0.0742 -0.6378 -0.7666
vn 0.1708 -0.6516 -0.7391
vn 0.1475 -0.4047 -0.9025
vn -0.9527 0.1150 0.2812
vn -0.9716 0.0420 0.2330
vn -0.9686 -0.0180 0.2481
vn -0.9799 -0.0045 0.1994
vn -0.9747 0.1893 0.1189
vn -0.9982 0.0282 0.0520
vn -0.9598 -0.0689 0.2721
vn -0.9530 0.1123 0.2813
vn -0.9680 -0.0231 0.2499
vn -0.7336 -0.0176 0.6793
vn -0.6445 -0.1178 0.7555
vn -0.8623 -0.3711 0.3446
vn -0.8654 0.1638 0.4735
vn -0.9093 -0.2187 0.3542
vn -0.9897 -0.1428 -0.0124
vn -0.3665 0.7489 0.5521
vn -0.5550 0.4592 0.6936
vn -0.8495 -0.1255 0.5125
vn -0.8567 -0.3662 0.3634
vn -0.8861 0.0647 0.4590
vn -0.7259 -0.0112 0.6877
vn -0.8403 0.5121 0.1779
vn -0.5334 0.4510 0.7156
vn -0.9236 0.1664 0.3453
vn -0.4599 0.6295 0.6263
vn -0.6307 -0.1395 0.7634
vn -0.7231 -0.0412 0.6895
vn -0.4991 0.6439 -0.5799
vn -0.4170 0.7547 -0.5066
vn -0.4985 0.6098 -0.6161
vn -0.9180 0.0175 0.3961
vn -0.7707 0.1495 0.6194
vn -0.8602 0.0259 0.5093
vn -0.8403 0.1425 0.5231
vn -0.2928 0.9495 0.1130
vn -0.3443 0.9260 0.1551
vn -0.2450 0.2156 -0.9452
vn -0.4388 0.4348 -0.7864
vn -0.1007 0.1042 -0.9894
vn -0.3177 0.9400 0.1243
vn 0.0008 0.9998 -0.0215
vn -0.3407 0.9177 0.2042
vn -0.4126 0.7534 -0.5121
vn -0.3120 0.6423 -0.7000
vn -0.2565 0.8983 -0.3566
vn -0.3408 0.4458 -0.8277
vn -0.2581 0.1645 -0.9520
vn -0.1454 0.6385 -0.7557
vn -0.5307 0.5796 -0.6185
vn -0.5278 0.6238 -0.5764
vn -0.5328 0.5929 -0.6038
vn -0.2159 0.9634 -0.1589
vn -0.2092 0.6799 -0.7028
vn 0.1621 0.1164 -0.9799
vn -0.6824 0.4945 -0.5384
vn -0.2163 0.6835 -0.6971
vn -0.3949 0.8462 -0.3577
vn -0.1359 0.9901 -0.0354
vn -0.1255 0.9921 -0.0080
vn -0.3226 0.9188 -0.2277
vn -0.7354 0.0342 -0.6767
vn -0.8001 0.1523 -0.5802
vn -0.5180 0.4993 -0.6945
vn -0.7635 0.4242 -0.4870
vn -0.4007 0.8353 -0.3766
vn -0.6284 0.4772 -0.6143
vn -0.7825 0.3818 -0.4919
vn -0.7430 0.5932 -0.3100
vn -0.3520 0.9042 -0.2420
vn -0.3658 0.8668 -0.3388
vn -0.1579 0.9781 -0.1358
vn -0.5944 0.5167 -0.6162
vn -0.7671 0.0669 -0.6380
vn -0.8323 0.0944 -0.5463
vn -0.8461 0.0611 -0.5294
vn -0.7762 0.5302 -0.3413
vn -0.6854 0.5055 -0.5241
vn -0.3887 0.8538 -0.3462
vn -0.6873 0.2047 -0.6970
vn -0.7695 0.3980 -0.4994
vn -0.5885 0.1371 -0.7968
vn -0.0099 0.9999 -0.0069
vn 0.0170 0.9962 -0.0852
vn -0.0014 1.0000 -0.0085
vn 0.0654 0.9540 -0.2927
vn 0.1071 0.3207 -0.9411
vn -0.0643 0.9791 -0.1931
vn -0.0584 0.9983 0.0009
vn -0.0510 0.9983 0.0281
vn -0.0529 0.9985 0.0116
vn -0.1834 0.6802 -0.7097
vn -0.0672 0.9742 -0.2156
vn -0.3649 0.8574 -0.3630
vn -0.1442 0.9758 -0.1643
vn -0.5611 0.7766 -0.2864
vn -0.5923 0.7582 -0.2726
vn -0.9511 0.0959 -0.2937
vn -0.9851 0.0997 -0.1402
vn -0.9379 0.1267 -0.3230
vn -0.4877 0.8572 -0.1651
vn -0.1382 0.9777 -0.1578
vn -0.5869 0.7627 -0.2717
vn -0.9467 0.0995 -0.3064
vn -0.9229 -0.0077 -0.3849
vn -0.9530 -0.0248 -0.3021
vn -0.5565 0.7708 -0.3100
vn -0.9397 0.0590 -0.3370
vn -0.5958 0.7551 -0.2735
vn -0.9372 -0.1124 -0.3301
vn -0.9744 0.0043 -0.2247
vn -0.9682 -0.0863 -0.2350
vn -0.9258 0.1103 -0.3617
vn -0.9062 0.0408 -0.4208
vn -0.9356 0.1053 -0.3371
vn -0.9161 0.3916 -0.0859
vn -0.9813 0.1184 -0.1515
vn -0.9979 0.0621 -0.0159
vn -0.9971 0.0739 -0.0168
vn -0.9953 0.0729 0.0645
vn -0.9438 0.2595 -0.2046
vn -0.4254 0.2769 -0.8616
vn -0.3290 0.0805 -0.9409
vn -0.1000 0.1294 -0.9865
vn -0.3341 0.6791 -0.6536
vn -0.4364 0.7769 -0.4539
vn -0.3475 0.5160 -0.7829
vn 0.0262 0.9996 -0.0132
vn -0.1019 0.9878 0.1177
vn -0.0654 0.9936 0.0925
vn 0.0275 0.9995 -0.0120
vn -0.0553 0.9935 0.0999
vn 0.0191 0.9997 -0.0149
vn -0.0119 0.9998 -0.0174
vn 0.0181 0.9997 -0.0162
vn -0.3010 0.9448 0.1290
vn -0.7663 0.1102 0.6330
vn -0.8374 0.1999 0.5087
vn -0.4786 0.3250 0.8157
vn -0.3507 0.9358 0.0366
vn -0.8505 0.1194 0.5123
vn -0.8310 0.3273 0.4498
vn -0.4408 0.8148 -0.3767
vn -0.6913 0.5349 -0.4857
vn -0.4932 0.6163 -0.6140
vn -0.5074 0.6336 -0.5840
vn -0.5025 0.6445 -0.5763
vn -0.4320 0.6821 -0.5900
vn -0.5353 0.6204 -0.5732
vn -0.5770 0.5655 -0.5893
vn -0.5528 0.4992 -0.6672
vn -0.4566 0.5238 -0.7191
vn -0.2438 0.2463 -0.9380
vn -0.8612 0.1643 0.4810
vn -0.7998 0.1181 0.5886
vn -0.8799 0.1973 0.4323
vn -0.7181 0.6340 0.2871
vn -0.8720 0.1032 0.4784
vn -0.3953 0.9110 0.1176
vn -0.0118 0.9998 -0.0177
vn -0.3010 0.9449 0.1290
vn -0.5451 0.8282 0.1302
vn -0.7812 0.1709 0.6004
vn -0.7083 0.6659 0.2343
vn -0.8684 0.2404 0.4337
vn -0.7650 0.6408 -0.0648
vn -0.4484 0.8936 -0.0225
vn -0.8161 0.3086 0.4886
vn -0.0741 0.9972 0.0060
vn -0.5143 0.6037 -0.6091
vn -0.0848 0.9963 -0.0127
vn -0.1940 0.9759 0.1002
vn -0.8317 0.3691 0.4147
vn -0.1284 0.9760 0.1758
vn -0.5138 0.6895 0.5106
vn -0.7386 0.5955 0.3160
vn -0.9363 0.1777 0.3030
vn -0.1234 -0.1284 -0.9840
vn 0.0981 -0.3415 -0.9347
vn -0.0213 -0.3000 -0.9537
vn -0.9415 0.2870 0.1764
vn -0.4383 0.8438 0.3096
vn -0.9615 0.1799 0.2075
vn -0.9975 0.0621 0.0350
vn -0.9714 0.2173 0.0954
vn -0.9385 0.3448 -0.0161
vn -0.9593 -0.0654 0.2748
vn -0.9517 0.1136 0.2854
vn -0.9614 -0.0665 0.2669
vn -0.8891 -0.4577 0.0058
vn -0.8425 -0.5385 -0.0094
vn -0.8349 -0.5503 0.0080
vn -0.5878 0.1328 -0.7980
vn -0.3120 0.6424 -0.7000
vn -0.6913 0.5350 -0.4857
vn -0.8292 0.5340 -0.1650
vn -0.6999 0.2761 -0.6588
vn -0.6423 0.7404 -0.1982
vn -0.6389 0.7686 -0.0326
vn -0.8763 0.3535 -0.3274
vn -0.8292 0.5340 -0.1649
vn -0.3780 -0.2208 -0.8991
vn -0.2434 -0.4464 -0.8611
vn -0.4716 0.0254 -0.8814
vn -0.8803 0.3809 -0.2829
vn -0.7978 0.2131 -0.5640
vn -0.8910 0.4455 -0.0877
vn -0.6995 0.0865 -0.7094
vn -0.5907 -0.0531 -0.8051
vn -0.2945 -0.1767 -0.9392
vn -0.1608 0.9580 -0.2373
vn -0.2970 0.7711 -0.5632
vn -0.4466 0.3615 -0.8184
vn -0.9672 0.0039 0.2540
vn -0.9752 0.0426 0.2174
vn -0.9778 -0.0052 0.2093
vn -0.9481 0.1634 0.2729
vn -0.9188 0.1337 0.3715
vn -0.9455 0.1712 0.2769
vn -0.9664 0.1003 0.2366
vn -0.9586 0.1097 0.2629
vn -0.9633 -0.0686 0.2594
vn -0.9729 0.0043 0.2312
vn -0.9579 0.0820 0.2753
vn -0.8656 0.4168 0.2776
vn -0.7481 0.2454 -0.6166
vn -0.8730 0.3637 -0.3249
vn -0.5840 0.1445 -0.7988
vn -0.2456 0.9606 -0.1299
vn -0.1198 0.9925 0.0242
vn 0.1461 0.8114 -0.5659
vn -0.6905 0.6824 -0.2399
vn -0.6028 0.3547 -0.7147
vn -0.6521 0.4230 -0.6292
vn -0.7212 -0.0406 -0.6915
vn -0.5641 0.7554 -0.3332
vn -0.6444 0.4045 -0.6489
vn -0.5011 0.3507 -0.7912
vn -0.4475 -0.3164 -0.8364
vn -0.5215 -0.0797 -0.8495
vn -0.1327 -0.5073 -0.8515
vn -0.2217 -0.2570 -0.9406
vn -0.1258 -0.5410 -0.8316
vn 0.2084 0.1597 -0.9649
vn -0.1970 0.4009 -0.8947
vn -0.1859 0.9749 -0.1230
vn -0.8872 -0.4604 0.0305
vn -0.8425 -0.5387 -0.0042
vn -0.8672 -0.4979 0.0091
vn -0.9177 -0.3972 -0.0101
vn -0.9518 -0.3059 0.0226
vn -0.9032 -0.4185 0.0953
vn -0.8692 -0.4906 0.0615
vn -0.8540 -0.5203 0.0074
vn -0.8532 -0.5215 -0.0127
vn -0.5897 0.6456 0.4852
vn -0.4717 0.7890 0.3936
vn -0.2190 0.9754 -0.0268
vn -0.7599 0.5998 0.2507
vn -0.6280 0.7293 0.2715
vn -0.7778 0.5589 0.2874
vn -0.6547 0.7186 0.2347
vn -0.5090 0.8555 0.0950
vn -0.4874 0.8504 0.1982
vn -0.8968 -0.4425 -0.0032
vn -0.9894 0.0548 0.1344
vn -0.8928 -0.4026 0.2021
vn -0.4640 0.8590 0.2164
vn -0.6249 0.6942 0.3571
vn 0.3342 -0.2382 -0.9119
vn -0.3559 0.6717 -0.6497
vn -0.0183 0.5082 -0.8610
vn 0.0841 -0.5512 -0.8301
vn 0.0048 -0.7279 -0.6856
vn 0.0823 -0.4868 -0.8696
vn 0.2378 -0.6143 -0.7524
vn 0.3635 -0.7371 -0.5697
vn 0.3299 -0.6212 -0.7108
vn 0.0746 -0.7860 -0.6137
vn 0.1371 -0.7144 -0.6862
vn 0.0788 -0.7293 -0.6797
vn 0.1265 -0.7780 -0.6153
vn 0.1392 -0.7640 -0.6300
vn 0.1300 -0.5655 -0.8144
vn -0.0378 0.7614 -0.6472
vn -0.0795 0.9121 -0.4022
vn -0.0414 0.9986 -0.0338
vn -0.0631 -0.5765 -0.8147
vn 0.1053 -0.4607 -0.8813
vn 0.3866 -0.2167 -0.8964
vn 0.1422 -0.8059 -0.5747
vn 0.1784 -0.8089 -0.5602
vn 0.1236 -0.7965 -0.5918
vn 0.2067 -0.5308 -0.8219
vn 0.1955 -0.7904 -0.5806
vn 0.0844 -0.3206 -0.9435
vn 0.0099 -0.5250 -0.8510
vn 0.0352 -0.2860 -0.9576
vn 0.0837 -0.5703 -0.8172
vn -0.0122 0.7703 -0.6376
vn 0.1671 0.8398 -0.5165
vn 0.0127 -0.0684 -0.9976
vn -0.0311 0.9990 -0.0322
vn 0.0189 0.8528 -0.5219
vn -0.0314 0.7620 -0.6468
vn 0.3057 0.1164 -0.9450
vn -0.0664 0.3132 -0.9473
vn -0.4754 0.3789 -0.7940
vn -0.0295 0.3809 -0.9242
vn 0.1157 0.0207 -0.9931
vn 0.1479 -0.3145 -0.9377
vn -0.0821 0.3767 -0.9227
vn -0.0794 0.9121 -0.4022
vn -0.8983 0.4354 -0.0584
vn -0.8474 0.1490 -0.5095
vn -0.6705 0.7401 0.0520
vn -0.2619 0.6164 -0.7426
vn -0.2867 0.0067 -0.9580
vn -0.5700 0.1339 -0.8107
vn -0.7363 0.2573 -0.6259
vn -0.3496 -0.1597 -0.9232
vn -0.4882 -0.1852 -0.8528
vn -0.8034 -0.5920 0.0643
vn -0.7902 -0.6056 0.0940
vn -0.7397 -0.6676 0.0847
vn -0.7854 -0.6153 0.0670
vn -0.8429 -0.5381 -0.0048
vn -0.8851 -0.4647 0.0246
vn -0.7919 -0.6048 0.0843
vn -0.8037 -0.5947 -0.0174
vn -0.9142 -0.4044 -0.0267
vn -0.9529 0.1251 0.2764
vn -0.9151 0.1017 0.3903
vn -0.7474 0.6483 0.1454
vn -0.0778 0.9945 0.0699
vn -0.2360 0.9533 0.1882
vn -0.0755 0.9901 0.1179
vn -0.0433 0.9962 0.0753
vn 0.0144 0.9981 -0.0596
vn -0.0561 0.9977 0.0386
vn -0.3637 0.8568 0.3656
vn -0.1690 0.9837 0.0618
vn -0.2025 0.6778 0.7068
vn -0.1905 0.9794 0.0674
vn -0.2155 0.9648 0.1505
vn -0.2622 0.6595 0.7045
vn -0.6062 0.1301 0.7846
vn -0.4669 0.6832 0.5614
vn -0.4773 0.7709 0.4218
vn -0.1019 0.9732 0.2064
vn -0.2027 0.9710 0.1265
vn -0.4465 0.7961 0.4084
vn -0.4144 0.7309 0.5423
vn -0.1835 0.9765 0.1131
vn -0.6672 0.5173 0.5360
vn -0.1886 0.9612 0.2015
vn -0.0401 0.9945 0.0964
vn -0.4801 0.8384 0.2580
vn -0.3943 0.8116 0.4310
vn -0.4936 0.7339 0.4667
vn -0.1350 0.9410 0.3102
vn -0.2471 0.9647 0.0910
vn -0.1240 0.9877 0.0954
vn -0.1313 0.9897 0.0568
vn -0.6775 0.1121 0.7269
vn -0.7000 0.2208 0.6791
vn -0.7310 -0.0064 0.6824
vn -0.3458 0.7739 0.5306
vn -0.6160 0.5988 0.5119
vn -0.6733 0.3246 0.6644
vn -0.7742 0.0792 0.6280
vn -0.5233 0.3416 0.7807
vn -0.7475 -0.0304 0.6636
vn -0.7277 -0.0148 0.6857
vn -0.6989 0.2017 0.6862
vn -0.6947 0.4873 0.5291
vn -0.3603 0.1249 0.9244
vn -0.5966 0.2849 0.7502
vn -0.8190 0.5665 0.0915
vn -0.0692 0.9470 0.3138
vn -0.4135 0.9092 -0.0483
vn -0.1454 0.9891 0.0234
vn -0.1077 0.9899 0.0922
vn -0.2093 0.9595 0.1884
vn -0.5255 0.8096 0.2615
vn -0.0910 0.9833 0.1577
vn -0.0905 0.9871 0.1323
vn -0.1187 0.9899 0.0781
vn -0.8271 0.5017 0.2534
vn -0.1221 0.8834 0.4524
vn -0.7185 0.5986 0.3542
vn -0.1103 0.9878 0.1096
vn -0.2184 0.9738 0.0627
vn -0.1720 0.9763 0.1314
vn -0.3188 0.9306 0.1797
vn -0.1217 0.9828 0.1387
vn -0.0433 0.9969 0.0663
vn -0.0034 0.9785 0.2061
vn 0.0232 0.9733 0.2283
vn -0.0621 0.9844 0.1647
vn -0.6559 0.7001 0.2822
vn -0.7168 0.4176 0.5584
vn -0.1604 0.9837 0.0811
vn -0.1400 0.9889 0.0505
vn -0.2134 0.9558 0.2024
vn -0.4093 0.6009 0.6866
vn 0.0140 -0.1082 -0.9940
vn 0.2505 0.7996 -0.5458
vn -0.1534 -0.4023 -0.9026
vn -0.7147 0.6426 0.2762
vn -0.6086 0.7729 0.1798
vn -0.9531 0.1126 0.2811
vn -0.7795 0.5958 0.1934
vn -0.4559 0.8612 0.2248
vn -0.6566 0.6741 0.3384
vn -0.2999 0.9476 0.1095
vn -0.6067 0.7848 0.1268
vn -0.7899 0.5424 0.2862
vn -0.9653 0.1811 0.1882
vn -0.7869 0.5647 0.2487
vn -0.5527 0.8230 0.1313
vn -0.4803 0.8600 0.1723
vn -0.1118 0.9786 0.1730
vn -0.8169 0.5745 0.0517
vn -0.7969 0.5941 0.1090
vn -0.6520 0.7436 0.1479
vn -0.5018 0.8183 0.2804
vn -0.2771 0.9600 0.0400
vn -0.0866 0.9962 -0.0034
vn -0.0636 0.9897 0.1284
vn -0.4497 0.8513 0.2703
vn -0.2533 0.9576 0.1376
vn -0.0697 0.9783 0.1951
vn -0.8665 0.4510 0.2140
vn -0.9609 0.0917 0.2614
vn -0.5986 0.7767 0.1958
vn -0.9413 0.3375 0.0037
vn -0.9725 0.1953 0.1272
vn -0.5707 0.8089 0.1411
vn -0.0549 0.9901 0.1295
vn -0.0887 0.9961 0.0001
vn -0.0664 0.9972 0.0331
vn -0.4505 0.8449 0.2883
vn -0.6982 0.6926 0.1810
vn -0.5703 0.8202 0.0459
vn -0.5540 0.8307 0.0543
vn -0.2403 0.9631 0.1208
vn -0.4517 0.8535 0.2600
vn -0.0911 0.9941 0.0591
vn -0.6278 0.7607 0.1650
vn -0.7350 0.6273 0.2574
vn -0.9826 0.1193 0.1423
vn -0.9671 0.2467 0.0615
vn -0.9767 0.2114 0.0368
vn -0.9492 0.1449 0.2794
vn -0.9379 0.1691 0.3029
vn -0.9319 0.1702 0.3203
vn -0.9432 -0.2226 -0.2467
vn -0.9144 -0.0620 -0.4000
vn -0.8867 -0.1512 -0.4370
vn -0.9766 -0.1010 -0.1898
vn -0.9878 -0.0648 0.1413
vn -0.9660 -0.2307 -0.1166
vn -0.9821 0.1484 0.1157
vn -0.8405 0.4454 0.3086
vn -0.9517 0.2050 0.2284
vn -0.8633 0.3830 -0.3288
vn -0.8409 0.4458 -0.3068
vn -0.8609 0.4396 -0.2561
vn -0.3569 0.6137 -0.7043
vn -0.5010 0.5251 -0.6879
vn -0.4042 0.5272 -0.7475
vn -0.9171 0.3664 0.1572
vn -0.9559 0.2735 0.1069
vn -0.9374 0.3193 0.1389
vn -0.7951 0.4385 -0.4189
vn -0.8143 0.4654 -0.3468
vn -0.8300 0.4773 -0.2886
vn -0.7740 0.4788 -0.4144
vn -0.8117 0.5101 -0.2845
vn -0.8359 0.4886 -0.2500
vn -0.8270 0.5544 0.0940
vn -0.8331 0.5471 0.0816
vn -0.8311 0.5381 0.1407
vn -0.7966 0.5037 -0.3342
vn -0.8018 0.4430 -0.4012
vn -0.6533 0.4622 -0.5996
vn -0.8029 0.2735 -0.5297
vn -0.8771 0.2931 -0.3806
vn -0.8646 0.3237 -0.3842
vn -0.9279 0.3442 -0.1431
vn -0.8937 0.4330 -0.1173
vn -0.8813 0.4331 -0.1892
vn -0.8835 0.0049 -0.4685
vn -0.9059 0.3337 -0.2607
vn -0.9567 -0.0793 -0.2800
vn -0.9018 0.3839 0.1983
vn -0.9073 0.3912 0.1545
vn -0.8889 0.4400 0.1275
vn -0.9298 0.3488 -0.1172
vn -0.8943 0.4298 -0.1242
vn -0.9218 0.3529 -0.1604
vn -0.8461 0.4954 -0.1968
vn -0.9384 0.2834 -0.1978
vn -0.8455 0.4827 -0.2283
vn -0.8710 -0.0032 -0.4913
vn -0.9293 0.0684 -0.3629
vn -0.8152 0.1356 -0.5631
vn -0.9801 0.1425 0.1381
vn -0.9674 0.1033 0.2310
vn -0.9589 0.2119 0.1887
vn -0.7843 0.6196 -0.0330
vn -0.8860 0.4630 -0.0239
vn -0.8750 0.4793 -0.0681
vn -0.9921 0.0644 0.1076
vn -0.9997 0.0013 -0.0250
vn -0.9966 0.0146 0.0806
vn -0.8751 0.4741 0.0966
vn -0.8429 0.3300 0.4249
vn -0.8719 0.4887 0.0300
vn -0.9894 0.0197 0.1440
vn -0.9535 0.1448 0.2645
vn -0.9852 0.0749 0.1544
vn -0.9188 0.3550 -0.1725
vn -0.9162 0.3880 -0.1000
vn -0.8823 0.4378 -0.1729
vn -0.9668 0.1326 0.2184
vn -0.9679 0.2081 0.1408
vn -0.9770 0.1041 0.1859
vn -0.9344 0.1029 0.3410
vn -0.8750 0.0481 0.4817
vn -0.9128 0.0868 0.3991
vn -0.9070 -0.2998 0.2958
vn -0.9002 -0.2209 0.3754
vn -0.9441 -0.3274 -0.0379
vn -0.8893 0.4569 -0.0169
vn -0.9545 0.2871 0.0802
vn -0.9184 0.3951 0.0217
vn -0.9466 0.1574 0.2815
vn -0.9337 0.1618 0.3194
vn -0.9466 0.2088 0.2456
vn -0.9619 0.1484 0.2298
vn -0.9824 0.1457 0.1172
vn -0.9597 0.1689 0.2244
vn -0.9557 0.2495 0.1561
vn -0.9423 0.1922 0.2742
vn -0.9283 0.2569 0.2689
vn -0.9555 0.1902 0.2256
vn -0.9641 0.1610 0.2113
vn -0.9883 0.0725 0.1340
vn -0.6563 0.5106 -0.5555
vn -0.5729 0.3943 -0.7186
vn -0.6078 0.6012 -0.5188
vn -0.9604 -0.1515 0.2338
vn -0.9675 -0.1694 0.1875
vn -0.9547 -0.2747 0.1142
vn -0.9179 0.1655 -0.3606
vn -0.9461 0.2211 -0.2366
vn -0.9358 0.2120 -0.2816
vn -0.9387 0.2299 -0.2571
vn -0.9398 0.2568 -0.2256
vn -0.9287 0.3187 -0.1895
vn -0.9555 -0.2887 -0.0610
vn -0.9037 -0.3903 -0.1759
vn -0.9685 -0.1777 -0.1746
vn -0.8097 0.5839 -0.0587
vn -0.9306 0.3027 -0.2056
vn -0.8371 0.5308 0.1323
vn -0.9153 -0.3670 -0.1658
vn -0.9623 -0.2678 -0.0484
vn -0.8709 -0.4673 -0.1522
vn -0.9569 0.2870 -0.0453
vn -0.9440 0.2696 -0.1903
vn -0.9581 0.2669 -0.1039
vn -0.5432 0.5550 -0.6300
vn -0.8309 0.2766 -0.4829
vn -0.7163 0.4926 -0.4942
vn -0.9594 0.1691 -0.2255
vn -0.9944 0.1050 0.0150
vn -0.9029 0.4179 0.1008
vn -0.9565 -0.0760 0.2816
vn -0.9450 -0.0887 0.3149
vn -0.9906 -0.0144 0.1359
vn -0.9820 -0.1864 -0.0289
vn -0.9792 -0.1794 -0.0948
vn -0.9734 -0.2185 -0.0687
vn -0.7936 0.5875 -0.1586
vn -0.8428 0.4127 -0.3455
vn -0.9257 0.2037 -0.3186
vn -0.9227 0.3238 -0.2090
vn -0.8109 0.5397 -0.2263
vn -0.8837 0.1340 -0.4485
vn -0.7874 -0.6132 -0.0635
vn -0.8645 -0.4882 -0.1198
vn -0.9586 -0.2843 -0.0154
vn -0.6223 0.6196 -0.4784
vn -0.5180 0.4819 -0.7067
vn -0.4089 0.6328 -0.6576
vn -0.8599 0.5000 0.1023
vn -0.9871 -0.0646 0.1462
vn -0.9350 0.3547 0.0043
vn -0.8660 0.3383 -0.3682
vn -0.8299 0.3723 -0.4154
vn -0.8446 0.2251 -0.4858
vn -0.9808 -0.1669 -0.1009
vn -0.9853 -0.0262 0.1689
vn -0.9745 -0.2140 -0.0676
vn -0.7777 -0.6001 -0.1873
vn -0.9890 -0.1477 0.0100
vn -0.7898 -0.5988 0.1326
vn -0.9192 0.3595 0.1607
vn -0.9379 0.3189 0.1364
vn -0.9095 0.3862 0.1540
vn -0.9687 -0.0477 -0.2435
vn -0.9497 -0.0176 -0.3126
vn -0.9117 0.0505 -0.4077
vn -0.9965 -0.0615 0.0565
vn -0.9810 0.1075 -0.1616
vn -0.9212 0.3113 0.2333
vn -0.9945 -0.0242 -0.1021
vn -0.9855 -0.0123 -0.1692
vn -0.8917 0.4376 0.1160
vn -0.8619 0.4924 0.1209
vn -0.8335 0.5348 0.1387
vn -0.8125 0.5649 0.1443
vn -0.9985 0.0267 0.0477
vn -0.9729 -0.0836 0.2157
vn -0.9831 -0.1439 -0.1132
vn -0.9526 -0.0087 0.3042
vn -0.8905 0.4074 0.2026
vn -0.9090 0.3803 0.1706
vn -0.9030 0.4230 0.0750
vn -0.8375 0.5329 0.1208
vn -0.8200 0.5716 0.0279
vn -0.8727 0.4751 0.1127
vn -0.8324 0.5258 0.1752
vn -0.8265 0.5445 0.1427
vn -0.9647 0.2536 0.0715
vn -0.9714 0.2376 -0.0047
vn -0.9546 0.2938 -0.0490
vn -0.9515 0.2522 -0.1759
vn -0.8689 0.4949 -0.0076
vn -0.8571 0.4814 0.1831
vn -0.7201 0.6933 0.0304
vn -0.5738 0.8081 -0.1334
vn -0.7858 0.6178 -0.0295
vn -0.9182 0.0484 -0.3932
vn -0.9265 0.0914 -0.3650
vn -0.8831 0.1470 -0.4456
vn -0.9390 -0.0111 -0.3438
vn -0.9616 0.0856 -0.2607
vn -0.9521 -0.0286 -0.3045
vn -0.9260 0.0312 -0.3763
vn -0.9275 0.0820 -0.3647
vn -0.9513 0.2061 -0.2292
vn -0.9596 -0.0945 0.2652
vn -0.9943 0.0398 0.0985
vn -0.9737 0.1337 0.1846
vn -0.9165 0.3223 0.2369
vn -0.8668 0.3922 0.3079
vn -0.9373 0.3042 0.1703
vn -0.8469 0.5310 0.0286
vn -0.6866 0.7270 -0.0068
vn -0.7392 0.6715 -0.0515
vn -0.7473 0.2751 -0.6048
vn -0.7905 0.5269 -0.3123
vn -0.8142 0.4604 -0.3536
vn -0.8240 0.5646 0.0476
vn -0.8250 0.5305 0.1946
vn -0.7667 0.6321 0.1124
vn -0.9176 0.1042 -0.3836
vn -0.9191 0.0972 -0.3819
vn -0.9446 0.0914 -0.3152
vn -0.2290 0.9292 -0.2900
vn -0.4894 0.8634 -0.1225
vn -0.4412 0.8941 -0.0768
vn -0.9130 0.0475 -0.4051
vn -0.9340 0.0981 -0.3436
vn -0.9369 0.0596 -0.3445
vn -0.2372 0.9250 -0.2968
vn -0.2642 0.9305 -0.2538
vn -0.4593 0.8870 -0.0484
vn -0.8043 0.5585 0.2030
vn -0.7857 0.5844 0.2031
vn -0.8479 0.4822 0.2204
vn -0.7914 0.5873 0.1697
vn -0.7199 0.6940 -0.0078
vn -0.7923 0.5494 0.2653
vn -0.8873 0.4355 0.1519
vn -0.8316 0.5381 0.1374
vn -0.8598 0.4910 0.1398
vn -0.9180 0.0538 0.3929
vn -0.9016 0.3986 0.1682
vn -0.9581 0.1607 0.2372
vn -0.9397 0.1662 0.2988
vn -0.9412 0.2446 0.2328
vn -0.9500 0.2143 0.2271
vn -0.9281 0.3724 0.0028
vn -0.9206 0.3900 -0.0181
vn -0.8878 0.4602 0.0025
vn -0.9977 0.0675 -0.0040
vn -0.9983 0.0302 -0.0490
vn -0.9988 0.0393 -0.0297
vn -0.9409 0.0904 -0.3264
vn -0.9582 0.1778 -0.2244
vn -0.9477 0.1563 -0.2783
vn -0.9930 0.0627 -0.1006
vn -0.9968 0.0435 -0.0674
vn -0.9990 0.0453 0.0023
vn -0.9272 0.1386 -0.3480
vn -0.9068 0.1776 -0.3824
vn -0.9065 0.1277 -0.4025
vn -0.9270 0.2174 -0.3057
vn -0.9386 0.1525 -0.3096
vn -0.9445 0.3063 -0.1183
vn -0.9219 0.3826 0.0608
vn -0.9195 0.3923 0.0256
vn -0.9215 0.3677 0.1250
vn -0.9285 0.1431 -0.3427
vn -0.9013 0.1452 -0.4081
vn -0.9105 0.0607 -0.4090
vn -0.9078 0.1821 -0.3779
vn -0.8928 0.1071 -0.4376
vn -0.9184 0.0919 -0.3848
vn -0.9580 0.2821 -0.0514
vn -0.9527 0.2783 -0.1223
vn -0.9730 0.2223 -0.0620
vn -0.9163 -0.1171 -0.3830
vn -0.8686 0.0146 -0.4953
vn -0.8486 -0.0174 -0.5287
vn -0.9695 -0.2441 0.0235
vn -0.9962 0.0434 -0.0756
vn -0.9948 0.0960 -0.0327
vn -0.9529 -0.3011 0.0366
vn -0.9377 -0.3469 -0.0219
vn -0.9274 -0.3219 0.1906
vn -0.9588 0.2811 -0.0400
vn -0.9207 0.3903 -0.0001
vn -0.9614 0.2748 -0.0139
vn -0.9789 -0.1707 0.1122
vn -0.9664 -0.2568 -0.0055
vn -0.9941 0.0994 -0.0442
vn -0.9639 -0.2617 0.0491
vn -0.9118 -0.3469 0.2197
vn -0.9982 0.0527 0.0276
vn -0.8894 0.1687 0.4249
vn -0.8663 0.2052 0.4555
vn -0.9131 0.2363 0.3323
vn -0.9597 0.1115 0.2580
vn -0.9173 0.1494 0.3691
vn -0.9138 0.2038 0.3512
vn -0.9722 0.2338 -0.0128
vn -0.8442 0.5273 0.0959
vn -0.9739 -0.0413 -0.2233
vn -0.9678 0.0394 -0.2486
vn -0.9846 0.1537 -0.0827
vn -0.9805 0.1276 -0.1494
vn -0.9945 0.0208 -0.1030
vn -0.9992 0.0406 -0.0016
vn -0.9672 0.1046 -0.2314
vn -0.8530 0.2149 0.4756
vn -0.8656 0.2224 0.4487
vn -0.8788 0.3016 0.3697
vn -0.8860 0.1769 0.4286
vn -0.9268 0.1901 0.3240
vn -0.9362 0.1330 0.3252
vn -0.8419 0.0305 0.5387
vn -0.9288 0.0072 0.3705
vn -0.8766 0.1344 0.4621
vn -0.9841 -0.1414 -0.1076
vn -0.9651 -0.2230 -0.1375
vn -0.9930 -0.1061 -0.0513
vn -0.9600 -0.1019 0.2607
vn -0.9761 0.1153 0.1844
vn -0.9849 -0.1729 0.0049
vn -0.6700 0.7348 0.1056
vn -0.4996 0.8650 -0.0468
vn -0.6981 0.7061 0.1186
vn -0.9620 0.1785 -0.2067
vn -0.9849 -0.0830 -0.1518
vn -0.9850 0.1695 0.0325
vn -0.0751 0.9133 -0.4003
vn -0.5048 0.8615 -0.0538
vn -0.2436 0.9241 -0.2944
vn -0.7762 -0.5304 -0.3408
vn -0.8091 -0.5867 -0.0343
vn -0.9231 -0.3769 -0.0758
vn -0.8803 0.4004 0.2543
vn -0.9068 0.2682 0.3252
vn -0.8982 0.3018 0.3195
vn -0.9895 0.1440 -0.0153
vn -0.9923 0.1200 0.0322
vn -0.9928 0.1200 -0.0047
vn -0.7782 -0.5554 -0.2931
vn -0.7885 -0.6103 -0.0764
vn -0.6381 -0.7059 -0.3073
vn -0.6861 0.7246 0.0656
vn -0.7121 0.7019 -0.0121
vn -0.6699 0.7420 0.0242
vn -0.8173 -0.5230 -0.2418
vn -0.7632 -0.5822 -0.2803
vn -0.8427 -0.4328 -0.3203
vn -0.7774 -0.5589 -0.2886
vn -0.8603 -0.4941 -0.1256
vn -0.7841 -0.6163 -0.0725
vn -0.2696 0.8771 0.3975
vn -0.4408 0.8249 0.3539
vn -0.3154 0.8945 0.3168
vn -0.7573 -0.5812 -0.2979
vn -0.8276 -0.5113 -0.2317
vn -0.8614 -0.4940 -0.1186
vn -0.5414 0.7913 -0.2841
vn -0.4526 0.8236 -0.3420
vn -0.5168 0.7918 -0.3255
vn -0.8853 -0.0406 -0.4633
vn -0.8562 -0.3086 -0.4144
vn -0.9867 -0.0385 -0.1579
vn -0.6543 0.6659 -0.3585
vn -0.7004 0.6123 -0.3668
vn -0.6358 0.7060 -0.3120
vn -0.2447 0.8167 -0.5225
vn 0.1026 0.7723 -0.6270
vn -0.0819 0.7806 -0.6197
vn -0.3153 0.8413 -0.4391
vn -0.3842 0.8424 -0.3777
vn -0.4276 0.8576 -0.2859
vn -0.9877 0.1562 0.0111
vn -0.9875 0.1481 0.0544
vn -0.9806 0.1617 -0.1104
vn 0.0051 0.5327 -0.8463
vn -0.2930 0.7397 -0.6058
vn -0.4010 0.4893 -0.7744
vn -0.9854 0.1703 -0.0060
vn -0.9910 0.1292 -0.0337
vn -0.9923 0.1237 -0.0048
vn -0.8420 -0.3827 -0.3803
vn -0.6456 -0.6241 -0.4402
vn -0.7055 0.6934 0.1464
vn -0.4524 0.8427 0.2920
vn -0.9944 -0.0342 0.1003
vn -0.6121 -0.6493 -0.4514
vn 0.0354 0.7066 -0.7067
vn 0.1665 0.7138 -0.6803
vn 0.2759 0.6873 -0.6719
vn -0.6854 0.7072 0.1734
vn -0.3356 0.9002 0.2777
vn -0.3728 0.8057 0.4603
vn -0.6262 0.7225 -0.2932
vn -0.5509 0.7783 -0.3013
vn -0.6438 0.6838 -0.3433
vn -0.9606 -0.1135 -0.2538
vn -0.9802 -0.0943 -0.1741
vn -0.9784 -0.1016 -0.1798
vn -0.2991 0.8339 -0.4639
vn -0.3757 0.8210 -0.4299
vn -0.5332 0.7325 -0.4233
vn -0.7934 -0.2596 0.5506
vn -0.8766 0.0395 0.4796
vn -0.7794 -0.3236 0.5365
vn -0.8164 0.5343 0.2191
vn -0.8015 0.5683 0.1861
vn -0.8034 0.4752 0.3588
vn -0.7657 -0.3547 0.5365
vn -0.7716 -0.4124 0.4842
vn -0.9453 -0.2145 0.2458
vn -0.8767 0.0281 0.4802
vn -0.8035 0.5379 0.2551
vn -0.7923 -0.2266 0.5664
vn -0.7795 -0.2768 0.5620
vn -0.8875 0.2292 0.3997
vn -0.8846 0.0048 0.4663
vn -0.8540 -0.1791 0.4886
vn -0.7218 -0.4632 0.5142
vn -0.9583 -0.0308 0.2842
vn -0.8113 -0.1435 0.5667
vn -0.7945 -0.2670 0.5455
vn -0.9474 -0.1388 0.2884
vn -0.7717 -0.2995 0.5610
vn -0.7877 -0.3070 0.5341
vn -0.7650 -0.3629 0.5321
vn -0.8589 -0.0420 -0.5104
vn -0.8040 -0.2237 -0.5510
vn -0.8682 -0.3418 -0.3598
vn -0.8767 0.2128 0.4313
vn -0.8584 0.4271 0.2841
vn -0.8677 0.4046 0.2889
vn -0.8547 0.4407 0.2743
vn -0.7858 0.5279 0.3223
vn -0.8655 0.4194 0.2741
vn -0.9953 -0.0319 -0.0917
vn -0.9935 -0.0416 -0.1061
vn -0.9781 -0.0294 -0.2060
vn -0.7598 -0.3488 -0.5486
vn -0.6932 -0.6530 -0.3050
vn -0.7474 -0.6638 0.0289
vn -0.8168 -0.5769 0.0087
vn -0.8318 0.4481 0.3274
vn -0.9949 -0.0300 0.0965
vn -0.4456 0.8468 0.2905
vn -0.8378 -0.5433 -0.0545
vn -0.8664 -0.3796 -0.3244
vn -0.6893 -0.6759 -0.2607
vn -0.9914 -0.1020 -0.0822
vn -0.9994 -0.0146 -0.0320
vn -0.9929 -0.0648 -0.1002
vn -0.9982 0.0276 -0.0540
vn -0.9961 -0.0674 -0.0571
vn -0.9991 -0.0381 -0.0173
vn -0.4265 0.8246 -0.3716
vn -0.1832 0.8767 -0.4448
vn 0.0465 0.9384 -0.3425
vn -0.1940 0.9536 -0.2301
vn -0.4328 0.8935 -0.1199
vn -0.6600 0.7376 -0.1428
vn -0.6736 0.6547 -0.3431
vn -0.6000 0.6677 -0.4407
vn -0.6506 0.6040 -0.4603
vn -0.7609 0.6485 -0.0229
vn -0.7293 0.6577 -0.1887
vn -0.5710 0.7182 -0.3977
vn -0.5492 0.7659 -0.3345
vn -0.6621 0.7338 -0.1522
vn -0.6612 0.6915 -0.2909
vn -0.7143 0.5881 -0.3794
vn -0.7069 0.6146 -0.3503
vn -0.6771 0.6313 -0.3782
vn -0.7653 0.5268 -0.3700
vn -0.7514 0.5055 -0.4242
vn -0.6542 0.5140 -0.5548
vn -0.7807 0.5378 -0.3182
vn -0.6395 0.4891 -0.5932
vn -0.6172 0.6111 -0.4955
vn -0.6760 0.6244 -0.3914
vn -0.6988 0.6269 -0.3443
vn -0.6519 0.6814 -0.3327
vn -0.9688 0.1267 -0.2131
vn -0.9169 0.0506 -0.3958
vn -0.9513 0.0495 -0.3043
vn -0.3318 0.8179 -0.4700
vn -0.1695 0.9049 -0.3903
vn -0.1826 0.6805 -0.7096
vn -0.3625 0.8118 -0.4578
vn -0.5078 0.8084 -0.2975
vn -0.1452 0.9055 -0.3988
vn -0.8552 -0.0047 -0.5183
vn -0.8387 0.0890 -0.5373
vn -0.7534 -0.0497 -0.6557
vn -0.9092 0.3210 -0.2652
vn -0.9524 0.2571 -0.1637
vn -0.9039 0.3759 -0.2042
vn -0.9546 0.1345 -0.2658
vn -0.9647 0.1972 -0.1745
vn -0.9257 0.2611 -0.2737
vn -0.3323 0.7855 -0.5221
vn -0.5376 0.7648 -0.3551
vn -0.4178 0.8510 -0.3181
vn -0.2659 0.8612 -0.4332
vn -0.0239 0.9353 -0.3530
vn -0.1425 0.9283 -0.3433
vn -0.4727 0.8235 -0.3137
vn -0.4452 0.8353 -0.3225
vn -0.4476 0.8325 -0.3264
vn -0.4658 0.8230 -0.3252
vn -0.4476 0.8325 -0.3265
vn -0.5178 0.8227 -0.2345
vn -0.4296 0.8883 -0.1623
vn -0.7785 0.5280 -0.3393
vn -0.6348 0.7239 -0.2701
vn -0.6155 0.6638 -0.4249
vn -0.5848 0.6991 -0.4114
vn -0.6173 0.7305 -0.2920
vn -0.7302 0.6820 -0.0415
vn -0.8354 0.4488 -0.3174
vn -0.7878 0.6076 -0.1007
vn -0.9398 0.2983 -0.1664
vn -0.6480 0.7614 -0.0196
vn -0.8502 0.5264 0.0053
vn -0.8318 0.5418 0.1203
vn -0.8883 0.4509 -0.0867
vn -0.7277 0.6858 0.0121
vn -0.9115 -0.0539 -0.4078
vn -0.9078 0.1962 -0.3708
vn -0.8888 0.4306 -0.1570
vn -0.7574 0.4981 -0.4221
vn -0.7145 0.6846 -0.1440
vn -0.7339 0.6746 -0.0796
vn -0.6551 0.6474 -0.3897
vn -0.6312 0.5924 -0.5006
vn -0.8186 0.5048 -0.2741
vn -0.0553 0.9469 -0.3166
vn -0.0943 0.9941 -0.0531
vn -0.2183 0.8912 -0.3978
vn -0.8408 0.4895 -0.2310
vn -0.6626 0.5786 -0.4757
vn -0.8902 0.3797 -0.2519
vn -0.8314 -0.5506 -0.0755
vn -0.9893 0.0096 -0.1455
vn -0.8982 -0.4396 0.0049
vn -0.8595 0.5105 -0.0243
vn -0.7559 0.6282 -0.1844
vn -0.8404 0.5090 -0.1862
vn -0.8372 -0.0215 -0.5465
vn -0.8460 0.0283 -0.5324
vn -0.7490 -0.0316 -0.6618
vn -0.9504 0.1611 -0.2662
vn -0.9793 0.2015 0.0191
vn -0.9579 0.2841 -0.0416
vn -0.5413 0.8365 -0.0858
vn -0.5320 0.8175 -0.2207
vn -0.5496 0.8014 -0.2358
vn -0.7555 -0.0465 -0.6535
vn -0.7668 -0.1165 -0.6312
vn -0.8575 -0.0252 -0.5139
vn -0.5906 0.8064 -0.0320
vn -0.7079 0.7063 -0.0006
vn -0.7123 0.6999 0.0531
vn -0.5344 0.8070 -0.2514
vn -0.5422 0.8103 -0.2221
vn -0.4763 0.8120 -0.3372
vn -0.5235 0.8300 -0.1926
vn -0.6380 0.7481 -0.1824
vn -0.6792 0.7282 -0.0917
vn -0.6275 0.7576 -0.1798
vn -0.5205 0.8291 -0.2042
vn -0.4318 0.8492 -0.3038
vn -0.4065 0.7854 -0.4669
vn -0.4187 0.8210 -0.3881
vn -0.4552 0.8259 -0.3326
vn -0.4821 0.8178 -0.3142
vn -0.5692 0.7974 -0.2003
vn -0.3413 0.8660 -0.3655
vn -0.5946 0.8002 -0.0779
vn -0.7286 0.6845 0.0229
vn -0.6161 0.7876 -0.0076
vn -0.4235 0.8405 -0.3380
vn -0.5454 0.8007 -0.2479
vn -0.4723 0.8309 -0.2942
vn -0.8251 -0.0861 -0.5584
vn -0.8390 0.1174 -0.5313
vn -0.7995 -0.0021 -0.6007
vn -0.9592 0.2784 -0.0497
vn -0.9742 0.2256 -0.0100
vn -0.9595 0.2813 -0.0157
vn -0.8467 -0.4064 -0.3433
vn -0.9332 0.3433 -0.1064
vn -0.9710 0.1812 0.1560
vn -0.8994 0.4368 -0.0189
vn -0.8833 -0.3310 0.3319
vn -0.8118 -0.3430 0.4726
vn -0.9776 0.0621 0.2009
vn -0.9799 0.0661 0.1883
vn -0.8208 -0.1703 0.5452
vn -0.9075 0.0387 0.4183
vn -0.9451 0.3218 -0.0564
vn -0.9173 0.3980 0.0149
vn -0.9098 0.4019 -0.1039
vn -0.9226 -0.2658 0.2796
vn -0.9823 0.1224 0.1421
vn -0.9938 0.0966 0.0542
vn -0.9686 0.2269 -0.1014
vn -0.9891 0.1419 -0.0403
vn -0.9846 0.1728 -0.0272
vn -0.9863 0.1610 -0.0369
vn -0.9793 0.1989 0.0381
vn -0.9720 0.2153 -0.0938
vn -0.8054 -0.1822 -0.5640
vn -0.9440 -0.2064 -0.2576
vn -0.9613 0.0379 -0.2728
vn -0.2195 0.7897 -0.5728
vn -0.3681 0.7464 -0.5544
vn -0.3412 0.7048 -0.6219
vn -0.4287 -0.7736 -0.4666
vn -0.6381 -0.7059 -0.3074
vn -0.9683 0.2301 -0.0973
vn -0.9816 0.1864 -0.0417
vn -0.9855 0.1212 -0.1188
vn -0.6354 0.7675 0.0846
vn -0.6441 0.7643 0.0327
vn -0.7578 0.6292 0.1728
vn -0.8097 -0.5293 -0.2534
vn -0.8564 -0.4168 -0.3049
vn -0.9662 -0.2322 -0.1123
vn -0.5144 0.7956 -0.3199
vn -0.6235 0.7407 -0.2503
vn -0.4452 0.8251 -0.3479
vn -0.9810 0.1308 0.1434
vn -0.9719 0.1909 0.1374
vn -0.9678 0.2518 0.0021
vn -0.9657 0.2548 -0.0503
vn -0.9649 0.2403 -0.1058
vn -0.9606 0.2751 -0.0397
vn -0.9786 0.1950 -0.0654
vn -0.9809 0.1742 -0.0860
vn -0.9851 0.1713 -0.0124
vn -0.8996 -0.4347 -0.0417
vn -0.9995 -0.0113 0.0291
vn -0.8453 0.4059 0.3475
vn -0.9587 0.2502 -0.1354
vn -0.9815 0.1840 -0.0531
vn -0.9776 0.1995 -0.0674
vn -0.8450 0.4126 0.3402
vn -0.8904 0.0008 -0.4551
vn -0.8807 -0.1681 -0.4428
vn -0.9384 0.0021 -0.3455
vn -0.9642 0.2643 0.0215
vn -0.9416 0.3314 -0.0604
vn -0.9566 0.2907 -0.0208
vn -0.7969 -0.2360 -0.5561
vn -0.9713 0.1380 -0.1937
vn -0.9791 0.1844 -0.0853
vn -0.9710 0.1251 -0.2037
vn -0.9599 -0.1900 -0.2062
vn -0.6900 0.7073 0.1536
vn -0.9990 -0.0118 0.0426
vn -0.5679 0.7418 -0.3567
vn -0.6334 0.6847 -0.3605
vn -0.5895 0.7457 -0.3105
vn -0.4422 0.6480 -0.6202
vn -0.1971 0.8536 -0.4823
vn -0.0438 0.7424 -0.6685
vn -0.3226 0.8426 -0.4313
vn -0.2524 0.8388 -0.4824
vn -0.0275 0.8270 -0.5616
vn -0.4029 0.7502 -0.5243
vn -0.2474 0.8081 -0.5347
vn -0.4747 0.7868 -0.3944
vn -0.5459 0.8083 -0.2206
vn -0.4928 0.8374 -0.2366
vn -0.6084 0.7731 -0.1794
vn -0.5500 0.7792 -0.3004
vn -0.4735 0.8261 -0.3055
vn -0.3987 0.8402 -0.3676
vn -0.7084 -0.0754 -0.7018
vn -0.8013 0.2420 -0.5472
vn -0.7979 -0.0817 -0.5973
vn -0.7029 0.6963 -0.1452
vn -0.7993 0.4712 -0.3729
vn -0.8124 0.2084 -0.5445
vn -0.9097 -0.3851 -0.1555
vn -0.8631 -0.4849 -0.1411
vn -0.8025 -0.5953 -0.0417
vn -0.8272 0.3646 -0.4276
vn -0.8560 0.0786 -0.5109
vn -0.7158 0.1452 -0.6830
vn -0.9965 0.0201 0.0811
vn -0.9721 0.1388 0.1891
vn -0.9684 0.1883 0.1638
vn -0.2696 0.8182 -0.5078
vn -0.1266 0.7877 -0.6029
vn -0.2687 0.8576 -0.4385
vn -0.3569 0.9269 -0.1157
vn -0.0446 0.9689 -0.2435
vn -0.6191 0.7841 -0.0434
vn -0.0539 0.9224 -0.3824
vn -0.0929 0.9016 -0.4225
vn -0.2600 0.9420 -0.2122
vn 0.0067 0.9089 -0.4169
vn -0.1481 0.9573 -0.2484
vn -0.0136 0.8977 -0.4405
vn -0.0421 0.9025 -0.4287
vn -0.1060 0.9703 -0.2174
vn 0.0059 0.9100 -0.4146
vn -0.0455 0.9380 -0.3438
vn -0.2009 0.9385 -0.2807
vn -0.2603 0.8738 -0.4107
vn 0.0583 0.9198 -0.3881
vn -0.2132 0.9106 -0.3539
vn -0.4206 0.8068 -0.4150
vn -0.3433 0.8448 -0.4104
vn -0.3150 0.9475 0.0543
vn -0.3455 0.9262 -0.1510
vn -0.7158 0.6961 -0.0555
vn -0.1979 0.9140 -0.3543
vn -0.6742 0.7385 0.0057
vn -0.7565 0.6536 0.0216
vn -0.2466 0.9645 -0.0942
vn -0.6196 0.7847 -0.0201
vn -0.6549 0.7545 0.0431
vn -0.6581 0.7484 0.0828
vn -0.4126 0.9107 -0.0205
vn -0.6370 0.7708 0.0108
vn -0.6656 0.7460 -0.0195
vn -0.1913 0.9237 -0.3319
vn -0.2676 0.8011 -0.5354
vn -0.2821 0.8334 -0.4752
vn -0.3139 0.8850 -0.3438
vn -0.7914 -0.6112 -0.0123
vn -0.8395 -0.5412 -0.0487
vn -0.8986 -0.4385 0.0126
vn -0.7319 0.1395 -0.6670
vn -0.7123 0.2349 -0.6614
vn -0.8324 0.3644 -0.4176
vn -0.6350 0.5603 -0.5319
vn -0.6675 0.4334 -0.6055
vn -0.4863 0.4130 -0.7701
vn -0.5334 0.5184 -0.6684
vn -0.7350 0.2270 -0.6389
vn -0.6729 0.2364 -0.7010
vn -0.5997 0.5524 -0.5790
vn -0.4610 0.5156 -0.7222
vn -0.3330 0.6318 -0.6999
vn -0.9435 0.2206 0.2475
vn -0.9417 0.1459 0.3033
vn -0.9307 0.2310 0.2837
vn -0.9415 0.3340 -0.0440
vn -0.9484 0.3073 0.0788
vn -0.9234 0.3810 -0.0468
vn -0.9326 0.3541 -0.0698
vn -0.9541 0.2922 -0.0662
vn -0.9451 0.3253 0.0316
vn -0.8814 0.3115 -0.3551
vn -0.8671 -0.0344 -0.4970
vn -0.9496 0.1928 -0.2471
vn -0.9408 0.1534 0.3023
vn -0.9406 0.2048 0.2709
vn -0.9452 0.2332 0.2286
vn -0.9117 0.2239 0.3446
vn -0.8959 0.2788 0.3459
vn -0.8674 0.2325 0.4399
vn -0.9417 0.3267 0.0803
vn -0.8376 -0.5227 0.1588
vn -0.8346 0.5462 -0.0710
vn -0.7769 0.6177 -0.1217
vn -0.8795 -0.4748 0.0319
vn -0.9922 -0.0805 0.0949
vn -0.8594 -0.5111 0.0149
vn -0.8388 -0.5320 0.1157
vn -0.8199 -0.5723 0.0150
vn -0.4670 0.8773 0.1108
vn -0.7802 0.6133 -0.1232
vn -0.9897 -0.0852 0.1148
vn 0.0126 0.9866 0.1624
vn -0.2693 0.7988 0.5379
vn -0.0376 0.8588 0.5110
vn -0.4503 0.8842 0.1245
vn -0.2617 0.9643 0.0405
vn -0.7693 0.6258 -0.1288
vn -0.6906 -0.7119 -0.1276
vn -0.7178 -0.6908 -0.0869
vn -0.8290 -0.4975 -0.2554
vn -0.6221 0.3041 0.7215
vn -0.9254 -0.3345 0.1779
vn -0.9839 0.1329 0.1192
vn -0.9367 -0.2778 0.2129
vn -0.9303 -0.3019 0.2083
vn -0.8297 0.1746 0.5302
vn -0.1956 0.9806 0.0133
vn -0.3841 0.8859 -0.2600
vn 0.0238 0.9997 0.0054
vn -0.4496 0.8901 0.0746
vn -0.7734 0.2330 0.5895
vn -0.3228 0.9028 -0.2842
vn -0.6056 0.3128 0.7317
vn -0.2905 0.7878 0.5432
vn -0.8526 0.1693 0.4945
vn -0.3162 0.7501 0.5809
vn -0.5261 0.3158 0.7896
vn -0.0750 0.6396 0.7650
vn -0.4503 0.8842 0.1244
vn -0.8526 0.1692 0.4945
vn -0.2906 0.7878 0.5432
vn -0.8262 0.1613 0.5397
vn -0.9217 -0.3453 0.1768
vn -0.6208 0.2852 0.7303
vn -0.0493 0.9971 0.0584
vn -0.0210 0.9991 0.0371
vn -0.0621 0.9944 0.0853
vn -0.3121 0.9489 0.0476
vn -0.9369 0.3492 -0.0153
vn -0.7807 0.6098 -0.1365
vn -0.4733 0.8682 0.1488
vn -0.2798 0.7811 0.5583
vn -0.0506 0.9831 0.1762
vn -0.9316 -0.3016 0.2028
vn -0.5853 0.3346 0.7385
vn -0.3763 0.7744 0.5085
vn -0.1238 0.6630 0.7383
vn -0.1400 0.9887 0.0535
vn -0.1487 0.9889 0.0032
vn -0.3421 0.9356 0.0877
vn -0.6547 0.6687 0.3524
vn -0.5117 0.8337 0.2074
vn -0.4523 0.7415 0.4956
vn -0.0790 0.8350 0.5445
vn -0.4095 0.7185 0.5622
vn -0.2811 0.8163 0.5046
vn -0.0707 0.9951 0.0696
vn -0.0235 0.9987 0.0444
vn -0.0476 0.9889 0.1408
vn -0.1453 0.8648 0.4806
vn -0.3756 0.7941 0.4778
vn -0.2041 0.9770 0.0621
vn -0.9299 -0.2984 0.2153
vn -0.4447 0.8857 0.1332
vn -0.9891 -0.0810 0.1232
vn -0.0652 0.8450 0.5307
vn -0.0735 0.9898 0.1223
vn -0.0245 0.9838 0.1776
vn -0.7808 0.6247 0.0013
vn -0.9885 0.0838 -0.1258
vn -0.9810 -0.1132 -0.1573
vn -0.9948 0.0646 -0.0789
vn -0.7454 0.6655 -0.0388
vn -0.3507 0.9365 -0.0027
vn -0.9875 -0.0178 -0.1568
vn -0.9858 -0.0371 -0.1639
vn -0.9854 -0.0362 -0.1666
vn -0.9640 -0.2499 -0.0907
vn -0.9606 -0.2591 -0.1000
vn -0.9514 -0.2940 -0.0913
vn -0.8024 0.2081 -0.5594
vn -0.8811 0.4706 0.0467
vn -0.8531 0.1269 -0.5061
vn -0.9704 0.0459 -0.2373
vn -0.9753 -0.0086 -0.2209
vn -0.9722 -0.0145 -0.2337
vn -0.9884 -0.0204 -0.1502
vn -0.9841 0.1210 -0.1298
vn -0.9873 -0.0250 -0.1568
vn -0.9858 -0.0044 -0.1679
vn -0.9858 -0.0110 -0.1677
vn -0.9864 -0.0105 -0.1641
vn -0.4439 0.8579 -0.2588
vn -0.5850 0.7652 0.2688
vn -0.2140 0.9768 0.0005
vn -0.9820 -0.0027 -0.1891
vn -0.9831 -0.0135 -0.1826
vn -0.9825 -0.0026 -0.1865
vn -0.9623 0.2555 0.0935
vn -0.9759 0.1320 -0.1737
vn -0.3771 0.9230 -0.0760
vn -0.9856 0.0259 -0.1671
vn -0.9879 0.1184 -0.1006
vn -0.9820 0.0290 -0.1866
vn -0.9843 0.0282 -0.1743
vn -0.9825 0.0251 -0.1846
vn -0.9818 0.0196 -0.1887
vn -0.9778 -0.1423 -0.1535
vn -0.9848 0.0068 -0.1733
vn -0.9868 -0.0971 -0.1299
vn -0.9836 -0.0191 -0.1793
vn -0.9829 -0.0147 -0.1837
vn -0.9838 -0.0201 -0.1779
vn -0.9848 -0.0068 -0.1735
vn -0.9852 -0.0117 -0.1708
vn -0.9843 -0.0126 -0.1759
vn -0.9861 0.0017 -0.1661
vn -0.9848 -0.0056 -0.1737
vn -0.9854 -0.0030 -0.1700
vn -0.9744 0.1326 -0.1813
vn -0.9864 -0.0146 -0.1636
vn -0.9847 -0.0114 -0.1736
vn -0.9839 -0.0204 -0.1776
vn -0.7135 0.6966 0.0752
vn -0.6161 0.7794 0.1141
vn -0.3336 0.9413 -0.0520
vn -0.9850 -0.0040 -0.1723
vn -0.9856 -0.0065 -0.1689
vn -0.9848 0.0062 -0.1733
vn -0.9847 -0.0076 -0.1740
vn -0.9868 -0.0073 -0.1616
vn -0.9834 0.0110 -0.1810
vn -0.9851 -0.0016 -0.1721
vn -0.9842 0.0039 -0.1769
vn -0.9846 -0.0082 -0.1744
vn -0.9860 -0.0165 -0.1660
vn -0.2558 -0.4215 -0.8700
vn -0.0928 -0.4907 -0.8664
vn -0.0485 -0.5027 -0.8631
vn -0.3058 -0.1278 -0.9435
vn -0.2191 -0.2543 -0.9420
vn -0.2733 -0.4092 -0.8706
vn -0.9855 -0.0012 -0.1695
vn -0.9846 -0.0061 -0.1746
vn -0.9828 -0.0064 -0.1844
vn 0.0856 -0.4197 -0.9036
vn 0.0182 0.5031 -0.8641
vn -0.0447 -0.5345 -0.8440
vn -0.1299 -0.4781 -0.8686
vn -0.0318 -0.0765 -0.9966
vn -0.1199 -0.4276 -0.8960
vn -0.0873 -0.3816 -0.9202
vn 0.0440 -0.6870 -0.7253
vn -0.1363 -0.4605 -0.8771
vn -0.4035 0.2240 -0.8872
vn -0.4863 -0.0108 -0.8737
vn -0.4587 0.2461 -0.8538
vn -0.5196 0.2793 -0.8075
vn -0.5755 0.6545 -0.4904
vn -0.4963 0.7687 -0.4034
vn -0.4017 0.6776 -0.6160
vn -0.5816 0.5171 -0.6279
vn -0.1934 0.9774 -0.0857
vn -0.2784 0.0448 -0.9594
vn -0.3721 0.2355 -0.8978
vn -0.3013 0.4761 -0.8262
vn -0.3811 0.2275 -0.8961
vn -0.6483 0.6231 -0.4375
vn -0.3400 0.2277 -0.9124
vn -0.1310 0.9740 -0.1848
vn 0.0619 0.9936 -0.0947
vn -0.0767 0.9970 -0.0097
vn -0.1365 0.9739 -0.1814
vn -0.2940 0.4947 -0.8178
vn -0.2635 0.8599 -0.4371
vn -0.2894 0.4222 -0.8591
vn -0.3064 0.1831 -0.9341
vn -0.4213 0.7809 -0.4612
vn -0.1255 0.9859 -0.1106
vn -0.5200 0.7742 -0.3609
vn -0.2695 0.9414 -0.2028
vn -0.0397 0.9990 0.0228
vn -0.0567 0.9984 0.0026
vn -0.0297 0.9983 -0.0509
vn -0.6242 0.7644 0.1618
vn -0.8885 0.4573 -0.0372
vn -0.7700 0.5962 0.2271
vn -0.8545 0.4867 -0.1814
vn -0.6931 0.5369 -0.4811
vn -0.7548 0.5686 -0.3270
vn -0.9655 0.1432 -0.2177
vn -0.9013 0.4202 0.1049
vn -0.9352 0.2009 -0.2917
vn -0.7765 0.6087 0.1629
vn -0.6914 0.6548 0.3054
vn -0.7827 0.5549 0.2818
vn -0.7566 0.5539 -0.3477
vn -0.6850 0.7278 0.0317
vn -0.6211 0.7827 0.0416
vn -0.6567 0.6723 -0.3416
vn -0.6454 0.0507 -0.7621
vn -0.8686 0.4196 -0.2635
vn -0.9209 0.0361 -0.3882
vn -0.9425 0.1002 -0.3190
vn -0.9018 0.0596 -0.4281
vn -0.6167 0.7832 0.0789
vn -0.5302 0.8129 0.2409
vn -0.0464 0.6560 -0.7533
vn -0.6271 0.5153 -0.5841
vn -0.5383 0.0407 -0.8418
vn -0.8727 0.4092 -0.2663
vn -0.5964 0.0876 -0.7979
vn -0.6371 0.5617 -0.5278
vn -0.5740 0.8106 0.1159
vn -0.6285 0.7683 0.1214
vn -0.4782 0.8400 0.2565
vn -0.7821 0.6181 0.0792
vn -0.7752 0.5729 0.2662
vn -0.8886 0.4586 0.0004
vn -0.8655 0.5000 -0.0314
vn -0.8917 0.4394 -0.1084
vn -0.7836 0.5283 -0.3270
vn -0.6530 0.7507 0.1006
vn -0.7403 0.6563 0.1457
vn -0.8911 0.4532 0.0250
vn -0.7206 0.5017 -0.4786
vn -0.8453 0.4753 -0.2441
vn -0.8821 0.3672 -0.2950
vn -0.6079 0.7920 0.0568
vn -0.6671 0.6536 -0.3574
vn -0.8602 0.4170 -0.2934
vn -0.6093 0.7894 0.0748
vn -0.7415 0.6216 0.2526
vn -0.5085 0.8332 0.2173
vn -0.5454 0.0596 -0.8360
vn -0.5975 0.0735 -0.7985
vn -0.6155 0.0424 -0.7870
vn -0.5204 0.1121 -0.8465
vn -0.6200 0.0726 -0.7813
vn -0.5551 0.0733 -0.8286
vn -0.6577 0.0681 -0.7502
vn -0.7354 0.0189 -0.6774
vn -0.6743 0.0433 -0.7372
vn -0.4582 0.2750 -0.8452
vn -0.0027 0.3760 -0.9266
vn -0.6576 0.2129 -0.7227
vn -0.4319 0.2400 -0.8694
vn -0.4230 0.0271 -0.9057
vn -0.4738 -0.0323 -0.8800
vn -0.5316 0.8110 0.2441
vn -0.6710 0.6618 0.3343
vn -0.4807 0.6743 0.5605
vn 0.1770 0.0149 -0.9841
vn 0.1816 0.0061 -0.9833
vn 0.1774 0.0113 -0.9841
vn 0.1755 0.0160 -0.9844
vn 0.1794 0.0131 -0.9837
vn 0.1798 0.0096 -0.9836
vn 0.0197 -0.0352 -0.9992
vn 0.1559 -0.0211 -0.9875
vn -0.0645 -0.2511 -0.9658
vn -0.3357 0.8688 -0.3639
vn -0.2279 0.8514 -0.4724
vn -0.3199 0.8363 -0.4453
vn 0.1956 0.9628 -0.1864
vn 0.2341 0.8490 -0.4736
vn -0.0440 0.9164 -0.3979
vn -0.1637 0.8085 -0.5653
vn -0.2904 0.8062 -0.5156
vn -0.2023 0.8345 -0.5125
vn 0.0019 0.7023 -0.7119
vn 0.0135 0.5658 -0.8244
vn 0.0930 0.5894 -0.8025
vn 0.1992 0.8433 -0.4992
vn 0.4332 0.8020 -0.4114
vn 0.2997 0.5879 -0.7514
vn -0.0198 0.9311 -0.3643
vn -0.2572 0.9057 -0.3370
vn 0.0787 0.9843 -0.1577
vn -0.2908 0.7506 -0.5933
vn -0.0925 0.6836 -0.7239
vn -0.0143 0.5605 -0.8280
vn -0.3655 0.8453 -0.3897
vn -0.3406 0.8096 -0.4781
vn -0.4253 0.8004 -0.4224
vn -0.4127 0.7837 -0.4642
vn -0.4092 0.8218 -0.3964
vn -0.3445 0.8104 -0.4738
vn -0.3745 0.4697 -0.7995
vn -0.2891 0.0922 -0.9528
vn -0.7405 0.5618 -0.3689
vn -0.6950 0.4175 -0.5853
vn -0.1208 0.6263 -0.7701
vn 0.0188 0.8848 -0.4655
vn -0.7359 0.3883 -0.5547
vn -0.6041 0.1182 -0.7881
vn -0.0784 0.5158 -0.8531
vn 0.1276 0.1576 -0.9792
vn -0.3208 0.1241 -0.9390
vn -0.3903 0.4624 -0.7962
vn -0.2325 0.9566 -0.1757
vn -0.0354 0.9892 -0.1420
vn -0.2729 0.9087 -0.3158
vn 0.1997 0.9796 0.0217
vn 0.0071 0.9914 -0.1309
vn 0.1745 0.9840 0.0355
vn -0.5614 0.4702 -0.6810
vn -0.4316 0.3122 -0.8464
vn -0.6160 0.2202 -0.7563
vn -0.3923 0.4430 -0.8061
vn -0.4410 0.2154 -0.8713
vn -0.6360 0.3622 -0.6814
vn -0.4291 -0.3303 -0.8407
vn -0.0190 0.2990 -0.9541
vn -0.4968 -0.1125 -0.8605
vn -0.2056 0.9699 -0.1305
vn 0.0228 0.9997 -0.0033
vn 0.0190 0.8801 -0.4744
vn -0.7041 0.6056 -0.3709
vn -0.6939 0.3985 -0.5998
vn -0.2952 0.8117 -0.5040
vn -0.0124 0.7052 -0.7089
vn -0.3378 0.8250 -0.4531
vn 0.1898 0.9588 -0.2113
vn -0.0728 0.9230 -0.3778
vn -0.0148 0.9851 -0.1715
vn -0.3053 0.0195 -0.9521
vn -0.2573 0.2898 -0.9219
vn -0.0674 0.2633 -0.9624
vn -0.2685 0.8264 -0.4950
vn -0.3455 0.8274 -0.4428
vn -0.3759 0.8059 -0.4573
vn -0.0867 0.3467 -0.9339
vn -0.3232 0.3153 -0.8923
vn -0.2735 0.2417 -0.9310
vn -0.2864 0.1196 -0.9506
vn -0.1950 0.0502 -0.9795
vn 0.0036 0.1018 -0.9948
vn -0.2399 -0.0506 -0.9695
vn -0.3516 0.0075 -0.9361
vn 0.1234 0.1339 -0.9833
vn -0.0960 0.4899 -0.8665
vn -0.0912 0.5094 -0.8557
vn -0.0006 0.3915 -0.9202
vn 0.1855 0.2414 -0.9525
vn 0.4902 0.3470 -0.7996
vn 0.1570 0.4590 -0.8744
vn -0.1183 0.3856 -0.9151
vn 0.3059 0.3810 -0.8725
vn 0.1950 0.4277 -0.8826
vn -0.0302 0.5833 -0.8117
vn 0.0522 0.4229 -0.9047
vn 0.1897 0.4589 -0.8680
vn -0.2274 0.6088 -0.7601
vn -0.3525 0.5842 -0.7310
vn -0.3367 0.4559 -0.8239
vn -0.0654 0.7272 -0.6833
vn -0.1622 0.6451 -0.7467
vn 0.1292 0.6359 -0.7609
vn 0.0144 0.4644 -0.8855
vn -0.1532 0.3726 -0.9153
vn -0.2708 0.5547 -0.7868
vn 0.0229 0.9997 -0.0033
vn -0.3612 0.8884 -0.2833
vn -0.1805 0.9682 -0.1732
vn -0.2655 0.9124 -0.3116
vn -0.6584 0.7042 -0.2658
vn -0.8589 0.4846 -0.1659
vn -0.5734 0.5773 -0.5814
vn -0.9838 -0.0163 -0.1787
vn -0.9867 -0.0036 -0.1625
vn -0.9838 -0.0155 -0.1787
vn -0.9820 -0.0280 -0.1870
vn -0.9813 -0.0240 -0.1910
vn -0.9848 -0.0559 -0.1642
vn 0.4204 0.8236 -0.3806
vn 0.6066 0.7769 -0.1685
vn -0.4865 0.6553 -0.5779
vn -0.6735 0.4241 -0.6054
vn -0.5959 0.6709 -0.4413
vn -0.8401 0.5371 -0.0755
vn -0.7978 0.5292 -0.2890
vn -0.6260 0.6700 -0.3992
vn -0.5103 0.7500 -0.4209
vn -0.4070 0.7474 -0.5251
vn -0.4165 0.6700 -0.6145
vn -0.8882 0.4588 -0.0244
vn -0.7256 0.5629 -0.3957
vn -0.7385 0.6353 -0.2257
vn -0.6690 0.4389 -0.5999
vn -0.6289 0.6806 -0.3758
vn -0.8018 0.5098 -0.3117
vn -0.0766 0.4267 -0.9011
vn -0.0263 0.4225 -0.9060
vn -0.0223 0.4514 -0.8921
vn 0.5184 0.8438 -0.1392
vn -0.5687 0.6696 -0.4777
vn 0.1737 0.9271 -0.3320
vn -0.1672 0.8644 -0.4742
vn 0.1028 0.7741 -0.6246
vn -0.0687 0.7924 -0.6061
vn -0.0823 0.5349 -0.8409
vn 0.0030 0.5823 -0.8130
vn -0.1064 0.5524 -0.8268
vn 0.2040 0.3579 -0.9112
vn 0.0814 0.5422 -0.8363
vn 0.2481 0.4758 -0.8438
vn 0.1631 0.3312 -0.9294
vn 0.0161 0.3518 -0.9360
vn 0.0986 0.3882 -0.9163
vn 0.2307 0.6260 -0.7449
vn 0.2215 0.4345 -0.8730
vn 0.1132 0.5446 -0.8310
vn 0.1981 0.3448 -0.9175
vn 0.1413 0.4155 -0.8985
vn 0.1012 0.5451 -0.8322
vn 0.1187 0.5606 -0.8195
vn 0.1336 0.7646 -0.6305
vn 0.2161 0.6057 -0.7658
vn 0.0416 0.6009 -0.7983
vn -0.2027 0.3884 -0.8989
vn -0.2852 0.7582 -0.5863
vn -0.0691 0.3284 -0.9420
vn -0.1091 0.3385 -0.9346
vn -0.0891 0.2938 -0.9517
vn -0.1924 0.2999 -0.9344
vn -0.1799 0.3033 -0.9358
vn -0.1617 0.3188 -0.9339
vn -0.0428 0.4233 -0.9050
vn -0.0924 0.4222 -0.9018
vn -0.1133 0.3955 -0.9114
vn -0.9838 -0.0167 -0.1785
vn -0.9846 -0.0106 -0.1744
vn -0.9842 -0.0142 -0.1765
vn 0.7310 0.6803 0.0528
vn 0.6884 0.7250 0.0234
vn -0.1209 0.6263 -0.7701
vn 0.0201 0.4827 -0.8756
vn 0.0076 0.4605 -0.8876
vn 0.0747 0.4580 -0.8858
vn -0.9832 -0.0201 -0.1814
vn -0.9831 -0.0134 -0.1825
vn -0.9834 -0.0149 -0.1810
vn -0.3306 0.4369 -0.8365
vn -0.2564 0.3879 -0.8853
vn -0.3861 0.5670 -0.7276
vn -0.0740 0.7206 -0.6894
vn 0.0830 0.4996 -0.8623
vn 0.1148 0.5531 -0.8252
vn -0.9848 -0.0113 -0.1731
vn -0.9819 -0.0120 -0.1893
vn -0.9836 -0.0148 -0.1800
vn 0.0962 0.5068 -0.8566
vn -0.0808 0.7294 -0.6793
vn -0.0515 0.5786 -0.8140
vn 0.0746 0.6793 -0.7301
vn -0.3269 0.7488 -0.5765
vn -0.1109 0.7767 -0.6201
vn -0.0945 0.8137 -0.5736
vn -0.2412 0.8474 -0.4730
vn -0.0624 0.6936 -0.7176
vn -0.9852 -0.0207 -0.1703
vn -0.9846 -0.0182 -0.1739
vn -0.9849 -0.0224 -0.1719
vn 0.0180 0.7069 -0.7071
vn -0.0740 0.9030 -0.4233
vn -0.0566 0.8076 -0.5870
vn -0.9863 -0.0113 -0.1646
vn -0.9864 -0.0107 -0.1640
vn -0.9864 -0.0044 -0.1644
vn -0.9862 -0.0112 -0.1651
vn -0.9852 -0.0103 -0.1710
vn -0.9855 -0.0070 -0.1694
vn -0.9866 -0.0145 -0.1627
vn -0.9855 -0.0156 -0.1691
vn -0.9864 -0.0136 -0.1639
vn 0.0538 0.5804 -0.8125
vn 0.0092 0.5573 -0.8303
vn 0.0647 0.4954 -0.8662
vn -0.9863 -0.0059 -0.1648
vn -0.9852 -0.0116 -0.1709
vn -0.9863 -0.0058 -0.1646
vn -0.9861 -0.0039 -0.1663
vn -0.9859 0.0028 -0.1673
vn -0.9868 0.0024 -0.1617
vn -0.3552 0.4924 -0.7946
vn -0.4293 0.5994 -0.6756
vn -0.4365 0.7419 -0.5090
vn -0.2807 0.4876 -0.8267
vn -0.0716 0.6533 -0.7537
vn 0.0052 0.4012 -0.9160
vn -0.9836 -0.0037 -0.1804
vn -0.9846 -0.0096 -0.1747
vn -0.9834 -0.0095 -0.1810
vn -0.9884 0.0047 -0.1515
vn -0.9878 0.0046 -0.1555
vn -0.9899 -0.0035 -0.1415
vn -0.9859 0.0021 -0.1673
vn -0.9877 0.0060 -0.1564
vn -0.9878 0.0046 -0.1554
vn -0.9870 0.0034 -0.1604
vn -0.9863 -0.0026 -0.1649
vn -0.9877 0.0053 -0.1560
vn -0.4084 0.7776 -0.4780
vn -0.3477 0.7951 -0.4969
vn -0.3479 0.7122 -0.6098
vn 0.0845 0.4721 -0.8775
vn -0.0683 0.5788 -0.8126
vn -0.1527 0.6647 -0.7314
vn -0.1208 0.6263 -0.7702
vn -0.9894 -0.0113 -0.1450
vn -0.9901 -0.0080 -0.1398
vn -0.9896 -0.0206 -0.1425
vn 0.1242 0.4318 -0.8934
vn -0.0169 0.4654 -0.8850
vn -0.0270 0.5715 -0.8202
vn -0.0786 0.5122 -0.8553
vn -0.2324 0.4424 -0.8662
vn 0.0308 0.4016 -0.9153
vn -0.0161 0.5381 -0.8427
vn 0.0301 0.4549 -0.8901
vn -0.2282 0.6590 -0.7167
vn -0.2403 0.6530 -0.7182
vn -0.2890 0.7476 -0.5979
vn 0.0116 0.5762 -0.8173
vn 0.0057 0.4615 -0.8871
vn 0.0404 0.3968 -0.9170
vn 0.0306 0.4345 -0.9001
vn -0.3533 0.7677 -0.5345
vn -0.3253 0.7902 -0.5193
vn -0.3004 0.7552 -0.5826
vn 0.0814 0.2820 -0.9560
vn 0.2086 0.2941 -0.9327
vn 0.2176 0.1856 -0.9582
vn -0.2555 0.0547 -0.9653
vn -0.0089 0.0330 -0.9994
vn -0.9153 0.0836 -0.3940
vn -0.3518 0.8559 -0.3791
vn -0.2715 0.8889 -0.3690
vn -0.2954 0.8320 -0.4695
vn -0.3669 0.8760 -0.3132
vn -0.2852 0.8936 -0.3465
vn -0.3696 0.8494 -0.3767
vn -0.3796 0.5657 -0.7321
vn -0.3837 0.7851 -0.4861
vn -0.3568 0.6872 -0.6328
vn -0.1738 0.6737 -0.7183
vn -0.3726 0.5852 -0.7202
vn -0.2236 0.5650 -0.7942
vn -0.2283 0.6058 -0.7622
vn -0.3895 0.5985 -0.7001
vn -0.3448 0.5861 -0.7332
vn -0.4200 0.6470 -0.6364
vn -0.7029 0.5871 -0.4015
vn -0.2376 0.1066 -0.9655
vn -0.0948 -0.0112 -0.9954
vn 0.2394 0.0050 -0.9709
vn -0.2940 0.5860 -0.7551
vn -0.0409 0.0718 -0.9966
vn 0.0553 0.2407 -0.9690
vn -0.3236 0.1260 -0.9378
vn -0.2965 0.8972 -0.3272
vn -0.2908 0.8514 -0.4365
vn -0.2404 0.8503 -0.4682
vn 0.0985 0.3295 -0.9390
vn -0.2089 0.1824 -0.9608
vn -0.1194 0.6143 -0.7800
vn -0.4268 0.8241 -0.3723
vn -0.5007 0.7661 -0.4029
vn -0.4530 0.8182 -0.3540
vn -0.2894 0.4882 -0.8234
vn -0.1330 0.9150 -0.3809
vn -0.1606 0.7798 -0.6051
vn -0.3250 0.8276 -0.4575
vn -0.4086 0.8381 -0.3614
vn -0.4501 0.8257 -0.3400
vn -0.2858 0.8429 -0.4559
vn -0.3107 0.8976 -0.3127
vn -0.3733 0.8582 -0.3524
vn 0.4706 0.4176 -0.7772
vn 0.5499 0.3784 -0.7446
vn 0.1473 0.1314 -0.9803
vn 0.1477 0.0654 -0.9869
vn 0.5649 0.2845 -0.7745
vn 0.2627 0.2057 -0.9427
vn 0.6437 0.6597 -0.3880
vn 0.4938 0.6193 -0.6104
vn 0.4632 0.8402 -0.2821
vn 0.2990 0.8014 -0.5181
vn 0.1723 0.6824 -0.7104
vn -0.4721 0.8694 -0.1457
vn 0.6020 0.6779 -0.4218
vn 0.5149 0.3793 -0.7688
vn 0.5599 0.5303 -0.6367
vn -0.3278 0.0198 -0.9446
vn 0.3687 0.4751 -0.7990
vn 0.1375 0.0789 -0.9874
vn 0.6405 0.6436 -0.4189
vn -0.9862 0.0053 -0.1652
vn -0.9825 0.0194 -0.1852
vn -0.9845 0.0058 -0.1755
vn -0.9884 -0.0645 -0.1375
vn -0.9861 -0.0731 -0.1490
vn -0.9890 -0.0452 -0.1406
vn -0.4175 0.8971 -0.1445
vn 0.2128 0.7394 -0.6387
vn -0.4651 0.5416 -0.7002
vn -0.3694 0.8824 -0.2914
vn -0.3686 0.8990 -0.2366
vn -0.2825 0.9042 -0.3204
vn -0.9868 0.0139 -0.1615
vn -0.9874 0.0160 -0.1575
vn -0.9855 0.0248 -0.1678
vn 0.4249 0.8076 -0.4090
vn 0.1926 0.8496 -0.4910
vn 0.2074 0.9586 -0.1951
vn 0.5567 0.7845 -0.2732
vn 0.4313 0.8057 -0.4060
vn 0.2166 0.9577 -0.1896
vn 0.6772 0.6911 -0.2527
vn -0.4426 -0.0207 -0.8965
vn 0.1779 0.0435 -0.9831
vn -0.4119 0.0909 -0.9067
vn -0.2670 -0.0723 -0.9610
vn -0.1937 -0.0648 -0.9789
vn -0.8965 0.0991 -0.4317
vn -0.8326 0.0608 -0.5506
vn -0.0042 -0.0114 -0.9999
vn -0.6629 -0.1470 -0.7342
vn -0.6420 -0.1560 -0.7507
vn -0.9819 -0.0084 -0.1890
vn -0.7972 0.0263 -0.6032
vn -0.9855 -0.0105 -0.1693
vn -0.9846 0.0178 -0.1742
vn -0.9890 -0.0157 -0.1473
vn -0.9840 -0.0126 -0.1775
vn -0.9835 -0.0086 -0.1807
vn -0.9841 -0.0075 -0.1774
vn -0.9855 -0.0084 -0.1696
vn -0.9848 -0.0090 -0.1732
vn -0.9847 -0.0034 -0.1744
vn -0.9866 0.0003 -0.1629
vn -0.8088 0.0253 -0.5876
vn -0.9851 -0.0030 -0.1721
vn -0.9847 -0.0286 -0.1719
vn -0.9886 -0.0352 -0.1461
vn -0.9780 -0.0544 -0.2013
vn -0.9869 -0.0498 -0.1536
vn -0.9890 -0.0179 -0.1468
vn -0.9299 0.1869 -0.3169
vn -0.9724 0.0339 -0.2307
vn -0.9625 0.0606 -0.2643
vn -0.9748 0.0581 -0.2152
vn -0.9855 -0.0098 -0.1694
vn -0.9853 -0.0069 -0.1708
vn -0.9858 -0.0087 -0.1678
vn -0.9311 -0.1382 -0.3377
vn -0.9858 0.0291 -0.1652
vn -0.9881 0.0016 -0.1541
vn -0.9827 -0.0094 -0.1847
vn -0.9828 -0.0092 -0.1843
vn -0.9863 -0.0172 -0.1641
vn -0.9835 -0.0123 -0.1803
vn -0.9833 -0.0114 -0.1816
vn -0.9826 -0.0019 -0.1858
vn -0.9852 -0.0044 -0.1713
vn -0.9847 -0.0036 -0.1743
vn -0.9860 0.0026 -0.1668
vn -0.9839 -0.0047 -0.1785
vn -0.9841 -0.0017 -0.1776
vn -0.9844 -0.0053 -0.1756
vn -0.9865 0.0394 -0.1588
vn -0.9869 0.0479 -0.1542
vn -0.9882 0.0309 -0.1497
vn -0.9838 -0.0017 -0.1795
vn -0.9835 -0.0044 -0.1811
vn -0.9833 0.0003 -0.1818
vn -0.9828 -0.0038 -0.1848
vn -0.9837 -0.0022 -0.1795
vn -0.9852 -0.0144 -0.1707
vn -0.9859 -0.0140 -0.1666
vn -0.9857 -0.0143 -0.1677
vn -0.9847 -0.0132 -0.1737
vn -0.9837 -0.0111 -0.1796
vn -0.9840 -0.0148 -0.1773
vn -0.9853 -0.0086 -0.1709
vn -0.9849 -0.0067 -0.1728
vn -0.9854 -0.0001 -0.1705
vn -0.9848 -0.0059 -0.1735
vn -0.9882 -0.0068 -0.1533
vn -0.9871 0.0077 -0.1600
vn -0.9872 -0.0138 -0.1588
vn -0.9864 -0.0219 -0.1631
vn -0.9878 -0.0048 -0.1558
vn -0.9864 -0.0040 -0.1645
vn -0.9854 0.0257 -0.1685
vn -0.9896 0.0297 -0.1406
vn -0.9857 0.0261 -0.1664
vn 0.2195 -0.0086 -0.9756
vn 0.0138 -0.0021 -0.9999
vn -0.0562 0.0288 -0.9980
vn -0.9939 0.0449 -0.1011
vn -0.9966 0.0209 -0.0796
vn -0.9414 0.0621 -0.3316
vn -0.5459 0.0430 -0.8368
vn -0.0528 0.3552 -0.9333
vn -0.8258 -0.2012 -0.5268
vn -0.9907 -0.0188 -0.1350
vn -0.9872 -0.0023 -0.1596
vn -0.9864 -0.0308 -0.1615
vn -0.9839 -0.0054 -0.1785
vn -0.9857 -0.0061 -0.1686
vn -0.9846 -0.0046 -0.1749
vn -0.9598 -0.0639 -0.2733
vn -0.9613 -0.0000 -0.2754
vn -0.9645 0.0085 -0.2640
vn -0.9070 0.0375 -0.4194
vn -0.8789 0.0518 -0.4741
vn -0.9094 0.0517 -0.4128
vn -0.9833 -0.0728 -0.1666
vn -0.9740 -0.0773 -0.2130
vn -0.9702 -0.1003 -0.2207
vn -0.7986 -0.0433 -0.6003
vn -0.9318 0.0245 -0.3621
vn -0.8793 -0.0268 -0.4755
vn 0.1253 0.0029 -0.9921
vn -0.7072 0.1376 -0.6935
vn -0.8600 0.1743 -0.4796
vn -0.9783 0.0204 -0.2064
vn -0.9835 -0.0079 -0.1809
vn -0.9771 -0.0291 -0.2110
vn -0.9863 -0.0115 -0.1647
vn -0.9862 -0.0332 -0.1621
vn -0.9861 -0.0118 -0.1660
vn -0.9276 -0.0098 -0.3733
vn -0.2301 0.0363 -0.9725
vn -0.4919 -0.0597 -0.8686
vn -0.9650 -0.0701 -0.2526
vn -0.9049 0.0133 -0.4255
vn -0.9650 -0.0700 -0.2526
vn -0.3000 0.0367 -0.9532
vn -0.9564 0.2175 -0.1950
vn -0.9201 0.1692 -0.3532
vn -0.9116 -0.0618 -0.4065
vn -0.9873 0.0743 -0.1402
vn -0.9843 0.0057 -0.1766
vn -0.9788 -0.0080 -0.2045
vn -0.9537 -0.0736 -0.2918
vn -0.9656 -0.0155 -0.2595
vn -0.9586 -0.0369 -0.2822
vn -0.9945 -0.0727 -0.0761
vn -0.8718 0.1164 -0.4759
vn -0.9823 -0.0067 -0.1870
vn -0.9829 -0.0089 -0.1839
vn -0.9824 -0.0074 -0.1864
vn -0.9856 -0.0074 -0.1686
vn -0.9927 -0.0316 -0.1168
vn -0.9878 -0.0203 -0.1545
vn -0.9841 -0.0229 -0.1764
vn -0.9838 -0.0176 -0.1783
vn -0.9848 -0.0167 -0.1731
vn -0.9863 -0.0069 -0.1651
vn -0.9865 -0.0082 -0.1638
vn -0.9870 -0.0170 -0.1601
vn -0.9837 0.0008 -0.1799
vn -0.9834 -0.0019 -0.1815
vn -0.9836 -0.0014 -0.1806
vn -0.9982 -0.0567 -0.0218
vn -0.9907 -0.1033 0.0888
vn -0.9663 -0.1588 -0.2027
vn -0.9841 -0.0054 -0.1778
vn -0.9839 -0.0078 -0.1784
vn -0.9843 -0.0002 -0.1763
vn -0.9839 -0.0065 -0.1788
vn -0.9841 -0.0130 -0.1772
vn -0.9843 -0.0123 -0.1759
vn -0.9847 -0.0013 -0.1744
vn -0.9853 0.0062 -0.1709
vn -0.9849 -0.0016 -0.1732
vn -0.9768 0.0192 -0.2132
vn -0.9853 -0.0029 -0.1711
vn -0.9870 -0.0035 -0.1609
vn -0.9846 -0.0014 -0.1746
vn -0.9846 -0.0060 -0.1745
vn -0.9848 -0.0053 -0.1738
vn -0.9869 -0.0083 -0.1609
vn -0.9880 -0.0079 -0.1541
vn -0.9879 -0.0115 -0.1543
vn -0.9845 0.0011 -0.1751
vn -0.9847 0.0058 -0.1740
vn -0.9849 0.0019 -0.1731
vn -0.9097 0.1660 -0.3806
vn 0.1022 0.0581 -0.9931
vn 0.0472 0.0066 -0.9989
vn -0.9853 -0.0009 -0.1707
vn -0.9860 -0.0025 -0.1667
vn -0.9843 -0.0046 -0.1766
vn 0.0327 0.0224 -0.9992
vn 0.0783 0.0943 -0.9925
vn 0.1937 -0.0061 -0.9810
vn -0.9844 -0.0029 -0.1759
vn -0.9850 -0.0029 -0.1724
vn -0.9840 -0.0014 -0.1781
vn -0.9839 -0.0068 -0.1784
vn -0.9839 -0.0050 -0.1789
vn -0.9864 0.0034 -0.1645
vn -0.9846 -0.0074 -0.1747
vn -0.9849 -0.0110 -0.1729
vn -0.9850 -0.0071 -0.1725
vn -0.9855 0.0028 -0.1699
vn -0.9850 0.0075 -0.1724
vn -0.9844 0.0071 -0.1761
vn -0.9915 -0.0093 -0.1300
vn -0.9954 -0.0036 -0.0959
vn -0.9730 -0.0974 -0.2090
vn 0.1613 0.0302 -0.9864
vn 0.1749 0.0217 -0.9843
vn 0.1646 0.0164 -0.9862
vn 0.1491 0.0187 -0.9886
vn 0.1545 0.0205 -0.9878
vn 0.1708 0.0272 -0.9849
vn 0.1574 0.0124 -0.9874
vn 0.1699 0.0188 -0.9853
vn 0.1761 0.0128 -0.9843
vn 0.1781 0.0234 -0.9837
vn 0.1788 0.0264 -0.9835
vn 0.1735 0.0222 -0.9846
vn 0.1747 0.0143 -0.9845
vn 0.1571 0.0161 -0.9874
vn 0.1529 0.0293 -0.9878
vn 0.1606 0.0271 -0.9866
vn 0.1654 0.0220 -0.9860
vn 0.1697 0.0221 -0.9853
vn 0.1661 0.0211 -0.9859
vn 0.2327 0.0343 -0.9719
vn 0.2761 0.0175 -0.9610
vn 0.2630 0.0399 -0.9640
vn 0.0530 0.8375 -0.5439
vn 0.0434 0.8336 -0.5507
vn 0.2516 0.9013 -0.3527
vn 0.1482 -0.0151 -0.9888
vn 0.1491 0.0004 -0.9888
vn 0.1492 0.0009 -0.9888
vn -0.3013 0.1554 -0.9408
vn -0.3721 0.2444 -0.8954
vn -0.3488 0.0505 -0.9358
vn -0.0747 -0.3941 -0.9160
vn -0.2525 -0.5203 -0.8158
vn -0.3690 -0.6573 -0.6571
vn -0.1734 0.4637 -0.8689
vn 0.1257 0.3832 -0.9151
vn 0.1735 0.2512 -0.9522
vn -0.8016 0.1611 -0.5758
vn -0.7415 0.2058 -0.6387
vn -0.7145 0.1443 -0.6846
vn -0.0883 -0.2187 -0.9718
vn -0.2964 -0.1913 -0.9357
vn -0.3665 0.0098 -0.9303
vn 0.1130 0.2170 -0.9696
vn 0.0507 0.3062 -0.9506
vn 0.2414 0.1888 -0.9519
vn -0.4493 -0.1033 -0.8874
vn -0.7262 -0.0408 -0.6862
vn -0.6661 0.0359 -0.7450
vn -0.7536 0.3949 -0.5255
vn -0.7231 0.4538 -0.5207
vn -0.7196 0.3145 -0.6191
vn -0.4639 -0.1375 -0.8752
vn -0.6579 0.0472 -0.7517
vn -0.4850 -0.0508 -0.8730
vn -0.6302 0.1577 -0.7602
vn -0.6892 0.1218 -0.7142
vn -0.7155 0.1849 -0.6737
vn 0.1732 0.0110 -0.9848
vn 0.1706 0.0104 -0.9853
vn 0.1717 0.0104 -0.9851
vn 0.2263 -0.0278 -0.9737
vn 0.1824 0.0249 -0.9829
vn 0.1884 0.0267 -0.9817
vn 0.1723 0.0250 -0.9847
vn 0.1708 0.0220 -0.9851
vn 0.1752 0.0248 -0.9842
vn 0.1769 0.0037 -0.9842
vn 0.1650 -0.0044 -0.9863
vn 0.1906 -0.0037 -0.9817
vn -0.1504 -0.4579 -0.8762
vn -0.1527 -0.4673 -0.8708
vn -0.1764 -0.4494 -0.8757
vn 0.1941 0.3956 -0.8977
vn 0.1721 0.7975 -0.5783
vn 0.1433 0.8165 -0.5593
vn 0.1843 0.0127 -0.9828
vn 0.2020 -0.0926 -0.9750
vn 0.1789 -0.0726 -0.9812
vn 0.1848 0.0629 -0.9808
vn 0.2365 0.0124 -0.9715
vn 0.2105 0.0309 -0.9771
vn 0.1962 0.0128 -0.9805
vn 0.1882 0.0291 -0.9817
vn 0.1722 0.0059 -0.9851
vn 0.1681 0.0052 -0.9858
vn 0.1991 0.1024 -0.9746
vn 0.2276 0.1135 -0.9671
vn 0.2043 0.1117 -0.9725
vn 0.1775 0.0123 -0.9840
vn 0.1830 0.0151 -0.9830
vn 0.1791 0.0242 -0.9835
vn 0.1900 0.0281 -0.9814
vn 0.1840 0.0246 -0.9826
vn 0.1812 0.0115 -0.9834
vn 0.1569 0.0385 -0.9869
vn 0.1723 0.0244 -0.9847
vn 0.1754 0.0630 -0.9825
vn 0.1779 0.0214 -0.9838
vn 0.1985 0.0186 -0.9799
vn 0.1919 0.0203 -0.9812
vn 0.1725 0.0066 -0.9850
vn 0.1696 0.0126 -0.9854
vn 0.1708 0.0113 -0.9852
vn 0.1610 0.0123 -0.9869
vn 0.1739 0.0209 -0.9845
vn 0.1636 0.0192 -0.9863
vn 0.1806 0.0033 -0.9835
vn 0.1709 0.0105 -0.9852
vn 0.1954 0.0254 -0.9804
vn 0.1754 0.0136 -0.9844
vn 0.1796 0.0202 -0.9835
vn 0.1600 0.0076 -0.9871
vn 0.1659 -0.0041 -0.9861
vn 0.1499 0.0216 -0.9885
vn 0.1590 0.0054 -0.9873
vn 0.1816 0.0208 -0.9832
vn 0.1729 0.0390 -0.9842
vn 0.1702 0.0308 -0.9849
vn 0.0722 0.3940 -0.9163
vn 0.1093 -0.0791 -0.9909
vn 0.1485 -0.0140 -0.9888
vn 0.1585 0.0058 -0.9873
vn 0.1741 0.0179 -0.9846
vn 0.2087 0.0034 -0.9780
vn 0.1668 0.0151 -0.9859
vn 0.1653 0.0186 -0.9861
vn 0.1520 0.0122 -0.9883
vn 0.1731 0.0253 -0.9846
vn 0.1646 0.0210 -0.9861
vn 0.1719 0.0186 -0.9849
vn 0.1669 0.0166 -0.9858
vn 0.1511 0.0147 -0.9884
vn 0.1564 0.0113 -0.9876
vn 0.1603 0.0144 -0.9870
vn 0.1518 0.0241 -0.9881
vn 0.1444 0.0077 -0.9895
vn 0.2518 -0.2116 -0.9444
vn 0.2655 -0.2086 -0.9413
vn 0.2619 -0.2006 -0.9440
vn 0.1305 -0.0060 -0.9914
vn 0.1421 0.0169 -0.9897
vn 0.1471 0.0034 -0.9891
vn 0.1216 0.0836 -0.9890
vn 0.0928 -0.0698 -0.9932
vn 0.1480 0.4143 -0.8980
vn 0.1776 0.0119 -0.9840
vn 0.1811 0.0146 -0.9834
vn 0.1804 0.0158 -0.9835
vn 0.1678 0.0152 -0.9857
vn 0.1653 0.0151 -0.9861
vn 0.1654 0.0145 -0.9861
vn 0.1602 0.0113 -0.9870
vn 0.1653 0.0144 -0.9861
vn 0.1622 0.0168 -0.9866
vn 0.1926 0.0344 -0.9807
vn 0.1924 0.0330 -0.9808
vn 0.1943 0.0331 -0.9804
vn 0.1630 0.0085 -0.9866
vn 0.1694 0.0073 -0.9855
vn 0.1659 0.0112 -0.9861
vn 0.1571 0.0060 -0.9876
vn 0.1590 0.0092 -0.9872
vn 0.1609 0.0078 -0.9869
vn 0.1658 0.0162 -0.9860
vn 0.1620 0.0161 -0.9867
vn 0.1688 0.0182 -0.9855
vn 0.1823 0.0104 -0.9832
vn 0.1827 0.0145 -0.9831
vn 0.1799 0.0140 -0.9836
vn 0.1821 0.0146 -0.9832
vn 0.1826 0.0135 -0.9831
vn 0.1798 0.0130 -0.9836
vn 0.1809 0.0130 -0.9834
vn 0.1781 0.0128 -0.9839
vn 0.1750 0.0130 -0.9845
vn 0.1716 0.0126 -0.9851
vn 0.1733 0.0104 -0.9848
vn 0.1762 0.0122 -0.9843
vn 0.1729 0.0083 -0.9849
vn 0.1688 0.0095 -0.9856
vn 0.1753 0.0144 -0.9844
vn 0.1552 -0.0064 -0.9879
vn 0.1621 -0.0155 -0.9866
vn 0.1547 -0.0090 -0.9879
vn 0.1829 0.0136 -0.9830
vn 0.1786 0.0191 -0.9837
vn 0.1866 0.0142 -0.9823
vn 0.1683 0.0107 -0.9857
vn 0.1675 0.0178 -0.9857
vn 0.1671 0.0072 -0.9859
vn 0.7472 0.5654 0.3494
vn 0.8445 -0.1308 0.5194
vn 0.7603 0.6119 0.2181
vn 0.6802 0.6892 0.2497
vn 0.6696 0.6117 0.4212
vn 0.8032 0.5529 0.2218
vn 0.9244 -0.2077 0.3200
vn 0.9265 0.1251 0.3548
vn 0.9151 -0.1051 0.3893
vn 0.8783 0.4686 0.0949
vn 0.8876 0.3832 0.2555
vn 0.9666 0.2237 0.1247
vn 0.9452 0.2471 -0.2132
vn 0.9905 0.1369 -0.0099
vn 0.9787 0.0488 -0.1996
vn 0.9346 0.2940 -0.2000
vn 0.9290 0.3659 -0.0549
vn 0.9852 0.1713 0.0108
vn 0.9944 0.0942 0.0485
vn 0.9456 -0.0885 0.3132
vn 0.9736 -0.1868 0.1314
vn 0.9933 0.0865 0.0768
vn 0.9720 -0.2348 0.0115
vn 0.9756 -0.1598 -0.1507
vn 0.0353 0.2406 0.9700
vn 0.4419 0.5517 0.7074
vn 0.5810 0.7044 0.4078
vn 0.6506 0.7512 -0.1119
vn 0.5811 0.7611 -0.2882
vn 0.5942 0.7746 -0.2168
vn 0.6054 0.7803 0.1571
vn 0.3833 0.8052 0.4525
vn 0.5273 0.6348 0.5647
vn 0.7662 0.5404 0.3478
vn 0.7249 0.4867 0.4875
vn 0.7162 0.6672 0.2048
vn 0.4254 0.8513 0.3071
vn 0.2841 0.6797 0.6762
vn 0.3833 0.8051 0.4525
vn 0.2416 0.8698 0.4301
vn -0.0964 0.6129 -0.7843
vn -0.1835 0.5923 -0.7846
vn -0.0871 0.6989 -0.7099
vn 0.8734 0.4251 0.2376
vn 0.9166 0.1739 0.3600
vn 0.9367 0.3020 0.1772
vn 0.8555 0.4807 0.1925
vn 0.8474 0.5309 -0.0112
vn 0.7557 0.6481 0.0940
vn 0.9796 0.0051 0.2009
vn 0.9109 0.1021 0.3998
vn 0.9208 -0.2409 0.3067
vn 0.0902 0.9956 -0.0272
vn 0.1764 0.9710 0.1615
vn 0.3050 0.9492 0.0769
vn 0.3182 0.8557 0.4081
vn 0.3114 0.9412 0.1310
vn 0.1984 0.9672 0.1587
vn 0.0307 0.0275 0.9992
vn -0.0286 0.0904 0.9955
vn 0.0816 -0.0922 0.9924
vn -0.2284 -0.1262 0.9653
vn 0.0412 -0.1671 0.9851
vn -0.1422 -0.0231 0.9896
vn 0.6767 0.6795 -0.2835
vn 0.6988 0.6747 -0.2376
vn 0.7476 0.6138 -0.2537
vn 0.1128 0.9133 0.3913
vn 0.2369 0.7052 0.6683
vn 0.2919 0.7785 0.5557
vn 0.2851 0.7831 0.5526
vn 0.1768 0.7493 0.6382
vn 0.4138 0.6199 0.6667
vn 0.2787 0.8607 0.4260
vn 0.1667 0.9695 0.1796
vn 0.1509 0.9014 0.4058
vn 0.8443 0.2121 0.4921
vn 0.9321 0.0026 0.3623
vn 0.8796 -0.0742 0.4698
vn 0.6950 0.7157 0.0681
vn 0.6223 0.7623 0.1778
vn 0.7401 0.6700 0.0586
vn 0.9599 0.0266 0.2792
vn 0.9822 0.1387 0.1270
vn 0.9126 0.2670 0.3096
vn 0.8559 -0.2143 0.4707
vn 0.9532 -0.2588 0.1561
vn 0.9349 -0.0956 0.3419
vn 0.6464 0.7604 -0.0621
vn 0.6552 0.7496 -0.0941
vn 0.6982 0.6997 -0.1515
vn 0.6786 0.7324 0.0548
vn 0.9055 0.4014 0.1376
vn 0.9342 0.2939 0.2023
vn 0.8998 0.4289 0.0796
vn 0.8098 0.5446 0.2182
vn 0.9065 0.3498 0.2365
vn 0.6588 0.7477 -0.0835
vn 0.6432 0.7630 -0.0644
vn 0.6955 0.7184 -0.0115
vn 0.2279 0.7987 -0.5569
vn 0.2527 0.8022 -0.5410
vn 0.1340 0.9589 -0.2501
vn 0.8174 0.1786 0.5477
vn 0.1968 -0.0502 0.9792
vn 0.9746 0.2116 0.0730
vn 0.3002 0.0111 0.9538
vn 0.0816 0.0004 0.9967
vn -0.1503 0.0163 0.9885
vn 0.8675 0.0158 0.4973
vn 0.0280 0.0412 0.9988
vn 0.6320 0.0325 0.7743
vn -0.1822 -0.0177 0.9831
vn -0.1981 -0.0111 0.9801
vn -0.1912 -0.0086 0.9815
vn -0.1741 0.0068 0.9847
vn -0.1554 0.0033 0.9879
vn -0.1876 -0.0055 0.9822
vn 0.1888 -0.0200 0.9818
vn 0.1784 0.0015 0.9840
vn 0.1747 -0.0274 0.9842
vn 0.9816 -0.0046 0.1907
vn 0.4295 0.0376 0.9023
vn 0.9306 -0.0337 0.3645
vn 0.3670 -0.0045 0.9302
vn 0.0119 0.0442 0.9990
vn 0.8542 -0.0148 0.5197
vn 0.0034 0.0680 0.9977
vn -0.0625 0.0190 0.9979
vn -0.1413 0.0098 0.9899
vn 0.9368 -0.1135 0.3311
vn 0.9955 0.0099 0.0944
vn 0.9738 0.0038 0.2274
vn -0.0053 1.0000 0.0037
vn -0.0141 0.9998 0.0152
vn -0.0116 0.9999 0.0058
vn -0.1595 0.0051 0.9872
vn -0.1623 -0.0004 0.9867
vn -0.1550 0.0140 0.9878
vn 0.2967 -0.0263 0.9546
vn 0.0730 0.0176 0.9972
vn 0.7215 -0.0593 0.6899
vn -0.0963 -0.0577 0.9937
vn -0.1172 0.0056 0.9931
vn -0.1536 -0.0307 0.9877
vn -0.1420 0.0340 0.9893
vn -0.1668 0.0167 0.9858
vn 0.0124 0.0921 0.9957
vn 0.0081 0.9999 0.0118
vn -0.0058 0.9999 0.0150
vn -0.0086 1.0000 -0.0027
vn -0.1506 0.0169 0.9885
vn -0.1565 0.0003 0.9877
vn -0.1665 0.0124 0.9860
vn -0.1200 -0.0594 0.9910
vn -0.1551 -0.0463 0.9868
vn -0.1495 -0.0171 0.9886
vn 0.4931 -0.1469 0.8575
vn 0.3679 -0.0642 0.9277
vn -0.1666 -0.0123 0.9860
vn 0.1772 0.0106 -0.9841
vn 0.1809 0.0100 -0.9835
vn 0.1754 0.0103 -0.9844
vn 0.1710 0.0254 -0.9849
vn 0.1694 0.0382 -0.9848
vn 0.1637 0.0253 -0.9862
vn 0.1622 0.0103 -0.9867
vn 0.1606 0.0104 -0.9870
vn 0.1600 0.0117 -0.9870
vn 0.1750 0.0112 -0.9845
vn 0.1733 0.0164 -0.9847
vn 0.1823 0.0143 -0.9831
vn 0.1807 0.0091 -0.9835
vn 0.1772 0.0158 -0.9840
vn 0.1809 0.0228 -0.9832
vn 0.1436 0.0165 -0.9895
vn 0.1587 0.0066 -0.9873
vn 0.1502 -0.0036 -0.9887
vn 0.1748 0.0071 -0.9846
vn 0.1732 0.0114 -0.9848
vn 0.1729 0.0112 -0.9849
vn 0.1447 -0.0092 -0.9894
vn 0.1379 -0.0148 -0.9903
vn 0.1439 -0.0145 -0.9895
vn 0.1994 -0.0358 -0.9793
vn 0.2164 -0.0047 -0.9763
vn 0.2075 -0.0000 -0.9782
vn 0.1686 0.0173 -0.9855
vn 0.1181 -0.0048 -0.9930
vn 0.1720 0.0138 -0.9850
vn 0.1886 0.0189 -0.9819
vn 0.2175 0.0138 -0.9760
vn 0.1764 0.0175 -0.9842
vn 0.1736 0.0154 -0.9847
vn 0.1721 0.0203 -0.9849
vn 0.2174 -0.0012 -0.9761
vn 0.2537 0.2119 -0.9438
vn 0.0699 -0.0276 -0.9972
vn 0.1283 -0.0990 -0.9868
vn 0.2699 -0.0088 -0.9628
vn 0.1738 0.0773 -0.9817
vn 0.2462 -0.1252 -0.9611
vn 0.0829 -0.0300 -0.9961
vn 0.1112 -0.0599 -0.9920
vn 0.1477 0.0920 -0.9847
vn 0.1475 -0.0109 -0.9890
vn 0.1693 0.0243 -0.9853
vn 0.1746 0.0184 -0.9845
vn 0.2465 0.0274 -0.9688
vn 0.3196 -0.0007 -0.9476
vn 0.3684 0.0139 -0.9296
vn 0.1683 -0.0146 -0.9856
vn 0.1735 -0.0004 -0.9848
vn 0.1644 -0.0118 -0.9863
vn 0.0677 0.5444 -0.8361
vn 0.4075 0.7082 -0.5765
vn 0.2111 0.2252 -0.9512
vn 0.1715 0.0049 -0.9852
vn 0.1885 0.0021 -0.9821
vn 0.1751 -0.0001 -0.9846
vn 0.2035 0.0244 -0.9788
vn 0.2099 0.1053 -0.9720
vn 0.1637 0.0399 -0.9857
vn 0.1466 0.0024 -0.9892
vn 0.1534 0.0073 -0.9881
vn 0.1538 0.0065 -0.9881
vn 0.1715 0.0026 -0.9852
vn 0.1714 0.0082 -0.9852
vn 0.1731 0.0101 -0.9849
vn 0.1781 0.0151 -0.9839
vn 0.1879 0.0094 -0.9821
vn 0.1764 0.0169 -0.9842
vn 0.1736 0.0097 -0.9848
vn 0.1716 0.0142 -0.9851
vn 0.1678 0.0133 -0.9857
vn 0.2424 0.3684 -0.8975
vn 0.1481 0.2962 -0.9436
vn 0.3029 0.6398 -0.7064
vn 0.1708 0.0138 -0.9852
vn 0.1837 0.0102 -0.9829
vn 0.1621 0.0133 -0.9867
vn 0.1637 0.0243 -0.9862
vn 0.1749 0.0193 -0.9844
vn 0.1668 0.0243 -0.9857
vn 0.1321 -0.0420 -0.9903
vn 0.1158 -0.0250 -0.9930
vn 0.1215 -0.0496 -0.9914
vn 0.1704 0.0136 -0.9853
vn 0.1696 0.0125 -0.9854
vn 0.1594 0.0069 -0.9872
vn 0.1685 0.0057 -0.9857
vn 0.1699 0.0089 -0.9854
vn 0.1705 0.0085 -0.9853
vn 0.1652 -0.0019 -0.9863
vn 0.1648 0.0044 -0.9863
vn 0.1726 0.0152 -0.9849
vn 0.1883 0.0175 -0.9820
vn 0.1736 0.0184 -0.9846
vn 0.1790 0.0125 -0.9838
vn 0.2030 -0.0782 -0.9761
vn 0.2518 -0.0769 -0.9647
vn 0.2639 -0.0660 -0.9623
vn 0.1673 0.0165 -0.9858
vn 0.1680 0.0104 -0.9857
vn 0.1669 0.0067 -0.9859
vn 0.1664 0.0372 -0.9854
vn 0.1569 0.0314 -0.9871
vn 0.1619 0.0394 -0.9860
vn 0.1740 -0.0110 -0.9847
vn 0.1795 -0.0068 -0.9837
vn 0.1646 -0.0058 -0.9863
vn 0.1793 0.0133 -0.9837
vn 0.1846 0.0153 -0.9827
vn 0.1735 -0.0090 -0.9848
vn 0.2794 0.0194 -0.9600
vn 0.2591 0.4524 -0.8533
vn 0.4274 0.4926 -0.7580
vn 0.1496 -0.0009 -0.9888
vn 0.1532 -0.0129 -0.9881
vn 0.1530 0.0057 -0.9882
vn 0.1786 0.0042 -0.9839
vn 0.1689 -0.0035 -0.9856
vn 0.1618 0.0085 -0.9868
vn 0.1837 -0.0002 -0.9830
vn 0.2027 -0.0005 -0.9792
vn 0.1978 0.0179 -0.9801
vn 0.2083 0.0005 -0.9781
vn 0.1815 -0.0228 -0.9831
vn 0.1818 -0.0249 -0.9830
vn 0.4173 -0.4788 -0.7724
vn 0.4185 -0.4861 -0.7672
vn 0.4240 -0.4826 -0.7663
vn 0.0471 0.5671 -0.8223
vn 0.1616 0.1225 -0.9792
vn 0.0623 0.5122 -0.8566
vn 0.2725 0.1673 -0.9475
vn 0.2753 -0.0647 -0.9592
vn 0.0965 0.5138 -0.8524
vn 0.4096 0.6894 -0.5974
vn 0.0745 0.5289 -0.8454
vn 0.1356 0.1201 -0.9835
vn 0.1436 0.6614 -0.7361
vn 0.4297 0.6515 -0.6252
vn 0.1936 0.4763 -0.8577
vn 0.1500 0.0155 -0.9886
vn 0.1507 0.0091 -0.9885
vn 0.1493 -0.0129 -0.9887
vn 0.0573 0.5843 -0.8095
vn 0.2462 0.4101 -0.8782
vn 0.1569 0.2723 -0.9493
vn 0.2393 -0.0251 -0.9706
vn 0.2311 0.0313 -0.9724
vn 0.2400 -0.0175 -0.9706
vn 0.1697 -0.0170 -0.9853
vn 0.1744 0.0227 -0.9844
vn 0.1513 0.0055 -0.9885
vn 0.2493 0.4108 -0.8770
vn 0.1334 0.8888 -0.4385
vn -0.0795 -0.0119 -0.9968
vn -0.1844 0.5539 -0.8119
vn 0.1800 0.0217 -0.9834
vn 0.1701 0.0070 -0.9854
vn 0.1702 0.0242 -0.9851
vn 0.1708 0.0114 -0.9852
vn 0.1747 0.0095 -0.9846
vn 0.1755 0.0079 -0.9844
vn 0.1625 0.0339 -0.9861
vn 0.1625 0.0150 -0.9866
vn 0.1600 0.0279 -0.9867
vn 0.9917 -0.0102 0.1279
vn 0.9938 -0.0065 0.1112
vn 0.9957 -0.0361 0.0852
vn -0.1770 0.3207 0.9305
vn 0.1766 0.8719 0.4567
vn -0.2058 0.1440 0.9679
vn 0.0783 -0.0009 0.9969
vn 0.2984 0.0077 0.9544
vn 0.6956 -0.0286 0.7178
vn -0.1611 -0.0230 0.9867
vn -0.1598 -0.0356 0.9865
vn -0.1487 -0.0525 0.9875
vn -0.2093 0.0118 0.9778
vn 0.3872 0.2371 0.8910
vn -0.1691 0.0087 0.9856
vn 0.9826 -0.0217 0.1846
vn 0.9785 -0.0016 0.2062
vn 0.9794 -0.0140 0.2016
vn 0.9183 0.3379 0.2061
vn 0.9795 0.0290 0.1994
vn 0.8841 0.3888 0.2593
vn -0.0140 0.9998 -0.0115
vn -0.0275 0.9989 -0.0388
vn -0.1284 0.9892 -0.0711
vn -0.2274 0.0620 0.9718
vn -0.0618 0.8616 0.5038
vn -0.2652 0.2179 0.9392
vn -0.1507 0.0938 0.9841
vn -0.2194 0.6407 0.7358
vn -0.2179 0.1214 0.9684
vn -0.1720 0.0319 0.9846
vn -0.1713 -0.0034 0.9852
vn -0.1938 0.0218 0.9808
vn 0.4466 0.3336 0.8302
vn -0.0115 0.8622 0.5065
vn -0.0976 0.1118 0.9889
vn 0.9958 -0.0044 0.0912
vn 0.9905 -0.0361 0.1326
vn 0.9877 0.0253 0.1540
vn 0.9762 0.1228 0.1789
vn 0.6860 0.7276 0.0016
vn 0.4434 0.8743 -0.1974
vn 0.4703 0.8682 0.1584
vn 0.0459 0.9989 0.0072
vn 0.6341 0.7553 0.1657
vn -0.2119 -0.0372 0.9766
vn -0.1776 -0.0373 0.9834
vn -0.2016 -0.0071 0.9794
vn 0.7702 -0.0485 0.6360
vn -0.0735 0.0052 0.9973
vn 0.4563 -0.1261 0.8808
vn 0.7759 0.0769 -0.6262
vn 0.7251 0.2526 -0.6407
vn 0.6533 0.1688 -0.7381
vn -0.0411 0.9990 0.0185
vn 0.0743 0.9951 0.0657
vn -0.0758 0.9960 0.0479
vn -0.2142 0.0362 0.9761
vn -0.1908 0.0106 0.9816
vn -0.2027 0.0085 0.9792
vn -0.0939 0.0160 0.9955
vn -0.0943 0.0073 0.9955
vn -0.0514 -0.0113 0.9986
vn 0.9852 0.0343 0.1677
vn 0.9862 0.0262 0.1636
vn 0.9869 0.0335 0.1581
vn -0.1640 0.0023 0.9865
vn -0.1674 0.0040 0.9859
vn -0.1775 0.0039 0.9841
vn 0.4543 0.8861 0.0918
vn 0.9757 0.0908 0.1993
vn 0.9800 0.0558 0.1909
vn 0.3299 -0.3371 0.8818
vn 0.8098 -0.0557 0.5840
vn 0.9149 0.0306 0.4025
vn 0.2939 0.0114 0.9558
vn 0.5770 -0.0696 0.8138
vn 0.6929 -0.0185 0.7208
vn 0.9282 0.2812 0.2437
vn 0.8947 0.3251 0.3063
vn 0.3494 0.8830 -0.3135
vn 0.9884 0.0092 0.1515
vn 0.9885 0.0114 0.1505
vn 0.9904 0.0187 0.1372
vn -0.2702 0.2940 0.9168
vn -0.2058 0.9786 -0.0068
vn -0.2761 0.3597 0.8913
vn 0.4933 0.8203 0.2893
vn 0.9321 0.3038 0.1972
vn 0.0094 0.9979 0.0643
vn -0.1795 -0.0291 0.9833
vn -0.1738 -0.0123 0.9847
vn -0.1642 -0.0280 0.9860
vn 0.2796 0.0006 0.9601
vn 0.9639 -0.0103 0.2662
vn 0.9284 -0.0547 0.3676
vn 0.9864 0.0079 0.1640
vn 0.9864 -0.0055 0.1640
vn 0.9867 0.0063 0.1623
vn 0.9928 -0.0034 0.1196
vn 0.9885 0.0179 0.1499
vn 0.9887 0.0022 0.1502
vn 0.9886 -0.0545 0.1402
vn 0.8065 0.5878 -0.0644
vn 0.9891 -0.0075 0.1473
vn 0.5110 0.5098 0.6921
vn 0.8203 0.4969 0.2831
vn 0.8796 0.4522 0.1476
vn 0.9833 0.0019 0.1822
vn 0.9842 0.0077 0.1771
vn 0.9858 0.0074 0.1679
vn -0.1770 -0.0080 0.9842
vn -0.1674 0.0005 0.9859
vn -0.1626 -0.0002 0.9867
vn -0.0991 0.7333 0.6726
vn -0.0151 0.0303 0.9994
vn 0.0356 0.7250 0.6878
vn 0.4774 -0.2088 0.8535
vn 0.9712 -0.0175 0.2378
vn 0.3092 -0.0194 0.9508
vn 0.9860 0.0288 0.1640
vn 0.9851 0.0444 0.1659
vn 0.9884 0.0322 0.1485
vn -0.0896 0.9959 0.0133
vn -0.1102 0.9935 -0.0299
vn -0.0565 0.9983 -0.0115
vn 0.8020 0.0648 0.5938
vn 0.9999 -0.0022 -0.0146
vn 0.9995 -0.0324 0.0007
vn 0.3465 0.9286 0.1327
vn 0.8221 0.5677 0.0428
vn 0.1981 0.9354 0.2927
vn 0.9859 -0.0024 0.1671
vn 0.9909 -0.0076 0.1344
vn 0.9765 -0.0122 0.2154
vn 0.9895 0.0047 0.1442
vn 0.9928 0.0003 0.1199
vn 0.9901 0.0135 0.1400
vn 0.6041 0.2500 0.7567
vn -0.0527 -0.0774 0.9956
vn 0.7703 -0.0525 0.6355
vn 0.0676 -0.5250 0.8484
vn 0.5807 -0.2017 0.7887
vn 0.8053 -0.0614 0.5897
vn -0.0210 0.9997 0.0101
vn -0.0176 0.9987 -0.0473
vn -0.0631 0.9975 -0.0326
vn 0.9861 0.0055 0.1661
vn 0.9868 0.0100 0.1616
vn 0.9871 0.0158 0.1595
vn -0.1811 -0.0120 0.9834
vn -0.1776 -0.0096 0.9841
vn -0.1779 -0.0090 0.9840
vn -0.0206 0.1070 0.9940
vn -0.0251 0.0984 0.9948
vn -0.0280 0.1051 0.9941
vn -0.1770 -0.0085 0.9842
vn -0.1706 -0.0026 0.9853
vn -0.1722 -0.0089 0.9850
vn 0.0246 0.9997 0.0072
vn 0.5307 0.8476 0.0054
vn 0.2361 0.9716 0.0183
vn -0.0980 -0.0365 0.9945
vn -0.0789 -0.0442 0.9959
vn -0.1172 -0.1052 0.9875
vn -0.1209 -0.0590 0.9909
vn -0.1006 0.0028 0.9949
vn 0.6330 0.2584 0.7298
vn 0.1190 0.1421 0.9827
vn -0.0526 -0.0934 0.9942
vn -0.0008 0.0085 1.0000
vn -0.0132 0.9997 0.0181
vn 0.0086 0.9999 0.0085
vn 0.0098 1.0000 -0.0012
vn -0.1565 -0.0210 0.9875
vn -0.1780 -0.0204 0.9838
vn -0.1667 -0.0077 0.9860
vn -0.1927 0.0035 0.9812
vn -0.1816 0.0188 0.9832
vn -0.1882 0.0256 0.9818
vn 0.3107 0.9172 0.2495
vn 0.8654 0.4331 0.2521
vn 0.4238 0.8984 0.1150
vn -0.1365 0.6384 0.7575
vn 0.0112 0.9020 0.4316
vn 0.0349 0.9978 0.0556
vn 0.9856 0.0094 0.1689
vn 0.9860 0.0086 0.1667
vn 0.9876 0.0182 0.1561
vn -0.1795 -0.0419 0.9829
vn -0.1786 -0.0396 0.9831
vn -0.1810 -0.0501 0.9822
vn 0.9859 0.0177 0.1666
vn 0.9845 0.0083 0.1750
vn 0.9838 0.0030 0.1791
vn 0.0255 0.0016 0.9997
vn -0.0696 0.0484 0.9964
vn -0.0104 0.0062 0.9999
vn -0.1569 -0.0238 0.9873
vn -0.1717 -0.0083 0.9851
vn -0.1740 0.0043 0.9847
vn -0.1707 0.0211 0.9851
vn -0.1839 0.0180 0.9828
vn -0.1594 0.0105 0.9872
vn 0.4837 0.2907 0.8256
vn -0.0556 0.0705 0.9960
vn 0.7651 -0.0404 0.6427
vn 0.5181 0.6762 0.5238
vn 0.6378 0.5871 0.4985
vn 0.1983 0.9767 0.0825
vn -0.3277 -0.0508 0.9434
vn -0.3152 -0.0486 0.9478
vn -0.3237 -0.0435 0.9451
vn 0.7217 0.0914 0.6861
vn -0.0137 0.0416 0.9990
vn 0.0686 0.0367 0.9970
vn -0.0524 0.8416 0.5375
vn 0.4189 0.2999 0.8571
vn 0.4976 0.8487 0.1792
vn -0.1012 0.9946 -0.0216
vn -0.1524 0.9873 -0.0442
vn -0.1291 0.9831 -0.1297
vn -0.0540 0.9982 -0.0262
vn -0.0803 0.9963 -0.0305
vn -0.0583 0.9981 -0.0216
vn -0.0097 0.9995 0.0299
vn 0.4806 0.8084 0.3399
vn 0.0404 0.9946 0.0957
vn -0.1840 -0.0052 0.9829
vn -0.1921 0.0081 0.9814
vn -0.1841 0.0281 0.9825
vn -0.2626 -0.0868 0.9610
vn -0.2626 -0.1101 0.9586
vn -0.2458 -0.0921 0.9649
vn -0.0345 0.9964 -0.0776
vn -0.0759 0.9962 -0.0431
vn 0.0034 0.9975 -0.0707
vn -0.1932 -0.0380 0.9804
vn 0.1059 0.8140 0.5712
vn -0.1205 0.5162 0.8480
vn -0.1868 -0.1389 0.9725
vn -0.4498 0.5208 0.7256
vn -0.1538 0.5488 0.8217
vn -0.1749 0.0068 0.9846
vn -0.1605 0.0067 0.9870
vn -0.1715 -0.0022 0.9852
vn 0.0617 0.9063 0.4181
vn -0.2008 0.5036 0.8403
vn 0.0341 0.9539 0.2983
vn -0.1584 0.0081 0.9873
vn -0.2659 0.1298 0.9552
vn -0.1827 -0.0178 0.9830
vn -0.1562 0.6364 0.7554
vn 0.0293 0.9948 0.0972
vn -0.1474 0.6034 0.7837
vn -0.0499 0.9869 -0.1537
vn 0.0292 0.9964 -0.0798
vn -0.1948 0.9718 0.1325
vn 0.6674 0.7408 0.0761
vn 0.0320 0.9989 0.0357
vn 0.0997 0.9942 0.0415
vn 0.7146 -0.1831 0.6751
vn 0.9501 -0.2614 0.1700
vn 0.3467 -0.0073 0.9379
vn 0.9861 0.0360 0.1621
vn 0.9838 0.0321 0.1762
vn 0.9737 0.0618 0.2194
vn -0.0124 0.9998 -0.0140
vn -0.0019 1.0000 -0.0010
vn 0.0026 1.0000 -0.0040
vn 0.9809 0.0493 0.1881
vn 0.9781 -0.0157 0.2074
vn 0.9796 0.0458 0.1957
vn -0.1153 -0.0161 0.9932
vn -0.1413 -0.0346 0.9894
vn -0.1125 0.0035 0.9936
vn 0.9877 -0.0432 0.1502
vn 0.9922 -0.0480 0.1152
vn 0.9918 -0.0146 0.1271
vn 0.9870 -0.0104 0.1605
vn 0.9885 0.0214 0.1500
vn 0.9896 0.0110 0.1436
vn 0.0107 0.9995 -0.0304
vn 0.4114 0.9090 -0.0669
vn 0.6594 0.7495 -0.0586
vn 0.0096 0.9999 -0.0034
vn 0.0093 0.9999 0.0062
vn 0.0011 1.0000 -0.0000
vn -0.0713 0.9943 -0.0788
vn 0.1091 0.9940 0.0010
vn -0.0877 0.9953 -0.0414
vn 0.0207 0.9997 -0.0152
vn -0.0157 0.9995 -0.0270
vn -0.0019 0.9999 -0.0137
vn -0.0235 0.9997 -0.0090
vn -0.0365 0.9988 -0.0329
vn 0.0146 0.9992 -0.0362
vn -0.0010 0.6460 0.7633
vn -0.0185 0.9304 0.3661
vn -0.0582 0.0136 0.9982
vn 0.6972 0.7109 0.0924
vn 0.7135 0.7000 -0.0290
vn 0.6680 0.7246 0.1693
vn 0.9858 0.1616 0.0445
vn 0.8555 -0.2058 0.4752
vn 0.8413 -0.0221 0.5402
vn 0.2842 0.7892 -0.5445
vn 0.2996 0.7473 -0.5931
vn 0.1330 0.7497 -0.6483
vn 0.9255 0.3757 0.0468
vn 0.7616 0.6205 -0.1870
vn 0.9391 0.0292 0.3423
vn 0.3811 0.8775 -0.2912
vn 0.6302 0.7614 -0.1521
vn 0.5099 0.7742 -0.3751
vn 0.7389 0.6738 -0.0071
vn 0.7480 0.6615 -0.0535
vn 0.9421 0.3148 0.1153
vn 0.7658 0.6378 0.0823
vn 0.8607 0.5089 -0.0124
vn 0.7799 0.6073 -0.1517
vn 0.5470 0.7280 -0.4133
vn 0.5736 0.7045 -0.4180
vn 0.5108 0.7033 -0.4945
vn 0.4736 0.7445 -0.4706
vn 0.3146 0.7340 -0.6019
vn 0.2960 0.7864 -0.5422
vn 0.6048 0.7172 -0.3463
vn 0.7086 0.6611 -0.2468
vn 0.6229 0.7321 -0.2758
vn 0.5800 0.7157 -0.3891
vn 0.5589 0.7731 -0.3000
vn 0.5382 0.7584 -0.3676
vn 0.6743 -0.4951 -0.5479
vn 0.6461 -0.5788 -0.4974
vn 0.7290 -0.4602 -0.5068
vn 0.9087 0.1191 -0.4001
vn 0.7381 -0.0910 -0.6685
vn 0.8903 0.1988 -0.4096
vn 0.6744 -0.5063 -0.5375
vn 0.7730 -0.1776 -0.6091
vn 0.8756 -0.1916 -0.4435
vn 0.8700 0.1911 -0.4546
vn 0.8068 0.3783 -0.4539
vn 0.7065 -0.5115 -0.4891
vn 0.6499 -0.5533 -0.5210
vn 0.5620 -0.5864 -0.5834
vn 0.6158 -0.3790 -0.6907
vn 0.7342 0.4915 -0.4683
vn 0.7727 0.3105 -0.5537
vn 0.8194 0.4034 -0.4072
vn 0.8010 0.5657 -0.1959
vn 0.7975 0.5872 -0.1387
vn 0.8431 0.5295 -0.0937
vn 0.9165 0.3636 -0.1671
vn 0.9922 0.1174 -0.0408
vn 0.9345 0.3377 -0.1127
vn 0.7582 0.2909 -0.5835
vn 0.6500 -0.0010 -0.7600
vn 0.5872 0.3330 -0.7378
vn 0.9723 0.2284 -0.0504
vn 0.9751 0.0903 -0.2023
vn 0.8919 0.2892 -0.3477
vn 0.4693 0.8308 0.2993
vn 0.2277 0.0533 0.9723
vn 0.2421 0.4089 0.8799
vn 0.7631 0.5767 0.2917
vn 0.6288 0.7351 0.2535
vn 0.6485 0.5609 0.5146
vn 0.5825 0.4267 -0.6918
vn 0.7351 0.1675 -0.6570
vn 0.5887 0.4159 -0.6932
vn 0.9655 0.2558 -0.0497
vn 0.9911 -0.0162 0.1325
vn 0.9776 0.0764 -0.1961
vn 0.5075 0.5567 -0.6576
vn 0.7988 0.5840 -0.1445
vn 0.5577 0.8172 -0.1455
vn 0.7652 0.3348 -0.5499
vn 0.7926 0.2870 -0.5380
vn 0.8504 0.3775 -0.3665
vn 0.3551 0.9110 -0.2099
vn 0.5593 0.8267 0.0611
vn 0.6383 0.7669 -0.0669
vn 0.8902 0.3542 -0.2864
vn 0.8787 0.4774 0.0013
vn 0.9510 0.3084 0.0232
vn 0.8764 0.4568 0.1524
vn 0.9475 0.3198 0.0042
vn 0.8835 0.4671 -0.0346
vn 0.5903 0.8007 -0.1018
vn 0.4787 0.8700 0.1180
vn 0.3373 0.9168 -0.2138
vn 0.4445 0.4921 0.7485
vn 0.2305 0.0351 0.9725
vn 0.4923 0.8103 0.3180
vn 0.6963 0.2397 -0.6766
vn 0.6213 0.4876 -0.6134
vn 0.5175 0.4602 -0.7214
vn 0.2234 0.3818 0.8969
vn 0.9353 0.0239 0.3531
vn 0.9164 0.2267 0.3298
vn 0.8209 -0.0401 0.5696
vn 0.7184 0.4594 0.5223
vn 0.5927 0.2680 0.7596
vn 0.6297 0.3804 0.6773
vn 0.7540 0.3866 -0.5310
vn 0.8145 0.4927 -0.3062
vn 0.6549 0.7513 -0.0810
vn 0.6003 0.4385 -0.6688
vn 0.6670 0.7271 -0.1625
vn 0.3654 0.5397 -0.7585
vn 0.5666 0.4136 -0.7126
vn 0.4296 0.3012 -0.8513
vn 0.4419 0.4939 -0.7488
vn 0.6560 0.6442 -0.3933
vn 0.7393 0.5774 -0.3463
vn 0.6293 0.5157 -0.5814
vn 0.2421 0.3153 -0.9176
vn 0.3592 0.3376 -0.8700
vn 0.2370 0.4169 -0.8775
vn 0.3348 0.8437 0.4196
vn 0.5021 0.5621 0.6573
vn 0.6369 0.5640 0.5256
vn 0.5334 0.4710 -0.7026
vn 0.5517 0.4444 -0.7058
vn 0.3724 0.4016 -0.8366
vn 0.8263 0.2489 -0.5052
vn 0.7656 0.4068 -0.4984
vn 0.7973 0.4445 -0.4084
vn 0.3682 0.3795 -0.8488
vn 0.5153 0.4523 -0.7279
vn 0.1997 0.6301 -0.7504
vn 0.8996 0.0742 -0.4304
vn 0.8801 0.1614 -0.4466
vn 0.9043 0.3253 -0.2763
vn 0.8253 0.5590 -0.0796
vn 0.8742 0.4257 -0.2336
vn 0.8014 0.5600 -0.2104
vn -0.0740 0.9481 -0.3091
vn 0.0466 0.8870 -0.4593
vn 0.2258 0.9296 -0.2912
vn 0.0061 0.8407 -0.5415
vn -0.0774 0.9444 -0.3196
vn 0.2432 0.9335 -0.2634
vn 0.8208 0.4751 -0.3171
vn 0.8779 0.4103 -0.2470
vn 0.8575 0.2357 -0.4573
vn 0.7835 0.5829 -0.2153
vn 0.8662 0.4924 -0.0851
vn 0.8560 0.4247 -0.2947
vn 0.6986 0.5303 0.4803
vn 0.7145 0.5666 0.4105
vn 0.7438 0.4340 0.5083
vn 0.7198 0.4819 0.4996
vn 0.7628 0.5366 0.3608
vn 0.7764 0.4387 0.4524
vn 0.8193 -0.5621 -0.1132
vn 0.9034 -0.4005 0.1531
vn 0.8372 -0.5420 -0.0734
vn -0.2490 0.8447 -0.4739
vn -0.1260 0.8612 -0.4923
vn -0.1903 0.8953 -0.4028
vn 0.1676 0.7649 -0.6220
vn 0.1031 0.8015 -0.5890
vn 0.2604 0.8180 -0.5130
vn -0.1724 0.8374 -0.5187
vn 0.2329 0.4167 -0.8787
vn 0.1944 0.5983 -0.7773
vn 0.6163 0.4147 -0.6695
vn 0.1142 0.8903 -0.4409
vn 0.2929 0.5440 -0.7863
vn -0.1684 0.7893 -0.5905
vn -0.2728 0.8297 -0.4870
vn -0.0926 0.8221 -0.5617
vn 0.3181 0.3795 -0.8688
vn 0.1533 0.6299 -0.7614
vn 0.1960 0.4557 -0.8683
vn -0.2704 0.8473 -0.4572
vn -0.2380 0.8884 -0.3925
vn -0.0974 0.8577 -0.5049
vn -0.1584 0.9323 -0.3252
vn 0.1922 0.8371 -0.5121
vn 0.0258 0.9289 -0.3695
vn -0.1152 0.8315 -0.5434
vn -0.1745 0.9153 -0.3630
vn -0.1859 0.8725 -0.4520
vn 0.6952 -0.4992 -0.5172
vn 0.8793 -0.3111 -0.3605
vn 0.8578 -0.4699 -0.2081
vn 0.7574 0.6330 -0.1605
vn 0.9016 0.4275 -0.0664
vn 0.9291 0.0498 0.3664
vn 0.4501 0.2588 0.8547
vn 0.4829 0.2885 0.8268
vn 0.7185 0.2871 0.6335
vn 0.6551 0.4163 0.6306
vn 0.6828 0.5933 0.4264
vn 0.7220 0.4996 0.4786
vn 0.9220 -0.3788 0.0803
vn 0.8319 -0.3782 0.4060
vn 0.9582 -0.0549 0.2809
vn 0.8949 0.3661 0.2553
vn 0.9060 0.2924 0.3059
vn 0.7913 0.5629 0.2388
vn 0.9982 0.0372 0.0471
vn 0.9914 0.0052 0.1311
vn 0.9130 0.3166 0.2573
vn 0.9725 0.2292 -0.0406
vn 0.8140 0.4469 -0.3712
vn 0.9887 0.0783 -0.1277
vn 0.7608 0.5144 0.3958
vn 0.7373 0.6558 0.1621
vn 0.9705 0.1980 0.1373
vn -0.2303 0.9703 0.0742
vn -0.1343 0.9405 0.3122
vn -0.1497 0.9811 0.1229
vn 0.1325 0.9905 0.0374
vn 0.1030 0.9945 -0.0204
vn 0.3191 0.9464 0.0503
vn 0.9896 0.0442 0.1371
vn 0.9751 0.0470 0.2165
vn 0.9875 0.1492 0.0503
vn 0.7764 0.4388 0.4524
vn 0.6249 0.2011 0.7543
vn 0.9819 -0.1068 -0.1562
vn 0.8125 0.1960 -0.5491
vn 0.8540 -0.4928 -0.1668
vn 0.9159 0.2676 -0.2991
vn 0.9634 -0.2251 -0.1457
vn 0.7766 0.6193 -0.1157
vn 0.9827 -0.1728 0.0667
vn 0.8380 -0.4917 -0.2366
vn 0.9852 -0.1177 -0.1247
vn 0.6287 -0.5719 -0.5270
vn 0.8444 -0.4744 -0.2487
vn 0.6975 -0.4749 -0.5366
vn 0.9559 -0.2232 -0.1908
vn 0.7921 -0.5870 -0.1671
vn 0.9247 -0.3634 0.1139
vn 0.7158 0.6923 -0.0912
vn 0.6201 0.7746 -0.1245
vn 0.6190 0.7704 -0.1530
vn 0.8412 0.4259 0.3332
vn 0.9166 0.1809 0.3565
vn 0.8691 0.4318 0.2411
vn 0.7123 0.7019 -0.0051
vn 0.7079 0.7019 -0.0788
vn 0.6729 0.7335 -0.0956
vn 0.8659 0.4287 -0.2579
vn 0.8221 0.4455 -0.3547
vn 0.8137 0.5585 -0.1612
vn 0.7025 0.7115 -0.0164
vn 0.6428 0.7639 -0.0575
vn 0.7264 0.6863 0.0375
vn 0.7024 0.7116 -0.0164
vn 0.7756 0.6251 0.0880
vn -0.1020 0.7444 -0.6599
vn -0.0506 0.8063 -0.5894
vn 0.0177 0.7510 -0.6600
vn 0.0132 0.6961 -0.7178
vn -0.0933 0.6176 -0.7809
vn -0.0889 0.6940 -0.7145
vn -0.0663 0.7240 -0.6866
vn -0.1722 0.7894 -0.5892
vn -0.0537 0.8004 -0.5971
vn 0.7623 0.5875 0.2717
vn 0.7413 0.6463 0.1811
vn 0.6215 0.7338 0.2743
vn 0.4779 0.8755 0.0708
vn 0.2844 0.9536 0.0985
vn 0.5995 0.7676 0.2268
vn 0.2635 0.9635 0.0471
vn 0.3262 0.9350 0.1394
vn 0.4996 0.8641 0.0605
vn 0.1629 0.6565 -0.7365
vn 0.2278 0.5497 -0.8037
vn 0.0885 0.5864 -0.8052
vn 0.2895 0.9407 0.1768
vn 0.2761 0.9597 0.0525
vn 0.1825 0.9809 0.0670
vn 0.8423 -0.2422 0.4815
vn 0.8155 -0.0220 0.5783
vn 0.7525 -0.0787 0.6539
vn 0.8078 -0.1591 0.5676
vn 0.8351 -0.0947 0.5419
vn 0.7581 -0.3056 0.5761
vn 0.8453 -0.0384 0.5329
vn 0.8758 -0.2110 0.4341
vn 0.8922 -0.1290 0.4327
vn 0.7959 0.5961 0.1057
vn 0.7160 0.6973 -0.0335
vn 0.8583 0.4173 -0.2988
vn 0.8113 0.5353 0.2349
vn 0.8535 0.5180 0.0571
vn 0.7690 0.6381 0.0369
vn 0.7578 0.2615 -0.5978
vn 0.8194 0.4018 -0.4088
vn 0.8826 0.3308 -0.3341
vn 0.7230 0.5589 0.4059
vn 0.6876 0.7199 0.0942
vn 0.6821 0.7119 0.1673
vn 0.8964 0.3291 0.2969
vn 0.9012 0.3894 0.1903
vn 0.8860 0.2399 0.3969
vn 0.7433 0.6672 0.0486
vn 0.7014 0.7095 -0.0678
vn 0.7760 0.6263 0.0752
vn 0.8343 0.3426 0.4319
vn 0.7960 0.4555 0.3986
vn 0.7984 0.3347 0.5005
vn 0.4516 0.6079 0.6531
vn 0.6206 0.3448 0.7043
vn 0.6779 0.5225 0.5172
vn 0.7535 0.6557 0.0476
vn 0.6049 0.7876 -0.1171
vn 0.5396 0.8395 0.0636
vn 0.7595 0.3838 0.5252
vn 0.7811 0.4712 0.4098
vn 0.6525 0.5296 0.5421
vn 0.9248 -0.1201 0.3610
vn 0.9119 -0.0998 0.3981
vn 0.5986 0.4079 0.6894
vn 0.8620 -0.0732 0.5015
vn 0.8171 -0.2881 0.4993
vn 0.8809 -0.1175 0.4586
vn 0.7605 0.6242 0.1788
vn 0.5179 0.8393 0.1651
vn 0.6394 0.7185 0.2738
vn 0.0247 -0.0010 0.9997
vn 0.2182 0.0592 0.9741
vn 0.1387 -0.0492 0.9891
vn 0.3254 -0.0804 0.9421
vn 0.3630 0.0471 0.9306
vn 0.5958 0.2462 0.7645
vn 0.8196 0.4981 0.2832
vn 0.8533 0.4691 0.2277
vn 0.7835 0.6066 0.1348
vn 0.4356 0.0393 0.8993
vn 0.5180 0.2098 0.8293
vn 0.4502 -0.0380 0.8921
vn 0.0239 -0.0342 0.9991
vn -0.0617 -0.0926 0.9938
vn -0.1042 0.0097 0.9945
vn 0.3438 -0.0600 0.9371
vn 0.1484 -0.0654 0.9868
vn 0.3864 0.0682 0.9198
vn -0.0618 -0.0929 0.9938
vn 0.0015 -0.0110 0.9999
vn 0.1111 -0.0544 0.9923
vn 0.4223 0.1536 0.8933
vn 0.2093 -0.0432 0.9769
vn 0.4480 0.1942 0.8727
vn 0.2423 -0.0361 0.9695
vn 0.1754 -0.1212 0.9770
vn 0.2411 -0.0313 0.9700
vn 0.1526 -0.0329 0.9877
vn 0.2447 0.0233 0.9693
vn 0.3967 0.0471 0.9168
vn 0.3415 0.5916 -0.7303
vn 0.3773 0.4194 -0.8257
vn 0.2106 0.5425 -0.8132
vn 0.7939 0.5924 -0.1372
vn 0.7875 0.6142 0.0506
vn 0.8429 0.5318 -0.0821
vn 0.4165 0.5139 -0.7500
vn 0.5289 0.6596 -0.5340
vn 0.5593 0.4512 -0.6954
vn 0.6347 0.6720 -0.3815
vn 0.6346 0.5332 -0.5594
vn 0.4869 0.5714 -0.6606
vn 0.9544 0.2119 0.2101
vn 0.9263 0.3255 0.1899
vn 0.9091 0.2068 0.3615
vn 0.5560 0.4085 0.7239
vn 0.5606 0.5784 0.5927
vn 0.4627 0.3669 0.8070
vn 0.4937 0.2316 -0.8382
vn 0.3387 0.5943 -0.7295
vn 0.5854 0.3619 -0.7254
vn 0.1319 0.6432 -0.7542
vn 0.3342 0.5779 -0.7446
vn 0.1956 0.5359 -0.8213
vn 0.9190 -0.2327 0.3183
vn 0.9550 0.0223 0.2958
vn 0.9685 0.0403 0.2459
vn 0.8268 -0.0285 0.5617
vn 0.9084 0.2503 0.3348
vn 0.8904 0.1771 0.4193
vn 0.0916 -0.1339 0.9867
vn 0.0725 -0.0119 0.9973
vn -0.0159 -0.0640 0.9978
vn 0.2274 -0.0195 0.9736
vn 0.1863 0.0538 0.9810
vn 0.4407 0.2201 0.8702
vn 0.1857 0.0272 0.9822
vn 0.2190 -0.0328 0.9752
vn 0.0018 -0.1343 0.9909
vn 0.0242 -0.1760 0.9841
vn 0.3157 0.0379 0.9481
vn 0.0944 -0.2741 0.9570
vn 0.0604 -0.1415 0.9881
vn 0.2224 0.3837 0.8963
vn 0.3096 0.0157 0.9507
vn 0.5102 0.2245 -0.8302
vn 0.3679 0.4241 -0.8275
vn 0.3696 0.5913 -0.7168
vn 0.5090 0.8180 0.2680
vn 0.3164 0.8571 0.4065
vn 0.6147 0.6074 0.5032
vn 0.9139 0.1561 0.3747
vn 0.8307 0.3333 0.4458
vn 0.8566 0.1839 0.4820
vn 0.5054 0.6772 -0.5347
vn 0.6898 0.4371 -0.5772
vn 0.5487 0.6772 -0.4902
vn 0.9040 -0.0889 0.4182
vn 0.8327 0.3409 0.4364
vn 0.9180 0.1702 0.3582
vn 0.8251 0.4377 0.3571
vn 0.8028 -0.3621 0.4737
vn 0.9175 -0.2301 0.3244
vn 0.9032 -0.0986 0.4178
vn 0.8280 -0.3707 0.4207
vn 0.8512 -0.2031 0.4840
vn 0.7728 -0.3188 0.5488
vn -0.1162 0.5697 -0.8136
vn -0.1377 0.6454 -0.7513
vn -0.1441 0.6415 -0.7534
vn 0.5984 0.2629 0.7569
vn 0.7645 0.3699 0.5280
vn 0.5996 0.1400 0.7880
vn 0.5491 0.1489 -0.8223
vn 0.6586 -0.0323 -0.7518
vn 0.5435 -0.1462 -0.8266
vn 0.6438 0.3426 -0.6842
vn 0.7143 0.0600 -0.6972
vn 0.5894 0.2037 -0.7818
vn 0.7011 0.5167 -0.4914
vn 0.5352 0.6359 -0.5561
vn 0.8003 0.5580 -0.2194
vn 0.6126 0.7821 -0.1145
vn 0.7450 0.6603 0.0948
vn 0.7956 0.5932 -0.1229
vn 0.5390 0.8386 0.0785
vn 0.6242 0.7760 -0.0910
vn 0.4547 0.8905 0.0164
vn 0.7006 -0.4393 -0.5622
vn 0.7240 -0.4470 -0.5254
vn 0.7410 0.4572 -0.4918
vn 0.3761 0.9266 -0.0086
vn 0.2242 0.9744 0.0132
vn 0.4328 0.8903 0.1414
vn 0.5837 -0.4196 -0.6951
vn 0.5689 -0.2088 -0.7955
vn 0.6251 -0.1759 -0.7604
vn 0.4706 0.8800 0.0652
vn 0.7198 0.6927 0.0464
vn 0.5681 0.8185 -0.0853
vn 0.6515 0.5407 0.5321
vn 0.6281 0.4010 0.6669
vn 0.7763 0.3880 0.4967
vn 0.1285 -0.0357 0.9911
vn 0.1635 -0.2736 0.9478
vn 0.1148 -0.0685 0.9910
vn -0.1643 -0.1931 0.9673
vn -0.1070 -0.1048 0.9887
vn 0.1342 0.3704 0.9191
vn 0.2842 0.6797 0.6762
vn 0.1253 -0.2634 0.9565
vn -0.1409 -0.1754 0.9744
vn 0.2854 0.3437 0.8947
vn 0.7564 -0.1741 -0.6306
vn 0.6889 -0.5151 -0.5100
vn 0.6298 -0.3660 -0.6852
vn -0.0024 -0.0790 0.9969
vn 0.0381 -0.1419 0.9891
vn 0.0982 -0.1302 0.9866
vn 0.3856 0.5758 0.7210
vn 0.6583 -0.4639 -0.5929
vn 0.5467 0.7787 0.3079
vn 0.2985 0.9386 0.1731
vn 0.3327 0.8464 0.4158
vn 0.5700 0.7217 -0.3928
vn 0.5537 0.6849 -0.4736
vn 0.7040 0.4465 -0.5523
vn -0.3924 -0.0787 0.9164
vn -0.4431 -0.3784 0.8127
vn -0.6290 -0.2221 0.7450
vn -0.4117 0.7162 0.5635
vn -0.6184 0.6926 0.3713
vn -0.2170 0.8991 0.3801
vn -0.1695 -0.0027 0.9855
vn -0.1701 0.0044 0.9854
vn -0.1745 0.0068 0.9846
vn -0.5952 -0.3621 0.7174
vn -0.4477 -0.3816 0.8087
vn -0.2979 -0.3759 0.8775
vn -0.1795 -0.0142 0.9837
vn -0.1844 -0.0091 0.9828
vn -0.1927 -0.0089 0.9812
vn 0.1047 -0.4034 0.9090
vn 0.0409 -0.2893 0.9564
vn -0.1309 -0.4672 0.8744
vn 0.3521 0.4301 0.8313
vn 0.0574 -0.1566 0.9860
vn -0.0542 -0.3985 0.9156
vn 0.2176 -0.3185 0.9226
vn 0.0361 -0.6184 0.7850
vn 0.0573 -0.1566 0.9860
vn 0.3499 0.4140 0.8403
vn -0.1778 -0.4189 0.8904
vn -0.4738 0.1255 0.8717
vn -0.6074 -0.0993 0.7882
vn -0.6174 -0.0925 0.7812
vn -0.6850 0.0338 0.7277
vn -0.3500 0.4882 0.7995
vn -0.0767 0.5804 0.8107
vn -0.3293 0.6194 0.7127
vn 0.0374 -0.0397 0.9985
vn 0.5275 0.5295 0.6643
vn 0.1743 0.1611 0.9714
vn -0.4279 0.4340 0.7928
vn -0.2777 0.3203 0.9057
vn -0.1637 0.3693 0.9148
vn -0.0749 0.5689 0.8190
vn -0.3716 0.4656 0.8032
vn -0.1436 0.4145 0.8987
vn 0.0431 -0.0938 0.9947
vn -0.1994 0.6405 0.7416
vn -0.1445 0.3304 0.9327
vn -0.1142 0.5713 0.8128
vn -0.1813 0.4260 0.8864
vn 0.1475 0.5541 0.8193
vn -0.1687 0.0406 0.9848
vn -0.1397 0.0578 0.9885
vn -0.1747 0.0561 0.9830
vn -0.1559 0.0234 0.9875
vn -0.1650 0.0336 0.9857
vn -0.1792 0.0325 0.9833
vn 0.0123 0.9850 0.1720
vn -0.4040 0.4739 0.7824
vn -0.0498 0.5162 0.8550
vn -0.1147 0.3531 0.9285
vn 0.1964 0.0429 0.9796
vn 0.1970 0.1477 0.9692
vn 0.1771 0.1398 0.9742
vn 0.0458 -0.1527 0.9872
vn -0.0181 0.9861 0.1654
vn 0.0143 0.8204 0.5716
vn -0.1522 -0.0147 0.9882
vn -0.1757 -0.0062 0.9844
vn -0.1581 -0.0150 0.9873
vn -0.3305 0.1267 0.9353
vn -0.0377 0.9313 0.3622
vn -0.1207 0.8160 0.5654
vn -0.6178 -0.2055 0.7590
vn -0.4956 0.1469 0.8561
vn -0.3680 -0.0875 0.9257
vn -0.0204 0.9998 0.0017
vn -0.2832 0.8963 0.3412
vn -0.0465 0.9907 0.1279
vn -0.1751 -0.0067 0.9845
vn -0.1584 -0.0128 0.9873
vn -0.1588 -0.0264 0.9870
vn 0.1078 0.6206 0.7767
vn -0.0708 0.7453 0.6630
vn -0.4639 0.1192 0.8778
vn -0.7473 -0.1929 0.6358
vn -0.1312 0.2954 0.9463
vn 0.2731 0.8374 0.4735
vn -0.1543 0.2161 0.9641
vn -0.1922 -0.1077 0.9754
vn -0.4577 0.0530 0.8875
vn -0.2072 0.7476 0.6310
vn -0.1334 0.0107 0.9910
vn -0.1434 -0.0119 0.9896
vn -0.1356 0.0162 0.9906
vn -0.6766 -0.1585 0.7191
vn -0.7473 -0.1928 0.6358
vn -0.4137 0.6724 0.6139
vn -0.4371 0.5132 0.7386
vn -0.6411 0.5641 0.5203
vn 0.1068 0.1465 0.9834
vn -0.0855 0.0247 0.9960
vn 0.0656 0.0921 0.9936
vn -0.3352 0.6892 0.6423
vn -0.4577 0.1689 0.8729
vn -0.3057 0.1624 0.9382
vn -0.3257 0.7034 0.6318
vn -0.3690 0.7484 0.5511
vn -0.2524 0.2813 0.9258
vn -0.5342 0.2581 0.8050
vn -0.6336 0.1665 0.7555
vn -0.1378 0.6239 0.7693
vn -0.1591 -0.0327 0.9867
vn -0.1669 -0.0121 0.9859
vn -0.1722 -0.0209 0.9848
vn -0.2006 0.2991 0.9329
vn -0.1952 0.0103 0.9807
vn -0.2357 0.1440 0.9611
vn -0.0272 -0.4216 0.9064
vn 0.2099 0.5522 0.8069
vn 0.4593 0.4235 0.7808
vn -0.4416 -0.3744 0.8154
vn -0.3897 -0.0764 0.9178
vn -0.0438 -0.3958 0.9173
vn -0.4929 0.3193 0.8094
vn -0.2757 0.7446 0.6079
vn -0.1964 0.8950 0.4004
vn -0.4507 0.2241 0.8641
vn -0.2487 0.8296 0.4999
vn -0.3908 0.1741 0.9039
vn -0.0444 0.9607 0.2742
vn 0.2762 0.4477 0.8505
vn -0.0039 0.8287 0.5596
vn -0.4004 0.0517 0.9149
vn -0.3859 -0.0300 0.9220
vn -0.4523 0.0629 0.8896
vn -0.1843 0.9119 0.3667
vn -0.1257 0.7808 0.6120
vn -0.2348 0.8616 0.4500
vn -0.4717 0.5097 0.7196
vn -0.5936 0.4554 0.6635
vn -0.6172 0.5711 0.5412
vn 0.0016 0.8889 0.4580
vn -0.2740 0.2490 0.9289
vn -0.2394 0.3914 0.8885
vn -0.6062 0.4855 0.6299
vn -0.2986 0.8604 0.4130
vn -0.5318 0.5851 0.6122
vn 0.0023 0.9998 0.0219
vn -0.0247 0.9831 0.1814
vn 0.0012 0.9994 0.0345
vn -0.1650 0.5633 0.8096
vn -0.1029 0.7887 0.6061
vn -0.0221 -0.1973 0.9801
vn -0.1512 0.5593 0.8151
vn -0.2941 0.3335 0.8957
vn -0.0605 0.6751 0.7353
vn -0.1955 -0.0388 0.9799
vn -0.1771 0.7804 0.5996
vn -0.2650 0.5853 0.7663
vn -0.1606 -0.0017 0.9870
vn -0.1762 -0.0044 0.9843
vn -0.1677 0.0008 0.9858
vn -0.1669 0.0032 0.9860
vn -0.1691 -0.0059 0.9856
vn -0.1727 -0.0023 0.9850
vn -0.1922 0.0006 0.9814
vn -0.1901 0.0048 0.9818
vn -0.1867 -0.0002 0.9824
vn -0.1683 -0.0159 0.9856
vn -0.1654 0.0015 0.9862
vn -0.1901 -0.0059 0.9818
vn 0.3209 0.7587 0.5669
vn -0.0149 0.7463 0.6654
vn 0.2109 0.8804 0.4248
vn -0.0439 0.7740 0.6317
vn -0.3485 0.6140 0.7082
vn -0.2598 0.7330 0.6287
vn -0.1736 0.0035 0.9848
vn -0.1727 0.0124 0.9849
vn -0.1648 0.0118 0.9862
vn -0.1734 0.0007 0.9849
vn -0.1754 0.0045 0.9845
vn -0.1688 0.0065 0.9856
vn 0.0908 0.0457 0.9948
vn 0.0780 -0.1063 0.9913
vn 0.1352 0.0837 0.9873
vn 0.1107 0.1420 0.9837
vn -0.1818 0.3913 0.9021
vn -0.1139 0.2721 0.9555
vn 0.0027 0.9974 0.0721
vn -0.1891 0.8297 0.5252
vn -0.5584 0.7493 0.3560
vn -0.1613 -0.0019 0.9869
vn -0.1716 -0.0016 0.9852
vn -0.1691 0.0007 0.9856
vn -0.1399 0.0766 0.9872
vn -0.1469 0.0996 0.9841
vn -0.1364 0.0560 0.9891
vn -0.0169 0.8922 0.4513
vn -0.0778 0.9680 0.2386
vn -0.0059 0.9986 0.0525
vn -0.1997 -0.0149 0.9797
vn -0.1946 -0.0114 0.9808
vn -0.1815 -0.0528 0.9820
vn -0.0485 0.5746 0.8170
vn 0.1699 0.1697 0.9707
vn 0.1897 0.2100 0.9591
vn -0.2497 0.2776 0.9277
vn -0.2107 0.2695 0.9397
vn -0.2185 0.2550 0.9419
vn -0.6956 -0.3825 0.6081
vn -0.6723 -0.1448 0.7260
vn -0.6991 -0.1672 0.6952
vn -0.1345 -0.0077 0.9909
vn -0.1435 -0.0141 0.9895
vn -0.1336 -0.0235 0.9908
vn -0.1716 0.0243 0.9849
vn -0.2292 0.1429 0.9628
vn -0.2426 -0.0948 0.9655
vn -0.1461 0.6176 0.7728
vn -0.0635 0.9917 0.1114
vn -0.1864 0.8946 0.4062
vn -0.1581 0.0086 0.9874
vn -0.2133 -0.0582 0.9753
vn -0.1882 -0.0226 0.9819
vn -0.1596 0.3842 0.9093
vn 0.0064 0.0782 0.9969
vn -0.1155 -0.0281 0.9929
vn 0.0037 0.9993 0.0376
vn 0.0023 0.9994 0.0354
vn -0.1942 -0.0132 0.9809
vn -0.1610 0.0193 0.9868
vn -0.1823 -0.0076 0.9832
vn -0.4016 0.3653 0.8398
vn -0.1837 0.0201 0.9828
vn -0.1421 -0.1522 0.9781
vn -0.0496 0.7819 0.6214
vn -0.0839 0.5202 0.8499
vn -0.0512 0.7409 0.6696
vn -0.1714 -0.0125 0.9851
vn -0.1797 -0.0166 0.9836
vn -0.1699 -0.0060 0.9854
vn -0.3007 0.2674 0.9155
vn -0.0710 0.5282 0.8461
vn 0.1626 0.8731 0.4597
vn -0.0017 0.9644 0.2645
vn -0.0009 0.9438 0.3305
vn 0.0814 0.9840 0.1583
vn -0.1703 -0.0838 0.9818
vn -0.4459 0.2091 0.8703
vn -0.1198 -0.0160 0.9927
vn -0.1853 0.0025 0.9827
vn -0.1895 -0.0045 0.9819
vn -0.1894 -0.0018 0.9819
vn 0.0650 0.9707 0.2314
vn 0.0562 0.8517 0.5210
vn -0.2282 -0.0286 0.9732
vn -0.1996 -0.0327 0.9793
vn -0.2385 -0.0209 0.9709
vn -0.1722 0.0070 0.9850
vn -0.1582 0.0021 0.9874
vn -0.1587 0.0108 0.9873
vn -0.1535 -0.1200 0.9808
vn -0.1533 -0.1036 0.9827
vn -0.1260 -0.1213 0.9846
vn -0.1889 -0.0162 0.9819
vn -0.1846 0.0005 0.9828
vn -0.1791 -0.0061 0.9838
vn -0.1781 -0.0020 0.9840
vn -0.1862 0.0156 0.9824
vn -0.1719 0.0286 0.9847
vn 0.4578 0.2267 -0.8597
vn 0.5387 0.4853 -0.6887
vn 0.5058 0.5498 -0.6647
vn 0.5850 0.7957 -0.1569
vn 0.3377 0.4360 -0.8342
vn 0.4514 0.5317 -0.7166
vn 0.4935 0.8697 0.0044
vn 0.3728 0.9254 0.0682
vn 0.1149 0.9807 -0.1581
vn 0.4227 0.0088 -0.9062
vn 0.4146 -0.3517 -0.8393
vn 0.1435 -0.3801 -0.9138
vn 0.2868 0.1246 -0.9499
vn 0.4382 0.1117 -0.8919
vn 0.1589 -0.2756 -0.9480
vn 0.4737 -0.0409 -0.8797
vn 0.4283 -0.1720 -0.8871
vn 0.5508 0.1460 -0.8218
vn 0.4313 0.0845 -0.8982
vn 0.3022 0.1078 -0.9471
vn 0.4291 0.1871 -0.8837
vn 0.2861 0.1232 -0.9503
vn 0.2049 -0.3030 -0.9307
vn 0.1684 -0.0016 -0.9857
vn -0.1422 -0.1170 -0.9829
vn 0.3047 -0.4917 -0.8157
vn 0.1368 -0.3331 -0.9329
vn 0.1618 -0.6670 -0.7273
vn 0.1840 -0.6014 -0.7774
vn 0.5276 -0.3113 -0.7904
vn 0.1996 -0.7211 -0.6634
vn 0.4022 -0.6557 -0.6390
vn 0.1851 -0.6536 -0.7338
vn 0.1973 -0.4356 -0.8783
vn 0.1308 -0.6161 -0.7767
vn 0.2748 -0.4597 -0.8445
vn 0.2375 0.1368 -0.9617
vn 0.3275 -0.6159 -0.7165
vn 0.5883 -0.5124 -0.6256
vn 0.2618 -0.7285 -0.6331
vn 0.3884 -0.6156 -0.6857
vn 0.4162 -0.6553 -0.6304
vn 0.2338 -0.6566 -0.7171
vn 0.2335 0.1294 -0.9637
vn 0.1467 -0.2281 -0.9625
vn 0.8486 -0.0117 -0.5289
vn 0.3609 -0.6417 -0.6767
vn 0.1960 -0.5845 -0.7874
vn 0.1561 -0.5800 -0.7995
vn 0.7250 -0.0207 -0.6884
vn 0.6087 0.4316 -0.6658
vn 0.4044 -0.1574 -0.9009
vn 0.4696 0.0847 -0.8788
vn 0.5167 0.1737 -0.8384
vn 0.1500 -0.1642 -0.9749
vn 0.1487 -0.3236 -0.9344
vn 0.1957 -0.6512 -0.7332
vn 0.4162 -0.2445 -0.8758
vn 0.2092 -0.5362 -0.8178
vn 0.1476 -0.6670 -0.7303
vn 0.1918 -0.6055 -0.7724
vn 0.5961 -0.0907 -0.7977
vn 0.8532 -0.0376 -0.5202
vn 0.3213 0.5472 -0.7729
vn 0.1472 -0.1648 -0.9753
vn 0.3998 0.1253 -0.9080
vn 0.2365 -0.6351 -0.7354
vn 0.2481 -0.4789 -0.8421
vn 0.2256 -0.6916 -0.6861
vn 0.6903 0.3798 -0.6158
vn 0.8649 -0.1102 -0.4897
vn 0.7528 0.2524 -0.6079
vn 0.2001 -0.6060 -0.7699
vn 0.1866 -0.2838 -0.9405
vn 0.4396 -0.2529 -0.8619
vn 0.2264 0.0791 -0.9708
vn 0.1412 -0.0127 -0.9899
vn 0.1857 -0.4068 -0.8945
vn 0.1568 -0.0720 -0.9850
vn 0.6073 -0.0951 -0.7888
vn 0.2087 -0.6067 -0.7671
vn 0.4738 -0.0326 -0.8801
vn 0.2542 -0.4779 -0.8408
vn 0.4458 -0.1678 -0.8792
vn 0.4086 0.2343 -0.8821
vn 0.7299 0.5210 -0.4425
vn 0.3573 0.4009 -0.8436
vn 0.4355 0.5143 -0.7388
vn 0.3308 0.2363 -0.9137
vn 0.2512 0.5203 -0.8162
vn 0.1716 0.4955 -0.8515
vn -0.0110 -0.4942 -0.8693
vn 0.1501 -0.1642 -0.9749
vn -0.0237 -0.3736 -0.9273
vn 0.1381 -0.0145 -0.9903
vn 0.1501 -0.1642 -0.9750
vn 0.3295 0.5366 -0.7768
vn 0.3296 0.5366 -0.7768
vn 0.1329 0.5949 -0.7928
vn 0.2302 0.2573 -0.9385
vn 0.2655 0.1584 -0.9510
vn 0.1204 -0.0103 -0.9927
vn 0.3028 0.9485 0.0927
vn 0.5809 0.7034 -0.4097
vn 0.3389 0.9156 -0.2164
vn 0.3536 0.6744 -0.6482
vn 0.4716 0.7577 -0.4510
vn 0.4465 0.4841 -0.7525
vn 0.0267 0.6622 -0.7489
vn 0.0045 0.7105 -0.7037
vn 0.1658 0.6930 -0.7016
vn 0.7173 0.0277 -0.6962
vn 0.5648 0.4593 -0.6856
vn 0.5501 0.4441 -0.7072
vn 0.3540 0.0018 -0.9352
vn 0.3945 -0.1295 -0.9097
vn 0.4386 0.0014 -0.8987
vn 0.3418 -0.0198 -0.9396
vn 0.3363 -0.0636 -0.9396
vn 0.3851 -0.0759 -0.9198
vn -0.0102 0.5908 -0.8068
vn -0.0904 0.4827 -0.8711
vn 0.1972 0.5875 -0.7848
vn 0.4789 -0.0397 -0.8770
vn 0.3824 0.0590 -0.9221
vn 0.4018 -0.0597 -0.9138
vn -0.2333 -0.2157 -0.9482
vn -0.3121 -0.1369 -0.9401
vn -0.2171 0.0569 -0.9745
vn 0.9411 0.1835 -0.2841
vn 0.6087 -0.0679 -0.7905
vn 0.5256 0.1616 -0.8352
vn 0.0045 -0.1588 -0.9873
vn -0.1011 -0.0698 -0.9924
vn -0.0663 0.1738 -0.9825
vn 0.4691 0.2413 -0.8495
vn 0.4891 0.1908 -0.8511
vn 0.5927 0.4626 -0.6593
vn -0.0778 0.1912 -0.9785
vn -0.0707 0.1761 -0.9818
vn -0.1496 -0.0761 -0.9858
vn -0.0241 -0.4026 -0.9151
vn -0.0741 -0.0426 -0.9963
vn 0.0463 -0.1442 -0.9885
vn 0.2477 0.2662 -0.9316
vn 0.2757 0.0054 -0.9612
vn 0.2040 -0.0949 -0.9744
vn 0.1720 -0.2197 -0.9603
vn 0.2943 -0.2274 -0.9283
vn 0.2862 -0.2661 -0.9205
vn 0.5828 0.4319 -0.6884
vn 0.7918 0.2689 -0.5484
vn 0.5770 0.4967 -0.6484
vn -0.0567 0.4360 -0.8981
vn 0.1209 0.2754 -0.9537
vn -0.0739 0.3755 -0.9239
vn -0.0710 0.4502 -0.8901
vn -0.1290 0.3688 -0.9205
vn -0.1620 0.4612 -0.8724
vn 0.1351 0.1819 -0.9740
vn 0.1145 -0.0436 -0.9925
vn 0.0397 0.2757 -0.9604
vn 0.4442 0.1719 -0.8793
vn 0.3569 0.1837 -0.9159
vn 0.0695 0.5490 -0.8329
vn 0.1055 0.2559 -0.9609
vn -0.0531 0.4407 -0.8961
vn 0.0754 0.4339 -0.8978
vn 0.3474 0.2183 -0.9120
vn 0.1880 0.2930 -0.9375
vn 0.1783 0.3296 -0.9271
vn -0.0379 0.2745 -0.9608
vn -0.1102 0.2748 -0.9552
vn -0.1340 0.4220 -0.8967
vn 0.3969 -0.1681 -0.9023
vn 0.3797 -0.0890 -0.9208
vn 0.3968 -0.0491 -0.9166
vn 0.6105 -0.0730 -0.7886
vn 0.8694 -0.0163 -0.4939
vn 0.0592 0.2500 -0.9664
vn 0.0490 -0.0474 -0.9977
vn 0.0187 0.1992 -0.9798
vn 0.4721 -0.5299 -0.7045
vn 0.4331 -0.6138 -0.6601
vn 0.5160 -0.3613 -0.7766
vn -0.0681 0.1561 -0.9854
vn -0.2249 -0.0541 -0.9729
vn -0.1720 0.0704 -0.9826
vn 0.3117 -0.3055 -0.8997
vn 0.3116 -0.3896 -0.8667
vn 0.2663 -0.2386 -0.9339
vn 0.3380 0.1090 -0.9348
vn 0.3829 -0.0156 -0.9237
vn 0.3503 -0.0590 -0.9348
vn 0.3873 0.9105 0.1450
vn 0.4099 0.9116 0.0308
vn 0.3807 0.8765 0.2946
vn 0.3988 -0.3245 -0.8577
vn 0.4783 -0.4312 -0.7651
vn 0.3957 -0.4217 -0.8158
vn 0.5761 0.4718 -0.6675
vn 0.7681 0.0847 -0.6347
vn 0.5034 -0.3660 -0.7827
vn 0.4132 0.3742 -0.8302
vn 0.3400 0.2392 -0.9095
vn 0.2904 0.5514 -0.7820
vn 0.4426 0.4603 -0.7696
vn 0.3730 0.8365 -0.4013
vn 0.5453 0.5789 -0.6062
vn 0.3096 0.2298 -0.9227
vn 0.2419 0.5770 -0.7801
vn 0.3704 0.2566 -0.8927
vn 0.3786 -0.0027 -0.9256
vn 0.1992 0.2057 -0.9581
vn 0.3439 0.1072 -0.9329
vn 0.3423 0.9179 0.2008
vn 0.3341 0.9188 0.2104
vn 0.3841 0.9154 0.1206
vn 0.0633 0.5307 -0.8452
vn 0.0292 0.7472 -0.6640
vn -0.0861 0.6162 -0.7829
vn 0.2429 -0.3678 -0.8976
vn 0.3687 -0.1959 -0.9086
vn 0.4037 -0.3571 -0.8423
vn 0.4091 -0.4915 -0.7688
vn 0.4466 -0.3812 -0.8095
vn 0.4560 -0.5976 -0.6594
vn 0.4172 0.8827 0.2164
vn 0.5312 0.8443 0.0710
vn 0.3911 0.8744 0.2871
vn 0.7072 0.3297 -0.6255
vn 0.4709 0.3100 -0.8259
vn 0.4980 0.0161 -0.8670
vn 0.4848 0.0105 -0.8746
vn 0.5138 -0.1267 -0.8485
vn 0.8011 0.5985 -0.0023
vn 0.8012 0.5980 0.0213
vn 0.7714 0.4627 -0.4369
vn -0.2500 -0.2690 -0.9301
vn 0.3417 0.0976 -0.9347
vn 0.5065 0.4996 -0.7027
vn 0.3988 0.5526 -0.7318
vn 0.8931 0.4205 -0.1598
vn 0.2225 0.2410 -0.9447
vn 0.0781 0.7303 -0.6787
vn 0.8574 0.4912 -0.1534
vn 0.5731 0.5686 -0.5901
vn 0.2327 0.2096 -0.9497
vn 0.8019 0.5678 -0.1857
vn 0.5694 0.4432 -0.6924
vn 0.2010 0.2499 -0.9472
vn 0.8658 0.4740 -0.1603
vn 0.7963 0.5707 -0.2006
vn -0.1613 -0.1274 -0.9786
vn -0.2214 -0.3238 -0.9199
vn 0.5488 0.4298 -0.7170
vn 0.7089 0.0052 -0.7053
vn 0.8688 0.4677 -0.1628
vn 0.7887 0.2518 -0.5609
vn 0.6533 0.2790 -0.7038
vn 0.8252 0.4214 -0.3762
vn 0.4868 0.1133 -0.8661
vn 0.8193 0.5706 0.0573
vn 0.7835 0.6210 0.0228
vn 0.8510 0.4723 -0.2297
vn 0.7860 0.2001 -0.5850
vn 0.5106 0.6533 -0.5590
vn 0.4979 0.8004 -0.3339
vn 0.4763 -0.1153 -0.8717
vn 0.4067 -0.1281 -0.9046
vn 0.5137 -0.1508 -0.8446
vn 0.8362 0.3232 -0.4431
vn 0.5988 0.2757 -0.7520
vn 0.7251 0.6615 -0.1917
vn 0.8323 0.5543 -0.0054
vn 0.7905 0.6087 0.0679
vn 0.8038 0.5949 0.0031
vn 0.5228 -0.1246 -0.8433
vn 0.4746 -0.0172 -0.8800
vn 0.4446 -0.0545 -0.8941
vn 0.7864 0.6166 -0.0376
vn 0.8275 0.5614 -0.0104
vn 0.8146 0.5793 -0.0287
vn 0.4608 0.6595 -0.5939
vn 0.4918 0.6186 -0.6127
vn 0.3415 0.6701 -0.6591
vn 0.4655 0.4982 -0.7315
vn 0.3065 -0.2295 -0.9238
vn 0.3556 -0.0942 -0.9299
vn 0.6277 0.1796 -0.7575
vn 0.0795 -0.1511 -0.9853
vn 0.1174 -0.2920 -0.9492
vn 0.0894 -0.3502 -0.9324
vn 0.1609 -0.3995 -0.9025
vn 0.1794 -0.4613 -0.8689
vn 0.2534 -0.4077 -0.8773
vn 0.2987 -0.5965 -0.7450
vn 0.1912 -0.1840 -0.9642
vn 0.4695 0.5582 -0.6841
vn 0.4331 0.5532 -0.7116
vn 0.3581 0.5745 -0.7360
vn 0.1423 -0.2302 -0.9627
vn 0.4076 0.4881 -0.7718
vn 0.3657 0.5214 -0.7710
vn 0.1891 -0.4622 -0.8663
vn 0.3517 -0.4369 -0.8279
vn 0.2553 -0.5752 -0.7771
vn 0.7071 0.3298 -0.6255
vn 0.7345 0.1841 -0.6532
vn 0.6960 0.3035 -0.6507
vn 0.3331 0.5082 -0.7942
vn 0.6375 0.3871 -0.6662
vn 0.7072 0.3298 -0.6254
vn 0.4126 0.8870 0.2075
vn 0.3239 0.9352 0.1429
vn 0.5295 0.8463 0.0581
vn 0.8764 0.0209 -0.4811
vn 0.9697 -0.1000 -0.2227
vn 0.5256 0.1617 -0.8352
vn 0.8694 -0.0164 -0.4939
vn 0.1399 0.4885 -0.8613
vn -0.0627 0.6260 -0.7773
vn -0.1553 0.5248 -0.8369
vn 0.5750 0.3158 -0.7548
vn 0.4424 0.1215 -0.8886
vn 0.5017 0.2908 -0.8147
vn 0.3735 0.8668 -0.3303
vn 0.4754 0.8791 -0.0344
vn 0.4656 0.8825 0.0667
vn 0.3771 0.9162 0.1358
vn 0.3728 0.9218 0.1064
vn 0.5477 0.8280 0.1202
vn 0.1026 0.4652 -0.8792
vn 0.1917 0.3432 -0.9195
vn 0.1440 0.2956 -0.9444
vn 0.2444 0.4489 -0.8595
vn 0.1396 0.3151 -0.9387
vn 0.1164 0.4482 -0.8863
vn -0.3298 -0.3976 -0.8563
vn -0.2960 -0.1216 -0.9474
vn -0.2342 -0.2060 -0.9501
vn -0.1952 -0.4417 -0.8757
vn 0.2581 0.1812 -0.9490
vn -0.2330 -0.2845 -0.9299
vn 0.4152 0.2828 -0.8647
vn 0.4449 0.0285 -0.8951
vn 0.5747 -0.0090 -0.8183
vn 0.1136 0.5920 -0.7979
vn 0.0840 0.4826 -0.8718
vn 0.2425 0.4424 -0.8634
vn 0.0150 -0.3202 -0.9472
vn -0.0487 -0.3407 -0.9389
vn 0.1464 -0.3513 -0.9247
vn -0.3462 -0.3916 -0.8525
vn 0.4461 0.4416 -0.7784
vn 0.4675 0.5592 -0.6846
vn 0.5308 0.5456 -0.6485
vn 0.6334 0.6996 -0.3306
vn 0.5739 0.7016 -0.4224
vn 0.4924 0.5248 -0.6943
vn 0.5453 0.5579 -0.6256
vn 0.6783 0.6482 -0.3462
vn 0.5047 0.5011 -0.7029
vn 0.5173 0.8546 -0.0448
vn 0.4506 0.7585 -0.4708
vn 0.5366 0.7539 -0.3791
vn 0.4066 0.8610 -0.3056
vn 0.3948 0.9047 0.1600
vn 0.4072 0.9117 0.0548
vn 0.3069 0.9506 0.0460
vn 0.3882 0.9207 -0.0393
vn 0.2570 0.9434 -0.2096
vn 0.4153 0.9038 0.1031
vn 0.3495 0.9185 0.1853
vn 0.2772 0.9257 0.2573
vn 0.5513 0.3832 -0.7411
vn 0.6592 0.2940 -0.6921
vn 0.5168 0.4690 -0.7162
vn 0.0534 -0.2178 -0.9745
vn 0.1487 -0.5012 -0.8524
vn -0.0268 -0.4583 -0.8884
vn 0.1891 -0.3235 -0.9271
vn -0.1784 -0.5002 -0.8473
vn 0.0572 -0.5113 -0.8575
vn 0.0099 0.4155 -0.9095
vn 0.0191 -0.2192 -0.9755
vn 0.2569 -0.4720 -0.8434
vn -0.1934 -0.4226 -0.8854
vn -0.3390 -0.3604 -0.8690
vn -0.2649 -0.1609 -0.9508
vn -0.0418 0.4610 -0.8864
vn -0.3168 0.4559 -0.8318
vn 0.1452 -0.1314 -0.9806
vn -0.2116 -0.3103 -0.9268
vn -0.3344 -0.3901 -0.8579
vn -0.1944 -0.4463 -0.8735
vn 0.4261 0.2264 -0.8759
vn 0.5520 0.2078 -0.8076
vn 0.6240 0.3252 -0.7106
vn 0.1296 0.3264 -0.9363
vn 0.2009 0.4803 -0.8538
vn 0.3804 0.2509 -0.8901
vn 0.5447 0.0429 -0.8375
vn 0.4571 0.1952 -0.8677
vn 0.4647 0.1142 -0.8781
vn 0.5507 -0.4458 -0.7057
vn 0.6561 -0.0737 -0.7510
vn 0.3771 -0.5942 -0.7104
vn 0.4503 0.2491 -0.8574
vn 0.5133 0.0688 -0.8555
vn 0.8366 0.3957 -0.3789
vn 0.4764 0.2604 -0.8398
vn 0.2816 0.0877 -0.9555
vn 0.2405 -0.3977 -0.8854
vn 0.1526 -0.0455 -0.9872
vn 0.1139 0.2045 -0.9722
vn 0.1526 -0.0456 -0.9872
vn 0.6087 -0.0680 -0.7905
vn 0.3777 0.1983 -0.9044
vn 0.8764 0.0210 -0.4811
vn 0.2828 0.1823 -0.9417
vn 0.1817 -0.0277 -0.9830
vn 0.3147 0.2790 -0.9072
vn 0.2496 0.1994 -0.9476
vn 0.3036 0.2858 -0.9089
vn 0.4253 0.2556 -0.8682
vn 0.1139 0.2044 -0.9722
vn 0.3978 0.2019 -0.8950
vn 0.2810 0.2851 -0.9164
vn 0.4053 0.2038 -0.8912
vn 0.5058 0.5489 -0.6655
vn 0.5384 0.4842 -0.6897
vn 0.5877 0.4828 -0.6492
vn 0.3784 0.0341 -0.9250
vn 0.4163 0.0346 -0.9086
vn 0.3712 0.1278 -0.9197
vn 0.1975 0.4889 -0.8497
vn 0.4061 0.4224 -0.8104
vn 0.1993 0.5968 -0.7772
vn 0.4338 0.0496 -0.8997
vn 0.4457 0.2204 -0.8676
vn 0.3354 0.0580 -0.9403
vn 0.3674 0.9290 0.0436
vn 0.6518 0.7582 0.0173
vn 0.3912 0.9203 0.0003
vn 0.4917 0.8708 0.0011
vn 0.7890 0.6142 -0.0142
vn 0.7091 0.7029 0.0560
vn 0.6165 0.6999 -0.3608
vn 0.7923 0.6081 -0.0490
vn 0.5026 0.8631 -0.0503
vn 0.5479 0.8306 -0.0999
vn 0.8064 0.5662 -0.1709
vn 0.7466 0.0635 -0.6622
vn 0.3741 0.9264 0.0439
vn 0.5153 0.8570 -0.0112
vn 0.3476 0.9230 0.1651
vn 0.4596 0.8852 0.0720
vn 0.5458 0.8175 -0.1838
vn 0.4893 0.4783 -0.7292
vn 0.5111 0.1625 -0.8440
vn 0.4607 0.2198 -0.8599
vn 0.4069 0.0006 -0.9135
vn -0.9837 -0.0281 -0.1774
vn -0.9857 -0.0257 -0.1663
vn -0.9854 -0.0357 -0.1663
vn -0.9867 -0.0244 -0.1609
vn -0.9861 -0.0175 -0.1652
vn -0.9858 -0.0253 -0.1660
vn -0.9848 -0.0184 -0.1726
vn -0.9866 -0.0234 -0.1614
vn -0.9853 -0.0124 -0.1703
vn -0.9861 -0.0264 -0.1642
vn -0.9868 -0.0177 -0.1612
vn -0.9855 -0.0049 -0.1695
vn -0.9879 -0.0304 -0.1523
vn -0.9866 -0.0515 -0.1551
vn -0.9861 -0.0470 -0.1593
vn -0.9892 0.0388 -0.1414
vn -0.9907 0.0467 -0.1278
vn -0.9911 0.0301 -0.1298
vn -0.9855 -0.0302 -0.1670
vn -0.9842 -0.0224 -0.1757
vn -0.9838 -0.0111 -0.1791
vn -0.9722 0.0207 -0.2333
vn -0.9694 0.0268 -0.2440
vn -0.9726 0.0270 -0.2309
vn -0.9938 -0.1107 -0.0056
vn -0.9947 -0.1002 -0.0247
vn -0.9936 -0.1073 -0.0345
vn -0.9852 -0.0142 -0.1710
vn -0.9853 -0.0100 -0.1707
vn -0.9850 -0.0238 -0.1710
vn -0.9813 -0.0183 -0.1918
vn -0.9844 -0.0244 -0.1743
vn -0.9837 -0.0305 -0.1774
vn -0.9903 -0.0314 -0.1357
vn -0.9861 -0.0166 -0.1652
vn -0.9936 -0.0094 -0.1125
vn -0.9831 0.0080 -0.1830
vn -0.9863 0.0036 -0.1646
vn -0.9828 0.0133 -0.1843
vn 0.0806 -0.0361 -0.9961
vn -0.2514 -0.1322 -0.9588
vn -0.4577 0.0884 -0.8847
vn 0.0395 0.0199 -0.9990
vn -0.1413 -0.1335 -0.9809
vn 0.0673 0.0021 -0.9977
vn 0.0861 -0.0130 -0.9962
vn 0.0611 0.0160 -0.9980
vn 0.0648 0.0172 -0.9978
vn -0.9851 -0.0076 -0.1717
vn -0.9933 -0.0171 -0.1141
vn -0.9864 -0.0226 -0.1628
vn -0.9332 0.0857 -0.3491
vn -0.9947 0.0095 -0.1019
vn -0.9973 -0.0285 -0.0683
vn -0.8509 0.0361 -0.5241
vn -0.8696 -0.1913 -0.4552
vn -0.9963 -0.0350 -0.0790
vn 0.1057 0.0137 -0.9943
vn 0.0647 0.0209 -0.9977
vn 0.1382 -0.0332 -0.9898
vn 0.0231 0.0539 -0.9983
vn 0.0533 0.0130 -0.9985
vn 0.1011 0.0008 -0.9949
vn 0.0952 0.0384 -0.9947
vn 0.0801 0.0277 -0.9964
vn 0.1383 -0.0332 -0.9898
vn 0.1592 -0.0414 -0.9864
vn 0.1587 -0.0264 -0.9870
vn -0.4163 0.1069 -0.9029
vn -0.8277 0.0817 -0.5552
vn -0.5836 0.1103 -0.8045
vn -0.8722 -0.0115 -0.4890
vn -0.4647 0.0120 -0.8854
vn -0.8729 -0.1420 -0.4667
vn -0.5285 0.0890 -0.8442
vn -0.3275 -0.0943 -0.9401
vn -0.9000 -0.0107 -0.4357
vn -0.1904 0.0050 0.9817
vn -0.1847 0.0140 0.9827
vn -0.1698 0.0179 0.9853
vn 0.0203 0.9998 0.0023
vn 0.0057 0.9994 0.0333
vn 0.0093 0.9759 0.2179
vn -0.2081 0.4119 0.8872
vn -0.6157 0.7778 0.1265
vn -0.2612 0.5353 0.8032
vn -0.6479 0.4287 -0.6296
vn -0.5883 0.3748 -0.7166
vn -0.6867 0.3780 -0.6210
vn 0.0536 0.7557 0.6527
vn 0.3166 0.8448 0.4314
vn -0.1062 0.4565 0.8833
vn -0.3401 0.7712 0.5382
vn -0.7123 0.5546 0.4301
vn -0.2602 0.5670 0.7815
vn -0.1627 0.0215 0.9864
vn -0.1661 0.0097 0.9861
vn -0.1728 -0.0015 0.9850
vn -0.0799 0.9860 0.1462
vn 0.2318 0.7353 0.6368
vn -0.0522 0.9796 0.1942
vn -0.2408 0.1839 0.9530
vn 0.0613 0.8428 0.5347
vn -0.2259 0.2630 0.9380
vn -0.1677 0.0004 0.9858
vn -0.1699 0.0041 0.9855
vn -0.1733 0.0089 0.9848
vn 0.0951 0.8782 0.4688
vn 0.1660 0.3761 0.9116
vn 0.1774 0.7803 0.5997
vn -0.0688 0.7095 0.7013
vn -0.0898 0.9115 0.4013
vn 0.2011 0.8181 0.5388
vn -0.1567 0.6350 0.7565
vn -0.2045 0.6917 0.6926
vn -0.1491 0.5299 0.8348
vn -0.1332 -0.0182 0.9909
vn -0.0574 0.0669 0.9961
vn -0.1206 0.0376 0.9920
vn -0.2080 0.2183 0.9535
vn -0.1677 0.0972 0.9810
vn -0.1837 0.0354 0.9823
vn -0.1413 -0.0141 0.9899
vn -0.1511 0.0093 0.9885
vn -0.1438 0.0058 0.9896
vn -0.1682 -0.0027 0.9857
vn -0.1683 -0.0377 0.9850
vn -0.1661 -0.0102 0.9861
vn -0.1879 0.0129 0.9821
vn -0.1851 0.0151 0.9826
vn -0.1968 0.0123 0.9804
vn -0.1998 0.6000 0.7746
vn -0.1586 0.7193 0.6764
vn -0.3276 0.3773 0.8662
vn 0.3240 0.7907 0.5195
vn -0.0222 0.9994 0.0267
vn 0.0776 0.8883 0.4527
vn -0.1154 0.6187 0.7771
vn -0.1885 0.3476 0.9185
vn -0.2344 -0.0507 0.9708
vn 0.0110 0.9930 0.1173
vn -0.4596 0.6141 0.6416
vn 0.0331 0.9711 0.2363
vn 0.5043 0.0343 0.8629
vn 0.0974 -0.1685 0.9809
vn 0.0317 -0.0224 0.9992
vn -0.2562 -0.1085 0.9605
vn -0.0698 0.5107 0.8569
vn -0.2020 0.0139 0.9793
vn -0.1454 0.8024 0.5788
vn 0.0446 0.9934 0.1056
vn -0.2984 0.6174 0.7278
vn -0.0977 0.9583 0.2685
vn 0.0243 0.9105 0.4127
vn 0.2492 0.4537 0.8556
vn 0.1305 0.0809 0.9881
vn 0.2111 0.4230 0.8812
vn -0.0011 0.9082 0.4186
vn -0.1074 0.8005 0.5897
vn -0.2234 0.8837 0.4113
vn -0.1004 0.2059 0.9734
vn -0.1712 0.0359 0.9846
vn -0.1806 0.0119 0.9835
vn -0.1724 0.0158 0.9849
vn -0.1988 0.0056 0.9800
vn -0.2055 -0.0011 0.9787
vn -0.1889 -0.0020 0.9820
vn -0.4389 0.5052 0.7431
vn -0.2183 0.4300 0.8761
vn -0.2874 0.4686 0.8353
vn -0.1874 -0.0089 0.9822
vn -0.1854 -0.0054 0.9826
vn -0.1779 -0.0001 0.9840
vn -0.1916 -0.1055 0.9758
vn -0.1382 -0.0470 0.9893
vn -0.2140 -0.0885 0.9728
vn -0.1779 0.0132 0.9840
vn -0.1849 0.0089 0.9827
vn -0.1890 0.0033 0.9820
vn -0.0935 0.3523 0.9312
vn -0.1258 0.8080 0.5755
vn -0.1481 0.7757 0.6135
vn -0.1770 0.0317 0.9837
vn -0.2038 0.0222 0.9788
vn -0.1774 0.0081 0.9841
vn -0.1976 -0.0308 0.9798
vn -0.1796 -0.0030 0.9837
vn -0.1534 -0.0050 0.9881
vn -0.1942 0.0020 0.9810
vn -0.2039 0.0134 0.9789
vn -0.2091 0.0113 0.9778
vn -0.1770 0.0098 0.9842
vn -0.5469 -0.3824 0.7448
vn -0.8279 0.0555 0.5581
vn -0.1842 -0.0159 0.9828
vn -0.1704 -0.0379 0.9847
vn -0.1963 -0.0296 0.9801
vn -0.1927 0.0133 0.9812
vn -0.2123 -0.0303 0.9767
vn -0.1815 0.0073 0.9834
vn -0.0682 -0.1792 0.9814
vn -0.2106 -0.1264 0.9694
vn -0.0159 0.4915 0.8708
vn -0.2087 0.0138 0.9779
vn -0.1911 0.0266 0.9812
vn -0.1977 0.0197 0.9801
vn -0.1125 0.7975 0.5928
vn 0.0597 0.6150 0.7863
vn -0.1915 0.9810 -0.0293
vn 0.0843 0.5335 0.8416
vn -0.1247 0.7913 0.5985
vn -0.0932 0.0296 0.9952
vn -0.0835 -0.1596 0.9836
vn -0.1647 0.0015 0.9863
vn -0.1469 0.0178 0.9890
vn -0.1503 0.0283 0.9882
vn 0.0318 0.8959 0.4431
vn -0.0198 0.9984 0.0524
vn -0.0867 0.9571 0.2766
vn -0.1950 0.7436 0.6396
vn 0.1798 0.1155 0.9769
vn -0.0546 0.3229 0.9449
vn -0.1696 -0.0021 0.9855
vn -0.1659 -0.0066 0.9861
vn -0.1576 -0.0023 0.9875
vn -0.1836 -0.0189 0.9828
vn 0.0065 0.5377 0.8431
vn 0.0949 0.7883 0.6079
vn -0.3131 0.1737 0.9337
vn -0.4179 0.1863 0.8892
vn -0.3476 -0.0420 0.9367
vn -0.1574 -0.0023 0.9875
vn -0.1378 -0.0044 0.9904
vn -0.1483 0.0118 0.9889
vn -0.2202 -0.0341 0.9749
vn -0.2143 -0.0067 0.9768
vn -0.2069 -0.0203 0.9782
vn -0.1955 -0.0167 0.9806
vn -0.1893 0.0048 0.9819
vn -0.1777 -0.0030 0.9841
vn -0.1701 -0.0082 0.9854
vn -0.1910 0.0190 0.9814
vn -0.1903 -0.0010 0.9817
vn -0.0342 0.9858 0.1642
vn -0.0930 0.7950 0.5994
vn -0.1498 0.5739 0.8051
vn -0.6931 -0.3682 0.6197
vn -0.7409 -0.1591 0.6525
vn -0.6359 -0.2683 0.7237
vn -0.5102 -0.0962 0.8546
vn -0.1012 0.7823 0.6147
vn -0.3239 0.1960 0.9255
vn -0.1626 -0.0027 0.9867
vn -0.1758 -0.0089 0.9844
vn -0.1455 0.0189 0.9892
vn -0.1777 0.0035 0.9841
vn -0.1522 0.0046 0.9883
vn -0.1627 -0.0037 0.9867
vn -0.2960 -0.0051 0.9552
vn -0.2250 -0.0028 0.9744
vn -0.1917 0.1003 0.9763
vn -0.2667 -0.0460 0.9627
vn -0.2498 0.0028 0.9683
vn -0.0964 0.4294 0.8979
vn -0.1926 0.0133 0.9812
vn -0.1819 0.0122 0.9832
vn -0.2199 0.0164 0.9754
vn -0.0025 0.2069 0.9784
vn 0.3124 0.4490 0.8372
vn 0.2466 0.0820 0.9656
vn -0.0699 0.5995 0.7973
vn 0.2434 0.7438 0.6225
vn 0.0025 0.8572 0.5151
vn -0.1574 -0.0022 0.9875
vn -0.1614 -0.0021 0.9869
vn -0.1714 0.0001 0.9852
vn 0.1509 0.5804 0.8002
vn 0.2363 0.7666 0.5971
vn -0.0917 0.6096 0.7874
vn -0.1749 -0.0167 0.9845
vn -0.1991 -0.0341 0.9794
vn -0.1916 -0.0390 0.9807
vn 0.1483 0.6014 0.7850
vn 0.2159 0.4449 0.8692
vn 0.1246 0.7931 0.5962
vn -0.1559 0.7178 0.6786
vn -0.1940 0.4695 0.8614
vn -0.2537 0.4326 0.8651
vn -0.0703 0.1189 0.9904
vn -0.2363 0.4328 0.8700
vn -0.2871 0.3844 0.8774
vn -0.1141 0.7911 0.6010
vn 0.1212 0.9798 0.1588
vn -0.0404 0.8321 0.5532
vn -0.0597 0.6106 0.7897
vn -0.1461 0.7878 0.5983
vn 0.2024 0.6892 0.6957
vn 0.0859 0.9748 0.2060
vn 0.2811 0.9036 0.3233
vn 0.0796 0.7085 0.7012
vn 0.0562 0.8170 0.5739
vn 0.0877 0.5188 0.8504
vn 0.0242 0.7932 0.6085
vn -0.0411 0.9164 0.3981
vn 0.1197 0.9800 0.1592
vn 0.0503 0.7494 0.6602
vn 0.3515 0.6765 0.6471
vn 0.2263 0.9366 0.2675
vn 0.4162 0.4253 0.8036
vn 0.2571 0.9259 0.2768
vn -0.4801 0.0620 0.8750
vn -0.5340 0.3527 0.7684
vn -0.5757 0.0755 0.8142
vn -0.0352 0.8645 0.5015
vn 0.2355 0.6829 0.6915
vn 0.7019 0.6023 0.3803
vn 0.2774 0.2663 0.9231
vn 0.2390 0.4286 0.8713
vn 0.1002 0.6314 0.7690
vn 0.1396 0.9643 0.2249
vn 0.2410 0.7011 0.6711
vn 0.0987 0.5743 0.8127
vn -0.1254 0.0450 0.9911
vn -0.1369 0.0524 0.9892
vn -0.1510 0.0034 0.9885
vn -0.1433 0.6190 0.7722
vn -0.2158 0.8397 0.4983
vn -0.2009 0.8353 0.5117
vn -0.1715 0.0423 0.9843
vn -0.1794 0.0298 0.9833
vn -0.1746 0.0342 0.9841
vn 0.3529 0.7288 0.5867
vn 0.4393 0.4678 0.7669
vn 0.0642 0.7058 0.7055
vn 0.2833 0.2070 0.9364
vn 0.0969 0.3636 0.9265
vn -0.2887 0.7000 0.6532
vn -0.4420 0.0736 0.8940
vn -0.5022 0.1169 0.8568
vn -0.5704 0.1363 0.8100
vn 0.3679 -0.2712 0.8894
vn 0.1989 -0.6532 0.7306
vn 0.2177 -0.3185 0.9226
vn -0.5010 0.0335 0.8648
vn -0.5705 0.0784 0.8175
vn -0.5402 0.0308 0.8409
vn 0.2599 0.7661 0.5878
vn 0.3738 -0.2366 0.8968
vn 0.1881 -0.2744 0.9431
vn 0.2269 0.7944 0.5635
vn 0.0618 0.3075 0.9495
vn -0.1574 0.1234 0.9798
vn 0.1384 0.0734 0.9876
vn 0.1607 0.0708 0.9845
vn 0.2080 0.1519 0.9663
vn 0.2195 0.1204 0.9681
vn 0.2097 0.7576 0.6181
vn 0.1199 0.0598 0.9910
vn 0.1711 0.9809 0.0927
vn 0.3052 0.9316 0.1973
vn 0.0753 0.9933 0.0871
vn -0.0812 0.6905 0.7188
vn -0.2354 0.3942 0.8884
vn -0.0640 0.8962 0.4391
vn 0.2390 0.4285 0.8713
vn 0.1363 0.0701 0.9882
vn -0.4238 0.3817 0.8214
vn -0.1531 -0.0411 0.9874
vn -0.1922 -0.0984 0.9764
vn 0.0327 0.9970 0.0705
vn 0.0631 0.9968 -0.0482
vn -0.2610 0.8852 0.3850
vn 0.0521 0.0168 0.9985
vn -0.0145 0.4465 0.8947
vn -0.0518 0.0234 0.9984
vn 0.4202 0.4580 0.7834
vn 0.0762 -0.4425 0.8935
vn 0.5521 0.4008 0.7311
vn -0.0239 0.5559 0.8309
vn -0.1321 0.4065 0.9041
vn -0.1725 0.1751 0.9693
vn -0.0260 0.7053 0.7084
vn 0.2541 0.3594 0.8979
vn -0.2554 0.8404 0.4780
vn 0.0846 0.9530 0.2910
vn 0.0155 0.9857 0.1678
vn 0.2917 0.9186 0.2665
vn -0.3566 -0.0364 0.9335
vn -0.2774 -0.0781 0.9576
vn -0.2237 0.1575 0.9618
vn -0.1842 -0.0126 0.9828
vn -0.1941 -0.0378 0.9802
vn -0.1608 -0.0348 0.9864
vn -0.2003 -0.0093 0.9797
vn -0.1703 -0.0013 0.9854
vn -0.1730 0.0060 0.9849
vn -0.1660 0.0094 0.9861
vn -0.1519 0.0010 0.9884
vn -0.1500 0.0025 0.9887
vn 0.0206 0.9994 0.0292
vn 0.1533 0.9799 0.1279
vn 0.1289 0.9899 0.0589
vn -0.2098 0.5396 0.8154
vn -0.0060 0.8309 0.5563
vn 0.0054 0.7873 0.6166
vn -0.1817 -0.0023 0.9834
vn -0.1906 -0.0038 0.9817
vn -0.1783 -0.0107 0.9839
vn -0.1719 -0.0348 0.9845
vn -0.1756 -0.0107 0.9844
vn -0.1606 -0.0179 0.9869
vn -0.2508 -0.0399 0.9672
vn 0.0939 0.6876 0.7200
vn -0.1846 0.4126 0.8920
vn -0.4178 0.4722 0.7762
vn -0.0867 0.7008 0.7080
vn -0.0496 0.5078 0.8601
vn -0.5563 0.0662 0.8283
vn -0.2111 0.8556 0.4727
vn -0.4922 0.3833 0.7816
vn -0.4955 0.1469 0.8561
vn 0.4430 0.6148 0.6525
vn 0.3876 0.7079 0.5904
vn 0.2575 0.5204 0.8142
vn 0.0818 0.7803 0.6200
vn -0.0427 0.7071 0.7058
vn 0.1165 0.6085 0.7850
vn 0.0560 0.6791 0.7320
vn 0.2504 0.6182 0.7451
vn -0.0468 0.8345 0.5490
vn -0.2980 -0.3614 0.8835
vn -0.3120 0.6055 0.7322
vn 0.7372 -0.0554 0.6734
vn 0.2479 -0.3276 0.9117
vn -0.0743 0.5980 0.7981
vn -0.0485 0.8587 0.5102
vn -0.3161 0.6124 0.7246
vn -0.4520 -0.3622 0.8152
vn -0.0744 -0.3934 0.9164
vn -0.1494 -0.4760 0.8667
vn -0.3114 -0.3748 0.8732
vn -0.4539 -0.3769 0.8074
vn -0.1507 -0.4911 0.8580
vn 0.2891 0.4645 0.8370
vn 0.0318 0.6909 0.7222
vn 0.2423 0.8032 0.5442
vn -0.0542 -0.3984 0.9156
vn 0.9832 0.0119 0.1819
vn 0.9827 0.0099 0.1849
vn 0.9833 0.0040 0.1818
vn 0.9830 0.0129 0.1832
vn 0.9815 0.0227 0.1902
vn 0.9809 0.0198 0.1934
vn 0.9832 0.0108 0.1823
vn 0.9829 0.0097 0.1839
vn 0.9840 0.0095 0.1778
vn -0.3397 -0.1299 0.9315
vn -0.3623 -0.0523 0.9306
vn -0.3229 -0.1503 0.9344
vn -0.1674 -0.0137 0.9858
vn -0.1645 -0.0387 0.9856
vn -0.1699 -0.0111 0.9854
vn 0.9858 0.0394 0.1633
vn 0.9904 0.0168 0.1375
vn 0.9856 0.0366 0.1650
vn 0.9818 0.0131 0.1897
vn 0.9818 0.0227 0.1883
vn 0.9796 0.0294 0.1986
vn 0.9959 0.0233 0.0870
vn 0.9977 0.0140 0.0667
vn 0.9968 0.0071 0.0792
vn 0.9805 0.0123 0.1961
vn 0.9819 0.0117 0.1889
vn 0.9810 0.0208 0.1931
vn -0.1633 -0.0229 0.9863
vn -0.1079 0.0827 0.9907
vn -0.1977 0.0589 0.9785
vn 0.9826 0.0096 0.1857
vn 0.9803 0.0243 0.1962
vn 0.9800 0.0128 0.1984
vn -0.4006 0.1337 0.9064
vn -0.2255 -0.0217 0.9740
vn -0.2836 0.0126 0.9588
vn 0.9805 0.0070 0.1965
vn 0.9819 0.0090 0.1893
vn 0.9806 0.0140 0.1953
vn 0.9832 0.0113 0.1821
vn 0.9838 0.0005 0.1792
vn 0.9824 0.0213 0.1856
vn 0.9788 0.0309 0.2025
vn 0.9824 0.0303 0.1843
vn 0.9807 0.0208 0.1945
vn 0.9819 0.0139 0.1888
vn 0.9827 0.0087 0.1852
vn 0.9815 0.0143 0.1910
vn -0.0643 0.0906 0.9938
vn -0.0874 0.0881 0.9923
vn 0.0383 0.2411 0.9697
vn -0.2008 -0.0618 0.9777
vn -0.0121 -0.0122 0.9999
vn -0.2578 -0.0020 0.9662
vn -0.0010 -0.0285 0.9996
vn -0.1902 -0.0737 0.9790
vn 0.0956 -0.1010 0.9903
vn -0.2417 -0.0248 0.9700
vn -0.0504 -0.0870 0.9949
vn 0.2297 -0.0175 0.9731
vn -0.1350 0.0440 0.9899
vn -0.2175 -0.0209 0.9758
vn -0.1657 0.0445 0.9852
vn 0.0959 -0.0906 0.9913
vn -0.1899 -0.0645 0.9797
vn -0.1003 -0.1329 0.9860
vn 0.9831 -0.0005 0.1830
vn 0.9855 0.0022 0.1696
vn 0.9846 0.0026 0.1750
vn 0.9850 -0.0103 0.1725
vn 0.9833 0.0146 0.1812
vn 0.9848 0.0117 0.1735
vn 0.9849 -0.0106 0.1725
vn 0.9833 0.0087 0.1816
vn 0.9856 0.0112 0.1689
vn 0.9839 0.0114 0.1786
vn 0.9847 0.0224 0.1726
vn 0.9838 0.0139 0.1789
vn 0.9811 -0.0016 0.1937
vn 0.9791 -0.0282 0.2013
vn 0.9785 -0.0089 0.2060
vn 0.9705 -0.0860 0.2253
vn 0.9776 -0.0515 0.2040
vn 0.9840 -0.0711 0.1633
vn 0.9859 0.0072 0.1674
vn 0.9845 0.0111 0.1750
vn 0.9850 0.0018 0.1726
vn 0.9615 -0.2459 0.1231
vn 0.9592 -0.2662 0.0949
vn 0.9686 -0.1657 0.1854
vn 0.0161 0.9993 -0.0328
vn 0.0735 0.9967 -0.0346
vn -0.0110 0.9979 -0.0642
vn 0.1633 0.9854 -0.0488
vn 0.9873 -0.0020 0.1590
vn 0.9836 -0.0053 0.1802
vn 0.9861 0.0096 0.1656
vn 0.9862 -0.0505 0.1579
vn 0.9782 -0.1035 0.1799
vn 0.9809 -0.0799 0.1776
vn 0.9567 0.2838 0.0638
vn 0.9819 0.0689 0.1764
vn 0.9859 0.1226 0.1136
vn 0.6610 0.7492 0.0421
vn 0.9738 0.0974 0.2057
vn 0.7746 0.6169 0.1390
vn 0.9828 0.0183 0.1840
vn 0.9848 0.0109 0.1734
vn 0.9832 0.0134 0.1818
vn 0.9832 0.0153 0.1821
vn 0.9826 0.0116 0.1855
vn 0.9834 0.0147 0.1811
vn 0.9835 0.0157 0.1804
vn 0.9837 0.0125 0.1796
vn 0.9844 0.0155 0.1755
vn 0.9823 0.0124 0.1867
vn 0.9828 0.0126 0.1844
vn 0.9823 0.0119 0.1872
vn 0.7850 -0.0424 0.6181
vn 0.9842 -0.0211 0.1759
vn 0.9456 -0.0212 0.3246
vn 0.2119 0.0140 0.9772
vn 0.9612 0.0140 0.2756
vn 0.6701 -0.2340 0.7044
vn 0.9645 0.0093 0.2638
vn 0.6757 0.0266 0.7367
vn 0.9710 0.0061 0.2390
vn 0.0171 -0.0274 0.9995
vn 0.1130 -0.1012 0.9884
vn 0.6879 0.0052 0.7258
vn 0.9547 0.0029 0.2975
vn 0.9811 0.0078 0.1934
vn 0.9290 -0.0966 0.3572
vn 0.6337 0.0047 0.7736
vn -0.0766 0.0166 0.9969
vn 0.9860 -0.0065 0.1668
vn 0.6380 -0.0537 0.7681
vn 0.2030 -0.0108 0.9791
vn 0.6904 0.0421 0.7222
vn 0.9728 -0.0141 0.2312
vn 0.9467 -0.0223 0.3215
vn 0.6741 0.0242 0.7382
vn 0.9588 0.0619 0.2772
vn 0.9913 0.0507 0.1218
vn 0.9791 0.0277 0.2015
vn 0.9810 0.0141 0.1936
vn 0.9786 0.0127 0.2056
vn 0.9808 0.0139 0.1945
vn 0.9645 -0.0017 0.2642
vn 0.9161 -0.0904 0.3907
vn 0.9716 0.0374 0.2337
vn 0.9833 0.0055 0.1820
vn 0.9829 0.0046 0.1841
vn 0.9836 0.0056 0.1804
vn 0.9842 0.0144 0.1767
vn 0.9845 0.0083 0.1755
vn 0.9842 0.0120 0.1766
vn 0.9836 0.0045 0.1803
vn 0.9826 0.0067 0.1854
vn 0.9827 0.0048 0.1850
vn 0.9831 0.0147 0.1825
vn 0.9826 0.0145 0.1849
vn 0.9847 0.0117 0.1741
vn 0.2485 0.7321 -0.6342
vn 0.1085 0.7306 -0.6741
vn 0.1931 0.8540 -0.4831
vn 0.9841 0.0096 0.1774
vn 0.9856 0.0126 0.1685
vn 0.9844 0.0098 0.1760
vn 0.9826 0.0174 0.1847
vn 0.9831 0.0134 0.1826
vn 0.9818 0.0168 0.1891
vn 0.9815 0.0464 0.1858
vn 0.9796 0.0174 0.2002
vn 0.9823 0.0305 0.1847
vn 0.9762 0.0326 0.2144
vn 0.9777 0.0456 0.2051
vn 0.9803 0.0466 0.1917
vn 0.9834 0.0139 0.1811
vn 0.9833 0.0159 0.1812
vn 0.9835 0.0127 0.1803
vn 0.9836 0.0100 0.1802
vn 0.9832 0.0126 0.1822
vn 0.9322 -0.0433 0.3594
vn 0.7869 -0.0436 0.6156
vn 0.9740 0.2200 0.0546
vn 0.6594 0.7254 0.1973
vn 0.9570 0.2718 0.1009
vn 0.9927 0.0515 0.1089
vn 0.8099 0.5757 0.1121
vn 0.9769 0.0812 0.1979
vn 0.5845 0.7663 0.2668
vn 0.9966 0.0169 0.0804
vn 0.5387 0.8407 0.0546
vn 0.0746 0.9972 0.0105
vn 0.6140 0.7494 0.2476
vn 0.6090 0.7924 0.0357
vn 0.6593 0.7487 0.0685
vn 0.7665 0.6199 0.1677
vn -0.0335 0.9993 -0.0183
vn 0.9733 0.0776 0.2159
vn 0.9830 -0.0203 0.1827
vn 0.9818 0.0892 0.1676
vn 0.0148 -0.0204 -0.9997
vn 0.1020 -0.0449 -0.9938
vn 0.0414 -0.0473 -0.9980
vn 0.6946 0.7160 0.0698
vn 0.9908 0.0357 0.1304
vn 0.9912 0.0391 0.1269
vn 0.9889 0.1179 0.0908
vn 0.9817 0.0622 0.1799
vn 0.9885 0.0299 0.1481
vn 0.9873 0.0670 0.1442
vn 0.9688 0.0346 0.2452
vn 0.9774 -0.0010 0.2116
vn 0.9669 0.0265 0.2539
vn -0.4143 -0.3640 -0.8342
vn -0.3475 -0.2053 -0.9150
vn -0.3347 -0.2021 -0.9204
vn 0.7869 -0.0436 0.6155
vn 0.7391 0.0013 -0.6736
vn 0.7441 -0.0143 -0.6680
vn 0.8034 0.0574 -0.5927
vn 0.9877 0.0118 0.1556
vn 0.9848 0.0168 0.1729
vn 0.9890 0.0189 0.1469
vn 0.9843 0.0143 0.1762
vn 0.9874 0.0085 0.1581
vn 0.9858 0.0107 0.1673
vn 0.1340 -0.0363 0.9903
vn -0.1144 -0.0650 0.9913
vn 0.6055 0.1341 0.7844
vn 0.9993 0.0045 0.0362
vn 0.9979 -0.0015 0.0646
vn 0.9967 -0.0196 0.0785
vn 0.9833 0.0137 0.1816
vn 0.9823 0.0162 0.1867
vn 0.9827 0.0159 0.1846
vn -0.4187 -0.4975 -0.7597
vn -0.2882 -0.4918 -0.8216
vn -0.3979 -0.3310 -0.8557
vn 0.6992 0.0042 0.7149
vn 0.9762 -0.0107 0.2167
vn 0.0276 -0.0156 0.9995
vn 0.6758 0.0257 0.7367
vn 0.9475 -0.0193 0.3191
vn 0.9684 0.0153 0.2489
vn -0.0913 -0.1276 -0.9876
vn -0.1762 -0.1643 -0.9705
vn -0.0066 -0.0459 -0.9989
vn -0.2131 -0.0589 -0.9752
vn -0.2753 -0.2251 -0.9346
vn -0.2630 -0.2017 -0.9435
vn -0.4375 -0.0534 -0.8976
vn -0.3460 -0.1806 -0.9207
vn -0.3468 -0.1896 -0.9186
vn -0.4337 -0.3740 -0.8198
vn -0.3139 -0.1937 -0.9295
vn -0.3269 -0.2264 -0.9176
vn -0.3831 -0.0970 -0.9186
vn -0.3871 0.0432 -0.9210
vn -0.2706 -0.0042 -0.9627
vn 0.3350 0.8305 -0.4450
vn 0.3869 0.7697 -0.5078
vn 0.2929 0.7194 -0.6298
vn -0.3526 0.0499 -0.9344
vn -0.3268 -0.0774 -0.9419
vn -0.4022 -0.0323 -0.9150
vn -0.2079 -0.5131 -0.8328
vn -0.3846 -0.4070 -0.8285
vn -0.4623 -0.5666 -0.6821
vn -0.0310 0.1528 -0.9878
vn 0.0708 0.1125 -0.9911
vn 0.0397 -0.0475 -0.9981
vn 0.1940 0.0049 -0.9810
vn 0.1849 0.0068 -0.9827
vn 0.1699 0.0017 -0.9855
vn 0.1343 -0.1085 -0.9850
vn 0.2684 -0.0588 -0.9615
vn 0.3969 -0.4857 -0.7788
vn -0.0596 0.4138 -0.9084
vn -0.1338 0.4737 -0.8705
vn -0.0465 0.4947 -0.8678
vn 0.1727 0.0267 -0.9846
vn 0.1809 0.0181 -0.9833
vn 0.1852 0.0211 -0.9825
vn 0.1583 0.0304 -0.9869
vn 0.0614 0.0729 -0.9954
vn 0.1438 0.0262 -0.9893
vn 0.1912 0.0161 -0.9814
vn 0.1806 0.0093 -0.9835
vn 0.2002 0.0224 -0.9795
vn -0.2818 0.0660 -0.9572
vn 0.0849 0.0158 -0.9963
vn 0.1944 0.0584 -0.9792
vn 0.1684 0.0007 -0.9857
vn 0.1709 0.0020 -0.9853
vn 0.1843 0.0078 -0.9828
vn -0.1131 0.0009 -0.9936
vn -0.2947 -0.0039 -0.9556
vn -0.9134 0.2502 -0.3212
vn 0.1789 0.0125 -0.9838
vn 0.2109 0.0202 -0.9773
vn 0.2330 0.0220 -0.9722
vn -0.7737 -0.2335 -0.5890
vn -0.9956 -0.0135 -0.0931
vn -0.9479 0.0290 -0.3174
vn 0.1674 0.0100 -0.9858
vn 0.1675 0.0060 -0.9858
vn 0.1728 0.0189 -0.9848
vn 0.1859 0.0114 -0.9825
vn 0.1950 0.0134 -0.9807
vn 0.1876 0.0107 -0.9822
vn 0.2135 0.0213 -0.9767
vn 0.2102 0.0062 -0.9776
vn 0.2125 0.0164 -0.9770
vn 0.1675 0.0137 -0.9858
vn 0.1645 0.0165 -0.9862
vn 0.1638 0.0278 -0.9861
vn 0.0245 -0.0759 -0.9968
vn -0.1498 -0.0069 -0.9887
vn -0.8311 0.4399 -0.3402
vn -0.8747 0.3761 -0.3057
vn -0.9324 0.3454 0.1063
vn -0.8842 0.2494 0.3950
vn -0.8757 -0.0111 -0.4828
vn -0.9945 0.1031 -0.0173
vn -0.9772 0.0811 -0.1963
vn -0.9372 0.1007 -0.3338
vn -0.5462 0.1708 -0.8201
vn -0.9811 0.0423 -0.1890
vn -0.9932 -0.0093 -0.1157
vn -0.9909 0.0161 -0.1333
vn -0.9813 0.0201 -0.1915
vn 0.1834 0.1003 -0.9779
vn 0.1845 0.0897 -0.9787
vn 0.1762 0.0909 -0.9801
vn 0.1087 -0.0065 -0.9940
vn 0.1557 0.0030 -0.9878
vn -0.0349 -0.0080 -0.9994
vn 0.1742 0.0007 -0.9847
vn 0.1733 0.0003 -0.9849
vn 0.1769 0.0067 -0.9842
vn 0.1655 0.0190 -0.9860
vn 0.1710 0.0172 -0.9851
vn 0.1724 0.0167 -0.9849
vn 0.1703 0.0036 -0.9854
vn 0.1703 -0.0031 -0.9854
vn 0.1740 -0.0066 -0.9847
vn 0.1725 0.0166 -0.9849
vn 0.1725 0.0100 -0.9850
vn 0.1888 -0.0023 -0.9820
vn 0.1922 -0.0120 -0.9813
vn 0.1929 -0.0105 -0.9812
vn 0.1791 0.0158 -0.9837
vn 0.1862 0.0163 -0.9824
vn 0.1855 0.0188 -0.9825
vn 0.2254 0.0236 -0.9740
vn 0.2102 0.0229 -0.9774
vn 0.2027 0.0266 -0.9789
vn 0.1827 -0.0187 -0.9830
vn 0.1612 -0.0177 -0.9868
vn 0.1410 -0.0287 -0.9896
vn -0.9843 -0.0112 -0.1759
vn -0.9589 0.0540 -0.2786
vn -0.9822 0.0384 -0.1840
vn 0.1797 0.0322 -0.9832
vn 0.1689 0.0433 -0.9847
vn 0.1656 0.0487 -0.9850
vn 0.9836 0.0101 0.1800
vn 0.9964 0.0774 0.0344
vn 0.9838 0.0154 0.1789
vn -0.6205 -0.1613 -0.7674
vn -0.8853 -0.3851 -0.2608
vn -0.3043 0.0416 -0.9517
vn -0.9885 0.0044 -0.1509
vn -0.9842 0.0094 -0.1765
vn -0.9834 0.0664 -0.1688
vn -0.9741 0.0550 -0.2192
vn -0.3573 0.0612 -0.9320
vn -0.8945 -0.0252 -0.4464
vn -0.9151 -0.1001 -0.3905
vn -0.9921 -0.0662 -0.1069
vn -0.9792 0.0572 -0.1945
vn -0.9481 -0.0761 -0.3088
vn -0.9898 0.0030 -0.1425
vn -0.9766 -0.0510 -0.2090
vn -0.9956 0.0624 -0.0701
vn -0.9822 0.0512 -0.1806
vn -0.9935 0.0231 -0.1113
vn -0.9884 0.0096 -0.1513
vn -0.9862 0.0023 -0.1656
vn -0.9867 -0.0005 -0.1624
vn -0.9186 -0.1146 -0.3783
vn -0.9523 -0.0156 -0.3049
vn -0.1983 -0.3569 -0.9129
vn -0.9800 0.1183 -0.1600
vn -0.9996 0.0275 -0.0034
vn -0.9754 0.0084 -0.2205
vn -0.9862 0.0007 -0.1653
vn -0.9855 -0.0017 -0.1699
vn -0.9886 0.0013 -0.1505
vn 0.1968 -0.0032 -0.9804
vn 0.2016 -0.0155 -0.9793
vn 0.2217 -0.0121 -0.9750
vn 0.1665 0.0053 -0.9860
vn 0.1767 0.0136 -0.9842
vn 0.1636 0.0140 -0.9864
vn -0.9826 -0.0224 -0.1846
vn -0.9824 -0.0208 -0.1855
vn -0.9821 -0.0209 -0.1869
vn 0.1777 0.0151 -0.9840
vn 0.1903 0.0068 -0.9817
vn 0.1767 0.0088 -0.9842
vn -0.9840 0.0024 -0.1781
vn -0.9861 0.0006 -0.1663
vn -0.9855 -0.0005 -0.1694
vn -0.9842 -0.0010 -0.1769
vn -0.9837 0.0003 -0.1800
vn -0.9840 0.0023 -0.1781
vn 0.1699 0.0116 -0.9854
vn 0.1751 0.0132 -0.9845
vn 0.1860 0.0096 -0.9825
vn 0.1405 -0.0247 -0.9898
vn 0.0115 -0.0111 -0.9999
vn -0.2386 -0.0580 -0.9694
vn -0.2090 -0.0395 -0.9771
vn 0.0346 0.0216 -0.9992
vn -0.8527 -0.0909 -0.5145
vn -0.8171 0.0024 -0.5765
vn -0.9063 0.2475 -0.3425
vn -0.1994 -0.2409 -0.9498
vn -0.9859 -0.0238 -0.1656
vn -0.9824 -0.0208 -0.1854
vn -0.9882 -0.0000 -0.1531
vn -0.9949 0.0210 -0.0989
vn -0.9884 -0.0245 -0.1497
vn -0.9968 -0.0010 -0.0794
vn -0.9904 -0.0483 -0.1297
vn -0.9908 -0.0460 -0.1276
vn -0.9858 -0.0263 -0.1660
vn 0.0605 0.0955 -0.9936
vn -0.8754 -0.0213 -0.4830
vn -0.5763 0.0761 -0.8137
vn 0.1243 0.0197 -0.9921
vn 0.1208 0.0105 -0.9926
vn 0.1088 0.0022 -0.9941
vn 0.1521 -0.0285 -0.9880
vn 0.1324 -0.0235 -0.9909
vn 0.1425 -0.0112 -0.9897
vn 0.1079 -0.0617 -0.9922
vn 0.1131 -0.0703 -0.9911
vn 0.1363 -0.0811 -0.9873
vn 0.1528 0.0490 -0.9871
vn 0.1840 0.0368 -0.9822
vn -0.0258 0.0624 -0.9977
vn 0.1692 0.0317 -0.9851
vn 0.1807 0.0308 -0.9831
vn 0.1675 0.0325 -0.9853
vn 0.1434 -0.0030 -0.9897
vn 0.1438 -0.0046 -0.9896
vn 0.1552 -0.0020 -0.9879
vn 0.1497 0.0029 -0.9887
vn 0.1573 -0.0149 -0.9874
vn 0.1581 -0.0271 -0.9871
vn 0.2211 0.8623 -0.4556
vn 0.3085 0.8437 -0.4393
vn 0.2547 0.7363 -0.6268
vn 0.0290 0.5017 -0.8646
vn 0.2496 0.4961 -0.8316
vn 0.0956 0.4536 -0.8861
vn 0.0801 0.7341 -0.6743
vn -0.0515 0.8254 -0.5621
vn 0.1787 0.8524 -0.4914
vn 0.1948 0.7725 -0.6044
vn 0.2387 0.5853 -0.7749
vn 0.0759 0.7406 -0.6677
vn -0.0669 0.6973 -0.7136
vn -0.1858 0.6604 -0.7276
vn -0.1538 0.7755 -0.6123
vn -0.1109 0.0963 -0.9892
vn -0.2531 0.1356 -0.9579
vn -0.1333 0.2064 -0.9693
vn -0.2208 0.2221 -0.9497
vn -0.0789 0.1780 -0.9809
vn -0.1888 0.1071 -0.9762
vn 0.9865 0.0004 0.1636
vn 0.9860 0.0120 0.1661
vn 0.9857 0.0005 0.1684
vn 0.1078 -0.0581 -0.9925
vn 0.1011 0.1058 -0.9892
vn 0.2049 -0.0297 -0.9783
vn -0.0178 0.0202 -0.9996
vn 0.1827 -0.0709 -0.9806
vn 0.2787 -0.6493 -0.7076
vn -0.0281 0.4519 -0.8916
vn -0.0880 0.4098 -0.9079
vn -0.1162 0.5048 -0.8554
vn -0.1236 -0.6074 -0.7847
vn -0.3334 -0.5750 -0.7471
vn 0.1182 -0.2555 -0.9596
vn 0.2608 0.1195 -0.9580
vn 0.3748 -0.2304 -0.8980
vn 0.3777 -0.1798 -0.9083
vn -0.0452 -0.1620 -0.9858
vn -0.1280 -0.4281 -0.8946
vn -0.4212 -0.5800 -0.6973
vn -0.0571 0.4179 -0.9067
vn -0.2592 -0.2577 -0.9308
vn 0.0002 0.5889 -0.8082
vn -0.3388 -0.4936 -0.8010
vn 0.0293 -0.4807 -0.8764
vn -0.3467 -0.5444 -0.7638
vn -0.5760 -0.4963 -0.6496
vn -0.2642 -0.5641 -0.7823
vn -0.4467 -0.0625 -0.8925
vn 0.0570 -0.2822 -0.9577
vn 0.0408 -0.0740 -0.9964
vn 0.0656 -0.0047 -0.9978
vn -0.0325 -0.6171 -0.7862
vn 0.1459 -0.2048 -0.9679
vn 0.5111 -0.3742 -0.7738
vn 0.4333 0.2978 -0.8506
vn 0.2711 -0.0247 -0.9622
vn -0.6153 -0.0391 -0.7873
vn -0.7563 0.4955 -0.4272
vn -0.9511 0.2328 -0.2032
vn -0.9848 0.1735 -0.0093
vn -0.2232 -0.6001 -0.7681
vn -0.3793 -0.6794 -0.6281
vn -0.2520 -0.6917 -0.6768
vn -0.6228 -0.2777 -0.7314
vn -0.1473 -0.6474 -0.7478
vn -0.3742 -0.4400 -0.8163
vn -0.9847 0.1127 -0.1326
vn -0.8798 0.4742 0.0316
vn -0.8675 0.4846 0.1127
vn -0.9543 -0.1880 -0.2322
vn -0.9059 -0.4027 -0.1314
vn -0.8834 -0.3264 -0.3363
vn -0.2376 -0.6012 -0.7630
vn -0.2443 -0.7005 -0.6705
vn -0.3418 -0.5104 -0.7891
vn -0.7207 0.0264 -0.6928
vn -0.5099 -0.3467 -0.7873
vn -0.7886 0.0375 -0.6138
vn -0.2106 -0.6218 -0.7543
vn -0.2495 -0.5150 -0.8201
vn -0.3690 -0.2888 -0.8834
vn -0.7881 0.4929 -0.3687
vn -0.7598 0.4942 -0.4224
vn -0.7518 0.4859 -0.4456
vn -0.9382 0.0447 -0.3432
vn -0.9317 0.3630 -0.0093
vn -0.9531 -0.2068 -0.2211
vn -0.8121 0.4323 -0.3918
vn -0.8846 0.1707 -0.4340
vn -0.5773 -0.0467 -0.8152
vn -0.9383 0.3457 0.0071
vn -0.9041 -0.4201 -0.0787
vn -0.9525 -0.2143 -0.2162
vn -0.2042 -0.6426 -0.7385
vn -0.6598 -0.2770 -0.6985
vn -0.3853 -0.6873 -0.6158
vn -0.8935 -0.1589 -0.4199
vn -0.7098 -0.1772 -0.6817
vn -0.9685 0.0195 -0.2483
vn -0.6907 -0.0208 -0.7229
vn -0.8216 0.3694 -0.4341
vn -0.7444 -0.3000 -0.5966
vn -0.7743 -0.4643 -0.4300
vn -0.6884 -0.2691 -0.6736
vn -0.8865 -0.1234 -0.4459
vn -0.9812 -0.0786 -0.1762
vn -0.9855 -0.0407 -0.1650
vn -0.9897 -0.0337 -0.1394
vn -0.7981 -0.4935 -0.3456
vn -0.9086 -0.1580 -0.3867
vn -0.9412 -0.2923 -0.1694
vn 0.7686 -0.3744 0.5188
vn 0.6756 -0.4422 0.5900
vn 0.7277 -0.1817 0.6614
vn 0.5611 0.4291 0.7078
vn 0.5980 -0.3121 0.7382
vn 0.5809 -0.0505 0.8124
vn 0.3129 0.5960 0.7395
vn 0.9836 0.0106 0.1802
vn 0.8349 0.1860 0.5180
vn 0.3027 -0.2987 0.9051
vn 0.1489 -0.1274 0.9806
vn 0.2042 -0.3748 0.9043
vn -0.3182 -0.2204 0.9220
vn -0.4910 -0.2551 0.8330
vn -0.2420 -0.2891 0.9262
vn 0.3026 -0.2987 0.9051
vn 0.3588 -0.0026 0.9334
vn 0.6189 -0.0774 0.7817
vn -0.2257 0.5188 0.8246
vn 0.3789 -0.1924 0.9052
vn 0.0550 0.9967 0.0599
vn 0.2757 0.6997 0.6591
vn 0.6064 -0.2151 0.7655
vn 0.4066 -0.4410 0.8002
vn 0.1941 -0.4692 0.8615
vn 0.4127 -0.4367 0.7994
vn 0.5501 -0.1879 0.8137
vn 0.3101 -0.2941 0.9041
vn 0.4056 -0.4502 0.7955
vn 0.6074 -0.2221 0.7628
vn 0.4530 -0.4236 0.7845
vn 0.3027 -0.2986 0.9051
vn 0.5455 -0.1873 0.8169
vn 0.4065 -0.4359 0.8030
vn 0.4540 -0.4105 0.7908
vn 0.4727 -0.3728 0.7985
vn 0.7588 -0.0351 0.6503
vn 0.5664 -0.1660 0.8072
vn 0.5496 -0.0724 0.8323
vn 0.3348 -0.0038 0.9423
vn 0.2297 -0.2379 0.9437
vn 0.4675 0.0076 0.8840
vn 0.3638 0.0903 0.9271
vn 0.4306 -0.0415 0.9016
vn -0.9814 -0.0735 -0.1771
vn -0.9714 0.0057 -0.2376
vn -0.9863 -0.0712 -0.1488
vn 0.4013 0.4656 0.7888
vn 0.1420 0.1776 0.9738
vn -0.0850 0.2557 0.9630
vn -0.9804 -0.0208 -0.1961
vn -0.9821 -0.0360 -0.1851
vn -0.9803 -0.0094 -0.1975
vn 0.2766 0.0921 0.9566
vn 0.3473 0.0918 0.9332
vn 0.1441 0.1937 0.9704
vn -0.9887 -0.0140 -0.1496
vn -0.9902 -0.0232 -0.1378
vn -0.9883 -0.0174 -0.1514
vn 0.7269 0.6606 0.1879
vn 0.6157 0.6931 0.3750
vn 0.4668 0.7337 0.4938
vn 0.4752 0.7408 0.4747
vn 0.6479 0.6787 0.3459
vn 0.4365 0.4781 0.7621
vn 0.1086 0.2144 0.9707
vn 0.3656 0.4966 0.7872
vn 0.2107 0.0680 0.9752
vn 0.4914 0.6898 0.5317
vn 0.3292 -0.4391 0.8359
vn 0.4390 -0.4203 0.7941
vn 0.4439 -0.3719 0.8152
vn -0.9882 -0.0386 -0.1479
vn -0.9842 -0.0445 -0.1715
vn -0.9869 -0.0396 -0.1564
vn -0.9874 0.1087 -0.1150
vn -0.9839 -0.0025 -0.1788
vn -0.9773 0.1036 -0.1847
vn 0.4594 0.6688 0.5845
vn 0.4921 0.4314 0.7561
vn 0.5378 0.2524 0.8044
vn -0.9851 -0.0320 -0.1688
vn -0.9807 -0.0038 -0.1953
vn -0.9831 -0.0312 -0.1804
vn 0.5435 0.1343 0.8286
vn 0.4150 0.2304 0.8802
vn 0.5098 0.1348 0.8497
vn 0.3692 0.0921 0.9248
vn 0.3007 0.0901 0.9495
vn 0.4457 -0.0339 0.8945
vn 0.4901 0.3114 0.8141
vn 0.5488 0.2216 0.8061
vn 0.4570 0.3921 0.7984
vn 0.4298 -0.0482 0.9017
vn 0.3268 -0.3967 0.8578
vn 0.5575 -0.1065 0.8233
vn 0.5811 -0.1980 0.7894
vn 0.6233 -0.3439 0.7023
vn 0.6274 -0.2625 0.7331
vn 0.4383 -0.1274 0.8898
vn 0.5470 0.2257 0.8061
vn 0.5338 0.4012 0.7443
vn 0.6750 0.1790 0.7158
vn 0.4603 0.2506 0.8516
vn 0.6115 0.2945 0.7344
vn 0.3888 0.0619 0.9192
vn 0.5966 0.2771 0.7532
vn 0.5450 0.2098 0.8118
vn 0.4521 0.1853 0.8725
vn 0.6070 -0.0569 0.7926
vn 0.4547 0.3949 0.7983
vn 0.1793 0.8177 0.5470
vn 0.7009 0.3784 0.6046
vn 0.3366 0.8154 0.4709
vn 0.5751 0.2665 0.7734
vn 0.4846 0.3767 0.7895
vn 0.5064 0.6136 0.6059
vn 0.4314 0.3453 0.8334
vn 0.4272 0.1098 0.8975
vn 0.5475 0.2139 0.8090
vn 0.6361 0.1590 0.7551
vn 0.8125 0.3032 0.4978
vn 0.5584 0.3776 0.7387
vn 0.6080 -0.2007 0.7681
vn 0.6112 0.2014 0.7655
vn 0.4927 0.2333 0.8383
vn 0.4270 -0.0452 0.9031
vn 0.5114 -0.1107 0.8522
vn 0.5885 -0.1297 0.7980
vn 0.3056 0.7878 0.5348
vn 0.6115 0.3442 0.7124
vn 0.5927 0.1832 0.7843
vn 0.3102 0.6624 0.6819
vn 0.1479 0.7994 0.5823
vn 0.3116 0.8115 0.4944
vn 0.6692 -0.0592 0.7407
vn 0.8461 0.1236 0.5185
vn 0.6962 -0.2518 0.6722
vn 0.4435 0.0173 0.8961
vn 0.4288 -0.0316 0.9028
vn 0.5741 -0.1600 0.8030
vn 0.4272 -0.3873 0.8170
vn 0.4268 -0.0287 0.9039
vn 0.4603 -0.3694 0.8073
vn 0.4516 -0.1049 0.8860
vn 0.5012 -0.0505 0.8639
vn 0.5158 -0.4398 0.7352
vn 0.7865 0.3030 0.5382
vn 0.5364 -0.1482 0.8308
vn 0.8149 0.0806 0.5740
vn 0.4989 0.3660 0.7856
vn 0.5420 0.2026 0.8156
vn 0.4514 0.2537 0.8555
vn 0.6628 0.3549 0.6594
vn 0.6550 0.4179 0.6296
vn 0.8073 0.4641 0.3645
vn 0.8073 0.4642 0.3645
vn 0.6679 0.3818 0.6389
vn 0.2730 0.7008 0.6591
vn 0.0507 0.9970 0.0594
vn 0.1011 0.9545 0.2806
vn -0.0157 0.9990 0.0415
vn 0.0014 0.9990 0.0441
vn 0.0547 0.9905 0.1259
vn 0.6505 0.5874 0.4815
vn 0.0404 0.9924 0.1166
vn 0.1346 0.8937 0.4280
vn 0.2119 0.0119 -0.9772
vn 0.2071 0.0247 -0.9780
vn 0.2054 0.0174 -0.9785
vn 0.1779 -0.0148 -0.9839
vn 0.1765 -0.0171 -0.9842
vn 0.1817 -0.0250 -0.9830
vn 0.4167 0.2400 0.8768
vn 0.1101 0.9535 0.2805
vn 0.1038 0.9871 0.1217
vn 0.0605 0.9832 0.1720
vn 0.1945 0.8963 0.3985
vn 0.4077 0.1924 0.8926
vn -0.0262 0.9988 0.0403
vn -0.1109 0.9512 0.2879
vn 0.0002 0.9957 0.0921
vn 0.1762 0.0057 -0.9843
vn 0.1784 0.0071 -0.9839
vn 0.1754 0.0075 -0.9845
vn 0.1852 0.0055 -0.9827
vn 0.1749 0.0076 -0.9845
vn 0.1785 0.0100 -0.9839
vn 0.4538 -0.4143 0.7890
vn 0.4163 -0.2580 0.8719
vn 0.4457 -0.4226 0.7892
vn 0.4291 -0.4161 0.8017
vn 0.4095 -0.2526 0.8767
vn 0.3863 0.2584 0.8854
vn 0.5531 -0.2941 0.7795
vn 0.4641 -0.2114 0.8602
vn 0.5262 -0.3835 0.7590
vn 0.0120 0.9987 0.0501
vn -0.0132 0.9983 0.0560
vn 0.0308 0.9956 0.0880
vn 0.6316 0.5851 0.5086
vn 0.0644 0.9909 0.1181
vn 0.0384 0.9926 0.1155
vn -0.0950 0.9514 0.2930
vn -0.0075 0.9987 0.0495
vn 0.0686 0.9867 0.1473
vn 0.0303 0.9931 0.1136
vn 0.0256 0.9924 0.1203
vn -0.0173 0.9916 0.1280
vn 0.4163 -0.2581 0.8718
vn 0.2730 0.7008 0.6590
vn 0.1662 0.9044 0.3930
vn 0.5576 0.1652 0.8135
vn 0.4755 0.5915 0.6512
vn 0.3797 -0.2767 0.8828
vn 0.0667 0.9475 0.3128
vn 0.4419 0.2530 0.8607
vn 0.5314 0.1474 0.8342
vn 0.4310 -0.4066 0.8056
vn 0.5071 -0.4692 0.7230
vn 0.5235 -0.4426 0.7280
vn 0.4976 -0.1424 0.8557
vn 0.4593 -0.4062 0.7899
vn 0.1716 -0.0150 -0.9851
vn 0.1682 -0.0101 -0.9857
vn 0.1571 -0.0125 -0.9875
vn 0.5274 -0.2584 0.8094
vn 0.5235 -0.1540 0.8380
vn 0.5099 -0.4660 0.7231
vn 0.5534 -0.0106 0.8329
vn 0.3921 0.1791 0.9023
vn 0.5343 -0.1358 0.8343
vn 0.4904 -0.4291 0.7586
vn 0.4439 -0.4949 0.7470
vn 0.4652 -0.2265 0.8557
vn 0.5016 -0.2422 0.8305
vn 0.4691 -0.3426 0.8140
vn 0.5959 0.1200 0.7940
vn 0.1316 0.8913 0.4339
vn 0.4310 -0.4066 0.8055
vn 0.4136 -0.4791 0.7742
vn 0.5562 -0.2887 0.7793
vn 0.5292 -0.2936 0.7961
vn 0.1725 -0.0016 -0.9850
vn 0.1596 -0.0097 -0.9871
vn 0.1698 0.0018 -0.9855
vn 0.1939 0.0408 -0.9802
vn 0.1678 0.0247 -0.9855
vn 0.1810 0.0266 -0.9831
vn 0.1757 -0.0071 -0.9844
vn 0.1736 0.0012 -0.9848
vn 0.1665 0.0019 -0.9860
vn 0.1723 -0.0024 -0.9850
vn 0.1754 -0.0002 -0.9845
vn 0.1625 0.0030 -0.9867
vn 0.4764 -0.5050 0.7197
vn 0.5005 -0.4816 0.7194
vn 0.4782 -0.4254 0.7684
vn 0.5748 -0.2585 0.7764
vn 0.5652 -0.0141 0.8248
vn 0.5364 -0.1444 0.8315
vn 0.1610 -0.0022 -0.9869
vn 0.1650 0.0098 -0.9863
vn 0.1594 -0.0199 -0.9870
vn 0.1619 0.0041 -0.9868
vn 0.1609 0.0081 -0.9869
vn 0.1646 0.0036 -0.9864
vn 0.1713 -0.0038 -0.9852
vn 0.1769 -0.0005 -0.9842
vn 0.1676 -0.0000 -0.9859
vn 0.4588 0.6220 0.6345
vn 0.4599 0.5013 0.7330
vn 0.3443 0.2063 0.9159
vn 0.3242 0.6833 0.6542
vn 0.4420 -0.3471 0.8271
vn 0.4628 -0.3419 0.8179
vn 0.4975 -0.4548 0.7387
vn 0.5542 0.5778 0.5992
vn 0.5174 0.1311 0.8456
vn 0.4549 -0.5442 0.7049
vn 0.5541 -0.4778 0.6817
vn 0.4212 -0.5925 0.6866
vn 0.3832 0.1960 0.9026
vn 0.5394 -0.0176 0.8419
vn 0.5372 0.6026 0.5902
vn 0.4367 0.6172 0.6545
vn 0.3307 0.2037 0.9215
vn 0.6284 0.5049 0.5918
vn 0.4351 0.8247 0.3613
vn 0.6261 0.5814 0.5196
vn 0.5849 0.8107 0.0229
vn 0.2518 0.0783 0.9646
vn 0.1808 -0.1453 0.9727
vn 0.3667 -0.0133 0.9303
vn 0.0843 -0.1328 0.9875
vn 0.0316 -0.0452 0.9985
vn -0.0130 -0.3099 0.9507
vn 0.8044 0.4778 0.3531
vn 0.7514 0.5512 0.3627
vn 0.7174 0.6683 0.1965
vn 0.5308 0.4330 0.7286
vn 0.6723 0.4977 0.5481
vn 0.3773 0.3165 0.8703
vn 0.3770 0.0425 0.9253
vn 0.7033 0.1435 0.6963
vn 0.6456 0.3472 0.6802
vn 0.8024 0.4696 0.3682
vn 0.6602 0.3926 0.6404
vn 0.7428 0.5575 0.3707
vn 0.3954 0.5027 0.7687
vn 0.6594 0.6591 0.3616
vn 0.7289 0.4913 0.4768
vn 0.6111 0.4633 0.6418
vn 0.7978 0.5264 0.2938
vn 0.4254 0.3870 0.8181
vn 0.6819 0.1844 0.7078
vn 0.3645 0.0769 0.9280
vn 0.5475 -0.0091 0.8367
vn 0.3750 0.0437 0.9260
vn 0.6800 0.2621 0.6848
vn 0.2841 0.1425 0.9482
vn -0.1915 -0.1971 0.9615
vn -0.1353 -0.1912 0.9722
vn 0.1407 -0.0216 0.9898
vn 0.5953 0.2185 0.7732
vn 0.2825 0.5571 0.7809
vn 0.6607 0.5188 0.5425
vn 0.5689 0.3037 0.7643
vn 0.6711 0.5088 0.5392
vn 0.7502 0.2831 0.5975
vn 0.5676 0.1806 0.8032
vn 0.3084 0.3367 0.8897
vn 0.7799 0.2546 0.5718
vn 0.6200 0.2622 0.7395
vn 0.4494 0.1878 0.8734
vn 0.2291 0.0522 0.9720
vn 0.8203 0.1037 0.5624
vn 0.4284 0.8332 0.3496
vn 0.6476 0.7611 0.0361
vn 0.5939 -0.2669 0.7589
vn 0.6153 -0.3465 0.7080
vn 0.6918 -0.3339 0.6402
vn 0.8080 0.1241 0.5760
vn 0.7164 -0.3209 0.6195
vn 0.6913 -0.3135 0.6510
vn 0.6172 0.4547 0.6421
vn 0.8102 0.1274 0.5722
vn 0.6887 -0.2951 0.6623
vn 0.8444 0.0575 0.5327
vn 0.5375 0.3512 0.7667
vn 0.4725 0.8266 0.3057
vn 0.1787 0.0053 -0.9839
vn 0.1760 0.0048 -0.9844
vn 0.1814 0.0112 -0.9833
vn 0.1816 0.0136 -0.9833
vn 0.1769 -0.0146 -0.9841
vn 0.1789 0.0078 -0.9838
vn 0.4974 0.1849 -0.8476
vn 0.3225 0.1660 -0.9319
vn 0.3891 0.1944 -0.9005
vn 0.5192 0.3537 -0.7780
vn 0.5037 0.2732 -0.8195
vn 0.6336 0.4440 -0.6336
vn 0.5775 0.2707 -0.7702
vn 0.6966 0.3666 -0.6167
vn 0.5154 0.2503 -0.8196
vn 0.1769 0.0053 -0.9842
vn 0.1532 0.0111 -0.9881
vn 0.1742 0.0135 -0.9846
vn -0.9801 -0.1523 -0.1275
vn -0.9801 -0.1903 -0.0563
vn -0.9796 -0.1902 -0.0646
vn 0.1643 0.0146 -0.9863
vn 0.1642 -0.0010 -0.9864
vn 0.1829 -0.0263 -0.9828
vn -0.9450 -0.3235 0.0485
vn -0.8354 -0.5493 0.0210
vn -0.9413 -0.3287 -0.0765
vn 0.1880 0.0399 -0.9814
vn 0.1703 0.0270 -0.9850
vn 0.1557 0.0054 -0.9878
vn -0.5142 -0.5157 0.6854
vn -0.3696 -0.6760 0.6375
vn -0.4485 -0.7004 0.5552
vn -0.3417 -0.5314 0.7752
vn -0.7147 0.1886 0.6735
vn -0.8331 0.2035 0.5144
vn -0.7059 0.2853 0.6483
vn -0.6764 0.1584 0.7193
vn -0.6029 0.0552 0.7959
vn -0.6966 0.1567 0.7001
vn -0.6459 -0.7064 0.2893
vn -0.3250 -0.7000 0.6359
vn -0.5683 -0.6609 0.4901
vn -0.8295 0.2239 0.5117
vn -0.7615 0.1175 0.6374
vn -0.8452 -0.0031 0.5345
vn -0.4187 -0.5903 0.6901
vn -0.3474 -0.7025 0.6211
vn -0.3788 -0.5414 0.7506
vn -0.9090 -0.0140 0.4165
vn -0.7647 -0.1894 0.6159
vn -0.8298 -0.0743 0.5531
vn -0.5627 -0.1360 0.8154
vn -0.0459 -0.0786 0.9958
vn -0.0764 0.0462 0.9960
vn -0.5635 -0.6486 0.5117
vn -0.7599 -0.5963 0.2589
vn -0.6124 -0.7202 0.3259
vn -0.5898 -0.6481 0.4819
vn -0.7028 -0.4220 0.5728
vn -0.7693 -0.5933 0.2368
vn 0.1691 -0.0103 -0.9855
vn 0.1615 0.0024 -0.9869
vn 0.1617 0.0085 -0.9868
vn 0.1700 0.0118 -0.9854
vn 0.1661 0.0103 -0.9861
vn 0.1842 0.0060 -0.9829
vn 0.1809 0.0039 -0.9835
vn 0.1667 0.0107 -0.9859
vn 0.1865 0.0097 -0.9824
vn -0.6624 0.3165 0.6790
vn -0.5969 0.3088 0.7405
vn -0.6710 0.2098 0.7112
vn -0.7346 0.0273 0.6780
vn -0.3728 -0.2635 0.8897
vn -0.7462 -0.2037 0.6337
vn -0.8461 0.0163 0.5327
vn -0.7719 0.1137 0.6254
vn -0.5657 -0.4592 0.6849
vn -0.4099 -0.6196 0.6694
vn -0.3508 -0.6014 0.7178
vn -0.6580 0.1143 0.7443
vn -0.6808 0.1343 0.7201
vn -0.6767 0.1904 0.7112
vn -0.8392 0.0306 0.5430
vn -0.7685 -0.1578 0.6201
vn -0.5132 -0.5038 0.6948
vn -0.7419 -0.0385 0.6694
vn -0.3183 -0.0503 0.9467
vn -0.3735 -0.3101 0.8743
vn -0.6955 -0.1246 0.7076
vn -0.5892 -0.4986 0.6358
vn -0.5287 -0.4586 0.7143
vn -0.4796 -0.5159 0.7099
vn -0.5444 -0.5186 0.6593
vn -0.3591 -0.4825 0.7989
vn -0.3775 -0.2414 0.8940
vn -0.6497 0.2283 0.7251
vn -0.6007 0.0411 0.7984
vn -0.6304 -0.7327 0.2564
vn -0.3467 -0.3363 0.8756
vn -0.5384 -0.4087 0.7370
vn -0.3445 -0.5481 0.7622
vn -0.6898 0.1136 0.7151
vn -0.6886 0.3052 0.6578
vn -0.5863 0.0861 0.8055
vn -0.9806 -0.1827 -0.0713
vn -0.9767 -0.1866 -0.1061
vn -0.9632 -0.2654 -0.0421
vn -0.9768 -0.1978 -0.0824
vn -0.9685 -0.2489 -0.0071
vn -0.9827 -0.1690 -0.0754
vn -0.9783 -0.1971 -0.0638
vn -0.9776 -0.1631 -0.1327
vn -0.9999 -0.0109 -0.0025
vn -0.9839 -0.1706 -0.0538
vn -0.9809 -0.1882 0.0499
vn -0.9233 -0.3840 0.0044
vn -0.9984 0.0270 -0.0489
vn -0.9840 -0.1641 -0.0688
vn -0.9978 -0.0557 0.0367
vn -0.7099 0.1444 0.6893
vn -0.5585 -0.1607 0.8138
vn -0.6427 0.1803 0.7446
vn -0.5001 0.1735 0.8484
vn -0.6989 0.1271 0.7038
vn -0.6107 0.2016 0.7658
vn -0.9225 -0.3618 0.1347
vn -0.9005 -0.4142 0.1326
vn -0.8559 -0.2670 0.4429
vn -0.5035 0.1457 0.8516
vn -0.1486 -0.0679 0.9866
vn -0.4720 0.1045 0.8754
vn -0.4188 -0.1029 0.9022
vn -0.2146 -0.0692 0.9743
vn -0.2355 -0.0923 0.9675
vn -0.5571 0.1455 0.8176
vn -0.3602 -0.1321 0.9235
vn -0.2398 -0.2940 0.9252
vn -0.6966 0.1064 0.7095
vn -0.4992 0.1461 0.8541
vn -0.4675 0.1049 0.8778
vn -0.6528 -0.4384 0.6177
vn -0.6930 0.0557 0.7188
vn -0.5813 0.1327 0.8028
vn 0.9978 -0.0471 0.0465
vn 0.9601 0.0193 -0.2789
vn 0.5854 0.1643 -0.7940
vn -0.7477 -0.6454 -0.1560
vn -0.7923 -0.5618 -0.2382
vn -0.7369 -0.6570 -0.1592
vn -0.8007 -0.5972 -0.0477
vn -0.9244 -0.3812 0.0126
vn -0.7548 -0.6553 -0.0291
vn -0.9977 -0.0678 0.0056
vn -0.9797 0.1866 -0.0731
vn -0.9797 -0.0471 -0.1947
vn -0.7850 -0.6191 -0.0226
vn -0.7356 -0.6772 -0.0177
vn -0.7367 -0.6639 -0.1288
vn -0.8721 -0.3773 0.3117
vn -0.6763 0.1350 0.7241
vn -0.8019 -0.2977 0.5180
vn -0.5829 -0.5213 0.6232
vn -0.7460 -0.4361 0.5033
vn -0.6182 -0.4645 0.6340
vn -0.7827 -0.4167 0.4623
vn -0.8688 -0.2415 0.4323
vn -0.6544 -0.4475 0.6095
vn -0.6100 0.2165 0.7623
vn -0.4688 0.1336 0.8732
vn -0.4861 0.1844 0.8542
vn -0.6219 -0.4451 0.6443
vn -0.7863 -0.2408 0.5689
vn -0.3253 -0.0473 0.9444
vn -0.4433 0.2911 0.8478
vn -0.5709 0.1618 0.8049
vn -0.4009 0.2194 0.8895
vn -0.6809 0.2933 0.6710
vn -0.6958 0.0978 0.7116
vn -0.5023 0.0353 0.8640
vn -0.2200 -0.0802 0.9722
vn -0.4640 0.1345 0.8755
vn -0.4266 0.1215 0.8962
vn -0.6016 -0.0542 0.7970
vn -0.7661 0.0861 0.6369
vn -0.6421 -0.0044 0.7666
vn -0.5888 -0.5239 0.6154
vn -0.7663 -0.1470 0.6255
vn -0.1910 -0.4799 0.8563
vn -0.8380 -0.3535 0.4157
vn -0.4796 -0.4115 0.7750
vn -0.8167 -0.3754 0.4383
vn -0.7981 0.2476 0.5493
vn -0.7683 0.0752 0.6356
vn -0.6646 0.1176 0.7379
vn -0.1359 -0.1366 0.9813
vn -0.1677 -0.0916 0.9816
vn -0.1395 -0.0541 0.9887
vn -0.7239 -0.4170 0.5496
vn -0.8558 -0.4652 0.2262
vn -0.8532 -0.3631 0.3746
vn -0.4535 -0.3234 0.8305
vn -0.7877 -0.4437 0.4273
vn -0.6187 -0.5595 0.5516
vn 0.4053 0.8864 -0.2236
vn 0.3869 0.8572 -0.3398
vn 0.0353 0.9538 -0.2983
vn 0.8975 0.0796 -0.4338
vn 0.5373 0.7227 -0.4348
vn 0.8999 0.1147 -0.4207
vn 0.5405 0.8413 -0.0072
vn 0.4938 0.8586 -0.1377
vn 0.9339 0.3090 -0.1798
vn 0.4587 0.8088 -0.3682
vn 0.8436 0.5182 -0.1410
vn 0.7007 0.6458 -0.3033
vn 0.4059 0.8812 -0.2421
vn 0.2203 0.9270 -0.3036
vn 0.5610 0.7827 -0.2696
vn 0.9459 0.3097 -0.0965
vn 0.5334 0.8155 -0.2247
vn 0.7314 0.6572 -0.1821
vn 0.8975 -0.4216 -0.1291
vn 0.9621 -0.0794 -0.2609
vn 0.9331 -0.2905 -0.2118
vn 0.9852 0.0551 -0.1620
vn 0.8336 0.5350 -0.1377
vn 0.9960 0.0726 0.0513
vn 0.7781 0.6173 -0.1157
vn 0.9310 0.0126 -0.3649
vn 0.9106 0.2241 -0.3473
vn 0.9501 0.2753 -0.1464
vn 0.5028 0.8395 0.2059
vn 0.8989 0.4247 -0.1076
vn 0.9959 0.0832 0.0350
vn 0.9953 -0.0941 -0.0234
vn 0.9854 0.1150 -0.1259
vn 0.7707 0.6221 0.1378
vn 0.5181 0.8486 -0.1071
vn 0.5723 0.8200 0.0120
vn 0.7362 0.6139 -0.2848
vn 0.8464 0.5302 0.0507
vn 0.5007 0.7986 -0.3340
vn 0.9939 0.0071 -0.1104
vn 0.9373 -0.3186 0.1414
vn 0.8825 0.4400 -0.1664
vn 0.9708 0.0959 -0.2197
vn 0.9882 -0.0950 -0.1203
vn 0.9456 -0.1374 -0.2948
vn 0.9337 -0.2295 -0.2747
vn 0.9603 -0.0289 -0.2774
vn 0.8498 0.5258 -0.0375
vn 0.9120 -0.1565 -0.3792
vn 0.9226 -0.1890 -0.3363
vn 0.9444 0.0276 -0.3276
vn 0.9949 0.0995 -0.0144
vn 0.4731 0.7752 -0.4187
vn 0.5514 0.7367 -0.3913
vn 0.9010 -0.1434 -0.4094
vn 0.9202 0.0504 -0.3881
vn 0.8718 -0.0085 -0.4897
vn 0.5939 0.8014 -0.0705
vn 0.9219 0.0526 -0.3839
vn 0.6573 0.4259 -0.6217
vn 0.9116 0.0677 -0.4054
vn 0.6868 0.6530 -0.3192
vn 0.6416 0.7122 -0.2849
vn 0.9581 -0.2830 0.0437
vn 0.9734 -0.0076 -0.2290
vn 0.9441 -0.3239 -0.0605
vn 0.6203 0.7362 -0.2708
vn 0.3260 0.8402 -0.4334
vn 0.8170 0.5555 -0.1547
vn 0.9651 0.0965 -0.2435
vn 0.9309 -0.1308 -0.3411
vn 0.8877 0.2998 -0.3493
vn 0.5495 0.8340 0.0499
vn 0.6522 0.6941 -0.3047
vn 0.6981 0.6321 -0.3364
vn 0.6423 0.6033 0.4727
vn 0.6168 0.6407 0.4571
vn 0.9075 0.2363 0.3473
vn 0.5882 0.8067 0.0568
vn 0.7232 0.6746 0.1479
vn 0.5382 0.8292 0.1507
vn 0.1648 0.0774 -0.9833
vn -0.0022 -0.2468 -0.9691
vn 0.0852 -0.2883 -0.9537
vn 0.5014 -0.2648 0.8237
vn 0.4903 -0.4115 0.7683
vn 0.4659 0.5067 0.7254
vn 0.6970 0.6275 -0.3470
vn 0.6765 0.7257 -0.1258
vn 0.5772 0.8161 0.0289
vn 0.7353 -0.0475 0.6761
vn 0.8463 0.5302 0.0507
vn 0.8948 0.0800 0.4392
vn 0.2541 0.9105 0.3263
vn 0.1873 0.9761 0.1105
vn 0.2879 0.8789 0.3804
vn 0.8312 0.2066 0.5162
vn 0.8846 0.3308 0.3286
vn 0.6189 0.7267 0.2982
vn 0.4870 0.8658 -0.1150
vn 0.8722 0.4892 -0.0035
vn 0.6886 0.6981 -0.1961
vn 0.7036 -0.0955 0.7042
vn 0.5049 -0.2820 0.8159
vn 0.8028 0.0596 0.5933
vn 0.5081 0.2456 0.8256
vn 0.8451 0.2557 0.4694
vn 0.5525 0.8255 0.1156
vn 0.3350 0.8464 -0.4139
vn 0.3123 0.8247 -0.4715
vn 0.1852 0.8499 -0.4934
vn 0.4501 0.8875 -0.0987
vn 0.3863 0.8858 -0.2571
vn 0.5457 0.7877 -0.2860
vn 0.5311 0.8464 -0.0376
vn 0.8235 0.5669 0.0215
vn 0.8355 0.5023 0.2227
vn 0.2065 0.9305 0.3027
vn 0.4630 0.5146 0.7217
vn 0.0611 0.9964 0.0591
vn 0.7875 0.2979 0.5395
vn 0.7974 -0.0436 0.6019
vn 0.8140 0.1817 0.5518
vn 0.1811 0.9695 0.1650
vn -0.0422 0.9990 -0.0169
vn -0.1467 0.9873 -0.0616
vn 0.8509 0.5249 -0.0213
vn 0.9216 -0.0469 -0.3854
vn 0.4966 0.8523 -0.1646
vn 0.7906 0.1080 0.6028
vn 0.7727 0.6036 0.1965
vn 0.6053 0.7885 -0.1086
vn 0.8832 0.4356 0.1738
vn 0.7994 0.3600 -0.4810
vn 0.5060 0.7607 -0.4065
vn 0.9966 0.0814 -0.0090
vn 0.8030 -0.0821 0.5903
vn 0.7482 0.0695 0.6598
vn 0.7907 -0.0317 0.6114
vn 0.0877 -0.2739 -0.9577
vn 0.1906 -0.1913 -0.9629
vn -0.0345 0.0954 -0.9948
vn 0.9826 0.0415 0.1811
vn 0.9827 0.0269 0.1830
vn 0.9856 0.0224 0.1675
vn 0.4332 0.8968 -0.0897
vn 0.0968 0.9938 0.0552
vn 0.5866 0.8055 0.0842
vn 0.5632 0.0877 -0.8217
vn 0.8273 0.5208 -0.2106
vn 0.2805 0.7953 -0.5374
vn 0.5506 0.0403 -0.8338
vn 0.2298 0.3498 -0.9082
vn 0.1788 -0.2613 -0.9486
vn 0.5436 0.8199 -0.1797
vn 0.6029 0.7958 0.0571
vn 0.0748 0.9963 0.0420
vn 0.7502 0.6529 -0.1045
vn 0.5771 0.8161 0.0289
vn 0.6764 0.7257 -0.1258
vn 0.6035 -0.2750 0.7485
vn 0.5238 -0.3753 0.7647
vn 0.4499 -0.2348 0.8617
vn 0.8905 0.2594 0.3738
vn 0.8315 -0.0502 0.5533
vn 0.7294 0.5865 0.3520
vn 0.3956 0.8716 -0.2895
vn 0.4467 0.7369 -0.5074
vn 0.4691 0.7461 -0.4725
vn 0.0033 0.9976 0.0698
vn 0.5206 0.7792 0.3491
vn 0.5990 0.7324 0.3237
vn 0.8824 -0.0799 0.4637
vn 0.9192 -0.0433 0.3914
vn 0.8624 -0.0806 0.4998
vn 0.3664 0.8483 0.3823
vn 0.9478 0.2244 0.2265
vn 0.1072 0.7012 0.7049
vn 0.9251 -0.0564 0.3754
vn 0.7398 0.0680 0.6694
vn 0.8768 0.0385 0.4793
vn 0.8362 0.5244 0.1605
vn 0.9479 0.2773 0.1565
vn 0.7144 0.6869 0.1333
vn 0.3080 0.9489 0.0694
vn 0.4406 -0.0814 0.8940
vn 0.4507 0.6590 0.6021
vn 0.9914 -0.0136 0.1300
vn 0.9818 0.0039 0.1900
vn 0.7660 0.5310 0.3625
vn 0.8929 0.4424 -0.0839
vn 0.9945 -0.0957 0.0427
vn 0.8503 0.5148 0.1096
vn 0.2875 0.9415 -0.1759
vn 0.1234 0.9199 -0.3723
vn 0.4297 0.8024 -0.4141
vn 0.3259 0.8824 0.3395
vn 0.3832 0.8457 0.3714
vn 0.0530 0.9239 0.3790
vn 0.2722 0.6741 -0.6867
vn 0.1515 0.0709 -0.9859
vn 0.0487 0.1454 -0.9882
vn 0.7362 0.6140 -0.2848
vn 0.5956 0.7974 -0.0973
vn 0.4945 0.8023 -0.3342
vn 0.8420 0.5367 0.0539
vn 0.7188 0.6855 0.1156
vn 0.7217 -0.0598 0.6896
vn 0.7838 0.1345 0.6062
vn 0.7743 0.6245 0.1024
vn 0.8282 0.0420 0.5589
vn 0.8490 -0.0556 0.5255
vn 0.8080 -0.0613 0.5860
vn -0.2743 0.3657 -0.8894
vn 0.3006 0.8178 -0.4907
vn 0.2868 0.6718 -0.6830
vn 0.5530 0.7183 0.4223
vn 0.7763 0.3236 0.5409
vn 0.8416 0.2026 0.5007
vn 0.0853 -0.2919 -0.9526
vn 0.0803 0.1148 -0.9901
vn 0.1701 0.0711 -0.9829
vn 0.5195 -0.4000 0.7550
vn 0.6300 -0.3197 0.7078
vn 0.8011 -0.0941 -0.5910
vn 0.6469 -0.2110 -0.7329
vn 0.7534 -0.3180 -0.5755
vn 0.8230 -0.2784 0.4952
vn 0.9145 -0.3880 0.1142
vn 0.8162 -0.3475 0.4615
vn 0.6469 -0.2110 -0.7328
vn 0.8011 -0.0942 -0.5911
vn 0.1747 0.3620 -0.9156
vn 0.5723 0.0775 -0.8164
vn 0.2933 0.7953 -0.5305
vn 0.9835 0.0079 0.1806
vn 0.9840 0.0084 0.1779
vn 0.9844 0.0082 0.1757
vn 0.7000 0.6379 -0.3209
vn 0.7910 0.6105 -0.0392
vn 0.7379 0.6424 -0.2067
vn 0.1358 0.9355 -0.3262
vn 0.3782 0.7972 -0.4706
vn 0.2429 0.8291 -0.5036
vn 0.2476 0.8106 0.5306
vn 0.4243 0.8432 0.3302
vn -0.0544 0.9847 -0.1654
vn 0.8011 -0.0942 -0.5910
vn 0.5045 0.2199 0.8349
vn 0.4556 0.8371 0.3029
vn 0.4796 0.7543 0.4484
vn 0.1929 0.8676 -0.4583
vn 0.2555 0.3751 -0.8911
vn 0.2660 0.8037 -0.5323
vn 0.8106 0.5424 -0.2207
vn 0.7955 -0.0723 -0.6016
vn 0.8338 0.4540 -0.3142
vn 0.8481 0.3109 0.4290
vn 0.7044 0.7023 0.1029
vn 0.9369 0.2814 0.2075
vn 0.7555 0.6527 0.0571
vn 0.7619 0.6063 -0.2276
vn 0.7060 0.6741 -0.2171
vn 0.7086 0.6803 -0.1874
vn 0.7627 0.6461 -0.0277
vn 0.6481 0.7606 -0.0371
vn 0.4591 -0.0466 -0.8872
vn 0.3487 -0.0277 -0.9368
vn 0.4040 0.4180 -0.8136
vn 0.4941 -0.0462 -0.8682
vn 0.4470 0.4086 -0.7958
vn 0.5161 -0.0325 -0.8559
vn 0.5204 -0.0185 -0.8537
vn 0.4322 0.3523 -0.8301
vn 0.4895 -0.0114 -0.8719
vn 0.5411 -0.0221 -0.8407
vn 0.5015 -0.0436 -0.8640
vn 0.5179 -0.0189 -0.8552
vn 0.6456 0.7200 -0.2545
vn 0.4902 0.3922 -0.7784
vn 0.5197 0.1959 -0.8316
vn -0.0166 0.9586 -0.2844
vn 0.0869 0.7079 -0.7009
vn 0.0153 0.9404 -0.3398
vn 0.0458 0.3459 -0.9372
vn 0.1188 0.2255 -0.9670
vn 0.0862 0.1217 -0.9888
vn 0.0289 0.0921 -0.9953
vn 0.0245 0.1007 -0.9946
vn 0.0262 0.1262 -0.9917
vn 0.1384 0.9531 -0.2692
vn 0.3978 0.4286 -0.8112
vn 0.1064 0.9568 -0.2707
vn 0.0127 0.0768 -0.9970
vn 0.0224 0.1150 -0.9931
vn 0.1353 0.2542 -0.9576
vn -0.0048 0.1832 -0.9831
vn 0.0043 0.0947 -0.9955
vn 0.0570 0.1365 -0.9890
vn -0.0660 0.9977 -0.0158
vn 0.3372 0.8479 -0.4092
vn 0.4669 0.3793 -0.7989
vn -0.0190 0.9997 0.0130
vn 0.1189 0.9836 -0.1358
vn -0.0296 0.9983 0.0502
vn -0.0256 0.0637 -0.9976
vn -0.0835 -0.0317 -0.9960
vn -0.0405 0.0710 -0.9966
vn -0.0549 0.0610 -0.9966
vn -0.1654 0.5560 -0.8145
vn -0.0734 0.4717 -0.8787
vn 0.1615 0.9085 -0.3854
vn -0.1554 0.9465 -0.2827
vn 0.0738 0.8887 -0.4524
vn 0.0766 0.9593 -0.2719
vn -0.0324 0.9984 0.0469
vn 0.0953 0.9556 -0.2788
vn 0.1918 -0.3258 -0.9258
vn 0.1487 -0.3218 -0.9351
vn 0.1683 -0.4532 -0.8754
vn 0.3126 0.0860 -0.9460
vn 0.3757 0.3866 -0.8422
vn 0.3685 -0.0695 -0.9270
vn 0.2654 0.0678 -0.9618
vn 0.2004 -0.1508 -0.9680
vn 0.3858 0.4178 -0.8226
vn 0.1757 0.7548 -0.6319
vn 0.1079 0.9539 -0.2800
vn 0.2953 0.1304 -0.9465
vn 0.1917 0.7637 -0.6164
vn 0.3849 0.4306 -0.8164
vn -0.1875 0.5055 -0.8422
vn -0.1022 0.8440 -0.5265
vn -0.0478 0.9139 -0.4032
vn -0.2040 0.4814 -0.8525
vn -0.1904 0.5936 -0.7819
vn 0.0157 0.9248 -0.3802
vn -0.0983 0.8448 -0.5259
vn -0.0246 0.9996 -0.0168
vn -0.0530 0.9152 -0.3995
vn 0.0787 0.1171 -0.9900
vn 0.1632 -0.0075 -0.9866
vn 0.1962 0.0845 -0.9769
vn 0.2003 -0.1509 -0.9680
vn -0.0004 0.1749 -0.9846
vn 0.0888 0.0386 -0.9953
vn 0.1277 0.1311 -0.9831
vn 0.1639 -0.3068 -0.9375
vn 0.0040 0.9856 -0.1688
vn 0.0968 0.7008 -0.7067
vn 0.2045 0.5738 -0.7931
vn 0.1941 0.0330 -0.9804
vn 0.1319 0.4654 -0.8752
vn 0.1584 0.9393 -0.3042
vn 0.3043 0.7363 -0.6044
vn 0.0207 0.9918 -0.1264
vn 0.1261 0.1127 -0.9856
vn 0.0827 0.1200 -0.9893
vn 0.1644 0.2244 -0.9605
vn -0.1953 -0.1696 -0.9660
vn 0.1013 -0.3853 -0.9172
vn 0.4919 0.5132 -0.7033
vn 0.3040 -0.0227 -0.9524
vn 0.2862 -0.0133 -0.9581
vn 0.4165 0.4351 -0.7983
vn 0.0164 0.4353 -0.9001
vn 0.1694 0.4908 -0.8547
vn 0.0712 0.8895 -0.4513
vn 0.1706 -0.2856 -0.9431
vn 0.1683 -0.4533 -0.8753
vn 0.0720 0.0915 -0.9932
vn 0.1905 0.0363 -0.9810
vn 0.1172 0.4253 -0.8974
vn 0.0270 0.2962 -0.9548
vn 0.0696 0.7362 -0.6732
vn 0.1227 0.1588 -0.9797
vn 0.3551 -0.0836 -0.9311
vn 0.4532 0.4194 -0.7866
vn 0.3155 -0.0134 -0.9488
vn 0.2409 0.0810 -0.9672
vn 0.2675 -0.0204 -0.9633
vn -0.1373 0.6022 -0.7864
vn 0.1375 0.4156 -0.8991
vn -0.0279 0.5936 -0.8043
vn -0.4215 0.7670 -0.4838
vn -0.0114 0.9998 0.0157
vn -0.0071 0.9998 -0.0163
vn -0.0225 0.9996 -0.0145
vn 0.0826 0.7870 -0.6115
vn 0.0653 0.3689 -0.9272
vn -0.0463 0.9045 -0.4240
vn 0.6631 0.5446 -0.5135
vn 0.1055 0.8157 -0.5687
vn 0.1282 0.2980 -0.9459
vn 0.2219 0.3800 -0.8980
vn 0.0007 0.7594 -0.6506
vn 0.3340 0.1749 -0.9262
vn 0.0623 0.9705 -0.2327
vn 0.1635 0.5277 -0.8336
vn 0.1653 0.4174 -0.8936
vn 0.6840 -0.2495 -0.6854
vn 0.0444 0.6821 -0.7299
vn 0.3984 -0.1357 -0.9071
vn 0.2381 0.0116 -0.9712
vn 0.2183 0.3680 -0.9038
vn 0.1414 0.4722 -0.8701
vn 0.0115 0.9991 -0.0408
vn -0.0220 0.9995 -0.0228
vn 0.0209 0.9991 -0.0376
vn 0.0509 0.9895 -0.1350
vn 0.6101 0.4802 -0.6303
vn 0.2810 0.8927 -0.3524
vn 0.2584 0.0314 -0.9655
vn 0.2898 -0.0221 -0.9568
vn 0.3133 -0.0159 -0.9495
vn 0.2063 0.2869 -0.9355
vn 0.2912 0.0752 -0.9537
vn 0.2933 0.0085 -0.9560
vn -0.0296 0.9237 -0.3819
vn -0.0795 0.9965 -0.0237
vn 0.1605 0.8184 -0.5518
vn -0.0241 0.9995 -0.0183
vn -0.0115 0.9997 -0.0227
vn -0.0905 0.9138 -0.3959
vn -0.0051 0.9999 -0.0136
vn -0.0319 0.9960 -0.0840
vn -0.0358 0.9989 -0.0292
vn 0.1359 0.4157 -0.8993
vn 0.2036 0.0265 -0.9787
vn 0.2989 0.5383 -0.7880
vn -0.0320 0.9962 -0.0814
vn 0.0556 0.4818 -0.8745
vn 0.2373 0.5573 -0.7957
vn 0.1104 0.8944 -0.4334
vn 0.0965 0.5258 -0.8451
vn 0.0404 0.9736 -0.2244
vn 0.0511 0.6957 -0.7165
vn -0.0928 0.8384 -0.5370
vn 0.2573 0.1257 -0.9581
vn 0.2340 0.0224 -0.9720
vn 0.1568 -0.0016 -0.9876
vn 0.2563 0.3930 -0.8831
vn 0.1061 0.8675 -0.4861
vn 0.1219 0.9802 -0.1558
vn 0.1327 0.7527 -0.6449
vn 0.1652 0.0082 -0.9862
vn 0.1628 0.0132 -0.9866
vn 0.1865 0.0539 -0.9810
vn 0.1628 0.0208 -0.9864
vn 0.1666 0.0221 -0.9858
vn 0.1732 0.0218 -0.9846
vn 0.1573 0.0180 -0.9874
vn 0.1725 0.0214 -0.9848
vn 0.1713 0.0299 -0.9848
vn -0.0128 0.9938 -0.1107
vn 0.3640 0.4822 -0.7969
vn 0.0572 0.8014 -0.5954
vn 0.1594 -0.0020 -0.9872
vn 0.1622 0.0236 -0.9865
vn 0.1574 0.0118 -0.9875
vn 0.1556 0.1557 -0.9755
vn -0.1324 0.8080 -0.5741
vn 0.1776 0.1181 -0.9770
vn 0.1701 0.0085 -0.9854
vn 0.1811 0.0156 -0.9833
vn 0.1747 -0.0035 -0.9846
vn 0.0029 0.1000 -0.9950
vn 0.0627 0.0848 -0.9944
vn -0.0033 0.0675 -0.9977
vn 0.0251 0.8997 -0.4357
vn 0.1043 0.8331 -0.5431
vn 0.4708 0.4792 -0.7407
vn 0.1237 0.1422 -0.9821
vn 0.0941 0.9080 -0.4084
vn 0.1668 0.5368 -0.8270
vn -0.0204 0.1200 -0.9926
vn 0.0879 0.5072 -0.8573
vn 0.0747 -0.0272 -0.9968
vn -0.2681 0.3224 -0.9078
vn 0.0116 0.0152 -0.9998
vn 0.0688 -0.0568 -0.9960
vn 0.1263 0.6382 -0.7594
vn 0.0681 0.9141 -0.3997
vn 0.0045 0.9617 -0.2740
vn 0.1486 0.7933 -0.5904
vn -0.0161 0.1732 -0.9847
vn 0.0079 0.1037 -0.9946
vn 0.0010 0.9429 -0.3331
vn -0.0516 0.8746 -0.4820
vn -0.3679 0.5735 -0.7320
vn 0.0020 0.4342 -0.9008
vn 0.1301 0.7976 -0.5890
vn -0.0151 0.1032 -0.9945
vn 0.0010 0.9958 -0.0912
vn -0.0055 0.9976 -0.0696
vn -0.0280 0.9176 -0.3966
vn -0.0283 0.6754 -0.7369
vn 0.0619 0.3277 -0.9427
vn 0.1679 -0.1017 -0.9805
vn -0.0259 0.9995 -0.0198
vn 0.0341 0.9919 -0.1226
vn -0.0348 0.7862 -0.6170
vn 0.1849 0.0217 -0.9825
vn 0.1886 0.0223 -0.9818
vn 0.1989 0.0140 -0.9799
vn 0.0641 -0.0851 -0.9943
vn 0.0593 -0.0843 -0.9947
vn 0.0731 -0.0905 -0.9932
vn -0.0321 0.7860 -0.6173
vn -0.0071 1.0000 0.0042
vn -0.0148 0.9996 -0.0219
vn 0.1641 0.0077 -0.9864
vn 0.1709 0.0156 -0.9852
vn 0.1730 0.0082 -0.9849
vn 0.1815 0.0192 -0.9832
vn 0.1828 0.0170 -0.9830
vn 0.1947 0.0145 -0.9808
vn 0.1758 0.0196 -0.9842
vn 0.1927 0.0148 -0.9811
vn 0.1578 0.0182 -0.9873
vn 0.1623 0.0410 -0.9859
vn 0.1702 0.0205 -0.9852
vn 0.1603 0.0699 -0.9846
vn 0.1817 0.0097 -0.9833
vn 0.1731 0.0021 -0.9849
vn 0.1680 0.0096 -0.9857
vn 0.1714 0.0072 -0.9852
vn 0.1638 0.0026 -0.9865
vn 0.1880 0.0065 -0.9822
vn -0.0022 0.9360 -0.3519
vn 0.0737 0.9582 -0.2764
vn 0.4602 0.5133 -0.7244
vn -0.0444 0.4660 -0.8837
vn 0.1113 0.9730 -0.2021
vn -0.0052 0.8645 -0.5026
vn 0.1463 0.1898 -0.9709
vn 0.1773 0.8937 -0.4122
vn 0.1766 0.7928 -0.5833
vn -0.1187 0.9929 0.0076
vn 0.4443 0.7737 -0.4516
vn -0.0446 0.9940 -0.1000
vn -0.0406 0.9976 -0.0559
vn -0.0107 0.9998 -0.0145
vn 0.0426 0.9503 -0.3085
vn 0.0226 0.9982 -0.0552
vn 0.0155 0.9967 -0.0797
vn -0.0452 0.9968 -0.0655
vn 0.0521 0.9647 -0.2580
vn -0.0075 0.9972 -0.0743
vn -0.0160 0.9999 -0.0024
vn -0.0313 0.9966 -0.0768
vn -0.0154 0.9999 -0.0024
vn -0.0207 0.9993 0.0311
vn 0.1111 0.7893 -0.6039
vn -0.0052 0.9971 -0.0759
vn 0.0452 0.9641 -0.2617
vn 0.1365 0.4024 -0.9052
vn 0.0807 0.7961 -0.5998
vn 0.0436 0.9705 -0.2373
vn -0.0093 0.9993 -0.0357
vn 0.0617 0.9618 -0.2665
vn -0.0250 0.9995 -0.0197
vn 0.0559 0.8334 -0.5499
vn 0.1428 0.6708 -0.7278
vn 0.0031 0.8230 -0.5680
vn 0.0559 0.8334 -0.5498
vn 0.0681 0.9141 -0.3998
vn 0.1262 0.6382 -0.7594
vn 0.1715 -0.0556 -0.9836
vn -0.2815 0.5650 -0.7756
vn 0.0496 0.8724 -0.4863
vn 0.0631 0.8827 -0.4658
vn 0.1111 0.9835 -0.1430
vn -0.0252 0.9997 0.0066
vn -0.0211 0.9995 -0.0255
vn -0.3641 -0.1674 0.9162
vn -0.4974 0.1101 0.8605
vn -0.2479 -0.0836 0.9652
vn -0.8569 0.0658 0.5112
vn -0.8993 0.0353 0.4360
vn -0.7816 -0.1148 0.6131
vn -0.6012 -0.6423 0.4754
vn -0.5629 -0.4621 0.6852
vn -0.5201 -0.3968 0.7563
vn -0.2652 0.0304 0.9637
vn -0.3716 -0.2950 0.8803
vn -0.1928 0.0823 0.9778
vn -0.3693 -0.4580 0.8086
vn -0.5726 -0.5382 0.6185
vn -0.6139 -0.4732 0.6319
vn -0.1846 0.0189 0.9826
vn -0.6060 0.0354 0.7947
vn -0.6484 0.0210 0.7610
vn -0.6877 0.1192 0.7162
vn -0.7792 0.0728 0.6225
vn -0.5817 -0.0477 0.8120
vn -0.4827 0.1909 0.8547
vn -0.3789 -0.0832 0.9217
vn -0.5844 0.1422 0.7989
vn -0.7599 0.0727 0.6460
vn -0.7980 0.2169 0.5622
vn -0.8520 0.2453 0.4625
vn -0.4833 0.2402 0.8418
vn -0.4698 0.2732 0.8394
vn -0.3646 0.3909 0.8451
vn -0.8628 0.1595 0.4797
vn -0.8177 -0.0201 0.5752
vn -0.7683 0.0751 0.6357
vn 0.2845 0.1269 -0.9502
vn 0.3167 0.2453 -0.9163
vn 0.2634 0.2261 -0.9378
vn -0.8334 0.0175 0.5524
vn -0.6738 -0.0343 0.7381
vn -0.7861 0.1065 0.6089
vn -0.5864 0.2460 0.7718
vn -0.7206 0.1196 0.6829
vn -0.7451 0.2728 0.6086
vn -0.5900 0.1722 0.7889
vn -0.7864 0.2009 0.5842
vn -0.7160 0.1870 0.6726
vn 0.3803 0.1454 -0.9133
vn 0.4451 0.1862 -0.8759
vn 0.4405 0.3005 -0.8460
vn -0.7698 0.0570 0.6358
vn -0.8505 0.2470 0.4644
vn -0.8496 0.1492 0.5059
vn -0.6026 -0.0883 0.7931
vn -0.3542 -0.1809 0.9175
vn -0.5255 -0.1169 0.8427
vn -0.5617 -0.4354 0.7035
vn -0.1441 -0.2105 0.9669
vn -0.3431 -0.2912 0.8930
vn -0.1448 -0.1124 0.9831
vn -0.0759 -0.0167 0.9970
vn -0.2755 -0.2566 0.9264
vn -0.6464 0.1551 0.7470
vn -0.6592 -0.0366 0.7510
vn -0.7493 0.0486 0.6605
vn -0.5690 0.2553 0.7817
vn -0.4389 0.2718 0.8564
vn -0.4336 0.1776 0.8834
vn -0.8461 0.0163 0.5328
vn -0.8039 0.4734 0.3601
vn -0.8622 0.2612 0.4340
vn -0.8467 0.0161 0.5318
vn -0.8042 0.4735 0.3592
vn -0.4316 0.2624 0.8631
vn -0.3105 0.2563 0.9154
vn -0.2860 0.4690 0.8356
vn -0.2801 0.4204 0.8630
vn -0.3421 0.3308 0.8795
vn -0.4564 0.2585 0.8514
vn -0.1439 0.0826 0.9861
vn -0.1922 0.2237 0.9555
vn 0.1022 -0.1373 0.9852
vn -0.1898 0.3086 0.9321
vn -0.3571 0.4343 0.8270
vn -0.1727 0.5223 0.8351
vn -0.3237 0.2408 0.9150
vn -0.4065 0.4802 0.7773
vn -0.3305 0.4512 0.8290
vn -0.3166 0.2497 0.9151
vn -0.1696 0.2550 0.9519
vn -0.4469 0.4433 0.7771
vn -0.4694 0.5449 0.6948
vn -0.3592 0.2272 0.9052
vn -0.3260 0.6481 0.6882
vn -0.1433 -0.0371 0.9890
vn -0.1694 0.2344 0.9573
vn -0.3053 0.2469 0.9197
vn -0.1271 0.0739 0.9891
vn -0.0329 0.3217 0.9463
vn -0.0063 -0.2654 0.9641
vn -0.5577 -0.0460 0.8288
vn -0.2315 0.2925 0.9278
vn -0.1799 -0.0045 0.9837
vn -0.1051 -0.3499 0.9309
vn -0.0566 -0.3994 0.9150
vn 0.0763 -0.1994 0.9769
vn -0.4591 -0.0667 0.8859
vn -0.2472 -0.3128 0.9171
vn -0.5672 -0.1388 0.8118
vn -0.0104 0.1003 0.9949
vn 0.0680 -0.2511 0.9656
vn 0.0416 0.3351 0.9413
vn -0.2102 -0.3668 0.9062
vn -0.2519 -0.3049 0.9185
vn -0.4275 -0.0595 0.9020
vn -0.4614 -0.3883 0.7977
vn -0.3205 -0.3480 0.8810
vn -0.3641 -0.5434 0.7564
vn -0.4702 0.2352 0.8507
vn -0.5426 0.3954 0.7411
vn -0.3933 0.4831 0.7822
vn -0.0913 -0.1490 0.9846
vn -0.2959 -0.2431 0.9238
vn -0.0186 -0.3162 0.9485
vn -0.1730 -0.1274 0.9766
vn -0.1311 -0.1581 0.9787
vn -0.0013 -0.2818 0.9595
vn -0.4459 -0.3769 0.8119
vn -0.2624 -0.1176 0.9578
vn -0.2697 -0.3402 0.9009
vn -0.3792 0.0539 0.9237
vn -0.3311 0.2282 0.9156
vn -0.4235 0.2240 0.8778
vn -0.3421 -0.3412 0.8755
vn -0.5053 0.0093 0.8629
vn -0.5589 -0.1580 0.8140
vn -0.0033 0.0492 0.9988
vn -0.2172 -0.0582 0.9744
vn 0.0503 0.0403 0.9979
vn -0.5148 0.0288 0.8569
vn -0.5495 0.1402 0.8237
vn -0.6954 0.0574 0.7163
vn -0.5213 -0.0020 0.8534
vn -0.2885 -0.2996 0.9094
vn -0.3727 -0.0468 0.9268
vn 0.4591 0.2772 0.8440
vn 0.2454 0.2020 0.9481
vn 0.2592 0.1627 0.9520
vn -0.9230 0.1831 0.3384
vn -0.8527 0.0512 0.5198
vn -0.8877 0.1823 0.4228
vn -0.8755 0.1843 0.4467
vn -0.8014 0.1313 0.5835
vn -0.6721 0.2605 0.6931
vn -0.9703 0.0628 0.2334
vn -0.9087 0.0393 0.4156
vn -0.9285 0.0865 0.3612
vn -0.8751 0.1744 0.4515
vn -0.6738 0.2407 0.6986
vn -0.7385 0.2751 0.6156
vn -0.5009 0.0516 0.8640
vn -0.3577 0.0602 0.9319
vn -0.4227 0.2472 0.8719
vn -0.1656 -0.1126 0.9797
vn -0.1745 -0.0290 0.9842
vn -0.2002 0.0624 0.9778
vn -0.1368 -0.0800 0.9874
vn -0.3747 -0.0006 0.9271
vn -0.3188 -0.2828 0.9046
vn -0.3145 0.5120 0.7994
vn -0.4751 0.5499 0.6869
vn -0.3198 0.6754 0.6645
vn 0.4043 0.2605 0.8767
vn 0.6434 0.3619 0.6746
vn 0.4315 0.2569 0.8648
vn -0.3577 -0.0190 0.9337
vn -0.0956 -0.0898 0.9914
vn -0.1858 0.0463 0.9815
vn 0.6283 0.4374 -0.6433
vn 0.8775 0.3970 -0.2691
vn 0.6567 0.4075 -0.6346
vn 0.3994 0.2659 0.8774
vn 0.3222 0.0693 0.9441
vn 0.3306 0.2451 0.9114
vn -0.5131 -0.4039 0.7573
vn -0.3562 -0.3475 0.8674
vn -0.5489 -0.1789 0.8165
vn -0.0731 -0.0894 0.9933
vn 0.1025 0.0887 0.9908
vn 0.0001 -0.0022 1.0000
vn -0.1272 -0.1721 0.9768
vn -0.1131 -0.0935 0.9892
vn -0.4151 -0.4711 0.7783
vn -0.1031 -0.1356 0.9854
vn -0.4391 -0.2110 0.8733
vn -0.4066 -0.4591 0.7899
vn -0.3768 -0.5307 0.7592
vn -0.0420 -0.1260 0.9911
vn -0.0749 -0.2986 0.9514
vn -0.0863 -0.1425 0.9860
vn -0.2379 -0.2603 0.9357
vn -0.3850 -0.2314 0.8934
vn -0.3886 0.8092 0.4407
vn -0.6053 0.5232 0.5999
vn -0.4651 0.8345 0.2954
vn -0.1069 0.9875 0.1155
vn -0.3922 0.7981 0.4574
vn -0.4653 0.8283 0.3122
vn -0.6530 0.2906 0.6994
vn -0.6681 0.2539 0.6994
vn -0.5144 0.1449 0.8452
vn -0.6050 0.3760 0.7018
vn -0.6376 0.4952 0.5901
vn -0.4249 0.7898 0.4424
vn -0.6344 0.2775 0.7214
vn -0.4713 0.1952 0.8601
vn -0.7158 0.2006 0.6688
vn -0.5373 0.7635 0.3583
vn -0.8582 0.5133 -0.0069
vn -0.7021 0.6344 0.3235
vn -0.8859 0.1625 0.4345
vn -0.9455 0.1135 0.3052
vn -0.9455 0.2769 0.1711
vn -0.7104 0.1886 0.6781
vn -0.6966 0.1063 0.7095
vn -0.1483 0.0459 0.9879
vn -0.1800 0.3023 0.9361
vn -0.4658 0.5596 0.6855
vn 0.0001 0.0675 0.9977
vn 0.0554 0.0499 0.9972
vn 0.2233 0.1204 0.9673
vn -0.6565 -0.1547 0.7383
vn -0.1537 -0.0410 0.9873
vn -0.5301 -0.1773 0.8292
vn -0.8251 0.4317 0.3645
vn -0.8920 0.2243 0.3925
vn -0.7702 0.5668 0.2925
vn -0.6296 -0.1727 0.7575
vn -0.4666 0.2402 0.8512
vn -0.1311 -0.0606 0.9895
vn -0.8982 -0.3827 0.2163
vn -0.9185 -0.3600 0.1634
vn -0.9524 -0.2328 0.1970
vn -0.2490 0.0209 0.9683
vn -0.3846 -0.0318 0.9225
vn -0.3535 -0.3285 0.8759
vn -0.8257 -0.4530 0.3361
vn -0.7711 -0.5650 0.2935
vn -0.5538 -0.2175 0.8037
vn -0.6015 -0.2203 0.7679
vn -0.8432 -0.4948 0.2102
vn -0.6843 -0.1702 0.7091
vn -0.9725 -0.0861 -0.2164
vn -0.9912 -0.0278 -0.1292
vn -0.9538 -0.1888 -0.2337
vn -0.8316 -0.5090 -0.2222
vn -0.8651 -0.4952 -0.0795
vn -0.9556 -0.2699 -0.1180
vn -0.9330 -0.3537 -0.0670
vn -0.8231 -0.5051 -0.2596
vn -0.9548 -0.2522 -0.1572
vn -0.9950 -0.0078 0.0996
vn -0.9693 -0.0376 0.2428
vn -0.9983 -0.0517 0.0254
vn -0.9533 0.1122 0.2803
vn -0.9542 0.0406 0.2963
vn -0.8943 0.1454 0.4232
vn -0.9269 -0.2427 0.2862
vn -0.9945 -0.0751 0.0729
vn -0.9733 -0.2203 -0.0646
vn -0.8507 -0.5254 0.0165
vn -0.9180 -0.2457 0.3113
vn -0.9760 -0.2146 -0.0380
vn -0.9551 0.0451 0.2929
vn -0.9564 0.1125 0.2694
vn -0.9937 -0.0486 0.1006
vn -0.9403 0.0059 0.3404
vn -0.9914 -0.0134 0.1302
vn -0.9356 -0.2269 0.2705
vn 0.5420 0.3140 -0.7795
vn 0.3478 0.2425 -0.9056
vn 0.3983 0.2649 -0.8782
vn -0.9902 -0.1089 0.0875
vn -0.9663 0.1293 0.2226
vn -0.9917 0.0457 0.1199
vn -0.7963 -0.6032 -0.0456
vn -0.7397 -0.6722 -0.0311
vn -0.7516 -0.6350 0.1783
vn -0.4917 -0.2699 0.8279
vn -0.3641 -0.0427 0.9304
vn -0.7876 -0.3725 0.4909
vn -0.7660 -0.6302 -0.1273
vn -0.7420 -0.6704 0.0042
vn -0.7943 -0.6060 -0.0423
vn -0.7732 -0.6040 0.1935
vn -0.7227 -0.6911 -0.0005
vn -0.6356 -0.7270 0.2598
vn -0.7867 -0.5745 -0.2260
vn -0.7614 -0.6334 -0.1385
vn -0.8077 -0.5850 -0.0739
vn -0.8668 -0.3119 0.3891
vn -0.8170 -0.4538 0.3558
vn -0.8426 -0.4350 0.3175
vn -0.6858 0.0927 0.7219
vn -0.5824 0.2178 0.7832
vn -0.6653 0.1979 0.7198
vn -0.6930 -0.4209 0.5853
vn -0.7901 -0.3797 0.4812
vn -0.7387 -0.6150 0.2760
vn -0.8638 -0.4366 0.2513
vn -0.8393 -0.4623 0.2860
vn -0.6579 -0.1253 0.7426
vn -0.9076 -0.3502 0.2314
vn -0.9276 -0.3657 0.0759
vn -0.7976 -0.4436 0.4087
vn -0.7007 -0.3769 0.6058
vn -0.7332 -0.2049 0.6484
vn -0.7966 -0.3662 0.4810
vn -0.7306 0.5946 0.3357
vn -0.8611 0.2609 0.4364
vn -0.8043 0.4727 0.3600
vn -0.6084 -0.4437 0.6580
vn -0.6575 -0.1613 0.7360
vn -0.7967 -0.1793 0.5772
vn -0.3986 0.4816 0.7805
vn -0.5425 0.3960 0.7408
vn -0.4953 0.5473 0.6746
vn -0.6387 0.1261 0.7590
vn -0.8489 -0.3922 0.3543
vn -0.6705 -0.0890 0.7365
vn -0.8264 -0.1607 0.5396
vn -0.8004 -0.1130 0.5887
vn -0.8633 -0.0313 0.5038
vn -0.7981 -0.0960 0.5948
vn -0.6567 -0.1001 0.7474
vn -0.6959 0.0528 0.7162
vn -0.4668 0.2445 0.8499
vn -0.6185 -0.1673 0.7678
vn -0.5459 0.3940 0.7394
vn 0.2847 0.1285 0.9500
vn 0.0652 0.1645 0.9842
vn 0.2703 0.1663 0.9483
vn -0.8896 0.0689 0.4516
vn -0.8065 -0.1115 0.5807
vn -0.6867 -0.0214 0.7267
vn -0.8826 -0.4702 -0.0043
vn -0.8104 -0.5325 0.2443
vn -0.9272 -0.2488 0.2801
vn -0.4349 -0.4142 0.7995
vn -0.1101 -0.2113 0.9712
vn -0.5069 -0.4716 0.7215
vn -0.6040 -0.6386 0.4769
vn -0.4508 -0.4404 0.7764
vn -0.4885 -0.5199 0.7007
vn 0.2299 0.3176 0.9199
vn 0.4215 0.2556 0.8701
vn 0.4570 0.2111 0.8641
vn -0.6523 -0.1210 0.7482
vn -0.5126 0.0709 0.8557
vn -0.7000 0.0548 0.7121
vn -0.5642 0.1668 0.8086
vn -0.6208 0.1829 0.7624
vn -0.6660 0.1352 0.7336
vn 0.9502 -0.0964 -0.2962
vn 0.9476 -0.1674 -0.2719
vn 0.9309 -0.2138 -0.2963
vn 0.8361 0.5062 0.2115
vn 0.8461 0.5318 0.0362
vn 0.8332 0.5469 0.0820
vn 0.8348 0.5238 0.1694
vn 0.8661 0.4976 0.0474
vn 0.8880 0.4597 0.0072
vn 0.9534 -0.0970 -0.2857
vn 0.9791 -0.0659 -0.1926
vn 0.9455 -0.1657 -0.2802
vn 0.7748 0.5781 -0.2559
vn 0.7751 0.4381 -0.4554
vn 0.7257 0.6047 -0.3281
vn 0.8697 0.4117 0.2724
vn 0.7848 0.4145 0.4607
vn 0.8759 0.3671 0.3130
vn 0.5383 0.7852 -0.3061
vn 0.7031 0.3671 -0.6090
vn 0.6703 0.5561 -0.4913
vn 0.1641 0.6884 -0.7066
vn 0.4453 0.8267 -0.3439
vn 0.7028 0.2627 -0.6611
vn 0.8131 0.5756 -0.0867
vn 0.7548 0.6440 -0.1248
vn 0.7751 0.6318 -0.0034
vn 0.2073 0.0601 -0.9764
vn 0.2456 0.0973 -0.9645
vn 0.2581 0.1487 -0.9546
vn 0.8605 0.4987 -0.1039
vn 0.8596 0.5100 -0.0311
vn 0.8500 0.5238 -0.0565
vn 0.8820 0.4704 -0.0293
vn 0.8744 0.4842 -0.0306
vn 0.8610 0.5064 -0.0479
vn 0.8944 0.4351 0.1038
vn 0.8737 0.4262 0.2346
vn 0.8870 0.3755 0.2686
vn 0.9952 0.0916 0.0337
vn 0.9853 0.1258 -0.1155
vn 0.9776 0.2087 -0.0260
vn 0.9773 0.1497 -0.1502
vn 0.9866 0.0180 -0.1622
vn 0.9786 0.0741 -0.1922
vn 0.3334 0.3169 -0.8879
vn 0.2621 0.3933 -0.8813
vn 0.2991 0.4269 -0.8534
vn 0.8867 0.4618 -0.0238
vn 0.8849 0.4655 -0.0177
vn 0.8787 0.4767 -0.0251
vn 0.5777 0.6908 -0.4347
vn 0.6249 0.5756 -0.5274
vn 0.5627 0.4756 -0.6762
vn 0.3725 0.9249 0.0763
vn 0.4392 0.8831 -0.1651
vn 0.5032 0.8395 -0.2051
vn 0.4550 0.8766 -0.1568
vn 0.6240 0.5600 -0.5451
vn 0.5847 0.6726 -0.4536
vn 0.3509 0.9313 0.0978
vn 0.4594 0.8613 -0.2169
vn 0.4380 0.8932 -0.1016
vn 0.6023 0.3579 -0.7136
vn 0.5813 0.2557 -0.7724
vn 0.5598 0.4865 -0.6708
vn 0.6476 0.5523 -0.5250
vn 0.4099 0.8919 -0.1908
vn 0.5909 0.7620 -0.2648
vn 0.3125 0.2641 -0.9125
vn 0.1621 0.9154 -0.3685
vn 0.2760 0.9606 0.0345
vn 0.7363 0.4714 -0.4854
vn 0.7045 0.3516 -0.6165
vn 0.6888 0.4475 -0.5704
vn 0.7462 0.5446 0.3829
vn 0.7706 0.4649 0.4358
vn 0.7085 0.5019 0.4962
vn 0.7491 0.4279 0.5058
vn 0.7258 0.5242 0.4454
vn 0.6218 0.3413 0.7049
vn 0.8420 0.5204 -0.1422
vn 0.8466 0.4326 -0.3102
vn 0.7874 0.4736 -0.3945
vn 0.7007 0.4331 -0.5669
vn 0.6893 0.3505 -0.6341
vn 0.4482 0.3169 -0.8359
vn 0.8002 0.4844 -0.3537
vn 0.8465 0.4595 -0.2688
vn 0.7380 0.3471 -0.5787
vn 0.7223 0.3088 -0.6188
vn 0.5784 0.0901 -0.8108
vn 0.6183 0.2190 -0.7549
vn 0.6373 0.5666 -0.5223
vn 0.6370 0.5890 -0.4973
vn 0.6690 0.4526 -0.5896
vn 0.7590 0.2498 -0.6012
vn 0.7174 0.3533 -0.6004
vn 0.7407 0.4953 -0.4539
vn 0.5316 0.0961 -0.8415
vn 0.3974 -0.0467 -0.9165
vn 0.5654 0.2345 -0.7907
vn 0.6168 0.2537 -0.7451
vn 0.5559 0.4990 -0.6649
vn 0.6315 0.4882 -0.6024
vn 0.7380 0.5392 -0.4057
vn 0.6598 0.5432 -0.5192
vn 0.7499 0.5978 -0.2834
vn 0.5060 0.3410 -0.7923
vn 0.0196 0.8748 -0.4841
vn 0.3443 0.2915 -0.8924
vn 0.5724 0.2737 -0.7730
vn 0.4004 -0.0117 -0.9163
vn 0.5178 0.2099 -0.8293
vn 0.6392 0.5827 -0.5018
vn 0.7841 0.5601 -0.2672
vn 0.6647 0.5277 -0.5289
vn 0.8016 0.5016 0.3253
vn 0.8173 0.3658 0.4452
vn 0.8342 0.5133 0.2016
vn 0.7898 0.4218 0.4452
vn 0.7143 0.4676 0.5206
vn 0.5854 0.4099 0.6995
vn 0.9409 0.2982 -0.1605
vn 0.9468 0.3133 -0.0742
vn 0.9669 0.2362 -0.0970
vn 0.9270 0.3583 -0.1105
vn 0.9510 0.2975 -0.0843
vn 0.9388 0.3092 -0.1519
vn 0.9256 0.3351 -0.1757
vn 0.8828 0.2800 -0.3772
vn 0.9171 0.3502 -0.1907
vn 0.9468 0.2430 -0.2109
vn 0.9604 0.1392 -0.2412
vn 0.9647 0.0936 -0.2460
vn 0.9857 0.1526 -0.0712
vn 0.9844 0.1180 -0.1302
vn 0.9764 0.1615 -0.1435
vn 0.9463 0.3092 -0.0944
vn 0.9311 0.3002 -0.2070
vn 0.9634 0.2226 -0.1492
vn 0.7923 0.5773 -0.1976
vn 0.8581 0.4456 -0.2551
vn 0.8464 0.5021 -0.1778
vn 0.5785 0.6796 -0.4511
vn 0.7780 0.3750 -0.5040
vn 0.7717 0.5332 -0.3467
vn 0.8859 0.4328 -0.1673
vn 0.9633 0.2293 -0.1394
vn 0.8378 0.5225 -0.1585
vn 0.9505 0.2266 -0.2126
vn 0.9405 0.3031 -0.1534
vn 0.9670 0.2261 -0.1176
vn 0.4217 0.0740 -0.9037
vn 0.4640 0.2336 -0.8545
vn 0.3554 -0.1169 -0.9274
vn 0.9843 -0.0508 -0.1691
vn 0.9972 0.0061 -0.0747
vn 0.9972 -0.0736 -0.0151
vn 0.9863 -0.0563 -0.1552
vn 0.9816 0.0516 -0.1837
vn 0.9957 0.0235 -0.0892
vn 0.8856 0.3270 -0.3297
vn 0.9655 0.2164 -0.1447
vn 0.8904 0.1399 -0.4332
vn 0.8256 0.5348 -0.1797
vn 0.8518 0.3435 -0.3956
vn 0.8724 0.4139 -0.2600
vn 0.9641 0.0384 0.2628
vn 0.9970 -0.0757 -0.0154
vn 0.9984 0.0539 0.0190
vn 0.9737 0.1471 0.1737
vn 0.9678 0.0344 0.2495
vn 0.9979 0.0642 0.0130
vn 0.9646 0.2113 -0.1579
vn 0.9565 0.2511 -0.1486
vn 0.9566 0.2736 -0.1008
vn 0.8950 0.0367 0.4445
vn 0.9632 0.0249 0.2676
vn 0.9697 0.1456 0.1964
vn 0.8896 0.4512 -0.0711
vn 0.9350 0.3467 0.0752
vn 0.9358 0.3522 -0.0109
vn 0.9978 0.0543 0.0381
vn 0.9902 0.1231 -0.0665
vn 0.9637 0.1800 -0.1972
vn 0.5907 0.0443 -0.8056
vn 0.4416 0.0119 -0.8972
vn 0.5392 0.1678 -0.8253
vn 0.9328 0.3064 -0.1900
vn 0.8690 0.4601 -0.1823
vn 0.8359 0.5009 -0.2244
vn 0.3446 -0.4067 -0.8461
vn 0.4917 -0.3527 -0.7961
vn 0.6509 -0.2540 -0.7154
vn 0.9511 -0.2934 0.0965
vn 0.9439 -0.3211 -0.0769
vn 0.9792 -0.1429 -0.1437
vn 0.9816 -0.1414 -0.1285
vn 0.9338 -0.3305 -0.1367
vn 0.9543 -0.1804 -0.2382
vn 0.8549 0.4830 -0.1893
vn 0.9237 -0.2460 0.2938
vn 0.9513 -0.0248 0.3073
vn 0.6459 0.7633 -0.0121
vn 0.7445 0.6612 -0.0917
vn 0.6677 0.7270 -0.1605
vn 0.5411 0.7874 -0.2953
vn 0.2413 0.8521 -0.4645
vn 0.3219 0.7764 -0.5418
vn 0.1097 0.8039 -0.5846
vn 0.2591 0.3732 -0.8909
vn 0.2037 0.8638 -0.4608
vn 0.9349 -0.3503 -0.0573
vn 0.9465 -0.3133 0.0769
vn 0.9370 -0.3466 0.0429
vn 0.2946 0.7540 -0.5872
vn 0.8915 0.4482 -0.0658
vn 0.5717 0.7556 -0.3197
vn 0.8022 0.5582 -0.2119
vn 0.7531 0.6537 -0.0741
vn 0.6657 0.6836 -0.2992
vn 0.8581 0.4538 -0.2403
vn 0.7576 0.6413 -0.1220
vn 0.8358 0.5027 -0.2206
vn 0.7522 0.6564 -0.0573
vn 0.6928 0.6207 -0.3670
vn 0.6686 0.6740 -0.3140
vn 0.6198 0.7840 0.0348
vn 0.6073 0.7942 -0.0207
vn 0.7801 0.5735 -0.2502
vn 0.9381 0.0523 0.3423
vn 0.7200 0.6164 -0.3188
vn 0.8608 0.4884 -0.1430
vn 0.1876 0.8449 -0.5010
vn 0.6861 0.6578 -0.3108
vn 0.7170 0.5920 -0.3679
vn 0.7337 0.6690 0.1185
vn 0.7512 0.6512 -0.1077
vn 0.6482 0.7606 -0.0368
vn 0.9726 -0.2117 0.0961
vn 0.8926 -0.2596 0.3686
vn 0.9112 -0.2287 0.3427
vn 0.7724 -0.3221 0.5474
vn 0.7933 -0.3510 0.4975
vn 0.8819 -0.2578 0.3947
vn 0.6004 0.1622 0.7831
vn 0.7026 0.3765 0.6038
vn 0.5601 0.7913 0.2451
vn 0.7961 0.5785 -0.1779
vn 0.6854 0.7242 -0.0760
vn 0.7474 0.6524 -0.1254
vn 0.6320 0.7746 -0.0260
vn 0.6819 0.7152 -0.1532
vn 0.6724 0.7334 -0.1002
vn 0.9710 0.2164 0.1017
vn 0.8047 0.5651 -0.1819
vn 0.7567 0.6353 0.1546
vn 0.9821 0.0045 0.1883
vn 0.9833 0.0022 0.1819
vn 0.9824 0.0082 0.1866
vn 0.8460 -0.3719 -0.3821
vn 0.8900 -0.2522 -0.3798
vn 0.6066 0.7928 0.0592
vn 0.5383 0.8285 0.1544
vn 0.6748 0.7265 0.1293
vn 0.6903 0.6822 -0.2410
vn 0.8193 0.5574 0.1343
vn 0.7941 0.5983 0.1068
vn 0.2076 0.9239 -0.3215
vn 0.3567 0.9324 -0.0584
vn 0.4336 0.8146 -0.3853
vn 0.8035 0.5518 0.2235
vn 0.5974 0.7876 0.1509
vn 0.6415 0.7659 0.0426
vn 0.3202 0.9398 -0.1197
vn 0.8238 0.5185 -0.2291
vn 0.4084 0.8272 -0.3860
vn 0.3905 0.8390 0.3789
vn 0.4094 0.8797 0.2421
vn 0.8396 0.5004 0.2111
vn 0.8879 -0.3390 -0.3109
vn 0.9210 -0.3457 -0.1798
vn 0.9425 -0.2145 -0.2564
vn 0.9974 0.0065 0.0713
vn 0.9884 -0.0672 0.1365
vn 0.9965 -0.0454 -0.0697
vn 0.8879 0.2638 0.3770
vn 0.9912 0.0618 0.1167
vn 0.7664 0.5317 0.3605
vn 0.8743 -0.3547 -0.3312
vn 0.9721 0.0687 -0.2244
vn 0.8534 -0.2595 -0.4520
vn 0.9637 0.0104 -0.2666
vn 0.8713 0.4852 -0.0743
vn 0.9377 0.3403 -0.0706
vn 0.6349 0.7693 -0.0710
vn 0.9187 0.3792 -0.1109
vn 0.8211 0.5671 0.0641
vn 0.8640 0.4776 0.1593
vn 0.8520 0.5166 -0.0852
vn 0.4054 0.7896 -0.4606
vn 0.5783 0.7448 -0.3331
vn 0.4590 0.8108 -0.3632
vn 0.9848 0.0563 0.1645
vn 0.9357 0.2914 0.1989
vn 0.8992 0.3717 0.2310
vn 0.9740 0.2253 0.0225
vn 0.9938 -0.0408 0.1035
vn 0.9521 0.2848 0.1111
vn 0.9677 -0.0955 0.2333
vn 0.9794 0.1597 0.1237
vn 0.9810 -0.1665 0.0993
vn 0.9362 0.3431 0.0766
vn 0.9193 0.3914 -0.0406
vn 0.9723 0.2278 0.0529
vn 0.9828 0.0033 0.1848
vn 0.9828 0.0053 0.1847
vn 0.9828 0.0036 0.1845
vn 0.9823 -0.0027 0.1871
vn 0.9823 0.0010 0.1874
vn 0.9840 -0.0053 0.1778
vn 0.3895 0.8136 -0.4316
vn 0.2021 0.9461 -0.2533
vn 0.4055 0.8816 -0.2416
vn 0.7654 0.0757 0.6391
vn 0.7954 -0.0825 0.6004
vn 0.7039 0.2520 0.6641
vn 0.9776 0.0241 0.2090
vn 0.9799 0.0119 0.1992
vn 0.9796 0.0161 0.2003
vn 0.8139 0.5621 0.1470
vn 0.5876 0.8048 0.0841
vn 0.9539 0.1277 -0.2717
vn 0.2554 0.9411 0.2215
vn 0.9137 0.3621 0.1843
vn 0.7115 0.6106 0.3477
vn 0.6275 0.7560 0.1861
vn 0.4817 0.8635 -0.1494
vn 0.7399 0.6501 0.1730
vn 0.7534 -0.3181 -0.5755
vn 0.2286 0.9225 -0.3110
vn 0.6088 0.7875 -0.0957
vn 0.3611 0.9309 -0.0545
vn 0.8764 -0.3605 -0.3192
vn 0.9519 -0.1938 -0.2372
vn 0.9237 -0.3406 -0.1756
vn 0.9525 -0.0595 0.2988
vn 0.9193 -0.0924 0.3825
vn 0.9775 -0.0927 0.1892
vn 0.8151 0.5719 0.0919
vn 0.9320 -0.2283 -0.2816
vn 0.8483 0.5273 -0.0489
vn 0.4340 0.8374 0.3322
vn 0.9601 0.1751 0.2180
vn 0.8727 0.4439 0.2035
vn 0.9721 0.0688 -0.2244
vn 0.9837 0.0112 0.1792
vn 0.9833 0.0127 0.1813
vn 0.9831 0.0135 0.1824
vn 0.8494 0.5009 0.1662
vn 0.6992 0.6024 0.3851
vn 0.2405 0.9697 0.0426
vn 0.9864 -0.0285 0.1618
vn 0.9832 -0.0455 0.1770
vn 0.9858 -0.0030 0.1677
vn -0.0137 0.9998 -0.0138
vn 0.3058 0.9511 0.0444
vn 0.2611 0.9632 0.0632
vn 0.6598 0.7437 0.1079
vn 0.7266 0.6775 -0.1144
vn 0.6565 0.7240 -0.2117
vn 0.9843 0.0182 0.1755
vn 0.9791 -0.0165 0.2029
vn 0.9848 0.0175 0.1728
vn 0.9242 0.2030 0.3236
vn 0.9804 -0.0805 0.1798
vn 0.8581 0.4868 0.1633
vn 0.2420 0.9701 0.0173
vn 0.3031 0.9524 -0.0334
vn 0.7260 0.5676 0.3882
vn 0.1451 0.8897 0.4329
vn 0.6812 0.5009 0.5340
vn 0.7989 -0.1012 0.5928
vn 0.6244 0.7620 0.1720
vn 0.8039 0.3369 0.4902
vn 0.7880 0.5962 0.1538
vn 0.7733 0.4745 0.4205
vn 0.2433 0.9352 0.2572
vn 0.7094 0.6140 0.3459
vn 0.2405 0.9697 0.0427
vn 0.9189 0.2189 0.3281
vn 0.7325 0.5853 0.3475
vn 0.8364 -0.0542 0.5454
vn 0.7855 0.0686 0.6150
vn 0.9828 0.0040 0.1844
vn 0.9833 0.0067 0.1820
vn 0.9834 0.0040 0.1814
vn 0.7033 0.5854 0.4034
vn 0.8579 0.3458 0.3800
vn 0.9636 -0.0740 0.2569
vn 0.7521 0.6515 0.0999
vn 0.6302 0.7470 0.2117
vn 0.5521 0.8287 -0.0917
vn 0.9936 -0.0254 0.1102
vn 0.9578 -0.0598 0.2811
vn 0.9826 -0.0762 0.1693
vn 0.7292 0.2017 0.6539
vn 0.5172 0.7719 0.3697
vn 0.8008 0.2851 0.5267
vn 0.6981 -0.3621 0.6177
vn 0.9469 -0.1151 0.3001
vn 0.9321 -0.0780 0.3536
vn 0.4442 0.6810 -0.5822
vn 0.7603 0.6485 0.0373
vn 0.5048 0.8312 -0.2331
vn 0.5757 0.8149 0.0678
vn 0.7567 0.5969 -0.2666
vn 0.9464 0.1405 -0.2908
vn 0.8407 0.4820 0.2469
vn 0.5501 0.8047 0.2231
vn 0.7594 0.5860 0.2826
vn 0.9543 -0.1703 -0.2454
vn 0.7493 0.4324 -0.5016
vn 0.8062 -0.1634 -0.5686
vn 0.7725 0.6076 0.1847
vn 0.4282 0.7953 0.4292
vn 0.8329 0.4892 0.2589
vn 0.9362 0.3320 -0.1157
vn 0.8866 0.4514 -0.1011
vn 0.9299 0.2968 -0.2172
vn 0.9497 0.1509 -0.2745
vn 0.9801 0.1577 -0.1205
vn 0.9410 0.2655 -0.2099
vn 0.3181 0.1128 -0.9413
vn 0.2894 0.0033 -0.9572
vn 0.2145 0.0235 -0.9764
vn 0.9396 0.3294 -0.0926
vn 0.9545 0.2725 -0.1209
vn 0.9243 0.3764 -0.0632
vn 0.4638 0.0011 -0.8859
vn 0.4683 -0.0651 -0.8812
vn 0.4344 -0.0767 -0.8975
vn 0.3342 -0.1208 -0.9347
vn 0.4759 -0.0112 -0.8794
vn 0.3330 -0.1999 -0.9215
vn 0.3303 0.2442 0.9117
vn 0.2887 0.2315 0.9290
vn 0.3878 0.1812 0.9038
vn 0.5438 0.1614 -0.8236
vn 0.5344 -0.0800 -0.8415
vn 0.6576 0.0721 -0.7499
vn 0.5263 0.1391 -0.8389
vn 0.3710 -0.1759 -0.9118
vn 0.5457 -0.0676 -0.8352
vn 0.4413 -0.0744 -0.8943
vn 0.4369 -0.0083 -0.8995
vn 0.5869 0.0239 -0.8093
vn 0.3813 0.1056 -0.9184
vn 0.5609 0.1569 -0.8129
vn 0.3428 0.1777 -0.9224
vn 0.4371 0.1661 -0.8839
vn 0.2874 0.1238 -0.9498
vn 0.6216 0.4906 0.6107
vn 0.7555 0.4323 0.4923
vn 0.7308 0.4871 0.4782
vn 0.5665 0.3281 -0.7559
vn 0.4129 0.1691 -0.8949
vn 0.4170 0.2488 -0.8742
vn 0.8814 0.4419 0.1669
vn 0.8102 0.4599 0.3634
vn 0.8353 0.4238 0.3502
vn 0.2361 0.0816 -0.9683
vn 0.2943 -0.0079 -0.9557
vn 0.2239 0.0063 -0.9746
vn 0.8372 -0.0122 -0.5468
vn 0.3633 0.0008 -0.9317
vn 0.1972 -0.1043 -0.9748
vn 0.3077 -0.1055 -0.9456
vn 0.3415 -0.1069 -0.9338
vn 0.3484 -0.1862 -0.9187
vn 0.2618 0.0837 -0.9615
vn 0.4009 0.3487 -0.8471
vn 0.7581 0.4280 -0.4920
vn 0.4470 0.2384 -0.8622
vn 0.5376 0.3982 -0.7432
vn 0.5355 0.2528 -0.8058
vn 0.8092 0.4302 -0.4001
vn 0.5445 0.6644 -0.5120
vn 0.3951 0.9147 -0.0848
vn 0.6439 0.4234 -0.6373
vn 0.5498 0.4899 -0.6765
vn 0.6299 0.5305 -0.5673
vn 0.4376 0.2532 -0.8628
vn 0.5438 0.2221 -0.8093
vn 0.3287 0.0603 -0.9425
vn 0.9731 0.2255 -0.0463
vn 0.9623 0.2717 0.0147
vn 0.9766 0.1394 0.1638
vn 0.9965 0.0813 0.0179
vn 0.9761 0.2140 -0.0388
vn 0.9737 0.1515 0.1701
vn 0.9711 0.2336 0.0501
vn 0.9770 0.2120 -0.0221
vn 0.9519 0.3025 -0.0491
vn 0.7131 0.2704 -0.6468
vn 0.6216 0.4133 -0.6654
vn 0.2398 0.3911 -0.8885
vn 0.6502 -0.1183 -0.7505
vn 0.3886 -0.4316 -0.8141
vn 0.5912 -0.0378 -0.8057
vn 0.4090 0.0523 -0.9110
vn 0.3057 -0.1215 -0.9443
vn 0.3428 -0.2016 -0.9175
vn 0.6481 -0.0102 -0.7615
vn 0.7696 0.2004 -0.6063
vn 0.7171 -0.0846 -0.6918
vn 0.8000 -0.0532 -0.5976
vn 0.8801 0.0605 -0.4709
vn 0.6968 0.0906 -0.7116
vn 0.6228 0.0428 -0.7812
vn 0.6049 0.3147 -0.7314
vn 0.7517 0.2348 -0.6163
vn 0.9558 0.0246 -0.2929
vn 0.9133 0.0153 -0.4071
vn 0.9280 -0.0602 -0.3678
vn 0.8306 0.3406 -0.4405
vn 0.9306 0.3259 -0.1666
vn 0.8965 0.2686 -0.3524
vn 0.9104 0.3679 -0.1892
vn 0.8709 0.3027 -0.3871
vn 0.8820 0.4419 -0.1636
vn 0.8435 0.3143 -0.4356
vn 0.7512 0.2910 -0.5924
vn 0.8848 0.4244 -0.1924
vn 0.8315 0.2715 -0.4847
vn 0.7352 0.5262 -0.4274
vn 0.7501 0.3814 -0.5402
vn 0.8229 -0.0826 -0.5621
vn 0.6368 -0.0365 -0.7701
vn 0.6321 -0.2408 -0.7365
vn 0.8933 -0.0805 -0.4423
vn 0.7366 -0.0340 -0.6755
vn 0.7388 -0.0695 -0.6704
vn 0.9203 0.3871 -0.0565
vn 0.8982 0.4370 -0.0481
vn 0.9330 0.3468 -0.0963
vn 0.7124 0.0821 -0.6970
vn 0.5009 -0.0208 -0.8652
vn 0.8091 -0.0834 -0.5817
vn 0.8147 -0.0313 -0.5790
vn 0.9172 -0.1439 -0.3715
vn 0.9574 0.0077 -0.2888
vn 0.9919 0.1191 -0.0441
vn 0.9530 0.1767 -0.2460
vn 0.9494 -0.0028 -0.3140
vn 0.7844 0.0723 -0.6161
vn 0.9286 -0.0499 -0.3678
vn 0.9110 0.0331 -0.4111
vn 0.7321 0.0345 -0.6804
vn 0.8518 0.0371 -0.5226
vn 0.8154 -0.0218 -0.5785
vn 0.4472 0.8033 -0.3933
vn 0.8090 0.3697 -0.4570
vn 0.3825 0.8847 -0.2663
vn 0.3550 0.2512 0.9005
vn 0.4147 0.2565 0.8731
vn 0.5574 0.3450 0.7552
vn 0.6016 0.3627 0.7117
vn 0.6807 0.2983 0.6691
vn 0.7976 0.3687 0.4774
vn 0.7410 0.2361 0.6286
vn 0.7925 0.3747 0.4813
vn 0.7944 0.4031 0.4544
vn 0.4641 0.2176 -0.8586
vn 0.3672 -0.0037 -0.9301
vn 0.2961 -0.1385 -0.9451
vn 0.8762 0.3838 0.2916
vn 0.7952 0.4026 0.4534
vn 0.8032 0.3468 0.4843
vn 0.3510 0.9162 0.1934
vn 0.5089 0.8446 -0.1664
vn 0.4606 0.8876 -0.0031
vn 0.3777 0.1904 -0.9062
vn 0.3466 0.1104 -0.9315
vn 0.2950 0.1137 -0.9487
vn 0.3089 0.9222 0.2326
vn 0.4605 0.8876 -0.0031
vn 0.7621 0.6411 -0.0909
vn 0.8199 0.5626 -0.1060
vn 0.7714 0.6266 -0.1108
vn 0.3584 -0.0564 -0.9319
vn 0.2296 -0.1229 -0.9655
vn 0.2550 -0.1663 -0.9525
vn 0.7781 0.5353 -0.3287
vn 0.7580 0.6166 -0.2127
vn 0.7755 0.6186 -0.1265
vn -0.1493 0.0263 0.9884
vn -0.1532 0.0213 0.9880
vn -0.1505 0.0237 0.9883
vn 0.5496 0.0491 -0.8340
vn 0.2900 -0.0507 -0.9557
vn 0.3753 -0.1024 -0.9212
vn 0.7576 0.6410 -0.1232
vn 0.7013 0.7106 -0.0575
vn 0.7569 0.6485 -0.0813
vn 0.7467 0.5849 -0.3168
vn 0.7872 0.5645 -0.2484
vn 0.8428 0.5066 -0.1818
vn 0.6375 0.3085 -0.7060
vn 0.6362 0.0385 -0.7706
vn 0.5771 0.2871 -0.7646
vn 0.8252 0.5600 0.0742
vn 0.8255 0.5641 0.0190
vn 0.8032 0.5956 0.0126
vn 0.7956 0.0936 -0.5986
vn 0.7768 0.1800 -0.6034
vn 0.8530 0.1716 -0.4929
vn 0.5188 0.3120 0.7959
vn 0.7154 0.2743 0.6426
vn 0.6256 0.3622 0.6910
vn 0.5972 -0.0162 -0.8020
vn 0.3959 -0.4039 -0.8247
vn 0.3492 -0.4581 -0.8174
vn 0.3002 -0.4717 -0.8291
vn 0.3733 -0.4411 -0.8161
vn 0.1213 -0.5612 -0.8188
vn 0.8946 0.4466 -0.0178
vn 0.8793 0.4762 -0.0073
vn 0.9022 0.4305 0.0268
vn 0.8017 0.5418 -0.2525
vn 0.8782 0.2881 -0.3818
vn 0.8077 0.3864 -0.4453
vn 0.2981 0.1850 -0.9364
vn 0.5943 0.1863 -0.7824
vn 0.4926 0.8145 -0.3065
vn 0.8591 0.4632 0.2176
vn 0.9201 0.3907 0.0291
vn 0.8662 0.4762 0.1514
vn 0.8356 0.1734 -0.5213
vn 0.8431 0.1249 -0.5231
vn 0.8085 0.0732 -0.5840
vn 0.6509 0.2417 -0.7197
vn 0.7513 0.3074 -0.5840
vn 0.8233 0.3663 -0.4335
vn 0.8372 0.5308 0.1316
vn 0.8287 0.5593 0.0215
vn 0.8213 0.5358 0.1962
vn 0.7935 0.4365 -0.4241
vn 0.6703 0.5400 -0.5091
vn 0.7312 0.6188 -0.2869
vn 0.3882 0.7834 -0.4854
vn 0.3267 0.9448 -0.0255
vn 0.4328 0.8290 -0.3543
vn 0.4932 0.8699 -0.0114
vn 0.7359 0.6763 -0.0329
vn 0.7173 0.6964 0.0221
vn 0.8520 0.4894 0.1863
vn 0.8093 0.4595 0.3658
vn 0.8595 0.4479 0.2462
vn 0.9442 -0.1079 -0.3113
vn 0.9314 -0.1234 -0.3426
vn 0.8841 0.0066 -0.4672
vn 0.9265 -0.1375 -0.3504
vn 0.9453 -0.1155 -0.3052
vn 0.9191 -0.2421 -0.3108
vn 0.9067 0.0391 -0.4199
vn 0.9456 0.0864 -0.3138
vn 0.9570 -0.0396 -0.2875
vn 0.9286 -0.1238 -0.3498
vn 0.8333 -0.0614 -0.5494
vn 0.8776 0.0095 -0.4794
vn 0.9533 -0.0795 -0.2914
vn 0.9795 0.0377 -0.1980
vn 0.9787 -0.0725 -0.1923
vn 0.8168 0.5729 0.0680
vn 0.8237 0.5670 -0.0029
vn 0.8005 0.5975 0.0469
vn 0.7426 0.3284 -0.5837
vn 0.6705 0.2323 -0.7046
vn 0.5819 0.2139 -0.7846
vn 0.9514 -0.0831 -0.2965
vn 0.9677 0.0555 -0.2460
vn 0.9861 0.0075 -0.1662
vn 0.9184 0.3956 -0.0083
vn 0.9215 0.3745 -0.1029
vn 0.9114 0.4077 -0.0549
vn 0.7677 0.4560 -0.4503
vn 0.7463 0.3747 -0.5502
vn 0.8222 0.5394 -0.1819
vn 0.1621 0.8765 -0.4533
vn 0.2005 0.3885 -0.8993
vn 0.1450 0.1136 -0.9829
vn -0.2030 0.4287 -0.8803
vn 0.0647 0.9555 -0.2879
vn 0.1385 0.5685 -0.8109
vn 0.1782 -0.0124 -0.9839
vn 0.1820 -0.0007 -0.9833
vn 0.1656 0.0004 -0.9862
vn -0.0615 0.7497 -0.6589
vn -0.0103 0.9999 0.0117
vn 0.0044 0.9990 -0.0454
vn 0.5666 0.4989 -0.6558
vn 0.6248 0.3638 -0.6908
vn 0.5684 0.6720 -0.4748
vn 0.0177 0.9994 -0.0289
vn 0.1573 0.9445 -0.2884
vn 0.0874 0.9840 -0.1553
vn 0.0717 0.5484 -0.8332
vn 0.0329 0.9724 -0.2311
vn -0.0398 0.9872 -0.1544
vn -0.0328 0.9491 -0.3132
vn -0.1966 0.3566 -0.9133
vn -0.0913 0.0975 -0.9910
vn 0.1908 0.0833 -0.9781
vn 0.2182 0.0525 -0.9745
vn 0.1928 0.0748 -0.9784
vn 0.3411 0.9186 -0.1994
vn 0.1675 0.9843 0.0556
vn 0.1296 0.9901 0.0544
vn 0.2062 0.0301 -0.9780
vn 0.1709 0.0368 -0.9846
vn 0.1773 0.0345 -0.9836
vn -0.4860 0.8118 -0.3238
vn -0.0335 0.1722 -0.9845
vn -0.2450 0.6188 -0.7464
vn 0.2100 0.0015 -0.9777
vn 0.2381 0.4853 -0.8413
vn 0.2076 0.6155 -0.7603
vn -0.1551 0.9680 -0.1974
vn 0.1179 0.5860 -0.8017
vn -0.0556 0.7022 -0.7098
vn 0.1621 -0.1352 -0.9775
vn 0.2000 0.4653 -0.8622
vn 0.1477 -0.0247 -0.9887
vn 0.0284 0.9533 -0.3008
vn 0.1467 0.5900 -0.7939
vn 0.0513 0.9692 -0.2410
vn 0.5916 0.4658 -0.6581
vn -0.0506 0.1764 -0.9830
vn 0.0752 0.9713 -0.2255
vn -0.1317 0.2046 -0.9700
vn -0.1939 0.0557 -0.9794
vn -0.1117 0.3979 -0.9106
vn -0.0161 0.9938 -0.1103
vn -0.0186 0.9982 -0.0565
vn -0.0142 0.9988 -0.0462
vn 0.2093 0.1523 -0.9659
vn 0.1977 0.2250 -0.9541
vn 0.1885 0.1899 -0.9636
vn -0.0465 0.6019 -0.7972
vn -0.1317 0.2046 -0.9699
vn 0.6490 0.3810 -0.6585
vn 0.4624 0.2905 -0.8377
vn 0.6180 0.4325 -0.6566
vn 0.0943 0.5886 -0.8029
vn 0.0339 0.9300 -0.3659
vn 0.1591 0.0604 -0.9854
vn 0.1967 -0.0067 -0.9805
vn 0.1673 -0.0206 -0.9857
vn 0.1706 0.0116 -0.9853
vn -0.0675 0.0904 -0.9936
vn -0.0747 0.0433 -0.9963
vn -0.1386 0.1763 -0.9745
vn -0.0470 0.0601 -0.9971
vn -0.1387 0.1153 -0.9836
vn -0.1031 0.2004 -0.9743
vn -0.1970 0.0655 -0.9782
vn -0.1612 0.2215 -0.9618
vn -0.2023 0.0717 -0.9767
vn -0.0193 0.9653 -0.2604
vn -0.4964 0.6636 -0.5597
vn 0.0493 0.9716 -0.2315
vn 0.1805 -0.0092 -0.9835
vn 0.2036 -0.0177 -0.9789
vn 0.2824 0.5836 -0.7614
vn -0.2072 0.0616 -0.9764
vn -0.1763 0.1252 -0.9763
vn -0.2041 0.0556 -0.9774
vn -0.0203 0.9936 -0.1114
vn -0.0090 0.9989 -0.0450
vn 0.0290 0.9985 -0.0467
vn 0.8184 0.5739 0.0278
vn 0.8312 0.5557 -0.0176
vn 0.8378 0.5459 -0.0051
vn -0.0230 0.9364 -0.3501
vn 0.0680 0.9114 -0.4058
vn 0.3847 0.5675 -0.7280
vn 0.1711 0.9020 -0.3964
vn 0.0454 0.2938 -0.9548
vn 0.0263 0.8337 -0.5516
vn 0.1724 0.9200 -0.3519
vn 0.5080 0.7210 -0.4713
vn 0.0817 0.9057 -0.4160
vn 0.1682 -0.0056 -0.9857
vn 0.1551 0.0109 -0.9878
vn 0.1781 0.0060 -0.9840
vn 0.2033 0.0537 -0.9776
vn 0.1906 0.0394 -0.9809
vn 0.2064 0.0203 -0.9783
vn 0.1955 0.0054 -0.9807
vn 0.1847 -0.0031 -0.9828
vn 0.1911 0.0387 -0.9808
vn -0.0682 0.0415 -0.9968
vn -0.0792 0.0845 -0.9933
vn -0.0518 0.0434 -0.9977
vn -0.0379 0.0753 -0.9964
vn -0.0687 0.1186 -0.9906
vn 0.0625 0.5415 -0.8384
vn 0.0271 0.0713 -0.9971
vn 0.0358 0.1022 -0.9941
vn 0.0429 0.0986 -0.9942
vn 0.0742 0.0643 -0.9952
vn 0.0801 -0.0194 -0.9966
vn 0.1048 0.0326 -0.9940
vn 0.1339 -0.0554 -0.9895
vn 0.1019 0.0022 -0.9948
vn 0.1176 -0.0475 -0.9919
vn 0.2575 -0.0031 -0.9663
vn 0.3452 0.0154 -0.9384
vn 0.2739 0.0322 -0.9612
vn 0.2387 0.0353 -0.9705
vn 0.2417 0.0930 -0.9659
vn 0.2980 0.0283 -0.9541
vn 0.6947 0.3003 -0.6536
vn 0.6686 0.3595 -0.6510
vn 0.6664 0.3882 -0.6366
vn 0.1752 0.0141 -0.9844
vn 0.1921 0.0335 -0.9808
vn 0.1740 0.0088 -0.9847
vn 0.1410 0.0375 -0.9893
vn 0.1391 0.0282 -0.9899
vn 0.1531 0.0537 -0.9867
vn 0.3639 0.1957 -0.9106
vn 0.3673 0.1688 -0.9146
vn 0.4348 0.1604 -0.8861
vn 0.2001 0.0455 -0.9787
vn 0.1723 0.0265 -0.9847
vn 0.1554 0.0075 -0.9878
vn 0.2244 -0.1347 -0.9651
vn 0.1796 -0.1089 -0.9777
vn 0.3208 -0.0484 -0.9459
vn 0.1396 0.5958 -0.7909
vn 0.2512 0.9648 -0.0773
vn 0.1317 0.9711 -0.1988
vn 0.1494 0.0287 -0.9884
vn 0.1707 0.0355 -0.9847
vn 0.1515 0.0315 -0.9880
vn -0.0786 0.9416 -0.3274
vn -0.1842 0.1388 -0.9730
vn -0.2510 0.7521 -0.6094
vn -0.1574 0.1275 -0.9793
vn -0.1903 0.0989 -0.9767
vn -0.1347 0.7636 -0.6315
vn 0.1329 -0.0308 -0.9907
vn 0.1581 0.0070 -0.9874
vn 0.5137 0.5177 -0.6841
vn -0.0384 0.9992 -0.0150
vn -0.0250 0.9994 -0.0235
vn -0.0337 0.9987 -0.0383
vn 0.1976 0.0232 -0.9800
vn 0.2199 0.0448 -0.9745
vn 0.1905 0.0126 -0.9816
vn -0.0347 0.9992 -0.0220
vn 0.0767 0.9441 -0.3205
vn -0.0043 0.9999 -0.0167
vn 0.9833 -0.0172 0.1811
vn 0.9826 -0.0070 0.1856
vn 0.9822 -0.0352 0.1842
vn 0.9774 -0.0243 0.2101
vn 0.9762 -0.0005 0.2169
vn 0.9765 -0.0209 0.2146
vn 0.9837 -0.0035 0.1799
vn 0.9845 0.0088 0.1749
vn 0.9849 -0.0112 0.1728
vn 0.9840 0.0100 0.1778
vn 0.9838 -0.0017 0.1794
vn 0.9831 0.0108 0.1826
vn 0.9825 0.0134 0.1857
vn 0.9836 0.0113 0.1798
vn 0.9863 -0.0318 0.1617
vn 0.9887 -0.0026 0.1497
vn 0.9876 -0.0186 0.1556
vn -0.9871 -0.0024 -0.1601
vn -0.9860 -0.0027 -0.1665
vn -0.9887 -0.0075 -0.1495
vn -0.9622 0.0501 -0.2675
vn -0.9598 0.0471 -0.2767
vn -0.9592 0.0386 -0.2800
vn -0.9844 -0.0039 -0.1757
vn -0.9833 0.0038 -0.1817
vn -0.9845 -0.0019 -0.1755
vn 0.7843 0.5948 0.1761
vn 0.8906 0.4301 -0.1480
vn 0.8343 0.5460 0.0768
vn -0.9851 -0.0095 -0.1717
vn -0.9859 -0.0189 -0.1662
vn -0.9864 -0.0102 -0.1638
vn -0.9844 -0.0187 -0.1750
vn -0.9851 -0.0169 -0.1710
vn -0.9844 -0.0127 -0.1753
vn -0.9847 -0.0044 -0.1739
vn -0.9877 -0.0099 -0.1560
vn -0.9858 -0.0038 -0.1679
vn -0.6646 0.7426 -0.0822
vn -0.8955 0.4352 -0.0932
vn -0.8929 0.3791 -0.2427
vn -0.9332 0.3234 -0.1566
vn -0.9885 -0.1247 -0.0857
vn -0.9828 -0.1613 -0.0897
vn -0.9865 -0.0137 -0.1633
vn -0.9876 -0.0114 -0.1564
vn -0.9848 -0.0279 -0.1714
vn -0.9843 -0.0133 -0.1759
vn -0.9834 -0.0094 -0.1811
vn -0.9839 -0.0143 -0.1783
vn -0.9843 -0.0066 -0.1762
vn -0.9851 -0.0048 -0.1718
vn -0.9846 -0.0045 -0.1749
vn -0.8317 0.5337 -0.1535
vn -0.6761 0.7352 -0.0485
vn -0.9769 0.1836 -0.1096
vn -0.9845 -0.0143 -0.1747
vn -0.9837 -0.0113 -0.1795
vn -0.9857 -0.0036 -0.1687
vn -0.9950 -0.0743 -0.0675
vn -0.9914 -0.1117 -0.0678
vn -0.9331 0.3383 -0.1220
vn -0.9995 -0.0111 -0.0291
vn -0.9843 0.1640 -0.0648
vn -0.9786 0.0267 -0.2041
vn -0.9812 0.0086 -0.1928
vn -0.9822 0.0195 -0.1868
vn -0.9866 -0.0118 -0.1629
vn -0.9857 -0.0058 -0.1685
vn -0.9846 -0.0115 -0.1743
vn -0.9842 -0.0260 -0.1754
vn -0.9822 -0.0280 -0.1858
vn -0.9826 -0.0314 -0.1828
vn -0.9851 -0.0000 -0.1718
vn -0.9842 -0.0031 -0.1769
vn -0.9845 -0.0059 -0.1753
vn -0.9850 -0.0093 -0.1723
vn -0.9857 -0.0102 -0.1680
vn -0.9843 -0.0158 -0.1756
vn -0.9871 -0.0257 -0.1577
vn -0.9860 -0.0070 -0.1665
vn -0.9863 -0.0147 -0.1643
vn -0.9312 0.2813 -0.2318
vn -0.3810 0.8977 -0.2210
vn -0.9065 0.3971 -0.1436
vn -0.9851 -0.0059 -0.1718
vn -0.9863 -0.0088 -0.1649
vn -0.9853 -0.0079 -0.1705
vn -0.9834 0.0071 -0.1814
vn -0.9830 0.0063 -0.1837
vn -0.9831 0.0095 -0.1827
vn -0.9852 -0.0121 -0.1712
vn -0.9853 -0.0123 -0.1705
vn -0.9852 -0.0102 -0.1713
vn -0.9849 -0.0116 -0.1726
vn -0.9858 -0.0125 -0.1672
vn -0.9850 -0.0127 -0.1718
vn -0.9851 -0.0094 -0.1718
vn -0.9851 -0.0049 -0.1717
vn -0.9833 -0.0072 -0.1819
vn -0.9868 -0.0107 -0.1617
vn -0.9852 -0.0032 -0.1717
vn -0.9853 -0.0103 -0.1704
vn -0.9821 -0.0142 -0.1879
vn -0.9818 -0.0135 -0.1893
vn -0.9845 -0.0137 -0.1749
vn -0.9771 0.0203 -0.2116
vn -0.9952 0.0017 -0.0980
vn -0.9756 -0.0464 -0.2146
vn -0.9843 0.1639 -0.0648
vn -0.9992 -0.0395 -0.0088
vn -0.8587 0.3284 -0.3933
vn -0.8050 0.4663 -0.3668
vn -0.8559 0.4988 -0.1369
vn -0.9427 0.3148 -0.1110
vn -0.9938 0.0510 -0.0987
vn -0.5467 0.8063 -0.2260
vn -0.9841 -0.0238 -0.1760
vn -0.9854 -0.0238 -0.1686
vn -0.9839 -0.0216 -0.1773
vn -0.9851 -0.0192 -0.1708
vn -0.9831 -0.0210 -0.1819
vn -0.9837 -0.0185 -0.1790
vn -0.9861 -0.0000 -0.1663
vn -0.9855 -0.0042 -0.1696
vn -0.9859 -0.0006 -0.1671
vn -0.9843 -0.0061 -0.1766
vn -0.9851 -0.0108 -0.1718
vn -0.9851 -0.0126 -0.1716
vn -0.9858 0.0097 -0.1674
vn -0.9881 0.0020 -0.1537
vn -0.9867 0.0002 -0.1625
vn -0.9833 -0.0053 -0.1821
vn -0.9830 -0.0102 -0.1831
vn -0.9828 -0.0110 -0.1841
vn -0.9831 -0.0029 -0.1831
vn -0.9842 -0.0015 -0.1772
vn -0.9846 -0.0059 -0.1748
vn -0.9848 0.0004 -0.1738
vn -0.9844 -0.0034 -0.1761
vn -0.9851 -0.0001 -0.1718
vn -0.9331 0.3383 -0.1219
vn -0.6028 0.7732 -0.1967
vn -0.6036 0.7725 -0.1972
vn -0.9332 0.3376 -0.1231
vn -0.8468 0.5225 -0.0996
vn -0.9714 0.0551 -0.2310
vn -0.8105 0.5809 -0.0753
vn -0.8043 0.5486 -0.2285
vn -0.8200 0.4599 -0.3407
vn -0.2768 0.9467 -0.1648
vn -0.5809 0.7454 -0.3270
vn -0.9844 -0.0078 -0.1757
vn -0.9856 -0.0137 -0.1685
vn -0.9847 -0.0144 -0.1737
vn -0.8466 0.5231 -0.0978
vn -0.9844 0.1640 -0.0635
vn -0.6035 0.7728 -0.1964
vn -0.9843 -0.0106 -0.1759
vn -0.9845 -0.0122 -0.1748
vn -0.9843 -0.0146 -0.1757
vn -0.9949 0.0892 -0.0472
vn -0.9933 -0.1099 0.0357
vn -0.9967 0.0788 -0.0193
vn -0.9815 -0.0168 -0.1907
vn -0.9819 -0.0182 -0.1884
vn -0.9821 -0.0171 -0.1875
vn 0.8475 0.5307 -0.0025
vn 0.8591 0.5044 -0.0862
vn 0.8974 0.4393 0.0417
vn -0.1609 0.0471 0.9858
vn -0.1203 -0.0458 0.9917
vn -0.1091 -0.0241 0.9937
vn -0.1166 -0.0375 0.9925
vn -0.0899 -0.0075 0.9959
vn -0.1767 -0.0224 0.9840
vn -0.9747 -0.0106 -0.2232
vn -0.8868 0.4191 -0.1948
vn -0.9938 -0.0216 -0.1087
vn -0.1654 -0.0002 0.9862
vn -0.1217 -0.0632 0.9906
vn -0.1678 -0.0460 0.9847
vn -0.9799 -0.0136 -0.1990
vn -0.9795 -0.0096 -0.2013
vn -0.9777 -0.0781 -0.1952
vn -0.9831 -0.0049 -0.1831
vn -0.9779 -0.0299 -0.2071
vn -0.9821 -0.0265 -0.1866
vn -0.0014 0.8720 -0.4896
vn -0.1827 0.5856 -0.7897
vn -0.5043 0.5763 -0.6431
vn -0.9862 -0.0139 -0.1647
vn -0.9847 -0.0167 -0.1733
vn -0.9849 -0.0115 -0.1728
vn -0.9833 0.0060 -0.1820
vn -0.9811 0.0036 -0.1936
vn -0.9834 0.0153 -0.1806
vn -0.7188 0.6912 -0.0750
vn -0.8922 0.3930 -0.2224
vn -0.8532 0.4763 -0.2126
vn -0.1649 -0.0135 0.9862
vn -0.1607 -0.0247 0.9867
vn -0.1586 -0.0123 0.9873
vn -0.9819 -0.0233 -0.1880
vn -0.9821 -0.0329 -0.1853
vn -0.9830 -0.0165 -0.1829
vn -0.9839 -0.0596 -0.1683
vn -0.9840 -0.0552 -0.1692
vn -0.9841 -0.0644 -0.1657
vn -0.9870 0.0230 -0.1590
vn -0.9913 0.0264 -0.1291
vn -0.9885 0.0082 -0.1509
vn -0.9864 -0.0070 -0.1641
vn -0.9870 -0.0105 -0.1601
vn -0.9866 -0.0154 -0.1625
vn -0.9858 -0.0009 -0.1681
vn -0.9865 -0.0005 -0.1638
vn -0.9847 0.0013 -0.1740
vn -0.9809 0.0893 -0.1727
vn -0.9913 0.0101 -0.1312
vn -0.9878 0.0098 -0.1552
vn -0.9867 -0.0055 -0.1623
vn -0.9870 -0.0054 -0.1604
vn -0.9861 0.0008 -0.1664
vn -0.9854 -0.0010 -0.1705
vn -0.9857 -0.0009 -0.1685
vn -0.9846 -0.0132 -0.1742
vn -0.9847 -0.0407 -0.1694
vn -0.9852 -0.0171 -0.1706
vn -0.9850 -0.0174 -0.1716
vn -0.9871 -0.0047 -0.1601
vn -0.9862 -0.0043 -0.1655
vn -0.9865 -0.0093 -0.1637
vn -0.1391 -0.0213 0.9901
vn -0.1156 -0.0027 0.9933
vn -0.1589 0.0739 0.9845
vn -0.1780 0.0504 0.9827
vn -0.1945 -0.0518 0.9795
vn -0.1932 -0.0474 0.9800
vn -0.1556 -0.0722 0.9852
vn -0.2034 -0.0760 0.9761
vn -0.1413 -0.0144 0.9899
vn -0.0078 0.0125 0.9999
vn 0.0006 0.0523 0.9986
vn -0.0341 0.2282 0.9730
vn -0.9863 -0.0636 -0.1522
vn -0.8831 0.3450 -0.3180
vn -0.9872 0.0279 -0.1572
vn -0.8953 0.1552 -0.4175
vn -0.8948 0.1421 -0.4232
vn -0.8725 0.1224 -0.4731
vn -0.1444 -0.0040 0.9895
vn -0.1499 0.0044 0.9887
vn -0.1548 -0.0053 0.9879
vn -0.9895 -0.0976 -0.1069
vn -0.9572 0.2802 0.0726
vn -0.9801 -0.1283 -0.1513
vn -0.3573 0.4701 0.8070
vn -0.2295 0.1549 0.9609
vn 0.2162 0.7978 0.5629
vn -0.1213 -0.0768 0.9896
vn -0.1590 0.2660 0.9508
vn -0.3109 0.6095 0.7293
vn -0.6881 -0.1355 0.7129
vn -0.9979 -0.0628 -0.0129
vn -0.7139 0.0086 0.7002
vn -0.2203 0.1844 0.9578
vn -0.1128 -0.0179 0.9935
vn -0.1461 0.0090 0.9892
vn 0.0377 -0.4006 0.9155
vn 0.0811 -0.3670 0.9267
vn 0.0635 -0.3754 0.9247
vn -0.2269 0.0106 0.9738
vn -0.1883 -0.0315 0.9816
vn -0.1214 -0.0768 0.9896
vn -0.1785 0.0118 0.9839
vn -0.1731 -0.0330 0.9844
vn -0.5307 0.8309 -0.1675
vn -0.9806 -0.0041 -0.1960
vn -0.8823 0.4005 -0.2473
vn -0.9927 -0.0543 0.1076
vn -0.4531 0.3265 0.8295
vn -0.9683 -0.0155 0.2495
vn -0.8558 0.4470 0.2602
vn -0.1994 0.3112 0.9292
vn -0.6116 0.0067 0.7911
vn -0.8320 0.4150 0.3682
vn -0.5543 -0.0488 0.8309
vn -0.9971 -0.0153 0.0752
vn -0.7533 0.2085 0.6237
vn -0.9888 -0.1017 -0.1091
vn -0.8934 0.2780 0.3529
vn -0.8004 0.4701 0.3721
vn -0.9902 0.0522 -0.1298
vn -0.5040 0.8569 -0.1082
vn -0.8631 0.4675 -0.1911
vn -0.0375 0.9984 0.0433
vn -0.4606 0.8804 -0.1129
vn -0.1751 0.4245 0.8883
vn -0.8096 0.5613 0.1718
vn 0.1330 0.9737 0.1851
vn -0.7629 0.5532 -0.3345
vn -0.7132 0.6188 -0.3293
vn -0.7056 0.6024 -0.3731
vn -0.2062 -0.0305 0.9780
vn -0.1568 -0.0624 0.9857
vn -0.2189 -0.0048 0.9757
vn 0.1547 0.9780 0.1402
vn -0.4033 0.9017 -0.1559
vn 0.0407 0.9991 -0.0096
vn -0.2359 0.0238 0.9715
vn -0.5502 0.3193 0.7716
vn -0.2419 0.0304 0.9698
vn 0.1747 0.0077 -0.9846
vn 0.2051 0.0249 -0.9784
vn 0.1813 0.0152 -0.9833
vn -0.9618 0.2380 -0.1354
vn -0.6863 -0.2676 0.6763
vn -0.9446 -0.0088 0.3282
vn -0.7444 0.1209 0.6567
vn -0.8519 0.2985 0.4303
vn -0.3547 0.0032 0.9350
vn -0.9976 -0.0271 -0.0642
vn -0.9549 0.0097 -0.2967
vn -0.8786 0.4017 0.2583
vn -0.2870 0.9411 0.1785
vn -0.0898 0.9866 0.1361
vn -0.8250 0.4176 0.3807
vn -0.9803 -0.0873 -0.1770
vn -0.9741 -0.1305 -0.1846
vn -0.9891 -0.0449 -0.1401
vn 0.0731 0.9489 0.3070
vn -0.8018 0.4284 0.4167
vn -0.0899 0.9854 0.1449
vn 0.0359 0.9988 0.0328
vn 0.0173 0.9872 0.1586
vn -0.8540 0.4953 0.1595
vn -0.0462 0.0157 0.9988
vn -0.1743 -0.0463 0.9836
vn -0.1811 -0.0139 0.9834
vn -0.1973 -0.2894 -0.9366
vn -0.1508 -0.2843 -0.9468
vn 0.0710 -0.3083 -0.9486
vn -0.9861 -0.0066 -0.1658
vn -0.9844 -0.0323 -0.1729
vn -0.9831 -0.0108 -0.1827
vn -0.2162 -0.0052 0.9763
vn -0.1688 0.0460 0.9846
vn -0.1850 -0.0062 0.9827
vn -0.1693 0.0093 0.9855
vn -0.1607 0.0351 0.9864
vn -0.1307 0.0411 0.9906
vn -0.6078 0.6461 -0.4617
vn -0.6672 0.6112 -0.4258
vn -0.6369 0.6481 -0.4175
vn -0.2057 0.0442 0.9776
vn -0.1677 -0.0463 0.9848
vn -0.2035 0.1499 0.9675
vn -0.2067 -0.0488 0.9772
vn 0.1425 -0.0034 -0.9898
vn 0.1386 0.0344 -0.9898
vn 0.1422 0.0514 -0.9885
vn -0.0163 0.6717 0.7407
vn -0.3833 0.1645 0.9088
vn -0.2396 0.7204 0.6509
vn -0.3590 0.1662 0.9184
vn -0.2011 0.0432 0.9786
vn -0.2319 0.7232 0.6506
vn -0.2010 -0.0360 0.9789
vn -0.1929 -0.0474 0.9801
vn -0.1680 -0.0377 0.9851
vn -0.3805 0.8672 0.3212
vn -0.0027 0.9034 -0.4288
vn 0.0201 0.8983 -0.4388
vn -0.9749 -0.0243 -0.2212
vn -0.9779 -0.0382 -0.2055
vn -0.9840 -0.0178 -0.1771
vn -0.0847 0.8750 0.4767
vn 0.2067 0.7813 0.5890
vn 0.0436 0.9979 -0.0474
vn -0.1691 -0.0042 0.9856
vn -0.1714 -0.0161 0.9851
vn -0.1586 0.0053 0.9873
vn -0.9828 0.0095 -0.1845
vn -0.9860 -0.0067 -0.1667
vn -0.9831 -0.0092 -0.1830
vn -0.9780 0.0019 -0.2084
vn -0.9877 -0.0065 -0.1565
vn -0.9996 0.0224 -0.0194
vn -0.1234 -0.0003 0.9924
vn -0.1460 0.0510 0.9880
vn 0.0774 0.0902 0.9929
vn -0.1889 -0.0559 0.9804
vn -0.1781 -0.0119 0.9839
vn -0.1993 -0.0331 0.9794
vn -0.0613 0.9906 0.1220
vn 0.1864 0.3765 0.9075
vn -0.1965 0.3545 0.9142
vn 0.5939 0.0120 -0.8044
vn 0.9016 0.0064 -0.4325
vn 0.9924 0.0223 0.1209
vn -0.1603 -0.0251 0.9867
vn -0.1673 -0.0154 0.9858
vn -0.1748 -0.0376 0.9839
vn -0.1763 -0.0360 0.9837
vn -0.1796 -0.0347 0.9831
vn -0.1645 -0.0165 0.9862
vn -0.2260 0.0040 0.9741
vn -0.2079 -0.0027 0.9781
vn -0.1757 0.0488 0.9832
vn -0.4468 0.2187 0.8675
vn -0.3354 0.2553 0.9068
vn -0.2201 -0.0326 0.9749
vn -0.2037 0.0325 0.9785
vn -0.1736 0.0028 0.9848
vn -0.2006 -0.0120 0.9796
vn -0.2180 0.0137 0.9759
vn -0.1832 -0.0333 0.9825
vn -0.2019 0.0071 0.9794
vn -0.3664 0.9122 0.1835
vn -0.0919 0.9841 0.1520
vn -0.3372 0.9414 0.0005
vn -0.5322 -0.0830 0.8425
vn -0.5702 0.0586 0.8194
vn -0.1099 0.1034 0.9885
vn -0.2243 0.0164 0.9744
vn -0.1926 0.0043 0.9813
vn -0.1883 -0.0316 0.9816
vn -0.1859 0.0105 0.9825
vn -0.1944 0.0124 0.9809
vn -0.1682 -0.0259 0.9854
vn -0.1592 0.0036 0.9872
vn -0.1614 -0.0111 0.9868
vn -0.1672 -0.0065 0.9859
vn -0.6470 0.6297 -0.4301
vn -0.6055 0.6521 -0.4562
vn -0.6169 0.6347 -0.4653
vn -0.3276 0.2543 0.9099
vn -0.1471 -0.0526 0.9877
vn -0.2158 -0.0338 0.9759
vn 0.3344 0.0299 0.9419
vn -0.1226 -0.0111 0.9924
vn 0.0820 0.0794 0.9935
vn 0.9879 0.0280 0.1527
vn 0.9881 0.0169 0.1526
vn 0.9876 0.0269 0.1548
vn 0.9847 -0.0045 0.1743
vn 0.9841 -0.0135 0.1773
vn 0.9848 -0.0081 0.1738
vn -0.2271 0.1751 0.9580
vn -0.2468 -0.0484 0.9679
vn -0.2538 -0.0401 0.9664
vn -0.2129 0.0697 0.9746
vn -0.2215 0.2660 0.9382
vn -0.1976 0.3270 0.9241
vn -0.1494 -0.0637 0.9867
vn -0.2036 -0.0429 0.9781
vn -0.1955 -0.0424 0.9798
vn -0.2010 -0.2859 0.9370
vn -0.0726 -0.2249 0.9717
vn 0.0646 -0.3297 0.9419
vn -0.9863 -0.0059 -0.1651
vn -0.9839 -0.0621 -0.1677
vn -0.9838 -0.0220 -0.1779
vn 0.2653 0.7995 0.5389
vn 0.1058 0.8932 0.4371
vn -0.3594 0.4899 0.7942
vn -0.1671 -0.0027 0.9859
vn -0.1672 0.0038 0.9859
vn -0.1564 0.0235 0.9874
vn -0.2044 -0.0605 0.9770
vn -0.1790 -0.0048 0.9838
vn -0.1815 -0.0179 0.9832
vn 0.9847 0.0083 0.1740
vn 0.9836 0.0123 0.1799
vn 0.9828 0.0092 0.1846
vn 0.9855 0.0229 0.1682
vn 0.9850 0.0140 0.1719
vn 0.9855 0.0130 0.1689
vn 0.9861 0.0148 0.1658
vn 0.9853 0.0171 0.1701
vn 0.9850 0.0190 0.1713
vn 0.4214 0.5962 -0.6834
vn 0.4775 0.5561 -0.6802
vn 0.4272 0.4704 -0.7722
vn 0.9861 0.0150 0.1653
vn 0.9864 0.0167 0.1635
vn 0.9856 0.0110 0.1689
vn 0.9833 0.0062 0.1817
vn 0.9842 0.0138 0.1765
vn 0.9774 -0.0054 0.2115
vn 0.8335 0.1049 0.5425
vn 0.8574 0.0030 0.5146
vn 0.8571 -0.3758 0.3523
vn -0.6269 -0.0412 0.7780
vn -0.9060 -0.1897 0.3783
vn -0.8708 -0.1885 0.4540
vn 0.5587 0.6436 0.5231
vn -0.2907 0.6517 0.7006
vn 0.5315 0.3837 0.7552
vn -0.8031 0.0458 0.5941
vn -0.7192 0.0722 0.6910
vn -0.6986 0.0628 0.7128
vn -0.5201 0.0669 0.8515
vn -0.3348 0.0747 0.9393
vn -0.5760 -0.0717 0.8143
vn 0.8788 0.1683 0.4465
vn 0.8886 0.2762 0.3662
vn 0.7806 0.1543 0.6057
vn 0.8545 0.2086 0.4757
vn 0.1314 0.4129 0.9013
vn 0.3919 0.6862 0.6128
vn 0.3377 0.4699 0.8156
vn 0.3298 0.2601 0.9075
vn 0.0805 -0.0408 0.9959
vn -0.1169 -0.0159 0.9930
vn 0.2753 -0.1982 0.9407
vn -0.0060 -0.2576 0.9662
vn -0.0022 -0.2731 0.9620
vn 0.2453 -0.2024 0.9481
vn 0.3437 -0.1301 0.9300
vn -0.0455 -0.1123 0.9926
vn 0.1560 0.0486 0.9866
vn -0.0037 0.1612 0.9869
vn 0.6514 0.4026 -0.6431
vn 0.7410 0.4691 -0.4806
vn 0.8019 0.4229 -0.4220
vn -0.0516 -0.1035 0.9933
vn 0.1473 -0.0937 0.9846
vn -0.0732 -0.1781 0.9813
vn 0.6722 0.2744 0.6876
vn 0.8858 0.2372 0.3990
vn 0.8883 0.3075 0.3411
vn 0.6709 0.0004 0.7415
vn 0.8312 0.1195 0.5430
vn 0.7026 0.1973 0.6837
vn -0.5562 0.3414 0.7577
vn -0.3235 -0.2703 0.9068
vn -0.4185 -0.1555 0.8948
vn 0.1443 0.0221 0.9893
vn 0.0950 0.2234 0.9701
vn -0.0358 0.0852 0.9957
vn -0.0581 0.1130 0.9919
vn 0.1007 0.2397 0.9656
vn 0.0245 0.2941 0.9555
vn 0.0748 -0.1005 0.9921
vn 0.2223 0.2856 0.9322
vn 0.3587 -0.1870 0.9145
vn 0.1752 0.3549 0.9184
vn 0.2669 0.4340 0.8605
vn -0.0730 -0.0956 0.9927
vn -0.0731 -0.0956 0.9927
vn 0.0834 -0.0382 0.9958
vn 0.5111 0.3087 0.8022
vn 0.2617 0.2888 0.9209
vn 0.3722 0.4726 0.7988
vn 0.4708 0.3052 0.8278
vn 0.1000 0.1578 0.9824
vn 0.3323 0.2449 0.9108
vn -0.3346 0.6267 0.7038
vn -0.3578 0.3641 0.8599
vn -0.4052 -0.0942 0.9094
vn -0.3806 0.2712 0.8841
vn -0.1553 -0.1106 0.9817
vn -0.3109 -0.3092 0.8988
vn -0.4876 -0.3181 0.8130
vn -0.5886 -0.5746 0.5687
vn -0.4436 0.2750 0.8530
vn -0.6897 0.1379 0.7109
vn -0.7461 0.1891 0.6384
vn -0.7755 0.1716 0.6076
vn -0.5333 0.0305 0.8454
vn -0.6264 0.0561 0.7774
vn -0.3230 0.0639 0.9442
vn -0.9585 -0.0971 0.2681
vn -0.9420 -0.2580 0.2146
vn -0.9039 -0.1910 0.3829
vn -0.5512 0.0203 0.8341
vn -0.8750 -0.2084 0.4370
vn -0.9434 -0.2567 0.2099
vn -0.8708 -0.1886 0.4540
vn -0.4460 -0.1998 0.8724
vn -0.5894 0.3803 0.7127
vn -0.7228 0.2068 0.6594
vn -0.2261 0.0645 0.9720
vn -0.3190 0.0577 0.9460
vn -0.3808 0.0571 0.9229
vn -0.2509 -0.2449 0.9365
vn -0.4898 0.3544 0.7966
vn -0.1665 0.3382 0.9262
vn -0.2838 0.1839 0.9411
vn -0.4577 0.1390 0.8782
vn -0.2425 0.1451 0.9592
vn -0.1552 -0.0433 0.9869
vn 0.0464 -0.0535 0.9975
vn -0.3062 -0.0833 0.9483
vn 0.7836 0.6019 0.1538
vn 0.7188 0.6856 0.1150
vn 0.6878 0.7240 0.0527
vn 0.2690 0.2429 0.9320
vn 0.5185 0.1698 0.8380
vn 0.0896 0.1537 0.9840
vn 0.8561 -0.1486 0.4950
vn 0.7597 0.1674 0.6284
vn 0.7726 -0.2551 0.5814
vn 0.7278 -0.5271 0.4387
vn 0.7033 -0.4985 0.5068
vn 0.8252 -0.2539 0.5046
vn 0.6988 -0.5000 0.5115
vn 0.7289 -0.5129 0.4534
vn 0.7108 -0.4391 0.5495
vn 0.7183 -0.4566 0.5249
vn 0.7380 -0.2622 0.6218
vn 0.6876 -0.5109 0.5160
vn -0.4804 -0.4341 0.7621
vn 0.0475 -0.4619 0.8857
vn -0.3250 -0.5431 0.7742
vn 0.7481 0.6192 0.2387
vn 0.7508 0.5780 0.3197
vn 0.7099 0.6761 0.1972
vn 0.7727 -0.3067 0.5558
vn 0.8263 0.1343 0.5470
vn 0.7600 -0.5239 0.3847
vn 0.6735 0.3518 0.6500
vn 0.8768 0.1029 0.4698
vn 0.7744 -0.2734 0.5706
vn 0.9544 -0.0069 0.2984
vn 0.7058 -0.2927 0.6451
vn 0.5991 -0.3540 0.7182
vn 0.3152 -0.0623 0.9470
vn 0.8828 -0.2883 0.3709
vn 0.7400 -0.1711 0.6505
vn 0.8788 0.1778 0.4428
vn 0.8019 0.5633 0.1990
vn 0.7446 -0.2677 0.6115
vn 0.8885 0.1045 0.4469
vn 0.7433 0.3367 0.5780
vn 0.7263 0.6205 0.2959
vn -0.0673 0.1580 0.9851
vn -0.0200 0.2407 0.9704
vn 0.1176 0.1461 0.9823
vn 0.8216 0.1303 0.5550
vn 0.7334 -0.4303 0.5263
vn 0.7447 -0.5102 0.4304
vn -0.8783 0.2023 0.4332
vn -0.8719 0.1397 0.4693
vn -0.8461 0.4285 0.3170
vn -0.7308 0.5940 0.3362
vn -0.6872 0.6275 0.3661
vn -0.7371 0.5707 0.3619
vn -0.8726 0.1414 0.4676
vn -0.8997 0.1927 0.3916
vn -0.8239 -0.2787 0.4934
vn -0.2965 0.6314 0.7165
vn -0.3927 -0.0885 0.9154
vn -0.4579 0.4798 0.7484
vn 0.1258 0.1694 0.9775
vn 0.0325 0.0294 0.9990
vn 0.0099 -0.0107 0.9999
vn -0.0297 -0.4923 0.8699
vn -0.4228 -0.2092 0.8817
vn -0.5419 -0.3779 0.7507
vn -0.0172 -0.0369 0.9992
vn -0.2912 -0.2595 0.9208
vn -0.3806 -0.3116 0.8706
vn 0.7309 0.6698 -0.1309
vn 0.6732 0.7189 -0.1730
vn 0.6674 0.7398 -0.0851
vn 0.5344 0.1241 0.8361
vn 0.3543 0.0803 0.9317
vn 0.1121 0.1102 0.9876
vn -0.1961 0.1568 0.9680
vn -0.5246 -0.0222 0.8511
vn -0.1537 0.1699 0.9734
vn -0.6167 -0.1650 0.7697
vn -0.7476 0.6144 0.2523
vn -0.8199 0.4993 0.2801
vn 0.5535 -0.2634 0.7901
vn 0.6759 0.4286 0.5995
vn 0.3498 0.2096 0.9131
vn -0.2076 0.1374 0.9685
vn 0.1210 0.1996 0.9724
vn -0.0499 0.1609 0.9857
vn -0.7747 0.1216 0.6205
vn -0.6689 0.3088 0.6762
vn -0.7454 0.3974 0.5352
vn -0.6764 -0.1688 0.7169
vn -0.9755 0.0075 0.2197
vn -0.8051 -0.2678 0.5292
vn -0.5399 -0.4527 0.7097
vn -0.7032 -0.4645 0.5383
vn -0.6388 -0.6019 0.4793
vn -0.7870 0.1589 0.5961
vn -0.7383 0.1906 0.6470
vn -0.7536 0.0345 0.6564
vn -0.3152 0.0883 0.9449
vn -0.1400 0.1855 0.9726
vn -0.5363 0.0573 0.8421
vn 0.0901 0.2602 0.9613
vn -0.1250 0.2245 0.9664
vn -0.0786 0.2433 0.9668
vn -0.4740 -0.2404 0.8471
vn -0.5735 -0.4871 0.6587
vn -0.8752 0.0074 0.4838
vn 0.2678 0.1869 0.9452
vn 0.3777 0.1335 0.9162
vn 0.2913 0.2051 0.9344
vn 0.3611 0.1973 0.9114
vn 0.3432 0.1620 0.9252
vn 0.2541 0.1718 0.9518
vn 0.3994 0.1928 0.8963
vn 0.2185 0.3962 0.8918
vn 0.3731 0.1638 0.9132
vn 0.2060 0.3758 0.9035
vn 0.3208 0.2549 0.9122
vn 0.1902 0.2439 0.9510
vn 0.0584 0.2865 0.9563
vn 0.0158 0.1869 0.9823
vn -0.1810 0.3198 0.9300
vn -0.6378 -0.3893 0.6645
vn -0.5442 -0.4336 0.7183
vn -0.5222 -0.2759 0.8070
vn -0.8853 0.2245 0.4072
vn -0.7964 0.1755 0.5788
vn -0.8273 0.3223 0.4601
vn -0.3687 -0.5122 0.7757
vn -0.4973 -0.3011 0.8137
vn -0.4886 -0.4538 0.7452
vn 0.9169 0.0660 0.3935
vn 0.8167 0.0495 0.5749
vn 0.4960 0.2025 0.8444
vn 0.7412 -0.0361 0.6703
vn 0.8993 0.0412 0.4355
vn 0.5967 -0.4715 0.6493
vn 0.8308 -0.3733 0.4128
vn 0.6085 -0.3012 0.7342
vn 0.8039 0.1292 0.5805
vn 0.0965 0.1629 0.9819
vn 0.1784 0.1505 0.9724
vn 0.3508 0.1100 0.9300
vn 0.9109 0.0615 0.4080
vn 0.5491 -0.3811 0.7438
vn 0.6296 -0.4769 0.6133
vn 0.4422 -0.0128 0.8968
vn 0.5040 0.0433 0.8626
vn 0.8737 -0.0921 0.4776
vn 0.8562 -0.1302 0.5000
vn 0.7096 -0.1148 0.6952
vn 0.4149 -0.0386 0.9090
vn -0.0988 0.0637 0.9931
vn 0.4970 -0.0296 0.8673
vn -0.0257 -0.0200 0.9995
vn 0.4648 0.0329 0.8848
vn -0.1322 -0.0654 0.9891
vn -0.1302 -0.1001 0.9864
vn 0.7434 0.3175 0.5887
vn 0.9129 0.0453 0.4056
vn 0.6451 0.1643 0.7462
vn 0.9378 0.0557 0.3426
vn 0.9872 0.0006 0.1596
vn 0.8558 0.0796 0.5111
vn 0.6363 0.1015 0.7648
vn 0.8784 -0.1148 0.4639
vn 0.4717 0.0658 0.8793
vn 0.6586 0.3225 0.6799
vn 0.7609 -0.0406 0.6476
vn 0.4733 0.1229 0.8723
vn 0.6534 0.2721 0.7064
vn 0.4426 0.2294 0.8669
vn 0.8401 0.0067 0.5424
vn 0.6453 0.3069 0.6995
vn 0.4789 0.1154 0.8703
vn 0.3798 0.5259 0.7610
vn 0.9728 -0.0714 0.2203
vn 0.9656 0.0427 0.2564
vn 0.9604 -0.0380 0.2761
vn 0.8951 -0.0057 0.4458
vn 0.7455 -0.0178 0.6662
vn 0.9367 0.0404 0.3477
vn -0.8016 0.1176 0.5862
vn -0.7898 0.1675 0.5901
vn -0.7377 0.1763 0.6517
vn -0.8210 0.3225 0.4712
vn -0.8491 0.3896 0.3567
vn -0.8836 0.2217 0.4125
vn -0.8126 0.1400 0.5657
vn -0.7816 0.1217 0.6117
vn -0.7667 0.0132 0.6419
vn -0.7049 0.0970 0.7026
vn -0.6593 0.2119 0.7215
vn -0.4988 0.0259 0.8663
vn -0.8105 0.3390 0.4776
vn -0.7660 0.5275 0.3673
vn -0.8486 0.3833 0.3646
vn 0.4326 0.3936 0.8112
vn 0.2567 0.3099 0.9155
vn 0.3625 0.3800 0.8510
vn 0.0863 -0.3690 0.9254
vn -0.4621 -0.2248 0.8579
vn -0.0511 -0.4496 0.8918
vn -0.8572 0.4357 0.2744
vn -0.8716 0.3657 0.3264
vn -0.7939 0.5348 0.2894
vn -0.7319 0.4761 0.4874
vn -0.6760 0.5796 0.4550
vn -0.7111 0.5845 0.3909
vn -0.6535 -0.0014 0.7569
vn -0.6082 -0.0810 0.7896
vn -0.6880 -0.0493 0.7240
vn -0.5639 0.0433 0.8247
vn -0.5073 -0.0022 0.8618
vn -0.4562 -0.1110 0.8829
vn -0.1815 -0.2589 0.9487
vn 0.1232 -0.2901 0.9490
vn 0.0269 -0.4933 0.8695
vn -0.6359 -0.0030 0.7718
vn -0.5813 -0.0258 0.8133
vn -0.6282 0.0439 0.7768
vn -0.6500 -0.0274 0.7595
vn -0.5712 0.0228 0.8205
vn -0.5342 -0.0066 0.8453
vn -0.5031 -0.0357 0.8635
vn -0.5165 0.0037 0.8563
vn -0.1443 -0.1616 0.9763
vn 0.9194 0.1427 0.3666
vn 0.9071 0.3442 0.2422
vn 0.8828 0.2236 0.4132
vn -0.3800 -0.5062 0.7742
vn -0.0069 -0.4405 0.8977
vn -0.5212 -0.3301 0.7870
vn 0.3825 0.0381 0.9232
vn 0.4131 0.2581 0.8733
vn 0.1088 0.2431 0.9639
vn -0.6843 -0.1681 0.7096
vn -0.8314 -0.2495 0.4964
vn -0.6444 -0.1469 0.7505
vn 0.1670 0.7614 0.6264
vn 0.1196 -0.2454 0.9620
vn 0.3032 0.3788 0.8744
vn 0.9262 0.3079 0.2178
vn 0.8830 0.2984 0.3623
vn 0.8832 0.2374 0.4045
vn -0.0153 0.7468 0.6648
vn -0.1102 0.6659 0.7379
vn -0.0190 0.7866 0.6171
vn 0.3394 0.0475 0.9395
vn 0.5677 0.1530 0.8089
vn 0.3480 0.2687 0.8981
vn 0.9325 0.1376 0.3338
vn 0.8369 0.1456 0.5276
vn 0.7818 -0.0327 0.6227
vn -0.3915 0.0020 0.9202
vn -0.3761 -0.1454 0.9151
vn -0.6090 0.0101 0.7931
vn 0.3237 0.2938 0.8994
vn 0.4212 0.1890 0.8871
vn 0.2444 0.4841 0.8402
vn 0.6249 -0.1635 0.7634
vn 0.6949 -0.3718 0.6155
vn 0.7625 -0.2662 0.5897
vn -0.1568 0.8388 0.5214
vn -0.1238 0.7224 0.6803
vn 0.3461 0.2147 0.9133
vn 0.3593 0.2258 0.9055
vn -0.1484 0.6718 0.7257
vn -0.1023 0.7313 0.6743
vn -0.8741 0.0986 0.4757
vn -0.7976 -0.3136 0.5153
vn -0.6691 -0.4178 0.6146
vn -0.6332 0.4575 0.6244
vn -0.7338 0.2091 0.6464
vn -0.9924 -0.0971 0.0750
vn 0.2039 0.4877 0.8489
vn 0.1015 0.4735 0.8749
vn 0.3019 0.3055 0.9031
vn 0.1944 0.4934 0.8478
vn -0.1386 0.6768 0.7230
vn 0.1057 0.4803 0.8707
vn -0.6907 0.6223 0.3683
vn -0.7330 0.5443 0.4080
vn -0.6973 0.5487 0.4612
vn -0.5682 0.6710 0.4764
vn -0.6482 0.5752 0.4990
vn -0.6274 0.5839 0.5153
vn 0.6683 0.4437 0.5971
vn 0.8304 0.5315 0.1670
vn 0.1584 0.7907 0.5914
vn -0.7503 0.5666 0.3406
vn -0.6795 0.6661 0.3076
vn -0.7024 0.6636 0.2576
vn -0.6590 -0.4756 0.5827
vn -0.7525 -0.3027 0.5849
vn -0.6819 0.2881 0.6723
vn -0.6927 -0.3629 0.6233
vn -0.5220 -0.5399 0.6604
vn -0.6279 -0.4026 0.6660
vn -0.6618 -0.0002 0.7497
vn -0.5354 -0.0742 0.8413
vn -0.4470 -0.2322 0.8639
vn 0.6422 0.3063 0.7027
vn 0.7425 0.1677 0.6485
vn 0.7515 0.3161 0.5791
vn -0.6931 -0.3846 0.6097
vn -0.8112 -0.2646 0.5216
vn -0.7081 -0.3433 0.6171
vn -0.1329 0.6587 0.7405
vn 0.1419 0.4324 0.8905
vn 0.0078 0.7810 0.6245
vn 0.7950 0.6039 -0.0570
vn 0.7553 0.6536 0.0473
vn 0.7955 0.6057 0.0171
vn 0.3823 0.1584 0.9103
vn 0.4658 0.2459 0.8500
vn -0.0105 0.8593 0.5114
vn -0.6692 0.2557 0.6977
vn -0.7417 0.1158 0.6607
vn -0.6156 -0.5102 0.6006
vn 0.0941 0.4735 0.8758
vn -0.1483 0.6718 0.7257
vn -0.0709 0.5260 0.8475
vn 0.9227 0.3317 0.1963
vn 0.9212 0.3436 0.1824
vn 0.8824 0.3239 0.3414
vn -0.7356 0.1920 0.6497
vn -0.8559 0.1851 0.4829
vn -0.6399 -0.2502 0.7266
vn -0.0497 0.5245 0.8499
vn -0.1265 0.6717 0.7299
vn 0.1825 0.7803 0.5982
vn 0.5811 0.2633 0.7700
vn 0.7580 0.1932 0.6230
vn 0.6491 0.3117 0.6939
vn 0.8241 0.5217 0.2204
vn 0.8734 0.2752 0.4018
vn 0.8799 0.4180 0.2260
vn -0.3570 -0.0184 0.9339
vn -0.5067 0.1022 0.8561
vn -0.4166 0.0146 0.9090
vn 0.6431 0.3188 0.6962
vn 0.6670 0.2115 0.7144
vn 0.7532 0.2569 0.6056
vn 0.7315 0.1577 0.6634
vn 0.6384 -0.1148 0.7611
vn 0.7612 -0.2541 0.5967
vn 0.9298 0.3139 0.1921
vn 0.9343 0.3514 0.0594
vn 0.9335 0.3476 0.0882
vn 0.6395 0.1073 0.7613
vn 0.6445 -0.1325 0.7530
vn 0.7670 0.1159 0.6311
vn 0.1034 0.1566 0.9822
vn -0.0443 0.3482 0.9364
vn 0.1158 0.1975 0.9734
vn 0.5772 -0.0617 0.8143
vn 0.6661 -0.1019 0.7389
vn 0.6901 0.1091 0.7155
vn 0.9206 0.3170 0.2279
vn 0.9260 0.3586 0.1182
vn 0.9254 0.3178 0.2066
vn 0.7773 0.6199 0.1072
vn 0.7845 0.5364 0.3111
vn 0.7952 0.6038 0.0565
vn 0.9337 0.3553 0.0447
vn 0.9353 0.3538 0.0089
vn 0.9251 0.3733 0.0687
vn -0.0728 0.7959 0.6010
vn -0.1455 0.5498 0.8225
vn -0.1038 0.3865 0.9164
vn 0.8376 0.3938 0.3787
vn 0.5824 -0.0992 0.8069
vn 0.5442 0.6317 0.5522
vn -0.5575 -0.0585 0.8281
vn -0.3274 0.0794 0.9415
vn -0.6189 -0.0456 0.7841
vn -0.4910 -0.0302 0.8706
vn -0.5236 0.2386 0.8179
vn -0.5206 0.0837 0.8497
vn 0.7012 0.3974 0.5920
vn 0.8907 0.4191 0.1759
vn 0.8854 0.2560 0.3879
vn -0.6153 0.5397 0.5746
vn -0.6359 0.4011 0.6594
vn -0.5840 0.4795 0.6550
vn 0.8482 0.2539 0.4648
vn 0.3718 0.7330 0.5696
vn 0.9663 0.0573 0.2510
vn -0.5635 0.2288 0.7938
vn -0.4116 0.3143 0.8555
vn -0.5057 0.3874 0.7708
vn 0.7059 0.3382 0.6223
vn 0.8565 0.3217 0.4037
vn 0.4447 -0.0447 0.8946
vn 0.9743 -0.0935 0.2050
vn 0.9006 -0.0565 0.4310
vn 0.9569 -0.0100 0.2904
vn 0.8690 0.4903 0.0665
vn 0.7990 0.6013 -0.0025
vn 0.7441 0.6624 0.0871
vn 0.8663 0.3125 0.3898
vn 0.8895 0.4414 0.1184
vn 0.6233 0.4028 0.6702
vn 0.6623 -0.2467 0.7074
vn 0.6505 -0.1054 0.7521
vn 0.3820 -0.1201 0.9163
vn -0.7802 0.1342 0.6110
vn -0.8808 0.0695 0.4684
vn -0.7678 0.1667 0.6187
vn -0.1690 -0.2773 0.9458
vn -0.4883 -0.0394 0.8718
vn -0.1340 -0.1633 0.9774
vn -0.6395 0.0279 0.7682
vn -0.3876 0.1267 0.9131
vn -0.4672 0.1750 0.8667
vn -0.5164 0.2282 0.8254
vn -0.4194 -0.0696 0.9051
vn -0.4005 0.4723 0.7852
vn -0.5107 0.2564 0.8206
vn -0.4936 -0.2629 0.8290
vn -0.4111 -0.0288 0.9111
vn 0.3777 0.6857 0.6222
vn 0.1387 0.4082 0.9023
vn -0.1251 0.4981 0.8580
vn -0.4978 -0.2749 0.8225
vn -0.3266 -0.4994 0.8025
vn -0.3510 -0.1827 0.9184
vn -0.6572 0.1674 0.7349
vn 0.3091 0.2336 0.9219
vn 0.2340 -0.2646 0.9356
vn 0.0794 -0.2977 0.9514
vn 0.1591 -0.1307 0.9786
vn 0.1568 -0.4021 0.9021
vn 0.1874 -0.3025 0.9345
vn 0.5123 -0.0558 0.8570
vn 0.1294 -0.4362 0.8905
vn 0.5318 -0.4325 0.7281
vn 0.2489 -0.2824 0.9264
vn 0.7525 -0.0406 0.6574
vn 0.2932 -0.4211 0.8583
vn 0.8283 0.3186 0.4608
vn 0.7673 0.3332 0.5479
vn -0.4943 0.0049 0.8693
vn -0.5576 0.0444 0.8289
vn -0.7111 0.0840 0.6980
vn -0.4826 -0.1007 0.8701
vn -0.1492 -0.3406 0.9283
vn -0.4168 -0.2046 0.8857
vn 0.2930 -0.3975 0.8696
vn 0.5276 -0.4288 0.7333
vn 0.0475 -0.4490 0.8923
vn -0.1311 0.2717 0.9534
vn -0.1944 0.2309 0.9534
vn 0.2130 -0.1289 0.9685
vn -0.5859 0.2534 0.7698
vn -0.7026 0.1458 0.6965
vn -0.5648 0.0730 0.8220
vn 0.3545 -0.0352 0.9344
vn 0.4441 0.1158 0.8885
vn 0.9084 -0.2438 0.3397
vn 0.7428 -0.0168 0.6693
vn 0.2931 -0.3974 0.8696
vn 0.3379 0.2190 0.9153
vn 0.7444 -0.0718 0.6639
vn 0.2256 -0.2816 0.9326
vn 0.1084 -0.3558 0.9283
vn 0.0231 -0.3219 0.9465
vn 0.5334 -0.3250 0.7810
vn 0.2410 0.0775 0.9674
vn 0.3842 0.2752 0.8813
vn 0.3231 0.2965 0.8987
vn 0.3064 0.4937 0.8139
vn 0.8364 0.1377 0.5305
vn -0.1192 0.7093 0.6947
vn 0.0626 -0.3200 0.9453
vn -0.1992 0.0959 0.9753
vn 0.2524 0.2134 0.9438
vn -0.6689 0.0607 0.7409
vn -0.6545 0.0373 0.7552
vn -0.5384 0.0198 0.8424
vn -0.2676 0.0680 0.9611
vn -0.4279 0.1421 0.8926
vn -0.4923 0.1213 0.8619
vn 0.5622 -0.2564 0.7863
vn 0.3990 -0.1075 0.9106
vn 0.4444 -0.0600 0.8938
vn -0.5665 -0.0571 0.8221
vn -0.6270 -0.0411 0.7780
vn 0.5252 0.1966 0.8279
vn -0.0319 0.1955 0.9802
vn 0.0696 0.1638 0.9840
vn -0.5512 0.0203 0.8342
vn -0.6269 -0.0411 0.7780
vn 0.5751 -0.2024 0.7927
vn 0.6057 -0.3104 0.7327
vn 0.8572 -0.2880 0.4269
vn -0.3874 0.3792 0.8403
vn -0.4420 0.5015 0.7438
vn -0.3031 0.5663 0.7665
vn 0.8878 -0.3206 0.3303
vn 0.9398 0.0504 0.3380
vn 0.6931 -0.1641 0.7019
vn 0.8251 0.3535 0.4408
vn 0.7811 0.5388 0.3154
vn 0.8382 0.3593 0.4103
vn -0.6436 0.0470 0.7639
vn -0.8559 -0.2272 0.4645
vn -0.5388 0.0454 0.8412
vn 0.6833 -0.1850 0.7063
vn 0.7782 -0.0488 0.6262
vn 0.6413 0.0121 0.7672
vn -0.8999 -0.1640 0.4041
vn -0.8498 -0.2298 0.4744
vn -0.9489 -0.2875 0.1305
vn -0.4912 0.1528 0.8575
vn -0.4153 0.0991 0.9043
vn -0.2434 0.1356 0.9604
vn 0.6285 -0.2288 0.7434
vn 0.3418 -0.3150 0.8854
vn 0.6068 -0.1594 0.7787
vn -0.7302 0.1795 0.6593
vn -0.8243 -0.2483 0.5088
vn -0.4528 -0.2276 0.8621
vn 0.4815 0.2999 0.8236
vn 0.5897 -0.2101 0.7798
vn 0.4129 -0.1242 0.9023
vn 0.4254 0.3452 0.8366
vn 0.2614 0.2569 0.9304
vn 0.1868 0.3541 0.9164
vn -0.1054 0.8391 0.5337
vn -0.0081 0.7321 0.6811
vn -0.2058 0.6032 0.7706
vn 0.3942 -0.1591 0.9052
vn 0.2522 -0.0262 0.9673
vn 0.7316 0.2491 0.6346
vn 0.6754 0.1905 0.7125
vn 0.4129 -0.0109 0.9107
vn 0.8291 0.3680 0.4210
vn -0.4167 0.5489 0.7246
vn -0.5431 0.4333 0.7192
vn -0.4316 0.2993 0.8510
vn -0.4349 0.5333 0.7256
vn -0.4176 0.5612 0.7146
vn -0.4448 0.5567 0.7016
vn -0.1552 0.7208 0.6755
vn -0.1279 0.3686 0.9207
vn 0.1206 0.6410 0.7580
vn 0.4604 0.3443 0.8182
vn 0.6667 0.2830 0.6895
vn 0.2280 0.3644 0.9029
vn 0.0134 0.8850 0.4653
vn -0.0247 0.7632 0.6457
vn 0.0306 0.8435 0.5363
vn 0.8753 0.4459 0.1871
vn 0.8668 0.4488 0.2172
vn 0.7238 -0.1185 0.6798
vn 0.6662 0.1968 0.7194
vn 0.3694 0.2371 0.8985
vn 0.4491 0.2049 0.8697
vn 0.6154 0.0614 0.7858
vn 0.6398 0.2517 0.7261
vn 0.4198 0.2388 0.8756
vn 0.7790 -0.0146 0.6268
vn 0.8176 0.1507 0.5558
vn 0.6568 0.0494 0.7524
vn -0.5849 -0.3931 0.7095
vn -0.8665 -0.3655 0.3400
vn -0.4091 -0.4968 0.7654
vn -0.2412 0.8016 0.5471
vn -0.3604 0.7830 0.5069
vn -0.2732 0.8288 0.4883
vn 0.0615 0.2573 0.9644
vn 0.6426 0.3283 0.6923
vn -0.0894 0.1275 0.9878
vn -0.2098 -0.0007 0.9777
vn -0.7320 0.1431 0.6661
vn -0.4038 0.2035 0.8919
vn 0.6341 0.6857 0.3574
vn 0.8838 0.4039 0.2363
vn 0.8522 0.4628 0.2443
vn 0.2580 0.3928 0.8827
vn 0.1851 0.6076 0.7724
vn -0.0645 0.3425 0.9373
vn 0.6125 -0.1283 0.7800
vn 0.6819 -0.1831 0.7082
vn 0.6340 0.0088 0.7733
vn 0.9659 0.2587 0.0126
vn 0.5637 0.4807 0.6717
vn 0.6140 0.5442 0.5718
vn -0.9162 -0.1347 0.3774
vn -0.9529 -0.2645 0.1484
vn -0.9661 -0.0545 0.2524
vn 0.5640 -0.2545 0.7856
vn 0.6462 -0.3038 0.7000
vn 0.4042 -0.1049 0.9086
vn -0.7119 0.4995 0.4936
vn -0.6468 0.4149 0.6399
vn -0.6225 0.5586 0.5481
vn -0.0650 0.2019 0.9772
vn 0.6464 0.3715 0.6664
vn 0.4522 0.2635 0.8521
vn 0.6443 0.4661 0.6063
vn 0.5621 0.1932 0.8042
vn 0.8352 0.4060 0.3709
vn 0.1434 -0.0107 0.9896
vn 0.6802 0.2504 0.6889
vn 0.1966 0.0663 0.9782
vn -0.5972 0.2396 0.7655
vn -0.6752 0.3173 0.6659
vn -0.6971 0.1000 0.7099
vn 0.6402 0.0451 0.7669
vn 0.6903 0.3946 0.6065
vn 0.8685 0.4636 0.1756
vn 0.1628 0.4774 0.8635
vn -0.1524 0.8155 0.5583
vn -0.1023 0.5407 0.8350
vn -0.7901 0.1377 0.5973
vn -0.7076 0.0951 0.7001
vn -0.6775 0.3216 0.6615
vn -0.5234 0.1408 0.8404
vn -0.4152 0.3600 0.8354
vn -0.5673 0.2696 0.7782
vn 0.0744 0.2398 0.9680
vn -0.0646 0.5217 0.8507
vn 0.0235 0.2698 0.9626
vn -0.4957 0.5086 0.7040
vn -0.3791 0.3673 0.8494
vn -0.3623 0.5520 0.7510
vn -0.3744 0.0495 0.9260
vn -0.3124 0.0578 0.9482
vn -0.4994 0.0588 0.8644
vn 0.6406 0.4411 0.6285
vn 0.4920 0.1789 0.8520
vn 0.2483 0.2474 0.9366
vn 0.6611 0.2107 0.7201
vn 0.6762 0.4470 0.5856
vn 0.6955 0.4256 0.5790
vn 0.6753 0.3135 0.6676
vn 0.7258 0.4376 0.5308
vn 0.7893 0.5336 0.3039
vn 0.7758 0.5650 0.2809
vn -0.1851 0.7807 0.5969
vn 0.5459 0.6375 0.5437
vn 0.3204 0.6913 0.6477
vn 0.6724 0.4086 0.6172
vn 0.7258 0.4375 0.5308
vn 0.5061 0.3064 0.8063
vn 0.9380 -0.0277 0.3455
vn 0.9883 0.1501 0.0261
vn 0.6300 0.6700 0.3926
vn -0.6181 0.5200 0.5895
vn -0.5673 0.4835 0.6666
vn -0.5526 0.5990 0.5795
vn 0.2619 0.2400 0.9348
vn 0.5072 0.3382 0.7927
vn 0.4178 0.2816 0.8638
vn 0.7919 0.5356 0.2935
vn 0.7713 0.6288 0.0982
vn 0.7950 0.5478 0.2605
vn 0.6680 0.4200 0.6143
vn 0.4882 0.3241 0.8103
vn 0.5704 0.3770 0.7298
vn -0.0642 0.3064 0.9497
vn -0.4137 0.2240 0.8824
vn -0.2295 0.1439 0.9626
vn 0.2006 0.1557 0.9672
vn 0.0936 0.1880 0.9777
vn -0.1701 0.1377 0.9758
vn 0.5131 0.1907 0.8369
vn 0.4766 0.1172 0.8712
vn 0.6429 0.4403 0.6268
vn 0.8698 0.1727 0.4622
vn 0.5317 -0.1461 0.8342
vn 0.6793 0.1467 0.7191
vn 0.6505 0.4501 0.6118
vn 0.7554 0.3338 0.5639
vn 0.4572 0.2522 0.8529
vn 0.3518 -0.1739 0.9198
vn 0.3074 -0.4367 0.8454
vn 0.2982 -0.2245 0.9277
vn 0.5053 0.2009 0.8393
vn 0.3310 -0.1960 0.9231
vn 0.4834 0.1172 0.8675
vn 0.5870 0.1683 0.7919
vn 0.5397 0.1525 0.8280
vn 0.3559 -0.0736 0.9316
vn 0.5003 0.3048 0.8104
vn 0.5615 0.3004 0.7710
vn 0.6460 0.1485 0.7488
vn -0.0042 -0.0628 0.9980
vn 0.0043 -0.0522 0.9986
vn -0.1040 -0.1266 0.9865
vn -0.3003 0.6095 0.7337
vn -0.3039 0.5924 0.7461
vn -0.0575 0.7190 0.6926
vn 0.4698 -0.0775 0.8793
vn 0.7393 -0.1106 0.6643
vn 0.2215 0.1979 0.9549
vn 0.3056 -0.1741 0.9361
vn 0.0476 -0.4490 0.8923
vn 0.0656 -0.2902 0.9547
vn 0.2930 -0.3974 0.8696
vn -0.7159 0.0349 0.6973
vn -0.7783 0.3373 0.5296
vn -0.8439 0.0544 0.5337
vn -0.1038 -0.2715 0.9568
vn -0.1272 -0.2906 0.9483
vn -0.1628 -0.3083 0.9373
vn -0.0184 -0.5019 0.8647
vn -0.0767 0.0027 0.9970
vn -0.0846 -0.2870 0.9542
vn -0.1148 -0.2302 0.9663
vn 0.8403 0.4923 0.2272
vn 0.6458 0.3740 0.6657
vn 0.8565 0.3471 0.3820
vn 0.8837 0.2196 0.4133
vn 0.6607 0.2358 0.7126
vn 0.7933 0.1099 0.5988
vn 0.1740 0.1484 0.9735
vn 0.1049 0.1016 0.9893
vn 0.3601 0.0475 0.9317
vn -0.8482 0.4235 0.3181
vn -0.8581 0.1457 0.4924
vn -0.8188 0.4613 0.3418
vn 0.6390 0.7539 -0.1527
vn 0.7654 0.6433 0.0193
vn 0.7147 0.6823 -0.1537
vn -0.8056 0.4172 0.4206
vn -0.7717 0.4042 0.4910
vn -0.7928 0.4740 0.3831
vn 0.6903 0.4756 0.5453
vn 0.5115 0.3931 0.7641
vn 0.7982 0.4945 0.3441
vn -0.5665 0.2653 0.7802
vn -0.5736 -0.0068 0.8191
vn -0.5207 0.1221 0.8450
vn 0.1225 0.1876 0.9746
vn -0.1082 0.3771 0.9198
vn -0.2684 0.1716 0.9479
vn -0.3665 0.1763 0.9136
vn -0.2023 0.1216 0.9718
vn -0.3753 0.2110 0.9026
vn 0.1471 0.5263 0.8375
vn -0.1821 0.5968 0.7814
vn 0.0195 0.7258 0.6877
vn -0.2272 0.3113 0.9228
vn -0.3049 0.4219 0.8539
vn -0.1412 0.6705 0.7284
vn -0.1265 0.2891 0.9489
vn -0.0752 0.2971 0.9519
vn -0.1304 0.1732 0.9762
vn 0.7189 0.6767 -0.1590
vn 0.7440 0.6674 0.0338
vn 0.7796 0.6261 -0.0127
vn -0.0274 0.2244 0.9741
vn -0.0951 0.2305 0.9684
vn 0.1950 0.1676 0.9664
vn -0.8126 0.4710 0.3434
vn -0.8596 0.1524 0.4878
vn -0.7935 0.4859 0.3664
vn 0.1367 0.1866 0.9729
vn 0.2669 0.3989 0.8773
vn -0.0748 0.3740 0.9244
vn 0.4313 0.2096 0.8775
vn 0.3559 0.2606 0.8974
vn 0.2133 0.3315 0.9190
vn 0.1613 0.4315 0.8876
vn 0.3921 0.3111 0.8657
vn 0.3101 0.2067 0.9280
vn 0.1944 0.2908 0.9368
vn 0.0126 0.2412 0.9704
vn 0.0088 0.5393 0.8421
vn -0.1643 0.7345 0.6584
vn -0.4090 0.6014 0.6863
vn -0.0640 0.4329 0.8991
vn 0.0345 0.2429 0.9694
vn -0.2573 0.4626 0.8484
vn 0.0328 0.5290 0.8480
vn -0.3711 0.6076 0.7023
vn -0.4015 0.5628 0.7226
vn -0.3782 0.5973 0.7073
vn 0.2196 0.1000 0.9704
vn 0.3208 0.1497 0.9353
vn 0.3677 0.2999 0.8802
vn -0.1733 0.1578 0.9722
vn -0.1955 0.1036 0.9752
vn -0.3168 0.2811 0.9059
vn -0.4118 0.5437 0.7313
vn -0.3585 0.4968 0.7904
vn -0.4272 0.5288 0.7334
vn 0.2078 0.2034 0.9568
vn 0.1691 0.1257 0.9775
vn 0.3890 0.2529 0.8858
vn -0.5230 0.5012 0.6894
vn -0.5249 0.6055 0.5982
vn -0.5450 0.6069 0.5784
vn 0.1113 0.5682 0.8153
vn 0.2693 0.4290 0.8623
vn 0.3816 0.3207 0.8669
vn -0.8620 -0.4182 0.2865
vn -0.4853 -0.7471 0.4543
vn -0.8855 -0.3395 0.3174
vn -0.8048 0.1239 0.5804
vn -0.7669 0.0212 0.6415
vn -0.7007 0.0832 0.7085
vn 0.1433 0.4712 0.8703
vn 0.0985 0.5905 0.8010
vn 0.0616 0.7902 0.6098
vn -0.8933 0.2177 0.3931
vn -0.7807 0.1270 0.6119
vn -0.8134 0.1365 0.5655
vn -0.6939 0.0870 0.7148
vn -0.5370 0.2493 0.8059
vn -0.5498 0.3968 0.7350
vn -0.5559 0.4533 0.6968
vn -0.6485 0.4642 0.6033
vn -0.8018 0.2143 0.5578
vn 0.2500 -0.2695 0.9300
vn 0.0801 0.0625 0.9948
vn 0.0151 -0.0661 0.9977
vn 0.4032 0.3504 0.8454
vn 0.1087 0.1448 0.9835
vn -0.0425 0.2222 0.9741
vn -0.7105 0.0990 0.6967
vn -0.8346 -0.1479 0.5306
vn -0.8692 -0.2488 0.4273
vn -0.2475 0.8208 0.5147
vn -0.0322 0.5741 0.8181
vn -0.1532 0.8167 0.5564
vn 0.0796 0.2143 0.9735
vn 0.1121 0.4559 0.8830
vn -0.1143 0.4694 0.8756
vn -0.1026 0.2335 0.9669
vn -0.1705 0.1323 0.9764
vn -0.1595 0.2035 0.9660
vn -0.5628 0.3056 0.7680
vn -0.5828 0.5079 0.6343
vn -0.6572 0.4100 0.6324
vn 0.1323 0.1561 0.9788
vn 0.2056 0.1858 0.9608
vn -0.1018 0.2388 0.9657
vn -0.5137 0.2740 0.8131
vn -0.6756 0.0979 0.7307
vn -0.5824 -0.3172 0.7485
vn -0.6460 0.0691 0.7602
vn -0.6175 -0.4449 0.6487
vn -0.4901 -0.3376 0.8036
vn -0.0707 -0.1780 0.9815
vn -0.0613 0.1154 0.9914
vn -0.0448 -0.1193 0.9918
vn 0.3481 0.5316 0.7721
vn -0.1194 0.7972 0.5917
vn -0.1420 0.3982 0.9063
vn 0.3376 0.0787 0.9380
vn 0.3899 0.0871 0.9167
vn 0.2381 0.1297 0.9625
vn -0.5684 0.2298 0.7900
vn -0.6239 0.4636 0.6291
vn -0.7039 0.4485 0.5508
vn -0.1099 0.0853 0.9903
vn 0.2070 0.1701 0.9634
vn 0.0984 0.1001 0.9901
vn 0.6112 -0.1684 0.7734
vn 0.3578 0.0582 0.9320
vn 0.3981 -0.0801 0.9139
vn -0.0876 0.6243 0.7762
vn -0.1035 0.7222 0.6839
vn 0.8460 0.1545 0.5102
vn 0.6723 0.1718 0.7201
vn 0.8649 0.2788 0.4173
vn 0.5192 0.0887 0.8500
vn 0.6469 -0.3049 0.6990
vn 0.5638 -0.2566 0.7851
vn 0.3554 0.2226 0.9078
vn 0.3605 0.5109 0.7804
vn 0.7381 -0.1701 0.6529
vn 0.7789 0.1069 0.6180
vn 0.1524 0.1275 0.9801
vn 0.7247 -0.1066 0.6808
vn 0.5581 0.5182 0.6480
vn 0.6865 0.3081 0.6586
vn 0.4711 0.5441 0.6942
vn 0.4017 0.3385 0.8509
vn 0.7166 -0.3031 0.6283
vn 0.4704 0.1901 0.8617
vn 0.4581 -0.2354 0.8572
vn 0.3674 0.5425 0.7555
vn -0.1308 0.3913 0.9109
vn 0.7666 -0.1005 0.6342
vn -0.2694 -0.2517 0.9295
vn -0.0221 -0.0056 0.9997
vn 0.0413 0.1847 0.9819
vn 0.1752 0.3548 0.9184
vn 0.4781 0.5721 0.6664
vn 0.3272 -0.1135 0.9381
vn 0.4208 0.1863 0.8878
vn 0.1453 0.0185 0.9892
vn 0.3362 0.4570 0.8235
vn 0.2684 0.3404 0.9012
vn 0.3362 0.4571 0.8235
vn 0.6289 0.5577 0.5416
vn 0.3509 0.2744 0.8953
vn 0.5234 0.3779 0.7637
vn 0.7164 0.4292 0.5501
vn 0.5170 0.3625 0.7754
vn 0.2951 0.3742 0.8791
vn 0.1015 0.2981 0.9491
vn -0.1029 0.2927 0.9506
vn 0.3284 0.2533 0.9099
vn 0.0640 0.1268 0.9899
vn 0.1727 0.1608 0.9717
vn -0.0899 0.1791 0.9797
vn -0.3168 0.0469 0.9473
vn -0.0643 0.1562 0.9856
vn -0.0559 0.2278 0.9721
vn -0.6309 0.1631 0.7585
vn -0.7155 0.4265 0.5534
vn -0.7669 0.3926 0.5077
vn 0.3884 0.3009 0.8710
vn 0.6132 0.5988 0.5151
vn 0.3782 0.3302 0.8648
vn -0.1942 0.0893 0.9769
vn -0.0590 0.1455 0.9876
vn -0.3222 0.0712 0.9440
vn -0.0681 0.2065 0.9761
vn -0.0796 0.1355 0.9876
vn 0.2532 0.3860 0.8871
vn -0.2281 0.0640 0.9715
vn -0.1944 0.0903 0.9767
vn -0.3208 0.0627 0.9451
vn 0.3215 0.3145 0.8931
vn 0.3040 0.3554 0.8839
vn -0.0411 0.1230 0.9916
vn 0.2635 0.3848 0.8846
vn 0.4627 0.2357 0.8546
vn 0.3110 0.5085 0.8029
vn 0.1994 0.4220 0.8844
vn 0.0471 0.2058 0.9775
vn 0.1206 0.0079 0.9927
vn 0.1325 -0.0116 0.9911
vn 0.4289 0.1590 0.8893
vn 0.2788 0.3256 0.9035
vn -0.4255 0.0339 0.9043
vn -0.4425 0.0425 0.8957
vn -0.6503 -0.0011 0.7597
vn 0.5815 0.0642 0.8110
vn 0.4690 0.1397 0.8721
vn 0.5670 -0.0197 0.8235
vn 0.5318 -0.0106 0.8468
vn 0.6018 -0.1608 0.7823
vn 0.6085 0.0588 0.7914
vn 0.3747 -0.1320 0.9177
vn 0.3022 -0.2130 0.9291
vn 0.5807 -0.1485 0.8004
vn 0.5204 0.1364 0.8430
vn 0.4351 0.2221 0.8726
vn 0.7394 0.2062 0.6409
vn 0.6875 -0.1587 0.7086
vn 0.8297 -0.3346 0.4467
vn 0.7177 -0.3316 0.6124
vn 0.8545 0.2934 0.4286
vn 0.6060 0.2391 0.7586
vn 0.8973 0.0642 0.4367
vn 0.8329 0.1372 0.5361
vn 0.6713 0.3789 0.6370
vn 0.1565 0.3477 0.9244
vn -0.1295 0.3932 0.9103
vn 0.3283 -0.0555 0.9430
vn 0.7652 -0.1045 0.6352
vn -0.1331 0.0996 0.9861
vn 0.4373 0.1104 0.8925
vn 0.3399 -0.0995 0.9352
vn 0.8994 0.1108 0.4228
vn 0.6173 0.1821 0.7654
vn 0.6495 -0.0834 0.7558
vn -0.6482 0.0130 0.7614
vn -0.5601 0.0353 0.8277
vn -0.4074 0.0786 0.9098
vn 0.1158 0.4528 0.8841
vn -0.0599 0.2701 0.9610
vn -0.1229 0.5455 0.8291
vn 0.8907 0.2170 0.3994
vn 0.9826 0.0078 0.1857
vn 0.9340 0.0589 0.3523
vn -0.8591 -0.4661 0.2116
vn -0.9635 -0.2372 0.1241
vn -0.8319 -0.3144 0.4572
vn 0.2886 0.4733 0.8323
vn 0.4050 0.1822 0.8960
vn 0.3558 0.3632 0.8611
vn -0.4626 -0.1884 0.8663
vn -0.8311 -0.2212 0.5103
vn -0.5602 -0.4702 0.6819
vn 0.1781 0.1365 0.9745
vn -0.2123 0.6682 0.7131
vn -0.2412 -0.1607 0.9571
vn 0.7526 0.3424 0.5625
vn 0.6439 0.4497 0.6190
vn 0.7237 0.6289 0.2842
vn -0.7252 0.2092 0.6560
vn -0.5917 0.3827 0.7096
vn -0.9611 -0.0942 0.2597
vn 0.4780 0.0985 0.8728
vn 0.5764 0.0495 0.8157
vn 0.4079 0.2828 0.8681
vn -0.0334 -0.0230 0.9992
vn 0.0061 0.0001 1.0000
vn 0.1563 -0.0138 0.9876
vn 0.1759 0.4475 0.8768
vn 0.1958 0.1617 0.9672
vn 0.5010 0.1707 0.8484
vn 0.5464 -0.2342 0.8041
vn 0.2630 -0.2350 0.9358
vn 0.6814 0.0754 0.7280
vn 0.6323 0.4442 0.6347
vn 0.1667 0.4418 0.8815
vn 0.5293 0.1867 0.8276
vn 0.9204 0.0970 0.3788
vn 0.8334 0.2404 0.4976
vn 0.8486 -0.3022 0.4342
vn 0.8437 -0.3222 0.4293
vn 0.8953 0.0708 0.4397
vn -0.4903 -0.2946 0.8203
vn -0.2507 -0.2414 0.9375
vn -0.3947 -0.0651 0.9165
vn 0.7572 0.3084 0.5758
vn 0.8628 0.2054 0.4620
vn 0.9001 0.1652 0.4031
vn 0.3418 -0.1750 0.9233
vn 0.5077 0.2242 0.8318
vn 0.4045 -0.1307 0.9052
vn 0.8595 0.0382 0.5097
vn 0.7995 -0.3170 0.5101
vn 0.8970 0.0102 0.4420
vn 0.8251 0.3535 0.4407
vn 0.0085 -0.0396 0.9992
vn -0.0060 -0.0474 0.9989
vn -0.0838 0.0389 0.9957
vn -0.1034 -0.1340 0.9856
vn -0.0262 -0.0537 0.9982
vn 0.0881 0.1488 0.9849
vn 0.9237 0.0615 0.3782
vn 0.1050 0.1594 0.9816
vn 0.5059 0.0297 0.8621
vn 0.1258 0.1708 0.9772
vn 0.3377 0.0750 0.9382
vn 0.2297 0.0993 0.9682
vn 0.9137 0.4064 -0.0055
vn 0.9326 0.3524 0.0782
vn 0.9301 0.3648 0.0427
vn 0.0915 0.1851 0.9784
vn 0.3979 0.3597 0.8440
vn 0.0078 0.1020 0.9948
vn 0.9392 -0.2202 0.2633
vn 0.9198 -0.2693 0.2853
vn 0.8811 0.0399 0.4713
vn 0.4210 0.3287 -0.8454
vn 0.4758 0.4082 -0.7791
vn 0.5892 0.3337 -0.7359
vn 0.8045 0.4527 -0.3847
vn 0.7458 0.5053 -0.4342
vn 0.9251 0.3589 -0.1242
vn 0.8407 0.4751 -0.2596
vn 0.9243 0.3555 -0.1388
vn 0.7225 0.5845 -0.3693
vn 0.4641 0.3873 -0.7966
vn 0.5766 0.4776 -0.6629
vn 0.5755 0.3684 -0.7301
vn 0.8724 0.4887 0.0070
vn 0.8434 0.5271 0.1040
vn 0.9003 0.4255 -0.0915
vn 0.7521 0.5458 -0.3695
vn 0.6164 0.6009 -0.5089
vn 0.7047 0.6490 -0.2867
vn 0.6328 0.5320 -0.5626
vn 0.5797 0.3429 -0.7392
vn 0.5437 0.4850 -0.6850
vn 0.5326 0.5846 -0.6121
vn 0.4235 0.6003 -0.6784
vn 0.5316 0.6782 -0.5074
vn 0.4290 0.5609 -0.7081
vn 0.4455 0.6361 -0.6300
vn 0.5575 0.5847 -0.5894
vn 0.5695 0.8170 -0.0903
vn 0.5265 0.8501 -0.0130
vn 0.5064 0.8610 -0.0463
vn 0.5042 0.8625 -0.0430
vn 0.5242 0.8515 -0.0098
vn 0.6054 0.7959 -0.0038
vn 0.5685 0.8071 -0.1596
vn 0.5694 0.7177 -0.4007
vn 0.5707 0.8157 -0.0944
vn 0.5675 0.8085 -0.1556
vn 0.5092 0.8462 -0.1573
vn 0.5013 0.8600 -0.0957
vn 0.6035 0.7959 -0.0485
vn 0.7837 0.6066 -0.1338
vn 0.8272 0.5407 -0.1525
vn 0.8568 0.4873 -0.1686
vn 0.7135 0.5750 -0.4003
vn 0.6844 0.6613 -0.3069
vn 0.8356 0.5241 -0.1646
vn 0.2180 0.8975 0.3834
vn 0.2464 0.0958 0.9644
vn 0.4641 0.6677 0.5820
vn -0.0034 0.8572 0.5149
vn 0.0942 0.9926 -0.0760
vn 0.1444 0.9147 0.3774
vn 0.3765 0.7172 0.5864
vn 0.1938 0.1103 0.9748
vn 0.2589 0.0655 0.9637
vn -0.0105 0.9999 0.0104
vn -0.0106 0.9990 0.0438
vn -0.0212 0.9987 0.0467
vn -0.0210 0.9995 -0.0251
vn -0.0345 0.9991 -0.0261
vn -0.1432 0.9001 0.4115
vn -0.1561 -0.0205 0.9875
vn -0.1538 -0.0061 0.9881
vn -0.1545 0.0707 0.9855
vn -0.4187 0.8372 0.3518
vn -0.2650 0.1250 0.9561
vn -0.1966 0.1990 0.9601
vn 0.0023 0.9892 0.1464
vn 0.1810 0.7436 0.6436
vn -0.0061 0.9942 0.1073
vn 0.2053 0.7592 0.6176
vn 0.2615 0.0672 0.9629
vn 0.1142 0.9753 0.1889
vn 0.7357 0.0192 0.6771
vn 0.7541 0.0432 0.6553
vn 0.6535 0.2839 0.7017
vn 0.6656 0.3440 0.6623
vn 0.7571 0.0967 0.6461
vn 0.7360 0.3466 0.5816
vn 0.6047 0.7734 0.1902
vn 0.5464 0.4638 0.6974
vn 0.4807 0.2951 0.8257
vn 0.1823 0.9621 0.2030
vn 0.1519 0.9627 0.2241
vn 0.6888 0.6243 0.3684
vn -0.0075 0.9916 0.1295
vn 0.1059 0.8766 0.4694
vn 0.2443 0.7891 0.5636
vn 0.0640 0.9958 0.0655
vn -0.0451 0.9990 -0.0015
vn -0.0784 0.9967 0.0196
vn -0.0847 0.9941 0.0672
vn -0.0392 0.9938 0.1041
vn -0.0859 0.9953 0.0458
vn -0.0158 0.9873 0.1581
vn 0.3896 0.8057 0.4461
vn 0.1081 0.9562 0.2720
vn -0.0003 0.9870 0.1604
vn -0.0370 0.9993 -0.0064
vn -0.0328 0.9990 0.0314
vn 0.7753 -0.0425 0.6302
vn 0.7704 0.0098 0.6375
vn 0.7439 -0.0252 0.6678
vn 0.4676 0.3748 0.8005
vn 0.1879 0.7575 0.6252
vn 0.0075 0.8367 0.5477
vn 0.2846 0.8537 0.4361
vn 0.3883 0.7364 0.5539
vn 0.5463 0.8076 0.2221
vn 0.2715 0.9593 0.0778
vn 0.0160 0.9984 0.0548
vn 0.0611 0.9918 0.1125
vn 0.2388 0.8327 0.4996
vn -0.0637 0.9960 0.0632
vn 0.2446 0.7353 0.6321
vn -0.0119 0.9963 0.0856
vn -0.0758 0.9952 0.0627
vn -0.0371 0.9952 0.0903
vn 0.0537 0.9214 0.3850
vn 0.1350 0.8318 0.5384
vn 0.3197 0.1827 0.9297
vn 0.4942 0.5424 0.6794
vn 0.4241 0.5468 0.7219
vn 0.6730 0.2940 0.6787
vn 0.1024 0.9127 0.3955
vn -0.0730 0.9955 0.0608
vn 0.1981 0.8269 0.5263
vn 0.1911 0.9599 0.2052
vn 0.0307 0.9955 0.0898
vn 0.2549 0.9235 0.2866
vn 0.6918 0.0815 0.7175
vn 0.5263 0.3807 0.7603
vn 0.6181 0.0258 0.7856
vn 0.2205 0.7952 0.5649
vn 0.0670 0.9835 0.1683
vn 0.1355 0.7835 0.6065
vn 0.0532 0.9110 0.4090
vn 0.4054 0.5917 0.6969
vn 0.5320 0.5857 0.6115
vn -0.1908 -0.0017 0.9816
vn -0.1881 0.0547 0.9806
vn -0.2094 -0.0197 0.9776
vn 0.5776 0.0513 0.8147
vn 0.5445 0.4188 0.7268
vn 0.4558 0.2304 0.8598
vn 0.3591 0.0646 0.9311
vn 0.2961 0.0610 0.9532
vn 0.2501 0.0574 0.9665
vn 0.0074 0.9999 0.0154
vn 0.0097 0.9991 0.0410
vn 0.0497 0.9889 0.1399
vn 0.5990 0.4829 0.6387
vn 0.3154 0.8984 0.3057
vn 0.4818 0.6309 0.6081
vn -0.5705 -0.0967 -0.8156
vn -0.6612 -0.0134 -0.7501
vn -0.6018 -0.0815 -0.7944
vn -0.8328 0.0533 -0.5509
vn -0.7129 -0.0135 -0.7012
vn -0.6943 -0.0423 -0.7185
vn -0.3326 0.2278 -0.9152
vn -0.0483 0.1850 -0.9816
vn -0.1474 0.1146 -0.9824
vn -0.0193 0.1613 -0.9867
vn 0.0791 -0.0069 -0.9968
vn -0.0552 0.1022 -0.9932
vn -0.1165 -0.2272 -0.9669
vn -0.1324 -0.4602 -0.8779
vn -0.2854 -0.1452 -0.9473
vn -0.3589 -0.1723 -0.9173
vn -0.4366 -0.5544 -0.7085
vn -0.5056 -0.3504 -0.7884
vn -0.4288 0.3067 -0.8497
vn -0.5754 0.6171 -0.5368
vn -0.4337 0.6104 -0.6628
vn -0.3941 0.2922 -0.8714
vn -0.6520 0.4826 -0.5848
vn -0.6991 0.5611 -0.4432
vn -0.2052 -0.3864 -0.8992
vn -0.1397 -0.1535 -0.9782
vn 0.0087 -0.5807 -0.8141
vn 0.3518 -0.5172 -0.7802
vn 0.2265 -0.4868 -0.8437
vn 0.0703 -0.5415 -0.8378
vn 0.0721 -0.6093 -0.7896
vn -0.0665 -0.1793 -0.9815
vn 0.1373 -0.2724 -0.9523
vn 0.1014 -0.5889 -0.8018
vn 0.0792 -0.6416 -0.7629
vn -0.1765 -0.4756 -0.8617
vn 0.2048 -0.5412 -0.8155
vn 0.1886 -0.6936 -0.6952
vn 0.2426 -0.6014 -0.7612
vn 0.0762 -0.5475 -0.8333
vn -0.0032 -0.2491 -0.9685
vn 0.3641 -0.5090 -0.7800
vn -0.2195 -0.5963 -0.7721
vn -0.3377 -0.2964 -0.8934
vn -0.3862 -0.6180 -0.6848
vn 0.2277 -0.5769 -0.7844
vn 0.0888 -0.5240 -0.8471
vn 0.0991 -0.6068 -0.7886
vn -0.0493 -0.3318 -0.9420
vn -0.4034 -0.0637 -0.9128
vn -0.3110 -0.5268 -0.7910
vn -0.0044 -0.4338 -0.9010
vn 0.3368 -0.4030 -0.8510
vn -0.2266 -0.1845 -0.9564
vn 0.0740 -0.6496 -0.7567
vn -0.1528 -0.5810 -0.7994
vn -0.1860 -0.4791 -0.8578
vn 0.0008 0.1205 -0.9927
vn -0.0660 -0.3824 -0.9217
vn 0.0423 -0.5079 -0.8604
vn -0.6534 0.7346 -0.1830
vn -0.7559 0.6366 -0.1528
vn -0.9280 0.1322 -0.3483
vn 0.2589 0.2543 -0.9318
vn 0.2002 0.1937 -0.9604
vn 0.1541 0.2558 -0.9544
vn -0.3349 -0.5063 -0.7947
vn -0.3288 -0.2907 -0.8985
vn -0.3754 -0.4889 -0.7874
vn -0.1194 0.2404 -0.9633
vn -0.3364 0.5273 -0.7803
vn -0.7607 -0.1344 -0.6351
vn -0.2145 0.6178 -0.7565
vn -0.5417 0.5270 -0.6549
vn -0.1136 0.3535 -0.9285
vn -0.2288 -0.4683 -0.8534
vn -0.0168 -0.4104 -0.9117
vn -0.2886 -0.6784 -0.6756
vn -0.5182 -0.3647 -0.7736
vn -0.4937 -0.5502 -0.6734
vn -0.4315 -0.5736 -0.6962
vn 0.0454 -0.0274 -0.9986
vn -0.0289 -0.1510 -0.9881
vn 0.0225 -0.0420 -0.9989
vn 0.0874 0.3265 -0.9412
vn -0.4693 -0.0633 -0.8807
vn 0.1647 0.4414 -0.8821
vn -0.5125 -0.4944 -0.7021
vn -0.6547 -0.2501 -0.7133
vn -0.3797 -0.3614 -0.8516
vn -0.3032 -0.1845 -0.9349
vn -0.7697 0.0103 -0.6383
vn -0.4768 0.6784 -0.5590
vn 0.2731 0.3601 -0.8920
vn 0.2974 0.4689 -0.8317
vn 0.3404 0.3997 -0.8511
vn 0.2848 0.3569 -0.8897
vn 0.2575 0.2535 -0.9324
vn 0.1758 0.3100 -0.9344
vn 0.2850 0.4723 -0.8341
vn 0.2908 0.3776 -0.8791
vn 0.1539 0.3704 -0.9160
vn 0.0708 0.0047 -0.9975
vn 0.1319 0.0176 -0.9911
vn 0.0737 -0.0370 -0.9966
vn -0.5934 -0.1290 -0.7945
vn -0.6201 -0.1131 -0.7764
vn -0.3809 -0.1681 -0.9092
vn -0.6543 0.7264 -0.2105
vn -0.7148 0.5525 -0.4287
vn -0.4681 0.5310 -0.7064
vn -0.5168 0.5451 -0.6601
vn -0.6308 0.6486 -0.4260
vn -0.3198 -0.0130 -0.9474
vn -0.2696 -0.0020 -0.9630
vn -0.5891 0.6687 -0.4537
vn -0.5075 0.2290 -0.8307
vn -0.6504 0.7267 -0.2210
vn -0.5142 0.7848 -0.3460
vn -0.5536 0.6933 -0.4614
vn -0.8322 0.4204 -0.3616
vn -0.8163 0.4733 -0.3311
vn -0.7672 0.5787 -0.2766
vn -0.5561 0.0612 -0.8289
vn -0.7665 0.5129 -0.3867
vn -0.5883 -0.0448 -0.8074
vn -0.6186 0.4692 -0.6302
vn -0.6586 0.6993 -0.2779
vn -0.6257 0.5993 -0.4993
vn -0.7616 0.6218 -0.1825
vn -0.7990 0.4710 -0.3740
vn -0.7283 0.6203 -0.2912
vn -0.7264 0.6641 -0.1771
vn -0.7107 0.6463 -0.2780
vn -0.6138 0.2480 -0.7495
vn -0.6151 0.4565 -0.6429
vn -0.7089 0.6417 -0.2929
vn -0.6654 0.6671 -0.3350
vn -0.7641 0.5118 -0.3927
vn -0.4216 0.1150 -0.8995
vn -0.6969 0.5253 -0.4883
vn -0.2535 0.7785 -0.5742
vn -0.3135 0.6828 -0.6599
vn -0.3535 0.7124 -0.6062
vn -0.2470 0.8481 -0.4687
vn -0.2421 0.8260 -0.5090
vn -0.3401 0.7547 -0.5611
vn -0.3341 -0.2025 -0.9205
vn -0.1817 -0.1249 -0.9754
vn -0.0790 -0.1401 -0.9870
vn -0.5110 0.8518 -0.1155
vn -0.8851 0.4647 0.0236
vn -0.7684 0.6394 0.0290
vn -0.6484 0.6262 -0.4329
vn -0.4797 0.8774 0.0043
vn -0.6846 0.4873 -0.5421
vn -0.3935 0.5304 -0.7509
vn -0.5136 0.5730 -0.6387
vn -0.4561 0.6367 -0.6218
vn -0.4619 0.1207 -0.8787
vn -0.4941 0.1223 -0.8608
vn -0.5465 0.2629 -0.7951
vn -0.3459 0.3509 -0.8702
vn -0.2206 0.3768 -0.8996
vn -0.2306 0.3280 -0.9161
vn -0.2027 0.3689 -0.9071
vn -0.2931 0.3069 -0.9055
vn -0.3207 0.4028 -0.8573
vn -0.4317 -0.0562 -0.9003
vn -0.4581 0.0763 -0.8856
vn -0.4412 0.0848 -0.8934
vn -0.3328 0.2434 -0.9111
vn -0.3657 0.4617 -0.8081
vn -0.4659 0.7070 -0.5320
vn -0.4183 0.2241 -0.8802
vn -0.5053 0.2527 -0.8251
vn -0.4331 0.4047 -0.8054
vn -0.3488 0.8896 -0.2948
vn -0.2708 0.6911 -0.6702
vn -0.4602 0.5601 -0.6889
vn -0.2779 0.8585 -0.4310
vn -0.4794 0.8701 -0.1148
vn -0.6131 0.5990 -0.5151
vn -0.5365 0.4908 -0.6865
vn -0.4382 0.4709 -0.7656
vn -0.5410 0.3219 -0.7770
vn -0.4538 0.4902 -0.7442
vn -0.4588 0.6427 -0.6135
vn -0.3863 0.5930 -0.7065
vn -0.3028 0.2955 -0.9061
vn -0.4739 0.6162 -0.6291
vn -0.1391 0.3662 -0.9201
vn -0.4234 0.6497 -0.6313
vn -0.3651 0.8136 -0.4524
vn -0.2911 0.4851 -0.8246
vn -0.5301 0.8062 -0.2627
vn -0.4176 0.7976 -0.4353
vn -0.4536 0.6490 -0.6108
vn -0.5267 0.8290 -0.1883
vn -0.3096 0.5378 -0.7842
vn -0.3653 0.8611 -0.3535
vn -0.6470 0.7257 -0.2340
vn -0.6099 0.7443 -0.2721
vn -0.4222 0.6727 -0.6076
vn -0.3823 -0.0351 -0.9234
vn -0.4122 0.4351 -0.8005
vn -0.4032 0.5567 -0.7263
vn -0.4041 -0.0289 -0.9142
vn -0.0326 -0.2947 -0.9550
vn -0.2605 -0.0072 -0.9654
vn -0.4812 0.7682 -0.4223
vn -0.4595 0.5768 -0.6754
vn -0.2816 0.0203 -0.9593
vn -0.3231 0.0826 -0.9428
vn -0.2529 -0.0013 -0.9675
vn 0.1696 0.3678 -0.9143
vn -0.2034 0.0093 -0.9791
vn -0.2559 0.0208 -0.9665
vn -0.0141 -0.2766 -0.9609
vn -0.6943 0.0435 -0.7183
vn -0.8346 0.0334 -0.5498
vn -0.8836 0.0148 -0.4681
vn -0.8566 0.0074 -0.5159
vn -0.7914 0.0846 -0.6054
vn -0.7074 0.0091 -0.7067
vn -0.4688 0.6653 -0.5810
vn -0.7752 0.3840 -0.5016
vn -0.6020 -0.0305 -0.7980
vn -0.2728 0.9004 -0.3389
vn -0.4626 0.5211 -0.7173
vn -0.5044 0.7778 -0.3749
vn -0.4739 -0.5372 -0.6978
vn -0.4357 -0.3254 -0.8392
vn -0.4428 -0.5278 -0.7248
vn -0.3632 -0.3701 -0.8551
vn 0.0653 0.1450 -0.9873
vn -0.6527 -0.0984 -0.7512
vn -0.4842 -0.4479 -0.7517
vn -0.4998 -0.5226 -0.6907
vn -0.4106 -0.3587 -0.8383
vn -0.4329 -0.5269 -0.7314
vn -0.2991 -0.2475 -0.9216
vn -0.1448 -0.1744 -0.9740
vn -0.6964 0.2632 -0.6677
vn -0.6562 0.3360 -0.6756
vn -0.6154 0.1961 -0.7634
vn -0.7936 0.1580 -0.5875
vn -0.8080 0.2124 -0.5496
vn -0.7264 0.1753 -0.6645
vn -0.9591 0.0355 -0.2808
vn -0.9568 0.0772 -0.2804
vn -0.9648 -0.0336 -0.2607
vn -0.7994 0.0884 -0.5943
vn -0.8675 0.0128 -0.4973
vn -0.8860 0.0844 -0.4559
vn -0.9216 0.0936 -0.3767
vn -0.8879 0.1223 -0.4436
vn -0.8975 0.0027 -0.4411
vn 0.2241 0.4212 -0.8788
vn -0.1722 0.5181 -0.8378
vn -0.0105 0.2877 -0.9577
vn -0.3431 -0.1084 -0.9330
vn -0.1700 -0.0175 -0.9853
vn -0.4071 0.2723 -0.8719
vn -0.4032 -0.1062 -0.9089
vn -0.1834 0.5953 -0.7823
vn -0.1508 -0.4088 -0.9001
vn -0.6697 0.2151 -0.7108
vn 0.0330 -0.2128 -0.9765
vn -0.0358 -0.1890 -0.9813
vn -0.7799 -0.0099 -0.6259
vn -0.8651 0.3090 -0.3951
vn -0.6985 0.0501 -0.7138
vn -0.5461 -0.2327 -0.8048
vn 0.0672 -0.2751 -0.9591
vn -0.6553 0.1254 -0.7449
vn -0.8706 0.4838 0.0895
vn -0.8163 0.5539 0.1641
vn -0.9450 0.3210 0.0626
vn -0.9299 0.3668 0.0289
vn -0.9665 0.2567 0.0055
vn -0.9426 0.3339 -0.0064
vn -0.1956 0.1694 -0.9659
vn -0.3243 0.6201 -0.7144
vn -0.1270 -0.2652 -0.9558
vn -0.4923 -0.1440 -0.8584
vn -0.3496 -0.2415 -0.9052
vn -0.6367 0.0188 -0.7709
vn -0.8732 0.4800 0.0844
vn -0.8896 0.4482 0.0880
vn -0.9131 0.3908 0.1165
vn -0.5224 0.3160 -0.7920
vn -0.6852 -0.0150 -0.7282
vn -0.4665 -0.0691 -0.8818
vn -0.3979 0.4122 -0.8196
vn -0.4429 -0.1523 -0.8835
vn -0.4571 0.3170 -0.8310
vn -0.0980 -0.2185 -0.9709
vn -0.2481 -0.3376 -0.9080
vn -0.1006 -0.3079 -0.9461
vn 0.0475 -0.3194 -0.9464
vn -0.1136 -0.2786 -0.9537
vn 0.0608 -0.3867 -0.9202
vn -0.3125 0.0252 -0.9496
vn -0.1599 -0.2594 -0.9524
vn -0.3533 0.6267 -0.6946
vn -0.8630 0.4945 0.1037
vn -0.9032 0.4251 0.0592
vn -0.8237 0.5653 0.0436
vn -0.2961 -0.2365 -0.9254
vn -0.1291 -0.2306 -0.9644
vn -0.3677 -0.0317 -0.9294
vn 0.0300 -0.3314 -0.9430
vn 0.0722 -0.3799 -0.9222
vn 0.1608 -0.2483 -0.9552
vn -0.1301 -0.2554 -0.9581
vn -0.2842 -0.3019 -0.9100
vn -0.5027 -0.1585 -0.8498
vn -0.8059 0.5731 0.1486
vn -0.8703 0.4867 0.0756
vn -0.8155 0.5765 0.0520
vn -0.8891 0.4577 0.0010
vn -0.9305 0.3664 0.0009
vn -0.7653 0.6437 0.0011
vn -0.8293 0.4700 -0.3021
vn -0.8461 0.4247 -0.3221
vn -0.8222 0.4815 -0.3034
vn -0.8126 0.3421 -0.4719
vn -0.8453 0.2726 -0.4595
vn -0.8238 0.4169 -0.3842
vn -0.8452 0.4308 -0.3164
vn -0.8973 0.3182 -0.3058
vn -0.8935 0.3931 -0.2170
vn -0.9424 0.3296 -0.0575
vn -0.9893 0.0370 -0.1409
vn -0.9498 0.1616 -0.2679
vn -0.8457 0.4030 0.3498
vn -0.7737 0.6173 0.1428
vn -0.9317 0.3580 0.0609
vn -0.9204 -0.0381 -0.3890
vn -0.9417 0.1984 -0.2718
vn -0.9873 0.0451 -0.1522
vn -0.9355 0.3445 -0.0785
vn -0.9785 0.2046 0.0262
vn -0.9874 0.0371 -0.1536
vn -0.9852 -0.0105 -0.1712
vn -0.9205 -0.0381 -0.3890
vn -0.8777 -0.1095 -0.4665
vn -0.9791 0.1491 0.1380
vn -0.9782 0.0332 -0.2049
vn -0.7258 0.6823 -0.0876
vn -0.9204 -0.0380 -0.3890
vn -0.8777 -0.1094 -0.4665
vn -0.2760 -0.0634 -0.9591
vn -0.1833 -0.0744 -0.9802
vn -0.3187 -0.0808 -0.9444
vn 0.1604 -0.1012 -0.9819
vn -0.9319 0.0982 -0.3491
vn -0.3140 -0.0547 -0.9479
vn -0.1968 -0.0798 -0.9772
vn -0.8262 0.4721 -0.3073
vn -0.8071 0.4668 -0.3615
vn -0.8348 0.4315 -0.3421
vn -0.7897 0.5213 -0.3235
vn -0.7907 0.4811 -0.3786
vn -0.8297 0.4884 -0.2703
vn 0.3917 -0.4207 -0.8183
vn 0.3877 -0.1884 -0.9023
vn 0.4867 -0.4703 -0.7361
vn -0.1561 0.2446 -0.9570
vn -0.2947 0.4564 -0.8395
vn -0.1540 0.3580 -0.9209
vn 0.0180 0.5492 -0.8355
vn -0.1697 0.4366 -0.8835
vn -0.0765 0.6488 -0.7571
vn 0.0080 0.4182 -0.9083
vn -0.0236 0.5891 -0.8077
vn -0.0526 0.6191 -0.7835
vn 0.3490 -0.3839 -0.8549
vn 0.0453 0.3312 -0.9425
vn 0.3197 -0.3159 -0.8933
vn -0.0313 0.6127 -0.7897
vn 0.4536 -0.4437 -0.7729
vn 0.5023 -0.5207 -0.6903
vn 0.5061 -0.4398 -0.7419
vn 0.3893 -0.1431 -0.9099
vn 0.1308 0.1929 -0.9725
vn 0.2355 0.1424 -0.9614
vn -0.1685 0.1831 -0.9685
vn -0.2473 0.4694 -0.8477
vn -0.2507 0.2206 -0.9426
vn 0.1210 0.2164 -0.9688
vn 0.2962 0.0007 -0.9551
vn -0.0507 0.6235 -0.7801
vn -0.1140 0.2007 -0.9730
vn -0.2785 0.3323 -0.9011
vn -0.3148 0.2142 -0.9247
vn -0.2722 0.4749 -0.8368
vn -0.3410 0.2691 -0.9007
vn -0.2652 0.2300 -0.9364
vn -0.7986 0.4488 -0.4009
vn -0.8270 0.4297 -0.3624
vn -0.8078 0.4550 -0.3748
vn -0.1594 0.8986 -0.4087
vn -0.0350 0.8592 -0.5105
vn -0.0210 0.8578 -0.5136
vn 0.2534 0.9496 -0.1843
vn -0.0185 0.8941 -0.4474
vn 0.0148 0.9179 -0.3966
vn 0.1658 -0.3007 -0.9392
vn 0.2030 0.2532 -0.9459
vn 0.4500 -0.4633 -0.7634
vn -0.5851 0.5998 -0.5458
vn -0.5963 0.5429 -0.5914
vn -0.6277 0.5268 -0.5731
vn -0.2744 0.1665 -0.9471
vn -0.2705 0.2973 -0.9157
vn -0.3803 0.2411 -0.8929
vn -0.0883 0.6487 -0.7559
vn -0.1573 0.4559 -0.8760
vn -0.2503 0.5635 -0.7873
vn -0.2388 0.2579 -0.9362
vn -0.2743 0.3207 -0.9066
vn -0.1875 0.4479 -0.8742
vn -0.6192 0.0660 -0.7825
vn -0.5916 0.1745 -0.7871
vn -0.5714 -0.0228 -0.8204
vn -0.2676 0.6042 -0.7506
vn -0.1335 0.6708 -0.7295
vn -0.2841 0.6501 -0.7047
vn 0.9843 0.0234 0.1750
vn 0.9907 -0.0084 0.1355
vn 0.9850 0.0197 0.1714
vn 0.9840 0.0300 0.1759
vn 0.9847 0.0201 0.1729
vn 0.9797 0.0377 0.1968
vn 0.1616 -0.0125 -0.9868
vn 0.1620 0.0055 -0.9868
vn 0.1747 -0.0200 -0.9844
vn 0.9824 0.0159 0.1860
vn 0.9828 0.0184 0.1837
vn 0.9831 0.0118 0.1829
vn 0.9849 -0.0094 0.1728
vn 0.9691 -0.0075 0.2465
vn 0.9413 -0.3302 0.0710
vn 0.9841 0.0274 0.1752
vn 0.9844 0.0259 0.1740
vn 0.9828 0.0194 0.1838
vn 0.5839 0.1367 -0.8002
vn 0.2649 -0.0034 -0.9643
vn 0.1669 0.0342 -0.9854
vn 0.9944 -0.0114 0.1050
vn 0.9841 0.0023 0.1776
vn 0.9886 0.0022 0.1504
vn 0.9863 0.0196 0.1638
vn 0.9759 0.0768 0.2041
vn 0.9983 0.0557 -0.0156
vn 0.9989 -0.0111 -0.0451
vn 0.9899 0.0225 -0.1397
vn 0.2889 0.0070 -0.9573
vn 0.9841 0.0247 0.1760
vn 0.9841 0.0199 0.1765
vn 0.9846 0.0272 0.1729
vn 0.1881 0.0032 -0.9821
vn 0.1797 0.0066 -0.9837
vn 0.1845 0.0121 -0.9828
vn 0.9855 0.0228 0.1684
vn 0.9843 0.0309 0.1741
vn 0.9840 0.0206 0.1769
vn 0.8078 -0.1345 -0.5739
vn 0.2821 0.0062 -0.9594
vn 0.2142 0.0392 -0.9760
vn 0.8964 0.0383 -0.4416
vn 0.2306 -0.0035 -0.9730
vn 0.5884 0.0403 -0.8076
vn 0.9876 -0.0420 0.1513
vn 0.9820 0.0129 0.1887
vn 0.9829 -0.0008 0.1844
vn 0.1954 0.0344 -0.9801
vn 0.5594 0.1165 -0.8207
vn 0.1471 0.0509 -0.9878
vn 0.9821 0.0256 0.1867
vn 0.9822 0.0244 0.1860
vn 0.9842 0.0166 0.1762
vn 0.7423 0.2458 -0.6233
vn 0.6161 0.0120 -0.7876
vn 0.2863 0.0182 -0.9580
vn 0.1270 -0.0153 -0.9918
vn 0.5249 0.0191 -0.8510
vn 0.3303 -0.0388 -0.9431
vn 0.4192 -0.0714 -0.9051
vn 0.2347 0.0279 -0.9717
vn 0.2696 0.0151 -0.9629
vn 0.9307 0.0097 -0.3657
vn 0.5438 -0.0088 -0.8392
vn 0.2284 0.0160 -0.9734
vn 0.9851 0.0197 0.1709
vn 0.9841 0.0048 0.1778
vn 0.9846 0.0239 0.1732
vn 0.9667 0.1044 -0.2337
vn 0.5163 -0.1643 -0.8405
vn 0.1562 -0.0405 -0.9869
vn 0.8430 0.2052 -0.4972
vn 0.9829 0.0148 0.1835
vn 0.9848 0.0146 0.1729
vn 0.7295 0.2278 -0.6449
vn 0.9828 0.0290 -0.1824
vn 0.2262 0.3696 -0.9012
vn 0.4192 -0.0731 -0.9050
vn 0.5998 -0.0080 -0.8001
vn 0.9658 0.0861 -0.2447
vn 0.9938 0.0735 0.0839
vn 0.4298 -0.0072 -0.9029
vn 0.8570 0.3536 -0.3749
vn 0.7551 0.2526 -0.6050
vn 0.7745 0.1273 -0.6196
vn 0.9986 -0.0247 0.0473
vn 0.1826 0.0545 -0.9817
vn 0.3851 -0.0320 -0.9223
vn 0.9750 -0.1939 -0.1086
vn 0.2293 0.0132 -0.9733
vn 0.5259 -0.0037 -0.8505
vn 0.1286 -0.0174 -0.9915
vn 0.9836 0.0142 0.1797
vn 0.9823 0.0149 0.1868
vn 0.9824 0.0124 0.1865
vn 0.9817 0.0107 0.1902
vn 0.9836 0.0110 0.1800
vn 0.9834 0.0116 0.1811
vn 0.9798 -0.0921 -0.1778
vn 0.4213 0.1048 -0.9009
vn 0.9910 -0.0552 0.1217
vn 0.3007 -0.0084 -0.9537
vn 0.8393 -0.0228 -0.5433
vn 0.9993 0.0112 -0.0358
vn 0.9868 0.0172 0.1612
vn 0.9849 0.0114 0.1728
vn 0.9873 0.0053 0.1587
vn 0.9988 0.0232 -0.0436
vn 0.9925 -0.0087 0.1218
vn 0.9866 0.0190 0.1618
vn 0.1832 0.0143 -0.9830
vn 0.1775 0.0137 -0.9840
vn 0.1818 0.0193 -0.9831
vn 0.9850 0.0305 0.1698
vn 0.9837 0.0311 0.1769
vn 0.9912 0.0494 0.1226
vn 0.1730 0.0093 -0.9849
vn 0.1812 0.0070 -0.9834
vn 0.1739 0.0058 -0.9847
vn 0.9849 0.0112 0.1725
vn 0.9853 0.0098 0.1708
vn 0.9842 0.0158 0.1762
vn 0.2015 0.0388 -0.9787
vn 0.1455 0.0116 -0.9893
vn 0.1723 0.0135 -0.9850
vn 0.9840 0.0116 0.1778
vn 0.9841 0.0133 0.1771
vn 0.9842 0.0110 0.1769
vn 0.9844 0.0128 0.1756
vn 0.9844 0.0117 0.1754
vn 0.9840 0.0126 0.1777
vn 0.9843 0.0107 0.1763
vn 0.9840 0.0113 0.1776
vn 0.9841 0.0102 0.1774
vn 0.9842 0.0107 0.1767
vn 0.9848 0.0119 0.1734
vn 0.9846 0.0142 0.1741
vn 0.8281 -0.0863 0.5538
vn 0.8195 -0.1078 0.5629
vn 0.8203 -0.0883 0.5650
vn 0.5914 0.0281 -0.8059
vn 0.5905 0.0654 -0.8044
vn 0.5916 0.0288 -0.8057
vn 0.9848 0.0123 0.1733
vn 0.9854 0.0088 0.1700
vn 0.9846 0.0114 0.1742
vn 0.9850 0.0259 0.1703
vn 0.9843 0.0206 0.1750
vn 0.9842 0.0173 0.1760
vn 0.9837 0.0123 0.1795
vn 0.9839 0.0149 0.1779
vn 0.9840 0.0131 0.1775
vn 0.9808 0.0146 0.1946
vn 0.9756 0.0743 0.2064
vn 0.9860 0.0171 0.1662
vn 0.9761 -0.1765 0.1268
vn 0.9088 -0.0151 0.4171
vn 0.9516 -0.0612 0.3012
vn 0.9835 0.0144 0.1805
vn 0.9844 0.0167 0.1753
vn 0.9842 0.0191 0.1759
vn 0.9826 0.0117 0.1853
vn 0.9839 0.0113 0.1784
vn 0.9840 0.0149 0.1773
vn 0.1624 0.0093 -0.9867
vn 0.1551 0.0194 -0.9877
vn 0.2220 0.0431 -0.9741
vn 0.9844 0.0140 0.1754
vn 0.9839 0.0109 0.1783
vn 0.9843 0.0097 0.1760
vn 0.1641 0.0089 -0.9864
vn 0.2254 0.0372 -0.9736
vn 0.1292 -0.0093 -0.9916
vn 0.9841 0.0186 0.1764
vn 0.9841 0.0085 0.1773
vn 0.9831 0.0124 0.1829
vn 0.1920 0.0048 -0.9814
vn 0.1941 0.0085 -0.9809
vn 0.1862 0.0115 -0.9824
vn 0.1754 0.0147 -0.9844
vn 0.1749 0.0136 -0.9845
vn 0.1795 0.0136 -0.9837
vn 0.1777 0.0019 -0.9841
vn 0.1764 -0.0003 -0.9843
vn 0.1874 0.0039 -0.9823
vn 0.1740 0.0188 -0.9846
vn 0.1725 0.0075 -0.9850
vn 0.2087 0.0435 -0.9770
vn 0.1875 0.0516 -0.9809
vn 0.2024 0.0217 -0.9791
vn 0.2045 0.0233 -0.9786
vn 0.1929 -0.0213 -0.9810
vn 0.1944 -0.0267 -0.9806
vn 0.2015 -0.0183 -0.9793
vn 0.9724 -0.2257 0.0584
vn 0.6016 0.2669 -0.7529
vn 0.7459 0.2579 -0.6141
vn 0.9924 0.0132 0.1225
vn 0.8823 -0.0407 -0.4690
vn 0.5578 0.0126 -0.8299
vn 0.9797 -0.0043 0.2006
vn 0.9819 0.0017 0.1896
vn 0.9808 0.0104 0.1946
vn 0.9839 0.0192 0.1779
vn 0.9838 0.0135 0.1787
vn 0.9837 0.0235 0.1783
vn 0.1903 0.0130 -0.9816
vn 0.1950 0.0090 -0.9808
vn 0.1779 0.0125 -0.9840
vn 0.8244 -0.1714 -0.5395
vn 0.8252 -0.1068 -0.5546
vn 0.2330 0.0915 -0.9682
vn 0.1619 0.0152 -0.9867
vn 0.2040 0.0252 -0.9786
vn 0.1674 0.0211 -0.9857
vn 0.4064 -0.2703 -0.8728
vn 0.4200 -0.5372 -0.7314
vn 0.3627 -0.2495 -0.8979
vn 0.8593 -0.0227 -0.5110
vn 0.6244 0.0451 -0.7798
vn 0.9927 -0.0163 0.1199
vn -0.1904 0.9015 -0.3886
vn 0.0854 0.8910 -0.4458
vn 0.0313 0.9023 -0.4300
vn -0.1930 0.8891 -0.4150
vn -0.0631 0.8827 -0.4656
vn 0.0345 0.8574 -0.5135
vn -0.3564 -0.5224 -0.7746
vn -0.3162 -0.5953 -0.7387
vn -0.0373 -0.6235 -0.7809
vn 0.1792 0.0061 -0.9838
vn 0.1788 0.0030 -0.9839
vn 0.1809 -0.0070 -0.9835
vn -0.4768 -0.5361 -0.6966
vn -0.0461 -0.6136 -0.7882
vn -0.4075 -0.5596 -0.7217
vn 0.0711 0.1136 -0.9910
vn 0.1211 0.2350 -0.9644
vn 0.1515 0.1318 -0.9796
vn 0.0647 0.0634 -0.9959
vn 0.1873 0.0911 -0.9781
vn 0.1459 0.0322 -0.9888
vn 0.1851 -0.0062 -0.9827
vn 0.1840 -0.0095 -0.9829
vn 0.1840 0.0009 -0.9829
vn 0.1388 0.1376 -0.9807
vn 0.1568 0.2494 -0.9556
vn 0.2205 0.2223 -0.9497
vn -0.7435 0.5844 -0.3251
vn -0.6845 0.6345 -0.3589
vn -0.7235 0.5842 -0.3678
vn 0.5498 0.0731 -0.8321
vn 0.9440 0.0461 -0.3268
vn 0.1754 0.0184 -0.9843
vn 0.5148 -0.0297 -0.8568
vn 0.0934 -0.0878 -0.9917
vn 0.8604 0.0594 -0.5062
vn 0.2169 0.0190 -0.9760
vn 0.2756 -0.0407 -0.9604
vn 0.2776 0.0310 -0.9602
vn 0.1810 0.0081 -0.9835
vn 0.1816 0.0044 -0.9834
vn 0.1809 0.0030 -0.9835
vn 0.6662 -0.3228 -0.6723
vn 0.1809 0.0294 -0.9831
vn 0.2019 -0.0063 -0.9794
vn 0.2201 -0.0167 -0.9753
vn 0.9553 0.0169 -0.2951
vn 0.7840 -0.0698 -0.6168
vn 0.1789 0.0070 -0.9838
vn 0.1673 0.0077 -0.9859
vn 0.1771 0.0085 -0.9842
vn -0.6078 0.6336 -0.4787
vn -0.6444 0.5850 -0.4925
vn -0.6522 0.6163 -0.4415
vn 0.1804 0.0149 -0.9835
vn 0.1765 0.0068 -0.9843
vn 0.1738 0.0073 -0.9848
vn 0.1717 -0.0149 -0.9850
vn 0.1692 -0.0166 -0.9854
vn 0.1666 -0.0080 -0.9860
vn -0.8012 0.4932 -0.3389
vn -0.7586 0.4964 -0.4221
vn -0.7930 0.4805 -0.3745
vn -0.5357 0.6977 -0.4756
vn -0.5014 0.6924 -0.5188
vn -0.5454 0.6748 -0.4971
vn 0.1809 -0.0062 -0.9835
vn 0.1848 0.0038 -0.9828
vn 0.2064 -0.0004 -0.9785
vt 0.087366 0.759689
vt 0.089325 0.757201
vt 0.087184 0.762624
vt 0.084528 0.778815
vt 0.085574 0.776138
vt 0.085654 0.779458
vt 0.085367 0.784909
vt 0.085870 0.783483
vt 0.085824 0.787661
vt 0.453853 0.171508
vt 0.439672 0.173071
vt 0.428640 0.169728
vt 0.445712 0.176183
vt 0.442688 0.182101
vt 0.433486 0.182488
vt 0.390345 0.123494
vt 0.385560 0.123480
vt 0.377840 0.122241
vt 0.406958 0.165067
vt 0.418814 0.167576
vt 0.399823 0.173787
vt 0.403578 0.112977
vt 0.396585 0.127210
vt 0.411234 0.131097
vt 0.406909 0.102249
vt 0.430661 0.112166
vt 0.452812 0.148213
vt 0.425132 0.154129
vt 0.454640 0.107396
vt 0.478860 0.122482
vt 0.451659 0.110006
vt 0.379491 0.104877
vt 0.386185 0.101072
vt 0.392189 0.100188
vt 0.371767 0.107626
vt 0.396147 0.096588
vt 0.396260 0.087074
vt 0.367773 0.115909
vt 0.466019 0.099414
vt 0.459887 0.103945
vt 0.487459 0.102196
vt 0.487200 0.112719
vt 0.474955 0.091102
vt 0.467043 0.131269
vt 0.408273 0.157395
vt 0.462641 0.151533
vt 0.451980 0.154662
vt 0.471341 0.152149
vt 0.469445 0.153679
vt 0.473270 0.150373
vt 0.436247 0.154236
vt 0.442602 0.160671
vt 0.433231 0.159933
vt 0.430588 0.099669
vt 0.441560 0.108725
vt 0.460877 0.139135
vt 0.411660 0.151600
vt 0.426384 0.161312
vt 0.420237 0.160508
vt 0.415133 0.145870
vt 0.407885 0.085902
vt 0.419128 0.092100
vt 0.430408 0.184880
vt 0.419750 0.177023
vt 0.419387 0.182713
vt 0.422766 0.185715
vt 0.400770 0.135372
vt 0.407961 0.145078
vt 0.404097 0.141583
vt 0.465777 0.153678
vt 0.468422 0.154462
vt 0.436374 0.186014
vt 0.427134 0.187433
vt 0.412460 0.177995
vt 0.406635 0.184057
vt 0.459918 0.167216
vt 0.457171 0.170482
vt 0.449838 0.178295
vt 0.460578 0.157081
vt 0.452841 0.175243
vt 0.086232 0.776016
vt 0.993621 0.045616
vt 0.990714 0.044785
vt 0.993121 0.041932
vt 0.086752 0.769415
vt 0.086462 0.764795
vt 0.087586 0.765657
vt 0.083261 0.799068
vt 0.083951 0.797077
vt 0.083476 0.799825
vt 0.080052 0.798670
vt 0.083204 0.796464
vt 0.083985 0.791111
vt 0.084498 0.791680
vt 0.083658 0.787935
vt 0.085321 0.787179
vt 0.083339 0.794747
vt 0.083790 0.791187
vt 0.088499 0.757296
vt 0.085757 0.761643
vt 0.998608 0.044555
vt 0.994969 0.040654
vt 0.994137 0.040007
vt 0.112467 0.021876
vt 0.104386 0.033335
vt 0.108663 0.021802
vt 0.113175 0.043716
vt 0.096115 0.046711
vt 0.133707 0.042987
vt 0.136106 0.039479
vt 0.148099 0.040737
vt 0.132021 0.059538
vt 0.125107 0.048380
vt 0.124818 0.041781
vt 0.118770 0.048762
vt 0.082878 0.028664
vt 0.089696 0.038333
vt 0.078700 0.035416
vt 0.122207 0.061478
vt 0.099323 0.051715
vt 0.111430 0.053671
vt 0.115249 0.049532
vt 0.103203 0.053883
vt 0.085440 0.042230
vt 0.096943 0.040201
vt 0.092671 0.022500
vt 0.086416 0.022823
vt 0.140113 0.035538
vt 0.153989 0.039987
vt 0.116879 0.035336
vt 0.114430 0.058464
vt 0.097580 0.035461
vt 0.110747 0.031240
vt 0.098023 0.023324
vt 0.134392 0.025923
vt 0.126362 0.027961
vt 0.125442 0.021060
vt 0.121322 0.027388
vt 0.116973 0.017856
vt 0.117475 0.025048
vt 0.084507 0.038332
vt 0.132474 0.019561
vt 0.703428 0.250015
vt 0.693392 0.254545
vt 0.699658 0.246099
vt 0.812827 0.234554
vt 0.805684 0.248892
vt 0.794746 0.247966
vt 0.742865 0.247596
vt 0.750206 0.277555
vt 0.741599 0.272855
vt 0.758324 0.276158
vt 0.766786 0.276243
vt 0.771556 0.267962
vt 0.772829 0.234533
vt 0.745247 0.228209
vt 0.752044 0.224832
vt 0.778491 0.267504
vt 0.737160 0.234582
vt 0.732231 0.228347
vt 0.720345 0.210627
vt 0.732616 0.214516
vt 0.706998 0.245315
vt 0.715787 0.243030
vt 0.711083 0.248694
vt 0.715659 0.238363
vt 0.711545 0.220682
vt 0.810119 0.252823
vt 0.817351 0.253272
vt 0.811258 0.256180
vt 0.780997 0.241969
vt 0.732009 0.234470
vt 0.732596 0.276568
vt 0.809907 0.243396
vt 0.811313 0.249523
vt 0.780322 0.232894
vt 0.787128 0.260006
vt 0.744000 0.222442
vt 0.739611 0.228434
vt 0.760462 0.216369
vt 0.749390 0.221629
vt 0.747212 0.225164
vt 0.792486 0.253800
vt 0.789618 0.252756
vt 0.799220 0.255376
vt 0.807793 0.256659
vt 0.803098 0.251190
vt 0.792518 0.241324
vt 0.783263 0.235358
vt 0.787140 0.228319
vt 0.800807 0.252502
vt 0.788947 0.234124
vt 0.789065 0.244214
vt 0.770059 0.224306
vt 0.776525 0.226538
vt 0.776327 0.230507
vt 0.767307 0.214726
vt 0.774864 0.218225
vt 0.781262 0.226585
vt 0.181582 0.486829
vt 0.182873 0.481732
vt 0.190079 0.481552
vt 0.215098 0.490245
vt 0.199377 0.489813
vt 0.207795 0.487667
vt 0.141669 0.019606
vt 0.136224 0.016240
vt 0.085478 0.016996
vt 0.088138 0.020586
vt 0.146006 0.023047
vt 0.691856 0.211040
vt 0.691661 0.239568
vt 0.683979 0.226858
vt 0.705278 0.214730
vt 0.076075 0.054172
vt 0.672819 0.239064
vt 0.670713 0.248680
vt 0.812927 0.259818
vt 0.809374 0.259220
vt 0.817587 0.258796
vt 0.814532 0.258306
vt 0.777956 0.221660
vt 0.809511 0.220625
vt 0.811351 0.246304
vt 0.643371 0.160620
vt 0.648917 0.153159
vt 0.652233 0.161441
vt 0.635233 0.149483
vt 0.636605 0.162521
vt 0.632693 0.162435
vt 0.627304 0.148649
vt 0.642967 0.145719
vt 0.650329 0.147247
vt 0.652969 0.168877
vt 0.650715 0.172389
vt 0.595700 0.173823
vt 0.605685 0.165543
vt 0.599995 0.177143
vt 0.595816 0.166735
vt 0.595421 0.186386
vt 0.605087 0.181144
vt 0.673023 0.195755
vt 0.678722 0.196048
vt 0.677116 0.205159
vt 0.612415 0.168185
vt 0.606582 0.162094
vt 0.616464 0.161083
vt 0.589739 0.173676
vt 0.582539 0.176842
vt 0.578398 0.169149
vt 0.670860 0.203965
vt 0.612013 0.182648
vt 0.612537 0.190253
vt 0.602912 0.195392
vt 0.617863 0.186114
vt 0.617704 0.195785
vt 0.620665 0.177520
vt 0.623374 0.179795
vt 0.625936 0.185575
vt 0.589398 0.184853
vt 0.585982 0.163190
vt 0.581695 0.194687
vt 0.584312 0.151987
vt 0.606235 0.172819
vt 0.577224 0.159964
vt 0.571455 0.164627
vt 0.596619 0.191611
vt 0.566543 0.183037
vt 0.611074 0.152451
vt 0.604784 0.153077
vt 0.829696 0.915910
vt 0.832884 0.912682
vt 0.838999 0.916453
vt 0.573352 0.186633
vt 0.578827 0.180270
vt 0.586602 0.180638
vt 0.897886 0.963581
vt 0.825785 0.910404
vt 0.848651 0.918901
vt 0.845762 0.918264
vt 0.869831 0.938031
vt 0.854087 0.934022
vt 0.854977 0.921913
vt 0.615614 0.155162
vt 0.619371 0.153965
vt 0.084678 0.764500
vt 0.086358 0.764540
vt 0.086203 0.765112
vt 0.081113 0.796516
vt 0.081017 0.792597
vt 0.081478 0.794431
vt 0.085848 0.753494
vt 0.085858 0.749203
vt 0.088784 0.750460
vt 0.148703 0.977840
vt 0.150075 0.975972
vt 0.150215 0.978429
vt 0.584697 0.184551
vt 0.088669 0.749200
vt 0.088074 0.746631
vt 0.088989 0.750489
vt 0.089907 0.754610
vt 0.078707 0.068383
vt 0.100286 0.060352
vt 0.082784 0.072344
vt 0.092303 0.018260
vt 0.090593 0.746604
vt 0.089506 0.749148
vt 0.084391 0.784413
vt 0.032440 0.439454
vt 0.036289 0.443991
vt 0.029186 0.439694
vt 0.081056 0.789927
vt 0.083027 0.787945
vt 0.083703 0.791025
vt 0.082218 0.800275
vt 0.082112 0.791741
vt 0.162763 0.334724
vt 0.167074 0.345633
vt 0.154595 0.325511
vt 0.088627 0.073216
vt 0.095850 0.066799
vt 0.096246 0.073500
vt 0.082006 0.792174
vt 0.080527 0.799864
vt 0.136327 0.269776
vt 0.149086 0.275668
vt 0.113024 0.281330
vt 0.076145 0.043767
vt 0.082512 0.782997
vt 0.083819 0.785475
vt 0.079909 0.802748
vt 0.156935 0.274569
vt 0.153423 0.269780
vt 0.082758 0.793439
vt 0.897322 0.963901
vt 0.891207 0.953382
vt 0.897901 0.963590
vt 0.881098 0.944897
vt 0.886843 0.941409
vt 0.887845 0.945881
vt 0.561922 0.170281
vt 0.566431 0.174309
vt 0.609422 0.197246
vt 0.599539 0.202147
vt 0.626880 0.176253
vt 0.598288 0.159936
vt 0.628476 0.168726
vt 0.667522 0.200683
vt 0.658037 0.195540
vt 0.662863 0.191156
vt 0.655648 0.179117
vt 0.645878 0.181268
vt 0.653556 0.199493
vt 0.659433 0.198128
vt 0.592270 0.154100
vt 0.598683 0.151378
vt 0.677495 0.186671
vt 0.657457 0.186441
vt 0.681857 0.178116
vt 0.465069 0.012739
vt 0.457196 0.015589
vt 0.457747 0.009663
vt 0.463903 0.020731
vt 0.473231 0.032896
vt 0.462614 0.023408
vt 0.460983 0.020560
vt 0.141206 0.643926
vt 0.149466 0.646924
vt 0.140873 0.647953
vt 0.657075 0.154890
vt 0.683137 0.171011
vt 0.662996 0.143489
vt 0.681772 0.153531
vt 0.684654 0.159744
vt 0.682418 0.165368
vt 0.655696 0.172278
vt 0.993501 0.096422
vt 0.986418 0.097698
vt 0.984297 0.097905
vt 0.965745 0.341865
vt 0.962725 0.338045
vt 0.970065 0.341144
vt 0.971141 0.343183
vt 0.090923 0.171602
vt 0.095480 0.164165
vt 0.093185 0.171950
vt 0.092392 0.154708
vt 0.097596 0.154923
vt 0.092901 0.149749
vt 0.104475 0.137741
vt 0.957391 0.877235
vt 0.961448 0.878154
vt 0.959844 0.879259
vt 0.962541 0.877416
vt 0.969516 0.872449
vt 0.970503 0.873469
vt 0.969672 0.873537
vt 0.964881 0.873288
vt 0.967574 0.875257
vt 0.980797 0.866000
vt 0.980000 0.870775
vt 0.978376 0.867854
vt 0.952569 0.880092
vt 0.955183 0.880906
vt 0.952989 0.881841
vt 0.956522 0.880600
vt 0.971045 0.872684
vt 0.089049 0.059457
vt 0.074916 0.062825
vt 0.483046 0.782689
vt 0.456840 0.802820
vt 0.465226 0.777625
vt 0.639805 0.224937
vt 0.637761 0.208551
vt 0.649872 0.225653
vt 0.655777 0.191051
vt 0.432076 0.781087
vt 0.436305 0.800254
vt 0.476621 0.774300
vt 0.683122 0.142565
vt 0.649094 0.196051
vt 0.654996 0.196588
vt 0.664023 0.222105
vt 0.421688 0.748095
vt 0.445469 0.763338
vt 0.427504 0.773424
vt 0.432880 0.786174
vt 0.622020 0.203962
vt 0.634700 0.201536
vt 0.470950 0.761355
vt 0.560379 0.166453
vt 0.486959 0.800164
vt 0.474558 0.811700
vt 0.490346 0.663373
vt 0.487521 0.680177
vt 0.476044 0.657051
vt 0.482865 0.840462
vt 0.478038 0.858451
vt 0.469089 0.853803
vt 0.457583 0.856776
vt 0.457867 0.843292
vt 0.574776 0.148404
vt 0.646980 0.199830
vt 0.673445 0.214611
vt 0.640414 0.199232
vt 0.626827 0.209499
vt 0.625222 0.221345
vt 0.640346 0.203802
vt 0.458628 0.830415
vt 0.566423 0.155858
vt 0.558854 0.162832
vt 0.654766 0.145548
vt 0.022858 0.433689
vt 0.024889 0.436822
vt 0.021730 0.434748
vt 0.023417 0.429942
vt 0.026714 0.433508
vt 0.026370 0.433447
vt 0.041927 0.442216
vt 0.041491 0.443536
vt 0.039771 0.443258
vt 0.032666 0.437794
vt 0.033421 0.438698
vt 0.035629 0.436944
vt 0.038966 0.440776
vt 0.035712 0.439824
vt 0.415869 0.973465
vt 0.410089 0.968939
vt 0.415493 0.973323
vt 0.023092 0.433618
vt 0.146758 0.976955
vt 0.143697 0.977268
vt 0.031540 0.434460
vt 0.029514 0.435118
vt 0.030660 0.435620
vt 0.035783 0.442555
vt 0.033941 0.441093
vt 0.091718 0.746470
vt 0.026347 0.437286
vt 0.026106 0.437693
vt 0.031110 0.437719
vt 0.044096 0.436419
vt 0.030017 0.438211
vt 0.031224 0.438768
vt 0.037334 0.443363
vt 0.144590 0.978101
vt 0.027556 0.438695
vt 0.028150 0.437928
vt 0.037439 0.441553
vt 0.025089 0.436726
vt 0.620923 0.208480
vt 0.615694 0.214213
vt 0.614379 0.211541
vt 0.610638 0.209254
vt 0.631531 0.225530
vt 0.620173 0.217262
vt 0.603761 0.207297
vt 0.768636 0.213860
vt 0.773429 0.214541
vt 0.682534 0.252725
vt 0.670790 0.260854
vt 0.785695 0.216477
vt 0.682448 0.259012
vt 0.786931 0.251540
vt 0.673664 0.217987
vt 0.670713 0.229856
vt 0.726649 0.235502
vt 0.743294 0.210881
vt 0.750201 0.215540
vt 0.088310 0.902070
vt 0.090657 0.899019
vt 0.095118 0.904343
vt 0.077101 0.901067
vt 0.084758 0.899965
vt 0.078091 0.897372
vt 0.080336 0.896860
vt 0.082830 0.898417
vt 0.158943 0.282689
vt 0.479045 0.824046
vt 0.109419 0.913172
vt 0.096884 0.904149
vt 0.110098 0.907586
vt 0.110612 0.908484
vt 0.114553 0.906949
vt 0.161293 0.269780
vt 0.165653 0.371192
vt 0.161142 0.373900
vt 0.150968 0.367625
vt 0.167178 0.351897
vt 0.169365 0.360166
vt 0.136432 0.356261
vt 0.129876 0.346952
vt 0.163532 0.275208
vt 0.169543 0.279295
vt 0.086400 0.898642
vt 0.142752 0.269780
vt 0.836560 0.177069
vt 0.832958 0.179909
vt 0.835077 0.175893
vt 0.816659 0.208764
vt 0.816964 0.205776
vt 0.818997 0.202927
vt 0.818768 0.202039
vt 0.820158 0.200296
vt 0.817562 0.203181
vt 0.817871 0.202224
vt 0.815243 0.208653
vt 0.815451 0.207258
vt 0.828956 0.187426
vt 0.826096 0.190280
vt 0.826788 0.187603
vt 0.827959 0.186274
vt 0.178483 0.277816
vt 0.176498 0.271429
vt 0.179777 0.276930
vt 0.175010 0.270179
vt 0.720039 0.239092
vt 0.801312 0.256478
vt 0.794423 0.254863
vt 0.796542 0.257391
vt 0.803665 0.256447
vt 0.806214 0.257706
vt 0.058642 0.189262
vt 0.043289 0.187559
vt 0.041732 0.175733
vt 0.754343 0.216508
vt 0.757656 0.215549
vt 0.679513 0.277674
vt 0.682066 0.265574
vt 0.697815 0.277675
vt 0.698871 0.260153
vt 0.713361 0.277592
vt 0.764230 0.214583
vt 0.724554 0.243184
vt 0.426715 0.667017
vt 0.432913 0.660676
vt 0.460662 0.685552
vt 0.459062 0.658674
vt 0.485373 0.693469
vt 0.483838 0.705679
vt 0.472211 0.710569
vt 0.453012 0.713564
vt 0.443840 0.695153
vt 0.466409 0.866477
vt 0.510074 0.801739
vt 0.515797 0.813757
vt 0.504037 0.811683
vt 0.513308 0.778461
vt 0.496252 0.785262
vt 0.497722 0.776301
vt 0.496225 0.743428
vt 0.508085 0.725914
vt 0.521735 0.737827
vt 0.494251 0.719699
vt 0.513360 0.706742
vt 0.510418 0.763108
vt 0.498476 0.708009
vt 0.681316 0.260955
vt 0.524550 0.727940
vt 0.524173 0.765551
vt 0.543127 0.771975
vt 0.543649 0.779853
vt 0.525058 0.708784
vt 0.166568 0.375401
vt 0.162296 0.376915
vt 0.533681 0.714790
vt 0.554561 0.698492
vt 0.557290 0.715389
vt 0.529486 0.621795
vt 0.519347 0.651343
vt 0.515024 0.619992
vt 0.565813 0.619744
vt 0.543670 0.621151
vt 0.569988 0.606791
vt 0.166287 0.365811
vt 0.549333 0.640310
vt 0.532514 0.644159
vt 0.606727 0.547120
vt 0.613815 0.538079
vt 0.621407 0.544753
vt 0.723759 0.276274
vt 0.577898 0.507736
vt 0.615296 0.519968
vt 0.164004 0.332561
vt 0.165157 0.304956
vt 0.166127 0.298313
vt 0.167184 0.301945
vt 0.125782 0.269780
vt 0.115677 0.271374
vt 0.164718 0.329677
vt 0.164295 0.322774
vt 0.124319 0.343926
vt 0.114088 0.338438
vt 0.163401 0.546167
vt 0.162160 0.549107
vt 0.160963 0.546167
vt 0.170664 0.578922
vt 0.149861 0.578704
vt 0.175181 0.563623
vt 0.143430 0.558612
vt 0.173045 0.591094
vt 0.158980 0.552929
vt 0.169422 0.554018
vt 0.131470 0.566683
vt 0.133816 0.571726
vt 0.122152 0.566933
vt 0.111877 0.574403
vt 0.115058 0.568832
vt 0.118483 0.654065
vt 0.108063 0.653310
vt 0.110283 0.639387
vt 0.106664 0.640815
vt 0.128658 0.646003
vt 0.103718 0.626141
vt 0.702841 0.355818
vt 0.690634 0.362911
vt 0.682197 0.361743
vt 0.705439 0.327440
vt 0.678095 0.356047
vt 0.675294 0.315098
vt 0.217974 0.624537
vt 0.225188 0.623759
vt 0.225131 0.624713
vt 0.682984 0.318066
vt 0.683824 0.311552
vt 0.692928 0.310680
vt 0.620816 0.363002
vt 0.646076 0.362860
vt 0.635750 0.362200
vt 0.698640 0.313815
vt 0.111299 0.613663
vt 0.166766 0.644553
vt 0.668682 0.319425
vt 0.666035 0.363022
vt 0.656076 0.361831
vt 0.724810 0.317303
vt 0.717427 0.315071
vt 0.721100 0.315239
vt 0.743510 0.350423
vt 0.746049 0.352619
vt 0.743762 0.354044
vt 0.738428 0.334346
vt 0.736516 0.325674
vt 0.745343 0.325179
vt 0.719573 0.326893
vt 0.727271 0.320149
vt 0.726906 0.330044
vt 0.740651 0.359014
vt 0.738722 0.363043
vt 0.735959 0.361858
vt 0.639752 0.333609
vt 0.190772 0.482151
vt 0.198277 0.487344
vt 0.192732 0.486201
vt 0.192941 0.485499
vt 0.746564 0.357137
vt 0.732938 0.362041
vt 0.727858 0.363043
vt 0.745484 0.346554
vt 0.131712 0.351568
vt 0.719228 0.362310
vt 0.735200 0.353071
vt 0.750398 0.355685
vt 0.165371 0.317870
vt 0.654877 0.318565
vt 0.663161 0.317625
vt 0.708228 0.310812
vt 0.711685 0.312392
vt 0.742144 0.347009
vt 0.876241 0.932922
vt 0.646553 0.324587
vt 0.088278 0.746416
vt 0.074685 0.807328
vt 0.079502 0.808084
vt 0.596570 0.517259
vt 0.642167 0.319132
vt 0.592291 0.547645
vt 0.084173 0.180711
vt 0.075056 0.184561
vt 0.066110 0.151667
vt 0.080267 0.153954
vt 0.156340 0.371526
vt 0.059084 0.147209
vt 0.064242 0.145230
vt 0.560005 0.597982
vt 0.072601 0.150014
vt 0.111604 0.306831
vt 0.110687 0.300534
vt 0.110854 0.295981
vt 0.737863 0.342152
vt 0.741210 0.340982
vt 0.714777 0.337516
vt 0.730494 0.338602
vt 0.715243 0.313346
vt 0.733279 0.332477
vt 0.457945 0.007017
vt 0.459986 0.009666
vt 0.463539 0.001308
vt 0.459862 0.005504
vt 0.462991 0.001541
vt 0.476725 0.032354
vt 0.475540 0.050499
vt 0.475589 0.052157
vt 0.472095 0.048128
vt 0.137989 0.647043
vt 0.128958 0.647293
vt 0.745714 0.335149
vt 0.757148 0.335301
vt 0.714917 0.331754
vt 0.764941 0.345022
vt 0.765972 0.334758
vt 0.612234 0.342527
vt 0.608837 0.336755
vt 0.607473 0.332594
vt 0.089087 0.180759
vt 0.614847 0.348767
vt 0.622971 0.352613
vt 0.616864 0.353513
vt 0.971663 0.341613
vt 0.097893 0.130705
vt 0.090351 0.179771
vt 0.950699 0.881700
vt 0.143285 0.312017
vt 0.119258 0.329605
vt 0.112404 0.323002
vt 0.111488 0.313861
vt 0.761222 0.351956
vt 0.774168 0.338907
vt 0.111024 0.290925
vt 0.733180 0.323435
vt 0.744864 0.362410
vt 0.747131 0.359471
vt 0.746122 0.361884
vt 0.169021 0.273551
vt 0.742052 0.362818
vt 0.751409 0.359885
vt 0.702968 0.310395
vt 0.754082 0.357187
vt 0.730156 0.320822
vt 0.053174 0.146865
vt 0.048076 0.165230
vt 0.047080 0.155775
vt 0.530282 0.544465
vt 0.529380 0.561346
vt 0.526528 0.549912
vt 0.161658 0.633714
vt 0.561288 0.575334
vt 0.551370 0.558648
vt 0.571550 0.556627
vt 0.088393 0.152404
vt 0.075842 0.137059
vt 0.079357 0.127321
vt 0.613028 0.321819
vt 0.631613 0.318294
vt 0.423563 0.984853
vt 0.420326 0.976768
vt 0.425687 0.978257
vt 0.386301 0.961338
vt 0.382252 0.959082
vt 0.386842 0.960793
vt 0.536939 0.526858
vt 0.548363 0.517950
vt 0.531989 0.536845
vt 0.070453 0.141384
vt 0.044145 0.441769
vt 0.043233 0.443087
vt 0.537593 0.593128
vt 0.539194 0.572410
vt 0.523622 0.589479
vt 0.173872 0.597754
vt 0.758538 0.355580
vt 0.774168 0.353963
vt 0.094298 0.901742
vt 0.502383 0.603329
vt 0.823607 0.193937
vt 0.823002 0.197763
vt 0.821905 0.196637
vt 0.823898 0.193396
vt 0.828920 0.185728
vt 0.179850 0.277712
vt 0.611446 0.602532
vt 0.603938 0.584071
vt 0.614701 0.582564
vt 0.166753 0.547620
vt 0.167295 0.310766
vt 0.171391 0.288753
vt 0.166633 0.293161
vt 0.147538 0.362653
vt 0.709175 0.363043
vt 0.188245 0.119176
vt 0.188760 0.128805
vt 0.182468 0.136833
vt 0.172771 0.118162
vt 0.179346 0.128889
vt 0.167167 0.136944
vt 0.226691 0.193154
vt 0.223232 0.182738
vt 0.243271 0.191856
vt 0.229673 0.140324
vt 0.213103 0.139919
vt 0.210783 0.131254
vt 0.244916 0.147906
vt 0.251271 0.157431
vt 0.227034 0.153973
vt 0.196078 0.124696
vt 0.188430 0.121666
vt 0.190189 0.113326
vt 0.174598 0.216243
vt 0.167788 0.198741
vt 0.179216 0.222455
vt 0.167329 0.213307
vt 0.176230 0.227085
vt 0.228904 0.210768
vt 0.239561 0.209510
vt 0.212525 0.107075
vt 0.207402 0.118074
vt 0.200426 0.106783
vt 0.226243 0.131437
vt 0.244814 0.137793
vt 0.189399 0.146824
vt 0.185250 0.142289
vt 0.189633 0.139656
vt 0.256996 0.124805
vt 0.268193 0.120919
vt 0.268119 0.131492
vt 0.262458 0.205444
vt 0.268348 0.183203
vt 0.268390 0.192504
vt 0.231593 0.128252
vt 0.225702 0.110977
vt 0.240079 0.123046
vt 0.223154 0.116092
vt 0.228941 0.110162
vt 0.261943 0.106825
vt 0.181705 0.106837
vt 0.247236 0.174322
vt 0.229391 0.173862
vt 0.229519 0.166551
vt 0.194415 0.109330
vt 0.202245 0.123935
vt 0.192602 0.130895
vt 0.261441 0.174315
vt 0.247102 0.165851
vt 0.167167 0.111534
vt 0.207506 0.172055
vt 0.187460 0.162744
vt 0.201338 0.160045
vt 0.204270 0.181777
vt 0.181979 0.172792
vt 0.217941 0.209252
vt 0.210586 0.202097
vt 0.195371 0.176232
vt 0.620112 0.499148
vt 0.612993 0.507981
vt 0.600895 0.498140
vt 0.592681 0.486208
vt 0.607974 0.444135
vt 0.664492 0.375985
vt 0.629277 0.380016
vt 0.645793 0.369773
vt 0.677724 0.387540
vt 0.639503 0.405258
vt 0.567808 0.397864
vt 0.548072 0.384344
vt 0.570087 0.374661
vt 0.716166 0.392481
vt 0.718094 0.444854
vt 0.709556 0.457527
vt 0.680274 0.496554
vt 0.703939 0.475720
vt 0.552836 0.371052
vt 0.544358 0.373119
vt 0.571648 0.404458
vt 0.611358 0.375840
vt 0.576806 0.419919
vt 0.747891 0.383471
vt 0.762510 0.391312
vt 0.730591 0.388757
vt 0.767744 0.373324
vt 0.777526 0.384253
vt 0.791461 0.375399
vt 0.611898 0.413417
vt 0.691948 0.386201
vt 0.570989 0.413712
vt 0.703796 0.383941
vt 0.627634 0.443465
vt 0.576999 0.372693
vt 0.561417 0.369339
vt 0.556902 0.368337
vt 0.649416 0.489572
vt 0.593087 0.381000
vt 0.597787 0.374061
vt 0.583941 0.376318
vt 0.578517 0.430211
vt 0.588455 0.470979
vt 0.585538 0.460988
vt 0.593329 0.475435
vt 0.571113 0.439019
vt 0.574069 0.453836
vt 0.723378 0.432726
vt 0.736706 0.417761
vt 0.757676 0.410635
vt 0.630177 0.493674
vt 0.229388 0.106783
vt 0.241216 0.106783
vt 0.185179 0.192457
vt 0.195096 0.198207
vt 0.197091 0.215206
vt 0.257346 0.135730
vt 0.170265 0.228007
vt 0.167167 0.226626
vt 0.199829 0.204544
vt 0.248993 0.204279
vt 0.202285 0.199925
vt 0.189390 0.178439
vt 0.183886 0.180580
vt 0.257020 0.148220
vt 0.268420 0.151340
vt 0.268420 0.166098
vt 0.268420 0.141959
vt 0.175943 0.190482
vt 0.188625 0.212386
vt 0.265145 0.164534
vt 0.211911 0.149278
vt 0.198461 0.149821
vt 0.186592 0.155760
vt 0.199444 0.142740
vt 0.200722 0.134482
vt 0.186345 0.228007
vt 0.181589 0.147758
vt 0.584044 0.335631
vt 0.578911 0.351579
vt 0.562493 0.347072
vt 0.600555 0.355527
vt 0.605748 0.333257
vt 0.570265 0.285989
vt 0.564665 0.310502
vt 0.546169 0.300488
vt 0.497312 0.295760
vt 0.494393 0.284724
vt 0.514702 0.287482
vt 0.520306 0.306736
vt 0.538798 0.325084
vt 0.550782 0.330242
vt 0.553020 0.345679
vt 0.542176 0.347698
vt 0.564397 0.331353
vt 0.511345 0.329564
vt 0.578693 0.318435
vt 0.527106 0.338998
vt 0.619349 0.248825
vt 0.616061 0.238448
vt 0.626794 0.229020
vt 0.636818 0.232883
vt 0.641708 0.233631
vt 0.535967 0.287515
vt 0.549911 0.273708
vt 0.659877 0.234781
vt 0.664720 0.237881
vt 0.662058 0.249258
vt 0.535361 0.207160
vt 0.531894 0.234694
vt 0.518143 0.219942
vt 0.565573 0.221552
vt 0.603641 0.323975
vt 0.593935 0.313999
vt 0.528055 0.274446
vt 0.557788 0.208603
vt 0.574302 0.208252
vt 0.549757 0.243417
vt 0.548489 0.236917
vt 0.649518 0.235673
vt 0.572464 0.244137
vt 0.544221 0.263967
vt 0.573084 0.228825
vt 0.571776 0.272560
vt 0.654079 0.270408
vt 0.643342 0.278463
vt 0.654202 0.260540
vt 0.565392 0.263049
vt 0.605227 0.219923
vt 0.596023 0.200145
vt 0.670489 0.240266
vt 0.523435 0.243313
vt 0.598534 0.293046
vt 0.581722 0.291180
vt 0.596926 0.274387
vt 0.520036 0.255514
vt 0.605832 0.315670
vt 0.610769 0.294931
vt 0.613645 0.309600
vt 0.585400 0.275309
vt 0.566421 0.361696
vt 0.618726 0.275044
vt 0.607362 0.271689
vt 0.626169 0.254302
vt 0.638346 0.290342
vt 0.624142 0.302393
vt 0.497126 0.268784
vt 0.507012 0.275748
vt 0.503663 0.317588
vt 0.499100 0.305183
vt 0.484147 0.265005
vt 0.498359 0.253077
vt 0.488913 0.272073
vt 0.479422 0.261005
vt 0.479863 0.248832
vt 0.487862 0.234977
vt 0.495860 0.222046
vt 0.599601 0.253185
vt 0.612070 0.229169
vt 0.587289 0.255155
vt 0.141780 0.360334
vt 0.499096 0.609194
vt 0.501225 0.627099
vt 0.499457 0.618119
vt 0.996305 0.047844
vt 0.163924 0.545473
vt 0.141804 0.564970
vt 0.173533 0.611823
vt 0.175533 0.604039
vt 0.158360 0.649048
vt 0.154374 0.545547
vt 0.175049 0.632135
vt 0.167578 0.630409
vt 0.175418 0.621449
vt 0.168439 0.559819
vt 0.150480 0.555101
vt 0.137913 0.572970
vt 0.136923 0.571419
vt 0.134398 0.567242
vt 0.137320 0.564388
vt 0.140966 0.562950
vt 0.103716 0.592428
vt 0.109727 0.600404
vt 0.104156 0.600814
vt 0.103716 0.607210
vt 0.103716 0.576390
vt 0.109681 0.581139
vt 0.106058 0.585760
vt 0.426933 0.884407
vt 0.408509 0.891798
vt 0.406425 0.883628
vt 0.384859 0.918311
vt 0.400068 0.905711
vt 0.411994 0.910787
vt 0.397537 0.888753
vt 0.389399 0.902121
vt 0.426130 0.894734
vt 0.386096 0.888257
vt 0.495275 0.880469
vt 0.475914 0.875508
vt 0.491870 0.870749
vt 0.482061 0.864672
vt 0.470961 0.866367
vt 0.496985 0.874775
vt 0.522776 0.907816
vt 0.525579 0.921073
vt 0.518875 0.912123
vt 0.509921 0.907856
vt 0.510189 0.918333
vt 0.524092 0.907020
vt 0.530745 0.916808
vt 0.375823 0.922754
vt 0.400539 0.929934
vt 0.388389 0.932001
vt 0.515171 0.885410
vt 0.507536 0.878129
vt 0.526448 0.882414
vt 0.519734 0.873849
vt 0.531527 0.876687
vt 0.399057 0.921905
vt 0.529781 0.868092
vt 0.411252 0.921318
vt 0.410110 0.928799
vt 0.369020 0.928003
vt 0.375151 0.932001
vt 0.418443 0.878303
vt 0.434725 0.881647
vt 0.442395 0.880929
vt 0.434151 0.875442
vt 0.418951 0.871652
vt 0.435293 0.856008
vt 0.439548 0.869838
vt 0.428098 0.866062
vt 0.447383 0.876321
vt 0.443972 0.854608
vt 0.431504 0.846747
vt 0.434648 0.849331
vt 0.385991 0.855705
vt 0.392533 0.881195
vt 0.375260 0.861291
vt 0.447708 0.852771
vt 0.448761 0.856934
vt 0.452634 0.865521
vt 0.458631 0.868607
vt 0.446720 0.849492
vt 0.450348 0.863249
vt 0.449246 0.860021
vt 0.460171 0.877639
vt 0.464750 0.870857
vt 0.389558 0.920884
vt 0.552554 0.853818
vt 0.557987 0.880176
vt 0.509129 0.859038
vt 0.540827 0.895569
vt 0.540253 0.883064
vt 0.422763 0.929128
vt 0.417828 0.917421
vt 0.507717 0.873107
vt 0.523108 0.893324
vt 0.421893 0.834828
vt 0.427865 0.841522
vt 0.418661 0.837742
vt 0.507410 0.888731
vt 0.372441 0.924428
vt 0.383622 0.911924
vt 0.500613 0.873439
vt 0.499103 0.931778
vt 0.501100 0.911436
vt 0.417595 0.911741
vt 0.422321 0.916042
vt 0.428354 0.900852
vt 0.437367 0.895407
vt 0.435460 0.906885
vt 0.424114 0.910482
vt 0.438677 0.886047
vt 0.428428 0.906003
vt 0.417295 0.840344
vt 0.417472 0.843493
vt 0.481237 0.882060
vt 0.415877 0.846722
vt 0.466986 0.913828
vt 0.481679 0.932001
vt 0.482536 0.913428
vt 0.464803 0.928467
vt 0.501458 0.893125
vt 0.435707 0.901868
vt 0.443869 0.903727
vt 0.440647 0.908599
vt 0.449193 0.901886
vt 0.474078 0.905985
vt 0.449315 0.910425
vt 0.372129 0.916961
vt 0.381557 0.893939
vt 0.371166 0.899013
vt 0.369020 0.909605
vt 0.379154 0.883052
vt 0.369020 0.882145
vt 0.369206 0.871705
vt 0.369083 0.893110
vt 0.369054 0.887101
vt 0.519539 0.932001
vt 0.523832 0.918902
vt 0.546291 0.905606
vt 0.538707 0.912587
vt 0.560954 0.928996
vt 0.537955 0.926463
vt 0.559051 0.904379
vt 0.571581 0.910426
vt 0.554690 0.907998
vt 0.510317 0.900192
vt 0.566451 0.918515
vt 0.547684 0.923494
vt 0.567581 0.902278
vt 0.554870 0.889443
vt 0.571633 0.899323
vt 0.508193 0.904903
vt 0.571581 0.883874
vt 0.492922 0.886821
vt 0.464239 0.889975
vt 0.473632 0.895472
vt 0.460408 0.896069
vt 0.481110 0.887291
vt 0.469450 0.884450
vt 0.453905 0.883106
vt 0.485374 0.893629
vt 0.875503 0.673279
vt 0.874630 0.652563
vt 0.885711 0.667997
vt 0.856034 0.658309
vt 0.840162 0.661099
vt 0.832805 0.642120
vt 0.911105 0.613139
vt 0.919806 0.608803
vt 0.925649 0.612230
vt 0.889917 0.734520
vt 0.898207 0.745903
vt 0.876067 0.748631
vt 0.917480 0.739785
vt 0.914338 0.747627
vt 0.933306 0.609192
vt 0.937805 0.611914
vt 0.937360 0.617636
vt 0.931419 0.591462
vt 0.925505 0.579255
vt 0.934030 0.582846
vt 0.872901 0.619794
vt 0.869219 0.643681
vt 0.857280 0.634448
vt 0.937997 0.601147
vt 0.941940 0.607105
vt 0.865715 0.597694
vt 0.884938 0.616069
vt 0.940270 0.595787
vt 0.934581 0.597041
vt 0.927962 0.605036
vt 0.917944 0.594700
vt 0.935391 0.631931
vt 0.921967 0.619597
vt 0.938933 0.625034
vt 0.850623 0.624212
vt 0.853117 0.617823
vt 0.915194 0.633704
vt 0.871096 0.693278
vt 0.850580 0.690570
vt 0.839073 0.671940
vt 0.898000 0.626047
vt 0.882822 0.622738
vt 0.900904 0.712559
vt 0.853799 0.733014
vt 0.890117 0.610917
vt 0.834724 0.680349
vt 0.899366 0.764237
vt 0.903152 0.754507
vt 0.916333 0.755453
vt 0.889739 0.643180
vt 0.927566 0.575896
vt 0.889097 0.761853
vt 0.936977 0.643681
vt 0.923446 0.650085
vt 0.937781 0.637670
vt 0.869833 0.766729
vt 0.875299 0.756463
vt 0.938263 0.739250
vt 0.932116 0.746884
vt 0.889235 0.775599
vt 0.922698 0.586840
vt 0.952164 0.745401
vt 0.947943 0.753273
vt 0.900829 0.771528
vt 0.940923 0.587663
vt 0.905887 0.735006
vt 0.909123 0.715218
vt 0.919347 0.721383
vt 0.915268 0.733782
vt 0.853491 0.611820
vt 0.854624 0.602710
vt 0.878722 0.585554
vt 0.878122 0.572885
vt 0.892828 0.577510
vt 0.879576 0.557059
vt 0.900194 0.561367
vt 0.903816 0.569344
vt 0.930496 0.703499
vt 0.912492 0.683514
vt 0.950257 0.687069
vt 0.943193 0.668307
vt 0.918504 0.665834
vt 0.928273 0.662798
vt 0.945024 0.677242
vt 0.905698 0.554842
vt 0.884139 0.544423
vt 0.864335 0.563519
vt 0.862830 0.556829
vt 0.891511 0.591585
vt 0.844096 0.629294
vt 0.907678 0.621297
vt 0.901884 0.678043
vt 0.896274 0.694534
vt 0.947181 0.649245
vt 0.950324 0.659923
vt 0.915809 0.648052
vt 0.936398 0.725983
vt 0.897406 0.604915
vt 0.903989 0.598858
vt 0.832153 0.713060
vt 0.832297 0.698624
vt 0.847253 0.724048
vt 0.832192 0.734450
vt 0.832698 0.686959
vt 0.866007 0.744169
vt 0.876152 0.516540
vt 0.861595 0.513726
vt 0.863247 0.501224
vt 0.860483 0.523778
vt 0.883561 0.529778
vt 0.928577 0.767687
vt 0.863760 0.569713
vt 0.906420 0.781659
vt 0.918573 0.776657
vt 0.894696 0.521610
vt 0.898875 0.796041
vt 0.915953 0.793667
vt 0.884612 0.815436
vt 0.897079 0.806320
vt 0.898805 0.816314
vt 0.930355 0.558866
vt 0.941409 0.539802
vt 0.956776 0.560280
vt 0.951285 0.569856
vt 0.935423 0.567712
vt 0.931655 0.506597
vt 0.950663 0.506308
vt 0.956840 0.528642
vt 0.955900 0.537879
vt 0.956929 0.547026
vt 0.936924 0.781991
vt 0.909538 0.808140
vt 0.923322 0.790541
vt 0.956996 0.519126
vt 0.912385 0.816315
vt 0.885338 0.803053
vt 0.933138 0.525330
vt 0.859316 0.573305
vt 0.880180 0.593219
vt 0.855382 0.593256
vt 0.849680 0.579574
vt 0.956681 0.765590
vt 0.865546 0.565757
vt 0.950628 0.778931
vt 0.889933 0.798997
vt 0.904623 0.535746
vt 0.919104 0.547951
vt 0.921231 0.536788
vt 0.947019 0.582238
vt 0.948203 0.576140
vt 0.918726 0.566531
vt 0.945270 0.697159
vt 0.942137 0.704190
vt 0.907216 0.580249
vt 0.884826 0.471753
vt 0.875307 0.459591
vt 0.905157 0.459591
vt 0.910491 0.476558
vt 0.879844 0.480995
vt 0.955931 0.734160
vt 0.885879 0.793391
vt 0.948325 0.711386
vt 0.871557 0.491063
vt 0.898165 0.508759
vt 0.925287 0.486054
vt 0.913748 0.500821
vt 0.909459 0.664660
vt 0.895771 0.663163
vt 0.928748 0.498497
vt 0.933735 0.789009
vt 0.860181 0.549191
vt 0.917569 0.804671
vt 0.956180 0.720959
vt 0.872762 0.785675
vt 0.863671 0.544129
vt 0.862157 0.533792
vt 0.864638 0.540473
vt 0.505395 0.909267
vt 0.496228 0.905104
vt 0.489414 0.898436
vt 0.485287 0.901993
vt 0.478873 0.899370
vt 0.493525 0.912464
vt 0.480010 0.904960
vt 0.487373 0.907651
vt 0.469949 0.906615
vt 0.440201 0.840621
vt 0.446423 0.843889
vt 0.438275 0.845994
vt 0.827610 0.211161
vt 0.841677 0.176831
vt 0.431436 0.828066
vt 0.436764 0.834828
vt 0.446897 0.837176
vt 0.448890 0.828342
vt 0.436628 0.840273
vt 0.432373 0.821571
vt 0.442434 0.814964
vt 0.442747 0.821859
vt 0.428220 0.815231
vt 0.437483 0.808805
vt 0.435820 0.836298
vt 0.433088 0.808549
vt 0.405815 0.855255
vt 0.414327 0.858937
vt 0.414155 0.863596
vt 0.402852 0.850503
vt 0.395005 0.852392
vt 0.449648 0.893474
vt 0.446395 0.886225
vt 0.458779 0.907733
vt 0.412517 0.848191
vt 0.222592 0.615386
vt 0.219490 0.613584
vt 0.103716 0.623780
vt 0.380895 0.807983
vt 0.373062 0.829143
vt 0.340964 0.798723
vt 0.390452 0.843308
vt 0.370629 0.839022
vt 0.347492 0.823544
vt 0.292470 0.851408
vt 0.281717 0.848376
vt 0.281720 0.837728
vt 0.370695 0.850406
vt 0.358816 0.845115
vt 0.393608 0.822143
vt 0.331827 0.811653
vt 0.362398 0.781944
vt 0.344913 0.773650
vt 0.328861 0.771793
vt 0.284043 0.796743
vt 0.293639 0.800650
vt 0.286790 0.803397
vt 0.267606 0.807151
vt 0.252363 0.801572
vt 0.264998 0.795588
vt 0.255433 0.816321
vt 0.290816 0.790552
vt 0.406286 0.798555
vt 0.409244 0.839443
vt 0.412590 0.820469
vt 0.272076 0.818159
vt 0.259892 0.820652
vt 0.253385 0.811165
vt 0.409850 0.810480
vt 0.273960 0.798537
vt 0.309624 0.824372
vt 0.321860 0.840618
vt 0.312293 0.845199
vt 0.299125 0.788045
vt 0.309455 0.789940
vt 0.305488 0.798605
vt 0.301382 0.846872
vt 0.301811 0.826356
vt 0.308616 0.779548
vt 0.273492 0.842343
vt 0.276032 0.851826
vt 0.270233 0.847713
vt 0.286704 0.774988
vt 0.294894 0.773169
vt 0.302800 0.766806
vt 0.323801 0.786477
vt 0.315346 0.769519
vt 0.264788 0.835617
vt 0.274252 0.830162
vt 0.396718 0.788167
vt 0.278954 0.807473
vt 0.295810 0.809942
vt 0.820782 0.212418
vt 0.271895 0.787089
vt 0.262630 0.778185
vt 0.283867 0.830750
vt 0.261326 0.843305
vt 0.265055 0.849514
vt 0.337412 0.833287
vt 0.341618 0.844680
vt 0.331827 0.837223
vt 0.261714 0.827485
vt 0.830180 0.219232
vt 0.252394 0.790592
vt 0.259469 0.791004
vt 0.839978 0.219473
vt 0.323081 0.817056
vt 0.851708 0.219473
vt 0.291033 0.836840
vt 0.863330 0.219331
vt 0.861138 0.209110
vt 0.877259 0.208917
vt 0.872569 0.216576
vt 0.898642 0.207260
vt 0.888145 0.204868
vt 0.895787 0.189862
vt 0.878183 0.183142
vt 0.879908 0.201040
vt 0.892240 0.180112
vt 0.870153 0.173447
vt 0.854427 0.172660
vt 0.305981 0.809552
vt 0.103716 0.586580
vt 0.383415 0.780438
vt 0.320767 0.776379
vt 0.278810 0.790683
vt 0.275674 0.771545
vt 0.383318 0.849575
vt 0.383171 0.854433
vt 0.005534 0.807151
vt 0.004605 0.806407
vt 0.005949 0.807104
vt 0.054648 0.810576
vt 0.063131 0.811305
vt 0.056352 0.813079
vt 0.065561 0.815508
vt 0.061057 0.814884
vt 0.028634 0.814056
vt 0.041800 0.811424
vt 0.048299 0.818640
vt 0.043201 0.831439
vt 0.042285 0.839883
vt 0.049387 0.836647
vt 0.060879 0.843707
vt 0.065525 0.823948
vt 0.064716 0.815383
vt 0.052720 0.811791
vt 0.047431 0.811990
vt 0.041322 0.810282
vt 0.002618 0.851000
vt 0.002618 0.844831
vt 0.021154 0.834499
vt 0.028939 0.857399
vt 0.002627 0.856976
vt 0.012384 0.857517
vt 0.034460 0.854303
vt 0.021275 0.857517
vt 0.037689 0.843389
vt 0.002723 0.831668
vt 0.002618 0.838700
vt 0.050409 0.855075
vt 0.006953 0.815173
vt 0.002618 0.816537
vt 0.002618 0.811835
vt 0.058425 0.806470
vt 0.065523 0.832097
vt 0.061592 0.829051
vt 0.033086 0.807444
vt 0.038482 0.808637
vt 0.029877 0.809465
vt 0.065523 0.818696
vt 0.045111 0.809670
vt 0.005295 0.808103
vt 0.004869 0.806617
vt 0.006807 0.807967
vt 0.003867 0.806659
vt 0.004992 0.809440
vt 0.002618 0.808868
vt 0.024817 0.815460
vt 0.002618 0.826032
vt 0.015532 0.809966
vt 0.013020 0.806407
vt 0.005251 0.821928
vt 0.025886 0.810282
vt 0.027649 0.821362
vt 0.025793 0.810790
vt 0.025345 0.816519
vt 0.044381 0.806407
vt 0.003441 0.820117
vt 0.002618 0.816624
vt 0.149151 0.554914
vt 0.147489 0.547032
vt 0.562892 0.518052
vt 0.560068 0.504320
vt 0.988757 0.103351
vt 0.571388 0.747283
vt 0.593441 0.760748
vt 0.576694 0.769173
vt 0.569003 0.653564
vt 0.572181 0.630312
vt 0.585293 0.642114
vt 0.574818 0.684970
vt 0.594674 0.677001
vt 0.588234 0.688893
vt 0.610753 0.677942
vt 0.585928 0.103917
vt 0.578576 0.108733
vt 0.568071 0.072795
vt 0.542309 0.126006
vt 0.541054 0.116546
vt 0.550808 0.122645
vt 0.533636 0.115309
vt 0.533574 0.106592
vt 0.541253 0.078142
vt 0.526430 0.092968
vt 0.530488 0.100365
vt 0.528521 0.097029
vt 0.557185 0.131010
vt 0.552887 0.134442
vt 0.548695 0.131097
vt 0.548867 0.127725
vt 0.551246 0.046545
vt 0.519860 0.093711
vt 0.515826 0.086879
vt 0.518249 0.076608
vt 0.543362 0.040152
vt 0.569175 0.058707
vt 0.561409 0.121188
vt 0.574899 0.113179
vt 0.558813 0.040153
vt 0.567355 0.040154
vt 0.574983 0.050390
vt 0.579822 0.040153
vt 0.560339 0.127063
vt 0.590481 0.071161
vt 0.590608 0.086757
vt 0.579922 0.047445
vt 0.590548 0.049002
vt 0.572847 0.123664
vt 0.566891 0.126696
vt 0.590548 0.061863
vt 0.576498 0.116971
vt 0.580260 0.095352
vt 0.517179 0.040153
vt 0.531438 0.040153
vt 0.513578 0.062274
vt 0.513945 0.055848
vt 0.513335 0.050929
vt 0.513912 0.070665
vt 0.455167 0.528405
vt 0.492343 0.543737
vt 0.487097 0.548759
vt 0.470174 0.546106
vt 0.480998 0.512884
vt 0.511522 0.503577
vt 0.523209 0.535417
vt 0.439329 0.465533
vt 0.452341 0.487204
vt 0.433497 0.480918
vt 0.424128 0.458646
vt 0.415357 0.472574
vt 0.440540 0.495982
vt 0.425109 0.493187
vt 0.431924 0.635407
vt 0.443361 0.631695
vt 0.434274 0.640921
vt 0.409306 0.519429
vt 0.392544 0.532629
vt 0.410667 0.509031
vt 0.443810 0.642477
vt 0.456168 0.645324
vt 0.448458 0.649138
vt 0.496534 0.552899
vt 0.466846 0.561769
vt 0.454171 0.636287
vt 0.461382 0.656600
vt 0.469761 0.640756
vt 0.413177 0.407018
vt 0.419327 0.388656
vt 0.427921 0.394444
vt 0.508992 0.474552
vt 0.493324 0.473796
vt 0.503687 0.458496
vt 0.519558 0.451531
vt 0.489907 0.485790
vt 0.559727 0.450093
vt 0.565463 0.451772
vt 0.554977 0.455158
vt 0.565554 0.461811
vt 0.459927 0.604252
vt 0.484539 0.616143
vt 0.461572 0.613900
vt 0.469378 0.622913
vt 0.434952 0.436589
vt 0.450967 0.443776
vt 0.426991 0.444613
vt 0.573854 0.456617
vt 0.572595 0.463973
vt 0.567817 0.472248
vt 0.477143 0.497021
vt 0.459955 0.506681
vt 0.432994 0.535446
vt 0.436489 0.520302
vt 0.426867 0.538528
vt 0.424584 0.520453
vt 0.462992 0.469526
vt 0.413536 0.534613
vt 0.137776 0.463216
vt 0.131308 0.465471
vt 0.134936 0.463078
vt 0.156059 0.419626
vt 0.154441 0.411545
vt 0.158112 0.414311
vt 0.152384 0.382881
vt 0.151610 0.390721
vt 0.143927 0.387742
vt 0.150843 0.446971
vt 0.145479 0.445221
vt 0.150342 0.439780
vt 0.133120 0.452871
vt 0.142127 0.434448
vt 0.122956 0.452902
vt 0.128698 0.461622
vt 0.123568 0.458431
vt 0.118258 0.450821
vt 0.115950 0.446437
vt 0.163710 0.403484
vt 0.155669 0.399704
vt 0.158076 0.388754
vt 0.146260 0.450059
vt 0.148714 0.421846
vt 0.145315 0.406159
vt 0.169452 0.385820
vt 0.130101 0.485307
vt 0.120910 0.475932
vt 0.132266 0.458336
vt 0.141199 0.459068
vt 0.142786 0.455279
vt 0.146163 0.474157
vt 0.123469 0.388400
vt 0.118631 0.387125
vt 0.118385 0.394244
vt 0.960448 0.253202
vt 0.933212 0.273388
vt 0.907819 0.276991
vt 0.930866 0.275577
vt 0.922271 0.277489
vt 0.951000 0.231941
vt 0.895328 0.265070
vt 0.929969 0.222341
vt 0.916808 0.217470
vt 0.956070 0.238675
vt 0.959184 0.243825
vt 0.862317 0.239039
vt 0.873632 0.226173
vt 0.888898 0.221451
vt 0.838903 0.253541
vt 0.835997 0.235097
vt 0.845315 0.221166
vt 0.862382 0.224185
vt 0.818890 0.243950
vt 0.854291 0.253563
vt 0.864448 0.267395
vt 0.954358 0.284787
vt 0.956795 0.278464
vt 0.958883 0.284734
vt 0.937994 0.275763
vt 0.954927 0.272653
vt 0.842138 0.261068
vt 0.852931 0.263684
vt 0.847151 0.265006
vt 0.876729 0.214701
vt 0.950289 0.283121
vt 0.956580 0.217142
vt 0.951127 0.223423
vt 0.957319 0.209289
vt 0.954474 0.266407
vt 0.897718 0.221648
vt 0.892709 0.208230
vt 0.858991 0.264036
vt 0.945201 0.281932
vt 0.955442 0.202742
vt 0.943673 0.203772
vt 0.940970 0.278741
vt 0.928705 0.208722
vt 0.933319 0.217686
vt 0.884943 0.275032
vt 0.870082 0.277685
vt 0.836148 0.273936
vt 0.825974 0.257938
vt 0.959190 0.261870
vt 0.958277 0.257343
vt 0.961159 0.248352
vt 0.888474 0.215352
vt 0.815425 0.276314
vt 0.814361 0.262485
vt 0.948651 0.283934
vt 0.162814 0.467044
vt 0.167665 0.457562
vt 0.164715 0.462748
vt 0.135097 0.459695
vt 0.154608 0.462547
vt 0.147817 0.453656
vt 0.155215 0.470123
vt 0.162911 0.470118
vt 0.143912 0.492409
vt 0.161245 0.487852
vt 0.155343 0.492409
vt 0.141683 0.464757
vt 0.139685 0.461189
vt 0.143690 0.462605
vt 0.144499 0.459194
vt 0.149549 0.466597
vt 0.144632 0.465073
vt 0.167639 0.483288
vt 0.169663 0.489879
vt 0.122843 0.455654
vt 0.180453 0.383836
vt 0.177943 0.407281
vt 0.111909 0.440748
vt 0.113632 0.407934
vt 0.162517 0.382881
vt 0.158836 0.472022
vt 0.179151 0.419047
vt 0.178138 0.438252
vt 0.127112 0.463923
vt 0.124708 0.461089
vt 0.161316 0.477382
vt 0.167171 0.479286
vt 0.135272 0.382884
vt 0.150458 0.430325
vt 0.165640 0.476574
vt 0.172008 0.452075
vt 0.177345 0.447415
vt 0.166270 0.492405
vt 0.164052 0.473660
vt 0.180105 0.430673
vt 0.123731 0.466845
vt 0.111910 0.412133
vt 0.111976 0.417605
vt 0.111967 0.424751
vt 0.112812 0.432744
vt 0.131646 0.461295
vt 0.112337 0.400472
vt 0.161219 0.492409
vt 0.128151 0.491072
vt 0.127500 0.386074
vt 0.424025 0.548996
vt 0.461357 0.520968
vt 0.456625 0.433342
vt 0.422953 0.427087
vt 0.426194 0.415092
vt 0.420525 0.506985
vt 0.507567 0.443638
vt 0.401451 0.501733
vt 0.378481 0.521538
vt 0.365976 0.512836
vt 0.376797 0.480553
vt 0.398674 0.474814
vt 0.406035 0.494708
vt 0.405235 0.456342
vt 0.416461 0.452121
vt 0.381878 0.495249
vt 0.382889 0.468055
vt 0.388512 0.458776
vt 0.476121 0.471751
vt 0.480514 0.454205
vt 0.490658 0.457678
vt 0.479129 0.479697
vt 0.418991 0.435958
vt 0.449024 0.623690
vt 0.458101 0.625687
vt 0.532775 0.480192
vt 0.548750 0.464349
vt 0.553554 0.476105
vt 0.497654 0.435288
vt 0.489384 0.445005
vt 0.480107 0.434139
vt 0.471548 0.453067
vt 0.470038 0.433894
vt 0.463361 0.580857
vt 0.408074 0.588468
vt 0.482874 0.421243
vt 0.498025 0.419140
vt 0.478416 0.412057
vt 0.473617 0.412736
vt 0.469566 0.421896
vt 0.458561 0.416715
vt 0.448925 0.418193
vt 0.422707 0.566698
vt 0.499502 0.569324
vt 0.412862 0.487560
vt 0.453400 0.390278
vt 0.464961 0.398878
vt 0.440418 0.390480
vt 0.411915 0.608178
vt 0.469512 0.482751
vt 0.555243 0.450319
vt 0.550322 0.443138
vt 0.486344 0.575657
vt 0.404571 0.526042
vt 0.412158 0.545299
vt 0.400744 0.534238
vt 0.533507 0.446580
vt 0.538431 0.436182
vt 0.411201 0.416963
vt 0.454557 0.455269
vt 0.530354 0.505484
vt 0.541426 0.501096
vt 0.562299 0.480962
vt 0.456259 0.593923
vt 0.474790 0.593019
vt 0.498536 0.589541
vt 0.441098 0.609965
vt 0.486094 0.599654
vt 0.408303 0.423769
vt 0.509966 0.429353
vt 0.555295 0.493938
vt 0.405140 0.431266
vt 0.412650 0.628464
vt 0.434099 0.625975
vt 0.539390 0.521485
vt 0.371118 0.493788
vt 0.513875 0.549886
vt 0.412211 0.397253
vt 0.390393 0.448636
vt 0.511732 0.438286
vt 0.514756 0.422496
vt 0.461703 0.627189
vt 0.216626 0.908576
vt 0.210886 0.915101
vt 0.209651 0.908878
vt 0.222737 0.871451
vt 0.225587 0.882755
vt 0.211019 0.867618
vt 0.311612 0.919054
vt 0.306624 0.914321
vt 0.298170 0.901653
vt 0.202390 0.917285
vt 0.202861 0.925440
vt 0.317017 0.916496
vt 0.215153 0.928644
vt 0.204824 0.932073
vt 0.212788 0.923761
vt 0.228462 0.915691
vt 0.228340 0.921676
vt 0.221301 0.915631
vt 0.228924 0.927091
vt 0.221464 0.924824
vt 0.220237 0.904207
vt 0.202390 0.904112
vt 0.226920 0.890965
vt 0.221178 0.885680
vt 0.255175 0.922837
vt 0.259082 0.917184
vt 0.259696 0.926581
vt 0.231589 0.880759
vt 0.232730 0.890288
vt 0.254898 0.913769
vt 0.258552 0.913063
vt 0.232631 0.897914
vt 0.288747 0.924454
vt 0.283361 0.926226
vt 0.277291 0.923974
vt 0.286193 0.926180
vt 0.233441 0.920294
vt 0.212900 0.880383
vt 0.207988 0.886366
vt 0.202390 0.875321
vt 0.248155 0.913245
vt 0.235056 0.931494
vt 0.279110 0.912600
vt 0.269604 0.914190
vt 0.267436 0.917398
vt 0.265660 0.912615
vt 0.211280 0.903083
vt 0.265448 0.921451
vt 0.269249 0.928772
vt 0.287040 0.910163
vt 0.300662 0.924272
vt 0.211179 0.898175
vt 0.207447 0.903214
vt 0.266418 0.910171
vt 0.261397 0.894951
vt 0.255293 0.890160
vt 0.261956 0.882168
vt 0.240417 0.892522
vt 0.250548 0.901382
vt 0.224740 0.860370
vt 0.215551 0.857703
vt 0.296403 0.929185
vt 0.273516 0.921709
vt 0.226943 0.911741
vt 0.214749 0.862210
vt 0.231466 0.854577
vt 0.240603 0.868210
vt 0.237855 0.869230
vt 0.259563 0.906557
vt 0.254234 0.906690
vt 0.254376 0.899394
vt 0.208528 0.872337
vt 0.242293 0.863674
vt 0.245950 0.855471
vt 0.245006 0.869992
vt 0.235795 0.829360
vt 0.232250 0.842985
vt 0.219417 0.828235
vt 0.240783 0.849449
vt 0.240918 0.841043
vt 0.242291 0.844333
vt 0.251592 0.884472
vt 0.249752 0.892589
vt 0.246475 0.882989
vt 0.275573 0.926227
vt 0.320247 0.918159
vt 0.333909 0.904781
vt 0.305903 0.921866
vt 0.274702 0.898894
vt 0.226241 0.902127
vt 0.218697 0.894214
vt 0.216714 0.887903
vt 0.285662 0.865930
vt 0.300014 0.874796
vt 0.202390 0.892649
vt 0.227717 0.846345
vt 0.272290 0.859385
vt 0.280752 0.859564
vt 0.265530 0.858275
vt 0.302837 0.893673
vt 0.335922 0.889218
vt 0.267447 0.869123
vt 0.264658 0.854561
vt 0.202390 0.913102
vt 0.330043 0.922674
vt 0.242201 0.874039
vt 0.249726 0.843753
vt 0.202390 0.811048
vt 0.240823 0.813493
vt 0.315586 0.884362
vt 0.327276 0.885235
vt 0.248011 0.874035
vt 0.254034 0.870667
vt 0.249487 0.878806
vt 0.253188 0.891949
vt 0.256985 0.896815
vt 0.309573 0.881175
vt 0.259135 0.901379
vt 0.262686 0.906009
vt 0.286030 0.900862
vt 0.242126 0.830937
vt 0.242710 0.835758
vt 0.264271 0.902736
vt 0.752398 0.898115
vt 0.769127 0.887146
vt 0.761087 0.904242
vt 0.713651 0.864264
vt 0.721461 0.868041
vt 0.713306 0.881845
vt 0.708411 0.850469
vt 0.692822 0.867502
vt 0.712553 0.835756
vt 0.644471 0.855630
vt 0.624132 0.869277
vt 0.646099 0.829250
vt 0.672051 0.834391
vt 0.605606 0.902644
vt 0.628528 0.891139
vt 0.671832 0.848788
vt 0.679692 0.814423
vt 0.595022 0.861111
vt 0.610472 0.850795
vt 0.598586 0.878826
vt 0.617279 0.864260
vt 0.628613 0.838361
vt 0.620218 0.839096
vt 0.606211 0.882171
vt 0.622620 0.829289
vt 0.633742 0.822856
vt 0.612819 0.835483
vt 0.601830 0.842261
vt 0.623269 0.817024
vt 0.611211 0.822773
vt 0.592215 0.874630
vt 0.756668 0.838520
vt 0.743664 0.836479
vt 0.754808 0.831659
vt 0.768475 0.862564
vt 0.759445 0.854228
vt 0.773750 0.845966
vt 0.637670 0.806970
vt 0.646464 0.810429
vt 0.663196 0.806098
vt 0.614251 0.805966
vt 0.693390 0.823511
vt 0.682834 0.863256
vt 0.706874 0.828474
vt 0.791553 0.827493
vt 0.775546 0.837457
vt 0.780185 0.826571
vt 0.784458 0.882326
vt 0.776519 0.867671
vt 0.736481 0.904242
vt 0.726767 0.893330
vt 0.739487 0.880082
vt 0.718938 0.887200
vt 0.785545 0.843250
vt 0.810259 0.831490
vt 0.817352 0.823528
vt 0.819700 0.827480
vt 0.599885 0.828907
vt 0.586371 0.839688
vt 0.813989 0.852339
vt 0.822523 0.848254
vt 0.824425 0.832062
vt 0.802763 0.834876
vt 0.829836 0.867574
vt 0.824846 0.879113
vt 0.805871 0.862945
vt 0.776808 0.903992
vt 0.835688 0.860985
vt 0.823931 0.855180
vt 0.829444 0.855305
vt 0.838199 0.872061
vt 0.836172 0.885966
vt 0.838965 0.880446
vt 0.824733 0.839900
vt 0.817850 0.896314
vt 0.834372 0.892459
vt 0.800560 0.889241
vt 0.800566 0.900309
vt 0.789618 0.902711
vt 0.683451 0.881219
vt 0.695861 0.879199
vt 0.812521 0.904242
vt 0.692180 0.889207
vt 0.657775 0.902198
vt 0.767620 0.826867
vt 0.703903 0.882282
vt 0.611403 0.808674
vt 0.744633 0.849923
vt 0.744871 0.867692
vt 0.735005 0.853938
vt 0.727646 0.854061
vt 0.732022 0.835985
vt 0.805402 0.822574
vt 0.797564 0.826535
vt 0.803395 0.819825
vt 0.788318 0.820825
vt 0.798263 0.820096
vt 0.812074 0.816044
vt 0.721549 0.842946
vt 0.723350 0.836795
vt 0.721245 0.857596
vt 0.787738 0.865476
vt 0.794222 0.844376
vt 0.591323 0.812633
vt 0.581814 0.824126
vt 0.593241 0.826370
vt 0.680963 0.899574
vt 0.811932 0.822707
vt 0.643489 0.896022
vt 0.642782 0.889175
vt 0.640694 0.904045
vt 0.670503 0.904242
vt 0.590545 0.888102
vt 0.573223 0.864023
vt 0.573223 0.833341
vt 0.573223 0.868553
vt 0.573223 0.888442
vt 0.631799 0.967500
vt 0.639564 0.957307
vt 0.644127 0.957054
vt 0.644179 0.954622
vt 0.651730 0.957589
vt 0.653450 0.961505
vt 0.647269 0.953807
vt 0.633916 0.962905
vt 0.640705 0.980845
vt 0.662022 0.984628
vt 0.641209 0.988480
vt 0.634537 0.970955
vt 0.635288 0.977225
vt 0.656514 0.966107
vt 0.662025 0.970323
vt 0.657377 0.994251
vt 0.674092 0.972148
vt 0.670907 0.976383
vt 0.672152 0.970473
vt 0.674179 0.976696
vt 0.677200 0.974299
vt 0.666301 0.976475
vt 0.668155 0.968792
vt 0.680561 0.973199
vt 0.676545 0.972091
vt 0.679810 0.972199
vt 0.679537 0.973393
vt 0.682456 0.972155
vt 0.683192 0.973040
vt 0.673729 0.969013
vt 0.563007 0.587944
vt 0.296820 0.868037
vt 0.263463 0.923924
vt 0.244048 0.841946
vt 0.082826 0.931822
vt 0.080007 0.912450
vt 0.091571 0.928415
vt 0.250120 0.848696
vt 0.256040 0.851397
vt 0.310790 0.883718
vt 0.262266 0.849637
vt 0.253399 0.849414
vt 0.339652 0.920148
vt 0.209265 0.892599
vt 0.102413 0.915481
vt 0.244817 0.920158
vt 0.244260 0.928840
vt 0.237220 0.908667
vt 0.231498 0.911159
vt 0.231228 0.903342
vt 0.238681 0.901269
vt 0.202390 0.841327
vt 0.202511 0.902530
vt 0.219326 0.842489
vt 0.228938 0.932073
vt 0.217951 0.932073
vt 0.248243 0.931985
vt 0.240146 0.930548
vt 0.098970 0.923813
vt 0.339652 0.901593
vt 0.204387 0.596667
vt 0.200177 0.598416
vt 0.179792 0.570825
vt 0.184575 0.550145
vt 0.212215 0.565523
vt 0.220484 0.517165
vt 0.107836 0.918010
vt 0.176833 0.547653
vt 0.185579 0.589800
vt 0.182030 0.579696
vt 0.176276 0.586272
vt 0.176457 0.581451
vt 0.176791 0.593172
vt 0.226451 0.523248
vt 0.253020 0.527544
vt 0.252361 0.550277
vt 0.251573 0.563920
vt 0.176163 0.590008
vt 0.180355 0.482433
vt 0.180598 0.480955
vt 0.186339 0.494585
vt 0.178103 0.495660
vt 0.188791 0.488371
vt 0.181943 0.504495
vt 0.191137 0.599015
vt 0.232347 0.499398
vt 0.192084 0.498590
vt 0.180538 0.597401
vt 0.176140 0.595398
vt 0.176919 0.597555
vt 0.178670 0.597816
vt 0.192678 0.606785
vt 0.189646 0.607827
vt 0.186511 0.605378
vt 0.187731 0.609571
vt 0.182226 0.597760
vt 0.183568 0.603236
vt 0.188698 0.602610
vt 0.192148 0.602305
vt 0.241404 0.509262
vt 0.253020 0.494624
vt 0.218888 0.604033
vt 0.211722 0.601439
vt 0.242796 0.602426
vt 0.229500 0.607987
vt 0.193512 0.491632
vt 0.188301 0.509404
vt 0.183713 0.508436
vt 0.187659 0.500301
vt 0.189717 0.492695
vt 0.180401 0.526856
vt 0.181207 0.515076
vt 0.180219 0.510708
vt 0.202611 0.598797
vt 0.178053 0.519973
vt 0.230707 0.503591
vt 0.618619 0.558500
vt 0.605829 0.561753
vt 0.248419 0.574046
vt 0.177087 0.563318
vt 0.176447 0.552177
vt 0.253020 0.587647
vt 0.195162 0.601250
vt 0.195866 0.603813
vt 0.625499 0.620149
vt 0.623826 0.635013
vt 0.198399 0.601439
vt 0.176731 0.574672
vt 0.586752 0.629004
vt 0.594461 0.615820
vt 0.176522 0.539493
vt 0.627512 0.655124
vt 0.602798 0.607449
vt 0.604441 0.638814
vt 0.588323 0.591341
vt 0.622504 0.554423
vt 0.573770 0.716008
vt 0.416290 0.354545
vt 0.368498 0.353139
vt 0.358224 0.327508
vt 0.599717 0.697604
vt 0.585517 0.718357
vt 0.591238 0.567779
vt 0.397791 0.300388
vt 0.450896 0.305589
vt 0.429585 0.345783
vt 0.424746 0.344931
vt 0.433589 0.288495
vt 0.451922 0.322743
vt 0.414122 0.279888
vt 0.364403 0.389699
vt 0.378314 0.385067
vt 0.373002 0.391645
vt 0.421439 0.351851
vt 0.403702 0.370962
vt 0.403864 0.380426
vt 0.388599 0.381069
vt 0.372757 0.290739
vt 0.355668 0.298106
vt 0.355350 0.288463
vt 0.348941 0.299085
vt 0.351208 0.305593
vt 0.362370 0.285306
vt 0.385577 0.377115
vt 0.369318 0.404540
vt 0.360578 0.399985
vt 0.377408 0.409509
vt 0.363508 0.339516
vt 0.370268 0.364667
vt 0.356683 0.319649
vt 0.377354 0.279558
vt 0.383279 0.282565
vt 0.378367 0.287000
vt 0.387088 0.294221
vt 0.352926 0.312206
vt 0.357699 0.337056
vt 0.079064 0.149731
vt 0.442096 0.339350
vt 0.467639 0.327583
vt 0.465411 0.366820
vt 0.448329 0.350877
vt 0.434151 0.348560
vt 0.460575 0.324678
vt 0.485097 0.349402
vt 0.484753 0.317585
vt 0.026199 0.426296
vt 0.409070 0.361824
vt 0.385630 0.411643
vt 0.410119 0.407727
vt 0.395765 0.420107
vt 0.365627 0.344978
vt 0.500948 0.326935
vt 0.518118 0.336849
vt 0.497636 0.372325
vt 0.360522 0.395300
vt 0.363184 0.394692
vt 0.401741 0.392190
vt 0.387470 0.400405
vt 0.363625 0.381670
vt 0.366378 0.373888
vt 0.363251 0.386260
vt 0.622226 0.569429
vt 0.598825 0.728264
vt 0.582913 0.731252
vt 0.619958 0.693251
vt 0.642890 0.708770
vt 0.621276 0.705677
vt 0.631877 0.658010
vt 0.649528 0.688375
vt 0.619358 0.660998
vt 0.628937 0.712341
vt 0.644303 0.717992
vt 0.643170 0.699033
vt 0.651753 0.666589
vt 0.608990 0.705531
vt 0.493273 0.767989
vt 0.519027 0.791326
vt 0.517625 0.796199
vt 0.504295 0.795732
vt 0.497389 0.810511
vt 0.493650 0.796796
vt 0.495911 0.757491
vt 0.491926 0.731293
vt 0.514607 0.574477
vt 0.525824 0.785261
vt 0.047001 0.425308
vt 0.136297 0.891089
vt 0.147776 0.887108
vt 0.145280 0.891295
vt 0.146688 0.896857
vt 0.173505 0.829456
vt 0.168027 0.817931
vt 0.176452 0.821298
vt 0.148381 0.797690
vt 0.165408 0.799145
vt 0.176252 0.808854
vt 0.161569 0.826337
vt 0.189432 0.840919
vt 0.189521 0.848721
vt 0.184161 0.855144
vt 0.195766 0.842029
vt 0.183541 0.836021
vt 0.191566 0.821561
vt 0.169998 0.840293
vt 0.176685 0.848664
vt 0.168120 0.848302
vt 0.129549 0.856292
vt 0.134157 0.846935
vt 0.150970 0.850165
vt 0.141829 0.834741
vt 0.133704 0.838811
vt 0.135100 0.833340
vt 0.035854 0.414503
vt 0.028135 0.416699
vt 0.150930 0.840493
vt 0.046372 0.413582
vt 0.130075 0.817940
vt 0.140810 0.819939
vt 0.133350 0.827975
vt 0.188048 0.906504
vt 0.177572 0.909278
vt 0.183996 0.897307
vt 0.156946 0.889362
vt 0.158878 0.868746
vt 0.161826 0.892492
vt 0.162509 0.858361
vt 0.156265 0.843330
vt 0.149231 0.876921
vt 0.151306 0.863606
vt 0.175494 0.864421
vt 0.167256 0.870895
vt 0.138770 0.868471
vt 0.128733 0.878427
vt 0.159282 0.838628
vt 0.152298 0.900701
vt 0.128668 0.802972
vt 0.133796 0.803258
vt 0.131046 0.809295
vt 0.138463 0.809057
vt 0.191520 0.857195
vt 0.202855 0.847074
vt 0.206348 0.873667
vt 0.196655 0.873275
vt 0.188108 0.876300
vt 0.195750 0.881329
vt 0.198275 0.895902
vt 0.390734 0.965141
vt 0.379118 0.960244
vt 0.185890 0.867016
vt 0.380548 0.966726
vt 0.374442 0.979707
vt 0.207665 0.865026
vt 0.204763 0.855432
vt 0.185294 0.888610
vt 0.177411 0.883441
vt 0.395381 0.966832
vt 0.404802 0.964819
vt 0.384980 0.994987
vt 0.167876 0.895921
vt 0.162882 0.908940
vt 0.168786 0.911665
vt 0.423884 0.994979
vt 0.407649 0.992480
vt 0.402764 0.988722
vt 0.403702 0.995021
vt 0.395045 0.994996
vt 0.384702 0.982272
vt 0.157148 0.908962
vt 0.149769 0.914575
vt 0.149359 0.808302
vt 0.150627 0.828460
vt 0.142441 0.806401
vt 0.144262 0.905397
vt 0.134862 0.908450
vt 0.374441 0.983481
vt 0.374441 0.995021
vt 0.431089 0.695555
vt 0.435187 0.722347
vt 0.456803 0.736121
vt 0.413731 0.994969
vt 0.293263 0.405162
vt 0.295840 0.425207
vt 0.273941 0.410838
vt 0.264506 0.421079
vt 0.264268 0.405499
vt 0.264088 0.349698
vt 0.267004 0.359526
vt 0.254560 0.358917
vt 0.277917 0.353340
vt 0.282756 0.323106
vt 0.271871 0.338400
vt 0.270529 0.317626
vt 0.293157 0.321926
vt 0.297718 0.330014
vt 0.285966 0.330830
vt 0.260876 0.365959
vt 0.271882 0.366498
vt 0.265732 0.332872
vt 0.263932 0.339934
vt 0.309049 0.333950
vt 0.291577 0.336531
vt 0.270641 0.377301
vt 0.281557 0.371274
vt 0.400680 0.962556
vt 0.271592 0.304915
vt 0.277840 0.343161
vt 0.254974 0.347482
vt 0.292974 0.354302
vt 0.308055 0.325475
vt 0.273334 0.425207
vt 0.282704 0.425207
vt 0.301306 0.413839
vt 0.313117 0.424493
vt 0.321516 0.319466
vt 0.328014 0.325657
vt 0.312124 0.315372
vt 0.340102 0.323803
vt 0.330021 0.310198
vt 0.340831 0.311852
vt 0.288196 0.308912
vt 0.298567 0.303378
vt 0.302189 0.317353
vt 0.326871 0.339637
vt 0.322294 0.312243
vt 0.313899 0.309342
vt 0.253788 0.387104
vt 0.254515 0.401325
vt 0.253337 0.421540
vt 0.330394 0.319608
vt 0.319916 0.297456
vt 0.315952 0.303477
vt 0.357048 0.383781
vt 0.349897 0.398475
vt 0.338229 0.392352
vt 0.307146 0.292989
vt 0.330850 0.300907
vt 0.358131 0.400400
vt 0.358131 0.391634
vt 0.306100 0.347141
vt 0.267223 0.244513
vt 0.270201 0.228722
vt 0.273244 0.244147
vt 0.294189 0.270489
vt 0.287384 0.261581
vt 0.292085 0.255512
vt 0.310952 0.251692
vt 0.309302 0.263890
vt 0.305404 0.254083
vt 0.260987 0.224078
vt 0.263904 0.216390
vt 0.285731 0.238771
vt 0.294716 0.240253
vt 0.251418 0.241884
vt 0.261201 0.240004
vt 0.257082 0.252846
vt 0.297998 0.245752
vt 0.302290 0.235809
vt 0.309758 0.246688
vt 0.313842 0.259504
vt 0.271711 0.216902
vt 0.253954 0.222134
vt 0.264436 0.251097
vt 0.303951 0.272217
vt 0.286825 0.273214
vt 0.288980 0.244348
vt 0.281710 0.264326
vt 0.300943 0.217864
vt 0.299738 0.210802
vt 0.307820 0.217631
vt 0.275063 0.264060
vt 0.280502 0.257921
vt 0.229476 0.312628
vt 0.226538 0.311273
vt 0.227024 0.306003
vt 0.289292 0.214328
vt 0.284656 0.200147
vt 0.292079 0.204558
vt 0.282151 0.269380
vt 0.276155 0.204364
vt 0.269068 0.209579
vt 0.292390 0.217368
vt 0.297416 0.215104
vt 0.303557 0.224457
vt 0.278244 0.225784
vt 0.285938 0.229381
vt 0.284292 0.214845
vt 0.282346 0.222159
vt 0.291619 0.232347
vt 0.293417 0.226330
vt 0.281059 0.247497
vt 0.281216 0.253760
vt 0.274189 0.254237
vt 0.296444 0.209482
vt 0.304092 0.205630
vt 0.311498 0.203617
vt 0.262575 0.208498
vt 0.319176 0.202709
vt 0.320500 0.208560
vt 0.230778 0.297696
vt 0.239539 0.301352
vt 0.334459 0.219996
vt 0.331931 0.228214
vt 0.333929 0.215449
vt 0.240032 0.291164
vt 0.249540 0.287409
vt 0.244622 0.292464
vt 0.279172 0.273124
vt 0.318466 0.222528
vt 0.320893 0.216038
vt 0.323199 0.222124
vt 0.321183 0.232377
vt 0.326983 0.218061
vt 0.234864 0.316695
vt 0.241882 0.311574
vt 0.246802 0.281861
vt 0.230984 0.288114
vt 0.239508 0.278327
vt 0.247192 0.207982
vt 0.258377 0.207325
vt 0.325275 0.270560
vt 0.320628 0.241365
vt 0.338100 0.258924
vt 0.262683 0.307124
vt 0.261846 0.283622
vt 0.266201 0.292948
vt 0.324079 0.210645
vt 0.326540 0.206134
vt 0.328865 0.210668
vt 0.251820 0.309098
vt 0.258289 0.272144
vt 0.315883 0.235468
vt 0.270592 0.286408
vt 0.303677 0.485111
vt 0.309705 0.479200
vt 0.318725 0.494364
vt 0.313193 0.508620
vt 0.297114 0.506505
vt 0.295899 0.495370
vt 0.306278 0.479076
vt 0.382843 0.453827
vt 0.385275 0.455496
vt 0.379918 0.466506
vt 0.357878 0.441154
vt 0.339692 0.455864
vt 0.350150 0.436178
vt 0.361586 0.425453
vt 0.369163 0.420338
vt 0.376476 0.424240
vt 0.315568 0.513639
vt 0.328233 0.491504
vt 0.365026 0.418266
vt 0.296895 0.488842
vt 0.334120 0.498180
vt 0.327731 0.504636
vt 0.375457 0.415759
vt 0.382599 0.412237
vt 0.374551 0.474099
vt 0.335874 0.512487
vt 0.336518 0.501664
vt 0.354388 0.492622
vt 0.322383 0.480692
vt 0.340798 0.516279
vt 0.352960 0.504116
vt 0.329282 0.480326
vt 0.391864 0.421502
vt 0.377218 0.431912
vt 0.396498 0.430900
vt 0.329188 0.443427
vt 0.336210 0.446756
vt 0.328196 0.456950
vt 0.342922 0.437529
vt 0.338094 0.445213
vt 0.345963 0.486672
vt 0.314358 0.458956
vt 0.309428 0.455662
vt 0.316964 0.449358
vt 0.345748 0.468099
vt 0.349506 0.488197
vt 0.319042 0.461189
vt 0.313199 0.472310
vt 0.321693 0.450608
vt 0.349603 0.455095
vt 0.304137 0.467545
vt 0.391679 0.442900
vt 0.361107 0.454873
vt 0.334771 0.467114
vt 0.307911 0.469640
vt 0.364523 0.478263
vt 0.297527 0.479760
vt 0.299208 0.450171
vt 0.292396 0.461161
vt 0.268658 0.468760
vt 0.274066 0.463821
vt 0.286190 0.486585
vt 0.289228 0.493427
vt 0.287774 0.487146
vt 0.253655 0.488508
vt 0.254647 0.477704
vt 0.261105 0.495957
vt 0.347542 0.430305
vt 0.351846 0.427118
vt 0.352710 0.429661
vt 0.344279 0.434192
vt 0.350173 0.426358
vt 0.360648 0.420122
vt 0.352509 0.421558
vt 0.261977 0.470709
vt 0.278438 0.493085
vt 0.268796 0.499178
vt 0.283534 0.459594
vt 0.248140 0.482993
vt 0.343604 0.484948
vt 0.349890 0.478873
vt 0.362767 0.413934
vt 0.355329 0.415416
vt 0.312166 0.393995
vt 0.293548 0.393589
vt 0.293691 0.385078
vt 0.307946 0.283405
vt 0.340785 0.303830
vt 0.344036 0.298472
vt 0.336239 0.376340
vt 0.344696 0.381011
vt 0.358133 0.412753
vt 0.327404 0.393444
vt 0.322509 0.374418
vt 0.346243 0.414410
vt 0.339586 0.407268
vt 0.412974 0.669217
vt 0.336172 0.403053
vt 0.330969 0.404386
vt 0.321485 0.282213
vt 0.257227 0.335722
vt 0.326461 0.352018
vt 0.334619 0.361283
vt 0.346790 0.359936
vt 0.344028 0.370445
vt 0.339929 0.348166
vt 0.339100 0.341777
vt 0.351154 0.349388
vt 0.356488 0.366690
vt 0.357400 0.374893
vt 0.357817 0.356647
vt 0.356080 0.338552
vt 0.306998 0.356969
vt 0.305482 0.368996
vt 0.295901 0.371345
vt 0.353138 0.294582
vt 0.320597 0.273944
vt 0.307901 0.384452
vt 0.339880 0.277742
vt 0.349452 0.286004
vt 0.328392 0.273989
vt 0.318976 0.403762
vt 0.325332 0.404668
vt 0.323454 0.416772
vt 0.344137 0.278291
vt 0.345271 0.281733
vt 0.408564 0.705248
vt 0.414244 0.687333
vt 0.334684 0.273944
vt 0.294906 0.295347
vt 0.301359 0.289685
vt 0.296867 0.288384
vt 0.266378 0.308044
vt 0.262482 0.322444
vt 0.258776 0.311315
vt 0.279696 0.298557
vt 0.261903 0.329298
vt 0.341537 0.334559
vt 0.341145 0.307351
vt 0.284906 0.402953
vt 0.276794 0.394574
vt 0.286877 0.394280
vt 0.256807 0.373317
vt 0.350021 0.318459
vt 0.348867 0.330879
vt 0.308104 0.273944
vt 0.297882 0.665858
vt 0.307881 0.681299
vt 0.290663 0.681299
vt 0.403265 0.538898
vt 0.365277 0.560095
vt 0.382426 0.533223
vt 0.371131 0.599480
vt 0.358489 0.615574
vt 0.352566 0.608536
vt 0.317525 0.678142
vt 0.302980 0.605282
vt 0.284177 0.604210
vt 0.292425 0.588836
vt 0.382018 0.601231
vt 0.365804 0.625059
vt 0.304231 0.594217
vt 0.307729 0.581003
vt 0.311078 0.596933
vt 0.292821 0.574275
vt 0.349028 0.548151
vt 0.357631 0.537727
vt 0.366582 0.532507
vt 0.483865 0.715910
vt 0.485711 0.724090
vt 0.480959 0.729959
vt 0.342183 0.564997
vt 0.369166 0.575143
vt 0.332547 0.583475
vt 0.337353 0.668248
vt 0.317944 0.658579
vt 0.340484 0.649800
vt 0.314644 0.633731
vt 0.307968 0.646294
vt 0.482929 0.738469
vt 0.483737 0.747240
vt 0.482451 0.753678
vt 0.271868 0.568886
vt 0.277232 0.590931
vt 0.260342 0.567107
vt 0.283006 0.577691
vt 0.278240 0.563704
vt 0.253704 0.582592
vt 0.287828 0.558972
vt 0.331704 0.555506
vt 0.315315 0.560084
vt 0.324055 0.537057
vt 0.403411 0.565079
vt 0.390369 0.576518
vt 0.384695 0.585027
vt 0.393696 0.582846
vt 0.311224 0.538170
vt 0.320936 0.576295
vt 0.325290 0.519267
vt 0.335094 0.523163
vt 0.298451 0.569764
vt 0.312797 0.519289
vt 0.340950 0.531042
vt 0.328552 0.622483
vt 0.353722 0.631215
vt 0.354644 0.620269
vt 0.312245 0.610670
vt 0.330261 0.606610
vt 0.298581 0.638496
vt 0.309360 0.621790
vt 0.304564 0.613271
vt 0.301135 0.626960
vt 0.298254 0.616484
vt 0.302233 0.529501
vt 0.298140 0.542443
vt 0.332291 0.681299
vt 0.292391 0.630667
vt 0.352309 0.681299
vt 0.370671 0.664787
vt 0.373728 0.681299
vt 0.263399 0.657233
vt 0.253471 0.651261
vt 0.259266 0.636305
vt 0.252265 0.615577
vt 0.269034 0.630923
vt 0.257230 0.623871
vt 0.238358 0.227267
vt 0.231561 0.242324
vt 0.239519 0.247396
vt 0.270561 0.272199
vt 0.277228 0.280946
vt 0.251460 0.295127
vt 0.240941 0.216742
vt 0.325538 0.201536
vt 0.298448 0.230985
vt 0.345129 0.223210
vt 0.353099 0.229796
vt 0.236721 0.270273
vt 0.250113 0.271015
vt 0.269603 0.251773
vt 0.262571 0.257765
vt 0.242657 0.257969
vt 0.256919 0.262321
vt 0.315855 0.249862
vt 0.315443 0.266952
vt 0.354074 0.239196
vt 0.346683 0.250340
vt 0.325971 0.214159
vt 0.330652 0.211336
vt 0.249736 0.681299
vt 0.244313 0.651286
vt 0.290483 0.538798
vt 0.285862 0.523849
vt 0.291441 0.519267
vt 0.403411 0.579480
vt 0.403411 0.596343
vt 0.403390 0.611722
vt 0.247917 0.638046
vt 0.279782 0.521282
vt 0.301375 0.519267
vt 0.281087 0.550295
vt 0.279117 0.539678
vt 0.377218 0.638753
vt 0.279918 0.626774
vt 0.264087 0.603422
vt 0.281753 0.639298
vt 0.280150 0.655271
vt 0.322297 0.596058
vt 0.265449 0.672387
vt 0.276165 0.524770
vt 0.397955 0.627537
vt 0.377946 0.637124
vt 0.272328 0.529886
vt 0.274483 0.540681
vt 0.351808 0.530733
vt 0.248036 0.598987
vt 0.275217 0.677919
vt 0.429232 0.732925
vt 0.073558 0.356159
vt 0.070693 0.366338
vt 0.068002 0.355441
vt 0.069834 0.390797
vt 0.076783 0.395411
vt 0.071717 0.411628
vt 0.055057 0.352801
vt 0.049586 0.343920
vt 0.071320 0.343705
vt 0.084686 0.331485
vt 0.409372 0.695011
vt 0.074506 0.371745
vt 0.091785 0.367007
vt 0.081070 0.376753
vt 0.088976 0.388037
vt 0.098331 0.360363
vt 0.101503 0.371391
vt 0.054581 0.357510
vt 0.053557 0.376102
vt 0.047868 0.411834
vt 0.047860 0.388867
vt 0.068519 0.341181
vt 0.081580 0.413695
vt 0.087367 0.402366
vt 0.116447 0.382797
vt 0.119054 0.352754
vt 0.129324 0.351851
vt 0.051048 0.371030
vt 0.051880 0.361237
vt 0.131364 0.374819
vt 0.060871 0.413695
vt 0.110998 0.397682
vt 0.108511 0.355437
vt 0.410364 0.721250
vt 0.419142 0.733464
vt 0.047860 0.367159
vt 0.048529 0.362811
vt 0.104262 0.413641
vt 0.060772 0.335910
vt 0.063732 0.337354
vt 0.058924 0.338201
vt 0.064623 0.336875
vt 0.048608 0.339745
vt 0.053091 0.340646
vt 0.052619 0.336697
vt 0.056309 0.337946
vt 0.051680 0.348914
vt 0.066563 0.338039
vt 0.104584 0.340919
vt 0.094921 0.331485
vt 0.840680 0.935225
vt 0.830757 0.930972
vt 0.817565 0.922233
vt 0.810502 0.934468
vt 0.825082 0.942886
vt 0.200363 0.031513
vt 0.202868 0.026890
vt 0.204874 0.023599
vt 0.217591 0.001775
vt 0.202191 0.015148
vt 0.204038 0.018052
vt 0.196704 0.001480
vt 0.203368 0.000772
vt 0.202779 0.006698
vt 0.219688 0.036614
vt 0.230545 0.001111
vt 0.241597 0.000772
vt 0.213049 0.000772
vt 0.205692 0.061758
vt 0.204541 0.052175
vt 0.209127 0.055936
vt 0.198113 0.051359
vt 0.193408 0.051843
vt 0.195417 0.048022
vt 0.231606 0.069116
vt 0.238906 0.071159
vt 0.234014 0.071483
vt 0.253597 0.026793
vt 0.200444 0.056953
vt 0.198002 0.008863
vt 0.199099 0.005354
vt 0.201018 0.005246
vt 0.193408 0.057078
vt 0.193408 0.064629
vt 0.199542 0.036490
vt 0.202510 0.042980
vt 0.208332 0.000772
vt 0.222867 0.000772
vt 0.254968 0.002784
vt 0.210075 0.059762
vt 0.207784 0.059209
vt 0.264054 0.005855
vt 0.228075 0.064390
vt 0.273356 0.057182
vt 0.273550 0.035498
vt 0.266155 0.044577
vt 0.273550 0.054669
vt 0.273550 0.023085
vt 0.197285 0.042505
vt 0.197889 0.039567
vt 0.200307 0.063546
vt 0.198174 0.044734
vt 0.196845 0.046996
vt 0.221994 0.063702
vt 0.219362 0.062271
vt 0.217833 0.060538
vt 0.225457 0.062931
vt 0.273550 0.010922
vt 0.201255 0.053464
vt 0.248052 0.067791
vt 0.257016 0.067473
vt 0.264861 0.061246
vt 0.966410 0.866438
vt 0.972362 0.865868
vt 0.969172 0.861998
vt 0.229532 0.066827
vt 0.212677 0.062185
vt 0.947808 0.864623
vt 0.944913 0.878602
vt 0.941374 0.861998
vt 0.215405 0.060694
vt 0.197453 0.015078
vt 0.197665 0.005621
vt 0.956546 0.864861
vt 0.074498 0.794700
vt 0.074149 0.800490
vt 0.064600 0.793732
vt 0.084956 0.741506
vt 0.056568 0.789094
vt 0.083626 0.755809
vt 0.082274 0.776336
vt 0.083220 0.768954
vt 0.064447 0.757205
vt 0.065183 0.755586
vt 0.066909 0.758081
vt 0.074285 0.771180
vt 0.083892 0.772270
vt 0.949303 0.880208
vt 0.087035 0.756155
vt 0.078473 0.757676
vt 0.085719 0.759216
vt 0.081619 0.761421
vt 0.075419 0.759364
vt 0.088708 0.754781
vt 0.517384 0.562495
vt 0.516115 0.551709
vt 0.088623 0.756280
vt 0.065008 0.761353
vt 0.072809 0.193071
vt 0.072953 0.200269
vt 0.056230 0.195672
vt 0.077270 0.740765
vt 0.063848 0.750821
vt 0.062714 0.773502
vt 0.056650 0.780570
vt 0.049934 0.773035
vt 0.088086 0.155410
vt 0.049382 0.784978
vt 0.063341 0.740657
vt 0.148140 0.270575
vt 0.053363 0.764447
vt 0.872326 0.957636
vt 0.869466 0.972690
vt 0.882153 0.972563
vt 0.482191 0.761525
vt 0.898725 0.972532
vt 0.755146 0.712771
vt 0.742601 0.714094
vt 0.736394 0.700635
vt 0.812949 0.617568
vt 0.822241 0.602179
vt 0.827360 0.619899
vt 0.717287 0.628063
vt 0.693149 0.642138
vt 0.707042 0.627104
vt 0.822233 0.508678
vt 0.824930 0.522511
vt 0.809421 0.520291
vt 0.827582 0.638537
vt 0.806176 0.634770
vt 0.822993 0.628007
vt 0.740469 0.617584
vt 0.764462 0.631999
vt 0.738287 0.627850
vt 0.736986 0.639127
vt 0.726527 0.633081
vt 0.677084 0.542033
vt 0.668509 0.550248
vt 0.668997 0.533335
vt 0.662057 0.540932
vt 0.662809 0.524121
vt 0.653484 0.527939
vt 0.670438 0.496665
vt 0.458722 0.756278
vt 0.670666 0.519566
vt 0.723357 0.780887
vt 0.733005 0.801525
vt 0.697140 0.779304
vt 0.754573 0.796332
vt 0.723476 0.538512
vt 0.714799 0.532311
vt 0.729103 0.527398
vt 0.649179 0.516618
vt 0.655274 0.495115
vt 0.676404 0.516450
vt 0.677380 0.528248
vt 0.677850 0.553235
vt 0.660581 0.701792
vt 0.679992 0.697276
vt 0.713304 0.729698
vt 0.735430 0.536955
vt 0.714322 0.549660
vt 0.706200 0.543810
vt 0.741199 0.511166
vt 0.744032 0.518424
vt 0.842926 0.524664
vt 0.849573 0.508797
vt 0.799312 0.602428
vt 0.842222 0.599186
vt 0.848390 0.622862
vt 0.808273 0.586153
vt 0.846425 0.571656
vt 0.848790 0.587202
vt 0.837380 0.584328
vt 0.819529 0.651598
vt 0.818305 0.641410
vt 0.754763 0.573817
vt 0.778568 0.578832
vt 0.776345 0.591258
vt 0.697165 0.545753
vt 0.627398 0.571474
vt 0.643124 0.561978
vt 0.627274 0.581684
vt 0.770415 0.621148
vt 0.748444 0.611401
vt 0.755543 0.594258
vt 0.623338 0.542867
vt 0.631242 0.533901
vt 0.634550 0.544031
vt 0.643417 0.545757
vt 0.624603 0.553929
vt 0.635135 0.556072
vt 0.623339 0.565885
vt 0.643824 0.580167
vt 0.652211 0.551437
vt 0.657043 0.564098
vt 0.736302 0.717160
vt 0.734539 0.706818
vt 0.782479 0.458798
vt 0.765289 0.469351
vt 0.775977 0.456535
vt 0.805399 0.461833
vt 0.783933 0.478980
vt 0.792817 0.470191
vt 0.782908 0.466492
vt 0.689522 0.686518
vt 0.713494 0.716924
vt 0.823034 0.550173
vt 0.823973 0.568090
vt 0.710957 0.519673
vt 0.700103 0.774324
vt 0.685512 0.780047
vt 0.664614 0.769368
vt 0.733250 0.591024
vt 0.787870 0.629224
vt 0.780164 0.476587
vt 0.767378 0.696883
vt 0.777715 0.703596
vt 0.766724 0.710567
vt 0.819135 0.498426
vt 0.799490 0.509133
vt 0.814476 0.491336
vt 0.830177 0.577731
vt 0.754475 0.484367
vt 0.758018 0.493007
vt 0.836814 0.494956
vt 0.623348 0.512848
vt 0.632474 0.500983
vt 0.642086 0.500577
vt 0.623481 0.506142
vt 0.626644 0.500563
vt 0.728216 0.509457
vt 0.833796 0.476073
vt 0.729408 0.602114
vt 0.704929 0.580444
vt 0.711627 0.606565
vt 0.695164 0.589638
vt 0.753883 0.701094
vt 0.741296 0.576195
vt 0.699425 0.603553
vt 0.703720 0.616507
vt 0.713562 0.619736
vt 0.684515 0.617106
vt 0.690340 0.598157
vt 0.717000 0.574373
vt 0.728111 0.617829
vt 0.707431 0.564810
vt 0.820167 0.477791
vt 0.825499 0.537958
vt 0.809930 0.470361
vt 0.631070 0.516118
vt 0.641547 0.522290
vt 0.841008 0.559981
vt 0.814573 0.475592
vt 0.781648 0.498483
vt 0.789232 0.574935
vt 0.790503 0.549107
vt 0.801710 0.559911
vt 0.805825 0.534058
vt 0.807775 0.549624
vt 0.841569 0.550337
vt 0.769777 0.551663
vt 0.782012 0.540121
vt 0.846602 0.538126
vt 0.735675 0.824771
vt 0.720620 0.805577
vt 0.802140 0.570627
vt 0.761530 0.720155
vt 0.774321 0.723941
vt 0.757241 0.740749
vt 0.641194 0.529402
vt 0.754385 0.824771
vt 0.793304 0.753374
vt 0.780634 0.763829
vt 0.770425 0.746604
vt 0.645258 0.538466
vt 0.786493 0.714816
vt 0.768743 0.492839
vt 0.791705 0.736016
vt 0.793632 0.700590
vt 0.623338 0.524067
vt 0.691568 0.762208
vt 0.668257 0.752091
vt 0.706271 0.764263
vt 0.785305 0.723233
vt 0.697801 0.801558
vt 0.738827 0.482652
vt 0.777994 0.685902
vt 0.789506 0.674801
vt 0.718681 0.822587
vt 0.708898 0.817274
vt 0.711273 0.741913
vt 0.704750 0.748124
vt 0.714469 0.824717
vt 0.752490 0.727232
vt 0.743439 0.738858
vt 0.742453 0.725491
vt 0.718360 0.698000
vt 0.698721 0.686655
vt 0.705313 0.687365
vt 0.771077 0.533258
vt 0.769191 0.673183
vt 0.756964 0.526681
vt 0.747914 0.543605
vt 0.769148 0.685706
vt 0.799138 0.686538
vt 0.738267 0.693326
vt 0.756230 0.682908
vt 0.849791 0.479916
vt 0.721110 0.505969
vt 0.712318 0.511973
vt 0.712185 0.506774
vt 0.723065 0.647090
vt 0.690481 0.562052
vt 0.686662 0.581853
vt 0.623338 0.542852
vt 0.680402 0.596530
vt 0.731114 0.724481
vt 0.727697 0.707938
vt 0.725581 0.562761
vt 0.748212 0.719954
vt 0.720978 0.708083
vt 0.727855 0.695667
vt 0.698561 0.677063
vt 0.714049 0.682450
vt 0.778465 0.824757
vt 0.720364 0.496700
vt 0.716777 0.478698
vt 0.716956 0.500480
vt 0.735091 0.556264
vt 0.781155 0.643874
vt 0.775729 0.651103
vt 0.760310 0.658521
vt 0.708122 0.757038
vt 0.743703 0.770915
vt 0.698063 0.654146
vt 0.754143 0.644673
vt 0.747266 0.651624
vt 0.775595 0.805362
vt 0.702825 0.669416
vt 0.721619 0.675791
vt 0.711042 0.661407
vt 0.723815 0.664176
vt 0.704972 0.746323
vt 0.701546 0.735824
vt 0.710778 0.744320
vt 0.661964 0.719499
vt 0.649410 0.727229
vt 0.741826 0.549944
vt 0.672090 0.561215
vt 0.648297 0.608063
vt 0.648182 0.589962
vt 0.668255 0.592629
vt 0.691787 0.626171
vt 0.696459 0.631231
vt 0.661163 0.609156
vt 0.749162 0.468895
vt 0.678978 0.606449
vt 0.748516 0.663933
vt 0.765246 0.456535
vt 0.755041 0.465596
vt 0.791326 0.670222
vt 0.744590 0.752888
vt 0.733366 0.742817
vt 0.730366 0.757901
vt 0.726895 0.469811
vt 0.739755 0.467160
vt 0.682502 0.497757
vt 0.684534 0.518113
vt 0.687603 0.533645
vt 0.794517 0.664238
vt 0.799673 0.655900
vt 0.813096 0.668020
vt 0.801232 0.791860
vt 0.707838 0.824771
vt 0.483153 0.771349
vt 0.456483 0.818071
vt 0.454341 0.808950
vt 0.422714 0.761601
vt 0.084552 0.025204
vt 0.082670 0.023497
vt 0.082584 0.017721
vt 0.159763 0.025040
vt 0.160423 0.044294
vt 0.155400 0.047833
vt 0.105150 0.056503
vt 0.140423 0.055817
vt 0.157650 0.052151
vt 0.149449 0.059196
vt 0.161649 0.048579
vt 0.499284 0.678508
vt 0.514695 0.685863
vt 0.498642 0.686663
vt 0.496077 0.671547
vt 0.608605 0.655264
vt 0.542791 0.690752
vt 0.559204 0.685448
vt 0.559788 0.734531
vt 0.542915 0.755369
vt 0.560169 0.745802
vt 0.551560 0.669092
vt 0.542790 0.676776
vt 0.624112 0.589848
vt 0.622572 0.597016
vt 0.593382 0.667781
vt 0.581962 0.663191
vt 0.597602 0.660443
vt 0.577932 0.655588
vt 0.622035 0.582520
vt 0.624357 0.577039
vt 0.619212 0.610120
vt 0.526877 0.663996
vt 0.532232 0.685133
vt 0.530467 0.675036
vt 0.519888 0.693963
vt 0.501671 0.696354
vt 0.544711 0.796080
vt 0.532376 0.797019
vt 0.581501 0.575346
vt 0.608811 0.751942
vt 0.607665 0.769111
vt 0.552615 0.786781
vt 0.561290 0.775603
vt 0.569156 0.664133
vt 0.572934 0.787889
vt 0.493117 0.660180
vt 0.490958 0.646334
vt 0.495240 0.634606
vt 0.544385 0.662898
vt 0.530090 0.806431
vt 0.522126 0.810726
vt 0.508480 0.576633
vt 0.504742 0.588904
vt 0.503682 0.580892
vt 0.498472 0.594840
vt 0.463237 0.007032
vt 0.470660 0.007095
vt 0.476392 0.012490
vt 0.474470 0.017894
vt 0.512916 0.565574
vt 0.609679 0.738300
vt 0.631130 0.739366
vt 0.641736 0.732553
vt 0.630360 0.724522
vt 0.627507 0.752195
vt 0.550086 0.509680
vt 0.743851 0.110929
vt 0.735483 0.119150
vt 0.719012 0.108072
vt 0.743856 0.096006
vt 0.773075 0.108534
vt 0.762601 0.113840
vt 0.691003 0.156041
vt 0.700579 0.137935
vt 0.696194 0.160977
vt 0.700870 0.133795
vt 0.684784 0.137913
vt 0.678791 0.135309
vt 0.704753 0.132846
vt 0.708570 0.129823
vt 0.717791 0.128096
vt 0.729093 0.127616
vt 0.729944 0.134645
vt 0.716624 0.123031
vt 0.754959 0.120916
vt 0.745853 0.120832
vt 0.696096 0.135424
vt 0.703333 0.073241
vt 0.716942 0.070902
vt 0.704425 0.104755
vt 0.723907 0.148580
vt 0.716025 0.162592
vt 0.699467 0.165135
vt 0.767365 0.094960
vt 0.694000 0.138420
vt 0.687289 0.150034
vt 0.726954 0.122423
vt 0.711736 0.132479
vt 0.742568 0.127166
vt 0.733973 0.122389
vt 0.738885 0.120784
vt 0.704158 0.135590
vt 0.685911 0.145096
vt 0.677147 0.127898
vt 0.731692 0.065666
vt 0.709012 0.165408
vt 0.725807 0.142204
vt 0.749984 0.059980
vt 0.764675 0.065545
vt 0.694651 0.080937
vt 0.680096 0.081327
vt 0.676046 0.109646
vt 0.666067 0.105487
vt 0.657774 0.093388
vt 0.672418 0.122482
vt 0.669630 0.080291
vt 0.776528 0.086146
vt 0.675805 0.115741
vt 0.741282 0.136810
vt 0.703605 0.171185
vt 0.727989 0.137657
vt 0.726122 0.158184
vt 0.620427 0.602732
vt 0.049096 0.148804
s 0
usemtl Material.019
f 2037/1/1 3462/2/2 2003/3/3
f 2022/4/4 2048/5/5 3461/6/6
f 2043/7/7 2049/8/8 3452/9/9
f 4/10/10 2/11/11 5/12/12
f 2/11/13 1/13/14 6/14/15
f 3/15/16 5/12/17 2/11/18
f 12/16/19 7/17/20 8/18/21
f 9/19/22 10/20/23 11/21/24
f 14/22/25 13/23/26 12/16/27
f 15/24/28 16/25/29 17/26/30
f 21/27/31 20/28/32 17/26/33
f 22/29/34 23/30/35 18/31/36
f 12/16/37 8/18/38 26/32/39
f 27/33/40 24/34/41 26/32/42
f 26/32/43 8/18/44 28/35/45
f 12/16/46 24/34/47 14/22/48
f 14/22/49 16/25/50 15/24/51
f 25/36/52 16/25/53 14/22/54
f 24/34/55 12/16/56 26/32/57
f 25/36/58 14/22/59 24/34/60
f 25/36/61 29/37/62 16/25/63
f 28/35/45 8/18/44 30/38/64
f 23/30/65 22/29/66 31/39/67
f 32/40/68 31/39/69 22/29/70
f 33/41/71 34/42/72 31/39/73
f 33/41/74 31/39/75 35/43/76
f 21/27/77 18/31/78 36/44/79
f 9/19/80 38/45/81 10/20/82
f 1/13/83 2/11/84 4/10/85
f 21/27/86 39/46/87 48/47/88
f 39/46/89 41/48/90 40/49/91
f 39/46/92 42/50/93 41/48/94
f 37/51/95 44/52/96 43/53/97
f 16/25/98 45/54/99 17/26/100
f 19/55/101 21/27/102 17/26/103
f 23/30/104 31/39/105 34/42/106
f 17/26/107 20/28/108 15/24/109
f 47/56/110 21/27/111 36/44/112
f 44/52/113 37/51/114 48/47/115
f 21/27/116 48/47/117 37/51/118
f 20/28/119 21/27/120 37/51/121
f 47/56/122 42/50/123 39/46/124
f 6/14/125 3/15/126 2/11/127
f 38/45/128 50/57/129 10/20/130
f 51/58/131 5/12/132 10/20/133
f 51/58/134 43/53/135 5/12/136
f 51/58/137 52/59/138 20/28/139
f 10/20/140 52/59/141 51/58/142
f 10/20/143 50/57/144 52/59/145
f 20/28/146 52/59/147 46/60/148
f 29/37/149 53/61/150 16/25/151
f 53/61/152 54/62/153 16/25/154
f 16/25/155 54/62/156 45/54/157
f 55/63/158 56/64/159 5/12/160
f 55/63/161 57/65/162 56/64/163
f 58/66/164 57/65/165 55/63/166
f 56/64/167 10/20/168 5/12/169
f 13/23/170 14/22/171 59/67/172
f 61/68/173 59/67/174 46/60/175
f 15/24/176 59/67/177 14/22/178
f 15/24/179 20/28/180 46/60/181
f 61/68/182 60/69/183 59/67/184
f 15/24/185 46/60/186 59/67/187
f 50/57/188 61/68/189 46/60/190
f 46/60/191 52/59/192 50/57/193
f 51/58/194 37/51/195 43/53/196
f 51/58/197 20/28/198 37/51/199
f 40/49/200 62/70/201 39/46/202
f 62/70/203 40/49/204 63/71/205
f 21/27/206 47/56/207 39/46/208
f 18/31/209 21/27/210 19/55/211
f 5/12/212 3/15/213 55/63/214
f 3/15/215 6/14/216 64/72/217
f 65/73/218 58/66/219 55/63/220
f 43/53/221 44/52/222 5/12/223
f 11/21/224 66/74/225 67/75/226
f 56/64/227 66/74/228 10/20/229
f 10/20/230 66/74/231 11/21/232
f 49/76/233 44/52/234 48/47/235
f 5/12/236 49/76/237 4/10/238
f 4/10/239 49/76/240 68/77/241
f 5/12/242 44/52/243 49/76/244
f 70/78/245 1/13/246 4/10/247
f 39/46/248 69/79/249 48/47/250
f 70/78/251 4/10/252 71/80/253
f 49/76/254 48/47/255 69/79/256
f 36/44/257 18/31/258 23/30/259
f 2048/5/260 3463/81/261 3461/6/262
f 820/82/263 3460/83/264 3458/84/265
f 2024/85/266 3420/86/267 3455/87/268
f 3422/88/269 3453/89/270 3457/90/271
f 2007/91/272 3427/92/273 3453/89/274
f 3429/93/275 3452/9/276 3454/94/277
f 3432/95/278 3433/96/279 3452/9/280
f 3427/92/281 3430/97/282 3453/89/283
f 3430/97/284 3454/94/285 3453/89/286
f 3430/97/287 3434/98/288 3454/94/289
f 2041/99/290 3462/2/291 2037/1/292
f 2032/100/293 2037/1/294 2003/3/295
f 2022/4/296 3461/6/297 2049/8/298
f 818/101/299 820/82/300 3458/84/301
f 817/102/302 818/101/303 3458/84/304
f 817/102/305 3458/84/306 3459/103/307
f 2707/104/308 2692/105/309 2741/106/310
f 2692/105/311 2736/107/312 2737/108/313
f 2727/109/314 2713/110/315 2715/111/316
f 2723/112/317 2722/113/318 2727/109/319
f 2738/114/320 2722/113/321 2717/115/322
f 2699/116/323 2696/117/324 2742/118/325
f 2722/113/326 2724/119/327 2717/115/328
f 2717/115/329 2736/107/330 2738/114/331
f 2730/120/332 2736/107/333 2734/121/334
f 2736/107/335 2733/122/336 2734/121/337
f 2730/120/338 2734/121/339 2721/123/340
f 2737/108/341 2703/124/342 2695/125/343
f 2727/109/344 2722/113/345 2738/114/346
f 2701/126/347 2699/116/348 2698/127/349
f 2715/111/350 2711/128/351 2712/129/352
f 2736/107/353 2692/105/354 2735/130/355
f 2717/115/356 2724/119/357 2718/131/358
f 2695/125/359 2693/132/360 2692/105/361
f 2730/120/362 2737/108/363 2736/107/364
f 2692/105/365 2708/133/366 2735/130/367
f 2694/134/368 2696/117/369 2699/116/370
f 2693/132/371 2694/134/372 2692/105/373
f 2709/135/374 2711/128/375 2744/136/376
f 2740/137/377 2744/136/378 2705/138/379
f 2745/139/380 2706/140/381 2707/104/382
f 2694/134/383 2741/106/384 2692/105/385
f 2711/128/386 2735/130/387 2744/136/388
f 2705/138/389 2744/136/390 2735/130/391
f 2709/135/392 2744/136/393 2740/137/394
f 2742/118/395 2696/117/396 2697/141/397
f 2746/142/398 2709/135/399 2740/137/400
f 2504/143/401 2505/144/402 2548/145/403
f 2494/146/404 2495/147/405 2493/148/406
f 2487/149/407 2571/150/408 2484/151/409
f 2572/152/410 2487/149/411 2573/153/412
f 2573/153/413 2487/149/414 2574/154/415
f 2552/155/416 2553/156/417 2528/157/418
f 2572/152/419 2571/150/420 2487/149/421
f 2552/155/422 2512/158/423 2553/156/424
f 2553/156/425 2487/149/426 2525/159/427
f 2487/149/428 2553/156/429 2512/158/430
f 2538/160/431 2540/161/432 2551/162/433
f 2549/163/434 2503/164/435 2489/165/436
f 2547/166/437 2503/164/438 2549/163/439
f 2538/160/440 2547/166/441 2539/167/442
f 2512/158/443 2574/154/444 2487/149/445
f 2521/168/446 2520/169/447 2534/170/448
f 2490/171/449 2512/158/450 2552/155/451
f 2485/172/452 2525/159/453 2487/149/454
f 2481/173/455 2487/149/456 2484/151/457
f 2496/174/458 2522/175/459 2495/147/460
f 2490/171/461 2552/155/462 2568/176/463
f 2549/163/464 2504/143/465 2548/145/466
f 2563/177/467 2512/158/468 2490/171/469
f 2544/178/470 2553/156/471 2545/179/472
f 2515/180/473 2528/157/474 2510/181/475
f 2528/157/476 2550/182/477 2510/181/478
f 2536/183/479 2557/184/480 2499/185/481
f 2531/186/482 2491/187/483 2534/170/484
f 2498/188/485 2494/146/486 2493/148/487
f 2542/189/488 2568/176/489 2560/190/490
f 2493/148/491 2492/191/492 2499/185/493
f 2543/192/494 2498/188/495 2541/193/496
f 2553/156/497 2550/182/498 2528/157/499
f 2545/179/500 2553/156/501 2525/159/502
f 2527/194/503 2500/195/504 2559/196/505
f 2552/155/506 2559/196/507 2568/176/508
f 2542/189/509 2541/193/510 2490/171/511
f 2527/194/512 2517/197/513 2529/198/514
f 2502/199/515 2568/176/516 2559/196/517
f 1479/200/518 1476/201/519 3450/202/520
f 1489/203/521 1488/204/522 3449/205/523
f 2747/206/524 2746/142/525 2748/207/526
f 2698/127/527 2739/208/528 2743/209/529
f 2746/142/530 2747/206/531 2709/135/532
f 2747/206/533 2729/210/534 2709/135/535
f 2575/211/536 2566/212/537 2556/213/538
f 2575/211/539 2576/214/540 2539/167/541
f 2740/137/542 2706/140/543 2745/139/544
f 2737/108/545 2730/120/546 2749/215/547
f 2548/145/548 2575/211/549 2539/167/550
f 2556/213/551 2566/212/552 2554/216/553
f 2567/217/554 2554/216/555 2566/212/556
f 2575/211/557 2548/145/558 2566/212/559
f 2502/199/560 2560/190/561 2568/176/562
f 2500/195/563 2527/194/564 2529/198/565
f 2534/170/566 2577/218/567 2578/219/568
f 2579/220/569 2569/221/570 2520/169/447
f 2534/170/448 2569/221/571 2577/218/572
f 2534/170/573 2578/219/574 2531/186/575
f 2501/222/576 2500/195/577 2529/198/578
f 2542/189/579 2560/190/580 2543/192/581
f 2541/193/582 2493/148/583 2499/185/584
f 2491/187/585 2495/147/586 2521/168/587
f 2494/146/588 2496/174/589 2495/147/590
f 2560/190/591 2562/223/592 2543/192/593
f 2490/171/594 2568/176/595 2542/189/596
f 2557/184/597 2541/193/598 2499/185/599
f 2522/175/600 2496/174/601 2497/224/602
f 2580/225/603 2581/226/604 2582/227/605
f 2583/228/606 2584/229/607 2585/230/608
f 2583/228/609 2580/225/610 2584/229/611
f 2585/230/612 2588/231/613 2583/228/614
f 2581/226/615 2589/232/616 2590/233/617
f 2581/226/618 2580/225/619 2589/232/620
f 2582/227/621 2591/234/622 2592/235/623
f 2593/236/624 2594/237/625 2595/238/626
f 2593/236/627 2598/239/628 2594/237/629
f 2599/240/630 2595/238/631 2596/241/632
f 2600/242/633 2601/243/634 2602/244/635
f 2603/245/636 2604/246/637 2605/247/638
f 2607/248/639 2608/249/640 2586/250/641
f 2602/244/642 2609/251/643 2600/242/644
f 2597/252/645 2613/253/646 2614/254/647
f 2615/255/648 2616/256/649 2613/253/650
f 2615/255/651 2617/257/652 2618/258/653
f 2615/255/654 2618/258/655 2619/259/656
f 2615/255/657 2597/252/658 2617/257/659
f 2595/238/660 2599/240/661 2620/260/662
f 2587/261/663 2598/239/664 2586/250/665
f 2620/260/666 2599/240/667 2621/262/668
f 2622/263/669 2587/261/670 2586/250/671
f 2594/237/672 2623/264/673 2595/238/674
f 2624/265/675 2586/250/676 2610/266/677
f 2596/241/678 2614/254/679 2626/267/680
f 2586/250/681 2608/249/682 2627/268/683
f 2628/269/684 2604/246/685 2629/270/686
f 2586/250/687 2598/239/688 2607/248/689
f 1932/271/690 3443/272/691 1931/273/692
f 2630/274/693 2631/275/694 2611/276/695
f 1932/271/696 3416/277/697 3443/272/698
f 1932/271/699 1936/278/700 3416/277/701
f 1934/279/702 1931/273/703 3444/280/704
f 1933/281/705 1935/282/706 3445/283/707
f 1934/279/708 3445/283/709 1935/282/710
f 2605/247/711 2632/284/712 2633/285/713
f 2002/286/714 3426/287/715 3421/288/716
f 2002/286/717 2003/3/718 3426/287/719
f 2006/289/720 2008/290/721 3419/291/722
f 2015/292/723 2014/293/724 3441/294/725
f 2622/263/726 2586/250/727 2624/265/728
f 2596/241/729 2623/264/730 2603/245/731
f 3338/295/732 3339/296/733 3456/297/734
f 2620/260/735 2612/298/736 2611/276/737
f 2014/293/738 3440/299/739 3441/294/740
f 2014/293/741 2013/300/742 3440/299/743
f 2015/292/744 3441/294/745 3436/301/746
f 2015/292/747 3436/301/748 2040/302/749
f 2750/303/750 2719/304/751 2751/305/752
f 2743/209/753 2752/306/754 2698/127/755
f 2038/307/756 3437/308/757 3440/299/758
f 2043/7/759 3433/96/760 3423/309/761
f 2003/3/762 3455/87/763 3420/86/764
f 3033/310/765 3031/311/766 3034/312/767
f 3434/98/768 3429/93/769 3454/94/770
f 3429/93/771 3432/95/772 3452/9/773
f 2020/313/774 3417/314/775 3438/315/776
f 2007/91/777 3422/88/778 3431/316/779
f 2007/91/780 3453/89/781 3422/88/782
f 2020/313/783 3438/315/784 3435/317/785
f 2043/7/786 3452/9/787 3433/96/788
f 2763/318/789 2766/319/790 2764/320/791
f 2753/321/792 2754/322/793 2755/323/794
f 2008/290/795 3435/317/796 3425/324/797
f 2007/91/798 3431/316/799 3428/325/800
f 2774/326/801 2773/327/802 2791/328/803
f 2737/108/804 2749/215/805 2756/329/806
f 2002/286/807 3421/288/808 2024/85/809
f 2009/330/810 3424/331/811 3417/314/812
f 2018/332/813 2007/91/814 3428/325/815
f 2771/333/816 2773/327/817 2807/334/818
f 2003/3/819 3420/86/820 3426/287/821
f 2008/290/822 3425/324/823 3418/335/824
f 2608/249/825 2631/275/826 2627/268/827
f 2593/236/828 2595/238/829 2620/260/830
f 2053/336/831 2055/337/832 3416/338/833
f 2056/339/834 3415/340/835 3414/341/836
f 2636/342/837 2610/266/838 2606/343/839
f 2607/248/840 2598/239/841 2593/236/842
f 2611/276/843 2608/249/844 2607/248/845
f 2614/254/846 2625/344/847 2635/345/848
f 2614/254/849 2613/253/850 2625/344/851
f 2597/252/852 2614/254/853 2596/241/854
f 2620/260/855 2611/276/856 2593/236/857
f 2625/344/858 2616/256/859 2635/345/860
f 2611/276/861 2631/275/862 2608/249/863
f 2607/248/864 2593/236/865 2611/276/866
f 2638/346/867 2618/258/868 2617/257/869
f 2603/245/870 2605/247/871 2585/230/872
f 2634/347/873 2598/239/874 2587/261/875
f 2584/229/876 2637/348/877 2585/230/878
f 2637/348/879 2617/257/880 2603/245/881
f 2605/247/882 2604/246/883 2632/284/884
f 2585/230/885 2605/247/886 2588/231/887
f 2634/347/888 2604/246/889 2598/239/890
f 2639/349/891 2641/350/892 2640/351/893
f 2642/352/894 2643/353/895 2592/235/896
f 2644/354/897 2645/355/898 2639/349/899
f 2634/347/900 2587/261/901 2647/356/902
f 2634/347/903 2648/357/904 2629/270/905
f 2650/358/906 2653/359/907 2649/360/908
f 2640/351/909 2600/242/910 2639/349/911
f 2617/257/912 2597/252/913 2603/245/914
f 580/361/915 582/362/916 584/363/917
f 583/364/918 3411/365/919 3409/366/920
f 582/362/921 583/364/922 3408/367/923
f 583/364/924 3409/366/925 3408/367/926
f 495/368/927 501/369/928 3407/370/929
f 2649/360/930 2652/371/931 2654/372/932
f 2652/371/933 2582/227/934 2581/226/935
f 2656/373/936 2657/374/937 2655/375/938
f 2652/371/939 2655/375/940 2658/376/941
f 2613/253/942 2597/252/943 2615/255/944
f 2652/371/945 2651/377/946 2591/234/947
f 2652/371/948 2658/376/949 2654/372/950
f 2686/378/951 2687/379/952 3402/380/953
f 2689/381/954 2690/382/955 3400/383/956
f 2691/384/957 2689/381/958 3400/383/959
f 2811/385/960 2812/386/961 3397/387/962
f 2813/388/963 2809/389/964 2812/386/965
f 2810/390/966 3399/391/967 2809/389/968
f 2895/392/969 3388/393/970 3386/394/971
f 2895/392/972 2896/395/973 3388/393/974
f 2902/396/975 3391/397/976 3393/398/977
f 2900/399/978 3393/398/979 3392/400/980
f 2900/399/981 2902/396/982 3393/398/983
f 2906/401/984 3396/402/985 3389/403/986
f 2898/404/987 3394/405/988 3395/406/989
f 2895/392/990 3387/407/991 3394/405/992
f 2900/399/993 3392/400/994 2896/395/995
f 2902/396/996 3389/403/997 3390/408/998
f 2902/396/999 2906/401/1000 3389/403/1001
f 2652/371/1002 2591/234/1003 2582/227/1004
f 2698/127/1005 2752/306/1006 2701/126/1007
f 2705/138/1008 2735/130/1009 2708/133/1010
f 2708/133/1011 2706/140/1012 2705/138/1013
f 2756/329/1014 2703/124/1015 2737/108/1016
f 2750/303/1017 2720/409/1018 2719/304/1019
f 2720/409/1020 2749/215/1021 2730/120/1022
f 2749/215/1023 2720/409/1024 2757/410/1025
f 2757/410/1026 2720/409/1027 2750/303/1028
f 2719/304/1029 2754/322/1030 2751/305/1031
f 2651/377/1032 2649/360/1033 2642/352/1034
f 2754/322/1035 2753/321/792 2751/305/1036
f 2651/377/1037 2652/371/1038 2649/360/1039
f 2706/140/1040 2708/133/1041 2707/104/1042
f 562/411/1043 559/412/1044 566/413/1045
f 2661/414/1046 2660/415/1047 2662/416/1048
f 2642/352/1049 2646/417/1050 2643/353/1051
f 564/418/1052 566/413/1053 559/412/1054
f 567/419/1055 564/418/1056 559/412/1057
f 566/413/1058 555/420/1059 562/411/1060
f 2663/421/1061 2657/374/1062 2656/373/1063
f 2664/422/1064 2646/417/1065 2665/423/1066
f 2666/424/1067 2662/416/1068 2660/415/1069
f 546/425/1070 551/426/1071 563/427/1072
f 564/418/1073 563/427/1074 551/426/1075
f 567/419/1076 565/428/1077 564/418/1078
f 2670/429/1079 2616/256/1080 2671/430/1081
f 550/431/1082 555/420/1083 566/413/1084
f 2636/342/1085 2672/432/1086 2610/266/1087
f 564/418/1088 551/426/1089 566/413/1090
f 562/411/1091 568/433/1092 558/434/1093
f 569/435/1094 548/436/1095 570/437/1096
f 571/438/1097 572/439/1098 573/440/1099
f 574/441/1100 575/442/1101 573/440/1102
f 2624/265/1103 2673/443/1104 2622/263/1105
f 2644/354/1106 2665/423/1107 2645/355/1108
f 2665/423/1109 2644/354/1110 2664/422/1111
f 2675/444/1112 2644/354/1113 2660/415/1114
f 2644/354/1115 2639/349/1116 2660/415/1117
f 2675/444/1118 2664/422/1119 2644/354/1120
f 2674/445/1121 2609/251/1122 2602/244/642
f 2580/225/1123 2643/353/1124 2584/229/1125
f 2655/375/1126 2652/371/1127 2656/373/1128
f 2592/235/1129 2643/353/1130 2580/225/1131
f 2674/445/1132 2639/349/1133 2609/251/1134
f 2668/446/1135 2619/259/1136 2643/353/1137
f 2669/447/1138 2661/414/1139 2667/448/1140
f 2618/258/1141 2638/346/1142 2619/259/1143
f 2640/351/1144 2653/359/1145 2600/242/1146
f 2619/259/1147 2668/446/1148 2616/256/1149
f 2634/347/1150 2629/270/1151 2604/246/1152
f 2647/356/1153 2587/261/1154 2622/263/1155
f 2669/447/1156 2660/415/1157 2661/414/1158
f 2675/444/1159 2660/415/1160 2659/449/1161
f 2642/352/1162 2653/359/1163 2646/417/1164
f 561/450/1165 573/440/1166 575/442/1167
f 2659/449/1168 2660/415/1169 2671/430/1170
f 2660/415/1171 2669/447/1172 2671/430/1173
f 2665/423/1174 2646/417/1175 2641/350/1176
f 2675/444/1177 2659/449/1178 2668/446/1179
f 2668/446/1180 2643/353/1181 2646/417/1182
f 2646/417/1183 2653/359/1184 2640/351/1185
f 2645/355/1186 2665/423/1187 2641/350/1188
f 2610/266/1189 2673/443/1190 2624/265/1191
f 2610/266/1192 2678/451/1193 2673/443/1194
f 2666/424/1195 2660/415/1196 2639/349/1197
f 2592/235/1198 2651/377/1199 2642/352/1200
f 2678/451/1201 2672/432/1202 2679/452/1203
f 2610/266/1204 2672/432/1205 2678/451/1206
f 2641/350/1207 2646/417/1208 2640/351/1209
f 2656/373/1210 2652/371/1211 2677/453/1212
f 2584/229/1213 2643/353/1214 2619/259/1215
f 2668/446/1216 2671/430/1217 2616/256/1218
f 2653/359/1219 2650/358/1220 2600/242/1221
f 3043/454/1222 3465/455/1223 3469/456/1224
f 3029/457/1225 3030/458/1226 3375/459/1227
f 3027/460/1228 3385/461/1229 3379/462/1230
f 3032/463/1231 3372/464/1232 3033/310/1233
f 3035/465/1234 3376/466/1235 3373/467/1236
f 305/468/1237 297/469/1238 3383/470/1239
f 3043/454/1240 3377/471/1241 3465/455/1242
f 3337/472/1243 3468/473/1244 3339/296/1245
f 3030/458/1246 3038/474/1247 3380/475/1248
f 3337/472/1249 3339/296/1250 3338/295/1251
f 3038/474/1252 3378/476/1253 3380/475/1254
f 3041/477/1255 3031/311/1256 3366/478/1257
f 2038/307/1258 3464/479/1259 3436/301/1260
f 3027/460/1261 3379/462/1262 3376/466/1263
f 3381/480/1264 3466/481/1265 3465/455/1266
f 3038/474/1267 3032/463/1268 3371/482/1269
f 3035/465/1270 3028/483/1271 3376/466/1272
f 3033/310/1273 3369/484/1274 3370/485/1275
f 3033/310/1276 3034/312/1277 3369/484/1278
f 3032/463/1279 3035/465/1280 3372/464/1281
f 3041/477/1282 3364/486/1283 3031/311/1284
f 3337/472/1285 3336/487/1286 3468/473/1287
f 3031/311/1288 3033/310/1289 3366/478/1290
f 3034/312/1291 3467/488/1292 3368/489/1293
f 3041/477/1294 3367/490/1295 3364/486/1296
f 3377/471/1297 3365/491/1298 3465/455/1299
f 2600/242/1300 2609/251/1301 2639/349/1302
f 2653/359/1303 2642/352/1304 2649/360/1305
f 2619/259/1306 2638/346/1307 2584/229/1308
f 2639/349/1309 2645/355/1310 2641/350/1311
f 2581/226/1312 2590/233/1313 2652/371/1314
f 2590/233/1315 2677/453/1316 2652/371/1317
f 2680/492/1318 2681/493/1319 2682/494/1320
f 2684/495/1321 2670/429/1322 2682/494/1323
f 2619/259/1324 2616/256/1325 2615/255/1326
f 2676/496/1327 2667/448/1328 2661/414/1329
f 2683/497/1330 2681/493/1331 2680/492/1332
f 2670/429/1333 2680/492/1334 2682/494/1335
f 2671/430/1336 2668/446/1337 2659/449/1338
f 2680/492/1339 2670/429/1340 2669/447/1341
f 2635/345/1342 2670/429/1343 2684/495/1344
f 2669/447/1345 2667/448/1346 2683/497/1347
f 2684/495/1348 2685/498/1349 2635/345/1350
f 2680/492/1351 2669/447/1352 2683/497/1353
f 2674/445/1354 2666/424/1355 2639/349/1356
f 2559/196/1357 2500/195/1358 2502/199/1359
f 2529/198/1360 2523/499/1361 2570/500/1362
f 2534/170/1363 2520/169/447 2569/221/571
f 2565/501/1364 2566/212/1365 2548/145/1366
f 2564/502/1367 2567/217/1368 2565/501/1369
f 2501/222/1370 2561/503/1371 2502/199/1372
f 2565/501/1373 2548/145/1374 2505/144/1375
f 2489/165/1376 2504/143/1377 2549/163/1378
f 2566/212/1379 2565/501/1380 2567/217/1381
f 2506/504/1382 2565/501/1383 2505/144/1384
f 2564/502/1385 2565/501/1386 2506/504/1387
f 2518/505/1388 2563/177/1389 2490/171/1390
f 2560/190/591 2502/199/1391 2561/503/1371
f 2560/190/1392 2561/503/1371 2562/223/1393
f 2493/148/1394 2541/193/1395 2498/188/1396
f 2559/196/1397 2552/155/1398 2527/194/1399
f 2527/194/1400 2552/155/1401 2528/157/1402
f 2558/506/1403 2556/213/1404 2555/507/1405
f 2557/184/1406 2518/505/1407 2541/193/1408
f 2554/216/1409 2555/507/1410 2556/213/1411
f 2538/160/1412 2525/159/1413 2485/172/1414
f 2485/172/1415 2509/508/1416 2538/160/1417
f 2541/193/1418 2518/505/1419 2490/171/1420
f 2545/179/1421 2551/162/1422 2546/509/1423
f 2546/509/1424 2511/510/1425 2544/178/1426
f 2525/159/1427 2538/160/1428 2545/179/1429
f 2494/146/1430 2498/188/1431 2543/192/1432
f 2545/179/1433 2538/160/1434 2551/162/1435
f 2550/182/1436 2553/156/1437 2544/178/1438
f 2510/181/1439 2550/182/1440 2544/178/1441
f 282/511/1442 3358/512/1443 280/513/1444
f 282/511/1445 285/514/1446 3356/515/1447
f 285/514/1448 3363/516/1449 3362/517/1450
f 285/514/1451 3361/518/1452 3356/515/1453
f 2773/327/1454 2771/333/1455 2800/519/1456
f 571/438/1457 561/450/1458 560/520/1459
f 275/521/1460 276/522/1461 3355/523/1462
f 281/524/1463 3355/523/1464 3360/525/1465
f 2807/334/1466 2796/526/1467 2771/333/1468
f 2797/527/1469 2784/528/1470 2783/529/1471
f 2783/529/1472 2765/530/1473 2781/531/1474
f 2765/530/1475 2770/532/1476 2762/533/1477
f 2795/534/1478 2772/535/1479 2771/333/1480
f 282/511/1481 3357/536/1482 3358/512/1483
f 2773/327/1484 2774/326/1485 2805/537/1486
f 3136/538/1487 3135/539/1488 3353/540/1489
f 3151/541/1490 3349/542/1491 3152/543/1492
f 3152/543/1493 3347/544/1494 3129/545/1495
f 3152/543/1496 3350/546/1497 3346/547/1498
f 3151/541/1499 3352/548/1500 3351/549/1501
f 3139/550/1502 3156/551/1503 3345/552/1504
f 3139/550/1505 3345/552/1504 3344/553/1506
f 3334/554/1507 3342/555/1508 3341/556/1509
f 3334/554/1510 3335/557/1511 3342/555/1512
f 2509/508/1513 2516/558/1514 2547/166/1515
f 2547/166/1516 2549/163/1517 2548/145/1518
f 2547/166/1519 2516/558/1520 2503/164/1521
f 2510/181/1522 2544/178/1523 2511/510/1524
f 2547/166/1525 2548/145/1526 2539/167/1527
f 2493/148/1528 2495/147/1529 2491/187/1530
f 3365/491/1531 3381/480/1532 3465/455/1533
f 2491/187/1534 2531/186/1535 2492/191/1536
f 2547/166/1537 2538/160/1538 2509/508/1539
f 2521/168/1540 2495/147/1541 2522/175/1542
f 2544/178/1543 2545/179/1544 2546/509/1545
f 2541/193/1546 2542/189/1547 2543/192/1548
f 2538/160/1549 2539/167/1550 2540/161/1551
f 2492/191/1552 2531/186/1553 2530/559/1554
f 2535/560/1555 2499/185/1556 2537/561/1557
f 2499/185/1558 2535/560/1559 2536/183/1560
f 2530/559/1561 2499/185/1562 2492/191/1563
f 2521/168/1564 2534/170/1363 2491/187/1565
f 2533/562/1566 2530/559/1567 2532/563/1568
f 2040/302/1569 3436/301/1570 3464/479/1571
f 2831/564/1572 2830/565/1573 2823/566/1574
f 2530/559/1575 2531/186/1576 2532/563/1577
f 573/440/1578 561/450/1579 571/438/1580
f 2513/567/1581 2514/568/1582 2515/180/1583
f 2528/157/1584 2515/180/1585 2517/197/1586
f 2524/569/1587 2507/570/1588 2519/571/1589
f 2488/572/1590 2483/573/1591 2519/571/1592
f 2529/198/1593 2517/197/1594 2523/499/1595
f 2517/197/1596 2527/194/1597 2528/157/1598
f 2515/180/1599 2526/574/1600 2517/197/1601
f 2520/169/447 2521/168/446 2522/175/1602
f 2519/571/1603 2507/570/1604 2488/572/1605
f 2489/165/1606 2488/572/1607 2504/143/1608
f 2515/180/1609 2510/181/1610 2513/567/1611
f 2509/508/1612 2486/575/1613 2516/558/1614
f 2505/144/1615 2488/572/1616 2507/570/1617
f 2486/575/1618 2503/164/1619 2516/558/1620
f 2511/510/1621 2513/567/1622 2510/181/1623
f 531/576/1624 576/577/1625 577/578/1626
f 576/577/1627 578/579/1628 577/578/1629
f 578/579/1630 548/436/1631 547/580/1632
f 577/578/1633 578/579/1634 547/580/1635
f 548/436/1095 578/579/1636 570/437/1096
f 543/581/1637 542/582/1638 577/578/1639
f 528/583/1640 527/584/1641 542/582/1642
f 2485/172/1643 2486/575/1644 2509/508/1645
f 527/584/1646 531/576/1647 577/578/1648
f 547/580/1649 543/581/1650 577/578/1651
f 542/582/1652 527/584/1653 577/578/1654
f 574/441/1655 573/440/1656 579/585/1657
f 2413/586/1658 2412/587/1659 2472/588/1660
f 2467/589/1661 2468/590/1662 2469/591/1663
f 2466/592/1664 2410/593/1665 2332/594/1666
f 2409/595/1667 2369/596/1668 2410/593/1669
f 2332/594/1670 2345/597/1671 2466/592/1672
f 2369/596/1673 2409/595/1674 2370/598/1675
f 2507/570/1676 2508/599/1677 2506/504/1678
f 2410/593/1679 2333/600/1680 2332/594/1681
f 2506/504/1682 2505/144/1683 2507/570/1684
f 2346/601/1685 2348/602/1686 2385/603/1687
f 2410/593/1688 2369/596/1689 2340/604/1690
f 2488/572/1691 2505/144/1692 2504/143/1693
f 2804/605/1694 2808/606/1695 2784/528/1696
f 2410/593/1697 2465/607/1698 2333/600/1699
f 2326/608/1700 2330/609/1701 2465/607/1702
f 2465/607/1703 2410/593/1704 2340/604/1705
f 2486/575/1706 2489/165/1707 2503/164/1708
f 2326/608/1709 2465/607/1710 2340/604/1711
f 2500/195/1712 2501/222/1713 2502/199/1714
f 2448/610/1715 2324/611/1716 2402/612/1717
f 2458/613/1718 2404/614/1719 2389/615/1720
f 2798/616/1721 2783/529/1722 2781/531/1723
f 2404/614/1724 2458/613/1725 2417/617/1726
f 2417/617/1727 2415/618/1728 2404/614/1729
f 2390/619/1730 2461/620/1731 2464/621/1732
f 2491/187/1733 2492/191/1734 2493/148/1735
f 2489/165/1736 2482/622/1737 2483/573/1738
f 2486/575/1739 2481/173/1740 2489/165/1741
f 2483/573/1742 2488/572/1743 2489/165/1744
f 2461/620/1745 2446/623/1746 2463/624/1747
f 2764/320/1748 2767/625/1749 2763/318/1750
f 2761/626/1751 2776/627/1752 2775/628/1753
f 2777/629/1754 2774/326/1755 2778/630/1756
f 2764/320/1757 2779/631/1758 2767/625/1759
f 2780/632/1760 2779/631/1761 2764/320/1762
f 2764/320/1763 2759/633/1764 2758/634/1765
f 2481/173/1766 2482/622/1767 2489/165/1768
f 2481/173/1769 2486/575/1770 2485/172/1771
f 2487/149/1772 2481/173/1773 2485/172/1774
f 470/635/1775 471/636/1776 472/637/1777
f 477/638/1778 473/639/1779 478/640/1780
f 476/641/1781 478/640/1782 473/639/1783
f 477/638/1784 479/642/1785 473/639/1786
f 480/643/1787 471/636/1788 481/644/1789
f 485/645/1790 493/646/1791 486/647/1792
f 493/646/1793 487/648/1794 488/649/1795
f 489/650/1796 490/651/1797 491/652/1798
f 491/652/1799 490/651/1800 492/653/1801
f 494/654/1802 497/655/1803 495/368/1804
f 395/656/1805 468/657/1806 469/658/1807
f 393/659/1808 469/658/1809 465/660/1810
f 465/660/1811 467/661/1812 393/659/1813
f 991/662/1814 993/663/1815 3451/664/1816
f 464/665/1817 462/666/1818 460/667/1819
f 419/668/1820 421/669/1821 420/670/1822
f 464/665/1823 460/667/1824 427/671/1825
f 489/650/1826 497/655/1827 494/654/1828
f 496/672/1829 498/673/1830 497/655/1831
f 465/660/1832 459/674/1833 467/661/1834
f 465/660/1835 466/675/1836 463/676/1837
f 426/677/1838 414/678/1839 442/679/1840
f 412/680/1841 458/681/1842 401/682/1843
f 444/683/1844 447/684/1845 453/685/1846
f 413/686/1847 434/687/1848 399/688/1849
f 403/689/1850 411/690/1851 408/691/1852
f 2759/633/1853 2764/320/1854 2762/533/1855
f 435/692/1856 421/669/1857 419/668/1858
f 1479/200/1859 3450/202/1860 1485/693/1861
f 1488/204/1862 3447/694/1863 3449/205/1864
f 1512/695/1865 3448/696/1866 3447/694/1867
f 1512/695/1868 3447/694/1869 1488/204/1870
f 467/661/1871 464/665/1872 393/659/1873
f 402/697/1874 401/682/1875 458/681/1876
f 403/689/1877 409/698/1878 407/699/1879
f 458/681/1880 412/680/1881 418/700/1882
f 2762/533/1883 2770/532/1884 2769/701/1885
f 396/702/1886 404/703/1887 407/699/1888
f 458/681/1889 418/700/1890 425/704/1891
f 435/692/1892 465/660/1893 421/669/1894
f 393/659/1895 464/665/1896 427/671/1897
f 2768/705/1898 2780/632/1899 2764/320/1900
f 459/674/1901 465/660/1902 435/692/1903
f 463/676/1904 421/669/1905 465/660/1906
f 459/674/1907 457/706/1908 461/707/1909
f 435/692/1910 457/706/1911 459/674/1912
f 425/704/1913 402/697/1914 458/681/1915
f 423/708/1916 415/709/1917 393/659/1918
f 412/680/1919 416/710/1920 418/700/1921
f 1933/281/1922 3445/283/1923 3446/711/1924
f 457/706/1925 435/692/1926 440/712/1927
f 2038/307/1928 2013/300/1929 3442/713/1930
f 2038/307/1931 3440/299/1932 2013/300/1933
f 2042/714/1934 2018/332/1935 3439/715/1936
f 2462/716/1937 2463/624/1938 2446/623/1939
f 2461/620/1940 2390/619/1941 2446/623/1942
f 2038/307/1943 3436/301/1944 3437/308/1945
f 437/717/1946 440/712/1947 435/692/1948
f 2008/290/1949 2020/313/1950 3435/317/1951
f 2390/619/1952 2376/718/1953 2446/623/1954
f 2811/385/1955 2814/719/1956 2823/566/1957
f 2823/566/1958 2814/719/1959 2815/720/1960
f 2007/91/1961 2006/289/1962 3427/92/1963
f 2816/721/1964 2817/722/1965 2823/566/1966
f 2009/330/1967 3423/309/1968 3424/331/1969
f 2783/529/1970 2784/528/1971 2785/723/1972
f 2818/724/1973 2819/725/1974 2816/721/1975
f 2024/85/1976 3421/288/1977 3420/86/1978
f 2389/615/1979 2404/614/1980 2387/726/1981
f 2008/290/1982 3418/335/1983 3419/291/1984
f 2817/722/1985 2816/721/1986 2820/727/1987
f 2788/728/1988 2787/729/1989 2786/730/1990
f 2020/313/1991 2009/330/1992 3417/314/1993
f 2056/339/1994 3414/341/1995 2055/337/1996
f 455/731/1997 412/680/1998 404/703/1999
f 455/731/2000 446/732/2001 416/710/2002
f 394/733/2003 399/688/2004 454/734/2005
f 412/680/2006 455/731/2007 416/710/2008
f 415/709/2009 456/735/2010 414/678/2011
f 455/731/2012 454/734/2013 417/736/2014
f 444/683/2015 446/732/2016 455/731/2017
f 455/731/2018 417/736/2019 444/683/2020
f 590/737/2021 591/738/2022 584/363/2023
f 588/739/2024 589/740/2025 3412/741/2026
f 583/364/2027 587/742/2028 3411/365/2029
f 586/743/2030 3413/744/2031 3410/745/2032
f 494/654/2033 495/368/2034 3405/746/2035
f 494/654/2036 3405/746/2037 3406/747/2038
f 418/700/2039 446/732/2040 445/748/2041
f 425/704/2042 445/748/2043 452/749/2044
f 445/748/2045 425/704/2046 418/700/2047
f 393/659/2048 413/686/2049 398/750/2050
f 431/751/2051 452/749/2052 451/752/2053
f 426/677/2054 413/686/2055 414/678/2056
f 438/753/2057 3404/754/2058 439/755/2059
f 2814/719/2060 2811/385/2061 2821/756/2062
f 406/757/2063 405/758/2064 3403/759/2065
f 2691/384/2066 3400/383/2067 3401/760/2068
f 2833/761/2069 3399/391/2070 2810/390/2071
f 445/748/2072 444/683/2073 453/685/2074
f 2821/756/2075 3397/387/2076 3398/762/2077
f 2821/756/2078 2811/385/2079 3397/387/2080
f 2898/404/2081 3395/406/2082 2899/763/2083
f 2895/392/2084 3394/405/2085 2898/404/2086
f 2902/396/2087 3390/408/2088 3391/397/2089
f 2895/392/2090 3386/394/2091 3387/407/2092
f 444/683/2093 445/748/2094 446/732/2095
f 2764/320/2096 2790/764/2097 2768/705/2098
f 2786/730/2099 2791/328/2100 2790/764/2101
f 425/704/2102 452/749/2103 431/751/2104
f 2782/765/2105 2792/766/2106 2789/767/2107
f 2789/767/2108 2788/728/2109 2786/730/2110
f 425/704/2111 431/751/2112 428/768/2113
f 2790/764/2114 2782/765/2115 2789/767/2116
f 432/769/2117 431/751/2051 451/752/2118
f 426/677/2119 434/687/2120 413/686/2121
f 2793/770/2122 2791/328/2123 2786/730/2124
f 2782/765/2125 2790/764/2126 2758/634/2127
f 2789/767/2128 2786/730/2129 2790/764/2130
f 417/736/2131 400/771/2132 444/683/2133
f 450/772/2134 422/773/2135 449/774/2136
f 2794/775/2137 2772/535/2138 2795/534/2139
f 410/776/2140 422/773/2141 450/772/2142
f 448/777/2143 422/773/2144 425/704/2145
f 449/774/2146 422/773/2147 448/777/2148
f 393/659/2149 398/750/2150 394/733/2151
f 401/682/2152 404/703/2153 412/680/2154
f 424/778/2155 423/708/2156 427/671/2157
f 393/659/2158 427/671/2159 423/708/2160
f 448/777/2161 425/704/2162 433/779/2163
f 2771/333/2164 2796/526/2165 2795/534/2166
f 447/684/2167 444/683/2168 400/771/2169
f 422/773/2170 410/776/2171 403/689/2172
f 443/780/2173 399/688/2174 434/687/2175
f 418/700/2176 416/710/2177 446/732/2178
f 2822/781/2179 2824/782/2180 2832/783/2181
f 2457/784/2182 2455/785/2183 2454/786/2184
f 400/771/2185 399/688/2186 443/780/2187
f 399/688/2188 417/736/2189 454/734/2190
f 496/672/2191 493/646/2192 499/787/2193
f 406/757/2194 438/753/2195 405/758/2196
f 2386/788/2197 2447/789/2198 2375/790/2199
f 2816/721/2200 2824/782/2201 2822/781/2202
f 2825/791/2203 2829/792/2204 2828/793/2205
f 437/717/2206 436/794/2207 441/795/2208
f 307/796/2209 305/468/2210 3384/797/2211
f 306/798/2212 307/796/2213 3384/797/2214
f 287/799/2215 288/800/2216 3382/801/2217
f 2373/802/2218 2377/803/2219 2375/790/2220
f 2374/804/2221 2373/802/2222 2457/784/2223
f 3038/474/2224 3371/482/2225 3378/476/2226
f 3028/483/2227 3027/460/2228 3376/466/2229
f 2827/805/2230 2820/727/2231 2819/725/2232
f 3026/806/2233 3374/807/2234 3027/460/2235
f 3035/465/2236 3373/467/2237 3372/464/2238
f 3032/463/2239 3370/485/2240 3371/482/2241
f 3032/463/2242 3033/310/2243 3370/485/2244
f 2382/808/2245 2429/809/2246 2386/788/2247
f 3034/312/2248 3368/489/2249 3369/484/2250
f 2403/810/2251 2455/785/2252 2429/809/2253
f 435/692/2254 405/758/2255 436/794/2256
f 436/794/2257 437/717/2258 435/692/2259
f 419/668/2260 405/758/2261 435/692/2262
f 498/673/2263 501/369/2264 495/368/2265
f 438/753/2266 436/794/2267 405/758/2268
f 473/639/2269 479/642/2270 474/811/2271
f 439/755/2272 436/794/2273 438/753/2274
f 429/812/2275 433/779/2276 425/704/2277
f 430/813/2278 431/751/2051 432/769/2117
f 428/768/2279 429/812/2280 425/704/2281
f 393/659/2282 415/709/2283 414/678/2284
f 399/688/2285 394/733/2286 398/750/2287
f 285/514/1448 3362/517/1450 3361/518/2288
f 2758/634/2289 2790/764/2290 2764/320/2291
f 281/524/2292 275/521/2293 3355/523/2294
f 280/513/2295 3359/814/2296 276/522/2297
f 2816/721/2298 2819/725/2299 2820/727/2300
f 280/513/2301 3358/512/2302 3359/814/2303
f 282/511/2304 3356/515/2305 3357/536/2306
f 2402/612/2307 2427/815/2308 2403/810/2309
f 393/659/2310 414/678/2311 413/686/2312
f 3151/541/2313 3351/549/2314 3349/542/2315
f 3152/543/2316 3349/542/2317 3350/546/2318
f 3155/816/2319 3147/817/2320 3348/818/2321
f 3155/816/2322 3343/819/2323 3156/551/2324
f 3152/543/2325 3346/547/2326 3347/544/2327
f 3147/817/2328 3129/545/2329 3348/818/2330
f 3139/550/2331 3344/553/2332 3140/820/2333
f 3334/554/2334 3341/556/2335 3340/821/2336
f 425/704/2337 422/773/2338 402/697/2339
f 403/689/2340 402/697/2341 422/773/2342
f 2451/822/2343 2392/823/2344 2318/824/2345
f 481/644/2346 471/636/2347 502/825/2348
f 413/686/2349 399/688/2350 398/750/2351
f 403/689/2352 410/776/2353 411/690/2354
f 2764/320/2355 2765/530/2356 2762/533/2357
f 408/691/2358 409/698/2359 403/689/2360
f 407/699/2361 404/703/2362 403/689/2363
f 2797/527/2364 2783/529/2365 2798/616/2366
f 2760/826/2367 2768/705/2368 2790/764/2369
f 2796/526/2370 2794/775/2371 2795/534/2372
f 2766/319/2373 2765/530/2374 2764/320/2375
f 2800/519/2376 2771/333/2377 2772/535/2378
f 2801/827/2379 2799/828/2380 2800/519/2381
f 403/689/2382 404/703/2383 401/682/2384
f 2773/327/2385 2799/828/2386 2761/626/2387
f 401/682/2388 402/697/2389 403/689/2390
f 455/731/2391 404/703/2392 394/733/2393
f 2776/627/2394 2761/626/2395 2799/828/2396
f 2772/535/2397 2801/827/2398 2800/519/2399
f 2765/530/2400 2783/529/2401 2802/829/2402
f 394/733/2403 395/656/2404 469/658/2405
f 417/736/2406 399/688/2407 400/771/2408
f 393/659/2409 394/733/2410 469/658/2411
f 395/656/2412 394/733/2413 397/830/2414
f 394/733/2415 454/734/2416 455/731/2417
f 666/831/2418 678/832/2419 677/833/2420
f 658/834/2421 665/835/2422 709/836/2423
f 662/837/2424 653/838/2425 708/839/2426
f 664/840/2427 671/841/2428 670/842/2429
f 666/831/2418 677/833/2420 665/835/2430
f 681/843/2431 699/844/2432 680/845/2433
f 671/841/2434 681/843/2435 680/845/2436
f 674/846/2437 676/847/2438 685/848/2439
f 691/849/2440 706/850/2441 689/851/2442
f 704/852/2443 691/849/2444 705/853/2445
f 703/854/2446 662/837/2447 707/855/2448
f 704/852/2449 706/850/2450 691/849/2451
f 702/856/2452 683/857/2453 682/858/2454
f 663/859/2455 694/860/2456 664/840/2457
f 700/861/2458 701/862/2459 679/863/2460
f 664/840/2461 681/843/2462 671/841/2463
f 693/864/2464 697/865/2465 698/866/2466
f 695/867/2467 672/868/2468 696/869/2469
f 681/843/2470 664/840/2471 694/860/2472
f 694/860/2473 663/859/2474 688/870/2475
f 661/871/2476 660/872/2477 687/873/2478
f 660/872/2479 659/874/2480 692/875/2481
f 692/875/2482 693/864/2483 660/872/2484
f 665/835/2485 658/834/2486 657/876/2487
f 660/872/2488 688/870/2489 687/873/2490
f 687/873/2491 688/870/2492 663/859/2493
f 669/877/2494 649/878/2495 673/879/2496
f 685/848/2439 684/880/2497 686/881/2498
f 678/832/2419 676/847/2499 675/882/2500
f 668/883/2501 672/868/2502 669/877/2503
f 682/858/2504 683/857/2453 684/880/2497
f 669/877/2505 673/879/2506 667/884/2507
f 675/882/2500 679/863/2508 677/833/2509
f 675/882/2500 677/833/2509 678/832/2419
f 674/846/2437 675/882/2500 676/847/2438
f 669/877/2510 672/868/2511 649/878/2512
f 670/842/2513 663/859/2514 664/840/2515
f 667/884/2516 668/883/2517 669/877/2518
f 665/835/2422 657/876/2487 666/831/2519
f 659/874/2520 660/872/2521 661/871/2522
f 656/885/2523 657/876/2487 658/834/2524
f 645/886/2525 654/887/2526 648/888/2527
f 645/886/2528 653/838/2529 651/889/2530
f 654/887/2531 645/886/2532 647/890/2533
f 652/891/2534 651/889/2535 653/838/2536
f 650/892/2537 651/889/2538 652/891/2539
f 648/888/2540 649/878/2541 645/886/2542
f 645/886/2543 646/893/2544 647/890/2545
f 598/894/2546 605/895/2547 604/896/2548
f 597/897/2549 596/898/2550 598/894/2551
f 644/899/2552 606/900/2553 643/901/2554
f 600/902/2555 606/900/2556 644/899/2557
f 623/903/2558 606/900/2559 600/902/2560
f 626/904/2561 595/905/2562 635/906/2563
f 608/907/2564 618/908/2565 628/909/2566
f 629/910/2567 628/909/2568 641/911/2569
f 594/912/2570 595/905/2571 642/913/2572
f 600/902/2573 608/907/2574 628/909/2575
f 624/914/2576 607/915/2577 625/916/2578
f 615/917/2579 617/918/2580 614/919/2581
f 638/920/2582 617/918/2583 615/917/2584
f 639/921/2585 638/920/2582 640/922/2586
f 617/918/2587 638/920/2588 639/921/2589
f 596/898/2590 627/923/2591 623/903/2592
f 599/924/2593 608/907/2594 600/902/2595
f 625/916/2596 634/925/2597 624/914/2598
f 609/926/2599 608/907/2600 599/924/2601
f 623/903/2602 607/915/2603 606/900/2604
f 596/898/2605 623/903/2606 603/927/2607
f 623/903/2608 600/902/2609 603/927/2610
f 631/928/2611 626/904/2612 635/906/2613
f 637/929/2614 635/906/2615 594/912/2616
f 594/912/2617 636/930/2618 637/929/2619
f 595/905/2620 594/912/2621 635/906/2622
f 628/909/2623 611/931/2624 600/902/2625
f 626/904/2626 630/932/2627 607/915/2628
f 596/898/2629 625/916/2630 627/923/2631
f 633/933/2632 607/915/2633 630/932/2634
f 631/928/2635 632/934/2636 626/904/2637
f 620/935/2638 625/916/2639 596/898/2640
f 626/904/2641 607/915/2642 624/914/2643
f 610/936/2644 621/937/2645 596/898/2646
f 603/927/2647 598/894/2648 596/898/2649
f 621/937/2650 620/935/2651 596/898/2652
f 600/902/2653 611/931/2654 603/927/2655
f 632/934/2656 630/932/2657 626/904/2658
f 628/909/2659 629/910/2660 611/931/2661
f 627/923/2662 607/915/2663 623/903/2664
f 610/936/2665 596/898/2666 602/938/2667
f 607/915/2668 627/923/2669 625/916/2670
f 619/939/2671 621/937/2672 622/940/2673
f 619/939/2674 620/935/2675 621/937/2676
f 613/941/2677 618/908/2678 608/907/2679
f 608/907/2680 612/942/2681 613/941/2682
f 614/919/2683 617/918/2684 616/943/2685
f 612/942/2686 608/907/2687 614/919/2688
f 614/919/2689 616/943/2690 612/942/2691
f 611/931/2692 601/944/2693 603/927/2694
f 597/897/2695 598/894/2696 604/896/2697
f 598/894/2698 603/927/2699 601/944/2700
f 602/938/2701 596/898/2702 597/897/2703
f 693/864/2464 692/875/2704 697/865/2465
f 710/945/2705 711/946/2706 659/874/2707
f 703/854/2708 652/891/2709 662/837/2710
f 712/947/2711 713/948/2712 714/949/2713
f 702/856/2714 663/859/2715 683/857/2716
f 687/873/2717 663/859/2718 702/856/2719
f 715/950/2720 694/860/2721 693/864/2722
f 694/860/2723 660/872/2724 693/864/2725
f 704/852/2726 716/951/2727 717/952/2728
f 704/852/2729 705/853/2730 716/951/2731
f 660/872/2732 694/860/2733 688/870/2734
f 714/949/2735 713/948/2736 718/953/2737
f 653/838/2738 649/878/2739 708/839/2740
f 708/839/2741 695/867/2742 719/954/2743
f 719/954/2744 662/837/2745 708/839/2746
f 708/839/2747 649/878/2748 672/868/2749
f 659/874/2750 711/946/2751 692/875/2752
f 672/868/2753 695/867/2754 708/839/2755
f 662/837/2756 719/954/2757 707/855/2758
f 651/889/2759 720/955/2760 721/956/2761
f 651/889/2762 646/893/2763 645/886/2764
f 651/889/2765 650/892/2766 720/955/2767
f 662/837/2768 652/891/2769 653/838/2770
f 722/957/2771 713/948/2772 712/947/2773
f 721/956/2774 720/955/2775 713/948/2776
f 715/950/2777 693/864/2778 698/866/2779
f 723/958/2780 724/959/2781 725/960/2782
f 694/860/2783 715/950/2784 723/958/2785
f 715/950/2786 698/866/2787 726/961/2788
f 727/962/2789 712/947/2790 728/963/2791
f 680/845/2792 699/844/2793 667/884/2794
f 723/958/2780 725/960/2782 699/844/2795
f 699/844/2796 681/843/2797 723/958/2798
f 667/884/2799 729/964/2800 668/883/2801
f 649/878/2802 653/838/2803 645/886/2804
f 681/843/2805 694/860/2806 723/958/2807
f 715/950/2808 724/959/2809 723/958/2810
f 667/884/2811 699/844/2812 729/964/2813
f 724/959/2814 715/950/2815 726/961/2816
f 718/953/2817 713/948/2818 720/955/2819
f 722/957/2820 721/956/2821 713/948/2822
f 651/889/2823 721/956/2824 646/893/2825
f 655/965/2826 673/879/2827 648/888/2828
f 684/880/2497 683/857/2453 686/881/2498
f 730/966/2829 648/888/2830 731/967/2831
f 671/841/2832 655/965/2833 732/968/2834
f 671/841/2835 733/969/2836 670/842/2837
f 733/969/2838 686/881/2839 670/842/2840
f 728/963/2791 712/947/2790 714/949/2841
f 728/963/2791 690/970/2842 727/962/2789
f 680/845/2843 667/884/2844 673/879/2845
f 648/888/2846 673/879/2847 649/878/2848
f 689/851/2849 727/962/2850 690/970/2851
f 727/962/2852 689/851/2853 706/850/2854
f 670/842/2855 686/881/2856 683/857/2857
f 680/845/2858 673/879/2859 655/965/2860
f 674/846/2437 686/881/2498 733/969/2861
f 700/861/2458 731/967/2862 734/971/2863
f 648/888/2864 730/966/2865 655/965/2866
f 655/965/2867 671/841/2868 680/845/2869
f 732/968/2870 655/965/2871 730/966/2872
f 730/966/2873 700/861/2874 732/968/2875
f 700/861/2876 679/863/2877 732/968/2878
f 674/846/2437 685/848/2439 686/881/2498
f 700/861/2458 734/971/2863 701/862/2459
f 733/969/2861 679/863/2508 675/882/2500
f 731/967/2879 648/888/2880 654/887/2881
f 671/841/2882 732/968/2883 733/969/2884
f 733/969/2861 675/882/2500 674/846/2437
f 670/842/2885 683/857/2886 663/859/2887
f 732/968/2888 679/863/2889 733/969/2890
f 730/966/2891 731/967/2862 700/861/2892
f 737/972/2893 738/973/2894 739/974/2895
f 737/972/2896 740/975/2897 738/973/2898
f 740/975/2899 737/972/2900 741/976/2901
f 743/977/2902 742/978/2903 745/979/2904
f 749/980/2905 750/981/2906 747/982/2907
f 749/980/2908 747/982/2909 753/983/2910
f 742/978/2911 754/984/2912 745/979/2913
f 756/985/2914 757/986/2915 758/987/2916
f 754/984/2917 753/983/2918 745/979/2919
f 759/988/2920 756/985/2921 742/978/2922
f 754/984/2923 760/989/2924 753/983/2925
f 754/984/2926 742/978/2927 756/985/2928
f 756/985/2914 759/988/2929 757/986/2915
f 759/988/2930 742/978/2931 761/990/2932
f 760/989/2933 754/984/2934 755/991/2935
f 754/984/2936 756/985/2937 758/987/2938
f 755/991/2939 754/984/2940 758/987/2941
f 762/992/2942 763/993/2943 764/994/2944
f 766/995/2945 765/996/2946 764/994/2947
f 762/992/2948 764/994/2949 765/996/2950
f 746/997/2951 769/998/2952 743/977/2953
f 770/999/2954 771/1000/2955 772/1001/2956
f 746/997/2957 745/979/2958 753/983/2959
f 775/1002/2960 774/1003/2961 773/1004/2962
f 745/979/2963 746/997/2964 743/977/2965
f 776/1005/2966 774/1003/2967 775/1002/2968
f 737/972/2969 780/1006/2970 741/976/2971
f 737/972/2972 781/1007/2973 780/1006/2974
f 746/997/2975 768/1008/2976 769/998/2977
f 782/1009/2978 779/1010/2979 776/1005/2980
f 775/1002/2981 782/1009/2982 776/1005/2983
f 786/1011/2984 778/1012/2985 776/1005/2986
f 761/990/2987 737/972/2988 759/988/2989
f 772/1001/2956 767/1013/2990 770/999/2954
f 786/1011/2991 787/1014/2992 783/1015/2993
f 776/1005/2994 777/1016/2995 786/1011/2996
f 769/998/2997 744/1017/2998 743/977/2999
f 789/1018/3000 735/1019/3001 785/1020/3002
f 785/1020/3003 767/1013/3004 772/1001/3005
f 786/1011/3006 777/1016/3007 787/1014/3008
f 776/1005/3009 778/1012/3010 774/1003/3011
f 769/998/3012 783/1015/3013 788/1021/3014
f 790/1022/3015 787/1014/3016 791/1023/3017
f 777/1016/3018 791/1023/3019 787/1014/3020
f 791/1023/3021 777/1016/3022 779/1010/3023
f 769/998/3024 788/1021/3025 744/1017/3026
f 777/1016/3027 776/1005/3028 779/1010/3029
f 792/1024/3030 772/1001/2956 771/1000/2955
f 793/1025/3031 774/1003/3032 786/1011/3033
f 794/1026/3034 761/990/3035 795/1027/3036
f 795/1027/3037 742/978/3038 743/977/3039
f 794/1026/3040 795/1027/3041 796/1028/3042
f 786/1011/3043 783/1015/3044 784/1029/3045
f 737/972/3046 761/990/3047 781/1007/3048
f 793/1025/3049 786/1011/3050 784/1029/3051
f 797/1030/3052 781/1007/3053 798/1031/3054
f 783/1015/3055 787/1014/3056 788/1021/3057
f 797/1030/3058 780/1006/3059 781/1007/3060
f 802/1032/3061 797/1030/3062 798/1031/3063
f 781/1007/3064 794/1026/3065 798/1031/3066
f 796/1028/3067 795/1027/3068 801/1033/3069
f 761/990/3070 794/1026/3071 781/1007/3072
f 742/978/3073 795/1027/3074 761/990/3075
f 743/977/3076 801/1033/3077 795/1027/3078
f 757/986/3079 759/988/2929 739/974/3080
f 738/973/3081 803/1034/3082 739/974/3080
f 769/998/3083 768/1008/3084 783/1015/3085
f 737/972/3086 739/974/3087 759/988/3088
f 774/1003/3089 778/1012/3090 786/1011/3091
f 805/1035/3092 785/1020/3093 735/1019/3094
f 806/1036/3095 804/1037/3096 805/1035/3097
f 767/1013/3098 804/1037/3099 765/996/3100
f 805/1035/3101 735/1019/3102 736/1038/3103
f 765/996/3104 804/1037/3105 762/992/3106
f 805/1035/3107 804/1037/3108 785/1020/3109
f 785/1020/3110 804/1037/3111 767/1013/3112
f 805/1035/3113 736/1038/3114 798/1031/3115
f 807/1039/3116 798/1031/3117 736/1038/3118
f 794/1026/3119 805/1035/3120 798/1031/3121
f 802/1032/3122 798/1031/3123 807/1039/3124
f 768/1008/3125 746/997/3126 747/982/3127
f 746/997/3128 753/983/3129 747/982/3130
f 808/1040/3131 748/1041/3132 750/981/3133
f 809/1042/3134 749/980/3135 753/983/3136
f 753/983/3137 760/989/3138 809/1042/3139
f 809/1042/3140 810/1043/3141 749/980/3142
f 768/1008/3143 748/1041/3144 784/1029/3145
f 751/1044/3146 811/1045/3147 808/1040/3148
f 748/1041/3149 768/1008/3150 747/982/3151
f 750/981/3152 748/1041/3153 747/982/3154
f 768/1008/3155 784/1029/3156 783/1015/3157
f 750/981/3158 752/1046/3159 808/1040/3160
f 751/1044/3161 799/1047/3162 800/1048/3163
f 751/1044/3164 812/1049/3165 811/1045/3166
f 811/1045/3167 813/1050/3168 793/1025/3169
f 793/1025/3170 813/1050/3171 773/1004/3172
f 812/1049/3173 813/1050/3174 811/1045/3175
f 811/1045/3176 784/1029/3177 748/1041/3178
f 773/1004/3179 774/1003/3180 793/1025/3181
f 751/1044/3182 808/1040/3183 752/1046/3184
f 748/1041/3185 808/1040/3186 811/1045/3187
f 751/1044/3188 800/1048/3189 812/1049/3190
f 763/993/3191 814/1051/3192 815/1052/3193
f 814/1051/3194 762/992/3195 796/1028/3196
f 804/1037/3197 806/1036/3198 762/992/3199
f 743/977/3200 744/1017/3201 801/1033/3202
f 796/1028/3203 762/992/3204 806/1036/3205
f 763/993/3206 762/992/3207 814/1051/3208
f 801/1033/3209 744/1017/3210 816/1053/3211
f 796/1028/3212 806/1036/3213 794/1026/3214
f 796/1028/3215 801/1033/3216 814/1051/3217
f 788/1021/3218 787/1014/3219 816/1053/3220
f 744/1017/3221 788/1021/3222 816/1053/3223
f 793/1025/3224 784/1029/3225 811/1045/3226
f 816/1053/3227 787/1014/3228 790/1022/3229
f 815/1052/3230 816/1053/3231 790/1022/3232
f 814/1051/3233 816/1053/3234 815/1052/3235
f 805/1035/3236 794/1026/3237 806/1036/3238
f 816/1053/3239 814/1051/3240 801/1033/3241
f 2770/532/3242 2765/530/3243 2802/829/3244
f 2802/829/3245 2803/1054/3246 2770/532/3247
f 2402/612/3248 2460/1055/3249 2427/815/3250
f 2797/527/3251 2804/605/1694 2784/528/1696
f 2406/1056/3252 2459/1057/3253 2402/612/3254
f 819/1058/3255 820/82/3256 818/101/3257
f 2790/764/3258 2773/327/3259 2760/826/3260
f 2824/782/3261 2816/721/3262 2823/566/3263
f 2791/328/3264 2773/327/3265 2790/764/3266
f 2773/327/3267 2761/626/3268 2760/826/3269
f 2791/328/3270 2778/630/3271 2774/326/3272
f 394/733/3273 396/702/3274 397/830/3275
f 404/703/3276 396/702/3277 394/733/3278
f 2616/256/3279 2670/429/3280 2635/345/3281
f 2613/253/3282 2616/256/3283 2625/344/3284
f 2671/430/3285 2669/447/3286 2670/429/3287
f 2664/422/3288 2675/444/3289 2668/446/3290
f 2604/246/3291 2603/245/3292 2594/237/3293
f 2604/246/3294 2594/237/3295 2598/239/3296
f 2603/245/3297 2623/264/3298 2594/237/3299
f 2592/235/3300 2591/234/3301 2651/377/3302
f 2647/356/3303 2648/357/3304 2634/347/3305
f 2650/358/3306 2601/243/3307 2600/242/3308
f 2603/245/3309 2597/252/3310 2596/241/3311
f 2664/422/3312 2668/446/3313 2646/417/3314
f 2595/238/3315 2623/264/3316 2596/241/3317
f 2637/348/3318 2603/245/3319 2585/230/3320
f 2637/348/3321 2584/229/3322 2638/346/3323
f 2628/269/3324 2632/284/3325 2604/246/3326
f 2633/285/3327 2588/231/3328 2605/247/3329
f 2617/257/3330 2637/348/3331 2638/346/3332
f 2610/266/3333 2586/250/3334 2606/343/3335
f 2631/275/3336 2630/274/3337 2627/268/3338
f 2606/343/3339 2586/250/3340 2627/268/3341
f 2599/240/3342 2626/267/3343 2621/262/3344
f 2630/274/3345 2611/276/3346 2612/298/3347
f 2580/225/3348 2582/227/3349 2592/235/3350
f 2626/267/3351 2599/240/3352 2596/241/3353
f 2583/228/3354 2589/232/3355 2580/225/3356
f 489/650/3357 491/652/3358 497/655/3359
f 471/636/3360 503/1059/3361 502/825/3362
f 471/636/3363 480/643/3364 472/637/3365
f 473/639/3366 513/1060/3367 476/641/3368
f 474/811/3369 493/646/3370 473/639/3371
f 495/368/3372 497/655/3373 498/673/3374
f 500/1061/3375 474/811/3376 506/1062/3377
f 509/1063/3378 501/369/3379 498/673/3380
f 476/641/3381 510/1064/3382 480/643/3383
f 500/1061/3384 511/1065/3385 512/1066/3386
f 500/1061/3387 504/1067/3388 511/1065/3389
f 480/643/3390 481/644/3391 482/1068/3392
f 476/641/3393 475/1069/3394 510/1064/3395
f 482/1068/3396 476/641/3397 480/643/3398
f 474/811/3399 499/787/3400 493/646/3401
f 499/787/3402 498/673/3403 496/672/3404
f 499/787/3405 500/1061/3406 512/1066/3407
f 500/1061/3408 499/787/3409 474/811/3410
f 478/640/3411 476/641/3412 482/1068/3413
f 505/1070/3414 483/1071/3415 484/1072/3416
f 513/1060/3417 514/1073/3418 515/1074/3419
f 514/1073/3420 513/1060/3421 505/1070/3422
f 484/1072/3423 514/1073/3424 505/1070/3425
f 507/1075/3426 516/1076/3427 517/1077/3428
f 516/1076/3429 518/1078/3430 517/1077/3431
f 519/1079/3432 508/1080/3433 520/1081/3434
f 507/1075/3435 508/1080/3436 516/1076/3437
f 508/1080/3438 507/1075/3439 520/1081/3440
f 496/672/3441 518/1078/3442 516/1076/3443
f 824/1082/3444 825/1083/3445 826/1084/3446
f 827/1085/3447 823/1086/3448 828/1087/3449
f 831/1088/3450 825/1083/3451 829/1089/3452
f 829/1089/3453 825/1083/3454 823/1086/3455
f 825/1083/3456 824/1082/3457 830/1090/3458
f 829/1089/3459 832/1091/3460 831/1088/3461
f 833/1092/3462 834/1093/3463 835/1094/3464
f 836/1095/3465 834/1093/3466 837/1096/3467
f 838/1097/3468 833/1092/3469 835/1094/3470
f 840/1098/3471 841/1099/3472 842/1100/3473
f 843/1101/3474 842/1100/3475 844/1102/3476
f 839/1103/3477 845/1104/3478 840/1098/3479
f 842/1100/3480 843/1101/3481 840/1098/3482
f 839/1103/3483 840/1098/3484 843/1101/3485
f 845/1104/3486 841/1099/3487 840/1098/3488
f 847/1105/3489 821/1106/3490 848/1107/3491
f 849/1108/3492 850/1109/3493 851/1110/3494
f 851/1110/3495 852/1111/3496 853/1112/3497
f 828/1087/3498 822/1113/3499 827/1085/3500
f 852/1111/3501 854/1114/3502 853/1112/3503
f 821/1106/3504 855/1115/3505 856/1116/3506
f 822/1113/3507 828/1087/3508 855/1115/3509
f 858/1117/3510 847/1105/3511 859/1118/3512
f 864/1119/3513 860/1120/3514 824/1082/3515
f 865/1121/3516 860/1120/3517 866/1122/3518
f 864/1119/3519 867/1123/3520 866/1122/3521
f 863/1124/3522 862/1125/3523 868/1126/3524
f 862/1125/3525 866/1122/3526 868/1126/3527
f 862/1125/3528 869/1127/3529 866/1122/3530
f 866/1122/3531 867/1123/3532 868/1126/3533
f 863/1124/3534 871/1128/3535 862/1125/3536
f 869/1127/3537 865/1121/3538 866/1122/3539
f 873/1129/3540 870/1130/3541 863/1124/3542
f 874/1131/3543 864/1119/3544 872/1132/3545
f 864/1119/3546 826/1084/3547 872/1132/3548
f 872/1132/3549 875/1133/3550 874/1131/3551
f 860/1120/3552 864/1119/3553 866/1122/3554
f 878/1134/3555 879/1135/3556 871/1128/3557
f 880/1136/3558 881/1137/3559 869/1127/3560
f 882/1138/3561 878/1134/3562 871/1128/3563
f 880/1136/3564 871/1128/3565 883/1139/3566
f 879/1135/3567 877/1140/3568 871/1128/3569
f 871/1128/3570 877/1140/3571 883/1139/3572
f 869/1127/3573 871/1128/3574 880/1136/3575
f 884/1141/3576 881/1137/3577 885/1142/3578
f 885/1142/3579 837/1096/3580 884/1141/3581
f 822/1113/3582 886/1143/3583 827/1085/3584
f 855/1115/3585 821/1106/3586 822/1113/3587
f 887/1144/3588 888/1145/3589 853/1112/3590
f 887/1144/3591 853/1112/3592 854/1114/3593
f 889/1146/3594 854/1114/3595 852/1111/3596
f 890/1147/3597 851/1110/3598 857/1148/3599
f 852/1111/3600 851/1110/3601 850/1109/3602
f 893/1149/3603 855/1115/3505 894/1150/3604
f 848/1107/3605 859/1118/3606 847/1105/3607
f 821/1106/3608 847/1105/3609 822/1113/3610
f 822/1113/3611 847/1105/3612 886/1143/3613
f 851/1110/3614 890/1147/3615 849/1108/3616
f 857/1148/3617 851/1110/3618 853/1112/3619
f 889/1146/3620 852/1111/3621 896/1151/3622
f 890/1147/3623 891/1152/3624 849/1108/3625
f 896/1151/3626 852/1111/3627 850/1109/3628
f 897/1153/3629 876/1154/3630 898/1155/3631
f 888/1145/3632 857/1148/3633 853/1112/3634
f 891/1152/3635 895/1156/3636 849/1108/3637
f 827/1085/3638 901/1157/3639 900/1158/3640
f 902/1159/3641 896/1151/3642 850/1109/3643
f 837/1096/3644 834/1093/3645 884/1141/3646
f 902/1159/3647 833/1092/3648 838/1097/3649
f 844/1102/3650 903/1160/3651 904/1161/3652
f 905/1162/3653 894/1150/3604 855/1115/3654
f 894/1150/3655 906/1163/3656 893/1149/3603
f 907/1164/3657 908/1165/3658 909/1166/3659
f 911/1167/3660 906/1163/3661 894/1150/3604
f 830/1090/3662 860/1120/3663 861/1168/3664
f 911/1167/3665 907/1164/3666 912/1169/3667
f 907/1164/3668 905/1162/3669 828/1087/3670
f 913/1170/3671 876/1154/3672 914/1171/3673
f 835/1094/3674 834/1093/3675 836/1095/3676
f 850/1109/3677 849/1108/3678 833/1092/3679
f 850/1109/3680 833/1092/3681 902/1159/3682
f 834/1093/3683 833/1092/3684 915/1172/3685
f 907/1164/3686 911/1167/3687 905/1162/3688
f 913/1170/3689 898/1155/3690 876/1154/3691
f 876/1154/3692 873/1129/3693 910/1173/3694
f 861/1168/3695 908/1165/3696 907/1164/3697
f 907/1164/3698 830/1090/3699 861/1168/3700
f 860/1120/3701 830/1090/3702 824/1082/3703
f 824/1082/3704 826/1084/3705 864/1119/3706
f 916/1174/3707 903/1160/3708 917/1175/3709
f 903/1160/3710 916/1174/3711 918/1176/3712
f 916/1174/3713 917/1175/3714 919/1177/3715
f 895/1156/3716 891/1152/3717 892/1178/3718
f 921/1179/3719 922/1180/3720 923/1181/3721
f 922/1180/3722 909/1166/3723 924/1182/3724
f 916/1174/3725 925/1183/3726 918/1176/3727
f 922/1180/3720 924/1182/3728 926/1184/3729
f 922/1180/3720 926/1184/3729 923/1181/3721
f 831/1088/3730 872/1132/3731 826/1084/3732
f 927/1185/3733 829/1089/3734 900/1158/3735
f 829/1089/3736 928/1186/3737 832/1091/3738
f 829/1089/3739 929/1187/3740 928/1186/3741
f 930/1188/3742 829/1089/3743 927/1185/3744
f 931/1189/3745 932/1190/3746 933/1191/3747
f 928/1186/3748 934/1192/3749 832/1091/3750
f 930/1188/3751 929/1187/3752 829/1089/3753
f 928/1186/3754 929/1187/3755 934/1192/3756
f 900/1158/3757 901/1157/3758 927/1185/3759
f 931/1189/3760 872/1132/3761 832/1091/3762
f 933/1191/3763 872/1132/3764 931/1189/3765
f 832/1091/3766 935/1193/3767 931/1189/3768
f 935/1193/3769 832/1091/3770 934/1192/3771
f 931/1189/3745 935/1193/3772 932/1190/3773
f 905/1162/3653 911/1167/3660 894/1150/3604
f 856/1116/3506 855/1115/3505 893/1149/3603
f 912/1169/3774 907/1164/3775 909/1166/3776
f 855/1115/3777 828/1087/3778 905/1162/3779
f 907/1164/3780 828/1087/3781 830/1090/3782
f 936/1194/3783 842/1100/3784 846/1195/3785
f 936/1194/3786 903/1160/3787 844/1102/3788
f 842/1100/3789 936/1194/3790 844/1102/3791
f 833/1092/3792 849/1108/3793 895/1156/3794
f 892/1178/3795 891/1152/3796 939/1196/3797
f 940/1197/3798 939/1196/3799 937/1198/3800
f 839/1103/3801 940/1197/3802 845/1104/3803
f 940/1197/3804 941/1199/3805 845/1104/3806
f 942/1200/3807 943/1201/3808 944/1202/3809
f 899/1203/3810 940/1197/3811 839/1103/3812
f 944/1202/3813 939/1196/3814 890/1147/3815
f 938/1204/3816 937/1198/3817 944/1202/3818
f 944/1202/3819 943/1201/3820 938/1204/3821
f 947/1205/3822 940/1197/3823 937/1198/3824
f 946/1206/3825 942/1200/3826 948/1207/3827
f 944/1202/3828 890/1147/3829 942/1200/3830
f 890/1147/3831 857/1148/3832 948/1207/3833
f 948/1207/3834 942/1200/3835 890/1147/3836
f 946/1206/3837 948/1207/3838 945/1208/3839
f 899/1203/3840 839/1103/3841 949/1209/3842
f 937/1198/3843 939/1196/3844 944/1202/3845
f 939/1196/3846 899/1203/3847 892/1178/3848
f 890/1147/3849 939/1196/3850 891/1152/3851
f 940/1197/3852 947/1205/3853 941/1199/3854
f 945/1208/3855 888/1145/3856 950/1210/3857
f 939/1196/3858 940/1197/3859 899/1203/3860
f 948/1207/3861 857/1148/3862 888/1145/3863
f 888/1145/3864 945/1208/3865 948/1207/3866
f 832/1091/3867 872/1132/3868 831/1088/3869
f 895/1156/3870 953/1211/3871 833/1092/3872
f 954/1212/3873 955/1213/3874 956/1214/3875
f 957/1215/3876 958/1216/3877 915/1172/3878
f 834/1093/3879 915/1172/3880 958/1216/3881
f 953/1211/3882 957/1215/3883 915/1172/3884
f 960/1217/3885 958/1216/3886 954/1212/3887
f 957/1215/3888 953/1211/3889 959/1218/3890
f 955/1213/3891 957/1215/3892 959/1218/3893
f 915/1172/3894 833/1092/3895 953/1211/3896
f 884/1141/3897 834/1093/3898 958/1216/3899
f 959/1218/3900 953/1211/3901 892/1178/3902
f 955/1213/3903 954/1212/3904 958/1216/3905
f 958/1216/3906 957/1215/3907 955/1213/3908
f 892/1178/3909 953/1211/3910 895/1156/3911
f 3310/1219/3912 3162/1220/3913 3216/1221/3914
f 3157/1222/3915 3159/1223/3916 3177/1224/3917
f 3171/1225/3918 3279/1226/3919 3167/1227/3920
f 3294/1228/3921 3326/1229/3922 3187/1230/3923
f 3326/1229/3924 3284/1231/3925 3295/1232/3926
f 3168/1233/3927 3174/1234/3928 3331/1235/3929
f 3180/1236/3930 3286/1237/3931 3182/1238/3932
f 3323/1239/3933 3161/1240/3934 3164/1241/3935
f 3168/1233/3936 3325/1242/3937 3333/1243/3938
f 3168/1233/3939 3333/1243/3940 3174/1234/3941
f 3323/1239/3942 3301/1244/3943 3327/1245/3944
f 3292/1246/3945 3325/1242/3946 3181/1247/3947
f 3178/1248/3948 3279/1226/3949 3160/1249/3950
f 3175/1250/3951 3166/1251/3952 3332/1252/3953
f 3167/1227/3954 3166/1251/3955 3171/1225/3956
f 3249/1253/3957 3321/1254/3958 3323/1239/3959
f 3172/1255/3960 3166/1251/3961 3175/1250/3962
f 3166/1251/3963 3168/1233/3964 3331/1235/3965
f 3167/1227/3966 3279/1226/3967 3178/1248/3968
f 3311/1256/3969 3215/1257/3970 3158/1258/3971
f 3327/1245/3972 3170/1259/3973 3169/1260/3974
f 3311/1256/3975 3268/1261/3976 3213/1262/3977
f 3301/1244/3978 3186/1263/3979 3327/1245/3980
f 3213/1262/3981 3215/1257/3982 3311/1256/3983
f 3332/1252/3984 3166/1251/3985 3331/1235/3986
f 3158/1258/3987 3310/1219/3988 3311/1256/3989
f 3215/1257/3990 3312/1264/3991 3158/1258/3992
f 3259/1265/3993 3298/1266/3994 3223/1267/3995
f 3163/1268/3996 3162/1220/3997 3161/1240/3998
f 3157/1222/3999 3177/1224/4000 3164/1241/4001
f 3157/1222/4002 3310/1219/4003 3158/1258/4004
f 3162/1220/4005 3157/1222/4006 3161/1240/4007
f 3157/1222/4008 3162/1220/4009 3310/1219/4010
f 3286/1237/4011 3184/1269/4012 3182/1238/4013
f 3328/1270/4014 3298/1266/4015 3259/1265/4016
f 3317/1271/4017 3265/1272/4018 3330/1273/4019
f 3330/1273/4020 3265/1272/4021 3175/1250/4022
f 3328/1270/4023 3218/1274/4024 3329/1275/4025
f 3282/1276/4026 3264/1277/4027 3284/1231/4028
f 3218/1274/4029 3328/1270/4030 3189/1278/4031
f 3169/1260/4032 3170/1259/4033 3163/1268/4034
f 3180/1236/4035 3178/1248/4036 3179/1279/4037
f 3264/1277/4038 3295/1232/4039 3284/1231/4040
f 3298/1266/4041 3328/1270/4042 3326/1229/4043
f 3328/1270/4044 3329/1275/4045 3187/1230/4046
f 3282/1276/4047 3285/1280/4048 3264/1277/4049
f 3264/1277/4050 3285/1280/4051 3263/1281/4052
f 3260/1282/4053 3189/1278/4054 3328/1270/4055
f 3183/1283/4056 3180/1236/4057 3182/1238/4058
f 3327/1245/4059 3186/1263/4060 3170/1259/4061
f 3160/1249/4062 3179/1279/4063 3178/1248/4064
f 3187/1230/4065 3326/1229/4066 3328/1270/4067
f 3260/1282/4068 3328/1270/4069 3259/1265/4070
f 3323/1239/4071 3164/1241/4072 3249/1253/4073
f 3296/1284/4074 3256/1285/4075 3255/1286/4076
f 3326/1229/4077 3296/1284/4078 3284/1231/4079
f 3296/1284/4080 3255/1286/4081 3283/1287/4082
f 3323/1239/4083 3322/1288/4084 3302/1289/4085
f 3296/1284/4086 3326/1229/4087 3294/1228/4088
f 3266/1290/4089 3207/1291/4090 3194/1292/4091
f 3169/1260/4092 3323/1239/4093 3327/1245/4094
f 3323/1239/4095 3302/1289/4096 3301/1244/4097
f 3161/1240/4098 3169/1260/4099 3163/1268/4100
f 3296/1284/4101 3283/1287/4102 3284/1231/4103
f 3201/1293/4104 3281/1294/4105 3280/1295/4106
f 3254/1296/4107 3242/1297/4108 3274/1298/4109
f 3320/1299/4110 3244/1300/4111 3269/1301/4112
f 3320/1299/4113 3242/1297/4114 3244/1300/4115
f 3298/1266/4116 3326/1229/4117 3295/1232/4118
f 3161/1240/4119 3323/1239/4120 3169/1260/4121
f 3194/1292/4122 3201/1293/4123 3280/1295/4124
f 3181/1247/4125 3325/1242/4126 3168/1233/4127
f 3194/1292/4128 3207/1291/4129 3201/1293/4130
f 3324/1302/4131 3274/1298/4132 3242/1297/4133
f 3208/1303/4134 3281/1294/4135 3201/1293/4136
f 3324/1302/4137 3242/1297/4138 3320/1299/4139
f 3200/1304/4140 3208/1303/4141 3201/1293/4142
f 3228/1305/4143 3201/1293/4144 3207/1291/4145
f 3229/1306/4146 3201/1293/4147 3228/1305/4148
f 3321/1254/4149 3322/1288/4150 3323/1239/4151
f 3266/1290/4152 3194/1292/4153 3195/1307/4154
f 3165/1308/4155 3249/1253/4156 3164/1241/4157
f 3170/1259/4158 3173/1309/4159 3172/1255/4160
f 3216/1221/4161 3243/1310/4162 3310/1219/4163
f 3256/1285/4164 3268/1261/4165 3309/1311/4166
f 3309/1311/4167 3268/1261/4168 3311/1256/4169
f 3269/1301/4170 3318/1312/4171 3319/1313/4172
f 3317/1271/4173 3269/1301/4174 3265/1272/4175
f 3175/1250/4176 3265/1272/4177 3253/1314/4178
f 3269/1301/4179 3319/1313/4180 3320/1299/4181
f 3317/1271/4182 3318/1312/4183 3269/1301/4184
f 3172/1255/4185 3175/1250/4186 3253/1314/4187
f 3255/1286/4188 3254/1296/4189 3220/1315/4190
f 3171/1225/4191 3166/1251/4192 3173/1309/4193
f 3171/1225/4194 3186/1263/4195 3185/1316/4196
f 3163/1268/4197 3170/1259/4198 3172/1255/4199
f 3186/1263/4200 3171/1225/4201 3173/1309/4202
f 3171/1225/4203 3185/1316/4204 3196/1317/4205
f 3314/1318/4206 3316/1319/4207 3215/1257/4208
f 3214/1320/4209 3315/1321/4210 3215/1257/4211
f 3173/1309/4212 3170/1259/4213 3186/1263/4214
f 3256/1285/4215 3309/1311/4216 3242/1297/4217
f 3171/1225/4218 3196/1317/4219 3279/1226/4220
f 3316/1319/4221 3313/1322/4222 3215/1257/4223
f 3314/1318/4224 3215/1257/4225 3315/1321/4226
f 3312/1264/4227 3215/1257/4228 3313/1322/4229
f 3294/1228/4230 3187/1230/4231 3297/1323/4232
f 3298/1266/4233 3295/1232/4234 3223/1267/4235
f 3198/1324/4236 3205/1325/4237 3273/1326/4238
f 3264/1277/4239 3223/1267/4240 3295/1232/4241
f 3209/1327/4242 3205/1325/4243 3199/1328/4244
f 3251/1329/4245 3259/1265/4246 3223/1267/4247
f 3207/1291/4248 3266/1290/4249 3300/1330/4250
f 3309/1311/4251 3311/1256/4252 3310/1219/4253
f 3270/1331/4254 3260/1282/4255 3236/1332/4256
f 3273/1326/4257 3197/1333/4258 3198/1324/4259
f 3226/1334/4260 3270/1331/4261 3261/1335/4262
f 3270/1331/4263 3189/1278/4264 3260/1282/4265
f 3306/1336/4266 3248/1337/4267 3247/1338/4268
f 3270/1331/4269 3226/1334/4270 3189/1278/4271
f 3233/1339/4272 3231/1340/4273 3230/1341/4274
f 3263/1281/4275 3251/1329/4276 3223/1267/4277
f 3291/1342/4278 3182/1238/4279 3219/1343/4280
f 3191/1344/4281 3308/1345/4282 3217/1346/4283
f 3239/1347/4284 3232/1348/4285 3231/1340/4286
f 3309/1311/4287 3243/1310/4288 3242/1297/4289
f 3219/1343/4290 3182/1238/4291 3184/1269/4292
f 3309/1311/4293 3310/1219/4294 3243/1310/4295
f 3251/1329/4296 3262/1349/4297 3236/1332/4256
f 3241/1350/4298 3248/1337/4299 3226/1334/4300
f 3238/1351/4301 3270/1331/4254 3236/1332/4256
f 3217/1346/4302 3308/1345/4303 3307/1352/4304
f 3248/1337/4267 3241/1350/4305 3246/1353/4306
f 3257/1354/4307 3248/1337/4267 3306/1336/4266
f 3219/1343/4308 3230/1341/4309 3291/1342/4310
f 3296/1284/4311 3294/1228/4312 3256/1285/4313
f 3192/1355/4314 3239/1347/4315 3231/1340/4316
f 3304/1356/4317 3266/1290/4318 3267/1357/4319
f 3301/1244/4320 3302/1289/4321 3305/1358/4322
f 3267/1357/4323 3185/1316/4324 3301/1244/4325
f 3301/1244/4326 3305/1358/4327 3303/1359/4328
f 3304/1356/4329 3300/1330/4330 3266/1290/4331
f 3301/1244/4332 3185/1316/4333 3186/1263/4334
f 3303/1359/4335 3267/1357/4336 3301/1244/4337
f 3303/1359/4338 3304/1356/4339 3267/1357/4340
f 3263/1281/4341 3252/1360/4342 3251/1329/4343
f 3300/1330/4344 3299/1361/4345 3207/1291/4346
f 3299/1361/4347 3228/1305/4348 3207/1291/4349
f 3294/1228/4350 3268/1261/4351 3256/1285/4352
f 3262/1349/4297 3251/1329/4296 3250/1362/4353
f 3236/1332/4354 3260/1282/4355 3259/1265/4356
f 3258/1363/4357 3226/1334/4358 3248/1337/4359
f 3259/1265/4360 3251/1329/4361 3236/1332/4362
f 3297/1323/4363 3213/1262/4364 3294/1228/4365
f 3268/1261/4366 3294/1228/4367 3213/1262/4368
f 3204/1364/4369 3234/1365/4370 3208/1303/4371
f 3234/1365/4372 3204/1364/4373 3222/1366/4374
f 3280/1295/4375 3286/1237/4376 3179/1279/4377
f 3197/1333/4378 3222/1366/4379 3204/1364/4380
f 3234/1365/4381 3222/1366/4382 3231/1340/4383
f 3293/1367/4384 3182/1238/4385 3290/1368/4386
f 3182/1238/4387 3293/1367/4388 3183/1283/4389
f 3292/1246/4390 3181/1247/4391 3183/1283/4392
f 3290/1368/4393 3182/1238/4394 3291/1342/4395
f 3242/1297/4396 3254/1296/4397 3256/1285/4398
f 3240/1369/4399 3233/1339/4400 3219/1343/4401
f 3240/1369/4402 3281/1294/4403 3208/1303/4404
f 3254/1296/4405 3275/1370/4406 3278/1371/4407
f 3160/1249/4408 3196/1317/4409 3211/1372/4410
f 3279/1226/4411 3196/1317/4412 3160/1249/4413
f 3240/1369/4414 3280/1295/4415 3281/1294/4416
f 3240/1369/4417 3208/1303/4418 3233/1339/4419
f 3287/1373/4420 3289/1374/4421 3288/1375/4422
f 3276/1376/4423 3287/1373/4420 3288/1375/4424
f 3287/1373/4420 3276/1376/4423 3277/1377/4425
f 3240/1369/4426 3184/1269/4427 3286/1237/4428
f 3240/1369/4429 3286/1237/4430 3280/1295/4431
f 3224/1378/4432 3285/1280/4433 3282/1276/4434
f 3220/1315/4435 3282/1276/4436 3283/1287/4437
f 3284/1231/4438 3283/1287/4439 3282/1276/4440
f 3255/1286/4441 3220/1315/4442 3283/1287/4443
f 3220/1315/4444 3224/1378/4445 3282/1276/4446
f 3280/1295/4447 3179/1279/4448 3211/1372/4449
f 3208/1303/4450 3234/1365/4451 3233/1339/4452
f 3211/1372/4453 3179/1279/4454 3160/1249/4455
f 3189/1278/4456 3226/1334/4457 3190/1379/4458
f 3194/1292/4459 3280/1295/4460 3211/1372/4461
f 3220/1315/4462 3254/1296/4463 3225/1380/4464
f 3269/1301/4465 3244/1300/4466 3265/1272/4467
f 3271/1381/4468 3277/1377/4469 3272/1382/4470
f 3278/1371/4471 3225/1380/4472 3254/1296/4473
f 3271/1381/4474 3197/1333/4475 3273/1326/4476
f 3272/1382/4477 3277/1377/4478 3276/1376/4479
f 3272/1382/4480 3222/1366/4481 3197/1333/4482
f 3222/1366/4483 3272/1382/4484 3192/1355/4485
f 3212/1383/4486 3193/1384/4487 3276/1376/4488
f 3192/1355/4489 3272/1382/4490 3193/1384/4491
f 3272/1382/4492 3197/1333/4493 3271/1381/4494
f 3193/1384/4495 3272/1382/4496 3276/1376/4497
f 3254/1296/4498 3274/1298/4499 3275/1370/4500
f 3163/1268/4501 3172/1255/4502 3253/1314/4503
f 3270/1331/4254 3238/1351/4301 3261/1335/4504
f 3196/1317/4505 3195/1307/4506 3194/1292/4507
f 3185/1316/4508 3267/1357/4509 3195/1307/4510
f 3195/1307/4511 3267/1357/4512 3266/1290/4513
f 3196/1317/4514 3194/1292/4515 3211/1372/4516
f 3185/1316/4517 3195/1307/4518 3196/1317/4519
f 3245/1385/4520 3243/1310/4521 3176/1386/4522
f 3244/1300/4523 3253/1314/4524 3265/1272/4525
f 3263/1281/4526 3223/1267/4527 3264/1277/4528
f 3191/1344/4529 3212/1383/4530 3235/1387/4531
f 3237/1388/4532 3236/1332/4533 3262/1349/4297
f 3245/1385/4534 3253/1314/4535 3244/1300/4536
f 3202/1389/4537 3201/1293/4538 3229/1306/4539
f 3226/1334/4540 3261/1335/4541 3227/1390/4542
f 3231/1340/4543 3222/1366/4544 3192/1355/4545
f 3216/1221/4546 3162/1220/4547 3176/1386/4548
f 3245/1385/4549 3244/1300/4550 3243/1310/4551
f 3176/1386/4552 3243/1310/4553 3216/1221/4554
f 3190/1379/4555 3226/1334/4556 3258/1363/4557
f 3176/1386/4558 3253/1314/4559 3245/1385/4560
f 3257/1354/4307 3258/1363/4561 3248/1337/4267
f 3254/1296/4562 3255/1286/4563 3256/1285/4564
f 3253/1314/4565 3176/1386/4566 3163/1268/4567
f 3250/1362/4353 3251/1329/4296 3252/1360/4568
f 3246/1353/4306 3247/1338/4268 3248/1337/4267
f 3242/1297/4569 3243/1310/4570 3244/1300/4571
f 3227/1390/4572 3241/1350/4573 3226/1334/4574
f 3230/1341/4575 3219/1343/4576 3233/1339/4577
f 3184/1269/4578 3240/1369/4579 3219/1343/4580
f 3239/1347/4581 3192/1355/4582 3217/1346/4583
f 3236/1332/4533 3237/1388/4532 3238/1351/4301
f 3212/1383/4584 3191/1344/4585 3193/1384/4586
f 3233/1339/4587 3234/1365/4588 3231/1340/4589
f 3230/1341/4590 3231/1340/4591 3232/1348/4592
f 3225/1380/4593 3221/1391/4594 3220/1315/4595
f 3224/1378/4596 3220/1315/4597 3221/1391/4598
f 3218/1274/4599 3189/1278/4600 3188/1392/4601
f 3168/1233/4602 3167/1227/4603 3178/1248/4604
f 3213/1262/4605 3214/1320/4606 3215/1257/4607
f 3191/1344/4608 3217/1346/4609 3192/1355/4610
f 3203/1393/4611 3200/1304/4612 3201/1293/4613
f 3210/1394/4614 3200/1304/4615 3206/1395/4616
f 3210/1394/4617 3199/1328/4618 3200/1304/4619
f 3209/1327/4620 3199/1328/4621 3210/1394/4622
f 3208/1303/4623 3200/1304/4624 3199/1328/4625
f 3208/1303/4626 3199/1328/4627 3204/1364/4628
f 3200/1304/4629 3203/1393/4630 3206/1395/4631
f 3204/1364/4632 3199/1328/4633 3197/1333/4634
f 3198/1324/4635 3199/1328/4636 3205/1325/4637
f 3201/1293/4638 3202/1389/4639 3203/1393/4640
f 3198/1324/4641 3197/1333/4642 3199/1328/4643
f 3191/1344/4644 3192/1355/4645 3193/1384/4646
f 3188/1392/4647 3189/1278/4648 3190/1379/4649
f 3178/1248/4650 3181/1247/4651 3168/1233/4652
f 3183/1283/4653 3181/1247/4654 3180/1236/4655
f 3180/1236/4656 3181/1247/4657 3178/1248/4658
f 3179/1279/4659 3286/1237/4660 3180/1236/4661
f 3164/1241/4662 3177/1224/4663 3165/1308/4664
f 3176/1386/4665 3162/1220/4666 3163/1268/4667
f 3166/1251/4668 3172/1255/4669 3173/1309/4670
f 3166/1251/4671 3167/1227/4672 3168/1233/4673
f 3157/1222/4674 3164/1241/4675 3161/1240/4676
f 3157/1222/4677 3158/1258/4678 3159/1223/4679
f 843/1101/4680 844/1102/4681 961/1396/4682
f 961/1396/4683 844/1102/4684 904/1161/4685
f 903/1160/4686 918/1176/4687 904/1161/4688
f 962/1397/4689 961/1396/4690 904/1161/4691
f 963/1398/4692 964/1399/4693 965/1400/4694
f 962/1397/4695 949/1209/4696 961/1396/4697
f 904/1161/4698 918/1176/4699 920/1401/4700
f 967/1402/4701 918/1176/4702 925/1183/4703
f 920/1401/4704 918/1176/4705 968/1403/4706
f 949/1209/4707 962/1397/4708 963/1398/4709
f 839/1103/4710 843/1101/4711 949/1209/4712
f 967/1402/4713 964/1399/4714 968/1403/4715
f 964/1399/4716 967/1402/4717 965/1400/4718
f 962/1397/4719 968/1403/4720 964/1399/4721
f 968/1403/4722 918/1176/4723 967/1402/4724
f 899/1203/4725 963/1398/4726 892/1178/4727
f 949/1209/4728 843/1101/4729 961/1396/4730
f 962/1397/4731 964/1399/4732 963/1398/4733
f 920/1401/4734 968/1403/4715 962/1397/4719
f 967/1402/4735 966/1404/4736 965/1400/4737
f 963/1398/4738 899/1203/4739 949/1209/4740
f 956/1214/4741 955/1213/4742 966/1404/4743
f 965/1400/4744 966/1404/4745 955/1213/4746
f 892/1178/4747 963/1398/4748 959/1218/4749
f 965/1400/4750 955/1213/4751 959/1218/4752
f 920/1401/4753 962/1397/4754 904/1161/4755
f 965/1400/4756 959/1218/4757 963/1398/4758
f 882/1138/4759 969/1405/4760 970/1406/4761
f 969/1405/4762 882/1138/4763 973/1407/4764
f 3153/1408/4765 3152/543/4766 3147/817/4767
f 3134/1409/4768 3155/816/4769 3156/551/4770
f 863/1124/4771 870/1130/4772 871/1128/4773
f 3147/817/4774 3152/543/4775 3129/545/4776
f 972/1410/4777 969/1405/4778 971/1411/4779
f 974/1412/4780 970/1406/4781 972/1410/4782
f 871/1128/4783 870/1130/4784 973/1407/4785
f 972/1410/4786 975/1413/4787 974/1412/4788
f 977/1414/4789 969/1405/4790 973/1407/4791
f 3134/1409/4792 3139/550/4793 3140/820/4794
f 3134/1409/4795 3147/817/4796 3155/816/4797
f 3156/551/4798 3139/550/4799 3134/1409/4800
f 978/1415/4801 951/1416/4802 976/1417/4803
f 979/1418/4804 951/1416/4805 978/1415/4806
f 952/1419/4807 951/1416/4808 979/1418/4809
f 969/1405/4810 972/1410/4811 970/1406/4812
f 977/1414/4789 980/1420/4813 969/1405/4790
f 882/1138/4814 871/1128/4815 973/1407/4816
f 978/1415/4817 976/1417/4818 972/1410/4819
f 3135/539/4820 3134/1409/4821 3140/820/4822
f 975/1413/4823 972/1410/4824 976/1417/4825
f 980/1420/4813 971/1411/4826 969/1405/4790
f 830/1090/4827 823/1086/4828 825/1083/4829
f 828/1087/4830 823/1086/4831 830/1090/4832
f 952/1419/4833 979/1418/4834 981/1421/4835
f 831/1088/4836 826/1084/4837 825/1083/4838
f 823/1086/4839 827/1085/4840 900/1158/4841
f 900/1158/4842 829/1089/4843 823/1086/4844
f 984/1422/4845 910/1173/4846 982/1423/4847
f 982/1423/4848 868/1126/4849 983/1424/4850
f 983/1424/4851 868/1126/4852 867/1123/4853
f 985/1425/4854 984/1422/4855 986/1426/4856
f 982/1423/4857 983/1424/4858 984/1422/4859
f 867/1123/4860 864/1119/4861 874/1131/4862
f 874/1131/4863 986/1426/4864 983/1424/4865
f 986/1426/4866 984/1422/4867 983/1424/4868
f 874/1131/4869 983/1424/4870 867/1123/4871
f 875/1133/4872 872/1132/4873 933/1191/4874
f 987/1427/4875 988/1428/4876 956/1214/4877
f 960/1217/4878 865/1121/4879 869/1127/4880
f 881/1137/4881 884/1141/4882 869/1127/4883
f 960/1217/4884 954/1212/4885 956/1214/4886
f 908/1165/4887 987/1427/4888 909/1166/4889
f 908/1165/4890 861/1168/4891 988/1428/4892
f 871/1128/4893 869/1127/4894 862/1125/4895
f 987/1427/4896 989/1429/4897 924/1182/3728
f 860/1120/4898 865/1121/4899 861/1168/4900
f 988/1428/4901 861/1168/4902 865/1121/4903
f 909/1166/4904 987/1427/4905 924/1182/4906
f 960/1217/4907 956/1214/4908 988/1428/4909
f 884/1141/4910 960/1217/4911 869/1127/4912
f 958/1216/4913 960/1217/4914 884/1141/4915
f 865/1121/4916 960/1217/4917 988/1428/4918
f 987/1427/4919 908/1165/4920 988/1428/4921
f 987/1427/4922 956/1214/4923 989/1429/4924
f 982/1423/4925 873/1129/4926 868/1126/4927
f 910/1173/4928 873/1129/4929 982/1423/4930
f 873/1129/4931 863/1124/4932 868/1126/4933
f 914/1171/4934 876/1154/4935 910/1173/4936
f 984/1422/4937 990/1430/4938 910/1173/4939
f 989/1429/4940 956/1214/4941 966/1404/4942
f 992/1431/4943 993/663/4944 991/662/4945
f 994/1432/4946 992/1431/4947 991/662/4948
f 518/1078/4949 496/672/4950 521/1433/4951
f 997/1434/4952 1000/1435/4953 996/1436/4954
f 998/1437/4955 999/1438/4956 1000/1435/4957
f 995/1439/4958 996/1436/4959 1000/1435/4960
f 1001/1440/4961 1002/1441/4962 1003/1442/4963
f 999/1438/4964 1004/1443/4965 1005/1444/4966
f 1000/1435/4967 997/1434/4968 1006/1445/4969
f 996/1436/4970 995/1439/4971 1007/1446/4972
f 1008/1447/4973 996/1436/4974 1009/1448/4975
f 1010/1449/4976 1009/1448/4977 996/1436/4978
f 1012/1450/4979 1013/1451/4980 1014/1452/4981
f 1015/1453/4982 1016/1454/4983 1017/1455/4984
f 1015/1453/4985 1018/1456/4986 1016/1454/4987
f 1019/1457/4988 1013/1451/4989 1012/1450/4990
f 1021/1458/4991 1006/1445/4992 997/1434/4993
f 1022/1459/4994 1006/1445/4995 1023/1460/4996
f 1020/1461/4997 1024/1462/4998 1018/1456/4999
f 1020/1461/5000 1018/1456/5001 1015/1453/5002
f 1025/1463/5003 1016/1454/5004 1018/1456/5005
f 1021/1458/5006 1026/1464/5007 1006/1445/4995
f 1017/1455/5008 1027/1465/5009 1015/1453/5010
f 1029/1466/5011 1030/1467/5012 1031/1468/5013
f 998/1437/5014 1000/1435/5015 1006/1445/5016
f 1032/1469/5017 1033/1470/5018 1034/1471/5019
f 1038/1472/5020 1039/1473/5021 1031/1468/5022
f 1032/1469/5023 1035/1474/5024 1033/1470/5025
f 1013/1451/5026 1032/1469/5027 1034/1471/5028
f 1032/1469/5029 1013/1451/5030 1019/1457/5031
f 1041/1475/5032 1042/1476/5033 1043/1477/5034
f 1032/1469/5035 1044/1478/5036 1040/1479/5037
f 1032/1469/5038 1040/1479/5039 1035/1474/5040
f 1047/1480/5041 1035/1474/5042 1040/1479/5043
f 1035/1474/5044 1011/1481/5045 1033/1470/5046
f 1048/1482/5047 1035/1474/5048 1047/1480/5049
f 1041/1475/5050 1049/1483/5051 1050/1484/5052
f 1023/1460/4996 1006/1445/4995 1026/1464/5053
f 1051/1485/5054 1021/1458/5055 997/1434/5056
f 1052/1486/5057 1014/1452/5058 1054/1487/5059
f 3152/543/5060 3153/1408/5061 3154/1488/5062
f 3152/543/5063 3154/1488/5064 3151/541/5065
f 1055/1489/5066 1017/1455/4984 1056/1490/5067
f 1020/1461/5068 1015/1453/5069 1052/1486/5070
f 1012/1450/5071 1052/1486/5072 1027/1465/5073
f 1052/1486/5074 1046/1491/5075 1020/1461/5076
f 1012/1450/5077 1014/1452/5078 1052/1486/5079
f 1015/1453/5080 1027/1465/5081 1052/1486/5082
f 1057/1492/5083 1041/1475/5084 1053/1493/5085
f 1055/1489/5086 1027/1465/5087 1017/1455/5088
f 1000/1435/5089 999/1438/5090 995/1439/5091
f 1041/1475/5092 1002/1441/5093 1042/1476/5094
f 1059/1494/5095 995/1439/5096 1060/1495/5097
f 1059/1494/5098 1037/1496/5099 1007/1446/5100
f 1005/1444/5101 1060/1495/5102 995/1439/5103
f 1059/1494/5104 1007/1446/5105 995/1439/5106
f 995/1439/5107 999/1438/5108 1005/1444/5109
f 1003/1442/5110 1050/1484/5111 1046/1491/5112
f 1049/1483/5113 1058/1497/5114 1050/1484/5115
f 1024/1462/5116 1050/1484/5117 1058/1497/5118
f 1041/1475/5119 1057/1492/5120 1049/1483/5121
f 3147/817/5122 3150/1498/5123 3153/1408/5124
f 1061/1499/5125 1062/1500/5126 1016/1454/5127
f 1053/1493/5128 1041/1475/5129 1043/1477/5130
f 3147/817/5131 3149/1501/5132 3150/1498/5133
f 1050/1484/5134 1024/1462/5135 1020/1461/5136
f 1030/1467/5137 1028/1502/5138 1037/1496/5139
f 3146/1503/5140 3149/1501/5141 3147/817/5142
f 1028/1502/5143 1030/1467/5144 1029/1466/5145
f 1003/1442/5146 1046/1491/5147 1045/1504/5148
f 1045/1504/5149 1038/1472/5150 1001/1440/5151
f 3134/1409/5152 3148/1505/5153 3147/817/5154
f 1003/1442/5155 1045/1504/5156 1001/1440/5157
f 3148/1505/5158 3134/1409/5159 3144/1506/5160
f 3134/1409/5161 3132/1507/5162 3144/1506/5163
f 3146/1503/5164 3147/817/5165 3148/1505/5166
f 1003/1442/5167 1002/1441/5168 1041/1475/5169
f 3144/1506/5170 3132/1507/5171 3145/1508/5172
f 3143/1509/5173 3137/1510/5174 3138/1511/5175
f 1050/1484/5176 1020/1461/5177 1046/1491/5178
f 1050/1484/5179 1003/1442/5180 1041/1475/5181
f 3132/1507/5182 3131/1512/5183 3141/1513/5184
f 3138/1511/5185 3131/1512/5186 3142/1514/5187
f 3141/1513/5188 3131/1512/5189 3138/1511/5190
f 3137/1510/5191 3141/1513/5192 3138/1511/5193
f 1010/1449/5194 996/1436/5195 1011/1481/5196
f 1034/1471/5197 1033/1470/5198 1011/1481/5199
f 1016/1454/5200 1062/1500/5126 1017/1455/4984
f 3130/1515/5201 3134/1409/5202 3133/1516/5203
f 1028/1502/5204 1034/1471/5205 1007/1446/5206
f 1028/1502/5207 1029/1466/5208 1036/1517/5209
f 1007/1446/5210 1034/1471/5211 1011/1481/5212
f 1011/1481/5213 996/1436/5214 1007/1446/5215
f 1028/1502/5216 1007/1446/5217 1037/1496/5218
f 1031/1468/5219 1039/1473/5220 1029/1466/5221
f 1034/1471/5222 1028/1502/5223 1036/1517/5224
f 519/1079/5225 520/1081/5226 522/1518/5227
f 1017/1455/4984 1062/1500/5126 1056/1490/5067
f 1008/1447/5228 997/1434/5229 996/1436/5230
f 1064/1519/5231 997/1434/5232 1008/1447/5233
f 1063/1520/5234 1010/1449/5235 1011/1481/5236
f 1048/1482/5237 1063/1520/5238 1035/1474/5239
f 1035/1474/5240 1063/1520/5241 1011/1481/5242
f 1054/1487/5243 1014/1452/5244 1013/1451/5245
f 1013/1451/5246 1036/1517/5247 1054/1487/5248
f 1034/1471/5249 1036/1517/5250 1013/1451/5251
f 1045/1504/5252 1039/1473/5253 1038/1472/5254
f 1036/1517/5255 1029/1466/5256 1054/1487/5257
f 1046/1491/5258 1052/1486/5259 1054/1487/5260
f 1029/1466/5261 1039/1473/5262 1054/1487/5263
f 1039/1473/5264 1046/1491/5265 1054/1487/5266
f 1039/1473/5267 1045/1504/5268 1046/1491/5269
f 1065/1521/5270 1044/1478/5271 1019/1457/5272
f 1019/1457/5273 1044/1478/5274 1032/1469/5275
f 1066/1522/5276 1065/1521/5277 1055/1489/5278
f 1055/1489/5279 1065/1521/5280 1027/1465/5281
f 1066/1522/5282 1044/1478/5283 1065/1521/5284
f 1012/1450/5285 1065/1521/5286 1019/1457/5287
f 1055/1489/5066 1056/1490/5067 1066/1522/5288
f 3132/1507/5289 3134/1409/5290 3130/1515/5291
f 3135/539/5292 3136/538/5293 3134/1409/5294
f 1027/1465/5295 1065/1521/5296 1012/1450/5297
f 1064/1519/5298 1051/1485/5299 997/1434/5300
f 3130/1515/5301 3131/1512/5302 3132/1507/5303
f 1004/1443/5304 999/1438/5305 998/1437/5306
f 1067/1523/5307 1004/1443/5308 998/1437/5309
f 1006/1445/4995 1022/1459/4994 998/1437/5309
f 1004/1443/5308 1067/1523/5307 1068/1524/5310
f 1069/1525/5311 1070/1526/5312 1071/1527/5313
f 1073/1528/5314 1076/1529/5315 1072/1530/5316
f 1072/1530/5317 1076/1529/5318 1075/1531/5319
f 1075/1531/5320 1077/1532/5321 1072/1530/5322
f 1079/1533/5323 1080/1534/5324 1074/1535/5325
f 1081/1536/5326 1082/1537/5327 1079/1533/5328
f 1083/1538/5329 1074/1535/5330 1084/1539/5331
f 1074/1535/5332 1072/1530/5333 1077/1532/5334
f 1085/1540/5335 1077/1532/5336 1086/1541/5337
f 1078/1542/5338 1074/1535/5339 1089/1543/5340
f 1079/1533/5341 1087/1544/5342 1080/1534/5343
f 1094/1545/5344 1095/1546/5345 1090/1547/5346
f 1072/1530/5347 1074/1535/5348 1078/1542/5349
f 1081/1536/5350 1079/1533/5351 1074/1535/5352
f 1074/1535/5353 1083/1538/5354 1081/1536/5355
f 1092/1548/5356 1093/1549/5357 1090/1547/5358
f 1092/1548/5359 1098/1550/5360 1093/1549/5361
f 1092/1548/5362 1090/1547/5363 1091/1551/5364
f 1092/1548/5365 1100/1552/5366 1098/1550/5367
f 1090/1547/5368 1082/1537/5369 1096/1553/5370
f 1094/1545/5371 1090/1547/5372 1093/1549/5373
f 1101/1554/5374 1090/1547/5375 1099/1555/5376
f 1095/1546/5377 1099/1555/5378 1090/1547/5379
f 1091/1551/5380 1090/1547/5381 1096/1553/5382
f 1102/1556/5383 1091/1551/5384 1096/1553/5385
f 1103/1557/5386 1104/1558/5387 1105/1559/5388
f 1106/1560/5389 1076/1529/5390 1073/1528/5391
f 1074/1535/5392 1080/1534/5393 1089/1543/5394
f 1078/1542/5395 1073/1528/5396 1072/1530/5397
f 1107/1561/5398 1108/1562/5399 1085/1540/5400
f 1074/1535/5401 1108/1562/5402 1084/1539/5403
f 1109/1563/5404 1088/1564/5405 1110/1565/5406
f 1110/1565/5407 1088/1564/5408 1087/1544/5409
f 1085/1540/5410 1086/1541/5411 1097/1566/5412
f 1089/1543/5413 1080/1534/5414 1111/1567/5415
f 1073/1528/5416 1078/1542/5417 1089/1543/5418
f 1087/1544/5419 1079/1533/5420 1110/1565/5421
f 1077/1532/5422 1085/1540/5423 1108/1562/5424
f 1112/1568/5425 1113/1569/5426 1069/1525/5427
f 1114/1570/5428 1069/1525/5311 1071/1527/5313
f 1112/1568/5429 1069/1525/5311 1114/1570/5430
f 1113/1569/5431 1112/1568/5432 1116/1571/5433
f 1116/1571/5434 1117/1572/5435 1115/1573/5436
f 1105/1559/5437 1115/1573/5438 1117/1572/5439
f 1112/1568/5440 1117/1572/5441 1116/1571/5442
f 1118/1574/5443 1090/1547/5444 1119/1575/5445
f 1122/1576/5446 1117/1572/5447 1123/1577/5448
f 1103/1557/5449 1119/1575/5450 1121/1578/5451
f 1122/1576/5452 1124/1579/5453 1103/1557/5454
f 1082/1537/5455 1090/1547/5456 1125/1580/5457
f 1114/1570/5458 1117/1572/5459 1112/1568/5460
f 1090/1547/5461 1118/1574/5462 1125/1580/5463
f 1118/1574/5464 1103/1557/5465 1124/1579/5466
f 1082/1537/5467 1125/1580/5468 1079/1533/5469
f 1110/1565/5470 1079/1533/5471 1126/1581/5472
f 1090/1547/5473 1101/1554/5474 1119/1575/5475
f 1103/1557/5476 1117/1572/5477 1122/1576/5478
f 1079/1533/5479 1125/1580/5480 1127/1582/5481
f 1089/1543/5482 1128/1583/5483 1073/1528/5484
f 1077/1532/5485 1108/1562/5486 1074/1535/5487
f 1073/1528/5488 1128/1583/5489 1106/1560/5490
f 1119/1575/5491 1103/1557/5492 1118/1574/5493
f 1120/1584/5494 1129/1585/5495 1103/1557/5496
f 1121/1578/5497 1120/1584/5498 1103/1557/5499
f 1105/1559/5500 1117/1572/5501 1103/1557/5502
f 1123/1577/5503 1117/1572/5504 1114/1570/5505
f 486/647/5506 493/646/5507 488/649/5508
f 487/648/5509 496/672/5510 508/1080/5511
f 523/1586/5512 524/1587/5513 475/1069/5514
f 493/646/5515 505/1070/5516 473/639/5517
f 475/1069/5514 524/1587/5513 510/1064/5518
f 513/1060/5519 473/639/5520 505/1070/5521
f 493/646/5522 496/672/5523 487/648/5524
f 516/1076/5525 508/1080/5526 496/672/5527
f 2420/1588/5528 2445/1589/5529 2446/623/5530
f 2686/378/5531 2688/1590/5532 2687/379/5533
f 2347/1591/5534 2394/1592/5535 2383/1593/5536
f 2361/1594/5537 2418/1595/5538 2362/1596/5539
f 2325/1597/5540 2331/1598/5541 2329/1599/5542
f 2402/612/5543 2382/808/5544 2448/610/5545
f 2330/609/5546 2333/600/5547 2465/607/5548
f 2329/1599/5549 2331/1598/5550 2356/1600/5551
f 2415/618/5552 2324/611/5553 2448/610/5554
f 2403/810/5555 2429/809/5556 2382/808/5557
f 2415/618/5558 2448/610/5559 2404/614/5560
f 2387/726/5561 2448/610/5562 2382/808/5563
f 1132/1601/5564 1134/1602/5565 1131/1603/5566
f 1137/1604/5567 1149/1605/5568 1135/1606/5569
f 1138/1607/5570 1136/1608/5571 1149/1605/5572
f 1139/1609/5573 1149/1605/5574 1136/1608/5575
f 1140/1610/5576 1141/1611/5577 1142/1612/5578
f 1143/1613/5579 1144/1614/5580 1145/1615/5581
f 1146/1616/5582 1137/1604/5583 1135/1606/5584
f 1143/1613/5579 1145/1615/5581 1146/1616/5585
f 1139/1609/5586 1147/1617/5587 1149/1605/5588
f 1139/1609/5589 1141/1611/5590 1140/1610/5591
f 1140/1610/5592 1148/1618/5593 1150/1619/5594
f 1151/1620/5595 1140/1610/5596 1150/1619/5597
f 1139/1609/5598 1152/1621/5599 1147/1617/5600
f 1153/1622/5601 1131/1603/5602 1147/1617/5603
f 1141/1611/5604 1139/1609/5605 1136/1608/5606
f 1161/1623/5607 1131/1603/5608 1155/1624/5609
f 1158/1625/5610 1157/1626/5611 1147/1617/5612
f 1156/1627/5613 1157/1626/5614 1159/1628/5615
f 1147/1617/5616 1131/1603/5617 1149/1605/5618
f 1156/1627/5619 1153/1622/5620 1157/1626/5621
f 1157/1626/5622 1153/1622/5623 1147/1617/5624
f 1143/1613/5625 1135/1606/5626 1162/1629/5627
f 1135/1606/5628 1161/1623/5629 1162/1629/5630
f 1154/1630/5631 1133/1631/5632 1131/1603/5633
f 1154/1630/5634 1163/1632/5635 1164/1633/5636
f 1154/1630/5637 1131/1603/5638 1163/1632/5639
f 1153/1622/5640 1163/1632/5641 1131/1603/5642
f 1161/1623/5643 1165/1634/5644 1160/1635/5645
f 1166/1636/5646 1154/1630/5647 1164/1633/5648
f 1146/1616/5649 1135/1606/5650 1143/1613/5651
f 1161/1623/5652 1135/1606/5653 1131/1603/5654
f 1149/1605/5655 1131/1603/5656 1135/1606/5657
f 1161/1623/5658 1155/1624/5659 1167/1637/5660
f 1131/1603/5661 1130/1638/5662 1132/1601/5663
f 1131/1603/5664 1133/1631/5665 1130/1638/5666
f 1134/1602/5667 1155/1624/5668 1131/1603/5669
f 1139/1609/5670 1140/1610/5671 1152/1621/5672
f 1170/1639/5673 1171/1640/5674 1140/1610/5675
f 1171/1640/5676 1152/1621/5677 1140/1610/5678
f 1172/1641/5679 1168/1642/5680 1151/1620/5681
f 1168/1642/5682 1170/1639/5683 1140/1610/5684
f 1168/1642/5685 1173/1643/5686 1170/1639/5687
f 1168/1642/5688 1140/1610/5689 1151/1620/5690
f 1172/1641/5691 1151/1620/5692 1169/1644/5693
f 1161/1623/5694 1167/1637/5695 1165/1634/5696
f 1181/1645/5697 1179/1646/5698 1182/1647/5699
f 1183/1648/5700 1181/1645/5701 1182/1647/5702
f 1178/1649/5703 1184/1650/5704 1185/1651/5705
f 1188/1652/5706 1189/1653/5707 1187/1654/5708
f 1190/1655/5709 1187/1654/5710 1191/1656/5711
f 1190/1655/5712 1188/1652/5713 1187/1654/5714
f 1187/1654/5715 1186/1657/5716 1192/1658/5717
f 1187/1654/5718 1192/1658/5719 1191/1656/5720
f 1196/1659/5721 1197/1660/5722 1198/1661/5723
f 1199/1662/5724 1200/1663/5725 1193/1664/5726
f 1201/1665/5727 1202/1666/5728 1203/1667/5729
f 1204/1668/5730 1205/1669/5731 1183/1648/5732
f 1201/1665/5727 1197/1660/5722 1206/1670/5733
f 1201/1665/5727 1198/1661/5723 1197/1660/5722
f 1208/1671/5734 1203/1667/5729 1202/1666/5735
f 1206/1670/5733 1202/1666/5728 1201/1665/5727
f 1202/1666/5735 1206/1670/5733 1209/1672/5736
f 1212/1673/5737 1213/1674/5738 1214/1675/5739
f 1215/1676/5740 1184/1650/5741 1216/1677/5742
f 1215/1676/5743 1217/1678/5744 1218/1679/5745
f 1195/1680/5746 1184/1650/5747 1178/1649/5748
f 1222/1681/5749 1223/1682/5750 1224/1683/5751
f 1221/1684/5752 1224/1683/5753 1223/1682/5754
f 1227/1685/5755 1228/1686/5756 1226/1687/5757
f 1225/1688/5758 1226/1687/5759 1228/1686/5760
f 1174/1689/5761 1175/1690/5762 1231/1691/5763
f 1220/1692/5764 1232/1693/5765 1221/1684/5766
f 1221/1684/5767 1232/1693/5768 1233/1694/5769
f 1221/1684/5770 1223/1682/5771 1220/1692/5772
f 1210/1695/5773 1178/1649/5774 1211/1696/5775
f 1181/1645/5776 1183/1648/5777 1236/1697/5778
f 1186/1657/5779 1187/1654/5780 1189/1653/5781
f 1238/1698/5782 1192/1658/5783 1186/1657/5784
f 1241/1699/5785 1199/1662/5786 1242/1700/5787
f 1236/1697/5788 1238/1698/5789 1181/1645/5790
f 1188/1652/5791 1237/1701/5792 1189/1653/5793
f 1199/1662/5794 1241/1699/5795 1243/1702/5796
f 3051/1703/5797 3054/1704/5798 3052/1705/5799
f 3093/1706/5800 3047/1707/5801 3048/1708/5802
f 3126/1709/5803 3110/1710/5804 3102/1711/5805
f 3113/1712/5806 3075/1713/5807 3068/1714/5808
f 3075/1713/5809 3078/1715/5810 3069/1716/5811
f 3105/1717/5812 3089/1718/5813 3092/1719/5814
f 3106/1720/5815 3101/1721/5816 3105/1717/5817
f 3082/1722/5818 3112/1723/5819 3117/1724/5820
f 3056/1725/5821 3075/1713/5822 3113/1712/5823
f 3047/1707/5824 3046/1726/5825 3090/1727/5826
f 3117/1724/5827 3080/1728/5828 3082/1722/5829
f 3055/1729/5830 3094/1730/5831 3054/1704/5832
f 3078/1715/5833 3101/1721/5834 3069/1716/5835
f 3112/1723/5836 3110/1710/5837 3117/1724/5838
f 3089/1718/5839 3101/1721/5840 3079/1731/5841
f 3073/1732/5842 3056/1725/5843 3083/1733/5844
f 3051/1703/5845 3065/1734/5846 3054/1704/5847
f 3102/1711/5848 3090/1727/5849 3085/1735/5850
f 3128/1736/5851 3085/1735/5852 3109/1737/5853
f 3112/1723/5854 3047/1707/5855 3090/1727/5856
f 77/1738/5857 72/1739/5858 74/1740/5859
f 72/1739/5860 78/1741/5861 79/1742/5862
f 107/1743/5863 73/1744/5864 76/1745/5865
f 79/1742/5866 74/1740/5867 72/1739/5868
f 73/1744/5869 75/1746/5870 76/1745/5871
f 107/1743/5872 80/1747/5873 77/1738/5874
f 107/1743/5875 77/1738/5876 74/1740/5877
f 80/1747/5878 81/1748/5879 77/1738/5880
f 87/1749/5881 88/1750/5882 89/1751/5883
f 86/1752/5884 85/1753/5885 90/1754/5886
f 90/1754/5887 87/1749/5888 86/1752/5889
f 90/1754/5890 93/1755/5891 87/1749/5892
f 92/1756/5893 85/1753/5894 86/1752/5895
f 87/1749/5896 91/1757/5897 86/1752/5898
f 87/1749/5899 94/1758/5900 91/1757/5901
f 87/1749/5902 93/1755/5903 88/1750/5904
f 82/1759/5905 83/1760/5906 95/1761/5907
f 83/1760/5908 108/1762/5909 84/1763/5910
f 100/1764/5911 99/1765/5912 101/1766/5913
f 88/1750/5914 102/1767/5915 89/1751/5916
f 83/1760/5917 82/1759/5918 96/1768/5919
f 106/1769/5920 103/1770/5921 104/1771/5922
f 73/1744/5923 89/1751/5924 75/1746/5925
f 108/1762/5926 77/1738/5927 112/1772/5928
f 97/1773/5929 109/1774/5930 75/1746/5931
f 91/1757/5932 94/1758/5933 98/1775/5934
f 108/1762/5935 96/1768/5936 110/1776/5937
f 105/1777/5938 104/1771/5939 111/1778/5940
f 110/1776/5941 113/1779/5942 108/1762/5943
f 96/1768/5944 108/1762/5945 83/1760/5946
f 104/1771/5947 114/1780/5948 111/1778/5949
f 114/1780/5950 103/1770/5951 115/1781/5952
f 107/1743/5953 76/1745/5954 103/1770/5955
f 94/1758/5956 116/1782/5957 117/1783/5958
f 103/1770/5959 114/1780/5960 104/1771/5961
f 115/1781/5962 103/1770/5963 76/1745/5964
f 108/1762/5965 112/1772/5966 84/1763/5967
f 89/1751/5968 73/1744/5969 94/1758/5970
f 119/1784/5971 120/1785/5972 100/1764/5973
f 118/1786/5974 112/1772/5975 121/1787/5976
f 122/1788/5977 77/1738/5978 81/1748/5979
f 89/1751/5980 102/1767/5981 123/1789/5982
f 73/1744/5983 116/1782/5984 94/1758/5985
f 89/1751/5986 97/1773/5987 75/1746/5988
f 86/1752/5989 91/1757/5990 100/1764/5991
f 101/1766/5992 119/1784/5993 100/1764/5994
f 99/1765/5995 100/1764/5996 91/1757/5997
f 86/1752/5998 100/1764/5999 120/1785/6000
f 77/1738/6001 121/1787/6002 112/1772/6003
f 86/1752/6004 120/1785/6005 92/1756/6006
f 119/1784/6007 124/1790/6008 125/1791/6009
f 87/1749/6010 89/1751/6011 94/1758/6012
f 120/1785/6013 119/1784/6007 125/1791/6009
f 99/1765/6014 91/1757/6015 98/1775/6016
f 72/1739/6017 77/1738/6018 108/1762/6019
f 74/1740/6020 73/1744/6021 107/1743/6022
f 126/1792/6023 110/1776/6024 96/1768/6025
f 3071/1793/6026 3072/1794/6027 3119/1795/6028
f 3053/1796/6029 3052/1705/6030 3079/1731/6031
f 3110/1710/6032 3126/1709/6033 3117/1724/6034
f 3085/1735/6035 3090/1727/6036 3109/1737/6037
f 3110/1710/6038 3112/1723/6039 3090/1727/6040
f 3072/1794/6041 3061/1797/6042 3062/1798/6043
f 3060/1799/6044 3071/1793/6045 3115/1800/6046
f 3063/1801/6047 3099/1802/6048 3098/1803/6049
f 3073/1732/6050 3058/1804/6051 3074/1805/6052
f 3074/1805/6053 3051/1703/6054 3053/1796/6055
f 3101/1721/6056 3089/1718/6057 3105/1717/6058
f 3050/1806/6059 3058/1804/6060 3073/1732/6061
f 3049/1807/6062 3061/1797/6063 3050/1806/6064
f 3050/1806/6065 3059/1808/6066 3070/1809/6067
f 3060/1799/6068 3065/1734/6069 3059/1808/6070
f 3074/1805/6071 3053/1796/6072 3078/1715/6073
f 3049/1807/6074 3073/1732/6075 3083/1733/6076
f 3048/1708/6077 3082/1722/6078 3093/1706/6079
f 3099/1802/6080 3096/1810/6081 3124/1811/6082
f 3104/1812/6083 3105/1717/6084 3092/1719/6085
f 3073/1732/6086 3075/1713/6087 3056/1725/6088
f 3116/1813/6089 3081/1814/6090 3080/1728/6091
f 3069/1716/6092 3044/1815/6093 3076/1816/6094
f 3060/1799/6095 3059/1808/6096 3071/1793/6097
f 3056/1725/6098 3113/1712/6099 3062/1798/6100
f 3126/1709/6101 3127/1817/6102 3117/1724/6103
f 3060/1799/6104 3115/1800/6105 3066/1818/6106
f 3121/1819/6107 3084/1820/6108 3093/1706/6109
f 3089/1718/6110 3057/1821/6111 3091/1822/6112
f 3067/1823/6113 3125/1824/6114 3096/1810/6115
f 3086/1825/6116 3102/1711/6117 3085/1735/6118
f 3047/1707/6119 3082/1722/6120 3048/1708/6121
f 3113/1712/6122 3045/1826/6123 3084/1820/6124
f 3093/1706/6125 3081/1814/6126 3121/1819/6127
f 3061/1797/6128 3059/1808/6129 3050/1806/6130
f 3067/1823/6131 3123/1827/6132 3125/1824/6133
f 3111/1828/6134 3062/1798/6135 3114/1829/6136
f 3101/1721/6137 3044/1815/6138 3069/1716/6139
f 3051/1703/6140 3074/1805/6141 3058/1804/6142
f 3112/1723/6143 3082/1722/6144 3047/1707/6145
f 3084/1820/6146 3045/1826/6147 3093/1706/6148
f 3124/1811/6149 3103/1830/6150 3099/1802/6151
f 3068/1714/6152 3045/1826/6153 3113/1712/6154
f 3108/1831/6155 3123/1827/6156 3067/1823/6157
f 3081/1814/6158 3093/1706/6159 3082/1722/6160
f 3121/1819/6161 3122/1832/6162 3084/1820/6163
f 3045/1826/6164 3046/1726/6165 3093/1706/6166
f 3083/1733/6167 3062/1798/6168 3049/1807/6169
f 3094/1730/6170 3087/1833/6171 3054/1704/6172
f 3113/1712/6173 3084/1820/6174 3062/1798/6175
f 3107/1834/6176 3076/1816/6177 3120/1835/6178
f 3118/1836/6179 3120/1835/6180 3076/1816/6181
f 3095/1837/6182 3118/1836/6183 3076/1816/6184
f 3065/1734/6185 3060/1799/6186 3066/1818/6187
f 3075/1713/6188 3069/1716/6189 3068/1714/6190
f 3069/1716/6191 3045/1826/6192 3068/1714/6193
f 3053/1796/6194 3079/1731/6195 3078/1715/6196
f 3099/1802/6197 3063/1801/6198 3067/1823/6199
f 3046/1726/6200 3076/1816/6201 3090/1727/6202
f 3090/1727/6203 3102/1711/6204 3110/1710/6205
f 3066/1818/6206 3115/1800/6207 3108/1831/6208
f 3088/1838/6209 3052/1705/6210 3054/1704/6211
f 3062/1798/6212 3084/1820/6213 3114/1829/6214
f 3075/1713/6215 3074/1805/6216 3078/1715/6217
f 3072/1794/6218 3062/1798/6219 3111/1828/6220
f 3045/1826/6221 3069/1716/6222 3046/1726/6223
f 3109/1737/6224 3090/1727/6225 3077/1839/6226
f 3069/1716/6227 3076/1816/6228 3046/1726/6229
f 3050/1806/6230 3073/1732/6231 3049/1807/6232
f 3066/1818/6233 3108/1831/6234 3067/1823/6235
f 3095/1837/6236 3076/1816/6237 3044/1815/6238
f 3093/1706/6239 3046/1726/6240 3047/1707/6241
f 3058/1804/6242 3050/1806/6243 3070/1809/6244
f 3099/1802/6245 3103/1830/6246 3097/1840/6247
f 3064/1841/6248 3055/1729/6249 3054/1704/6250
f 3099/1802/6251 3067/1823/6252 3096/1810/6253
f 3101/1721/6254 3078/1715/6255 3079/1731/6256
f 3100/1842/6257 3086/1825/6258 3085/1735/6259
f 3097/1840/6260 3098/1803/6261 3099/1802/6262
f 3079/1731/6263 3052/1705/6264 3088/1838/6265
f 3079/1731/6266 3088/1838/6267 3089/1718/6268
f 3077/1839/6269 3090/1727/6270 3076/1816/6271
f 3057/1821/6272 3089/1718/6273 3054/1704/6274
f 3089/1718/6275 3091/1822/6276 3092/1719/6277
f 3088/1838/6278 3054/1704/6279 3089/1718/6280
f 3054/1704/6281 3087/1833/6282 3057/1821/6283
f 3059/1808/6284 3065/1734/6285 3058/1804/6286
f 3056/1725/6287 3062/1798/6288 3083/1733/6289
f 3080/1728/6290 3081/1814/6291 3082/1722/6292
f 3063/1801/6293 3054/1704/6294 3065/1734/6295
f 3059/1808/6296 3061/1797/6297 3071/1793/6298
f 3073/1732/6299 3074/1805/6300 3075/1713/6301
f 3061/1797/6302 3049/1807/6303 3062/1798/6304
f 3071/1793/6305 3061/1797/6306 3072/1794/6307
f 3058/1804/6308 3070/1809/6309 3059/1808/6310
f 3067/1823/6311 3063/1801/6312 3065/1734/6313
f 3065/1734/6314 3066/1818/6315 3067/1823/6316
f 3054/1704/6317 3063/1801/6318 3064/1841/6319
f 3065/1734/6320 3051/1703/6321 3058/1804/6322
f 3051/1703/6323 3052/1705/6324 3053/1796/6325
f 1246/1843/6326 1236/1697/6327 1183/1648/6328
f 1181/1645/6329 1238/1698/6330 1245/1844/6331
f 1207/1845/6332 1230/1846/6333 1247/1847/6334
f 1238/1698/6335 1242/1700/6336 1244/1848/6337
f 1207/1845/6338 1175/1690/6339 1174/1689/6340
f 1236/1697/6341 1242/1700/6342 1238/1698/6343
f 1218/1679/6344 1217/1678/6345 1248/1849/6346
f 1176/1850/6347 1194/1851/6348 1250/1852/6349
f 1174/1689/6350 1230/1846/6351 1207/1845/6352
f 1176/1850/6353 1193/1664/6354 1194/1851/6355
f 1194/1851/6356 1193/1664/6357 1200/1663/6358
f 1254/1853/6359 1255/1854/6360 1256/1855/6361
f 1191/1656/6362 1258/1856/6363 1252/1857/6364
f 1255/1854/6365 1258/1856/6366 1191/1656/6367
f 1176/1850/6368 1177/1858/6369 1256/1855/6370
f 1255/1854/6371 1259/1859/6372 1260/1860/6373
f 1266/1861/6374 1267/1862/6375 1268/1863/6376
f 1231/1691/6377 1175/1690/6378 1188/1652/6379
f 1268/1863/6380 1270/1864/6381 1266/1861/6382
f 1252/1857/6383 1258/1856/6384 1253/1865/6385
f 1216/1677/6386 1270/1864/6387 1268/1863/6388
f 1206/1670/6389 1273/1866/6390 1274/1867/6391
f 1275/1868/6392 1276/1869/6393 1277/1870/6394
f 1235/1871/6395 1269/1872/6396 1278/1873/6397
f 1216/1677/6398 1195/1680/6399 1270/1864/6400
f 1267/1862/6401 1272/1874/6402 1271/1875/6403
f 1267/1862/6404 1269/1872/6405 1268/1863/6406
f 1207/1845/6407 1272/1874/6408 1175/1690/6409
f 1268/1863/6410 1217/1678/6411 1216/1677/6412
f 1215/1676/6413 1216/1677/6414 1217/1678/6415
f 1271/1875/6416 1272/1874/6417 1207/1845/6418
f 1197/1660/6419 1273/1866/6420 1206/1670/6421
f 1269/1872/6422 1267/1862/6423 1278/1873/6424
f 1206/1670/5733 1274/1867/6425 1209/1672/5736
f 1186/1657/6426 1189/1653/6427 1211/1696/6428
f 1205/1669/6429 1239/1876/6430 1240/1877/6431
f 1267/1862/6432 1266/1861/6433 1272/1874/6434
f 1267/1862/6435 1271/1875/6436 1278/1873/6437
f 1235/1871/6438 1280/1878/6439 1281/1879/6440
f 1174/1689/6441 1231/1691/6442 1253/1865/6443
f 1282/1880/6444 1280/1878/6445 1283/1881/6446
f 1221/1684/6447 1233/1694/6448 1277/1870/6449
f 1235/1871/6450 1278/1873/6451 1280/1878/6452
f 1252/1857/6453 1253/1865/6454 1231/1691/6455
f 1280/1878/6456 1278/1873/6457 1262/1882/6458
f 1191/1656/6459 1252/1857/6460 1190/1655/6461
f 1188/1652/6462 1190/1655/6463 1231/1691/6464
f 1264/1883/6465 1271/1875/6466 1207/1845/6467
f 1249/1884/6468 1264/1883/6469 1207/1845/6470
f 1231/1691/6471 1190/1655/6472 1252/1857/6473
f 1248/1849/6474 1217/1678/6475 1268/1863/6476
f 1284/1885/6477 1183/1648/6478 1205/1669/6479
f 1205/1669/6480 1204/1668/6481 1288/1886/6482
f 1289/1887/6483 1192/1658/6484 1256/1855/6485
f 1290/1888/6486 1263/1889/6487 1264/1883/6488
f 1247/1847/6489 1249/1884/6490 1207/1845/6491
f 1263/1889/6492 1283/1881/6493 1262/1882/6494
f 1278/1873/6495 1271/1875/6496 1262/1882/6497
f 1261/1890/6498 1290/1888/6499 1249/1884/6500
f 1280/1878/6501 1262/1882/6502 1283/1881/6503
f 1290/1888/6504 1264/1883/6505 1249/1884/6506
f 1262/1882/6507 1271/1875/6508 1264/1883/6509
f 1263/1889/6510 1262/1882/6511 1264/1883/6512
f 1255/1854/6513 1191/1656/6514 1289/1887/6515
f 1242/1700/6516 1193/1664/6517 1244/1848/6518
f 1239/1876/6519 1291/1891/6520 1240/1877/6521
f 1240/1877/6522 1284/1885/6523 1205/1669/6524
f 1192/1658/6525 1238/1698/6526 1244/1848/6527
f 1219/1892/6528 1189/1653/6529 1237/1701/6530
f 1270/1864/6531 1210/1695/6532 1219/1892/6533
f 1270/1864/6534 1219/1892/6535 1266/1861/6536
f 1219/1892/6537 1237/1701/6538 1266/1861/6539
f 1286/1893/6540 1224/1683/6541 1292/1894/6542
f 1286/1893/6543 1222/1681/6544 1224/1683/6545
f 1195/1680/6546 1210/1695/6547 1270/1864/6548
f 1205/1669/6480 1288/1886/6549 1293/1895/6550
f 1244/1848/6551 1176/1850/6552 1256/1855/6553
f 1176/1850/6554 1244/1848/6555 1193/1664/6556
f 1192/1658/6557 1289/1887/6558 1191/1656/6559
f 1255/1854/6560 1289/1887/6561 1256/1855/6562
f 1244/1848/6563 1256/1855/6564 1192/1658/6565
f 1242/1700/6566 1199/1662/6567 1193/1664/6568
f 1275/1868/6569 1184/1650/6570 1215/1676/6571
f 1243/1702/6572 1251/1896/6573 1199/1662/6574
f 1268/1863/6575 1235/1871/6576 1248/1849/6577
f 1243/1702/6578 1241/1699/6579 1295/1897/6580
f 1243/1702/6581 1295/1897/6580 1296/1898/6582
f 1214/1675/6583 1249/1884/6584 1247/1847/6585
f 1247/1847/6586 1212/1673/6587 1214/1675/6588
f 1214/1675/6589 1261/1890/6590 1249/1884/6591
f 1275/1868/6592 1218/1679/6593 1276/1869/6594
f 1298/1899/6595 1224/1683/6596 1276/1869/6597
f 1299/1900/6598 1224/1683/6599 1298/1899/6600
f 1247/1847/6601 1300/1901/6602 1212/1673/6603
f 1224/1683/6604 1299/1900/6605 1292/1894/6606
f 1238/1698/6607 1211/1696/6608 1245/1844/6609
f 1245/1844/6610 1211/1696/6611 1178/1649/6612
f 1211/1696/6613 1238/1698/6614 1186/1657/6615
f 1237/1701/6616 1272/1874/6617 1266/1861/6618
f 1237/1701/6619 1188/1652/6620 1265/1902/6621
f 1269/1872/6622 1235/1871/6623 1268/1863/6624
f 1284/1885/6625 1246/1843/6626 1183/1648/6627
f 1189/1653/6628 1219/1892/6629 1210/1695/6630
f 1265/1902/6631 1272/1874/6632 1237/1701/6633
f 1302/1903/6634 1275/1868/6635 1301/1904/6636
f 1233/1694/6637 1279/1905/6638 1277/1870/6639
f 1265/1902/6640 1175/1690/6641 1272/1874/6642
f 1301/1904/6643 1275/1868/6644 1277/1870/6645
f 1245/1844/6646 1179/1646/6647 1181/1645/6648
f 1245/1844/6649 1178/1649/6650 1179/1646/6651
f 1218/1679/6652 1298/1899/6653 1276/1869/6654
f 1227/1685/6655 1303/1906/6656 1304/1907/6657
f 1305/1908/6658 1239/1876/6659 1293/1895/6660
f 1275/1868/6661 1215/1676/6662 1218/1679/6663
f 1294/1909/6664 1239/1876/6665 1303/1906/6666
f 1227/1685/6667 1306/1910/6668 1228/1686/6669
f 1305/1908/6670 1304/1907/6671 1239/1876/6672
f 1306/1910/6673 1227/1685/6674 1304/1907/6675
f 1239/1876/6676 1294/1909/6677 1291/1891/6678
f 1303/1906/6679 1227/1685/6680 1294/1909/6681
f 1304/1907/6682 1303/1906/6683 1239/1876/6684
f 1230/1846/6685 1307/1911/6686 1300/1901/6687
f 1175/1690/6688 1265/1902/6689 1188/1652/6690
f 1281/1879/6691 1234/1912/6692 1235/1871/6693
f 1174/1689/6694 1253/1865/6695 1230/1846/6696
f 1195/1680/6697 1216/1677/6698 1184/1650/6699
f 1308/1913/6700 1277/1870/6701 1279/1905/6702
f 1309/1914/6703 1230/1846/6704 1253/1865/6705
f 1247/1847/6706 1230/1846/6707 1300/1901/6708
f 1178/1649/6709 1210/1695/6710 1195/1680/6711
f 1211/1696/6712 1189/1653/6713 1210/1695/6714
f 1294/1909/6715 1227/1685/6716 1226/1687/6717
f 1294/1909/6718 1310/1915/6719 1291/1891/6720
f 1310/1915/6721 1294/1909/6722 1311/1916/6723
f 1226/1687/6724 1273/1866/6725 1294/1909/6726
f 1226/1687/6727 1274/1867/6728 1273/1866/6729
f 1309/1914/6730 1307/1911/6731 1230/1846/6732
f 1276/1869/6733 1221/1684/6734 1277/1870/6735
f 1184/1650/6736 1302/1903/6737 1312/1917/6738
f 1313/1918/6739 1177/1858/6740 1250/1852/6741
f 1184/1650/6736 1312/1917/6738 1185/1651/6742
f 1302/1903/6743 1184/1650/6744 1275/1868/6745
f 1180/1919/6746 1178/1649/6747 1185/1651/6748
f 1180/1919/6749 1179/1646/6750 1178/1649/6751
f 1297/1920/6752 1213/1674/6753 1212/1673/6754
f 1239/1876/6755 1205/1669/6756 1293/1895/6757
f 1309/1914/6758 1258/1856/6759 1257/1921/6760
f 1253/1865/6761 1258/1856/6762 1309/1914/6763
f 1235/1871/6764 1234/1912/6765 1248/1849/6766
f 1285/1922/6767 1218/1679/6768 1248/1849/6769
f 1298/1899/6770 1285/1922/6771 1287/1923/6772
f 1254/1853/6773 1256/1855/6774 1177/1858/6775
f 1287/1923/6776 1299/1900/6777 1298/1899/6778
f 1260/1860/6779 1257/1921/6780 1258/1856/6781
f 1298/1899/6782 1218/1679/6783 1285/1922/6784
f 1277/1870/6785 1308/1913/6786 1301/1904/6787
f 1311/1916/6788 1294/1909/6789 1273/1866/6790
f 1225/1688/6791 1229/1924/6792 1274/1867/6793
f 1202/1666/5735 1209/1672/5736 1208/1671/6794
f 1226/1687/6795 1225/1688/6796 1274/1867/6797
f 1258/1856/6798 1255/1854/6799 1260/1860/6800
f 1197/1660/5722 1196/1659/5721 1311/1916/6801
f 1311/1916/6802 1273/1866/6803 1197/1660/6804
f 1259/1859/6372 1255/1854/6371 1254/1853/6805
f 1276/1869/6806 1224/1683/6807 1221/1684/6808
f 1176/1850/6809 1250/1852/6810 1177/1858/6811
f 1315/1925/6812 1316/1926/6813 1317/1927/6814
f 1318/1928/6815 1319/1929/6816 1320/1930/6817
f 1321/1931/6818 1322/1932/6819 1324/1933/6820
f 1325/1934/6821 1316/1926/6822 1326/1935/6823
f 1321/1931/6824 1324/1933/6825 1327/1936/6826
f 1328/1937/6827 1329/1938/6828 1330/1939/6829
f 1331/1940/6830 1332/1941/6831 1333/1942/6832
f 1334/1943/6833 1335/1944/6834 1332/1941/6835
f 1336/1945/6836 1333/1942/6837 1315/1925/6838
f 1337/1946/6839 1317/1927/6840 1316/1926/6841
f 1319/1929/6842 1340/1947/6843 1339/1948/6844
f 1344/1949/6845 1345/1950/6846 1346/1951/6847
f 1319/1929/6848 1338/1952/6849 1350/1953/6850
f 1340/1947/6851 1319/1929/6852 1350/1953/6853
f 1356/1954/6854 1351/1955/6855 1345/1950/6856
f 1340/1947/6857 1350/1953/6858 1352/1956/6859
f 1360/1957/6860 1361/1958/6861 1362/1959/6862
f 1361/1958/6863 1360/1957/6864 1363/1960/6865
f 1365/1961/6866 1332/1941/6831 1331/1940/6830
f 1366/1962/6867 1367/1963/6868 1368/1964/6869
f 1356/1954/6870 1344/1949/6871 1357/1965/6872
f 1332/1941/6873 1365/1961/6874 1369/1966/6875
f 1376/1967/6876 1360/1957/6877 1362/1959/6878
f 1348/1968/6879 1370/1969/6880 1371/1970/6881
f 1317/1927/6882 1373/1971/6883 1315/1925/6884
f 1377/1972/6885 1370/1969/6886 1378/1973/6887
f 1353/1974/6888 1324/1933/6889 1393/1975/6890
f 1379/1976/6891 1336/1945/6892 1373/1971/6893
f 1380/1977/6894 1373/1971/6883 1317/1927/6882
f 1348/1968/6895 1371/1970/6896 1347/1978/6897
f 1315/1925/6898 1373/1971/6899 1336/1945/6900
f 1382/1979/6901 1358/1980/6902 1383/1981/6903
f 1317/1927/6882 1337/1946/6904 1380/1977/6905
f 1339/1948/6906 1366/1962/6907 1319/1929/6908
f 1357/1965/6909 1385/1982/6910 1386/1983/6911
f 1318/1928/6912 1389/1984/6913 1338/1952/6914
f 1319/1929/6915 1318/1928/6916 1338/1952/6917
f 1391/1985/6918 1389/1984/6919 1318/1928/6920
f 1392/1986/6921 1360/1957/6922 1393/1975/6923
f 1348/1968/6924 1376/1967/6925 1349/1987/6926
f 1333/1942/6927 1336/1945/6928 1394/1988/6929
f 1316/1926/6930 1315/1925/6931 1333/1942/6932
f 1391/1985/6933 1318/1928/6934 1395/1989/6935
f 1398/1990/6936 1399/1991/6937 1390/1992/6938
f 1364/1993/6939 1400/1994/6940 1401/1995/6941
f 1398/1990/6942 1390/1992/6943 1389/1984/6944
f 1395/1989/6945 1318/1928/6946 1320/1930/6947
f 1366/1962/6948 1403/1996/6949 1319/1929/6950
f 1404/1997/6951 1405/1998/6952 1406/1999/6953
f 1403/1996/6954 1320/1930/6955 1319/1929/6956
f 1408/2000/6957 1397/2001/6958 1409/2002/6959
f 1342/2003/6960 1410/2004/6961 1343/2005/6962
f 1355/2006/6963 1375/2007/6964 1411/2008/6965
f 1362/1959/6966 1413/2009/6967 1349/1987/6968
f 1417/2010/6969 1327/1936/6970 1415/2011/6971
f 1412/2012/6972 1324/1933/6973 1322/1932/6974
f 1414/2013/6975 1376/1967/6976 1347/1978/6977
f 1349/1987/6978 1376/1967/6979 1362/1959/6980
f 1418/2014/6981 1336/1945/6982 1419/2015/6983
f 1402/2016/6984 1366/1962/6985 1339/1948/6986
f 1324/1933/6987 1412/2012/6988 1393/1975/6989
f 1384/2017/6990 1341/2018/6991 1383/1981/6992
f 1386/1983/6993 1356/1954/6994 1357/1965/6995
f 1421/2019/6996 1368/1964/6997 1367/1963/6998
f 1396/2020/6999 1404/1997/7000 1399/1991/7001
f 1324/1933/7002 1415/2011/7003 1327/1936/7004
f 1426/2021/7005 1427/2022/7006 1428/2023/7007
f 1371/1970/7008 1370/1969/7009 1351/1955/7010
f 1415/2011/7011 1323/2024/7012 1425/2025/7013
f 1345/1950/7014 1344/1949/7015 1356/1954/7016
f 1431/2026/7017 1429/2027/7018 1428/2023/7019
f 1430/2028/7020 1337/1946/7021 1316/1926/7022
f 1417/2010/7023 1415/2011/7024 1432/2029/7025
f 1385/1982/7026 1338/1952/7027 1433/2030/7028
f 1349/1987/7029 1378/1973/7030 1370/1969/7031
f 1434/2031/7032 1405/1998/7033 1343/2005/7034
f 1375/2007/7035 1386/1983/7036 1385/1982/7037
f 1409/2002/6959 1435/2032/7038 1436/2033/7039
f 1314/2034/7040 1424/2035/7041 1323/2024/7042
f 1423/2036/7043 1372/2037/7044 1354/2038/7045
f 1374/2039/7046 1438/2040/7047 1401/1995/7048
f 1416/2041/7049 1323/2024/7050 1341/2018/7051
f 1439/2042/7052 1388/2043/7053 1364/1993/7054
f 1397/2001/7055 1404/1997/7056 1396/2020/7057
f 1411/2008/7058 1375/2007/7059 1385/1982/7060
f 1414/2013/7061 1359/2044/7062 1376/1967/7063
f 1397/2001/6958 1440/2045/7064 1441/2046/7065
f 1414/2013/7066 1347/1978/7067 1381/2047/7068
f 1372/2037/7069 1405/1998/7070 1429/2027/7071
f 1388/2043/7072 1381/2047/7073 1347/1978/7074
f 1353/1974/7075 1376/1967/7076 1359/2044/7077
f 1383/1981/7078 1431/2026/7079 1384/2017/7080
f 130/2048/7081 131/2049/7082 132/2050/7083
f 128/2051/7084 133/2052/7085 134/2053/7086
f 136/2054/7087 137/2055/7088 138/2056/7089
f 140/2057/7090 141/2058/7091 142/2059/7092
f 143/2060/7093 140/2057/7094 142/2059/7095
f 146/2061/7096 141/2058/7097 145/2062/7098
f 140/2057/7099 143/2060/7100 144/2063/7101
f 143/2060/7102 142/2059/7103 147/2064/7104
f 150/2065/7105 148/2066/7106 151/2067/7107
f 149/2068/7108 152/2069/7109 141/2058/7110
f 149/2068/7111 153/2070/7112 152/2069/7113
f 151/2067/7114 148/2066/7115 154/2071/7116
f 155/2072/7117 152/2069/7118 153/2070/7119
f 149/2068/7120 148/2066/7121 153/2070/7122
f 152/2069/7123 155/2072/7124 156/2073/7125
f 157/2074/7126 153/2070/7127 148/2066/7128
f 153/2070/7129 157/2074/7130 155/2072/7131
f 141/2058/7132 140/2057/7133 145/2062/7134
f 156/2073/7135 142/2059/7136 152/2069/7137
f 141/2058/7138 154/2071/7139 149/2068/7140
f 148/2066/7141 158/2075/7142 157/2074/7143
f 159/2076/7144 156/2073/7145 155/2072/7146
f 149/2068/7147 154/2071/7148 148/2066/7149
f 155/2072/7150 157/2074/7151 160/2077/7152
f 152/2069/7153 142/2059/7154 141/2058/7155
f 161/2078/7156 150/2065/7157 151/2067/7158
f 150/2065/7159 158/2075/7160 148/2066/7161
f 146/2061/7162 154/2071/7163 141/2058/7164
f 135/2079/7165 163/2080/7166 164/2081/7167
f 165/2082/7168 166/2083/7169 167/2084/7170
f 168/2085/7171 169/2086/7172 156/2073/7173
f 142/2059/7136 170/2087/7174 147/2064/7175
f 156/2073/7176 159/2076/7177 168/2085/7171
f 142/2059/7136 156/2073/7173 169/2086/7172
f 169/2086/7172 170/2087/7174 142/2059/7136
f 168/2085/7171 159/2076/7178 172/2088/7179
f 171/2089/7180 143/2060/7181 147/2064/7182
f 137/2055/7183 173/2090/7184 138/2056/7185
f 174/2091/7186 173/2090/7187 144/2063/7188
f 175/2092/7189 139/2093/7190 176/2094/7191
f 177/2095/7192 131/2049/7193 178/2096/7194
f 179/2097/7195 180/2098/7196 181/2099/7197
f 133/2052/7198 180/2098/7199 182/2100/7200
f 139/2093/7201 183/2101/7202 167/2084/7203
f 181/2099/7204 180/2098/7205 133/2052/7206
f 186/2102/7207 187/2103/7208 188/2104/7209
f 189/2105/7210 158/2075/7211 190/2106/7212
f 193/2107/7213 186/2102/7214 184/2108/7215
f 130/2048/7216 166/2083/7217 131/2049/7218
f 191/2109/7219 184/2108/7220 186/2102/7221
f 192/2110/7222 186/2102/7223 193/2107/7224
f 196/2111/7225 195/2112/7226 193/2107/7227
f 193/2107/7228 195/2112/7229 194/2113/7230
f 131/2049/7231 177/2095/7232 197/2114/7233
f 199/2115/7234 196/2111/7235 198/2116/7236
f 199/2115/7237 198/2116/7238 200/2117/7239
f 196/2111/7240 193/2107/7241 198/2116/7242
f 133/2052/7243 182/2100/7244 134/2053/7245
f 196/2111/7246 199/2115/7247 204/2118/7248
f 202/2119/7249 196/2111/7250 203/2120/7251
f 184/2108/7252 191/2109/7253 185/2121/7254
f 205/2122/7255 195/2112/7256 206/2123/7257
f 158/2075/7258 189/2105/7210 157/2074/7259
f 198/2116/7260 193/2107/7261 184/2108/7262
f 207/2124/7263 208/2125/7264 209/2126/7265
f 191/2109/7266 186/2102/7267 188/2104/7268
f 205/2122/7269 207/2124/7270 195/2112/7271
f 202/2119/7272 206/2123/7273 195/2112/7274
f 211/2127/7275 137/2055/7276 212/2128/7277
f 205/2122/7278 210/2129/7279 207/2124/7280
f 197/2114/7281 177/2095/7282 209/2126/7283
f 144/2063/7284 143/2060/7285 174/2091/7286
f 174/2091/7287 138/2056/7288 173/2090/7289
f 171/2089/7290 174/2091/7291 143/2060/7292
f 195/2112/7293 196/2111/7294 202/2119/7295
f 214/2130/7296 215/2131/7297 211/2127/7298
f 162/2132/7299 176/2094/7300 139/2093/7301
f 194/2113/7302 195/2112/7303 207/2124/7304
f 207/2124/7305 210/2129/7306 208/2125/7307
f 137/2055/7308 216/2133/7309 212/2128/7310
f 160/2077/7311 217/2134/7312 159/2076/7177
f 220/2135/7313 201/2136/7314 218/2137/7315
f 219/2138/7316 221/2139/7317 163/2080/7318
f 222/2140/7319 223/2141/7320 224/2142/7321
f 175/2092/7322 225/2143/7323 223/2141/7324
f 176/2094/7325 225/2143/7326 175/2092/7327
f 223/2141/7328 226/2144/7329 224/2142/7330
f 223/2141/7331 225/2143/7332 226/2144/7333
f 227/2145/7334 222/2140/7335 224/2142/7336
f 218/2137/7337 219/2138/7338 163/2080/7339
f 218/2137/7340 163/2080/7341 220/2135/7342
f 221/2139/7343 228/2146/7344 229/2147/7345
f 218/2137/7346 133/2052/7347 219/2138/7348
f 181/2099/7349 133/2052/7350 218/2137/7351
f 219/2138/7352 133/2052/7353 129/2148/7354
f 219/2138/7355 129/2148/7356 228/2146/7357
f 218/2137/7358 201/2136/7359 181/2099/7360
f 228/2146/7361 221/2139/7362 219/2138/7363
f 183/2101/7364 165/2082/7365 167/2084/7366
f 178/2096/7367 230/2149/7368 177/2095/7369
f 183/2101/7370 231/2150/7371 230/2149/7372
f 231/2150/7373 194/2113/7374 230/2149/7375
f 194/2113/7376 177/2095/7377 230/2149/7378
f 178/2096/7379 165/2082/7380 183/2101/7381
f 230/2149/7382 178/2096/7383 183/2101/7384
f 194/2113/7385 207/2124/7386 177/2095/7387
f 160/2077/7388 232/2151/7389 217/2134/7312
f 160/2077/7390 159/2076/7391 155/2072/7392
f 189/2105/7210 232/2151/7389 160/2077/7393
f 137/2055/7394 128/2051/7395 216/2133/7396
f 233/2152/7397 234/2153/7398 190/2106/7399
f 157/2074/7400 189/2105/7210 160/2077/7388
f 189/2105/7210 190/2106/7399 234/2153/7398
f 183/2101/7401 139/2093/7402 175/2092/7403
f 145/2062/7404 140/2057/7405 144/2063/7406
f 173/2090/7407 137/2055/7408 211/2127/7409
f 215/2131/7410 214/2130/7411 213/2154/7412
f 204/2118/7413 203/2120/7414 196/2111/7415
f 167/2084/7416 135/2079/7417 139/2093/7418
f 235/2155/7419 187/2103/7420 186/2102/7421
f 192/2110/7422 223/2141/7423 222/2140/7424
f 135/2079/7425 166/2083/7426 220/2135/7427
f 162/2132/7428 139/2093/7429 135/2079/7430
f 231/2150/7431 192/2110/7432 194/2113/7433
f 222/2140/7335 227/2145/7334 235/2155/7434
f 165/2082/7435 178/2096/7436 131/2049/7437
f 173/2090/7438 236/2156/7439 144/2063/7440
f 144/2063/7441 236/2156/7442 237/2157/7443
f 238/2158/7444 236/2156/7445 173/2090/7446
f 173/2090/7447 211/2127/7448 238/2158/7449
f 215/2131/7450 213/2154/7451 239/2159/7452
f 238/2158/7453 211/2127/7454 215/2131/7455
f 237/2157/7456 145/2062/7457 144/2063/7458
f 193/2107/7459 194/2113/7460 192/2110/7461
f 223/2141/7462 192/2110/7463 231/2150/7464
f 183/2101/7465 223/2141/7466 231/2150/7467
f 192/2110/7468 235/2155/7469 186/2102/7470
f 183/2101/7471 175/2092/7472 223/2141/7473
f 222/2140/7474 235/2155/7475 192/2110/7476
f 166/2083/7477 165/2082/7478 131/2049/7479
f 135/2079/7480 167/2084/7481 166/2083/7482
f 201/2136/7483 166/2083/7484 181/2099/7485
f 209/2126/7486 177/2095/7487 207/2124/7488
f 135/2079/7489 220/2135/7490 163/2080/7491
f 240/2160/7492 161/2078/7493 151/2067/7494
f 190/2106/7399 150/2065/7495 241/2161/7496
f 150/2065/7497 190/2106/7399 158/2075/7498
f 190/2106/7399 242/2162/7499 233/2152/7500
f 243/2163/7501 150/2065/7502 161/2078/7503
f 243/2163/7504 161/2078/7505 244/2164/7506
f 242/2162/7499 190/2106/7399 241/2161/7507
f 244/2164/7508 161/2078/7509 240/2160/7510
f 132/2050/7511 131/2049/7512 197/2114/7513
f 201/2136/7514 220/2135/7515 166/2083/7516
f 135/2079/7517 164/2081/7518 162/2132/7519
f 181/2099/7520 130/2048/7521 179/2097/7522
f 136/2054/7523 129/2148/7524 128/2051/7525
f 136/2054/7526 228/2146/7527 129/2148/7528
f 138/2056/7529 228/2146/7530 136/2054/7531
f 128/2051/7532 129/2148/7533 133/2052/7534
f 137/2055/7535 136/2054/7536 128/2051/7537
f 216/2133/7538 128/2051/7539 134/2053/7540
f 166/2083/7541 130/2048/7542 181/2099/7543
f 245/2165/7544 246/2166/7545 247/2167/7546
f 247/2167/7547 248/2168/7548 249/2169/7549
f 245/2165/7550 247/2167/7551 250/2170/7552
f 249/2169/7553 248/2168/7554 251/2171/7555
f 250/2170/7556 247/2167/7557 249/2169/7558
f 245/2165/7559 252/2172/7560 246/2166/7561
f 254/2173/7562 255/2174/7563 256/2175/7564
f 257/2176/7565 245/2165/7566 254/2173/7567
f 258/2177/7568 257/2176/7569 254/2173/7570
f 254/2173/7571 245/2165/7572 250/2170/7573
f 253/2178/7574 254/2173/7575 250/2170/7576
f 255/2174/7577 254/2173/7578 259/2179/7579
f 256/2175/7580 255/2174/7581 260/2180/7582
f 261/2181/7583 263/2182/7584 262/2183/7585
f 265/2184/7586 263/2182/7587 261/2181/7588
f 261/2181/7589 266/2185/7590 265/2184/7591
f 253/2178/7592 259/2179/7593 254/2173/7594
f 264/2186/7595 255/2174/7596 259/2179/7597
f 267/2187/7598 264/2186/7599 259/2179/7600
f 268/2188/7601 269/2189/7602 270/2190/7603
f 269/2189/7602 271/2191/7604 266/2185/7605
f 261/2181/7606 269/2189/7607 266/2185/7608
f 270/2190/7609 272/2192/7610 273/2193/7611
f 268/2188/7601 270/2190/7603 273/2193/7611
f 271/2191/7604 269/2189/7602 268/2188/7601
f 262/2183/7612 267/2187/7613 274/2194/7614
f 267/2187/7615 262/2183/7616 264/2186/7617
f 262/2183/7618 263/2182/7619 264/2186/7620
f 1431/2026/7621 1372/2037/7622 1429/2027/7623
f 1377/1972/7624 1351/1955/7625 1370/1969/7626
f 1349/1987/7627 1370/1969/7628 1348/1968/7629
f 2386/788/7630 2388/2195/7631 2382/808/7632
f 1439/2042/7633 1401/1995/7634 1438/2040/7635
f 1354/2038/7636 1411/2008/7637 1423/2036/7638
f 1383/1981/7639 1358/1980/7640 1355/2006/7641
f 1377/1972/7642 1345/1950/7643 1351/1955/7644
f 1358/1980/7645 1374/2039/7646 1355/2006/7647
f 1384/2017/7648 1387/2196/7649 1341/2018/7650
f 1444/2197/7651 1346/1951/7652 1345/1950/7653
f 1439/2042/7654 1364/1993/7655 1401/1995/7656
f 1408/2000/6957 1409/2002/6959 1436/2033/7039
f 1411/2008/7657 1354/2038/7658 1355/2006/7659
f 1343/2005/7660 1407/2198/7661 1434/2031/7662
f 1406/1999/7663 1405/1998/7664 1372/2037/7665
f 1355/2006/7666 1372/2037/7667 1383/1981/7668
f 277/2199/7669 278/2200/7670 279/2201/7671
f 1359/2044/7672 1414/2013/7673 1341/2018/7674
f 1355/2006/7675 1374/2039/7676 1375/2007/7677
f 1345/1950/7678 1377/1972/7679 1444/2197/7680
f 1388/2043/7681 1439/2042/7682 1381/2047/7683
f 1397/2001/7684 1342/2003/7685 1404/1997/7686
f 1400/1994/7687 1356/1954/7688 1386/1983/7689
f 1382/1979/7690 1438/2040/7691 1358/1980/7692
f 1413/2009/7693 1378/1973/7694 1349/1987/7695
f 1364/1993/7696 1351/1955/7697 1400/1994/7698
f 1356/1954/7699 1400/1994/7700 1351/1955/7701
f 1371/1970/7702 1364/1993/7703 1347/1978/7704
f 1405/1998/7705 1445/2202/7706 1420/2203/7707
f 1422/2204/7708 1323/2024/7709 1416/2041/7710
f 1411/2008/7711 1433/2030/7712 1423/2036/7713
f 1383/1981/7714 1341/2018/7715 1414/2013/7716
f 1405/1998/7717 1434/2031/7718 1445/2202/7719
f 1428/2023/7720 1427/2022/7721 1431/2026/7722
f 1375/2007/7723 1374/2039/7724 1401/1995/7725
f 1382/1979/7726 1381/2047/7727 1439/2042/7728
f 1360/1957/7729 1376/1967/7730 1393/1975/7731
f 1383/1981/7732 1372/2037/7733 1431/2026/7734
f 1396/2020/7735 1399/1991/7736 1398/1990/7737
f 1324/1933/7738 1353/1974/7739 1359/2044/7740
f 1376/1967/7741 1348/1968/7742 1347/1978/7743
f 1343/2005/7744 1405/1998/7745 1342/2003/7746
f 1437/2205/7747 1429/2027/7748 1405/1998/7749
f 1397/2001/6958 1441/2046/7065 1410/2004/7750
f 1347/1978/7751 1364/1993/7752 1388/2043/7753
f 1410/2004/7754 1407/2198/7755 1343/2005/7756
f 1420/2203/7757 1437/2205/7758 1405/1998/7759
f 1371/1970/7760 1351/1955/7761 1364/1993/7762
f 1401/1995/7763 1386/1983/7764 1375/2007/7765
f 1381/2047/7766 1382/1979/7767 1414/2013/7768
f 1358/1980/7769 1438/2040/7770 1374/2039/7771
f 1338/1952/7772 1389/1984/7773 1390/1992/7774
f 1324/1933/7775 1359/2044/7776 1323/2024/7777
f 1376/1967/7778 1353/1974/7779 1393/1975/7780
f 1323/2024/7781 1359/2044/7782 1341/2018/7783
f 1445/2202/7784 1443/2206/7785 1420/2203/7786
f 1397/2001/7787 1410/2004/7788 1342/2003/7789
f 1430/2028/7790 1316/1926/7791 1325/1934/7792
f 1390/1992/7793 1399/1991/7794 1433/2030/7795
f 1355/2006/7796 1354/2038/7797 1372/2037/7798
f 1446/2207/7799 1432/2029/7800 1415/2011/7801
f 1433/2030/7802 1411/2008/7803 1385/1982/7804
f 1406/1999/7805 1372/2037/7806 1423/2036/7807
f 1427/2022/7808 1384/2017/7809 1431/2026/7810
f 1367/1963/7811 1447/2208/7812 1421/2019/7813
f 1340/1947/7814 1418/2014/7815 1419/2015/7816
f 1323/2024/7817 1422/2204/7818 1314/2034/7819
f 1352/1956/7820 1418/2014/7821 1340/1947/7822
f 283/2209/7823 278/2200/7824 276/522/7825
f 1379/1976/7826 1447/2208/7827 1419/2015/7828
f 1406/1999/7829 1423/2036/7830 1433/2030/7831
f 1385/1982/7832 1350/1953/7833 1338/1952/7834
f 1449/2210/7835 1450/2211/7836 1451/2212/7837
f 1367/1963/7838 1402/2016/7839 1419/2015/7840
f 1451/2212/7841 1452/2213/7842 1448/2214/7843
f 1352/1956/7844 1442/2215/7845 1451/2212/7846
f 1352/1956/7847 1451/2212/7848 1448/2214/7849
f 1418/2014/7850 1452/2213/7851 1394/1988/7852
f 1331/1940/6830 1452/2213/7853 1365/1961/6866
f 1389/1984/7854 1391/1985/7855 1453/2216/7856
f 1452/2213/7857 1331/1940/7858 1394/1988/7859
f 1455/2217/7860 1447/2208/7861 1379/1976/7862
f 1452/2213/7863 1418/2014/7864 1448/2214/7865
f 1424/2035/7866 1425/2025/7867 1323/2024/7868
f 1406/1999/7869 1399/1991/7870 1404/1997/7871
f 1382/1979/7872 1383/1981/7873 1414/2013/7874
f 1418/2014/7875 1394/1988/7876 1336/1945/7877
f 1357/1965/7878 1449/2210/7879 1451/2212/7880
f 1398/1990/7881 1389/1984/7882 1454/2218/7883
f 1456/2219/7884 1457/2220/7885 1334/1943/7886
f 1389/1984/7887 1453/2216/7888 1454/2218/7889
f 1369/1966/7890 1456/2219/7891 1334/1943/7892
f 1401/1995/7893 1400/1994/7894 1386/1983/7895
f 1357/1965/7896 1344/1949/7897 1458/2221/7898
f 1458/2221/7899 1449/2210/7900 1357/1965/7901
f 1365/1961/7902 1452/2213/7903 1450/2211/7904
f 1406/1999/7905 1433/2030/7906 1399/1991/7907
f 1447/2208/7908 1455/2217/7860 1421/2019/7909
f 1440/2045/7064 1397/2001/6958 1408/2000/6957
f 1438/2040/7910 1382/1979/7911 1439/2042/7912
f 1365/1961/7913 1459/2222/7914 1369/1966/7915
f 1334/1943/6833 1457/2220/7885 1335/1944/6834
f 1357/1965/7916 1442/2215/7917 1385/1982/7918
f 1331/1940/7919 1333/1942/7920 1394/1988/7921
f 1442/2215/7922 1350/1953/7923 1385/1982/7924
f 1442/2215/7925 1357/1965/7926 1451/2212/7927
f 1451/2212/7928 1450/2211/7929 1452/2213/7930
f 1390/1992/7931 1433/2030/7932 1338/1952/7933
f 283/2209/7934 276/522/7935 275/521/7936
f 278/2200/7937 283/2209/7938 284/2223/7939
f 284/2223/7940 279/2201/7941 278/2200/7942
f 1459/2222/7943 1365/1961/7944 1450/2211/7945
f 1339/1948/7946 1419/2015/7947 1402/2016/7948
f 1323/2024/7949 1415/2011/7950 1324/1933/7951
f 1460/2224/7952 1446/2207/7953 1415/2011/7954
f 1405/1998/7955 1404/1997/7956 1342/2003/7957
f 1366/1962/7958 1402/2016/7959 1367/1963/7960
f 1454/2218/7961 1396/2020/7962 1398/1990/7963
f 1379/1976/7862 1373/1971/7964 1455/2217/7860
f 1448/2214/7965 1418/2014/7966 1352/1956/7967
f 1419/2015/7968 1336/1945/7969 1379/1976/7970
f 1350/1953/7971 1442/2215/7972 1352/1956/7973
f 1335/1944/6834 1328/1937/6827 1330/1939/6829
f 1329/1938/6828 1326/1935/7974 1330/1939/6829
f 1369/1966/7975 1334/1943/7976 1332/1941/7977
f 1340/1947/7978 1419/2015/7979 1339/1948/7980
f 1316/1926/7981 1333/1942/7982 1330/1939/7983
f 1326/1935/7984 1316/1926/7985 1330/1939/7986
f 1447/2208/7987 1367/1963/7988 1419/2015/7989
f 1332/1941/6831 1335/1944/6834 1333/1942/7990
f 1333/1942/7990 1335/1944/6834 1330/1939/6829
f 1468/2225/7991 1467/2226/7992 1466/2227/7993
f 1466/2227/7994 1465/2228/7995 1464/2229/7996
f 1464/2229/7997 1465/2228/7998 1492/2230/7999
f 278/2200/8000 280/513/8001 276/522/8002
f 283/2209/8003 275/521/8004 286/2231/8005
f 1465/2228/8006 1469/2232/8007 1492/2230/8008
f 1466/2227/8009 1471/2233/8010 1470/2234/8011
f 1462/2235/8012 1472/2236/8013 1461/2237/8014
f 1473/2238/8015 1474/2239/8016 1475/2240/8017
f 278/2200/8018 285/514/8019 282/511/8020
f 1472/2236/8021 1470/2234/8022 1461/2237/8023
f 280/513/8024 278/2200/8025 282/511/8026
f 1473/2238/8027 1475/2240/8028 1522/2241/8029
f 1462/2235/8030 1461/2237/8031 1463/2242/8032
f 1470/2234/8033 1471/2233/8034 1461/2237/8035
f 1466/2227/8036 1467/2226/8037 1471/2233/8038
f 1476/201/8039 1477/2243/8040 1478/2244/8041
f 1479/200/8042 1480/2245/8043 1481/2246/8044
f 1480/2245/8045 1479/200/8046 1483/2247/8047
f 1481/2246/8048 1480/2245/8049 1484/2248/8050
f 1476/201/8051 1479/200/8052 1477/2243/8053
f 1483/2247/8054 1479/200/8055 1485/693/8056
f 1467/2226/8057 1486/2249/8058 1471/2233/8059
f 1489/203/8060 1490/2250/8061 1491/2251/8062
f 1489/203/8063 1491/2251/8064 1488/204/8065
f 1492/2230/8066 1491/2251/8067 1490/2250/8068
f 1461/2237/8069 1495/2252/8070 1493/2253/8071
f 1494/2254/8072 1493/2253/8073 1495/2252/8074
f 1461/2237/8075 1471/2233/8076 1495/2252/8077
f 1496/2255/8078 1494/2254/8079 1495/2252/8080
f 1497/2256/8081 1498/2257/8082 1499/2258/8083
f 1499/2258/8083 1498/2257/8082 1500/2259/8084
f 1486/2249/8085 1495/2252/8086 1471/2233/8087
f 1501/2260/8088 1495/2252/8089 1486/2249/8090
f 1502/2261/8091 1501/2260/8092 1486/2249/8093
f 1503/2262/8094 1486/2249/8095 1504/2263/8096
f 1507/2264/8097 1508/2265/8098 1474/2239/8099
f 1464/2229/8100 1506/2266/8101 1509/2267/8102
f 1506/2266/8103 1510/2268/8104 1511/2269/8105
f 1509/2267/8106 1466/2227/8107 1464/2229/8108
f 1512/695/8109 1488/204/8110 1513/2270/8111
f 1484/2248/8112 1514/2271/8113 1515/2272/8114
f 1514/2271/8115 1482/2273/8116 1491/2251/8117
f 1480/2245/8118 1483/2247/8119 1516/2274/8120
f 1514/2271/8121 1517/2275/8122 1518/2276/8123
f 1482/2273/8124 1480/2245/8125 1491/2251/8126
f 1514/2271/8113 1520/2277/8127 1515/2272/8114
f 1484/2248/8128 1482/2273/8129 1514/2271/8130
f 1483/2247/8054 1513/2270/8131 1516/2274/8132
f 1513/2270/8133 1488/204/8134 1491/2251/8135
f 1521/2278/8136 1467/2226/8137 1468/2225/8138
f 1519/2279/8139 1518/2276/8140 1517/2275/8141
f 1466/2227/8142 1509/2267/8143 1468/2225/8144
f 1507/2264/8145 1474/2239/8146 1473/2238/8147
f 1523/2280/8148 1507/2264/8149 1473/2238/8150
f 1473/2238/8151 1522/2241/8152 1464/2229/8153
f 2478/2281/8154 2477/2282/8155 2390/619/8156
f 1473/2238/8157 1464/2229/8158 1492/2230/8159
f 1524/2283/8160 1464/2229/8161 1522/2241/8162
f 1465/2228/8163 1525/2284/8164 1526/2285/8165
f 1466/2227/8166 1525/2284/8167 1465/2228/8168
f 1506/2266/8169 1464/2229/8170 1510/2268/8171
f 1527/2286/8061 1510/2268/8172 1464/2229/8173
f 1520/2277/8127 1514/2271/8113 1518/2276/8174
f 1512/695/8175 1513/2270/8131 1483/2247/8054
f 1486/2249/8176 1503/2262/8177 1502/2261/8178
f 1505/2287/8179 1504/2263/8180 1486/2249/8181
f 1504/2263/8182 1505/2287/8183 1528/2288/8184
f 1497/2256/8185 1504/2263/8186 1528/2288/8187
f 1503/2262/8188 1504/2263/8189 1497/2256/8190
f 1486/2249/8191 1467/2226/8192 1505/2287/8193
f 2451/822/8194 2364/2289/8195 2354/2290/8196
f 1503/2262/8197 1497/2256/8081 1499/2258/8083
f 1467/2226/8198 1487/2291/8199 1505/2287/8200
f 1529/2292/8201 1466/2227/8202 1470/2234/8203
f 1470/2234/8204 1472/2236/8205 1529/2292/8206
f 2336/2293/8207 2458/613/8208 2479/2294/8209
f 1512/695/8210 1483/2247/8054 1485/693/8056
f 1491/2251/8211 1517/2275/8212 1514/2271/8213
f 1517/2275/8214 1492/2230/8215 1469/2232/8216
f 1492/2230/8217 1517/2275/8218 1491/2251/8219
f 1484/2248/8220 1480/2245/8221 1482/2273/8222
f 1530/2295/8223 1517/2275/8224 1469/2232/8225
f 1464/2229/8226 1524/2283/8227 1527/2286/8228
f 2336/2293/8229 2418/1595/8230 2458/613/8231
f 1516/2274/8232 1491/2251/8233 1480/2245/8234
f 1516/2274/8235 1513/2270/8236 1491/2251/8237
f 1520/2277/8127 1484/2248/8112 1515/2272/8114
f 2355/2296/8238 2456/2297/8239 2451/822/8240
f 2456/2297/8241 2334/2298/8242 2479/2294/8243
f 2389/615/8244 2479/2294/8245 2458/613/8246
f 2336/2293/8247 2479/2294/8248 2334/2298/8249
f 2479/2294/8250 2393/2299/8251 2456/2297/8252
f 2464/621/8253 2480/2300/8254 2478/2281/8255
f 2393/2299/8256 2479/2294/8257 2389/615/8258
f 2418/1595/8259 2336/2293/8260 2362/1596/8261
f 2325/1597/8262 2329/1599/8263 2327/2301/8264
f 1531/2302/8265 1532/2303/8266 1533/2304/8267
f 2327/2301/8268 2434/2305/8269 2328/2306/8270
f 2318/824/8271 2378/2307/8272 2477/2282/8273
f 1531/2302/8274 1533/2304/8275 1534/2308/8276
f 1538/2309/8277 1536/2310/8278 1539/2311/8279
f 1539/2311/8280 1540/2312/8281 1538/2309/8282
f 1541/2313/8283 1536/2310/8284 1538/2309/8285
f 1542/2314/8286 1540/2312/8287 1539/2311/8288
f 1547/2315/8289 1548/2316/8290 1549/2317/8291
f 1550/2318/8292 1531/2302/8293 1539/2311/8294
f 1545/2319/8295 1544/2320/8296 1543/2321/8297
f 1535/2322/8298 1551/2323/8299 1552/2324/8300
f 1553/2325/8301 1551/2323/8302 1554/2326/8303
f 1535/2322/8304 1554/2326/8305 1551/2323/8306
f 1555/2327/8307 1535/2322/8308 1552/2324/8309
f 1546/2328/8310 1545/2319/8311 1543/2321/8312
f 1548/2316/8313 1543/2321/8314 1544/2320/8315
f 1549/2317/8316 1559/2329/8317 1556/2330/8318
f 1549/2317/8319 1548/2316/8320 1544/2320/8321
f 1559/2329/8322 1544/2320/8323 1560/2331/8324
f 1567/2332/8325 1533/2304/8326 1532/2303/8327
f 1546/2328/8328 1561/2333/8329 1545/2319/8330
f 1535/2322/8331 1562/2334/8332 1554/2326/8333
f 1563/2335/8334 1564/2336/8335 1565/2337/8336
f 1565/2337/8337 1566/2338/8338 1535/2322/8339
f 1565/2337/8340 1564/2336/8335 1566/2338/8341
f 1534/2308/8342 1535/2322/8343 1566/2338/8344
f 1534/2308/8345 1533/2304/8346 1535/2322/8347
f 1562/2334/8348 1535/2322/8349 1533/2304/8350
f 1562/2334/8351 1558/2339/8352 1554/2326/8353
f 1559/2329/8354 1549/2317/8355 1544/2320/8356
f 1533/2304/8357 1567/2332/8358 1570/2340/8359
f 2826/2341/8360 2827/805/8361 2829/792/8362
f 1541/2313/8363 1537/2342/8364 1536/2310/8365
f 1571/2343/8366 1572/2344/8367 1573/2345/8368
f 1574/2346/8369 1536/2310/8370 1537/2342/8371
f 1537/2342/8372 1573/2345/8373 1574/2346/8374
f 1575/2347/8375 1571/2343/8376 1537/2342/8377
f 1573/2345/8378 1537/2342/8379 1571/2343/8380
f 1576/2348/8381 1572/2344/8382 1577/2349/8383
f 1575/2347/8384 1537/2342/8385 1541/2313/8386
f 3030/458/8387 3029/457/8388 3036/2350/8389
f 1577/2349/8390 1572/2344/8391 1571/2343/8392
f 1561/2333/8393 1531/2302/8394 1557/2351/8395
f 1532/2303/8396 1531/2302/8397 1561/2333/8398
f 1579/2352/8399 1580/2353/8400 1581/2354/8401
f 1532/2303/8402 1568/2355/8403 1567/2332/8404
f 1582/2356/8405 1576/2348/8406 1577/2349/8407
f 1583/2357/8408 1584/2358/8409 1582/2356/8410
f 1534/2308/8411 1542/2314/8412 1539/2311/8413
f 1582/2356/8405 1584/2358/8409 1576/2348/8406
f 1585/2359/8414 1547/2315/8415 1586/2360/8416
f 1586/2360/8417 1547/2315/8418 1549/2317/8419
f 1549/2317/8420 1556/2330/8421 1586/2360/8422
f 1578/2361/8423 1580/2353/8424 1579/2352/8399
f 1560/2331/8425 1544/2320/8426 1587/2362/8427
f 1544/2320/8428 1578/2361/8429 1587/2362/8430
f 1587/2362/8431 1578/2361/8423 1579/2352/8399
f 1546/2328/8432 1543/2321/8433 1548/2316/8434
f 1547/2315/8435 1546/2328/8436 1548/2316/8437
f 1547/2315/8438 1588/2363/8439 1589/2364/8440
f 1569/2365/8441 1588/2363/8442 1547/2315/8443
f 1561/2333/8444 1557/2351/8445 1545/2319/8446
f 1534/2308/8447 1539/2311/8448 1531/2302/8449
f 1589/2364/8450 1561/2333/8451 1547/2315/8452
f 1547/2315/8453 1561/2333/8454 1546/2328/8455
f 2390/619/8456 2464/621/8457 2478/2281/8458
f 2477/2282/8459 2319/2366/8460 2318/824/8461
f 2477/2282/8462 2376/718/8463 2390/619/8464
f 2478/2281/8465 2319/2366/8466 2477/2282/8467
f 2477/2282/8468 2378/2307/8469 2376/718/8470
f 2451/822/8471 2393/2299/8472 2392/823/8473
f 2393/2299/8474 2451/822/8475 2456/2297/8476
f 2810/390/8477 2828/793/8478 2833/761/8479
f 2327/2301/8480 2329/1599/8481 2434/2305/8482
f 2437/2367/8483 2347/1591/8484 2342/2368/8485
f 2318/824/8486 2392/823/8487 2378/2307/8488
f 2449/2369/8489 2450/2370/8490 2439/2371/8491
f 2356/1600/8492 2449/2369/8493 2434/2305/8494
f 2476/2372/8495 2421/2373/8496 2359/2374/8497
f 2442/2375/8498 2450/2370/8499 2443/2376/8500
f 2359/2374/8501 2421/2373/8502 2422/2377/8503
f 2359/2374/8504 2449/2369/8505 2356/1600/8506
f 2421/2373/8507 2476/2372/8508 2423/2378/8509
f 2449/2369/8510 2439/2371/8511 2435/2379/8512
f 2442/2375/8513 2439/2371/8514 2450/2370/8515
f 3032/463/8516 3038/474/8517 3035/465/8518
f 2345/597/8519 2469/591/8520 2475/2380/8521
f 2467/589/8522 2345/597/8523 2346/601/8524
f 2414/2381/8525 2411/2382/8526 2413/586/8527
f 2470/2383/8528 2473/2384/8529 2471/2385/8530
f 2345/597/8531 2475/2380/8532 2474/2386/8533
f 2410/593/8534 2466/592/8535 2408/2387/8536
f 2345/597/8537 2474/2386/8538 2466/592/8539
f 2431/2388/8540 2455/785/8541 2403/810/8542
f 2414/2381/8543 2413/586/8544 2470/2383/8545
f 2381/2389/8546 2414/2381/8547 2467/589/8548
f 2413/586/8549 2473/2384/8550 2470/2383/8551
f 2345/597/8552 2467/589/8553 2469/591/8554
f 2470/2383/8555 2467/589/8556 2414/2381/8557
f 2346/601/8558 2381/2389/8559 2467/589/8560
f 2468/590/8561 2467/589/8562 2470/2383/8563
f 3028/483/8564 3035/465/8565 3039/2390/8566
f 2468/590/8567 2470/2383/8568 2471/2385/8569
f 1590/2391/8570 1591/2392/8571 1592/2393/8572
f 1593/2394/8573 1590/2391/8574 1592/2393/8575
f 1593/2394/8576 1592/2393/8577 1591/2392/8578
f 1595/2395/8579 1596/2396/8580 1597/2397/8581
f 1600/2398/8582 1598/2399/8583 1599/2400/8584
f 1595/2395/8585 1601/2401/8586 1596/2396/8580
f 1602/2402/8587 1603/2403/8588 1604/2404/8589
f 1605/2405/8590 1603/2403/8591 1602/2402/8592
f 1606/2406/8593 1595/2395/8585 1607/2407/8594
f 1606/2406/8595 1608/2408/8596 1595/2395/8597
f 1606/2406/8598 1602/2402/8599 1609/2409/8600
f 1597/2397/8581 1607/2407/8594 1595/2395/8601
f 1608/2408/8602 1606/2406/8603 1609/2409/8604
f 1609/2409/8605 1610/2410/8606 1608/2408/8607
f 1608/2408/8608 1601/2401/8609 1595/2395/8610
f 1611/2411/8611 1612/2412/8612 1613/2413/8613
f 3035/465/8614 3038/474/8615 3036/2350/8616
f 1614/2414/8617 1615/2415/8618 1616/2416/8619
f 3040/2417/8620 3035/465/8621 3037/2418/8622
f 1617/2419/8623 1612/2412/8624 1615/2415/8625
f 3040/2417/8626 3042/2420/8627 3039/2390/8628
f 1618/2421/8629 1619/2422/8630 1620/2423/8631
f 1620/2423/8632 1619/2422/8633 1614/2414/8634
f 1615/2415/8635 1614/2414/8636 1617/2419/8637
f 1616/2416/8619 1620/2423/8638 1614/2414/8617
f 1621/2424/8639 1622/2425/8640 1623/2426/8641
f 3039/2390/8642 3035/465/8643 3040/2417/8644
f 3030/458/8645 3036/2350/8646 3038/474/8647
f 1624/2427/8648 1625/2428/8649 1626/2429/8650
f 3036/2350/8651 3037/2418/8652 3035/465/8653
f 1610/2410/8654 1628/2430/8655 1629/2431/8656
f 1612/2412/8657 1617/2419/8658 1613/2413/8659
f 1631/2432/8660 1627/2433/8661 1625/2428/8662
f 1628/2430/8663 1632/2434/8664 1633/2435/8665
f 1634/2436/8666 1591/2392/8667 1635/2437/8668
f 1633/2435/8669 1626/2429/8670 1625/2428/8671
f 1613/2413/8672 1628/2430/8673 1627/2433/8674
f 1613/2413/8675 1617/2419/8676 1629/2431/8677
f 1628/2430/8678 1633/2435/8679 1625/2428/8680
f 1593/2394/8681 1591/2392/8682 1624/2427/8683
f 1631/2432/8684 1625/2428/8685 1624/2427/8686
f 1628/2430/8687 1613/2413/8688 1629/2431/8689
f 1629/2431/8690 1630/2438/8691 1610/2410/8692
f 1634/2436/8693 1627/2433/8694 1631/2432/8695
f 1613/2413/8696 1627/2433/8697 1634/2436/8698
f 1624/2427/8699 1591/2392/8700 1631/2432/8701
f 1594/2439/8702 1593/2394/8703 1624/2427/8704
f 1634/2436/8705 1631/2432/8706 1591/2392/8707
f 1611/2411/8708 1613/2413/8709 1634/2436/8710
f 1632/2434/8711 1628/2430/8712 1609/2409/8713
f 1628/2430/8714 1610/2410/8715 1609/2409/8716
f 1630/2438/8717 1608/2408/8718 1610/2410/8719
f 1625/2428/8720 1627/2433/8721 1628/2430/8722
f 1636/2440/8723 1637/2441/8724 1638/2442/8725
f 1638/2442/8726 1637/2441/8724 1639/2443/8727
f 1603/2403/8728 1605/2405/8729 1640/2444/8730
f 1641/2445/8731 1642/2446/8732 1643/2447/8733
f 1644/2448/8734 1645/2449/8735 1646/2450/8736
f 287/799/8737 289/2451/8738 288/800/8739
f 289/2451/8740 290/2452/8741 288/800/8742
f 1648/2453/8743 1640/2444/8744 1643/2447/8745
f 1643/2447/8746 1644/2448/8747 1648/2453/8748
f 1641/2445/8749 1640/2444/8750 1605/2405/8751
f 290/2452/8752 289/2451/8753 291/2454/8754
f 292/2455/8755 291/2454/8756 289/2451/8757
f 1609/2409/8758 1604/2404/8759 1632/2434/8760
f 1632/2434/8761 1604/2404/8762 1648/2453/8763
f 1602/2402/8764 1604/2404/8765 1609/2409/8766
f 1642/2446/8767 1641/2445/8768 1649/2456/8769
f 1644/2448/8770 1643/2447/8771 1645/2449/8772
f 1640/2444/8773 1641/2445/8774 1643/2447/8775
f 1647/2457/8776 1649/2456/8777 1641/2445/8778
f 1640/2444/8730 1604/2404/8779 1603/2403/8780
f 1646/2450/8781 1650/2458/8782 1644/2448/8783
f 1604/2404/8784 1640/2444/8785 1648/2453/8786
f 1650/2458/8787 1623/2426/8788 1651/2459/8789
f 1651/2459/8790 1633/2435/8791 1632/2434/8792
f 298/2460/8793 293/2461/8794 294/2462/8795
f 1652/2463/8796 1633/2435/8797 1651/2459/8798
f 1653/2464/8799 1626/2429/8800 1652/2463/8801
f 1651/2459/8802 1622/2425/8803 1652/2463/8804
f 1633/2435/8805 1652/2463/8806 1626/2429/8807
f 1650/2458/8787 1646/2450/8808 1623/2426/8809
f 1622/2425/8810 1654/2465/8811 1652/2463/8812
f 293/2461/8813 300/2466/8814 295/2467/8815
f 293/2461/8816 297/469/8817 300/2466/8818
f 293/2461/8819 295/2467/8820 296/2468/8821
f 294/2462/8822 301/2469/8823 299/2470/8824
f 1648/2453/8825 1651/2459/8826 1632/2434/8827
f 1654/2465/8828 1653/2464/8829 1652/2463/8830
f 302/2471/8831 298/2460/8832 294/2462/8833
f 296/2468/8834 301/2469/8835 294/2462/8836
f 294/2462/8837 293/2461/8838 296/2468/8839
f 1594/2439/8840 1624/2427/8841 1626/2429/8842
f 1644/2448/8843 1651/2459/8844 1648/2453/8845
f 1651/2459/8846 1644/2448/8847 1650/2458/8848
f 1651/2459/8849 1623/2426/8850 1622/2425/8851
f 1626/2429/8852 1653/2464/8853 1655/2472/8854
f 1594/2439/8855 1626/2429/8856 1655/2472/8857
f 1594/2439/8858 1655/2472/8859 1656/2473/8860
f 1657/2474/8861 1596/2396/8862 1601/2401/8863
f 1596/2396/8864 1657/2474/8865 1599/2400/8866
f 1638/2442/8867 1619/2422/8868 1618/2421/8869
f 1630/2438/8870 1629/2431/8871 1617/2419/8872
f 1601/2401/8873 1630/2438/8874 1659/2475/8875
f 1638/2442/8876 1639/2443/8877 1619/2422/8878
f 1614/2414/8879 1619/2422/8880 1659/2475/8881
f 1659/2475/8882 1619/2422/8883 1658/2476/8884
f 1630/2438/8885 1601/2401/8886 1608/2408/8887
f 1601/2401/8888 1659/2475/8889 1657/2474/8890
f 1600/2398/8891 1599/2400/8892 1657/2474/8893
f 1617/2419/8894 1614/2414/8895 1659/2475/8896
f 1617/2419/8897 1659/2475/8898 1630/2438/8899
f 1639/2443/8900 1658/2476/8901 1619/2422/8902
f 1659/2475/8903 1658/2476/8904 1657/2474/8905
f 1660/2477/8906 1594/2439/8907 1656/2473/8908
f 1635/2437/8909 1591/2392/8910 1590/2391/8911
f 1660/2477/8912 1661/2478/8913 1590/2391/8914
f 1593/2394/8915 1660/2477/8916 1590/2391/8917
f 1660/2477/8918 1593/2394/8919 1594/2439/8920
f 303/2479/8921 302/2471/8922 294/2462/8923
f 294/2462/8924 304/2480/8925 303/2479/8926
f 526/2481/8927 527/584/8928 528/583/8929
f 526/2481/8930 528/583/8931 530/2482/8932
f 529/2483/8933 530/2482/8934 528/583/8935
f 295/2467/8936 300/2466/8937 308/2484/8938
f 1664/2485/8939 1665/2486/8940 1662/2487/8941
f 300/2466/8942 297/469/8943 305/468/8944
f 1663/2488/8945 1666/2489/8946 1662/2487/8947
f 305/468/8948 307/796/8949 300/2466/8950
f 1670/2490/8951 1671/2491/8952 1672/2492/8953
f 1673/2493/8954 1671/2491/8952 1670/2490/8951
f 1674/2494/8955 1675/2495/8956 1676/2496/8957
f 1677/2497/8958 1669/2498/8959 1668/2499/8960
f 1680/2500/8961 1671/2491/8962 1681/2501/8963
f 1675/2495/8964 1674/2494/8965 1668/2499/8966
f 1681/2501/8967 1671/2491/8968 1673/2493/8969
f 1679/2502/8970 1675/2495/8971 1682/2503/8972
f 1669/2498/8973 1683/2504/8974 1667/2505/8975
f 1681/2501/8976 1685/2506/8977 1680/2500/8978
f 1681/2501/8979 1684/2507/8980 1685/2506/8981
f 293/2461/8982 298/2460/8983 309/2508/8984
f 298/2460/8985 302/2471/8986 289/2451/8987
f 289/2451/8988 302/2471/8989 292/2455/8990
f 1676/2496/8991 1686/2509/8992 1674/2494/8993
f 1668/2499/8994 1678/2510/8995 1675/2495/8996
f 1682/2503/8997 1670/2490/8951 1687/2511/8998
f 1684/2507/8999 1681/2501/9000 1673/2493/9001
f 1677/2497/9002 1668/2499/9003 1674/2494/9004
f 1682/2503/9005 1675/2495/9006 1670/2490/9007
f 1668/2499/9008 1667/2505/9009 1678/2510/9010
f 1675/2495/9011 1678/2510/9012 1670/2490/9013
f 1670/2490/9014 1678/2510/9015 1673/2493/9016
f 1667/2505/9017 1668/2499/9018 1669/2498/9019
f 1680/2500/9020 1672/2492/8953 1671/2491/8952
f 1689/2512/9021 1684/2507/9022 1673/2493/9023
f 1677/2497/9024 1696/2513/9025 1669/2498/9026
f 1690/2514/9027 1662/2487/9028 1691/2515/9029
f 1665/2486/9030 1691/2515/9031 1662/2487/9032
f 1665/2486/9033 1664/2485/9034 1692/2516/9035
f 1662/2487/9036 1690/2514/9037 1663/2488/9038
f 1693/2517/9039 1665/2486/9040 1692/2516/9041
f 1694/2518/9042 1695/2519/9043 1696/2513/9044
f 1697/2520/9045 1694/2518/9046 1696/2513/9047
f 1699/2521/9048 1700/2522/9049 1701/2523/9050
f 1702/2524/9051 1703/2525/9052 1698/2526/9053
f 1695/2519/9054 1704/2527/9055 1683/2504/9056
f 1696/2513/9057 1695/2519/9058 1683/2504/9059
f 1677/2497/9060 1702/2524/9061 1698/2526/9062
f 1705/2528/9063 1694/2518/9064 1706/2529/9065
f 2827/805/9066 2826/2341/9067 2820/727/9068
f 1707/2530/9069 1666/2489/9070 1708/2531/9071
f 1666/2489/9072 1663/2488/9073 1709/2532/9074
f 3026/806/9075 3027/460/9076 3028/483/9077
f 1666/2489/9078 1709/2532/9079 1708/2531/9080
f 1711/2533/9081 1694/2518/9082 1705/2528/9083
f 1710/2534/9084 1700/2522/9085 1712/2535/9086
f 1700/2522/9087 1705/2528/9088 1712/2535/9089
f 1696/2513/9090 1698/2526/9091 1697/2520/9092
f 1712/2535/9093 1705/2528/9094 1706/2529/9095
f 1706/2529/9096 1694/2518/9097 1697/2520/9098
f 1696/2513/9099 1677/2497/9100 1698/2526/9101
f 1703/2525/9102 1697/2520/9103 1698/2526/9104
f 1715/2536/9105 1716/2537/9106 1717/2538/9107
f 1714/2539/9108 1712/2535/9109 1706/2529/9110
f 1700/2522/9111 1713/2540/9112 1701/2523/9113
f 1719/2541/9114 1716/2537/9115 1720/2542/9116
f 1722/2543/9117 1683/2504/9118 1704/2527/9119
f 1705/2528/9120 1700/2522/9121 1711/2533/9122
f 1713/2540/9123 1700/2522/9124 1710/2534/9125
f 2973/2544/9126 3007/2545/9127 2920/2546/9128
f 3023/2547/9129 3011/2548/9130 3020/2549/9131
f 2922/2550/9132 3024/2551/9133 3022/2552/9134
f 3007/2545/9135 2987/2553/9136 2986/2554/9137
f 2961/2555/9138 2920/2546/9139 3007/2545/9140
f 3020/2549/9141 3011/2548/9142 2952/2556/9143
f 2960/2557/9144 3015/2558/9145 2926/2559/9146
f 3021/2560/9147 2952/2556/9148 2923/2561/9149
f 2952/2556/9150 3021/2560/9151 3020/2549/9152
f 2972/2562/9153 2922/2550/9154 3022/2552/9155
f 2923/2561/9156 2972/2562/9157 3021/2560/9158
f 2939/2563/9159 3024/2551/9160 2922/2550/9161
f 2986/2554/9162 3004/2564/9163 3007/2545/9164
f 3015/2558/9165 2978/2565/9166 2987/2553/9167
f 3021/2560/9168 2972/2562/9169 3022/2552/9170
f 2926/2559/9171 3015/2558/9172 2916/2566/9173
f 3020/2549/9174 3022/2552/9175 3025/2567/9176
f 3015/2558/9177 3007/2545/9178 2973/2544/9179
f 3020/2549/9180 3025/2567/9181 3023/2547/9182
f 3024/2551/9183 3025/2567/9184 3022/2552/9185
f 3023/2547/9186 3018/2568/9187 3011/2548/9188
f 2978/2565/9189 3015/2558/9190 2960/2557/9191
f 3011/2548/9192 2953/2569/9193 2952/2556/9194
f 3021/2560/9195 3022/2552/9196 3020/2549/9197
f 3006/2570/9198 3011/2548/9199 3018/2568/9200
f 2958/2571/9201 3000/2572/9202 2943/2573/9203
f 3006/2570/9204 2936/2574/9205 2929/2575/9206
f 2999/2576/9207 3019/2577/9208 2998/2578/9209
f 2931/2579/9210 2996/2580/9211 3013/2581/9212
f 3018/2568/9213 3014/2582/9214 3006/2570/9215
f 2997/2583/9216 3004/2564/9217 3016/2584/9218
f 3010/2585/9219 3009/2586/9220 2958/2571/9221
f 2943/2573/9222 2934/2587/9223 2958/2571/9224
f 2937/2588/9225 2933/2589/9226 2961/2555/9227
f 2997/2583/9228 2930/2590/9229 2932/2591/9230
f 2910/2592/9231 2931/2579/9232 2911/2593/9233
f 2962/2594/9234 2928/2595/9235 2919/2596/9236
f 2937/2588/9237 2961/2555/9238 3007/2545/9239
f 2937/2588/9240 3004/2564/9241 2932/2591/9242
f 3010/2585/9243 3013/2581/9244 3017/2597/9245
f 3001/2598/9246 3003/2599/9247 2943/2573/9248
f 3010/2585/9249 3017/2597/9250 3009/2586/9251
f 2916/2566/9252 3015/2558/9253 2973/2544/9254
f 2932/2591/9255 2933/2589/9256 2937/2588/9257
f 3008/2600/9258 3016/2584/9218 3004/2564/9163
f 2987/2553/9259 3007/2545/9260 3015/2558/9261
f 2969/2601/9262 2944/2602/9263 3003/2599/9264
f 2998/2578/9265 3012/2603/9266 2989/2604/9267
f 3005/2605/9268 2967/2606/9269 2950/2607/9270
f 2928/2595/9271 3011/2548/9272 2929/2575/9273
f 2994/2608/9274 2988/2609/9275 2990/2610/9276
f 2994/2608/9277 2989/2604/9278 3012/2603/9279
f 3006/2570/9280 2929/2575/9281 3011/2548/9282
f 2982/2611/9283 3006/2570/9284 3014/2582/9285
f 2930/2590/9286 2996/2580/9287 2931/2579/9288
f 2965/2612/9289 2943/2573/9290 2942/2613/9291
f 2928/2595/9292 2962/2594/9293 2953/2569/9294
f 3009/2586/9295 3000/2572/9296 2958/2571/9297
f 2965/2612/9298 2934/2587/9299 2943/2573/9300
f 2911/2593/9301 2931/2579/9302 3010/2585/9303
f 2931/2579/9304 2910/2592/9305 2932/2591/9306
f 2948/2614/9307 2955/2615/9308 2965/2612/9309
f 3010/2585/9310 2931/2579/9311 3013/2581/9312
f 2950/2607/9313 2955/2615/9314 2948/2614/9315
f 2947/2616/9316 2950/2607/9317 2948/2614/9318
f 3011/2548/9319 2928/2595/9320 2953/2569/9321
f 2958/2571/9322 2911/2593/9323 3010/2585/9324
f 3002/2617/9325 2999/2576/9326 2989/2604/9327
f 3004/2564/9163 2986/2554/9328 3008/2600/9258
f 2937/2588/9329 3007/2545/9330 3004/2564/9331
f 2936/2574/9332 3006/2570/9284 2982/2611/9283
f 2997/2583/9333 2932/2591/9334 3004/2564/9335
f 2944/2602/9336 2943/2573/9337 3003/2599/9338
f 2989/2604/9339 2991/2618/9340 3002/2617/9341
f 3000/2572/9342 3001/2598/9343 2943/2573/9344
f 2998/2578/9345 2989/2604/9346 2999/2576/9347
f 2996/2580/9348 2930/2590/9349 2997/2583/9216
f 2915/2619/9350 2995/2620/9351 2964/2621/9352
f 2979/2622/9353 2977/2623/9354 2978/2565/9355
f 2995/2620/9356 2915/2619/9357 2994/2608/9274
f 2989/2604/9358 2994/2608/9359 2990/2610/9360
f 2951/2624/9361 2971/2625/9362 2941/2626/9363
f 2985/2627/9364 2966/2628/9365 2993/2629/9366
f 2920/2546/9367 2962/2594/9368 2919/2596/9369
f 2949/2630/9370 2976/2631/9371 2954/2632/9372
f 2915/2619/9373 2988/2609/9275 2994/2608/9274
f 2944/2602/9374 2976/2631/9375 2949/2630/9376
f 2984/2633/9377 2989/2604/9378 2990/2610/9379
f 2988/2609/9380 2915/2619/9381 2914/2634/9382
f 2935/2635/9383 2965/2612/9384 2955/2615/9385
f 2910/2592/9386 2953/2569/9387 2961/2555/9388
f 2993/2629/9389 2966/2628/9390 2975/2636/9391
f 310/2637/9392 311/2638/9393 312/2639/9394
f 310/2637/9395 312/2639/9396 313/2640/9397
f 314/2641/9398 315/2642/9399 310/2637/9400
f 314/2641/9401 310/2637/9402 313/2640/9403
f 318/2643/9404 311/2638/9405 310/2637/9406
f 319/2644/9407 320/2645/9408 321/2646/9409
f 322/2647/9410 323/2648/9411 324/2649/9412
f 325/2650/9413 326/2651/9414 327/2652/9415
f 329/2653/9416 312/2639/9417 316/2654/9418
f 325/2650/9419 327/2652/9420 322/2647/9421
f 330/2655/9422 326/2651/9423 325/2650/9424
f 331/2656/9425 310/2637/9426 315/2642/9427
f 316/2654/9428 332/2657/9429 317/2658/9430
f 326/2651/9431 333/2659/9432 327/2652/9433
f 333/2659/9434 334/2660/9435 327/2652/9436
f 321/2646/9437 335/2661/9438 319/2644/9439
f 316/2654/9440 317/2658/9441 329/2653/9442
f 336/2662/9443 337/2663/9444 338/2664/9445
f 339/2665/9446 312/2639/9447 311/2638/9448
f 340/2666/9449 336/2662/9443 341/2667/9450
f 312/2639/9451 342/2668/9452 316/2654/9453
f 339/2665/9454 342/2668/9455 312/2639/9456
f 334/2660/9457 343/2669/9458 328/2670/9459
f 327/2652/9460 334/2660/9461 328/2670/9462
f 343/2669/9463 344/2671/9464 328/2670/9465
f 345/2672/9466 346/2673/9467 347/2674/9468
f 338/2664/9445 341/2667/9469 336/2662/9443
f 350/2675/9470 324/2649/9471 351/2676/9472
f 337/2663/9473 332/2657/9474 352/2677/9475
f 354/2678/9476 355/2679/9477 356/2680/9478
f 316/2654/9479 342/2668/9480 349/2681/9481
f 351/2676/9482 324/2649/9483 323/2648/9484
f 353/2682/9485 337/2663/9486 352/2677/9487
f 358/2683/9488 339/2665/9489 359/2684/9490
f 356/2680/9491 360/2685/9492 354/2678/9493
f 353/2682/9494 338/2664/9495 337/2663/9444
f 345/2672/9496 347/2674/9497 360/2685/9498
f 322/2647/9499 348/2686/9500 323/2648/9501
f 311/2638/9502 359/2684/9503 339/2665/9504
f 362/2687/9505 355/2679/9506 354/2678/9507
f 322/2647/9508 327/2652/9509 328/2670/9510
f 363/2688/9511 364/2689/9512 344/2671/9513
f 348/2686/9514 322/2647/9515 328/2670/9516
f 358/2683/9517 354/2678/9518 360/2685/9519
f 357/2690/9520 342/2668/9521 339/2665/9522
f 349/2681/9523 357/2690/9524 323/2648/9525
f 311/2638/9526 318/2643/9527 359/2684/9528
f 347/2674/9529 323/2648/9530 357/2690/9531
f 364/2689/9532 363/2688/9533 335/2661/9534
f 354/2678/9535 359/2684/9536 361/2691/9537
f 347/2674/9538 339/2665/9539 358/2683/9540
f 357/2690/9541 339/2665/9542 347/2674/9543
f 328/2670/9544 364/2689/9545 348/2686/9546
f 344/2671/9547 364/2689/9548 328/2670/9549
f 366/2692/9550 364/2689/9551 335/2661/9552
f 360/2685/9553 347/2674/9554 358/2683/9555
f 354/2678/9556 358/2683/9557 359/2684/9558
f 342/2668/9559 357/2690/9560 349/2681/9561
f 354/2678/9562 361/2691/9563 362/2687/9564
f 347/2674/9565 346/2673/9566 323/2648/9567
f 361/2691/9568 318/2643/9569 369/2693/9570
f 362/2687/9571 370/2694/9572 355/2679/9573
f 370/2694/9574 362/2687/9575 367/2695/9576
f 373/2696/9577 374/2697/9578 371/2698/9579
f 375/2699/9580 372/2700/9581 369/2693/9582
f 376/2701/9583 377/2702/9584 378/2703/9585
f 362/2687/9586 369/2693/9587 371/2698/9588
f 378/2703/9589 377/2702/9590 371/2698/9591
f 322/2647/9592 324/2649/9593 325/2650/9594
f 380/2704/9595 381/2705/9596 379/2706/9597
f 350/2675/9598 382/2707/9599 379/2706/9600
f 350/2675/9601 379/2706/9602 324/2649/9603
f 379/2706/9604 325/2650/9605 324/2649/9606
f 383/2708/9607 381/2705/9608 380/2704/9609
f 384/2709/9610 330/2655/9611 325/2650/9612
f 381/2705/9613 385/2710/9614 379/2706/9615
f 379/2706/9616 384/2709/9617 325/2650/9618
f 331/2656/9619 318/2643/9620 310/2637/9621
f 369/2693/9622 372/2700/9623 371/2698/9624
f 331/2656/9625 375/2699/9626 369/2693/9627
f 371/2698/9628 377/2702/9629 387/2711/9630
f 386/2712/9631 388/2713/9632 371/2698/9633
f 369/2693/9634 318/2643/9635 331/2656/9636
f 371/2698/9637 368/2714/9638 367/2695/9639
f 378/2703/9640 371/2698/9641 388/2713/9642
f 371/2698/9643 387/2711/9644 373/2696/9645
f 371/2698/9646 367/2695/9647 362/2687/9648
f 368/2714/9649 371/2698/9650 374/2697/9651
f 376/2701/9652 389/2715/9653 377/2702/9654
f 382/2707/9655 380/2704/9656 379/2706/9657
f 359/2684/9658 318/2643/9659 361/2691/9660
f 362/2687/9661 361/2691/9662 369/2693/9663
f 390/2716/9664 352/2677/9665 332/2657/9666
f 335/2661/9667 363/2688/9668 319/2644/9669
f 365/2717/9670 390/2716/9671 349/2681/9672
f 349/2681/9673 364/2689/9674 366/2692/9675
f 349/2681/9676 390/2716/9677 316/2654/9678
f 348/2686/9679 364/2689/9680 349/2681/9681
f 323/2648/9682 348/2686/9683 349/2681/9684
f 365/2717/9685 349/2681/9686 366/2692/9687
f 385/2710/9688 391/2718/9689 384/2709/9690
f 385/2710/9691 381/2705/9692 383/2708/9693
f 392/2719/9694 391/2718/9689 385/2710/9691
f 379/2706/9695 385/2710/9696 384/2709/9697
f 332/2657/9698 316/2654/9699 390/2716/9700
f 1706/2529/9701 1697/2520/9702 1703/2525/9703
f 1729/2720/9704 1723/2721/9705 1688/2722/9706
f 1734/2723/9707 1710/2534/9708 1714/2539/9709
f 1724/2724/9710 1713/2540/9711 1731/2725/9712
f 1714/2539/9713 1710/2534/9714 1712/2535/9715
f 1683/2504/9716 1669/2498/9717 1696/2513/9718
f 1720/2542/9719 1716/2537/9720 1715/2536/9721
f 1735/2726/9722 1725/2727/9723 1717/2538/9724
f 1716/2537/9725 1719/2541/9726 1727/2728/9727
f 1718/2729/9728 1736/2730/9729 1735/2726/9730
f 1730/2731/9731 1737/2732/9732 1716/2537/9733
f 531/576/9734 526/2481/9735 532/2733/9736
f 1737/2732/9737 1717/2538/9738 1716/2537/9739
f 1717/2538/9740 1721/2734/9741 1738/2735/9742
f 1717/2538/9743 1738/2735/9744 1718/2729/9745
f 531/576/9746 527/584/9747 526/2481/9748
f 1716/2537/9749 1727/2728/9750 1730/2731/9751
f 1717/2538/9752 1725/2727/9753 1715/2536/9754
f 1710/2534/9755 1741/2736/9756 1713/2540/9757
f 1741/2736/9758 1731/2725/9759 1713/2540/9760
f 1721/2734/9761 1717/2538/9762 1737/2732/9763
f 1717/2538/9764 1718/2729/9765 1735/2726/9766
f 1682/2503/9767 1687/2511/8998 1742/2737/9768
f 1679/2502/9769 1682/2503/9770 1742/2737/9771
f 1736/2730/9772 1743/2738/9773 1744/2739/9774
f 1744/2739/9775 1735/2726/9776 1736/2730/9777
f 1735/2726/9778 1745/2740/9779 1746/2741/9780
f 1735/2726/9781 1744/2739/9782 1745/2740/9783
f 1743/2738/9784 1747/2742/9785 1744/2739/9786
f 1743/2738/9787 1748/2743/9788 1747/2742/9789
f 1749/2744/9790 1745/2740/9791 1744/2739/9792
f 1704/2527/9793 1748/2743/9794 1743/2738/9795
f 1746/2741/9796 1745/2740/9797 1750/2745/9798
f 1725/2727/9799 1735/2726/9800 1746/2741/9801
f 1751/2746/9802 1746/2741/9803 1750/2745/9804
f 1725/2727/9805 1751/2746/9806 1715/2536/9807
f 1752/2747/9808 1750/2745/9809 1745/2740/9810
f 1746/2741/9811 1751/2746/9812 1725/2727/9813
f 1678/2510/9814 1689/2512/9815 1673/2493/9816
f 1748/2743/9817 1753/2748/9818 1747/2742/9819
f 1722/2543/9820 1689/2512/9821 1667/2505/9822
f 1683/2504/9823 1722/2543/9824 1667/2505/9825
f 1678/2510/9826 1667/2505/9827 1689/2512/9828
f 1754/2749/9829 1743/2738/9830 1736/2730/9831
f 1689/2512/9832 1755/2750/9833 1732/2751/9834
f 1756/2752/9835 1741/2736/9836 1740/2753/9837
f 1755/2750/9838 1736/2730/9839 1733/2754/9840
f 1755/2750/9841 1689/2512/9842 1754/2749/9843
f 1758/2755/9844 1757/2756/9845 1739/2757/9846
f 1728/2758/9847 1729/2720/9848 1761/2759/9849
f 1761/2759/9850 1729/2720/9851 1718/2729/9852
f 1762/2760/9853 1729/2720/9854 1728/2758/9855
f 1761/2759/9856 1718/2729/9857 1738/2735/9858
f 1755/2750/9859 1754/2749/9860 1736/2730/9861
f 1722/2543/9862 1704/2527/9863 1743/2738/9864
f 1722/2543/9865 1754/2749/9866 1689/2512/9867
f 1747/2742/9868 1749/2744/9869 1744/2739/9870
f 1758/2755/9871 1765/2761/9872 1763/2762/9873
f 1754/2749/9874 1722/2543/9875 1743/2738/9876
f 530/2482/9877 534/2763/9878 525/2764/9879
f 1758/2755/9880 1739/2757/9881 1764/2765/9882
f 1684/2507/9883 1689/2512/9884 1732/2751/9885
f 1741/2736/9886 1756/2752/9887 1731/2725/9888
f 1706/2529/9889 1703/2525/9890 1714/2539/9891
f 1760/2766/9892 1766/2767/9893 1714/2539/9894
f 1714/2539/9895 1703/2525/9896 1760/2766/9897
f 1760/2766/9898 1759/2768/9899 1766/2767/9900
f 1767/2769/9901 1676/2496/9902 1768/2770/9903
f 1769/2771/9904 1767/2769/9905 1768/2770/9906
f 1686/2509/9907 1770/2772/9908 1702/2524/9909
f 1686/2509/9910 1676/2496/9911 1767/2769/9912
f 1686/2509/9913 1702/2524/9914 1674/2494/9915
f 1768/2770/9916 1676/2496/9917 1771/2773/9918
f 1675/2495/9919 1679/2502/9920 1676/2496/9921
f 1674/2494/9922 1702/2524/9061 1677/2497/9923
f 1752/2747/9924 1745/2740/9925 1749/2744/9926
f 1756/2752/9927 1740/2753/9928 1739/2757/9929
f 1772/2774/9930 1704/2527/9931 1695/2519/9932
f 1676/2496/9933 1679/2502/9934 1771/2773/9935
f 1772/2774/9936 1748/2743/9937 1704/2527/9938
f 1700/2522/9939 1699/2521/9940 1711/2533/9941
f 1724/2724/9942 1773/2775/9943 1713/2540/9944
f 1711/2533/9945 1699/2521/9946 1695/2519/9947
f 1695/2519/9948 1699/2521/9949 1772/2774/9950
f 1664/2485/9951 1662/2487/9952 1774/2776/9953
f 1666/2489/9954 1775/2777/9955 1774/2776/9956
f 1662/2487/9957 1666/2489/9958 1774/2776/9959
f 1664/2485/9960 1723/2721/9961 1692/2516/9962
f 1762/2760/9963 1723/2721/9964 1729/2720/9965
f 1726/2778/9966 1664/2485/9967 1774/2776/9968
f 1775/2777/9969 1726/2778/9970 1774/2776/9971
f 1723/2721/9972 1762/2760/9973 1692/2516/9974
f 1723/2721/9975 1664/2485/9976 1726/2778/9977
f 525/2764/9978 532/2733/9979 526/2481/9980
f 1692/2516/9981 1762/2760/9982 1693/2517/9983
f 1775/2777/9984 1776/2779/9985 1685/2506/9986
f 1713/2540/9987 1773/2775/9988 1701/2523/9989
f 1707/2530/9990 1776/2779/9991 1775/2777/9992
f 1685/2506/9993 1776/2779/9994 1680/2500/9995
f 1666/2489/9996 1707/2530/9997 1775/2777/9998
f 1777/2780/9999 1778/2781/10000 1699/2521/10001
f 1733/2754/10002 1736/2730/10003 1729/2720/10004
f 1684/2507/10005 1726/2778/10006 1685/2506/10007
f 1699/2521/10008 1778/2781/10009 1772/2774/10010
f 1777/2780/10011 1699/2521/10012 1701/2523/10013
f 1684/2507/10014 1688/2722/10015 1726/2778/10016
f 1771/2773/10017 1679/2502/10018 1742/2737/10019
f 1684/2507/10020 1732/2751/10021 1688/2722/10022
f 1747/2742/10023 1753/2748/10024 1749/2744/10025
f 1694/2518/10026 1711/2533/10027 1695/2519/10028
f 1726/2778/10029 1688/2722/10030 1723/2721/10031
f 1688/2722/10032 1732/2751/10033 1733/2754/10034
f 1748/2743/10035 1772/2774/10036 1753/2748/10037
f 1757/2756/10038 1756/2752/10039 1739/2757/10040
f 1729/2720/10041 1688/2722/10042 1733/2754/10043
f 1775/2777/10044 1685/2506/10045 1726/2778/10046
f 1779/2782/10047 1741/2736/10048 1710/2534/10049
f 1734/2723/10050 1779/2782/10051 1710/2534/10052
f 1757/2756/10053 1758/2755/10054 1763/2762/10055
f 1732/2751/10056 1755/2750/10057 1733/2754/10058
f 1736/2730/10059 1718/2729/10060 1729/2720/10061
f 1780/2783/10062 1781/2784/10063 1782/2785/10064
f 1783/2786/10065 1784/2787/10066 1785/2788/10067
f 1786/2789/10068 1787/2790/10069 1788/2791/10070
f 1780/2783/10071 1790/2792/10072 1781/2784/10073
f 1789/2793/10074 1791/2794/10075 1802/2795/10076
f 1786/2789/10077 1794/2796/10078 1795/2797/10079
f 1792/2798/10080 1798/2799/10081 1836/2800/10082
f 1792/2798/10083 1799/2801/10084 1798/2799/10085
f 1804/2802/10086 1805/2803/10087 1806/2804/10088
f 537/2805/10089 536/2806/10090 535/2807/10091
f 1803/2808/10092 1804/2802/10093 1784/2787/10094
f 1807/2809/10095 1797/2810/10096 1784/2787/10097
f 1787/2790/10098 1786/2789/10099 1795/2797/10100
f 1809/2811/10101 1808/2812/10102 1810/2813/10103
f 1841/2814/10104 1808/2812/10105 1812/2815/10106
f 540/2816/10107 538/2817/10108 539/2818/10109
f 1797/2810/10110 1803/2808/10111 1784/2787/10112
f 1815/2819/10113 1793/2820/10114 1816/2821/10115
f 1802/2795/10116 1817/2822/10117 1799/2801/10118
f 1817/2822/10119 1793/2820/10120 1815/2819/10121
f 1818/2823/10122 1799/2801/10123 1817/2822/10124
f 1793/2820/10125 1820/2824/10126 1816/2821/10127
f 1793/2820/10128 1817/2822/10129 1802/2795/10130
f 1821/2825/10131 1799/2801/10132 1818/2823/10133
f 1824/2826/10134 1825/2827/10135 1823/2828/10136
f 1783/2786/10137 1827/2829/10138 1828/2830/10139
f 1829/2831/10140 1828/2830/10141 1830/2832/10142
f 1803/2808/10143 1797/2810/10144 1824/2826/10145
f 1823/2828/10146 1825/2827/10147 1822/2833/10148
f 1824/2826/10149 1797/2810/10150 1813/2834/10151
f 1813/2834/10152 1798/2799/10153 1825/2827/10154
f 1831/2835/10155 1832/2836/10156 1823/2828/10157
f 1813/2834/10158 1825/2827/10159 1824/2826/10160
f 1798/2799/10161 1819/2837/10162 1825/2827/10163
f 1822/2833/10164 1833/2838/10165 1823/2828/10166
f 1824/2826/10167 1823/2828/10168 1834/2839/10169
f 1819/2837/10170 1799/2801/10171 1821/2825/10172
f 1825/2827/10173 1819/2837/10174 1822/2833/10175
f 1832/2836/10176 1834/2839/10177 1823/2828/10178
f 1829/2831/10179 1794/2796/10180 1786/2789/10181
f 1794/2796/10182 1829/2831/10183 1830/2832/10184
f 1837/2840/10185 1838/2841/10186 1810/2813/10187
f 1840/2842/10188 1838/2841/10189 1837/2840/10190
f 1837/2840/10191 1835/2843/10192 1796/2844/10193
f 1841/2814/10194 1812/2815/10195 1811/2845/10196
f 1810/2813/10197 1808/2812/10198 1841/2814/10199
f 1842/2846/10200 1835/2843/10201 1837/2840/10202
f 1789/2793/10203 1835/2843/10204 1843/2847/10205
f 1792/2798/10206 1836/2800/10207 1789/2793/10208
f 1842/2846/10209 1839/2848/10210 1800/2849/10211
f 1841/2814/10212 1837/2840/10213 1810/2813/10214
f 1844/2850/10215 1822/2833/10216 1845/2851/10217
f 1790/2792/10218 1809/2811/10219 1846/2852/10220
f 1790/2792/10221 1808/2812/10222 1809/2811/10223
f 1800/2849/10224 1839/2848/10225 1801/2853/10226
f 1789/2793/10227 1836/2800/10228 1835/2843/10229
f 1847/2854/10230 1846/2852/10231 1809/2811/10232
f 1848/2855/10233 1847/2854/10234 1809/2811/10235
f 1841/2814/10236 1842/2846/10237 1837/2840/10238
f 1849/2856/10239 1847/2854/10240 1848/2855/10241
f 1789/2793/10242 1843/2847/10243 1800/2849/10244
f 1839/2848/10245 1842/2846/10246 1811/2845/10247
f 1850/2857/10248 1851/2858/10249 1852/2859/10250
f 1842/2846/10251 1800/2849/10252 1843/2847/10253
f 1853/2860/10254 1854/2861/10255 1855/2862/10256
f 2981/2863/10257 2960/2557/10258 2992/2864/10259
f 2992/2864/10260 2960/2557/10261 2959/2865/10262
f 2987/2553/10263 2978/2565/10264 2977/2623/10265
f 2927/2866/10266 2982/2611/10267 2974/2867/10268
f 2983/2868/10269 2984/2633/10270 2990/2610/10271
f 2991/2618/10272 2989/2604/10273 2984/2633/10274
f 2960/2557/10275 2981/2863/10276 2978/2565/10277
f 2990/2610/10278 2988/2609/10279 2983/2868/10280
f 2988/2609/10281 2966/2628/10282 2983/2868/10283
f 2914/2634/10284 2966/2628/10285 2988/2609/10286
f 2966/2628/10287 2985/2627/10288 2983/2868/10289
f 2927/2866/10290 2966/2628/10291 2914/2634/10292
f 2977/2623/10293 2986/2554/10294 2987/2553/10295
f 2984/2633/10296 2983/2868/10297 2985/2627/10298
f 2936/2574/10299 2982/2611/10300 2927/2866/10301
f 2981/2863/10302 2980/2869/10303 2978/2565/10304
f 2979/2622/10305 2978/2565/10306 2980/2869/10307
f 2944/2602/10308 2970/2870/10309 2976/2631/10310
f 2975/2636/10311 2966/2628/10312 2927/2866/10313
f 2927/2866/10314 2974/2867/10315 2975/2636/10316
f 2923/2561/10317 2952/2556/10318 2912/2871/10319
f 2968/2872/10320 2956/2873/10321 2955/2615/10322
f 2964/2621/9352 2963/2874/10323 2913/2875/10324
f 2927/2866/10325 2917/2876/10326 2936/2574/10327
f 2961/2555/10328 2933/2589/10329 2910/2592/10330
f 2920/2546/10331 2917/2876/10332 2973/2544/10333
f 2918/2877/10334 2917/2876/10335 2927/2866/10336
f 2917/2876/10337 2916/2566/10338 2973/2544/10339
f 2911/2593/10340 2958/2571/10341 2912/2871/10342
f 2925/2878/10343 2960/2557/10344 2926/2559/10345
f 2923/2561/10346 2935/2635/10347 2972/2562/10348
f 2934/2587/10349 2923/2561/10350 2912/2871/10351
f 2925/2878/10352 2924/2879/10353 2913/2875/10324
f 2913/2875/10354 2924/2879/10355 2914/2634/10356
f 2921/2880/10357 2922/2550/10358 2972/2562/10359
f 2910/2592/10360 2912/2871/10361 2952/2556/10362
f 2962/2594/10363 2961/2555/10364 2953/2569/10365
f 2971/2625/10366 2935/2635/10367 2955/2615/10368
f 2935/2635/10369 2971/2625/10370 2921/2880/10371
f 2938/2881/10372 2921/2880/10373 2971/2625/10374
f 2921/2880/10375 2972/2562/10376 2935/2635/10377
f 2940/2882/10378 2971/2625/10379 2956/2873/10380
f 2950/2607/10381 2967/2606/10382 2955/2615/10383
f 2962/2594/10384 2920/2546/10385 2961/2555/10386
f 2944/2602/10387 2969/2601/10388 2970/2870/10389
f 2967/2606/10390 2968/2872/10391 2955/2615/10392
f 2918/2877/10393 2927/2866/10394 2924/2879/10395
f 2948/2614/10396 2965/2612/10397 2942/2613/10398
f 2936/2574/10399 2919/2596/10400 2929/2575/10401
f 2915/2619/9350 2964/2621/10402 2913/2875/10324
f 2963/2874/10323 2925/2878/10352 2913/2875/10324
f 2920/2546/10403 2919/2596/10404 2917/2876/10405
f 2925/2878/10406 2959/2865/10407 2960/2557/10408
f 2934/2587/10409 2965/2612/10410 2935/2635/10411
f 2918/2877/10412 2926/2559/10413 2916/2566/10414
f 2958/2571/10415 2934/2587/10416 2912/2871/10417
f 2926/2559/10413 2918/2877/10412 2924/2879/10418
f 2957/2883/10419 2941/2626/10420 2940/2882/10421
f 2947/2616/10422 2942/2613/10423 2945/2884/10424
f 2971/2625/10425 2955/2615/10426 2956/2873/10427
f 2954/2632/10428 2945/2884/10429 2949/2630/10430
f 2910/2592/10431 2952/2556/10432 2953/2569/10433
f 2951/2624/10434 2938/2881/10435 2971/2625/10436
f 2946/2885/10437 2950/2607/10438 2947/2616/10439
f 2949/2630/10440 2945/2884/10441 2942/2613/10442
f 2949/2630/10443 2942/2613/10444 2944/2602/10445
f 2922/2550/10446 2921/2880/10447 2939/2563/10448
f 2947/2616/10449 2948/2614/10450 2942/2613/10451
f 2945/2884/10452 2946/2885/10453 2947/2616/10422
f 2942/2613/10454 2943/2573/10455 2944/2602/10456
f 2971/2625/10457 2940/2882/10458 2941/2626/10459
f 2939/2563/10460 2921/2880/10461 2938/2881/10462
f 2936/2574/10463 2917/2876/10464 2919/2596/10465
f 2923/2561/10466 2934/2587/10467 2935/2635/10468
f 2910/2592/10469 2933/2589/10470 2932/2591/10471
f 2930/2590/10472 2931/2579/10473 2932/2591/10474
f 2928/2595/10475 2929/2575/10476 2919/2596/10477
f 2927/2866/10478 2914/2634/10479 2924/2879/10480
f 2924/2879/10418 2925/2878/10352 2926/2559/10413
f 2916/2566/10481 2917/2876/10482 2918/2877/10483
f 2913/2875/10484 2914/2634/10485 2915/2619/10486
f 2910/2592/10487 2911/2593/10488 2912/2871/10489
f 1842/2846/10490 1843/2847/10491 1835/2843/10492
f 1811/2845/10493 1842/2846/10494 1841/2814/10495
f 535/2807/10496 542/582/10497 537/2805/10498
f 1840/2842/10499 1837/2840/10500 1796/2844/10501
f 1851/2858/10502 1856/2886/10503 1857/2887/10504
f 1859/2888/10505 1860/2889/10506 1861/2890/10507
f 1862/2891/10508 1863/2892/10509 1864/2893/10510
f 1852/2859/10511 1854/2861/10512 1850/2857/10513
f 1852/2859/10514 1855/2862/10515 1854/2861/10516
f 1856/2886/10517 1851/2858/10518 1850/2857/10519
f 1851/2858/10502 1865/2894/10520 1852/2859/10521
f 540/2816/10522 528/583/10523 542/582/10524
f 1828/2830/10525 1829/2831/10526 1783/2786/10527
f 529/2483/10528 528/583/10529 540/2816/10530
f 1807/2809/10531 1783/2786/10532 1829/2831/10533
f 537/2805/10534 542/582/10535 543/581/10536
f 1867/2895/10537 1860/2889/10538 1859/2888/10539
f 1845/2851/10540 1859/2888/10541 1861/2890/10542
f 1859/2888/10543 1821/2825/10544 1867/2895/10545
f 1868/2896/10546 1833/2838/10547 1822/2833/10548
f 1867/2895/10549 1826/2897/10550 1869/2898/10551
f 1823/2828/10552 1833/2838/10553 1831/2835/10554
f 1868/2896/10555 1822/2833/10556 1844/2850/10557
f 1810/2813/10558 1870/2899/10559 1848/2855/10560
f 1809/2811/10561 1810/2813/10562 1848/2855/10563
f 1870/2899/10564 1810/2813/10565 1838/2841/10566
f 1826/2897/10567 1867/2895/10568 1821/2825/10569
f 1866/2900/10570 1854/2861/10571 1871/2901/10572
f 1844/2850/10573 1845/2851/10574 1861/2890/10575
f 1871/2901/10576 1791/2794/10577 1866/2900/10578
f 1872/2902/10579 1814/2903/10580 1850/2857/10581
f 1871/2901/10582 1793/2820/10583 1791/2794/10584
f 1812/2815/10585 1814/2903/10586 1811/2845/10587
f 1873/2904/10588 1796/2844/10589 1835/2843/10590
f 1796/2844/10591 1873/2904/10592 1797/2810/10593
f 1873/2904/10594 1813/2834/10595 1797/2810/10596
f 1835/2843/10597 1836/2800/10598 1873/2904/10599
f 1872/2902/10600 1854/2861/10601 1866/2900/10602
f 1801/2853/10603 1872/2902/10604 1866/2900/10605
f 1796/2844/10606 1788/2791/10607 1840/2842/10608
f 1850/2857/10609 1854/2861/10610 1872/2902/10611
f 1872/2902/10612 1801/2853/10613 1811/2845/10614
f 1839/2848/10615 1811/2845/10616 1801/2853/10617
f 1872/2902/10618 1811/2845/10619 1814/2903/10620
f 1850/2857/10621 1814/2903/10622 1858/2905/10623
f 1876/2906/10624 1867/2895/10625 1869/2898/10626
f 1862/2891/10627 1864/2893/10628 1830/2832/10629
f 1830/2832/10630 1874/2907/10631 1794/2796/10632
f 1874/2907/10633 1877/2908/10634 1794/2796/10635
f 1822/2833/10636 1819/2837/10637 1845/2851/10638
f 1795/2797/10639 1794/2796/10640 1877/2908/10641
f 1878/2909/10642 1876/2906/10643 1869/2898/10644
f 540/2816/10645 542/582/10646 535/2807/10647
f 1879/2910/10648 1878/2909/10642 1869/2898/10649
f 1805/2803/10650 1804/2802/10651 1834/2839/10652
f 1819/2837/10653 1859/2888/10654 1845/2851/10655
f 1824/2826/10656 1834/2839/10657 1804/2802/10658
f 2799/828/10659 2773/327/10660 2800/519/10661
f 1821/2825/10662 1859/2888/10663 1819/2837/10664
f 1834/2839/10665 1875/2911/10666 1805/2803/10667
f 1824/2826/10668 1804/2802/10669 1803/2808/10670
f 1793/2820/10671 1871/2901/10672 1820/2824/10673
f 1785/2788/10674 1784/2787/10675 1806/2804/10676
f 1866/2900/10677 1791/2794/10678 1800/2849/10679
f 1864/2893/10680 1874/2907/10681 1830/2832/10682
f 1871/2901/10683 1854/2861/10684 1880/2912/10685
f 1880/2912/10686 1854/2861/10687 1853/2860/10688
f 1797/2810/10689 1807/2809/10690 1788/2791/10691
f 1789/2793/10692 1800/2849/10693 1791/2794/10694
f 1819/2837/10695 1798/2799/10696 1799/2801/10697
f 1786/2789/10698 1788/2791/10699 1807/2809/10700
f 1800/2849/10701 1801/2853/10702 1866/2900/10703
f 1836/2800/10704 1813/2834/10705 1873/2904/10706
f 1807/2809/10707 1784/2787/10708 1783/2786/10709
f 1791/2794/10710 1793/2820/10711 1802/2795/10712
f 1792/2798/10713 1802/2795/10714 1799/2801/10715
f 1802/2795/10716 1792/2798/10717 1789/2793/10718
f 1807/2809/10719 1829/2831/10720 1786/2789/10721
f 1780/2783/10722 1881/2913/10723 1814/2903/10724
f 1881/2913/10725 1780/2783/10726 1782/2785/10727
f 1814/2903/10728 1812/2815/10729 1780/2783/10730
f 1881/2913/10731 1858/2905/10732 1814/2903/10733
f 1780/2783/10734 1808/2812/10735 1790/2792/10736
f 1784/2787/10737 1804/2802/10738 1806/2804/10739
f 1813/2834/10740 1836/2800/10741 1798/2799/10742
f 1780/2783/10743 1812/2815/10744 1808/2812/10745
f 1788/2791/10746 1796/2844/10747 1797/2810/10748
f 534/2763/10749 530/2482/10750 541/2914/10751
f 1891/2915/10752 1883/2916/10753 1886/2917/10754
f 1892/2918/10755 1887/2919/10756 1893/2920/10757
f 1886/2917/10758 1894/2921/10759 1882/2922/10760
f 1897/2923/10761 1898/2924/10762 1891/2915/10763
f 533/2925/10764 525/2764/10765 534/2763/10766
f 1896/2926/10767 1900/2927/10768 1895/2928/10769
f 1888/2929/10770 1887/2919/10771 1895/2928/10772
f 1900/2927/10773 1890/2930/10774 1889/2931/10775
f 1883/2916/10776 1884/2932/10777 1886/2917/10778
f 1900/2927/10779 1896/2926/10780 1890/2930/10781
f 1899/2933/10782 1902/2934/10783 1901/2935/10784
f 1900/2927/10785 1889/2931/10786 1888/2929/10787
f 1899/2933/10788 1892/2918/10789 1893/2920/10790
f 1895/2928/10791 1892/2918/10792 1896/2926/10793
f 1903/2936/10794 1897/2923/10795 1886/2917/10796
f 1905/2937/10797 1893/2920/10798 1887/2919/10799
f 1888/2929/10800 1906/2938/10801 1905/2937/10802
f 1907/2939/10803 1908/2940/10804 1909/2941/10805
f 1891/2915/10806 1898/2924/10807 1890/2930/10808
f 1884/2932/10809 1885/2942/10810 1910/2943/10811
f 1909/2941/10805 1911/2944/10812 1907/2939/10813
f 525/2764/10814 526/2481/10815 530/2482/10816
f 1897/2923/10817 1891/2915/10818 1886/2917/10819
f 1899/2933/10820 1912/2945/10821 1902/2934/10822
f 1913/2946/10823 1888/2929/10824 1907/2939/10825
f 1888/2929/10826 1889/2931/10827 1907/2939/10828
f 1908/2940/10829 1907/2939/10830 1889/2931/10831
f 1900/2927/10832 1888/2929/10833 1895/2928/10834
f 1912/2945/10835 1899/2933/10836 1893/2920/10837
f 1889/2931/10838 1904/2947/10839 1908/2940/10840
f 1891/2915/10841 1890/2930/10842 1896/2926/10843
f 544/2948/10844 541/2914/10845 545/2949/10846
f 1895/2928/10847 1887/2919/10848 1892/2918/10849
f 1896/2926/10850 1883/2916/10851 1891/2915/10852
f 1887/2919/10853 1888/2929/10854 1905/2937/10855
f 1886/2917/10856 1884/2932/10857 1894/2921/10858
f 1910/2943/10859 1885/2942/10860 1914/2950/10861
f 1914/2950/10862 1915/2951/10863 1910/2943/10864
f 1888/2929/10865 1913/2946/10866 1916/2952/10867
f 1916/2952/10868 1906/2938/10869 1888/2929/10870
f 1920/2953/10871 1917/2954/10872 1921/2955/10873
f 1917/2954/10874 1903/2936/10875 1921/2955/10876
f 1903/2936/10877 1917/2954/10878 1918/2956/10879
f 1882/2922/10880 1923/2957/10881 1924/2958/10882
f 1925/2959/10883 1926/2960/10884 1924/2958/10885
f 1924/2958/10886 1921/2955/10887 1882/2922/10888
f 1922/2961/10889 1882/2922/10890 1894/2921/10891
f 1903/2936/10892 1886/2917/10893 1921/2955/10894
f 1926/2960/10895 1921/2955/10896 1924/2958/10897
f 1882/2922/10898 1921/2955/10899 1886/2917/10900
f 1919/2962/10901 1903/2936/10902 1918/2956/10903
f 1883/2916/10904 1896/2926/10905 1892/2918/10906
f 1884/2932/10907 1899/2933/10908 1885/2942/10909
f 1927/2963/10910 1904/2947/10911 1890/2930/10912
f 1904/2947/10913 1889/2931/10914 1890/2930/10915
f 1899/2933/10916 1883/2916/10917 1892/2918/10918
f 1928/2964/10919 1890/2930/10920 1898/2924/10921
f 1884/2932/10922 1883/2916/10923 1899/2933/10924
f 1928/2964/10925 1927/2963/10926 1890/2930/10927
f 1929/2965/10928 1930/2966/10929 1931/273/10930
f 1934/279/10931 1929/2965/10932 1931/273/10933
f 1935/282/10934 1929/2965/10935 1934/279/10936
f 1937/2967/10937 1932/271/10938 1930/2966/10939
f 1938/2968/10940 1937/2967/10937 1939/2969/10941
f 1939/2969/10941 1937/2967/10937 1930/2966/10939
f 1931/273/10942 1930/2966/10943 1932/271/10944
f 1942/2970/10945 1940/2971/10946 1941/2972/10947
f 1953/2973/10948 1942/2970/10949 1941/2972/10950
f 1945/2974/10951 1953/2973/10952 1943/2975/10953
f 544/2948/10954 534/2763/10955 541/2914/10956
f 1946/2976/10957 1947/2977/10958 1948/2978/10959
f 1980/2979/10960 1944/2980/10961 1949/2981/10962
f 1952/2982/10963 1953/2973/10964 1945/2974/10965
f 1954/2983/10966 1951/2984/10967 1950/2985/10968
f 1959/2986/10969 1960/2987/10970 1961/2988/10971
f 1943/2975/10972 1953/2973/10973 1941/2972/10974
f 1962/2989/10975 1963/2990/10976 1964/2991/10977
f 1949/2981/10978 1968/2992/10979 1980/2979/10980
f 1951/2984/10981 1954/2983/10982 1971/2993/10983
f 1973/2994/10984 1974/2995/10985 1970/2996/10986
f 1975/2997/10987 1960/2987/10988 1959/2986/10989
f 1976/2998/10990 1975/2997/10987 1971/2993/10991
f 1977/2999/10992 1942/2970/10993 1956/3000/10994
f 1972/3001/10995 1948/2978/10996 1947/2977/10997
f 1953/2973/10998 1955/3002/10999 1944/2980/11000
f 1968/2992/11001 1949/2981/11002 1979/3003/11003
f 1944/2980/11004 1980/2979/11005 1942/2970/11006
f 1948/2978/11007 1972/3001/11008 1945/2974/11009
f 1981/3004/11010 1982/3005/11011 1950/2985/11012
f 1979/3003/11013 1978/3006/11014 1968/2992/11015
f 1956/3000/11016 1942/2970/11017 1980/2979/11018
f 1968/2992/11019 1965/3007/11020 1980/2979/11021
f 1968/2992/11022 1967/3008/11023 1965/3007/11024
f 1986/3009/11025 1983/3010/11026 1968/2992/11027
f 1987/3011/11028 1983/3010/11029 1986/3009/11030
f 1968/2992/11031 1969/3012/11032 1986/3009/11033
f 1956/3000/11034 1988/3013/11035 1989/3014/11036
f 1971/2993/11037 1990/3015/11038 1976/2998/10990
f 1959/2986/11039 1957/3016/11040 1951/2984/11041
f 1975/2997/10987 1959/2986/10989 1971/2993/11037
f 1959/2986/11042 1961/2988/11043 1958/3017/11044
f 1984/3018/11045 1985/3019/11046 1993/3020/11047
f 1965/3007/11048 1992/3021/11049 1980/2979/11050
f 1994/3022/11051 1968/2992/11052 1978/3006/11053
f 1963/2990/11054 1962/2989/11055 1965/3007/11056
f 1992/3021/11057 1984/3018/11058 1993/3020/11059
f 1993/3020/11060 1980/2979/11061 1992/3021/11062
f 1967/3008/11063 1968/2992/11064 1983/3010/11065
f 1972/3001/11066 1952/2982/11067 1945/2974/11068
f 1971/2993/10991 1959/2986/11069 1997/3023/11070
f 1997/3023/11071 1959/2986/11072 1951/2984/11073
f 1956/3000/11074 1951/2984/11075 1957/3016/11076
f 1950/2985/11077 1982/3005/11078 1954/2983/11079
f 1963/2990/11080 1965/3007/11081 1995/3024/11082
f 1951/2984/11083 1971/2993/11084 1997/3023/11085
f 1966/3025/11086 1965/3007/11087 1996/3026/11088
f 1954/2983/11089 1990/3015/11090 1971/2993/11091
f 1967/3008/11092 1996/3026/11093 1965/3007/11094
f 545/2949/11095 541/2914/11096 546/425/11097
f 2902/396/11098 2905/3027/11099 2906/401/11100
f 2909/3028/11101 2906/401/11102 2905/3027/11103
f 1956/3000/11104 1957/3016/11105 1988/3013/11106
f 2908/3029/11107 2909/3028/11108 2905/3027/11109
f 1977/2999/11110 1956/3000/11111 1989/3014/11112
f 1956/3000/11113 1950/2985/11114 1951/2984/11115
f 1958/3017/11116 1957/3016/11117 1959/2986/11118
f 1956/3000/11119 1980/2979/11120 1993/3020/11121
f 1962/2989/11122 1991/3030/11123 1965/3007/11124
f 1981/3004/11125 1950/2985/11126 1998/3031/11127
f 2903/3032/11128 2904/3033/11129 2907/3034/11130
f 1995/3024/11131 1965/3007/11132 1966/3025/11133
f 1956/3000/11134 1993/3020/11135 1950/2985/11136
f 1999/3035/11137 1950/2985/11138 1993/3020/11139
f 1953/2973/11140 1944/2980/11141 1942/2970/11142
f 1968/2992/11143 1994/3022/11144 1969/3012/11145
f 1998/3031/11146 1950/2985/11147 1999/3035/11148
f 1948/2978/11149 2000/3036/11150 1970/2996/11151
f 1970/2996/11152 2000/3036/11153 1973/2994/11154
f 2001/3037/11155 1974/2995/11156 1973/2994/11157
f 2000/3036/11158 1948/2978/11159 1945/2974/11160
f 2901/3038/11161 2896/395/11162 2895/392/11163
f 2895/392/11164 2898/404/11165 2901/3038/11166
f 2016/3039/11167 2004/3040/11168 2005/3041/11169
f 2016/3039/11170 2006/289/11171 2007/91/11172
f 2012/3042/11173 2013/300/11174 2014/293/11175
f 2459/1057/11176 2460/1055/11177 2402/612/11178
f 2016/3039/11179 2005/3041/11180 2017/3043/11181
f 2014/293/11182 2015/292/11183 2019/3044/11184
f 2009/330/11185 2021/3045/11186 2022/4/11187
f 2023/3046/11188 2002/286/11189 2024/85/11190
f 2025/3047/11191 2026/3048/11192 2027/3049/11193
f 2021/3045/11194 2011/3050/11195 2028/3051/11196
f 2898/404/11197 2897/3052/11198 2904/3033/11199
f 2028/3051/11200 2011/3050/11201 2023/3046/11202
f 2905/3027/11109 2900/399/11203 2901/3038/11204
f 2029/3053/11205 2019/3044/11206 2015/292/11207
f 2030/3054/11208 2027/3049/11209 2026/3048/11210
f 2031/3055/11211 2032/100/11212 2033/3056/11213
f 2031/3055/11214 2033/3056/11215 2030/3054/11216
f 2027/3049/11217 2030/3054/11218 2034/3057/11219
f 2031/3055/11220 2019/3044/11221 2029/3053/11222
f 2015/292/11223 2036/3058/11224 2029/3053/11225
f 2032/100/11226 2031/3055/11227 2037/1/11228
f 2432/3059/11229 2453/3060/11230 2455/785/11231
f 2033/3056/11232 2023/3046/11233 2011/3050/11234
f 2039/3061/11235 2029/3053/11236 2036/3058/11237
f 2035/3062/11238 2027/3049/11239 2033/3056/11240
f 2834/3063/11241 2835/3064/11242 2836/3065/11243
f 2030/3054/11244 2033/3056/11245 2034/3057/11246
f 2027/3049/11247 2034/3057/11248 2033/3056/11249
f 2030/3054/11250 2019/3044/11251 2031/3055/11252
f 2029/3053/11253 2041/99/11254 2031/3055/11255
f 2019/3044/11256 2012/3042/11257 2014/293/11258
f 2037/1/11259 2031/3055/11260 2041/99/11261
f 2040/302/11262 2036/3058/11263 2015/292/11264
f 2021/3045/11265 2020/313/11266 2011/3050/11267
f 2417/617/11268 2458/613/11269 2418/1595/11270
f 2044/3066/11271 2019/3044/11272 2045/3067/11273
f 2008/290/11274 2006/289/11275 2016/3039/11276
f 2010/3068/11277 2046/3069/11278 2047/3070/11279
f 2447/789/11280 2455/785/11281 2457/784/11282
f 2905/3027/11109 2902/396/11283 2900/399/11203
f 2016/3039/11284 2007/91/11285 2004/3040/11286
f 2813/388/11287 2812/386/11288 2837/3071/11289
f 2022/4/11290 2021/3045/11291 2048/5/11292
f 2021/3045/11293 2028/3051/11294 2048/5/11295
f 2020/313/11296 2008/290/11297 2016/3039/11298
f 3423/309/11299 2049/8/11300 2043/7/11301
f 2045/3067/11302 2019/3044/11303 2030/3054/11304
f 3423/309/11305 2022/4/11306 2049/8/11307
f 2017/3043/11308 2050/3072/11309 2046/3069/11310
f 2051/3073/11311 2044/3066/11312 2045/3067/11313
f 2045/3067/11314 2030/3054/11315 2026/3048/11316
f 2773/327/11317 2805/537/11318 2806/3074/11319
f 2020/313/11320 2010/3068/11321 2011/3050/11322
f 2003/3/11323 2002/286/11324 2032/100/11325
f 2813/388/11326 2825/791/11327 2810/390/11328
f 2904/3033/11329 2903/3032/11330 2898/404/11331
f 2901/3038/11332 2898/404/11333 2903/3032/11334
f 2052/3075/11335 2010/3068/11336 2047/3070/11337
f 2032/100/11338 2002/286/11339 2033/3056/11340
f 2900/399/11341 2896/395/11342 2901/3038/11343
f 2052/3075/11344 2011/3050/11345 2010/3068/11346
f 2029/3053/11347 2039/3061/11348 2041/99/11349
f 2025/3047/11350 2027/3049/11351 2035/3062/11352
f 2052/3075/11353 2035/3062/11354 2011/3050/11355
f 2035/3062/11356 2033/3056/11357 2011/3050/11358
f 2046/3069/11359 2016/3039/11360 2017/3043/11361
f 2457/784/11362 2373/802/11363 2447/789/11364
f 2002/286/11365 2023/3046/11366 2033/3056/11367
f 2807/334/11368 2773/327/11369 2806/3074/11370
f 2828/793/11371 2810/390/11372 2825/791/11373
f 2825/791/11374 2826/2341/11375 2829/792/11376
f 2007/91/11377 2018/332/11378 2004/3040/11379
f 2897/3052/11380 2898/404/11381 2899/763/11382
f 2042/714/11383 2004/3040/11384 2018/332/11385
f 2020/313/11386 2021/3045/11387 2009/330/11388
f 2044/3066/11389 2012/3042/11390 2019/3044/11391
f 2022/4/11392 3423/309/11393 2009/330/11394
f 2010/3068/11395 2016/3039/11396 2046/3069/11397
f 2020/313/11398 2016/3039/11399 2010/3068/11400
f 2053/336/11401 2054/3076/11402 2055/337/11403
f 2057/3077/11404 2054/3076/11405 2058/3078/11406
f 2053/336/11407 2058/3078/11408 2054/3076/11409
f 549/3079/11410 550/431/11411 539/2818/11412
f 2058/3078/11413 2053/336/11414 2059/3080/11415
f 2055/337/11416 2054/3076/11417 2056/339/11418
f 2060/3081/11419 2061/3082/11420 2062/3083/11421
f 2063/3084/11422 2064/3085/11423 2065/3086/11424
f 2066/3087/11425 2067/3088/11426 2068/3089/11427
f 2075/3090/11428 2076/3091/11429 2077/3092/11430
f 2078/3093/11431 2079/3094/11432 2080/3095/11433
f 2083/3096/11434 2084/3097/11435 2085/3098/11436
f 2085/3098/11437 2086/3099/11438 2087/3100/11439
f 2089/3101/11440 2090/3102/11441 2091/3103/11442
f 2091/3103/11443 2092/3104/11444 2093/3105/11445
f 2093/3105/11446 2092/3104/11447 2094/3106/11448
f 2093/3105/11449 2094/3106/11450 2095/3107/11451
f 529/2483/11452 552/3108/11453 530/2482/11454
f 2097/3109/11455 2091/3103/11456 2093/3105/11457
f 2098/3110/11458 2099/3111/11459 2100/3112/11460
f 2101/3113/11461 2099/3111/11462 2098/3110/11463
f 2072/3114/11464 2104/3115/11465 2105/3116/11466
f 2094/3106/11467 2103/3117/11468 2095/3107/11469
f 2095/3107/11470 2103/3117/11471 2102/3118/11472
f 2091/3103/11473 2090/3102/11474 2092/3104/11475
f 2106/3119/11476 2107/3120/11477 2097/3109/11478
f 2097/3109/11479 2107/3120/11477 2091/3103/11480
f 2108/3121/11481 2090/3102/11482 2089/3101/11483
f 2109/3122/11484 2110/3123/11485 2111/3124/11486
f 2114/3125/11487 2072/3114/11488 2105/3116/11489
f 2116/3126/11490 2117/3127/11491 2104/3115/11492
f 2105/3116/11493 2115/3128/11494 2069/3129/11495
f 2118/3130/11496 2076/3091/11497 2119/3131/11498
f 2121/3132/11499 2063/3084/11500 2079/3094/11501
f 2122/3133/11502 2123/3134/11503 2064/3085/11504
f 2064/3085/11423 2121/3132/11505 2124/3135/11506
f 2123/3134/11507 2065/3086/11508 2064/3085/11423
f 2125/3136/11509 2126/3137/11510 2127/3138/11511
f 2128/3139/11512 2079/3094/11513 2129/3140/11514
f 2104/3115/11515 2072/3114/11516 2116/3126/11517
f 2132/3141/11518 2133/3142/11519 2134/3143/11520
f 2117/3127/11521 2135/3144/11522 2104/3115/11523
f 2138/3145/11524 2139/3146/11525 2140/3147/11526
f 2141/3148/11527 2142/3149/11528 2143/3150/11529
f 2144/3151/11530 2145/3152/11531 2146/3153/11532
f 2148/3154/11533 2149/3155/11534 2146/3153/11535
f 2149/3155/11536 2148/3154/11537 2150/3156/11538
f 2150/3156/11539 2151/3157/11540 2149/3155/11541
f 2115/3128/11542 2105/3116/11543 2104/3115/11544
f 2139/3146/11545 2152/3158/11546 2140/3147/11547
f 2149/3155/11541 2144/3151/11530 2146/3153/11532
f 2153/3159/11548 2139/3146/11549 2148/3154/11550
f 2154/3160/11551 2139/3146/11552 2153/3159/11553
f 2139/3146/11554 2151/3157/11555 2150/3156/11556
f 2155/3161/11557 2156/3162/11558 2061/3082/11559
f 2139/3146/11560 2138/3145/11561 2151/3157/11562
f 2139/3146/11563 2154/3160/11564 2152/3158/11565
f 2134/3143/11566 2141/3148/11567 2143/3150/11568
f 2139/3146/11569 2150/3156/11570 2148/3154/11571
f 2147/3163/11572 2157/3164/11573 2136/3165/11574
f 2158/3166/11575 2159/3167/11576 2160/3168/11577
f 2157/3164/11578 2147/3163/11579 2161/3169/11580
f 2114/3125/11581 2105/3116/11582 2069/3129/11583
f 2110/3123/11584 2164/3170/11585 2081/3171/11586
f 2165/3172/11587 2125/3136/11588 2163/3173/11589
f 2135/3144/11590 2120/3174/11591 2104/3115/11592
f 2166/3175/11593 2167/3176/11594 2168/3177/11595
f 2142/3149/11596 2169/3178/11597 2143/3150/11598
f 2134/3143/11599 2121/3132/11600 2130/3179/11601
f 2170/3180/11602 2160/3168/11603 2159/3167/11604
f 2171/3181/11605 2172/3182/11606 2173/3183/11607
f 2134/3143/11608 2143/3150/11609 2132/3141/11610
f 2174/3184/11611 2175/3185/11612 2176/3186/11613
f 2127/3138/11614 2122/3133/11615 2162/3187/11616
f 2115/3128/11617 2177/3188/11618 2178/3189/11619
f 2179/3190/11620 2076/3091/11621 2075/3090/11622
f 2079/3094/11623 2130/3179/11624 2121/3132/11625
f 2141/3148/11626 2134/3143/11627 2130/3179/11628
f 2115/3128/11629 2178/3189/11630 2069/3129/11631
f 2182/3191/11632 2183/3192/11633 2184/3193/11634
f 2185/3194/11635 2183/3192/11636 2182/3191/11637
f 2185/3194/11638 2187/3195/11639 2183/3192/11640
f 2103/3117/11641 2182/3191/11642 2184/3193/11643
f 2103/3117/11644 2184/3193/11645 2102/3118/11646
f 2177/3188/11647 2115/3128/11648 2188/3196/11649
f 2189/3197/11650 2174/3184/11651 2176/3186/11652
f 2104/3115/11653 2188/3196/11654 2115/3128/11655
f 2083/3096/11656 2191/3198/11657 2142/3149/11658
f 2194/3199/11659 2195/3200/11660 2196/3201/11661
f 2062/3083/11662 2088/3202/11663 2060/3081/11664
f 2199/3203/11665 2143/3150/11666 2169/3178/11667
f 2195/3200/11668 2198/3204/11669 2196/3201/11670
f 2197/3205/11671 2198/3204/11672 2195/3200/11673
f 2195/3200/11674 2200/3206/11675 2197/3205/11676
f 2201/3207/11677 2198/3204/11678 2197/3205/11679
f 2198/3204/11680 2201/3207/11681 2202/3208/11682
f 2192/3209/11683 2191/3198/11684 2194/3199/11685
f 2083/3096/11686 2193/3210/11687 2191/3198/11688
f 2142/3149/11689 2191/3198/11690 2169/3178/11691
f 2192/3209/11692 2194/3199/11693 2203/3211/11694
f 2192/3209/11695 2169/3178/11696 2191/3198/11697
f 2192/3209/11698 2203/3211/11699 2116/3126/11700
f 2195/3200/11701 2193/3210/11702 2200/3206/11703
f 2195/3200/11704 2194/3199/11705 2191/3198/11706
f 2179/3190/11707 2119/3131/11708 2076/3091/11709
f 2176/3186/11710 2204/3212/11711 2189/3197/11712
f 2174/3184/11713 2179/3190/11714 2075/3090/11715
f 2076/3091/11716 2118/3130/11717 2205/3213/11718
f 2176/3186/11719 2180/3214/11720 2204/3212/11721
f 2206/3215/11722 2103/3117/11723 2186/3216/11724
f 2210/3217/11725 2125/3136/11726 2165/3172/11727
f 2190/3218/11728 2204/3212/11729 2180/3214/11730
f 2176/3186/11731 2211/3219/11732 2180/3214/11733
f 2212/3220/11734 2209/3221/11735 2207/3222/11736
f 2213/3223/11737 2205/3213/11738 2214/3224/11739
f 2215/3225/11740 2210/3217/11741 2165/3172/11742
f 2216/3226/11743 2209/3221/11744 2212/3220/11745
f 2216/3226/11746 2074/3227/11747 2209/3221/11748
f 2205/3213/11749 2218/3228/11750 2215/3225/11751
f 2219/3229/11752 2220/3230/11753 2099/3111/11754
f 2214/3224/11755 2165/3172/11756 2163/3173/11757
f 2094/3106/11758 2186/3216/11759 2103/3117/11760
f 2207/3222/11761 2208/3231/11762 2212/3220/11763
f 2223/3232/11764 2060/3081/11765 2173/3183/11766
f 2220/3230/11767 2100/3112/11768 2099/3111/11769
f 2223/3232/11770 2224/3233/11771 2225/3234/11772
f 2094/3106/11773 2227/3235/11774 2186/3216/11775
f 2219/3229/11776 2099/3111/11777 2228/3236/11778
f 2213/3223/11779 2214/3224/11780 2209/3221/11781
f 2229/3237/11782 2222/3238/11783 2221/3239/11784
f 2226/3240/11785 2148/3154/11786 2146/3153/11787
f 2231/3241/11788 2224/3233/11789 2173/3183/11790
f 2173/3183/11791 2224/3233/11792 2223/3232/11793
f 2157/3164/11794 2161/3169/11795 2177/3188/11796
f 2159/3167/11797 2230/3242/11798 2170/3180/11799
f 2221/3239/11800 2232/3243/11801 2229/3237/11802
f 2221/3239/11803 2224/3233/11804 2232/3243/11805
f 2159/3167/11806 2180/3214/11807 2211/3219/11808
f 2230/3242/11809 2159/3167/11810 2211/3219/11811
f 2172/3182/11812 2233/3244/11813 2231/3241/11814
f 2180/3214/11815 2159/3167/11816 2158/3166/11817
f 2178/3189/11818 2170/3180/11819 2230/3242/11820
f 2170/3180/11821 2178/3189/11822 2177/3188/11823
f 2207/3222/11824 2209/3221/11825 2214/3224/11826
f 2206/3215/11827 2145/3152/11828 2234/3245/11829
f 2177/3188/11830 2161/3169/11831 2170/3180/11832
f 2224/3233/11833 2221/3239/11834 2225/3234/11835
f 2181/3246/11836 2235/3247/11837 2236/3248/11838
f 2173/3183/11839 2172/3182/11840 2231/3241/11841
f 2230/3242/11842 2069/3129/11843 2178/3189/11844
f 2232/3243/11845 2224/3233/11846 2237/3249/11847
f 2220/3230/11848 2238/3250/11849 2100/3112/11850
f 2239/3251/11851 2157/3164/11852 2177/3188/11853
f 2237/3249/11854 2224/3233/11855 2231/3241/11856
f 2186/3216/11857 2145/3152/11858 2206/3215/11859
f 2233/3244/11860 2240/3252/11861 2241/3253/11862
f 2213/3223/11863 2209/3221/11864 2074/3227/11865
f 2186/3216/11866 2227/3235/11867 2145/3152/11868
f 2145/3152/11869 2226/3240/11870 2146/3153/11871
f 2220/3230/11872 2242/3254/11873 2243/3255/11874
f 2227/3235/11875 2226/3240/11876 2145/3152/11877
f 2111/3124/11878 2081/3171/11879 2244/3256/11880
f 2094/3106/11881 2226/3240/11882 2227/3235/11883
f 2220/3230/11884 2243/3255/11885 2238/3250/11886
f 2235/3247/11887 2246/3257/11888 2236/3248/11889
f 2242/3254/11890 2245/3258/11891 2243/3255/11892
f 2247/3259/11893 2248/3260/11894 2249/3261/11895
f 2250/3262/11896 2096/3263/11897 2131/3264/11898
f 2080/3095/11899 2079/3094/11900 2063/3084/11901
f 2074/3227/11902 2073/3265/11903 2213/3223/11904
f 2070/3266/11905 2241/3253/11906 2240/3252/11907
f 2211/3219/11908 2175/3185/11909 2252/3267/11910
f 2085/3098/11911 2087/3100/11912 2193/3210/11913
f 2073/3265/11914 2253/3268/11915 2252/3267/11916
f 2070/3266/11917 2240/3252/11918 2254/3269/11919
f 2195/3200/11920 2191/3198/11921 2193/3210/11922
f 2241/3253/11923 2255/3270/11924 2233/3244/11925
f 2240/3252/11926 2233/3244/11927 2172/3182/11928
f 2088/3202/11929 2256/3271/11930 2071/3272/11931
f 2179/3190/11932 2258/3273/11933 2119/3131/11934
f 2165/3172/11935 2205/3213/11936 2215/3225/11937
f 2212/3220/11938 2133/3142/11939 2216/3226/11940
f 2259/3274/11941 2260/3275/11942 2261/3276/11943
f 2259/3274/11944 2188/3196/11945 2260/3275/11946
f 2087/3100/11947 2086/3099/11948 2262/3277/11949
f 2188/3196/11950 2104/3115/11951 2120/3174/11952
f 2205/3213/11749 2118/3130/11953 2218/3228/11750
f 2203/3211/11954 2263/3278/11955 2117/3127/11956
f 2135/3144/11957 2117/3127/11958 2263/3278/11959
f 2198/3204/11960 2202/3208/11961 2196/3201/11962
f 2263/3278/11963 2194/3199/11964 2264/3279/11965
f 2265/3280/11966 2234/3245/11967 2145/3152/11531
f 2205/3213/11968 2213/3223/11969 2076/3091/11970
f 2205/3213/11971 2165/3172/11972 2214/3224/11973
f 2264/3279/11974 2196/3201/11975 2266/3281/11976
f 2249/3261/11977 2267/3282/11978 2155/3161/11979
f 2073/3265/11980 2077/3092/11981 2213/3223/11982
f 2155/3161/11983 2268/3283/11984 2156/3162/11985
f 2194/3199/11986 2196/3201/11975 2264/3279/11987
f 2203/3211/11988 2194/3199/11989 2263/3278/11990
f 2202/3208/11991 2266/3281/11992 2196/3201/11993
f 2199/3203/11994 2192/3209/11995 2269/3284/11996
f 2270/3285/11997 2060/3081/11998 2247/3259/11999
f 2117/3127/12000 2116/3126/12001 2203/3211/12002
f 2077/3092/12003 2076/3091/12004 2213/3223/12005
f 2132/3141/12006 2253/3268/12007 2216/3226/12008
f 2171/3181/12009 2071/3272/12010 2254/3269/12011
f 2065/3086/11424 2080/3095/12012 2063/3084/12013
f 2268/3283/12014 2267/3282/12015 2082/3286/12016
f 2121/3132/12017 2064/3085/11423 2063/3084/12018
f 2256/3271/12019 2088/3202/12020 2062/3083/12021
f 2069/3129/12022 2252/3267/12023 2114/3125/12024
f 2062/3083/12025 2272/3287/12026 2256/3271/12027
f 2131/3264/12028 2273/3288/12029 2274/3289/12030
f 2212/3220/12031 2124/3135/12032 2121/3132/12033
f 2275/3290/12034 2228/3236/12035 2101/3113/12036
f 2064/3085/12037 2124/3135/12038 2162/3187/12039
f 2216/3226/12040 2133/3142/12041 2132/3141/12042
f 2226/3240/12043 2092/3104/12044 2153/3159/12045
f 2127/3138/12046 2162/3187/12047 2125/3136/12048
f 2172/3182/12049 2171/3181/12050 2254/3269/12051
f 2206/3215/12052 2182/3191/12053 2103/3117/12054
f 2247/3259/12055 2225/3234/12056 2248/3260/12057
f 2254/3269/12058 2071/3272/12059 2070/3266/12060
f 2172/3182/12061 2254/3269/12062 2240/3252/12063
f 2277/3291/12064 2279/3292/12065 2259/3274/12066
f 2278/3293/12067 2277/3291/12068 2259/3274/12069
f 2072/3114/12070 2280/3294/12071 2116/3126/12072
f 2281/3295/12073 2084/3097/12074 2141/3148/12075
f 2247/3259/12076 2223/3232/12077 2225/3234/12078
f 2217/3296/12079 2070/3266/12080 2251/3297/12081
f 2098/3110/12082 2282/3298/12083 2283/3299/12084
f 2101/3113/12085 2098/3110/12086 2283/3299/12087
f 2228/3236/12088 2099/3111/12089 2101/3113/12090
f 2163/3173/12091 2208/3231/12092 2214/3224/12093
f 2284/3300/12094 2067/3088/12095 2087/3100/12096
f 2086/3099/12097 2285/3301/12098 2286/3302/12099
f 2214/3224/12100 2208/3231/12101 2207/3222/12102
f 2217/3296/12103 2241/3253/12104 2070/3266/12105
f 2269/3284/12106 2116/3126/12107 2280/3294/12108
f 2287/3303/12109 2275/3290/12110 2101/3113/12111
f 2193/3210/12112 2087/3100/12113 2066/3087/12114
f 2064/3085/12115 2162/3187/12116 2122/3133/12117
f 2171/3181/12118 2088/3202/12119 2071/3272/12120
f 2176/3186/12121 2175/3185/12122 2211/3219/12123
f 2286/3302/12124 2285/3301/12125 2251/3297/12126
f 2289/3304/12127 2113/3305/12128 2274/3289/12129
f 2082/3286/12130 2250/3262/12131 2268/3283/12132
f 2073/3265/12133 2175/3185/12134 2077/3092/12135
f 2251/3297/12136 2285/3301/12137 2217/3296/12138
f 2290/3306/12139 2284/3300/12140 2262/3277/12141
f 2174/3184/12142 2077/3092/12143 2175/3185/12144
f 2216/3226/12145 2253/3268/12146 2073/3265/12147
f 2112/3307/12148 2262/3277/12149 2286/3302/12150
f 2252/3267/12151 2253/3268/12152 2114/3125/12153
f 2129/3140/12154 2079/3094/12155 2078/3093/12156
f 2274/3289/12030 2273/3288/12029 2289/3304/12157
f 2142/3149/12158 2141/3148/12159 2084/3097/12160
f 2291/3308/12161 2292/3309/12162 2293/3310/12163
f 2294/3311/12164 2246/3257/12165 2271/3312/12166
f 2067/3088/12167 2066/3087/12168 2087/3100/12169
f 2292/3309/12170 2294/3311/12171 2109/3122/12172
f 2200/3206/12173 2193/3210/12174 2066/3087/12175
f 2211/3219/12176 2252/3267/12177 2230/3242/12178
f 2111/3124/12179 2293/3310/12180 2109/3122/12181
f 2246/3257/12182 2235/3247/12183 2271/3312/12184
f 2292/3309/12185 2109/3122/12186 2293/3310/12187
f 2292/3309/12170 2246/3257/12165 2294/3311/12164
f 2280/3294/12188 2276/3313/12189 2132/3141/12190
f 2143/3150/12191 2199/3203/12192 2132/3141/12193
f 2295/3314/12194 2296/3315/12195 2297/3316/12196
f 2154/3160/12197 2153/3159/12198 2090/3102/12199
f 2297/3316/12200 2154/3160/12201 2295/3314/12202
f 2263/3278/12203 2264/3279/12204 2298/3317/12205
f 2295/3314/12206 2298/3317/12207 2296/3315/12208
f 2295/3314/12209 2108/3121/12210 2263/3278/12211
f 2108/3121/12212 2295/3314/12213 2090/3102/12214
f 2299/3318/12215 2197/3205/12216 2257/3319/12217
f 2114/3125/12218 2276/3313/12219 2072/3114/12220
f 2197/3205/12221 2200/3206/12222 2068/3089/12223
f 2298/3317/12224 2266/3281/12225 2300/3320/12226
f 2266/3281/11976 2298/3317/12224 2264/3279/12227
f 2239/3251/12228 2301/3321/12229 2157/3164/12230
f 2302/3322/12231 2300/3320/12226 2266/3281/11976
f 2202/3208/12232 2302/3322/12233 2266/3281/12234
f 2201/3207/12235 2302/3322/12236 2202/3208/12237
f 2217/3296/12238 2285/3301/12239 2084/3097/12240
f 2084/3097/12241 2285/3301/12242 2085/3098/12243
f 2288/3323/12244 2070/3266/12245 2071/3272/12246
f 2136/3165/12247 2157/3164/12248 2137/3324/12249
f 2168/3177/12250 2235/3247/12251 2166/3175/12252
f 2157/3164/12253 2301/3321/12254 2303/3325/12255
f 2217/3296/12256 2304/3326/12257 2241/3253/12258
f 2073/3265/12259 2074/3227/12260 2216/3226/12261
f 2199/3203/12262 2280/3294/12263 2132/3141/12264
f 2253/3268/12265 2132/3141/12266 2276/3313/12267
f 2306/3327/12268 2248/3260/12269 2225/3234/12270
f 2305/3328/12271 2249/3261/12272 2248/3260/12273
f 2081/3171/12274 2082/3286/12275 2267/3282/12276
f 2166/3175/12277 2235/3247/12278 2181/3246/12279
f 2081/3171/12280 2305/3328/12281 2307/3329/12282
f 2137/3324/12283 2157/3164/12284 2303/3325/12285
f 2199/3203/12286 2269/3284/12287 2280/3294/12288
f 2283/3299/12289 2282/3298/12290 2307/3329/12291
f 2306/3327/12292 2283/3299/12293 2307/3329/12294
f 2307/3329/12295 2305/3328/12296 2306/3327/12297
f 2072/3114/12298 2276/3313/12299 2280/3294/12300
f 2305/3328/12301 2248/3260/12302 2306/3327/12303
f 2114/3125/12304 2253/3268/12305 2276/3313/12306
f 2199/3203/12307 2169/3178/12308 2192/3209/12309
f 2305/3328/12310 2267/3282/12311 2249/3261/12312
f 2259/3274/12313 2261/3276/12314 2278/3293/12315
f 2244/3256/12316 2307/3329/12317 2282/3298/12318
f 2252/3267/12319 2069/3129/12320 2230/3242/12321
f 2306/3327/12322 2221/3239/12323 2283/3299/12324
f 2208/3231/12325 2163/3173/12326 2162/3187/12327
f 2174/3184/12328 2075/3090/12329 2077/3092/12330
f 2221/3239/12331 2306/3327/12332 2225/3234/12333
f 2189/3197/12334 2179/3190/12335 2174/3184/12336
f 2239/3251/12337 2259/3274/12338 2279/3292/12339
f 2279/3292/12340 2308/3330/12341 2239/3251/12342
f 2096/3263/12343 2082/3286/12344 2081/3171/12345
f 2251/3297/12346 2288/3323/12347 2286/3302/12348
f 2212/3220/12349 2208/3231/12350 2124/3135/12351
f 2087/3100/12352 2262/3277/12353 2284/3300/12354
f 2112/3307/12355 2290/3306/12356 2262/3277/12357
f 2081/3171/12358 2267/3282/12359 2305/3328/12360
f 2073/3265/12361 2252/3267/12362 2175/3185/12363
f 2307/3329/12364 2244/3256/12365 2081/3171/12366
f 2259/3274/12367 2239/3251/12368 2188/3196/12369
f 2239/3251/12370 2177/3188/12371 2188/3196/12372
f 2093/3105/12373 2095/3107/12374 2097/3109/12375
f 2270/3285/12376 2247/3259/12377 2249/3261/12378
f 2071/3272/12379 2113/3305/12380 2112/3307/12381
f 2239/3251/12382 2308/3330/12383 2309/3331/12384
f 2081/3171/12385 2111/3124/12386 2110/3123/12387
f 2256/3271/12388 2113/3305/12389 2071/3272/12390
f 2223/3232/12391 2247/3259/12392 2060/3081/12393
f 2084/3097/12394 2083/3096/12395 2142/3149/12396
f 2088/3202/12397 2171/3181/12398 2173/3183/12399
f 2270/3285/12400 2061/3082/12401 2060/3081/12402
f 2068/3089/12403 2200/3206/12404 2066/3087/12405
f 2192/3209/12406 2116/3126/12407 2269/3284/12408
f 2088/3202/12409 2173/3183/12410 2060/3081/12411
f 2270/3285/12412 2249/3261/12413 2061/3082/12414
f 2120/3174/12415 2135/3144/12416 2310/3332/12417
f 2107/3120/11477 2106/3119/12418 2311/3333/12419
f 2263/3278/12420 2108/3121/12421 2135/3144/12422
f 2107/3120/11477 2089/3101/12423 2091/3103/11480
f 2312/3334/12424 2107/3120/11477 2311/3333/12419
f 2312/3334/12424 2089/3101/12425 2107/3120/11477
f 2217/3296/12426 2313/3335/12427 2304/3326/12428
f 2217/3296/12429 2084/3097/12430 2281/3295/12431
f 2141/3148/12432 2130/3179/12433 2281/3295/12434
f 2288/3323/12435 2112/3307/12436 2286/3302/12437
f 2079/3094/12438 2314/3336/12439 2130/3179/12440
f 2239/3251/12441 2309/3331/12442 2301/3321/12443
f 2313/3335/12444 2217/3296/12445 2281/3295/12446
f 2315/3337/12447 2314/3336/12448 2079/3094/12449
f 2130/3179/12450 2314/3336/12451 2281/3295/12452
f 2128/3139/12453 2315/3337/12454 2079/3094/12455
f 2313/3335/12456 2281/3295/12457 2314/3336/12458
f 2312/3334/12459 2108/3121/12460 2089/3101/12461
f 2312/3334/12462 2310/3332/12463 2135/3144/12464
f 2135/3144/12465 2108/3121/12466 2312/3334/12467
f 2134/3143/12468 2133/3142/12469 2212/3220/12470
f 2101/3113/12471 2222/3238/12472 2316/3338/12473
f 2316/3338/12474 2287/3303/12475 2101/3113/12476
f 2094/3106/12477 2092/3104/12478 2226/3240/12479
f 2090/3102/12480 2295/3314/12481 2154/3160/12482
f 2226/3240/12483 2153/3159/12484 2148/3154/12485
f 2274/3289/12486 2113/3305/12487 2272/3287/12488
f 2085/3098/12489 2285/3301/12490 2086/3099/12491
f 2249/3261/12492 2155/3161/12493 2061/3082/12494
f 2267/3282/12495 2268/3283/12496 2155/3161/12497
f 2272/3287/12498 2113/3305/12499 2256/3271/12500
f 2212/3220/12501 2121/3132/12502 2134/3143/12503
f 2086/3099/12504 2286/3302/12505 2262/3277/12506
f 2085/3098/12507 2193/3210/12508 2083/3096/12509
f 2208/3231/12510 2162/3187/12511 2124/3135/12512
f 2221/3239/12513 2222/3238/12514 2283/3299/12515
f 2125/3136/12516 2162/3187/12517 2163/3173/12518
f 2068/3089/12519 2067/3088/12520 2257/3319/12521
f 2154/3160/12522 2297/3316/12523 2152/3158/12524
f 2127/3138/12525 2126/3137/12526 2122/3133/12527
f 2222/3238/12528 2101/3113/12529 2283/3299/12530
f 2081/3171/12531 2164/3170/12532 2096/3263/12533
f 2290/3306/12534 2112/3307/12535 2113/3305/12536
f 2153/3159/12537 2092/3104/12538 2090/3102/12539
f 2289/3304/12540 2290/3306/12541 2113/3305/12542
f 2274/3289/12030 2272/3287/12543 2250/3262/12544
f 2062/3083/12545 2156/3162/12546 2272/3287/12547
f 2188/3196/12548 2120/3174/12549 2260/3275/12550
f 2250/3262/12551 2272/3287/12552 2268/3283/12553
f 2298/3317/12554 2295/3314/12555 2263/3278/12556
f 2272/3287/12557 2156/3162/12558 2268/3283/12559
f 2274/3289/12030 2250/3262/12544 2131/3264/12560
f 2197/3205/12561 2299/3318/12562 2201/3207/12563
f 2257/3319/12564 2197/3205/12565 2068/3089/12566
f 2250/3262/12567 2082/3286/12568 2096/3263/12569
f 2288/3323/12570 2071/3272/12571 2112/3307/12572
f 2317/3339/12573 2243/3255/12574 2245/3258/12575
f 2288/3323/12576 2251/3297/12577 2070/3266/12578
f 2156/3162/12579 2062/3083/12580 2061/3082/12581
f 540/2816/12582 539/2818/12583 529/2483/12584
f 530/2482/12585 552/3108/12586 541/2914/12587
f 551/426/12588 541/2914/12589 552/3108/12590
f 539/2818/12591 550/431/12592 529/2483/12593
f 551/426/12594 546/425/12595 541/2914/12596
f 552/3108/12597 550/431/12598 566/413/12599
f 552/3108/12600 529/2483/12601 550/431/12602
f 550/431/12603 554/3340/12604 555/420/12605
f 549/3079/12606 554/3340/12607 550/431/12608
f 556/3341/12609 557/3342/12610 558/434/12611
f 558/434/12612 557/3342/12613 559/412/12614
f 560/520/12615 561/450/12616 556/3341/12617
f 560/520/12618 556/3341/12609 558/434/12611
f 562/411/12619 558/434/12620 559/412/12621
f 546/425/12622 563/427/12623 553/3343/12624
f 552/3108/12625 566/413/12626 551/426/12627
f 2693/132/12628 2695/125/12629 2696/117/12630
f 2698/127/12631 2699/116/12632 2700/3344/12633
f 2696/117/12634 2695/125/12635 2703/124/12636
f 2694/134/12637 2699/116/12638 2701/126/12639
f 2696/117/12640 2694/134/12641 2693/132/12642
f 2702/3345/12643 2704/3346/12644 2698/127/12645
f 2700/3344/12646 2702/3345/12647 2698/127/12648
f 2707/104/12649 2708/133/12650 2692/105/12651
f 2696/117/12652 2703/124/12653 2697/141/12654
f 2709/135/12655 2710/3347/12656 2711/128/12657
f 2711/128/12658 2710/3347/12659 2712/129/12660
f 2715/111/12661 2713/110/12662 2711/128/12663
f 2714/3348/12664 2715/111/12665 2712/129/12666
f 2719/304/12667 2720/409/12668 2721/123/12669
f 2722/113/12670 2723/112/12671 2724/119/12672
f 2714/3348/12673 2725/3349/12674 2715/111/12675
f 2719/304/12676 2721/123/12677 2726/3350/12678
f 2728/3351/12679 2723/112/12680 2727/109/12681
f 2729/210/12682 2710/3347/12683 2709/135/12684
f 2730/120/12685 2721/123/12686 2720/409/12687
f 2731/3352/12688 2732/3353/12689 2728/3351/12690
f 2728/3351/12691 2715/111/12692 2725/3349/12693
f 2733/122/12694 2718/131/12695 2734/121/12696
f 2725/3349/12697 2714/3348/12698 2716/3354/12699
f 2717/115/12700 2733/122/12701 2736/107/12702
f 2713/110/12703 2738/114/12704 2711/128/12705
f 2717/115/12706 2718/131/12707 2733/122/12708
f 2728/3351/12709 2725/3349/12710 2731/3352/12711
f 2711/128/12712 2738/114/12713 2735/130/12714
f 2734/121/12715 2726/3350/12716 2721/123/12717
f 2727/109/12718 2738/114/12719 2713/110/12720
f 2739/208/12721 2698/127/12722 2704/3346/12723
f 2735/130/12724 2738/114/12725 2736/107/12726
f 2692/105/12727 2737/108/12728 2695/125/12729
f 2727/109/12730 2715/111/12731 2728/3351/12732
f 2705/138/12733 2706/140/12734 2740/137/12735
f 2321/3355/12736 2320/3356/12737 2323/3357/12738
f 2322/3358/12739 2324/611/12740 2321/3355/12741
f 2326/608/12742 2325/1597/12743 2330/609/12744
f 2325/1597/12745 2327/2301/12746 2330/609/12747
f 2330/609/12748 2332/594/12749 2333/600/12750
f 2334/2298/12751 2335/3359/12752 2336/2293/12753
f 2326/608/12754 2337/3360/12755 2338/3361/12756
f 2326/608/12757 2340/604/12758 2337/3360/12759
f 2332/594/12760 2330/609/12761 2341/3362/12762
f 2328/2306/12763 2342/2368/12764 2341/3362/12765
f 2341/3362/12766 2330/609/12767 2327/2301/12768
f 2341/3362/12769 2343/3363/12770 2332/594/12771
f 2344/3364/12772 2343/3363/12773 2341/3362/12774
f 2341/3362/12775 2327/2301/12776 2328/2306/12777
f 2345/597/12778 2343/3363/12779 2346/601/12780
f 2342/2368/12781 2344/3364/12782 2341/3362/12783
f 2343/3363/12784 2348/602/12785 2346/601/12786
f 2343/3363/12787 2344/3364/12788 2347/1591/12789
f 2343/3363/12790 2345/597/12791 2332/594/12792
f 2347/1591/12793 2344/3364/12794 2342/2368/12795
f 2349/3365/12796 2337/3360/12797 2339/3366/12798
f 2350/3367/12799 2351/3368/12800 2318/824/12801
f 2359/2374/12802 2356/1600/12803 2335/3359/12804
f 2358/3369/12805 2353/3370/12806 2357/3371/12807
f 2325/1597/12808 2353/3370/12809 2358/3369/12810
f 2360/3372/12811 2361/1594/12812 2362/1596/12813
f 2336/2293/12814 2335/3359/12815 2362/1596/12816
f 2354/2290/12817 2355/2296/12818 2451/822/12819
f 2358/3369/12820 2356/1600/12821 2331/1598/12822
f 2362/1596/12823 2357/3371/12824 2360/3372/12825
f 2360/3372/12826 2357/3371/12827 2353/3370/12828
f 2363/3373/12829 2319/2366/12830 2352/3374/12831
f 2363/3373/12832 2350/3367/12833 2318/824/12834
f 2319/2366/12835 2363/3373/12836 2318/824/12837
f 2451/822/12838 2365/3375/12839 2364/2289/12840
f 2321/3355/12841 2324/611/12842 2366/3376/12843
f 2337/3360/12844 2367/3377/12845 2339/3366/12846
f 2339/3366/12847 2367/3377/12848 2368/3378/12849
f 2368/3378/12850 2367/3377/12851 2320/3356/12852
f 2371/3379/12853 2367/3377/12854 2337/3360/12855
f 2372/3380/12856 2371/3379/12857 2369/596/12858
f 2320/3356/12859 2372/3380/12860 2323/3357/12861
f 2340/604/12862 2371/3379/12863 2337/3360/12864
f 2370/598/12865 2372/3380/12866 2369/596/12867
f 2371/3379/12868 2372/3380/12869 2320/3356/12870
f 2340/604/12871 2369/596/12872 2371/3379/12873
f 2371/3379/12874 2320/3356/12875 2367/3377/12876
f 2376/718/12877 2378/2307/12878 2375/790/12879
f 2377/803/12880 2376/718/12881 2375/790/12882
f 2334/2298/12883 2456/2297/12884 2355/2296/12885
f 2379/3381/12886 2380/3382/12887 2381/2389/12888
f 2385/603/12889 2379/3381/12890 2381/2389/12891
f 2391/3383/12892 2386/788/12893 2375/790/12894
f 2393/2299/12895 2387/726/12896 2388/2195/12897
f 2391/3383/12898 2378/2307/12899 2392/823/12900
f 2392/823/12901 2393/2299/12902 2391/3383/12903
f 2389/615/12904 2387/726/12905 2393/2299/12906
f 2394/1592/12907 2395/3384/12908 2396/3385/12909
f 2393/2299/12910 2388/2195/12911 2391/3383/12912
f 2397/3386/12913 2385/603/12914 2384/3387/12915
f 2397/3386/12916 2379/3381/12917 2385/603/12918
f 2386/788/12919 2391/3383/12920 2388/2195/12921
f 2391/3383/12922 2375/790/12923 2378/2307/12924
f 2326/608/12925 2338/3361/12926 2325/1597/12927
f 2338/3361/12928 2353/3370/12929 2325/1597/12930
f 2349/3365/12931 2353/3370/12932 2338/3361/12933
f 2349/3365/12934 2398/3388/12935 2353/3370/12936
f 2337/3360/12937 2349/3365/12938 2338/3361/12939
f 2348/602/12940 2384/3387/12941 2385/603/12942
f 2348/602/12943 2343/3363/12944 2383/1593/12945
f 2399/3389/12946 2384/3387/12947 2383/1593/12948
f 2348/602/12949 2383/1593/12950 2384/3387/12951
f 2347/1591/12952 2383/1593/12953 2343/3363/12954
f 2324/611/12955 2322/3358/12956 2400/3390/12957
f 2400/3390/12958 2402/612/12959 2324/611/12960
f 2385/603/12961 2381/2389/12962 2346/601/12963
f 2397/3386/12964 2384/3387/12965 2399/3389/12966
f 2335/3359/12967 2357/3371/12968 2362/1596/12969
f 2356/1600/12970 2358/3369/12971 2357/3371/12972
f 2357/3371/12973 2335/3359/12974 2356/1600/12975
f 2335/3359/12976 2334/2298/12977 2355/2296/12978
f 2382/808/12979 2388/2195/12980 2387/726/12981
f 2402/612/12982 2403/810/12983 2382/808/12984
f 2401/3391/12985 2405/3392/12986 2400/3390/12987
f 2402/612/12988 2400/3390/12989 2406/1056/12990
f 2405/3392/12991 2406/1056/12992 2400/3390/12993
f 2331/1598/12994 2325/1597/12995 2358/3369/12996
f 2366/3376/12997 2368/3378/12998 2320/3356/12999
f 2360/3372/13000 2398/3388/13001 2361/1594/13002
f 2398/3388/13003 2407/3393/13004 2361/1594/13005
f 2408/2387/13006 2409/595/13007 2410/593/13008
f 2349/3365/13009 2407/3393/13010 2398/3388/13011
f 2411/2382/13012 2412/587/13013 2413/586/13014
f 2411/2382/13015 2414/2381/13016 2380/3382/13017
f 2349/3365/13018 2339/3366/13019 2407/3393/13020
f 2415/618/13021 2366/3376/13022 2324/611/13023
f 2411/2382/13024 2380/3382/13025 2416/3394/13026
f 2320/3356/13027 2321/3355/13028 2366/3376/13029
f 2398/3388/13030 2360/3372/13031 2353/3370/13032
f 2407/3393/13033 2366/3376/13034 2417/617/13035
f 2407/3393/13036 2417/617/13037 2418/1595/13038
f 2368/3378/13039 2407/3393/13040 2339/3366/13041
f 2411/2382/13042 2416/3394/13043 2419/3395/13044
f 2366/3376/13045 2407/3393/13046 2368/3378/13047
f 2407/3393/13048 2418/1595/13049 2361/1594/13050
f 2417/617/13051 2366/3376/13052 2415/618/13053
f 2412/587/13054 2411/2382/13055 2419/3395/13056
f 2380/3382/13057 2414/2381/13058 2381/2389/13059
f 2424/3396/13060 2425/3397/13061 2426/3398/13062
f 2403/810/13063 2427/815/13064 2425/3397/13065
f 2425/3397/13066 2427/815/13067 2428/3399/13068
f 589/740/13069 593/3400/13070 591/738/13071
f 584/363/13072 591/738/13073 580/361/13074
f 580/361/13075 591/738/13076 593/3400/13077
f 589/740/13078 588/739/13079 593/3400/13080
f 580/361/13075 593/3400/13077 592/3401/13081
f 580/361/13082 592/3401/13081 585/3402/13083
f 589/740/13084 591/738/13085 590/737/13086
f 580/361/13087 585/3402/13088 581/3403/13089
f 582/362/13090 581/3403/13091 583/364/13092
f 580/361/13093 581/3403/13094 582/362/13095
f 2424/3396/13096 2431/2388/13097 2425/3397/13098
f 2432/3059/13099 2431/2388/13100 2433/3404/13101
f 2328/2306/13102 2434/2305/13103 2435/2379/13104
f 2436/3405/13105 2437/2367/13106 2438/3406/13107
f 2440/3407/13108 2438/3406/13109 2441/3408/13110
f 2442/2375/13111 2443/2376/13112 2441/3408/13113
f 2435/2379/13114 2437/2367/13115 2342/2368/13116
f 2441/3408/13110 2443/2376/13117 2440/3407/13108
f 2328/2306/13118 2435/2379/13119 2342/2368/13120
f 2434/2305/13121 2329/1599/13122 2356/1600/13123
f 2444/3409/13124 2395/3384/13125 2436/3405/13126
f 2437/2367/13127 2439/2371/13128 2442/2375/13129
f 2437/2367/13130 2436/3405/13131 2347/1591/13132
f 2395/3384/13133 2394/1592/13134 2436/3405/13135
f 2403/810/13136 2425/3397/13137 2431/2388/13138
f 2430/3410/13139 2445/1589/13140 2420/1588/13141
f 2446/623/13142 2376/718/13143 2420/1588/13144
f 2439/2371/13145 2437/2367/13146 2435/2379/13147
f 2447/789/13148 2386/788/13149 2429/809/13150
f 2347/1591/13151 2436/3405/13152 2394/1592/13153
f 2441/3408/13154 2438/3406/13155 2437/2367/13156
f 2444/3409/13157 2436/3405/13158 2438/3406/13159
f 2448/610/13160 2387/726/13161 2404/614/13162
f 2442/2375/13163 2441/3408/13164 2437/2367/13165
f 2863/3411/13166 2852/3412/13167 2856/3413/13168
f 2871/3414/13169 2894/3415/13170 2862/3416/13171
f 2872/3417/13172 2846/3418/13173 2839/3419/13174
f 2843/3420/13175 2889/3421/13176 2892/3422/13177
f 2865/3423/13178 2843/3420/13179 2861/3424/13180
f 2862/3416/13181 2863/3411/13182 2871/3414/13183
f 2860/3425/13184 2876/3426/13185 2868/3427/13186
f 2858/3428/13187 2843/3420/13188 2856/3413/13189
f 2863/3411/13190 2884/3429/13191 2853/3430/13192
f 2844/3431/13193 2843/3420/13194 2846/3418/13195
f 2848/3432/13196 2887/3433/13197 2845/3434/13198
f 2840/3435/13199 2855/3436/13200 2866/3437/13201
f 2894/3415/13202 2871/3414/13203 2870/3438/13204
f 2850/3439/13205 2846/3418/13206 2851/3440/13207
f 2859/3441/13208 2876/3426/13209 2860/3425/13210
f 2852/3412/13211 2859/3441/13212 2856/3413/13213
f 2841/3442/13214 2860/3425/13215 2868/3427/13216
f 2871/3414/13217 2856/3413/13218 2845/3434/13219
f 2861/3424/13220 2860/3425/13221 2841/3442/13222
f 2877/3443/13223 2891/3444/13224 2893/3445/13225
f 2865/3423/13226 2841/3442/13227 2847/3446/13228
f 2859/3441/13229 2891/3444/13230 2876/3426/13231
f 2856/3413/13232 2871/3414/13233 2863/3411/13234
f 2843/3420/13235 2847/3446/13236 2846/3418/13237
f 2849/3447/13238 2889/3421/13239 2844/3431/13240
f 2859/3441/13241 2852/3412/13242 2891/3444/13243
f 2893/3445/13244 2891/3444/13245 2852/3412/13246
f 2853/3430/13247 2893/3445/13248 2852/3412/13249
f 2850/3439/13250 2849/3447/13251 2844/3431/13252
f 2841/3442/13253 2865/3423/13254 2861/3424/13255
f 2876/3426/13256 2891/3444/13257 2877/3443/13258
f 2881/3448/13259 2843/3420/13260 2892/3422/13261
f 2843/3420/13262 2881/3448/13263 2845/3434/13264
f 2865/3423/13265 2847/3446/13266 2843/3420/13267
f 2846/3418/13268 2850/3439/13269 2844/3431/13270
f 2845/3434/13271 2888/3449/13272 2870/3438/13273
f 2853/3430/13274 2852/3412/13275 2863/3411/13276
f 2864/3450/13277 2866/3437/13278 2855/3436/13279
f 2856/3413/13280 2859/3441/13281 2858/3428/13282
f 2842/3451/13283 2840/3435/13284 2847/3446/13285
f 2890/3452/13286 2870/3438/13287 2888/3449/13288
f 2841/3442/13289 2868/3427/13290 2842/3451/13291
f 2890/3452/13292 2882/3453/13293 2870/3438/13294
f 2857/3454/13295 2845/3434/13296 2885/3455/13297
f 2845/3434/13298 2873/3456/13299 2878/3457/13300
f 2885/3455/13301 2845/3434/13302 2879/3458/13303
f 2844/3431/13304 2889/3421/13305 2843/3420/13306
f 2845/3434/13307 2870/3438/13308 2871/3414/13309
f 2845/3434/13310 2881/3448/13311 2880/3459/13312
f 2845/3434/13313 2887/3433/13314 2888/3449/13315
f 2885/3455/13316 2879/3458/13317 2886/3460/13318
f 2862/3416/13319 2884/3429/13320 2863/3411/13321
f 2861/3424/13322 2843/3420/13323 2858/3428/13324
f 2870/3438/13325 2882/3453/13326 2883/3461/13327
f 2874/3462/13328 2845/3434/13329 2880/3459/13330
f 2875/3463/13331 2868/3427/13332 2876/3426/13333
f 2878/3457/13334 2879/3458/13335 2845/3434/13336
f 2875/3463/13337 2876/3426/13338 2877/3443/13339
f 2873/3456/13340 2845/3434/13341 2874/3462/13342
f 2839/3419/13343 2840/3435/13344 2866/3437/13345
f 2867/3464/13346 2866/3437/13347 2864/3450/13348
f 2839/3419/13349 2846/3418/13350 2840/3435/13351
f 2846/3418/13352 2872/3417/13353 2851/3440/13354
f 2868/3427/13355 2869/3465/13356 2842/3451/13357
f 2846/3418/13358 2847/3446/13359 2840/3435/13360
f 2858/3428/13361 2860/3425/13362 2861/3424/13363
f 2858/3428/13364 2859/3441/13365 2860/3425/13366
f 2843/3420/13367 2845/3434/13368 2856/3413/13369
f 2845/3434/13370 2857/3454/13371 2848/3432/13372
f 2854/3466/13373 2855/3436/13374 2840/3435/13375
f 2849/3447/13376 2850/3439/13377 2851/3440/13378
f 2847/3446/13379 2841/3442/13380 2842/3451/13381
f 2449/2369/13382 2435/2379/13383 2434/2305/13384
f 2809/389/13385 2813/388/13386 2810/390/13387
f 2377/803/13388 2420/1588/13389 2376/718/13390
f 2377/803/13391 2430/3410/13392 2420/1588/13393
f 2359/2374/13394 2422/2377/13395 2449/2369/13396
f 2823/566/13397 2817/722/13398 2811/385/13399
f 2450/2370/13400 2449/2369/13401 2422/2377/13402
f 2451/822/13403 2318/824/13404 2452/3467/13405
f 2451/822/13406 2452/3467/13407 2365/3375/13408
f 2812/386/13409 2811/385/13410 2817/722/13411
f 2452/3467/13412 2318/824/13413 2351/3368/13414
f 2453/3060/13415 2454/786/13416 2455/785/13417
f 2820/727/13418 2826/2341/13419 2817/722/13420
f 2813/388/13421 2837/3071/13422 2825/791/13423
f 2822/781/13424 2818/724/13425 2816/721/13426
f 2815/720/13427 2831/564/13428 2823/566/13429
f 2825/791/13430 2837/3071/13431 2817/722/13432
f 2817/722/13433 2826/2341/13434 2825/791/13435
f 2815/720/13436 2834/3063/13437 2831/564/13438
f 2447/789/13439 2429/809/13440 2455/785/13441
f 2836/3065/13442 2831/564/13443 2834/3063/13444
f 2832/783/13445 2838/3468/13446 2822/781/13447
f 2432/3059/13448 2455/785/13449 2431/2388/13450
f 2373/802/13451 2375/790/13452 2447/789/13453
f 2812/386/13454 2817/722/13455 2837/3071/13456
l 127 3354
