# Blender 4.0.2
# www.blender.org
mtllib asmundarsafn_nyasta_utgafa_gera_model_af_safninu_vel._22_36obj.mtl
o v_hlid
v 2.750000 0.000000 2.000000
v 4.139461 4.000000 1.236724
v 2.750000 0.000000 -2.000000
v 4.139461 4.000000 -1.236724
v 10.250000 0.000000 2.000000
v 8.860538 4.000000 1.236724
v 10.250000 0.000000 -2.000000
v 8.860538 4.000000 -1.236724
vn -0.9446 0.3281 -0.0000
vn -0.0000 0.1874 -0.9823
vn 0.9446 0.3281 -0.0000
vn -0.0000 0.1874 0.9823
vn -0.0000 -1.0000 -0.0000
vn -0.0000 1.0000 -0.0000
vt 0.375000 0.000000
vt 0.625000 0.000000
vt 0.625000 0.250000
vt 0.375000 0.250000
vt 0.625000 0.500000
vt 0.375000 0.500000
vt 0.625000 0.750000
vt 0.375000 0.750000
vt 0.625000 1.000000
vt 0.375000 1.000000
vt 0.125000 0.500000
vt 0.125000 0.750000
vt 0.875000 0.500000
vt 0.875000 0.750000
s 0
usemtl Material.003
f 1/1/1 2/2/1 4/3/1 3/4/1
f 3/4/2 4/3/2 8/5/2 7/6/2
f 7/6/3 8/5/3 6/7/3 5/8/3
f 5/8/4 6/7/4 2/9/4 1/10/4
f 3/11/5 7/6/5 5/8/5 1/12/5
f 8/5/6 4/13/6 2/14/6 6/7/6
o adaldyr
v -4.000000 0.000000 1.300000
v -4.000000 2.900000 1.300000
v -4.000000 0.000000 -1.300000
v -4.000000 2.900000 -1.300000
v 4.000000 0.000000 1.300000
v 4.000000 2.900000 1.300000
v 4.000000 0.000000 -1.300000
v 4.000000 2.900000 -1.300000
v 1.389393 1.796256 0.880154
v 1.019795 1.796256 0.880154
v 1.389393 2.271376 0.880154
v 1.019795 2.271376 0.880154
v -4.000000 2.900000 -1.300000
v -4.000000 0.000000 -1.300000
v 4.000000 0.000000 -1.300000
v 4.000000 2.900000 -1.300000
v -4.000000 2.900000 -1.300000
v -4.000000 0.000000 -1.300000
v 4.000000 0.000000 -1.300000
v 4.000000 2.900000 -1.300000
v -4.000000 1.450000 -1.300000
v 0.000000 0.000000 -1.300000
v 0.000000 2.900000 -1.300000
v 4.000000 1.450000 -1.300000
v -2.000000 0.000000 -1.300000
v 2.000000 0.000000 -1.300000
v -3.000000 0.000000 -1.300000
v 1.000000 0.000000 -1.300000
v -1.000000 0.000000 -1.300000
v 3.000000 0.000000 -1.300000
v -3.500000 0.000000 -1.300000
v 0.500000 0.000000 -1.300000
v -1.500000 0.000000 -1.300000
v 2.500000 0.000000 -1.300000
v -2.500000 0.000000 -1.300000
v 1.500000 0.000000 -1.300000
v -0.500000 0.000000 -1.300000
v 3.500000 0.000000 -1.300000
v 2.000000 2.900000 -1.300000
v -2.000000 2.900000 -1.300000
v 3.000000 2.900000 -1.300000
v -1.000000 2.900000 -1.300000
v 1.000000 2.900000 -1.300000
v -3.000000 2.900000 -1.300000
v 3.500000 2.900000 -1.300000
v -0.500000 2.900000 -1.300000
v 1.500000 2.900000 -1.300000
v -2.500000 2.900000 -1.300000
v 2.500000 2.900000 -1.300000
v -1.500000 2.900000 -1.300000
v 0.500000 2.900000 -1.300000
v -3.500000 2.900000 -1.300000
vn -1.0000 -0.0000 -0.0000
vn -0.0000 -0.0000 -1.0000
vn 1.0000 -0.0000 -0.0000
vn -0.0000 -0.0000 1.0000
vn -0.0000 -1.0000 -0.0000
vn -0.0000 1.0000 -0.0000
vt 0.625000 0.000000
vt 0.375000 0.250000
vt 0.375000 0.000000
vt 0.625000 0.250000
vt 0.375000 0.500000
vt 0.625000 0.500000
vt 0.375000 0.750000
vt 0.625000 0.750000
vt 0.375000 1.000000
vt 0.125000 0.750000
vt 0.125000 0.500000
vt 0.875000 0.500000
vt 0.000000 0.000000
vt 0.375000 0.484375
vt 0.625000 0.265625
vt 0.375000 0.265625
vt 0.625000 0.484375
vt 0.625000 1.000000
vt 0.875000 0.750000
vt 0.375000 0.281250
vt 0.375000 0.296875
vt 0.375000 0.312500
vt 0.375000 0.328125
vt 0.375000 0.343750
vt 0.375000 0.359375
vt 0.375000 0.375000
vt 0.375000 0.390625
vt 0.375000 0.406250
vt 0.375000 0.421875
vt 0.375000 0.437500
vt 0.375000 0.453125
vt 0.375000 0.468750
vt 0.625000 0.468750
vt 0.625000 0.453125
vt 0.625000 0.437500
vt 0.625000 0.421875
vt 0.625000 0.406250
vt 0.625000 0.390625
vt 0.625000 0.375000
vt 0.625000 0.359375
vt 0.625000 0.343750
vt 0.625000 0.328125
vt 0.625000 0.312500
vt 0.625000 0.296875
vt 0.625000 0.281250
vt 0.500000 0.250000
vt 0.500000 0.500000
s 0
usemtl Material.004
f 10/15/7 22/16/7 9/17/7
f 12/18/8 15/19/8 11/16/8
f 24/20/9 13/21/9 23/19/9
f 14/22/10 9/23/10 13/21/10
f 23/19/11 9/24/11 22/25/11
f 21/26/12 14/22/12 24/20/12
f 18/26/10 19/22/10 20/20/10
f 29/27/12 26/27/12 21/27/12
f 46/28/12 23/19/12 22/16/12
f 60/29/12 21/18/12 24/20/12
f 32/27/12 28/27/12 23/27/12
f 11/16/12 26/16/12 25/18/12
f 11/16/12 15/19/12 39/30/12
f 16/20/12 12/18/12 53/31/12
f 16/20/12 28/20/12 27/19/12
f 10/15/7 21/18/7 22/16/7
f 12/18/8 16/20/8 15/19/8
f 24/20/9 14/22/9 13/21/9
f 14/22/10 10/32/10 9/23/10
f 23/19/11 13/21/11 9/24/11
f 21/26/12 10/33/12 14/22/12
f 18/26/10 17/33/10 19/22/10
f 21/27/12 25/27/12 29/27/12
f 26/27/12 22/27/12 21/27/12
f 22/16/12 26/16/12 39/30/12
f 35/34/12 43/35/12 33/36/12
f 22/16/12 39/30/12 35/34/12
f 33/36/12 41/37/12 37/38/12
f 22/16/12 35/34/12 33/36/12
f 37/38/12 45/39/12 30/40/12
f 22/16/12 33/36/12 37/38/12
f 30/40/12 40/41/12 36/42/12
f 22/16/12 37/38/12 30/40/12
f 36/42/12 44/43/12 34/44/12
f 22/16/12 30/40/12 36/42/12
f 34/44/12 42/45/12 38/46/12
f 22/16/12 36/42/12 34/44/12
f 34/44/12 38/46/12 46/28/12
f 22/16/12 34/44/12 46/28/12
f 46/28/12 27/19/12 23/19/12
f 24/20/12 28/20/12 53/31/12
f 49/47/12 57/48/12 47/49/12
f 24/20/12 53/31/12 49/47/12
f 47/49/12 55/50/12 51/51/12
f 24/20/12 49/47/12 47/49/12
f 51/51/12 59/52/12 31/53/12
f 24/20/12 47/49/12 51/51/12
f 31/53/12 54/54/12 50/55/12
f 24/20/12 51/51/12 31/53/12
f 50/55/12 58/56/12 48/57/12
f 24/20/12 31/53/12 50/55/12
f 48/57/12 56/58/12 52/59/12
f 24/20/12 50/55/12 48/57/12
f 48/57/12 52/59/12 60/29/12
f 24/20/12 48/57/12 60/29/12
f 60/29/12 25/18/12 21/18/12
f 23/27/12 27/27/12 32/27/12
f 28/27/12 24/27/12 23/27/12
f 25/18/12 12/18/12 11/16/12
f 26/16/12 29/60/12 25/18/12
f 15/19/12 27/19/12 46/28/12
f 15/19/12 46/28/12 38/46/12
f 15/19/12 38/46/12 34/44/12
f 15/19/12 34/44/12 36/42/12
f 15/19/12 36/42/12 30/40/12
f 15/19/12 30/40/12 37/38/12
f 15/19/12 37/38/12 33/36/12
f 33/36/12 35/34/12 39/30/12
f 15/19/12 33/36/12 39/30/12
f 39/30/12 26/16/12 11/16/12
f 12/18/12 25/18/12 60/29/12
f 12/18/12 60/29/12 52/59/12
f 12/18/12 52/59/12 48/57/12
f 12/18/12 48/57/12 50/55/12
f 12/18/12 50/55/12 31/53/12
f 12/18/12 31/53/12 51/51/12
f 12/18/12 51/51/12 47/49/12
f 47/49/12 49/47/12 53/31/12
f 12/18/12 47/49/12 53/31/12
f 53/31/12 28/20/12 16/20/12
f 27/19/12 15/19/12 16/20/12
f 28/20/12 32/61/12 27/19/12
o h_hlid
v -10.250000 0.000000 2.000000
v -8.860538 4.000000 1.236724
v -10.250000 0.000000 -2.000000
v -8.860538 4.000000 -1.236724
v -2.750000 0.000000 2.000000
v -4.139461 4.000000 1.236724
v -2.750000 0.000000 -2.000000
v -4.139461 4.000000 -1.236724
vn -0.9446 0.3281 -0.0000
vn -0.0000 0.1874 -0.9823
vn 0.9446 0.3281 -0.0000
vn -0.0000 0.1874 0.9823
vn -0.0000 -1.0000 -0.0000
vn -0.0000 1.0000 -0.0000
vt 0.375000 0.000000
vt 0.625000 0.000000
vt 0.625000 0.250000
vt 0.375000 0.250000
vt 0.625000 0.500000
vt 0.375000 0.500000
vt 0.625000 0.750000
vt 0.375000 0.750000
vt 0.625000 1.000000
vt 0.375000 1.000000
vt 0.125000 0.500000
vt 0.125000 0.750000
vt 0.875000 0.500000
vt 0.875000 0.750000
s 0
usemtl Material.002
f 61/62/13 62/63/13 64/64/13 63/65/13
f 63/65/14 64/64/14 68/66/14 67/67/14
f 67/67/15 68/66/15 66/68/15 65/69/15
f 65/69/16 66/68/16 62/70/16 61/71/16
f 63/72/17 67/67/17 65/69/17 61/73/17
f 68/66/18 64/74/18 62/75/18 66/68/18
o innanhus
v -4.080000 -0.009000 9.530798
v -4.080000 2.949000 9.530798
v -4.080000 -0.009000 1.289198
v -4.080000 2.949000 1.289198
v 4.080000 -0.009000 9.530798
v 4.080000 2.949000 9.530798
v 4.080000 -0.009000 1.289198
v 4.080000 2.949000 1.289198
vn -1.0000 -0.0000 -0.0000
vn -0.0000 -0.0000 -1.0000
vn 1.0000 -0.0000 -0.0000
vn -0.0000 -0.0000 1.0000
vn -0.0000 -1.0000 -0.0000
vn -0.0000 1.0000 -0.0000
vt 0.625000 0.000000
vt 0.375000 0.250000
vt 0.375000 0.000000
vt 0.625000 0.250000
vt 0.375000 0.500000
vt 0.625000 0.500000
vt 0.375000 0.750000
vt 0.625000 0.750000
vt 0.375000 1.000000
vt 0.125000 0.750000
vt 0.125000 0.500000
vt 0.875000 0.500000
vt 0.625000 1.000000
vt 0.875000 0.750000
s 0
usemtl Material.012
f 70/76/19 71/77/19 69/78/19
f 72/79/20 75/80/20 71/77/20
f 76/81/21 73/82/21 75/80/21
f 74/83/22 69/84/22 73/82/22
f 75/80/23 69/85/23 71/86/23
f 72/87/24 74/83/24 76/81/24
f 70/76/19 72/79/19 71/77/19
f 72/79/20 76/81/20 75/80/20
f 76/81/21 74/83/21 73/82/21
f 74/83/22 70/88/22 69/84/22
f 75/80/23 73/82/23 69/85/23
f 72/87/24 70/89/24 74/83/24
o syningarsalur
v -0.000007 -0.030000 9.232174
v 18.205343 -0.030000 16.780991
v 18.205343 2.370000 16.780991
v 16.384377 -0.030000 20.191359
v 16.384377 2.370000 20.191359
v 13.933763 -0.030000 23.180567
v 13.933763 2.370000 23.180567
v 10.947686 -0.030000 25.633751
v 10.947686 2.370000 25.633751
v 7.540896 -0.030000 27.456629
v 7.540896 2.370000 27.456629
v 3.844311 -0.030000 28.579153
v 3.844311 2.370000 28.579153
v -0.000007 -0.030000 28.958181
v -0.000007 2.370000 28.958181
v -3.844327 -0.030000 28.579153
v -3.844327 2.370000 28.579153
v -7.540917 -0.030000 27.456629
v -7.540917 2.370000 27.456629
v -10.947704 -0.030000 25.633751
v -10.947704 2.370000 25.633751
v -13.933783 -0.030000 23.180567
v -13.933783 2.370000 23.180567
v -16.384394 -0.030000 20.191359
v -16.384394 2.370000 20.191359
v -18.205362 -0.030000 16.780991
v -18.205362 2.370000 16.780991
v -0.000007 2.370000 9.232174
vn 0.8821 -0.0000 0.4710
vn 0.7733 -0.0000 0.6340
vn 0.6348 -0.0000 0.7727
vn 0.4718 -0.0000 0.8817
vn 0.2906 -0.0000 0.9569
vn 0.0981 -0.0000 0.9952
vn -0.0981 -0.0000 0.9952
vn -0.2906 -0.0000 0.9569
vn -0.4718 -0.0000 0.8817
vn -0.6348 -0.0000 0.7727
vn -0.7733 -0.0000 0.6340
vn -0.8821 -0.0000 0.4710
vn -0.3830 -0.0000 -0.9237
vn 0.3830 -0.0000 -0.9237
vn -0.0000 1.0000 -0.0000
vn -0.0000 -1.0000 -0.0000
vt 0.687500 0.500000
vt 0.687500 1.000000
vt 0.656250 1.000000
vt 0.656250 0.500000
vt 0.625000 1.000000
vt 0.625000 0.500000
vt 0.593750 1.000000
vt 0.593750 0.500000
vt 0.562500 1.000000
vt 0.562500 0.500000
vt 0.531250 1.000000
vt 0.531250 0.500000
vt 0.500000 1.000000
vt 0.500000 0.500000
vt 0.468750 1.000000
vt 0.468750 0.500000
vt 0.437500 1.000000
vt 0.437500 0.500000
vt 0.406250 1.000000
vt 0.406250 0.500000
vt 0.375000 1.000000
vt 0.375000 0.500000
vt 0.343750 1.000000
vt 0.343750 0.500000
vt 0.312500 1.000000
vt 0.312500 0.500000
vt 0.000000 0.000000
s 0
usemtl Material.013
f 78/90/25 79/91/25 81/92/25 80/93/25
f 80/93/26 81/92/26 83/94/26 82/95/26
f 82/95/27 83/94/27 85/96/27 84/97/27
f 84/97/28 85/96/28 87/98/28 86/99/28
f 86/99/29 87/98/29 89/100/29 88/101/29
f 88/101/30 89/100/30 91/102/30 90/103/30
f 90/103/31 91/102/31 93/104/31 92/105/31
f 92/105/32 93/104/32 95/106/32 94/107/32
f 94/107/33 95/106/33 97/108/33 96/109/33
f 96/109/34 97/108/34 99/110/34 98/111/34
f 98/111/35 99/110/35 101/112/35 100/113/35
f 100/113/36 101/112/36 103/114/36 102/115/36
f 103/114/37 104/116/37 77/116/37 102/115/37
f 79/91/38 78/90/38 77/116/38 104/116/38
f 81/92/39 79/91/39 104/116/39 91/102/39 89/100/39 87/98/39 85/96/39 83/94/39
f 91/102/39 104/116/39 103/114/39 101/112/39 99/110/39 97/108/39 95/106/39 93/104/39
f 78/90/40 80/93/40 82/95/40 84/97/40 86/99/40 88/101/40 90/103/40 92/105/40 94/107/40 96/109/40 98/111/40 100/113/40 102/115/40 77/116/40
o dyr
v -0.481908 1.425380 -1.425713
v -0.481908 1.425380 -1.299999
v 0.582861 -0.001031 -1.425713
v 0.582861 -0.001031 -1.299999
v -0.481908 -0.001031 -1.425713
v -0.481908 -0.001031 -1.299999
v 0.582861 1.425380 -1.425713
v 0.582861 1.425380 -1.299999
v 0.050477 -0.001031 -1.425713
v -0.481908 0.712174 -1.425713
v 0.050477 1.425380 -1.425713
v 0.582861 0.712174 -1.425713
v 0.050477 0.712174 -1.425713
vn -0.0000 -0.0000 -1.0000
vn -0.0000 -0.0000 1.0000
vn -1.0000 -0.0000 -0.0000
vn -0.0000 1.0000 -0.0000
vn 1.0000 -0.0000 -0.0000
vn -0.0000 -1.0000 -0.0000
vt 0.500000 0.125000
vt 0.625000 0.125000
vt 0.625000 0.250000
vt 0.500000 0.250000
vt 0.375000 0.250000
vt 0.625000 0.500000
vt 0.375000 0.500000
vt 0.625000 0.625000
vt 0.625000 0.750000
vt 0.375000 0.750000
vt 0.125000 0.750000
vt 0.375000 0.125000
vt 0.125000 0.500000
vt 0.375000 0.625000
vt 0.875000 0.500000
vt 0.875000 0.625000
vt 0.875000 0.750000
vt 0.375000 0.000000
vt 0.500000 0.000000
vt 0.625000 0.000000
s 0
usemtl Material.001
f 117/117/41 113/118/41 109/119/41 114/120/41
f 108/121/42 112/119/42 106/122/42 110/123/42
f 106/123/43 105/122/43 114/124/43 109/125/43 110/126/43
f 112/127/44 111/126/44 115/128/44 105/121/44 106/123/44
f 108/129/45 107/123/45 116/130/45 111/126/45 112/127/45
f 110/122/46 109/131/46 113/132/46 107/133/46 108/125/46
f 115/128/41 117/117/41 114/120/41 105/121/41
f 111/134/41 116/135/41 117/117/41 115/128/41
f 116/135/41 107/136/41 113/118/41 117/117/41
o gluggi_1
v 1.927303 1.589419 -1.261336
v 1.927303 1.589419 -1.338664
v 2.274240 1.589419 -1.261336
v 2.274240 1.589419 -1.338664
v 1.927303 2.010581 -1.261336
v 1.927303 2.010581 -1.338664
v 2.274240 2.010581 -1.261336
v 2.274240 2.010581 -1.338664
vn -0.0000 -1.0000 -0.0000
vn 1.0000 -0.0000 -0.0000
vn -0.0000 1.0000 -0.0000
vn -1.0000 -0.0000 -0.0000
vn -0.0000 -0.0000 1.0000
vn -0.0000 -0.0000 -1.0000
vt 0.375000 0.000000
vt 0.625000 0.000000
vt 0.625000 0.250000
vt 0.375000 0.250000
vt 0.625000 0.500000
vt 0.375000 0.500000
vt 0.625000 0.750000
vt 0.375000 0.750000
vt 0.625000 1.000000
vt 0.375000 1.000000
vt 0.125000 0.500000
vt 0.125000 0.750000
vt 0.875000 0.500000
vt 0.875000 0.750000
s 0
usemtl Material.005
f 118/137/47 119/138/47 121/139/47 120/140/47
f 120/140/48 121/139/48 125/141/48 124/142/48
f 124/142/49 125/141/49 123/143/49 122/144/49
f 122/144/50 123/143/50 119/145/50 118/146/50
f 120/147/51 124/142/51 122/144/51 118/148/51
f 125/141/52 121/149/52 119/150/52 123/143/52
o gluggi_2
v 1.427303 1.589419 -1.261336
v 1.427303 1.589419 -1.338664
v 1.774240 1.589419 -1.261336
v 1.774240 1.589419 -1.338664
v 1.427303 2.010581 -1.261336
v 1.427303 2.010581 -1.338664
v 1.774240 2.010581 -1.261336
v 1.774240 2.010581 -1.338664
vn -0.0000 -1.0000 -0.0000
vn 1.0000 -0.0000 -0.0000
vn -0.0000 1.0000 -0.0000
vn -1.0000 -0.0000 -0.0000
vn -0.0000 -0.0000 1.0000
vn -0.0000 -0.0000 -1.0000
vt 0.375000 0.000000
vt 0.625000 0.000000
vt 0.625000 0.250000
vt 0.375000 0.250000
vt 0.625000 0.500000
vt 0.375000 0.500000
vt 0.625000 0.750000
vt 0.375000 0.750000
vt 0.625000 1.000000
vt 0.375000 1.000000
vt 0.125000 0.500000
vt 0.125000 0.750000
vt 0.875000 0.500000
vt 0.875000 0.750000
s 0
usemtl Material.006
f 126/151/53 127/152/53 129/153/53 128/154/53
f 128/154/54 129/153/54 133/155/54 132/156/54
f 132/156/55 133/155/55 131/157/55 130/158/55
f 130/158/56 131/157/56 127/159/56 126/160/56
f 128/161/57 132/156/57 130/158/57 126/162/57
f 133/155/58 129/163/58 127/164/58 131/157/58
o gluggi_3
v 0.927303 1.589419 -1.261336
v 0.927303 1.589419 -1.338664
v 1.274240 1.589419 -1.261336
v 1.274240 1.589419 -1.338664
v 0.927303 2.010581 -1.261336
v 0.927303 2.010581 -1.338664
v 1.274240 2.010581 -1.261336
v 1.274240 2.010581 -1.338664
vn -0.0000 -1.0000 -0.0000
vn 1.0000 -0.0000 -0.0000
vn -0.0000 1.0000 -0.0000
vn -1.0000 -0.0000 -0.0000
vn -0.0000 -0.0000 1.0000
vn -0.0000 -0.0000 -1.0000
vt 0.375000 0.000000
vt 0.625000 0.000000
vt 0.625000 0.250000
vt 0.375000 0.250000
vt 0.625000 0.500000
vt 0.375000 0.500000
vt 0.625000 0.750000
vt 0.375000 0.750000
vt 0.625000 1.000000
vt 0.375000 1.000000
vt 0.125000 0.500000
vt 0.125000 0.750000
vt 0.875000 0.500000
vt 0.875000 0.750000
s 0
usemtl Material.007
f 134/165/59 135/166/59 137/167/59 136/168/59
f 136/168/60 137/167/60 141/169/60 140/170/60
f 140/170/61 141/169/61 139/171/61 138/172/61
f 138/172/62 139/171/62 135/173/62 134/174/62
f 136/175/63 140/170/63 138/172/63 134/176/63
f 141/169/64 137/177/64 135/178/64 139/171/64
o gluggi_4
v -1.231053 1.589419 -1.261336
v -1.231053 1.589419 -1.338664
v -0.884115 1.589419 -1.261336
v -0.884115 1.589419 -1.338664
v -1.231053 2.010581 -1.261336
v -1.231053 2.010581 -1.338664
v -0.884115 2.010581 -1.261336
v -0.884115 2.010581 -1.338664
vn -0.0000 -1.0000 -0.0000
vn 1.0000 -0.0000 -0.0000
vn -0.0000 1.0000 -0.0000
vn -1.0000 -0.0000 -0.0000
vn -0.0000 -0.0000 1.0000
vn -0.0000 -0.0000 -1.0000
vt 0.375000 0.000000
vt 0.625000 0.000000
vt 0.625000 0.250000
vt 0.375000 0.250000
vt 0.625000 0.500000
vt 0.375000 0.500000
vt 0.625000 0.750000
vt 0.375000 0.750000
vt 0.625000 1.000000
vt 0.375000 1.000000
vt 0.125000 0.500000
vt 0.125000 0.750000
vt 0.875000 0.500000
vt 0.875000 0.750000
s 0
usemtl Material.008
f 142/179/65 143/180/65 145/181/65 144/182/65
f 144/182/66 145/181/66 149/183/66 148/184/66
f 148/184/67 149/183/67 147/185/67 146/186/67
f 146/186/68 147/185/68 143/187/68 142/188/68
f 144/189/69 148/184/69 146/186/69 142/190/69
f 149/183/70 145/191/70 143/192/70 147/185/70
o gluggi_5
v -1.731053 1.589419 -1.261336
v -1.731053 1.589419 -1.338664
v -1.384115 1.589419 -1.261336
v -1.384115 1.589419 -1.338664
v -1.731053 2.010581 -1.261336
v -1.731053 2.010581 -1.338664
v -1.384115 2.010581 -1.261336
v -1.384115 2.010581 -1.338664
vn -0.0000 -1.0000 -0.0000
vn 1.0000 -0.0000 -0.0000
vn -0.0000 1.0000 -0.0000
vn -1.0000 -0.0000 -0.0000
vn -0.0000 -0.0000 1.0000
vn -0.0000 -0.0000 -1.0000
vt 0.375000 0.000000
vt 0.625000 0.000000
vt 0.625000 0.250000
vt 0.375000 0.250000
vt 0.625000 0.500000
vt 0.375000 0.500000
vt 0.625000 0.750000
vt 0.375000 0.750000
vt 0.625000 1.000000
vt 0.375000 1.000000
vt 0.125000 0.500000
vt 0.125000 0.750000
vt 0.875000 0.500000
vt 0.875000 0.750000
s 0
usemtl Material.009
f 150/193/71 151/194/71 153/195/71 152/196/71
f 152/196/72 153/195/72 157/197/72 156/198/72
f 156/198/73 157/197/73 155/199/73 154/200/73
f 154/200/74 155/199/74 151/201/74 150/202/74
f 152/203/75 156/198/75 154/200/75 150/204/75
f 157/197/76 153/205/76 151/206/76 155/199/76
o gluggi_6
v -2.231052 1.589419 -1.261336
v -2.231052 1.589419 -1.338664
v -1.884115 1.589419 -1.261336
v -1.884115 1.589419 -1.338664
v -2.231052 2.010581 -1.261336
v -2.231052 2.010581 -1.338664
v -1.884115 2.010581 -1.261336
v -1.884115 2.010581 -1.338664
vn -0.0000 -1.0000 -0.0000
vn 1.0000 -0.0000 -0.0000
vn -0.0000 1.0000 -0.0000
vn -1.0000 -0.0000 -0.0000
vn -0.0000 -0.0000 1.0000
vn -0.0000 -0.0000 -1.0000
vt 0.375000 0.000000
vt 0.625000 0.000000
vt 0.625000 0.250000
vt 0.375000 0.250000
vt 0.625000 0.500000
vt 0.375000 0.500000
vt 0.625000 0.750000
vt 0.375000 0.750000
vt 0.625000 1.000000
vt 0.375000 1.000000
vt 0.125000 0.500000
vt 0.125000 0.750000
vt 0.875000 0.500000
vt 0.875000 0.750000
s 0
usemtl Material.010
f 158/207/77 159/208/77 161/209/77 160/210/77
f 160/210/78 161/209/78 165/211/78 164/212/78
f 164/212/79 165/211/79 163/213/79 162/214/79
f 162/214/80 163/213/80 159/215/80 158/216/80
f 160/217/81 164/212/81 162/214/81 158/218/81
f 165/211/82 161/219/82 159/220/82 163/213/82
o gluggi_kula_2_hlid_a
o Cube.004
v -5.334224 2.614725 1.557084
v -5.334224 3.658621 1.373017
v -5.334224 2.579995 1.360123
v -5.334224 3.623891 1.176056
v -5.034224 2.614725 1.557084
v -5.034224 3.658621 1.373017
v -5.034224 2.579995 1.360123
v -5.034224 3.623891 1.176056
v -8.261690 2.624547 1.524597
v -8.261690 3.668443 1.340530
v -8.261690 2.589817 1.327635
v -8.261690 3.633713 1.143568
v -7.961690 2.624547 1.524597
v -7.961690 3.668443 1.340530
v -7.961690 2.589817 1.327635
v -7.961690 3.633713 1.143568
v -7.312362 2.590309 1.520045
v -7.312362 3.634205 1.335978
v -7.312362 2.555579 1.323083
v -7.312362 3.599476 1.139016
v -7.012362 2.590309 1.520045
v -7.012362 3.634205 1.335978
v -7.012362 2.555579 1.323083
v -7.012362 3.599476 1.139016
v -6.289774 2.596585 1.537913
v -6.289774 3.640481 1.353846
v -6.289774 2.561855 1.340951
v -6.289774 3.605751 1.156884
v -5.989774 2.596585 1.537913
v -5.989774 3.640481 1.353846
v -5.989774 2.561855 1.340951
v -5.989774 3.605751 1.156884
vn -1.0000 -0.0000 -0.0000
vn -0.0000 -0.1736 -0.9848
vn 1.0000 -0.0000 -0.0000
vn -0.0000 0.1736 0.9848
vn -0.0000 -0.9848 0.1736
vn -0.0000 0.9848 -0.1736
vt 0.375000 0.000000
vt 0.625000 0.000000
vt 0.625000 0.250000
vt 0.375000 0.250000
vt 0.625000 0.500000
vt 0.375000 0.500000
vt 0.625000 0.750000
vt 0.375000 0.750000
vt 0.625000 1.000000
vt 0.375000 1.000000
vt 0.125000 0.500000
vt 0.125000 0.750000
vt 0.875000 0.500000
vt 0.875000 0.750000
s 0
usemtl Material.020
f 166/221/83 167/222/83 169/223/83 168/224/83
f 168/224/84 169/223/84 173/225/84 172/226/84
f 172/226/85 173/225/85 171/227/85 170/228/85
f 170/228/86 171/227/86 167/229/86 166/230/86
f 168/231/87 172/226/87 170/228/87 166/232/87
f 173/225/88 169/233/88 167/234/88 171/227/88
f 174/221/83 175/222/83 177/223/83 176/224/83
f 176/224/84 177/223/84 181/225/84 180/226/84
f 180/226/85 181/225/85 179/227/85 178/228/85
f 178/228/86 179/227/86 175/229/86 174/230/86
f 176/231/87 180/226/87 178/228/87 174/232/87
f 181/225/88 177/233/88 175/234/88 179/227/88
f 182/221/83 183/222/83 185/223/83 184/224/83
f 184/224/84 185/223/84 189/225/84 188/226/84
f 188/226/85 189/225/85 187/227/85 186/228/85
f 186/228/86 187/227/86 183/229/86 182/230/86
f 184/231/87 188/226/87 186/228/87 182/232/87
f 189/225/88 185/233/88 183/234/88 187/227/88
f 190/221/83 191/222/83 193/223/83 192/224/83
f 192/224/84 193/223/84 197/225/84 196/226/84
f 196/226/85 197/225/85 195/227/85 194/228/85
f 194/228/86 195/227/86 191/229/86 190/230/86
f 192/231/87 196/226/87 194/228/87 190/232/87
f 197/225/88 193/233/88 191/234/88 195/227/88
o Cube.001
v 7.857170 2.614417 1.557084
v 7.857170 3.658313 1.373017
v 7.857170 2.579687 1.360123
v 7.857170 3.623583 1.176056
v 8.157169 2.614417 1.557084
v 8.157169 3.658313 1.373017
v 8.157169 2.579687 1.360123
v 8.157169 3.623583 1.176056
v 4.929703 2.624238 1.524597
v 4.929703 3.668135 1.340530
v 4.929703 2.589509 1.327635
v 4.929703 3.633405 1.143568
v 5.229703 2.624238 1.524597
v 5.229703 3.668135 1.340530
v 5.229703 2.589509 1.327635
v 5.229703 3.633405 1.143568
v 5.879031 2.590001 1.520045
v 5.879031 3.633897 1.335978
v 5.879031 2.555271 1.323083
v 5.879031 3.599168 1.139016
v 6.179031 2.590001 1.520045
v 6.179031 3.633897 1.335978
v 6.179031 2.555271 1.323083
v 6.179031 3.599168 1.139016
v 6.901619 2.596277 1.537913
v 6.901619 3.640173 1.353846
v 6.901619 2.561547 1.340951
v 6.901619 3.605443 1.156884
v 7.201620 2.596277 1.537913
v 7.201620 3.640173 1.353846
v 7.201620 2.561547 1.340951
v 7.201620 3.605443 1.156884
vn -1.0000 -0.0000 -0.0000
vn -0.0000 -0.1736 -0.9848
vn 1.0000 -0.0000 -0.0000
vn -0.0000 0.1736 0.9848
vn -0.0000 -0.9848 0.1736
vn -0.0000 0.9848 -0.1736
vt 0.375000 0.000000
vt 0.625000 0.000000
vt 0.625000 0.250000
vt 0.375000 0.250000
vt 0.625000 0.500000
vt 0.375000 0.500000
vt 0.625000 0.750000
vt 0.375000 0.750000
vt 0.625000 1.000000
vt 0.375000 1.000000
vt 0.125000 0.500000
vt 0.125000 0.750000
vt 0.875000 0.500000
vt 0.875000 0.750000
s 0
usemtl Material.052
f 198/235/89 199/236/89 201/237/89 200/238/89
f 200/238/90 201/237/90 205/239/90 204/240/90
f 204/240/91 205/239/91 203/241/91 202/242/91
f 202/242/92 203/241/92 199/243/92 198/244/92
f 200/245/93 204/240/93 202/242/93 198/246/93
f 205/239/94 201/247/94 199/248/94 203/241/94
f 206/235/89 207/236/89 209/237/89 208/238/89
f 208/238/90 209/237/90 213/239/90 212/240/90
f 212/240/91 213/239/91 211/241/91 210/242/91
f 210/242/92 211/241/92 207/243/92 206/244/92
f 208/245/93 212/240/93 210/242/93 206/246/93
f 213/239/94 209/247/94 207/248/94 211/241/94
f 214/235/89 215/236/89 217/237/89 216/238/89
f 216/238/90 217/237/90 221/239/90 220/240/90
f 220/240/91 221/239/91 219/241/91 218/242/91
f 218/242/92 219/241/92 215/243/92 214/244/92
f 216/245/93 220/240/93 218/242/93 214/246/93
f 221/239/94 217/247/94 215/248/94 219/241/94
f 222/235/89 223/236/89 225/237/89 224/238/89
f 224/238/90 225/237/90 229/239/90 228/240/90
f 228/240/91 229/239/91 227/241/91 226/242/91
f 226/242/92 227/241/92 223/243/92 222/244/92
f 224/245/93 228/240/93 226/242/93 222/246/93
f 229/239/94 225/247/94 223/248/94 227/241/94
o Cube.005
v 3.843889 1.134178 5.551627
v 3.843889 1.865822 5.551627
v 3.843889 1.134178 5.151627
v 3.843889 1.865822 5.151627
v 4.136171 1.134178 5.551627
v 4.136171 1.865822 5.551627
v 4.136171 1.134178 5.151627
v 4.136171 1.865822 5.151627
vn -1.0000 -0.0000 -0.0000
vn -0.0000 -0.0000 -1.0000
vn 1.0000 -0.0000 -0.0000
vn -0.0000 -0.0000 1.0000
vn -0.0000 -1.0000 -0.0000
vn -0.0000 1.0000 -0.0000
vt 0.375000 0.000000
vt 0.625000 0.000000
vt 0.625000 0.250000
vt 0.375000 0.250000
vt 0.625000 0.500000
vt 0.375000 0.500000
vt 0.625000 0.750000
vt 0.375000 0.750000
vt 0.625000 1.000000
vt 0.375000 1.000000
vt 0.125000 0.500000
vt 0.125000 0.750000
vt 0.875000 0.500000
vt 0.875000 0.750000
s 0
usemtl Material.024
f 230/249/95 231/250/95 233/251/95 232/252/95
f 232/252/96 233/251/96 237/253/96 236/254/96
f 236/254/97 237/253/97 235/255/97 234/256/97
f 234/256/98 235/255/98 231/257/98 230/258/98
f 232/259/99 236/254/99 234/256/99 230/260/99
f 237/253/100 233/261/100 231/262/100 235/255/100
o Cube.006
v -4.133590 1.764686 8.099952
v -4.133590 2.364686 8.099952
v -4.133590 1.764686 7.499951
v -4.133590 2.364686 7.499951
v -3.933590 1.764686 8.099952
v -3.933590 2.364686 8.099952
v -3.933590 1.764686 7.499951
v -3.933590 2.364686 7.499951
vn -1.0000 -0.0000 -0.0000
vn -0.0000 -0.0000 -1.0000
vn 1.0000 -0.0000 -0.0000
vn -0.0000 -0.0000 1.0000
vn -0.0000 -1.0000 -0.0000
vn -0.0000 1.0000 -0.0000
vt 0.375000 0.000000
vt 0.625000 0.000000
vt 0.625000 0.250000
vt 0.375000 0.250000
vt 0.625000 0.500000
vt 0.375000 0.500000
vt 0.625000 0.750000
vt 0.375000 0.750000
vt 0.625000 1.000000
vt 0.375000 1.000000
vt 0.125000 0.500000
vt 0.125000 0.750000
vt 0.875000 0.500000
vt 0.875000 0.750000
s 0
usemtl Material.018
f 238/263/101 239/264/101 241/265/101 240/266/101
f 240/266/102 241/265/102 245/267/102 244/268/102
f 244/268/103 245/267/103 243/269/103 242/270/103
f 242/270/104 243/269/104 239/271/104 238/272/104
f 240/273/105 244/268/105 242/270/105 238/274/105
f 245/267/106 241/275/106 239/276/106 243/269/106
o Cube.007
v -4.133590 1.771398 7.271305
v -4.133590 2.371398 7.271305
v -4.133590 1.771398 6.671304
v -4.133590 2.371398 6.671304
v -3.933590 1.771398 7.271305
v -3.933590 2.371398 7.271305
v -3.933590 1.771398 6.671304
v -3.933590 2.371398 6.671304
vn -1.0000 -0.0000 -0.0000
vn -0.0000 -0.0000 -1.0000
vn 1.0000 -0.0000 -0.0000
vn -0.0000 -0.0000 1.0000
vn -0.0000 -1.0000 -0.0000
vn -0.0000 1.0000 -0.0000
vt 0.375000 0.000000
vt 0.625000 0.000000
vt 0.625000 0.250000
vt 0.375000 0.250000
vt 0.625000 0.500000
vt 0.375000 0.500000
vt 0.625000 0.750000
vt 0.375000 0.750000
vt 0.625000 1.000000
vt 0.375000 1.000000
vt 0.125000 0.500000
vt 0.125000 0.750000
vt 0.875000 0.500000
vt 0.875000 0.750000
s 0
usemtl Material.019
f 246/277/107 247/278/107 249/279/107 248/280/107
f 248/280/108 249/279/108 253/281/108 252/282/108
f 252/282/109 253/281/109 251/283/109 250/284/109
f 250/284/110 251/283/110 247/285/110 246/286/110
f 248/287/111 252/282/111 250/284/111 246/288/111
f 253/281/112 249/289/112 247/290/112 251/283/112
o Cube.008
v -4.133590 1.777259 6.456892
v -4.133590 2.377259 6.456892
v -4.133590 1.777259 5.856892
v -4.133590 2.377259 5.856892
v -3.933590 1.777259 6.456892
v -3.933590 2.377259 6.456892
v -3.933590 1.777259 5.856892
v -3.933590 2.377259 5.856892
vn -1.0000 -0.0000 -0.0000
vn -0.0000 -0.0000 -1.0000
vn 1.0000 -0.0000 -0.0000
vn -0.0000 -0.0000 1.0000
vn -0.0000 -1.0000 -0.0000
vn -0.0000 1.0000 -0.0000
vt 0.375000 0.000000
vt 0.625000 0.000000
vt 0.625000 0.250000
vt 0.375000 0.250000
vt 0.625000 0.500000
vt 0.375000 0.500000
vt 0.625000 0.750000
vt 0.375000 0.750000
vt 0.625000 1.000000
vt 0.375000 1.000000
vt 0.125000 0.500000
vt 0.125000 0.750000
vt 0.875000 0.500000
vt 0.875000 0.750000
s 0
usemtl Material.017
f 254/291/113 255/292/113 257/293/113 256/294/113
f 256/294/114 257/293/114 261/295/114 260/296/114
f 260/296/115 261/295/115 259/297/115 258/298/115
f 258/298/116 259/297/116 255/299/116 254/300/116
f 256/301/117 260/296/117 258/298/117 254/302/117
f 261/295/118 257/303/118 255/304/118 259/297/118
o Sphere
v -0.084123 6.247382 3.268496
v -0.084123 5.307196 2.234654
v -0.084123 4.078784 1.675143
v -0.084123 3.413971 1.603142
v -0.084123 2.749159 1.675143
v -0.084123 1.520747 2.234654
v 0.058509 6.756207 4.633323
v 0.195659 6.562288 3.943886
v 0.322057 6.247382 3.308498
v 0.432847 5.823589 2.751575
v 0.523769 5.307196 2.294521
v 0.591330 4.718047 1.954899
v 0.632934 4.078784 1.745760
v 0.646982 3.413971 1.675143
v 0.632934 2.749159 1.745760
v 0.591330 2.109896 1.954899
v 0.523769 1.520747 2.294521
v 0.432847 1.004354 2.751575
v 0.322057 0.580561 3.308498
v 0.195659 0.265654 3.943886
v 0.058509 0.071736 4.633323
v 0.195659 6.756207 4.674923
v 0.464689 6.562288 4.025488
v 0.712628 6.247382 3.426965
v 0.929949 5.823589 2.902355
v 1.108300 5.307196 2.471820
v 1.240826 4.718047 2.151902
v 1.322435 4.078784 1.954899
v 1.349991 3.413971 1.888379
v 1.322435 2.749159 1.954899
v 1.240826 2.109896 2.151902
v 1.108300 1.520747 2.471820
v 0.929949 1.004354 2.902355
v 0.712628 0.580561 3.426965
v 0.464689 0.265654 4.025488
v 0.195659 0.071736 4.674923
v 0.322057 6.756207 4.742478
v 0.712628 6.562288 4.158002
v 1.072581 6.247382 3.619346
v 1.388081 5.823589 3.147209
v 1.647006 5.307196 2.759738
v 1.839405 4.718047 2.471820
v 1.957883 4.078784 2.294521
v 1.997888 3.413971 2.234654
v 1.957883 2.749159 2.294521
v 1.839405 2.109896 2.471820
v 1.647006 1.520747 2.759738
v 1.388081 1.004354 3.147209
v 1.072581 0.580561 3.619346
v 0.712628 0.265654 4.158002
v 0.322057 0.071736 4.742478
v 0.432847 6.756207 4.833392
v 0.929949 6.562288 4.336336
v 1.388081 6.247382 3.878246
v 1.789638 5.823589 3.476727
v 2.119186 5.307196 3.147210
v 2.364063 4.718047 2.902355
v 2.514858 4.078784 2.751575
v 2.565775 3.413971 2.700664
v 2.514858 2.749159 2.751575
v 2.364063 2.109896 2.902355
v 2.119186 1.520747 3.147210
v 1.789638 1.004354 3.476727
v 1.388081 0.580561 3.878246
v 0.929949 0.265654 4.336336
v 0.432847 0.071736 4.833392
v 0.523769 6.756207 4.944170
v 1.108300 6.562288 4.553636
v 1.647006 6.247382 4.193717
v 2.119187 5.823589 3.878246
v 2.506695 5.307196 3.619346
v 2.794639 4.718047 3.426965
v 2.971955 4.078784 3.308498
v 3.031827 3.413971 3.268497
v 2.971955 2.749159 3.308498
v 2.794639 2.109896 3.426965
v 2.506695 1.520747 3.619346
v 2.119187 1.004354 3.878246
v 1.647006 0.580561 4.193717
v 1.108300 0.265654 4.553636
v 0.523769 0.071736 4.944170
v -0.084123 6.821685 5.350313
v 0.591330 6.756207 5.070557
v 1.240826 6.562288 4.801552
v 1.839405 6.247382 4.553636
v 2.364064 5.823589 4.336336
v 2.794639 5.307196 4.158002
v 3.114586 4.718047 4.025488
v 3.311609 4.078784 3.943887
v 3.378135 3.413971 3.916333
v 3.311609 2.749159 3.943887
v 3.114586 2.109896 4.025488
v 2.794639 1.520747 4.158002
v 2.364064 1.004354 4.336336
v 1.839405 0.580561 4.553636
v 1.240826 0.265654 4.801552
v 0.591330 0.071736 5.070557
v 0.632934 6.756207 5.207695
v 1.322435 6.562288 5.070557
v 1.957883 6.247382 4.944170
v 2.514858 5.823589 4.833392
v 2.971955 5.307196 4.742478
v 3.311609 4.718047 4.674922
v 3.520766 4.078784 4.633323
v 3.591390 3.413971 4.619277
v 3.520766 2.749159 4.633323
v 3.311609 2.109896 4.674922
v 2.971955 1.520747 4.742478
v 2.514858 1.004354 4.833392
v 1.957883 0.580561 4.944170
v 1.322435 0.265654 5.070557
v 0.632934 0.071736 5.207695
v 0.646982 6.756207 5.350313
v 1.349991 6.562288 5.350313
v 1.997888 6.247382 5.350313
v 2.565775 5.823589 5.350313
v 3.031826 5.307196 5.350313
v 3.378135 4.718047 5.350313
v 3.591390 4.078784 5.350313
v 3.663397 3.413971 5.350313
v 3.591390 2.749159 5.350313
v 3.378135 2.109896 5.350313
v 3.031826 1.520747 5.350313
v 2.565775 1.004354 5.350313
v 1.997888 0.580561 5.350313
v 1.349991 0.265654 5.350313
v 0.646982 0.071736 5.350313
v 0.632934 6.756207 5.492931
v 1.322435 6.562288 5.630068
v 1.957883 6.247382 5.756455
v 2.514858 5.823589 5.867234
v 2.971954 5.307196 5.958148
v 3.311609 4.718047 6.025702
v 3.520766 4.078784 6.067303
v 3.591389 3.413971 6.081350
v 3.520766 2.749159 6.067303
v 3.311609 2.109896 6.025702
v 2.971954 1.520747 5.958148
v 2.514858 1.004354 5.867234
v 1.957883 0.580561 5.756455
v 1.322435 0.265654 5.630068
v 0.632934 0.071736 5.492931
v 0.591330 6.756207 5.630068
v 1.240826 6.562288 5.899073
v 1.839404 6.247382 6.146989
v 2.364063 5.823589 6.364290
v 2.794639 5.307196 6.542624
v 3.114586 4.718047 6.675138
v 3.311608 4.078784 6.756740
v 3.378134 3.413971 6.784293
v 3.311608 2.749159 6.756740
v 3.114586 2.109896 6.675138
v 2.794639 1.520747 6.542624
v 2.364063 1.004354 6.364290
v 1.839404 0.580561 6.146989
v 1.240826 0.265654 5.899073
v 0.591330 0.071736 5.630068
v 0.523769 6.756207 5.756455
v 1.108299 6.562288 6.146989
v 1.647006 6.247382 6.506908
v 2.119186 5.823589 6.822379
v 2.506694 5.307196 7.081280
v 2.794639 4.718047 7.273660
v 2.971954 4.078784 7.392128
v 3.031826 3.413971 7.432129
v 2.971954 2.749159 7.392128
v 2.794639 2.109896 7.273660
v 2.506694 1.520747 7.081280
v 2.119186 1.004354 6.822379
v 1.647006 0.580561 6.506908
v 1.108299 0.265654 6.146989
v 0.523769 0.071736 5.756455
v 0.432846 6.756207 5.867234
v 0.929949 6.562288 6.364290
v 1.388081 6.247382 6.822379
v 1.789638 5.823589 7.223898
v 2.119186 5.307196 7.553415
v 2.364063 4.718047 7.798269
v 2.514857 4.078784 7.949050
v 2.565773 3.413971 7.999962
v 2.514857 2.749159 7.949050
v 2.364063 2.109896 7.798269
v 2.119186 1.520747 7.553415
v 1.789638 1.004354 7.223898
v 1.388081 0.580561 6.822379
v 0.929949 0.265654 6.364290
v 0.432846 0.071736 5.867234
v 0.322057 6.756207 5.958147
v 0.712628 6.562288 6.542624
v 1.072580 6.247382 7.081280
v 1.388081 5.823589 7.553416
v 1.647005 5.307196 7.940887
v 1.839405 4.718047 8.228806
v 1.957882 4.078784 8.406104
v 1.997887 3.413971 8.465971
v 1.957882 2.749159 8.406104
v 1.839405 2.109896 8.228806
v 1.647005 1.520747 7.940887
v 1.388081 1.004354 7.553416
v 1.072580 0.580561 7.081280
v 0.712628 0.265654 6.542624
v 0.322057 0.071736 5.958147
v 0.195659 6.756207 6.025702
v 0.464689 6.562288 6.675138
v 0.712628 6.247382 7.273660
v 0.929949 5.823589 7.798270
v 1.108299 5.307196 8.228806
v 1.240826 4.718047 8.548722
v 1.322434 4.078784 8.745727
v 1.349990 3.413971 8.812246
v 1.322434 2.749159 8.745727
v 1.240826 2.109896 8.548722
v 1.108299 1.520747 8.228806
v 0.929949 1.004354 7.798270
v 0.712628 0.580561 7.273660
v 0.464689 0.265654 6.675138
v 0.195659 0.071736 6.025702
v 0.058509 6.756207 6.067302
v 0.195659 6.562288 6.756739
v 0.322057 6.247382 7.392127
v 0.432846 5.823589 7.949050
v 0.523768 5.307196 8.406104
v 0.591330 4.718047 8.745727
v 0.632934 4.078784 8.954865
v 0.646981 3.413971 9.025481
v 0.632934 2.749159 8.954865
v 0.591330 2.109896 8.745727
v 0.523768 1.520747 8.406104
v 0.432846 1.004354 7.949050
v 0.322057 0.580561 7.392127
v 0.195659 0.265654 6.756739
v 0.058509 0.071736 6.067302
v -0.084123 6.756207 6.081349
v -0.084123 6.562288 6.784293
v -0.084123 6.247382 7.432128
v -0.084123 5.823589 7.999962
v -0.084123 5.307196 8.465970
v -0.084123 4.718047 8.812246
v -0.084123 4.078784 9.025481
v -0.084124 3.413971 9.097481
v -0.084123 2.749159 9.025481
v -0.084123 2.109896 8.812246
v -0.084123 1.520747 8.465970
v -0.084123 1.004354 7.999962
v -0.084123 0.580561 7.432128
v -0.084123 0.265654 6.784293
v -0.084123 0.071736 6.081349
v -0.226754 6.756207 6.067302
v -0.363905 6.562288 6.756739
v -0.490303 6.247382 7.392127
v -0.601092 5.823589 7.949050
v -0.692015 5.307196 8.406103
v -0.759575 4.718047 8.745726
v -0.801180 4.078784 8.954865
v -0.815229 3.413971 9.025480
v -0.801180 2.749159 8.954865
v -0.759575 2.109896 8.745726
v -0.692015 1.520747 8.406103
v -0.601092 1.004354 7.949050
v -0.490303 0.580561 7.392127
v -0.363905 0.265654 6.756739
v -0.226754 0.071736 6.067302
v -0.363904 6.756207 6.025702
v -0.632935 6.562288 6.675138
v -0.880874 6.247382 7.273659
v -1.098194 5.823589 7.798269
v -1.276545 5.307196 8.228805
v -1.409071 4.718047 8.548722
v -1.490681 4.078784 8.745726
v -1.518237 3.413971 8.812244
v -1.490681 2.749159 8.745726
v -1.409071 2.109896 8.548722
v -1.276545 1.520747 8.228805
v -1.098194 1.004354 7.798269
v -0.880874 0.580561 7.273659
v -0.632935 0.265654 6.675138
v -0.363904 0.071736 6.025702
v -0.490303 6.756207 5.958147
v -0.880874 6.562288 6.542624
v -1.240826 6.247382 7.081279
v -1.556327 5.823589 7.553415
v -1.815251 5.307196 7.940887
v -2.007649 4.718047 8.228806
v -2.126128 4.078784 8.406103
v -2.166133 3.413971 8.465968
v -2.126128 2.749159 8.406103
v -2.007649 2.109896 8.228806
v -1.815251 1.520747 7.940887
v -1.556327 1.004354 7.553415
v -1.240826 0.580561 7.081279
v -0.880874 0.265654 6.542624
v -0.490303 0.071736 5.958147
v -0.601092 6.756207 5.867233
v -1.098194 6.562288 6.364289
v -1.556326 6.247382 6.822378
v -1.957883 5.823589 7.223898
v -2.287431 5.307196 7.553414
v -2.532308 4.718047 7.798269
v -2.683103 4.078784 7.949049
v -2.734019 3.413971 7.999959
v -2.683103 2.749159 7.949049
v -2.532308 2.109896 7.798269
v -2.287431 1.520747 7.553414
v -1.957883 1.004354 7.223898
v -1.556326 0.580561 6.822378
v -1.098194 0.265654 6.364289
v -0.601092 0.071736 5.867233
v -0.084123 0.006258 5.350313
v -0.692014 6.756207 5.756454
v -1.276545 6.562288 6.146989
v -1.815251 6.247382 6.506907
v -2.287431 5.823589 6.822379
v -2.674939 5.307196 7.081279
v -2.962884 4.718047 7.273660
v -3.140200 4.078784 7.392126
v -3.200071 3.413971 7.432126
v -3.140200 2.749159 7.392126
v -2.962884 2.109896 7.273660
v -2.674939 1.520747 7.081279
v -2.287431 1.004354 6.822379
v -1.815251 0.580561 6.506907
v -1.276545 0.265654 6.146989
v -0.692014 0.071736 5.756454
v -0.759575 6.756207 5.630068
v -1.409071 6.562288 5.899073
v -2.007649 6.247382 6.146988
v -2.532308 5.823589 6.364289
v -2.962884 5.307196 6.542623
v -3.282831 4.718047 6.675138
v -3.479853 4.078784 6.756738
v -3.546378 3.413971 6.784290
v -3.479853 2.749159 6.756738
v -3.282831 2.109896 6.675138
v -2.962884 1.520747 6.542623
v -2.532308 1.004354 6.364289
v -2.007649 0.580561 6.146988
v -1.409071 0.265654 5.899073
v -0.759575 0.071736 5.630068
v -0.801179 6.756207 5.492931
v -1.490680 6.562288 5.630068
v -2.126127 6.247382 5.756454
v -2.683103 5.823589 5.867234
v -3.140199 5.307196 5.958147
v -3.479853 4.718047 6.025702
v -3.689011 4.078784 6.067302
v -3.759633 3.413971 6.081347
v -3.689011 2.749159 6.067302
v -3.479853 2.109896 6.025702
v -3.140199 1.520747 5.958147
v -2.683103 1.004354 5.867234
v -2.126127 0.580561 5.756454
v -1.490680 0.265654 5.630068
v -0.801179 0.071736 5.492931
v -0.815227 6.756207 5.350313
v -1.518236 6.562288 5.350313
v -2.166132 6.247382 5.350312
v -2.734020 5.823589 5.350313
v -3.200071 5.307196 5.350312
v -3.546379 4.718047 5.350313
v -3.759634 4.078784 5.350312
v -3.831640 3.413971 5.350311
v -3.759634 2.749159 5.350312
v -3.546379 2.109896 5.350313
v -3.200071 1.520747 5.350312
v -2.734020 1.004354 5.350313
v -2.166132 0.580561 5.350312
v -1.518236 0.265654 5.350313
v -0.815227 0.071736 5.350313
v -0.801179 6.756207 5.207695
v -1.490680 6.562288 5.070557
v -2.126127 6.247382 4.944170
v -2.683102 5.823589 4.833392
v -3.140198 5.307196 4.742477
v -3.479853 4.718047 4.674923
v -3.689010 4.078784 4.633322
v -3.759632 3.413971 4.619275
v -3.689010 2.749159 4.633322
v -3.479853 2.109896 4.674923
v -3.140198 1.520747 4.742477
v -2.683102 1.004354 4.833392
v -2.126127 0.580561 4.944170
v -1.490680 0.265654 5.070557
v -0.801179 0.071736 5.207695
v -0.759575 6.756207 5.070557
v -1.409071 6.562288 4.801552
v -2.007648 6.247382 4.553636
v -2.532308 5.823589 4.336336
v -2.962883 5.307196 4.158002
v -3.282830 4.718047 4.025488
v -3.479852 4.078784 3.943886
v -3.546377 3.413971 3.916332
v -3.479852 2.749159 3.943886
v -3.282830 2.109896 4.025488
v -2.962883 1.520747 4.158002
v -2.532308 1.004354 4.336336
v -2.007648 0.580561 4.553636
v -1.409071 0.265654 4.801552
v -0.759575 0.071736 5.070557
v -0.692014 6.756207 4.944171
v -1.276544 6.562288 4.553636
v -1.815250 6.247382 4.193718
v -2.287431 5.823589 3.878246
v -2.674938 5.307196 3.619346
v -2.962884 4.718047 3.426966
v -3.140198 4.078784 3.308498
v -3.200068 3.413971 3.268497
v -3.140198 2.749159 3.308498
v -2.962884 2.109896 3.426966
v -2.674938 1.520747 3.619346
v -2.287431 1.004354 3.878246
v -1.815250 0.580561 4.193718
v -1.276544 0.265654 4.553636
v -0.692014 0.071736 4.944171
v -0.601092 6.756207 4.833392
v -1.098194 6.562288 4.336336
v -1.556325 6.247382 3.878247
v -1.957883 5.823589 3.476728
v -2.287430 5.307196 3.147210
v -2.532308 4.718047 2.902357
v -2.683101 4.078784 2.751576
v -2.734016 3.413971 2.700664
v -2.683101 2.749159 2.751576
v -2.532308 2.109896 2.902357
v -2.287430 1.520747 3.147210
v -1.957883 1.004354 3.476728
v -1.556325 0.580561 3.878247
v -1.098194 0.265654 4.336336
v -0.601092 0.071736 4.833392
v -0.490303 6.756207 4.742478
v -0.880873 6.562288 4.158002
v -1.240824 6.247382 3.619347
v -1.556326 5.823589 3.147210
v -1.815250 5.307196 2.759738
v -2.007649 4.718047 2.471821
v -2.126127 4.078784 2.294522
v -2.166130 3.413971 2.234657
v -2.126127 2.749159 2.294522
v -2.007649 2.109896 2.471821
v -1.815250 1.520747 2.759738
v -1.556326 1.004354 3.147210
v -1.240824 0.580561 3.619347
v -0.880873 0.265654 4.158002
v -0.490303 0.071736 4.742478
v -0.363904 6.756207 4.674923
v -0.632934 6.562288 4.025488
v -0.880872 6.247382 3.426967
v -1.098194 5.823589 2.902356
v -1.276543 5.307196 2.471821
v -1.409071 4.718047 2.151904
v -1.490679 4.078784 1.954900
v -1.518234 3.413971 1.888382
v -1.490679 2.749159 1.954900
v -1.409071 2.109896 2.151904
v -1.276543 1.520747 2.471821
v -1.098194 1.004354 2.902356
v -0.880872 0.580561 3.426967
v -0.632934 0.265654 4.025488
v -0.363904 0.071736 4.674923
v -0.226754 6.756207 4.633323
v -0.363904 6.562288 3.943887
v -0.490302 6.247382 3.308500
v -0.601092 5.823589 2.751575
v -0.692013 5.307196 2.294523
v -0.759575 4.718047 1.954900
v -0.801178 4.078784 1.745762
v -0.815225 3.413971 1.675147
v -0.801178 2.749159 1.745762
v -0.759575 2.109896 1.954900
v -0.692013 1.520747 2.294523
v -0.601092 1.004354 2.751575
v -0.490302 0.580561 3.308500
v -0.363904 0.265654 3.943887
v -0.226754 0.071736 4.633323
v -0.084123 6.756207 4.619277
v -0.084123 6.562288 3.916333
v -0.084122 5.823589 2.700664
v -0.084123 4.718047 1.888380
v -0.084123 2.109896 1.888380
v -0.084122 1.004354 2.700664
v -0.084122 0.580561 3.268499
v -0.084123 0.265654 3.916333
v -0.084123 0.071736 4.619277
vn -0.0000 -0.2124 -0.9772
vn -0.0000 -0.0000 -1.0000
vn 0.1951 -0.0000 -0.9808
vn 0.1906 -0.2124 -0.9584
vn -0.0000 0.9339 -0.3574
vn -0.0000 0.9830 -0.1834
vn 0.0358 0.9830 -0.1799
vn 0.0697 0.9339 -0.3506
vn -0.0000 -0.4122 -0.9111
vn 0.1777 -0.4122 -0.8936
vn -0.0000 0.8521 -0.5234
vn 0.1021 0.8521 -0.5134
vn -0.0000 -0.5893 -0.8079
vn 0.1576 -0.5893 -0.7924
vn -0.0000 0.7369 -0.6760
vn 0.1319 0.7369 -0.6630
vn -0.0000 -0.7369 -0.6760
vn 0.1319 -0.7369 -0.6630
vn -0.0000 0.5893 -0.8079
vn 0.1576 0.5893 -0.7924
vn -0.0000 -0.8521 -0.5234
vn 0.1021 -0.8521 -0.5134
vn -0.0000 0.4122 -0.9111
vn 0.1777 0.4122 -0.8936
vn -0.0000 -0.9339 -0.3574
vn 0.0697 -0.9339 -0.3506
vn -0.0000 0.2124 -0.9772
vn 0.1906 0.2124 -0.9584
vn -0.0000 -0.9830 -0.1834
vn 0.0358 -0.9830 -0.1799
vn -0.0000 1.0000 -0.0000
vn -0.0000 -1.0000 -0.0000
vn 0.1368 -0.9339 -0.3302
vn 0.0702 -0.9830 -0.1694
vn 0.3739 0.2124 -0.9028
vn 0.3827 -0.0000 -0.9239
vn 0.0702 0.9830 -0.1694
vn 0.3739 -0.2124 -0.9028
vn 0.1368 0.9339 -0.3302
vn 0.3486 -0.4123 -0.8417
vn 0.2003 0.8521 -0.4836
vn 0.3092 -0.5893 -0.7464
vn 0.2587 0.7369 -0.6245
vn 0.2587 -0.7369 -0.6245
vn 0.3092 0.5893 -0.7464
vn 0.2003 -0.8521 -0.4836
vn 0.3486 0.4123 -0.8417
vn 0.4488 -0.5893 -0.6718
vn 0.3755 -0.7369 -0.5621
vn 0.3755 0.7369 -0.5621
vn 0.4488 0.5893 -0.6718
vn 0.2908 -0.8521 -0.4352
vn 0.5061 0.4123 -0.7575
vn 0.1986 -0.9339 -0.2972
vn 0.5429 0.2124 -0.8125
vn 0.1019 -0.9830 -0.1525
vn 0.5555 -0.0000 -0.8315
vn 0.1019 0.9830 -0.1525
vn 0.5429 -0.2124 -0.8125
vn 0.1986 0.9339 -0.2972
vn 0.5061 -0.4123 -0.7575
vn 0.2908 0.8521 -0.4352
vn 0.1297 0.9830 -0.1297
vn 0.1297 -0.9830 -0.1297
vn 0.7071 -0.0000 -0.7071
vn 0.6909 -0.2124 -0.6910
vn 0.2527 0.9339 -0.2527
vn 0.6442 -0.4123 -0.6442
vn 0.3701 0.8521 -0.3701
vn 0.5713 -0.5893 -0.5713
vn 0.4779 0.7369 -0.4780
vn 0.4779 -0.7369 -0.4780
vn 0.5713 0.5893 -0.5713
vn 0.3701 -0.8521 -0.3701
vn 0.6442 0.4123 -0.6442
vn 0.2527 -0.9339 -0.2527
vn 0.6909 0.2124 -0.6910
vn 0.5620 0.7370 -0.3756
vn 0.6717 0.5893 -0.4489
vn 0.5620 -0.7370 -0.3756
vn 0.4352 -0.8521 -0.2908
vn 0.7575 0.4123 -0.5062
vn 0.2972 -0.9339 -0.1986
vn 0.8125 0.2124 -0.5429
vn 0.1525 -0.9830 -0.1019
vn 0.8314 -0.0000 -0.5556
vn 0.1525 0.9830 -0.1019
vn 0.8125 -0.2124 -0.5429
vn 0.2972 0.9339 -0.1986
vn 0.7575 -0.4123 -0.5062
vn 0.4352 0.8521 -0.2908
vn 0.6717 -0.5893 -0.4489
vn 0.9239 -0.0000 -0.3827
vn 0.9028 -0.2124 -0.3740
vn 0.1694 0.9830 -0.0702
vn 0.3302 0.9339 -0.1368
vn 0.8417 -0.4123 -0.3487
vn 0.4836 0.8521 -0.2003
vn 0.7464 -0.5893 -0.3092
vn 0.6245 0.7370 -0.2587
vn 0.6245 -0.7370 -0.2587
vn 0.7464 0.5893 -0.3092
vn 0.4836 -0.8521 -0.2003
vn 0.8417 0.4123 -0.3487
vn 0.3302 -0.9339 -0.1368
vn 0.9028 0.2124 -0.3740
vn 0.1694 -0.9830 -0.0702
vn 0.6629 -0.7370 -0.1319
vn 0.5134 -0.8521 -0.1021
vn 0.7924 0.5893 -0.1576
vn 0.8935 0.4123 -0.1778
vn 0.3505 -0.9340 -0.0697
vn 0.9584 0.2124 -0.1907
vn 0.1799 -0.9830 -0.0358
vn 0.9808 -0.0000 -0.1951
vn 0.1799 0.9830 -0.0358
vn 0.9584 -0.2124 -0.1907
vn 0.3505 0.9340 -0.0697
vn 0.8935 -0.4123 -0.1778
vn 0.5134 0.8521 -0.1021
vn 0.7924 -0.5893 -0.1576
vn 0.6629 0.7370 -0.1319
vn 0.1834 0.9830 -0.0000
vn 0.3574 0.9340 -0.0000
vn 0.9772 -0.2124 -0.0000
vn 0.9111 -0.4123 -0.0000
vn 0.5234 0.8521 -0.0000
vn 0.8079 -0.5893 -0.0000
vn 0.6759 0.7370 -0.0000
vn 0.6759 -0.7370 -0.0000
vn 0.8079 0.5893 -0.0000
vn 0.5234 -0.8521 -0.0000
vn 0.9111 0.4123 -0.0000
vn 0.3574 -0.9340 -0.0000
vn 0.9772 0.2124 -0.0000
vn 0.1834 -0.9830 -0.0000
vn 1.0000 -0.0000 -0.0000
vn 0.7924 0.5893 0.1576
vn 0.8935 0.4123 0.1778
vn 0.5134 -0.8521 0.1021
vn 0.3505 -0.9340 0.0697
vn 0.9584 0.2124 0.1907
vn 0.1799 -0.9830 0.0358
vn 0.9808 -0.0000 0.1951
vn 0.1799 0.9830 0.0358
vn 0.9584 -0.2124 0.1907
vn 0.3505 0.9340 0.0697
vn 0.8935 -0.4123 0.1778
vn 0.5134 0.8521 0.1021
vn 0.7924 -0.5893 0.1576
vn 0.6629 0.7370 0.1319
vn 0.6629 -0.7370 0.1319
vn 0.9028 -0.2124 0.3740
vn 0.8417 -0.4123 0.3487
vn 0.3302 0.9339 0.1368
vn 0.4836 0.8521 0.2003
vn 0.7464 -0.5893 0.3092
vn 0.6245 0.7370 0.2587
vn 0.6245 -0.7370 0.2587
vn 0.7464 0.5893 0.3092
vn 0.4836 -0.8521 0.2003
vn 0.8417 0.4123 0.3487
vn 0.3302 -0.9339 0.1368
vn 0.9028 0.2124 0.3740
vn 0.1694 -0.9830 0.0702
vn 0.9239 -0.0000 0.3827
vn 0.1694 0.9830 0.0702
vn 0.4352 -0.8521 0.2908
vn 0.2972 -0.9339 0.1986
vn 0.7575 0.4123 0.5062
vn 0.8125 0.2124 0.5429
vn 0.1525 -0.9830 0.1019
vn 0.8314 -0.0000 0.5556
vn 0.1525 0.9830 0.1019
vn 0.8125 -0.2124 0.5429
vn 0.2972 0.9339 0.1986
vn 0.7575 -0.4123 0.5062
vn 0.4352 0.8521 0.2908
vn 0.6717 -0.5893 0.4489
vn 0.5620 0.7370 0.3756
vn 0.5620 -0.7370 0.3756
vn 0.6717 0.5893 0.4489
vn 0.6442 -0.4123 0.6443
vn 0.5713 -0.5893 0.5713
vn 0.3701 0.8521 0.3701
vn 0.4779 0.7369 0.4780
vn 0.4779 -0.7369 0.4780
vn 0.5713 0.5893 0.5713
vn 0.3701 -0.8521 0.3701
vn 0.6442 0.4123 0.6443
vn 0.2527 -0.9339 0.2527
vn 0.6909 0.2124 0.6910
vn 0.1297 -0.9830 0.1297
vn 0.7071 -0.0000 0.7071
vn 0.1297 0.9830 0.1297
vn 0.6909 -0.2124 0.6910
vn 0.2527 0.9339 0.2527
vn 0.1986 -0.9339 0.2972
vn 0.1019 -0.9830 0.1525
vn 0.5429 0.2124 0.8125
vn 0.5555 -0.0000 0.8315
vn 0.1019 0.9830 0.1525
vn 0.5429 -0.2124 0.8125
vn 0.1986 0.9339 0.2972
vn 0.5061 -0.4123 0.7575
vn 0.2908 0.8521 0.4352
vn 0.4488 -0.5893 0.6718
vn 0.3755 0.7369 0.5621
vn 0.3755 -0.7369 0.5621
vn 0.4488 0.5893 0.6718
vn 0.2908 -0.8521 0.4352
vn 0.5061 0.4123 0.7575
vn 0.2003 0.8521 0.4836
vn 0.2587 0.7369 0.6245
vn 0.3092 -0.5893 0.7464
vn 0.2587 -0.7369 0.6245
vn 0.3092 0.5893 0.7464
vn 0.2003 -0.8521 0.4836
vn 0.3486 0.4123 0.8417
vn 0.1368 -0.9339 0.3302
vn 0.3739 0.2124 0.9028
vn 0.0702 -0.9830 0.1694
vn 0.3827 -0.0000 0.9239
vn 0.0702 0.9830 0.1694
vn 0.3739 -0.2124 0.9028
vn 0.1368 0.9339 0.3302
vn 0.3486 -0.4123 0.8417
vn 0.1906 0.2124 0.9584
vn 0.1951 -0.0000 0.9808
vn 0.0358 0.9830 0.1799
vn 0.0358 -0.9830 0.1799
vn 0.1906 -0.2124 0.9584
vn 0.0697 0.9339 0.3506
vn 0.1777 -0.4122 0.8936
vn 0.1021 0.8521 0.5134
vn 0.1576 -0.5893 0.7924
vn 0.1319 0.7369 0.6630
vn 0.1319 -0.7369 0.6630
vn 0.1576 0.5893 0.7924
vn 0.1021 -0.8521 0.5134
vn 0.1777 0.4122 0.8936
vn 0.0697 -0.9339 0.3506
vn -0.0000 -0.5893 0.8079
vn -0.0000 -0.7369 0.6760
vn -0.0000 0.7369 0.6760
vn -0.0000 0.5893 0.8079
vn -0.0000 -0.8521 0.5234
vn -0.0000 0.4122 0.9111
vn -0.0000 -0.9339 0.3574
vn -0.0000 0.2124 0.9772
vn -0.0000 -0.9830 0.1834
vn -0.0000 -0.0000 1.0000
vn -0.0000 0.9830 0.1834
vn -0.0000 -0.2124 0.9772
vn -0.0000 0.9339 0.3574
vn -0.0000 -0.4122 0.9111
vn -0.0000 0.8521 0.5234
vn -0.0358 0.9830 0.1799
vn -0.0358 -0.9830 0.1799
vn -0.1951 -0.0000 0.9808
vn -0.1906 -0.2124 0.9584
vn -0.0697 0.9339 0.3506
vn -0.1777 -0.4122 0.8936
vn -0.1021 0.8521 0.5134
vn -0.1576 -0.5893 0.7924
vn -0.1319 0.7369 0.6630
vn -0.1319 -0.7369 0.6630
vn -0.1576 0.5893 0.7924
vn -0.1021 -0.8521 0.5134
vn -0.1777 0.4122 0.8936
vn -0.0697 -0.9339 0.3506
vn -0.1906 0.2124 0.9584
vn -0.2587 0.7369 0.6245
vn -0.3092 0.5893 0.7464
vn -0.2587 -0.7369 0.6245
vn -0.2003 -0.8521 0.4836
vn -0.3486 0.4123 0.8417
vn -0.1368 -0.9339 0.3302
vn -0.3739 0.2124 0.9028
vn -0.0702 -0.9830 0.1694
vn -0.3827 -0.0000 0.9239
vn -0.0702 0.9830 0.1694
vn -0.3739 -0.2124 0.9028
vn -0.1368 0.9339 0.3302
vn -0.3486 -0.4123 0.8417
vn -0.2003 0.8521 0.4836
vn -0.3092 -0.5893 0.7464
vn -0.5555 -0.0000 0.8315
vn -0.5429 -0.2124 0.8125
vn -0.1019 0.9830 0.1525
vn -0.1986 0.9339 0.2972
vn -0.5061 -0.4123 0.7575
vn -0.2908 0.8521 0.4352
vn -0.4488 -0.5893 0.6718
vn -0.3755 0.7369 0.5621
vn -0.3755 -0.7369 0.5621
vn -0.4488 0.5893 0.6718
vn -0.2908 -0.8521 0.4352
vn -0.5061 0.4123 0.7575
vn -0.1986 -0.9339 0.2972
vn -0.5429 0.2124 0.8125
vn -0.1019 -0.9830 0.1525
vn -0.4779 -0.7369 0.4780
vn -0.3701 -0.8521 0.3701
vn -0.5713 0.5893 0.5713
vn -0.6442 0.4123 0.6442
vn -0.2527 -0.9339 0.2527
vn -0.6909 0.2124 0.6910
vn -0.1297 -0.9830 0.1297
vn -0.7071 -0.0000 0.7071
vn -0.1297 0.9830 0.1297
vn -0.6909 -0.2124 0.6910
vn -0.2527 0.9339 0.2527
vn -0.6442 -0.4123 0.6442
vn -0.3701 0.8521 0.3701
vn -0.5713 -0.5893 0.5713
vn -0.4779 0.7369 0.4780
vn -0.8125 -0.2124 0.5429
vn -0.7575 -0.4123 0.5062
vn -0.2972 0.9339 0.1986
vn -0.4352 0.8521 0.2908
vn -0.6717 -0.5893 0.4489
vn -0.5620 0.7370 0.3756
vn -0.5620 -0.7370 0.3756
vn -0.6717 0.5893 0.4489
vn -0.4352 -0.8521 0.2908
vn -0.7575 0.4123 0.5062
vn -0.2972 -0.9339 0.1986
vn -0.8125 0.2124 0.5429
vn -0.1525 -0.9830 0.1019
vn -0.8314 -0.0000 0.5556
vn -0.1525 0.9830 0.1019
vn -0.4836 -0.8521 0.2003
vn -0.3302 -0.9339 0.1368
vn -0.8417 0.4123 0.3487
vn -0.9028 0.2124 0.3740
vn -0.1694 -0.9830 0.0702
vn -0.9239 -0.0000 0.3827
vn -0.1694 0.9830 0.0702
vn -0.9028 -0.2124 0.3740
vn -0.3302 0.9339 0.1368
vn -0.8417 -0.4123 0.3487
vn -0.4836 0.8521 0.2003
vn -0.7464 -0.5893 0.3092
vn -0.6245 0.7370 0.2587
vn -0.6245 -0.7370 0.2587
vn -0.7464 0.5893 0.3092
vn -0.3505 0.9340 0.0697
vn -0.5134 0.8521 0.1021
vn -0.8935 -0.4123 0.1778
vn -0.7924 -0.5893 0.1576
vn -0.6629 0.7370 0.1319
vn -0.6629 -0.7370 0.1319
vn -0.7924 0.5893 0.1576
vn -0.5134 -0.8521 0.1021
vn -0.8935 0.4123 0.1778
vn -0.3505 -0.9340 0.0697
vn -0.9584 0.2124 0.1907
vn -0.1799 -0.9830 0.0358
vn -0.9808 -0.0000 0.1951
vn -0.1799 0.9830 0.0358
vn -0.9584 -0.2124 0.1907
vn -0.9111 0.4123 -0.0000
vn -0.9772 0.2124 -0.0000
vn -0.3574 -0.9340 -0.0000
vn -0.1834 -0.9830 -0.0000
vn -1.0000 -0.0000 -0.0000
vn -0.1834 0.9830 -0.0000
vn -0.9772 -0.2124 -0.0000
vn -0.3574 0.9340 -0.0000
vn -0.9111 -0.4123 -0.0000
vn -0.5234 0.8521 -0.0000
vn -0.8079 -0.5893 -0.0000
vn -0.6759 0.7370 -0.0000
vn -0.6759 -0.7370 -0.0000
vn -0.8079 0.5893 -0.0000
vn -0.5234 -0.8521 -0.0000
vn -0.8935 -0.4123 -0.1778
vn -0.7924 -0.5893 -0.1576
vn -0.5134 0.8521 -0.1021
vn -0.6629 0.7370 -0.1319
vn -0.6629 -0.7370 -0.1319
vn -0.7924 0.5893 -0.1576
vn -0.5134 -0.8521 -0.1021
vn -0.8935 0.4123 -0.1778
vn -0.3505 -0.9340 -0.0697
vn -0.9584 0.2124 -0.1907
vn -0.1799 -0.9830 -0.0358
vn -0.9808 -0.0000 -0.1951
vn -0.1799 0.9830 -0.0358
vn -0.9584 -0.2124 -0.1907
vn -0.3505 0.9340 -0.0697
vn -0.3302 -0.9339 -0.1368
vn -0.1694 -0.9830 -0.0702
vn -0.9028 0.2124 -0.3740
vn -0.9239 -0.0000 -0.3827
vn -0.1694 0.9830 -0.0702
vn -0.9028 -0.2124 -0.3740
vn -0.3302 0.9339 -0.1368
vn -0.8417 -0.4123 -0.3487
vn -0.4836 0.8521 -0.2003
vn -0.7464 -0.5893 -0.3092
vn -0.6245 0.7370 -0.2587
vn -0.6245 -0.7370 -0.2587
vn -0.7464 0.5893 -0.3092
vn -0.4836 -0.8521 -0.2003
vn -0.8417 0.4123 -0.3487
vn -0.4352 0.8521 -0.2908
vn -0.5620 0.7370 -0.3756
vn -0.6717 -0.5893 -0.4489
vn -0.5620 -0.7370 -0.3756
vn -0.6717 0.5893 -0.4489
vn -0.4352 -0.8521 -0.2908
vn -0.7575 0.4123 -0.5062
vn -0.2972 -0.9339 -0.1986
vn -0.8125 0.2124 -0.5429
vn -0.1525 -0.9830 -0.1019
vn -0.8314 -0.0000 -0.5556
vn -0.1525 0.9830 -0.1019
vn -0.8125 -0.2124 -0.5429
vn -0.2972 0.9339 -0.1986
vn -0.7575 -0.4123 -0.5062
vn -0.6909 0.2124 -0.6910
vn -0.7071 -0.0000 -0.7071
vn -0.1297 0.9830 -0.1297
vn -0.1297 -0.9830 -0.1297
vn -0.6909 -0.2124 -0.6910
vn -0.2527 0.9339 -0.2527
vn -0.6442 -0.4123 -0.6443
vn -0.3701 0.8521 -0.3701
vn -0.5713 -0.5893 -0.5713
vn -0.4779 0.7369 -0.4780
vn -0.4779 -0.7369 -0.4780
vn -0.5713 0.5893 -0.5713
vn -0.3701 -0.8521 -0.3701
vn -0.6442 0.4123 -0.6443
vn -0.2527 -0.9339 -0.2527
vn -0.4488 -0.5893 -0.6718
vn -0.3755 -0.7369 -0.5621
vn -0.3755 0.7369 -0.5621
vn -0.4488 0.5893 -0.6718
vn -0.2908 -0.8521 -0.4352
vn -0.5061 0.4123 -0.7575
vn -0.1986 -0.9339 -0.2972
vn -0.5429 0.2124 -0.8125
vn -0.1019 -0.9830 -0.1525
vn -0.5555 -0.0000 -0.8315
vn -0.1019 0.9830 -0.1525
vn -0.5429 -0.2124 -0.8125
vn -0.1986 0.9339 -0.2972
vn -0.5061 -0.4123 -0.7575
vn -0.2908 0.8521 -0.4352
vn -0.0702 -0.9830 -0.1694
vn -0.3827 -0.0000 -0.9239
vn -0.3739 -0.2124 -0.9028
vn -0.0702 0.9830 -0.1694
vn -0.1368 0.9339 -0.3302
vn -0.3486 -0.4123 -0.8417
vn -0.2003 0.8521 -0.4836
vn -0.3092 -0.5893 -0.7464
vn -0.2587 0.7369 -0.6245
vn -0.2587 -0.7369 -0.6245
vn -0.3092 0.5893 -0.7464
vn -0.2003 -0.8521 -0.4836
vn -0.3486 0.4123 -0.8417
vn -0.1368 -0.9339 -0.3302
vn -0.3739 0.2124 -0.9028
vn -0.1319 -0.7369 -0.6630
vn -0.1021 -0.8521 -0.5134
vn -0.1576 0.5893 -0.7924
vn -0.1777 0.4122 -0.8936
vn -0.0697 -0.9339 -0.3506
vn -0.1906 0.2124 -0.9584
vn -0.0358 -0.9830 -0.1799
vn -0.1951 -0.0000 -0.9808
vn -0.0358 0.9830 -0.1799
vn -0.1906 -0.2124 -0.9584
vn -0.0697 0.9339 -0.3506
vn -0.1777 -0.4122 -0.8936
vn -0.1021 0.8521 -0.5134
vn -0.1576 -0.5893 -0.7924
vn -0.1319 0.7369 -0.6630
vt 0.750000 0.437500
vt 0.750000 0.500000
vt 0.718750 0.500000
vt 0.718750 0.437500
vt 0.750000 0.875000
vt 0.750000 0.937500
vt 0.718750 0.937500
vt 0.718750 0.875000
vt 0.750000 0.375000
vt 0.718750 0.375000
vt 0.750000 0.812500
vt 0.718750 0.812500
vt 0.750000 0.312500
vt 0.718750 0.312500
vt 0.750000 0.750000
vt 0.718750 0.750000
vt 0.750000 0.250000
vt 0.718750 0.250000
vt 0.750000 0.687500
vt 0.718750 0.687500
vt 0.750000 0.187500
vt 0.718750 0.187500
vt 0.750000 0.625000
vt 0.718750 0.625000
vt 0.750000 0.125000
vt 0.718750 0.125000
vt 0.750000 0.562500
vt 0.718750 0.562500
vt 0.750000 0.062500
vt 0.718750 0.062500
vt 0.734375 1.000000
vt 0.734375 0.000000
vt 0.687500 0.125000
vt 0.687500 0.062500
vt 0.687500 0.562500
vt 0.687500 0.500000
vt 0.703125 1.000000
vt 0.687500 0.937500
vt 0.703125 0.000000
vt 0.687500 0.437500
vt 0.687500 0.875000
vt 0.687500 0.375000
vt 0.687500 0.812500
vt 0.687500 0.312500
vt 0.687500 0.750000
vt 0.687500 0.250000
vt 0.687500 0.687500
vt 0.687500 0.187500
vt 0.687500 0.625000
vt 0.656250 0.312500
vt 0.656250 0.250000
vt 0.656250 0.750000
vt 0.656250 0.687500
vt 0.656250 0.187500
vt 0.656250 0.625000
vt 0.656250 0.125000
vt 0.656250 0.562500
vt 0.656250 0.062500
vt 0.656250 0.500000
vt 0.671875 1.000000
vt 0.656250 0.937500
vt 0.671875 0.000000
vt 0.656250 0.437500
vt 0.656250 0.875000
vt 0.656250 0.375000
vt 0.656250 0.812500
vt 0.640625 1.000000
vt 0.625000 0.937500
vt 0.640625 0.000000
vt 0.625000 0.062500
vt 0.625000 0.500000
vt 0.625000 0.437500
vt 0.625000 0.875000
vt 0.625000 0.375000
vt 0.625000 0.812500
vt 0.625000 0.312500
vt 0.625000 0.750000
vt 0.625000 0.250000
vt 0.625000 0.687500
vt 0.625000 0.187500
vt 0.625000 0.625000
vt 0.625000 0.125000
vt 0.625000 0.562500
vt 0.593750 0.750000
vt 0.593750 0.687500
vt 0.593750 0.250000
vt 0.593750 0.187500
vt 0.593750 0.625000
vt 0.593750 0.125000
vt 0.593750 0.562500
vt 0.593750 0.062500
vt 0.593750 0.500000
vt 0.609375 1.000000
vt 0.593750 0.937500
vt 0.609375 0.000000
vt 0.593750 0.437500
vt 0.593750 0.875000
vt 0.593750 0.375000
vt 0.593750 0.812500
vt 0.593750 0.312500
vt 0.562500 0.500000
vt 0.562500 0.437500
vt 0.562500 0.937500
vt 0.562500 0.875000
vt 0.562500 0.375000
vt 0.562500 0.812500
vt 0.562500 0.312500
vt 0.562500 0.750000
vt 0.562500 0.250000
vt 0.562500 0.687500
vt 0.562500 0.187500
vt 0.562500 0.625000
vt 0.562500 0.125000
vt 0.562500 0.562500
vt 0.562500 0.062500
vt 0.578125 1.000000
vt 0.578125 0.000000
vt 0.531250 0.250000
vt 0.531250 0.187500
vt 0.531250 0.687500
vt 0.531250 0.625000
vt 0.531250 0.125000
vt 0.531250 0.562500
vt 0.531250 0.062500
vt 0.531250 0.500000
vt 0.546875 1.000000
vt 0.531250 0.937500
vt 0.546875 0.000000
vt 0.531250 0.437500
vt 0.531250 0.875000
vt 0.531250 0.375000
vt 0.531250 0.812500
vt 0.531250 0.312500
vt 0.531250 0.750000
vt 0.500000 0.937500
vt 0.500000 0.875000
vt 0.500000 0.437500
vt 0.500000 0.375000
vt 0.500000 0.812500
vt 0.500000 0.312500
vt 0.500000 0.750000
vt 0.500000 0.250000
vt 0.500000 0.687500
vt 0.500000 0.187500
vt 0.500000 0.625000
vt 0.500000 0.125000
vt 0.500000 0.562500
vt 0.500000 0.062500
vt 0.500000 0.500000
vt 0.515625 1.000000
vt 0.515625 0.000000
vt 0.468750 0.687500
vt 0.468750 0.625000
vt 0.468750 0.187500
vt 0.468750 0.125000
vt 0.468750 0.562500
vt 0.468750 0.062500
vt 0.468750 0.500000
vt 0.484375 1.000000
vt 0.468750 0.937500
vt 0.484375 0.000000
vt 0.468750 0.437500
vt 0.468750 0.875000
vt 0.468750 0.375000
vt 0.468750 0.812500
vt 0.468750 0.312500
vt 0.468750 0.750000
vt 0.468750 0.250000
vt 0.437500 0.437500
vt 0.437500 0.375000
vt 0.437500 0.875000
vt 0.437500 0.812500
vt 0.437500 0.312500
vt 0.437500 0.750000
vt 0.437500 0.250000
vt 0.437500 0.687500
vt 0.437500 0.187500
vt 0.437500 0.625000
vt 0.437500 0.125000
vt 0.437500 0.562500
vt 0.437500 0.062500
vt 0.437500 0.500000
vt 0.453125 1.000000
vt 0.437500 0.937500
vt 0.453125 0.000000
vt 0.406250 0.187500
vt 0.406250 0.125000
vt 0.406250 0.625000
vt 0.406250 0.562500
vt 0.406250 0.062500
vt 0.406250 0.500000
vt 0.421875 1.000000
vt 0.406250 0.937500
vt 0.421875 0.000000
vt 0.406250 0.437500
vt 0.406250 0.875000
vt 0.406250 0.375000
vt 0.406250 0.812500
vt 0.406250 0.312500
vt 0.406250 0.750000
vt 0.406250 0.250000
vt 0.406250 0.687500
vt 0.375000 0.375000
vt 0.375000 0.312500
vt 0.375000 0.812500
vt 0.375000 0.750000
vt 0.375000 0.250000
vt 0.375000 0.687500
vt 0.375000 0.187500
vt 0.375000 0.625000
vt 0.375000 0.125000
vt 0.375000 0.562500
vt 0.375000 0.062500
vt 0.375000 0.500000
vt 0.390625 1.000000
vt 0.375000 0.937500
vt 0.390625 0.000000
vt 0.375000 0.437500
vt 0.375000 0.875000
vt 0.343750 0.125000
vt 0.343750 0.062500
vt 0.343750 0.562500
vt 0.343750 0.500000
vt 0.359375 1.000000
vt 0.343750 0.937500
vt 0.359375 0.000000
vt 0.343750 0.437500
vt 0.343750 0.875000
vt 0.343750 0.375000
vt 0.343750 0.812500
vt 0.343750 0.312500
vt 0.343750 0.750000
vt 0.343750 0.250000
vt 0.343750 0.687500
vt 0.343750 0.187500
vt 0.343750 0.625000
vt 0.312500 0.812500
vt 0.312500 0.750000
vt 0.312500 0.312500
vt 0.312500 0.250000
vt 0.312500 0.687500
vt 0.312500 0.187500
vt 0.312500 0.625000
vt 0.312500 0.125000
vt 0.312500 0.562500
vt 0.312500 0.062500
vt 0.312500 0.500000
vt 0.328125 1.000000
vt 0.312500 0.937500
vt 0.328125 0.000000
vt 0.312500 0.437500
vt 0.312500 0.875000
vt 0.312500 0.375000
vt 0.281250 0.562500
vt 0.281250 0.500000
vt 0.296875 1.000000
vt 0.281250 0.937500
vt 0.296875 0.000000
vt 0.281250 0.062500
vt 0.281250 0.437500
vt 0.281250 0.875000
vt 0.281250 0.375000
vt 0.281250 0.812500
vt 0.281250 0.312500
vt 0.281250 0.750000
vt 0.281250 0.250000
vt 0.281250 0.687500
vt 0.281250 0.187500
vt 0.281250 0.625000
vt 0.281250 0.125000
vt 0.250000 0.312500
vt 0.250000 0.250000
vt 0.250000 0.750000
vt 0.250000 0.687500
vt 0.250000 0.187500
vt 0.250000 0.625000
vt 0.250000 0.125000
vt 0.250000 0.562500
vt 0.250000 0.062500
vt 0.250000 0.500000
vt 0.265625 1.000000
vt 0.250000 0.937500
vt 0.265625 0.000000
vt 0.250000 0.437500
vt 0.250000 0.875000
vt 0.250000 0.375000
vt 0.250000 0.812500
vt 0.234375 1.000000
vt 0.218750 0.937500
vt 0.234375 0.000000
vt 0.218750 0.062500
vt 0.218750 0.500000
vt 0.218750 0.437500
vt 0.218750 0.875000
vt 0.218750 0.375000
vt 0.218750 0.812500
vt 0.218750 0.312500
vt 0.218750 0.750000
vt 0.218750 0.250000
vt 0.218750 0.687500
vt 0.218750 0.187500
vt 0.218750 0.625000
vt 0.218750 0.125000
vt 0.218750 0.562500
vt 0.187500 0.750000
vt 0.187500 0.687500
vt 0.187500 0.250000
vt 0.187500 0.187500
vt 0.187500 0.625000
vt 0.187500 0.125000
vt 0.187500 0.562500
vt 0.187500 0.062500
vt 0.187500 0.500000
vt 0.203125 1.000000
vt 0.187500 0.937500
vt 0.203125 0.000000
vt 0.187500 0.437500
vt 0.187500 0.875000
vt 0.187500 0.375000
vt 0.187500 0.812500
vt 0.187500 0.312500
vt 0.156250 0.500000
vt 0.156250 0.437500
vt 0.156250 0.937500
vt 0.156250 0.875000
vt 0.156250 0.375000
vt 0.156250 0.812500
vt 0.156250 0.312500
vt 0.156250 0.750000
vt 0.156250 0.250000
vt 0.156250 0.687500
vt 0.156250 0.187500
vt 0.156250 0.625000
vt 0.156250 0.125000
vt 0.156250 0.562500
vt 0.156250 0.062500
vt 0.171875 1.000000
vt 0.171875 0.000000
vt 0.125000 0.250000
vt 0.125000 0.187500
vt 0.125000 0.687500
vt 0.125000 0.625000
vt 0.125000 0.125000
vt 0.125000 0.562500
vt 0.125000 0.062500
vt 0.125000 0.500000
vt 0.140625 1.000000
vt 0.125000 0.937500
vt 0.140625 0.000000
vt 0.125000 0.437500
vt 0.125000 0.875000
vt 0.125000 0.375000
vt 0.125000 0.812500
vt 0.125000 0.312500
vt 0.125000 0.750000
vt 0.093750 0.437500
vt 0.093750 0.375000
vt 0.093750 0.875000
vt 0.093750 0.812500
vt 0.093750 0.312500
vt 0.093750 0.750000
vt 0.093750 0.250000
vt 0.093750 0.687500
vt 0.093750 0.187500
vt 0.093750 0.625000
vt 0.093750 0.125000
vt 0.093750 0.562500
vt 0.093750 0.062500
vt 0.093750 0.500000
vt 0.109375 1.000000
vt 0.093750 0.937500
vt 0.109375 0.000000
vt 0.062500 0.187500
vt 0.062500 0.125000
vt 0.062500 0.625000
vt 0.062500 0.562500
vt 0.062500 0.062500
vt 0.062500 0.500000
vt 0.078125 1.000000
vt 0.062500 0.937500
vt 0.078125 0.000000
vt 0.062500 0.437500
vt 0.062500 0.875000
vt 0.062500 0.375000
vt 0.062500 0.812500
vt 0.062500 0.312500
vt 0.062500 0.750000
vt 0.062500 0.250000
vt 0.062500 0.687500
vt 0.031250 0.875000
vt 0.031250 0.812500
vt 0.031250 0.375000
vt 0.031250 0.312500
vt 0.031250 0.750000
vt 0.031250 0.250000
vt 0.031250 0.687500
vt 0.031250 0.187500
vt 0.031250 0.625000
vt 0.031250 0.125000
vt 0.031250 0.562500
vt 0.031250 0.062500
vt 0.031250 0.500000
vt 0.046875 1.000000
vt 0.031250 0.937500
vt 0.046875 0.000000
vt 0.031250 0.437500
vt 0.000000 0.625000
vt 0.000000 0.562500
vt 0.000000 0.125000
vt 0.000000 0.062500
vt 0.000000 0.500000
vt 0.015625 1.000000
vt 0.000000 0.937500
vt 0.015625 0.000000
vt 0.000000 0.437500
vt 0.000000 0.875000
vt 0.000000 0.375000
vt 0.000000 0.812500
vt 0.000000 0.312500
vt 0.000000 0.750000
vt 0.000000 0.250000
vt 0.000000 0.687500
vt 0.000000 0.187500
vt 1.000000 0.312500
vt 1.000000 0.375000
vt 0.968750 0.375000
vt 0.968750 0.312500
vt 1.000000 0.750000
vt 1.000000 0.812500
vt 0.968750 0.812500
vt 0.968750 0.750000
vt 1.000000 0.250000
vt 0.968750 0.250000
vt 1.000000 0.687500
vt 0.968750 0.687500
vt 1.000000 0.187500
vt 0.968750 0.187500
vt 1.000000 0.625000
vt 0.968750 0.625000
vt 1.000000 0.125000
vt 0.968750 0.125000
vt 1.000000 0.562500
vt 0.968750 0.562500
vt 1.000000 0.062500
vt 0.968750 0.062500
vt 1.000000 0.500000
vt 0.968750 0.500000
vt 1.000000 0.937500
vt 0.984375 1.000000
vt 0.968750 0.937500
vt 0.984375 0.000000
vt 1.000000 0.437500
vt 0.968750 0.437500
vt 1.000000 0.875000
vt 0.968750 0.875000
vt 0.937500 0.125000
vt 0.937500 0.062500
vt 0.937500 0.562500
vt 0.937500 0.500000
vt 0.953125 1.000000
vt 0.937500 0.937500
vt 0.953125 0.000000
vt 0.937500 0.437500
vt 0.937500 0.875000
vt 0.937500 0.375000
vt 0.937500 0.812500
vt 0.937500 0.312500
vt 0.937500 0.750000
vt 0.937500 0.250000
vt 0.937500 0.687500
vt 0.937500 0.187500
vt 0.937500 0.625000
vt 0.906250 0.812500
vt 0.906250 0.750000
vt 0.906250 0.312500
vt 0.906250 0.250000
vt 0.906250 0.687500
vt 0.906250 0.187500
vt 0.906250 0.625000
vt 0.906250 0.125000
vt 0.906250 0.562500
vt 0.906250 0.062500
vt 0.906250 0.500000
vt 0.921875 1.000000
vt 0.906250 0.937500
vt 0.921875 0.000000
vt 0.906250 0.437500
vt 0.906250 0.875000
vt 0.906250 0.375000
vt 0.875000 0.562500
vt 0.875000 0.500000
vt 0.890625 1.000000
vt 0.875000 0.937500
vt 0.890625 0.000000
vt 0.875000 0.062500
vt 0.875000 0.437500
vt 0.875000 0.875000
vt 0.875000 0.375000
vt 0.875000 0.812500
vt 0.875000 0.312500
vt 0.875000 0.750000
vt 0.875000 0.250000
vt 0.875000 0.687500
vt 0.875000 0.187500
vt 0.875000 0.625000
vt 0.875000 0.125000
vt 0.843750 0.312500
vt 0.843750 0.250000
vt 0.843750 0.750000
vt 0.843750 0.687500
vt 0.843750 0.187500
vt 0.843750 0.625000
vt 0.843750 0.125000
vt 0.843750 0.562500
vt 0.843750 0.062500
vt 0.843750 0.500000
vt 0.859375 1.000000
vt 0.843750 0.937500
vt 0.859375 0.000000
vt 0.843750 0.437500
vt 0.843750 0.875000
vt 0.843750 0.375000
vt 0.843750 0.812500
vt 0.828125 0.000000
vt 0.812500 0.062500
vt 0.812500 0.500000
vt 0.812500 0.437500
vt 0.812500 0.937500
vt 0.812500 0.875000
vt 0.812500 0.375000
vt 0.812500 0.812500
vt 0.812500 0.312500
vt 0.812500 0.750000
vt 0.812500 0.250000
vt 0.812500 0.687500
vt 0.812500 0.187500
vt 0.812500 0.625000
vt 0.812500 0.125000
vt 0.812500 0.562500
vt 0.828125 1.000000
vt 0.781250 0.250000
vt 0.781250 0.187500
vt 0.781250 0.687500
vt 0.781250 0.625000
vt 0.781250 0.125000
vt 0.781250 0.562500
vt 0.781250 0.062500
vt 0.781250 0.500000
vt 0.796875 1.000000
vt 0.781250 0.937500
vt 0.796875 0.000000
vt 0.781250 0.437500
vt 0.781250 0.875000
vt 0.781250 0.375000
vt 0.781250 0.812500
vt 0.781250 0.312500
vt 0.781250 0.750000
vt 0.765625 1.000000
vt 0.765625 0.000000
s 1
usemtl Material.051
f 266/305/119 265/306/120 275/307/121 276/308/122
f 736/309/123 735/310/124 268/311/125 269/312/126
f 739/313/127 266/305/119 276/308/122 277/314/128
f 262/315/129 736/309/123 269/312/126 270/316/130
f 267/317/131 739/313/127 277/314/128 278/318/132
f 737/319/133 262/315/129 270/316/130 271/320/134
f 740/321/135 267/317/131 278/318/132 279/322/136
f 263/323/137 737/319/133 271/320/134 272/324/138
f 741/325/139 740/321/135 279/322/136 280/326/140
f 738/327/141 263/323/137 272/324/138 273/328/142
f 742/329/143 741/325/139 280/326/140 281/330/144
f 264/331/145 738/327/141 273/328/142 274/332/146
f 743/333/147 742/329/143 281/330/144 282/334/148
f 265/306/120 264/331/145 274/332/146 275/307/121
f 735/310/124 343/335/149 268/311/125
f 569/336/150 743/333/147 282/334/148
f 282/334/148 281/330/144 296/337/151 297/338/152
f 275/307/121 274/332/146 289/339/153 290/340/154
f 268/311/125 343/341/149 283/342/155
f 569/343/150 282/334/148 297/338/152
f 276/308/122 275/307/121 290/340/154 291/344/156
f 269/312/126 268/311/125 283/342/155 284/345/157
f 277/314/128 276/308/122 291/344/156 292/346/158
f 270/316/130 269/312/126 284/345/157 285/347/159
f 278/318/132 277/314/128 292/346/158 293/348/160
f 271/320/134 270/316/130 285/347/159 286/349/161
f 279/322/136 278/318/132 293/348/160 294/350/162
f 272/324/138 271/320/134 286/349/161 287/351/163
f 280/326/140 279/322/136 294/350/162 295/352/164
f 273/328/142 272/324/138 287/351/163 288/353/165
f 281/330/144 280/326/140 295/352/164 296/337/151
f 274/332/146 273/328/142 288/353/165 289/339/153
f 294/350/162 293/348/160 308/354/166 309/355/167
f 287/351/163 286/349/161 301/356/168 302/357/169
f 295/352/164 294/350/162 309/355/167 310/358/170
f 288/353/165 287/351/163 302/357/169 303/359/171
f 296/337/151 295/352/164 310/358/170 311/360/172
f 289/339/153 288/353/165 303/359/171 304/361/173
f 297/338/152 296/337/151 311/360/172 312/362/174
f 290/340/154 289/339/153 304/361/173 305/363/175
f 283/342/155 343/364/149 298/365/176
f 569/366/150 297/338/152 312/362/174
f 291/344/156 290/340/154 305/363/175 306/367/177
f 284/345/157 283/342/155 298/365/176 299/368/178
f 292/346/158 291/344/156 306/367/177 307/369/179
f 285/347/159 284/345/157 299/368/178 300/370/180
f 293/348/160 292/346/158 307/369/179 308/354/166
f 286/349/161 285/347/159 300/370/180 301/356/168
f 298/365/176 343/371/149 313/372/181
f 569/373/150 312/362/174 327/374/182
f 306/367/177 305/363/175 320/375/183 321/376/184
f 299/368/178 298/365/176 313/372/181 314/377/185
f 307/369/179 306/367/177 321/376/184 322/378/186
f 300/370/180 299/368/178 314/377/185 315/379/187
f 308/354/166 307/369/179 322/378/186 323/380/188
f 301/356/168 300/370/180 315/379/187 316/381/189
f 309/355/167 308/354/166 323/380/188 324/382/190
f 302/357/169 301/356/168 316/381/189 317/383/191
f 310/358/170 309/355/167 324/382/190 325/384/192
f 303/359/171 302/357/169 317/383/191 318/385/193
f 311/360/172 310/358/170 325/384/192 326/386/194
f 304/361/173 303/359/171 318/385/193 319/387/195
f 312/362/174 311/360/172 326/386/194 327/374/182
f 305/363/175 304/361/173 319/387/195 320/375/183
f 317/383/191 316/381/189 331/388/196 332/389/197
f 325/384/192 324/382/190 339/390/198 340/391/199
f 318/385/193 317/383/191 332/389/197 333/392/200
f 326/386/194 325/384/192 340/391/199 341/393/201
f 319/387/195 318/385/193 333/392/200 334/394/202
f 327/374/182 326/386/194 341/393/201 342/395/203
f 320/375/183 319/387/195 334/394/202 335/396/204
f 313/372/181 343/397/149 328/398/205
f 569/399/150 327/374/182 342/395/203
f 321/376/184 320/375/183 335/396/204 336/400/206
f 314/377/185 313/372/181 328/398/205 329/401/207
f 322/378/186 321/376/184 336/400/206 337/402/208
f 315/379/187 314/377/185 329/401/207 330/403/209
f 323/380/188 322/378/186 337/402/208 338/404/210
f 316/381/189 315/379/187 330/403/209 331/388/196
f 324/382/190 323/380/188 338/404/210 339/390/198
f 336/400/206 335/396/204 351/405/211 352/406/212
f 329/401/207 328/398/205 344/407/213 345/408/214
f 337/402/208 336/400/206 352/406/212 353/409/215
f 330/403/209 329/401/207 345/408/214 346/410/216
f 338/404/210 337/402/208 353/409/215 354/411/217
f 331/388/196 330/403/209 346/410/216 347/412/218
f 339/390/198 338/404/210 354/411/217 355/413/219
f 332/389/197 331/388/196 347/412/218 348/414/220
f 340/391/199 339/390/198 355/413/219 356/415/221
f 333/392/200 332/389/197 348/414/220 349/416/222
f 341/393/201 340/391/199 356/415/221 357/417/223
f 334/394/202 333/392/200 349/416/222 350/418/224
f 342/395/203 341/393/201 357/417/223 358/419/225
f 335/396/204 334/394/202 350/418/224 351/405/211
f 328/398/205 343/420/149 344/407/213
f 569/421/150 342/395/203 358/419/225
f 356/415/221 355/413/219 370/422/226 371/423/227
f 349/416/222 348/414/220 363/424/228 364/425/229
f 357/417/223 356/415/221 371/423/227 372/426/230
f 350/418/224 349/416/222 364/425/229 365/427/231
f 358/419/225 357/417/223 372/426/230 373/428/232
f 351/405/211 350/418/224 365/427/231 366/429/233
f 344/407/213 343/430/149 359/431/234
f 569/432/150 358/419/225 373/428/232
f 352/406/212 351/405/211 366/429/233 367/433/235
f 345/408/214 344/407/213 359/431/234 360/434/236
f 353/409/215 352/406/212 367/433/235 368/435/237
f 346/410/216 345/408/214 360/434/236 361/436/238
f 354/411/217 353/409/215 368/435/237 369/437/239
f 347/412/218 346/410/216 361/436/238 362/438/240
f 355/413/219 354/411/217 369/437/239 370/422/226
f 348/414/220 347/412/218 362/438/240 363/424/228
f 360/434/236 359/431/234 374/439/241 375/440/242
f 368/435/237 367/433/235 382/441/243 383/442/244
f 361/436/238 360/434/236 375/440/242 376/443/245
f 369/437/239 368/435/237 383/442/244 384/444/246
f 362/438/240 361/436/238 376/443/245 377/445/247
f 370/422/226 369/437/239 384/444/246 385/446/248
f 363/424/228 362/438/240 377/445/247 378/447/249
f 371/423/227 370/422/226 385/446/248 386/448/250
f 364/425/229 363/424/228 378/447/249 379/449/251
f 372/426/230 371/423/227 386/448/250 387/450/252
f 365/427/231 364/425/229 379/449/251 380/451/253
f 373/428/232 372/426/230 387/450/252 388/452/254
f 366/429/233 365/427/231 380/451/253 381/453/255
f 359/431/234 343/454/149 374/439/241
f 569/455/150 373/428/232 388/452/254
f 367/433/235 366/429/233 381/453/255 382/441/243
f 379/449/251 378/447/249 393/456/256 394/457/257
f 387/450/252 386/448/250 401/458/258 402/459/259
f 380/451/253 379/449/251 394/457/257 395/460/260
f 388/452/254 387/450/252 402/459/259 403/461/261
f 381/453/255 380/451/253 395/460/260 396/462/262
f 374/439/241 343/463/149 389/464/263
f 569/465/150 388/452/254 403/461/261
f 382/441/243 381/453/255 396/462/262 397/466/264
f 375/440/242 374/439/241 389/464/263 390/467/265
f 383/442/244 382/441/243 397/466/264 398/468/266
f 376/443/245 375/440/242 390/467/265 391/469/267
f 384/444/246 383/442/244 398/468/266 399/470/268
f 377/445/247 376/443/245 391/469/267 392/471/269
f 385/446/248 384/444/246 399/470/268 400/472/270
f 378/447/249 377/445/247 392/471/269 393/456/256
f 386/448/250 385/446/248 400/472/270 401/458/258
f 398/468/266 397/466/264 412/473/271 413/474/272
f 391/469/267 390/467/265 405/475/273 406/476/274
f 399/470/268 398/468/266 413/474/272 414/477/275
f 392/471/269 391/469/267 406/476/274 407/478/276
f 400/472/270 399/470/268 414/477/275 415/479/277
f 393/456/256 392/471/269 407/478/276 408/480/278
f 401/458/258 400/472/270 415/479/277 416/481/279
f 394/457/257 393/456/256 408/480/278 409/482/280
f 402/459/259 401/458/258 416/481/279 417/483/281
f 395/460/260 394/457/257 409/482/280 410/484/282
f 403/461/261 402/459/259 417/483/281 418/485/283
f 396/462/262 395/460/260 410/484/282 411/486/284
f 389/464/263 343/487/149 404/488/285
f 569/489/150 403/461/261 418/485/283
f 397/466/264 396/462/262 411/486/284 412/473/271
f 390/467/265 389/464/263 404/488/285 405/475/273
f 417/483/281 416/481/279 431/490/286 432/491/287
f 410/484/282 409/482/280 424/492/288 425/493/289
f 418/485/283 417/483/281 432/491/287 433/494/290
f 411/486/284 410/484/282 425/493/289 426/495/291
f 404/488/285 343/496/149 419/497/292
f 569/498/150 418/485/283 433/494/290
f 412/473/271 411/486/284 426/495/291 427/499/293
f 405/475/273 404/488/285 419/497/292 420/500/294
f 413/474/272 412/473/271 427/499/293 428/501/295
f 406/476/274 405/475/273 420/500/294 421/502/296
f 414/477/275 413/474/272 428/501/295 429/503/297
f 407/478/276 406/476/274 421/502/296 422/504/298
f 415/479/277 414/477/275 429/503/297 430/505/299
f 408/480/278 407/478/276 422/504/298 423/506/300
f 416/481/279 415/479/277 430/505/299 431/490/286
f 409/482/280 408/480/278 423/506/300 424/492/288
f 429/503/297 428/501/295 443/507/301 444/508/302
f 422/504/298 421/502/296 436/509/303 437/510/304
f 430/505/299 429/503/297 444/508/302 445/511/305
f 423/506/300 422/504/298 437/510/304 438/512/306
f 431/490/286 430/505/299 445/511/305 446/513/307
f 424/492/288 423/506/300 438/512/306 439/514/308
f 432/491/287 431/490/286 446/513/307 447/515/309
f 425/493/289 424/492/288 439/514/308 440/516/310
f 433/494/290 432/491/287 447/515/309 448/517/311
f 426/495/291 425/493/289 440/516/310 441/518/312
f 419/497/292 343/519/149 434/520/313
f 569/521/150 433/494/290 448/517/311
f 427/499/293 426/495/291 441/518/312 442/522/314
f 420/500/294 419/497/292 434/520/313 435/523/315
f 428/501/295 427/499/293 442/522/314 443/507/301
f 421/502/296 420/500/294 435/523/315 436/509/303
f 448/517/311 447/515/309 462/524/316 463/525/317
f 441/518/312 440/516/310 455/526/318 456/527/319
f 434/520/313 343/528/149 449/529/320
f 569/530/150 448/517/311 463/525/317
f 442/522/314 441/518/312 456/527/319 457/531/321
f 435/523/315 434/520/313 449/529/320 450/532/322
f 443/507/301 442/522/314 457/531/321 458/533/323
f 436/509/303 435/523/315 450/532/322 451/534/324
f 444/508/302 443/507/301 458/533/323 459/535/325
f 437/510/304 436/509/303 451/534/324 452/536/326
f 445/511/305 444/508/302 459/535/325 460/537/327
f 438/512/306 437/510/304 452/536/326 453/538/328
f 446/513/307 445/511/305 460/537/327 461/539/329
f 439/514/308 438/512/306 453/538/328 454/540/330
f 447/515/309 446/513/307 461/539/329 462/524/316
f 440/516/310 439/514/308 454/540/330 455/526/318
f 452/536/326 451/534/324 466/541/331 467/542/332
f 460/537/327 459/535/325 474/543/333 475/544/334
f 453/538/328 452/536/326 467/542/332 468/545/335
f 461/539/329 460/537/327 475/544/334 476/546/336
f 454/540/330 453/538/328 468/545/335 469/547/337
f 462/524/316 461/539/329 476/546/336 477/548/338
f 455/526/318 454/540/330 469/547/337 470/549/339
f 463/525/317 462/524/316 477/548/338 478/550/340
f 456/527/319 455/526/318 470/549/339 471/551/341
f 449/529/320 343/552/149 464/553/342
f 569/554/150 463/525/317 478/550/340
f 457/531/321 456/527/319 471/551/341 472/555/343
f 450/532/322 449/529/320 464/553/342 465/556/344
f 458/533/323 457/531/321 472/555/343 473/557/345
f 451/534/324 450/532/322 465/556/344 466/541/331
f 459/535/325 458/533/323 473/557/345 474/543/333
f 471/551/341 470/549/339 485/558/346 486/559/347
f 464/553/342 343/560/149 479/561/348
f 569/562/150 478/550/340 493/563/349
f 472/555/343 471/551/341 486/559/347 487/564/350
f 465/556/344 464/553/342 479/561/348 480/565/351
f 473/557/345 472/555/343 487/564/350 488/566/352
f 466/541/331 465/556/344 480/565/351 481/567/353
f 474/543/333 473/557/345 488/566/352 489/568/354
f 467/542/332 466/541/331 481/567/353 482/569/355
f 475/544/334 474/543/333 489/568/354 490/570/356
f 468/545/335 467/542/332 482/569/355 483/571/357
f 476/546/336 475/544/334 490/570/356 491/572/358
f 469/547/337 468/545/335 483/571/357 484/573/359
f 477/548/338 476/546/336 491/572/358 492/574/360
f 470/549/339 469/547/337 484/573/359 485/558/346
f 478/550/340 477/548/338 492/574/360 493/563/349
f 490/570/356 489/568/354 504/575/361 505/576/362
f 483/571/357 482/569/355 497/577/363 498/578/364
f 491/572/358 490/570/356 505/576/362 506/579/365
f 484/573/359 483/571/357 498/578/364 499/580/366
f 492/574/360 491/572/358 506/579/365 507/581/367
f 485/558/346 484/573/359 499/580/366 500/582/368
f 493/563/349 492/574/360 507/581/367 508/583/369
f 486/559/347 485/558/346 500/582/368 501/584/370
f 479/561/348 343/585/149 494/586/371
f 569/587/150 493/563/349 508/583/369
f 487/564/350 486/559/347 501/584/370 502/588/372
f 480/565/351 479/561/348 494/586/371 495/589/373
f 488/566/352 487/564/350 502/588/372 503/590/374
f 481/567/353 480/565/351 495/589/373 496/591/375
f 489/568/354 488/566/352 503/590/374 504/575/361
f 482/569/355 481/567/353 496/591/375 497/577/363
f 494/586/371 343/592/149 509/593/376
f 569/594/150 508/583/369 523/595/377
f 502/588/372 501/584/370 516/596/378 517/597/379
f 495/589/373 494/586/371 509/593/376 510/598/380
f 503/590/374 502/588/372 517/597/379 518/599/381
f 496/591/375 495/589/373 510/598/380 511/600/382
f 504/575/361 503/590/374 518/599/381 519/601/383
f 497/577/363 496/591/375 511/600/382 512/602/384
f 505/576/362 504/575/361 519/601/383 520/603/385
f 498/578/364 497/577/363 512/602/384 513/604/386
f 506/579/365 505/576/362 520/603/385 521/605/387
f 499/580/366 498/578/364 513/604/386 514/606/388
f 507/581/367 506/579/365 521/605/387 522/607/389
f 500/582/368 499/580/366 514/606/388 515/608/390
f 508/583/369 507/581/367 522/607/389 523/595/377
f 501/584/370 500/582/368 515/608/390 516/596/378
f 513/604/386 512/602/384 527/609/391 528/610/392
f 521/605/387 520/603/385 535/611/393 536/612/394
f 514/606/388 513/604/386 528/610/392 529/613/395
f 522/607/389 521/605/387 536/612/394 537/614/396
f 515/608/390 514/606/388 529/613/395 530/615/397
f 523/595/377 522/607/389 537/614/396 538/616/398
f 516/596/378 515/608/390 530/615/397 531/617/399
f 509/593/376 343/618/149 524/619/400
f 569/620/150 523/595/377 538/616/398
f 517/597/379 516/596/378 531/617/399 532/621/401
f 510/598/380 509/593/376 524/619/400 525/622/402
f 518/599/381 517/597/379 532/621/401 533/623/403
f 511/600/382 510/598/380 525/622/402 526/624/404
f 519/601/383 518/599/381 533/623/403 534/625/405
f 512/602/384 511/600/382 526/624/404 527/609/391
f 520/603/385 519/601/383 534/625/405 535/611/393
f 532/621/401 531/617/399 546/626/406 547/627/407
f 525/622/402 524/619/400 539/628/408 540/629/409
f 533/623/403 532/621/401 547/627/407 548/630/410
f 526/624/404 525/622/402 540/629/409 541/631/411
f 534/625/405 533/623/403 548/630/410 549/632/412
f 527/609/391 526/624/404 541/631/411 542/633/413
f 535/611/393 534/625/405 549/632/412 550/634/414
f 528/610/392 527/609/391 542/633/413 543/635/415
f 536/612/394 535/611/393 550/634/414 551/636/416
f 529/613/395 528/610/392 543/635/415 544/637/417
f 537/614/396 536/612/394 551/636/416 552/638/418
f 530/615/397 529/613/395 544/637/417 545/639/419
f 538/616/398 537/614/396 552/638/418 553/640/420
f 531/617/399 530/615/397 545/639/419 546/626/406
f 524/619/400 343/641/149 539/628/408
f 569/642/150 538/616/398 553/640/420
f 551/636/416 550/634/414 565/643/421 566/644/422
f 544/637/417 543/635/415 558/645/423 559/646/424
f 552/638/418 551/636/416 566/644/422 567/647/425
f 545/639/419 544/637/417 559/646/424 560/648/426
f 553/640/420 552/638/418 567/647/425 568/649/427
f 546/626/406 545/639/419 560/648/426 561/650/428
f 539/628/408 343/651/149 554/652/429
f 569/653/150 553/640/420 568/649/427
f 547/627/407 546/626/406 561/650/428 562/654/430
f 540/629/409 539/628/408 554/652/429 555/655/431
f 548/630/410 547/627/407 562/654/430 563/656/432
f 541/631/411 540/629/409 555/655/431 556/657/433
f 549/632/412 548/630/410 563/656/432 564/658/434
f 542/633/413 541/631/411 556/657/433 557/659/435
f 550/634/414 549/632/412 564/658/434 565/643/421
f 543/635/415 542/633/413 557/659/435 558/645/423
f 563/656/432 562/654/430 578/660/436 579/661/437
f 556/657/433 555/655/431 571/662/438 572/663/439
f 564/658/434 563/656/432 579/661/437 580/664/440
f 557/659/435 556/657/433 572/663/439 573/665/441
f 565/643/421 564/658/434 580/664/440 581/666/442
f 558/645/423 557/659/435 573/665/441 574/667/443
f 566/644/422 565/643/421 581/666/442 582/668/444
f 559/646/424 558/645/423 574/667/443 575/669/445
f 567/647/425 566/644/422 582/668/444 583/670/446
f 560/648/426 559/646/424 575/669/445 576/671/447
f 568/649/427 567/647/425 583/670/446 584/672/448
f 561/650/428 560/648/426 576/671/447 577/673/449
f 554/652/429 343/674/149 570/675/450
f 569/676/150 568/649/427 584/672/448
f 562/654/430 561/650/428 577/673/449 578/660/436
f 555/655/431 554/652/429 570/675/450 571/662/438
f 583/670/446 582/668/444 597/677/451 598/678/452
f 576/671/447 575/669/445 590/679/453 591/680/454
f 584/672/448 583/670/446 598/678/452 599/681/455
f 577/673/449 576/671/447 591/680/454 592/682/456
f 570/675/450 343/683/149 585/684/457
f 569/685/150 584/672/448 599/681/455
f 578/660/436 577/673/449 592/682/456 593/686/458
f 571/662/438 570/675/450 585/684/457 586/687/459
f 579/661/437 578/660/436 593/686/458 594/688/460
f 572/663/439 571/662/438 586/687/459 587/689/461
f 580/664/440 579/661/437 594/688/460 595/690/462
f 573/665/441 572/663/439 587/689/461 588/691/463
f 581/666/442 580/664/440 595/690/462 596/692/464
f 574/667/443 573/665/441 588/691/463 589/693/465
f 582/668/444 581/666/442 596/692/464 597/677/451
f 575/669/445 574/667/443 589/693/465 590/679/453
f 587/689/461 586/687/459 601/694/466 602/695/467
f 595/690/462 594/688/460 609/696/468 610/697/469
f 588/691/463 587/689/461 602/695/467 603/698/470
f 596/692/464 595/690/462 610/697/469 611/699/471
f 589/693/465 588/691/463 603/698/470 604/700/472
f 597/677/451 596/692/464 611/699/471 612/701/473
f 590/679/453 589/693/465 604/700/472 605/702/474
f 598/678/452 597/677/451 612/701/473 613/703/475
f 591/680/454 590/679/453 605/702/474 606/704/476
f 599/681/455 598/678/452 613/703/475 614/705/477
f 592/682/456 591/680/454 606/704/476 607/706/478
f 585/684/457 343/707/149 600/708/479
f 569/709/150 599/681/455 614/705/477
f 593/686/458 592/682/456 607/706/478 608/710/480
f 586/687/459 585/684/457 600/708/479 601/694/466
f 594/688/460 593/686/458 608/710/480 609/696/468
f 606/704/476 605/702/474 620/711/481 621/712/482
f 614/705/477 613/703/475 628/713/483 629/714/484
f 607/706/478 606/704/476 621/712/482 622/715/485
f 600/708/479 343/716/149 615/717/486
f 569/718/150 614/705/477 629/714/484
f 608/710/480 607/706/478 622/715/485 623/719/487
f 601/694/466 600/708/479 615/717/486 616/720/488
f 609/696/468 608/710/480 623/719/487 624/721/489
f 602/695/467 601/694/466 616/720/488 617/722/490
f 610/697/469 609/696/468 624/721/489 625/723/491
f 603/698/470 602/695/467 617/722/490 618/724/492
f 611/699/471 610/697/469 625/723/491 626/725/493
f 604/700/472 603/698/470 618/724/492 619/726/494
f 612/701/473 611/699/471 626/725/493 627/727/495
f 605/702/474 604/700/472 619/726/494 620/711/481
f 613/703/475 612/701/473 627/727/495 628/713/483
f 625/728/491 624/729/489 639/730/496 640/731/497
f 618/732/492 617/733/490 632/734/498 633/735/499
f 626/736/493 625/728/491 640/731/497 641/737/500
f 619/738/494 618/732/492 633/735/499 634/739/501
f 627/740/495 626/736/493 641/737/500 642/741/502
f 620/742/481 619/738/494 634/739/501 635/743/503
f 628/744/483 627/740/495 642/741/502 643/745/504
f 621/746/482 620/742/481 635/743/503 636/747/505
f 629/748/484 628/744/483 643/745/504 644/749/506
f 622/750/485 621/746/482 636/747/505 637/751/507
f 615/752/486 343/753/149 630/754/508
f 569/755/150 629/748/484 644/749/506
f 623/756/487 622/750/485 637/751/507 638/757/509
f 616/758/488 615/752/486 630/754/508 631/759/510
f 624/729/489 623/756/487 638/757/509 639/730/496
f 617/733/490 616/758/488 631/759/510 632/734/498
f 644/749/506 643/745/504 658/760/511 659/761/512
f 637/751/507 636/747/505 651/762/513 652/763/514
f 630/754/508 343/764/149 645/765/515
f 569/766/150 644/749/506 659/761/512
f 638/757/509 637/751/507 652/763/514 653/767/516
f 631/759/510 630/754/508 645/765/515 646/768/517
f 639/730/496 638/757/509 653/767/516 654/769/518
f 632/734/498 631/759/510 646/768/517 647/770/519
f 640/731/497 639/730/496 654/769/518 655/771/520
f 633/735/499 632/734/498 647/770/519 648/772/521
f 641/737/500 640/731/497 655/771/520 656/773/522
f 634/739/501 633/735/499 648/772/521 649/774/523
f 642/741/502 641/737/500 656/773/522 657/775/524
f 635/743/503 634/739/501 649/774/523 650/776/525
f 643/745/504 642/741/502 657/775/524 658/760/511
f 636/747/505 635/743/503 650/776/525 651/762/513
f 648/772/521 647/770/519 662/777/526 663/778/527
f 656/773/522 655/771/520 670/779/528 671/780/529
f 649/774/523 648/772/521 663/778/527 664/781/530
f 657/775/524 656/773/522 671/780/529 672/782/531
f 650/776/525 649/774/523 664/781/530 665/783/532
f 658/760/511 657/775/524 672/782/531 673/784/533
f 651/762/513 650/776/525 665/783/532 666/785/534
f 659/761/512 658/760/511 673/784/533 674/786/535
f 652/763/514 651/762/513 666/785/534 667/787/536
f 645/765/515 343/788/149 660/789/537
f 569/790/150 659/761/512 674/786/535
f 653/767/516 652/763/514 667/787/536 668/791/538
f 646/768/517 645/765/515 660/789/537 661/792/539
f 654/769/518 653/767/516 668/791/538 669/793/540
f 647/770/519 646/768/517 661/792/539 662/777/526
f 655/771/520 654/769/518 669/793/540 670/779/528
f 667/787/536 666/785/534 681/794/541 682/795/542
f 660/789/537 343/796/149 675/797/543
f 569/798/150 674/786/535 689/799/544
f 668/791/538 667/787/536 682/795/542 683/800/545
f 661/792/539 660/789/537 675/797/543 676/801/546
f 669/793/540 668/791/538 683/800/545 684/802/547
f 662/777/526 661/792/539 676/801/546 677/803/548
f 670/779/528 669/793/540 684/802/547 685/804/549
f 663/778/527 662/777/526 677/803/548 678/805/550
f 671/780/529 670/779/528 685/804/549 686/806/551
f 664/781/530 663/778/527 678/805/550 679/807/552
f 672/782/531 671/780/529 686/806/551 687/808/553
f 665/783/532 664/781/530 679/807/552 680/809/554
f 673/784/533 672/782/531 687/808/553 688/810/555
f 666/785/534 665/783/532 680/809/554 681/794/541
f 674/786/535 673/784/533 688/810/555 689/799/544
f 686/806/551 685/804/549 700/811/556 701/812/557
f 679/807/552 678/805/550 693/813/558 694/814/559
f 687/808/553 686/806/551 701/812/557 702/815/560
f 680/809/554 679/807/552 694/814/559 695/816/561
f 688/810/555 687/808/553 702/815/560 703/817/562
f 681/794/541 680/809/554 695/816/561 696/818/563
f 689/799/544 688/810/555 703/817/562 704/819/564
f 682/795/542 681/794/541 696/818/563 697/820/565
f 675/797/543 343/821/149 690/822/566
f 569/823/150 689/799/544 704/819/564
f 683/800/545 682/795/542 697/820/565 698/824/567
f 676/801/546 675/797/543 690/822/566 691/825/568
f 684/802/547 683/800/545 698/824/567 699/826/569
f 677/803/548 676/801/546 691/825/568 692/827/570
f 685/804/549 684/802/547 699/826/569 700/811/556
f 678/805/550 677/803/548 692/827/570 693/813/558
f 569/828/150 704/819/564 719/829/571
f 698/824/567 697/820/565 712/830/572 713/831/573
f 691/825/568 690/822/566 705/832/574 706/833/575
f 699/826/569 698/824/567 713/831/573 714/834/576
f 692/827/570 691/825/568 706/833/575 707/835/577
f 700/811/556 699/826/569 714/834/576 715/836/578
f 693/813/558 692/827/570 707/835/577 708/837/579
f 701/812/557 700/811/556 715/836/578 716/838/580
f 694/814/559 693/813/558 708/837/579 709/839/581
f 702/815/560 701/812/557 716/838/580 717/840/582
f 695/816/561 694/814/559 709/839/581 710/841/583
f 703/817/562 702/815/560 717/840/582 718/842/584
f 696/818/563 695/816/561 710/841/583 711/843/585
f 704/819/564 703/817/562 718/842/584 719/829/571
f 697/820/565 696/818/563 711/843/585 712/830/572
f 690/822/566 343/844/149 705/832/574
f 717/840/582 716/838/580 731/845/586 732/846/587
f 710/841/583 709/839/581 724/847/588 725/848/589
f 718/842/584 717/840/582 732/846/587 733/849/590
f 711/843/585 710/841/583 725/848/589 726/850/591
f 719/829/571 718/842/584 733/849/590 734/851/592
f 712/830/572 711/843/585 726/850/591 727/852/593
f 705/832/574 343/853/149 720/854/594
f 569/855/150 719/829/571 734/851/592
f 713/831/573 712/830/572 727/852/593 728/856/595
f 706/833/575 705/832/574 720/854/594 721/857/596
f 714/834/576 713/831/573 728/856/595 729/858/597
f 707/835/577 706/833/575 721/857/596 722/859/598
f 715/836/578 714/834/576 729/858/597 730/860/599
f 708/837/579 707/835/577 722/859/598 723/861/600
f 716/838/580 715/836/578 730/860/599 731/845/586
f 709/839/581 708/837/579 723/861/600 724/847/588
f 721/857/596 720/854/594 735/310/124 736/309/123
f 729/858/597 728/856/595 266/305/119 739/313/127
f 722/859/598 721/857/596 736/309/123 262/315/129
f 730/860/599 729/858/597 739/313/127 267/317/131
f 723/861/600 722/859/598 262/315/129 737/319/133
f 731/845/586 730/860/599 267/317/131 740/321/135
f 724/847/588 723/861/600 737/319/133 263/323/137
f 732/846/587 731/845/586 740/321/135 741/325/139
f 725/848/589 724/847/588 263/323/137 738/327/141
f 733/849/590 732/846/587 741/325/139 742/329/143
f 726/850/591 725/848/589 738/327/141 264/331/145
f 734/851/592 733/849/590 742/329/143 743/333/147
f 727/852/593 726/850/591 264/331/145 265/306/120
f 720/854/594 343/862/149 735/310/124
f 569/863/150 734/851/592 743/333/147
f 728/856/595 727/852/593 265/306/120 266/305/119
o Plane.002
v -0.346242 3.523605 1.527154
v -0.344518 4.118721 1.548098
v -0.094776 3.523605 1.506450
v -0.093052 4.118721 1.527394
vn -0.0820 0.0353 -0.9960
vt 0.000000 0.000000
vt 1.000000 0.000000
vt 1.000000 1.000000
vt 0.000000 1.000000
s 0
usemtl Material.050
f 744/864/601 745/865/601 747/866/601 746/867/601
o Plane.004
v 0.107129 3.523608 1.587642
v 0.108854 4.118723 1.608586
v 0.358595 3.523608 1.566938
v 0.360319 4.118723 1.587882
vn -0.0820 0.0353 -0.9960
vt 0.000000 0.000000
vt 1.000000 0.000000
vt 1.000000 1.000000
vt 0.000000 1.000000
s 0
usemtl Material.049
f 748/868/602 749/869/602 751/870/602 750/871/602
o Plane.005
v 0.110035 4.353203 1.735182
v 0.111760 4.932865 1.871539
v 0.361501 4.357232 1.714874
v 0.363226 4.936894 1.851230
vn -0.0820 0.2284 -0.9701
vt 0.000000 0.000000
vt 1.000000 0.000000
vt 1.000000 1.000000
vt 0.000000 1.000000
s 0
usemtl Material.047
f 752/872/603 753/873/603 755/874/603 754/875/603
o Plane.006
v -0.314087 4.347478 1.692736
v -0.312363 4.927140 1.829092
v -0.062621 4.351507 1.672427
v -0.060897 4.931169 1.808784
vn -0.0820 0.2284 -0.9701
vt 0.000000 0.000000
vt 1.000000 0.000000
vt 1.000000 1.000000
vt 0.000000 1.000000
s 0
usemtl Material.048
f 756/876/604 757/877/604 759/878/604 758/879/604
o Plane.007
v 0.116057 5.150284 2.084280
v 0.115562 5.657116 2.396890
v 0.367522 5.161342 2.066751
v 0.367026 5.668174 2.379360
vn -0.0821 0.5231 -0.8483
vt 0.000000 0.000000
vt 1.000000 0.000000
vt 1.000000 1.000000
vt 0.000000 1.000000
s 0
usemtl Material.045
f 760/880/605 761/881/605 763/882/605 762/883/605
o Plane.008
v -0.308173 5.143182 2.056988
v -0.308669 5.650014 2.369597
v -0.056709 5.154240 2.039458
v -0.057204 5.661072 2.352068
vn -0.0821 0.5231 -0.8483
vt 0.000000 0.000000
vt 1.000000 0.000000
vt 1.000000 1.000000
vt 0.000000 1.000000
s 0
usemtl Material.046
f 764/884/606 765/885/606 767/886/606 766/887/606
o Plane.009
v 3.775041 3.696341 5.062529
v 3.667245 4.281954 5.068997
v 3.851843 3.707827 5.302598
v 3.744047 4.293439 5.309066
vn 0.9352 0.1755 -0.3076
vt 0.000000 0.000000
vt 1.000000 0.000000
vt 1.000000 1.000000
vt 0.000000 1.000000
s 0
usemtl Material.040
f 768/888/607 769/889/607 771/890/607 770/891/607
o Plane.010
v 3.819330 3.702967 5.517720
v 3.711535 4.288580 5.524188
v 3.896132 3.714453 5.757790
v 3.788337 4.300066 5.764257
vn 0.9352 0.1755 -0.3076
vt 0.000000 0.000000
vt 1.000000 0.000000
vt 1.000000 1.000000
vt 0.000000 1.000000
s 0
usemtl Material.039
f 772/892/608 773/893/608 775/894/608 774/895/608
o Plane.011
v 3.557317 4.508927 5.568292
v 3.324174 5.056837 5.574759
v 3.629754 4.536916 5.808361
v 3.396610 5.084826 5.814829
vn 0.8742 0.3756 -0.3076
vt 0.000000 0.000000
vt 1.000000 0.000000
vt 1.000000 1.000000
vt 0.000000 1.000000
s 0
usemtl Material.041
f 776/896/609 777/897/609 779/898/609 778/899/609
o Plane.012
v 3.500820 4.518810 5.144169
v 3.267676 5.066720 5.150637
v 3.573256 4.546799 5.384238
v 3.340113 5.094709 5.390706
vn 0.8742 0.3756 -0.3076
vt 0.000000 0.000000
vt 1.000000 0.000000
vt 1.000000 1.000000
vt 0.000000 1.000000
s 0
usemtl Material.042
f 780/900/610 781/901/610 783/902/610 782/903/610
o Plane.013
v 3.108955 5.276912 5.617419
v 2.750044 5.752038 5.623887
v 3.172456 5.321612 5.857488
v 2.813545 5.796739 5.863956
vn 0.7572 0.5762 -0.3076
vt 0.000000 0.000000
vt 1.000000 0.000000
vt 1.000000 1.000000
vt 0.000000 1.000000
s 0
usemtl Material.043
f 784/904/611 785/905/611 787/906/611 786/907/611
o Plane.014
v 3.051745 5.272816 5.193295
v 2.692834 5.747942 5.199763
v 3.115246 5.317516 5.433365
v 2.756335 5.792643 5.439833
vn 0.7572 0.5762 -0.3076
vt 0.000000 0.000000
vt 1.000000 0.000000
vt 1.000000 1.000000
vt 0.000000 1.000000
s 0
usemtl Material.044
f 788/908/612 789/909/612 791/910/612 790/911/612
o Plane.015
v -3.832244 3.758084 5.505831
v -3.774305 4.350744 5.506573
v -3.823361 3.757530 5.253672
v -3.765422 4.350191 5.254413
vn -0.9946 0.0973 -0.0353
vt 0.000000 0.000000
vt 1.000000 0.000000
vt 1.000000 1.000000
vt 0.000000 1.000000
s 0
usemtl Material.032
f 792/912/613 793/913/613 795/914/613 794/915/613
o Plane.016
v -3.777591 3.751053 5.062669
v -3.719652 4.343713 5.063411
v -3.768708 3.750500 4.810510
v -3.710768 4.343161 4.811251
vn -0.9946 0.0973 -0.0353
vt 0.000000 0.000000
vt 1.000000 0.000000
vt 1.000000 1.000000
vt 0.000000 1.000000
s 0
usemtl Material.031
f 796/916/614 797/917/614 799/918/614 798/919/614
o Plane.017
v -3.687263 4.542284 5.084246
v -3.394814 5.061010 5.084987
v -3.679360 4.538189 4.832086
v -3.386911 5.056915 4.832828
vn -0.8705 0.4908 -0.0353
vt 0.000000 0.000000
vt 1.000000 0.000000
vt 1.000000 1.000000
vt 0.000000 1.000000
s 0
usemtl Material.029
f 800/920/615 801/921/615 803/922/615 802/923/615
o Plane.018
v -3.709436 4.569816 5.499690
v -3.416987 5.088542 5.500431
v -3.701533 4.565721 5.247530
v -3.409084 5.084447 5.248271
vn -0.8705 0.4908 -0.0353
vt 0.000000 0.000000
vt 1.000000 0.000000
vt 1.000000 1.000000
vt 0.000000 1.000000
s 0
usemtl Material.028
f 804/924/616 805/925/616 807/926/616 806/927/616
o Plane.019
v -3.253549 5.265118 5.102170
v -2.934230 5.767749 5.102912
v -3.245872 5.260613 4.850011
v -2.926554 5.763245 4.850752
vn -0.8435 0.5359 -0.0353
vt 0.000000 0.000000
vt 1.000000 0.000000
vt 1.000000 1.000000
vt 0.000000 1.000000
s 0
usemtl Material.030
f 808/928/617 809/929/617 811/930/617 810/931/617
o Plane.020
v -3.265788 5.302116 5.517615
v -2.946470 5.804748 5.518356
v -3.258112 5.297612 5.265455
v -2.938793 5.800243 5.266197
vn -0.8435 0.5359 -0.0353
vt 0.000000 0.000000
vt 1.000000 0.000000
vt 1.000000 1.000000
vt 0.000000 1.000000
s 0
usemtl Material
f 812/932/618 813/933/618 815/934/618 814/935/618
o Plane.021
v 0.627165 3.487611 9.183571
v 0.642031 4.073712 9.079322
v 0.375157 3.491920 9.171861
v 0.390023 4.078021 9.067612
vn -0.0427 0.1760 0.9835
vt 0.000000 0.000000
vt 1.000000 0.000000
vt 1.000000 1.000000
vt 0.000000 1.000000
s 0
usemtl Material.037
f 816/936/619 817/937/619 819/938/619 818/939/619
o Plane.022
v 0.191361 3.505630 9.184740
v 0.192875 4.090629 9.073483
v -0.060746 3.504340 9.174523
v -0.059231 4.089338 9.063267
vn -0.0407 0.1868 0.9816
vt 0.000000 0.000000
vt 1.000000 0.000000
vt 1.000000 1.000000
vt 0.000000 1.000000
s 0
usemtl Material.038
f 820/940/620 821/941/620 823/942/620 822/943/620
o Plane.023
v 0.215000 4.261899 8.981602
v 0.216514 4.841390 8.844520
v -0.037107 4.260157 8.971452
v -0.035593 4.839648 8.834370
vn -0.0407 0.2301 0.9723
vt 0.000000 0.000000
vt 1.000000 0.000000
vt 1.000000 1.000000
vt 0.000000 1.000000
s 0
usemtl Material.035
f 824/944/621 825/945/621 827/946/621 826/947/621
o Plane.024
v 0.629925 4.263091 8.954844
v 0.631439 4.842582 8.817761
v 0.377818 4.261349 8.944694
v 0.379332 4.840840 8.807611
vn -0.0407 0.2301 0.9723
vt 0.000000 0.000000
vt 1.000000 0.000000
vt 1.000000 1.000000
vt 0.000000 1.000000
s 0
usemtl Material.036
f 828/948/622 829/949/622 831/950/622 830/951/622
o Plane.025
v 0.234842 4.998424 8.727932
v 0.236356 5.516461 8.434269
v -0.017265 4.993913 8.718674
v -0.015750 5.511950 8.425011
vn -0.0407 0.4928 0.8692
vt 0.000000 0.000000
vt 1.000000 0.000000
vt 1.000000 1.000000
vt 0.000000 1.000000
s 0
usemtl Material.034
f 832/952/623 833/953/623 835/954/623 834/955/623
o Plane.026
v 0.649768 5.024717 8.712856
v 0.651282 5.542755 8.419193
v 0.397661 5.020206 8.703598
v 0.399175 5.538244 8.409935
vn -0.0407 0.4928 0.8692
vt 0.000000 0.000000
vt 1.000000 0.000000
vt 1.000000 1.000000
vt 0.000000 1.000000
s 0
usemtl Material.033
f 836/956/624 837/957/624 839/958/624 838/959/624
o Cube.003
v 3.973296 0.567052 10.507884
v 3.973296 2.376913 10.507884
v 3.973296 0.567052 9.644748
v 3.973296 2.376913 9.644748
v 4.114088 0.567052 10.507884
v 4.114088 2.376913 10.507884
v 4.114088 0.567052 9.644748
v 4.114088 2.376913 9.644748
vn -1.0000 -0.0000 -0.0000
vn -0.0000 -0.0000 -1.0000
vn 1.0000 -0.0000 -0.0000
vn -0.0000 -0.0000 1.0000
vn -0.0000 -1.0000 -0.0000
vn -0.0000 1.0000 -0.0000
vt 0.375000 0.000000
vt 0.625000 0.000000
vt 0.625000 0.250000
vt 0.375000 0.250000
vt 0.625000 0.500000
vt 0.375000 0.500000
vt 0.625000 0.750000
vt 0.375000 0.750000
vt 0.625000 1.000000
vt 0.375000 1.000000
vt 0.125000 0.500000
vt 0.125000 0.750000
vt 0.875000 0.500000
vt 0.875000 0.750000
s 0
usemtl Material.061
f 840/960/625 841/961/625 843/962/625 842/963/625
f 842/963/626 843/962/626 847/964/626 846/965/626
f 846/965/627 847/964/627 845/966/627 844/967/627
f 844/967/628 845/966/628 841/968/628 840/969/628
f 842/970/629 846/965/629 844/967/629 840/971/629
f 847/964/630 843/972/630 841/973/630 845/966/630
o Cube.009
v 4.093640 -0.016861 9.574154
v 4.093640 0.650053 9.574154
v 4.093640 -0.016861 9.467422
v 4.093640 0.650053 9.467422
v 5.366991 -0.016861 9.574154
v 5.366991 0.650053 9.574154
v 5.366991 -0.016861 9.467422
v 5.366991 0.650053 9.467422
vn -1.0000 -0.0000 -0.0000
vn -0.0000 -0.0000 -1.0000
vn 1.0000 -0.0000 -0.0000
vn -0.0000 -0.0000 1.0000
vn -0.0000 -1.0000 -0.0000
vn -0.0000 1.0000 -0.0000
vt 0.375000 0.000000
vt 0.625000 0.000000
vt 0.625000 0.250000
vt 0.375000 0.250000
vt 0.625000 0.500000
vt 0.375000 0.500000
vt 0.625000 0.750000
vt 0.375000 0.750000
vt 0.625000 1.000000
vt 0.375000 1.000000
vt 0.125000 0.500000
vt 0.125000 0.750000
vt 0.875000 0.500000
vt 0.875000 0.750000
s 0
f 848/974/631 849/975/631 851/976/631 850/977/631
f 850/977/632 851/976/632 855/978/632 854/979/632
f 854/979/633 855/978/633 853/980/633 852/981/633
f 852/981/634 853/980/634 849/982/634 848/983/634
f 850/984/635 854/979/635 852/981/635 848/985/635
f 855/978/636 851/986/636 849/987/636 853/980/636
o Cube.002
v 3.728927 1.134178 4.867546
v 3.728927 1.865822 4.867546
v 3.728927 1.134178 4.467546
v 3.728927 1.865822 4.467546
v 4.128927 1.134178 4.867546
v 4.128927 1.865822 4.867546
v 4.128927 1.134178 4.467546
v 4.128927 1.865822 4.467546
vn -1.0000 -0.0000 -0.0000
vn -0.0000 -0.0000 -1.0000
vn 1.0000 -0.0000 -0.0000
vn -0.0000 -0.0000 1.0000
vn -0.0000 -1.0000 -0.0000
vn -0.0000 1.0000 -0.0000
vt 0.375000 0.000000
vt 0.625000 0.000000
vt 0.625000 0.250000
vt 0.375000 0.250000
vt 0.625000 0.500000
vt 0.375000 0.500000
vt 0.625000 0.750000
vt 0.375000 0.750000
vt 0.625000 1.000000
vt 0.375000 1.000000
vt 0.125000 0.500000
vt 0.125000 0.750000
vt 0.875000 0.500000
vt 0.875000 0.750000
s 0
usemtl Material.024
f 856/988/637 857/989/637 859/990/637 858/991/637
f 858/991/638 859/990/638 863/992/638 862/993/638
f 862/993/639 863/992/639 861/994/639 860/995/639
f 860/995/640 861/994/640 857/996/640 856/997/640
f 858/998/641 862/993/641 860/995/641 856/999/641
f 863/992/642 859/1000/642 857/1001/642 861/994/642
o Cube.010
v 3.740030 1.134178 4.151040
v 3.740030 1.865822 4.151040
v 3.740030 1.134178 3.751040
v 3.740030 1.865822 3.751040
v 4.140030 1.134178 4.151040
v 4.140030 1.865822 4.151040
v 4.140030 1.134178 3.751040
v 4.140030 1.865822 3.751040
vn -1.0000 -0.0000 -0.0000
vn -0.0000 -0.0000 -1.0000
vn 1.0000 -0.0000 -0.0000
vn -0.0000 -0.0000 1.0000
vn -0.0000 -1.0000 -0.0000
vn -0.0000 1.0000 -0.0000
vt 0.375000 0.000000
vt 0.625000 0.000000
vt 0.625000 0.250000
vt 0.375000 0.250000
vt 0.625000 0.500000
vt 0.375000 0.500000
vt 0.625000 0.750000
vt 0.375000 0.750000
vt 0.625000 1.000000
vt 0.375000 1.000000
vt 0.125000 0.500000
vt 0.125000 0.750000
vt 0.875000 0.500000
vt 0.875000 0.750000
s 0
usemtl Material.024
f 864/1002/643 865/1003/643 867/1004/643 866/1005/643
f 866/1005/644 867/1004/644 871/1006/644 870/1007/644
f 870/1007/645 871/1006/645 869/1008/645 868/1009/645
f 868/1009/646 869/1008/646 865/1010/646 864/1011/646
f 866/1012/647 870/1007/647 868/1009/647 864/1013/647
f 871/1006/648 867/1014/648 865/1015/648 869/1008/648
o Cube.011
v 4.008784 1.304708 6.914277
v 4.008784 1.889238 6.914277
v 4.008784 1.304708 6.514277
v 4.008784 1.889238 6.514277
v 4.128339 1.304708 6.914277
v 4.128339 1.889238 6.914277
v 4.128339 1.304708 6.514277
v 4.128339 1.889238 6.514277
vn -1.0000 -0.0000 -0.0000
vn -0.0000 -0.0000 -1.0000
vn 1.0000 -0.0000 -0.0000
vn -0.0000 -0.0000 1.0000
vn -0.0000 -1.0000 -0.0000
vn -0.0000 1.0000 -0.0000
vt 0.375000 0.000000
vt 0.625000 0.000000
vt 0.625000 0.250000
vt 0.375000 0.250000
vt 0.625000 0.500000
vt 0.375000 0.500000
vt 0.625000 0.750000
vt 0.375000 0.750000
vt 0.625000 1.000000
vt 0.375000 1.000000
vt 0.125000 0.500000
vt 0.125000 0.750000
vt 0.875000 0.500000
vt 0.875000 0.750000
s 0
usemtl Material.024
f 872/1016/649 873/1017/649 875/1018/649 874/1019/649
f 874/1019/650 875/1018/650 879/1020/650 878/1021/650
f 878/1021/651 879/1020/651 877/1022/651 876/1023/651
f 876/1023/652 877/1022/652 873/1024/652 872/1025/652
f 874/1026/653 878/1021/653 876/1023/653 872/1027/653
f 879/1020/654 875/1028/654 873/1029/654 877/1022/654
o Cube.012
v 3.992763 1.312491 7.539871
v 3.992763 1.897022 7.539871
v 3.992763 1.312491 7.139872
v 3.992763 1.897022 7.139872
v 4.120850 1.312491 7.539871
v 4.120850 1.897022 7.539871
v 4.120850 1.312491 7.139872
v 4.120850 1.897022 7.139872
vn -1.0000 -0.0000 -0.0000
vn -0.0000 -0.0000 -1.0000
vn 1.0000 -0.0000 -0.0000
vn -0.0000 -0.0000 1.0000
vn -0.0000 -1.0000 -0.0000
vn -0.0000 1.0000 -0.0000
vt 0.375000 0.000000
vt 0.625000 0.000000
vt 0.625000 0.250000
vt 0.375000 0.250000
vt 0.625000 0.500000
vt 0.375000 0.500000
vt 0.625000 0.750000
vt 0.375000 0.750000
vt 0.625000 1.000000
vt 0.375000 1.000000
vt 0.125000 0.500000
vt 0.125000 0.750000
vt 0.875000 0.500000
vt 0.875000 0.750000
s 0
usemtl Material.024
f 880/1030/655 881/1031/655 883/1032/655 882/1033/655
f 882/1033/656 883/1032/656 887/1034/656 886/1035/656
f 886/1035/657 887/1034/657 885/1036/657 884/1037/657
f 884/1037/658 885/1036/658 881/1038/658 880/1039/658
f 882/1040/659 886/1035/659 884/1037/659 880/1041/659
f 887/1034/660 883/1042/660 881/1043/660 885/1036/660
o Cube.013
v 15.337899 1.055855 15.966616
v 15.339278 1.496666 15.955479
v 14.967739 1.053184 15.815042
v 14.969117 1.493994 15.803906
v 15.383185 1.052921 15.856072
v 15.384563 1.493731 15.844936
v 15.013024 1.050250 15.704500
v 15.014403 1.491060 15.693363
vn -0.3790 0.0246 0.9251
vn -0.9254 -0.0067 -0.3789
vn 0.3790 -0.0246 -0.9251
vn 0.9254 0.0067 0.3789
vn -0.0031 -0.9997 0.0253
vn 0.0031 0.9997 -0.0253
vt 0.375000 0.000000
vt 0.625000 0.000000
vt 0.625000 0.250000
vt 0.375000 0.250000
vt 0.625000 0.500000
vt 0.375000 0.500000
vt 0.625000 0.750000
vt 0.375000 0.750000
vt 0.625000 1.000000
vt 0.375000 1.000000
vt 0.125000 0.500000
vt 0.125000 0.750000
vt 0.875000 0.500000
vt 0.875000 0.750000
s 0
usemtl Material.024
f 888/1044/661 889/1045/661 891/1046/661 890/1047/661
f 890/1047/662 891/1046/662 895/1048/662 894/1049/662
f 894/1049/663 895/1048/663 893/1050/663 892/1051/663
f 892/1051/664 893/1050/664 889/1052/664 888/1053/664
f 890/1054/665 894/1049/665 892/1051/665 888/1055/665
f 895/1048/666 891/1056/666 889/1057/666 893/1050/666
o Cube.014
v -4.113368 1.825825 2.906887
v -4.113368 2.410355 2.906887
v -4.113368 1.825825 2.506887
v -4.113368 2.410355 2.506887
v -3.993813 1.825825 2.906887
v -3.993813 2.410355 2.906887
v -3.993813 1.825825 2.506887
v -3.993813 2.410355 2.506887
vn -1.0000 -0.0000 -0.0000
vn -0.0000 -0.0000 -1.0000
vn 1.0000 -0.0000 -0.0000
vn -0.0000 -0.0000 1.0000
vn -0.0000 -1.0000 -0.0000
vn -0.0000 1.0000 -0.0000
vt 0.375000 0.000000
vt 0.625000 0.000000
vt 0.625000 0.250000
vt 0.375000 0.250000
vt 0.625000 0.500000
vt 0.375000 0.500000
vt 0.625000 0.750000
vt 0.375000 0.750000
vt 0.625000 1.000000
vt 0.375000 1.000000
vt 0.125000 0.500000
vt 0.125000 0.750000
vt 0.875000 0.500000
vt 0.875000 0.750000
s 0
usemtl Material.024
f 896/1058/667 897/1059/667 899/1060/667 898/1061/667
f 898/1061/668 899/1060/668 903/1062/668 902/1063/668
f 902/1063/669 903/1062/669 901/1064/669 900/1065/669
f 900/1065/670 901/1064/670 897/1066/670 896/1067/670
f 898/1068/671 902/1063/671 900/1065/671 896/1069/671
f 903/1062/672 899/1070/672 897/1071/672 901/1064/672
o Cube.015
v -4.117634 1.833608 3.532481
v -4.117634 2.418138 3.532481
v -4.117634 1.833608 3.132481
v -4.117634 2.418138 3.132481
v -3.989547 1.833608 3.532481
v -3.989547 2.418138 3.532481
v -3.989547 1.833608 3.132481
v -3.989547 2.418138 3.132481
vn -1.0000 -0.0000 -0.0000
vn -0.0000 -0.0000 -1.0000
vn 1.0000 -0.0000 -0.0000
vn -0.0000 -0.0000 1.0000
vn -0.0000 -1.0000 -0.0000
vn -0.0000 1.0000 -0.0000
vt 0.375000 0.000000
vt 0.625000 0.000000
vt 0.625000 0.250000
vt 0.375000 0.250000
vt 0.625000 0.500000
vt 0.375000 0.500000
vt 0.625000 0.750000
vt 0.375000 0.750000
vt 0.625000 1.000000
vt 0.375000 1.000000
vt 0.125000 0.500000
vt 0.125000 0.750000
vt 0.875000 0.500000
vt 0.875000 0.750000
s 0
usemtl Material.024
f 904/1072/673 905/1073/673 907/1074/673 906/1075/673
f 906/1075/674 907/1074/674 911/1076/674 910/1077/674
f 910/1077/675 911/1076/675 909/1078/675 908/1079/675
f 908/1079/676 909/1078/676 905/1080/676 904/1081/676
f 906/1082/677 910/1077/677 908/1079/677 904/1083/677
f 911/1076/678 907/1084/678 905/1085/678 909/1078/678
o Plane.032
v -4.752517 0.000000 4.462770
v -4.089740 0.000000 4.462770
v -4.752517 0.000000 2.666030
v -4.089740 0.000000 2.666030
vn -0.0000 1.0000 -0.0000
vt 0.000000 0.000000
vt 1.000000 0.000000
vt 1.000000 1.000000
vt 0.000000 1.000000
s 0
usemtl Material.054
f 912/1086/679 913/1087/679 915/1088/679 914/1089/679
o Cube.019
v -4.017393 -0.010061 10.669404
v -4.017393 2.711388 10.669404
v -4.017393 -0.010061 9.531671
v -4.017393 2.711388 9.531671
v 4.050541 -0.010061 10.669404
v 4.050541 2.711388 10.669404
v 4.050541 -0.010061 9.531671
v 4.050541 2.711388 9.531671
vn -1.0000 -0.0000 -0.0000
vn -0.0000 -0.0000 -1.0000
vn 1.0000 -0.0000 -0.0000
vn -0.0000 -0.0000 1.0000
vn -0.0000 -1.0000 -0.0000
vn -0.0000 1.0000 -0.0000
vt 0.375000 0.000000
vt 0.625000 0.000000
vt 0.625000 0.250000
vt 0.375000 0.250000
vt 0.625000 0.500000
vt 0.375000 0.500000
vt 0.625000 0.750000
vt 0.375000 0.750000
vt 0.625000 1.000000
vt 0.375000 1.000000
vt 0.125000 0.500000
vt 0.125000 0.750000
vt 0.875000 0.500000
vt 0.875000 0.750000
s 0
usemtl Material.060
f 916/1090/680 917/1091/680 919/1092/680 918/1093/680
f 918/1093/681 919/1092/681 923/1094/681 922/1095/681
f 922/1095/682 923/1094/682 921/1096/682 920/1097/682
f 920/1097/683 921/1096/683 917/1098/683 916/1099/683
f 918/1100/684 922/1095/684 920/1097/684 916/1101/684
f 923/1094/685 919/1102/685 917/1103/685 921/1096/685
o Cube.022
v 4.902430 -0.007794 11.508479
v 4.902430 0.153835 11.508479
v 4.902430 -0.007794 9.528769
v 4.902430 0.153835 9.528769
v 5.075305 -0.007794 11.508479
v 5.075305 0.153835 11.508479
v 5.075305 -0.007794 9.528769
v 5.075305 0.153835 9.528769
v 4.067897 -0.014390 11.435333
v 4.067897 0.514390 11.435333
v 4.067897 -0.014390 9.547322
v 4.067897 0.514390 9.547322
v 4.718475 -0.014390 11.435333
v 4.718475 0.514390 11.435333
v 4.718475 -0.014390 9.547322
v 4.718475 0.514390 9.547322
v 4.709007 0.032031 11.207275
v 4.709007 0.312032 11.207275
v 4.709007 0.032031 9.537892
v 4.709007 0.312032 9.537892
v 4.881881 0.032031 11.207275
v 4.881881 0.312032 11.207275
v 4.881881 0.032031 9.537892
v 4.881881 0.312032 9.537892
vn -1.0000 -0.0000 -0.0000
vn -0.0000 -0.0000 -1.0000
vn 1.0000 -0.0000 -0.0000
vn -0.0000 -0.0000 1.0000
vn -0.0000 -1.0000 -0.0000
vn -0.0000 1.0000 -0.0000
vt 0.375000 0.000000
vt 0.625000 0.000000
vt 0.625000 0.250000
vt 0.375000 0.250000
vt 0.625000 0.500000
vt 0.375000 0.500000
vt 0.625000 0.750000
vt 0.375000 0.750000
vt 0.625000 1.000000
vt 0.375000 1.000000
vt 0.125000 0.500000
vt 0.125000 0.750000
vt 0.875000 0.500000
vt 0.875000 0.750000
s 0
usemtl Material.062
f 924/1104/686 925/1105/686 927/1106/686 926/1107/686
f 926/1107/687 927/1106/687 931/1108/687 930/1109/687
f 930/1109/688 931/1108/688 929/1110/688 928/1111/688
f 928/1111/689 929/1110/689 925/1112/689 924/1113/689
f 926/1114/690 930/1109/690 928/1111/690 924/1115/690
f 931/1108/691 927/1116/691 925/1117/691 929/1110/691
f 932/1104/686 933/1105/686 935/1106/686 934/1107/686
f 934/1107/687 935/1106/687 939/1108/687 938/1109/687
f 938/1109/688 939/1108/688 937/1110/688 936/1111/688
f 936/1111/689 937/1110/689 933/1112/689 932/1113/689
f 934/1114/690 938/1109/690 936/1111/690 932/1115/690
f 939/1108/691 935/1116/691 933/1117/691 937/1110/691
f 940/1104/686 941/1105/686 943/1106/686 942/1107/686
f 942/1107/687 943/1106/687 947/1108/687 946/1109/687
f 946/1109/688 947/1108/688 945/1110/688 944/1111/688
f 944/1111/689 945/1110/689 941/1112/689 940/1113/689
f 942/1114/690 946/1109/690 944/1111/690 940/1115/690
f 947/1108/691 943/1116/691 941/1117/691 945/1110/691
o Cube.023
v -4.116315 0.757092 9.669309
v -4.116315 2.286823 9.669309
v -4.057033 0.757092 10.530406
v -4.057033 2.286823 10.530406
v -4.256774 0.757092 9.678979
v -4.256774 2.286823 9.678979
v -4.197493 0.757092 10.540076
v -4.197493 2.286823 10.540076
vn 0.9976 -0.0000 -0.0687
vn 0.0687 -0.0000 0.9976
vn -0.9976 -0.0000 0.0687
vn -0.0687 -0.0000 -0.9976
vn -0.0000 -1.0000 -0.0000
vn -0.0000 1.0000 -0.0000
vt 0.375000 0.000000
vt 0.625000 0.000000
vt 0.625000 0.250000
vt 0.375000 0.250000
vt 0.625000 0.500000
vt 0.375000 0.500000
vt 0.625000 0.750000
vt 0.375000 0.750000
vt 0.625000 1.000000
vt 0.375000 1.000000
vt 0.125000 0.500000
vt 0.125000 0.750000
vt 0.875000 0.500000
vt 0.875000 0.750000
s 0
usemtl Material.059
f 948/1118/692 949/1119/692 951/1120/692 950/1121/692
f 950/1121/693 951/1120/693 955/1122/693 954/1123/693
f 954/1123/694 955/1122/694 953/1124/694 952/1125/694
f 952/1125/695 953/1124/695 949/1126/695 948/1127/695
f 950/1128/696 954/1123/696 952/1125/696 948/1129/696
f 955/1122/697 951/1130/697 949/1131/697 953/1124/697
o Cube.024
v -4.016603 -0.051435 9.398250
v -4.016603 0.615479 9.398250
v -4.010075 -0.051435 9.493078
v -4.010075 0.615479 9.493078
v -5.417890 -0.051435 9.494720
v -5.417890 0.615479 9.494720
v -5.411361 -0.051435 9.589549
v -5.411361 0.615479 9.589549
vn 0.9976 -0.0000 -0.0687
vn 0.0687 -0.0000 0.9976
vn -0.9976 -0.0000 0.0687
vn -0.0687 -0.0000 -0.9976
vn -0.0000 -1.0000 -0.0000
vn -0.0000 1.0000 -0.0000
vt 0.375000 0.000000
vt 0.625000 0.000000
vt 0.625000 0.250000
vt 0.375000 0.250000
vt 0.625000 0.500000
vt 0.375000 0.500000
vt 0.625000 0.750000
vt 0.375000 0.750000
vt 0.625000 1.000000
vt 0.375000 1.000000
vt 0.125000 0.500000
vt 0.125000 0.750000
vt 0.875000 0.500000
vt 0.875000 0.750000
s 0
usemtl Material.057
f 956/1132/698 957/1133/698 959/1134/698 958/1135/698
f 958/1135/699 959/1134/699 963/1136/699 962/1137/699
f 962/1137/700 963/1136/700 961/1138/700 960/1139/700
f 960/1139/701 961/1138/701 957/1140/701 956/1141/701
f 958/1142/702 962/1137/702 960/1139/702 956/1143/702
f 963/1136/703 959/1144/703 957/1145/703 961/1138/703
o Cube.027
v -5.005577 -0.072148 9.567255
v -5.005577 0.120539 9.567255
v -4.824197 -0.072148 12.201892
v -4.824197 0.120539 12.201892
v -5.214122 -0.072148 9.581613
v -5.214122 0.120539 9.581613
v -5.032742 -0.072148 12.216249
v -5.032742 0.120539 12.216249
v -3.935598 -0.071937 9.457147
v -3.935598 0.558454 9.457147
v -3.777704 -0.071937 11.750635
v -3.777704 0.558454 11.750635
v -4.719657 -0.071937 9.511125
v -4.719657 0.558454 9.511125
v -4.561763 -0.071937 11.804613
v -4.561763 0.558454 11.804613
v -4.752393 -0.023740 9.521982
v -4.752393 0.317509 9.521982
v -4.589734 -0.023740 11.884687
v -4.589734 0.317509 11.884687
v -4.965613 -0.023740 9.536661
v -4.965613 0.317509 9.536661
v -4.802954 -0.023740 11.899366
v -4.802954 0.317509 11.899366
vn 0.9976 -0.0000 -0.0687
vn 0.0687 -0.0000 0.9976
vn -0.9976 -0.0000 0.0687
vn -0.0687 -0.0000 -0.9976
vn -0.0000 -1.0000 -0.0000
vn -0.0000 1.0000 -0.0000
vt 0.375000 0.000000
vt 0.625000 0.000000
vt 0.625000 0.250000
vt 0.375000 0.250000
vt 0.625000 0.500000
vt 0.375000 0.500000
vt 0.625000 0.750000
vt 0.375000 0.750000
vt 0.625000 1.000000
vt 0.375000 1.000000
vt 0.125000 0.500000
vt 0.125000 0.750000
vt 0.875000 0.500000
vt 0.875000 0.750000
s 0
usemtl Material.058
f 964/1146/704 965/1147/704 967/1148/704 966/1149/704
f 966/1149/705 967/1148/705 971/1150/705 970/1151/705
f 970/1151/706 971/1150/706 969/1152/706 968/1153/706
f 968/1153/707 969/1152/707 965/1154/707 964/1155/707
f 966/1156/708 970/1151/708 968/1153/708 964/1157/708
f 971/1150/709 967/1158/709 965/1159/709 969/1152/709
f 972/1146/704 973/1147/704 975/1148/704 974/1149/704
f 974/1149/705 975/1148/705 979/1150/705 978/1151/705
f 978/1151/706 979/1150/706 977/1152/706 976/1153/706
f 976/1153/707 977/1152/707 973/1154/707 972/1155/707
f 974/1156/708 978/1151/708 976/1153/708 972/1157/708
f 979/1150/709 975/1158/709 973/1159/709 977/1152/709
f 980/1146/704 981/1147/704 983/1148/704 982/1149/704
f 982/1149/705 983/1148/705 987/1150/705 986/1151/705
f 986/1151/706 987/1150/706 985/1152/706 984/1153/706
f 984/1153/707 985/1152/707 981/1154/707 980/1155/707
f 982/1156/708 986/1151/708 984/1153/708 980/1157/708
f 987/1150/709 983/1158/709 981/1159/709 985/1152/709
o Cube.028
v -7.665138 0.642074 12.855407
v -7.665138 1.042074 12.855407
v -7.719456 0.642074 12.662924
v -7.719456 1.042074 12.662924
v -7.280173 0.642074 12.746771
v -7.280173 1.042074 12.746771
v -7.334491 0.642074 12.554288
v -7.334491 1.042074 12.554288
vn -0.9624 -0.0000 0.2716
vn -0.2716 -0.0000 -0.9624
vn 0.9624 -0.0000 -0.2716
vn 0.2716 -0.0000 0.9624
vn -0.0000 -1.0000 -0.0000
vn -0.0000 1.0000 -0.0000
vt 0.375000 0.000000
vt 0.625000 0.000000
vt 0.625000 0.250000
vt 0.375000 0.250000
vt 0.625000 0.500000
vt 0.375000 0.500000
vt 0.625000 0.750000
vt 0.375000 0.750000
vt 0.625000 1.000000
vt 0.375000 1.000000
vt 0.125000 0.500000
vt 0.125000 0.750000
vt 0.875000 0.500000
vt 0.875000 0.750000
s 0
f 988/1160/710 989/1161/710 991/1162/710 990/1163/710
f 990/1163/711 991/1162/711 995/1164/711 994/1165/711
f 994/1165/712 995/1164/712 993/1166/712 992/1167/712
f 992/1167/713 993/1166/713 989/1168/713 988/1169/713
f 990/1170/714 994/1165/714 992/1167/714 988/1171/714
f 995/1164/715 991/1172/715 989/1173/715 993/1166/715
o Cube.033
v -7.649649 4.052429 12.762768
v -4.125420 2.886481 11.272676
v -8.186600 2.139279 12.989799
v -4.662371 0.973331 11.499705
v -6.870780 4.052429 14.604877
v -3.346551 2.886481 13.114783
v -7.407731 2.139279 14.831906
v -3.883502 0.973331 13.341814
v -17.401052 2.549700 16.793297
v -9.309720 5.940455 13.417929
v -15.736488 -2.113673 16.098909
v -7.645155 1.277082 12.723541
v -16.631048 2.549700 18.639130
v -8.539716 5.940455 15.263761
v -14.966484 -2.113673 17.944740
v -6.875151 1.277082 14.569373
v 7.287578 4.052498 14.694521
v 3.771756 2.886515 13.184729
v 7.823268 2.139354 14.924552
v 4.307446 0.973371 13.414761
v 8.076744 4.052505 12.856800
v 4.560920 2.886523 11.347009
v 8.612434 2.139362 13.086832
v 5.096612 0.973379 11.577040
v 16.949053 2.549865 18.936127
v 8.909964 5.940540 15.438076
v 15.295292 -2.113525 18.216499
v 7.256201 1.277151 14.718451
v 17.747047 2.549873 17.102221
v 9.707956 5.940549 13.604170
v 16.093283 -2.113517 16.382593
v 8.054192 1.277159 12.884544
v 0.132469 4.052456 18.005959
v -0.235562 2.886494 14.197404
v 0.188553 2.139308 18.586235
v -0.179478 0.973346 14.777681
v 2.123196 4.052466 17.813585
v 1.755165 2.886504 14.005032
v 2.179280 2.139319 18.393862
v 1.811249 0.973356 14.585308
v 1.062553 2.549767 28.516434
v 0.261220 5.940489 19.785978
v 0.897730 -2.113613 26.720404
v 0.096396 1.277109 17.989948
v 3.054182 2.549777 28.333632
v 2.252847 5.940499 19.603178
v 2.889359 -2.113603 26.537605
v 2.088025 1.277119 17.807148
v -2.938477 4.052442 17.375076
v -1.760486 2.886487 13.734626
v -3.117948 2.139294 17.929741
v -1.939958 0.973339 14.289290
v -1.035617 4.052450 17.990808
v 0.142374 2.886495 14.350357
v -1.215088 2.139302 18.545473
v -0.037098 0.973347 14.905022
v -6.267884 2.549733 27.387577
v -3.528723 5.940472 19.059319
v -5.704361 -2.113643 25.674286
v -2.965200 1.277095 17.346029
v -4.368006 2.549741 28.012449
v -1.628846 5.940480 19.684191
v -3.804484 -2.113635 26.299160
v -1.065323 1.277103 17.970901
v 3.343755 4.052473 17.532570
v 1.612667 2.886503 14.120262
v 3.607519 2.139327 18.052473
v 1.876431 0.973357 14.640166
v 5.127365 4.052484 16.627728
v 3.396276 2.886514 13.215420
v 5.391128 2.139337 17.147633
v 3.660040 0.973367 13.735325
v 8.041367 2.549804 26.980724
v 4.112539 5.940510 19.143162
v 7.233160 -2.113580 25.368382
v 3.304332 1.277126 17.530817
v 9.829306 2.549815 26.084469
v 5.900478 5.940520 18.246906
v 9.021099 -2.113569 24.472122
v 5.092270 1.277136 16.634560
v 6.227939 4.052490 15.994938
v 3.205487 2.886512 13.648605
v 6.688459 2.139345 16.352428
v 3.666006 0.973367 14.006095
v 7.454364 4.052500 14.415102
v 4.431912 2.886521 12.068769
v 7.914883 2.139355 14.772591
v 4.892431 0.973377 12.426259
v 14.510292 2.549845 22.532364
v 7.610861 5.940531 17.123009
v 13.090977 -2.113542 21.419548
v 6.191546 1.277143 16.010193
v 15.744297 2.549855 20.958443
v 8.844868 5.940540 15.549088
v 14.324982 -2.113533 19.845625
v 7.425552 1.277152 14.436272
v -4.402561 4.052436 16.658253
v -2.518806 2.886484 13.327785
v -4.689565 2.139287 17.165688
v -2.805810 0.973335 13.835219
v -2.661729 4.052443 17.642887
v -0.777974 2.886491 14.312419
v -2.948733 2.139294 18.150322
v -1.064978 0.973342 14.819853
v -9.671249 2.549719 25.800243
v -5.318408 5.940465 18.190014
v -8.775763 -2.113656 24.234667
v -4.422921 1.277089 16.624435
v -7.935171 2.549726 26.793236
v -3.582330 5.940472 19.183004
v -7.039684 -2.113649 25.227657
v -2.686843 1.277096 17.617428
v -5.806194 4.052432 15.592151
v -3.283798 2.886482 12.714986
v -6.190503 2.139283 16.030519
v -3.668107 0.973333 13.153354
v -4.302303 4.052437 16.910603
v -1.779907 2.886487 14.033437
v -4.686612 2.139287 17.348970
v -2.164216 0.973337 14.471805
v -12.825876 2.549709 23.469913
v -7.014730 5.940459 16.905357
v -11.630388 -2.113666 22.119450
v -5.819243 1.277085 15.554893
v -11.328340 2.549713 24.795578
v -5.517196 5.940464 18.231022
v -10.132853 -2.113661 23.445114
v -4.321708 1.277090 16.880558
v -1.380377 4.052449 17.770557
v -0.903769 2.886491 13.974061
v -1.452984 2.139301 18.348997
v -0.976376 0.973343 14.552501
v 0.604047 4.052458 18.019676
v 1.080656 2.886500 14.223180
v 0.531440 2.139310 18.598118
v 1.008048 0.973352 14.801620
v -2.779159 2.549748 28.228977
v -1.645334 5.940480 19.535452
v -2.545884 -2.113631 26.440544
v -1.412059 1.277102 17.747021
v -0.795956 2.549757 28.487631
v 0.337869 5.940489 19.794107
v -0.562681 -2.113620 26.699200
v 0.571145 1.277111 18.005676
v 4.710709 4.052481 16.934280
v 2.281448 2.886507 13.978067
v 5.080848 2.139335 17.384691
v 2.651586 0.973361 14.428480
v 6.255917 4.052491 15.664504
v 3.826656 2.886517 12.708292
v 6.626056 2.139345 16.114916
v 4.196795 0.973371 13.158704
v 11.343727 2.549824 25.140270
v 5.810173 5.940519 18.340055
v 10.205399 -2.113561 23.741329
v 4.671844 1.277133 16.941113
v 12.895021 2.549835 23.877941
v 7.361467 5.940529 17.077724
v 11.756693 -2.113550 22.478996
v 6.223139 1.277144 15.678781
v -6.930492 4.052430 14.312210
v -3.940607 2.886482 11.924502
v -7.386029 2.139281 14.676003
v -4.396143 0.973332 12.288296
v -5.682441 4.052433 15.875018
v -2.692555 2.886485 13.487310
v -6.137977 2.139284 16.238811
v -3.148092 0.973335 13.851103
v -15.228403 2.549704 20.829857
v -8.351505 5.940457 15.391929
v -13.813669 -2.113671 19.711163
v -6.936773 1.277083 14.273233
v -13.987879 2.549706 22.398647
v -7.110981 5.940460 16.960718
v -12.573146 -2.113667 21.279953
v -5.696249 1.277086 15.842023
v 1.610271 4.052464 18.026476
v 0.516908 2.886497 14.359722
v 1.776867 2.139317 18.585148
v 0.683506 0.973350 14.918395
v 3.526878 4.052474 17.454975
v 2.433516 2.886508 13.788220
v 3.693475 2.139327 18.013645
v 2.600113 0.973361 14.346892
v 4.543652 2.549785 28.162079
v 2.078828 5.940498 19.748539
v 4.036619 -2.113598 26.431248
v 1.571794 1.277116 18.017704
v 6.462986 2.549795 27.599796
v 3.998161 5.940509 19.186256
v 5.955951 -2.113587 25.868965
v 3.491127 1.277127 17.455421
vn -0.3894 -0.0000 -0.9211
vn -0.2685 -0.9566 0.1135
vn 0.3894 -0.0000 0.9211
vn 0.2685 0.9566 -0.1135
vn -0.8811 0.2915 0.3725
vn 0.8811 -0.2915 -0.3725
vn -0.3850 -0.0000 -0.9229
vn 0.3329 -0.9327 -0.1389
vn 0.3850 -0.0000 0.9229
vn -0.3329 0.9327 0.1389
vn -0.8608 -0.3607 0.3591
vn 0.8608 0.3607 -0.3591
vn -0.3946 -0.0000 0.9189
vn 0.2678 -0.9566 0.1150
vn 0.3946 -0.0000 -0.9189
vn -0.2678 0.9566 -0.1150
vn 0.8790 0.2915 0.3774
vn -0.8790 -0.2915 -0.3774
vn -0.3990 -0.0000 0.9170
vn -0.3308 -0.9327 -0.1439
vn 0.3990 -0.0000 -0.9170
vn 0.3308 0.9327 0.1439
vn 0.8552 -0.3607 0.3721
vn -0.8552 0.3607 -0.3721
vn -0.9954 -0.0000 0.0962
vn 0.0280 -0.9566 0.2901
vn 0.9954 -0.0000 -0.0962
vn -0.0280 0.9566 -0.2901
vn 0.0920 0.2915 0.9521
vn -0.0920 -0.2915 -0.9521
vn -0.9958 -0.0000 0.0914
vn -0.0330 -0.9327 -0.3592
vn 0.9958 -0.0000 -0.0914
vn 0.0330 0.9327 0.3592
vn 0.0852 -0.3607 0.9288
vn -0.0852 0.3607 -0.9288
vn -0.9514 -0.0000 -0.3079
vn -0.0897 -0.9566 0.2773
vn 0.9514 -0.0000 0.3079
vn 0.0897 0.9566 -0.2773
vn -0.2945 0.2915 0.9101
vn 0.2945 -0.2915 -0.9101
vn -0.9499 -0.0000 -0.3124
vn 0.1127 -0.9327 -0.3427
vn 0.9499 -0.0000 0.3124
vn -0.1127 0.9327 0.3427
vn -0.2914 -0.3607 0.8860
vn 0.2914 0.3607 -0.8860
vn -0.8918 -0.0000 0.4524
vn 0.1319 -0.9566 0.2600
vn 0.8918 -0.0000 -0.4524
vn -0.1319 0.9566 -0.2600
vn 0.4328 0.2915 0.8531
vn -0.4328 -0.2915 -0.8531
vn -0.8940 -0.0000 0.4481
vn -0.1616 -0.9327 -0.3225
vn 0.8940 -0.0000 -0.4481
vn 0.1616 0.9327 0.3225
vn 0.4180 -0.3607 0.8338
vn -0.4180 0.3607 -0.8338
vn -0.6132 -0.0000 0.7899
vn 0.2303 -0.9566 0.1787
vn 0.6132 -0.0000 -0.7899
vn -0.2303 0.9566 -0.1787
vn 0.7556 0.2915 0.5866
vn -0.7556 -0.2915 -0.5866
vn -0.6170 -0.0000 0.7870
vn -0.2839 -0.9327 -0.2226
vn 0.6170 -0.0000 -0.7870
vn 0.2839 0.9327 0.2226
vn 0.7340 -0.3607 0.5755
vn -0.7340 0.3607 -0.5755
vn -0.8704 -0.0000 -0.4923
vn -0.1435 -0.9566 0.2537
vn 0.8704 -0.0000 0.4923
vn 0.1435 0.9566 -0.2537
vn -0.4709 0.2915 0.8326
vn 0.4709 -0.2915 -0.8326
vn -0.8680 -0.0000 -0.4965
vn 0.1791 -0.9327 -0.3131
vn 0.8680 -0.0000 0.4965
vn -0.1791 0.9327 0.3131
vn -0.4631 -0.3607 0.8096
vn 0.4631 0.3607 -0.8096
vn -0.7519 -0.0000 -0.6592
vn -0.1922 -0.9566 0.2192
vn 0.7519 -0.0000 0.6592
vn 0.1922 0.9566 -0.2192
vn -0.6306 0.2915 0.7193
vn 0.6306 -0.2915 -0.7193
vn -0.7488 -0.0000 -0.6628
vn 0.2391 -0.9327 -0.2701
vn 0.7488 -0.0000 0.6628
vn -0.2391 0.9327 0.2701
vn -0.6182 -0.3607 0.6984
vn 0.6182 0.3607 -0.6984
vn -0.9922 -0.0000 -0.1246
vn -0.0363 -0.9566 0.2892
vn 0.9922 -0.0000 0.1246
vn 0.0363 0.9566 -0.2892
vn -0.1192 0.2915 0.9491
vn 0.1192 -0.2915 -0.9491
vn -0.9916 -0.0000 -0.1293
vn 0.0467 -0.9327 -0.3577
vn 0.9916 -0.0000 0.1293
vn -0.0467 0.9327 0.3577
vn -0.1206 -0.3607 0.9248
vn 0.1206 0.3607 -0.9248
vn -0.7726 -0.0000 0.6349
vn 0.1851 -0.9566 0.2252
vn 0.7726 -0.0000 -0.6349
vn -0.1851 0.9566 -0.2252
vn 0.6073 0.2915 0.7391
vn -0.6073 -0.2915 -0.7391
vn -0.7756 -0.0000 0.6312
vn -0.2277 -0.9327 -0.2798
vn 0.7756 -0.0000 -0.6312
vn 0.2277 0.9327 0.2798
vn 0.5887 -0.3607 0.7234
vn -0.5887 0.3607 -0.7234
vn -0.6240 -0.0000 -0.7814
vn -0.2278 -0.9566 0.1819
vn 0.6240 -0.0000 0.7814
vn 0.2278 0.9566 -0.1819
vn -0.7475 0.2915 0.5969
vn 0.7475 -0.2915 -0.5969
vn -0.6203 -0.0000 -0.7844
vn 0.2829 -0.9327 -0.2237
vn 0.6203 -0.0000 0.7844
vn -0.2829 0.9327 0.2237
vn -0.7316 -0.3607 0.5785
vn 0.7316 0.3607 -0.5785
vn -0.9583 -0.0000 0.2858
vn 0.0833 -0.9566 0.2793
vn 0.9583 -0.0000 -0.2858
vn -0.0833 0.9566 -0.2793
vn 0.2733 0.2915 0.9167
vn -0.2733 -0.2915 -0.9167
vn -0.9597 -0.0000 0.2811
vn -0.1014 -0.9327 -0.3462
vn 0.9597 -0.0000 -0.2811
vn 0.1014 0.9327 0.3462
vn 0.2622 -0.3607 0.8951
vn -0.2622 0.3607 -0.8951
vt 0.375000 0.000000
vt 0.625000 0.000000
vt 0.625000 0.250000
vt 0.375000 0.250000
vt 0.625000 0.500000
vt 0.375000 0.500000
vt 0.625000 0.750000
vt 0.375000 0.750000
vt 0.625000 1.000000
vt 0.375000 1.000000
vt 0.125000 0.500000
vt 0.125000 0.750000
vt 0.875000 0.500000
vt 0.875000 0.750000
s 0
usemtl Material.055
f 996/1174/716 997/1175/716 999/1176/716 998/1177/716
f 998/1177/717 999/1176/717 1003/1178/717 1002/1179/717
f 1002/1179/718 1003/1178/718 1001/1180/718 1000/1181/718
f 1000/1181/719 1001/1180/719 997/1182/719 996/1183/719
f 998/1184/720 1002/1179/720 1000/1181/720 996/1185/720
f 1003/1178/721 999/1186/721 997/1187/721 1001/1180/721
f 1004/1174/722 1005/1175/722 1007/1176/722 1006/1177/722
f 1006/1177/723 1007/1176/723 1011/1178/723 1010/1179/723
f 1010/1179/724 1011/1178/724 1009/1180/724 1008/1181/724
f 1008/1181/725 1009/1180/725 1005/1182/725 1004/1183/725
f 1006/1184/726 1010/1179/726 1008/1181/726 1004/1185/726
f 1011/1178/727 1007/1186/727 1005/1187/727 1009/1180/727
f 1012/1174/728 1013/1175/728 1015/1176/728 1014/1177/728
f 1014/1177/729 1015/1176/729 1019/1178/729 1018/1179/729
f 1018/1179/730 1019/1178/730 1017/1180/730 1016/1181/730
f 1016/1181/731 1017/1180/731 1013/1182/731 1012/1183/731
f 1014/1184/732 1018/1179/732 1016/1181/732 1012/1185/732
f 1019/1178/733 1015/1186/733 1013/1187/733 1017/1180/733
f 1020/1174/734 1021/1175/734 1023/1176/734 1022/1177/734
f 1022/1177/735 1023/1176/735 1027/1178/735 1026/1179/735
f 1026/1179/736 1027/1178/736 1025/1180/736 1024/1181/736
f 1024/1181/737 1025/1180/737 1021/1182/737 1020/1183/737
f 1022/1184/738 1026/1179/738 1024/1181/738 1020/1185/738
f 1027/1178/739 1023/1186/739 1021/1187/739 1025/1180/739
f 1028/1174/740 1029/1175/740 1031/1176/740 1030/1177/740
f 1030/1177/741 1031/1176/741 1035/1178/741 1034/1179/741
f 1034/1179/742 1035/1178/742 1033/1180/742 1032/1181/742
f 1032/1181/743 1033/1180/743 1029/1182/743 1028/1183/743
f 1030/1184/744 1034/1179/744 1032/1181/744 1028/1185/744
f 1035/1178/745 1031/1186/745 1029/1187/745 1033/1180/745
f 1036/1174/746 1037/1175/746 1039/1176/746 1038/1177/746
f 1038/1177/747 1039/1176/747 1043/1178/747 1042/1179/747
f 1042/1179/748 1043/1178/748 1041/1180/748 1040/1181/748
f 1040/1181/749 1041/1180/749 1037/1182/749 1036/1183/749
f 1038/1184/750 1042/1179/750 1040/1181/750 1036/1185/750
f 1043/1178/751 1039/1186/751 1037/1187/751 1041/1180/751
f 1044/1174/752 1045/1175/752 1047/1176/752 1046/1177/752
f 1046/1177/753 1047/1176/753 1051/1178/753 1050/1179/753
f 1050/1179/754 1051/1178/754 1049/1180/754 1048/1181/754
f 1048/1181/755 1049/1180/755 1045/1182/755 1044/1183/755
f 1046/1184/756 1050/1179/756 1048/1181/756 1044/1185/756
f 1051/1178/757 1047/1186/757 1045/1187/757 1049/1180/757
f 1052/1174/758 1053/1175/758 1055/1176/758 1054/1177/758
f 1054/1177/759 1055/1176/759 1059/1178/759 1058/1179/759
f 1058/1179/760 1059/1178/760 1057/1180/760 1056/1181/760
f 1056/1181/761 1057/1180/761 1053/1182/761 1052/1183/761
f 1054/1184/762 1058/1179/762 1056/1181/762 1052/1185/762
f 1059/1178/763 1055/1186/763 1053/1187/763 1057/1180/763
f 1060/1174/764 1061/1175/764 1063/1176/764 1062/1177/764
f 1062/1177/765 1063/1176/765 1067/1178/765 1066/1179/765
f 1066/1179/766 1067/1178/766 1065/1180/766 1064/1181/766
f 1064/1181/767 1065/1180/767 1061/1182/767 1060/1183/767
f 1062/1184/768 1066/1179/768 1064/1181/768 1060/1185/768
f 1067/1178/769 1063/1186/769 1061/1187/769 1065/1180/769
f 1068/1174/770 1069/1175/770 1071/1176/770 1070/1177/770
f 1070/1177/771 1071/1176/771 1075/1178/771 1074/1179/771
f 1074/1179/772 1075/1178/772 1073/1180/772 1072/1181/772
f 1072/1181/773 1073/1180/773 1069/1182/773 1068/1183/773
f 1070/1184/774 1074/1179/774 1072/1181/774 1068/1185/774
f 1075/1178/775 1071/1186/775 1069/1187/775 1073/1180/775
f 1076/1174/776 1077/1175/776 1079/1176/776 1078/1177/776
f 1078/1177/777 1079/1176/777 1083/1178/777 1082/1179/777
f 1082/1179/778 1083/1178/778 1081/1180/778 1080/1181/778
f 1080/1181/779 1081/1180/779 1077/1182/779 1076/1183/779
f 1078/1184/780 1082/1179/780 1080/1181/780 1076/1185/780
f 1083/1178/781 1079/1186/781 1077/1187/781 1081/1180/781
f 1084/1174/782 1085/1175/782 1087/1176/782 1086/1177/782
f 1086/1177/783 1087/1176/783 1091/1178/783 1090/1179/783
f 1090/1179/784 1091/1178/784 1089/1180/784 1088/1181/784
f 1088/1181/785 1089/1180/785 1085/1182/785 1084/1183/785
f 1086/1184/786 1090/1179/786 1088/1181/786 1084/1185/786
f 1091/1178/787 1087/1186/787 1085/1187/787 1089/1180/787
f 1092/1174/788 1093/1175/788 1095/1176/788 1094/1177/788
f 1094/1177/789 1095/1176/789 1099/1178/789 1098/1179/789
f 1098/1179/790 1099/1178/790 1097/1180/790 1096/1181/790
f 1096/1181/791 1097/1180/791 1093/1182/791 1092/1183/791
f 1094/1184/792 1098/1179/792 1096/1181/792 1092/1185/792
f 1099/1178/793 1095/1186/793 1093/1187/793 1097/1180/793
f 1100/1174/794 1101/1175/794 1103/1176/794 1102/1177/794
f 1102/1177/795 1103/1176/795 1107/1178/795 1106/1179/795
f 1106/1179/796 1107/1178/796 1105/1180/796 1104/1181/796
f 1104/1181/797 1105/1180/797 1101/1182/797 1100/1183/797
f 1102/1184/798 1106/1179/798 1104/1181/798 1100/1185/798
f 1107/1178/799 1103/1186/799 1101/1187/799 1105/1180/799
f 1108/1174/800 1109/1175/800 1111/1176/800 1110/1177/800
f 1110/1177/801 1111/1176/801 1115/1178/801 1114/1179/801
f 1114/1179/802 1115/1178/802 1113/1180/802 1112/1181/802
f 1112/1181/803 1113/1180/803 1109/1182/803 1108/1183/803
f 1110/1184/804 1114/1179/804 1112/1181/804 1108/1185/804
f 1115/1178/805 1111/1186/805 1109/1187/805 1113/1180/805
f 1116/1174/806 1117/1175/806 1119/1176/806 1118/1177/806
f 1118/1177/807 1119/1176/807 1123/1178/807 1122/1179/807
f 1122/1179/808 1123/1178/808 1121/1180/808 1120/1181/808
f 1120/1181/809 1121/1180/809 1117/1182/809 1116/1183/809
f 1118/1184/810 1122/1179/810 1120/1181/810 1116/1185/810
f 1123/1178/811 1119/1186/811 1117/1187/811 1121/1180/811
f 1124/1174/812 1125/1175/812 1127/1176/812 1126/1177/812
f 1126/1177/813 1127/1176/813 1131/1178/813 1130/1179/813
f 1130/1179/814 1131/1178/814 1129/1180/814 1128/1181/814
f 1128/1181/815 1129/1180/815 1125/1182/815 1124/1183/815
f 1126/1184/816 1130/1179/816 1128/1181/816 1124/1185/816
f 1131/1178/817 1127/1186/817 1125/1187/817 1129/1180/817
f 1132/1174/818 1133/1175/818 1135/1176/818 1134/1177/818
f 1134/1177/819 1135/1176/819 1139/1178/819 1138/1179/819
f 1138/1179/820 1139/1178/820 1137/1180/820 1136/1181/820
f 1136/1181/821 1137/1180/821 1133/1182/821 1132/1183/821
f 1134/1184/822 1138/1179/822 1136/1181/822 1132/1185/822
f 1139/1178/823 1135/1186/823 1133/1187/823 1137/1180/823
f 1140/1174/824 1141/1175/824 1143/1176/824 1142/1177/824
f 1142/1177/825 1143/1176/825 1147/1178/825 1146/1179/825
f 1146/1179/826 1147/1178/826 1145/1180/826 1144/1181/826
f 1144/1181/827 1145/1180/827 1141/1182/827 1140/1183/827
f 1142/1184/828 1146/1179/828 1144/1181/828 1140/1185/828
f 1147/1178/829 1143/1186/829 1141/1187/829 1145/1180/829
f 1148/1174/830 1149/1175/830 1151/1176/830 1150/1177/830
f 1150/1177/831 1151/1176/831 1155/1178/831 1154/1179/831
f 1154/1179/832 1155/1178/832 1153/1180/832 1152/1181/832
f 1152/1181/833 1153/1180/833 1149/1182/833 1148/1183/833
f 1150/1184/834 1154/1179/834 1152/1181/834 1148/1185/834
f 1155/1178/835 1151/1186/835 1149/1187/835 1153/1180/835
f 1156/1174/836 1157/1175/836 1159/1176/836 1158/1177/836
f 1158/1177/837 1159/1176/837 1163/1178/837 1162/1179/837
f 1162/1179/838 1163/1178/838 1161/1180/838 1160/1181/838
f 1160/1181/839 1161/1180/839 1157/1182/839 1156/1183/839
f 1158/1184/840 1162/1179/840 1160/1181/840 1156/1185/840
f 1163/1178/841 1159/1186/841 1157/1187/841 1161/1180/841
f 1164/1174/842 1165/1175/842 1167/1176/842 1166/1177/842
f 1166/1177/843 1167/1176/843 1171/1178/843 1170/1179/843
f 1170/1179/844 1171/1178/844 1169/1180/844 1168/1181/844
f 1168/1181/845 1169/1180/845 1165/1182/845 1164/1183/845
f 1166/1184/846 1170/1179/846 1168/1181/846 1164/1185/846
f 1171/1178/847 1167/1186/847 1165/1187/847 1169/1180/847
f 1172/1174/848 1173/1175/848 1175/1176/848 1174/1177/848
f 1174/1177/849 1175/1176/849 1179/1178/849 1178/1179/849
f 1178/1179/850 1179/1178/850 1177/1180/850 1176/1181/850
f 1176/1181/851 1177/1180/851 1173/1182/851 1172/1183/851
f 1174/1184/852 1178/1179/852 1176/1181/852 1172/1185/852
f 1179/1178/853 1175/1186/853 1173/1187/853 1177/1180/853
f 1180/1174/854 1181/1175/854 1183/1176/854 1182/1177/854
f 1182/1177/855 1183/1176/855 1187/1178/855 1186/1179/855
f 1186/1179/856 1187/1178/856 1185/1180/856 1184/1181/856
f 1184/1181/857 1185/1180/857 1181/1182/857 1180/1183/857
f 1182/1184/858 1186/1179/858 1184/1181/858 1180/1185/858
f 1187/1178/859 1183/1186/859 1181/1187/859 1185/1180/859
o Cube.047
v 20.117306 1.880359 17.502668
v 20.184723 2.066133 17.533375
v 18.459330 1.880359 21.142876
v 18.526747 2.066133 21.173582
v 15.890700 3.732368 15.577608
v 15.958117 3.918142 15.608315
v 14.232722 3.732368 19.217815
v 14.300139 3.918142 19.248522
v -17.666868 1.880359 20.694500
v -17.734861 2.066133 20.723913
v -19.255026 1.880357 17.023293
v -19.323019 2.066133 17.052704
v -13.404268 3.732367 18.850506
v -13.472261 3.918142 18.879917
v -14.992426 3.732368 15.179299
v -15.060419 3.918142 15.208712
v -10.209742 1.880358 27.826180
v -10.251846 2.066133 27.887127
v -13.500748 1.880359 25.552578
v -13.542854 2.066133 25.613525
v -7.569883 3.732368 24.005024
v -7.611990 3.918142 24.065971
v -10.860891 3.732367 21.731421
v -10.902996 3.918142 21.792370
v -7.333981 1.880358 29.045181
v -7.362492 2.066132 29.113554
v -11.025869 1.880359 27.505714
v -11.054379 2.066131 27.574089
v -5.546522 3.732367 24.758564
v -5.575033 3.918142 24.826939
v -9.238413 3.732368 23.219099
v -9.266922 3.918141 23.287474
v 5.577443 1.880358 30.722843
v 5.580007 2.066133 30.796877
v 1.579839 1.880358 30.861263
v 1.582402 2.066133 30.935301
v 5.416723 3.732368 26.081264
v 5.419287 3.918142 26.155300
v 1.419119 3.732368 26.219687
v 1.421683 3.918142 26.293722
v 8.580041 1.880358 29.613377
v 8.602891 2.066133 29.683846
v 4.775070 1.880358 30.847155
v 4.797921 2.066133 30.917622
v 7.147516 3.732367 25.195465
v 7.170365 3.918141 25.265934
v 3.342546 3.732367 26.429241
v 3.365395 3.918142 26.499710
v 11.744226 1.880359 28.085552
v 11.774824 2.066133 28.153021
v 8.101351 1.880358 29.737659
v 8.131948 2.066133 29.805126
v 9.825983 3.732368 23.855850
v 9.856581 3.918142 23.923315
v 6.183107 3.732368 25.507956
v 6.213705 3.918142 25.575422
v 14.210706 1.880358 25.718582
v 14.259401 2.066133 25.774410
v 11.196289 1.880358 28.347897
v 11.244985 2.066133 28.403725
v 11.157837 3.732367 22.218576
v 11.206532 3.918142 22.274403
v 8.143421 3.732367 24.847889
v 8.192116 3.918141 24.903717
v -13.153126 1.880358 25.832794
v -13.204012 2.066134 25.886629
v -16.060083 1.880359 23.085140
v -16.110971 2.066133 23.138977
v -9.962852 3.732367 22.457558
v -10.013739 3.918143 22.511393
v -12.869810 3.732368 19.709904
v -12.920698 3.918143 19.763739
v -4.319197 1.880358 30.113674
v -4.343353 2.066133 30.183708
v -8.100590 1.880358 28.809425
v -8.124746 2.066133 28.879456
v -2.804846 3.732368 25.723139
v -2.829002 3.918143 25.793171
v -6.586241 3.732368 24.418888
v -6.610395 3.918142 24.488920
v -0.592237 1.880358 30.792233
v -0.608030 2.066132 30.864611
v -4.500319 1.880359 29.939632
v -4.516109 2.066133 30.012012
v 0.397705 3.732367 26.254602
v 0.381914 3.918142 26.326981
v -3.510374 3.732368 25.402004
v -3.526163 3.918142 25.474380
v 1.776508 1.880359 30.776287
v 1.770389 2.066133 30.850113
v -2.209816 1.880358 30.445824
v -2.215937 2.066133 30.519650
v 2.160210 3.732368 26.147808
v 2.154089 3.918142 26.221634
v -1.826117 3.732367 25.817341
v -1.832237 3.918142 25.891169
v 16.390577 1.880359 23.708292
v 16.440453 2.066133 23.763069
v 13.432947 1.880359 26.401325
v 13.482821 2.066133 26.456099
v 13.263728 3.732368 20.274218
v 13.313603 3.918142 20.328993
v 10.306097 3.732368 22.967249
v 10.355972 3.918142 23.022024
v -15.684172 1.880359 23.505947
v -15.745386 2.066134 23.547667
v -17.936850 1.880359 20.200581
v -17.998068 2.066133 20.242302
v -11.846346 3.732368 20.890385
v -11.907564 3.918142 20.932106
v -14.099026 3.732368 17.585018
v -14.160240 3.918142 17.626740
v 18.819414 1.880359 20.706030
v 18.876320 2.066133 20.753460
v 16.258461 1.880359 23.778736
v 16.315367 2.066133 23.826164
v 15.251727 3.732368 17.732534
v 15.308634 3.918142 17.779964
v 12.690773 3.732368 20.805241
v 12.747681 3.918142 20.852669
vn 0.8453 -0.3704 0.3850
vn -0.4145 -0.0000 0.9101
vn -0.8453 0.3704 -0.3850
vn 0.4145 -0.0000 -0.9101
vn -0.3371 -0.9289 -0.1535
vn 0.3371 0.9289 0.1535
vn -0.8525 -0.3704 0.3688
vn -0.3970 -0.0000 -0.9178
vn 0.8525 0.3704 -0.3688
vn 0.3970 -0.0000 0.9178
vn 0.3400 -0.9289 -0.1471
vn -0.3400 0.9289 0.1471
vn -0.5280 -0.3704 0.7642
vn -0.8228 -0.0000 -0.5684
vn 0.5280 0.3704 -0.7642
vn 0.8228 -0.0000 0.5684
vn 0.2105 -0.9289 -0.3047
vn -0.2105 0.9289 0.3047
vn -0.3575 -0.3704 0.8573
vn -0.9230 -0.0000 -0.3849
vn 0.3575 0.3704 -0.8573
vn 0.9230 -0.0000 0.3849
vn 0.1426 -0.9289 -0.3419
vn -0.1426 0.9289 0.3419
vn 0.0321 -0.3704 0.9283
vn -0.9994 -0.0000 0.0346
vn -0.0321 0.3704 -0.9283
vn 0.9994 -0.0000 -0.0346
vn -0.0128 -0.9289 -0.3702
vn 0.0128 0.9289 0.3702
vn 0.2865 -0.3704 0.8836
vn -0.9512 -0.0000 0.3084
vn -0.2865 0.3704 -0.8836
vn 0.9512 -0.0000 -0.3084
vn -0.1142 -0.9289 -0.3523
vn 0.1142 0.9289 0.3523
vn 0.3836 -0.3704 0.8459
vn -0.9107 -0.0000 0.4130
vn -0.3836 0.3704 -0.8459
vn 0.9107 -0.0000 -0.4130
vn -0.1530 -0.9289 -0.3373
vn 0.1530 0.9289 0.3373
vn 0.6106 -0.3704 0.7000
vn -0.7536 -0.0000 0.6573
vn -0.6106 0.3704 -0.7000
vn 0.7536 -0.0000 -0.6573
vn -0.2435 -0.9289 -0.2791
vn 0.2435 0.9289 0.2791
vn -0.6381 -0.3704 0.6751
vn -0.7267 -0.0000 -0.6869
vn 0.6381 0.3704 -0.6750
vn 0.7267 -0.0000 0.6869
vn 0.2544 -0.9289 -0.2692
vn -0.2544 0.9289 0.2692
vn -0.3029 -0.3704 0.8781
vn -0.9453 -0.0000 -0.3261
vn 0.3029 0.3704 -0.8781
vn 0.9453 -0.0000 0.3261
vn 0.1208 -0.9289 -0.3502
vn -0.1208 0.9289 0.3502
vn -0.1980 -0.3704 0.9075
vn -0.9770 -0.0000 -0.2132
vn 0.1980 0.3704 -0.9075
vn 0.9770 -0.0000 0.2131
vn 0.0790 -0.9289 -0.3619
vn -0.0790 0.9289 0.3619
vn -0.0767 -0.3704 0.9257
vn -0.9966 -0.0000 -0.0826
vn 0.0767 0.3704 -0.9257
vn 0.9966 -0.0000 0.0826
vn 0.0306 -0.9289 -0.3691
vn -0.0306 0.9289 0.3691
vn 0.6254 -0.3704 0.6868
vn -0.7394 -0.0000 0.6733
vn -0.6254 0.3704 -0.6868
vn 0.7394 -0.0000 -0.6733
vn -0.2494 -0.9289 -0.2739
vn 0.2494 0.9289 0.2739
vn -0.7676 -0.3704 0.5231
vn -0.5632 -0.0000 -0.8263
vn 0.7676 0.3704 -0.5231
vn 0.5632 -0.0000 0.8263
vn 0.3061 -0.9289 -0.2086
vn -0.3061 0.9289 0.2086
vn 0.7135 -0.3704 0.5947
vn -0.6402 -0.0000 0.7682
vn -0.7135 0.3704 -0.5947
vn 0.6402 -0.0000 -0.7682
vn -0.2845 -0.9289 -0.2371
vn 0.2845 0.9289 0.2371
vt 0.375000 0.000000
vt 0.625000 0.000000
vt 0.625000 0.250000
vt 0.375000 0.250000
vt 0.625000 0.500000
vt 0.375000 0.500000
vt 0.625000 0.750000
vt 0.375000 0.750000
vt 0.625000 1.000000
vt 0.375000 1.000000
vt 0.125000 0.500000
vt 0.125000 0.750000
vt 0.875000 0.500000
vt 0.875000 0.750000
s 0
usemtl Material.056
f 1188/1188/860 1189/1189/860 1191/1190/860 1190/1191/860
f 1190/1191/861 1191/1190/861 1195/1192/861 1194/1193/861
f 1194/1193/862 1195/1192/862 1193/1194/862 1192/1195/862
f 1192/1195/863 1193/1194/863 1189/1196/863 1188/1197/863
f 1190/1198/864 1194/1193/864 1192/1195/864 1188/1199/864
f 1195/1192/865 1191/1200/865 1189/1201/865 1193/1194/865
f 1196/1188/866 1197/1189/866 1199/1190/866 1198/1191/866
f 1198/1191/867 1199/1190/867 1203/1192/867 1202/1193/867
f 1202/1193/868 1203/1192/868 1201/1194/868 1200/1195/868
f 1200/1195/869 1201/1194/869 1197/1196/869 1196/1197/869
f 1198/1198/870 1202/1193/870 1200/1195/870 1196/1199/870
f 1203/1192/871 1199/1200/871 1197/1201/871 1201/1194/871
f 1204/1188/872 1205/1189/872 1207/1190/872 1206/1191/872
f 1206/1191/873 1207/1190/873 1211/1192/873 1210/1193/873
f 1210/1193/874 1211/1192/874 1209/1194/874 1208/1195/874
f 1208/1195/875 1209/1194/875 1205/1196/875 1204/1197/875
f 1206/1198/876 1210/1193/876 1208/1195/876 1204/1199/876
f 1211/1192/877 1207/1200/877 1205/1201/877 1209/1194/877
f 1212/1188/878 1213/1189/878 1215/1190/878 1214/1191/878
f 1214/1191/879 1215/1190/879 1219/1192/879 1218/1193/879
f 1218/1193/880 1219/1192/880 1217/1194/880 1216/1195/880
f 1216/1195/881 1217/1194/881 1213/1196/881 1212/1197/881
f 1214/1198/882 1218/1193/882 1216/1195/882 1212/1199/882
f 1219/1192/883 1215/1200/883 1213/1201/883 1217/1194/883
f 1220/1188/884 1221/1189/884 1223/1190/884 1222/1191/884
f 1222/1191/885 1223/1190/885 1227/1192/885 1226/1193/885
f 1226/1193/886 1227/1192/886 1225/1194/886 1224/1195/886
f 1224/1195/887 1225/1194/887 1221/1196/887 1220/1197/887
f 1222/1198/888 1226/1193/888 1224/1195/888 1220/1199/888
f 1227/1192/889 1223/1200/889 1221/1201/889 1225/1194/889
f 1228/1188/890 1229/1189/890 1231/1190/890 1230/1191/890
f 1230/1191/891 1231/1190/891 1235/1192/891 1234/1193/891
f 1234/1193/892 1235/1192/892 1233/1194/892 1232/1195/892
f 1232/1195/893 1233/1194/893 1229/1196/893 1228/1197/893
f 1230/1198/894 1234/1193/894 1232/1195/894 1228/1199/894
f 1235/1192/895 1231/1200/895 1229/1201/895 1233/1194/895
f 1236/1188/896 1237/1189/896 1239/1190/896 1238/1191/896
f 1238/1191/897 1239/1190/897 1243/1192/897 1242/1193/897
f 1242/1193/898 1243/1192/898 1241/1194/898 1240/1195/898
f 1240/1195/899 1241/1194/899 1237/1196/899 1236/1197/899
f 1238/1198/900 1242/1193/900 1240/1195/900 1236/1199/900
f 1243/1192/901 1239/1200/901 1237/1201/901 1241/1194/901
f 1244/1188/902 1245/1189/902 1247/1190/902 1246/1191/902
f 1246/1191/903 1247/1190/903 1251/1192/903 1250/1193/903
f 1250/1193/904 1251/1192/904 1249/1194/904 1248/1195/904
f 1248/1195/905 1249/1194/905 1245/1196/905 1244/1197/905
f 1246/1198/906 1250/1193/906 1248/1195/906 1244/1199/906
f 1251/1192/907 1247/1200/907 1245/1201/907 1249/1194/907
f 1252/1188/908 1253/1189/908 1255/1190/908 1254/1191/908
f 1254/1191/909 1255/1190/909 1259/1192/909 1258/1193/909
f 1258/1193/910 1259/1192/910 1257/1194/910 1256/1195/910
f 1256/1195/911 1257/1194/911 1253/1196/911 1252/1197/911
f 1254/1198/912 1258/1193/912 1256/1195/912 1252/1199/912
f 1259/1192/913 1255/1200/913 1253/1201/913 1257/1194/913
f 1260/1188/914 1261/1189/914 1263/1190/914 1262/1191/914
f 1262/1191/915 1263/1190/915 1267/1192/915 1266/1193/915
f 1266/1193/916 1267/1192/916 1265/1194/916 1264/1195/916
f 1264/1195/917 1265/1194/917 1261/1196/917 1260/1197/917
f 1262/1198/918 1266/1193/918 1264/1195/918 1260/1199/918
f 1267/1192/919 1263/1200/919 1261/1201/919 1265/1194/919
f 1268/1188/920 1269/1189/920 1271/1190/920 1270/1191/920
f 1270/1191/921 1271/1190/921 1275/1192/921 1274/1193/921
f 1274/1193/922 1275/1192/922 1273/1194/922 1272/1195/922
f 1272/1195/923 1273/1194/923 1269/1196/923 1268/1197/923
f 1270/1198/924 1274/1193/924 1272/1195/924 1268/1199/924
f 1275/1192/925 1271/1200/925 1269/1201/925 1273/1194/925
f 1276/1188/926 1277/1189/926 1279/1190/926 1278/1191/926
f 1278/1191/927 1279/1190/927 1283/1192/927 1282/1193/927
f 1282/1193/928 1283/1192/928 1281/1194/928 1280/1195/928
f 1280/1195/929 1281/1194/929 1277/1196/929 1276/1197/929
f 1278/1198/930 1282/1193/930 1280/1195/930 1276/1199/930
f 1283/1192/931 1279/1200/931 1277/1201/931 1281/1194/931
f 1284/1188/932 1285/1189/932 1287/1190/932 1286/1191/932
f 1286/1191/933 1287/1190/933 1291/1192/933 1290/1193/933
f 1290/1193/934 1291/1192/934 1289/1194/934 1288/1195/934
f 1288/1195/935 1289/1194/935 1285/1196/935 1284/1197/935
f 1286/1198/936 1290/1193/936 1288/1195/936 1284/1199/936
f 1291/1192/937 1287/1200/937 1285/1201/937 1289/1194/937
f 1292/1188/938 1293/1189/938 1295/1190/938 1294/1191/938
f 1294/1191/939 1295/1190/939 1299/1192/939 1298/1193/939
f 1298/1193/940 1299/1192/940 1297/1194/940 1296/1195/940
f 1296/1195/941 1297/1194/941 1293/1196/941 1292/1197/941
f 1294/1198/942 1298/1193/942 1296/1195/942 1292/1199/942
f 1299/1192/943 1295/1200/943 1293/1201/943 1297/1194/943
f 1300/1188/944 1301/1189/944 1303/1190/944 1302/1191/944
f 1302/1191/945 1303/1190/945 1307/1192/945 1306/1193/945
f 1306/1193/946 1307/1192/946 1305/1194/946 1304/1195/946
f 1304/1195/947 1305/1194/947 1301/1196/947 1300/1197/947
f 1302/1198/948 1306/1193/948 1304/1195/948 1300/1199/948
f 1307/1192/949 1303/1200/949 1301/1201/949 1305/1194/949
o Cube.053
v -4.882408 -0.005048 4.438640
v -4.882408 0.108232 4.438640
v -4.882408 -0.005048 2.543601
v -4.882408 0.108232 2.543601
v -4.755649 -0.005048 4.438640
v -4.755649 0.108232 4.438640
v -4.755649 -0.005048 2.543601
v -4.755649 0.108232 2.543601
vn -1.0000 -0.0000 -0.0000
vn -0.0000 -0.0000 -1.0000
vn 1.0000 -0.0000 -0.0000
vn -0.0000 -0.0000 1.0000
vn -0.0000 -1.0000 -0.0000
vn -0.0000 1.0000 -0.0000
vt 0.375000 0.000000
vt 0.625000 0.000000
vt 0.625000 0.250000
vt 0.375000 0.250000
vt 0.625000 0.500000
vt 0.375000 0.500000
vt 0.625000 0.750000
vt 0.375000 0.750000
vt 0.625000 1.000000
vt 0.375000 1.000000
vt 0.125000 0.500000
vt 0.125000 0.750000
vt 0.875000 0.500000
vt 0.875000 0.750000
s 0
usemtl Material.070
f 1308/1202/950 1309/1203/950 1311/1204/950 1310/1205/950
f 1310/1205/951 1311/1204/951 1315/1206/951 1314/1207/951
f 1314/1207/952 1315/1206/952 1313/1208/952 1312/1209/952
f 1312/1209/953 1313/1208/953 1309/1210/953 1308/1211/953
f 1310/1212/954 1314/1207/954 1312/1209/954 1308/1213/954
f 1315/1206/955 1311/1214/955 1309/1215/955 1313/1208/955
o Cube.056
v -4.753704 -0.022312 2.669570
v -4.753704 0.090968 2.669570
v -4.753704 -0.022312 2.542810
v -4.753704 0.090968 2.542810
v -4.094069 -0.022312 2.669570
v -4.094069 0.090968 2.669570
v -4.094069 -0.022312 2.542810
v -4.094069 0.090968 2.542810
vn -1.0000 -0.0000 -0.0000
vn -0.0000 -0.0000 -1.0000
vn 1.0000 -0.0000 -0.0000
vn -0.0000 -0.0000 1.0000
vn -0.0000 -1.0000 -0.0000
vn -0.0000 1.0000 -0.0000
vt 0.375000 0.000000
vt 0.625000 0.000000
vt 0.625000 0.250000
vt 0.375000 0.250000
vt 0.625000 0.500000
vt 0.375000 0.500000
vt 0.625000 0.750000
vt 0.375000 0.750000
vt 0.625000 1.000000
vt 0.375000 1.000000
vt 0.125000 0.500000
vt 0.125000 0.750000
vt 0.875000 0.500000
vt 0.875000 0.750000
s 0
usemtl Material.071
f 1316/1216/956 1317/1217/956 1319/1218/956 1318/1219/956
f 1318/1219/957 1319/1218/957 1323/1220/957 1322/1221/957
f 1322/1221/958 1323/1220/958 1321/1222/958 1320/1223/958
f 1320/1223/959 1321/1222/959 1317/1224/959 1316/1225/959
f 1318/1226/960 1322/1221/960 1320/1223/960 1316/1227/960
f 1323/1220/961 1319/1228/961 1317/1229/961 1321/1222/961
o Plane.091
v 33.301109 0.000000 -0.552958
v 33.301109 0.000000 -1.252958
v 32.901108 0.000000 -0.552958
v 32.901108 0.000000 -1.252958
v 33.301109 0.000000 -0.552958
v 33.301109 0.000000 -1.252958
v 33.301109 0.000000 -1.252958
v 33.301109 0.000000 -1.252958
v 33.301109 0.000000 -1.252958
v 33.301109 0.000000 -1.252958
v 33.955009 0.000000 -0.552958
v 33.955009 0.000000 -1.252958
v 33.555012 0.000000 -0.552958
v 33.555012 0.000000 -1.252958
v 33.955009 0.000000 -0.552958
v 33.955009 0.000000 -1.252958
v 33.955009 0.000000 -1.252958
v 33.955009 0.000000 -1.252958
v 33.955009 0.000000 -1.252958
v 33.955009 0.000000 -1.252958
vn -0.0000 1.0000 -0.0000
vt 0.000000 0.000000
vt 1.000000 0.000000
vt 1.000000 1.000000
vt 0.000000 1.000000
s 0
f 1324/1230/962 1325/1231/962 1327/1232/962 1326/1233/962
f 1325/1231/962 1324/1230/962 1328/1230/962 1329/1231/962
f 1325/1231/962 1329/1231/962 1331/1231/962 1330/1231/962
f 1330/1231/962 1331/1231/962 1333/1231/962 1332/1231/962
f 1334/1230/962 1335/1231/962 1337/1232/962 1336/1233/962
f 1335/1231/962 1334/1230/962 1338/1230/962 1339/1231/962
f 1335/1231/962 1339/1231/962 1341/1231/962 1340/1231/962
f 1340/1231/962 1341/1231/962 1343/1231/962 1342/1231/962
o Plane.090
v 33.325127 0.000000 1.319768
v 33.325127 0.000000 0.619768
v 32.925125 0.000000 1.319768
v 32.925125 0.000000 0.619768
v 33.325127 0.000000 1.319768
v 33.325127 0.000000 0.619768
v 33.325127 0.000000 0.619768
v 33.325127 0.000000 0.619768
v 33.325127 0.000000 0.619768
v 33.325127 0.000000 0.619768
v 33.979027 0.000000 1.319768
v 33.979027 0.000000 0.619768
v 33.579029 0.000000 1.319768
v 33.579029 0.000000 0.619768
v 33.979027 0.000000 1.319768
v 33.979027 0.000000 0.619768
v 33.979027 0.000000 0.619768
v 33.979027 0.000000 0.619768
v 33.979027 0.000000 0.619768
v 33.979027 0.000000 0.619768
vn -0.0000 1.0000 -0.0000
vt 0.000000 0.000000
vt 1.000000 0.000000
vt 1.000000 1.000000
vt 0.000000 1.000000
s 0
f 1344/1234/963 1345/1235/963 1347/1236/963 1346/1237/963
f 1345/1235/963 1344/1234/963 1348/1234/963 1349/1235/963
f 1345/1235/963 1349/1235/963 1351/1235/963 1350/1235/963
f 1350/1235/963 1351/1235/963 1353/1235/963 1352/1235/963
f 1354/1234/963 1355/1235/963 1357/1236/963 1356/1237/963
f 1355/1235/963 1354/1234/963 1358/1234/963 1359/1235/963
f 1355/1235/963 1359/1235/963 1361/1235/963 1360/1235/963
f 1360/1235/963 1361/1235/963 1363/1235/963 1362/1235/963
o Plane.092
v 33.343857 0.000000 3.242731
v 33.343857 0.000000 2.542732
v 32.943855 0.000000 3.242731
v 32.943855 0.000000 2.542732
v 33.343857 0.000000 3.242731
v 33.343857 0.000000 2.542732
v 33.343857 0.000000 2.542732
v 33.343857 0.000000 2.542732
v 33.343857 0.000000 2.542732
v 33.343857 0.000000 2.542732
v 33.997757 0.000000 3.242731
v 33.997757 0.000000 2.542732
v 33.597759 0.000000 3.242731
v 33.597759 0.000000 2.542732
v 33.997757 0.000000 3.242731
v 33.997757 0.000000 2.542732
v 33.997757 0.000000 2.542732
v 33.997757 0.000000 2.542732
v 33.997757 0.000000 2.542732
v 33.997757 0.000000 2.542732
vn -0.0000 1.0000 -0.0000
vt 0.000000 0.000000
vt 1.000000 0.000000
vt 1.000000 1.000000
vt 0.000000 1.000000
s 0
f 1364/1238/964 1365/1239/964 1367/1240/964 1366/1241/964
f 1365/1239/964 1364/1238/964 1368/1238/964 1369/1239/964
f 1365/1239/964 1369/1239/964 1371/1239/964 1370/1239/964
f 1370/1239/964 1371/1239/964 1373/1239/964 1372/1239/964
f 1374/1238/964 1375/1239/964 1377/1240/964 1376/1241/964
f 1375/1239/964 1374/1238/964 1378/1238/964 1379/1239/964
f 1375/1239/964 1379/1239/964 1381/1239/964 1380/1239/964
f 1380/1239/964 1381/1239/964 1383/1239/964 1382/1239/964
o Plane.093
v 33.359406 0.000000 5.200247
v 33.359406 0.000000 4.500247
v 32.959404 0.000000 5.200247
v 32.959404 0.000000 4.500247
v 33.359406 0.000000 5.200247
v 33.359406 0.000000 4.500247
v 33.359406 0.000000 4.500247
v 33.359406 0.000000 4.500247
v 33.359406 0.000000 4.500247
v 33.359406 0.000000 4.500247
v 34.013306 0.000000 5.200247
v 34.013306 0.000000 4.500247
v 33.613308 0.000000 5.200247
v 33.613308 0.000000 4.500247
v 34.013306 0.000000 5.200247
v 34.013306 0.000000 4.500247
v 34.013306 0.000000 4.500247
v 34.013306 0.000000 4.500247
v 34.013306 0.000000 4.500247
v 34.013306 0.000000 4.500247
vn -0.0000 1.0000 -0.0000
vt 0.000000 0.000000
vt 1.000000 0.000000
vt 1.000000 1.000000
vt 0.000000 1.000000
s 0
f 1384/1242/965 1385/1243/965 1387/1244/965 1386/1245/965
f 1385/1243/965 1384/1242/965 1388/1242/965 1389/1243/965
f 1385/1243/965 1389/1243/965 1391/1243/965 1390/1243/965
f 1390/1243/965 1391/1243/965 1393/1243/965 1392/1243/965
f 1394/1242/965 1395/1243/965 1397/1244/965 1396/1245/965
f 1395/1243/965 1394/1242/965 1398/1242/965 1399/1243/965
f 1395/1243/965 1399/1243/965 1401/1243/965 1400/1243/965
f 1400/1243/965 1401/1243/965 1403/1243/965 1402/1243/965
o Plane.094
v 33.332024 0.000000 7.165641
v 33.332024 0.000000 6.465641
v 32.932022 0.000000 7.165641
v 32.932022 0.000000 6.465641
v 33.332024 0.000000 7.165641
v 33.332024 0.000000 6.465641
v 33.332024 0.000000 6.465641
v 33.332024 0.000000 6.465641
v 33.332024 0.000000 6.465641
v 33.332024 0.000000 6.465641
v 33.985924 0.000000 7.165641
v 33.985924 0.000000 6.465641
v 33.585926 0.000000 7.165641
v 33.585926 0.000000 6.465641
v 33.985924 0.000000 7.165641
v 33.985924 0.000000 6.465641
v 33.985924 0.000000 6.465641
v 33.985924 0.000000 6.465641
v 33.985924 0.000000 6.465641
v 33.985924 0.000000 6.465641
vn -0.0000 1.0000 -0.0000
vt 0.000000 0.000000
vt 1.000000 0.000000
vt 1.000000 1.000000
vt 0.000000 1.000000
s 0
f 1404/1246/966 1405/1247/966 1407/1248/966 1406/1249/966
f 1405/1247/966 1404/1246/966 1408/1246/966 1409/1247/966
f 1405/1247/966 1409/1247/966 1411/1247/966 1410/1247/966
f 1410/1247/966 1411/1247/966 1413/1247/966 1412/1247/966
f 1414/1246/966 1415/1247/966 1417/1248/966 1416/1249/966
f 1415/1247/966 1414/1246/966 1418/1246/966 1419/1247/966
f 1415/1247/966 1419/1247/966 1421/1247/966 1420/1247/966
f 1420/1247/966 1421/1247/966 1423/1247/966 1422/1247/966
o Plane.095
v 33.355858 0.000000 9.122676
v 33.355858 0.000000 8.422675
v 32.955856 0.000000 9.122676
v 32.955856 0.000000 8.422675
v 33.355858 0.000000 9.122676
v 33.355858 0.000000 8.422675
v 33.355858 0.000000 8.422675
v 33.355858 0.000000 8.422675
v 33.355858 0.000000 8.422675
v 33.355858 0.000000 8.422675
v 34.009758 0.000000 9.122676
v 34.009758 0.000000 8.422675
v 33.609760 0.000000 9.122676
v 33.609760 0.000000 8.422675
v 34.009758 0.000000 9.122676
v 34.009758 0.000000 8.422675
v 34.009758 0.000000 8.422675
v 34.009758 0.000000 8.422675
v 34.009758 0.000000 8.422675
v 34.009758 0.000000 8.422675
vn -0.0000 1.0000 -0.0000
vt 0.000000 0.000000
vt 1.000000 0.000000
vt 1.000000 1.000000
vt 0.000000 1.000000
s 0
f 1424/1250/967 1425/1251/967 1427/1252/967 1426/1253/967
f 1425/1251/967 1424/1250/967 1428/1250/967 1429/1251/967
f 1425/1251/967 1429/1251/967 1431/1251/967 1430/1251/967
f 1430/1251/967 1431/1251/967 1433/1251/967 1432/1251/967
f 1434/1250/967 1435/1251/967 1437/1252/967 1436/1253/967
f 1435/1251/967 1434/1250/967 1438/1250/967 1439/1251/967
f 1435/1251/967 1439/1251/967 1441/1251/967 1440/1251/967
f 1440/1251/967 1441/1251/967 1443/1251/967 1442/1251/967
o Plane.097
v -17.816389 0.000000 12.231014
v -18.079317 0.000000 11.582271
v -18.187101 0.000000 12.381259
v -18.450029 0.000000 11.732515
v -17.816389 0.000000 12.231014
v -18.079317 0.000000 11.582271
v -18.079317 0.000000 11.582271
v -18.079317 0.000000 11.582271
v -18.079317 0.000000 11.582271
v -18.079317 0.000000 11.582271
v -17.210369 0.000000 11.985402
v -17.473297 0.000000 11.336658
v -17.581079 0.000000 12.135647
v -17.844007 0.000000 11.486902
v -17.210369 0.000000 11.985402
v -17.473297 0.000000 11.336658
v -17.473297 0.000000 11.336658
v -17.473297 0.000000 11.336658
v -17.473297 0.000000 11.336658
v -17.473297 0.000000 11.336658
v -17.452965 0.000000 13.137613
v -17.715893 0.000000 12.488870
v -17.823675 0.000000 13.287858
v -18.086603 0.000000 12.639113
v -17.452965 0.000000 13.137613
v -17.715893 0.000000 12.488870
v -17.715893 0.000000 12.488870
v -17.715893 0.000000 12.488870
v -17.715893 0.000000 12.488870
v -17.715893 0.000000 12.488870
v -16.846943 0.000000 12.892001
v -17.109871 0.000000 12.243257
v -17.217653 0.000000 13.042246
v -17.480581 0.000000 12.393501
v -16.846943 0.000000 12.892001
v -17.109871 0.000000 12.243257
v -17.109871 0.000000 12.243257
v -17.109871 0.000000 12.243257
v -17.109871 0.000000 12.243257
v -17.109871 0.000000 12.243257
vn -0.0000 1.0000 -0.0000
vt 0.000000 0.000000
vt 1.000000 0.000000
vt 1.000000 1.000000
vt 0.000000 1.000000
s 0
f 1444/1254/968 1445/1255/968 1447/1256/968 1446/1257/968
f 1445/1255/968 1444/1254/968 1448/1254/968 1449/1255/968
f 1445/1255/968 1449/1255/968 1451/1255/968 1450/1255/968
f 1450/1255/968 1451/1255/968 1453/1255/968 1452/1255/968
f 1454/1254/968 1455/1255/968 1457/1256/968 1456/1257/968
f 1455/1255/968 1454/1254/968 1458/1254/968 1459/1255/968
f 1455/1255/968 1459/1255/968 1461/1255/968 1460/1255/968
f 1460/1255/968 1461/1255/968 1463/1255/968 1462/1255/968
f 1464/1254/968 1465/1255/968 1467/1256/968 1466/1257/968
f 1465/1255/968 1464/1254/968 1468/1254/968 1469/1255/968
f 1465/1255/968 1469/1255/968 1471/1255/968 1470/1255/968
f 1470/1255/968 1471/1255/968 1473/1255/968 1472/1255/968
f 1474/1254/968 1475/1255/968 1477/1256/968 1476/1257/968
f 1475/1255/968 1474/1254/968 1478/1254/968 1479/1255/968
f 1475/1255/968 1479/1255/968 1481/1255/968 1480/1255/968
f 1480/1255/968 1481/1255/968 1483/1255/968 1482/1255/968
o Plane.096
v -19.227404 0.000000 8.598168
v -19.490332 0.000000 7.949425
v -19.598116 0.000000 8.748413
v -19.861044 0.000000 8.099669
v -19.227404 0.000000 8.598168
v -19.490332 0.000000 7.949425
v -19.490332 0.000000 7.949425
v -19.490332 0.000000 7.949425
v -19.490332 0.000000 7.949425
v -19.490332 0.000000 7.949425
v -18.621384 0.000000 8.352556
v -18.884312 0.000000 7.703812
v -18.992094 0.000000 8.502801
v -19.255022 0.000000 7.854056
v -18.621384 0.000000 8.352556
v -18.884312 0.000000 7.703812
v -18.884312 0.000000 7.703812
v -18.884312 0.000000 7.703812
v -18.884312 0.000000 7.703812
v -18.884312 0.000000 7.703812
v -18.863979 0.000000 9.504767
v -19.126907 0.000000 8.856024
v -19.234690 0.000000 9.655012
v -19.497618 0.000000 9.006268
v -18.863979 0.000000 9.504767
v -19.126907 0.000000 8.856024
v -19.126907 0.000000 8.856024
v -19.126907 0.000000 8.856024
v -19.126907 0.000000 8.856024
v -19.126907 0.000000 8.856024
v -18.257957 0.000000 9.259155
v -18.520885 0.000000 8.610411
v -18.628668 0.000000 9.409399
v -18.891596 0.000000 8.760655
v -18.257957 0.000000 9.259155
v -18.520885 0.000000 8.610411
v -18.520885 0.000000 8.610411
v -18.520885 0.000000 8.610411
v -18.520885 0.000000 8.610411
v -18.520885 0.000000 8.610411
vn -0.0000 1.0000 -0.0000
vt 0.000000 0.000000
vt 1.000000 0.000000
vt 1.000000 1.000000
vt 0.000000 1.000000
s 0
f 1484/1258/969 1485/1259/969 1487/1260/969 1486/1261/969
f 1485/1259/969 1484/1258/969 1488/1258/969 1489/1259/969
f 1485/1259/969 1489/1259/969 1491/1259/969 1490/1259/969
f 1490/1259/969 1491/1259/969 1493/1259/969 1492/1259/969
f 1494/1258/969 1495/1259/969 1497/1260/969 1496/1261/969
f 1495/1259/969 1494/1258/969 1498/1258/969 1499/1259/969
f 1495/1259/969 1499/1259/969 1501/1259/969 1500/1259/969
f 1500/1259/969 1501/1259/969 1503/1259/969 1502/1259/969
f 1504/1258/969 1505/1259/969 1507/1260/969 1506/1261/969
f 1505/1259/969 1504/1258/969 1508/1258/969 1509/1259/969
f 1505/1259/969 1509/1259/969 1511/1259/969 1510/1259/969
f 1510/1259/969 1511/1259/969 1513/1259/969 1512/1259/969
f 1514/1258/969 1515/1259/969 1517/1260/969 1516/1261/969
f 1515/1259/969 1514/1258/969 1518/1258/969 1519/1259/969
f 1515/1259/969 1519/1259/969 1521/1259/969 1520/1259/969
f 1520/1259/969 1521/1259/969 1523/1259/969 1522/1259/969
o Plane.098
v -20.575905 0.000000 4.960886
v -20.838833 0.000000 4.312141
v -20.946617 0.000000 5.111130
v -21.209545 0.000000 4.462386
v -20.575905 0.000000 4.960886
v -20.838833 0.000000 4.312141
v -20.838833 0.000000 4.312141
v -20.838833 0.000000 4.312141
v -20.838833 0.000000 4.312141
v -20.838833 0.000000 4.312141
v -19.969885 0.000000 4.715273
v -20.232813 0.000000 4.066529
v -20.340595 0.000000 4.865517
v -20.603523 0.000000 4.216773
v -19.969885 0.000000 4.715273
v -20.232813 0.000000 4.066529
v -20.232813 0.000000 4.066529
v -20.232813 0.000000 4.066529
v -20.232813 0.000000 4.066529
v -20.232813 0.000000 4.066529
v -20.212481 0.000000 5.867484
v -20.475409 0.000000 5.218740
v -20.583191 0.000000 6.017729
v -20.846119 0.000000 5.368985
v -20.212481 0.000000 5.867484
v -20.475409 0.000000 5.218740
v -20.475409 0.000000 5.218740
v -20.475409 0.000000 5.218740
v -20.475409 0.000000 5.218740
v -20.475409 0.000000 5.218740
v -19.606459 0.000000 5.621872
v -19.869387 0.000000 4.973127
v -19.977169 0.000000 5.772116
v -20.240097 0.000000 5.123372
v -19.606459 0.000000 5.621872
v -19.869387 0.000000 4.973127
v -19.869387 0.000000 4.973127
v -19.869387 0.000000 4.973127
v -19.869387 0.000000 4.973127
v -19.869387 0.000000 4.973127
vn -0.0000 1.0000 -0.0000
vt 0.000000 0.000000
vt 1.000000 0.000000
vt 1.000000 1.000000
vt 0.000000 1.000000
s 0
f 1524/1262/970 1525/1263/970 1527/1264/970 1526/1265/970
f 1525/1263/970 1524/1262/970 1528/1262/970 1529/1263/970
f 1525/1263/970 1529/1263/970 1531/1263/970 1530/1263/970
f 1530/1263/970 1531/1263/970 1533/1263/970 1532/1263/970
f 1534/1262/970 1535/1263/970 1537/1264/970 1536/1265/970
f 1535/1263/970 1534/1262/970 1538/1262/970 1539/1263/970
f 1535/1263/970 1539/1263/970 1541/1263/970 1540/1263/970
f 1540/1263/970 1541/1263/970 1543/1263/970 1542/1263/970
f 1544/1262/970 1545/1263/970 1547/1264/970 1546/1265/970
f 1545/1263/970 1544/1262/970 1548/1262/970 1549/1263/970
f 1545/1263/970 1549/1263/970 1551/1263/970 1550/1263/970
f 1550/1263/970 1551/1263/970 1553/1263/970 1552/1263/970
f 1554/1262/970 1555/1263/970 1557/1264/970 1556/1265/970
f 1555/1263/970 1554/1262/970 1558/1262/970 1559/1263/970
f 1555/1263/970 1559/1263/970 1561/1263/970 1560/1263/970
f 1560/1263/970 1561/1263/970 1563/1263/970 1562/1263/970
o Plane.099
v -22.023453 0.000000 1.380469
v -22.286381 0.000000 0.731724
v -22.394165 0.000000 1.530713
v -22.657093 0.000000 0.881969
v -22.023453 0.000000 1.380469
v -22.286381 0.000000 0.731724
v -22.286381 0.000000 0.731724
v -22.286381 0.000000 0.731724
v -22.286381 0.000000 0.731724
v -22.286381 0.000000 0.731724
v -21.417433 0.000000 1.134856
v -21.680361 0.000000 0.486112
v -21.788143 0.000000 1.285100
v -22.051071 0.000000 0.636356
v -21.417433 0.000000 1.134856
v -21.680361 0.000000 0.486112
v -21.680361 0.000000 0.486112
v -21.680361 0.000000 0.486112
v -21.680361 0.000000 0.486112
v -21.680361 0.000000 0.486112
v -21.660028 0.000000 2.287067
v -21.922956 0.000000 1.638323
v -22.030739 0.000000 2.437312
v -22.293667 0.000000 1.788568
v -21.660028 0.000000 2.287067
v -21.922956 0.000000 1.638323
v -21.922956 0.000000 1.638323
v -21.922956 0.000000 1.638323
v -21.922956 0.000000 1.638323
v -21.922956 0.000000 1.638323
v -21.054007 0.000000 2.041455
v -21.316935 0.000000 1.392711
v -21.424717 0.000000 2.191699
v -21.687645 0.000000 1.542955
v -21.054007 0.000000 2.041455
v -21.316935 0.000000 1.392711
v -21.316935 0.000000 1.392711
v -21.316935 0.000000 1.392711
v -21.316935 0.000000 1.392711
v -21.316935 0.000000 1.392711
vn -0.0000 1.0000 -0.0000
vt 0.000000 0.000000
vt 1.000000 0.000000
vt 1.000000 1.000000
vt 0.000000 1.000000
s 0
f 1564/1266/971 1565/1267/971 1567/1268/971 1566/1269/971
f 1565/1267/971 1564/1266/971 1568/1266/971 1569/1267/971
f 1565/1267/971 1569/1267/971 1571/1267/971 1570/1267/971
f 1570/1267/971 1571/1267/971 1573/1267/971 1572/1267/971
f 1574/1266/971 1575/1267/971 1577/1268/971 1576/1269/971
f 1575/1267/971 1574/1266/971 1578/1266/971 1579/1267/971
f 1575/1267/971 1579/1267/971 1581/1267/971 1580/1267/971
f 1580/1267/971 1581/1267/971 1583/1267/971 1582/1267/971
f 1584/1266/971 1585/1267/971 1587/1268/971 1586/1269/971
f 1585/1267/971 1584/1266/971 1588/1266/971 1589/1267/971
f 1585/1267/971 1589/1267/971 1591/1267/971 1590/1267/971
f 1590/1267/971 1591/1267/971 1593/1267/971 1592/1267/971
f 1594/1266/971 1595/1267/971 1597/1268/971 1596/1269/971
f 1595/1267/971 1594/1266/971 1598/1266/971 1599/1267/971
f 1595/1267/971 1599/1267/971 1601/1267/971 1600/1267/971
f 1600/1267/971 1601/1267/971 1603/1267/971 1602/1267/971
o Plane.100
v 9.826275 0.000000 52.268433
v 9.320675 0.000000 50.962917
v 9.080267 0.000000 52.557346
v 8.574667 0.000000 51.251831
v 9.826275 0.000000 52.268433
v 9.320675 0.000000 50.962917
v 9.320675 0.000000 50.962917
v 9.320675 0.000000 50.962917
v 9.320675 0.000000 50.962917
v 9.320675 0.000000 50.962917
v 11.045815 0.000000 51.796127
v 10.540215 0.000000 50.490612
v 10.299807 0.000000 52.085041
v 9.794207 0.000000 50.779530
v 11.045815 0.000000 51.796127
v 10.540215 0.000000 50.490612
v 10.540215 0.000000 50.490612
v 10.540215 0.000000 50.490612
v 10.540215 0.000000 50.490612
v 10.540215 0.000000 50.490612
v 10.524820 0.000000 54.092720
v 10.019220 0.000000 52.787209
v 9.778812 0.000000 54.381638
v 9.273212 0.000000 53.076122
v 10.524820 0.000000 54.092720
v 10.019220 0.000000 52.787209
v 10.019220 0.000000 52.787209
v 10.019220 0.000000 52.787209
v 10.019220 0.000000 52.787209
v 10.019220 0.000000 52.787209
v 11.744361 0.000000 53.620419
v 11.238761 0.000000 52.314903
v 10.998353 0.000000 53.909332
v 10.492753 0.000000 52.603817
v 11.744361 0.000000 53.620419
v 11.238761 0.000000 52.314903
v 11.238761 0.000000 52.314903
v 11.238761 0.000000 52.314903
v 11.238761 0.000000 52.314903
v 11.238761 0.000000 52.314903
vn -0.0000 1.0000 -0.0000
vt 0.000000 0.000000
vt 1.000000 0.000000
vt 1.000000 1.000000
vt 0.000000 1.000000
s 0
f 1604/1270/972 1605/1271/972 1607/1272/972 1606/1273/972
f 1605/1271/972 1604/1270/972 1608/1270/972 1609/1271/972
f 1605/1271/972 1609/1271/972 1611/1271/972 1610/1271/972
f 1610/1271/972 1611/1271/972 1613/1271/972 1612/1271/972
f 1614/1270/972 1615/1271/972 1617/1272/972 1616/1273/972
f 1615/1271/972 1614/1270/972 1618/1270/972 1619/1271/972
f 1615/1271/972 1619/1271/972 1621/1271/972 1620/1271/972
f 1620/1271/972 1621/1271/972 1623/1271/972 1622/1271/972
f 1624/1270/972 1625/1271/972 1627/1272/972 1626/1273/972
f 1625/1271/972 1624/1270/972 1628/1270/972 1629/1271/972
f 1625/1271/972 1629/1271/972 1631/1271/972 1630/1271/972
f 1630/1271/972 1631/1271/972 1633/1271/972 1632/1271/972
f 1634/1270/972 1635/1271/972 1637/1272/972 1636/1273/972
f 1635/1271/972 1634/1270/972 1638/1270/972 1639/1271/972
f 1635/1271/972 1639/1271/972 1641/1271/972 1640/1271/972
f 1640/1271/972 1641/1271/972 1643/1271/972 1642/1271/972
o Plane.101
v 8.410523 0.000000 48.558990
v 7.904923 0.000000 47.253475
v 7.664515 0.000000 48.847904
v 7.158916 0.000000 47.542389
v 8.410523 0.000000 48.558990
v 7.904923 0.000000 47.253475
v 7.904923 0.000000 47.253475
v 7.904923 0.000000 47.253475
v 7.904923 0.000000 47.253475
v 7.904923 0.000000 47.253475
v 9.630064 0.000000 48.086685
v 9.124464 0.000000 46.781170
v 8.884056 0.000000 48.375599
v 8.378456 0.000000 47.070087
v 9.630064 0.000000 48.086685
v 9.124464 0.000000 46.781170
v 9.124464 0.000000 46.781170
v 9.124464 0.000000 46.781170
v 9.124464 0.000000 46.781170
v 9.124464 0.000000 46.781170
v 9.109070 0.000000 50.383278
v 8.603469 0.000000 49.077766
v 8.363061 0.000000 50.672195
v 7.857461 0.000000 49.366680
v 9.109070 0.000000 50.383278
v 8.603469 0.000000 49.077766
v 8.603469 0.000000 49.077766
v 8.603469 0.000000 49.077766
v 8.603469 0.000000 49.077766
v 8.603469 0.000000 49.077766
v 10.328609 0.000000 49.910976
v 9.823009 0.000000 48.605461
v 9.582602 0.000000 50.199890
v 9.077002 0.000000 48.894375
v 10.328609 0.000000 49.910976
v 9.823009 0.000000 48.605461
v 9.823009 0.000000 48.605461
v 9.823009 0.000000 48.605461
v 9.823009 0.000000 48.605461
v 9.823009 0.000000 48.605461
vn -0.0000 1.0000 -0.0000
vt 0.000000 0.000000
vt 1.000000 0.000000
vt 1.000000 1.000000
vt 0.000000 1.000000
s 0
f 1644/1274/973 1645/1275/973 1647/1276/973 1646/1277/973
f 1645/1275/973 1644/1274/973 1648/1274/973 1649/1275/973
f 1645/1275/973 1649/1275/973 1651/1275/973 1650/1275/973
f 1650/1275/973 1651/1275/973 1653/1275/973 1652/1275/973
f 1654/1274/973 1655/1275/973 1657/1276/973 1656/1277/973
f 1655/1275/973 1654/1274/973 1658/1274/973 1659/1275/973
f 1655/1275/973 1659/1275/973 1661/1275/973 1660/1275/973
f 1660/1275/973 1661/1275/973 1663/1275/973 1662/1275/973
f 1664/1274/973 1665/1275/973 1667/1276/973 1666/1277/973
f 1665/1275/973 1664/1274/973 1668/1274/973 1669/1275/973
f 1665/1275/973 1669/1275/973 1671/1275/973 1670/1275/973
f 1670/1275/973 1671/1275/973 1673/1275/973 1672/1275/973
f 1674/1274/973 1675/1275/973 1677/1276/973 1676/1277/973
f 1675/1275/973 1674/1274/973 1678/1274/973 1679/1275/973
f 1675/1275/973 1679/1275/973 1681/1275/973 1680/1275/973
f 1680/1275/973 1681/1275/973 1683/1275/973 1682/1275/973
o Plane.102
v 7.100225 0.000000 44.993412
v 6.594625 0.000000 43.687897
v 6.354218 0.000000 45.282326
v 5.848618 0.000000 43.976810
v 7.100225 0.000000 44.993412
v 6.594625 0.000000 43.687897
v 6.594625 0.000000 43.687897
v 6.594625 0.000000 43.687897
v 6.594625 0.000000 43.687897
v 6.594625 0.000000 43.687897
v 8.319766 0.000000 44.521107
v 7.814166 0.000000 43.215591
v 7.573758 0.000000 44.810020
v 7.068158 0.000000 43.504509
v 8.319766 0.000000 44.521107
v 7.814166 0.000000 43.215591
v 7.814166 0.000000 43.215591
v 7.814166 0.000000 43.215591
v 7.814166 0.000000 43.215591
v 7.814166 0.000000 43.215591
v 7.798771 0.000000 46.817699
v 7.293171 0.000000 45.512188
v 7.052763 0.000000 47.106617
v 6.547163 0.000000 45.801102
v 7.798771 0.000000 46.817699
v 7.293171 0.000000 45.512188
v 7.293171 0.000000 45.512188
v 7.293171 0.000000 45.512188
v 7.293171 0.000000 45.512188
v 7.293171 0.000000 45.512188
v 9.018312 0.000000 46.345398
v 8.512712 0.000000 45.039883
v 8.272304 0.000000 46.634312
v 7.766704 0.000000 45.328796
v 9.018312 0.000000 46.345398
v 8.512712 0.000000 45.039883
v 8.512712 0.000000 45.039883
v 8.512712 0.000000 45.039883
v 8.512712 0.000000 45.039883
v 8.512712 0.000000 45.039883
vn -0.0000 1.0000 -0.0000
vt 0.000000 0.000000
vt 1.000000 0.000000
vt 1.000000 1.000000
vt 0.000000 1.000000
s 0
f 1684/1278/974 1685/1279/974 1687/1280/974 1686/1281/974
f 1685/1279/974 1684/1278/974 1688/1278/974 1689/1279/974
f 1685/1279/974 1689/1279/974 1691/1279/974 1690/1279/974
f 1690/1279/974 1691/1279/974 1693/1279/974 1692/1279/974
f 1694/1278/974 1695/1279/974 1697/1280/974 1696/1281/974
f 1695/1279/974 1694/1278/974 1698/1278/974 1699/1279/974
f 1695/1279/974 1699/1279/974 1701/1279/974 1700/1279/974
f 1700/1279/974 1701/1279/974 1703/1279/974 1702/1279/974
f 1704/1278/974 1705/1279/974 1707/1280/974 1706/1281/974
f 1705/1279/974 1704/1278/974 1708/1278/974 1709/1279/974
f 1705/1279/974 1709/1279/974 1711/1279/974 1710/1279/974
f 1710/1279/974 1711/1279/974 1713/1279/974 1712/1279/974
f 1714/1278/974 1715/1279/974 1717/1280/974 1716/1281/974
f 1715/1279/974 1714/1278/974 1718/1278/974 1719/1279/974
f 1715/1279/974 1719/1279/974 1721/1279/974 1720/1279/974
f 1720/1279/974 1721/1279/974 1723/1279/974 1722/1279/974
o Plane.104
v 6.442226 0.000000 43.176407
v 6.027307 0.000000 41.839306
v 5.678168 0.000000 43.413502
v 5.263249 0.000000 42.076401
v 6.442226 0.000000 43.176407
v 6.027307 0.000000 41.839306
v 6.027307 0.000000 41.839306
v 6.027307 0.000000 41.839306
v 6.027307 0.000000 41.839306
v 6.027307 0.000000 41.839306
v 7.691274 0.000000 42.788811
v 7.276355 0.000000 41.451710
v 6.927216 0.000000 43.025909
v 6.512297 0.000000 41.688805
v 7.691274 0.000000 42.788811
v 7.276355 0.000000 41.451710
v 7.276355 0.000000 41.451710
v 7.276355 0.000000 41.451710
v 7.276355 0.000000 41.451710
v 7.276355 0.000000 41.451710
vn -0.0000 1.0000 -0.0000
vt 0.000000 0.000000
vt 1.000000 0.000000
vt 1.000000 1.000000
vt 0.000000 1.000000
s 0
f 1724/1282/975 1725/1283/975 1727/1284/975 1726/1285/975
f 1725/1283/975 1724/1282/975 1728/1282/975 1729/1283/975
f 1725/1283/975 1729/1283/975 1731/1283/975 1730/1283/975
f 1730/1283/975 1731/1283/975 1733/1283/975 1732/1283/975
f 1734/1282/975 1735/1283/975 1737/1284/975 1736/1285/975
f 1735/1283/975 1734/1282/975 1738/1282/975 1739/1283/975
f 1735/1283/975 1739/1283/975 1741/1283/975 1740/1283/975
f 1740/1283/975 1741/1283/975 1743/1283/975 1742/1283/975
o Plane.057
v -21.354559 0.000000 3.223142
v -21.617487 0.000000 2.574398
v -21.725271 0.000000 3.373386
v -21.988199 0.000000 2.724642
v -21.354559 0.000000 3.223142
v -21.617487 0.000000 2.574398
v -21.617487 0.000000 2.574398
v -21.617487 0.000000 2.574398
v -21.617487 0.000000 2.574398
v -21.617487 0.000000 2.574398
v -20.748539 0.000000 2.977530
v -21.011467 0.000000 2.328785
v -21.119249 0.000000 3.127774
v -21.382177 0.000000 2.479030
v -20.748539 0.000000 2.977530
v -21.011467 0.000000 2.328785
v -21.011467 0.000000 2.328785
v -21.011467 0.000000 2.328785
v -21.011467 0.000000 2.328785
v -21.011467 0.000000 2.328785
v -20.991135 0.000000 4.129741
v -21.254063 0.000000 3.480997
v -21.361845 0.000000 4.279985
v -21.624773 0.000000 3.631241
v -20.991135 0.000000 4.129741
v -21.254063 0.000000 3.480997
v -21.254063 0.000000 3.480997
v -21.254063 0.000000 3.480997
v -21.254063 0.000000 3.480997
v -21.254063 0.000000 3.480997
v -20.385113 0.000000 3.884128
v -20.648041 0.000000 3.235384
v -20.755823 0.000000 4.034373
v -21.018751 0.000000 3.385628
v -20.385113 0.000000 3.884128
v -20.648041 0.000000 3.235384
v -20.648041 0.000000 3.235384
v -20.648041 0.000000 3.235384
v -20.648041 0.000000 3.235384
v -20.648041 0.000000 3.235384
vn -0.0000 1.0000 -0.0000
vt 0.000000 0.000000
vt 1.000000 0.000000
vt 1.000000 1.000000
vt 0.000000 1.000000
s 0
f 1744/1286/976 1745/1287/976 1747/1288/976 1746/1289/976
f 1745/1287/976 1744/1286/976 1748/1286/976 1749/1287/976
f 1745/1287/976 1749/1287/976 1751/1287/976 1750/1287/976
f 1750/1287/976 1751/1287/976 1753/1287/976 1752/1287/976
f 1754/1286/976 1755/1287/976 1757/1288/976 1756/1289/976
f 1755/1287/976 1754/1286/976 1758/1286/976 1759/1287/976
f 1755/1287/976 1759/1287/976 1761/1287/976 1760/1287/976
f 1760/1287/976 1761/1287/976 1763/1287/976 1762/1287/976
f 1764/1286/976 1765/1287/976 1767/1288/976 1766/1289/976
f 1765/1287/976 1764/1286/976 1768/1286/976 1769/1287/976
f 1765/1287/976 1769/1287/976 1771/1287/976 1770/1287/976
f 1770/1287/976 1771/1287/976 1773/1287/976 1772/1287/976
f 1774/1286/976 1775/1287/976 1777/1288/976 1776/1289/976
f 1775/1287/976 1774/1286/976 1778/1286/976 1779/1287/976
f 1775/1287/976 1779/1287/976 1781/1287/976 1780/1287/976
f 1780/1287/976 1781/1287/976 1783/1287/976 1782/1287/976
o Plane.075
v -19.891588 0.000000 6.770209
v -20.154516 0.000000 6.121465
v -20.262300 0.000000 6.920453
v -20.525229 0.000000 6.271709
v -19.891588 0.000000 6.770209
v -20.154516 0.000000 6.121465
v -20.154516 0.000000 6.121465
v -20.154516 0.000000 6.121465
v -20.154516 0.000000 6.121465
v -20.154516 0.000000 6.121465
v -19.285568 0.000000 6.524596
v -19.548496 0.000000 5.875852
v -19.656279 0.000000 6.674840
v -19.919207 0.000000 6.026096
v -19.285568 0.000000 6.524596
v -19.548496 0.000000 5.875852
v -19.548496 0.000000 5.875852
v -19.548496 0.000000 5.875852
v -19.548496 0.000000 5.875852
v -19.548496 0.000000 5.875852
v -19.528164 0.000000 7.676807
v -19.791092 0.000000 7.028063
v -19.898874 0.000000 7.827052
v -20.161802 0.000000 7.178308
v -19.528164 0.000000 7.676807
v -19.791092 0.000000 7.028063
v -19.791092 0.000000 7.028063
v -19.791092 0.000000 7.028063
v -19.791092 0.000000 7.028063
v -19.791092 0.000000 7.028063
v -18.922142 0.000000 7.431195
v -19.185070 0.000000 6.782451
v -19.292852 0.000000 7.581439
v -19.555780 0.000000 6.932695
v -18.922142 0.000000 7.431195
v -19.185070 0.000000 6.782451
v -19.185070 0.000000 6.782451
v -19.185070 0.000000 6.782451
v -19.185070 0.000000 6.782451
v -19.185070 0.000000 6.782451
vn -0.0000 1.0000 -0.0000
vt 0.000000 0.000000
vt 1.000000 0.000000
vt 1.000000 1.000000
vt 0.000000 1.000000
s 0
f 1784/1290/977 1785/1291/977 1787/1292/977 1786/1293/977
f 1785/1291/977 1784/1290/977 1788/1290/977 1789/1291/977
f 1785/1291/977 1789/1291/977 1791/1291/977 1790/1291/977
f 1790/1291/977 1791/1291/977 1793/1291/977 1792/1291/977
f 1794/1290/977 1795/1291/977 1797/1292/977 1796/1293/977
f 1795/1291/977 1794/1290/977 1798/1290/977 1799/1291/977
f 1795/1291/977 1799/1291/977 1801/1291/977 1800/1291/977
f 1800/1291/977 1801/1291/977 1803/1291/977 1802/1291/977
f 1804/1290/977 1805/1291/977 1807/1292/977 1806/1293/977
f 1805/1291/977 1804/1290/977 1808/1290/977 1809/1291/977
f 1805/1291/977 1809/1291/977 1811/1291/977 1810/1291/977
f 1810/1291/977 1811/1291/977 1813/1291/977 1812/1291/977
f 1814/1290/977 1815/1291/977 1817/1292/977 1816/1293/977
f 1815/1291/977 1814/1290/977 1818/1290/977 1819/1291/977
f 1815/1291/977 1819/1291/977 1821/1291/977 1820/1291/977
f 1820/1291/977 1821/1291/977 1823/1291/977 1822/1291/977
o Plane.103
v -18.589512 0.000000 10.419021
v -18.852440 0.000000 9.770277
v -18.960224 0.000000 10.569265
v -19.223152 0.000000 9.920522
v -18.589512 0.000000 10.419021
v -18.852440 0.000000 9.770277
v -18.852440 0.000000 9.770277
v -18.852440 0.000000 9.770277
v -18.852440 0.000000 9.770277
v -18.852440 0.000000 9.770277
v -17.983492 0.000000 10.173409
v -18.246420 0.000000 9.524664
v -18.354202 0.000000 10.323653
v -18.617130 0.000000 9.674909
v -17.983492 0.000000 10.173409
v -18.246420 0.000000 9.524664
v -18.246420 0.000000 9.524664
v -18.246420 0.000000 9.524664
v -18.246420 0.000000 9.524664
v -18.246420 0.000000 9.524664
v -18.226088 0.000000 11.325620
v -18.489016 0.000000 10.676876
v -18.596798 0.000000 11.475864
v -18.859726 0.000000 10.827120
v -18.226088 0.000000 11.325620
v -18.489016 0.000000 10.676876
v -18.489016 0.000000 10.676876
v -18.489016 0.000000 10.676876
v -18.489016 0.000000 10.676876
v -18.489016 0.000000 10.676876
v -17.620066 0.000000 11.080008
v -17.882994 0.000000 10.431263
v -17.990776 0.000000 11.230251
v -18.253704 0.000000 10.581508
v -17.620066 0.000000 11.080008
v -17.882994 0.000000 10.431263
v -17.882994 0.000000 10.431263
v -17.882994 0.000000 10.431263
v -17.882994 0.000000 10.431263
v -17.882994 0.000000 10.431263
vn -0.0000 1.0000 -0.0000
vt 0.000000 0.000000
vt 1.000000 0.000000
vt 1.000000 1.000000
vt 0.000000 1.000000
s 0
f 1824/1294/978 1825/1295/978 1827/1296/978 1826/1297/978
f 1825/1295/978 1824/1294/978 1828/1294/978 1829/1295/978
f 1825/1295/978 1829/1295/978 1831/1295/978 1830/1295/978
f 1830/1295/978 1831/1295/978 1833/1295/978 1832/1295/978
f 1834/1294/978 1835/1295/978 1837/1296/978 1836/1297/978
f 1835/1295/978 1834/1294/978 1838/1294/978 1839/1295/978
f 1835/1295/978 1839/1295/978 1841/1295/978 1840/1295/978
f 1840/1295/978 1841/1295/978 1843/1295/978 1842/1295/978
f 1844/1294/978 1845/1295/978 1847/1296/978 1846/1297/978
f 1845/1295/978 1844/1294/978 1848/1294/978 1849/1295/978
f 1845/1295/978 1849/1295/978 1851/1295/978 1850/1295/978
f 1850/1295/978 1851/1295/978 1853/1295/978 1852/1295/978
f 1854/1294/978 1855/1295/978 1857/1296/978 1856/1297/978
f 1855/1295/978 1854/1294/978 1858/1294/978 1859/1295/978
f 1855/1295/978 1859/1295/978 1861/1295/978 1860/1295/978
f 1860/1295/978 1861/1295/978 1863/1295/978 1862/1295/978
o Plane.105
v 33.272491 0.000000 0.385249
v 33.272491 0.000000 -0.314751
v 32.872490 0.000000 0.385249
v 32.872490 0.000000 -0.314751
v 33.272491 0.000000 0.385249
v 33.272491 0.000000 -0.314751
v 33.272491 0.000000 -0.314751
v 33.272491 0.000000 -0.314751
v 33.272491 0.000000 -0.314751
v 33.272491 0.000000 -0.314751
v 33.926392 0.000000 0.385249
v 33.926392 0.000000 -0.314751
v 33.526394 0.000000 0.385249
v 33.526394 0.000000 -0.314751
v 33.926392 0.000000 0.385249
v 33.926392 0.000000 -0.314751
v 33.926392 0.000000 -0.314751
v 33.926392 0.000000 -0.314751
v 33.926392 0.000000 -0.314751
v 33.926392 0.000000 -0.314751
vn -0.0000 1.0000 -0.0000
vt 0.000000 0.000000
vt 1.000000 0.000000
vt 1.000000 1.000000
vt 0.000000 1.000000
s 0
f 1864/1298/979 1865/1299/979 1867/1300/979 1866/1301/979
f 1865/1299/979 1864/1298/979 1868/1298/979 1869/1299/979
f 1865/1299/979 1869/1299/979 1871/1299/979 1870/1299/979
f 1870/1299/979 1871/1299/979 1873/1299/979 1872/1299/979
f 1874/1298/979 1875/1299/979 1877/1300/979 1876/1301/979
f 1875/1299/979 1874/1298/979 1878/1298/979 1879/1299/979
f 1875/1299/979 1879/1299/979 1881/1299/979 1880/1299/979
f 1880/1299/979 1881/1299/979 1883/1299/979 1882/1299/979
o Plane.106
v 33.265827 0.000000 2.289948
v 33.265827 0.000000 1.589948
v 32.865826 0.000000 2.289948
v 32.865826 0.000000 1.589948
v 33.265827 0.000000 2.289948
v 33.265827 0.000000 1.589948
v 33.265827 0.000000 1.589948
v 33.265827 0.000000 1.589948
v 33.265827 0.000000 1.589948
v 33.265827 0.000000 1.589948
v 33.919727 0.000000 2.289948
v 33.919727 0.000000 1.589948
v 33.519730 0.000000 2.289948
v 33.519730 0.000000 1.589948
v 33.919727 0.000000 2.289948
v 33.919727 0.000000 1.589948
v 33.919727 0.000000 1.589948
v 33.919727 0.000000 1.589948
v 33.919727 0.000000 1.589948
v 33.919727 0.000000 1.589948
vn -0.0000 1.0000 -0.0000
vt 0.000000 0.000000
vt 1.000000 0.000000
vt 1.000000 1.000000
vt 0.000000 1.000000
s 0
f 1884/1302/980 1885/1303/980 1887/1304/980 1886/1305/980
f 1885/1303/980 1884/1302/980 1888/1302/980 1889/1303/980
f 1885/1303/980 1889/1303/980 1891/1303/980 1890/1303/980
f 1890/1303/980 1891/1303/980 1893/1303/980 1892/1303/980
f 1894/1302/980 1895/1303/980 1897/1304/980 1896/1305/980
f 1895/1303/980 1894/1302/980 1898/1302/980 1899/1303/980
f 1895/1303/980 1899/1303/980 1901/1303/980 1900/1303/980
f 1900/1303/980 1901/1303/980 1903/1303/980 1902/1303/980
o Plane.107
v 33.343517 0.000000 4.261100
v 33.343517 0.000000 3.561100
v 32.943516 0.000000 4.261100
v 32.943516 0.000000 3.561100
v 33.343517 0.000000 4.261100
v 33.343517 0.000000 3.561100
v 33.343517 0.000000 3.561100
v 33.343517 0.000000 3.561100
v 33.343517 0.000000 3.561100
v 33.343517 0.000000 3.561100
v 33.997417 0.000000 4.261100
v 33.997417 0.000000 3.561100
v 33.597420 0.000000 4.261100
v 33.597420 0.000000 3.561100
v 33.997417 0.000000 4.261100
v 33.997417 0.000000 3.561100
v 33.997417 0.000000 3.561100
v 33.997417 0.000000 3.561100
v 33.997417 0.000000 3.561100
v 33.997417 0.000000 3.561100
vn -0.0000 1.0000 -0.0000
vt 0.000000 0.000000
vt 1.000000 0.000000
vt 1.000000 1.000000
vt 0.000000 1.000000
s 0
f 1904/1306/981 1905/1307/981 1907/1308/981 1906/1309/981
f 1905/1307/981 1904/1306/981 1908/1306/981 1909/1307/981
f 1905/1307/981 1909/1307/981 1911/1307/981 1910/1307/981
f 1910/1307/981 1911/1307/981 1913/1307/981 1912/1307/981
f 1914/1306/981 1915/1307/981 1917/1308/981 1916/1309/981
f 1915/1307/981 1914/1306/981 1918/1306/981 1919/1307/981
f 1915/1307/981 1919/1307/981 1921/1307/981 1920/1307/981
f 1920/1307/981 1921/1307/981 1923/1307/981 1922/1307/981
o Plane.108
v 33.325020 0.000000 6.203669
v 33.325020 0.000000 5.503669
v 32.925018 0.000000 6.203669
v 32.925018 0.000000 5.503669
v 33.325020 0.000000 6.203669
v 33.325020 0.000000 5.503669
v 33.325020 0.000000 5.503669
v 33.325020 0.000000 5.503669
v 33.325020 0.000000 5.503669
v 33.325020 0.000000 5.503669
v 33.978920 0.000000 6.203669
v 33.978920 0.000000 5.503669
v 33.578922 0.000000 6.203669
v 33.578922 0.000000 5.503669
v 33.978920 0.000000 6.203669
v 33.978920 0.000000 5.503669
v 33.978920 0.000000 5.503669
v 33.978920 0.000000 5.503669
v 33.978920 0.000000 5.503669
v 33.978920 0.000000 5.503669
vn -0.0000 1.0000 -0.0000
vt 0.000000 0.000000
vt 1.000000 0.000000
vt 1.000000 1.000000
vt 0.000000 1.000000
s 0
f 1924/1310/982 1925/1311/982 1927/1312/982 1926/1313/982
f 1925/1311/982 1924/1310/982 1928/1310/982 1929/1311/982
f 1925/1311/982 1929/1311/982 1931/1311/982 1930/1311/982
f 1930/1311/982 1931/1311/982 1933/1311/982 1932/1311/982
f 1934/1310/982 1935/1311/982 1937/1312/982 1936/1313/982
f 1935/1311/982 1934/1310/982 1938/1310/982 1939/1311/982
f 1935/1311/982 1939/1311/982 1941/1311/982 1940/1311/982
f 1940/1311/982 1941/1311/982 1943/1311/982 1942/1311/982
o Plane.109
v 33.338497 0.000000 8.198421
v 33.338497 0.000000 7.498420
v 32.938496 0.000000 8.198421
v 32.938496 0.000000 7.498420
v 33.338497 0.000000 8.198421
v 33.338497 0.000000 7.498420
v 33.338497 0.000000 7.498420
v 33.338497 0.000000 7.498420
v 33.338497 0.000000 7.498420
v 33.338497 0.000000 7.498420
v 33.992397 0.000000 8.198421
v 33.992397 0.000000 7.498420
v 33.592400 0.000000 8.198421
v 33.592400 0.000000 7.498420
v 33.992397 0.000000 8.198421
v 33.992397 0.000000 7.498420
v 33.992397 0.000000 7.498420
v 33.992397 0.000000 7.498420
v 33.992397 0.000000 7.498420
v 33.992397 0.000000 7.498420
vn -0.0000 1.0000 -0.0000
vt 0.000000 0.000000
vt 1.000000 0.000000
vt 1.000000 1.000000
vt 0.000000 1.000000
s 0
f 1944/1314/983 1945/1315/983 1947/1316/983 1946/1317/983
f 1945/1315/983 1944/1314/983 1948/1314/983 1949/1315/983
f 1945/1315/983 1949/1315/983 1951/1315/983 1950/1315/983
f 1950/1315/983 1951/1315/983 1953/1315/983 1952/1315/983
f 1954/1314/983 1955/1315/983 1957/1316/983 1956/1317/983
f 1955/1315/983 1954/1314/983 1958/1314/983 1959/1315/983
f 1955/1315/983 1959/1315/983 1961/1315/983 1960/1315/983
f 1960/1315/983 1961/1315/983 1963/1315/983 1962/1315/983
o Plane.110
v 33.326832 0.000000 -1.453281
v 33.326832 0.000000 -2.153281
v 32.926830 0.000000 -1.453281
v 32.926830 0.000000 -2.153281
v 33.326832 0.000000 -1.453281
v 33.326832 0.000000 -2.153281
v 33.326832 0.000000 -2.153281
v 33.326832 0.000000 -2.153281
v 33.326832 0.000000 -2.153281
v 33.326832 0.000000 -2.153281
v 33.980732 0.000000 -1.453281
v 33.980732 0.000000 -2.153281
v 33.580734 0.000000 -1.453281
v 33.580734 0.000000 -2.153281
v 33.980732 0.000000 -1.453281
v 33.980732 0.000000 -2.153281
v 33.980732 0.000000 -2.153281
v 33.980732 0.000000 -2.153281
v 33.980732 0.000000 -2.153281
v 33.980732 0.000000 -2.153281
vn -0.0000 1.0000 -0.0000
vt 0.000000 0.000000
vt 1.000000 0.000000
vt 1.000000 1.000000
vt 0.000000 1.000000
s 0
f 1964/1318/984 1965/1319/984 1967/1320/984 1966/1321/984
f 1965/1319/984 1964/1318/984 1968/1318/984 1969/1319/984
f 1965/1319/984 1969/1319/984 1971/1319/984 1970/1319/984
f 1970/1319/984 1971/1319/984 1973/1319/984 1972/1319/984
f 1974/1318/984 1975/1319/984 1977/1320/984 1976/1321/984
f 1975/1319/984 1974/1318/984 1978/1318/984 1979/1319/984
f 1975/1319/984 1979/1319/984 1981/1319/984 1980/1319/984
f 1980/1319/984 1981/1319/984 1983/1319/984 1982/1319/984
o Plane.111
v 19.301952 0.000000 17.080345
v 18.017117 0.000000 16.524292
v 18.984207 0.000000 17.814537
v 17.699371 0.000000 17.258484
v 19.301952 0.000000 17.080345
v 18.017117 0.000000 16.524292
v 18.017117 0.000000 16.524292
v 18.017117 0.000000 16.524292
v 18.017117 0.000000 16.524292
v 18.017117 0.000000 16.524292
v 19.821388 0.000000 15.880121
v 18.536551 0.000000 15.324068
v 19.503643 0.000000 16.614313
v 18.218805 0.000000 16.058260
v 19.821388 0.000000 15.880121
v 18.536551 0.000000 15.324068
v 18.536551 0.000000 15.324068
v 18.536551 0.000000 15.324068
v 18.536551 0.000000 15.324068
v 18.536551 0.000000 15.324068
v 21.091757 0.000000 17.863033
v 19.806919 0.000000 17.306980
v 20.774012 0.000000 18.597225
v 19.489176 0.000000 18.041172
v 21.091757 0.000000 17.863033
v 19.806919 0.000000 17.306980
v 19.806919 0.000000 17.306980
v 19.806919 0.000000 17.306980
v 19.806919 0.000000 17.306980
v 19.806919 0.000000 17.306980
v 21.611191 0.000000 16.662809
v 20.326355 0.000000 16.106756
v 21.293446 0.000000 17.397001
v 20.008610 0.000000 16.840948
v 21.611191 0.000000 16.662809
v 20.326355 0.000000 16.106756
v 20.326355 0.000000 16.106756
v 20.326355 0.000000 16.106756
v 20.326355 0.000000 16.106756
v 20.326355 0.000000 16.106756
vn -0.0000 1.0000 -0.0000
vt 0.000000 0.000000
vt 1.000000 0.000000
vt 1.000000 1.000000
vt 0.000000 1.000000
s 0
f 1984/1322/985 1985/1323/985 1987/1324/985 1986/1325/985
f 1985/1323/985 1984/1322/985 1988/1322/985 1989/1323/985
f 1985/1323/985 1989/1323/985 1991/1323/985 1990/1323/985
f 1990/1323/985 1991/1323/985 1993/1323/985 1992/1323/985
f 1994/1322/985 1995/1323/985 1997/1324/985 1996/1325/985
f 1995/1323/985 1994/1322/985 1998/1322/985 1999/1323/985
f 1995/1323/985 1999/1323/985 2001/1323/985 2000/1323/985
f 2000/1323/985 2001/1323/985 2003/1323/985 2002/1323/985
f 2004/1322/985 2005/1323/985 2007/1324/985 2006/1325/985
f 2005/1323/985 2004/1322/985 2008/1322/985 2009/1323/985
f 2005/1323/985 2009/1323/985 2011/1323/985 2010/1323/985
f 2010/1323/985 2011/1323/985 2013/1323/985 2012/1323/985
f 2014/1322/985 2015/1323/985 2017/1324/985 2016/1325/985
f 2015/1323/985 2014/1322/985 2018/1322/985 2019/1323/985
f 2015/1323/985 2019/1323/985 2021/1323/985 2020/1323/985
f 2020/1323/985 2021/1323/985 2023/1323/985 2022/1323/985
o Plane.112
v 18.124037 0.000000 19.350689
v 16.878584 0.000000 18.711275
v 17.758657 0.000000 20.062376
v 16.513205 0.000000 19.422962
v 18.124037 0.000000 19.350689
v 16.878584 0.000000 18.711275
v 16.878584 0.000000 18.711275
v 16.878584 0.000000 18.711275
v 16.878584 0.000000 18.711275
v 16.878584 0.000000 18.711275
v 18.721340 0.000000 18.187256
v 17.475889 0.000000 17.547842
v 18.355963 0.000000 18.898943
v 17.110510 0.000000 18.259529
v 18.721340 0.000000 18.187256
v 17.475889 0.000000 17.547842
v 17.475889 0.000000 17.547842
v 17.475889 0.000000 17.547842
v 17.475889 0.000000 17.547842
v 17.475889 0.000000 17.547842
v 19.858444 0.000000 20.249479
v 18.612991 0.000000 19.610067
v 19.493065 0.000000 20.961166
v 18.247614 0.000000 20.321754
v 19.858444 0.000000 20.249479
v 18.612991 0.000000 19.610067
v 18.612991 0.000000 19.610067
v 18.612991 0.000000 19.610067
v 18.612991 0.000000 19.610067
v 18.612991 0.000000 19.610067
v 20.455750 0.000000 19.086046
v 19.210297 0.000000 18.446634
v 20.090370 0.000000 19.797733
v 18.844917 0.000000 19.158321
v 20.455750 0.000000 19.086046
v 19.210297 0.000000 18.446634
v 19.210297 0.000000 18.446634
v 19.210297 0.000000 18.446634
v 19.210297 0.000000 18.446634
v 19.210297 0.000000 18.446634
vn -0.0000 1.0000 -0.0000
vt 0.000000 0.000000
vt 1.000000 0.000000
vt 1.000000 1.000000
vt 0.000000 1.000000
s 0
f 2024/1326/986 2025/1327/986 2027/1328/986 2026/1329/986
f 2025/1327/986 2024/1326/986 2028/1326/986 2029/1327/986
f 2025/1327/986 2029/1327/986 2031/1327/986 2030/1327/986
f 2030/1327/986 2031/1327/986 2033/1327/986 2032/1327/986
f 2034/1326/986 2035/1327/986 2037/1328/986 2036/1329/986
f 2035/1327/986 2034/1326/986 2038/1326/986 2039/1327/986
f 2035/1327/986 2039/1327/986 2041/1327/986 2040/1327/986
f 2040/1327/986 2041/1327/986 2043/1327/986 2042/1327/986
f 2044/1326/986 2045/1327/986 2047/1328/986 2046/1329/986
f 2045/1327/986 2044/1326/986 2048/1326/986 2049/1327/986
f 2045/1327/986 2049/1327/986 2051/1327/986 2050/1327/986
f 2050/1327/986 2051/1327/986 2053/1327/986 2052/1327/986
f 2054/1326/986 2055/1327/986 2057/1328/986 2056/1329/986
f 2055/1327/986 2054/1326/986 2058/1326/986 2059/1327/986
f 2055/1327/986 2059/1327/986 2061/1327/986 2060/1327/986
f 2060/1327/986 2061/1327/986 2063/1327/986 2062/1327/986
o Plane.113
v 16.751019 0.000000 21.583723
v 15.572318 0.000000 20.828299
v 16.319345 0.000000 22.257265
v 15.140647 0.000000 21.501841
v 16.751019 0.000000 21.583723
v 15.572318 0.000000 20.828299
v 15.572318 0.000000 20.828299
v 15.572318 0.000000 20.828299
v 15.572318 0.000000 20.828299
v 15.572318 0.000000 20.828299
v 17.456696 0.000000 20.482647
v 16.277994 0.000000 19.727221
v 17.025023 0.000000 21.156189
v 15.846324 0.000000 20.400764
v 17.456696 0.000000 20.482647
v 16.277994 0.000000 19.727221
v 16.277994 0.000000 19.727221
v 16.277994 0.000000 19.727221
v 16.277994 0.000000 19.727221
v 16.277994 0.000000 19.727221
v 18.391670 0.000000 22.644035
v 17.212969 0.000000 21.888609
v 17.959997 0.000000 23.317577
v 16.781298 0.000000 22.562153
v 18.391670 0.000000 22.644035
v 17.212969 0.000000 21.888609
v 17.212969 0.000000 21.888609
v 17.212969 0.000000 21.888609
v 17.212969 0.000000 21.888609
v 17.212969 0.000000 21.888609
v 19.097347 0.000000 21.542957
v 17.918646 0.000000 20.787533
v 18.665674 0.000000 22.216501
v 17.486975 0.000000 21.461075
v 19.097347 0.000000 21.542957
v 17.918646 0.000000 20.787533
v 17.918646 0.000000 20.787533
v 17.918646 0.000000 20.787533
v 17.918646 0.000000 20.787533
v 17.918646 0.000000 20.787533
vn -0.0000 1.0000 -0.0000
vt 0.000000 0.000000
vt 1.000000 0.000000
vt 1.000000 1.000000
vt 0.000000 1.000000
s 0
f 2064/1330/987 2065/1331/987 2067/1332/987 2066/1333/987
f 2065/1331/987 2064/1330/987 2068/1330/987 2069/1331/987
f 2065/1331/987 2069/1331/987 2071/1331/987 2070/1331/987
f 2070/1331/987 2071/1331/987 2073/1331/987 2072/1331/987
f 2074/1330/987 2075/1331/987 2077/1332/987 2076/1333/987
f 2075/1331/987 2074/1330/987 2078/1330/987 2079/1331/987
f 2075/1331/987 2079/1331/987 2081/1331/987 2080/1331/987
f 2080/1331/987 2081/1331/987 2083/1331/987 2082/1331/987
f 2084/1330/987 2085/1331/987 2087/1332/987 2086/1333/987
f 2085/1331/987 2084/1330/987 2088/1330/987 2089/1331/987
f 2085/1331/987 2089/1331/987 2091/1331/987 2090/1331/987
f 2090/1331/987 2091/1331/987 2093/1331/987 2092/1331/987
f 2094/1330/987 2095/1331/987 2097/1332/987 2096/1333/987
f 2095/1331/987 2094/1330/987 2098/1330/987 2099/1331/987
f 2095/1331/987 2099/1331/987 2101/1331/987 2100/1331/987
f 2100/1331/987 2101/1331/987 2103/1331/987 2102/1331/987
o Plane.114
v 11.168975 0.000000 26.913107
v 10.516827 0.000000 25.674274
v 10.461071 0.000000 27.285763
v 9.808923 0.000000 26.046930
v 11.168975 0.000000 26.913107
v 10.516827 0.000000 25.674274
v 10.516827 0.000000 25.674274
v 10.516827 0.000000 25.674274
v 10.516827 0.000000 25.674274
v 10.516827 0.000000 25.674274
v 12.326223 0.000000 26.303905
v 11.674075 0.000000 25.065075
v 11.618320 0.000000 26.676561
v 10.966171 0.000000 25.437731
v 12.326223 0.000000 26.303905
v 11.674075 0.000000 25.065075
v 11.674075 0.000000 25.065075
v 11.674075 0.000000 25.065075
v 11.674075 0.000000 25.065075
v 11.674075 0.000000 25.065075
v 12.072355 0.000000 28.645128
v 11.420207 0.000000 27.406298
v 11.364451 0.000000 29.017784
v 10.712303 0.000000 27.778954
v 12.072355 0.000000 28.645128
v 11.420207 0.000000 27.406298
v 11.420207 0.000000 27.406298
v 11.420207 0.000000 27.406298
v 11.420207 0.000000 27.406298
v 11.420207 0.000000 27.406298
v 13.229604 0.000000 28.035927
v 12.577456 0.000000 26.797096
v 12.521700 0.000000 28.408585
v 11.869552 0.000000 27.169752
v 13.229604 0.000000 28.035927
v 12.577456 0.000000 26.797096
v 12.577456 0.000000 26.797096
v 12.577456 0.000000 26.797096
v 12.577456 0.000000 26.797096
v 12.577456 0.000000 26.797096
vn -0.0000 1.0000 -0.0000
vt 0.000000 0.000000
vt 1.000000 0.000000
vt 1.000000 1.000000
vt 0.000000 1.000000
s 0
f 2104/1334/988 2105/1335/988 2107/1336/988 2106/1337/988
f 2105/1335/988 2104/1334/988 2108/1334/988 2109/1335/988
f 2105/1335/988 2109/1335/988 2111/1335/988 2110/1335/988
f 2110/1335/988 2111/1335/988 2113/1335/988 2112/1335/988
f 2114/1334/988 2115/1335/988 2117/1336/988 2116/1337/988
f 2115/1335/988 2114/1334/988 2118/1334/988 2119/1335/988
f 2115/1335/988 2119/1335/988 2121/1335/988 2120/1335/988
f 2120/1335/988 2121/1335/988 2123/1335/988 2122/1335/988
f 2124/1334/988 2125/1335/988 2127/1336/988 2126/1337/988
f 2125/1335/988 2124/1334/988 2128/1334/988 2129/1335/988
f 2125/1335/988 2129/1335/988 2131/1335/988 2130/1335/988
f 2130/1335/988 2131/1335/988 2133/1335/988 2132/1335/988
f 2134/1334/988 2135/1335/988 2137/1336/988 2136/1337/988
f 2135/1335/988 2134/1334/988 2138/1334/988 2139/1335/988
f 2135/1335/988 2139/1335/988 2141/1335/988 2140/1335/988
f 2140/1335/988 2141/1335/988 2143/1335/988 2142/1335/988
o Plane.115
v 15.018105 0.000000 23.580822
v 13.965819 0.000000 22.657408
v 14.490439 0.000000 24.182127
v 13.438154 0.000000 23.258713
v 15.018105 0.000000 23.580822
v 13.965819 0.000000 22.657408
v 13.965819 0.000000 22.657408
v 13.965819 0.000000 22.657408
v 13.965819 0.000000 22.657408
v 13.965819 0.000000 22.657408
v 15.880709 0.000000 22.597834
v 14.828423 0.000000 21.674419
v 15.353043 0.000000 23.199141
v 14.300757 0.000000 22.275726
v 15.880709 0.000000 22.597834
v 14.828423 0.000000 21.674419
v 14.828423 0.000000 21.674419
v 14.828423 0.000000 21.674419
v 14.828423 0.000000 21.674419
v 14.828423 0.000000 21.674419
v 16.481478 0.000000 24.874861
v 15.429192 0.000000 23.951447
v 15.953813 0.000000 25.476168
v 14.901526 0.000000 24.552753
v 16.481478 0.000000 24.874861
v 15.429192 0.000000 23.951447
v 15.429192 0.000000 23.951447
v 15.429192 0.000000 23.951447
v 15.429192 0.000000 23.951447
v 15.429192 0.000000 23.951447
v 17.344082 0.000000 23.891874
v 16.291796 0.000000 22.968458
v 16.816416 0.000000 24.493179
v 15.764130 0.000000 23.569765
v 17.344082 0.000000 23.891874
v 16.291796 0.000000 22.968458
v 16.291796 0.000000 22.968458
v 16.291796 0.000000 22.968458
v 16.291796 0.000000 22.968458
v 16.291796 0.000000 22.968458
vn -0.0000 1.0000 -0.0000
vt 0.000000 0.000000
vt 1.000000 0.000000
vt 1.000000 1.000000
vt 0.000000 1.000000
s 0
f 2144/1338/989 2145/1339/989 2147/1340/989 2146/1341/989
f 2145/1339/989 2144/1338/989 2148/1338/989 2149/1339/989
f 2145/1339/989 2149/1339/989 2151/1339/989 2150/1339/989
f 2150/1339/989 2151/1339/989 2153/1339/989 2152/1339/989
f 2154/1338/989 2155/1339/989 2157/1340/989 2156/1341/989
f 2155/1339/989 2154/1338/989 2158/1338/989 2159/1339/989
f 2155/1339/989 2159/1339/989 2161/1339/989 2160/1339/989
f 2160/1339/989 2161/1339/989 2163/1339/989 2162/1339/989
f 2164/1338/989 2165/1339/989 2167/1340/989 2166/1341/989
f 2165/1339/989 2164/1338/989 2168/1338/989 2169/1339/989
f 2165/1339/989 2169/1339/989 2171/1339/989 2170/1339/989
f 2170/1339/989 2171/1339/989 2173/1339/989 2172/1339/989
f 2174/1338/989 2175/1339/989 2177/1340/989 2176/1341/989
f 2175/1339/989 2174/1338/989 2178/1338/989 2179/1339/989
f 2175/1339/989 2179/1339/989 2181/1339/989 2180/1339/989
f 2180/1339/989 2181/1339/989 2183/1339/989 2182/1339/989
o Plane.116
v 13.052393 0.000000 25.435587
v 12.234207 0.000000 24.299553
v 12.403231 0.000000 25.903122
v 11.585045 0.000000 24.767088
v 13.052393 0.000000 25.435587
v 12.234207 0.000000 24.299553
v 12.234207 0.000000 24.299553
v 12.234207 0.000000 24.299553
v 12.234207 0.000000 24.299553
v 12.234207 0.000000 24.299553
v 14.113613 0.000000 24.671284
v 13.295428 0.000000 23.535250
v 13.464451 0.000000 25.138819
v 12.646266 0.000000 24.002785
v 14.113613 0.000000 24.671284
v 13.295428 0.000000 23.535250
v 13.295428 0.000000 23.535250
v 13.295428 0.000000 23.535250
v 13.295428 0.000000 23.535250
v 13.295428 0.000000 23.535250
v 14.187993 0.000000 27.025055
v 13.369807 0.000000 25.889021
v 13.538831 0.000000 27.492590
v 12.720645 0.000000 26.356556
v 14.187993 0.000000 27.025055
v 13.369807 0.000000 25.889021
v 13.369807 0.000000 25.889021
v 13.369807 0.000000 25.889021
v 13.369807 0.000000 25.889021
v 13.369807 0.000000 25.889021
v 15.249213 0.000000 26.260752
v 14.431028 0.000000 25.124718
v 14.600051 0.000000 26.728287
v 13.781866 0.000000 25.592253
v 15.249213 0.000000 26.260752
v 14.431028 0.000000 25.124718
v 14.431028 0.000000 25.124718
v 14.431028 0.000000 25.124718
v 14.431028 0.000000 25.124718
v 14.431028 0.000000 25.124718
vn -0.0000 1.0000 -0.0000
vt 0.000000 0.000000
vt 1.000000 0.000000
vt 1.000000 1.000000
vt 0.000000 1.000000
s 0
f 2184/1342/990 2185/1343/990 2187/1344/990 2186/1345/990
f 2185/1343/990 2184/1342/990 2188/1342/990 2189/1343/990
f 2185/1343/990 2189/1343/990 2191/1343/990 2190/1343/990
f 2190/1343/990 2191/1343/990 2193/1343/990 2192/1343/990
f 2194/1342/990 2195/1343/990 2197/1344/990 2196/1345/990
f 2195/1343/990 2194/1342/990 2198/1342/990 2199/1343/990
f 2195/1343/990 2199/1343/990 2201/1343/990 2200/1343/990
f 2200/1343/990 2201/1343/990 2203/1343/990 2202/1343/990
f 2204/1342/990 2205/1343/990 2207/1344/990 2206/1345/990
f 2205/1343/990 2204/1342/990 2208/1342/990 2209/1343/990
f 2205/1343/990 2209/1343/990 2211/1343/990 2210/1343/990
f 2210/1343/990 2211/1343/990 2213/1343/990 2212/1343/990
f 2214/1342/990 2215/1343/990 2217/1344/990 2216/1345/990
f 2215/1343/990 2214/1342/990 2218/1342/990 2219/1343/990
f 2215/1343/990 2219/1343/990 2221/1343/990 2220/1343/990
f 2220/1343/990 2221/1343/990 2223/1343/990 2222/1343/990
o Plane.117
v 8.969088 0.000000 28.061409
v 8.385904 0.000000 26.788658
v 8.241800 0.000000 28.394657
v 7.658617 0.000000 27.121906
v 8.969088 0.000000 28.061409
v 8.385904 0.000000 26.788658
v 8.385904 0.000000 26.788658
v 8.385904 0.000000 26.788658
v 8.385904 0.000000 26.788658
v 8.385904 0.000000 26.788658
v 10.158022 0.000000 27.516632
v 9.574840 0.000000 26.243881
v 9.430736 0.000000 27.849880
v 8.847552 0.000000 26.577127
v 10.158022 0.000000 27.516632
v 9.574840 0.000000 26.243881
v 9.574840 0.000000 26.243881
v 9.574840 0.000000 26.243881
v 9.574840 0.000000 26.243881
v 9.574840 0.000000 26.243881
v 9.776060 0.000000 29.840397
v 9.192877 0.000000 28.567644
v 9.048773 0.000000 30.173645
v 8.465590 0.000000 28.900892
v 9.776060 0.000000 29.840397
v 9.192877 0.000000 28.567644
v 9.192877 0.000000 28.567644
v 9.192877 0.000000 28.567644
v 9.192877 0.000000 28.567644
v 9.192877 0.000000 28.567644
v 10.964994 0.000000 29.295620
v 10.381812 0.000000 28.022867
v 10.237708 0.000000 29.628866
v 9.654525 0.000000 28.356115
v 10.964994 0.000000 29.295620
v 10.381812 0.000000 28.022867
v 10.381812 0.000000 28.022867
v 10.381812 0.000000 28.022867
v 10.381812 0.000000 28.022867
v 10.381812 0.000000 28.022867
vn -0.0000 1.0000 -0.0000
vt 0.000000 0.000000
vt 1.000000 0.000000
vt 1.000000 1.000000
vt 0.000000 1.000000
s 0
f 2224/1346/991 2225/1347/991 2227/1348/991 2226/1349/991
f 2225/1347/991 2224/1346/991 2228/1346/991 2229/1347/991
f 2225/1347/991 2229/1347/991 2231/1347/991 2230/1347/991
f 2230/1347/991 2231/1347/991 2233/1347/991 2232/1347/991
f 2234/1346/991 2235/1347/991 2237/1348/991 2236/1349/991
f 2235/1347/991 2234/1346/991 2238/1346/991 2239/1347/991
f 2235/1347/991 2239/1347/991 2241/1347/991 2240/1347/991
f 2240/1347/991 2241/1347/991 2243/1347/991 2242/1347/991
f 2244/1346/991 2245/1347/991 2247/1348/991 2246/1349/991
f 2245/1347/991 2244/1346/991 2248/1346/991 2249/1347/991
f 2245/1347/991 2249/1347/991 2251/1347/991 2250/1347/991
f 2250/1347/991 2251/1347/991 2253/1347/991 2252/1347/991
f 2254/1346/991 2255/1347/991 2257/1348/991 2256/1349/991
f 2255/1347/991 2254/1346/991 2258/1346/991 2259/1347/991
f 2255/1347/991 2259/1347/991 2261/1347/991 2260/1347/991
f 2260/1347/991 2261/1347/991 2263/1347/991 2262/1347/991
o Plane.118
v 6.551991 0.000000 29.001930
v 6.169455 0.000000 27.655207
v 5.782434 0.000000 29.220522
v 5.399898 0.000000 27.873798
v 6.551991 0.000000 29.001930
v 6.169455 0.000000 27.655207
v 6.169455 0.000000 27.655207
v 6.169455 0.000000 27.655207
v 6.169455 0.000000 27.655207
v 6.169455 0.000000 27.655207
v 7.810027 0.000000 28.644585
v 7.427490 0.000000 27.297861
v 7.040471 0.000000 28.863178
v 6.657934 0.000000 27.516453
v 7.810027 0.000000 28.644585
v 7.427490 0.000000 27.297861
v 7.427490 0.000000 27.297861
v 7.427490 0.000000 27.297861
v 7.427490 0.000000 27.297861
v 7.427490 0.000000 27.297861
v 7.078606 0.000000 30.883066
v 6.696069 0.000000 29.536343
v 6.309050 0.000000 31.101660
v 5.926513 0.000000 29.754934
v 7.078606 0.000000 30.883066
v 6.696069 0.000000 29.536343
v 6.696069 0.000000 29.536343
v 6.696069 0.000000 29.536343
v 6.696069 0.000000 29.536343
v 6.696069 0.000000 29.536343
v 8.336642 0.000000 30.525723
v 7.954105 0.000000 29.178997
v 7.567085 0.000000 30.744314
v 7.184548 0.000000 29.397591
v 8.336642 0.000000 30.525723
v 7.954105 0.000000 29.178997
v 7.954105 0.000000 29.178997
v 7.954105 0.000000 29.178997
v 7.954105 0.000000 29.178997
v 7.954105 0.000000 29.178997
vn -0.0000 1.0000 -0.0000
vt 0.000000 0.000000
vt 1.000000 0.000000
vt 1.000000 1.000000
vt 0.000000 1.000000
s 0
f 2264/1350/992 2265/1351/992 2267/1352/992 2266/1353/992
f 2265/1351/992 2264/1350/992 2268/1350/992 2269/1351/992
f 2265/1351/992 2269/1351/992 2271/1351/992 2270/1351/992
f 2270/1351/992 2271/1351/992 2273/1351/992 2272/1351/992
f 2274/1350/992 2275/1351/992 2277/1352/992 2276/1353/992
f 2275/1351/992 2274/1350/992 2278/1350/992 2279/1351/992
f 2275/1351/992 2279/1351/992 2281/1351/992 2280/1351/992
f 2280/1351/992 2281/1351/992 2283/1351/992 2282/1351/992
f 2284/1350/992 2285/1351/992 2287/1352/992 2286/1353/992
f 2285/1351/992 2284/1350/992 2288/1350/992 2289/1351/992
f 2285/1351/992 2289/1351/992 2291/1351/992 2290/1351/992
f 2290/1351/992 2291/1351/992 2293/1351/992 2292/1351/992
f 2294/1350/992 2295/1351/992 2297/1352/992 2296/1353/992
f 2295/1351/992 2294/1350/992 2298/1350/992 2299/1351/992
f 2295/1351/992 2299/1351/992 2301/1351/992 2300/1351/992
f 2300/1351/992 2301/1351/992 2303/1351/992 2302/1351/992
o Plane.119
v 4.190977 0.000000 29.629391
v 3.905081 0.000000 28.258894
v 3.407836 0.000000 29.792761
v 3.121939 0.000000 28.422264
v 4.190977 0.000000 29.629391
v 3.905081 0.000000 28.258894
v 3.905081 0.000000 28.258894
v 3.905081 0.000000 28.258894
v 3.905081 0.000000 28.258894
v 3.905081 0.000000 28.258894
v 5.471221 0.000000 29.362322
v 5.185325 0.000000 27.991825
v 4.688080 0.000000 29.525692
v 4.402183 0.000000 28.155195
v 5.471221 0.000000 29.362322
v 5.185325 0.000000 27.991825
v 5.185325 0.000000 27.991825
v 5.185325 0.000000 27.991825
v 5.185325 0.000000 27.991825
v 5.185325 0.000000 27.991825
v 4.582622 0.000000 31.543186
v 4.296726 0.000000 30.172689
v 3.799481 0.000000 31.706556
v 3.513584 0.000000 30.336060
v 4.582622 0.000000 31.543186
v 4.296726 0.000000 30.172689
v 4.296726 0.000000 30.172689
v 4.296726 0.000000 30.172689
v 4.296726 0.000000 30.172689
v 4.296726 0.000000 30.172689
v 5.862866 0.000000 31.276117
v 5.576969 0.000000 29.905621
v 5.079724 0.000000 31.439487
v 4.793828 0.000000 30.068989
v 5.862866 0.000000 31.276117
v 5.576969 0.000000 29.905621
v 5.576969 0.000000 29.905621
v 5.576969 0.000000 29.905621
v 5.576969 0.000000 29.905621
v 5.576969 0.000000 29.905621
vn -0.0000 1.0000 -0.0000
vt 0.000000 0.000000
vt 1.000000 0.000000
vt 1.000000 1.000000
vt 0.000000 1.000000
s 0
f 2304/1354/993 2305/1355/993 2307/1356/993 2306/1357/993
f 2305/1355/993 2304/1354/993 2308/1354/993 2309/1355/993
f 2305/1355/993 2309/1355/993 2311/1355/993 2310/1355/993
f 2310/1355/993 2311/1355/993 2313/1355/993 2312/1355/993
f 2314/1354/993 2315/1355/993 2317/1356/993 2316/1357/993
f 2315/1355/993 2314/1354/993 2318/1354/993 2319/1355/993
f 2315/1355/993 2319/1355/993 2321/1355/993 2320/1355/993
f 2320/1355/993 2321/1355/993 2323/1355/993 2322/1355/993
f 2324/1354/993 2325/1355/993 2327/1356/993 2326/1357/993
f 2325/1355/993 2324/1354/993 2328/1354/993 2329/1355/993
f 2325/1355/993 2329/1355/993 2331/1355/993 2330/1355/993
f 2330/1355/993 2331/1355/993 2333/1355/993 2332/1355/993
f 2334/1354/993 2335/1355/993 2337/1356/993 2336/1357/993
f 2335/1355/993 2334/1354/993 2338/1354/993 2339/1355/993
f 2335/1355/993 2339/1355/993 2341/1355/993 2340/1355/993
f 2340/1355/993 2341/1355/993 2343/1355/993 2342/1355/993
o Plane.120
v 1.754755 0.000000 29.938858
v 1.595661 0.000000 28.547928
v 0.959937 0.000000 30.029770
v 0.800843 0.000000 28.638840
v 1.754755 0.000000 29.938858
v 1.595661 0.000000 28.547928
v 1.595661 0.000000 28.547928
v 1.595661 0.000000 28.547928
v 1.595661 0.000000 28.547928
v 1.595661 0.000000 28.547928
v 3.054087 0.000000 29.790241
v 2.894993 0.000000 28.399311
v 2.259269 0.000000 29.881153
v 2.100175 0.000000 28.490221
v 3.054087 0.000000 29.790241
v 2.894993 0.000000 28.399311
v 2.894993 0.000000 28.399311
v 2.894993 0.000000 28.399311
v 2.894993 0.000000 28.399311
v 2.894993 0.000000 28.399311
v 1.969362 0.000000 31.880493
v 1.810268 0.000000 30.489561
v 1.174544 0.000000 31.971403
v 1.015450 0.000000 30.580473
v 1.969362 0.000000 31.880493
v 1.810268 0.000000 30.489561
v 1.810268 0.000000 30.489561
v 1.810268 0.000000 30.489561
v 1.810268 0.000000 30.489561
v 1.810268 0.000000 30.489561
v 3.268694 0.000000 31.731876
v 3.109600 0.000000 30.340944
v 2.473876 0.000000 31.822786
v 2.314782 0.000000 30.431856
v 3.268694 0.000000 31.731876
v 3.109600 0.000000 30.340944
v 3.109600 0.000000 30.340944
v 3.109600 0.000000 30.340944
v 3.109600 0.000000 30.340944
v 3.109600 0.000000 30.340944
vn -0.0000 1.0000 -0.0000
vt 0.000000 0.000000
vt 1.000000 0.000000
vt 1.000000 1.000000
vt 0.000000 1.000000
s 0
f 2344/1358/994 2345/1359/994 2347/1360/994 2346/1361/994
f 2345/1359/994 2344/1358/994 2348/1358/994 2349/1359/994
f 2345/1359/994 2349/1359/994 2351/1359/994 2350/1359/994
f 2350/1359/994 2351/1359/994 2353/1359/994 2352/1359/994
f 2354/1358/994 2355/1359/994 2357/1360/994 2356/1361/994
f 2355/1359/994 2354/1358/994 2358/1358/994 2359/1359/994
f 2355/1359/994 2359/1359/994 2361/1359/994 2360/1359/994
f 2360/1359/994 2361/1359/994 2363/1359/994 2362/1359/994
f 2364/1358/994 2365/1359/994 2367/1360/994 2366/1361/994
f 2365/1359/994 2364/1358/994 2368/1358/994 2369/1359/994
f 2365/1359/994 2369/1359/994 2371/1359/994 2370/1359/994
f 2370/1359/994 2371/1359/994 2373/1359/994 2372/1359/994
f 2374/1358/994 2375/1359/994 2377/1360/994 2376/1361/994
f 2375/1359/994 2374/1358/994 2378/1358/994 2379/1359/994
f 2375/1359/994 2379/1359/994 2381/1359/994 2380/1359/994
f 2380/1359/994 2381/1359/994 2383/1359/994 2382/1359/994
o Plane.121
v -0.747946 0.000000 30.035913
v -0.791447 0.000000 28.636589
v -1.547560 0.000000 30.060772
v -1.591061 0.000000 28.661448
v -0.747946 0.000000 30.035913
v -0.791447 0.000000 28.636589
v -0.791447 0.000000 28.636589
v -0.791447 0.000000 28.636589
v -0.791447 0.000000 28.636589
v -0.791447 0.000000 28.636589
v 0.559226 0.000000 29.995277
v 0.515725 0.000000 28.595953
v -0.240388 0.000000 30.020134
v -0.283889 0.000000 28.620811
v 0.559226 0.000000 29.995277
v 0.515725 0.000000 28.595953
v 0.515725 0.000000 28.595953
v 0.515725 0.000000 28.595953
v 0.515725 0.000000 28.595953
v 0.515725 0.000000 28.595953
v -0.694672 0.000000 31.988646
v -0.738173 0.000000 30.589321
v -1.494286 0.000000 32.013504
v -1.537787 0.000000 30.614180
v -0.694672 0.000000 31.988646
v -0.738173 0.000000 30.589321
v -0.738173 0.000000 30.589321
v -0.738173 0.000000 30.589321
v -0.738173 0.000000 30.589321
v -0.738173 0.000000 30.589321
v 0.612500 0.000000 31.948009
v 0.568998 0.000000 30.548685
v -0.187114 0.000000 31.972866
v -0.230615 0.000000 30.573542
v 0.612500 0.000000 31.948009
v 0.568998 0.000000 30.548685
v 0.568998 0.000000 30.548685
v 0.568998 0.000000 30.548685
v 0.568998 0.000000 30.548685
v 0.568998 0.000000 30.548685
vn -0.0000 1.0000 -0.0000
vt 0.000000 0.000000
vt 1.000000 0.000000
vt 1.000000 1.000000
vt 0.000000 1.000000
s 0
f 2384/1362/995 2385/1363/995 2387/1364/995 2386/1365/995
f 2385/1363/995 2384/1362/995 2388/1362/995 2389/1363/995
f 2385/1363/995 2389/1363/995 2391/1363/995 2390/1363/995
f 2390/1363/995 2391/1363/995 2393/1363/995 2392/1363/995
f 2394/1362/995 2395/1363/995 2397/1364/995 2396/1365/995
f 2395/1363/995 2394/1362/995 2398/1362/995 2399/1363/995
f 2395/1363/995 2399/1363/995 2401/1363/995 2400/1363/995
f 2400/1363/995 2401/1363/995 2403/1363/995 2402/1363/995
f 2404/1362/995 2405/1363/995 2407/1364/995 2406/1365/995
f 2405/1363/995 2404/1362/995 2408/1362/995 2409/1363/995
f 2405/1363/995 2409/1363/995 2411/1363/995 2410/1363/995
f 2410/1363/995 2411/1363/995 2413/1363/995 2412/1363/995
f 2414/1362/995 2415/1363/995 2417/1364/995 2416/1365/995
f 2415/1363/995 2414/1362/995 2418/1362/995 2419/1363/995
f 2415/1363/995 2419/1363/995 2421/1363/995 2420/1363/995
f 2420/1363/995 2421/1363/995 2423/1363/995 2422/1363/995
o Plane.122
v -3.295261 0.000000 29.794640
v -3.097491 0.000000 28.408678
v -4.087238 0.000000 29.681627
v -3.889468 0.000000 28.295666
v -3.295261 0.000000 29.794640
v -3.097491 0.000000 28.408678
v -3.097491 0.000000 28.408678
v -3.097491 0.000000 28.408678
v -3.097491 0.000000 28.408678
v -3.097491 0.000000 28.408678
v -2.000573 0.000000 29.979385
v -1.802802 0.000000 28.593424
v -2.792550 0.000000 29.866373
v -2.594779 0.000000 28.480413
v -2.000573 0.000000 29.979385
v -1.802802 0.000000 28.593424
v -1.802802 0.000000 28.593424
v -1.802802 0.000000 28.593424
v -1.802802 0.000000 28.593424
v -1.802802 0.000000 28.593424
v -3.578567 0.000000 31.727444
v -3.380796 0.000000 30.341484
v -4.370544 0.000000 31.614433
v -4.172774 0.000000 30.228472
v -3.578567 0.000000 31.727444
v -3.380796 0.000000 30.341484
v -3.380796 0.000000 30.341484
v -3.380796 0.000000 30.341484
v -3.380796 0.000000 30.341484
v -3.380796 0.000000 30.341484
v -2.283878 0.000000 31.912189
v -2.086108 0.000000 30.526230
v -3.075856 0.000000 31.799179
v -2.878086 0.000000 30.413218
v -2.283878 0.000000 31.912189
v -2.086108 0.000000 30.526230
v -2.086108 0.000000 30.526230
v -2.086108 0.000000 30.526230
v -2.086108 0.000000 30.526230
v -2.086108 0.000000 30.526230
vn -0.0000 1.0000 -0.0000
vt 0.000000 0.000000
vt 1.000000 0.000000
vt 1.000000 1.000000
vt 0.000000 1.000000
s 0
f 2424/1366/996 2425/1367/996 2427/1368/996 2426/1369/996
f 2425/1367/996 2424/1366/996 2428/1366/996 2429/1367/996
f 2425/1367/996 2429/1367/996 2431/1367/996 2430/1367/996
f 2430/1367/996 2431/1367/996 2433/1367/996 2432/1367/996
f 2434/1366/996 2435/1367/996 2437/1368/996 2436/1369/996
f 2435/1367/996 2434/1366/996 2438/1366/996 2439/1367/996
f 2435/1367/996 2439/1367/996 2441/1367/996 2440/1367/996
f 2440/1367/996 2441/1367/996 2443/1367/996 2442/1367/996
f 2444/1366/996 2445/1367/996 2447/1368/996 2446/1369/996
f 2445/1367/996 2444/1366/996 2448/1366/996 2449/1367/996
f 2445/1367/996 2449/1367/996 2451/1367/996 2450/1367/996
f 2450/1367/996 2451/1367/996 2453/1367/996 2452/1367/996
f 2454/1366/996 2455/1367/996 2457/1368/996 2456/1369/996
f 2455/1367/996 2454/1366/996 2458/1366/996 2459/1367/996
f 2455/1367/996 2459/1367/996 2461/1367/996 2460/1367/996
f 2460/1367/996 2461/1367/996 2463/1367/996 2462/1367/996
o Plane.123
v -5.748012 0.000000 29.225389
v -5.370824 0.000000 27.877159
v -6.518430 0.000000 29.009853
v -6.141242 0.000000 27.661623
v -5.748012 0.000000 29.225389
v -5.370824 0.000000 27.877159
v -5.370824 0.000000 27.877159
v -5.370824 0.000000 27.877159
v -5.370824 0.000000 27.877159
v -5.370824 0.000000 27.877159
v -4.488567 0.000000 29.577738
v -4.111380 0.000000 28.229507
v -5.258986 0.000000 29.362202
v -4.881798 0.000000 28.013971
v -4.488567 0.000000 29.577738
v -4.111380 0.000000 28.229507
v -4.111380 0.000000 28.229507
v -4.111380 0.000000 28.229507
v -4.111380 0.000000 28.229507
v -4.111380 0.000000 28.229507
v -6.281462 0.000000 31.104599
v -5.904274 0.000000 29.756369
v -7.051880 0.000000 30.889065
v -6.674692 0.000000 29.540833
v -6.281462 0.000000 31.104599
v -5.904274 0.000000 29.756369
v -5.904274 0.000000 29.756369
v -5.904274 0.000000 29.756369
v -5.904274 0.000000 29.756369
v -5.904274 0.000000 29.756369
v -5.022017 0.000000 31.456947
v -4.644829 0.000000 30.108717
v -5.792436 0.000000 31.241413
v -5.415247 0.000000 29.893181
v -5.022017 0.000000 31.456947
v -4.644829 0.000000 30.108717
v -4.644829 0.000000 30.108717
v -4.644829 0.000000 30.108717
v -4.644829 0.000000 30.108717
v -4.644829 0.000000 30.108717
vn -0.0000 1.0000 -0.0000
vt 0.000000 0.000000
vt 1.000000 0.000000
vt 1.000000 1.000000
vt 0.000000 1.000000
s 0
f 2464/1370/997 2465/1371/997 2467/1372/997 2466/1373/997
f 2465/1371/997 2464/1370/997 2468/1370/997 2469/1371/997
f 2465/1371/997 2469/1371/997 2471/1371/997 2470/1371/997
f 2470/1371/997 2471/1371/997 2473/1371/997 2472/1371/997
f 2474/1370/997 2475/1371/997 2477/1372/997 2476/1373/997
f 2475/1371/997 2474/1370/997 2478/1370/997 2479/1371/997
f 2475/1371/997 2479/1371/997 2481/1371/997 2480/1371/997
f 2480/1371/997 2481/1371/997 2483/1371/997 2482/1371/997
f 2484/1370/997 2485/1371/997 2487/1372/997 2486/1373/997
f 2485/1371/997 2484/1370/997 2488/1370/997 2489/1371/997
f 2485/1371/997 2489/1371/997 2491/1371/997 2490/1371/997
f 2490/1371/997 2491/1371/997 2493/1371/997 2492/1371/997
f 2494/1370/997 2495/1371/997 2497/1372/997 2496/1373/997
f 2495/1371/997 2494/1370/997 2498/1370/997 2499/1371/997
f 2495/1371/997 2499/1371/997 2501/1371/997 2500/1371/997
f 2500/1371/997 2501/1371/997 2503/1371/997 2502/1371/997
o Plane.124
v -8.152931 0.000000 28.412508
v -7.593098 0.000000 27.129313
v -8.886185 0.000000 28.092604
v -8.326351 0.000000 26.809408
v -8.152931 0.000000 28.412508
v -7.593098 0.000000 27.129313
v -7.593098 0.000000 27.129313
v -7.593098 0.000000 27.129313
v -7.593098 0.000000 27.129313
v -7.593098 0.000000 27.129313
v -6.954241 0.000000 28.935472
v -6.394408 0.000000 27.652279
v -7.687495 0.000000 28.615568
v -7.127662 0.000000 27.332375
v -6.954241 0.000000 28.935472
v -6.394408 0.000000 27.652279
v -6.394408 0.000000 27.652279
v -6.394408 0.000000 27.652279
v -6.394408 0.000000 27.652279
v -6.394408 0.000000 27.652279
v -8.940884 0.000000 30.199999
v -8.381050 0.000000 28.916805
v -9.674137 0.000000 29.880095
v -9.114305 0.000000 28.596901
v -8.940884 0.000000 30.199999
v -8.381050 0.000000 28.916805
v -8.381050 0.000000 28.916805
v -8.381050 0.000000 28.916805
v -8.381050 0.000000 28.916805
v -8.381050 0.000000 28.916805
v -7.742194 0.000000 30.722965
v -7.182361 0.000000 29.439772
v -8.475448 0.000000 30.403061
v -7.915615 0.000000 29.119865
v -7.742194 0.000000 30.722965
v -7.182361 0.000000 29.439772
v -7.182361 0.000000 29.439772
v -7.182361 0.000000 29.439772
v -7.182361 0.000000 29.439772
v -7.182361 0.000000 29.439772
vn -0.0000 1.0000 -0.0000
vt 0.000000 0.000000
vt 1.000000 0.000000
vt 1.000000 1.000000
vt 0.000000 1.000000
s 0
f 2504/1374/998 2505/1375/998 2507/1376/998 2506/1377/998
f 2505/1375/998 2504/1374/998 2508/1374/998 2509/1375/998
f 2505/1375/998 2509/1375/998 2511/1375/998 2510/1375/998
f 2510/1375/998 2511/1375/998 2513/1375/998 2512/1375/998
f 2514/1374/998 2515/1375/998 2517/1376/998 2516/1377/998
f 2515/1375/998 2514/1374/998 2518/1374/998 2519/1375/998
f 2515/1375/998 2519/1375/998 2521/1375/998 2520/1375/998
f 2520/1375/998 2521/1375/998 2523/1375/998 2522/1375/998
f 2524/1374/998 2525/1375/998 2527/1376/998 2526/1377/998
f 2525/1375/998 2524/1374/998 2528/1374/998 2529/1375/998
f 2525/1375/998 2529/1375/998 2531/1375/998 2530/1375/998
f 2530/1375/998 2531/1375/998 2533/1375/998 2532/1375/998
f 2534/1374/998 2535/1375/998 2537/1376/998 2536/1377/998
f 2535/1375/998 2534/1374/998 2538/1374/998 2539/1375/998
f 2535/1375/998 2539/1375/998 2541/1375/998 2540/1375/998
f 2540/1375/998 2541/1375/998 2543/1375/998 2542/1375/998
o Plane.125
v -10.364598 0.000000 27.224619
v -9.651353 0.000000 26.019928
v -11.052993 0.000000 26.817051
v -10.339747 0.000000 25.612360
v -10.364598 0.000000 27.224619
v -9.651353 0.000000 26.019928
v -9.651353 0.000000 26.019928
v -9.651353 0.000000 26.019928
v -9.651353 0.000000 26.019928
v -9.651353 0.000000 26.019928
v -9.239243 0.000000 27.890896
v -8.525996 0.000000 26.686203
v -9.927637 0.000000 27.483326
v -9.214391 0.000000 26.278635
v -9.239243 0.000000 27.890896
v -8.525996 0.000000 26.686203
v -8.525996 0.000000 26.686203
v -8.525996 0.000000 26.686203
v -8.525996 0.000000 26.686203
v -8.525996 0.000000 26.686203
v -11.366194 0.000000 28.901760
v -10.652948 0.000000 27.697069
v -12.054589 0.000000 28.494192
v -11.341343 0.000000 27.289501
v -11.366194 0.000000 28.901760
v -10.652948 0.000000 27.697069
v -10.652948 0.000000 27.697069
v -10.652948 0.000000 27.697069
v -10.652948 0.000000 27.697069
v -10.652948 0.000000 27.697069
v -10.240838 0.000000 29.568037
v -9.527592 0.000000 28.363346
v -10.929233 0.000000 29.160467
v -10.215987 0.000000 27.955776
v -10.240838 0.000000 29.568037
v -9.527592 0.000000 28.363346
v -9.527592 0.000000 28.363346
v -9.527592 0.000000 28.363346
v -9.527592 0.000000 28.363346
v -9.527592 0.000000 28.363346
vn -0.0000 1.0000 -0.0000
vt 0.000000 0.000000
vt 1.000000 0.000000
vt 1.000000 1.000000
vt 0.000000 1.000000
s 0
f 2544/1378/999 2545/1379/999 2547/1380/999 2546/1381/999
f 2545/1379/999 2544/1378/999 2548/1378/999 2549/1379/999
f 2545/1379/999 2549/1379/999 2551/1379/999 2550/1379/999
f 2550/1379/999 2551/1379/999 2553/1379/999 2552/1379/999
f 2554/1378/999 2555/1379/999 2557/1380/999 2556/1381/999
f 2555/1379/999 2554/1378/999 2558/1378/999 2559/1379/999
f 2555/1379/999 2559/1379/999 2561/1379/999 2560/1379/999
f 2560/1379/999 2561/1379/999 2563/1379/999 2562/1379/999
f 2564/1378/999 2565/1379/999 2567/1380/999 2566/1381/999
f 2565/1379/999 2564/1378/999 2568/1378/999 2569/1379/999
f 2565/1379/999 2569/1379/999 2571/1379/999 2570/1379/999
f 2570/1379/999 2571/1379/999 2573/1379/999 2572/1379/999
f 2574/1378/999 2575/1379/999 2577/1380/999 2576/1381/999
f 2575/1379/999 2574/1378/999 2578/1378/999 2579/1379/999
f 2575/1379/999 2579/1379/999 2581/1379/999 2580/1379/999
f 2580/1379/999 2581/1379/999 2583/1379/999 2582/1379/999
o Plane.126
v -12.430031 0.000000 25.891052
v -11.622505 0.000000 24.747417
v -13.083536 0.000000 25.429607
v -12.276011 0.000000 24.285973
v -12.430031 0.000000 25.891052
v -11.622505 0.000000 24.747417
v -11.622505 0.000000 24.747417
v -11.622505 0.000000 24.747417
v -11.622505 0.000000 24.747417
v -11.622505 0.000000 24.747417
v -11.361710 0.000000 26.645399
v -10.554183 0.000000 25.501762
v -12.015215 0.000000 26.183954
v -11.207689 0.000000 25.040319
v -11.361710 0.000000 26.645399
v -10.554183 0.000000 25.501762
v -10.554183 0.000000 25.501762
v -10.554183 0.000000 25.501762
v -10.554183 0.000000 25.501762
v -10.554183 0.000000 25.501762
v -13.562853 0.000000 27.482502
v -12.755327 0.000000 26.338865
v -14.216359 0.000000 27.021057
v -13.408834 0.000000 25.877422
v -13.562853 0.000000 27.482502
v -12.755327 0.000000 26.338865
v -12.755327 0.000000 26.338865
v -12.755327 0.000000 26.338865
v -12.755327 0.000000 26.338865
v -12.755327 0.000000 26.338865
v -12.494532 0.000000 28.236847
v -11.687006 0.000000 27.093212
v -13.148038 0.000000 27.775404
v -12.340511 0.000000 26.631769
v -12.494532 0.000000 28.236847
v -11.687006 0.000000 27.093212
v -11.687006 0.000000 27.093212
v -11.687006 0.000000 27.093212
v -11.687006 0.000000 27.093212
v -11.687006 0.000000 27.093212
vn -0.0000 1.0000 -0.0000
vt 0.000000 0.000000
vt 1.000000 0.000000
vt 1.000000 1.000000
vt 0.000000 1.000000
s 0
f 2584/1382/1000 2585/1383/1000 2587/1384/1000 2586/1385/1000
f 2585/1383/1000 2584/1382/1000 2588/1382/1000 2589/1383/1000
f 2585/1383/1000 2589/1383/1000 2591/1383/1000 2590/1383/1000
f 2590/1383/1000 2591/1383/1000 2593/1383/1000 2592/1383/1000
f 2594/1382/1000 2595/1383/1000 2597/1384/1000 2596/1385/1000
f 2595/1383/1000 2594/1382/1000 2598/1382/1000 2599/1383/1000
f 2595/1383/1000 2599/1383/1000 2601/1383/1000 2600/1383/1000
f 2600/1383/1000 2601/1383/1000 2603/1383/1000 2602/1383/1000
f 2604/1382/1000 2605/1383/1000 2607/1384/1000 2606/1385/1000
f 2605/1383/1000 2604/1382/1000 2608/1382/1000 2609/1383/1000
f 2605/1383/1000 2609/1383/1000 2611/1383/1000 2610/1383/1000
f 2610/1383/1000 2611/1383/1000 2613/1383/1000 2612/1383/1000
f 2614/1382/1000 2615/1383/1000 2617/1384/1000 2616/1385/1000
f 2615/1383/1000 2614/1382/1000 2618/1382/1000 2619/1383/1000
f 2615/1383/1000 2619/1383/1000 2621/1383/1000 2620/1383/1000
f 2620/1383/1000 2621/1383/1000 2623/1383/1000 2622/1383/1000
o Plane.127
v -14.450571 0.000000 24.294252
v -13.498877 0.000000 23.267473
v -15.037302 0.000000 23.750425
v -14.085608 0.000000 22.723646
v -14.450571 0.000000 24.294252
v -13.498877 0.000000 23.267473
v -13.498877 0.000000 23.267473
v -13.498877 0.000000 23.267473
v -13.498877 0.000000 23.267473
v -13.498877 0.000000 23.267473
v -13.491410 0.000000 25.183273
v -12.539715 0.000000 24.156494
v -14.078141 0.000000 24.639448
v -13.126446 0.000000 23.612669
v -13.491410 0.000000 25.183273
v -12.539715 0.000000 24.156494
v -12.539715 0.000000 24.156494
v -12.539715 0.000000 24.156494
v -12.539715 0.000000 24.156494
v -12.539715 0.000000 24.156494
v -15.783936 0.000000 25.721886
v -14.832240 0.000000 24.695107
v -16.370667 0.000000 25.178061
v -15.418972 0.000000 24.151279
v -15.783936 0.000000 25.721886
v -14.832240 0.000000 24.695107
v -14.832240 0.000000 24.695107
v -14.832240 0.000000 24.695107
v -14.832240 0.000000 24.695107
v -14.832240 0.000000 24.695107
v -14.824775 0.000000 26.610907
v -13.873079 0.000000 25.584127
v -15.411506 0.000000 26.067081
v -14.459810 0.000000 25.040302
v -14.824775 0.000000 26.610907
v -13.873079 0.000000 25.584127
v -13.873079 0.000000 25.584127
v -13.873079 0.000000 25.584127
v -13.873079 0.000000 25.584127
v -13.873079 0.000000 25.584127
vn -0.0000 1.0000 -0.0000
vt 0.000000 0.000000
vt 1.000000 0.000000
vt 1.000000 1.000000
vt 0.000000 1.000000
s 0
f 2624/1386/1001 2625/1387/1001 2627/1388/1001 2626/1389/1001
f 2625/1387/1001 2624/1386/1001 2628/1386/1001 2629/1387/1001
f 2625/1387/1001 2629/1387/1001 2631/1387/1001 2630/1387/1001
f 2630/1387/1001 2631/1387/1001 2633/1387/1001 2632/1387/1001
f 2634/1386/1001 2635/1387/1001 2637/1388/1001 2636/1389/1001
f 2635/1387/1001 2634/1386/1001 2638/1386/1001 2639/1387/1001
f 2635/1387/1001 2639/1387/1001 2641/1387/1001 2640/1387/1001
f 2640/1387/1001 2641/1387/1001 2643/1387/1001 2642/1387/1001
f 2644/1386/1001 2645/1387/1001 2647/1388/1001 2646/1389/1001
f 2645/1387/1001 2644/1386/1001 2648/1386/1001 2649/1387/1001
f 2645/1387/1001 2649/1387/1001 2651/1387/1001 2650/1387/1001
f 2650/1387/1001 2651/1387/1001 2653/1387/1001 2652/1387/1001
f 2654/1386/1001 2655/1387/1001 2657/1388/1001 2656/1389/1001
f 2655/1387/1001 2654/1386/1001 2658/1386/1001 2659/1387/1001
f 2655/1387/1001 2659/1387/1001 2661/1387/1001 2660/1387/1001
f 2660/1387/1001 2661/1387/1001 2663/1387/1001 2662/1387/1001
o Plane.128
v -16.187140 0.000000 22.452900
v -15.102423 0.000000 21.567806
v -16.692907 0.000000 21.833061
v -15.608190 0.000000 20.947968
v -16.187140 0.000000 22.452900
v -15.102423 0.000000 21.567806
v -15.102423 0.000000 21.567806
v -15.102423 0.000000 21.567806
v -15.102423 0.000000 21.567806
v -15.102423 0.000000 21.567806
v -15.360335 0.000000 23.466183
v -14.275618 0.000000 22.581091
v -15.866102 0.000000 22.846344
v -14.781385 0.000000 21.961252
v -15.360335 0.000000 23.466183
v -14.275618 0.000000 22.581091
v -14.275618 0.000000 22.581091
v -14.275618 0.000000 22.581091
v -14.275618 0.000000 22.581091
v -14.275618 0.000000 22.581091
v -17.705360 0.000000 23.682129
v -16.620644 0.000000 22.797035
v -18.211128 0.000000 23.062290
v -17.126411 0.000000 22.177198
v -17.705360 0.000000 23.682129
v -16.620644 0.000000 22.797035
v -16.620644 0.000000 22.797035
v -16.620644 0.000000 22.797035
v -16.620644 0.000000 22.797035
v -16.620644 0.000000 22.797035
v -16.878555 0.000000 24.695412
v -15.793839 0.000000 23.810320
v -17.384323 0.000000 24.075573
v -16.299606 0.000000 23.190481
v -16.878555 0.000000 24.695412
v -15.793839 0.000000 23.810320
v -15.793839 0.000000 23.810320
v -15.793839 0.000000 23.810320
v -15.793839 0.000000 23.810320
v -15.793839 0.000000 23.810320
vn -0.0000 1.0000 -0.0000
vt 0.000000 0.000000
vt 1.000000 0.000000
vt 1.000000 1.000000
vt 0.000000 1.000000
s 0
f 2664/1390/1002 2665/1391/1002 2667/1392/1002 2666/1393/1002
f 2665/1391/1002 2664/1390/1002 2668/1390/1002 2669/1391/1002
f 2665/1391/1002 2669/1391/1002 2671/1391/1002 2670/1391/1002
f 2670/1391/1002 2671/1391/1002 2673/1391/1002 2672/1391/1002
f 2674/1390/1002 2675/1391/1002 2677/1392/1002 2676/1393/1002
f 2675/1391/1002 2674/1390/1002 2678/1390/1002 2679/1391/1002
f 2675/1391/1002 2679/1391/1002 2681/1391/1002 2680/1391/1002
f 2680/1391/1002 2681/1391/1002 2683/1391/1002 2682/1391/1002
f 2684/1390/1002 2685/1391/1002 2687/1392/1002 2686/1393/1002
f 2685/1391/1002 2684/1390/1002 2688/1390/1002 2689/1391/1002
f 2685/1391/1002 2689/1391/1002 2691/1391/1002 2690/1391/1002
f 2690/1391/1002 2691/1391/1002 2693/1391/1002 2692/1391/1002
f 2694/1390/1002 2695/1391/1002 2697/1392/1002 2696/1393/1002
f 2695/1391/1002 2694/1390/1002 2698/1390/1002 2699/1391/1002
f 2695/1391/1002 2699/1391/1002 2701/1391/1002 2700/1391/1002
f 2700/1391/1002 2701/1391/1002 2703/1391/1002 2702/1391/1002
o Plane.129
v -17.647617 0.000000 20.397232
v -16.468513 0.000000 19.642435
v -18.078930 0.000000 19.723459
v -16.899826 0.000000 18.968662
v -17.647617 0.000000 20.397232
v -16.468513 0.000000 19.642435
v -16.468513 0.000000 19.642435
v -16.468513 0.000000 19.642435
v -16.468513 0.000000 19.642435
v -16.468513 0.000000 19.642435
v -16.942528 0.000000 21.498684
v -15.763426 0.000000 20.743889
v -17.373840 0.000000 20.824911
v -16.194736 0.000000 20.070116
v -16.942528 0.000000 21.498684
v -15.763426 0.000000 20.743889
v -15.763426 0.000000 20.743889
v -15.763426 0.000000 20.743889
v -15.763426 0.000000 20.743889
v -15.763426 0.000000 20.743889
v -19.296844 0.000000 21.444155
v -18.117741 0.000000 20.689360
v -19.728155 0.000000 20.770382
v -18.549053 0.000000 20.015587
v -19.296844 0.000000 21.444155
v -18.117741 0.000000 20.689360
v -18.117741 0.000000 20.689360
v -18.117741 0.000000 20.689360
v -18.117741 0.000000 20.689360
v -18.117741 0.000000 20.689360
v -18.591755 0.000000 22.545609
v -17.412653 0.000000 21.790813
v -19.023067 0.000000 21.871836
v -17.843964 0.000000 21.117039
v -18.591755 0.000000 22.545609
v -17.412653 0.000000 21.790813
v -17.412653 0.000000 21.790813
v -17.412653 0.000000 21.790813
v -17.412653 0.000000 21.790813
v -17.412653 0.000000 21.790813
vn -0.0000 1.0000 -0.0000
vt 0.000000 0.000000
vt 1.000000 0.000000
vt 1.000000 1.000000
vt 0.000000 1.000000
s 0
f 2704/1394/1003 2705/1395/1003 2707/1396/1003 2706/1397/1003
f 2705/1395/1003 2704/1394/1003 2708/1394/1003 2709/1395/1003
f 2705/1395/1003 2709/1395/1003 2711/1395/1003 2710/1395/1003
f 2710/1395/1003 2711/1395/1003 2713/1395/1003 2712/1395/1003
f 2714/1394/1003 2715/1395/1003 2717/1396/1003 2716/1397/1003
f 2715/1395/1003 2714/1394/1003 2718/1394/1003 2719/1395/1003
f 2715/1395/1003 2719/1395/1003 2721/1395/1003 2720/1395/1003
f 2720/1395/1003 2721/1395/1003 2723/1395/1003 2722/1395/1003
f 2724/1394/1003 2725/1395/1003 2727/1396/1003 2726/1397/1003
f 2725/1395/1003 2724/1394/1003 2728/1394/1003 2729/1395/1003
f 2725/1395/1003 2729/1395/1003 2731/1395/1003 2730/1395/1003
f 2730/1395/1003 2731/1395/1003 2733/1395/1003 2732/1395/1003
f 2734/1394/1003 2735/1395/1003 2737/1396/1003 2736/1397/1003
f 2735/1395/1003 2734/1394/1003 2738/1394/1003 2739/1395/1003
f 2735/1395/1003 2739/1395/1003 2741/1395/1003 2740/1395/1003
f 2740/1395/1003 2741/1395/1003 2743/1395/1003 2742/1395/1003
o Plane.130
v -18.832064 0.000000 18.276917
v -17.587660 0.000000 17.635466
v -19.198606 0.000000 17.565828
v -17.954203 0.000000 16.924377
v -18.832064 0.000000 18.276917
v -17.587660 0.000000 17.635466
v -17.587660 0.000000 17.635466
v -17.587660 0.000000 17.635466
v -17.587660 0.000000 17.635466
v -17.587660 0.000000 17.635466
v -18.232855 0.000000 19.439371
v -16.988451 0.000000 18.797918
v -18.599398 0.000000 18.728283
v -17.354994 0.000000 18.086832
v -18.232855 0.000000 19.439371
v -16.988451 0.000000 18.797918
v -16.988451 0.000000 18.797918
v -16.988451 0.000000 18.797918
v -16.988451 0.000000 18.797918
v -16.988451 0.000000 18.797918
v -20.571804 0.000000 19.165342
v -19.327400 0.000000 18.523891
v -20.938347 0.000000 18.454254
v -19.693945 0.000000 17.812803
v -20.571804 0.000000 19.165342
v -19.327400 0.000000 18.523891
v -19.327400 0.000000 18.523891
v -19.327400 0.000000 18.523891
v -19.327400 0.000000 18.523891
v -19.327400 0.000000 18.523891
v -19.972595 0.000000 20.327797
v -18.728191 0.000000 19.686344
v -20.339140 0.000000 19.616709
v -19.094736 0.000000 18.975256
v -19.972595 0.000000 20.327797
v -18.728191 0.000000 19.686344
v -18.728191 0.000000 19.686344
v -18.728191 0.000000 19.686344
v -18.728191 0.000000 19.686344
v -18.728191 0.000000 19.686344
vn -0.0000 1.0000 -0.0000
vt 0.000000 0.000000
vt 1.000000 0.000000
vt 1.000000 1.000000
vt 0.000000 1.000000
s 0
f 2744/1398/1004 2745/1399/1004 2747/1400/1004 2746/1401/1004
f 2745/1399/1004 2744/1398/1004 2748/1398/1004 2749/1399/1004
f 2745/1399/1004 2749/1399/1004 2751/1399/1004 2750/1399/1004
f 2750/1399/1004 2751/1399/1004 2753/1399/1004 2752/1399/1004
f 2754/1398/1004 2755/1399/1004 2757/1400/1004 2756/1401/1004
f 2755/1399/1004 2754/1398/1004 2758/1398/1004 2759/1399/1004
f 2755/1399/1004 2759/1399/1004 2761/1399/1004 2760/1399/1004
f 2760/1399/1004 2761/1399/1004 2763/1399/1004 2762/1399/1004
f 2764/1398/1004 2765/1399/1004 2767/1400/1004 2766/1401/1004
f 2765/1399/1004 2764/1398/1004 2768/1398/1004 2769/1399/1004
f 2765/1399/1004 2769/1399/1004 2771/1399/1004 2770/1399/1004
f 2770/1399/1004 2771/1399/1004 2773/1399/1004 2772/1399/1004
f 2774/1398/1004 2775/1399/1004 2777/1400/1004 2776/1401/1004
f 2775/1399/1004 2774/1398/1004 2778/1398/1004 2779/1399/1004
f 2775/1399/1004 2779/1399/1004 2781/1399/1004 2780/1399/1004
f 2780/1399/1004 2781/1399/1004 2783/1399/1004 2782/1399/1004
o Plane.131
v 12.478140 0.000000 30.877890
v 11.825992 0.000000 29.639057
v 11.770236 0.000000 31.250546
v 11.118088 0.000000 30.011713
v 12.478140 0.000000 30.877890
v 11.825992 0.000000 29.639057
v 11.825992 0.000000 29.639057
v 11.825992 0.000000 29.639057
v 11.825992 0.000000 29.639057
v 11.825992 0.000000 29.639057
v 13.635387 0.000000 30.268688
v 12.983240 0.000000 29.029858
v 12.927485 0.000000 30.641344
v 12.275336 0.000000 29.402514
v 13.635387 0.000000 30.268688
v 12.983240 0.000000 29.029858
v 12.983240 0.000000 29.029858
v 12.983240 0.000000 29.029858
v 12.983240 0.000000 29.029858
v 12.983240 0.000000 29.029858
v 13.381520 0.000000 32.609913
v 12.729372 0.000000 31.371080
v 12.673616 0.000000 32.982567
v 12.021468 0.000000 31.743736
v 13.381520 0.000000 32.609913
v 12.729372 0.000000 31.371080
v 12.729372 0.000000 31.371080
v 12.729372 0.000000 31.371080
v 12.729372 0.000000 31.371080
v 12.729372 0.000000 31.371080
v 14.538769 0.000000 32.000710
v 13.886621 0.000000 30.761879
v 13.830865 0.000000 32.373367
v 13.178717 0.000000 31.134535
v 14.538769 0.000000 32.000710
v 13.886621 0.000000 30.761879
v 13.886621 0.000000 30.761879
v 13.886621 0.000000 30.761879
v 13.886621 0.000000 30.761879
v 13.886621 0.000000 30.761879
vn -0.0000 1.0000 -0.0000
vt 0.000000 0.000000
vt 1.000000 0.000000
vt 1.000000 1.000000
vt 0.000000 1.000000
s 0
f 2784/1402/1005 2785/1403/1005 2787/1404/1005 2786/1405/1005
f 2785/1403/1005 2784/1402/1005 2788/1402/1005 2789/1403/1005
f 2785/1403/1005 2789/1403/1005 2791/1403/1005 2790/1403/1005
f 2790/1403/1005 2791/1403/1005 2793/1403/1005 2792/1403/1005
f 2794/1402/1005 2795/1403/1005 2797/1404/1005 2796/1405/1005
f 2795/1403/1005 2794/1402/1005 2798/1402/1005 2799/1403/1005
f 2795/1403/1005 2799/1403/1005 2801/1403/1005 2800/1403/1005
f 2800/1403/1005 2801/1403/1005 2803/1403/1005 2802/1403/1005
f 2804/1402/1005 2805/1403/1005 2807/1404/1005 2806/1405/1005
f 2805/1403/1005 2804/1402/1005 2808/1402/1005 2809/1403/1005
f 2805/1403/1005 2809/1403/1005 2811/1403/1005 2810/1403/1005
f 2810/1403/1005 2811/1403/1005 2813/1403/1005 2812/1403/1005
f 2814/1402/1005 2815/1403/1005 2817/1404/1005 2816/1405/1005
f 2815/1403/1005 2814/1402/1005 2818/1402/1005 2819/1403/1005
f 2815/1403/1005 2819/1403/1005 2821/1403/1005 2820/1403/1005
f 2820/1403/1005 2821/1403/1005 2823/1403/1005 2822/1403/1005
o Plane.132
v 10.278253 0.000000 32.026192
v 9.695069 0.000000 30.753441
v 9.550965 0.000000 32.359440
v 8.967782 0.000000 31.086689
v 10.278253 0.000000 32.026192
v 9.695069 0.000000 30.753441
v 9.695069 0.000000 30.753441
v 9.695069 0.000000 30.753441
v 9.695069 0.000000 30.753441
v 9.695069 0.000000 30.753441
v 11.467188 0.000000 31.481415
v 10.884005 0.000000 30.208664
v 10.739901 0.000000 31.814663
v 10.156717 0.000000 30.541910
v 11.467188 0.000000 31.481415
v 10.884005 0.000000 30.208664
v 10.884005 0.000000 30.208664
v 10.884005 0.000000 30.208664
v 10.884005 0.000000 30.208664
v 10.884005 0.000000 30.208664
v 11.085224 0.000000 33.805180
v 10.502042 0.000000 32.532429
v 10.357938 0.000000 34.138428
v 9.774755 0.000000 32.865673
v 11.085224 0.000000 33.805180
v 10.502042 0.000000 32.532429
v 10.502042 0.000000 32.532429
v 10.502042 0.000000 32.532429
v 10.502042 0.000000 32.532429
v 10.502042 0.000000 32.532429
v 12.274160 0.000000 33.260403
v 11.690977 0.000000 31.987650
v 11.546873 0.000000 33.593651
v 10.963690 0.000000 32.320896
v 12.274160 0.000000 33.260403
v 11.690977 0.000000 31.987650
v 11.690977 0.000000 31.987650
v 11.690977 0.000000 31.987650
v 11.690977 0.000000 31.987650
v 11.690977 0.000000 31.987650
vn -0.0000 1.0000 -0.0000
vt 0.000000 0.000000
vt 1.000000 0.000000
vt 1.000000 1.000000
vt 0.000000 1.000000
s 0
f 2824/1406/1006 2825/1407/1006 2827/1408/1006 2826/1409/1006
f 2825/1407/1006 2824/1406/1006 2828/1406/1006 2829/1407/1006
f 2825/1407/1006 2829/1407/1006 2831/1407/1006 2830/1407/1006
f 2830/1407/1006 2831/1407/1006 2833/1407/1006 2832/1407/1006
f 2834/1406/1006 2835/1407/1006 2837/1408/1006 2836/1409/1006
f 2835/1407/1006 2834/1406/1006 2838/1406/1006 2839/1407/1006
f 2835/1407/1006 2839/1407/1006 2841/1407/1006 2840/1407/1006
f 2840/1407/1006 2841/1407/1006 2843/1407/1006 2842/1407/1006
f 2844/1406/1006 2845/1407/1006 2847/1408/1006 2846/1409/1006
f 2845/1407/1006 2844/1406/1006 2848/1406/1006 2849/1407/1006
f 2845/1407/1006 2849/1407/1006 2851/1407/1006 2850/1407/1006
f 2850/1407/1006 2851/1407/1006 2853/1407/1006 2852/1407/1006
f 2854/1406/1006 2855/1407/1006 2857/1408/1006 2856/1409/1006
f 2855/1407/1006 2854/1406/1006 2858/1406/1006 2859/1407/1006
f 2855/1407/1006 2859/1407/1006 2861/1407/1006 2860/1407/1006
f 2860/1407/1006 2861/1407/1006 2863/1407/1006 2862/1407/1006
o Plane.133
v 7.861156 0.000000 32.966709
v 7.478620 0.000000 31.619987
v 7.091600 0.000000 33.185303
v 6.709064 0.000000 31.838579
v 7.861156 0.000000 32.966709
v 7.478620 0.000000 31.619987
v 7.478620 0.000000 31.619987
v 7.478620 0.000000 31.619987
v 7.478620 0.000000 31.619987
v 7.478620 0.000000 31.619987
v 9.119192 0.000000 32.609367
v 8.736656 0.000000 31.262642
v 8.349636 0.000000 32.827957
v 7.967099 0.000000 31.481234
v 9.119192 0.000000 32.609367
v 8.736656 0.000000 31.262642
v 8.736656 0.000000 31.262642
v 8.736656 0.000000 31.262642
v 8.736656 0.000000 31.262642
v 8.736656 0.000000 31.262642
v 8.387772 0.000000 34.847847
v 8.005235 0.000000 33.501122
v 7.618215 0.000000 35.066441
v 7.235678 0.000000 33.719715
v 8.387772 0.000000 34.847847
v 8.005235 0.000000 33.501122
v 8.005235 0.000000 33.501122
v 8.005235 0.000000 33.501122
v 8.005235 0.000000 33.501122
v 8.005235 0.000000 33.501122
v 9.645807 0.000000 34.490501
v 9.263270 0.000000 33.143780
v 8.876251 0.000000 34.709095
v 8.493714 0.000000 33.362370
v 9.645807 0.000000 34.490501
v 9.263270 0.000000 33.143780
v 9.263270 0.000000 33.143780
v 9.263270 0.000000 33.143780
v 9.263270 0.000000 33.143780
v 9.263270 0.000000 33.143780
vn -0.0000 1.0000 -0.0000
vt 0.000000 0.000000
vt 1.000000 0.000000
vt 1.000000 1.000000
vt 0.000000 1.000000
s 0
f 2864/1410/1007 2865/1411/1007 2867/1412/1007 2866/1413/1007
f 2865/1411/1007 2864/1410/1007 2868/1410/1007 2869/1411/1007
f 2865/1411/1007 2869/1411/1007 2871/1411/1007 2870/1411/1007
f 2870/1411/1007 2871/1411/1007 2873/1411/1007 2872/1411/1007
f 2874/1410/1007 2875/1411/1007 2877/1412/1007 2876/1413/1007
f 2875/1411/1007 2874/1410/1007 2878/1410/1007 2879/1411/1007
f 2875/1411/1007 2879/1411/1007 2881/1411/1007 2880/1411/1007
f 2880/1411/1007 2881/1411/1007 2883/1411/1007 2882/1411/1007
f 2884/1410/1007 2885/1411/1007 2887/1412/1007 2886/1413/1007
f 2885/1411/1007 2884/1410/1007 2888/1410/1007 2889/1411/1007
f 2885/1411/1007 2889/1411/1007 2891/1411/1007 2890/1411/1007
f 2890/1411/1007 2891/1411/1007 2893/1411/1007 2892/1411/1007
f 2894/1410/1007 2895/1411/1007 2897/1412/1007 2896/1413/1007
f 2895/1411/1007 2894/1410/1007 2898/1410/1007 2899/1411/1007
f 2895/1411/1007 2899/1411/1007 2901/1411/1007 2900/1411/1007
f 2900/1411/1007 2901/1411/1007 2903/1411/1007 2902/1411/1007
o Plane.134
v 5.500143 0.000000 33.594173
v 5.214246 0.000000 32.223675
v 4.717001 0.000000 33.757542
v 4.431105 0.000000 32.387043
v 5.500143 0.000000 33.594173
v 5.214246 0.000000 32.223675
v 5.214246 0.000000 32.223675
v 5.214246 0.000000 32.223675
v 5.214246 0.000000 32.223675
v 5.214246 0.000000 32.223675
v 6.780386 0.000000 33.327103
v 6.494490 0.000000 31.956606
v 5.997245 0.000000 33.490471
v 5.711349 0.000000 32.119976
v 6.780386 0.000000 33.327103
v 6.494490 0.000000 31.956606
v 6.494490 0.000000 31.956606
v 6.494490 0.000000 31.956606
v 6.494490 0.000000 31.956606
v 6.494490 0.000000 31.956606
v 5.891788 0.000000 35.507969
v 5.605891 0.000000 34.137470
v 5.108646 0.000000 35.671337
v 4.822750 0.000000 34.300838
v 5.891788 0.000000 35.507969
v 5.605891 0.000000 34.137470
v 5.605891 0.000000 34.137470
v 5.605891 0.000000 34.137470
v 5.605891 0.000000 34.137470
v 5.605891 0.000000 34.137470
v 7.172031 0.000000 35.240898
v 6.886135 0.000000 33.870399
v 6.388890 0.000000 35.404266
v 6.102993 0.000000 34.033772
v 7.172031 0.000000 35.240898
v 6.886135 0.000000 33.870399
v 6.886135 0.000000 33.870399
v 6.886135 0.000000 33.870399
v 6.886135 0.000000 33.870399
v 6.886135 0.000000 33.870399
vn -0.0000 1.0000 -0.0000
vt 0.000000 0.000000
vt 1.000000 0.000000
vt 1.000000 1.000000
vt 0.000000 1.000000
s 0
f 2904/1414/1008 2905/1415/1008 2907/1416/1008 2906/1417/1008
f 2905/1415/1008 2904/1414/1008 2908/1414/1008 2909/1415/1008
f 2905/1415/1008 2909/1415/1008 2911/1415/1008 2910/1415/1008
f 2910/1415/1008 2911/1415/1008 2913/1415/1008 2912/1415/1008
f 2914/1414/1008 2915/1415/1008 2917/1416/1008 2916/1417/1008
f 2915/1415/1008 2914/1414/1008 2918/1414/1008 2919/1415/1008
f 2915/1415/1008 2919/1415/1008 2921/1415/1008 2920/1415/1008
f 2920/1415/1008 2921/1415/1008 2923/1415/1008 2922/1415/1008
f 2924/1414/1008 2925/1415/1008 2927/1416/1008 2926/1417/1008
f 2925/1415/1008 2924/1414/1008 2928/1414/1008 2929/1415/1008
f 2925/1415/1008 2929/1415/1008 2931/1415/1008 2930/1415/1008
f 2930/1415/1008 2931/1415/1008 2933/1415/1008 2932/1415/1008
f 2934/1414/1008 2935/1415/1008 2937/1416/1008 2936/1417/1008
f 2935/1415/1008 2934/1414/1008 2938/1414/1008 2939/1415/1008
f 2935/1415/1008 2939/1415/1008 2941/1415/1008 2940/1415/1008
f 2940/1415/1008 2941/1415/1008 2943/1415/1008 2942/1415/1008
o Plane.135
v 2.695678 0.000000 33.943375
v 2.536584 0.000000 32.552444
v 1.900861 0.000000 34.034286
v 1.741767 0.000000 32.643356
v 2.695678 0.000000 33.943375
v 2.536584 0.000000 32.552444
v 2.536584 0.000000 32.552444
v 2.536584 0.000000 32.552444
v 2.536584 0.000000 32.552444
v 2.536584 0.000000 32.552444
v 3.995010 0.000000 33.794758
v 3.835916 0.000000 32.403828
v 3.200192 0.000000 33.885670
v 3.041098 0.000000 32.494740
v 3.995010 0.000000 33.794758
v 3.835916 0.000000 32.403828
v 3.835916 0.000000 32.403828
v 3.835916 0.000000 32.403828
v 3.835916 0.000000 32.403828
v 3.835916 0.000000 32.403828
v 2.910285 0.000000 35.885010
v 2.751191 0.000000 34.494080
v 2.115468 0.000000 35.975922
v 1.956374 0.000000 34.584988
v 2.910285 0.000000 35.885010
v 2.751191 0.000000 34.494080
v 2.751191 0.000000 34.494080
v 2.751191 0.000000 34.494080
v 2.751191 0.000000 34.494080
v 2.751191 0.000000 34.494080
v 4.209617 0.000000 35.736393
v 4.050523 0.000000 34.345463
v 3.414799 0.000000 35.827305
v 3.255705 0.000000 34.436371
v 4.209617 0.000000 35.736393
v 4.050523 0.000000 34.345463
v 4.050523 0.000000 34.345463
v 4.050523 0.000000 34.345463
v 4.050523 0.000000 34.345463
v 4.050523 0.000000 34.345463
vn -0.0000 1.0000 -0.0000
vt 0.000000 0.000000
vt 1.000000 0.000000
vt 1.000000 1.000000
vt 0.000000 1.000000
s 0
f 2944/1418/1009 2945/1419/1009 2947/1420/1009 2946/1421/1009
f 2945/1419/1009 2944/1418/1009 2948/1418/1009 2949/1419/1009
f 2945/1419/1009 2949/1419/1009 2951/1419/1009 2950/1419/1009
f 2950/1419/1009 2951/1419/1009 2953/1419/1009 2952/1419/1009
f 2954/1418/1009 2955/1419/1009 2957/1420/1009 2956/1421/1009
f 2955/1419/1009 2954/1418/1009 2958/1418/1009 2959/1419/1009
f 2955/1419/1009 2959/1419/1009 2961/1419/1009 2960/1419/1009
f 2960/1419/1009 2961/1419/1009 2963/1419/1009 2962/1419/1009
f 2964/1418/1009 2965/1419/1009 2967/1420/1009 2966/1421/1009
f 2965/1419/1009 2964/1418/1009 2968/1418/1009 2969/1419/1009
f 2965/1419/1009 2969/1419/1009 2971/1419/1009 2970/1419/1009
f 2970/1419/1009 2971/1419/1009 2973/1419/1009 2972/1419/1009
f 2974/1418/1009 2975/1419/1009 2977/1420/1009 2976/1421/1009
f 2975/1419/1009 2974/1418/1009 2978/1418/1009 2979/1419/1009
f 2975/1419/1009 2979/1419/1009 2981/1419/1009 2980/1419/1009
f 2980/1419/1009 2981/1419/1009 2983/1419/1009 2982/1419/1009
o Plane.136
v 0.192978 0.000000 34.040432
v 0.149476 0.000000 32.641109
v -0.606636 0.000000 34.065289
v -0.650138 0.000000 32.665966
v 0.192978 0.000000 34.040432
v 0.149476 0.000000 32.641109
v 0.149476 0.000000 32.641109
v 0.149476 0.000000 32.641109
v 0.149476 0.000000 32.641109
v 0.149476 0.000000 32.641109
v 1.500149 0.000000 33.999794
v 1.456648 0.000000 32.600471
v 0.700536 0.000000 34.024654
v 0.657034 0.000000 32.625328
v 1.500149 0.000000 33.999794
v 1.456648 0.000000 32.600471
v 1.456648 0.000000 32.600471
v 1.456648 0.000000 32.600471
v 1.456648 0.000000 32.600471
v 1.456648 0.000000 32.600471
v 0.246251 0.000000 35.993164
v 0.202750 0.000000 34.593838
v -0.553362 0.000000 36.018021
v -0.596864 0.000000 34.618698
v 0.246251 0.000000 35.993164
v 0.202750 0.000000 34.593838
v 0.202750 0.000000 34.593838
v 0.202750 0.000000 34.593838
v 0.202750 0.000000 34.593838
v 0.202750 0.000000 34.593838
v 1.553423 0.000000 35.952526
v 1.509922 0.000000 34.553204
v 0.753810 0.000000 35.977386
v 0.710308 0.000000 34.578060
v 1.553423 0.000000 35.952526
v 1.509922 0.000000 34.553204
v 1.509922 0.000000 34.553204
v 1.509922 0.000000 34.553204
v 1.509922 0.000000 34.553204
v 1.509922 0.000000 34.553204
vn -0.0000 1.0000 -0.0000
vt 0.000000 0.000000
vt 1.000000 0.000000
vt 1.000000 1.000000
vt 0.000000 1.000000
s 0
f 2984/1422/1010 2985/1423/1010 2987/1424/1010 2986/1425/1010
f 2985/1423/1010 2984/1422/1010 2988/1422/1010 2989/1423/1010
f 2985/1423/1010 2989/1423/1010 2991/1423/1010 2990/1423/1010
f 2990/1423/1010 2991/1423/1010 2993/1423/1010 2992/1423/1010
f 2994/1422/1010 2995/1423/1010 2997/1424/1010 2996/1425/1010
f 2995/1423/1010 2994/1422/1010 2998/1422/1010 2999/1423/1010
f 2995/1423/1010 2999/1423/1010 3001/1423/1010 3000/1423/1010
f 3000/1423/1010 3001/1423/1010 3003/1423/1010 3002/1423/1010
f 3004/1422/1010 3005/1423/1010 3007/1424/1010 3006/1425/1010
f 3005/1423/1010 3004/1422/1010 3008/1422/1010 3009/1423/1010
f 3005/1423/1010 3009/1423/1010 3011/1423/1010 3010/1423/1010
f 3010/1423/1010 3011/1423/1010 3013/1423/1010 3012/1423/1010
f 3014/1422/1010 3015/1423/1010 3017/1424/1010 3016/1425/1010
f 3015/1423/1010 3014/1422/1010 3018/1422/1010 3019/1423/1010
f 3015/1423/1010 3019/1423/1010 3021/1423/1010 3020/1423/1010
f 3020/1423/1010 3021/1423/1010 3023/1423/1010 3022/1423/1010
o Plane.137
v -2.354338 0.000000 33.799156
v -2.156567 0.000000 32.413197
v -3.146315 0.000000 33.686146
v -2.948545 0.000000 32.300186
v -2.354338 0.000000 33.799156
v -2.156567 0.000000 32.413197
v -2.156567 0.000000 32.413197
v -2.156567 0.000000 32.413197
v -2.156567 0.000000 32.413197
v -2.156567 0.000000 32.413197
v -1.059649 0.000000 33.983902
v -0.861879 0.000000 32.597942
v -1.851627 0.000000 33.870892
v -1.653856 0.000000 32.484932
v -1.059649 0.000000 33.983902
v -0.861879 0.000000 32.597942
v -0.861879 0.000000 32.597942
v -0.861879 0.000000 32.597942
v -0.861879 0.000000 32.597942
v -0.861879 0.000000 32.597942
v -2.637644 0.000000 35.731964
v -2.439873 0.000000 34.346001
v -3.429621 0.000000 35.618950
v -3.231851 0.000000 34.232990
v -2.637644 0.000000 35.731964
v -2.439873 0.000000 34.346001
v -2.439873 0.000000 34.346001
v -2.439873 0.000000 34.346001
v -2.439873 0.000000 34.346001
v -2.439873 0.000000 34.346001
v -1.342955 0.000000 35.916710
v -1.145185 0.000000 34.530746
v -2.134933 0.000000 35.803696
v -1.937162 0.000000 34.417736
v -1.342955 0.000000 35.916710
v -1.145185 0.000000 34.530746
v -1.145185 0.000000 34.530746
v -1.145185 0.000000 34.530746
v -1.145185 0.000000 34.530746
v -1.145185 0.000000 34.530746
vn -0.0000 1.0000 -0.0000
vt 0.000000 0.000000
vt 1.000000 0.000000
vt 1.000000 1.000000
vt 0.000000 1.000000
s 0
f 3024/1426/1011 3025/1427/1011 3027/1428/1011 3026/1429/1011
f 3025/1427/1011 3024/1426/1011 3028/1426/1011 3029/1427/1011
f 3025/1427/1011 3029/1427/1011 3031/1427/1011 3030/1427/1011
f 3030/1427/1011 3031/1427/1011 3033/1427/1011 3032/1427/1011
f 3034/1426/1011 3035/1427/1011 3037/1428/1011 3036/1429/1011
f 3035/1427/1011 3034/1426/1011 3038/1426/1011 3039/1427/1011
f 3035/1427/1011 3039/1427/1011 3041/1427/1011 3040/1427/1011
f 3040/1427/1011 3041/1427/1011 3043/1427/1011 3042/1427/1011
f 3044/1426/1011 3045/1427/1011 3047/1428/1011 3046/1429/1011
f 3045/1427/1011 3044/1426/1011 3048/1426/1011 3049/1427/1011
f 3045/1427/1011 3049/1427/1011 3051/1427/1011 3050/1427/1011
f 3050/1427/1011 3051/1427/1011 3053/1427/1011 3052/1427/1011
f 3054/1426/1011 3055/1427/1011 3057/1428/1011 3056/1429/1011
f 3055/1427/1011 3054/1426/1011 3058/1426/1011 3059/1427/1011
f 3055/1427/1011 3059/1427/1011 3061/1427/1011 3060/1427/1011
f 3060/1427/1011 3061/1427/1011 3063/1427/1011 3062/1427/1011
o Plane.138
v -4.807088 0.000000 33.229908
v -4.429900 0.000000 31.881678
v -5.577506 0.000000 33.014374
v -5.200318 0.000000 31.666142
v -4.807088 0.000000 33.229908
v -4.429900 0.000000 31.881678
v -4.429900 0.000000 31.881678
v -4.429900 0.000000 31.881678
v -4.429900 0.000000 31.881678
v -4.429900 0.000000 31.881678
v -3.547644 0.000000 33.582256
v -3.170456 0.000000 32.234024
v -4.318062 0.000000 33.366722
v -3.940874 0.000000 32.018490
v -3.547644 0.000000 33.582256
v -3.170456 0.000000 32.234024
v -3.170456 0.000000 32.234024
v -3.170456 0.000000 32.234024
v -3.170456 0.000000 32.234024
v -3.170456 0.000000 32.234024
v -5.340538 0.000000 35.109119
v -4.963350 0.000000 33.760887
v -6.110956 0.000000 34.893581
v -5.733768 0.000000 33.545349
v -5.340538 0.000000 35.109119
v -4.963350 0.000000 33.760887
v -4.963350 0.000000 33.760887
v -4.963350 0.000000 33.760887
v -4.963350 0.000000 33.760887
v -4.963350 0.000000 33.760887
v -4.081094 0.000000 35.461468
v -3.703906 0.000000 34.113235
v -4.851512 0.000000 35.245930
v -4.474324 0.000000 33.897697
v -4.081094 0.000000 35.461468
v -3.703906 0.000000 34.113235
v -3.703906 0.000000 34.113235
v -3.703906 0.000000 34.113235
v -3.703906 0.000000 34.113235
v -3.703906 0.000000 34.113235
vn -0.0000 1.0000 -0.0000
vt 0.000000 0.000000
vt 1.000000 0.000000
vt 1.000000 1.000000
vt 0.000000 1.000000
s 0
f 3064/1430/1012 3065/1431/1012 3067/1432/1012 3066/1433/1012
f 3065/1431/1012 3064/1430/1012 3068/1430/1012 3069/1431/1012
f 3065/1431/1012 3069/1431/1012 3071/1431/1012 3070/1431/1012
f 3070/1431/1012 3071/1431/1012 3073/1431/1012 3072/1431/1012
f 3074/1430/1012 3075/1431/1012 3077/1432/1012 3076/1433/1012
f 3075/1431/1012 3074/1430/1012 3078/1430/1012 3079/1431/1012
f 3075/1431/1012 3079/1431/1012 3081/1431/1012 3080/1431/1012
f 3080/1431/1012 3081/1431/1012 3083/1431/1012 3082/1431/1012
f 3084/1430/1012 3085/1431/1012 3087/1432/1012 3086/1433/1012
f 3085/1431/1012 3084/1430/1012 3088/1430/1012 3089/1431/1012
f 3085/1431/1012 3089/1431/1012 3091/1431/1012 3090/1431/1012
f 3090/1431/1012 3091/1431/1012 3093/1431/1012 3092/1431/1012
f 3094/1430/1012 3095/1431/1012 3097/1432/1012 3096/1433/1012
f 3095/1431/1012 3094/1430/1012 3098/1430/1012 3099/1431/1012
f 3095/1431/1012 3099/1431/1012 3101/1431/1012 3100/1431/1012
f 3100/1431/1012 3101/1431/1012 3103/1431/1012 3102/1431/1012
o Plane.139
v 5.878237 0.000000 41.467484
v 5.487287 0.000000 40.123180
v 5.110063 0.000000 41.690884
v 4.719112 0.000000 40.346581
v 5.878237 0.000000 41.467484
v 5.487287 0.000000 40.123180
v 5.487287 0.000000 40.123180
v 5.487287 0.000000 40.123180
v 5.487287 0.000000 40.123180
v 5.487287 0.000000 40.123180
v 7.134014 0.000000 41.102280
v 6.743063 0.000000 39.757973
v 6.365839 0.000000 41.325680
v 5.974889 0.000000 39.981377
v 7.134014 0.000000 41.102280
v 6.743063 0.000000 39.757973
v 6.743063 0.000000 39.757973
v 6.743063 0.000000 39.757973
v 6.743063 0.000000 39.757973
v 6.743063 0.000000 39.757973
vn -0.0000 1.0000 -0.0000
vt 0.000000 0.000000
vt 1.000000 0.000000
vt 1.000000 1.000000
vt 0.000000 1.000000
s 0
f 3104/1434/1013 3105/1435/1013 3107/1436/1013 3106/1437/1013
f 3105/1435/1013 3104/1434/1013 3108/1434/1013 3109/1435/1013
f 3105/1435/1013 3109/1435/1013 3111/1435/1013 3110/1435/1013
f 3110/1435/1013 3111/1435/1013 3113/1435/1013 3112/1435/1013
f 3114/1434/1013 3115/1435/1013 3117/1436/1013 3116/1437/1013
f 3115/1435/1013 3114/1434/1013 3118/1434/1013 3119/1435/1013
f 3115/1435/1013 3119/1435/1013 3121/1435/1013 3120/1435/1013
f 3120/1435/1013 3121/1435/1013 3123/1435/1013 3122/1435/1013
o Plane.140
v 5.308285 0.000000 39.693672
v 4.917335 0.000000 38.349369
v 4.540111 0.000000 39.917072
v 4.149160 0.000000 38.572769
v 5.308285 0.000000 39.693672
v 4.917335 0.000000 38.349369
v 4.917335 0.000000 38.349369
v 4.917335 0.000000 38.349369
v 4.917335 0.000000 38.349369
v 4.917335 0.000000 38.349369
v 6.564062 0.000000 39.328468
v 6.173111 0.000000 37.984161
v 5.795887 0.000000 39.551868
v 5.404937 0.000000 38.207565
v 6.564062 0.000000 39.328468
v 6.173111 0.000000 37.984161
v 6.173111 0.000000 37.984161
v 6.173111 0.000000 37.984161
v 6.173111 0.000000 37.984161
v 6.173111 0.000000 37.984161
vn -0.0000 1.0000 -0.0000
vt 0.000000 0.000000
vt 1.000000 0.000000
vt 1.000000 1.000000
vt 0.000000 1.000000
s 0
f 3124/1438/1014 3125/1439/1014 3127/1440/1014 3126/1441/1014
f 3125/1439/1014 3124/1438/1014 3128/1438/1014 3129/1439/1014
f 3125/1439/1014 3129/1439/1014 3131/1439/1014 3130/1439/1014
f 3130/1439/1014 3131/1439/1014 3133/1439/1014 3132/1439/1014
f 3134/1438/1014 3135/1439/1014 3137/1440/1014 3136/1441/1014
f 3135/1439/1014 3134/1438/1014 3138/1438/1014 3139/1439/1014
f 3135/1439/1014 3139/1439/1014 3141/1439/1014 3140/1439/1014
f 3140/1439/1014 3141/1439/1014 3143/1439/1014 3142/1439/1014
o Plane.141
v 4.814947 0.000000 37.993176
v 4.423996 0.000000 36.648872
v 4.046772 0.000000 38.216576
v 3.655821 0.000000 36.872272
v 4.814947 0.000000 37.993176
v 4.423996 0.000000 36.648872
v 4.423996 0.000000 36.648872
v 4.423996 0.000000 36.648872
v 4.423996 0.000000 36.648872
v 4.423996 0.000000 36.648872
v 6.070724 0.000000 37.627972
v 5.679773 0.000000 36.283669
v 5.302548 0.000000 37.851372
v 4.911598 0.000000 36.507069
v 6.070724 0.000000 37.627972
v 5.679773 0.000000 36.283669
v 5.679773 0.000000 36.283669
v 5.679773 0.000000 36.283669
v 5.679773 0.000000 36.283669
v 5.679773 0.000000 36.283669
vn -0.0000 1.0000 -0.0000
vt 0.000000 0.000000
vt 1.000000 0.000000
vt 1.000000 1.000000
vt 0.000000 1.000000
s 0
f 3144/1442/1015 3145/1443/1015 3147/1444/1015 3146/1445/1015
f 3145/1443/1015 3144/1442/1015 3148/1442/1015 3149/1443/1015
f 3145/1443/1015 3149/1443/1015 3151/1443/1015 3150/1443/1015
f 3150/1443/1015 3151/1443/1015 3153/1443/1015 3152/1443/1015
f 3154/1442/1015 3155/1443/1015 3157/1444/1015 3156/1445/1015
f 3155/1443/1015 3154/1442/1015 3158/1442/1015 3159/1443/1015
f 3155/1443/1015 3159/1443/1015 3161/1443/1015 3160/1443/1015
f 3160/1443/1015 3161/1443/1015 3163/1443/1015 3162/1443/1015
o v_hlid.001
v 2.750000 0.000000 2.000000
v 4.139461 4.000000 1.236724
v 2.750000 0.000000 -2.000000
v 4.139461 4.000000 -1.236724
v 10.250000 0.000000 2.000000
v 8.860538 4.000000 1.236724
v 10.250000 0.000000 -2.000000
v 8.860538 4.000000 -1.236724
vn -0.9446 0.3281 -0.0000
vn -0.0000 0.1874 -0.9823
vn 0.9446 0.3281 -0.0000
vn -0.0000 0.1874 0.9823
vn -0.0000 -1.0000 -0.0000
vn -0.0000 1.0000 -0.0000
vt 0.375000 0.000000
vt 0.625000 0.000000
vt 0.625000 0.250000
vt 0.375000 0.250000
vt 0.625000 0.500000
vt 0.375000 0.500000
vt 0.625000 0.750000
vt 0.375000 0.750000
vt 0.625000 1.000000
vt 0.375000 1.000000
vt 0.125000 0.500000
vt 0.125000 0.750000
vt 0.875000 0.500000
vt 0.875000 0.750000
s 0
usemtl Material.003
f 3164/1446/1016 3165/1447/1016 3167/1448/1016 3166/1449/1016
f 3166/1449/1017 3167/1448/1017 3171/1450/1017 3170/1451/1017
f 3170/1451/1018 3171/1450/1018 3169/1452/1018 3168/1453/1018
f 3168/1453/1019 3169/1452/1019 3165/1454/1019 3164/1455/1019
f 3166/1456/1020 3170/1451/1020 3168/1453/1020 3164/1457/1020
f 3171/1450/1021 3167/1458/1021 3165/1459/1021 3169/1452/1021
o v_hlid.002
v -0.900632 -0.099345 -0.675102
v -0.566927 2.852994 -0.762939
v -0.900632 -0.064445 -1.674492
v -0.566927 2.874574 -1.380924
v 0.900632 -0.099345 -0.675102
v 0.566927 2.852994 -0.762939
v 0.900632 -0.064445 -1.674492
v 0.566927 2.874574 -1.380924
vn -0.9937 0.1124 0.0039
vn -0.0000 0.0994 -0.9950
vn 0.9937 0.1124 0.0039
vn -0.0000 0.0297 0.9996
vn -0.0000 -0.9994 -0.0349
vn -0.0000 0.9994 0.0349
vt 0.375000 0.000000
vt 0.625000 0.000000
vt 0.625000 0.250000
vt 0.375000 0.250000
vt 0.625000 0.500000
vt 0.375000 0.500000
vt 0.625000 0.750000
vt 0.375000 0.750000
vt 0.625000 1.000000
vt 0.375000 1.000000
vt 0.125000 0.500000
vt 0.125000 0.750000
vt 0.875000 0.500000
vt 0.875000 0.750000
s 0
usemtl Material.003
f 3172/1460/1022 3173/1461/1022 3175/1462/1022 3174/1463/1022
f 3174/1463/1023 3175/1462/1023 3179/1464/1023 3178/1465/1023
f 3178/1465/1024 3179/1464/1024 3177/1466/1024 3176/1467/1024
f 3176/1467/1025 3177/1466/1025 3173/1468/1025 3172/1469/1025
f 3174/1470/1026 3178/1465/1026 3176/1467/1026 3172/1471/1026
f 3179/1464/1027 3175/1472/1027 3173/1473/1027 3177/1466/1027
o Cube
v -0.383398 0.028743 -1.723949
v -0.383398 1.726127 -1.575447
v -0.383398 0.004897 -1.451393
v -0.383398 1.702282 -1.302891
v 0.383398 0.028743 -1.723949
v 0.383398 1.726127 -1.575447
v 0.383398 0.004897 -1.451393
v 0.383398 1.702282 -1.302891
vn -1.0000 -0.0000 -0.0000
vn -0.0000 -0.0872 0.9962
vn 1.0000 -0.0000 -0.0000
vn -0.0000 0.0872 -0.9962
vn -0.0000 -0.9962 -0.0872
vn -0.0000 0.9962 0.0872
vt 0.375000 0.000000
vt 0.625000 0.000000
vt 0.625000 0.250000
vt 0.375000 0.250000
vt 0.625000 0.500000
vt 0.375000 0.500000
vt 0.625000 0.750000
vt 0.375000 0.750000
vt 0.625000 1.000000
vt 0.375000 1.000000
vt 0.125000 0.500000
vt 0.125000 0.750000
vt 0.875000 0.500000
vt 0.875000 0.750000
s 0
f 3180/1474/1028 3182/1477/1028 3183/1476/1028 3181/1475/1028
f 3182/1477/1029 3186/1479/1029 3187/1478/1029 3183/1476/1029
f 3186/1479/1030 3184/1481/1030 3185/1480/1030 3187/1478/1030
f 3184/1481/1031 3180/1483/1031 3181/1482/1031 3185/1480/1031
f 3182/1484/1032 3180/1485/1032 3184/1481/1032 3186/1479/1032
f 3187/1478/1033 3185/1480/1033 3181/1487/1033 3183/1486/1033
o Cube.016
v -0.390106 1.887167 -1.495491
v -0.390106 2.525101 -1.439679
v -0.390106 1.863400 -1.223832
v -0.390106 2.501334 -1.168020
v 0.376691 1.887167 -1.495491
v 0.376691 2.525101 -1.439679
v 0.376691 1.863400 -1.223832
v 0.376691 2.501334 -1.168020
vn -1.0000 -0.0000 -0.0000
vn -0.0000 -0.0872 0.9962
vn 1.0000 -0.0000 -0.0000
vn -0.0000 0.0872 -0.9962
vn -0.0000 -0.9962 -0.0872
vn -0.0000 0.9962 0.0872
vt 0.375000 0.000000
vt 0.625000 0.000000
vt 0.625000 0.250000
vt 0.375000 0.250000
vt 0.625000 0.500000
vt 0.375000 0.500000
vt 0.625000 0.750000
vt 0.375000 0.750000
vt 0.625000 1.000000
vt 0.375000 1.000000
vt 0.125000 0.500000
vt 0.125000 0.750000
vt 0.875000 0.500000
vt 0.875000 0.750000
s 0
f 3188/1488/1034 3190/1491/1034 3191/1490/1034 3189/1489/1034
f 3190/1491/1035 3194/1493/1035 3195/1492/1035 3191/1490/1035
f 3194/1493/1036 3192/1495/1036 3193/1494/1036 3195/1492/1036
f 3192/1495/1037 3188/1497/1037 3189/1496/1037 3193/1494/1037
f 3190/1498/1038 3188/1499/1038 3192/1495/1038 3194/1493/1038
f 3195/1492/1039 3193/1494/1039 3189/1501/1039 3191/1500/1039
o Cube.017
v 8.673191 5.156901 15.213792
v 8.673191 5.206902 15.213792
v 9.386379 5.156901 13.561108
v 9.386379 5.206902 13.561108
v 8.948639 5.156901 15.332657
v 8.948639 5.206902 15.332657
v 9.661827 5.156901 13.679973
v 9.661827 5.206902 13.679973
vn -0.9182 -0.0000 -0.3962
vn 0.3962 -0.0000 -0.9182
vn 0.9182 -0.0000 0.3962
vn -0.3962 -0.0000 0.9182
vn -0.0000 -1.0000 -0.0000
vn -0.0000 1.0000 -0.0000
vt 0.375000 0.000000
vt 0.625000 0.000000
vt 0.625000 0.250000
vt 0.375000 0.250000
vt 0.625000 0.500000
vt 0.375000 0.500000
vt 0.625000 0.750000
vt 0.375000 0.750000
vt 0.625000 1.000000
vt 0.375000 1.000000
vt 0.125000 0.500000
vt 0.125000 0.750000
vt 0.875000 0.500000
vt 0.875000 0.750000
s 0
f 3196/1502/1040 3197/1503/1040 3199/1504/1040 3198/1505/1040
f 3198/1505/1041 3199/1504/1041 3203/1506/1041 3202/1507/1041
f 3202/1507/1042 3203/1506/1042 3201/1508/1042 3200/1509/1042
f 3200/1509/1043 3201/1508/1043 3197/1510/1043 3196/1511/1043
f 3198/1512/1044 3202/1507/1044 3200/1509/1044 3196/1513/1044
f 3203/1506/1045 3199/1514/1045 3197/1515/1045 3201/1508/1045
o Cube.018
v 8.354607 4.299328 15.112108
v 8.354607 4.349328 15.112108
v 9.067794 4.299328 13.459425
v 9.067794 4.349328 13.459425
v 8.630054 4.299328 15.230972
v 8.630054 4.349328 15.230972
v 9.343241 4.299328 13.578289
v 9.343241 4.349328 13.578289
vn -0.9182 -0.0000 -0.3962
vn 0.3962 -0.0000 -0.9182
vn 0.9182 -0.0000 0.3962
vn -0.3962 -0.0000 0.9182
vn -0.0000 -1.0000 -0.0000
vn -0.0000 1.0000 -0.0000
vt 0.375000 0.000000
vt 0.625000 0.000000
vt 0.625000 0.250000
vt 0.375000 0.250000
vt 0.625000 0.500000
vt 0.375000 0.500000
vt 0.625000 0.750000
vt 0.375000 0.750000
vt 0.625000 1.000000
vt 0.375000 1.000000
vt 0.125000 0.500000
vt 0.125000 0.750000
vt 0.875000 0.500000
vt 0.875000 0.750000
s 0
f 3204/1516/1046 3205/1517/1046 3207/1518/1046 3206/1519/1046
f 3206/1519/1047 3207/1518/1047 3211/1520/1047 3210/1521/1047
f 3210/1521/1048 3211/1520/1048 3209/1522/1048 3208/1523/1048
f 3208/1523/1049 3209/1522/1049 3205/1524/1049 3204/1525/1049
f 3206/1526/1050 3210/1521/1050 3208/1523/1050 3204/1527/1050
f 3211/1520/1051 3207/1528/1051 3205/1529/1051 3209/1522/1051
o Cube.021
v 7.446452 5.182844 16.803558
v 7.446452 5.232844 16.803558
v 8.563085 5.182844 15.391775
v 8.563085 5.232844 15.391775
v 7.681749 5.182844 16.989664
v 7.681749 5.232844 16.989664
v 8.798382 5.182844 15.577881
v 8.798382 5.232844 15.577881
vn -0.7843 -0.0000 -0.6204
vn 0.6204 -0.0000 -0.7843
vn 0.7843 -0.0000 0.6204
vn -0.6204 -0.0000 0.7843
vn -0.0000 -1.0000 -0.0000
vn -0.0000 1.0000 -0.0000
vt 0.375000 0.000000
vt 0.625000 0.000000
vt 0.625000 0.250000
vt 0.375000 0.250000
vt 0.625000 0.500000
vt 0.375000 0.500000
vt 0.625000 0.750000
vt 0.375000 0.750000
vt 0.625000 1.000000
vt 0.375000 1.000000
vt 0.125000 0.500000
vt 0.125000 0.750000
vt 0.875000 0.500000
vt 0.875000 0.750000
s 0
f 3212/1530/1052 3213/1531/1052 3215/1532/1052 3214/1533/1052
f 3214/1533/1053 3215/1532/1053 3219/1534/1053 3218/1535/1053
f 3218/1535/1054 3219/1534/1054 3217/1536/1054 3216/1537/1054
f 3216/1537/1055 3217/1536/1055 3213/1538/1055 3212/1539/1055
f 3214/1540/1056 3218/1535/1056 3216/1537/1056 3212/1541/1056
f 3219/1534/1057 3215/1542/1057 3213/1543/1057 3217/1536/1057
o Cube.025
v 7.184556 4.336154 16.629137
v 7.184556 4.386155 16.629137
v 8.301189 4.336154 15.217354
v 8.301189 4.386155 15.217354
v 7.419854 4.336154 16.815243
v 7.419854 4.386155 16.815243
v 8.536487 4.336154 15.403460
v 8.536487 4.386155 15.403460
vn -0.7843 -0.0000 -0.6204
vn 0.6204 -0.0000 -0.7843
vn 0.7843 -0.0000 0.6204
vn -0.6204 -0.0000 0.7843
vn -0.0000 -1.0000 -0.0000
vn -0.0000 1.0000 -0.0000
vt 0.375000 0.000000
vt 0.625000 0.000000
vt 0.625000 0.250000
vt 0.375000 0.250000
vt 0.625000 0.500000
vt 0.375000 0.500000
vt 0.625000 0.750000
vt 0.375000 0.750000
vt 0.625000 1.000000
vt 0.375000 1.000000
vt 0.125000 0.500000
vt 0.125000 0.750000
vt 0.875000 0.500000
vt 0.875000 0.750000
s 0
f 3220/1544/1058 3221/1545/1058 3223/1546/1058 3222/1547/1058
f 3222/1547/1059 3223/1546/1059 3227/1548/1059 3226/1549/1059
f 3226/1549/1060 3227/1548/1060 3225/1550/1060 3224/1551/1060
f 3224/1551/1061 3225/1550/1061 3221/1552/1061 3220/1553/1061
f 3222/1554/1062 3226/1549/1062 3224/1551/1062 3220/1555/1062
f 3227/1548/1063 3223/1556/1063 3221/1557/1063 3225/1550/1063
o Cube.026
v 5.552474 4.383850 17.745911
v 5.552474 4.433850 17.745911
v 6.951337 4.383850 16.613134
v 6.951337 4.433850 16.613134
v 5.741271 4.383850 17.979055
v 5.741271 4.433850 17.979055
v 7.140133 4.383850 16.846279
v 7.140133 4.433850 16.846279
v 5.774345 5.229571 17.978252
v 5.774345 5.279571 17.978252
v 7.173208 5.229571 16.845476
v 7.173208 5.279571 16.845476
v 5.963141 5.229571 18.211397
v 5.963141 5.279571 18.211397
v 7.362004 5.229571 17.078621
v 7.362004 5.279571 17.078621
vn -0.6293 -0.0000 -0.7771
vn 0.7771 -0.0000 -0.6293
vn 0.6293 -0.0000 0.7771
vn -0.7771 -0.0000 0.6293
vn -0.0000 -1.0000 -0.0000
vn -0.0000 1.0000 -0.0000
vt 0.375000 0.000000
vt 0.625000 0.000000
vt 0.625000 0.250000
vt 0.375000 0.250000
vt 0.625000 0.500000
vt 0.375000 0.500000
vt 0.625000 0.750000
vt 0.375000 0.750000
vt 0.625000 1.000000
vt 0.375000 1.000000
vt 0.125000 0.500000
vt 0.125000 0.750000
vt 0.875000 0.500000
vt 0.875000 0.750000
s 0
f 3228/1558/1064 3229/1559/1064 3231/1560/1064 3230/1561/1064
f 3230/1561/1065 3231/1560/1065 3235/1562/1065 3234/1563/1065
f 3234/1563/1066 3235/1562/1066 3233/1564/1066 3232/1565/1066
f 3232/1565/1067 3233/1564/1067 3229/1566/1067 3228/1567/1067
f 3230/1568/1068 3234/1563/1068 3232/1565/1068 3228/1569/1068
f 3235/1562/1069 3231/1570/1069 3229/1571/1069 3233/1564/1069
f 3236/1558/1064 3237/1559/1064 3239/1560/1064 3238/1561/1064
f 3238/1561/1065 3239/1560/1065 3243/1562/1065 3242/1563/1065
f 3242/1563/1066 3243/1562/1066 3241/1564/1066 3240/1565/1066
f 3240/1565/1067 3241/1564/1067 3237/1566/1067 3236/1567/1067
f 3238/1568/1068 3242/1563/1068 3240/1565/1068 3236/1569/1068
f 3243/1562/1069 3239/1570/1069 3237/1571/1069 3241/1564/1069
o Cube.020
v 3.914266 4.383850 18.535597
v 3.914266 4.433850 18.535597
v 5.518077 4.383850 17.718414
v 5.518077 4.433850 17.718414
v 4.050463 4.383850 18.802898
v 4.050463 4.433850 18.802898
v 5.654275 4.383850 17.985716
v 5.654275 4.433850 17.985716
v 4.082981 5.229571 18.808990
v 4.082981 5.279571 18.808990
v 5.686793 5.229571 17.991808
v 5.686793 5.279571 17.991808
v 4.219178 5.229571 19.076292
v 4.219178 5.279571 19.076292
v 5.822990 5.229571 18.259109
v 5.822990 5.279571 18.259109
vn -0.4540 -0.0000 -0.8910
vn 0.8910 -0.0000 -0.4540
vn 0.4540 -0.0000 0.8910
vn -0.8910 -0.0000 0.4540
vn -0.0000 -1.0000 -0.0000
vn -0.0000 1.0000 -0.0000
vt 0.375000 0.000000
vt 0.625000 0.000000
vt 0.625000 0.250000
vt 0.375000 0.250000
vt 0.625000 0.500000
vt 0.375000 0.500000
vt 0.625000 0.750000
vt 0.375000 0.750000
vt 0.625000 1.000000
vt 0.375000 1.000000
vt 0.125000 0.500000
vt 0.125000 0.750000
vt 0.875000 0.500000
vt 0.875000 0.750000
s 0
f 3244/1572/1070 3245/1573/1070 3247/1574/1070 3246/1575/1070
f 3246/1575/1071 3247/1574/1071 3251/1576/1071 3250/1577/1071
f 3250/1577/1072 3251/1576/1072 3249/1578/1072 3248/1579/1072
f 3248/1579/1073 3249/1578/1073 3245/1580/1073 3244/1581/1073
f 3246/1582/1074 3250/1577/1074 3248/1579/1074 3244/1583/1074
f 3251/1576/1075 3247/1584/1075 3245/1585/1075 3249/1578/1075
f 3252/1572/1070 3253/1573/1070 3255/1574/1070 3254/1575/1070
f 3254/1575/1071 3255/1574/1071 3259/1576/1071 3258/1577/1071
f 3258/1577/1072 3259/1576/1072 3257/1578/1072 3256/1579/1072
f 3256/1579/1073 3257/1578/1073 3253/1580/1073 3252/1581/1073
f 3254/1582/1074 3258/1577/1074 3256/1579/1074 3252/1583/1074
f 3259/1576/1075 3255/1584/1075 3253/1585/1075 3257/1578/1075
o Cube.029
v 2.109774 4.383850 19.065573
v 2.109774 4.433850 19.065573
v 3.848440 4.383850 18.599697
v 3.848440 4.433850 18.599697
v 2.187420 4.383850 19.355350
v 2.187420 4.433850 19.355350
v 3.926086 4.383850 18.889475
v 3.926086 4.433850 18.889475
v 2.217961 5.229571 19.368069
v 2.217961 5.279571 19.368069
v 3.956627 5.229571 18.902195
v 3.956627 5.279571 18.902195
v 2.295606 5.229571 19.657846
v 2.295606 5.279571 19.657846
v 4.034273 5.229571 19.191973
v 4.034273 5.279571 19.191973
vn -0.2588 -0.0000 -0.9659
vn 0.9659 -0.0000 -0.2588
vn 0.2588 -0.0000 0.9659
vn -0.9659 -0.0000 0.2588
vn -0.0000 -1.0000 -0.0000
vn -0.0000 1.0000 -0.0000
vt 0.375000 0.000000
vt 0.625000 0.000000
vt 0.625000 0.250000
vt 0.375000 0.250000
vt 0.625000 0.500000
vt 0.375000 0.500000
vt 0.625000 0.750000
vt 0.375000 0.750000
vt 0.625000 1.000000
vt 0.375000 1.000000
vt 0.125000 0.500000
vt 0.125000 0.750000
vt 0.875000 0.500000
vt 0.875000 0.750000
s 0
f 3260/1586/1076 3261/1587/1076 3263/1588/1076 3262/1589/1076
f 3262/1589/1077 3263/1588/1077 3267/1590/1077 3266/1591/1077
f 3266/1591/1078 3267/1590/1078 3265/1592/1078 3264/1593/1078
f 3264/1593/1079 3265/1592/1079 3261/1594/1079 3260/1595/1079
f 3262/1596/1080 3266/1591/1080 3264/1593/1080 3260/1597/1080
f 3267/1590/1081 3263/1598/1081 3261/1599/1081 3265/1592/1081
f 3268/1586/1076 3269/1587/1076 3271/1588/1076 3270/1589/1076
f 3270/1589/1077 3271/1588/1077 3275/1590/1077 3274/1591/1077
f 3274/1591/1078 3275/1590/1078 3273/1592/1078 3272/1593/1078
f 3272/1593/1079 3273/1592/1079 3269/1594/1079 3268/1595/1079
f 3270/1596/1080 3274/1591/1080 3272/1593/1080 3268/1597/1080
f 3275/1590/1081 3271/1598/1081 3269/1599/1081 3273/1592/1081
o Cube.030
v 0.346615 4.383850 19.107523
v 0.346615 4.433850 19.107523
v 2.139766 4.383850 18.950644
v 2.139766 4.433850 18.950644
v 0.372762 4.383850 19.406382
v 0.372762 4.433850 19.406382
v 2.165912 4.383850 19.249502
v 2.165912 4.433850 19.249502
v 0.400630 5.229571 19.424212
v 0.400630 5.279571 19.424212
v 2.193781 5.229571 19.267332
v 2.193781 5.279571 19.267332
v 0.426777 5.229571 19.723070
v 0.426777 5.279571 19.723070
v 2.219927 5.229571 19.566191
v 2.219927 5.279571 19.566191
vn -0.0872 -0.0000 -0.9962
vn 0.9962 -0.0000 -0.0872
vn 0.0872 -0.0000 0.9962
vn -0.9962 -0.0000 0.0872
vn -0.0000 -1.0000 -0.0000
vn -0.0000 1.0000 -0.0000
vt 0.375000 0.000000
vt 0.625000 0.000000
vt 0.625000 0.250000
vt 0.375000 0.250000
vt 0.625000 0.500000
vt 0.375000 0.500000
vt 0.625000 0.750000
vt 0.375000 0.750000
vt 0.625000 1.000000
vt 0.375000 1.000000
vt 0.125000 0.500000
vt 0.125000 0.750000
vt 0.875000 0.500000
vt 0.875000 0.750000
s 0
f 3276/1600/1082 3277/1601/1082 3279/1602/1082 3278/1603/1082
f 3278/1603/1083 3279/1602/1083 3283/1604/1083 3282/1605/1083
f 3282/1605/1084 3283/1604/1084 3281/1606/1084 3280/1607/1084
f 3280/1607/1085 3281/1606/1085 3277/1608/1085 3276/1609/1085
f 3278/1610/1086 3282/1605/1086 3280/1607/1086 3276/1611/1086
f 3283/1604/1087 3279/1612/1087 3277/1613/1087 3281/1606/1087
f 3284/1600/1082 3285/1601/1082 3287/1602/1082 3286/1603/1082
f 3286/1603/1083 3287/1602/1083 3291/1604/1083 3290/1605/1083
f 3290/1605/1084 3291/1604/1084 3289/1606/1084 3288/1607/1084
f 3288/1607/1085 3289/1606/1085 3285/1608/1085 3284/1609/1085
f 3286/1610/1086 3290/1605/1086 3288/1607/1086 3284/1611/1086
f 3291/1604/1087 3287/1612/1087 3285/1613/1087 3289/1606/1087
o Cube.031
v -1.478410 4.383850 18.890429
v -1.478410 4.433850 18.890429
v 0.304073 4.383850 19.140940
v 0.304073 4.433850 19.140940
v -1.520162 4.383850 19.187510
v -1.520162 4.433850 19.187510
v 0.262321 4.383850 19.438021
v 0.262321 4.433850 19.438021
v -1.497018 5.229571 19.211151
v -1.497018 5.279571 19.211151
v 0.285464 5.229571 19.461662
v 0.285464 5.279571 19.461662
v -1.538770 5.229571 19.508232
v -1.538770 5.279571 19.508232
v 0.243712 5.229571 19.758743
v 0.243712 5.279571 19.758743
vn 0.1392 -0.0000 -0.9903
vn 0.9903 -0.0000 0.1392
vn -0.1392 -0.0000 0.9903
vn -0.9903 -0.0000 -0.1392
vn -0.0000 -1.0000 -0.0000
vn -0.0000 1.0000 -0.0000
vt 0.375000 0.000000
vt 0.625000 0.000000
vt 0.625000 0.250000
vt 0.375000 0.250000
vt 0.625000 0.500000
vt 0.375000 0.500000
vt 0.625000 0.750000
vt 0.375000 0.750000
vt 0.625000 1.000000
vt 0.375000 1.000000
vt 0.125000 0.500000
vt 0.125000 0.750000
vt 0.875000 0.500000
vt 0.875000 0.750000
s 0
f 3292/1614/1088 3293/1615/1088 3295/1616/1088 3294/1617/1088
f 3294/1617/1089 3295/1616/1089 3299/1618/1089 3298/1619/1089
f 3298/1619/1090 3299/1618/1090 3297/1620/1090 3296/1621/1090
f 3296/1621/1091 3297/1620/1091 3293/1622/1091 3292/1623/1091
f 3294/1624/1092 3298/1619/1092 3296/1621/1092 3292/1625/1092
f 3299/1618/1093 3295/1626/1093 3293/1627/1093 3297/1620/1093
f 3300/1614/1088 3301/1615/1088 3303/1616/1088 3302/1617/1088
f 3302/1617/1089 3303/1616/1089 3307/1618/1089 3306/1619/1089
f 3306/1619/1090 3307/1618/1090 3305/1620/1090 3304/1621/1090
f 3304/1621/1091 3305/1620/1091 3301/1622/1091 3300/1623/1091
f 3302/1624/1092 3306/1619/1092 3304/1621/1092 3300/1625/1092
f 3307/1618/1093 3303/1626/1093 3301/1627/1093 3305/1620/1093
o Cube.032
v -3.306205 4.383850 18.469219
v -3.306205 4.433850 18.469219
v -1.584856 4.383850 18.995487
v -1.584856 4.433850 18.995487
v -3.393916 4.383850 18.756111
v -3.393916 4.433850 18.756111
v -1.672568 4.383850 19.282379
v -1.672568 4.433850 19.282379
v -3.374756 5.229571 18.783081
v -3.374756 5.279571 18.783081
v -1.653408 5.229571 19.309351
v -1.653408 5.279571 19.309351
v -3.462468 5.229571 19.069973
v -3.462468 5.279571 19.069973
v -1.741119 5.229571 19.596241
v -1.741119 5.279571 19.596241
vn 0.2924 -0.0000 -0.9563
vn 0.9563 -0.0000 0.2924
vn -0.2924 -0.0000 0.9563
vn -0.9563 -0.0000 -0.2924
vn -0.0000 -1.0000 -0.0000
vn -0.0000 1.0000 -0.0000
vt 0.375000 0.000000
vt 0.625000 0.000000
vt 0.625000 0.250000
vt 0.375000 0.250000
vt 0.625000 0.500000
vt 0.375000 0.500000
vt 0.625000 0.750000
vt 0.375000 0.750000
vt 0.625000 1.000000
vt 0.375000 1.000000
vt 0.125000 0.500000
vt 0.125000 0.750000
vt 0.875000 0.500000
vt 0.875000 0.750000
s 0
f 3308/1628/1094 3309/1629/1094 3311/1630/1094 3310/1631/1094
f 3310/1631/1095 3311/1630/1095 3315/1632/1095 3314/1633/1095
f 3314/1633/1096 3315/1632/1096 3313/1634/1096 3312/1635/1096
f 3312/1635/1097 3313/1634/1097 3309/1636/1097 3308/1637/1097
f 3310/1638/1098 3314/1633/1098 3312/1635/1098 3308/1639/1098
f 3315/1632/1099 3311/1640/1099 3309/1641/1099 3313/1634/1099
f 3316/1628/1094 3317/1629/1094 3319/1630/1094 3318/1631/1094
f 3318/1631/1095 3319/1630/1095 3323/1632/1095 3322/1633/1095
f 3322/1633/1096 3323/1632/1096 3321/1634/1096 3320/1635/1096
f 3320/1635/1097 3321/1634/1097 3317/1636/1097 3316/1637/1097
f 3318/1638/1098 3322/1633/1098 3320/1635/1098 3316/1639/1098
f 3323/1632/1099 3319/1640/1099 3317/1641/1099 3321/1634/1099
o Cube.034
v -4.953526 4.383850 17.632547
v -4.953526 4.433850 17.632547
v -3.394681 4.383850 18.532549
v -3.394681 4.433850 18.532549
v -5.103526 4.383850 17.892355
v -5.103526 4.433850 17.892355
v -3.544681 4.383850 18.792356
v -3.544681 4.433850 18.792356
v -5.090925 5.229571 17.922945
v -5.090925 5.279571 17.922945
v -3.532079 5.229571 18.822947
v -3.532079 5.279571 18.822947
v -5.240925 5.229571 18.182753
v -5.240925 5.279571 18.182753
v -3.682079 5.229571 19.082754
v -3.682079 5.279571 19.082754
vn 0.5000 -0.0000 -0.8660
vn 0.8660 -0.0000 0.5000
vn -0.5000 -0.0000 0.8660
vn -0.8660 -0.0000 -0.5000
vn -0.0000 -1.0000 -0.0000
vn -0.0000 1.0000 -0.0000
vt 0.375000 0.000000
vt 0.625000 0.000000
vt 0.625000 0.250000
vt 0.375000 0.250000
vt 0.625000 0.500000
vt 0.375000 0.500000
vt 0.625000 0.750000
vt 0.375000 0.750000
vt 0.625000 1.000000
vt 0.375000 1.000000
vt 0.125000 0.500000
vt 0.125000 0.750000
vt 0.875000 0.500000
vt 0.875000 0.750000
s 0
f 3324/1642/1100 3325/1643/1100 3327/1644/1100 3326/1645/1100
f 3326/1645/1101 3327/1644/1101 3331/1646/1101 3330/1647/1101
f 3330/1647/1102 3331/1646/1102 3329/1648/1102 3328/1649/1102
f 3328/1649/1103 3329/1648/1103 3325/1650/1103 3324/1651/1103
f 3326/1652/1104 3330/1647/1104 3328/1649/1104 3324/1653/1104
f 3331/1646/1105 3327/1654/1105 3325/1655/1105 3329/1648/1105
f 3332/1642/1100 3333/1643/1100 3335/1644/1100 3334/1645/1100
f 3334/1645/1101 3335/1644/1101 3339/1646/1101 3338/1647/1101
f 3338/1647/1102 3339/1646/1102 3337/1648/1102 3336/1649/1102
f 3336/1649/1103 3337/1648/1103 3333/1650/1103 3332/1651/1103
f 3334/1652/1104 3338/1647/1104 3336/1649/1104 3332/1653/1104
f 3339/1646/1105 3335/1654/1105 3333/1655/1105 3337/1648/1105
o Cube.035
v -6.492825 4.383850 16.451675
v -6.492825 4.433850 16.451675
v -5.155165 4.383850 17.656111
v -5.155165 4.433850 17.656111
v -6.693564 4.383850 16.674620
v -6.693564 4.433850 16.674620
v -5.355904 4.383850 17.879055
v -5.355904 4.433850 17.879055
v -6.687598 5.229571 16.707161
v -6.687598 5.279571 16.707161
v -5.349937 5.229571 17.911596
v -5.349937 5.279571 17.911596
v -6.888337 5.229571 16.930103
v -6.888337 5.279571 16.930103
v -5.550677 5.229571 18.134539
v -5.550677 5.279571 18.134539
vn 0.6691 -0.0000 -0.7431
vn 0.7431 -0.0000 0.6691
vn -0.6691 -0.0000 0.7431
vn -0.7431 -0.0000 -0.6691
vn -0.0000 -1.0000 -0.0000
vn -0.0000 1.0000 -0.0000
vt 0.375000 0.000000
vt 0.625000 0.000000
vt 0.625000 0.250000
vt 0.375000 0.250000
vt 0.625000 0.500000
vt 0.375000 0.500000
vt 0.625000 0.750000
vt 0.375000 0.750000
vt 0.625000 1.000000
vt 0.375000 1.000000
vt 0.125000 0.500000
vt 0.125000 0.750000
vt 0.875000 0.500000
vt 0.875000 0.750000
s 0
f 3340/1656/1106 3341/1657/1106 3343/1658/1106 3342/1659/1106
f 3342/1659/1107 3343/1658/1107 3347/1660/1107 3346/1661/1107
f 3346/1661/1108 3347/1660/1108 3345/1662/1108 3344/1663/1108
f 3344/1663/1109 3345/1662/1109 3341/1664/1109 3340/1665/1109
f 3342/1666/1110 3346/1661/1110 3344/1663/1110 3340/1667/1110
f 3347/1660/1111 3343/1668/1111 3341/1669/1111 3345/1662/1111
f 3348/1656/1106 3349/1657/1106 3351/1658/1106 3350/1659/1106
f 3350/1659/1107 3351/1658/1107 3355/1660/1107 3354/1661/1107
f 3354/1661/1108 3355/1660/1108 3353/1662/1108 3352/1663/1108
f 3352/1663/1109 3353/1662/1109 3349/1664/1109 3348/1665/1109
f 3350/1666/1110 3354/1661/1110 3352/1663/1110 3348/1667/1110
f 3355/1660/1111 3351/1668/1111 3349/1669/1111 3353/1662/1111
o Cube.036
v -7.808548 4.383850 14.994682
v -7.808548 4.433850 14.994682
v -6.700357 4.383850 16.413101
v -6.700357 4.433850 16.413101
v -8.044951 4.383850 15.179380
v -8.044951 4.433850 15.179380
v -6.936760 4.383850 16.597799
v -6.936760 4.433850 16.597799
v -8.044726 5.229571 15.212463
v -8.044726 5.279571 15.212463
v -6.936536 5.229571 16.630882
v -6.936536 5.279571 16.630882
v -8.281130 5.229571 15.397162
v -8.281130 5.279571 15.397162
v -7.172939 5.229571 16.815580
v -7.172939 5.279571 16.815580
vn 0.7880 -0.0000 -0.6157
vn 0.6157 -0.0000 0.7880
vn -0.7880 -0.0000 0.6157
vn -0.6157 -0.0000 -0.7880
vn -0.0000 -1.0000 -0.0000
vn -0.0000 1.0000 -0.0000
vt 0.375000 0.000000
vt 0.625000 0.000000
vt 0.625000 0.250000
vt 0.375000 0.250000
vt 0.625000 0.500000
vt 0.375000 0.500000
vt 0.625000 0.750000
vt 0.375000 0.750000
vt 0.625000 1.000000
vt 0.375000 1.000000
vt 0.125000 0.500000
vt 0.125000 0.750000
vt 0.875000 0.500000
vt 0.875000 0.750000
s 0
f 3356/1670/1112 3357/1671/1112 3359/1672/1112 3358/1673/1112
f 3358/1673/1113 3359/1672/1113 3363/1674/1113 3362/1675/1113
f 3362/1675/1114 3363/1674/1114 3361/1676/1114 3360/1677/1114
f 3360/1677/1115 3361/1676/1115 3357/1678/1115 3356/1679/1115
f 3358/1680/1116 3362/1675/1116 3360/1677/1116 3356/1681/1116
f 3363/1674/1117 3359/1682/1117 3357/1683/1117 3361/1676/1117
f 3364/1670/1112 3365/1671/1112 3367/1672/1112 3366/1673/1112
f 3366/1673/1113 3367/1672/1113 3371/1674/1113 3370/1675/1113
f 3370/1675/1114 3371/1674/1114 3369/1676/1114 3368/1677/1114
f 3368/1677/1115 3369/1676/1115 3365/1678/1115 3364/1679/1115
f 3366/1680/1116 3370/1675/1116 3368/1677/1116 3364/1681/1116
f 3371/1674/1117 3367/1682/1117 3365/1683/1117 3369/1676/1117
o Cube.037
v -8.664152 4.383850 13.249827
v -8.664152 4.433850 13.249827
v -7.960836 4.383850 14.906736
v -7.960836 4.433850 14.906736
v -8.940304 4.383850 13.367046
v -8.940304 4.433850 13.367046
v -8.236988 4.383850 15.023955
v -8.236988 4.433850 15.023955
v -8.948649 5.229571 13.399061
v -8.948649 5.279571 13.399061
v -8.245333 5.229571 15.055969
v -8.245333 5.279571 15.055969
v -9.224801 5.229571 13.516280
v -9.224801 5.279571 13.516280
v -8.521484 5.229571 15.173189
v -8.521484 5.279571 15.173189
vn 0.9205 -0.0000 -0.3907
vn 0.3907 -0.0000 0.9205
vn -0.9205 -0.0000 0.3907
vn -0.3907 -0.0000 -0.9205
vn -0.0000 -1.0000 -0.0000
vn -0.0000 1.0000 -0.0000
vt 0.375000 0.000000
vt 0.625000 0.000000
vt 0.625000 0.250000
vt 0.375000 0.250000
vt 0.625000 0.500000
vt 0.375000 0.500000
vt 0.625000 0.750000
vt 0.375000 0.750000
vt 0.625000 1.000000
vt 0.375000 1.000000
vt 0.125000 0.500000
vt 0.125000 0.750000
vt 0.875000 0.500000
vt 0.875000 0.750000
s 0
f 3372/1684/1118 3373/1685/1118 3375/1686/1118 3374/1687/1118
f 3374/1687/1119 3375/1686/1119 3379/1688/1119 3378/1689/1119
f 3378/1689/1120 3379/1688/1120 3377/1690/1120 3376/1691/1120
f 3376/1691/1121 3377/1690/1121 3373/1692/1121 3372/1693/1121
f 3374/1694/1122 3378/1689/1122 3376/1691/1122 3372/1695/1122
f 3379/1688/1123 3375/1696/1123 3373/1697/1123 3377/1690/1123
f 3380/1684/1118 3381/1685/1118 3383/1686/1118 3382/1687/1118
f 3382/1687/1119 3383/1686/1119 3387/1688/1119 3386/1689/1119
f 3386/1689/1120 3387/1688/1120 3385/1690/1120 3384/1691/1120
f 3384/1691/1121 3385/1690/1121 3381/1692/1121 3380/1693/1121
f 3382/1694/1122 3386/1689/1122 3384/1691/1122 3380/1695/1122
f 3387/1688/1123 3383/1696/1123 3381/1697/1123 3385/1690/1123
o Cube.038
v 8.038765 3.393148 14.941307
v 8.038765 3.443148 14.941307
v 8.751953 3.393148 13.288624
v 8.751953 3.443148 13.288624
v 8.314213 3.393148 15.060171
v 8.314213 3.443148 15.060171
v 9.027401 3.393148 13.407488
v 9.027401 3.443148 13.407488
vn -0.9182 -0.0000 -0.3962
vn 0.3962 -0.0000 -0.9182
vn 0.9182 -0.0000 0.3962
vn -0.3962 -0.0000 0.9182
vn -0.0000 -1.0000 -0.0000
vn -0.0000 1.0000 -0.0000
vt 0.375000 0.000000
vt 0.625000 0.000000
vt 0.625000 0.250000
vt 0.375000 0.250000
vt 0.625000 0.500000
vt 0.375000 0.500000
vt 0.625000 0.750000
vt 0.375000 0.750000
vt 0.625000 1.000000
vt 0.375000 1.000000
vt 0.125000 0.500000
vt 0.125000 0.750000
vt 0.875000 0.500000
vt 0.875000 0.750000
s 0
f 3388/1698/1124 3389/1699/1124 3391/1700/1124 3390/1701/1124
f 3390/1701/1125 3391/1700/1125 3395/1702/1125 3394/1703/1125
f 3394/1703/1126 3395/1702/1126 3393/1704/1126 3392/1705/1126
f 3392/1705/1127 3393/1704/1127 3389/1706/1127 3388/1707/1127
f 3390/1708/1128 3394/1703/1128 3392/1705/1128 3388/1709/1128
f 3395/1702/1129 3391/1710/1129 3389/1711/1129 3393/1704/1129
o Cube.039
v 6.914155 3.398501 16.402189
v 6.914155 3.448501 16.402189
v 8.030787 3.398501 14.990406
v 8.030787 3.448501 14.990406
v 7.149452 3.398501 16.588295
v 7.149452 3.448501 16.588295
v 8.266085 3.398501 15.176512
v 8.266085 3.448501 15.176512
vn -0.7843 -0.0000 -0.6204
vn 0.6204 -0.0000 -0.7843
vn 0.7843 -0.0000 0.6204
vn -0.6204 -0.0000 0.7843
vn -0.0000 -1.0000 -0.0000
vn -0.0000 1.0000 -0.0000
vt 0.375000 0.000000
vt 0.625000 0.000000
vt 0.625000 0.250000
vt 0.375000 0.250000
vt 0.625000 0.500000
vt 0.375000 0.500000
vt 0.625000 0.750000
vt 0.375000 0.750000
vt 0.625000 1.000000
vt 0.375000 1.000000
vt 0.125000 0.500000
vt 0.125000 0.750000
vt 0.875000 0.500000
vt 0.875000 0.750000
s 0
f 3396/1712/1130 3397/1713/1130 3399/1714/1130 3398/1715/1130
f 3398/1715/1131 3399/1714/1131 3403/1716/1131 3402/1717/1131
f 3402/1717/1132 3403/1716/1132 3401/1718/1132 3400/1719/1132
f 3400/1719/1133 3401/1718/1133 3397/1720/1133 3396/1721/1133
f 3398/1722/1134 3402/1717/1134 3400/1719/1134 3396/1723/1134
f 3403/1716/1135 3399/1724/1135 3397/1725/1135 3401/1718/1135
o Cube.040
v 5.421952 3.504125 17.431602
v 5.421952 3.554125 17.431602
v 6.820815 3.504125 16.298826
v 6.820815 3.554125 16.298826
v 5.610748 3.504125 17.664747
v 5.610748 3.554125 17.664747
v 7.009611 3.504125 16.531971
v 7.009611 3.554125 16.531971
vn -0.6293 -0.0000 -0.7771
vn 0.7771 -0.0000 -0.6293
vn 0.6293 -0.0000 0.7771
vn -0.7771 -0.0000 0.6293
vn -0.0000 -1.0000 -0.0000
vn -0.0000 1.0000 -0.0000
vt 0.375000 0.000000
vt 0.625000 0.000000
vt 0.625000 0.250000
vt 0.375000 0.250000
vt 0.625000 0.500000
vt 0.375000 0.500000
vt 0.625000 0.750000
vt 0.375000 0.750000
vt 0.625000 1.000000
vt 0.375000 1.000000
vt 0.125000 0.500000
vt 0.125000 0.750000
vt 0.875000 0.500000
vt 0.875000 0.750000
s 0
f 3404/1726/1136 3405/1727/1136 3407/1728/1136 3406/1729/1136
f 3406/1729/1137 3407/1728/1137 3411/1730/1137 3410/1731/1137
f 3410/1731/1138 3411/1730/1138 3409/1732/1138 3408/1733/1138
f 3408/1733/1139 3409/1732/1139 3405/1734/1139 3404/1735/1139
f 3406/1736/1140 3410/1731/1140 3408/1733/1140 3404/1737/1140
f 3411/1730/1141 3407/1738/1141 3405/1739/1141 3409/1732/1141
o Cube.041
v 3.781071 3.503881 18.250437
v 3.781071 3.553881 18.250437
v 5.384882 3.503881 17.433254
v 5.384882 3.553881 17.433254
v 3.917268 3.503881 18.517738
v 3.917268 3.553881 18.517738
v 5.521080 3.503881 17.700556
v 5.521080 3.553881 17.700556
vn -0.4540 -0.0000 -0.8910
vn 0.8910 -0.0000 -0.4540
vn 0.4540 -0.0000 0.8910
vn -0.8910 -0.0000 0.4540
vn -0.0000 -1.0000 -0.0000
vn -0.0000 1.0000 -0.0000
vt 0.375000 0.000000
vt 0.625000 0.000000
vt 0.625000 0.250000
vt 0.375000 0.250000
vt 0.625000 0.500000
vt 0.375000 0.500000
vt 0.625000 0.750000
vt 0.375000 0.750000
vt 0.625000 1.000000
vt 0.375000 1.000000
vt 0.125000 0.500000
vt 0.125000 0.750000
vt 0.875000 0.500000
vt 0.875000 0.750000
s 0
f 3412/1740/1142 3413/1741/1142 3415/1742/1142 3414/1743/1142
f 3414/1743/1143 3415/1742/1143 3419/1744/1143 3418/1745/1143
f 3418/1745/1144 3419/1744/1144 3417/1746/1144 3416/1747/1144
f 3416/1747/1145 3417/1746/1145 3413/1748/1145 3412/1749/1145
f 3414/1750/1146 3418/1745/1146 3416/1747/1146 3412/1751/1146
f 3419/1744/1147 3415/1752/1147 3413/1753/1147 3417/1746/1147
o Cube.042
v 1.988800 3.503881 18.749369
v 1.988800 3.553881 18.749369
v 3.719071 3.503881 18.253222
v 3.719071 3.553881 18.253222
v 2.071491 3.503881 19.037748
v 2.071491 3.553881 19.037748
v 3.801763 3.503881 18.541601
v 3.801763 3.553881 18.541601
vn -0.2756 -0.0000 -0.9613
vn 0.9613 -0.0000 -0.2756
vn 0.2756 -0.0000 0.9613
vn -0.9613 -0.0000 0.2756
vn -0.0000 -1.0000 -0.0000
vn -0.0000 1.0000 -0.0000
vt 0.375000 0.000000
vt 0.625000 0.000000
vt 0.625000 0.250000
vt 0.375000 0.250000
vt 0.625000 0.500000
vt 0.375000 0.500000
vt 0.625000 0.750000
vt 0.375000 0.750000
vt 0.625000 1.000000
vt 0.375000 1.000000
vt 0.125000 0.500000
vt 0.125000 0.750000
vt 0.875000 0.500000
vt 0.875000 0.750000
s 0
f 3420/1754/1148 3421/1755/1148 3423/1756/1148 3422/1757/1148
f 3422/1757/1149 3423/1756/1149 3427/1758/1149 3426/1759/1149
f 3426/1759/1150 3427/1758/1150 3425/1760/1150 3424/1761/1150
f 3424/1761/1151 3425/1760/1151 3421/1762/1151 3420/1763/1151
f 3422/1764/1152 3426/1759/1152 3424/1761/1152 3420/1765/1152
f 3427/1758/1153 3423/1766/1153 3421/1767/1153 3425/1760/1153
o Cube.043
v 0.344988 3.503881 18.801283
v 0.344988 3.553881 18.801283
v 2.138139 3.503881 18.644403
v 2.138139 3.553881 18.644403
v 0.371135 3.503881 19.100142
v 0.371135 3.553881 19.100142
v 2.164286 3.503881 18.943262
v 2.164286 3.553881 18.943262
vn -0.0872 -0.0000 -0.9962
vn 0.9962 -0.0000 -0.0872
vn 0.0872 -0.0000 0.9962
vn -0.9962 -0.0000 0.0872
vn -0.0000 -1.0000 -0.0000
vn -0.0000 1.0000 -0.0000
vt 0.375000 0.000000
vt 0.625000 0.000000
vt 0.625000 0.250000
vt 0.375000 0.250000
vt 0.625000 0.500000
vt 0.375000 0.500000
vt 0.625000 0.750000
vt 0.375000 0.750000
vt 0.625000 1.000000
vt 0.375000 1.000000
vt 0.125000 0.500000
vt 0.125000 0.750000
vt 0.875000 0.500000
vt 0.875000 0.750000
s 0
f 3428/1768/1154 3429/1769/1154 3431/1770/1154 3430/1771/1154
f 3430/1771/1155 3431/1770/1155 3435/1772/1155 3434/1773/1155
f 3434/1773/1156 3435/1772/1156 3433/1774/1156 3432/1775/1156
f 3432/1775/1157 3433/1774/1157 3429/1776/1157 3428/1777/1157
f 3430/1778/1158 3434/1773/1158 3432/1775/1158 3428/1779/1158
f 3435/1772/1159 3431/1780/1159 3429/1781/1159 3433/1774/1159
o Cube.044
v -1.491228 3.503881 18.572689
v -1.491228 3.553881 18.572689
v 0.295355 3.503881 18.792053
v 0.295355 3.553881 18.792053
v -1.527789 3.503881 18.870453
v -1.527789 3.553881 18.870453
v 0.258795 3.503881 19.089817
v 0.258795 3.553881 19.089817
vn 0.1219 -0.0000 -0.9925
vn 0.9925 -0.0000 0.1219
vn -0.1219 -0.0000 0.9925
vn -0.9925 -0.0000 -0.1219
vn -0.0000 -1.0000 -0.0000
vn -0.0000 1.0000 -0.0000
vt 0.375000 0.000000
vt 0.625000 0.000000
vt 0.625000 0.250000
vt 0.375000 0.250000
vt 0.625000 0.500000
vt 0.375000 0.500000
vt 0.625000 0.750000
vt 0.375000 0.750000
vt 0.625000 1.000000
vt 0.375000 1.000000
vt 0.125000 0.500000
vt 0.125000 0.750000
vt 0.875000 0.500000
vt 0.875000 0.750000
s 0
f 3436/1782/1160 3437/1783/1160 3439/1784/1160 3438/1785/1160
f 3438/1785/1161 3439/1784/1161 3443/1786/1161 3442/1787/1161
f 3442/1787/1162 3443/1786/1162 3441/1788/1162 3440/1789/1162
f 3440/1789/1163 3441/1788/1163 3437/1790/1163 3436/1791/1163
f 3438/1792/1164 3442/1787/1164 3440/1789/1164 3436/1793/1164
f 3443/1786/1165 3439/1794/1165 3437/1795/1165 3441/1788/1165
o Cube.045
v -3.188245 3.503881 18.135967
v -3.188245 3.553881 18.135967
v -1.476343 3.503881 18.692198
v -1.476343 3.553881 18.692198
v -3.280950 3.503881 18.421286
v -3.280950 3.553881 18.421286
v -1.569048 3.503881 18.977516
v -1.569048 3.553881 18.977516
vn 0.3090 -0.0000 -0.9511
vn 0.9511 -0.0000 0.3090
vn -0.3090 -0.0000 0.9511
vn -0.9511 -0.0000 -0.3090
vn -0.0000 -1.0000 -0.0000
vn -0.0000 1.0000 -0.0000
vt 0.375000 0.000000
vt 0.625000 0.000000
vt 0.625000 0.250000
vt 0.375000 0.250000
vt 0.625000 0.500000
vt 0.375000 0.500000
vt 0.625000 0.750000
vt 0.375000 0.750000
vt 0.625000 1.000000
vt 0.375000 1.000000
vt 0.125000 0.500000
vt 0.125000 0.750000
vt 0.875000 0.500000
vt 0.875000 0.750000
s 0
f 3444/1796/1166 3445/1797/1166 3447/1798/1166 3446/1799/1166
f 3446/1799/1167 3447/1798/1167 3451/1800/1167 3450/1801/1167
f 3450/1801/1168 3451/1800/1168 3449/1802/1168 3448/1803/1168
f 3448/1803/1169 3449/1802/1169 3445/1804/1169 3444/1805/1169
f 3446/1806/1170 3450/1801/1170 3448/1803/1170 3444/1807/1170
f 3451/1800/1171 3447/1808/1171 3445/1809/1171 3449/1802/1171
o Cube.046
v -4.808774 3.503881 17.376484
v -4.808774 3.553881 17.376484
v -3.249928 3.503881 18.276485
v -3.249928 3.553881 18.276485
v -4.958774 3.503881 17.636292
v -4.958774 3.553881 17.636292
v -3.399928 3.503881 18.536293
v -3.399928 3.553881 18.536293
vn 0.5000 -0.0000 -0.8660
vn 0.8660 -0.0000 0.5000
vn -0.5000 -0.0000 0.8660
vn -0.8660 -0.0000 -0.5000
vn -0.0000 -1.0000 -0.0000
vn -0.0000 1.0000 -0.0000
vt 0.375000 0.000000
vt 0.625000 0.000000
vt 0.625000 0.250000
vt 0.375000 0.250000
vt 0.625000 0.500000
vt 0.375000 0.500000
vt 0.625000 0.750000
vt 0.375000 0.750000
vt 0.625000 1.000000
vt 0.375000 1.000000
vt 0.125000 0.500000
vt 0.125000 0.750000
vt 0.875000 0.500000
vt 0.875000 0.750000
s 0
f 3452/1810/1172 3453/1811/1172 3455/1812/1172 3454/1813/1172
f 3454/1813/1173 3455/1812/1173 3459/1814/1173 3458/1815/1173
f 3458/1815/1174 3459/1814/1174 3457/1816/1174 3456/1817/1174
f 3456/1817/1175 3457/1816/1175 3453/1818/1175 3452/1819/1175
f 3454/1820/1176 3458/1815/1176 3456/1817/1176 3452/1821/1176
f 3459/1814/1177 3455/1822/1177 3453/1823/1177 3457/1816/1177
o Cube.048
v -6.319530 3.503881 16.254410
v -6.319530 3.553881 16.254410
v -4.940650 3.503881 17.411427
v -4.940650 3.553881 17.411427
v -6.512366 3.503881 16.484222
v -6.512366 3.553881 16.484222
v -5.133486 3.503881 17.641239
v -5.133486 3.553881 17.641239
vn 0.6428 -0.0000 -0.7660
vn 0.7660 -0.0000 0.6428
vn -0.6428 -0.0000 0.7660
vn -0.7660 -0.0000 -0.6428
vn -0.0000 -1.0000 -0.0000
vn -0.0000 1.0000 -0.0000
vt 0.375000 0.000000
vt 0.625000 0.000000
vt 0.625000 0.250000
vt 0.375000 0.250000
vt 0.625000 0.500000
vt 0.375000 0.500000
vt 0.625000 0.750000
vt 0.375000 0.750000
vt 0.625000 1.000000
vt 0.375000 1.000000
vt 0.125000 0.500000
vt 0.125000 0.750000
vt 0.875000 0.500000
vt 0.875000 0.750000
s 0
f 3460/1824/1178 3461/1825/1178 3463/1826/1178 3462/1827/1178
f 3462/1827/1179 3463/1826/1179 3467/1828/1179 3466/1829/1179
f 3466/1829/1180 3467/1828/1180 3465/1830/1180 3464/1831/1180
f 3464/1831/1181 3465/1830/1181 3461/1832/1181 3460/1833/1181
f 3462/1834/1182 3466/1829/1182 3464/1831/1182 3460/1835/1182
f 3467/1828/1183 3463/1836/1183 3461/1837/1183 3465/1830/1183
o Cube.049
v -7.577057 3.503881 14.827114
v -7.577057 3.553881 14.827114
v -6.420039 3.503881 16.205994
v -6.420039 3.553881 16.205994
v -7.806870 3.503881 15.019951
v -7.806870 3.553881 15.019951
v -6.649853 3.503881 16.398830
v -6.649853 3.553881 16.398830
vn 0.7660 -0.0000 -0.6428
vn 0.6428 -0.0000 0.7660
vn -0.7660 -0.0000 0.6428
vn -0.6428 -0.0000 -0.7660
vn -0.0000 -1.0000 -0.0000
vn -0.0000 1.0000 -0.0000
vt 0.375000 0.000000
vt 0.625000 0.000000
vt 0.625000 0.250000
vt 0.375000 0.250000
vt 0.625000 0.500000
vt 0.375000 0.500000
vt 0.625000 0.750000
vt 0.375000 0.750000
vt 0.625000 1.000000
vt 0.375000 1.000000
vt 0.125000 0.500000
vt 0.125000 0.750000
vt 0.875000 0.500000
vt 0.875000 0.750000
s 0
f 3468/1838/1184 3469/1839/1184 3471/1840/1184 3470/1841/1184
f 3470/1841/1185 3471/1840/1185 3475/1842/1185 3474/1843/1185
f 3474/1843/1186 3475/1842/1186 3473/1844/1186 3472/1845/1186
f 3472/1845/1187 3473/1844/1187 3469/1846/1187 3468/1847/1187
f 3470/1848/1188 3474/1843/1188 3472/1845/1188 3468/1849/1188
f 3475/1842/1189 3471/1850/1189 3469/1851/1189 3473/1844/1189
o Cube.050
v -8.369028 3.503881 13.167570
v -8.369028 3.553881 13.167570
v -7.665712 3.503881 14.824479
v -7.665712 3.553881 14.824479
v -8.645180 3.503881 13.284789
v -8.645180 3.553881 13.284789
v -7.941864 3.503881 14.941698
v -7.941864 3.553881 14.941698
vn 0.9205 -0.0000 -0.3907
vn 0.3907 -0.0000 0.9205
vn -0.9205 -0.0000 0.3907
vn -0.3907 -0.0000 -0.9205
vn -0.0000 -1.0000 -0.0000
vn -0.0000 1.0000 -0.0000
vt 0.375000 0.000000
vt 0.625000 0.000000
vt 0.625000 0.250000
vt 0.375000 0.250000
vt 0.625000 0.500000
vt 0.375000 0.500000
vt 0.625000 0.750000
vt 0.375000 0.750000
vt 0.625000 1.000000
vt 0.375000 1.000000
vt 0.125000 0.500000
vt 0.125000 0.750000
vt 0.875000 0.500000
vt 0.875000 0.750000
s 0
f 3476/1852/1190 3477/1853/1190 3479/1854/1190 3478/1855/1190
f 3478/1855/1191 3479/1854/1191 3483/1856/1191 3482/1857/1191
f 3482/1857/1192 3483/1856/1192 3481/1858/1192 3480/1859/1192
f 3480/1859/1193 3481/1858/1193 3477/1860/1193 3476/1861/1193
f 3478/1862/1194 3482/1857/1194 3480/1859/1194 3476/1863/1194
f 3483/1856/1195 3479/1864/1195 3477/1865/1195 3481/1858/1195
o Cube.051
v 6.475222 2.463573 15.978371
v 6.255301 2.463573 16.182415
v 7.450199 6.197895 17.029209
v 7.230278 6.197895 17.233253
v 6.856207 2.248552 16.389000
v 6.636286 2.248552 16.593044
v 7.831184 5.982874 17.439838
v 7.611263 5.982874 17.643883
vn -0.6350 0.3584 -0.6844
vn 0.2437 0.9336 0.2627
vn 0.6350 -0.3584 0.6844
vn -0.2437 -0.9336 -0.2627
vn 0.7331 -0.0000 -0.6802
vn -0.7331 -0.0000 0.6802
vt 0.375000 0.000000
vt 0.625000 0.000000
vt 0.625000 0.250000
vt 0.375000 0.250000
vt 0.625000 0.500000
vt 0.375000 0.500000
vt 0.625000 0.750000
vt 0.375000 0.750000
vt 0.625000 1.000000
vt 0.375000 1.000000
vt 0.125000 0.500000
vt 0.125000 0.750000
vt 0.875000 0.500000
vt 0.875000 0.750000
s 0
f 3484/1866/1196 3485/1867/1196 3487/1868/1196 3486/1869/1196
f 3486/1869/1197 3487/1868/1197 3491/1870/1197 3490/1871/1197
f 3490/1871/1198 3491/1870/1198 3489/1872/1198 3488/1873/1198
f 3488/1873/1199 3489/1872/1199 3485/1874/1199 3484/1875/1199
f 3486/1876/1200 3490/1871/1200 3488/1873/1200 3484/1877/1200
f 3491/1870/1201 3487/1878/1201 3485/1879/1201 3489/1872/1201
o Cube.052
v 3.504173 2.463573 17.719921
v 3.227726 2.463573 17.836443
v 4.060944 6.197895 19.040848
v 3.784497 6.197895 19.157370
v 3.721739 2.248552 18.236090
v 3.445292 2.248552 18.352612
v 4.278509 5.982874 19.557016
v 4.002063 5.982874 19.673538
vn -0.3626 0.3584 -0.8603
vn 0.1392 0.9336 0.3302
vn 0.3626 -0.3584 0.8603
vn -0.1392 -0.9336 -0.3302
vn 0.9215 -0.0000 -0.3884
vn -0.9215 -0.0000 0.3884
vt 0.375000 0.000000
vt 0.625000 0.000000
vt 0.625000 0.250000
vt 0.375000 0.250000
vt 0.625000 0.500000
vt 0.375000 0.500000
vt 0.625000 0.750000
vt 0.375000 0.750000
vt 0.625000 1.000000
vt 0.375000 1.000000
vt 0.125000 0.500000
vt 0.125000 0.750000
vt 0.875000 0.500000
vt 0.875000 0.750000
s 0
f 3492/1880/1202 3493/1881/1202 3495/1882/1202 3494/1883/1202
f 3494/1883/1203 3495/1882/1203 3499/1884/1203 3498/1885/1203
f 3498/1885/1204 3499/1884/1204 3497/1886/1204 3496/1887/1204
f 3496/1887/1205 3497/1886/1205 3493/1888/1205 3492/1889/1205
f 3494/1890/1206 3498/1885/1206 3496/1887/1206 3492/1891/1206
f 3499/1884/1207 3495/1892/1207 3493/1893/1207 3497/1886/1207
o Cube.054
v 0.085006 2.463573 18.199810
v -0.213852 2.463573 18.225956
v 0.209941 6.197895 19.627827
v -0.088918 6.197895 19.653973
v 0.133826 2.248552 18.757828
v -0.165032 2.248552 18.783974
v 0.258761 5.982874 20.185844
v -0.040098 5.982874 20.211990
vn -0.0814 0.3584 -0.9300
vn 0.0312 0.9336 0.3570
vn 0.0814 -0.3584 0.9300
vn -0.0312 -0.9336 -0.3570
vn 0.9962 -0.0000 -0.0872
vn -0.9962 -0.0000 0.0872
vt 0.375000 0.000000
vt 0.625000 0.000000
vt 0.625000 0.250000
vt 0.375000 0.250000
vt 0.625000 0.500000
vt 0.375000 0.500000
vt 0.625000 0.750000
vt 0.375000 0.750000
vt 0.625000 1.000000
vt 0.375000 1.000000
vt 0.125000 0.500000
vt 0.125000 0.750000
vt 0.875000 0.500000
vt 0.875000 0.750000
s 0
f 3500/1894/1208 3501/1895/1208 3503/1896/1208 3502/1897/1208
f 3502/1897/1209 3503/1896/1209 3507/1898/1209 3506/1899/1209
f 3506/1899/1210 3507/1898/1210 3505/1900/1210 3504/1901/1210
f 3504/1901/1211 3505/1900/1211 3501/1902/1211 3500/1903/1211
f 3502/1904/1212 3506/1899/1212 3504/1901/1212 3500/1905/1212
f 3507/1898/1213 3503/1906/1213 3501/1907/1213 3505/1900/1213
o Cube.058
v -3.270657 2.463573 17.546484
v -3.569014 2.463573 17.515125
v -3.420497 6.197895 18.972103
v -3.718853 6.197895 18.940744
v -3.329209 2.248552 18.103563
v -3.627566 2.248552 18.072205
v -3.479048 5.982874 19.529182
v -3.777405 5.982874 19.497824
vn 0.0976 0.3584 -0.9285
vn -0.0375 0.9336 0.3564
vn -0.0976 -0.3584 0.9285
vn 0.0375 -0.9336 -0.3564
vn 0.9945 -0.0000 0.1045
vn -0.9945 -0.0000 -0.1045
vt 0.375000 0.000000
vt 0.625000 0.000000
vt 0.625000 0.250000
vt 0.375000 0.250000
vt 0.625000 0.500000
vt 0.375000 0.500000
vt 0.625000 0.750000
vt 0.375000 0.750000
vt 0.625000 1.000000
vt 0.375000 1.000000
vt 0.125000 0.500000
vt 0.125000 0.750000
vt 0.875000 0.500000
vt 0.875000 0.750000
s 0
f 3508/1908/1214 3509/1909/1214 3511/1910/1214 3510/1911/1214
f 3510/1911/1215 3511/1910/1215 3515/1912/1215 3514/1913/1215
f 3514/1913/1216 3515/1912/1216 3513/1914/1216 3512/1915/1216
f 3512/1915/1217 3513/1914/1217 3509/1916/1217 3508/1917/1217
f 3510/1918/1218 3514/1913/1218 3512/1915/1218 3508/1919/1218
f 3515/1912/1219 3511/1920/1219 3509/1921/1219 3513/1914/1219
o Cube.055
v -5.968923 2.463573 15.860736
v -6.184725 2.463573 15.652339
v -6.964695 6.197895 16.891890
v -7.180497 6.197895 16.683493
v -6.358034 2.248552 16.263674
v -6.573836 2.248552 16.055277
v -7.353806 5.982874 17.294828
v -7.569608 5.982874 17.086430
vn 0.6485 0.3584 -0.6716
vn -0.2489 0.9336 0.2578
vn -0.6485 -0.3584 0.6716
vn 0.2489 -0.9336 -0.2578
vn 0.7193 -0.0000 0.6947
vn -0.7193 -0.0000 -0.6947
vt 0.375000 0.000000
vt 0.625000 0.000000
vt 0.625000 0.250000
vt 0.375000 0.250000
vt 0.625000 0.500000
vt 0.375000 0.500000
vt 0.625000 0.750000
vt 0.375000 0.750000
vt 0.625000 1.000000
vt 0.375000 1.000000
vt 0.125000 0.500000
vt 0.125000 0.750000
vt 0.875000 0.500000
vt 0.875000 0.750000
s 0
f 3516/1922/1220 3517/1923/1220 3519/1924/1220 3518/1925/1220
f 3518/1925/1221 3519/1924/1221 3523/1926/1221 3522/1927/1221
f 3522/1927/1222 3523/1926/1222 3521/1928/1222 3520/1929/1222
f 3520/1929/1223 3521/1928/1223 3517/1930/1223 3516/1931/1223
f 3518/1932/1224 3522/1927/1224 3520/1929/1224 3516/1933/1224
f 3523/1926/1225 3519/1934/1225 3517/1935/1225 3521/1928/1225
o Cube.057
v 7.773222 2.463573 14.350925
v 7.553301 2.463573 14.554971
v 8.748199 6.197895 15.401763
v 8.528277 6.197895 15.605808
v 8.154208 2.248552 14.761555
v 7.934286 2.248552 14.965600
v 9.129185 5.982874 15.812392
v 8.909264 5.982874 16.016438
vn -0.6350 0.3584 -0.6844
vn 0.2437 0.9336 0.2627
vn 0.6350 -0.3584 0.6844
vn -0.2437 -0.9336 -0.2627
vn 0.7331 -0.0000 -0.6802
vn -0.7331 -0.0000 0.6802
vt 0.375000 0.000000
vt 0.625000 0.000000
vt 0.625000 0.250000
vt 0.375000 0.250000
vt 0.625000 0.500000
vt 0.375000 0.500000
vt 0.625000 0.750000
vt 0.375000 0.750000
vt 0.625000 1.000000
vt 0.375000 1.000000
vt 0.125000 0.500000
vt 0.125000 0.750000
vt 0.875000 0.500000
vt 0.875000 0.750000
s 0
f 3524/1936/1226 3525/1937/1226 3527/1938/1226 3526/1939/1226
f 3526/1939/1227 3527/1938/1227 3531/1940/1227 3530/1941/1227
f 3530/1941/1228 3531/1940/1228 3529/1942/1228 3528/1943/1228
f 3528/1943/1229 3529/1942/1229 3525/1944/1229 3524/1945/1229
f 3526/1946/1230 3530/1941/1230 3528/1943/1230 3524/1947/1230
f 3531/1940/1231 3527/1948/1231 3525/1949/1231 3529/1942/1231
o Cube.059
v 4.831500 2.463573 17.062193
v 4.611578 2.463573 17.266237
v 5.806477 6.197895 18.113031
v 5.586555 6.197895 18.317076
v 5.212485 2.248552 17.472822
v 4.992564 2.248552 17.676867
v 6.187462 5.982874 18.523661
v 5.967541 5.982874 18.727705
vn -0.6350 0.3584 -0.6844
vn 0.2437 0.9336 0.2627
vn 0.6350 -0.3584 0.6844
vn -0.2437 -0.9336 -0.2627
vn 0.7331 -0.0000 -0.6802
vn -0.7331 -0.0000 0.6802
vt 0.375000 0.000000
vt 0.625000 0.000000
vt 0.625000 0.250000
vt 0.375000 0.250000
vt 0.625000 0.500000
vt 0.375000 0.500000
vt 0.625000 0.750000
vt 0.375000 0.750000
vt 0.625000 1.000000
vt 0.375000 1.000000
vt 0.125000 0.500000
vt 0.125000 0.750000
vt 0.875000 0.500000
vt 0.875000 0.750000
s 0
f 3532/1950/1232 3533/1951/1232 3535/1952/1232 3534/1953/1232
f 3534/1953/1233 3535/1952/1233 3539/1954/1233 3538/1955/1233
f 3538/1955/1234 3539/1954/1234 3537/1956/1234 3536/1957/1234
f 3536/1957/1235 3537/1956/1235 3533/1958/1235 3532/1959/1235
f 3534/1960/1236 3538/1955/1236 3536/1957/1236 3532/1961/1236
f 3539/1954/1237 3535/1962/1237 3533/1963/1237 3537/1956/1237
o Cube.060
v 2.271707 2.463573 18.163858
v 1.972848 2.463573 18.190004
v 2.396641 6.197895 19.591875
v 2.097783 6.197895 19.618023
v 2.320526 2.248552 18.721874
v 2.021668 2.248552 18.748022
v 2.445461 5.982874 20.149893
v 2.146603 5.982874 20.176039
vn -0.0814 0.3584 -0.9300
vn 0.0312 0.9336 0.3570
vn 0.0814 -0.3584 0.9300
vn -0.0312 -0.9336 -0.3570
vn 0.9962 -0.0000 -0.0872
vn -0.9962 -0.0000 0.0872
vt 0.375000 0.000000
vt 0.625000 0.000000
vt 0.625000 0.250000
vt 0.375000 0.250000
vt 0.625000 0.500000
vt 0.375000 0.500000
vt 0.625000 0.750000
vt 0.375000 0.750000
vt 0.625000 1.000000
vt 0.375000 1.000000
vt 0.125000 0.500000
vt 0.125000 0.750000
vt 0.875000 0.500000
vt 0.875000 0.750000
s 0
f 3540/1964/1238 3541/1965/1238 3543/1966/1238 3542/1967/1238
f 3542/1967/1239 3543/1966/1239 3547/1968/1239 3546/1969/1239
f 3546/1969/1240 3547/1968/1240 3545/1970/1240 3544/1971/1240
f 3544/1971/1241 3545/1970/1241 3541/1972/1241 3540/1973/1241
f 3542/1974/1242 3546/1969/1242 3544/1971/1242 3540/1975/1242
f 3547/1968/1243 3543/1976/1243 3541/1977/1243 3545/1970/1243
o Cube.061
v -1.408691 2.463573 18.128971
v -1.707047 2.463573 18.097612
v -1.558530 6.197895 19.554590
v -1.856887 6.197895 19.523232
v -1.467242 2.248552 18.686050
v -1.765599 2.248552 18.654692
v -1.617082 5.982874 20.111670
v -1.915438 5.982874 20.080311
vn 0.0976 0.3584 -0.9285
vn -0.0375 0.9336 0.3564
vn -0.0976 -0.3584 0.9285
vn 0.0375 -0.9336 -0.3564
vn 0.9945 -0.0000 0.1045
vn -0.9945 -0.0000 -0.1045
vt 0.375000 0.000000
vt 0.625000 0.000000
vt 0.625000 0.250000
vt 0.375000 0.250000
vt 0.625000 0.500000
vt 0.375000 0.500000
vt 0.625000 0.750000
vt 0.375000 0.750000
vt 0.625000 1.000000
vt 0.375000 1.000000
vt 0.125000 0.500000
vt 0.125000 0.750000
vt 0.875000 0.500000
vt 0.875000 0.750000
s 0
f 3548/1978/1244 3549/1979/1244 3551/1980/1244 3550/1981/1244
f 3550/1981/1245 3551/1980/1245 3555/1982/1245 3554/1983/1245
f 3554/1983/1246 3555/1982/1246 3553/1984/1246 3552/1985/1246
f 3552/1985/1247 3553/1984/1247 3549/1986/1247 3548/1987/1247
f 3550/1988/1248 3554/1983/1248 3552/1985/1248 3548/1989/1248
f 3555/1982/1249 3551/1990/1249 3549/1991/1249 3553/1984/1249
o Cube.062
v -4.570670 2.463573 17.062872
v -4.822271 2.463573 16.899481
v -5.351395 6.197895 18.265081
v -5.602996 6.197895 18.101690
v -4.875749 2.248552 17.532652
v -5.127350 2.248552 17.369261
v -5.656473 5.982874 18.734861
v -5.908074 5.982874 18.571470
vn 0.5085 0.3584 -0.7830
vn -0.1952 0.9336 0.3006
vn -0.5085 -0.3584 0.7830
vn 0.1952 -0.9336 -0.3006
vn 0.8387 -0.0000 0.5446
vn -0.8387 -0.0000 -0.5446
vt 0.375000 0.000000
vt 0.625000 0.000000
vt 0.625000 0.250000
vt 0.375000 0.250000
vt 0.625000 0.500000
vt 0.375000 0.500000
vt 0.625000 0.750000
vt 0.375000 0.750000
vt 0.625000 1.000000
vt 0.375000 1.000000
vt 0.125000 0.500000
vt 0.125000 0.750000
vt 0.875000 0.500000
vt 0.875000 0.750000
s 0
f 3556/1992/1250 3557/1993/1250 3559/1994/1250 3558/1995/1250
f 3558/1995/1251 3559/1994/1251 3563/1996/1251 3562/1997/1251
f 3562/1997/1252 3563/1996/1252 3561/1998/1252 3560/1999/1252
f 3560/1999/1253 3561/1998/1253 3557/2000/1253 3556/2001/1253
f 3558/2002/1254 3562/1997/1254 3560/1999/1254 3556/2003/1254
f 3563/1996/1255 3559/2004/1255 3557/2005/1255 3561/1998/1255
o Cube.063
v -7.080612 2.463573 14.778172
v -7.216810 2.463573 14.510870
v -8.357842 6.197895 15.428958
v -8.494040 6.197895 15.161656
v -7.579707 2.248552 15.032475
v -7.715905 2.248552 14.765174
v -8.856937 5.982874 15.683262
v -8.993135 5.982874 15.415960
vn 0.8318 0.3584 -0.4238
vn -0.3193 0.9336 0.1627
vn -0.8318 -0.3584 0.4238
vn 0.3193 -0.9336 -0.1627
vn 0.4540 -0.0000 0.8910
vn -0.4540 -0.0000 -0.8910
vt 0.375000 0.000000
vt 0.625000 0.000000
vt 0.625000 0.250000
vt 0.375000 0.250000
vt 0.625000 0.500000
vt 0.375000 0.500000
vt 0.625000 0.750000
vt 0.375000 0.750000
vt 0.625000 1.000000
vt 0.375000 1.000000
vt 0.125000 0.500000
vt 0.125000 0.750000
vt 0.875000 0.500000
vt 0.875000 0.750000
s 0
f 3564/2006/1256 3565/2007/1256 3567/2008/1256 3566/2009/1256
f 3566/2009/1257 3567/2008/1257 3571/2010/1257 3570/2011/1257
f 3570/2011/1258 3571/2010/1258 3569/2012/1258 3568/2013/1258
f 3568/2013/1259 3569/2012/1259 3565/2014/1259 3564/2015/1259
f 3566/2016/1260 3570/2011/1260 3568/2013/1260 3564/2017/1260
f 3571/2010/1261 3567/2018/1261 3565/2019/1261 3569/2012/1261
o Plane.001
v 4.367372 0.000000 13.051883
v 8.367372 0.000000 13.051883
v 4.367372 0.000000 2.222157
v 8.367372 0.000000 2.222157
v 10.535965 -0.118053 57.260281
v 10.535965 0.169117 57.260281
v 10.152054 -0.118053 56.562786
v 10.152054 0.169117 56.562786
v 13.105278 -0.118053 55.846092
v 13.105278 0.169117 55.846092
v 12.721367 -0.118053 55.148602
v 12.721367 0.169117 55.148602
v 10.835606 -0.126931 58.149464
v 10.835606 0.268672 58.149464
v 10.405537 -0.126931 57.368107
v 10.405537 0.268672 57.368107
v 13.713841 -0.126931 56.565239
v 13.713841 0.268672 56.565239
v 13.283772 -0.126931 55.783882
v 13.283772 0.268672 55.783882
v 11.223884 -0.110392 59.027813
v 11.223884 0.405069 59.027813
v 10.774013 -0.110392 58.210484
v 10.774013 0.405069 58.210484
v 14.234637 -0.110392 57.370655
v 14.234637 0.405069 57.370655
v 13.784765 -0.110392 56.553322
v 13.784765 0.405069 56.553322
v 12.412422 0.071188 61.928562
v 12.412422 0.493837 61.928562
v 10.889884 0.071188 59.230885
v 10.889884 0.493837 59.230885
v 16.230413 0.071188 59.773735
v 16.230413 0.493837 59.773735
v 14.707875 0.071188 57.076054
v 14.707875 0.493837 57.076054
v -65.885818 -0.422793 38.673855
v -65.885818 -0.217207 38.673855
v -65.495636 -0.422793 38.712288
v -65.495636 -0.217207 38.712288
v -65.120453 -0.422793 38.826096
v -65.120453 -0.217207 38.826096
v -64.774681 -0.422793 39.010918
v -64.774681 -0.217207 39.010918
v -64.471603 -0.422793 39.259640
v -64.471603 -0.217207 39.259640
v -64.222878 -0.422793 39.562714
v -64.222878 -0.217207 39.562714
v -64.038063 -0.422793 39.908489
v -64.038063 -0.217207 39.908489
v -63.924248 -0.422793 40.283676
v -63.924248 -0.217207 40.283676
v -63.885818 -0.422793 40.673855
v -63.885818 -0.217207 40.673855
v -63.924248 -0.422793 41.064034
v -63.924248 -0.217207 41.064034
v -64.038063 -0.422793 41.439220
v -64.038063 -0.217207 41.439220
v -64.222878 -0.422793 41.784996
v -64.222878 -0.217207 41.784996
v -64.471603 -0.422793 42.088070
v -64.471603 -0.217207 42.088070
v -64.774681 -0.422793 42.336796
v -64.774681 -0.217207 42.336796
v -65.120453 -0.422793 42.521614
v -65.120453 -0.217207 42.521614
v -65.495636 -0.422793 42.635426
v -65.495636 -0.217207 42.635426
v -65.885818 -0.422793 42.673855
v -65.885818 -0.217207 42.673855
v -66.276001 -0.422793 42.635426
v -66.276001 -0.217207 42.635426
v -66.651184 -0.422793 42.521614
v -66.651184 -0.217207 42.521614
v -66.996956 -0.422793 42.336796
v -66.996956 -0.217207 42.336796
v -67.300034 -0.422793 42.088070
v -67.300034 -0.217207 42.088070
v -67.548759 -0.422793 41.784996
v -67.548759 -0.217207 41.784996
v -67.733574 -0.422793 41.439220
v -67.733574 -0.217207 41.439220
v -67.847389 -0.422793 41.064034
v -67.847389 -0.217207 41.064034
v -67.885818 -0.422793 40.673855
v -67.885818 -0.217207 40.673855
v -67.847389 -0.422793 40.283676
v -67.847389 -0.217207 40.283676
v -67.733574 -0.422793 39.908489
v -67.733574 -0.217207 39.908489
v -67.548759 -0.422793 39.562714
v -67.548759 -0.217207 39.562714
v -67.300034 -0.422793 39.259640
v -67.300034 -0.217207 39.259640
v -66.996956 -0.422793 39.010918
v -66.996956 -0.217207 39.010918
v -66.651184 -0.422793 38.826096
v -66.651184 -0.217207 38.826096
v -66.276001 -0.422793 38.712288
v -66.276001 -0.217207 38.712288
v -16.360817 0.000000 -5.314324
v -16.425110 0.000000 -6.222429
v -30.436584 0.000000 -4.317824
v -30.500874 0.000000 -5.225929
v -16.360817 0.000000 -5.314324
v -16.425110 0.000000 -6.222429
v -16.425110 0.000000 -6.222429
v -16.425110 0.000000 -6.222429
v -16.425110 0.000000 -6.222429
v -16.425110 0.000000 -6.222429
v -71.177719 0.000000 8.350033
v -70.178024 0.000000 8.374783
v -71.044067 0.000000 2.951687
v -70.044373 0.000000 2.976438
v -71.177719 0.000000 8.350033
v -70.178024 0.000000 8.374783
v -70.178024 0.000000 8.374783
v -70.178024 0.000000 8.374783
v -70.178024 0.000000 8.374783
v -70.178024 0.000000 8.374783
v -30.396778 0.000000 -4.338929
v -30.373894 0.000000 -5.338667
v -44.393112 0.000000 -4.659265
v -44.370232 0.000000 -5.659002
v -30.396778 0.000000 -4.338929
v -30.373894 0.000000 -5.338667
v -30.373894 0.000000 -5.338667
v -30.373894 0.000000 -5.338667
v -30.373894 0.000000 -5.338667
v -30.373894 0.000000 -5.338667
v -8.256637 0.000000 -9.077971
v -8.635445 0.000000 -9.917543
v -16.376991 0.000000 -5.414147
v -16.755798 0.000000 -6.253722
v -8.256637 0.000000 -9.077971
v -8.635445 0.000000 -9.917543
v -8.635445 0.000000 -9.917543
v -8.635445 0.000000 -9.917543
v -8.635445 0.000000 -9.917543
v -8.635445 0.000000 -9.917543
v 8.643754 0.000000 -9.632969
v 8.386106 0.000000 -8.679869
v 18.146217 0.000000 -7.064202
v 17.888565 0.000000 -6.111102
v 8.643754 0.000000 -9.632969
v 8.386106 0.000000 -8.679869
v 8.386106 0.000000 -8.679869
v 8.386106 0.000000 -8.679869
v 8.386106 0.000000 -8.679869
v 8.386106 0.000000 -8.679869
v 0.289672 0.000000 -0.509291
v 10.189164 0.000000 -10.408785
v -9.609821 0.000000 -10.408785
v -2.586242 0.050000 -0.076182
v 2.586230 0.050000 -0.076184
v -2.586240 0.050000 -3.944801
v 2.586232 0.050000 -3.944802
v 30.811859 0.000000 -5.338641
v 30.876617 0.000000 -6.337041
v 17.495556 0.000000 -6.202336
v 17.560314 0.000000 -7.200735
v 30.811859 0.000000 -5.338641
v 30.876617 0.000000 -6.337041
v 30.876617 0.000000 -6.337041
v 30.876617 0.000000 -6.337041
v 30.876617 0.000000 -6.337041
v 30.876617 0.000000 -6.337041
v 42.383324 0.000000 -5.657141
v 42.371490 0.000000 -6.657070
v 29.936420 0.000000 -5.509938
v 29.924595 0.000000 -6.509869
v 42.383324 0.000000 -5.657141
v 42.371490 0.000000 -6.657070
v 42.371490 0.000000 -6.657070
v 42.371490 0.000000 -6.657070
v 42.371490 0.000000 -6.657070
v 42.371490 0.000000 -6.657070
v 47.867424 0.000000 -4.261571
v 48.113029 0.000000 -5.230942
v 42.051193 0.000000 -5.735174
v 42.296799 0.000000 -6.704545
v 47.867424 0.000000 -4.261571
v 48.113029 0.000000 -5.230942
v 48.113029 0.000000 -5.230942
v 48.113029 0.000000 -5.230942
v 48.113029 0.000000 -5.230942
v 48.113029 0.000000 -5.230942
v 48.047653 0.000000 -5.203291
v 47.799538 0.000000 -4.231050
v 54.157898 0.000000 -3.643934
v 53.909782 0.000000 -2.671694
v 48.047653 0.000000 -5.203291
v 47.799538 0.000000 -4.231050
v 47.799538 0.000000 -4.231050
v 47.799538 0.000000 -4.231050
v 47.799538 0.000000 -4.231050
v 47.799538 0.000000 -4.231050
v 59.734421 0.000000 -1.047586
v 59.981094 0.000000 -2.021204
v 53.533195 0.000000 -2.618731
v 53.779869 0.000000 -3.592348
v 59.734421 0.000000 -1.047586
v 59.981094 0.000000 -2.021204
v 59.981094 0.000000 -2.021204
v 59.981094 0.000000 -2.021204
v 59.981094 0.000000 -2.021204
v 59.981094 0.000000 -2.021204
v 65.823807 0.000000 -1.094001
v 65.823799 0.000000 -2.094001
v 59.823807 0.000000 -1.094002
v 59.823807 0.000000 -2.094002
v 65.823807 0.000000 -1.094001
v 65.823799 0.000000 -2.094001
v 65.823799 0.000000 -2.094001
v 65.823799 0.000000 -2.094001
v 65.823799 0.000000 -2.094001
v 65.823799 0.000000 -2.094001
v 70.412170 0.000000 0.251692
v 70.719650 0.000000 -0.699864
v 65.654388 0.000000 -1.285700
v 65.961876 0.000000 -2.237256
v 70.412170 0.000000 0.251692
v 70.719650 0.000000 -0.699864
v 70.719650 0.000000 -0.699864
v 70.719650 0.000000 -0.699864
v 70.719650 0.000000 -0.699864
v 70.719650 0.000000 -0.699864
v 73.032585 0.000000 2.641152
v 73.731430 0.000000 1.925876
v 70.171486 0.000000 -0.154220
v 70.870331 0.000000 -0.869496
v 73.032585 0.000000 2.641152
v 73.731430 0.000000 1.925876
v 73.731430 0.000000 1.925876
v 73.731430 0.000000 1.925876
v 73.731430 0.000000 1.925876
v 73.731430 0.000000 1.925876
v 75.460571 0.000000 6.268584
v 76.357300 0.000000 5.702949
v 73.016350 0.000000 2.393652
v 73.913086 0.000000 1.828016
v 75.460571 0.000000 6.268584
v 76.357300 0.000000 5.702949
v 76.357300 0.000000 5.702949
v 76.357300 0.000000 5.702949
v 76.357300 0.000000 5.702949
v 76.357300 0.000000 5.702949
v 75.205574 0.000000 12.196848
v 76.205574 0.000000 12.196848
v 75.205582 0.000000 5.809147
v 76.205574 0.000000 5.809148
v 75.205574 0.000000 12.196848
v 76.205574 0.000000 12.196848
v 76.205574 0.000000 12.196848
v 76.205574 0.000000 12.196848
v 76.205574 0.000000 12.196848
v 76.205574 0.000000 12.196848
v 73.517876 0.000000 17.091948
v 74.465431 0.000000 17.411549
v 75.243713 0.000000 11.975163
v 76.191269 0.000000 12.294764
v 73.517876 0.000000 17.091948
v 74.465431 0.000000 17.411549
v 74.465431 0.000000 17.411549
v 74.465431 0.000000 17.411549
v 74.465431 0.000000 17.411549
v 74.465431 0.000000 17.411549
v 70.174927 0.000000 22.094374
v 71.021400 0.000000 22.626822
v 73.476112 0.000000 16.846306
v 74.322571 0.000000 17.378754
v 70.174927 0.000000 22.094374
v 71.021400 0.000000 22.626822
v 71.021400 0.000000 22.626822
v 71.021400 0.000000 22.626822
v 71.021400 0.000000 22.626822
v 71.021400 0.000000 22.626822
v -69.425705 0.000000 14.040554
v -68.469231 0.000000 13.748735
v -71.176620 0.000000 8.301714
v -70.220146 0.000000 8.009894
v -69.425705 0.000000 14.040554
v -68.469231 0.000000 13.748735
v -68.469231 0.000000 13.748735
v -68.469231 0.000000 13.748735
v -68.469231 0.000000 13.748735
v -68.469231 0.000000 13.748735
v -49.256577 0.000000 51.054482
v -48.833710 0.000000 50.148289
v -54.693726 0.000000 48.517262
v -54.270851 0.000000 47.611069
v -49.256577 0.000000 51.054482
v -48.833710 0.000000 50.148289
v -48.833710 0.000000 50.148289
v -48.833710 0.000000 50.148289
v -48.833710 0.000000 50.148289
v -48.833710 0.000000 50.148289
v 40.065052 0.000000 49.859520
v 40.446964 0.000000 48.935318
v 34.519867 0.000000 47.568043
v 34.901775 0.000000 46.643845
v 40.065052 0.000000 49.859520
v 40.446964 0.000000 48.935318
v 40.446964 0.000000 48.935318
v 40.446964 0.000000 48.935318
v 40.446964 0.000000 48.935318
v 40.446964 0.000000 48.935318
v 66.624611 0.000000 26.866497
v 67.437355 0.000000 27.449114
v 70.120293 0.000000 21.989998
v 70.933037 0.000000 22.572617
v 66.624611 0.000000 26.866497
v 67.437355 0.000000 27.449114
v 67.437355 0.000000 27.449114
v 67.437355 0.000000 27.449114
v 67.437355 0.000000 27.449114
v 67.437355 0.000000 27.449114
v 62.406769 0.000000 31.905342
v 63.235107 0.000000 32.579926
v 66.579483 0.000000 26.781595
v 67.407822 0.000000 27.456181
v 62.406769 0.000000 31.905342
v 63.235107 0.000000 32.579926
v 63.235107 0.000000 32.579926
v 63.235107 0.000000 32.579926
v 63.235107 0.000000 32.579926
v 63.235107 0.000000 32.579926
v 59.988342 0.000000 37.428299
v 60.895035 0.000000 37.850086
v 62.519058 0.000000 31.988129
v 63.425751 0.000000 32.409912
v 59.988342 0.000000 37.428299
v 60.895035 0.000000 37.850086
v 60.895035 0.000000 37.850086
v 60.895035 0.000000 37.850086
v 60.895035 0.000000 37.850086
v 60.895035 0.000000 37.850086
v 49.359818 0.000000 43.347813
v 49.757034 0.000000 44.199696
v 55.076141 0.000000 40.682419
v 55.473351 0.000000 41.534298
v 49.359818 0.000000 43.347813
v 49.757034 0.000000 44.199696
v 49.757034 0.000000 44.199696
v 49.757034 0.000000 44.199696
v 49.757034 0.000000 44.199696
v 49.757034 0.000000 44.199696
v 45.040894 0.000000 47.042542
v 45.797379 0.000000 47.891968
v 49.309708 0.000000 43.240826
v 50.066185 0.000000 44.090248
v 45.040894 0.000000 47.042542
v 45.797379 0.000000 47.891968
v 45.797379 0.000000 47.891968
v 45.797379 0.000000 47.891968
v 45.797379 0.000000 47.891968
v 45.797379 0.000000 47.891968
v 39.698696 0.000000 48.881775
v 40.037098 0.000000 49.822769
v 45.344704 0.000000 46.851364
v 45.683105 0.000000 47.792366
v 39.698696 0.000000 48.881775
v 40.037098 0.000000 49.822769
v 40.037098 0.000000 49.822769
v 40.037098 0.000000 49.822769
v 40.037098 0.000000 49.822769
v 40.037098 0.000000 49.822769
v 61.070770 0.000000 38.069550
v 60.425941 0.000000 37.099556
v 55.542213 0.000000 41.744827
v 54.897385 0.000000 40.774834
v 61.070770 0.000000 38.069550
v 60.425941 0.000000 37.099556
v 60.425941 0.000000 37.099556
v 60.425941 0.000000 37.099556
v 60.425941 0.000000 37.099556
v 60.425941 0.000000 37.099556
v 28.945168 0.000000 47.408894
v 29.093460 0.000000 48.397835
v 34.878822 0.000000 46.519119
v 35.027119 0.000000 47.508057
v 28.945168 0.000000 47.408894
v 29.093460 0.000000 48.397835
v 29.093460 0.000000 48.397835
v 29.093460 0.000000 48.397835
v 29.093460 0.000000 48.397835
v 29.093460 0.000000 48.397835
v 23.942421 0.000000 50.578426
v 24.480530 0.000000 51.421303
v 28.999691 0.000000 47.349800
v 29.537796 0.000000 48.192684
v 23.942421 0.000000 50.578426
v 24.480530 0.000000 51.421303
v 24.480530 0.000000 51.421303
v 24.480530 0.000000 51.421303
v 24.480530 0.000000 51.421303
v 24.480530 0.000000 51.421303
v 18.497604 0.000000 51.025616
v 18.606129 0.000000 52.019714
v 24.462170 0.000000 50.374477
v 24.570694 0.000000 51.368572
v 18.497604 0.000000 51.025616
v 18.606129 0.000000 52.019714
v 18.606129 0.000000 52.019714
v 18.606129 0.000000 52.019714
v 18.606129 0.000000 52.019714
v 18.606129 0.000000 52.019714
v 13.164765 0.000000 53.384464
v 13.563134 0.000000 54.301685
v 18.668118 0.000000 50.994244
v 19.066483 0.000000 51.911472
v 13.164765 0.000000 53.384464
v 13.563134 0.000000 54.301685
v 13.563134 0.000000 54.301685
v 13.563134 0.000000 54.301685
v 13.563134 0.000000 54.301685
v 13.563134 0.000000 54.301685
v 7.989997 0.000000 56.460735
v 8.484342 0.000000 57.329998
v 13.205590 0.000000 53.494656
v 13.699933 0.000000 54.363922
v 7.989997 0.000000 56.460735
v 8.484342 0.000000 57.329998
v 8.484342 0.000000 57.329998
v 8.484342 0.000000 57.329998
v 8.484342 0.000000 57.329998
v 8.484342 0.000000 57.329998
v 2.169982 0.000000 58.709679
v 2.525243 0.000000 59.659199
v 8.322186 0.000000 56.407852
v 8.677445 0.000000 57.357368
v 2.169982 0.000000 58.709679
v 2.525243 0.000000 59.659199
v 2.525243 0.000000 59.659199
v 2.525243 0.000000 59.659199
v 2.525243 0.000000 59.659199
v 2.525243 0.000000 59.659199
v 2.799266 0.000000 59.706741
v 2.935990 0.000000 58.714989
v -3.488273 0.000000 58.839916
v -3.351546 0.000000 57.848171
v 2.799266 0.000000 59.706741
v 2.935990 0.000000 58.714989
v 2.935990 0.000000 58.714989
v 2.935990 0.000000 58.714989
v 2.935990 0.000000 58.714989
v 2.935990 0.000000 58.714989
v -3.301272 0.000000 58.938751
v -3.285617 0.000000 57.938877
v -9.300538 0.000000 58.844803
v -9.284881 0.000000 57.844929
v -3.301272 0.000000 58.938751
v -3.285617 0.000000 57.938877
v -3.285617 0.000000 57.938877
v -3.285617 0.000000 57.938877
v -3.285617 0.000000 57.938877
v -3.285617 0.000000 57.938877
v -9.252227 0.000000 58.892387
v -9.194551 0.000000 57.894054
v -15.242240 0.000000 58.546333
v -15.184562 0.000000 57.548000
v -9.252227 0.000000 58.892387
v -9.194551 0.000000 57.894054
v -9.194551 0.000000 57.894054
v -9.194551 0.000000 57.894054
v -9.194551 0.000000 57.894054
v -9.194551 0.000000 57.894054
v -15.139544 0.000000 58.624882
v -15.132251 0.000000 57.624905
v -21.139385 0.000000 58.581131
v -21.132092 0.000000 57.581158
v -15.139544 0.000000 58.624882
v -15.132251 0.000000 57.624905
v -15.132251 0.000000 57.624905
v -15.132251 0.000000 57.624905
v -15.132251 0.000000 57.624905
v -15.132251 0.000000 57.624905
v -21.110653 0.000000 58.549160
v -21.052971 0.000000 57.550709
v -27.306976 0.000000 58.191189
v -27.249294 0.000000 57.192734
v -21.110653 0.000000 58.549160
v -21.052971 0.000000 57.550709
v -21.052971 0.000000 57.550709
v -21.052971 0.000000 57.550709
v -21.052971 0.000000 57.550709
v -21.052971 0.000000 57.550709
v -27.124481 0.000000 58.140633
v -27.066803 0.000000 57.142197
v -33.293686 0.000000 57.784222
v -33.236000 0.000000 56.785786
v -27.124481 0.000000 58.140633
v -27.066803 0.000000 57.142197
v -27.066803 0.000000 57.142197
v -27.066803 0.000000 57.142197
v -27.066803 0.000000 57.142197
v -27.066803 0.000000 57.142197
v -33.291824 0.000000 57.760876
v -33.234146 0.000000 56.762543
v -39.281837 0.000000 57.414818
v -39.224159 0.000000 56.416485
v -33.291824 0.000000 57.760876
v -33.234146 0.000000 56.762543
v -33.234146 0.000000 56.762543
v -33.234146 0.000000 56.762543
v -33.234146 0.000000 56.762543
v -33.234146 0.000000 56.762543
v -39.272469 0.000000 57.597485
v -38.871502 0.000000 56.668251
v -45.129089 0.000000 55.070312
v -44.728123 0.000000 54.141087
v -39.272469 0.000000 57.597485
v -38.871502 0.000000 56.668251
v -38.871502 0.000000 56.668251
v -38.871502 0.000000 56.668251
v -38.871502 0.000000 56.668251
v -38.871502 0.000000 56.668251
v -45.037045 0.000000 55.366657
v -44.288239 0.000000 54.703865
v -49.013775 0.000000 50.873814
v -48.264969 0.000000 50.211029
v -45.037045 0.000000 55.366657
v -44.288239 0.000000 54.703865
v -44.288239 0.000000 54.703865
v -44.288239 0.000000 54.703865
v -44.288239 0.000000 54.703865
v -44.288239 0.000000 54.703865
v -51.615448 0.000000 42.544277
v -50.648830 0.000000 42.288063
v -53.152725 0.000000 36.744553
v -52.186108 0.000000 36.488342
v -51.615448 0.000000 42.544277
v -50.648830 0.000000 42.288063
v -50.648830 0.000000 42.288063
v -50.648830 0.000000 42.288063
v -50.648830 0.000000 42.288063
v -50.648830 0.000000 42.288063
v -52.770294 0.000000 37.590694
v -51.899780 0.000000 37.098541
v -55.723213 0.000000 32.367641
v -54.852703 0.000000 31.875488
v -52.770294 0.000000 37.590694
v -51.899780 0.000000 37.098541
v -51.899780 0.000000 37.098541
v -51.899780 0.000000 37.098541
v -51.899780 0.000000 37.098541
v -51.899780 0.000000 37.098541
v -55.484985 0.000000 32.796204
v -54.697090 0.000000 32.180386
v -59.179878 0.000000 28.068861
v -58.391983 0.000000 27.453043
v -55.484985 0.000000 32.796204
v -54.697090 0.000000 32.180386
v -54.697090 0.000000 32.180386
v -54.697090 0.000000 32.180386
v -54.697090 0.000000 32.180386
v -54.697090 0.000000 32.180386
v -59.104507 0.000000 28.257996
v -58.340073 0.000000 27.613293
v -62.972717 0.000000 23.671387
v -62.208282 0.000000 23.026684
v -59.104507 0.000000 28.257996
v -58.340073 0.000000 27.613293
v -58.340073 0.000000 27.613293
v -58.340073 0.000000 27.613293
v -58.340073 0.000000 27.613293
v -58.340073 0.000000 27.613293
v -66.672470 0.000000 34.541607
v -65.691978 0.000000 34.755272
v -65.440742 0.000000 28.889404
v -64.460251 0.000000 29.103071
v -66.672470 0.000000 34.541607
v -65.691978 0.000000 34.755272
v -65.691978 0.000000 34.755272
v -65.691978 0.000000 34.755272
v -65.691978 0.000000 34.755272
v -65.691978 0.000000 34.755272
v -65.422173 0.000000 28.985069
v -64.472733 0.000000 29.299006
v -63.538544 0.000000 23.288410
v -62.589096 0.000000 23.602348
v -65.422173 0.000000 28.985069
v -64.472733 0.000000 29.299006
v -64.472733 0.000000 29.299006
v -64.472733 0.000000 29.299006
v -64.472733 0.000000 29.299006
v -64.472733 0.000000 29.299006
v -63.168259 0.000000 23.779045
v -62.380363 0.000000 23.163229
v -66.863144 0.000000 19.051701
v -66.075256 0.000000 18.435886
v -63.168259 0.000000 23.779045
v -62.380363 0.000000 23.163229
v -62.380363 0.000000 23.163229
v -62.380363 0.000000 23.163229
v -62.380363 0.000000 23.163229
v -62.380363 0.000000 23.163229
v -66.867035 0.000000 19.230808
v -65.962158 0.000000 18.805126
v -69.421135 0.000000 13.801575
v -68.516258 0.000000 13.375891
v -66.867035 0.000000 19.230808
v -65.962158 0.000000 18.805126
v -65.962158 0.000000 18.805126
v -65.962158 0.000000 18.805126
v -65.962158 0.000000 18.805126
v -65.962158 0.000000 18.805126
v -70.918015 0.000000 3.151323
v -69.994904 0.000000 3.577686
v -68.209488 0.000000 -2.712883
v -67.286362 0.000000 -2.286520
v -70.918015 0.000000 3.151323
v -69.994904 0.000000 3.577686
v -69.994904 0.000000 3.577686
v -69.994904 0.000000 3.577686
v -69.994904 0.000000 3.577686
v -69.994904 0.000000 3.577686
v -67.995239 0.000000 -2.720957
v -67.809532 0.000000 -1.738351
v -62.099594 0.000000 -3.835168
v -61.913895 0.000000 -2.852562
v -67.995239 0.000000 -2.720957
v -67.809532 0.000000 -1.738351
v -67.809532 0.000000 -1.738351
v -67.809532 0.000000 -1.738351
v -67.809532 0.000000 -1.738351
v -67.809532 0.000000 -1.738351
v -62.255417 0.000000 -3.874490
v -62.080215 0.000000 -2.889956
v -56.348213 0.000000 -4.925664
v -56.173019 0.000000 -3.941130
v -62.255417 0.000000 -3.874490
v -62.080215 0.000000 -2.889956
v -62.080215 0.000000 -2.889956
v -62.080215 0.000000 -2.889956
v -62.080215 0.000000 -2.889956
v -62.080215 0.000000 -2.889956
v -56.457470 0.000000 -5.075377
v -56.408474 0.000000 -4.076577
v -50.464672 0.000000 -5.369325
v -50.415680 0.000000 -4.370525
v -56.457470 0.000000 -5.075377
v -56.408474 0.000000 -4.076577
v -56.408474 0.000000 -4.076577
v -56.408474 0.000000 -4.076577
v -56.408474 0.000000 -4.076577
v -56.408474 0.000000 -4.076577
v -50.640594 0.000000 -5.397289
v -50.609215 0.000000 -4.397723
v -44.300617 0.000000 -5.596319
v -44.269238 0.000000 -4.596753
v -50.640594 0.000000 -5.397289
v -50.609215 0.000000 -4.397723
v -50.609215 0.000000 -4.397723
v -50.609215 0.000000 -4.397723
v -50.609215 0.000000 -4.397723
v -50.609215 0.000000 -4.397723
v -66.821297 0.000000 38.794247
v -65.822067 0.000000 38.833607
v -66.648109 0.000000 34.397659
v -65.648880 0.000000 34.437016
v -66.821297 0.000000 38.794247
v -65.822067 0.000000 38.833607
v -65.822067 0.000000 38.833607
v -65.822067 0.000000 38.833607
v -65.822067 0.000000 38.833607
v -65.822067 0.000000 38.833607
v -50.028999 0.000000 48.565525
v -49.108559 0.000000 48.321556
v -51.657433 0.000000 42.421890
v -50.736996 0.000000 42.177917
v -50.028999 0.000000 48.565525
v -49.108559 0.000000 48.321556
v -49.108559 0.000000 48.321556
v -49.108559 0.000000 48.321556
v -49.108559 0.000000 48.321556
v -49.108559 0.000000 48.321556
v -49.260597 0.000000 51.232197
v -48.293972 0.000000 50.975979
v -50.285446 0.000000 47.365715
v -49.318825 0.000000 47.109505
v -49.260597 0.000000 51.232197
v -48.293972 0.000000 50.975979
v -48.293972 0.000000 50.975979
v -48.293972 0.000000 50.975979
v -48.293972 0.000000 50.975979
v -48.293972 0.000000 50.975979
v -54.729126 0.000000 48.537025
v -54.165916 0.000000 47.672359
v -58.209160 0.000000 46.270252
v -57.645950 0.000000 45.405590
v -54.729126 0.000000 48.537025
v -54.165916 0.000000 47.672359
v -54.165916 0.000000 47.672359
v -54.165916 0.000000 47.672359
v -54.165916 0.000000 47.672359
v -54.165916 0.000000 47.672359
v -57.932846 0.000000 46.383900
v -57.387054 0.000000 45.545975
v -61.284531 0.000000 44.200733
v -60.738739 0.000000 43.362816
v -57.932846 0.000000 46.383900
v -57.387054 0.000000 45.545975
v -57.387054 0.000000 45.545975
v -57.387054 0.000000 45.545975
v -57.387054 0.000000 45.545975
v -57.387054 0.000000 45.545975
v -61.191444 0.000000 44.122570
v -60.645653 0.000000 43.284649
v -64.543129 0.000000 41.939407
v -63.997337 0.000000 41.101482
v -61.191444 0.000000 44.122570
v -60.645653 0.000000 43.284649
v -60.645653 0.000000 43.284649
v -60.645653 0.000000 43.284649
v -60.645653 0.000000 43.284649
v -60.645653 0.000000 43.284649
vn -0.0000 1.0000 -0.0000
vn -0.8761 -0.0000 0.4822
vn -0.4822 -0.0000 -0.8761
vn 0.8761 -0.0000 -0.4822
vn 0.4822 -0.0000 0.8761
vn -0.0000 -1.0000 -0.0000
vn -0.8709 -0.0000 0.4915
vn -0.4915 -0.0000 -0.8709
vn 0.8709 -0.0000 -0.4915
vn 0.4915 -0.0000 0.8709
vn 0.0980 -0.0000 -0.9952
vn 0.2903 -0.0000 -0.9569
vn 0.4714 -0.0000 -0.8819
vn 0.6344 -0.0000 -0.7730
vn 0.7730 -0.0000 -0.6344
vn 0.8819 -0.0000 -0.4714
vn 0.9569 -0.0000 -0.2903
vn 0.9952 -0.0000 -0.0980
vn 0.9952 -0.0000 0.0980
vn 0.9569 -0.0000 0.2903
vn 0.8819 -0.0000 0.4714
vn 0.7730 -0.0000 0.6344
vn 0.6344 -0.0000 0.7730
vn 0.4714 -0.0000 0.8819
vn 0.2903 -0.0000 0.9569
vn 0.0980 -0.0000 0.9952
vn -0.0980 -0.0000 0.9952
vn -0.2903 -0.0000 0.9569
vn -0.4714 -0.0000 0.8819
vn -0.6344 -0.0000 0.7730
vn -0.7730 -0.0000 0.6344
vn -0.8819 -0.0000 0.4714
vn -0.9569 -0.0000 0.2903
vn -0.9952 -0.0000 0.0980
vn -0.9952 -0.0000 -0.0980
vn -0.9569 -0.0000 -0.2903
vn -0.8819 -0.0000 -0.4714
vn -0.7730 -0.0000 -0.6344
vn -0.6344 -0.0000 -0.7730
vn -0.4714 -0.0000 -0.8819
vn -0.2903 -0.0000 -0.9569
vn -0.0980 -0.0000 -0.9952
vt 0.000000 0.000000
vt 1.000000 0.000000
vt 1.000000 1.000000
vt 0.000000 1.000000
vt 0.375000 0.000000
vt 0.625000 0.000000
vt 0.625000 0.250000
vt 0.375000 0.250000
vt 0.625000 0.500000
vt 0.375000 0.500000
vt 0.625000 0.750000
vt 0.375000 0.750000
vt 0.625000 1.000000
vt 0.375000 1.000000
vt 0.125000 0.500000
vt 0.125000 0.750000
vt 0.875000 0.500000
vt 0.875000 0.750000
vt 1.000000 0.500000
vt 0.968750 1.000000
vt 0.968750 0.500000
vt 0.937500 1.000000
vt 0.937500 0.500000
vt 0.906250 1.000000
vt 0.906250 0.500000
vt 0.875000 1.000000
vt 0.843750 1.000000
vt 0.843750 0.500000
vt 0.812500 1.000000
vt 0.812500 0.500000
vt 0.781250 1.000000
vt 0.781250 0.500000
vt 0.750000 1.000000
vt 0.750000 0.500000
vt 0.718750 1.000000
vt 0.718750 0.500000
vt 0.687500 1.000000
vt 0.687500 0.500000
vt 0.656250 1.000000
vt 0.656250 0.500000
vt 0.593750 1.000000
vt 0.593750 0.500000
vt 0.562500 1.000000
vt 0.562500 0.500000
vt 0.531250 1.000000
vt 0.531250 0.500000
vt 0.500000 1.000000
vt 0.500000 0.500000
vt 0.468750 1.000000
vt 0.468750 0.500000
vt 0.437500 1.000000
vt 0.437500 0.500000
vt 0.406250 1.000000
vt 0.406250 0.500000
vt 0.343750 1.000000
vt 0.343750 0.500000
vt 0.312500 1.000000
vt 0.312500 0.500000
vt 0.281250 1.000000
vt 0.281250 0.500000
vt 0.250000 1.000000
vt 0.250000 0.500000
vt 0.218750 1.000000
vt 0.218750 0.500000
vt 0.187500 1.000000
vt 0.187500 0.500000
vt 0.156250 1.000000
vt 0.156250 0.500000
vt 0.125000 1.000000
vt 0.093750 1.000000
vt 0.093750 0.500000
vt 0.062500 1.000000
vt 0.062500 0.500000
vt 0.296822 0.485388
vt 0.250000 0.490000
vt 0.203178 0.485388
vt 0.158156 0.471731
vt 0.116663 0.449553
vt 0.080294 0.419706
vt 0.050447 0.383337
vt 0.028269 0.341844
vt 0.014612 0.296822
vt 0.010000 0.250000
vt 0.014612 0.203178
vt 0.028269 0.158156
vt 0.050447 0.116663
vt 0.080294 0.080294
vt 0.116663 0.050447
vt 0.158156 0.028269
vt 0.203178 0.014612
vt 0.250000 0.010000
vt 0.296822 0.014612
vt 0.341844 0.028269
vt 0.383337 0.050447
vt 0.419706 0.080294
vt 0.449553 0.116663
vt 0.471731 0.158156
vt 0.485388 0.203178
vt 0.490000 0.250000
vt 0.485388 0.296822
vt 0.471731 0.341844
vt 0.449553 0.383337
vt 0.419706 0.419706
vt 0.383337 0.449553
vt 0.341844 0.471731
vt 0.031250 1.000000
vt 0.031250 0.500000
vt 0.000000 0.500000
vt 0.750000 0.490000
vt 0.796822 0.485388
vt 0.841844 0.471731
vt 0.883337 0.449553
vt 0.919706 0.419706
vt 0.949553 0.383337
vt 0.971731 0.341844
vt 0.985388 0.296822
vt 0.990000 0.250000
vt 0.985388 0.203178
vt 0.971731 0.158156
vt 0.949553 0.116663
vt 0.919706 0.080294
vt 0.883337 0.050447
vt 0.841844 0.028269
vt 0.796822 0.014612
vt 0.750000 0.010000
vt 0.703178 0.014612
vt 0.658156 0.028269
vt 0.616663 0.050447
vt 0.580294 0.080294
vt 0.550447 0.116663
vt 0.528269 0.158156
vt 0.514612 0.203178
vt 0.510000 0.250000
vt 0.514612 0.296822
vt 0.528269 0.341844
vt 0.550447 0.383337
vt 0.580294 0.419706
vt 0.616663 0.449553
vt 0.658156 0.471731
vt 0.703178 0.485388
s 0
usemtl Material.014
f 3572/2020/1262 3573/2021/1262 3575/2022/1262 3574/2023/1262
f 3672/2020/1262 3673/2021/1262 3675/2022/1262 3674/2023/1262
f 3673/2021/1262 3672/2020/1262 3676/2020/1262 3677/2021/1262
f 3673/2021/1262 3677/2021/1262 3679/2021/1262 3678/2021/1262
f 3678/2021/1262 3679/2021/1262 3681/2021/1262 3680/2021/1262
f 3682/2020/1262 3683/2021/1262 3685/2022/1262 3684/2023/1262
f 3683/2021/1262 3682/2020/1262 3686/2020/1262 3687/2021/1262
f 3683/2021/1262 3687/2021/1262 3689/2021/1262 3688/2021/1262
f 3688/2021/1262 3689/2021/1262 3691/2021/1262 3690/2021/1262
f 3692/2020/1262 3693/2021/1262 3695/2022/1262 3694/2023/1262
f 3693/2021/1262 3692/2020/1262 3696/2020/1262 3697/2021/1262
f 3693/2021/1262 3697/2021/1262 3699/2021/1262 3698/2021/1262
f 3698/2021/1262 3699/2021/1262 3701/2021/1262 3700/2021/1262
f 3702/2020/1262 3703/2021/1262 3705/2022/1262 3704/2023/1262
f 3703/2021/1262 3702/2020/1262 3706/2020/1262 3707/2021/1262
f 3703/2021/1262 3707/2021/1262 3709/2021/1262 3708/2021/1262
f 3708/2021/1262 3709/2021/1262 3711/2021/1262 3710/2021/1262
f 3712/2020/1262 3713/2021/1262 3715/2022/1262 3714/2023/1262
f 3713/2021/1262 3712/2020/1262 3716/2020/1262 3717/2021/1262
f 3713/2021/1262 3717/2021/1262 3719/2021/1262 3718/2021/1262
f 3718/2021/1262 3719/2021/1262 3721/2021/1262 3720/2021/1262
f 3722/2020/1262 3723/2021/1262 3724/2023/1262
f 3725/2020/1262 3726/2021/1262 3728/2022/1262 3727/2023/1262
f 3729/2020/1262 3730/2021/1262 3732/2022/1262 3731/2023/1262
f 3730/2021/1262 3729/2020/1262 3733/2020/1262 3734/2021/1262
f 3730/2021/1262 3734/2021/1262 3736/2021/1262 3735/2021/1262
f 3735/2021/1262 3736/2021/1262 3738/2021/1262 3737/2021/1262
f 3739/2020/1262 3740/2021/1262 3742/2022/1262 3741/2023/1262
f 3740/2021/1262 3739/2020/1262 3743/2020/1262 3744/2021/1262
f 3740/2021/1262 3744/2021/1262 3746/2021/1262 3745/2021/1262
f 3745/2021/1262 3746/2021/1262 3748/2021/1262 3747/2021/1262
f 3749/2020/1262 3750/2021/1262 3752/2022/1262 3751/2023/1262
f 3750/2021/1262 3749/2020/1262 3753/2020/1262 3754/2021/1262
f 3750/2021/1262 3754/2021/1262 3756/2021/1262 3755/2021/1262
f 3755/2021/1262 3756/2021/1262 3758/2021/1262 3757/2021/1262
f 3759/2020/1262 3760/2021/1262 3762/2022/1262 3761/2023/1262
f 3760/2021/1262 3759/2020/1262 3763/2020/1262 3764/2021/1262
f 3760/2021/1262 3764/2021/1262 3766/2021/1262 3765/2021/1262
f 3765/2021/1262 3766/2021/1262 3768/2021/1262 3767/2021/1262
f 3769/2020/1262 3770/2021/1262 3772/2022/1262 3771/2023/1262
f 3770/2021/1262 3769/2020/1262 3773/2020/1262 3774/2021/1262
f 3770/2021/1262 3774/2021/1262 3776/2021/1262 3775/2021/1262
f 3775/2021/1262 3776/2021/1262 3778/2021/1262 3777/2021/1262
f 3779/2020/1262 3780/2021/1262 3782/2022/1262 3781/2023/1262
f 3780/2021/1262 3779/2020/1262 3783/2020/1262 3784/2021/1262
f 3780/2021/1262 3784/2021/1262 3786/2021/1262 3785/2021/1262
f 3785/2021/1262 3786/2021/1262 3788/2021/1262 3787/2021/1262
f 3789/2020/1262 3790/2021/1262 3792/2022/1262 3791/2023/1262
f 3790/2021/1262 3789/2020/1262 3793/2020/1262 3794/2021/1262
f 3790/2021/1262 3794/2021/1262 3796/2021/1262 3795/2021/1262
f 3795/2021/1262 3796/2021/1262 3798/2021/1262 3797/2021/1262
f 3799/2020/1262 3800/2021/1262 3802/2022/1262 3801/2023/1262
f 3800/2021/1262 3799/2020/1262 3803/2020/1262 3804/2021/1262
f 3800/2021/1262 3804/2021/1262 3806/2021/1262 3805/2021/1262
f 3805/2021/1262 3806/2021/1262 3808/2021/1262 3807/2021/1262
f 3809/2020/1262 3810/2021/1262 3812/2022/1262 3811/2023/1262
f 3810/2021/1262 3809/2020/1262 3813/2020/1262 3814/2021/1262
f 3810/2021/1262 3814/2021/1262 3816/2021/1262 3815/2021/1262
f 3815/2021/1262 3816/2021/1262 3818/2021/1262 3817/2021/1262
f 3819/2020/1262 3820/2021/1262 3822/2022/1262 3821/2023/1262
f 3820/2021/1262 3819/2020/1262 3823/2020/1262 3824/2021/1262
f 3820/2021/1262 3824/2021/1262 3826/2021/1262 3825/2021/1262
f 3825/2021/1262 3826/2021/1262 3828/2021/1262 3827/2021/1262
f 3829/2020/1262 3830/2021/1262 3832/2022/1262 3831/2023/1262
f 3830/2021/1262 3829/2020/1262 3833/2020/1262 3834/2021/1262
f 3830/2021/1262 3834/2021/1262 3836/2021/1262 3835/2021/1262
f 3835/2021/1262 3836/2021/1262 3838/2021/1262 3837/2021/1262
f 3839/2020/1262 3840/2021/1262 3842/2022/1262 3841/2023/1262
f 3840/2021/1262 3839/2020/1262 3843/2020/1262 3844/2021/1262
f 3840/2021/1262 3844/2021/1262 3846/2021/1262 3845/2021/1262
f 3845/2021/1262 3846/2021/1262 3848/2021/1262 3847/2021/1262
f 3849/2020/1262 3850/2021/1262 3852/2022/1262 3851/2023/1262
f 3850/2021/1262 3849/2020/1262 3853/2020/1262 3854/2021/1262
f 3850/2021/1262 3854/2021/1262 3856/2021/1262 3855/2021/1262
f 3855/2021/1262 3856/2021/1262 3858/2021/1262 3857/2021/1262
f 3859/2020/1262 3860/2021/1262 3862/2022/1262 3861/2023/1262
f 3860/2021/1262 3859/2020/1262 3863/2020/1262 3864/2021/1262
f 3860/2021/1262 3864/2021/1262 3866/2021/1262 3865/2021/1262
f 3865/2021/1262 3866/2021/1262 3868/2021/1262 3867/2021/1262
f 3869/2020/1262 3870/2021/1262 3872/2022/1262 3871/2023/1262
f 3870/2021/1262 3869/2020/1262 3873/2020/1262 3874/2021/1262
f 3870/2021/1262 3874/2021/1262 3876/2021/1262 3875/2021/1262
f 3875/2021/1262 3876/2021/1262 3878/2021/1262 3877/2021/1262
f 3879/2020/1262 3880/2021/1262 3882/2022/1262 3881/2023/1262
f 3880/2021/1262 3879/2020/1262 3883/2020/1262 3884/2021/1262
f 3880/2021/1262 3884/2021/1262 3886/2021/1262 3885/2021/1262
f 3885/2021/1262 3886/2021/1262 3888/2021/1262 3887/2021/1262
f 3889/2020/1262 3890/2021/1262 3892/2022/1262 3891/2023/1262
f 3890/2021/1262 3889/2020/1262 3893/2020/1262 3894/2021/1262
f 3890/2021/1262 3894/2021/1262 3896/2021/1262 3895/2021/1262
f 3895/2021/1262 3896/2021/1262 3898/2021/1262 3897/2021/1262
f 3899/2020/1262 3900/2021/1262 3902/2022/1262 3901/2023/1262
f 3900/2021/1262 3899/2020/1262 3903/2020/1262 3904/2021/1262
f 3900/2021/1262 3904/2021/1262 3906/2021/1262 3905/2021/1262
f 3905/2021/1262 3906/2021/1262 3908/2021/1262 3907/2021/1262
f 3909/2020/1262 3910/2021/1262 3912/2022/1262 3911/2023/1262
f 3910/2021/1262 3909/2020/1262 3913/2020/1262 3914/2021/1262
f 3910/2021/1262 3914/2021/1262 3916/2021/1262 3915/2021/1262
f 3915/2021/1262 3916/2021/1262 3918/2021/1262 3917/2021/1262
f 3919/2020/1262 3920/2021/1262 3922/2022/1262 3921/2023/1262
f 3920/2021/1262 3919/2020/1262 3923/2020/1262 3924/2021/1262
f 3920/2021/1262 3924/2021/1262 3926/2021/1262 3925/2021/1262
f 3925/2021/1262 3926/2021/1262 3928/2021/1262 3927/2021/1262
f 3929/2020/1262 3930/2021/1262 3932/2022/1262 3931/2023/1262
f 3930/2021/1262 3929/2020/1262 3933/2020/1262 3934/2021/1262
f 3930/2021/1262 3934/2021/1262 3936/2021/1262 3935/2021/1262
f 3935/2021/1262 3936/2021/1262 3938/2021/1262 3937/2021/1262
f 3939/2020/1262 3940/2021/1262 3942/2022/1262 3941/2023/1262
f 3940/2021/1262 3939/2020/1262 3943/2020/1262 3944/2021/1262
f 3940/2021/1262 3944/2021/1262 3946/2021/1262 3945/2021/1262
f 3945/2021/1262 3946/2021/1262 3948/2021/1262 3947/2021/1262
f 3949/2020/1262 3950/2021/1262 3952/2022/1262 3951/2023/1262
f 3950/2021/1262 3949/2020/1262 3953/2020/1262 3954/2021/1262
f 3950/2021/1262 3954/2021/1262 3956/2021/1262 3955/2021/1262
f 3955/2021/1262 3956/2021/1262 3958/2021/1262 3957/2021/1262
f 3959/2020/1262 3960/2021/1262 3962/2022/1262 3961/2023/1262
f 3960/2021/1262 3959/2020/1262 3963/2020/1262 3964/2021/1262
f 3960/2021/1262 3964/2021/1262 3966/2021/1262 3965/2021/1262
f 3965/2021/1262 3966/2021/1262 3968/2021/1262 3967/2021/1262
f 3969/2020/1262 3970/2021/1262 3972/2022/1262 3971/2023/1262
f 3970/2021/1262 3969/2020/1262 3973/2020/1262 3974/2021/1262
f 3970/2021/1262 3974/2021/1262 3976/2021/1262 3975/2021/1262
f 3975/2021/1262 3976/2021/1262 3978/2021/1262 3977/2021/1262
f 3979/2020/1262 3980/2021/1262 3982/2022/1262 3981/2023/1262
f 3980/2021/1262 3979/2020/1262 3983/2020/1262 3984/2021/1262
f 3980/2021/1262 3984/2021/1262 3986/2021/1262 3985/2021/1262
f 3985/2021/1262 3986/2021/1262 3988/2021/1262 3987/2021/1262
f 3989/2020/1262 3990/2021/1262 3992/2022/1262 3991/2023/1262
f 3990/2021/1262 3989/2020/1262 3993/2020/1262 3994/2021/1262
f 3990/2021/1262 3994/2021/1262 3996/2021/1262 3995/2021/1262
f 3995/2021/1262 3996/2021/1262 3998/2021/1262 3997/2021/1262
f 3999/2020/1262 4000/2021/1262 4002/2022/1262 4001/2023/1262
f 4000/2021/1262 3999/2020/1262 4003/2020/1262 4004/2021/1262
f 4000/2021/1262 4004/2021/1262 4006/2021/1262 4005/2021/1262
f 4005/2021/1262 4006/2021/1262 4008/2021/1262 4007/2021/1262
f 4009/2020/1262 4010/2021/1262 4012/2022/1262 4011/2023/1262
f 4010/2021/1262 4009/2020/1262 4013/2020/1262 4014/2021/1262
f 4010/2021/1262 4014/2021/1262 4016/2021/1262 4015/2021/1262
f 4015/2021/1262 4016/2021/1262 4018/2021/1262 4017/2021/1262
f 4019/2020/1262 4020/2021/1262 4022/2022/1262 4021/2023/1262
f 4020/2021/1262 4019/2020/1262 4023/2020/1262 4024/2021/1262
f 4020/2021/1262 4024/2021/1262 4026/2021/1262 4025/2021/1262
f 4025/2021/1262 4026/2021/1262 4028/2021/1262 4027/2021/1262
f 4029/2020/1262 4030/2021/1262 4032/2022/1262 4031/2023/1262
f 4030/2021/1262 4029/2020/1262 4033/2020/1262 4034/2021/1262
f 4030/2021/1262 4034/2021/1262 4036/2021/1262 4035/2021/1262
f 4035/2021/1262 4036/2021/1262 4038/2021/1262 4037/2021/1262
f 4039/2020/1262 4040/2021/1262 4042/2022/1262 4041/2023/1262
f 4040/2021/1262 4039/2020/1262 4043/2020/1262 4044/2021/1262
f 4040/2021/1262 4044/2021/1262 4046/2021/1262 4045/2021/1262
f 4045/2021/1262 4046/2021/1262 4048/2021/1262 4047/2021/1262
f 4049/2020/1262 4050/2021/1262 4052/2022/1262 4051/2023/1262
f 4050/2021/1262 4049/2020/1262 4053/2020/1262 4054/2021/1262
f 4050/2021/1262 4054/2021/1262 4056/2021/1262 4055/2021/1262
f 4055/2021/1262 4056/2021/1262 4058/2021/1262 4057/2021/1262
f 4059/2020/1262 4060/2021/1262 4062/2022/1262 4061/2023/1262
f 4060/2021/1262 4059/2020/1262 4063/2020/1262 4064/2021/1262
f 4060/2021/1262 4064/2021/1262 4066/2021/1262 4065/2021/1262
f 4065/2021/1262 4066/2021/1262 4068/2021/1262 4067/2021/1262
f 4069/2020/1262 4070/2021/1262 4072/2022/1262 4071/2023/1262
f 4070/2021/1262 4069/2020/1262 4073/2020/1262 4074/2021/1262
f 4070/2021/1262 4074/2021/1262 4076/2021/1262 4075/2021/1262
f 4075/2021/1262 4076/2021/1262 4078/2021/1262 4077/2021/1262
f 4079/2020/1262 4080/2021/1262 4082/2022/1262 4081/2023/1262
f 4080/2021/1262 4079/2020/1262 4083/2020/1262 4084/2021/1262
f 4080/2021/1262 4084/2021/1262 4086/2021/1262 4085/2021/1262
f 4085/2021/1262 4086/2021/1262 4088/2021/1262 4087/2021/1262
f 4089/2020/1262 4090/2021/1262 4092/2022/1262 4091/2023/1262
f 4090/2021/1262 4089/2020/1262 4093/2020/1262 4094/2021/1262
f 4090/2021/1262 4094/2021/1262 4096/2021/1262 4095/2021/1262
f 4095/2021/1262 4096/2021/1262 4098/2021/1262 4097/2021/1262
f 4099/2020/1262 4100/2021/1262 4102/2022/1262 4101/2023/1262
f 4100/2021/1262 4099/2020/1262 4103/2020/1262 4104/2021/1262
f 4100/2021/1262 4104/2021/1262 4106/2021/1262 4105/2021/1262
f 4105/2021/1262 4106/2021/1262 4108/2021/1262 4107/2021/1262
f 4109/2020/1262 4110/2021/1262 4112/2022/1262 4111/2023/1262
f 4110/2021/1262 4109/2020/1262 4113/2020/1262 4114/2021/1262
f 4110/2021/1262 4114/2021/1262 4116/2021/1262 4115/2021/1262
f 4115/2021/1262 4116/2021/1262 4118/2021/1262 4117/2021/1262
f 4119/2020/1262 4120/2021/1262 4122/2022/1262 4121/2023/1262
f 4120/2021/1262 4119/2020/1262 4123/2020/1262 4124/2021/1262
f 4120/2021/1262 4124/2021/1262 4126/2021/1262 4125/2021/1262
f 4125/2021/1262 4126/2021/1262 4128/2021/1262 4127/2021/1262
f 4129/2020/1262 4130/2021/1262 4132/2022/1262 4131/2023/1262
f 4130/2021/1262 4129/2020/1262 4133/2020/1262 4134/2021/1262
f 4130/2021/1262 4134/2021/1262 4136/2021/1262 4135/2021/1262
f 4135/2021/1262 4136/2021/1262 4138/2021/1262 4137/2021/1262
f 4139/2020/1262 4140/2021/1262 4142/2022/1262 4141/2023/1262
f 4140/2021/1262 4139/2020/1262 4143/2020/1262 4144/2021/1262
f 4140/2021/1262 4144/2021/1262 4146/2021/1262 4145/2021/1262
f 4145/2021/1262 4146/2021/1262 4148/2021/1262 4147/2021/1262
f 4149/2020/1262 4150/2021/1262 4152/2022/1262 4151/2023/1262
f 4150/2021/1262 4149/2020/1262 4153/2020/1262 4154/2021/1262
f 4150/2021/1262 4154/2021/1262 4156/2021/1262 4155/2021/1262
f 4155/2021/1262 4156/2021/1262 4158/2021/1262 4157/2021/1262
f 4159/2020/1262 4160/2021/1262 4162/2022/1262 4161/2023/1262
f 4160/2021/1262 4159/2020/1262 4163/2020/1262 4164/2021/1262
f 4160/2021/1262 4164/2021/1262 4166/2021/1262 4165/2021/1262
f 4165/2021/1262 4166/2021/1262 4168/2021/1262 4167/2021/1262
f 4169/2020/1262 4170/2021/1262 4172/2022/1262 4171/2023/1262
f 4170/2021/1262 4169/2020/1262 4173/2020/1262 4174/2021/1262
f 4170/2021/1262 4174/2021/1262 4176/2021/1262 4175/2021/1262
f 4175/2021/1262 4176/2021/1262 4178/2021/1262 4177/2021/1262
f 4179/2020/1262 4180/2021/1262 4182/2022/1262 4181/2023/1262
f 4180/2021/1262 4179/2020/1262 4183/2020/1262 4184/2021/1262
f 4180/2021/1262 4184/2021/1262 4186/2021/1262 4185/2021/1262
f 4185/2021/1262 4186/2021/1262 4188/2021/1262 4187/2021/1262
f 4189/2020/1262 4190/2021/1262 4192/2022/1262 4191/2023/1262
f 4190/2021/1262 4189/2020/1262 4193/2020/1262 4194/2021/1262
f 4190/2021/1262 4194/2021/1262 4196/2021/1262 4195/2021/1262
f 4195/2021/1262 4196/2021/1262 4198/2021/1262 4197/2021/1262
f 4199/2020/1262 4200/2021/1262 4202/2022/1262 4201/2023/1262
f 4200/2021/1262 4199/2020/1262 4203/2020/1262 4204/2021/1262
f 4200/2021/1262 4204/2021/1262 4206/2021/1262 4205/2021/1262
f 4205/2021/1262 4206/2021/1262 4208/2021/1262 4207/2021/1262
f 4209/2020/1262 4210/2021/1262 4212/2022/1262 4211/2023/1262
f 4210/2021/1262 4209/2020/1262 4213/2020/1262 4214/2021/1262
f 4210/2021/1262 4214/2021/1262 4216/2021/1262 4215/2021/1262
f 4215/2021/1262 4216/2021/1262 4218/2021/1262 4217/2021/1262
f 4219/2020/1262 4220/2021/1262 4222/2022/1262 4221/2023/1262
f 4220/2021/1262 4219/2020/1262 4223/2020/1262 4224/2021/1262
f 4220/2021/1262 4224/2021/1262 4226/2021/1262 4225/2021/1262
f 4225/2021/1262 4226/2021/1262 4228/2021/1262 4227/2021/1262
f 4229/2020/1262 4230/2021/1262 4232/2022/1262 4231/2023/1262
f 4230/2021/1262 4229/2020/1262 4233/2020/1262 4234/2021/1262
f 4230/2021/1262 4234/2021/1262 4236/2021/1262 4235/2021/1262
f 4235/2021/1262 4236/2021/1262 4238/2021/1262 4237/2021/1262
f 4239/2020/1262 4240/2021/1262 4242/2022/1262 4241/2023/1262
f 4240/2021/1262 4239/2020/1262 4243/2020/1262 4244/2021/1262
f 4240/2021/1262 4244/2021/1262 4246/2021/1262 4245/2021/1262
f 4245/2021/1262 4246/2021/1262 4248/2021/1262 4247/2021/1262
f 4249/2020/1262 4250/2021/1262 4252/2022/1262 4251/2023/1262
f 4250/2021/1262 4249/2020/1262 4253/2020/1262 4254/2021/1262
f 4250/2021/1262 4254/2021/1262 4256/2021/1262 4255/2021/1262
f 4255/2021/1262 4256/2021/1262 4258/2021/1262 4257/2021/1262
f 4259/2020/1262 4260/2021/1262 4262/2022/1262 4261/2023/1262
f 4260/2021/1262 4259/2020/1262 4263/2020/1262 4264/2021/1262
f 4260/2021/1262 4264/2021/1262 4266/2021/1262 4265/2021/1262
f 4265/2021/1262 4266/2021/1262 4268/2021/1262 4267/2021/1262
f 4269/2020/1262 4270/2021/1262 4272/2022/1262 4271/2023/1262
f 4270/2021/1262 4269/2020/1262 4273/2020/1262 4274/2021/1262
f 4270/2021/1262 4274/2021/1262 4276/2021/1262 4275/2021/1262
f 4275/2021/1262 4276/2021/1262 4278/2021/1262 4277/2021/1262
f 4279/2020/1262 4280/2021/1262 4282/2022/1262 4281/2023/1262
f 4280/2021/1262 4279/2020/1262 4283/2020/1262 4284/2021/1262
f 4280/2021/1262 4284/2021/1262 4286/2021/1262 4285/2021/1262
f 4285/2021/1262 4286/2021/1262 4288/2021/1262 4287/2021/1262
usemtl Material.015
f 3576/2024/1263 3577/2025/1263 3579/2026/1263 3578/2027/1263
f 3578/2027/1264 3579/2026/1264 3583/2028/1264 3582/2029/1264
f 3582/2029/1265 3583/2028/1265 3581/2030/1265 3580/2031/1265
f 3580/2031/1266 3581/2030/1266 3577/2032/1266 3576/2033/1266
f 3578/2034/1267 3582/2029/1267 3580/2031/1267 3576/2035/1267
f 3583/2028/1262 3579/2036/1262 3577/2037/1262 3581/2030/1262
f 3584/2024/1263 3585/2025/1263 3587/2026/1263 3586/2027/1263
f 3586/2027/1264 3587/2026/1264 3591/2028/1264 3590/2029/1264
f 3590/2029/1265 3591/2028/1265 3589/2030/1265 3588/2031/1265
f 3588/2031/1266 3589/2030/1266 3585/2032/1266 3584/2033/1266
f 3586/2034/1267 3590/2029/1267 3588/2031/1267 3584/2035/1267
f 3591/2028/1262 3587/2036/1262 3585/2037/1262 3589/2030/1262
f 3592/2024/1263 3593/2025/1263 3595/2026/1263 3594/2027/1263
f 3594/2027/1264 3595/2026/1264 3599/2028/1264 3598/2029/1264
f 3598/2029/1265 3599/2028/1265 3597/2030/1265 3596/2031/1265
f 3596/2031/1266 3597/2030/1266 3593/2032/1266 3592/2033/1266
f 3594/2034/1267 3598/2029/1267 3596/2031/1267 3592/2035/1267
f 3599/2028/1262 3595/2036/1262 3593/2037/1262 3597/2030/1262
f 3600/2024/1268 3601/2025/1268 3603/2026/1268 3602/2027/1268
f 3602/2027/1269 3603/2026/1269 3607/2028/1269 3606/2029/1269
f 3606/2029/1270 3607/2028/1270 3605/2030/1270 3604/2031/1270
f 3604/2031/1271 3605/2030/1271 3601/2032/1271 3600/2033/1271
f 3602/2034/1267 3606/2029/1267 3604/2031/1267 3600/2035/1267
f 3607/2028/1262 3603/2036/1262 3601/2037/1262 3605/2030/1262
usemtl Material.016
f 3608/2038/1272 3609/2022/1272 3611/2039/1272 3610/2040/1272
f 3610/2040/1273 3611/2039/1273 3613/2041/1273 3612/2042/1273
f 3612/2042/1274 3613/2041/1274 3615/2043/1274 3614/2044/1274
f 3614/2044/1275 3615/2043/1275 3617/2045/1275 3616/2036/1275
f 3616/2036/1276 3617/2045/1276 3619/2046/1276 3618/2047/1276
f 3618/2047/1277 3619/2046/1277 3621/2048/1277 3620/2049/1277
f 3620/2049/1278 3621/2048/1278 3623/2050/1278 3622/2051/1278
f 3622/2051/1279 3623/2050/1279 3625/2052/1279 3624/2053/1279
f 3624/2053/1280 3625/2052/1280 3627/2054/1280 3626/2055/1280
f 3626/2055/1281 3627/2054/1281 3629/2056/1281 3628/2057/1281
f 3628/2057/1282 3629/2056/1282 3631/2058/1282 3630/2059/1282
f 3630/2059/1283 3631/2058/1283 3633/2032/1283 3632/2028/1283
f 3632/2028/1284 3633/2032/1284 3635/2060/1284 3634/2061/1284
f 3634/2061/1285 3635/2060/1285 3637/2062/1285 3636/2063/1285
f 3636/2063/1286 3637/2062/1286 3639/2064/1286 3638/2065/1286
f 3638/2065/1287 3639/2064/1287 3641/2066/1287 3640/2067/1287
f 3640/2067/1288 3641/2066/1288 3643/2068/1288 3642/2069/1288
f 3642/2069/1289 3643/2068/1289 3645/2070/1289 3644/2071/1289
f 3644/2071/1290 3645/2070/1290 3647/2072/1290 3646/2073/1290
f 3646/2073/1291 3647/2072/1291 3649/2033/1291 3648/2029/1291
f 3648/2029/1292 3649/2033/1292 3651/2074/1292 3650/2075/1292
f 3650/2075/1293 3651/2074/1293 3653/2076/1293 3652/2077/1293
f 3652/2077/1294 3653/2076/1294 3655/2078/1294 3654/2079/1294
f 3654/2079/1295 3655/2078/1295 3657/2080/1295 3656/2081/1295
f 3656/2081/1296 3657/2080/1296 3659/2082/1296 3658/2083/1296
f 3658/2083/1297 3659/2082/1297 3661/2084/1297 3660/2085/1297
f 3660/2085/1298 3661/2084/1298 3663/2086/1298 3662/2087/1298
f 3662/2087/1299 3663/2086/1299 3665/2088/1299 3664/2034/1299
f 3664/2034/1300 3665/2088/1300 3667/2089/1300 3666/2090/1300
f 3666/2090/1301 3667/2089/1301 3669/2091/1301 3668/2092/1301
f 3611/2093/1262 3609/2094/1262 3671/2095/1262 3669/2096/1262 3667/2097/1262 3665/2098/1262 3663/2099/1262 3661/2100/1262 3659/2101/1262 3657/2102/1262 3655/2103/1262 3653/2104/1262 3651/2105/1262 3649/2106/1262 3647/2107/1262 3645/2108/1262 3643/2109/1262 3641/2110/1262 3639/2111/1262 3637/2112/1262 3635/2113/1262 3633/2114/1262 3631/2115/1262 3629/2116/1262 3627/2117/1262 3625/2118/1262 3623/2119/1262 3621/2120/1262 3619/2121/1262 3617/2122/1262 3615/2123/1262 3613/2124/1262
f 3668/2092/1302 3669/2091/1302 3671/2125/1302 3670/2126/1302
f 3670/2126/1303 3671/2125/1303 3609/2023/1303 3608/2127/1303
f 3608/2128/1267 3610/2129/1267 3612/2130/1267 3614/2131/1267 3616/2132/1267 3618/2133/1267 3620/2134/1267 3622/2135/1267 3624/2136/1267 3626/2137/1267 3628/2138/1267 3630/2139/1267 3632/2140/1267 3634/2141/1267 3636/2142/1267 3638/2143/1267 3640/2144/1267 3642/2145/1267 3644/2146/1267 3646/2147/1267 3648/2148/1267 3650/2149/1267 3652/2150/1267 3654/2151/1267 3656/2152/1267 3658/2153/1267 3660/2154/1267 3662/2155/1267 3664/2156/1267 3666/2157/1267 3668/2158/1267 3670/2159/1267
o Cylinder
v -65.775696 -0.200000 38.884266
v -65.775696 0.200000 38.884266
v -65.385513 -0.200000 38.922695
v -65.385513 0.200000 38.922695
v -65.010330 -0.200000 39.036507
v -65.010330 0.200000 39.036507
v -64.664558 -0.200000 39.221325
v -64.664558 0.200000 39.221325
v -64.361481 -0.200000 39.470051
v -64.361481 0.200000 39.470051
v -64.112755 -0.200000 39.773125
v -64.112755 0.200000 39.773125
v -63.927937 -0.200000 40.118900
v -63.927937 0.200000 40.118900
v -63.814125 -0.200000 40.494083
v -63.814125 0.200000 40.494083
v -63.775696 -0.200000 40.884266
v -63.775696 0.200000 40.884266
v -63.814125 -0.200000 41.274448
v -63.814125 0.200000 41.274448
v -63.927937 -0.200000 41.649632
v -63.927937 0.200000 41.649632
v -64.112755 -0.200000 41.995407
v -64.112755 0.200000 41.995407
v -64.361481 -0.200000 42.298481
v -64.361481 0.200000 42.298481
v -64.664558 -0.200000 42.547207
v -64.664558 0.200000 42.547207
v -65.010330 -0.200000 42.732025
v -65.010330 0.200000 42.732025
v -65.385513 -0.200000 42.845837
v -65.385513 0.200000 42.845837
v -65.775696 -0.200000 42.884266
v -65.775696 0.200000 42.884266
v -66.165878 -0.200000 42.845837
v -66.165878 0.200000 42.845837
v -66.541061 -0.200000 42.732025
v -66.541061 0.200000 42.732025
v -66.886833 -0.200000 42.547207
v -66.886833 0.200000 42.547207
v -67.189911 -0.200000 42.298481
v -67.189911 0.200000 42.298481
v -67.438637 -0.200000 41.995407
v -67.438637 0.200000 41.995407
v -67.623451 -0.200000 41.649632
v -67.623451 0.200000 41.649632
v -67.737267 -0.200000 41.274448
v -67.737267 0.200000 41.274448
v -67.775696 -0.200000 40.884266
v -67.775696 0.200000 40.884266
v -67.737267 -0.200000 40.494083
v -67.737267 0.200000 40.494083
v -67.623451 -0.200000 40.118900
v -67.623451 0.200000 40.118900
v -67.438637 -0.200000 39.773125
v -67.438637 0.200000 39.773125
v -67.189911 -0.200000 39.470051
v -67.189911 0.200000 39.470051
v -66.886833 -0.200000 39.221325
v -66.886833 0.200000 39.221325
v -66.541061 -0.200000 39.036507
v -66.541061 0.200000 39.036507
v -66.165878 -0.200000 38.922695
v -66.165878 0.200000 38.922695
vn 0.0980 -0.0000 -0.9952
vn 0.2903 -0.0000 -0.9569
vn 0.4714 -0.0000 -0.8819
vn 0.6344 -0.0000 -0.7730
vn 0.7730 -0.0000 -0.6344
vn 0.8819 -0.0000 -0.4714
vn 0.9569 -0.0000 -0.2903
vn 0.9952 -0.0000 -0.0980
vn 0.9952 -0.0000 0.0980
vn 0.9569 -0.0000 0.2903
vn 0.8819 -0.0000 0.4714
vn 0.7730 -0.0000 0.6344
vn 0.6344 -0.0000 0.7730
vn 0.4714 -0.0000 0.8819
vn 0.2903 -0.0000 0.9569
vn 0.0980 -0.0000 0.9952
vn -0.0980 -0.0000 0.9952
vn -0.2903 -0.0000 0.9569
vn -0.4714 -0.0000 0.8819
vn -0.6344 -0.0000 0.7730
vn -0.7730 -0.0000 0.6344
vn -0.8819 -0.0000 0.4714
vn -0.9569 -0.0000 0.2903
vn -0.9952 -0.0000 0.0980
vn -0.9952 -0.0000 -0.0980
vn -0.9569 -0.0000 -0.2903
vn -0.8819 -0.0000 -0.4714
vn -0.7730 -0.0000 -0.6344
vn -0.6344 -0.0000 -0.7730
vn -0.4714 -0.0000 -0.8819
vn -0.0000 1.0000 -0.0000
vn -0.2903 -0.0000 -0.9569
vn -0.0980 -0.0000 -0.9952
vn -0.0000 -1.0000 -0.0000
vt 1.000000 0.500000
vt 1.000000 1.000000
vt 0.968750 1.000000
vt 0.968750 0.500000
vt 0.937500 1.000000
vt 0.937500 0.500000
vt 0.906250 1.000000
vt 0.906250 0.500000
vt 0.875000 1.000000
vt 0.875000 0.500000
vt 0.843750 1.000000
vt 0.843750 0.500000
vt 0.812500 1.000000
vt 0.812500 0.500000
vt 0.781250 1.000000
vt 0.781250 0.500000
vt 0.750000 1.000000
vt 0.750000 0.500000
vt 0.718750 1.000000
vt 0.718750 0.500000
vt 0.687500 1.000000
vt 0.687500 0.500000
vt 0.656250 1.000000
vt 0.656250 0.500000
vt 0.625000 1.000000
vt 0.625000 0.500000
vt 0.593750 1.000000
vt 0.593750 0.500000
vt 0.562500 1.000000
vt 0.562500 0.500000
vt 0.531250 1.000000
vt 0.531250 0.500000
vt 0.500000 1.000000
vt 0.500000 0.500000
vt 0.468750 1.000000
vt 0.468750 0.500000
vt 0.437500 1.000000
vt 0.437500 0.500000
vt 0.406250 1.000000
vt 0.406250 0.500000
vt 0.375000 1.000000
vt 0.375000 0.500000
vt 0.343750 1.000000
vt 0.343750 0.500000
vt 0.312500 1.000000
vt 0.312500 0.500000
vt 0.281250 1.000000
vt 0.281250 0.500000
vt 0.250000 1.000000
vt 0.250000 0.500000
vt 0.218750 1.000000
vt 0.218750 0.500000
vt 0.187500 1.000000
vt 0.187500 0.500000
vt 0.156250 1.000000
vt 0.156250 0.500000
vt 0.125000 1.000000
vt 0.125000 0.500000
vt 0.093750 1.000000
vt 0.093750 0.500000
vt 0.062500 1.000000
vt 0.062500 0.500000
vt 0.296822 0.485388
vt 0.250000 0.490000
vt 0.203178 0.485388
vt 0.158156 0.471731
vt 0.116663 0.449553
vt 0.080294 0.419706
vt 0.050447 0.383337
vt 0.028269 0.341844
vt 0.014612 0.296822
vt 0.010000 0.250000
vt 0.014612 0.203178
vt 0.028269 0.158156
vt 0.050447 0.116663
vt 0.080294 0.080294
vt 0.116663 0.050447
vt 0.158156 0.028269
vt 0.203178 0.014612
vt 0.250000 0.010000
vt 0.296822 0.014612
vt 0.341844 0.028269
vt 0.383337 0.050447
vt 0.419706 0.080294
vt 0.449553 0.116663
vt 0.471731 0.158156
vt 0.485388 0.203178
vt 0.490000 0.250000
vt 0.485388 0.296822
vt 0.471731 0.341844
vt 0.449553 0.383337
vt 0.419706 0.419706
vt 0.383337 0.449553
vt 0.341844 0.471731
vt 0.031250 1.000000
vt 0.031250 0.500000
vt 0.000000 1.000000
vt 0.000000 0.500000
vt 0.750000 0.490000
vt 0.796822 0.485388
vt 0.841844 0.471731
vt 0.883337 0.449553
vt 0.919706 0.419706
vt 0.949553 0.383337
vt 0.971731 0.341844
vt 0.985388 0.296822
vt 0.990000 0.250000
vt 0.985388 0.203178
vt 0.971731 0.158156
vt 0.949553 0.116663
vt 0.919706 0.080294
vt 0.883337 0.050447
vt 0.841844 0.028269
vt 0.796822 0.014612
vt 0.750000 0.010000
vt 0.703178 0.014612
vt 0.658156 0.028269
vt 0.616663 0.050447
vt 0.580294 0.080294
vt 0.550447 0.116663
vt 0.528269 0.158156
vt 0.514612 0.203178
vt 0.510000 0.250000
vt 0.514612 0.296822
vt 0.528269 0.341844
vt 0.550447 0.383337
vt 0.580294 0.419706
vt 0.616663 0.449553
vt 0.658156 0.471731
vt 0.703178 0.485388
s 0
f 4289/2160/1304 4290/2161/1304 4292/2162/1304 4291/2163/1304
f 4291/2163/1305 4292/2162/1305 4294/2164/1305 4293/2165/1305
f 4293/2165/1306 4294/2164/1306 4296/2166/1306 4295/2167/1306
f 4295/2167/1307 4296/2166/1307 4298/2168/1307 4297/2169/1307
f 4297/2169/1308 4298/2168/1308 4300/2170/1308 4299/2171/1308
f 4299/2171/1309 4300/2170/1309 4302/2172/1309 4301/2173/1309
f 4301/2173/1310 4302/2172/1310 4304/2174/1310 4303/2175/1310
f 4303/2175/1311 4304/2174/1311 4306/2176/1311 4305/2177/1311
f 4305/2177/1312 4306/2176/1312 4308/2178/1312 4307/2179/1312
f 4307/2179/1313 4308/2178/1313 4310/2180/1313 4309/2181/1313
f 4309/2181/1314 4310/2180/1314 4312/2182/1314 4311/2183/1314
f 4311/2183/1315 4312/2182/1315 4314/2184/1315 4313/2185/1315
f 4313/2185/1316 4314/2184/1316 4316/2186/1316 4315/2187/1316
f 4315/2187/1317 4316/2186/1317 4318/2188/1317 4317/2189/1317
f 4317/2189/1318 4318/2188/1318 4320/2190/1318 4319/2191/1318
f 4319/2191/1319 4320/2190/1319 4322/2192/1319 4321/2193/1319
f 4321/2193/1320 4322/2192/1320 4324/2194/1320 4323/2195/1320
f 4323/2195/1321 4324/2194/1321 4326/2196/1321 4325/2197/1321
f 4325/2197/1322 4326/2196/1322 4328/2198/1322 4327/2199/1322
f 4327/2199/1323 4328/2198/1323 4330/2200/1323 4329/2201/1323
f 4329/2201/1324 4330/2200/1324 4332/2202/1324 4331/2203/1324
f 4331/2203/1325 4332/2202/1325 4334/2204/1325 4333/2205/1325
f 4333/2205/1326 4334/2204/1326 4336/2206/1326 4335/2207/1326
f 4335/2207/1327 4336/2206/1327 4338/2208/1327 4337/2209/1327
f 4337/2209/1328 4338/2208/1328 4340/2210/1328 4339/2211/1328
f 4339/2211/1329 4340/2210/1329 4342/2212/1329 4341/2213/1329
f 4341/2213/1330 4342/2212/1330 4344/2214/1330 4343/2215/1330
f 4343/2215/1331 4344/2214/1331 4346/2216/1331 4345/2217/1331
f 4345/2217/1332 4346/2216/1332 4348/2218/1332 4347/2219/1332
f 4347/2219/1333 4348/2218/1333 4350/2220/1333 4349/2221/1333
f 4292/2222/1334 4290/2223/1334 4352/2224/1334 4350/2225/1334 4348/2226/1334 4346/2227/1334 4344/2228/1334 4342/2229/1334 4340/2230/1334 4338/2231/1334 4336/2232/1334 4334/2233/1334 4332/2234/1334 4330/2235/1334 4328/2236/1334 4326/2237/1334 4324/2238/1334 4322/2239/1334 4320/2240/1334 4318/2241/1334 4316/2242/1334 4314/2243/1334 4312/2244/1334 4310/2245/1334 4308/2246/1334 4306/2247/1334 4304/2248/1334 4302/2249/1334 4300/2250/1334 4298/2251/1334 4296/2252/1334 4294/2253/1334
f 4349/2221/1335 4350/2220/1335 4352/2254/1335 4351/2255/1335
f 4351/2255/1336 4352/2254/1336 4290/2256/1336 4289/2257/1336
f 4289/2258/1337 4291/2259/1337 4293/2260/1337 4295/2261/1337 4297/2262/1337 4299/2263/1337 4301/2264/1337 4303/2265/1337 4305/2266/1337 4307/2267/1337 4309/2268/1337 4311/2269/1337 4313/2270/1337 4315/2271/1337 4317/2272/1337 4319/2273/1337 4321/2274/1337 4323/2275/1337 4325/2276/1337 4327/2277/1337 4329/2278/1337 4331/2279/1337 4333/2280/1337 4335/2281/1337 4337/2282/1337 4339/2283/1337 4341/2284/1337 4343/2285/1337 4345/2286/1337 4347/2287/1337 4349/2288/1337 4351/2289/1337
o Plane.003
v 33.303669 0.000000 -2.429077
v 33.303669 0.000000 -3.129077
v 32.903667 0.000000 -2.429077
v 32.903667 0.000000 -3.129077
v 33.303669 0.000000 -2.429077
v 33.303669 0.000000 -3.129077
v 33.303669 0.000000 -3.129077
v 33.303669 0.000000 -3.129077
v 33.303669 0.000000 -3.129077
v 33.303669 0.000000 -3.129077
v 33.957569 0.000000 -2.429077
v 33.957569 0.000000 -3.129077
v 33.557571 0.000000 -2.429077
v 33.557571 0.000000 -3.129077
v 33.957569 0.000000 -2.429077
v 33.957569 0.000000 -3.129077
v 33.957569 0.000000 -3.129077
v 33.957569 0.000000 -3.129077
v 33.957569 0.000000 -3.129077
v 33.957569 0.000000 -3.129077
vn -0.0000 1.0000 -0.0000
vt 0.000000 0.000000
vt 1.000000 0.000000
vt 1.000000 1.000000
vt 0.000000 1.000000
s 0
f 4353/2290/1338 4354/2291/1338 4356/2292/1338 4355/2293/1338
f 4354/2291/1338 4353/2290/1338 4357/2290/1338 4358/2291/1338
f 4354/2291/1338 4358/2291/1338 4360/2291/1338 4359/2291/1338
f 4359/2291/1338 4360/2291/1338 4362/2291/1338 4361/2291/1338
f 4363/2290/1338 4364/2291/1338 4366/2292/1338 4365/2293/1338
f 4364/2291/1338 4363/2290/1338 4367/2290/1338 4368/2291/1338
f 4364/2291/1338 4368/2291/1338 4370/2291/1338 4369/2291/1338
f 4369/2291/1338 4370/2291/1338 4372/2291/1338 4371/2291/1338
o Plane.027
v 33.329391 0.000000 -3.329400
v 33.329391 0.000000 -4.029400
v 32.929390 0.000000 -3.329400
v 32.929390 0.000000 -4.029400
v 33.329391 0.000000 -3.329400
v 33.329391 0.000000 -4.029400
v 33.329391 0.000000 -4.029400
v 33.329391 0.000000 -4.029400
v 33.329391 0.000000 -4.029400
v 33.329391 0.000000 -4.029400
v 33.983292 0.000000 -3.329400
v 33.983292 0.000000 -4.029400
v 33.583294 0.000000 -3.329400
v 33.583294 0.000000 -4.029400
v 33.983292 0.000000 -3.329400
v 33.983292 0.000000 -4.029400
v 33.983292 0.000000 -4.029400
v 33.983292 0.000000 -4.029400
v 33.983292 0.000000 -4.029400
v 33.983292 0.000000 -4.029400
vn -0.0000 1.0000 -0.0000
vt 0.000000 0.000000
vt 1.000000 0.000000
vt 1.000000 1.000000
vt 0.000000 1.000000
s 0
f 4373/2294/1339 4374/2295/1339 4376/2296/1339 4375/2297/1339
f 4374/2295/1339 4373/2294/1339 4377/2294/1339 4378/2295/1339
f 4374/2295/1339 4378/2295/1339 4380/2295/1339 4379/2295/1339
f 4379/2295/1339 4380/2295/1339 4382/2295/1339 4381/2295/1339
f 4383/2294/1339 4384/2295/1339 4386/2296/1339 4385/2297/1339
f 4384/2295/1339 4383/2294/1339 4387/2294/1339 4388/2295/1339
f 4384/2295/1339 4388/2295/1339 4390/2295/1339 4389/2295/1339
f 4389/2295/1339 4390/2295/1339 4392/2295/1339 4391/2295/1339
o Plane.028
v 33.355061 0.000000 -4.365783
v 33.355061 0.000000 -5.065783
v 32.955059 0.000000 -4.365783
v 32.955059 0.000000 -5.065783
v 33.355061 0.000000 -4.365783
v 33.355061 0.000000 -5.065783
v 33.355061 0.000000 -5.065783
v 33.355061 0.000000 -5.065783
v 33.355061 0.000000 -5.065783
v 33.355061 0.000000 -5.065783
v 34.008961 0.000000 -4.365783
v 34.008961 0.000000 -5.065783
v 33.608963 0.000000 -4.365783
v 33.608963 0.000000 -5.065783
v 34.008961 0.000000 -4.365783
v 34.008961 0.000000 -5.065783
v 34.008961 0.000000 -5.065783
v 34.008961 0.000000 -5.065783
v 34.008961 0.000000 -5.065783
v 34.008961 0.000000 -5.065783
vn -0.0000 1.0000 -0.0000
vt 0.000000 0.000000
vt 1.000000 0.000000
vt 1.000000 1.000000
vt 0.000000 1.000000
s 0
f 4393/2298/1340 4394/2299/1340 4396/2300/1340 4395/2301/1340
f 4394/2299/1340 4393/2298/1340 4397/2298/1340 4398/2299/1340
f 4394/2299/1340 4398/2299/1340 4400/2299/1340 4399/2299/1340
f 4399/2299/1340 4400/2299/1340 4402/2299/1340 4401/2299/1340
f 4403/2298/1340 4404/2299/1340 4406/2300/1340 4405/2301/1340
f 4404/2299/1340 4403/2298/1340 4407/2298/1340 4408/2299/1340
f 4404/2299/1340 4408/2299/1340 4410/2299/1340 4409/2299/1340
f 4409/2299/1340 4410/2299/1340 4412/2299/1340 4411/2299/1340
o Plane
v 8.462259 0.000000 48.539928
v 8.834650 0.000000 48.393894
v 7.951149 0.000000 47.236561
v 8.323540 0.000000 47.090527
vn -0.0000 1.0000 -0.0000
vt 0.000000 0.000000
vt 1.000000 0.000000
vt 1.000000 1.000000
vt 0.000000 1.000000
s 0
f 4413/2302/1341 4414/2303/1341 4416/2304/1341 4415/2305/1341
o Plane.029
v 7.840739 0.000000 46.798275
v 8.214809 0.000000 46.656601
v 7.344882 0.000000 45.489029
v 7.718952 0.000000 45.347355
vn -0.0000 1.0000 -0.0000
vt 0.000000 0.000000
vt 1.000000 0.000000
vt 1.000000 1.000000
vt 0.000000 1.000000
s 0
f 4417/2306/1342 4418/2307/1342 4420/2308/1342 4419/2309/1342
o Plane.030
v 7.147658 0.000000 44.969090
v 7.521728 0.000000 44.827415
v 6.651801 0.000000 43.659843
v 7.025871 0.000000 43.518169
vn -0.0000 1.0000 -0.0000
vt 0.000000 0.000000
vt 1.000000 0.000000
vt 1.000000 1.000000
vt 0.000000 1.000000
s 0
f 4421/2310/1343 4422/2311/1343 4424/2312/1343 4423/2313/1343
o Plane.031
v 6.501329 0.000000 43.158009
v 6.883230 0.000000 43.039047
v 6.084965 0.000000 41.821358
v 6.466866 0.000000 41.702396
vn -0.0000 1.0000 -0.0000
vt 0.000000 0.000000
vt 1.000000 0.000000
vt 1.000000 1.000000
vt 0.000000 1.000000
s 0
f 4425/2314/1344 4426/2315/1344 4428/2316/1344 4427/2317/1344
o Plane.033
v 5.929389 0.000000 41.445568
v 6.313292 0.000000 41.333233
v 5.536217 0.000000 40.101910
v 5.920119 0.000000 39.989574
vn -0.0000 1.0000 -0.0000
vt 0.000000 0.000000
vt 1.000000 0.000000
vt 1.000000 1.000000
vt 0.000000 1.000000
s 0
f 4429/2318/1345 4430/2319/1345 4432/2320/1345 4431/2321/1345
o Plane.034
v 5.358982 0.000000 39.674355
v 5.742884 0.000000 39.562019
v 4.965809 0.000000 38.330696
v 5.349711 0.000000 38.218361
vn -0.0000 1.0000 -0.0000
vt 0.000000 0.000000
vt 1.000000 0.000000
vt 1.000000 1.000000
vt 0.000000 1.000000
s 0
f 4433/2322/1346 4434/2323/1346 4436/2324/1346 4435/2325/1346
o Plane.035
v 4.863460 0.000000 37.973213
v 5.247362 0.000000 37.860878
v 4.470287 0.000000 36.629555
v 4.854189 0.000000 36.517220
vn -0.0000 1.0000 -0.0000
vt 0.000000 0.000000
vt 1.000000 0.000000
vt 1.000000 1.000000
vt 0.000000 1.000000
s 0
f 4437/2326/1347 4438/2327/1347 4440/2328/1347 4439/2329/1347
o Plane.036
v 9.164530 0.000000 50.353004
v 9.536921 0.000000 50.206970
v 8.653419 0.000000 49.049637
v 9.025810 0.000000 48.903603
vn -0.0000 1.0000 -0.0000
vt 0.000000 0.000000
vt 1.000000 0.000000
vt 1.000000 1.000000
vt 0.000000 1.000000
s 0
f 4441/2330/1348 4442/2331/1348 4444/2332/1348 4443/2333/1348
o Plane.037
v 9.875265 0.000000 52.236801
v 10.247656 0.000000 52.090767
v 9.364155 0.000000 50.933434
v 9.736546 0.000000 50.787399
vn -0.0000 1.0000 -0.0000
vt 0.000000 0.000000
vt 1.000000 0.000000
vt 1.000000 1.000000
vt 0.000000 1.000000
s 0
f 4445/2334/1349 4446/2335/1349 4448/2336/1349 4447/2337/1349
o Plane.038
v 10.578198 0.000000 54.068462
v 10.950589 0.000000 53.922428
v 10.067088 0.000000 52.765095
v 10.439479 0.000000 52.619061
vn -0.0000 1.0000 -0.0000
vt 0.000000 0.000000
vt 1.000000 0.000000
vt 1.000000 1.000000
vt 0.000000 1.000000
s 0
f 4449/2338/1350 4450/2339/1350 4452/2340/1350 4451/2341/1350
o Plane.039
v 5.699943 0.000000 43.504101
v 5.829860 0.000000 43.882412
v 6.456571 0.000000 43.244267
v 6.586488 0.000000 43.622578
vn -0.0000 1.0000 -0.0000
vt 0.000000 0.000000
vt 1.000000 0.000000
vt 1.000000 1.000000
vt 0.000000 1.000000
s 0
f 4453/2342/1351 4454/2343/1351 4456/2344/1351 4455/2345/1351
o Plane.040
v 6.913169 0.000000 43.076591
v 7.042161 0.000000 43.455223
v 7.670431 0.000000 42.818611
v 7.799422 0.000000 43.197243
vn -0.0000 1.0000 -0.0000
vt 0.000000 0.000000
vt 1.000000 0.000000
vt 1.000000 1.000000
vt 0.000000 1.000000
s 0
f 4457/2346/1352 4458/2347/1352 4460/2348/1352 4459/2349/1352
o Plane.041
v 6.528422 0.000000 43.194675
v 6.657413 0.000000 43.573307
v 6.859724 0.000000 43.081806
v 6.988715 0.000000 43.460438
vn -0.0000 1.0000 -0.0000
vt 0.000000 0.000000
vt 1.000000 0.000000
vt 1.000000 1.000000
vt 0.000000 1.000000
s 0
f 4461/2350/1353 4462/2351/1353 4464/2352/1353 4463/2353/1353
o Plane.042
v 6.388623 0.000000 41.342663
v 6.493727 0.000000 41.676506
v 7.151699 0.000000 41.102425
v 7.256803 0.000000 41.436268
vn -0.0000 1.0000 -0.0000
vt 0.000000 0.000000
vt 1.000000 0.000000
vt 1.000000 1.000000
vt 0.000000 1.000000
s 0
f 4465/2354/1354 4466/2355/1354 4468/2356/1354 4467/2357/1354
o Plane.043
v 5.125687 0.000000 41.718113
v 5.230791 0.000000 42.051956
v 5.888763 0.000000 41.477875
v 5.993867 0.000000 41.811718
vn -0.0000 1.0000 -0.0000
vt 0.000000 0.000000
vt 1.000000 0.000000
vt 1.000000 1.000000
vt 0.000000 1.000000
s 0
f 4469/2358/1355 4470/2359/1355 4472/2360/1355 4471/2361/1355
o Plane.044
v 5.957989 0.000000 41.468872
v 6.063093 0.000000 41.802719
v 6.339527 0.000000 41.348755
v 6.444631 0.000000 41.682602
vn -0.0000 1.0000 -0.0000
vt 0.000000 0.000000
vt 1.000000 0.000000
vt 1.000000 1.000000
vt 0.000000 1.000000
s 0
f 4473/2362/1356 4474/2363/1356 4476/2364/1356 4475/2365/1356
o Plane.045
v 4.575945 0.000000 39.969246
v 4.681049 0.000000 40.303089
v 5.339022 0.000000 39.729008
v 5.444126 0.000000 40.062851
vn -0.0000 1.0000 -0.0000
vt 0.000000 0.000000
vt 1.000000 0.000000
vt 1.000000 1.000000
vt 0.000000 1.000000
s 0
f 4477/2366/1357 4478/2367/1357 4480/2368/1357 4479/2369/1357
o Plane.046
v 5.839102 0.000000 39.603123
v 5.944206 0.000000 39.936966
v 6.602179 0.000000 39.362885
v 6.707283 0.000000 39.696728
vn -0.0000 1.0000 -0.0000
vt 0.000000 0.000000
vt 1.000000 0.000000
vt 1.000000 1.000000
vt 0.000000 1.000000
s 0
f 4481/2370/1358 4482/2371/1358 4484/2372/1358 4483/2373/1358
o Plane.047
v 5.409549 0.000000 39.722466
v 5.514653 0.000000 40.056309
v 5.762472 0.000000 39.611355
v 5.867576 0.000000 39.945198
vn -0.0000 1.0000 -0.0000
vt 0.000000 0.000000
vt 1.000000 0.000000
vt 1.000000 1.000000
vt 0.000000 1.000000
s 0
f 4485/2374/1359 4486/2375/1359 4488/2376/1359 4487/2377/1359
o Plane.048
v 5.304758 0.000000 37.867710
v 5.409862 0.000000 38.201553
v 6.067834 0.000000 37.627472
v 6.172938 0.000000 37.961315
vn -0.0000 1.0000 -0.0000
vt 0.000000 0.000000
vt 1.000000 0.000000
vt 1.000000 1.000000
vt 0.000000 1.000000
s 0
f 4489/2378/1360 4490/2379/1360 4492/2380/1360 4491/2381/1360
o Plane.049
v 4.040887 0.000000 38.223320
v 4.145991 0.000000 38.557163
v 4.803964 0.000000 37.983082
v 4.909068 0.000000 38.316925
vn -0.0000 1.0000 -0.0000
vt 0.000000 0.000000
vt 1.000000 0.000000
vt 1.000000 1.000000
vt 0.000000 1.000000
s 0
f 4493/2382/1361 4494/2383/1361 4496/2384/1361 4495/2385/1361
o Plane.050
v 4.866273 0.000000 37.985214
v 4.971376 0.000000 38.319061
v 5.247811 0.000000 37.865097
v 5.352915 0.000000 38.198944
vn -0.0000 1.0000 -0.0000
vt 0.000000 0.000000
vt 1.000000 0.000000
vt 1.000000 1.000000
vt 0.000000 1.000000
s 0
f 4497/2386/1362 4498/2387/1362 4500/2388/1362 4499/2389/1362
o Plane.051
v 7.594647 0.000000 44.895885
v 7.728425 0.000000 45.219311
v 8.333904 0.000000 44.590107
v 8.467681 0.000000 44.913532
vn -0.0000 1.0000 -0.0000
vt 0.000000 0.000000
vt 1.000000 0.000000
vt 1.000000 1.000000
vt 0.000000 1.000000
s 0
f 4501/2390/1363 4502/2391/1363 4504/2392/1363 4503/2393/1363
o Plane.052
v 6.369205 0.000000 45.379887
v 6.502983 0.000000 45.703312
v 7.108462 0.000000 45.074108
v 7.242239 0.000000 45.397533
vn -0.0000 1.0000 -0.0000
vt 0.000000 0.000000
vt 1.000000 0.000000
vt 1.000000 1.000000
vt 0.000000 1.000000
s 0
f 4505/2394/1364 4506/2395/1364 4508/2396/1364 4507/2397/1364
o Plane.053
v 7.176641 0.000000 45.059120
v 7.310418 0.000000 45.382545
v 7.546269 0.000000 44.906235
v 7.680047 0.000000 45.229660
vn -0.0000 1.0000 -0.0000
vt 0.000000 0.000000
vt 1.000000 0.000000
vt 1.000000 1.000000
vt 0.000000 1.000000
s 0
f 4509/2398/1365 4510/2399/1365 4512/2400/1365 4511/2401/1365
o Plane.054
v 8.257139 0.000000 46.689697
v 8.390916 0.000000 47.013123
v 8.996396 0.000000 46.383919
v 9.130173 0.000000 46.707344
vn -0.0000 1.0000 -0.0000
vt 0.000000 0.000000
vt 1.000000 0.000000
vt 1.000000 1.000000
vt 0.000000 1.000000
s 0
f 4513/2402/1366 4514/2403/1366 4516/2404/1366 4515/2405/1366
o Plane.055
v 7.031697 0.000000 47.173698
v 7.165474 0.000000 47.497124
v 7.770954 0.000000 46.867920
v 7.904731 0.000000 47.191345
vn -0.0000 1.0000 -0.0000
vt 0.000000 0.000000
vt 1.000000 0.000000
vt 1.000000 1.000000
vt 0.000000 1.000000
s 0
f 4517/2406/1367 4518/2407/1367 4520/2408/1367 4519/2409/1367
o Plane.056
v 7.839133 0.000000 46.852932
v 7.972910 0.000000 47.176357
v 8.208761 0.000000 46.700047
v 8.342539 0.000000 47.023472
vn -0.0000 1.0000 -0.0000
vt 0.000000 0.000000
vt 1.000000 0.000000
vt 1.000000 1.000000
vt 0.000000 1.000000
s 0
f 4521/2410/1368 4522/2411/1368 4524/2412/1368 4523/2413/1368
o Plane.058
v 8.921519 0.000000 48.452015
v 9.055296 0.000000 48.775440
v 9.660776 0.000000 48.146236
v 9.794553 0.000000 48.469662
vn -0.0000 1.0000 -0.0000
vt 0.000000 0.000000
vt 1.000000 0.000000
vt 1.000000 1.000000
vt 0.000000 1.000000
s 0
f 4525/2414/1369 4526/2415/1369 4528/2416/1369 4527/2417/1369
o Plane.059
v 7.696077 0.000000 48.936016
v 7.829854 0.000000 49.259441
v 8.435334 0.000000 48.630238
v 8.569111 0.000000 48.953663
vn -0.0000 1.0000 -0.0000
vt 0.000000 0.000000
vt 1.000000 0.000000
vt 1.000000 1.000000
vt 0.000000 1.000000
s 0
f 4529/2418/1370 4530/2419/1370 4532/2420/1370 4531/2421/1370
o Plane.060
v 8.503511 0.000000 48.615246
v 8.637289 0.000000 48.938671
v 8.873140 0.000000 48.462360
v 9.006918 0.000000 48.785786
vn -0.0000 1.0000 -0.0000
vt 0.000000 0.000000
vt 1.000000 0.000000
vt 1.000000 1.000000
vt 0.000000 1.000000
s 0
f 4533/2422/1371 4534/2423/1371 4536/2424/1371 4535/2425/1371
o Plane.061
v 9.632469 0.000000 50.309208
v 9.766246 0.000000 50.632633
v 10.371726 0.000000 50.003429
v 10.505503 0.000000 50.326855
vn -0.0000 1.0000 -0.0000
vt 0.000000 0.000000
vt 1.000000 0.000000
vt 1.000000 1.000000
vt 0.000000 1.000000
s 0
f 4537/2426/1372 4538/2427/1372 4540/2428/1372 4539/2429/1372
o Plane.062
v 8.407028 0.000000 50.793209
v 8.540805 0.000000 51.116634
v 9.146285 0.000000 50.487431
v 9.280062 0.000000 50.810856
vn -0.0000 1.0000 -0.0000
vt 0.000000 0.000000
vt 1.000000 0.000000
vt 1.000000 1.000000
vt 0.000000 1.000000
s 0
f 4541/2430/1373 4542/2431/1373 4544/2432/1373 4543/2433/1373
o Plane.063
v 9.214463 0.000000 50.472443
v 9.348241 0.000000 50.795868
v 9.584092 0.000000 50.319557
v 9.717870 0.000000 50.642982
vn -0.0000 1.0000 -0.0000
vt 0.000000 0.000000
vt 1.000000 0.000000
vt 1.000000 1.000000
vt 0.000000 1.000000
s 0
f 4545/2434/1374 4546/2435/1374 4548/2436/1374 4547/2437/1374
o Plane.064
v 10.343809 0.000000 52.154648
v 10.477586 0.000000 52.478073
v 11.083066 0.000000 51.848869
v 11.216843 0.000000 52.172295
vn -0.0000 1.0000 -0.0000
vt 0.000000 0.000000
vt 1.000000 0.000000
vt 1.000000 1.000000
vt 0.000000 1.000000
s 0
f 4549/2438/1375 4550/2439/1375 4552/2440/1375 4551/2441/1375
o Plane.065
v 9.118367 0.000000 52.638649
v 9.252144 0.000000 52.962074
v 9.857624 0.000000 52.332870
v 9.991401 0.000000 52.656296
vn -0.0000 1.0000 -0.0000
vt 0.000000 0.000000
vt 1.000000 0.000000
vt 1.000000 1.000000
vt 0.000000 1.000000
s 0
f 4553/2442/1376 4554/2443/1376 4556/2444/1376 4555/2445/1376
o Plane.066
v 9.925802 0.000000 52.317879
v 10.059580 0.000000 52.641304
v 10.295431 0.000000 52.164993
v 10.429209 0.000000 52.488419
vn -0.0000 1.0000 -0.0000
vt 0.000000 0.000000
vt 1.000000 0.000000
vt 1.000000 1.000000
vt 0.000000 1.000000
s 0
f 4557/2446/1377 4558/2447/1377 4560/2448/1377 4559/2449/1377
o Plane.067
v 11.067202 0.000000 54.061855
v 11.200978 0.000000 54.385281
v 11.806458 0.000000 53.756077
v 11.940235 0.000000 54.079502
vn -0.0000 1.0000 -0.0000
vt 0.000000 0.000000
vt 1.000000 0.000000
vt 1.000000 1.000000
vt 0.000000 1.000000
s 0
f 4561/2450/1378 4562/2451/1378 4564/2452/1378 4563/2453/1378
o Plane.068
v 9.841761 0.000000 54.545860
v 9.975537 0.000000 54.869286
v 10.581017 0.000000 54.240082
v 10.714794 0.000000 54.563507
vn -0.0000 1.0000 -0.0000
vt 0.000000 0.000000
vt 1.000000 0.000000
vt 1.000000 1.000000
vt 0.000000 1.000000
s 0
f 4565/2454/1379 4566/2455/1379 4568/2456/1379 4567/2457/1379
o Plane.069
v 10.649195 0.000000 54.225090
v 10.782972 0.000000 54.548515
v 11.018824 0.000000 54.072205
v 11.152601 0.000000 54.395630
vn -0.0000 1.0000 -0.0000
vt 0.000000 0.000000
vt 1.000000 0.000000
vt 1.000000 1.000000
vt 0.000000 1.000000
s 0
f 4569/2458/1380 4570/2459/1380 4572/2460/1380 4571/2461/1380
o Plane.070
v -22.756830 0.000000 -0.343240
v -23.019758 0.000000 -0.991985
v -23.127542 0.000000 -0.192996
v -23.390471 0.000000 -0.841740
v -22.756830 0.000000 -0.343240
v -23.019758 0.000000 -0.991985
v -23.019758 0.000000 -0.991985
v -23.019758 0.000000 -0.991985
v -23.019758 0.000000 -0.991985
v -23.019758 0.000000 -0.991985
v -22.150810 0.000000 -0.588853
v -22.413738 0.000000 -1.237597
v -22.521521 0.000000 -0.438609
v -22.784449 0.000000 -1.087353
v -22.150810 0.000000 -0.588853
v -22.413738 0.000000 -1.237597
v -22.413738 0.000000 -1.237597
v -22.413738 0.000000 -1.237597
v -22.413738 0.000000 -1.237597
v -22.413738 0.000000 -1.237597
v -22.393406 0.000000 0.563358
v -22.656334 0.000000 -0.085386
v -22.764116 0.000000 0.713603
v -23.027044 0.000000 0.064859
v -22.393406 0.000000 0.563358
v -22.656334 0.000000 -0.085386
v -22.656334 0.000000 -0.085386
v -22.656334 0.000000 -0.085386
v -22.656334 0.000000 -0.085386
v -22.656334 0.000000 -0.085386
v -21.787384 0.000000 0.317746
v -22.050312 0.000000 -0.330998
v -22.158094 0.000000 0.467990
v -22.421022 0.000000 -0.180754
v -21.787384 0.000000 0.317746
v -22.050312 0.000000 -0.330998
v -22.050312 0.000000 -0.330998
v -22.050312 0.000000 -0.330998
v -22.050312 0.000000 -0.330998
v -22.050312 0.000000 -0.330998
vn -0.0000 1.0000 -0.0000
vt 0.000000 0.000000
vt 1.000000 0.000000
vt 1.000000 1.000000
vt 0.000000 1.000000
s 0
f 4573/2462/1381 4574/2463/1381 4576/2464/1381 4575/2465/1381
f 4574/2463/1381 4573/2462/1381 4577/2462/1381 4578/2463/1381
f 4574/2463/1381 4578/2463/1381 4580/2463/1381 4579/2463/1381
f 4579/2463/1381 4580/2463/1381 4582/2463/1381 4581/2463/1381
f 4583/2462/1381 4584/2463/1381 4586/2464/1381 4585/2465/1381
f 4584/2463/1381 4583/2462/1381 4587/2462/1381 4588/2463/1381
f 4584/2463/1381 4588/2463/1381 4590/2463/1381 4589/2463/1381
f 4589/2463/1381 4590/2463/1381 4592/2463/1381 4591/2463/1381
f 4593/2462/1381 4594/2463/1381 4596/2464/1381 4595/2465/1381
f 4594/2463/1381 4593/2462/1381 4597/2462/1381 4598/2463/1381
f 4594/2463/1381 4598/2463/1381 4600/2463/1381 4599/2463/1381
f 4599/2463/1381 4600/2463/1381 4602/2463/1381 4601/2463/1381
f 4603/2462/1381 4604/2463/1381 4606/2464/1381 4605/2465/1381
f 4604/2463/1381 4603/2462/1381 4607/2462/1381 4608/2463/1381
f 4604/2463/1381 4608/2463/1381 4610/2463/1381 4609/2463/1381
f 4609/2463/1381 4610/2463/1381 4612/2463/1381 4611/2463/1381
o Plane.071
v -23.431274 0.000000 -2.092444
v -23.694202 0.000000 -2.741188
v -23.801987 0.000000 -1.942199
v -24.064915 0.000000 -2.590944
v -23.431274 0.000000 -2.092444
v -23.694202 0.000000 -2.741188
v -23.694202 0.000000 -2.741188
v -23.694202 0.000000 -2.741188
v -23.694202 0.000000 -2.741188
v -23.694202 0.000000 -2.741188
v -22.825254 0.000000 -2.338056
v -23.088182 0.000000 -2.986801
v -23.195965 0.000000 -2.187812
v -23.458893 0.000000 -2.836556
v -22.825254 0.000000 -2.338056
v -23.088182 0.000000 -2.986801
v -23.088182 0.000000 -2.986801
v -23.088182 0.000000 -2.986801
v -23.088182 0.000000 -2.986801
v -23.088182 0.000000 -2.986801
v -23.067850 0.000000 -1.185845
v -23.330778 0.000000 -1.834589
v -23.438560 0.000000 -1.035601
v -23.701488 0.000000 -1.684345
v -23.067850 0.000000 -1.185845
v -23.330778 0.000000 -1.834589
v -23.330778 0.000000 -1.834589
v -23.330778 0.000000 -1.834589
v -23.330778 0.000000 -1.834589
v -23.330778 0.000000 -1.834589
v -22.461828 0.000000 -1.431458
v -22.724756 0.000000 -2.080202
v -22.832539 0.000000 -1.281213
v -23.095467 0.000000 -1.929957
v -22.461828 0.000000 -1.431458
v -22.724756 0.000000 -2.080202
v -22.724756 0.000000 -2.080202
v -22.724756 0.000000 -2.080202
v -22.724756 0.000000 -2.080202
v -22.724756 0.000000 -2.080202
vn -0.0000 1.0000 -0.0000
vt 0.000000 0.000000
vt 1.000000 0.000000
vt 1.000000 1.000000
vt 0.000000 1.000000
s 0
f 4613/2466/1382 4614/2467/1382 4616/2468/1382 4615/2469/1382
f 4614/2467/1382 4613/2466/1382 4617/2466/1382 4618/2467/1382
f 4614/2467/1382 4618/2467/1382 4620/2467/1382 4619/2467/1382
f 4619/2467/1382 4620/2467/1382 4622/2467/1382 4621/2467/1382
f 4623/2466/1382 4624/2467/1382 4626/2468/1382 4625/2469/1382
f 4624/2467/1382 4623/2466/1382 4627/2466/1382 4628/2467/1382
f 4624/2467/1382 4628/2467/1382 4630/2467/1382 4629/2467/1382
f 4629/2467/1382 4630/2467/1382 4632/2467/1382 4631/2467/1382
f 4633/2466/1382 4634/2467/1382 4636/2468/1382 4635/2469/1382
f 4634/2467/1382 4633/2466/1382 4637/2466/1382 4638/2467/1382
f 4634/2467/1382 4638/2467/1382 4640/2467/1382 4639/2467/1382
f 4639/2467/1382 4640/2467/1382 4642/2467/1382 4641/2467/1382
f 4643/2466/1382 4644/2467/1382 4646/2468/1382 4645/2469/1382
f 4644/2467/1382 4643/2466/1382 4647/2466/1382 4648/2467/1382
f 4644/2467/1382 4648/2467/1382 4650/2467/1382 4649/2467/1382
f 4649/2467/1382 4650/2467/1382 4652/2467/1382 4651/2467/1382
o Plane.072
v -24.126760 0.000000 -3.829815
v -24.389688 0.000000 -4.478559
v -24.497473 0.000000 -3.679571
v -24.760401 0.000000 -4.328315
v -24.126760 0.000000 -3.829815
v -24.389688 0.000000 -4.478559
v -24.389688 0.000000 -4.478559
v -24.389688 0.000000 -4.478559
v -24.389688 0.000000 -4.478559
v -24.389688 0.000000 -4.478559
v -23.520741 0.000000 -4.075428
v -23.783669 0.000000 -4.724172
v -23.891451 0.000000 -3.925183
v -24.154379 0.000000 -4.573927
v -23.520741 0.000000 -4.075428
v -23.783669 0.000000 -4.724172
v -23.783669 0.000000 -4.724172
v -23.783669 0.000000 -4.724172
v -23.783669 0.000000 -4.724172
v -23.783669 0.000000 -4.724172
v -23.763336 0.000000 -2.923216
v -24.026264 0.000000 -3.571960
v -24.134047 0.000000 -2.772972
v -24.396975 0.000000 -3.421716
v -23.763336 0.000000 -2.923216
v -24.026264 0.000000 -3.571960
v -24.026264 0.000000 -3.571960
v -24.026264 0.000000 -3.571960
v -24.026264 0.000000 -3.571960
v -24.026264 0.000000 -3.571960
v -23.157314 0.000000 -3.168829
v -23.420242 0.000000 -3.817573
v -23.528025 0.000000 -3.018584
v -23.790953 0.000000 -3.667329
v -23.157314 0.000000 -3.168829
v -23.420242 0.000000 -3.817573
v -23.420242 0.000000 -3.817573
v -23.420242 0.000000 -3.817573
v -23.420242 0.000000 -3.817573
v -23.420242 0.000000 -3.817573
vn -0.0000 1.0000 -0.0000
vt 0.000000 0.000000
vt 1.000000 0.000000
vt 1.000000 1.000000
vt 0.000000 1.000000
s 0
f 4653/2470/1383 4654/2471/1383 4656/2472/1383 4655/2473/1383
f 4654/2471/1383 4653/2470/1383 4657/2470/1383 4658/2471/1383
f 4654/2471/1383 4658/2471/1383 4660/2471/1383 4659/2471/1383
f 4659/2471/1383 4660/2471/1383 4662/2471/1383 4661/2471/1383
f 4663/2470/1383 4664/2471/1383 4666/2472/1383 4665/2473/1383
f 4664/2471/1383 4663/2470/1383 4667/2470/1383 4668/2471/1383
f 4664/2471/1383 4668/2471/1383 4670/2471/1383 4669/2471/1383
f 4669/2471/1383 4670/2471/1383 4672/2471/1383 4671/2471/1383
f 4673/2470/1383 4674/2471/1383 4676/2472/1383 4675/2473/1383
f 4674/2471/1383 4673/2470/1383 4677/2470/1383 4678/2471/1383
f 4674/2471/1383 4678/2471/1383 4680/2471/1383 4679/2471/1383
f 4679/2471/1383 4680/2471/1383 4682/2471/1383 4681/2471/1383
f 4683/2470/1383 4684/2471/1383 4686/2472/1383 4685/2473/1383
f 4684/2471/1383 4683/2470/1383 4687/2470/1383 4688/2471/1383
f 4684/2471/1383 4688/2471/1383 4690/2471/1383 4689/2471/1383
f 4689/2471/1383 4690/2471/1383 4692/2471/1383 4691/2471/1383
o Plane.073
v -17.116793 0.000000 13.964370
v -17.379721 0.000000 13.315626
v -17.487505 0.000000 14.114614
v -17.750433 0.000000 13.465871
v -17.116793 0.000000 13.964370
v -17.379721 0.000000 13.315626
v -17.379721 0.000000 13.315626
v -17.379721 0.000000 13.315626
v -17.379721 0.000000 13.315626
v -17.379721 0.000000 13.315626
v -16.510773 0.000000 13.718758
v -16.773701 0.000000 13.070013
v -16.881483 0.000000 13.869002
v -17.144411 0.000000 13.220258
v -16.510773 0.000000 13.718758
v -16.773701 0.000000 13.070013
v -16.773701 0.000000 13.070013
v -16.773701 0.000000 13.070013
v -16.773701 0.000000 13.070013
v -16.773701 0.000000 13.070013
v -16.753368 0.000000 14.870969
v -17.016296 0.000000 14.222225
v -17.124079 0.000000 15.021214
v -17.387007 0.000000 14.372469
v -16.753368 0.000000 14.870969
v -17.016296 0.000000 14.222225
v -17.016296 0.000000 14.222225
v -17.016296 0.000000 14.222225
v -17.016296 0.000000 14.222225
v -17.016296 0.000000 14.222225
v -16.147346 0.000000 14.625357
v -16.410275 0.000000 13.976612
v -16.518057 0.000000 14.775600
v -16.780985 0.000000 14.126857
v -16.147346 0.000000 14.625357
v -16.410275 0.000000 13.976612
v -16.410275 0.000000 13.976612
v -16.410275 0.000000 13.976612
v -16.410275 0.000000 13.976612
v -16.410275 0.000000 13.976612
vn -0.0000 1.0000 -0.0000
vt 0.000000 0.000000
vt 1.000000 0.000000
vt 1.000000 1.000000
vt 0.000000 1.000000
s 0
f 4693/2474/1384 4694/2475/1384 4696/2476/1384 4695/2477/1384
f 4694/2475/1384 4693/2474/1384 4697/2474/1384 4698/2475/1384
f 4694/2475/1384 4698/2475/1384 4700/2475/1384 4699/2475/1384
f 4699/2475/1384 4700/2475/1384 4702/2475/1384 4701/2475/1384
f 4703/2474/1384 4704/2475/1384 4706/2476/1384 4705/2477/1384
f 4704/2475/1384 4703/2474/1384 4707/2474/1384 4708/2475/1384
f 4704/2475/1384 4708/2475/1384 4710/2475/1384 4709/2475/1384
f 4709/2475/1384 4710/2475/1384 4712/2475/1384 4711/2475/1384
f 4713/2474/1384 4714/2475/1384 4716/2476/1384 4715/2477/1384
f 4714/2475/1384 4713/2474/1384 4717/2474/1384 4718/2475/1384
f 4714/2475/1384 4718/2475/1384 4720/2475/1384 4719/2475/1384
f 4719/2475/1384 4720/2475/1384 4722/2475/1384 4721/2475/1384
f 4723/2474/1384 4724/2475/1384 4726/2476/1384 4725/2477/1384
f 4724/2475/1384 4723/2474/1384 4727/2474/1384 4728/2475/1384
f 4724/2475/1384 4728/2475/1384 4730/2475/1384 4729/2475/1384
f 4729/2475/1384 4730/2475/1384 4732/2475/1384 4731/2475/1384
