# Blender 4.0.2
# www.blender.org
mtllib asmundarsafn_nyasta_utgafa_8.4_15.07.mtl
o v_hlid
v 2.750000 0.000000 2.000000
v 4.139461 4.000000 1.236724
v 2.750000 0.000000 -2.000000
v 4.139461 4.000000 -1.236724
v 10.250000 0.000000 2.000000
v 8.860538 4.000000 1.236724
v 10.250000 0.000000 -2.000000
v 8.860538 4.000000 -1.236724
vn -0.9446 0.3281 -0.0000
vn -0.0000 0.1874 -0.9823
vn 0.9446 0.3281 -0.0000
vn -0.0000 0.1874 0.9823
vn -0.0000 -1.0000 -0.0000
vn -0.0000 1.0000 -0.0000
vt 0.375000 0.000000
vt 0.625000 0.000000
vt 0.625000 0.250000
vt 0.375000 0.250000
vt 0.625000 0.500000
vt 0.375000 0.500000
vt 0.625000 0.750000
vt 0.375000 0.750000
vt 0.625000 1.000000
vt 0.375000 1.000000
vt 0.125000 0.500000
vt 0.125000 0.750000
vt 0.875000 0.500000
vt 0.875000 0.750000
s 0
usemtl Material.003
f 1/1/1 2/2/1 4/3/1 3/4/1
f 3/4/2 4/3/2 8/5/2 7/6/2
f 7/6/3 8/5/3 6/7/3 5/8/3
f 5/8/4 6/7/4 2/9/4 1/10/4
f 3/11/5 7/6/5 5/8/5 1/12/5
f 8/5/6 4/13/6 2/14/6 6/7/6
o adaldyr
v -4.000000 0.000000 1.300000
v -4.000000 2.900000 1.300000
v -4.000000 0.000000 -1.300000
v -4.000000 2.900000 -1.300000
v 4.000000 0.000000 1.300000
v 4.000000 2.900000 1.300000
v 4.000000 0.000000 -1.300000
v 4.000000 2.900000 -1.300000
v 1.389393 1.796256 0.880154
v 1.019795 1.796256 0.880154
v 1.389393 2.271376 0.880154
v 1.019795 2.271376 0.880154
v -4.000000 2.900000 -1.300000
v -4.000000 0.000000 -1.300000
v 4.000000 0.000000 -1.300000
v 4.000000 2.900000 -1.300000
v -4.000000 2.900000 -1.300000
v -4.000000 0.000000 -1.300000
v 4.000000 0.000000 -1.300000
v 4.000000 2.900000 -1.300000
v -4.000000 1.450000 -1.300000
v 0.000000 0.000000 -1.300000
v 0.000000 2.900000 -1.300000
v 4.000000 1.450000 -1.300000
v -2.000000 0.000000 -1.300000
v 2.000000 0.000000 -1.300000
v -3.000000 0.000000 -1.300000
v 1.000000 0.000000 -1.300000
v -1.000000 0.000000 -1.300000
v 3.000000 0.000000 -1.300000
v -3.500000 0.000000 -1.300000
v 0.500000 0.000000 -1.300000
v -1.500000 0.000000 -1.300000
v 2.500000 0.000000 -1.300000
v -2.500000 0.000000 -1.300000
v 1.500000 0.000000 -1.300000
v -0.500000 0.000000 -1.300000
v 3.500000 0.000000 -1.300000
v 2.000000 2.900000 -1.300000
v -2.000000 2.900000 -1.300000
v 3.000000 2.900000 -1.300000
v -1.000000 2.900000 -1.300000
v 1.000000 2.900000 -1.300000
v -3.000000 2.900000 -1.300000
v 3.500000 2.900000 -1.300000
v -0.500000 2.900000 -1.300000
v 1.500000 2.900000 -1.300000
v -2.500000 2.900000 -1.300000
v 2.500000 2.900000 -1.300000
v -1.500000 2.900000 -1.300000
v 0.500000 2.900000 -1.300000
v -3.500000 2.900000 -1.300000
vn -1.0000 -0.0000 -0.0000
vn -0.0000 -0.0000 -1.0000
vn 1.0000 -0.0000 -0.0000
vn -0.0000 -0.0000 1.0000
vn -0.0000 -1.0000 -0.0000
vn -0.0000 1.0000 -0.0000
vt 0.625000 0.000000
vt 0.375000 0.250000
vt 0.375000 0.000000
vt 0.625000 0.250000
vt 0.375000 0.500000
vt 0.625000 0.500000
vt 0.375000 0.750000
vt 0.625000 0.750000
vt 0.375000 1.000000
vt 0.125000 0.750000
vt 0.125000 0.500000
vt 0.875000 0.500000
vt 0.000000 0.000000
vt 0.375000 0.484375
vt 0.625000 0.265625
vt 0.375000 0.265625
vt 0.625000 0.484375
vt 0.625000 1.000000
vt 0.875000 0.750000
vt 0.375000 0.281250
vt 0.375000 0.296875
vt 0.375000 0.312500
vt 0.375000 0.328125
vt 0.375000 0.343750
vt 0.375000 0.359375
vt 0.375000 0.375000
vt 0.375000 0.390625
vt 0.375000 0.406250
vt 0.375000 0.421875
vt 0.375000 0.437500
vt 0.375000 0.453125
vt 0.375000 0.468750
vt 0.625000 0.468750
vt 0.625000 0.453125
vt 0.625000 0.437500
vt 0.625000 0.421875
vt 0.625000 0.406250
vt 0.625000 0.390625
vt 0.625000 0.375000
vt 0.625000 0.359375
vt 0.625000 0.343750
vt 0.625000 0.328125
vt 0.625000 0.312500
vt 0.625000 0.296875
vt 0.625000 0.281250
vt 0.500000 0.250000
vt 0.500000 0.500000
s 0
usemtl Material.004
f 10/15/7 22/16/7 9/17/7
f 12/18/8 15/19/8 11/16/8
f 24/20/9 13/21/9 23/19/9
f 14/22/10 9/23/10 13/21/10
f 23/19/11 9/24/11 22/25/11
f 21/26/12 14/22/12 24/20/12
f 18/26/10 19/22/10 20/20/10
f 29/27/12 26/27/12 21/27/12
f 46/28/12 23/19/12 22/16/12
f 60/29/12 21/18/12 24/20/12
f 32/27/12 28/27/12 23/27/12
f 11/16/12 26/16/12 25/18/12
f 11/16/12 15/19/12 39/30/12
f 16/20/12 12/18/12 53/31/12
f 16/20/12 28/20/12 27/19/12
f 10/15/7 21/18/7 22/16/7
f 12/18/8 16/20/8 15/19/8
f 24/20/9 14/22/9 13/21/9
f 14/22/10 10/32/10 9/23/10
f 23/19/11 13/21/11 9/24/11
f 21/26/12 10/33/12 14/22/12
f 18/26/10 17/33/10 19/22/10
f 21/27/12 25/27/12 29/27/12
f 26/27/12 22/27/12 21/27/12
f 22/16/12 26/16/12 39/30/12
f 35/34/12 43/35/12 33/36/12
f 22/16/12 39/30/12 35/34/12
f 33/36/12 41/37/12 37/38/12
f 22/16/12 35/34/12 33/36/12
f 37/38/12 45/39/12 30/40/12
f 22/16/12 33/36/12 37/38/12
f 30/40/12 40/41/12 36/42/12
f 22/16/12 37/38/12 30/40/12
f 36/42/12 44/43/12 34/44/12
f 22/16/12 30/40/12 36/42/12
f 34/44/12 42/45/12 38/46/12
f 22/16/12 36/42/12 34/44/12
f 34/44/12 38/46/12 46/28/12
f 22/16/12 34/44/12 46/28/12
f 46/28/12 27/19/12 23/19/12
f 24/20/12 28/20/12 53/31/12
f 49/47/12 57/48/12 47/49/12
f 24/20/12 53/31/12 49/47/12
f 47/49/12 55/50/12 51/51/12
f 24/20/12 49/47/12 47/49/12
f 51/51/12 59/52/12 31/53/12
f 24/20/12 47/49/12 51/51/12
f 31/53/12 54/54/12 50/55/12
f 24/20/12 51/51/12 31/53/12
f 50/55/12 58/56/12 48/57/12
f 24/20/12 31/53/12 50/55/12
f 48/57/12 56/58/12 52/59/12
f 24/20/12 50/55/12 48/57/12
f 48/57/12 52/59/12 60/29/12
f 24/20/12 48/57/12 60/29/12
f 60/29/12 25/18/12 21/18/12
f 23/27/12 27/27/12 32/27/12
f 28/27/12 24/27/12 23/27/12
f 25/18/12 12/18/12 11/16/12
f 26/16/12 29/60/12 25/18/12
f 15/19/12 27/19/12 46/28/12
f 15/19/12 46/28/12 38/46/12
f 15/19/12 38/46/12 34/44/12
f 15/19/12 34/44/12 36/42/12
f 15/19/12 36/42/12 30/40/12
f 15/19/12 30/40/12 37/38/12
f 15/19/12 37/38/12 33/36/12
f 33/36/12 35/34/12 39/30/12
f 15/19/12 33/36/12 39/30/12
f 39/30/12 26/16/12 11/16/12
f 12/18/12 25/18/12 60/29/12
f 12/18/12 60/29/12 52/59/12
f 12/18/12 52/59/12 48/57/12
f 12/18/12 48/57/12 50/55/12
f 12/18/12 50/55/12 31/53/12
f 12/18/12 31/53/12 51/51/12
f 12/18/12 51/51/12 47/49/12
f 47/49/12 49/47/12 53/31/12
f 12/18/12 47/49/12 53/31/12
f 53/31/12 28/20/12 16/20/12
f 27/19/12 15/19/12 16/20/12
f 28/20/12 32/61/12 27/19/12
o h_hlid
v -10.250000 0.000000 2.000000
v -8.860538 4.000000 1.236724
v -10.250000 0.000000 -2.000000
v -8.860538 4.000000 -1.236724
v -2.750000 0.000000 2.000000
v -4.139461 4.000000 1.236724
v -2.750000 0.000000 -2.000000
v -4.139461 4.000000 -1.236724
vn -0.9446 0.3281 -0.0000
vn -0.0000 0.1874 -0.9823
vn 0.9446 0.3281 -0.0000
vn -0.0000 0.1874 0.9823
vn -0.0000 -1.0000 -0.0000
vn -0.0000 1.0000 -0.0000
vt 0.375000 0.000000
vt 0.625000 0.000000
vt 0.625000 0.250000
vt 0.375000 0.250000
vt 0.625000 0.500000
vt 0.375000 0.500000
vt 0.625000 0.750000
vt 0.375000 0.750000
vt 0.625000 1.000000
vt 0.375000 1.000000
vt 0.125000 0.500000
vt 0.125000 0.750000
vt 0.875000 0.500000
vt 0.875000 0.750000
s 0
usemtl Material.002
f 61/62/13 62/63/13 64/64/13 63/65/13
f 63/65/14 64/64/14 68/66/14 67/67/14
f 67/67/15 68/66/15 66/68/15 65/69/15
f 65/69/16 66/68/16 62/70/16 61/71/16
f 63/72/17 67/67/17 65/69/17 61/73/17
f 68/66/18 64/74/18 62/75/18 66/68/18
o innanhus
v -4.080000 -0.009000 9.530798
v -4.080000 2.949000 9.530798
v -4.080000 -0.009000 1.289198
v -4.080000 2.949000 1.289198
v 4.080000 -0.009000 9.530798
v 4.080000 2.949000 9.530798
v 4.080000 -0.009000 1.289198
v 4.080000 2.949000 1.289198
vn -1.0000 -0.0000 -0.0000
vn -0.0000 -0.0000 -1.0000
vn 1.0000 -0.0000 -0.0000
vn -0.0000 -0.0000 1.0000
vn -0.0000 -1.0000 -0.0000
vn -0.0000 1.0000 -0.0000
vt 0.625000 0.000000
vt 0.375000 0.250000
vt 0.375000 0.000000
vt 0.625000 0.250000
vt 0.375000 0.500000
vt 0.625000 0.500000
vt 0.375000 0.750000
vt 0.625000 0.750000
vt 0.375000 1.000000
vt 0.125000 0.750000
vt 0.125000 0.500000
vt 0.875000 0.500000
vt 0.625000 1.000000
vt 0.875000 0.750000
s 0
usemtl Material.012
f 70/76/19 71/77/19 69/78/19
f 72/79/20 75/80/20 71/77/20
f 76/81/21 73/82/21 75/80/21
f 74/83/22 69/84/22 73/82/22
f 75/80/23 69/85/23 71/86/23
f 72/87/24 74/83/24 76/81/24
f 70/76/19 72/79/19 71/77/19
f 72/79/20 76/81/20 75/80/20
f 76/81/21 74/83/21 73/82/21
f 74/83/22 70/88/22 69/84/22
f 75/80/23 73/82/23 69/85/23
f 72/87/24 70/89/24 74/83/24
o syningarsalur
v -0.000007 -0.660665 9.022040
v 17.600645 -0.660665 16.665806
v 17.600645 1.339335 16.665806
v 15.840163 -0.660665 20.119068
v 15.840163 1.339335 20.119068
v 13.470946 -0.660665 23.145874
v 13.470946 1.339335 23.145874
v 10.584055 -0.660665 25.629913
v 10.584055 1.339335 25.629913
v 7.290422 -0.660665 27.475719
v 7.290422 1.339335 27.475719
v 3.716620 -0.660665 28.612362
v 3.716620 1.339335 28.612362
v -0.000007 -0.660665 28.996159
v -0.000007 1.339335 28.996159
v -3.716636 -0.660665 28.612362
v -3.716636 1.339335 28.612362
v -7.290442 -0.660665 27.475719
v -7.290442 1.339335 27.475719
v -10.584072 -0.660665 25.629913
v -10.584072 1.339335 25.629913
v -13.470966 -0.660665 23.145874
v -13.470966 1.339335 23.145874
v -15.840178 -0.660665 20.119068
v -15.840178 1.339335 20.119068
v -17.600664 -0.660665 16.665806
v -17.600664 1.339335 16.665806
v -0.000007 1.339335 9.022040
vn 0.8909 -0.0000 0.4542
vn 0.7875 -0.0000 0.6164
vn 0.6522 -0.0000 0.7580
vn 0.4889 -0.0000 0.8724
vn 0.3031 -0.0000 0.9530
vn 0.1027 -0.0000 0.9947
vn -0.1027 -0.0000 0.9947
vn -0.3031 -0.0000 0.9530
vn -0.4889 -0.0000 0.8724
vn -0.6522 -0.0000 0.7580
vn -0.7875 -0.0000 0.6164
vn -0.8909 -0.0000 0.4542
vn -0.3983 -0.0000 -0.9172
vn 0.3983 -0.0000 -0.9172
vn -0.0000 1.0000 -0.0000
vn -0.0000 -1.0000 -0.0000
vt 0.687500 0.500000
vt 0.687500 1.000000
vt 0.656250 1.000000
vt 0.656250 0.500000
vt 0.625000 1.000000
vt 0.625000 0.500000
vt 0.593750 1.000000
vt 0.593750 0.500000
vt 0.562500 1.000000
vt 0.562500 0.500000
vt 0.531250 1.000000
vt 0.531250 0.500000
vt 0.500000 1.000000
vt 0.500000 0.500000
vt 0.468750 1.000000
vt 0.468750 0.500000
vt 0.437500 1.000000
vt 0.437500 0.500000
vt 0.406250 1.000000
vt 0.406250 0.500000
vt 0.375000 1.000000
vt 0.375000 0.500000
vt 0.343750 1.000000
vt 0.343750 0.500000
vt 0.312500 1.000000
vt 0.312500 0.500000
vt 0.000000 0.000000
s 0
usemtl Material.013
f 78/90/25 79/91/25 81/92/25 80/93/25
f 80/93/26 81/92/26 83/94/26 82/95/26
f 82/95/27 83/94/27 85/96/27 84/97/27
f 84/97/28 85/96/28 87/98/28 86/99/28
f 86/99/29 87/98/29 89/100/29 88/101/29
f 88/101/30 89/100/30 91/102/30 90/103/30
f 90/103/31 91/102/31 93/104/31 92/105/31
f 92/105/32 93/104/32 95/106/32 94/107/32
f 94/107/33 95/106/33 97/108/33 96/109/33
f 96/109/34 97/108/34 99/110/34 98/111/34
f 98/111/35 99/110/35 101/112/35 100/113/35
f 100/113/36 101/112/36 103/114/36 102/115/36
f 103/114/37 104/116/37 77/116/37 102/115/37
f 79/91/38 78/90/38 77/116/38 104/116/38
f 81/92/39 79/91/39 104/116/39 91/102/39 89/100/39 87/98/39 85/96/39 83/94/39
f 91/102/39 104/116/39 103/114/39 101/112/39 99/110/39 97/108/39 95/106/39 93/104/39
f 78/90/40 80/93/40 82/95/40 84/97/40 86/99/40 88/101/40 90/103/40 92/105/40 94/107/40 96/109/40 98/111/40 100/113/40 102/115/40 77/116/40
o gluggi_kula_2_hlid_a
o Cube.004
v -5.334224 2.614725 1.557084
v -5.334224 3.658621 1.373017
v -5.334224 2.579995 1.360123
v -5.334224 3.623891 1.176056
v -5.034224 2.614725 1.557084
v -5.034224 3.658621 1.373017
v -5.034224 2.579995 1.360123
v -5.034224 3.623891 1.176056
v -8.261690 2.624547 1.524597
v -8.261690 3.668443 1.340530
v -8.261690 2.589817 1.327635
v -8.261690 3.633713 1.143568
v -7.961690 2.624547 1.524597
v -7.961690 3.668443 1.340530
v -7.961690 2.589817 1.327635
v -7.961690 3.633713 1.143568
v -7.312362 2.590309 1.520045
v -7.312362 3.634205 1.335978
v -7.312362 2.555579 1.323083
v -7.312362 3.599476 1.139016
v -7.012362 2.590309 1.520045
v -7.012362 3.634205 1.335978
v -7.012362 2.555579 1.323083
v -7.012362 3.599476 1.139016
v -6.289774 2.596585 1.537913
v -6.289774 3.640481 1.353846
v -6.289774 2.561855 1.340951
v -6.289774 3.605751 1.156884
v -5.989774 2.596585 1.537913
v -5.989774 3.640481 1.353846
v -5.989774 2.561855 1.340951
v -5.989774 3.605751 1.156884
vn -1.0000 -0.0000 -0.0000
vn -0.0000 -0.1736 -0.9848
vn 1.0000 -0.0000 -0.0000
vn -0.0000 0.1736 0.9848
vn -0.0000 -0.9848 0.1736
vn -0.0000 0.9848 -0.1736
vt 0.375000 0.000000
vt 0.625000 0.000000
vt 0.625000 0.250000
vt 0.375000 0.250000
vt 0.625000 0.500000
vt 0.375000 0.500000
vt 0.625000 0.750000
vt 0.375000 0.750000
vt 0.625000 1.000000
vt 0.375000 1.000000
vt 0.125000 0.500000
vt 0.125000 0.750000
vt 0.875000 0.500000
vt 0.875000 0.750000
s 0
usemtl Material.020
f 105/117/41 106/118/41 108/119/41 107/120/41
f 107/120/42 108/119/42 112/121/42 111/122/42
f 111/122/43 112/121/43 110/123/43 109/124/43
f 109/124/44 110/123/44 106/125/44 105/126/44
f 107/127/45 111/122/45 109/124/45 105/128/45
f 112/121/46 108/129/46 106/130/46 110/123/46
f 113/117/41 114/118/41 116/119/41 115/120/41
f 115/120/42 116/119/42 120/121/42 119/122/42
f 119/122/43 120/121/43 118/123/43 117/124/43
f 117/124/44 118/123/44 114/125/44 113/126/44
f 115/127/45 119/122/45 117/124/45 113/128/45
f 120/121/46 116/129/46 114/130/46 118/123/46
f 121/117/41 122/118/41 124/119/41 123/120/41
f 123/120/42 124/119/42 128/121/42 127/122/42
f 127/122/43 128/121/43 126/123/43 125/124/43
f 125/124/44 126/123/44 122/125/44 121/126/44
f 123/127/45 127/122/45 125/124/45 121/128/45
f 128/121/46 124/129/46 122/130/46 126/123/46
f 129/117/41 130/118/41 132/119/41 131/120/41
f 131/120/42 132/119/42 136/121/42 135/122/42
f 135/122/43 136/121/43 134/123/43 133/124/43
f 133/124/44 134/123/44 130/125/44 129/126/44
f 131/127/45 135/122/45 133/124/45 129/128/45
f 136/121/46 132/129/46 130/130/46 134/123/46
o Cube.001
v 7.857170 2.614417 1.557084
v 7.857170 3.658313 1.373017
v 7.857170 2.579687 1.360123
v 7.857170 3.623583 1.176056
v 8.157169 2.614417 1.557084
v 8.157169 3.658313 1.373017
v 8.157169 2.579687 1.360123
v 8.157169 3.623583 1.176056
v 4.929703 2.624238 1.524597
v 4.929703 3.668135 1.340530
v 4.929703 2.589509 1.327635
v 4.929703 3.633405 1.143568
v 5.229703 2.624238 1.524597
v 5.229703 3.668135 1.340530
v 5.229703 2.589509 1.327635
v 5.229703 3.633405 1.143568
v 5.879031 2.590001 1.520045
v 5.879031 3.633897 1.335978
v 5.879031 2.555271 1.323083
v 5.879031 3.599168 1.139016
v 6.179031 2.590001 1.520045
v 6.179031 3.633897 1.335978
v 6.179031 2.555271 1.323083
v 6.179031 3.599168 1.139016
v 6.901619 2.596277 1.537913
v 6.901619 3.640173 1.353846
v 6.901619 2.561547 1.340951
v 6.901619 3.605443 1.156884
v 7.201620 2.596277 1.537913
v 7.201620 3.640173 1.353846
v 7.201620 2.561547 1.340951
v 7.201620 3.605443 1.156884
vn -1.0000 -0.0000 -0.0000
vn -0.0000 -0.1736 -0.9848
vn 1.0000 -0.0000 -0.0000
vn -0.0000 0.1736 0.9848
vn -0.0000 -0.9848 0.1736
vn -0.0000 0.9848 -0.1736
vt 0.375000 0.000000
vt 0.625000 0.000000
vt 0.625000 0.250000
vt 0.375000 0.250000
vt 0.625000 0.500000
vt 0.375000 0.500000
vt 0.625000 0.750000
vt 0.375000 0.750000
vt 0.625000 1.000000
vt 0.375000 1.000000
vt 0.125000 0.500000
vt 0.125000 0.750000
vt 0.875000 0.500000
vt 0.875000 0.750000
s 0
usemtl Material.052
f 137/131/47 138/132/47 140/133/47 139/134/47
f 139/134/48 140/133/48 144/135/48 143/136/48
f 143/136/49 144/135/49 142/137/49 141/138/49
f 141/138/50 142/137/50 138/139/50 137/140/50
f 139/141/51 143/136/51 141/138/51 137/142/51
f 144/135/52 140/143/52 138/144/52 142/137/52
f 145/131/47 146/132/47 148/133/47 147/134/47
f 147/134/48 148/133/48 152/135/48 151/136/48
f 151/136/49 152/135/49 150/137/49 149/138/49
f 149/138/50 150/137/50 146/139/50 145/140/50
f 147/141/51 151/136/51 149/138/51 145/142/51
f 152/135/52 148/143/52 146/144/52 150/137/52
f 153/131/47 154/132/47 156/133/47 155/134/47
f 155/134/48 156/133/48 160/135/48 159/136/48
f 159/136/49 160/135/49 158/137/49 157/138/49
f 157/138/50 158/137/50 154/139/50 153/140/50
f 155/141/51 159/136/51 157/138/51 153/142/51
f 160/135/52 156/143/52 154/144/52 158/137/52
f 161/131/47 162/132/47 164/133/47 163/134/47
f 163/134/48 164/133/48 168/135/48 167/136/48
f 167/136/49 168/135/49 166/137/49 165/138/49
f 165/138/50 166/137/50 162/139/50 161/140/50
f 163/141/51 167/136/51 165/138/51 161/142/51
f 168/135/52 164/143/52 162/144/52 166/137/52
o Sphere
v -0.084123 6.247382 3.268496
v -0.084123 5.307196 2.234654
v -0.084123 4.078784 1.675143
v -0.084123 3.413971 1.603142
v -0.084123 2.749159 1.675143
v -0.084123 1.520747 2.234654
v 0.058509 6.756207 4.633323
v 0.195659 6.562288 3.943886
v 0.322057 6.247382 3.308498
v 0.432847 5.823589 2.751575
v 0.523769 5.307196 2.294521
v 0.591330 4.718047 1.954899
v 0.632934 4.078784 1.745760
v 0.646982 3.413971 1.675143
v 0.632934 2.749159 1.745760
v 0.591330 2.109896 1.954899
v 0.523769 1.520747 2.294521
v 0.432847 1.004354 2.751575
v 0.322057 0.580561 3.308498
v 0.195659 0.265654 3.943886
v 0.058509 0.071736 4.633323
v 0.195659 6.756207 4.674923
v 0.464689 6.562288 4.025488
v 0.712628 6.247382 3.426965
v 0.929949 5.823589 2.902355
v 1.108300 5.307196 2.471820
v 1.240826 4.718047 2.151902
v 1.322435 4.078784 1.954899
v 1.349991 3.413971 1.888379
v 1.322435 2.749159 1.954899
v 1.240826 2.109896 2.151902
v 1.108300 1.520747 2.471820
v 0.929949 1.004354 2.902355
v 0.712628 0.580561 3.426965
v 0.464689 0.265654 4.025488
v 0.195659 0.071736 4.674923
v 0.322057 6.756207 4.742478
v 0.712628 6.562288 4.158002
v 1.072581 6.247382 3.619346
v 1.388081 5.823589 3.147209
v 1.647006 5.307196 2.759738
v 1.839405 4.718047 2.471820
v 1.957883 4.078784 2.294521
v 1.997888 3.413971 2.234654
v 1.957883 2.749159 2.294521
v 1.839405 2.109896 2.471820
v 1.647006 1.520747 2.759738
v 1.388081 1.004354 3.147209
v 1.072581 0.580561 3.619346
v 0.712628 0.265654 4.158002
v 0.322057 0.071736 4.742478
v 0.432847 6.756207 4.833392
v 0.929949 6.562288 4.336336
v 1.388081 6.247382 3.878246
v 1.789638 5.823589 3.476727
v 2.119186 5.307196 3.147210
v 2.364063 4.718047 2.902355
v 2.514858 4.078784 2.751575
v 2.565775 3.413971 2.700664
v 2.514858 2.749159 2.751575
v 2.364063 2.109896 2.902355
v 2.119186 1.520747 3.147210
v 1.789638 1.004354 3.476727
v 1.388081 0.580561 3.878246
v 0.929949 0.265654 4.336336
v 0.432847 0.071736 4.833392
v 0.523769 6.756207 4.944170
v 1.108300 6.562288 4.553636
v 1.647006 6.247382 4.193717
v 2.119187 5.823589 3.878246
v 2.506695 5.307196 3.619346
v 2.794639 4.718047 3.426965
v 2.971955 4.078784 3.308498
v 3.031827 3.413971 3.268497
v 2.971955 2.749159 3.308498
v 2.794639 2.109896 3.426965
v 2.506695 1.520747 3.619346
v 2.119187 1.004354 3.878246
v 1.647006 0.580561 4.193717
v 1.108300 0.265654 4.553636
v 0.523769 0.071736 4.944170
v -0.084123 6.821685 5.350313
v 0.591330 6.756207 5.070557
v 1.240826 6.562288 4.801552
v 1.839405 6.247382 4.553636
v 2.364064 5.823589 4.336336
v 2.794639 5.307196 4.158002
v 3.114586 4.718047 4.025488
v 3.311609 4.078784 3.943887
v 3.378135 3.413971 3.916333
v 3.311609 2.749159 3.943887
v 3.114586 2.109896 4.025488
v 2.794639 1.520747 4.158002
v 2.364064 1.004354 4.336336
v 1.839405 0.580561 4.553636
v 1.240826 0.265654 4.801552
v 0.591330 0.071736 5.070557
v 0.632934 6.756207 5.207695
v 1.322435 6.562288 5.070557
v 1.957883 6.247382 4.944170
v 2.514858 5.823589 4.833392
v 2.971955 5.307196 4.742478
v 3.311609 4.718047 4.674922
v 3.520766 4.078784 4.633323
v 3.591390 3.413971 4.619277
v 3.520766 2.749159 4.633323
v 3.311609 2.109896 4.674922
v 2.971955 1.520747 4.742478
v 2.514858 1.004354 4.833392
v 1.957883 0.580561 4.944170
v 1.322435 0.265654 5.070557
v 0.632934 0.071736 5.207695
v 0.646982 6.756207 5.350313
v 1.349991 6.562288 5.350313
v 1.997888 6.247382 5.350313
v 2.565775 5.823589 5.350313
v 3.031826 5.307196 5.350313
v 3.378135 4.718047 5.350313
v 3.591390 4.078784 5.350313
v 3.663397 3.413971 5.350313
v 3.591390 2.749159 5.350313
v 3.378135 2.109896 5.350313
v 3.031826 1.520747 5.350313
v 2.565775 1.004354 5.350313
v 1.997888 0.580561 5.350313
v 1.349991 0.265654 5.350313
v 0.646982 0.071736 5.350313
v 0.632934 6.756207 5.492931
v 1.322435 6.562288 5.630068
v 1.957883 6.247382 5.756455
v 2.514858 5.823589 5.867234
v 2.971954 5.307196 5.958148
v 3.311609 4.718047 6.025702
v 3.520766 4.078784 6.067303
v 3.591389 3.413971 6.081350
v 3.520766 2.749159 6.067303
v 3.311609 2.109896 6.025702
v 2.971954 1.520747 5.958148
v 2.514858 1.004354 5.867234
v 1.957883 0.580561 5.756455
v 1.322435 0.265654 5.630068
v 0.632934 0.071736 5.492931
v 0.591330 6.756207 5.630068
v 1.240826 6.562288 5.899073
v 1.839404 6.247382 6.146989
v 2.364063 5.823589 6.364290
v 2.794639 5.307196 6.542624
v 3.114586 4.718047 6.675138
v 3.311608 4.078784 6.756740
v 3.378134 3.413971 6.784293
v 3.311608 2.749159 6.756740
v 3.114586 2.109896 6.675138
v 2.794639 1.520747 6.542624
v 2.364063 1.004354 6.364290
v 1.839404 0.580561 6.146989
v 1.240826 0.265654 5.899073
v 0.591330 0.071736 5.630068
v 0.523769 6.756207 5.756455
v 1.108299 6.562288 6.146989
v 1.647006 6.247382 6.506908
v 2.119186 5.823589 6.822379
v 2.506694 5.307196 7.081280
v 2.794639 4.718047 7.273660
v 2.971954 4.078784 7.392128
v 3.031826 3.413971 7.432129
v 2.971954 2.749159 7.392128
v 2.794639 2.109896 7.273660
v 2.506694 1.520747 7.081280
v 2.119186 1.004354 6.822379
v 1.647006 0.580561 6.506908
v 1.108299 0.265654 6.146989
v 0.523769 0.071736 5.756455
v 0.432846 6.756207 5.867234
v 0.929949 6.562288 6.364290
v 1.388081 6.247382 6.822379
v 1.789638 5.823589 7.223898
v 2.119186 5.307196 7.553415
v 2.364063 4.718047 7.798269
v 2.514857 4.078784 7.949050
v 2.565773 3.413971 7.999962
v 2.514857 2.749159 7.949050
v 2.364063 2.109896 7.798269
v 2.119186 1.520747 7.553415
v 1.789638 1.004354 7.223898
v 1.388081 0.580561 6.822379
v 0.929949 0.265654 6.364290
v 0.432846 0.071736 5.867234
v 0.322057 6.756207 5.958147
v 0.712628 6.562288 6.542624
v 1.072580 6.247382 7.081280
v 1.388081 5.823589 7.553416
v 1.647005 5.307196 7.940887
v 1.839405 4.718047 8.228806
v 1.957882 4.078784 8.406104
v 1.997887 3.413971 8.465971
v 1.957882 2.749159 8.406104
v 1.839405 2.109896 8.228806
v 1.647005 1.520747 7.940887
v 1.388081 1.004354 7.553416
v 1.072580 0.580561 7.081280
v 0.712628 0.265654 6.542624
v 0.322057 0.071736 5.958147
v 0.195659 6.756207 6.025702
v 0.464689 6.562288 6.675138
v 0.712628 6.247382 7.273660
v 0.929949 5.823589 7.798270
v 1.108299 5.307196 8.228806
v 1.240826 4.718047 8.548722
v 1.322434 4.078784 8.745727
v 1.349990 3.413971 8.812246
v 1.322434 2.749159 8.745727
v 1.240826 2.109896 8.548722
v 1.108299 1.520747 8.228806
v 0.929949 1.004354 7.798270
v 0.712628 0.580561 7.273660
v 0.464689 0.265654 6.675138
v 0.195659 0.071736 6.025702
v 0.058509 6.756207 6.067302
v 0.195659 6.562288 6.756739
v 0.322057 6.247382 7.392127
v 0.432846 5.823589 7.949050
v 0.523768 5.307196 8.406104
v 0.591330 4.718047 8.745727
v 0.632934 4.078784 8.954865
v 0.646981 3.413971 9.025481
v 0.632934 2.749159 8.954865
v 0.591330 2.109896 8.745727
v 0.523768 1.520747 8.406104
v 0.432846 1.004354 7.949050
v 0.322057 0.580561 7.392127
v 0.195659 0.265654 6.756739
v 0.058509 0.071736 6.067302
v -0.084123 6.756207 6.081349
v -0.084123 6.562288 6.784293
v -0.084123 6.247382 7.432128
v -0.084123 5.823589 7.999962
v -0.084123 5.307196 8.465970
v -0.084123 4.718047 8.812246
v -0.084123 4.078784 9.025481
v -0.084124 3.413971 9.097481
v -0.084123 2.749159 9.025481
v -0.084123 2.109896 8.812246
v -0.084123 1.520747 8.465970
v -0.084123 1.004354 7.999962
v -0.084123 0.580561 7.432128
v -0.084123 0.265654 6.784293
v -0.084123 0.071736 6.081349
v -0.226754 6.756207 6.067302
v -0.363905 6.562288 6.756739
v -0.490303 6.247382 7.392127
v -0.601092 5.823589 7.949050
v -0.692015 5.307196 8.406103
v -0.759575 4.718047 8.745726
v -0.801180 4.078784 8.954865
v -0.815229 3.413971 9.025480
v -0.801180 2.749159 8.954865
v -0.759575 2.109896 8.745726
v -0.692015 1.520747 8.406103
v -0.601092 1.004354 7.949050
v -0.490303 0.580561 7.392127
v -0.363905 0.265654 6.756739
v -0.226754 0.071736 6.067302
v -0.363904 6.756207 6.025702
v -0.632935 6.562288 6.675138
v -0.880874 6.247382 7.273659
v -1.098194 5.823589 7.798269
v -1.276545 5.307196 8.228805
v -1.409071 4.718047 8.548722
v -1.490681 4.078784 8.745726
v -1.518237 3.413971 8.812244
v -1.490681 2.749159 8.745726
v -1.409071 2.109896 8.548722
v -1.276545 1.520747 8.228805
v -1.098194 1.004354 7.798269
v -0.880874 0.580561 7.273659
v -0.632935 0.265654 6.675138
v -0.363904 0.071736 6.025702
v -0.490303 6.756207 5.958147
v -0.880874 6.562288 6.542624
v -1.240826 6.247382 7.081279
v -1.556327 5.823589 7.553415
v -1.815251 5.307196 7.940887
v -2.007649 4.718047 8.228806
v -2.126128 4.078784 8.406103
v -2.166133 3.413971 8.465968
v -2.126128 2.749159 8.406103
v -2.007649 2.109896 8.228806
v -1.815251 1.520747 7.940887
v -1.556327 1.004354 7.553415
v -1.240826 0.580561 7.081279
v -0.880874 0.265654 6.542624
v -0.490303 0.071736 5.958147
v -0.601092 6.756207 5.867233
v -1.098194 6.562288 6.364289
v -1.556326 6.247382 6.822378
v -1.957883 5.823589 7.223898
v -2.287431 5.307196 7.553414
v -2.532308 4.718047 7.798269
v -2.683103 4.078784 7.949049
v -2.734019 3.413971 7.999959
v -2.683103 2.749159 7.949049
v -2.532308 2.109896 7.798269
v -2.287431 1.520747 7.553414
v -1.957883 1.004354 7.223898
v -1.556326 0.580561 6.822378
v -1.098194 0.265654 6.364289
v -0.601092 0.071736 5.867233
v -0.084123 0.006258 5.350313
v -0.692014 6.756207 5.756454
v -1.276545 6.562288 6.146989
v -1.815251 6.247382 6.506907
v -2.287431 5.823589 6.822379
v -2.674939 5.307196 7.081279
v -2.962884 4.718047 7.273660
v -3.140200 4.078784 7.392126
v -3.200071 3.413971 7.432126
v -3.140200 2.749159 7.392126
v -2.962884 2.109896 7.273660
v -2.674939 1.520747 7.081279
v -2.287431 1.004354 6.822379
v -1.815251 0.580561 6.506907
v -1.276545 0.265654 6.146989
v -0.692014 0.071736 5.756454
v -0.759575 6.756207 5.630068
v -1.409071 6.562288 5.899073
v -2.007649 6.247382 6.146988
v -2.532308 5.823589 6.364289
v -2.962884 5.307196 6.542623
v -3.282831 4.718047 6.675138
v -3.479853 4.078784 6.756738
v -3.546378 3.413971 6.784290
v -3.479853 2.749159 6.756738
v -3.282831 2.109896 6.675138
v -2.962884 1.520747 6.542623
v -2.532308 1.004354 6.364289
v -2.007649 0.580561 6.146988
v -1.409071 0.265654 5.899073
v -0.759575 0.071736 5.630068
v -0.801179 6.756207 5.492931
v -1.490680 6.562288 5.630068
v -2.126127 6.247382 5.756454
v -2.683103 5.823589 5.867234
v -3.140199 5.307196 5.958147
v -3.479853 4.718047 6.025702
v -3.689011 4.078784 6.067302
v -3.759633 3.413971 6.081347
v -3.689011 2.749159 6.067302
v -3.479853 2.109896 6.025702
v -3.140199 1.520747 5.958147
v -2.683103 1.004354 5.867234
v -2.126127 0.580561 5.756454
v -1.490680 0.265654 5.630068
v -0.801179 0.071736 5.492931
v -0.815227 6.756207 5.350313
v -1.518236 6.562288 5.350313
v -2.166132 6.247382 5.350312
v -2.734020 5.823589 5.350313
v -3.200071 5.307196 5.350312
v -3.546379 4.718047 5.350313
v -3.759634 4.078784 5.350312
v -3.831640 3.413971 5.350311
v -3.759634 2.749159 5.350312
v -3.546379 2.109896 5.350313
v -3.200071 1.520747 5.350312
v -2.734020 1.004354 5.350313
v -2.166132 0.580561 5.350312
v -1.518236 0.265654 5.350313
v -0.815227 0.071736 5.350313
v -0.801179 6.756207 5.207695
v -1.490680 6.562288 5.070557
v -2.126127 6.247382 4.944170
v -2.683102 5.823589 4.833392
v -3.140198 5.307196 4.742477
v -3.479853 4.718047 4.674923
v -3.689010 4.078784 4.633322
v -3.759632 3.413971 4.619275
v -3.689010 2.749159 4.633322
v -3.479853 2.109896 4.674923
v -3.140198 1.520747 4.742477
v -2.683102 1.004354 4.833392
v -2.126127 0.580561 4.944170
v -1.490680 0.265654 5.070557
v -0.801179 0.071736 5.207695
v -0.759575 6.756207 5.070557
v -1.409071 6.562288 4.801552
v -2.007648 6.247382 4.553636
v -2.532308 5.823589 4.336336
v -2.962883 5.307196 4.158002
v -3.282830 4.718047 4.025488
v -3.479852 4.078784 3.943886
v -3.546377 3.413971 3.916332
v -3.479852 2.749159 3.943886
v -3.282830 2.109896 4.025488
v -2.962883 1.520747 4.158002
v -2.532308 1.004354 4.336336
v -2.007648 0.580561 4.553636
v -1.409071 0.265654 4.801552
v -0.759575 0.071736 5.070557
v -0.692014 6.756207 4.944171
v -1.276544 6.562288 4.553636
v -1.815250 6.247382 4.193718
v -2.287431 5.823589 3.878246
v -2.674938 5.307196 3.619346
v -2.962884 4.718047 3.426966
v -3.140198 4.078784 3.308498
v -3.200068 3.413971 3.268497
v -3.140198 2.749159 3.308498
v -2.962884 2.109896 3.426966
v -2.674938 1.520747 3.619346
v -2.287431 1.004354 3.878246
v -1.815250 0.580561 4.193718
v -1.276544 0.265654 4.553636
v -0.692014 0.071736 4.944171
v -0.601092 6.756207 4.833392
v -1.098194 6.562288 4.336336
v -1.556325 6.247382 3.878247
v -1.957883 5.823589 3.476728
v -2.287430 5.307196 3.147210
v -2.532308 4.718047 2.902357
v -2.683101 4.078784 2.751576
v -2.734016 3.413971 2.700664
v -2.683101 2.749159 2.751576
v -2.532308 2.109896 2.902357
v -2.287430 1.520747 3.147210
v -1.957883 1.004354 3.476728
v -1.556325 0.580561 3.878247
v -1.098194 0.265654 4.336336
v -0.601092 0.071736 4.833392
v -0.490303 6.756207 4.742478
v -0.880873 6.562288 4.158002
v -1.240824 6.247382 3.619347
v -1.556326 5.823589 3.147210
v -1.815250 5.307196 2.759738
v -2.007649 4.718047 2.471821
v -2.126127 4.078784 2.294522
v -2.166130 3.413971 2.234657
v -2.126127 2.749159 2.294522
v -2.007649 2.109896 2.471821
v -1.815250 1.520747 2.759738
v -1.556326 1.004354 3.147210
v -1.240824 0.580561 3.619347
v -0.880873 0.265654 4.158002
v -0.490303 0.071736 4.742478
v -0.363904 6.756207 4.674923
v -0.632934 6.562288 4.025488
v -0.880872 6.247382 3.426967
v -1.098194 5.823589 2.902356
v -1.276543 5.307196 2.471821
v -1.409071 4.718047 2.151904
v -1.490679 4.078784 1.954900
v -1.518234 3.413971 1.888382
v -1.490679 2.749159 1.954900
v -1.409071 2.109896 2.151904
v -1.276543 1.520747 2.471821
v -1.098194 1.004354 2.902356
v -0.880872 0.580561 3.426967
v -0.632934 0.265654 4.025488
v -0.363904 0.071736 4.674923
v -0.226754 6.756207 4.633323
v -0.363904 6.562288 3.943887
v -0.490302 6.247382 3.308500
v -0.601092 5.823589 2.751575
v -0.692013 5.307196 2.294523
v -0.759575 4.718047 1.954900
v -0.801178 4.078784 1.745762
v -0.815225 3.413971 1.675147
v -0.801178 2.749159 1.745762
v -0.759575 2.109896 1.954900
v -0.692013 1.520747 2.294523
v -0.601092 1.004354 2.751575
v -0.490302 0.580561 3.308500
v -0.363904 0.265654 3.943887
v -0.226754 0.071736 4.633323
v -0.084123 6.756207 4.619277
v -0.084123 6.562288 3.916333
v -0.084122 5.823589 2.700664
v -0.084123 4.718047 1.888380
v -0.084123 2.109896 1.888380
v -0.084122 1.004354 2.700664
v -0.084122 0.580561 3.268499
v -0.084123 0.265654 3.916333
v -0.084123 0.071736 4.619277
vn -0.0000 -0.2124 -0.9772
vn -0.0000 -0.0000 -1.0000
vn 0.1951 -0.0000 -0.9808
vn 0.1906 -0.2124 -0.9584
vn -0.0000 0.9339 -0.3574
vn -0.0000 0.9830 -0.1834
vn 0.0358 0.9830 -0.1799
vn 0.0697 0.9339 -0.3506
vn -0.0000 -0.4122 -0.9111
vn 0.1777 -0.4122 -0.8936
vn -0.0000 0.8521 -0.5234
vn 0.1021 0.8521 -0.5134
vn -0.0000 -0.5893 -0.8079
vn 0.1576 -0.5893 -0.7924
vn -0.0000 0.7369 -0.6760
vn 0.1319 0.7369 -0.6630
vn -0.0000 -0.7369 -0.6760
vn 0.1319 -0.7369 -0.6630
vn -0.0000 0.5893 -0.8079
vn 0.1576 0.5893 -0.7924
vn -0.0000 -0.8521 -0.5234
vn 0.1021 -0.8521 -0.5134
vn -0.0000 0.4122 -0.9111
vn 0.1777 0.4122 -0.8936
vn -0.0000 -0.9339 -0.3574
vn 0.0697 -0.9339 -0.3506
vn -0.0000 0.2124 -0.9772
vn 0.1906 0.2124 -0.9584
vn -0.0000 -0.9830 -0.1834
vn 0.0358 -0.9830 -0.1799
vn -0.0000 1.0000 -0.0000
vn -0.0000 -1.0000 -0.0000
vn 0.1368 -0.9339 -0.3302
vn 0.0702 -0.9830 -0.1694
vn 0.3739 0.2124 -0.9028
vn 0.3827 -0.0000 -0.9239
vn 0.0702 0.9830 -0.1694
vn 0.3739 -0.2124 -0.9028
vn 0.1368 0.9339 -0.3302
vn 0.3486 -0.4123 -0.8417
vn 0.2003 0.8521 -0.4836
vn 0.3092 -0.5893 -0.7464
vn 0.2587 0.7369 -0.6245
vn 0.2587 -0.7369 -0.6245
vn 0.3092 0.5893 -0.7464
vn 0.2003 -0.8521 -0.4836
vn 0.3486 0.4123 -0.8417
vn 0.4488 -0.5893 -0.6718
vn 0.3755 -0.7369 -0.5621
vn 0.3755 0.7369 -0.5621
vn 0.4488 0.5893 -0.6718
vn 0.2908 -0.8521 -0.4352
vn 0.5061 0.4123 -0.7575
vn 0.1986 -0.9339 -0.2972
vn 0.5429 0.2124 -0.8125
vn 0.1019 -0.9830 -0.1525
vn 0.5555 -0.0000 -0.8315
vn 0.1019 0.9830 -0.1525
vn 0.5429 -0.2124 -0.8125
vn 0.1986 0.9339 -0.2972
vn 0.5061 -0.4123 -0.7575
vn 0.2908 0.8521 -0.4352
vn 0.1297 0.9830 -0.1297
vn 0.1297 -0.9830 -0.1297
vn 0.7071 -0.0000 -0.7071
vn 0.6909 -0.2124 -0.6910
vn 0.2527 0.9339 -0.2527
vn 0.6442 -0.4123 -0.6442
vn 0.3701 0.8521 -0.3701
vn 0.5713 -0.5893 -0.5713
vn 0.4779 0.7369 -0.4780
vn 0.4779 -0.7369 -0.4780
vn 0.5713 0.5893 -0.5713
vn 0.3701 -0.8521 -0.3701
vn 0.6442 0.4123 -0.6442
vn 0.2527 -0.9339 -0.2527
vn 0.6909 0.2124 -0.6910
vn 0.5620 0.7370 -0.3756
vn 0.6717 0.5893 -0.4489
vn 0.5620 -0.7370 -0.3756
vn 0.4352 -0.8521 -0.2908
vn 0.7575 0.4123 -0.5062
vn 0.2972 -0.9339 -0.1986
vn 0.8125 0.2124 -0.5429
vn 0.1525 -0.9830 -0.1019
vn 0.8314 -0.0000 -0.5556
vn 0.1525 0.9830 -0.1019
vn 0.8125 -0.2124 -0.5429
vn 0.2972 0.9339 -0.1986
vn 0.7575 -0.4123 -0.5062
vn 0.4352 0.8521 -0.2908
vn 0.6717 -0.5893 -0.4489
vn 0.9239 -0.0000 -0.3827
vn 0.9028 -0.2124 -0.3740
vn 0.1694 0.9830 -0.0702
vn 0.3302 0.9339 -0.1368
vn 0.8417 -0.4123 -0.3487
vn 0.4836 0.8521 -0.2003
vn 0.7464 -0.5893 -0.3092
vn 0.6245 0.7370 -0.2587
vn 0.6245 -0.7370 -0.2587
vn 0.7464 0.5893 -0.3092
vn 0.4836 -0.8521 -0.2003
vn 0.8417 0.4123 -0.3487
vn 0.3302 -0.9339 -0.1368
vn 0.9028 0.2124 -0.3740
vn 0.1694 -0.9830 -0.0702
vn 0.6629 -0.7370 -0.1319
vn 0.5134 -0.8521 -0.1021
vn 0.7924 0.5893 -0.1576
vn 0.8935 0.4123 -0.1778
vn 0.3505 -0.9340 -0.0697
vn 0.9584 0.2124 -0.1907
vn 0.1799 -0.9830 -0.0358
vn 0.9808 -0.0000 -0.1951
vn 0.1799 0.9830 -0.0358
vn 0.9584 -0.2124 -0.1907
vn 0.3505 0.9340 -0.0697
vn 0.8935 -0.4123 -0.1778
vn 0.5134 0.8521 -0.1021
vn 0.7924 -0.5893 -0.1576
vn 0.6629 0.7370 -0.1319
vn 0.1834 0.9830 -0.0000
vn 0.3574 0.9340 -0.0000
vn 0.9772 -0.2124 -0.0000
vn 0.9111 -0.4123 -0.0000
vn 0.5234 0.8521 -0.0000
vn 0.8079 -0.5893 -0.0000
vn 0.6759 0.7370 -0.0000
vn 0.6759 -0.7370 -0.0000
vn 0.8079 0.5893 -0.0000
vn 0.5234 -0.8521 -0.0000
vn 0.9111 0.4123 -0.0000
vn 0.3574 -0.9340 -0.0000
vn 0.9772 0.2124 -0.0000
vn 0.1834 -0.9830 -0.0000
vn 1.0000 -0.0000 -0.0000
vn 0.7924 0.5893 0.1576
vn 0.8935 0.4123 0.1778
vn 0.5134 -0.8521 0.1021
vn 0.3505 -0.9340 0.0697
vn 0.9584 0.2124 0.1907
vn 0.1799 -0.9830 0.0358
vn 0.9808 -0.0000 0.1951
vn 0.1799 0.9830 0.0358
vn 0.9584 -0.2124 0.1907
vn 0.3505 0.9340 0.0697
vn 0.8935 -0.4123 0.1778
vn 0.5134 0.8521 0.1021
vn 0.7924 -0.5893 0.1576
vn 0.6629 0.7370 0.1319
vn 0.6629 -0.7370 0.1319
vn 0.9028 -0.2124 0.3740
vn 0.8417 -0.4123 0.3487
vn 0.3302 0.9339 0.1368
vn 0.4836 0.8521 0.2003
vn 0.7464 -0.5893 0.3092
vn 0.6245 0.7370 0.2587
vn 0.6245 -0.7370 0.2587
vn 0.7464 0.5893 0.3092
vn 0.4836 -0.8521 0.2003
vn 0.8417 0.4123 0.3487
vn 0.3302 -0.9339 0.1368
vn 0.9028 0.2124 0.3740
vn 0.1694 -0.9830 0.0702
vn 0.9239 -0.0000 0.3827
vn 0.1694 0.9830 0.0702
vn 0.4352 -0.8521 0.2908
vn 0.2972 -0.9339 0.1986
vn 0.7575 0.4123 0.5062
vn 0.8125 0.2124 0.5429
vn 0.1525 -0.9830 0.1019
vn 0.8314 -0.0000 0.5556
vn 0.1525 0.9830 0.1019
vn 0.8125 -0.2124 0.5429
vn 0.2972 0.9339 0.1986
vn 0.7575 -0.4123 0.5062
vn 0.4352 0.8521 0.2908
vn 0.6717 -0.5893 0.4489
vn 0.5620 0.7370 0.3756
vn 0.5620 -0.7370 0.3756
vn 0.6717 0.5893 0.4489
vn 0.6442 -0.4123 0.6443
vn 0.5713 -0.5893 0.5713
vn 0.3701 0.8521 0.3701
vn 0.4779 0.7369 0.4780
vn 0.4779 -0.7369 0.4780
vn 0.5713 0.5893 0.5713
vn 0.3701 -0.8521 0.3701
vn 0.6442 0.4123 0.6443
vn 0.2527 -0.9339 0.2527
vn 0.6909 0.2124 0.6910
vn 0.1297 -0.9830 0.1297
vn 0.7071 -0.0000 0.7071
vn 0.1297 0.9830 0.1297
vn 0.6909 -0.2124 0.6910
vn 0.2527 0.9339 0.2527
vn 0.1986 -0.9339 0.2972
vn 0.1019 -0.9830 0.1525
vn 0.5429 0.2124 0.8125
vn 0.5555 -0.0000 0.8315
vn 0.1019 0.9830 0.1525
vn 0.5429 -0.2124 0.8125
vn 0.1986 0.9339 0.2972
vn 0.5061 -0.4123 0.7575
vn 0.2908 0.8521 0.4352
vn 0.4488 -0.5893 0.6718
vn 0.3755 0.7369 0.5621
vn 0.3755 -0.7369 0.5621
vn 0.4488 0.5893 0.6718
vn 0.2908 -0.8521 0.4352
vn 0.5061 0.4123 0.7575
vn 0.2003 0.8521 0.4836
vn 0.2587 0.7369 0.6245
vn 0.3092 -0.5893 0.7464
vn 0.2587 -0.7369 0.6245
vn 0.3092 0.5893 0.7464
vn 0.2003 -0.8521 0.4836
vn 0.3486 0.4123 0.8417
vn 0.1368 -0.9339 0.3302
vn 0.3739 0.2124 0.9028
vn 0.0702 -0.9830 0.1694
vn 0.3827 -0.0000 0.9239
vn 0.0702 0.9830 0.1694
vn 0.3739 -0.2124 0.9028
vn 0.1368 0.9339 0.3302
vn 0.3486 -0.4123 0.8417
vn 0.1906 0.2124 0.9584
vn 0.1951 -0.0000 0.9808
vn 0.0358 0.9830 0.1799
vn 0.0358 -0.9830 0.1799
vn 0.1906 -0.2124 0.9584
vn 0.0697 0.9339 0.3506
vn 0.1777 -0.4122 0.8936
vn 0.1021 0.8521 0.5134
vn 0.1576 -0.5893 0.7924
vn 0.1319 0.7369 0.6630
vn 0.1319 -0.7369 0.6630
vn 0.1576 0.5893 0.7924
vn 0.1021 -0.8521 0.5134
vn 0.1777 0.4122 0.8936
vn 0.0697 -0.9339 0.3506
vn -0.0000 -0.5893 0.8079
vn -0.0000 -0.7369 0.6760
vn -0.0000 0.7369 0.6760
vn -0.0000 0.5893 0.8079
vn -0.0000 -0.8521 0.5234
vn -0.0000 0.4122 0.9111
vn -0.0000 -0.9339 0.3574
vn -0.0000 0.2124 0.9772
vn -0.0000 -0.9830 0.1834
vn -0.0000 -0.0000 1.0000
vn -0.0000 0.9830 0.1834
vn -0.0000 -0.2124 0.9772
vn -0.0000 0.9339 0.3574
vn -0.0000 -0.4122 0.9111
vn -0.0000 0.8521 0.5234
vn -0.0358 0.9830 0.1799
vn -0.0358 -0.9830 0.1799
vn -0.1951 -0.0000 0.9808
vn -0.1906 -0.2124 0.9584
vn -0.0697 0.9339 0.3506
vn -0.1777 -0.4122 0.8936
vn -0.1021 0.8521 0.5134
vn -0.1576 -0.5893 0.7924
vn -0.1319 0.7369 0.6630
vn -0.1319 -0.7369 0.6630
vn -0.1576 0.5893 0.7924
vn -0.1021 -0.8521 0.5134
vn -0.1777 0.4122 0.8936
vn -0.0697 -0.9339 0.3506
vn -0.1906 0.2124 0.9584
vn -0.2587 0.7369 0.6245
vn -0.3092 0.5893 0.7464
vn -0.2587 -0.7369 0.6245
vn -0.2003 -0.8521 0.4836
vn -0.3486 0.4123 0.8417
vn -0.1368 -0.9339 0.3302
vn -0.3739 0.2124 0.9028
vn -0.0702 -0.9830 0.1694
vn -0.3827 -0.0000 0.9239
vn -0.0702 0.9830 0.1694
vn -0.3739 -0.2124 0.9028
vn -0.1368 0.9339 0.3302
vn -0.3486 -0.4123 0.8417
vn -0.2003 0.8521 0.4836
vn -0.3092 -0.5893 0.7464
vn -0.5555 -0.0000 0.8315
vn -0.5429 -0.2124 0.8125
vn -0.1019 0.9830 0.1525
vn -0.1986 0.9339 0.2972
vn -0.5061 -0.4123 0.7575
vn -0.2908 0.8521 0.4352
vn -0.4488 -0.5893 0.6718
vn -0.3755 0.7369 0.5621
vn -0.3755 -0.7369 0.5621
vn -0.4488 0.5893 0.6718
vn -0.2908 -0.8521 0.4352
vn -0.5061 0.4123 0.7575
vn -0.1986 -0.9339 0.2972
vn -0.5429 0.2124 0.8125
vn -0.1019 -0.9830 0.1525
vn -0.4779 -0.7369 0.4780
vn -0.3701 -0.8521 0.3701
vn -0.5713 0.5893 0.5713
vn -0.6442 0.4123 0.6442
vn -0.2527 -0.9339 0.2527
vn -0.6909 0.2124 0.6910
vn -0.1297 -0.9830 0.1297
vn -0.7071 -0.0000 0.7071
vn -0.1297 0.9830 0.1297
vn -0.6909 -0.2124 0.6910
vn -0.2527 0.9339 0.2527
vn -0.6442 -0.4123 0.6442
vn -0.3701 0.8521 0.3701
vn -0.5713 -0.5893 0.5713
vn -0.4779 0.7369 0.4780
vn -0.8125 -0.2124 0.5429
vn -0.7575 -0.4123 0.5062
vn -0.2972 0.9339 0.1986
vn -0.4352 0.8521 0.2908
vn -0.6717 -0.5893 0.4489
vn -0.5620 0.7370 0.3756
vn -0.5620 -0.7370 0.3756
vn -0.6717 0.5893 0.4489
vn -0.4352 -0.8521 0.2908
vn -0.7575 0.4123 0.5062
vn -0.2972 -0.9339 0.1986
vn -0.8125 0.2124 0.5429
vn -0.1525 -0.9830 0.1019
vn -0.8314 -0.0000 0.5556
vn -0.1525 0.9830 0.1019
vn -0.4836 -0.8521 0.2003
vn -0.3302 -0.9339 0.1368
vn -0.8417 0.4123 0.3487
vn -0.9028 0.2124 0.3740
vn -0.1694 -0.9830 0.0702
vn -0.9239 -0.0000 0.3827
vn -0.1694 0.9830 0.0702
vn -0.9028 -0.2124 0.3740
vn -0.3302 0.9339 0.1368
vn -0.8417 -0.4123 0.3487
vn -0.4836 0.8521 0.2003
vn -0.7464 -0.5893 0.3092
vn -0.6245 0.7370 0.2587
vn -0.6245 -0.7370 0.2587
vn -0.7464 0.5893 0.3092
vn -0.3505 0.9340 0.0697
vn -0.5134 0.8521 0.1021
vn -0.8935 -0.4123 0.1778
vn -0.7924 -0.5893 0.1576
vn -0.6629 0.7370 0.1319
vn -0.6629 -0.7370 0.1319
vn -0.7924 0.5893 0.1576
vn -0.5134 -0.8521 0.1021
vn -0.8935 0.4123 0.1778
vn -0.3505 -0.9340 0.0697
vn -0.9584 0.2124 0.1907
vn -0.1799 -0.9830 0.0358
vn -0.9808 -0.0000 0.1951
vn -0.1799 0.9830 0.0358
vn -0.9584 -0.2124 0.1907
vn -0.9111 0.4123 -0.0000
vn -0.9772 0.2124 -0.0000
vn -0.3574 -0.9340 -0.0000
vn -0.1834 -0.9830 -0.0000
vn -1.0000 -0.0000 -0.0000
vn -0.1834 0.9830 -0.0000
vn -0.9772 -0.2124 -0.0000
vn -0.3574 0.9340 -0.0000
vn -0.9111 -0.4123 -0.0000
vn -0.5234 0.8521 -0.0000
vn -0.8079 -0.5893 -0.0000
vn -0.6759 0.7370 -0.0000
vn -0.6759 -0.7370 -0.0000
vn -0.8079 0.5893 -0.0000
vn -0.5234 -0.8521 -0.0000
vn -0.8935 -0.4123 -0.1778
vn -0.7924 -0.5893 -0.1576
vn -0.5134 0.8521 -0.1021
vn -0.6629 0.7370 -0.1319
vn -0.6629 -0.7370 -0.1319
vn -0.7924 0.5893 -0.1576
vn -0.5134 -0.8521 -0.1021
vn -0.8935 0.4123 -0.1778
vn -0.3505 -0.9340 -0.0697
vn -0.9584 0.2124 -0.1907
vn -0.1799 -0.9830 -0.0358
vn -0.9808 -0.0000 -0.1951
vn -0.1799 0.9830 -0.0358
vn -0.9584 -0.2124 -0.1907
vn -0.3505 0.9340 -0.0697
vn -0.3302 -0.9339 -0.1368
vn -0.1694 -0.9830 -0.0702
vn -0.9028 0.2124 -0.3740
vn -0.9239 -0.0000 -0.3827
vn -0.1694 0.9830 -0.0702
vn -0.9028 -0.2124 -0.3740
vn -0.3302 0.9339 -0.1368
vn -0.8417 -0.4123 -0.3487
vn -0.4836 0.8521 -0.2003
vn -0.7464 -0.5893 -0.3092
vn -0.6245 0.7370 -0.2587
vn -0.6245 -0.7370 -0.2587
vn -0.7464 0.5893 -0.3092
vn -0.4836 -0.8521 -0.2003
vn -0.8417 0.4123 -0.3487
vn -0.4352 0.8521 -0.2908
vn -0.5620 0.7370 -0.3756
vn -0.6717 -0.5893 -0.4489
vn -0.5620 -0.7370 -0.3756
vn -0.6717 0.5893 -0.4489
vn -0.4352 -0.8521 -0.2908
vn -0.7575 0.4123 -0.5062
vn -0.2972 -0.9339 -0.1986
vn -0.8125 0.2124 -0.5429
vn -0.1525 -0.9830 -0.1019
vn -0.8314 -0.0000 -0.5556
vn -0.1525 0.9830 -0.1019
vn -0.8125 -0.2124 -0.5429
vn -0.2972 0.9339 -0.1986
vn -0.7575 -0.4123 -0.5062
vn -0.6909 0.2124 -0.6910
vn -0.7071 -0.0000 -0.7071
vn -0.1297 0.9830 -0.1297
vn -0.1297 -0.9830 -0.1297
vn -0.6909 -0.2124 -0.6910
vn -0.2527 0.9339 -0.2527
vn -0.6442 -0.4123 -0.6443
vn -0.3701 0.8521 -0.3701
vn -0.5713 -0.5893 -0.5713
vn -0.4779 0.7369 -0.4780
vn -0.4779 -0.7369 -0.4780
vn -0.5713 0.5893 -0.5713
vn -0.3701 -0.8521 -0.3701
vn -0.6442 0.4123 -0.6443
vn -0.2527 -0.9339 -0.2527
vn -0.4488 -0.5893 -0.6718
vn -0.3755 -0.7369 -0.5621
vn -0.3755 0.7369 -0.5621
vn -0.4488 0.5893 -0.6718
vn -0.2908 -0.8521 -0.4352
vn -0.5061 0.4123 -0.7575
vn -0.1986 -0.9339 -0.2972
vn -0.5429 0.2124 -0.8125
vn -0.1019 -0.9830 -0.1525
vn -0.5555 -0.0000 -0.8315
vn -0.1019 0.9830 -0.1525
vn -0.5429 -0.2124 -0.8125
vn -0.1986 0.9339 -0.2972
vn -0.5061 -0.4123 -0.7575
vn -0.2908 0.8521 -0.4352
vn -0.0702 -0.9830 -0.1694
vn -0.3827 -0.0000 -0.9239
vn -0.3739 -0.2124 -0.9028
vn -0.0702 0.9830 -0.1694
vn -0.1368 0.9339 -0.3302
vn -0.3486 -0.4123 -0.8417
vn -0.2003 0.8521 -0.4836
vn -0.3092 -0.5893 -0.7464
vn -0.2587 0.7369 -0.6245
vn -0.2587 -0.7369 -0.6245
vn -0.3092 0.5893 -0.7464
vn -0.2003 -0.8521 -0.4836
vn -0.3486 0.4123 -0.8417
vn -0.1368 -0.9339 -0.3302
vn -0.3739 0.2124 -0.9028
vn -0.1319 -0.7369 -0.6630
vn -0.1021 -0.8521 -0.5134
vn -0.1576 0.5893 -0.7924
vn -0.1777 0.4122 -0.8936
vn -0.0697 -0.9339 -0.3506
vn -0.1906 0.2124 -0.9584
vn -0.0358 -0.9830 -0.1799
vn -0.1951 -0.0000 -0.9808
vn -0.0358 0.9830 -0.1799
vn -0.1906 -0.2124 -0.9584
vn -0.0697 0.9339 -0.3506
vn -0.1777 -0.4122 -0.8936
vn -0.1021 0.8521 -0.5134
vn -0.1576 -0.5893 -0.7924
vn -0.1319 0.7369 -0.6630
vt 0.750000 0.437500
vt 0.750000 0.500000
vt 0.718750 0.500000
vt 0.718750 0.437500
vt 0.750000 0.875000
vt 0.750000 0.937500
vt 0.718750 0.937500
vt 0.718750 0.875000
vt 0.750000 0.375000
vt 0.718750 0.375000
vt 0.750000 0.812500
vt 0.718750 0.812500
vt 0.750000 0.312500
vt 0.718750 0.312500
vt 0.750000 0.750000
vt 0.718750 0.750000
vt 0.750000 0.250000
vt 0.718750 0.250000
vt 0.750000 0.687500
vt 0.718750 0.687500
vt 0.750000 0.187500
vt 0.718750 0.187500
vt 0.750000 0.625000
vt 0.718750 0.625000
vt 0.750000 0.125000
vt 0.718750 0.125000
vt 0.750000 0.562500
vt 0.718750 0.562500
vt 0.750000 0.062500
vt 0.718750 0.062500
vt 0.734375 1.000000
vt 0.734375 0.000000
vt 0.687500 0.125000
vt 0.687500 0.062500
vt 0.687500 0.562500
vt 0.687500 0.500000
vt 0.703125 1.000000
vt 0.687500 0.937500
vt 0.703125 0.000000
vt 0.687500 0.437500
vt 0.687500 0.875000
vt 0.687500 0.375000
vt 0.687500 0.812500
vt 0.687500 0.312500
vt 0.687500 0.750000
vt 0.687500 0.250000
vt 0.687500 0.687500
vt 0.687500 0.187500
vt 0.687500 0.625000
vt 0.656250 0.312500
vt 0.656250 0.250000
vt 0.656250 0.750000
vt 0.656250 0.687500
vt 0.656250 0.187500
vt 0.656250 0.625000
vt 0.656250 0.125000
vt 0.656250 0.562500
vt 0.656250 0.062500
vt 0.656250 0.500000
vt 0.671875 1.000000
vt 0.656250 0.937500
vt 0.671875 0.000000
vt 0.656250 0.437500
vt 0.656250 0.875000
vt 0.656250 0.375000
vt 0.656250 0.812500
vt 0.640625 1.000000
vt 0.625000 0.937500
vt 0.640625 0.000000
vt 0.625000 0.062500
vt 0.625000 0.500000
vt 0.625000 0.437500
vt 0.625000 0.875000
vt 0.625000 0.375000
vt 0.625000 0.812500
vt 0.625000 0.312500
vt 0.625000 0.750000
vt 0.625000 0.250000
vt 0.625000 0.687500
vt 0.625000 0.187500
vt 0.625000 0.625000
vt 0.625000 0.125000
vt 0.625000 0.562500
vt 0.593750 0.750000
vt 0.593750 0.687500
vt 0.593750 0.250000
vt 0.593750 0.187500
vt 0.593750 0.625000
vt 0.593750 0.125000
vt 0.593750 0.562500
vt 0.593750 0.062500
vt 0.593750 0.500000
vt 0.609375 1.000000
vt 0.593750 0.937500
vt 0.609375 0.000000
vt 0.593750 0.437500
vt 0.593750 0.875000
vt 0.593750 0.375000
vt 0.593750 0.812500
vt 0.593750 0.312500
vt 0.562500 0.500000
vt 0.562500 0.437500
vt 0.562500 0.937500
vt 0.562500 0.875000
vt 0.562500 0.375000
vt 0.562500 0.812500
vt 0.562500 0.312500
vt 0.562500 0.750000
vt 0.562500 0.250000
vt 0.562500 0.687500
vt 0.562500 0.187500
vt 0.562500 0.625000
vt 0.562500 0.125000
vt 0.562500 0.562500
vt 0.562500 0.062500
vt 0.578125 1.000000
vt 0.578125 0.000000
vt 0.531250 0.250000
vt 0.531250 0.187500
vt 0.531250 0.687500
vt 0.531250 0.625000
vt 0.531250 0.125000
vt 0.531250 0.562500
vt 0.531250 0.062500
vt 0.531250 0.500000
vt 0.546875 1.000000
vt 0.531250 0.937500
vt 0.546875 0.000000
vt 0.531250 0.437500
vt 0.531250 0.875000
vt 0.531250 0.375000
vt 0.531250 0.812500
vt 0.531250 0.312500
vt 0.531250 0.750000
vt 0.500000 0.937500
vt 0.500000 0.875000
vt 0.500000 0.437500
vt 0.500000 0.375000
vt 0.500000 0.812500
vt 0.500000 0.312500
vt 0.500000 0.750000
vt 0.500000 0.250000
vt 0.500000 0.687500
vt 0.500000 0.187500
vt 0.500000 0.625000
vt 0.500000 0.125000
vt 0.500000 0.562500
vt 0.500000 0.062500
vt 0.500000 0.500000
vt 0.515625 1.000000
vt 0.515625 0.000000
vt 0.468750 0.687500
vt 0.468750 0.625000
vt 0.468750 0.187500
vt 0.468750 0.125000
vt 0.468750 0.562500
vt 0.468750 0.062500
vt 0.468750 0.500000
vt 0.484375 1.000000
vt 0.468750 0.937500
vt 0.484375 0.000000
vt 0.468750 0.437500
vt 0.468750 0.875000
vt 0.468750 0.375000
vt 0.468750 0.812500
vt 0.468750 0.312500
vt 0.468750 0.750000
vt 0.468750 0.250000
vt 0.437500 0.437500
vt 0.437500 0.375000
vt 0.437500 0.875000
vt 0.437500 0.812500
vt 0.437500 0.312500
vt 0.437500 0.750000
vt 0.437500 0.250000
vt 0.437500 0.687500
vt 0.437500 0.187500
vt 0.437500 0.625000
vt 0.437500 0.125000
vt 0.437500 0.562500
vt 0.437500 0.062500
vt 0.437500 0.500000
vt 0.453125 1.000000
vt 0.437500 0.937500
vt 0.453125 0.000000
vt 0.406250 0.187500
vt 0.406250 0.125000
vt 0.406250 0.625000
vt 0.406250 0.562500
vt 0.406250 0.062500
vt 0.406250 0.500000
vt 0.421875 1.000000
vt 0.406250 0.937500
vt 0.421875 0.000000
vt 0.406250 0.437500
vt 0.406250 0.875000
vt 0.406250 0.375000
vt 0.406250 0.812500
vt 0.406250 0.312500
vt 0.406250 0.750000
vt 0.406250 0.250000
vt 0.406250 0.687500
vt 0.375000 0.375000
vt 0.375000 0.312500
vt 0.375000 0.812500
vt 0.375000 0.750000
vt 0.375000 0.250000
vt 0.375000 0.687500
vt 0.375000 0.187500
vt 0.375000 0.625000
vt 0.375000 0.125000
vt 0.375000 0.562500
vt 0.375000 0.062500
vt 0.375000 0.500000
vt 0.390625 1.000000
vt 0.375000 0.937500
vt 0.390625 0.000000
vt 0.375000 0.437500
vt 0.375000 0.875000
vt 0.343750 0.125000
vt 0.343750 0.062500
vt 0.343750 0.562500
vt 0.343750 0.500000
vt 0.359375 1.000000
vt 0.343750 0.937500
vt 0.359375 0.000000
vt 0.343750 0.437500
vt 0.343750 0.875000
vt 0.343750 0.375000
vt 0.343750 0.812500
vt 0.343750 0.312500
vt 0.343750 0.750000
vt 0.343750 0.250000
vt 0.343750 0.687500
vt 0.343750 0.187500
vt 0.343750 0.625000
vt 0.312500 0.812500
vt 0.312500 0.750000
vt 0.312500 0.312500
vt 0.312500 0.250000
vt 0.312500 0.687500
vt 0.312500 0.187500
vt 0.312500 0.625000
vt 0.312500 0.125000
vt 0.312500 0.562500
vt 0.312500 0.062500
vt 0.312500 0.500000
vt 0.328125 1.000000
vt 0.312500 0.937500
vt 0.328125 0.000000
vt 0.312500 0.437500
vt 0.312500 0.875000
vt 0.312500 0.375000
vt 0.281250 0.562500
vt 0.281250 0.500000
vt 0.296875 1.000000
vt 0.281250 0.937500
vt 0.296875 0.000000
vt 0.281250 0.062500
vt 0.281250 0.437500
vt 0.281250 0.875000
vt 0.281250 0.375000
vt 0.281250 0.812500
vt 0.281250 0.312500
vt 0.281250 0.750000
vt 0.281250 0.250000
vt 0.281250 0.687500
vt 0.281250 0.187500
vt 0.281250 0.625000
vt 0.281250 0.125000
vt 0.250000 0.312500
vt 0.250000 0.250000
vt 0.250000 0.750000
vt 0.250000 0.687500
vt 0.250000 0.187500
vt 0.250000 0.625000
vt 0.250000 0.125000
vt 0.250000 0.562500
vt 0.250000 0.062500
vt 0.250000 0.500000
vt 0.265625 1.000000
vt 0.250000 0.937500
vt 0.265625 0.000000
vt 0.250000 0.437500
vt 0.250000 0.875000
vt 0.250000 0.375000
vt 0.250000 0.812500
vt 0.234375 1.000000
vt 0.218750 0.937500
vt 0.234375 0.000000
vt 0.218750 0.062500
vt 0.218750 0.500000
vt 0.218750 0.437500
vt 0.218750 0.875000
vt 0.218750 0.375000
vt 0.218750 0.812500
vt 0.218750 0.312500
vt 0.218750 0.750000
vt 0.218750 0.250000
vt 0.218750 0.687500
vt 0.218750 0.187500
vt 0.218750 0.625000
vt 0.218750 0.125000
vt 0.218750 0.562500
vt 0.187500 0.750000
vt 0.187500 0.687500
vt 0.187500 0.250000
vt 0.187500 0.187500
vt 0.187500 0.625000
vt 0.187500 0.125000
vt 0.187500 0.562500
vt 0.187500 0.062500
vt 0.187500 0.500000
vt 0.203125 1.000000
vt 0.187500 0.937500
vt 0.203125 0.000000
vt 0.187500 0.437500
vt 0.187500 0.875000
vt 0.187500 0.375000
vt 0.187500 0.812500
vt 0.187500 0.312500
vt 0.156250 0.500000
vt 0.156250 0.437500
vt 0.156250 0.937500
vt 0.156250 0.875000
vt 0.156250 0.375000
vt 0.156250 0.812500
vt 0.156250 0.312500
vt 0.156250 0.750000
vt 0.156250 0.250000
vt 0.156250 0.687500
vt 0.156250 0.187500
vt 0.156250 0.625000
vt 0.156250 0.125000
vt 0.156250 0.562500
vt 0.156250 0.062500
vt 0.171875 1.000000
vt 0.171875 0.000000
vt 0.125000 0.250000
vt 0.125000 0.187500
vt 0.125000 0.687500
vt 0.125000 0.625000
vt 0.125000 0.125000
vt 0.125000 0.562500
vt 0.125000 0.062500
vt 0.125000 0.500000
vt 0.140625 1.000000
vt 0.125000 0.937500
vt 0.140625 0.000000
vt 0.125000 0.437500
vt 0.125000 0.875000
vt 0.125000 0.375000
vt 0.125000 0.812500
vt 0.125000 0.312500
vt 0.125000 0.750000
vt 0.093750 0.437500
vt 0.093750 0.375000
vt 0.093750 0.875000
vt 0.093750 0.812500
vt 0.093750 0.312500
vt 0.093750 0.750000
vt 0.093750 0.250000
vt 0.093750 0.687500
vt 0.093750 0.187500
vt 0.093750 0.625000
vt 0.093750 0.125000
vt 0.093750 0.562500
vt 0.093750 0.062500
vt 0.093750 0.500000
vt 0.109375 1.000000
vt 0.093750 0.937500
vt 0.109375 0.000000
vt 0.062500 0.187500
vt 0.062500 0.125000
vt 0.062500 0.625000
vt 0.062500 0.562500
vt 0.062500 0.062500
vt 0.062500 0.500000
vt 0.078125 1.000000
vt 0.062500 0.937500
vt 0.078125 0.000000
vt 0.062500 0.437500
vt 0.062500 0.875000
vt 0.062500 0.375000
vt 0.062500 0.812500
vt 0.062500 0.312500
vt 0.062500 0.750000
vt 0.062500 0.250000
vt 0.062500 0.687500
vt 0.031250 0.875000
vt 0.031250 0.812500
vt 0.031250 0.375000
vt 0.031250 0.312500
vt 0.031250 0.750000
vt 0.031250 0.250000
vt 0.031250 0.687500
vt 0.031250 0.187500
vt 0.031250 0.625000
vt 0.031250 0.125000
vt 0.031250 0.562500
vt 0.031250 0.062500
vt 0.031250 0.500000
vt 0.046875 1.000000
vt 0.031250 0.937500
vt 0.046875 0.000000
vt 0.031250 0.437500
vt 0.000000 0.625000
vt 0.000000 0.562500
vt 0.000000 0.125000
vt 0.000000 0.062500
vt 0.000000 0.500000
vt 0.015625 1.000000
vt 0.000000 0.937500
vt 0.015625 0.000000
vt 0.000000 0.437500
vt 0.000000 0.875000
vt 0.000000 0.375000
vt 0.000000 0.812500
vt 0.000000 0.312500
vt 0.000000 0.750000
vt 0.000000 0.250000
vt 0.000000 0.687500
vt 0.000000 0.187500
vt 1.000000 0.312500
vt 1.000000 0.375000
vt 0.968750 0.375000
vt 0.968750 0.312500
vt 1.000000 0.750000
vt 1.000000 0.812500
vt 0.968750 0.812500
vt 0.968750 0.750000
vt 1.000000 0.250000
vt 0.968750 0.250000
vt 1.000000 0.687500
vt 0.968750 0.687500
vt 1.000000 0.187500
vt 0.968750 0.187500
vt 1.000000 0.625000
vt 0.968750 0.625000
vt 1.000000 0.125000
vt 0.968750 0.125000
vt 1.000000 0.562500
vt 0.968750 0.562500
vt 1.000000 0.062500
vt 0.968750 0.062500
vt 1.000000 0.500000
vt 0.968750 0.500000
vt 1.000000 0.937500
vt 0.984375 1.000000
vt 0.968750 0.937500
vt 0.984375 0.000000
vt 1.000000 0.437500
vt 0.968750 0.437500
vt 1.000000 0.875000
vt 0.968750 0.875000
vt 0.937500 0.125000
vt 0.937500 0.062500
vt 0.937500 0.562500
vt 0.937500 0.500000
vt 0.953125 1.000000
vt 0.937500 0.937500
vt 0.953125 0.000000
vt 0.937500 0.437500
vt 0.937500 0.875000
vt 0.937500 0.375000
vt 0.937500 0.812500
vt 0.937500 0.312500
vt 0.937500 0.750000
vt 0.937500 0.250000
vt 0.937500 0.687500
vt 0.937500 0.187500
vt 0.937500 0.625000
vt 0.906250 0.812500
vt 0.906250 0.750000
vt 0.906250 0.312500
vt 0.906250 0.250000
vt 0.906250 0.687500
vt 0.906250 0.187500
vt 0.906250 0.625000
vt 0.906250 0.125000
vt 0.906250 0.562500
vt 0.906250 0.062500
vt 0.906250 0.500000
vt 0.921875 1.000000
vt 0.906250 0.937500
vt 0.921875 0.000000
vt 0.906250 0.437500
vt 0.906250 0.875000
vt 0.906250 0.375000
vt 0.875000 0.562500
vt 0.875000 0.500000
vt 0.890625 1.000000
vt 0.875000 0.937500
vt 0.890625 0.000000
vt 0.875000 0.062500
vt 0.875000 0.437500
vt 0.875000 0.875000
vt 0.875000 0.375000
vt 0.875000 0.812500
vt 0.875000 0.312500
vt 0.875000 0.750000
vt 0.875000 0.250000
vt 0.875000 0.687500
vt 0.875000 0.187500
vt 0.875000 0.625000
vt 0.875000 0.125000
vt 0.843750 0.312500
vt 0.843750 0.250000
vt 0.843750 0.750000
vt 0.843750 0.687500
vt 0.843750 0.187500
vt 0.843750 0.625000
vt 0.843750 0.125000
vt 0.843750 0.562500
vt 0.843750 0.062500
vt 0.843750 0.500000
vt 0.859375 1.000000
vt 0.843750 0.937500
vt 0.859375 0.000000
vt 0.843750 0.437500
vt 0.843750 0.875000
vt 0.843750 0.375000
vt 0.843750 0.812500
vt 0.828125 0.000000
vt 0.812500 0.062500
vt 0.812500 0.500000
vt 0.812500 0.437500
vt 0.812500 0.937500
vt 0.812500 0.875000
vt 0.812500 0.375000
vt 0.812500 0.812500
vt 0.812500 0.312500
vt 0.812500 0.750000
vt 0.812500 0.250000
vt 0.812500 0.687500
vt 0.812500 0.187500
vt 0.812500 0.625000
vt 0.812500 0.125000
vt 0.812500 0.562500
vt 0.828125 1.000000
vt 0.781250 0.250000
vt 0.781250 0.187500
vt 0.781250 0.687500
vt 0.781250 0.625000
vt 0.781250 0.125000
vt 0.781250 0.562500
vt 0.781250 0.062500
vt 0.781250 0.500000
vt 0.796875 1.000000
vt 0.781250 0.937500
vt 0.796875 0.000000
vt 0.781250 0.437500
vt 0.781250 0.875000
vt 0.781250 0.375000
vt 0.781250 0.812500
vt 0.781250 0.312500
vt 0.781250 0.750000
vt 0.765625 1.000000
vt 0.765625 0.000000
s 1
usemtl Material.051
f 173/145/53 172/146/54 182/147/55 183/148/56
f 643/149/57 642/150/58 175/151/59 176/152/60
f 646/153/61 173/145/53 183/148/56 184/154/62
f 169/155/63 643/149/57 176/152/60 177/156/64
f 174/157/65 646/153/61 184/154/62 185/158/66
f 644/159/67 169/155/63 177/156/64 178/160/68
f 647/161/69 174/157/65 185/158/66 186/162/70
f 170/163/71 644/159/67 178/160/68 179/164/72
f 648/165/73 647/161/69 186/162/70 187/166/74
f 645/167/75 170/163/71 179/164/72 180/168/76
f 649/169/77 648/165/73 187/166/74 188/170/78
f 171/171/79 645/167/75 180/168/76 181/172/80
f 650/173/81 649/169/77 188/170/78 189/174/82
f 172/146/54 171/171/79 181/172/80 182/147/55
f 642/150/58 250/175/83 175/151/59
f 476/176/84 650/173/81 189/174/82
f 189/174/82 188/170/78 203/177/85 204/178/86
f 182/147/55 181/172/80 196/179/87 197/180/88
f 175/151/59 250/181/83 190/182/89
f 476/183/84 189/174/82 204/178/86
f 183/148/56 182/147/55 197/180/88 198/184/90
f 176/152/60 175/151/59 190/182/89 191/185/91
f 184/154/62 183/148/56 198/184/90 199/186/92
f 177/156/64 176/152/60 191/185/91 192/187/93
f 185/158/66 184/154/62 199/186/92 200/188/94
f 178/160/68 177/156/64 192/187/93 193/189/95
f 186/162/70 185/158/66 200/188/94 201/190/96
f 179/164/72 178/160/68 193/189/95 194/191/97
f 187/166/74 186/162/70 201/190/96 202/192/98
f 180/168/76 179/164/72 194/191/97 195/193/99
f 188/170/78 187/166/74 202/192/98 203/177/85
f 181/172/80 180/168/76 195/193/99 196/179/87
f 201/190/96 200/188/94 215/194/100 216/195/101
f 194/191/97 193/189/95 208/196/102 209/197/103
f 202/192/98 201/190/96 216/195/101 217/198/104
f 195/193/99 194/191/97 209/197/103 210/199/105
f 203/177/85 202/192/98 217/198/104 218/200/106
f 196/179/87 195/193/99 210/199/105 211/201/107
f 204/178/86 203/177/85 218/200/106 219/202/108
f 197/180/88 196/179/87 211/201/107 212/203/109
f 190/182/89 250/204/83 205/205/110
f 476/206/84 204/178/86 219/202/108
f 198/184/90 197/180/88 212/203/109 213/207/111
f 191/185/91 190/182/89 205/205/110 206/208/112
f 199/186/92 198/184/90 213/207/111 214/209/113
f 192/187/93 191/185/91 206/208/112 207/210/114
f 200/188/94 199/186/92 214/209/113 215/194/100
f 193/189/95 192/187/93 207/210/114 208/196/102
f 205/205/110 250/211/83 220/212/115
f 476/213/84 219/202/108 234/214/116
f 213/207/111 212/203/109 227/215/117 228/216/118
f 206/208/112 205/205/110 220/212/115 221/217/119
f 214/209/113 213/207/111 228/216/118 229/218/120
f 207/210/114 206/208/112 221/217/119 222/219/121
f 215/194/100 214/209/113 229/218/120 230/220/122
f 208/196/102 207/210/114 222/219/121 223/221/123
f 216/195/101 215/194/100 230/220/122 231/222/124
f 209/197/103 208/196/102 223/221/123 224/223/125
f 217/198/104 216/195/101 231/222/124 232/224/126
f 210/199/105 209/197/103 224/223/125 225/225/127
f 218/200/106 217/198/104 232/224/126 233/226/128
f 211/201/107 210/199/105 225/225/127 226/227/129
f 219/202/108 218/200/106 233/226/128 234/214/116
f 212/203/109 211/201/107 226/227/129 227/215/117
f 224/223/125 223/221/123 238/228/130 239/229/131
f 232/224/126 231/222/124 246/230/132 247/231/133
f 225/225/127 224/223/125 239/229/131 240/232/134
f 233/226/128 232/224/126 247/231/133 248/233/135
f 226/227/129 225/225/127 240/232/134 241/234/136
f 234/214/116 233/226/128 248/233/135 249/235/137
f 227/215/117 226/227/129 241/234/136 242/236/138
f 220/212/115 250/237/83 235/238/139
f 476/239/84 234/214/116 249/235/137
f 228/216/118 227/215/117 242/236/138 243/240/140
f 221/217/119 220/212/115 235/238/139 236/241/141
f 229/218/120 228/216/118 243/240/140 244/242/142
f 222/219/121 221/217/119 236/241/141 237/243/143
f 230/220/122 229/218/120 244/242/142 245/244/144
f 223/221/123 222/219/121 237/243/143 238/228/130
f 231/222/124 230/220/122 245/244/144 246/230/132
f 243/240/140 242/236/138 258/245/145 259/246/146
f 236/241/141 235/238/139 251/247/147 252/248/148
f 244/242/142 243/240/140 259/246/146 260/249/149
f 237/243/143 236/241/141 252/248/148 253/250/150
f 245/244/144 244/242/142 260/249/149 261/251/151
f 238/228/130 237/243/143 253/250/150 254/252/152
f 246/230/132 245/244/144 261/251/151 262/253/153
f 239/229/131 238/228/130 254/252/152 255/254/154
f 247/231/133 246/230/132 262/253/153 263/255/155
f 240/232/134 239/229/131 255/254/154 256/256/156
f 248/233/135 247/231/133 263/255/155 264/257/157
f 241/234/136 240/232/134 256/256/156 257/258/158
f 249/235/137 248/233/135 264/257/157 265/259/159
f 242/236/138 241/234/136 257/258/158 258/245/145
f 235/238/139 250/260/83 251/247/147
f 476/261/84 249/235/137 265/259/159
f 263/255/155 262/253/153 277/262/160 278/263/161
f 256/256/156 255/254/154 270/264/162 271/265/163
f 264/257/157 263/255/155 278/263/161 279/266/164
f 257/258/158 256/256/156 271/265/163 272/267/165
f 265/259/159 264/257/157 279/266/164 280/268/166
f 258/245/145 257/258/158 272/267/165 273/269/167
f 251/247/147 250/270/83 266/271/168
f 476/272/84 265/259/159 280/268/166
f 259/246/146 258/245/145 273/269/167 274/273/169
f 252/248/148 251/247/147 266/271/168 267/274/170
f 260/249/149 259/246/146 274/273/169 275/275/171
f 253/250/150 252/248/148 267/274/170 268/276/172
f 261/251/151 260/249/149 275/275/171 276/277/173
f 254/252/152 253/250/150 268/276/172 269/278/174
f 262/253/153 261/251/151 276/277/173 277/262/160
f 255/254/154 254/252/152 269/278/174 270/264/162
f 267/274/170 266/271/168 281/279/175 282/280/176
f 275/275/171 274/273/169 289/281/177 290/282/178
f 268/276/172 267/274/170 282/280/176 283/283/179
f 276/277/173 275/275/171 290/282/178 291/284/180
f 269/278/174 268/276/172 283/283/179 284/285/181
f 277/262/160 276/277/173 291/284/180 292/286/182
f 270/264/162 269/278/174 284/285/181 285/287/183
f 278/263/161 277/262/160 292/286/182 293/288/184
f 271/265/163 270/264/162 285/287/183 286/289/185
f 279/266/164 278/263/161 293/288/184 294/290/186
f 272/267/165 271/265/163 286/289/185 287/291/187
f 280/268/166 279/266/164 294/290/186 295/292/188
f 273/269/167 272/267/165 287/291/187 288/293/189
f 266/271/168 250/294/83 281/279/175
f 476/295/84 280/268/166 295/292/188
f 274/273/169 273/269/167 288/293/189 289/281/177
f 286/289/185 285/287/183 300/296/190 301/297/191
f 294/290/186 293/288/184 308/298/192 309/299/193
f 287/291/187 286/289/185 301/297/191 302/300/194
f 295/292/188 294/290/186 309/299/193 310/301/195
f 288/293/189 287/291/187 302/300/194 303/302/196
f 281/279/175 250/303/83 296/304/197
f 476/305/84 295/292/188 310/301/195
f 289/281/177 288/293/189 303/302/196 304/306/198
f 282/280/176 281/279/175 296/304/197 297/307/199
f 290/282/178 289/281/177 304/306/198 305/308/200
f 283/283/179 282/280/176 297/307/199 298/309/201
f 291/284/180 290/282/178 305/308/200 306/310/202
f 284/285/181 283/283/179 298/309/201 299/311/203
f 292/286/182 291/284/180 306/310/202 307/312/204
f 285/287/183 284/285/181 299/311/203 300/296/190
f 293/288/184 292/286/182 307/312/204 308/298/192
f 305/308/200 304/306/198 319/313/205 320/314/206
f 298/309/201 297/307/199 312/315/207 313/316/208
f 306/310/202 305/308/200 320/314/206 321/317/209
f 299/311/203 298/309/201 313/316/208 314/318/210
f 307/312/204 306/310/202 321/317/209 322/319/211
f 300/296/190 299/311/203 314/318/210 315/320/212
f 308/298/192 307/312/204 322/319/211 323/321/213
f 301/297/191 300/296/190 315/320/212 316/322/214
f 309/299/193 308/298/192 323/321/213 324/323/215
f 302/300/194 301/297/191 316/322/214 317/324/216
f 310/301/195 309/299/193 324/323/215 325/325/217
f 303/302/196 302/300/194 317/324/216 318/326/218
f 296/304/197 250/327/83 311/328/219
f 476/329/84 310/301/195 325/325/217
f 304/306/198 303/302/196 318/326/218 319/313/205
f 297/307/199 296/304/197 311/328/219 312/315/207
f 324/323/215 323/321/213 338/330/220 339/331/221
f 317/324/216 316/322/214 331/332/222 332/333/223
f 325/325/217 324/323/215 339/331/221 340/334/224
f 318/326/218 317/324/216 332/333/223 333/335/225
f 311/328/219 250/336/83 326/337/226
f 476/338/84 325/325/217 340/334/224
f 319/313/205 318/326/218 333/335/225 334/339/227
f 312/315/207 311/328/219 326/337/226 327/340/228
f 320/314/206 319/313/205 334/339/227 335/341/229
f 313/316/208 312/315/207 327/340/228 328/342/230
f 321/317/209 320/314/206 335/341/229 336/343/231
f 314/318/210 313/316/208 328/342/230 329/344/232
f 322/319/211 321/317/209 336/343/231 337/345/233
f 315/320/212 314/318/210 329/344/232 330/346/234
f 323/321/213 322/319/211 337/345/233 338/330/220
f 316/322/214 315/320/212 330/346/234 331/332/222
f 336/343/231 335/341/229 350/347/235 351/348/236
f 329/344/232 328/342/230 343/349/237 344/350/238
f 337/345/233 336/343/231 351/348/236 352/351/239
f 330/346/234 329/344/232 344/350/238 345/352/240
f 338/330/220 337/345/233 352/351/239 353/353/241
f 331/332/222 330/346/234 345/352/240 346/354/242
f 339/331/221 338/330/220 353/353/241 354/355/243
f 332/333/223 331/332/222 346/354/242 347/356/244
f 340/334/224 339/331/221 354/355/243 355/357/245
f 333/335/225 332/333/223 347/356/244 348/358/246
f 326/337/226 250/359/83 341/360/247
f 476/361/84 340/334/224 355/357/245
f 334/339/227 333/335/225 348/358/246 349/362/248
f 327/340/228 326/337/226 341/360/247 342/363/249
f 335/341/229 334/339/227 349/362/248 350/347/235
f 328/342/230 327/340/228 342/363/249 343/349/237
f 355/357/245 354/355/243 369/364/250 370/365/251
f 348/358/246 347/356/244 362/366/252 363/367/253
f 341/360/247 250/368/83 356/369/254
f 476/370/84 355/357/245 370/365/251
f 349/362/248 348/358/246 363/367/253 364/371/255
f 342/363/249 341/360/247 356/369/254 357/372/256
f 350/347/235 349/362/248 364/371/255 365/373/257
f 343/349/237 342/363/249 357/372/256 358/374/258
f 351/348/236 350/347/235 365/373/257 366/375/259
f 344/350/238 343/349/237 358/374/258 359/376/260
f 352/351/239 351/348/236 366/375/259 367/377/261
f 345/352/240 344/350/238 359/376/260 360/378/262
f 353/353/241 352/351/239 367/377/261 368/379/263
f 346/354/242 345/352/240 360/378/262 361/380/264
f 354/355/243 353/353/241 368/379/263 369/364/250
f 347/356/244 346/354/242 361/380/264 362/366/252
f 359/376/260 358/374/258 373/381/265 374/382/266
f 367/377/261 366/375/259 381/383/267 382/384/268
f 360/378/262 359/376/260 374/382/266 375/385/269
f 368/379/263 367/377/261 382/384/268 383/386/270
f 361/380/264 360/378/262 375/385/269 376/387/271
f 369/364/250 368/379/263 383/386/270 384/388/272
f 362/366/252 361/380/264 376/387/271 377/389/273
f 370/365/251 369/364/250 384/388/272 385/390/274
f 363/367/253 362/366/252 377/389/273 378/391/275
f 356/369/254 250/392/83 371/393/276
f 476/394/84 370/365/251 385/390/274
f 364/371/255 363/367/253 378/391/275 379/395/277
f 357/372/256 356/369/254 371/393/276 372/396/278
f 365/373/257 364/371/255 379/395/277 380/397/279
f 358/374/258 357/372/256 372/396/278 373/381/265
f 366/375/259 365/373/257 380/397/279 381/383/267
f 378/391/275 377/389/273 392/398/280 393/399/281
f 371/393/276 250/400/83 386/401/282
f 476/402/84 385/390/274 400/403/283
f 379/395/277 378/391/275 393/399/281 394/404/284
f 372/396/278 371/393/276 386/401/282 387/405/285
f 380/397/279 379/395/277 394/404/284 395/406/286
f 373/381/265 372/396/278 387/405/285 388/407/287
f 381/383/267 380/397/279 395/406/286 396/408/288
f 374/382/266 373/381/265 388/407/287 389/409/289
f 382/384/268 381/383/267 396/408/288 397/410/290
f 375/385/269 374/382/266 389/409/289 390/411/291
f 383/386/270 382/384/268 397/410/290 398/412/292
f 376/387/271 375/385/269 390/411/291 391/413/293
f 384/388/272 383/386/270 398/412/292 399/414/294
f 377/389/273 376/387/271 391/413/293 392/398/280
f 385/390/274 384/388/272 399/414/294 400/403/283
f 397/410/290 396/408/288 411/415/295 412/416/296
f 390/411/291 389/409/289 404/417/297 405/418/298
f 398/412/292 397/410/290 412/416/296 413/419/299
f 391/413/293 390/411/291 405/418/298 406/420/300
f 399/414/294 398/412/292 413/419/299 414/421/301
f 392/398/280 391/413/293 406/420/300 407/422/302
f 400/403/283 399/414/294 414/421/301 415/423/303
f 393/399/281 392/398/280 407/422/302 408/424/304
f 386/401/282 250/425/83 401/426/305
f 476/427/84 400/403/283 415/423/303
f 394/404/284 393/399/281 408/424/304 409/428/306
f 387/405/285 386/401/282 401/426/305 402/429/307
f 395/406/286 394/404/284 409/428/306 410/430/308
f 388/407/287 387/405/285 402/429/307 403/431/309
f 396/408/288 395/406/286 410/430/308 411/415/295
f 389/409/289 388/407/287 403/431/309 404/417/297
f 401/426/305 250/432/83 416/433/310
f 476/434/84 415/423/303 430/435/311
f 409/428/306 408/424/304 423/436/312 424/437/313
f 402/429/307 401/426/305 416/433/310 417/438/314
f 410/430/308 409/428/306 424/437/313 425/439/315
f 403/431/309 402/429/307 417/438/314 418/440/316
f 411/415/295 410/430/308 425/439/315 426/441/317
f 404/417/297 403/431/309 418/440/316 419/442/318
f 412/416/296 411/415/295 426/441/317 427/443/319
f 405/418/298 404/417/297 419/442/318 420/444/320
f 413/419/299 412/416/296 427/443/319 428/445/321
f 406/420/300 405/418/298 420/444/320 421/446/322
f 414/421/301 413/419/299 428/445/321 429/447/323
f 407/422/302 406/420/300 421/446/322 422/448/324
f 415/423/303 414/421/301 429/447/323 430/435/311
f 408/424/304 407/422/302 422/448/324 423/436/312
f 420/444/320 419/442/318 434/449/325 435/450/326
f 428/445/321 427/443/319 442/451/327 443/452/328
f 421/446/322 420/444/320 435/450/326 436/453/329
f 429/447/323 428/445/321 443/452/328 444/454/330
f 422/448/324 421/446/322 436/453/329 437/455/331
f 430/435/311 429/447/323 444/454/330 445/456/332
f 423/436/312 422/448/324 437/455/331 438/457/333
f 416/433/310 250/458/83 431/459/334
f 476/460/84 430/435/311 445/456/332
f 424/437/313 423/436/312 438/457/333 439/461/335
f 417/438/314 416/433/310 431/459/334 432/462/336
f 425/439/315 424/437/313 439/461/335 440/463/337
f 418/440/316 417/438/314 432/462/336 433/464/338
f 426/441/317 425/439/315 440/463/337 441/465/339
f 419/442/318 418/440/316 433/464/338 434/449/325
f 427/443/319 426/441/317 441/465/339 442/451/327
f 439/461/335 438/457/333 453/466/340 454/467/341
f 432/462/336 431/459/334 446/468/342 447/469/343
f 440/463/337 439/461/335 454/467/341 455/470/344
f 433/464/338 432/462/336 447/469/343 448/471/345
f 441/465/339 440/463/337 455/470/344 456/472/346
f 434/449/325 433/464/338 448/471/345 449/473/347
f 442/451/327 441/465/339 456/472/346 457/474/348
f 435/450/326 434/449/325 449/473/347 450/475/349
f 443/452/328 442/451/327 457/474/348 458/476/350
f 436/453/329 435/450/326 450/475/349 451/477/351
f 444/454/330 443/452/328 458/476/350 459/478/352
f 437/455/331 436/453/329 451/477/351 452/479/353
f 445/456/332 444/454/330 459/478/352 460/480/354
f 438/457/333 437/455/331 452/479/353 453/466/340
f 431/459/334 250/481/83 446/468/342
f 476/482/84 445/456/332 460/480/354
f 458/476/350 457/474/348 472/483/355 473/484/356
f 451/477/351 450/475/349 465/485/357 466/486/358
f 459/478/352 458/476/350 473/484/356 474/487/359
f 452/479/353 451/477/351 466/486/358 467/488/360
f 460/480/354 459/478/352 474/487/359 475/489/361
f 453/466/340 452/479/353 467/488/360 468/490/362
f 446/468/342 250/491/83 461/492/363
f 476/493/84 460/480/354 475/489/361
f 454/467/341 453/466/340 468/490/362 469/494/364
f 447/469/343 446/468/342 461/492/363 462/495/365
f 455/470/344 454/467/341 469/494/364 470/496/366
f 448/471/345 447/469/343 462/495/365 463/497/367
f 456/472/346 455/470/344 470/496/366 471/498/368
f 449/473/347 448/471/345 463/497/367 464/499/369
f 457/474/348 456/472/346 471/498/368 472/483/355
f 450/475/349 449/473/347 464/499/369 465/485/357
f 470/496/366 469/494/364 485/500/370 486/501/371
f 463/497/367 462/495/365 478/502/372 479/503/373
f 471/498/368 470/496/366 486/501/371 487/504/374
f 464/499/369 463/497/367 479/503/373 480/505/375
f 472/483/355 471/498/368 487/504/374 488/506/376
f 465/485/357 464/499/369 480/505/375 481/507/377
f 473/484/356 472/483/355 488/506/376 489/508/378
f 466/486/358 465/485/357 481/507/377 482/509/379
f 474/487/359 473/484/356 489/508/378 490/510/380
f 467/488/360 466/486/358 482/509/379 483/511/381
f 475/489/361 474/487/359 490/510/380 491/512/382
f 468/490/362 467/488/360 483/511/381 484/513/383
f 461/492/363 250/514/83 477/515/384
f 476/516/84 475/489/361 491/512/382
f 469/494/364 468/490/362 484/513/383 485/500/370
f 462/495/365 461/492/363 477/515/384 478/502/372
f 490/510/380 489/508/378 504/517/385 505/518/386
f 483/511/381 482/509/379 497/519/387 498/520/388
f 491/512/382 490/510/380 505/518/386 506/521/389
f 484/513/383 483/511/381 498/520/388 499/522/390
f 477/515/384 250/523/83 492/524/391
f 476/525/84 491/512/382 506/521/389
f 485/500/370 484/513/383 499/522/390 500/526/392
f 478/502/372 477/515/384 492/524/391 493/527/393
f 486/501/371 485/500/370 500/526/392 501/528/394
f 479/503/373 478/502/372 493/527/393 494/529/395
f 487/504/374 486/501/371 501/528/394 502/530/396
f 480/505/375 479/503/373 494/529/395 495/531/397
f 488/506/376 487/504/374 502/530/396 503/532/398
f 481/507/377 480/505/375 495/531/397 496/533/399
f 489/508/378 488/506/376 503/532/398 504/517/385
f 482/509/379 481/507/377 496/533/399 497/519/387
f 494/529/395 493/527/393 508/534/400 509/535/401
f 502/530/396 501/528/394 516/536/402 517/537/403
f 495/531/397 494/529/395 509/535/401 510/538/404
f 503/532/398 502/530/396 517/537/403 518/539/405
f 496/533/399 495/531/397 510/538/404 511/540/406
f 504/517/385 503/532/398 518/539/405 519/541/407
f 497/519/387 496/533/399 511/540/406 512/542/408
f 505/518/386 504/517/385 519/541/407 520/543/409
f 498/520/388 497/519/387 512/542/408 513/544/410
f 506/521/389 505/518/386 520/543/409 521/545/411
f 499/522/390 498/520/388 513/544/410 514/546/412
f 492/524/391 250/547/83 507/548/413
f 476/549/84 506/521/389 521/545/411
f 500/526/392 499/522/390 514/546/412 515/550/414
f 493/527/393 492/524/391 507/548/413 508/534/400
f 501/528/394 500/526/392 515/550/414 516/536/402
f 513/544/410 512/542/408 527/551/415 528/552/416
f 521/545/411 520/543/409 535/553/417 536/554/418
f 514/546/412 513/544/410 528/552/416 529/555/419
f 507/548/413 250/556/83 522/557/420
f 476/558/84 521/545/411 536/554/418
f 515/550/414 514/546/412 529/555/419 530/559/421
f 508/534/400 507/548/413 522/557/420 523/560/422
f 516/536/402 515/550/414 530/559/421 531/561/423
f 509/535/401 508/534/400 523/560/422 524/562/424
f 517/537/403 516/536/402 531/561/423 532/563/425
f 510/538/404 509/535/401 524/562/424 525/564/426
f 518/539/405 517/537/403 532/563/425 533/565/427
f 511/540/406 510/538/404 525/564/426 526/566/428
f 519/541/407 518/539/405 533/565/427 534/567/429
f 512/542/408 511/540/406 526/566/428 527/551/415
f 520/543/409 519/541/407 534/567/429 535/553/417
f 532/568/425 531/569/423 546/570/430 547/571/431
f 525/572/426 524/573/424 539/574/432 540/575/433
f 533/576/427 532/568/425 547/571/431 548/577/434
f 526/578/428 525/572/426 540/575/433 541/579/435
f 534/580/429 533/576/427 548/577/434 549/581/436
f 527/582/415 526/578/428 541/579/435 542/583/437
f 535/584/417 534/580/429 549/581/436 550/585/438
f 528/586/416 527/582/415 542/583/437 543/587/439
f 536/588/418 535/584/417 550/585/438 551/589/440
f 529/590/419 528/586/416 543/587/439 544/591/441
f 522/592/420 250/593/83 537/594/442
f 476/595/84 536/588/418 551/589/440
f 530/596/421 529/590/419 544/591/441 545/597/443
f 523/598/422 522/592/420 537/594/442 538/599/444
f 531/569/423 530/596/421 545/597/443 546/570/430
f 524/573/424 523/598/422 538/599/444 539/574/432
f 551/589/440 550/585/438 565/600/445 566/601/446
f 544/591/441 543/587/439 558/602/447 559/603/448
f 537/594/442 250/604/83 552/605/449
f 476/606/84 551/589/440 566/601/446
f 545/597/443 544/591/441 559/603/448 560/607/450
f 538/599/444 537/594/442 552/605/449 553/608/451
f 546/570/430 545/597/443 560/607/450 561/609/452
f 539/574/432 538/599/444 553/608/451 554/610/453
f 547/571/431 546/570/430 561/609/452 562/611/454
f 540/575/433 539/574/432 554/610/453 555/612/455
f 548/577/434 547/571/431 562/611/454 563/613/456
f 541/579/435 540/575/433 555/612/455 556/614/457
f 549/581/436 548/577/434 563/613/456 564/615/458
f 542/583/437 541/579/435 556/614/457 557/616/459
f 550/585/438 549/581/436 564/615/458 565/600/445
f 543/587/439 542/583/437 557/616/459 558/602/447
f 555/612/455 554/610/453 569/617/460 570/618/461
f 563/613/456 562/611/454 577/619/462 578/620/463
f 556/614/457 555/612/455 570/618/461 571/621/464
f 564/615/458 563/613/456 578/620/463 579/622/465
f 557/616/459 556/614/457 571/621/464 572/623/466
f 565/600/445 564/615/458 579/622/465 580/624/467
f 558/602/447 557/616/459 572/623/466 573/625/468
f 566/601/446 565/600/445 580/624/467 581/626/469
f 559/603/448 558/602/447 573/625/468 574/627/470
f 552/605/449 250/628/83 567/629/471
f 476/630/84 566/601/446 581/626/469
f 560/607/450 559/603/448 574/627/470 575/631/472
f 553/608/451 552/605/449 567/629/471 568/632/473
f 561/609/452 560/607/450 575/631/472 576/633/474
f 554/610/453 553/608/451 568/632/473 569/617/460
f 562/611/454 561/609/452 576/633/474 577/619/462
f 574/627/470 573/625/468 588/634/475 589/635/476
f 567/629/471 250/636/83 582/637/477
f 476/638/84 581/626/469 596/639/478
f 575/631/472 574/627/470 589/635/476 590/640/479
f 568/632/473 567/629/471 582/637/477 583/641/480
f 576/633/474 575/631/472 590/640/479 591/642/481
f 569/617/460 568/632/473 583/641/480 584/643/482
f 577/619/462 576/633/474 591/642/481 592/644/483
f 570/618/461 569/617/460 584/643/482 585/645/484
f 578/620/463 577/619/462 592/644/483 593/646/485
f 571/621/464 570/618/461 585/645/484 586/647/486
f 579/622/465 578/620/463 593/646/485 594/648/487
f 572/623/466 571/621/464 586/647/486 587/649/488
f 580/624/467 579/622/465 594/648/487 595/650/489
f 573/625/468 572/623/466 587/649/488 588/634/475
f 581/626/469 580/624/467 595/650/489 596/639/478
f 593/646/485 592/644/483 607/651/490 608/652/491
f 586/647/486 585/645/484 600/653/492 601/654/493
f 594/648/487 593/646/485 608/652/491 609/655/494
f 587/649/488 586/647/486 601/654/493 602/656/495
f 595/650/489 594/648/487 609/655/494 610/657/496
f 588/634/475 587/649/488 602/656/495 603/658/497
f 596/639/478 595/650/489 610/657/496 611/659/498
f 589/635/476 588/634/475 603/658/497 604/660/499
f 582/637/477 250/661/83 597/662/500
f 476/663/84 596/639/478 611/659/498
f 590/640/479 589/635/476 604/660/499 605/664/501
f 583/641/480 582/637/477 597/662/500 598/665/502
f 591/642/481 590/640/479 605/664/501 606/666/503
f 584/643/482 583/641/480 598/665/502 599/667/504
f 592/644/483 591/642/481 606/666/503 607/651/490
f 585/645/484 584/643/482 599/667/504 600/653/492
f 476/668/84 611/659/498 626/669/505
f 605/664/501 604/660/499 619/670/506 620/671/507
f 598/665/502 597/662/500 612/672/508 613/673/509
f 606/666/503 605/664/501 620/671/507 621/674/510
f 599/667/504 598/665/502 613/673/509 614/675/511
f 607/651/490 606/666/503 621/674/510 622/676/512
f 600/653/492 599/667/504 614/675/511 615/677/513
f 608/652/491 607/651/490 622/676/512 623/678/514
f 601/654/493 600/653/492 615/677/513 616/679/515
f 609/655/494 608/652/491 623/678/514 624/680/516
f 602/656/495 601/654/493 616/679/515 617/681/517
f 610/657/496 609/655/494 624/680/516 625/682/518
f 603/658/497 602/656/495 617/681/517 618/683/519
f 611/659/498 610/657/496 625/682/518 626/669/505
f 604/660/499 603/658/497 618/683/519 619/670/506
f 597/662/500 250/684/83 612/672/508
f 624/680/516 623/678/514 638/685/520 639/686/521
f 617/681/517 616/679/515 631/687/522 632/688/523
f 625/682/518 624/680/516 639/686/521 640/689/524
f 618/683/519 617/681/517 632/688/523 633/690/525
f 626/669/505 625/682/518 640/689/524 641/691/526
f 619/670/506 618/683/519 633/690/525 634/692/527
f 612/672/508 250/693/83 627/694/528
f 476/695/84 626/669/505 641/691/526
f 620/671/507 619/670/506 634/692/527 635/696/529
f 613/673/509 612/672/508 627/694/528 628/697/530
f 621/674/510 620/671/507 635/696/529 636/698/531
f 614/675/511 613/673/509 628/697/530 629/699/532
f 622/676/512 621/674/510 636/698/531 637/700/533
f 615/677/513 614/675/511 629/699/532 630/701/534
f 623/678/514 622/676/512 637/700/533 638/685/520
f 616/679/515 615/677/513 630/701/534 631/687/522
f 628/697/530 627/694/528 642/150/58 643/149/57
f 636/698/531 635/696/529 173/145/53 646/153/61
f 629/699/532 628/697/530 643/149/57 169/155/63
f 637/700/533 636/698/531 646/153/61 174/157/65
f 630/701/534 629/699/532 169/155/63 644/159/67
f 638/685/520 637/700/533 174/157/65 647/161/69
f 631/687/522 630/701/534 644/159/67 170/163/71
f 639/686/521 638/685/520 647/161/69 648/165/73
f 632/688/523 631/687/522 170/163/71 645/167/75
f 640/689/524 639/686/521 648/165/73 649/169/77
f 633/690/525 632/688/523 645/167/75 171/171/79
f 641/691/526 640/689/524 649/169/77 650/173/81
f 634/692/527 633/690/525 171/171/79 172/146/54
f 627/694/528 250/702/83 642/150/58
f 476/703/84 641/691/526 650/173/81
f 635/696/529 634/692/527 172/146/54 173/145/53
o kula_gluggar_adal_hlid
v 0.116057 5.150284 2.084280
v 0.115562 5.657116 2.396890
v 0.367522 5.161342 2.066751
v 0.367026 5.668174 2.379360
v -0.346242 3.523606 1.527154
v -0.344518 4.118721 1.548098
v -0.094776 3.523606 1.506450
v -0.093052 4.118721 1.527394
v 0.107129 3.523609 1.587642
v 0.108853 4.118724 1.608586
v 0.358595 3.523609 1.566938
v 0.360319 4.118724 1.587882
v 0.110035 4.353204 1.735183
v 0.111760 4.932865 1.871539
v 0.361501 4.357233 1.714874
v 0.363226 4.936894 1.851230
v -0.314087 4.347479 1.692736
v -0.312363 4.927141 1.829092
v -0.062621 4.351508 1.672428
v -0.060897 4.931170 1.808784
v -0.308173 5.143183 2.056988
v -0.308669 5.650015 2.369597
v -0.056709 5.154241 2.039458
v -0.057204 5.661073 2.352068
vn -0.0821 0.5231 -0.8483
vn -0.0820 0.0353 -0.9960
vn -0.0820 0.2284 -0.9701
vt 0.000000 0.000000
vt 1.000000 0.000000
vt 1.000000 1.000000
vt 0.000000 1.000000
s 0
usemtl Material.045
f 651/704/535 652/705/535 654/706/535 653/707/535
usemtl Material.050
f 655/704/536 656/705/536 658/706/536 657/707/536
usemtl Material.049
f 659/704/536 660/705/536 662/706/536 661/707/536
usemtl Material.047
f 663/704/537 664/705/537 666/706/537 665/707/537
usemtl Material.048
f 667/704/537 668/705/537 670/706/537 669/707/537
usemtl Material.046
f 671/704/535 672/705/535 674/706/535 673/707/535
o kula_v_hlid_gluggar
v 3.775041 3.696341 5.062529
v 3.667245 4.281954 5.068997
v 3.851843 3.707827 5.302598
v 3.744047 4.293439 5.309066
v 3.819331 3.702967 5.517721
v 3.711535 4.288579 5.524189
v 3.896132 3.714453 5.757790
v 3.788337 4.300065 5.764258
v 3.557318 4.508926 5.568292
v 3.324174 5.056837 5.574760
v 3.629755 4.536915 5.808362
v 3.396611 5.084826 5.814829
v 3.500820 4.518809 5.144169
v 3.267676 5.066720 5.150637
v 3.573257 4.546798 5.384239
v 3.340113 5.094708 5.390707
v 3.108955 5.276911 5.617419
v 2.750045 5.752038 5.623887
v 3.172456 5.321611 5.857489
v 2.813545 5.796738 5.863956
v 3.051746 5.272815 5.193296
v 2.692835 5.747941 5.199764
v 3.115246 5.317515 5.433365
v 2.756336 5.792642 5.439833
vn 0.9352 0.1755 -0.3076
vn 0.8742 0.3756 -0.3076
vn 0.7572 0.5762 -0.3076
vt 0.000000 0.000000
vt 1.000000 0.000000
vt 1.000000 1.000000
vt 0.000000 1.000000
s 0
usemtl Material.040
f 675/708/538 676/709/538 678/710/538 677/711/538
usemtl Material.039
f 679/708/538 680/709/538 682/710/538 681/711/538
usemtl Material.041
f 683/708/539 684/709/539 686/710/539 685/711/539
usemtl Material.042
f 687/708/539 688/709/539 690/710/539 689/711/539
usemtl Material.043
f 691/708/540 692/709/540 694/710/540 693/711/540
usemtl Material.044
f 695/708/540 696/709/540 698/710/540 697/711/540
o kula_h_hlid_gluggar
v -3.265788 5.302116 5.517615
v -2.946470 5.804748 5.518356
v -3.258112 5.297612 5.265455
v -2.938793 5.800243 5.266197
v -3.832244 3.758083 5.505831
v -3.774305 4.350744 5.506572
v -3.823361 3.757530 5.253671
v -3.765422 4.350191 5.254412
v -3.777591 3.751053 5.062669
v -3.719651 4.343714 5.063410
v -3.768707 3.750500 4.810509
v -3.710768 4.343161 4.811250
v -3.687263 4.542284 5.084245
v -3.394814 5.061011 5.084986
v -3.679360 4.538189 4.832085
v -3.386911 5.056916 4.832827
v -3.709436 4.569817 5.499689
v -3.416987 5.088543 5.500431
v -3.701533 4.565722 5.247529
v -3.409084 5.084448 5.248271
v -3.253549 5.265118 5.102170
v -2.934230 5.767750 5.102911
v -3.245872 5.260613 4.850010
v -2.926554 5.763245 4.850751
vn -0.8435 0.5359 -0.0353
vn -0.9946 0.0973 -0.0353
vn -0.8705 0.4908 -0.0353
vt 0.000000 0.000000
vt 1.000000 0.000000
vt 1.000000 1.000000
vt 0.000000 1.000000
s 0
usemtl Material
f 699/712/541 700/713/541 702/714/541 701/715/541
usemtl Material.032
f 703/712/542 704/713/542 706/714/542 705/715/542
usemtl Material.031
f 707/712/542 708/713/542 710/714/542 709/715/542
usemtl Material.029
f 711/712/543 712/713/543 714/714/543 713/715/543
usemtl Material.028
f 715/712/543 716/713/543 718/714/543 717/715/543
usemtl Material.030
f 719/712/541 720/713/541 722/714/541 721/715/541
o kula_gluggar_aftari_hlid
v 0.627165 3.487611 9.183571
v 0.642031 4.073712 9.079322
v 0.375157 3.491920 9.171861
v 0.390023 4.078021 9.067612
v 0.191361 3.505630 9.184741
v 0.192875 4.090629 9.073484
v -0.060745 3.504340 9.174524
v -0.059231 4.089338 9.063268
v 0.215000 4.261899 8.981603
v 0.216514 4.841390 8.844520
v -0.037107 4.260157 8.971453
v -0.035593 4.839648 8.834370
v 0.629925 4.263091 8.954843
v 0.631439 4.842582 8.817760
v 0.377818 4.261349 8.944694
v 0.379333 4.840840 8.807611
v 0.234842 4.998424 8.727932
v 0.236356 5.516462 8.434268
v -0.017264 4.993913 8.718674
v -0.015750 5.511950 8.425011
v 0.649768 5.024717 8.712857
v 0.651282 5.542755 8.419193
v 0.397661 5.020206 8.703599
v 0.399176 5.538244 8.409936
vn -0.0427 0.1760 0.9835
vn -0.0407 0.1868 0.9816
vn -0.0407 0.2301 0.9723
vn -0.0407 0.4928 0.8692
vt 0.000000 0.000000
vt 1.000000 0.000000
vt 1.000000 1.000000
vt 0.000000 1.000000
s 0
usemtl Material.037
f 723/716/544 724/717/544 726/718/544 725/719/544
usemtl Material.038
f 727/716/545 728/717/545 730/718/545 729/719/545
usemtl Material.035
f 731/716/546 732/717/546 734/718/546 733/719/546
usemtl Material.036
f 735/716/546 736/717/546 738/718/546 737/719/546
usemtl Material.034
f 739/716/547 740/717/547 742/718/547 741/719/547
usemtl Material.033
f 743/716/547 744/717/547 746/718/547 745/719/547
o hurd_v_megin
v 3.973296 0.567052 10.507884
v 3.973296 2.376913 10.507884
v 3.973296 0.567052 9.644748
v 3.973296 2.376913 9.644748
v 4.114088 0.567052 10.507884
v 4.114088 2.376913 10.507884
v 4.114088 0.567052 9.644748
v 4.114088 2.376913 9.644748
vn -1.0000 -0.0000 -0.0000
vn -0.0000 -0.0000 -1.0000
vn 1.0000 -0.0000 -0.0000
vn -0.0000 -0.0000 1.0000
vn -0.0000 -1.0000 -0.0000
vn -0.0000 1.0000 -0.0000
vt 0.375000 0.000000
vt 0.625000 0.000000
vt 0.625000 0.250000
vt 0.375000 0.250000
vt 0.625000 0.500000
vt 0.375000 0.500000
vt 0.625000 0.750000
vt 0.375000 0.750000
vt 0.625000 1.000000
vt 0.375000 1.000000
vt 0.125000 0.500000
vt 0.125000 0.750000
vt 0.875000 0.500000
vt 0.875000 0.750000
s 0
usemtl Material.061
f 747/720/548 748/721/548 750/722/548 749/723/548
f 749/723/549 750/722/549 754/724/549 753/725/549
f 753/725/550 754/724/550 752/726/550 751/727/550
f 751/727/551 752/726/551 748/728/551 747/729/551
f 749/730/552 753/725/552 751/727/552 747/731/552
f 754/724/553 750/732/553 748/733/553 752/726/553
o Cube.009
v 4.093640 -0.016861 9.574154
v 4.093640 0.650053 9.574154
v 4.093640 -0.016861 9.467422
v 4.093640 0.650053 9.467422
v 5.366991 -0.016861 9.574154
v 5.366991 0.650053 9.574154
v 5.366991 -0.016861 9.467422
v 5.366991 0.650053 9.467422
vn -1.0000 -0.0000 -0.0000
vn -0.0000 -0.0000 -1.0000
vn 1.0000 -0.0000 -0.0000
vn -0.0000 -0.0000 1.0000
vn -0.0000 -1.0000 -0.0000
vn -0.0000 1.0000 -0.0000
vt 0.375000 0.000000
vt 0.625000 0.000000
vt 0.625000 0.250000
vt 0.375000 0.250000
vt 0.625000 0.500000
vt 0.375000 0.500000
vt 0.625000 0.750000
vt 0.375000 0.750000
vt 0.625000 1.000000
vt 0.375000 1.000000
vt 0.125000 0.500000
vt 0.125000 0.750000
vt 0.875000 0.500000
vt 0.875000 0.750000
s 0
usemtl Material.014
f 755/734/554 756/735/554 758/736/554 757/737/554
f 757/737/555 758/736/555 762/738/555 761/739/555
f 761/739/556 762/738/556 760/740/556 759/741/556
f 759/741/557 760/740/557 756/742/557 755/743/557
f 757/744/558 761/739/558 759/741/558 755/745/558
f 762/738/559 758/746/559 756/747/559 760/740/559
o hlid_v_minus_90_adal
v 3.740030 1.134178 4.151040
v 3.740030 1.865822 4.151040
v 3.740030 1.134178 3.751040
v 3.740030 1.865822 3.751040
v 4.140030 1.134178 4.151040
v 4.140030 1.865822 4.151040
v 4.140030 1.134178 3.751040
v 4.140030 1.865822 3.751040
v 3.843889 1.134178 5.551626
v 3.843889 1.865822 5.551626
v 3.843889 1.134178 5.151627
v 3.843889 1.865822 5.151627
v 4.136171 1.134178 5.551626
v 4.136171 1.865822 5.551626
v 4.136171 1.134178 5.151627
v 4.136171 1.865822 5.151627
v 3.728928 1.134178 4.867546
v 3.728928 1.865822 4.867546
v 3.728928 1.134178 4.467546
v 3.728928 1.865822 4.467546
v 4.128928 1.134178 4.867546
v 4.128928 1.865822 4.867546
v 4.128928 1.134178 4.467546
v 4.128928 1.865822 4.467546
v 4.008784 1.304708 6.914277
v 4.008784 1.889238 6.914277
v 4.008784 1.304708 6.514277
v 4.008784 1.889238 6.514277
v 4.128339 1.304708 6.914277
v 4.128339 1.889238 6.914277
v 4.128339 1.304708 6.514277
v 4.128339 1.889238 6.514277
v 3.992763 1.312491 7.539871
v 3.992763 1.897021 7.539871
v 3.992763 1.312491 7.139871
v 3.992763 1.897021 7.139871
v 4.120850 1.312491 7.539871
v 4.120850 1.897021 7.539871
v 4.120850 1.312491 7.139871
v 4.120850 1.897021 7.139871
vn -1.0000 -0.0000 -0.0000
vn -0.0000 -0.0000 -1.0000
vn 1.0000 -0.0000 -0.0000
vn -0.0000 -0.0000 1.0000
vn -0.0000 -1.0000 -0.0000
vn -0.0000 1.0000 -0.0000
vt 0.375000 0.000000
vt 0.625000 0.000000
vt 0.625000 0.250000
vt 0.375000 0.250000
vt 0.625000 0.500000
vt 0.375000 0.500000
vt 0.625000 0.750000
vt 0.375000 0.750000
vt 0.625000 1.000000
vt 0.375000 1.000000
vt 0.125000 0.500000
vt 0.125000 0.750000
vt 0.875000 0.500000
vt 0.875000 0.750000
s 0
usemtl Material.024
f 763/748/560 764/749/560 766/750/560 765/751/560
f 765/751/561 766/750/561 770/752/561 769/753/561
f 769/753/562 770/752/562 768/754/562 767/755/562
f 767/755/563 768/754/563 764/756/563 763/757/563
f 765/758/564 769/753/564 767/755/564 763/759/564
f 770/752/565 766/760/565 764/761/565 768/754/565
f 771/748/560 772/749/560 774/750/560 773/751/560
f 773/751/561 774/750/561 778/752/561 777/753/561
f 777/753/562 778/752/562 776/754/562 775/755/562
f 775/755/563 776/754/563 772/756/563 771/757/563
f 773/758/564 777/753/564 775/755/564 771/759/564
f 778/752/565 774/760/565 772/761/565 776/754/565
f 779/748/560 780/749/560 782/750/560 781/751/560
f 781/751/561 782/750/561 786/752/561 785/753/561
f 785/753/562 786/752/562 784/754/562 783/755/562
f 783/755/563 784/754/563 780/756/563 779/757/563
f 781/758/564 785/753/564 783/755/564 779/759/564
f 786/752/565 782/760/565 780/761/565 784/754/565
f 787/748/560 788/749/560 790/750/560 789/751/560
f 789/751/561 790/750/561 794/752/561 793/753/561
f 793/753/562 794/752/562 792/754/562 791/755/562
f 791/755/563 792/754/563 788/756/563 787/757/563
f 789/758/564 793/753/564 791/755/564 787/759/564
f 794/752/565 790/760/565 788/761/565 792/754/565
f 795/748/560 796/749/560 798/750/560 797/751/560
f 797/751/561 798/750/561 802/752/561 801/753/561
f 801/753/562 802/752/562 800/754/562 799/755/562
f 799/755/563 800/754/563 796/756/563 795/757/563
f 797/758/564 801/753/564 799/755/564 795/759/564
f 802/752/565 798/760/565 796/761/565 800/754/565
o Cube.013
v 15.337899 1.055855 15.966616
v 15.339278 1.496666 15.955479
v 14.967739 1.053184 15.815042
v 14.969117 1.493994 15.803906
v 15.383185 1.052921 15.856072
v 15.384563 1.493731 15.844936
v 15.013024 1.050250 15.704500
v 15.014403 1.491060 15.693363
vn -0.3790 0.0246 0.9251
vn -0.9254 -0.0067 -0.3789
vn 0.3790 -0.0246 -0.9251
vn 0.9254 0.0067 0.3789
vn -0.0031 -0.9997 0.0253
vn 0.0031 0.9997 -0.0253
vt 0.375000 0.000000
vt 0.625000 0.000000
vt 0.625000 0.250000
vt 0.375000 0.250000
vt 0.625000 0.500000
vt 0.375000 0.500000
vt 0.625000 0.750000
vt 0.375000 0.750000
vt 0.625000 1.000000
vt 0.375000 1.000000
vt 0.125000 0.500000
vt 0.125000 0.750000
vt 0.875000 0.500000
vt 0.875000 0.750000
s 0
usemtl Material.024
f 803/762/566 804/763/566 806/764/566 805/765/566
f 805/765/567 806/764/567 810/766/567 809/767/567
f 809/767/568 810/766/568 808/768/568 807/769/568
f 807/769/569 808/768/569 804/770/569 803/771/569
f 805/772/570 809/767/570 807/769/570 803/773/570
f 810/766/571 806/774/571 804/775/571 808/768/571
o hlid_h_gluggar
v -4.113368 1.825825 2.906887
v -4.113368 2.410355 2.906887
v -4.113368 1.825825 2.506887
v -4.113368 2.410355 2.506887
v -3.993813 1.825825 2.906887
v -3.993813 2.410355 2.906887
v -3.993813 1.825825 2.506887
v -3.993813 2.410355 2.506887
v -4.133590 1.764686 8.099951
v -4.133590 2.364686 8.099951
v -4.133590 1.764686 7.499951
v -4.133590 2.364686 7.499951
v -3.933589 1.764686 8.099951
v -3.933589 2.364686 8.099951
v -3.933589 1.764686 7.499951
v -3.933589 2.364686 7.499951
v -4.133590 1.771398 7.271305
v -4.133590 2.371398 7.271305
v -4.133590 1.771398 6.671305
v -4.133590 2.371398 6.671305
v -3.933589 1.771398 7.271305
v -3.933589 2.371398 7.271305
v -3.933589 1.771398 6.671305
v -3.933589 2.371398 6.671305
v -4.133590 1.777259 6.456892
v -4.133590 2.377259 6.456892
v -4.133590 1.777259 5.856893
v -4.133590 2.377259 5.856893
v -3.933589 1.777259 6.456892
v -3.933589 2.377259 6.456892
v -3.933589 1.777259 5.856893
v -3.933589 2.377259 5.856893
v -4.117634 1.833608 3.532481
v -4.117634 2.418138 3.532481
v -4.117634 1.833608 3.132481
v -4.117634 2.418138 3.132481
v -3.989547 1.833608 3.532481
v -3.989547 2.418138 3.532481
v -3.989547 1.833608 3.132481
v -3.989547 2.418138 3.132481
vn -1.0000 -0.0000 -0.0000
vn -0.0000 -0.0000 -1.0000
vn 1.0000 -0.0000 -0.0000
vn -0.0000 -0.0000 1.0000
vn -0.0000 -1.0000 -0.0000
vn -0.0000 1.0000 -0.0000
vt 0.375000 0.000000
vt 0.625000 0.000000
vt 0.625000 0.250000
vt 0.375000 0.250000
vt 0.625000 0.500000
vt 0.375000 0.500000
vt 0.625000 0.750000
vt 0.375000 0.750000
vt 0.625000 1.000000
vt 0.375000 1.000000
vt 0.125000 0.500000
vt 0.125000 0.750000
vt 0.875000 0.500000
vt 0.875000 0.750000
s 0
usemtl Material.024
f 811/776/572 812/777/572 814/778/572 813/779/572
f 813/779/573 814/778/573 818/780/573 817/781/573
f 817/781/574 818/780/574 816/782/574 815/783/574
f 815/783/575 816/782/575 812/784/575 811/785/575
f 813/786/576 817/781/576 815/783/576 811/787/576
f 818/780/577 814/788/577 812/789/577 816/782/577
f 843/776/572 844/777/572 846/778/572 845/779/572
f 845/779/573 846/778/573 850/780/573 849/781/573
f 849/781/574 850/780/574 848/782/574 847/783/574
f 847/783/575 848/782/575 844/784/575 843/785/575
f 845/786/576 849/781/576 847/783/576 843/787/576
f 850/780/577 846/788/577 844/789/577 848/782/577
usemtl Material.018
f 819/776/572 820/777/572 822/778/572 821/779/572
f 821/779/573 822/778/573 826/780/573 825/781/573
f 825/781/574 826/780/574 824/782/574 823/783/574
f 823/783/575 824/782/575 820/784/575 819/785/575
f 821/786/576 825/781/576 823/783/576 819/787/576
f 826/780/577 822/788/577 820/789/577 824/782/577
usemtl Material.019
f 827/776/572 828/777/572 830/778/572 829/779/572
f 829/779/573 830/778/573 834/780/573 833/781/573
f 833/781/574 834/780/574 832/782/574 831/783/574
f 831/783/575 832/782/575 828/784/575 827/785/575
f 829/786/576 833/781/576 831/783/576 827/787/576
f 834/780/577 830/788/577 828/789/577 832/782/577
usemtl Material.017
f 835/776/572 836/777/572 838/778/572 837/779/572
f 837/779/573 838/778/573 842/780/573 841/781/573
f 841/781/574 842/780/574 840/782/574 839/783/574
f 839/783/575 840/782/575 836/784/575 835/785/575
f 837/786/576 841/781/576 839/783/576 835/787/576
f 842/780/577 838/788/577 836/789/577 840/782/577
o Plane.032
v -4.752517 0.000000 4.462770
v -4.089740 0.000000 4.462770
v -4.752517 0.000000 2.666030
v -4.089740 0.000000 2.666030
vn -0.0000 1.0000 -0.0000
vt 0.000000 0.000000
vt 1.000000 0.000000
vt 1.000000 1.000000
vt 0.000000 1.000000
s 0
usemtl Material.054
f 851/790/578 852/791/578 854/792/578 853/793/578
o hurdar_komar_her
v -4.017393 -0.010061 10.669404
v -4.017393 2.711388 10.669404
v -4.017393 -0.010061 9.531671
v -4.017393 2.711388 9.531671
v 4.050541 -0.010061 10.669404
v 4.050541 2.711388 10.669404
v 4.050541 -0.010061 9.531671
v 4.050541 2.711388 9.531671
vn -1.0000 -0.0000 -0.0000
vn -0.0000 -0.0000 -1.0000
vn 1.0000 -0.0000 -0.0000
vn -0.0000 -0.0000 1.0000
vn -0.0000 -1.0000 -0.0000
vn -0.0000 1.0000 -0.0000
vt 0.375000 0.000000
vt 0.625000 0.000000
vt 0.625000 0.250000
vt 0.375000 0.250000
vt 0.625000 0.500000
vt 0.375000 0.500000
vt 0.625000 0.750000
vt 0.375000 0.750000
vt 0.625000 1.000000
vt 0.375000 1.000000
vt 0.125000 0.500000
vt 0.125000 0.750000
vt 0.875000 0.500000
vt 0.875000 0.750000
s 0
usemtl Material.060
f 855/794/579 856/795/579 858/796/579 857/797/579
f 857/797/580 858/796/580 862/798/580 861/799/580
f 861/799/581 862/798/581 860/800/581 859/801/581
f 859/801/582 860/800/582 856/802/582 855/803/582
f 857/804/583 861/799/583 859/801/583 855/805/583
f 862/798/584 858/806/584 856/807/584 860/800/584
o stigi_v_megin
v 4.902430 -0.007794 11.508479
v 4.902430 0.153835 11.508479
v 4.902430 -0.007794 9.528769
v 4.902430 0.153835 9.528769
v 5.075305 -0.007794 11.508479
v 5.075305 0.153835 11.508479
v 5.075305 -0.007794 9.528769
v 5.075305 0.153835 9.528769
v 4.067897 -0.014390 11.435333
v 4.067897 0.514390 11.435333
v 4.067897 -0.014390 9.547322
v 4.067897 0.514390 9.547322
v 4.718475 -0.014390 11.435333
v 4.718475 0.514390 11.435333
v 4.718475 -0.014390 9.547322
v 4.718475 0.514390 9.547322
v 4.709007 0.032031 11.207275
v 4.709007 0.312032 11.207275
v 4.709007 0.032031 9.537892
v 4.709007 0.312032 9.537892
v 4.881881 0.032031 11.207275
v 4.881881 0.312032 11.207275
v 4.881881 0.032031 9.537892
v 4.881881 0.312032 9.537892
v -5.189008 -0.001864 9.557472
v -5.189008 0.159764 9.557472
v -5.008628 -0.001864 12.177578
v -5.008628 0.159764 12.177578
v -5.362229 -0.001864 9.569398
v -5.362229 0.159764 9.569398
v -5.181849 -0.001864 12.189503
v -5.181849 0.159764 12.189503
v -4.300679 -0.001687 9.460071
v -4.300679 0.527093 9.460071
v -4.143656 -0.001687 11.740909
v -4.143656 0.527093 11.740909
v -4.951929 -0.001687 9.504906
v -4.951929 0.527093 9.504906
v -4.794906 -0.001687 11.785744
v -4.794906 0.527093 11.785744
v -4.979023 0.038741 9.515326
v -4.979023 0.324985 9.515326
v -4.817260 0.038741 11.865001
v -4.817260 0.324985 11.865001
v -5.156126 0.038741 9.527519
v -5.156126 0.324985 9.527519
v -4.994365 0.038741 11.877193
v -4.994365 0.324985 11.877193
vn -1.0000 -0.0000 -0.0000
vn -0.0000 -0.0000 -1.0000
vn 1.0000 -0.0000 -0.0000
vn -0.0000 -0.0000 1.0000
vn -0.0000 -1.0000 -0.0000
vn -0.0000 1.0000 -0.0000
vn 0.9976 -0.0000 -0.0687
vn 0.0687 -0.0000 0.9976
vn -0.9976 -0.0000 0.0687
vn -0.0687 -0.0000 -0.9976
vt 0.375000 0.000000
vt 0.625000 0.000000
vt 0.625000 0.250000
vt 0.375000 0.250000
vt 0.625000 0.500000
vt 0.375000 0.500000
vt 0.625000 0.750000
vt 0.375000 0.750000
vt 0.625000 1.000000
vt 0.375000 1.000000
vt 0.125000 0.500000
vt 0.125000 0.750000
vt 0.875000 0.500000
vt 0.875000 0.750000
s 0
usemtl Material.062
f 863/808/585 864/809/585 866/810/585 865/811/585
f 865/811/586 866/810/586 870/812/586 869/813/586
f 869/813/587 870/812/587 868/814/587 867/815/587
f 867/815/588 868/814/588 864/816/588 863/817/588
f 865/818/589 869/813/589 867/815/589 863/819/589
f 870/812/590 866/820/590 864/821/590 868/814/590
f 871/808/585 872/809/585 874/810/585 873/811/585
f 873/811/586 874/810/586 878/812/586 877/813/586
f 877/813/587 878/812/587 876/814/587 875/815/587
f 875/815/588 876/814/588 872/816/588 871/817/588
f 873/818/589 877/813/589 875/815/589 871/819/589
f 878/812/590 874/820/590 872/821/590 876/814/590
f 879/808/585 880/809/585 882/810/585 881/811/585
f 881/811/586 882/810/586 886/812/586 885/813/586
f 885/813/587 886/812/587 884/814/587 883/815/587
f 883/815/588 884/814/588 880/816/588 879/817/588
f 881/818/589 885/813/589 883/815/589 879/819/589
f 886/812/590 882/820/590 880/821/590 884/814/590
usemtl Material.058
f 887/808/591 888/809/591 890/810/591 889/811/591
f 889/811/592 890/810/592 894/812/592 893/813/592
f 893/813/593 894/812/593 892/814/593 891/815/593
f 891/815/594 892/814/594 888/816/594 887/817/594
f 889/818/589 893/813/589 891/815/589 887/819/589
f 894/812/590 890/820/590 888/821/590 892/814/590
f 895/808/591 896/809/591 898/810/591 897/811/591
f 897/811/592 898/810/592 902/812/592 901/813/592
f 901/813/593 902/812/593 900/814/593 899/815/593
f 899/815/594 900/814/594 896/816/594 895/817/594
f 897/818/589 901/813/589 899/815/589 895/819/589
f 902/812/590 898/820/590 896/821/590 900/814/590
f 903/808/591 904/809/591 906/810/591 905/811/591
f 905/811/592 906/810/592 910/812/592 909/813/592
f 909/813/593 910/812/593 908/814/593 907/815/593
f 907/815/594 908/814/594 904/816/594 903/817/594
f 905/818/589 909/813/589 907/815/589 903/819/589
f 910/812/590 906/820/590 904/821/590 908/814/590
o hurdÖh_megin.023
v -4.116315 0.655211 9.669309
v -4.116315 2.388705 9.669309
v -4.057033 0.655211 10.530406
v -4.057033 2.388705 10.530406
v -4.256774 0.655211 9.678979
v -4.256774 2.388705 9.678979
v -4.197493 0.655211 10.540076
v -4.197493 2.388705 10.540076
vn 0.9976 -0.0000 -0.0687
vn 0.0687 -0.0000 0.9976
vn -0.9976 -0.0000 0.0687
vn -0.0687 -0.0000 -0.9976
vn -0.0000 -1.0000 -0.0000
vn -0.0000 1.0000 -0.0000
vt 0.375000 0.000000
vt 0.625000 0.000000
vt 0.625000 0.250000
vt 0.375000 0.250000
vt 0.625000 0.500000
vt 0.375000 0.500000
vt 0.625000 0.750000
vt 0.375000 0.750000
vt 0.625000 1.000000
vt 0.375000 1.000000
vt 0.125000 0.500000
vt 0.125000 0.750000
vt 0.875000 0.500000
vt 0.875000 0.750000
s 0
usemtl Material.059
f 911/822/595 912/823/595 914/824/595 913/825/595
f 913/825/596 914/824/596 918/826/596 917/827/596
f 917/827/597 918/826/597 916/828/597 915/829/597
f 915/829/598 916/828/598 912/830/598 911/831/598
f 913/832/599 917/827/599 915/829/599 911/833/599
f 918/826/600 914/834/600 912/835/600 916/828/600
o Cube.024
v -4.016661 -0.007364 9.392373
v -4.016661 0.659550 9.392373
v -4.009326 -0.007364 9.498907
v -4.009326 0.659550 9.498907
v -5.418638 -0.007364 9.488892
v -5.418638 0.659550 9.488892
v -5.411304 -0.007364 9.595426
v -5.411304 0.659550 9.595426
vn 0.9976 -0.0000 -0.0687
vn 0.0687 -0.0000 0.9976
vn -0.9976 -0.0000 0.0687
vn -0.0687 -0.0000 -0.9976
vn -0.0000 -1.0000 -0.0000
vn -0.0000 1.0000 -0.0000
vt 0.375000 0.000000
vt 0.625000 0.000000
vt 0.625000 0.250000
vt 0.375000 0.250000
vt 0.625000 0.500000
vt 0.375000 0.500000
vt 0.625000 0.750000
vt 0.375000 0.750000
vt 0.625000 1.000000
vt 0.375000 1.000000
vt 0.125000 0.500000
vt 0.125000 0.750000
vt 0.875000 0.500000
vt 0.875000 0.750000
s 0
usemtl Material.057
f 919/836/601 920/837/601 922/838/601 921/839/601
f 921/839/602 922/838/602 926/840/602 925/841/602
f 925/841/603 926/840/603 924/842/603 923/843/603
f 923/843/604 924/842/604 920/844/604 919/845/604
f 921/846/605 925/841/605 923/843/605 919/847/605
f 926/840/606 922/848/606 920/849/606 924/842/606
o Cube.028
v -7.665138 0.642074 12.855407
v -7.665138 1.042074 12.855407
v -7.719456 0.642074 12.662924
v -7.719456 1.042074 12.662924
v -7.280173 0.642074 12.746771
v -7.280173 1.042074 12.746771
v -7.334491 0.642074 12.554288
v -7.334491 1.042074 12.554288
vn -0.9624 -0.0000 0.2716
vn -0.2716 -0.0000 -0.9624
vn 0.9624 -0.0000 -0.2716
vn 0.2716 -0.0000 0.9624
vn -0.0000 -1.0000 -0.0000
vn -0.0000 1.0000 -0.0000
vt 0.375000 0.000000
vt 0.625000 0.000000
vt 0.625000 0.250000
vt 0.375000 0.250000
vt 0.625000 0.500000
vt 0.375000 0.500000
vt 0.625000 0.750000
vt 0.375000 0.750000
vt 0.625000 1.000000
vt 0.375000 1.000000
vt 0.125000 0.500000
vt 0.125000 0.750000
vt 0.875000 0.500000
vt 0.875000 0.750000
s 0
f 927/850/607 928/851/607 930/852/607 929/853/607
f 929/853/608 930/852/608 934/854/608 933/855/608
f 933/855/609 934/854/609 932/856/609 931/857/609
f 931/857/610 932/856/610 928/858/610 927/859/610
f 929/860/611 933/855/611 931/857/611 927/861/611
f 934/854/612 930/862/612 928/863/612 932/856/612
o der_yfir_thaki
v 18.753555 2.543069 16.840225
v 18.822289 2.728843 16.867859
v 17.261448 2.543069 20.551506
v 17.330181 2.728843 20.579140
v 14.444423 4.395078 15.107755
v 14.513156 4.580853 15.135388
v 12.952316 4.395078 18.819038
v 13.021049 4.580853 18.846672
v -18.848207 2.543069 21.732986
v -18.914803 2.728842 21.765438
v -20.600332 2.543067 18.137148
v -20.666929 2.728843 18.169596
v -14.673116 4.395078 19.698614
v -14.739713 4.580853 19.731064
v -16.425241 4.395078 16.102776
v -16.491835 4.580852 16.135223
v -11.077008 2.543069 28.521070
v -11.116324 2.728844 28.583857
v -14.467214 2.543069 26.398216
v -14.506527 2.728843 26.461002
v -8.612184 4.395079 24.584738
v -8.651499 4.580853 24.647524
v -12.002389 4.395078 22.461884
v -12.041703 4.580853 22.524670
v -8.149194 2.543069 29.609125
v -8.174593 2.728843 29.678715
v -11.906761 2.543069 28.237741
v -11.932159 2.728842 28.307333
v -6.556895 4.395078 25.246252
v -6.582293 4.580853 25.315844
v -10.314462 4.395079 23.874868
v -10.339859 4.580852 23.944460
v 4.824757 2.543069 30.702736
v 4.830658 2.728843 30.776579
v 0.837464 2.543069 31.021320
v 0.843364 2.728843 31.095165
v 4.454852 4.395078 26.073132
v 4.460752 4.580853 26.146976
v 0.467559 4.395079 26.391716
v 0.473460 4.580853 26.465561
v 7.774260 2.543069 29.458973
v 7.800264 2.728843 29.528339
v 4.028809 2.543069 30.863110
v 4.054813 2.728843 30.932476
v 6.143930 4.395078 25.110168
v 6.169935 4.580853 25.179535
v 2.398480 4.395078 26.514305
v 2.424484 4.580853 26.583672
v 10.866315 2.543069 27.789991
v 10.899924 2.728844 27.856009
v 7.301662 2.543069 29.604721
v 7.335271 2.728843 29.670738
v 8.759252 4.395078 23.651110
v 8.792861 4.580853 23.717127
v 5.194598 4.395078 25.465839
v 5.228207 4.580853 25.531857
v 13.223528 2.543068 25.314182
v 13.274691 2.728843 25.367756
v 10.330769 2.543069 28.076780
v 10.381931 2.728843 28.130356
v 10.015903 4.395078 21.955431
v 10.067067 4.580853 22.009005
v 7.123145 4.395078 24.718029
v 7.174309 4.580853 24.771603
v -14.107306 2.543069 26.662470
v -14.155712 2.728844 26.718546
v -17.135233 2.543069 24.048725
v -17.183640 2.728844 24.104801
v -11.072514 4.395078 23.146776
v -11.120920 4.580853 23.202852
v -14.100441 4.395078 20.533031
v -14.148849 4.580853 20.589108
v -5.089288 2.543069 30.540556
v -5.110259 2.728844 30.611607
v -8.925657 2.543069 29.408188
v -8.946630 2.728843 29.479237
v -3.774505 4.395079 26.086185
v -3.795476 4.580853 26.157236
v -7.610874 4.395079 24.953817
v -7.631846 4.580853 25.024868
v -1.335517 2.543069 31.050327
v -1.348027 2.728843 31.123343
v -5.278073 2.543069 30.374861
v -5.290584 2.728843 30.447878
v -0.551241 4.395078 26.472666
v -0.563751 4.580853 26.545681
v -4.493797 4.395078 25.797199
v -4.506308 4.580853 25.870216
v 1.030102 2.543069 30.927559
v 1.027318 2.728844 31.001587
v -2.967072 2.543069 30.777227
v -2.969857 2.728844 30.851255
v 1.204653 4.395078 26.286484
v 1.201869 4.580853 26.360512
v -2.792521 4.395078 26.136150
v -2.795305 4.580853 26.210178
v 15.310510 2.543069 23.207619
v 15.362804 2.728844 23.260090
v 12.477352 2.543069 26.031309
v 12.529648 2.728843 26.083778
v 12.031955 4.395079 19.918070
v 12.084250 4.580853 19.970539
v 9.198797 4.395078 22.741758
v 9.251093 4.580853 22.794230
v -16.740726 2.543070 24.452148
v -16.799997 2.728844 24.496586
v -19.140194 2.543069 21.251749
v -19.199465 2.728845 21.296186
v -13.024775 4.395078 21.666151
v -13.084047 4.580853 21.710588
v -15.424243 4.395078 18.465752
v -15.483515 4.580853 18.510189
v 17.601463 2.543070 20.098864
v 17.660452 2.728844 20.143679
v 15.181704 2.543069 23.283951
v 15.240692 2.728844 23.328764
v 13.903294 4.395078 17.289309
v 13.962281 4.580853 17.334122
v 11.483534 4.395079 20.474392
v 11.542523 4.580853 20.519207
vn 0.8618 -0.3704 0.3465
vn -0.3730 -0.0000 0.9278
vn -0.8618 0.3704 -0.3465
vn 0.3730 -0.0000 -0.9278
vn -0.3437 -0.9289 -0.1382
vn 0.3437 0.9289 0.1382
vn -0.8350 -0.3704 0.4069
vn -0.4380 -0.0000 -0.8990
vn 0.8350 0.3704 -0.4069
vn 0.4380 -0.0000 0.8990
vn 0.3330 -0.9289 -0.1622
vn -0.3330 0.9289 0.1622
vn -0.4930 -0.3704 0.7873
vn -0.8476 -0.0000 -0.5307
vn 0.4930 0.3704 -0.7873
vn 0.8476 -0.0000 0.5307
vn 0.1966 -0.9289 -0.3139
vn -0.1966 0.9289 0.3139
vn -0.3185 -0.3704 0.8726
vn -0.9394 -0.0000 -0.3428
vn 0.3185 0.3704 -0.8726
vn 0.9394 -0.0000 0.3428
vn 0.1270 -0.9289 -0.3480
vn -0.1270 0.9289 0.3480
vn 0.0740 -0.3704 0.9259
vn -0.9968 -0.0000 0.0796
vn -0.0740 0.3704 -0.9259
vn 0.9968 -0.0000 -0.0796
vn -0.0295 -0.9289 -0.3692
vn 0.0295 0.9289 0.3692
vn 0.3261 -0.3704 0.8698
vn -0.9364 -0.0000 0.3510
vn -0.3261 0.3704 -0.8698
vn 0.9364 -0.0000 -0.3510
vn -0.1300 -0.9289 -0.3468
vn 0.1300 0.9289 0.3468
vn 0.4214 -0.3704 0.8278
vn -0.8912 -0.0000 0.4537
vn -0.4214 0.3704 -0.8278
vn 0.8912 -0.0000 -0.4537
vn -0.1680 -0.9289 -0.3301
vn 0.1680 0.9289 0.3301
vn 0.6415 -0.3704 0.6718
vn -0.7232 -0.0000 0.6906
vn -0.6415 0.3704 -0.6718
vn 0.7232 -0.0000 -0.6906
vn -0.2558 -0.9289 -0.2679
vn 0.2558 0.9289 0.2679
vn -0.6070 -0.3704 0.7031
vn -0.7570 -0.0000 -0.6534
vn 0.6070 0.3704 -0.7031
vn 0.7570 -0.0000 0.6534
vn 0.2420 -0.9289 -0.2804
vn -0.2420 0.9289 0.2804
vn -0.2630 -0.3704 0.8909
vn -0.9591 -0.0000 -0.2831
vn 0.2630 0.3704 -0.8909
vn 0.9591 -0.0000 0.2831
vn 0.1049 -0.9289 -0.3552
vn -0.1049 0.9289 0.3552
vn -0.1569 -0.3704 0.9155
vn -0.9856 -0.0000 -0.1689
vn 0.1569 0.3704 -0.9155
vn 0.9856 -0.0000 0.1689
vn 0.0625 -0.9289 -0.3651
vn -0.0625 0.9289 0.3651
vn -0.0349 -0.3704 0.9282
vn -0.9993 -0.0000 -0.0376
vn 0.0349 0.3704 -0.9282
vn 0.9993 -0.0000 0.0376
vn 0.0139 -0.9289 -0.3701
vn -0.0139 0.9289 0.3701
vn 0.6557 -0.3704 0.6579
vn -0.7083 -0.0000 0.7059
vn -0.6557 0.3704 -0.6579
vn 0.7083 -0.0000 -0.7059
vn -0.2615 -0.9289 -0.2624
vn 0.2615 0.9289 0.2624
vn -0.7432 -0.3704 0.5572
vn -0.5999 -0.0000 -0.8001
vn 0.7432 0.3704 -0.5572
vn 0.5999 -0.0000 0.8001
vn 0.2964 -0.9289 -0.2222
vn -0.2964 0.9289 0.2222
vn 0.7396 -0.3704 0.5619
vn -0.6049 -0.0000 0.7963
vn -0.7396 0.3704 -0.5619
vn 0.6049 -0.0000 -0.7963
vn -0.2949 -0.9289 -0.2241
vn 0.2949 0.9289 0.2241
vt 0.375000 0.000000
vt 0.625000 0.000000
vt 0.625000 0.250000
vt 0.375000 0.250000
vt 0.625000 0.500000
vt 0.375000 0.500000
vt 0.625000 0.750000
vt 0.375000 0.750000
vt 0.625000 1.000000
vt 0.375000 1.000000
vt 0.125000 0.500000
vt 0.125000 0.750000
vt 0.875000 0.500000
vt 0.875000 0.750000
s 0
usemtl Material.056
f 935/864/613 936/865/613 938/866/613 937/867/613
f 937/867/614 938/866/614 942/868/614 941/869/614
f 941/869/615 942/868/615 940/870/615 939/871/615
f 939/871/616 940/870/616 936/872/616 935/873/616
f 937/874/617 941/869/617 939/871/617 935/875/617
f 942/868/618 938/876/618 936/877/618 940/870/618
f 943/864/619 944/865/619 946/866/619 945/867/619
f 945/867/620 946/866/620 950/868/620 949/869/620
f 949/869/621 950/868/621 948/870/621 947/871/621
f 947/871/622 948/870/622 944/872/622 943/873/622
f 945/874/623 949/869/623 947/871/623 943/875/623
f 950/868/624 946/876/624 944/877/624 948/870/624
f 951/864/625 952/865/625 954/866/625 953/867/625
f 953/867/626 954/866/626 958/868/626 957/869/626
f 957/869/627 958/868/627 956/870/627 955/871/627
f 955/871/628 956/870/628 952/872/628 951/873/628
f 953/874/629 957/869/629 955/871/629 951/875/629
f 958/868/630 954/876/630 952/877/630 956/870/630
f 959/864/631 960/865/631 962/866/631 961/867/631
f 961/867/632 962/866/632 966/868/632 965/869/632
f 965/869/633 966/868/633 964/870/633 963/871/633
f 963/871/634 964/870/634 960/872/634 959/873/634
f 961/874/635 965/869/635 963/871/635 959/875/635
f 966/868/636 962/876/636 960/877/636 964/870/636
f 967/864/637 968/865/637 970/866/637 969/867/637
f 969/867/638 970/866/638 974/868/638 973/869/638
f 973/869/639 974/868/639 972/870/639 971/871/639
f 971/871/640 972/870/640 968/872/640 967/873/640
f 969/874/641 973/869/641 971/871/641 967/875/641
f 974/868/642 970/876/642 968/877/642 972/870/642
f 975/864/643 976/865/643 978/866/643 977/867/643
f 977/867/644 978/866/644 982/868/644 981/869/644
f 981/869/645 982/868/645 980/870/645 979/871/645
f 979/871/646 980/870/646 976/872/646 975/873/646
f 977/874/647 981/869/647 979/871/647 975/875/647
f 982/868/648 978/876/648 976/877/648 980/870/648
f 983/864/649 984/865/649 986/866/649 985/867/649
f 985/867/650 986/866/650 990/868/650 989/869/650
f 989/869/651 990/868/651 988/870/651 987/871/651
f 987/871/652 988/870/652 984/872/652 983/873/652
f 985/874/653 989/869/653 987/871/653 983/875/653
f 990/868/654 986/876/654 984/877/654 988/870/654
f 991/864/655 992/865/655 994/866/655 993/867/655
f 993/867/656 994/866/656 998/868/656 997/869/656
f 997/869/657 998/868/657 996/870/657 995/871/657
f 995/871/658 996/870/658 992/872/658 991/873/658
f 993/874/659 997/869/659 995/871/659 991/875/659
f 998/868/660 994/876/660 992/877/660 996/870/660
f 999/864/661 1000/865/661 1002/866/661 1001/867/661
f 1001/867/662 1002/866/662 1006/868/662 1005/869/662
f 1005/869/663 1006/868/663 1004/870/663 1003/871/663
f 1003/871/664 1004/870/664 1000/872/664 999/873/664
f 1001/874/665 1005/869/665 1003/871/665 999/875/665
f 1006/868/666 1002/876/666 1000/877/666 1004/870/666
f 1007/864/667 1008/865/667 1010/866/667 1009/867/667
f 1009/867/668 1010/866/668 1014/868/668 1013/869/668
f 1013/869/669 1014/868/669 1012/870/669 1011/871/669
f 1011/871/670 1012/870/670 1008/872/670 1007/873/670
f 1009/874/671 1013/869/671 1011/871/671 1007/875/671
f 1014/868/672 1010/876/672 1008/877/672 1012/870/672
f 1015/864/673 1016/865/673 1018/866/673 1017/867/673
f 1017/867/674 1018/866/674 1022/868/674 1021/869/674
f 1021/869/675 1022/868/675 1020/870/675 1019/871/675
f 1019/871/676 1020/870/676 1016/872/676 1015/873/676
f 1017/874/677 1021/869/677 1019/871/677 1015/875/677
f 1022/868/678 1018/876/678 1016/877/678 1020/870/678
f 1023/864/679 1024/865/679 1026/866/679 1025/867/679
f 1025/867/680 1026/866/680 1030/868/680 1029/869/680
f 1029/869/681 1030/868/681 1028/870/681 1027/871/681
f 1027/871/682 1028/870/682 1024/872/682 1023/873/682
f 1025/874/683 1029/869/683 1027/871/683 1023/875/683
f 1030/868/684 1026/876/684 1024/877/684 1028/870/684
f 1031/864/685 1032/865/685 1034/866/685 1033/867/685
f 1033/867/686 1034/866/686 1038/868/686 1037/869/686
f 1037/869/687 1038/868/687 1036/870/687 1035/871/687
f 1035/871/688 1036/870/688 1032/872/688 1031/873/688
f 1033/874/689 1037/869/689 1035/871/689 1031/875/689
f 1038/868/690 1034/876/690 1032/877/690 1036/870/690
f 1039/864/691 1040/865/691 1042/866/691 1041/867/691
f 1041/867/692 1042/866/692 1046/868/692 1045/869/692
f 1045/869/693 1046/868/693 1044/870/693 1043/871/693
f 1043/871/694 1044/870/694 1040/872/694 1039/873/694
f 1041/874/695 1045/869/695 1043/871/695 1039/875/695
f 1046/868/696 1042/876/696 1040/877/696 1044/870/696
f 1047/864/697 1048/865/697 1050/866/697 1049/867/697
f 1049/867/698 1050/866/698 1054/868/698 1053/869/698
f 1053/869/699 1054/868/699 1052/870/699 1051/871/699
f 1051/871/700 1052/870/700 1048/872/700 1047/873/700
f 1049/874/701 1053/869/701 1051/871/701 1047/875/701
f 1054/868/702 1050/876/702 1048/877/702 1052/870/702
o stigi_nidur
v -4.882408 -0.005048 4.438640
v -4.882408 0.108232 4.438640
v -4.882408 -0.005048 2.543601
v -4.882408 0.108232 2.543601
v -4.755649 -0.005048 4.438640
v -4.755649 0.108232 4.438640
v -4.755649 -0.005048 2.543601
v -4.755649 0.108232 2.543601
vn -1.0000 -0.0000 -0.0000
vn -0.0000 -0.0000 -1.0000
vn 1.0000 -0.0000 -0.0000
vn -0.0000 -0.0000 1.0000
vn -0.0000 -1.0000 -0.0000
vn -0.0000 1.0000 -0.0000
vt 0.375000 0.000000
vt 0.625000 0.000000
vt 0.625000 0.250000
vt 0.375000 0.250000
vt 0.625000 0.500000
vt 0.375000 0.500000
vt 0.625000 0.750000
vt 0.375000 0.750000
vt 0.625000 1.000000
vt 0.375000 1.000000
vt 0.125000 0.500000
vt 0.125000 0.750000
vt 0.875000 0.500000
vt 0.875000 0.750000
s 0
usemtl Material.070
f 1055/878/703 1056/879/703 1058/880/703 1057/881/703
f 1057/881/704 1058/880/704 1062/882/704 1061/883/704
f 1061/883/705 1062/882/705 1060/884/705 1059/885/705
f 1059/885/706 1060/884/706 1056/886/706 1055/887/706
f 1057/888/707 1061/883/707 1059/885/707 1055/889/707
f 1062/882/708 1058/890/708 1056/891/708 1060/884/708
o Cube.056
v -4.753704 -0.022312 2.669570
v -4.753704 0.090968 2.669570
v -4.753704 -0.022312 2.542810
v -4.753704 0.090968 2.542810
v -4.094069 -0.022312 2.669570
v -4.094069 0.090968 2.669570
v -4.094069 -0.022312 2.542810
v -4.094069 0.090968 2.542810
vn -1.0000 -0.0000 -0.0000
vn -0.0000 -0.0000 -1.0000
vn 1.0000 -0.0000 -0.0000
vn -0.0000 -0.0000 1.0000
vn -0.0000 -1.0000 -0.0000
vn -0.0000 1.0000 -0.0000
vt 0.375000 0.000000
vt 0.625000 0.000000
vt 0.625000 0.250000
vt 0.375000 0.250000
vt 0.625000 0.500000
vt 0.375000 0.500000
vt 0.625000 0.750000
vt 0.375000 0.750000
vt 0.625000 1.000000
vt 0.375000 1.000000
vt 0.125000 0.500000
vt 0.125000 0.750000
vt 0.875000 0.500000
vt 0.875000 0.750000
s 0
usemtl Material.071
f 1063/892/709 1064/893/709 1066/894/709 1065/895/709
f 1065/895/710 1066/894/710 1070/896/710 1069/897/710
f 1069/897/711 1070/896/711 1068/898/711 1067/899/711
f 1067/899/712 1068/898/712 1064/900/712 1063/901/712
f 1065/902/713 1069/897/713 1067/899/713 1063/903/713
f 1070/896/714 1066/904/714 1064/905/714 1068/898/714
o Plane.001
v 4.367372 0.000000 13.051883
v 8.367372 0.000000 13.051883
v 4.367372 0.000000 2.222157
v 8.367372 0.000000 2.222157
v 10.535965 -0.118053 57.260281
v 10.535965 0.169117 57.260281
v 10.152054 -0.118053 56.562786
v 10.152054 0.169117 56.562786
v 13.105278 -0.118053 55.846092
v 13.105278 0.169117 55.846092
v 12.721367 -0.118053 55.148602
v 12.721367 0.169117 55.148602
v 10.835606 -0.126931 58.149464
v 10.835606 0.268672 58.149464
v 10.405537 -0.126931 57.368107
v 10.405537 0.268672 57.368107
v 13.713841 -0.126931 56.565239
v 13.713841 0.268672 56.565239
v 13.283772 -0.126931 55.783882
v 13.283772 0.268672 55.783882
v 11.223884 -0.110392 59.027813
v 11.223884 0.405069 59.027813
v 10.774013 -0.110392 58.210484
v 10.774013 0.405069 58.210484
v 14.234637 -0.110392 57.370655
v 14.234637 0.405069 57.370655
v 13.784765 -0.110392 56.553322
v 13.784765 0.405069 56.553322
v 12.412422 0.071188 61.928562
v 12.412422 0.493837 61.928562
v 10.889884 0.071188 59.230885
v 10.889884 0.493837 59.230885
v 16.230413 0.071188 59.773735
v 16.230413 0.493837 59.773735
v 14.707875 0.071188 57.076054
v 14.707875 0.493837 57.076054
v -65.885818 -0.422793 38.673855
v -65.885818 -0.217207 38.673855
v -65.495636 -0.422793 38.712288
v -65.495636 -0.217207 38.712288
v -65.120453 -0.422793 38.826096
v -65.120453 -0.217207 38.826096
v -64.774681 -0.422793 39.010918
v -64.774681 -0.217207 39.010918
v -64.471603 -0.422793 39.259640
v -64.471603 -0.217207 39.259640
v -64.222878 -0.422793 39.562714
v -64.222878 -0.217207 39.562714
v -64.038063 -0.422793 39.908489
v -64.038063 -0.217207 39.908489
v -63.924248 -0.422793 40.283676
v -63.924248 -0.217207 40.283676
v -63.885818 -0.422793 40.673855
v -63.885818 -0.217207 40.673855
v -63.924248 -0.422793 41.064034
v -63.924248 -0.217207 41.064034
v -64.038063 -0.422793 41.439220
v -64.038063 -0.217207 41.439220
v -64.222878 -0.422793 41.784996
v -64.222878 -0.217207 41.784996
v -64.471603 -0.422793 42.088070
v -64.471603 -0.217207 42.088070
v -64.774681 -0.422793 42.336796
v -64.774681 -0.217207 42.336796
v -65.120453 -0.422793 42.521614
v -65.120453 -0.217207 42.521614
v -65.495636 -0.422793 42.635426
v -65.495636 -0.217207 42.635426
v -65.885818 -0.422793 42.673855
v -65.885818 -0.217207 42.673855
v -66.276001 -0.422793 42.635426
v -66.276001 -0.217207 42.635426
v -66.651184 -0.422793 42.521614
v -66.651184 -0.217207 42.521614
v -66.996956 -0.422793 42.336796
v -66.996956 -0.217207 42.336796
v -67.300034 -0.422793 42.088070
v -67.300034 -0.217207 42.088070
v -67.548759 -0.422793 41.784996
v -67.548759 -0.217207 41.784996
v -67.733574 -0.422793 41.439220
v -67.733574 -0.217207 41.439220
v -67.847389 -0.422793 41.064034
v -67.847389 -0.217207 41.064034
v -67.885818 -0.422793 40.673855
v -67.885818 -0.217207 40.673855
v -67.847389 -0.422793 40.283676
v -67.847389 -0.217207 40.283676
v -67.733574 -0.422793 39.908489
v -67.733574 -0.217207 39.908489
v -67.548759 -0.422793 39.562714
v -67.548759 -0.217207 39.562714
v -67.300034 -0.422793 39.259640
v -67.300034 -0.217207 39.259640
v -66.996956 -0.422793 39.010918
v -66.996956 -0.217207 39.010918
v -66.651184 -0.422793 38.826096
v -66.651184 -0.217207 38.826096
v -66.276001 -0.422793 38.712288
v -66.276001 -0.217207 38.712288
v -16.360817 0.000000 -5.314324
v -16.425110 0.000000 -6.222429
v -30.436584 0.000000 -4.317824
v -30.500874 0.000000 -5.225929
v -16.360817 0.000000 -5.314324
v -16.425110 0.000000 -6.222429
v -16.425110 0.000000 -6.222429
v -16.425110 0.000000 -6.222429
v -16.425110 0.000000 -6.222429
v -16.425110 0.000000 -6.222429
v -71.177719 0.000000 8.350033
v -70.178024 0.000000 8.374783
v -71.044067 0.000000 2.951687
v -70.044373 0.000000 2.976438
v -71.177719 0.000000 8.350033
v -70.178024 0.000000 8.374783
v -70.178024 0.000000 8.374783
v -70.178024 0.000000 8.374783
v -70.178024 0.000000 8.374783
v -70.178024 0.000000 8.374783
v -30.396778 0.000000 -4.338929
v -30.373894 0.000000 -5.338667
v -44.393112 0.000000 -4.659265
v -44.370232 0.000000 -5.659002
v -30.396778 0.000000 -4.338929
v -30.373894 0.000000 -5.338667
v -30.373894 0.000000 -5.338667
v -30.373894 0.000000 -5.338667
v -30.373894 0.000000 -5.338667
v -30.373894 0.000000 -5.338667
v -8.256637 0.000000 -9.077971
v -8.635445 0.000000 -9.917543
v -16.376991 0.000000 -5.414147
v -16.755798 0.000000 -6.253722
v -8.256637 0.000000 -9.077971
v -8.635445 0.000000 -9.917543
v -8.635445 0.000000 -9.917543
v -8.635445 0.000000 -9.917543
v -8.635445 0.000000 -9.917543
v -8.635445 0.000000 -9.917543
v 8.643754 0.000000 -9.632969
v 8.386106 0.000000 -8.679869
v 18.146217 0.000000 -7.064202
v 17.888565 0.000000 -6.111102
v 8.643754 0.000000 -9.632969
v 8.386106 0.000000 -8.679869
v 8.386106 0.000000 -8.679869
v 8.386106 0.000000 -8.679869
v 8.386106 0.000000 -8.679869
v 8.386106 0.000000 -8.679869
v 0.289672 0.000000 -0.509291
v 10.189164 0.000000 -10.408785
v -9.609821 0.000000 -10.408785
v -2.586242 0.050000 -0.076182
v 2.586230 0.050000 -0.076184
v -2.586240 0.050000 -3.944801
v 2.586232 0.050000 -3.944802
v 30.811859 0.000000 -5.338641
v 30.876617 0.000000 -6.337041
v 17.495556 0.000000 -6.202336
v 17.560314 0.000000 -7.200735
v 30.811859 0.000000 -5.338641
v 30.876617 0.000000 -6.337041
v 30.876617 0.000000 -6.337041
v 30.876617 0.000000 -6.337041
v 30.876617 0.000000 -6.337041
v 30.876617 0.000000 -6.337041
v 42.383324 0.000000 -5.657141
v 42.371490 0.000000 -6.657070
v 29.936420 0.000000 -5.509938
v 29.924595 0.000000 -6.509869
v 42.383324 0.000000 -5.657141
v 42.371490 0.000000 -6.657070
v 42.371490 0.000000 -6.657070
v 42.371490 0.000000 -6.657070
v 42.371490 0.000000 -6.657070
v 42.371490 0.000000 -6.657070
v 47.867424 0.000000 -4.261571
v 48.113029 0.000000 -5.230942
v 42.051193 0.000000 -5.735174
v 42.296799 0.000000 -6.704545
v 47.867424 0.000000 -4.261571
v 48.113029 0.000000 -5.230942
v 48.113029 0.000000 -5.230942
v 48.113029 0.000000 -5.230942
v 48.113029 0.000000 -5.230942
v 48.113029 0.000000 -5.230942
v 48.047653 0.000000 -5.203291
v 47.799538 0.000000 -4.231050
v 54.157898 0.000000 -3.643934
v 53.909782 0.000000 -2.671694
v 48.047653 0.000000 -5.203291
v 47.799538 0.000000 -4.231050
v 47.799538 0.000000 -4.231050
v 47.799538 0.000000 -4.231050
v 47.799538 0.000000 -4.231050
v 47.799538 0.000000 -4.231050
v 59.734421 0.000000 -1.047586
v 59.981094 0.000000 -2.021204
v 53.533195 0.000000 -2.618731
v 53.779869 0.000000 -3.592348
v 59.734421 0.000000 -1.047586
v 59.981094 0.000000 -2.021204
v 59.981094 0.000000 -2.021204
v 59.981094 0.000000 -2.021204
v 59.981094 0.000000 -2.021204
v 59.981094 0.000000 -2.021204
v 65.823807 0.000000 -1.094001
v 65.823799 0.000000 -2.094001
v 59.823807 0.000000 -1.094002
v 59.823807 0.000000 -2.094002
v 65.823807 0.000000 -1.094001
v 65.823799 0.000000 -2.094001
v 65.823799 0.000000 -2.094001
v 65.823799 0.000000 -2.094001
v 65.823799 0.000000 -2.094001
v 65.823799 0.000000 -2.094001
v 70.412170 0.000000 0.251692
v 70.719650 0.000000 -0.699864
v 65.654388 0.000000 -1.285700
v 65.961876 0.000000 -2.237256
v 70.412170 0.000000 0.251692
v 70.719650 0.000000 -0.699864
v 70.719650 0.000000 -0.699864
v 70.719650 0.000000 -0.699864
v 70.719650 0.000000 -0.699864
v 70.719650 0.000000 -0.699864
v 73.032585 0.000000 2.641152
v 73.731430 0.000000 1.925876
v 70.171486 0.000000 -0.154220
v 70.870331 0.000000 -0.869496
v 73.032585 0.000000 2.641152
v 73.731430 0.000000 1.925876
v 73.731430 0.000000 1.925876
v 73.731430 0.000000 1.925876
v 73.731430 0.000000 1.925876
v 73.731430 0.000000 1.925876
v 75.460571 0.000000 6.268584
v 76.357300 0.000000 5.702949
v 73.016350 0.000000 2.393652
v 73.913086 0.000000 1.828016
v 75.460571 0.000000 6.268584
v 76.357300 0.000000 5.702949
v 76.357300 0.000000 5.702949
v 76.357300 0.000000 5.702949
v 76.357300 0.000000 5.702949
v 76.357300 0.000000 5.702949
v 75.205574 0.000000 12.196848
v 76.205574 0.000000 12.196848
v 75.205582 0.000000 5.809147
v 76.205574 0.000000 5.809148
v 75.205574 0.000000 12.196848
v 76.205574 0.000000 12.196848
v 76.205574 0.000000 12.196848
v 76.205574 0.000000 12.196848
v 76.205574 0.000000 12.196848
v 76.205574 0.000000 12.196848
v 73.517876 0.000000 17.091948
v 74.465431 0.000000 17.411549
v 75.243713 0.000000 11.975163
v 76.191269 0.000000 12.294764
v 73.517876 0.000000 17.091948
v 74.465431 0.000000 17.411549
v 74.465431 0.000000 17.411549
v 74.465431 0.000000 17.411549
v 74.465431 0.000000 17.411549
v 74.465431 0.000000 17.411549
v 70.174927 0.000000 22.094374
v 71.021400 0.000000 22.626822
v 73.476112 0.000000 16.846306
v 74.322571 0.000000 17.378754
v 70.174927 0.000000 22.094374
v 71.021400 0.000000 22.626822
v 71.021400 0.000000 22.626822
v 71.021400 0.000000 22.626822
v 71.021400 0.000000 22.626822
v 71.021400 0.000000 22.626822
v -69.425705 0.000000 14.040554
v -68.469231 0.000000 13.748735
v -71.176620 0.000000 8.301714
v -70.220146 0.000000 8.009894
v -69.425705 0.000000 14.040554
v -68.469231 0.000000 13.748735
v -68.469231 0.000000 13.748735
v -68.469231 0.000000 13.748735
v -68.469231 0.000000 13.748735
v -68.469231 0.000000 13.748735
v -49.256577 0.000000 51.054482
v -48.833710 0.000000 50.148289
v -54.693726 0.000000 48.517262
v -54.270851 0.000000 47.611069
v -49.256577 0.000000 51.054482
v -48.833710 0.000000 50.148289
v -48.833710 0.000000 50.148289
v -48.833710 0.000000 50.148289
v -48.833710 0.000000 50.148289
v -48.833710 0.000000 50.148289
v 40.065052 0.000000 49.859520
v 40.446964 0.000000 48.935318
v 34.519867 0.000000 47.568043
v 34.901775 0.000000 46.643845
v 40.065052 0.000000 49.859520
v 40.446964 0.000000 48.935318
v 40.446964 0.000000 48.935318
v 40.446964 0.000000 48.935318
v 40.446964 0.000000 48.935318
v 40.446964 0.000000 48.935318
v 66.624611 0.000000 26.866497
v 67.437355 0.000000 27.449114
v 70.120293 0.000000 21.989998
v 70.933037 0.000000 22.572617
v 66.624611 0.000000 26.866497
v 67.437355 0.000000 27.449114
v 67.437355 0.000000 27.449114
v 67.437355 0.000000 27.449114
v 67.437355 0.000000 27.449114
v 67.437355 0.000000 27.449114
v 62.406769 0.000000 31.905342
v 63.235107 0.000000 32.579926
v 66.579483 0.000000 26.781595
v 67.407822 0.000000 27.456181
v 62.406769 0.000000 31.905342
v 63.235107 0.000000 32.579926
v 63.235107 0.000000 32.579926
v 63.235107 0.000000 32.579926
v 63.235107 0.000000 32.579926
v 63.235107 0.000000 32.579926
v 59.988342 0.000000 37.428299
v 60.895035 0.000000 37.850086
v 62.519058 0.000000 31.988129
v 63.425751 0.000000 32.409912
v 59.988342 0.000000 37.428299
v 60.895035 0.000000 37.850086
v 60.895035 0.000000 37.850086
v 60.895035 0.000000 37.850086
v 60.895035 0.000000 37.850086
v 60.895035 0.000000 37.850086
v 49.359818 0.000000 43.347813
v 49.757034 0.000000 44.199696
v 55.076141 0.000000 40.682419
v 55.473351 0.000000 41.534298
v 49.359818 0.000000 43.347813
v 49.757034 0.000000 44.199696
v 49.757034 0.000000 44.199696
v 49.757034 0.000000 44.199696
v 49.757034 0.000000 44.199696
v 49.757034 0.000000 44.199696
v 45.040894 0.000000 47.042542
v 45.797379 0.000000 47.891968
v 49.309708 0.000000 43.240826
v 50.066185 0.000000 44.090248
v 45.040894 0.000000 47.042542
v 45.797379 0.000000 47.891968
v 45.797379 0.000000 47.891968
v 45.797379 0.000000 47.891968
v 45.797379 0.000000 47.891968
v 45.797379 0.000000 47.891968
v 39.698696 0.000000 48.881775
v 40.037098 0.000000 49.822769
v 45.344704 0.000000 46.851364
v 45.683105 0.000000 47.792366
v 39.698696 0.000000 48.881775
v 40.037098 0.000000 49.822769
v 40.037098 0.000000 49.822769
v 40.037098 0.000000 49.822769
v 40.037098 0.000000 49.822769
v 40.037098 0.000000 49.822769
v 61.070770 0.000000 38.069550
v 60.425941 0.000000 37.099556
v 55.542213 0.000000 41.744827
v 54.897385 0.000000 40.774834
v 61.070770 0.000000 38.069550
v 60.425941 0.000000 37.099556
v 60.425941 0.000000 37.099556
v 60.425941 0.000000 37.099556
v 60.425941 0.000000 37.099556
v 60.425941 0.000000 37.099556
v 28.945168 0.000000 47.408894
v 29.093460 0.000000 48.397835
v 34.878822 0.000000 46.519119
v 35.027119 0.000000 47.508057
v 28.945168 0.000000 47.408894
v 29.093460 0.000000 48.397835
v 29.093460 0.000000 48.397835
v 29.093460 0.000000 48.397835
v 29.093460 0.000000 48.397835
v 29.093460 0.000000 48.397835
v 23.942421 0.000000 50.578426
v 24.480530 0.000000 51.421303
v 28.999691 0.000000 47.349800
v 29.537796 0.000000 48.192684
v 23.942421 0.000000 50.578426
v 24.480530 0.000000 51.421303
v 24.480530 0.000000 51.421303
v 24.480530 0.000000 51.421303
v 24.480530 0.000000 51.421303
v 24.480530 0.000000 51.421303
v 18.497604 0.000000 51.025616
v 18.606129 0.000000 52.019714
v 24.462170 0.000000 50.374477
v 24.570694 0.000000 51.368572
v 18.497604 0.000000 51.025616
v 18.606129 0.000000 52.019714
v 18.606129 0.000000 52.019714
v 18.606129 0.000000 52.019714
v 18.606129 0.000000 52.019714
v 18.606129 0.000000 52.019714
v 13.164765 0.000000 53.384464
v 13.563134 0.000000 54.301685
v 18.668118 0.000000 50.994244
v 19.066483 0.000000 51.911472
v 13.164765 0.000000 53.384464
v 13.563134 0.000000 54.301685
v 13.563134 0.000000 54.301685
v 13.563134 0.000000 54.301685
v 13.563134 0.000000 54.301685
v 13.563134 0.000000 54.301685
v 7.989997 0.000000 56.460735
v 8.484342 0.000000 57.329998
v 13.205590 0.000000 53.494656
v 13.699933 0.000000 54.363922
v 7.989997 0.000000 56.460735
v 8.484342 0.000000 57.329998
v 8.484342 0.000000 57.329998
v 8.484342 0.000000 57.329998
v 8.484342 0.000000 57.329998
v 8.484342 0.000000 57.329998
v 2.169982 0.000000 58.709679
v 2.525243 0.000000 59.659199
v 8.322186 0.000000 56.407852
v 8.677445 0.000000 57.357368
v 2.169982 0.000000 58.709679
v 2.525243 0.000000 59.659199
v 2.525243 0.000000 59.659199
v 2.525243 0.000000 59.659199
v 2.525243 0.000000 59.659199
v 2.525243 0.000000 59.659199
v 2.799266 0.000000 59.706741
v 2.935990 0.000000 58.714989
v -3.488273 0.000000 58.839916
v -3.351546 0.000000 57.848171
v 2.799266 0.000000 59.706741
v 2.935990 0.000000 58.714989
v 2.935990 0.000000 58.714989
v 2.935990 0.000000 58.714989
v 2.935990 0.000000 58.714989
v 2.935990 0.000000 58.714989
v -3.301272 0.000000 58.938751
v -3.285617 0.000000 57.938877
v -9.300538 0.000000 58.844803
v -9.284881 0.000000 57.844929
v -3.301272 0.000000 58.938751
v -3.285617 0.000000 57.938877
v -3.285617 0.000000 57.938877
v -3.285617 0.000000 57.938877
v -3.285617 0.000000 57.938877
v -3.285617 0.000000 57.938877
v -9.252227 0.000000 58.892387
v -9.194551 0.000000 57.894054
v -15.242240 0.000000 58.546333
v -15.184562 0.000000 57.548000
v -9.252227 0.000000 58.892387
v -9.194551 0.000000 57.894054
v -9.194551 0.000000 57.894054
v -9.194551 0.000000 57.894054
v -9.194551 0.000000 57.894054
v -9.194551 0.000000 57.894054
v -15.139544 0.000000 58.624882
v -15.132251 0.000000 57.624905
v -21.139385 0.000000 58.581131
v -21.132092 0.000000 57.581158
v -15.139544 0.000000 58.624882
v -15.132251 0.000000 57.624905
v -15.132251 0.000000 57.624905
v -15.132251 0.000000 57.624905
v -15.132251 0.000000 57.624905
v -15.132251 0.000000 57.624905
v -21.110653 0.000000 58.549160
v -21.052971 0.000000 57.550709
v -27.306976 0.000000 58.191189
v -27.249294 0.000000 57.192734
v -21.110653 0.000000 58.549160
v -21.052971 0.000000 57.550709
v -21.052971 0.000000 57.550709
v -21.052971 0.000000 57.550709
v -21.052971 0.000000 57.550709
v -21.052971 0.000000 57.550709
v -27.124481 0.000000 58.140633
v -27.066803 0.000000 57.142197
v -33.293686 0.000000 57.784222
v -33.236000 0.000000 56.785786
v -27.124481 0.000000 58.140633
v -27.066803 0.000000 57.142197
v -27.066803 0.000000 57.142197
v -27.066803 0.000000 57.142197
v -27.066803 0.000000 57.142197
v -27.066803 0.000000 57.142197
v -33.291824 0.000000 57.760876
v -33.234146 0.000000 56.762543
v -39.281837 0.000000 57.414818
v -39.224159 0.000000 56.416485
v -33.291824 0.000000 57.760876
v -33.234146 0.000000 56.762543
v -33.234146 0.000000 56.762543
v -33.234146 0.000000 56.762543
v -33.234146 0.000000 56.762543
v -33.234146 0.000000 56.762543
v -39.272469 0.000000 57.597485
v -38.871502 0.000000 56.668251
v -45.129089 0.000000 55.070312
v -44.728123 0.000000 54.141087
v -39.272469 0.000000 57.597485
v -38.871502 0.000000 56.668251
v -38.871502 0.000000 56.668251
v -38.871502 0.000000 56.668251
v -38.871502 0.000000 56.668251
v -38.871502 0.000000 56.668251
v -45.037045 0.000000 55.366657
v -44.288239 0.000000 54.703865
v -49.013775 0.000000 50.873814
v -48.264969 0.000000 50.211029
v -45.037045 0.000000 55.366657
v -44.288239 0.000000 54.703865
v -44.288239 0.000000 54.703865
v -44.288239 0.000000 54.703865
v -44.288239 0.000000 54.703865
v -44.288239 0.000000 54.703865
v -51.615448 0.000000 42.544277
v -50.648830 0.000000 42.288063
v -53.152725 0.000000 36.744553
v -52.186108 0.000000 36.488342
v -51.615448 0.000000 42.544277
v -50.648830 0.000000 42.288063
v -50.648830 0.000000 42.288063
v -50.648830 0.000000 42.288063
v -50.648830 0.000000 42.288063
v -50.648830 0.000000 42.288063
v -52.770294 0.000000 37.590694
v -51.899780 0.000000 37.098541
v -55.723213 0.000000 32.367641
v -54.852703 0.000000 31.875488
v -52.770294 0.000000 37.590694
v -51.899780 0.000000 37.098541
v -51.899780 0.000000 37.098541
v -51.899780 0.000000 37.098541
v -51.899780 0.000000 37.098541
v -51.899780 0.000000 37.098541
v -55.484985 0.000000 32.796204
v -54.697090 0.000000 32.180386
v -59.179878 0.000000 28.068861
v -58.391983 0.000000 27.453043
v -55.484985 0.000000 32.796204
v -54.697090 0.000000 32.180386
v -54.697090 0.000000 32.180386
v -54.697090 0.000000 32.180386
v -54.697090 0.000000 32.180386
v -54.697090 0.000000 32.180386
v -59.104507 0.000000 28.257996
v -58.340073 0.000000 27.613293
v -62.972717 0.000000 23.671387
v -62.208282 0.000000 23.026684
v -59.104507 0.000000 28.257996
v -58.340073 0.000000 27.613293
v -58.340073 0.000000 27.613293
v -58.340073 0.000000 27.613293
v -58.340073 0.000000 27.613293
v -58.340073 0.000000 27.613293
v -66.672470 0.000000 34.541607
v -65.691978 0.000000 34.755272
v -65.440742 0.000000 28.889404
v -64.460251 0.000000 29.103071
v -66.672470 0.000000 34.541607
v -65.691978 0.000000 34.755272
v -65.691978 0.000000 34.755272
v -65.691978 0.000000 34.755272
v -65.691978 0.000000 34.755272
v -65.691978 0.000000 34.755272
v -65.422173 0.000000 28.985069
v -64.472733 0.000000 29.299006
v -63.538544 0.000000 23.288410
v -62.589096 0.000000 23.602348
v -65.422173 0.000000 28.985069
v -64.472733 0.000000 29.299006
v -64.472733 0.000000 29.299006
v -64.472733 0.000000 29.299006
v -64.472733 0.000000 29.299006
v -64.472733 0.000000 29.299006
v -63.168259 0.000000 23.779045
v -62.380363 0.000000 23.163229
v -66.863144 0.000000 19.051701
v -66.075256 0.000000 18.435886
v -63.168259 0.000000 23.779045
v -62.380363 0.000000 23.163229
v -62.380363 0.000000 23.163229
v -62.380363 0.000000 23.163229
v -62.380363 0.000000 23.163229
v -62.380363 0.000000 23.163229
v -66.867035 0.000000 19.230808
v -65.962158 0.000000 18.805126
v -69.421135 0.000000 13.801575
v -68.516258 0.000000 13.375891
v -66.867035 0.000000 19.230808
v -65.962158 0.000000 18.805126
v -65.962158 0.000000 18.805126
v -65.962158 0.000000 18.805126
v -65.962158 0.000000 18.805126
v -65.962158 0.000000 18.805126
v -70.918015 0.000000 3.151323
v -69.994904 0.000000 3.577686
v -68.209488 0.000000 -2.712883
v -67.286362 0.000000 -2.286520
v -70.918015 0.000000 3.151323
v -69.994904 0.000000 3.577686
v -69.994904 0.000000 3.577686
v -69.994904 0.000000 3.577686
v -69.994904 0.000000 3.577686
v -69.994904 0.000000 3.577686
v -67.995239 0.000000 -2.720957
v -67.809532 0.000000 -1.738351
v -62.099594 0.000000 -3.835168
v -61.913895 0.000000 -2.852562
v -67.995239 0.000000 -2.720957
v -67.809532 0.000000 -1.738351
v -67.809532 0.000000 -1.738351
v -67.809532 0.000000 -1.738351
v -67.809532 0.000000 -1.738351
v -67.809532 0.000000 -1.738351
v -62.255417 0.000000 -3.874490
v -62.080215 0.000000 -2.889956
v -56.348213 0.000000 -4.925664
v -56.173019 0.000000 -3.941130
v -62.255417 0.000000 -3.874490
v -62.080215 0.000000 -2.889956
v -62.080215 0.000000 -2.889956
v -62.080215 0.000000 -2.889956
v -62.080215 0.000000 -2.889956
v -62.080215 0.000000 -2.889956
v -56.457470 0.000000 -5.075377
v -56.408474 0.000000 -4.076577
v -50.464672 0.000000 -5.369325
v -50.415680 0.000000 -4.370525
v -56.457470 0.000000 -5.075377
v -56.408474 0.000000 -4.076577
v -56.408474 0.000000 -4.076577
v -56.408474 0.000000 -4.076577
v -56.408474 0.000000 -4.076577
v -56.408474 0.000000 -4.076577
v -50.640594 0.000000 -5.397289
v -50.609215 0.000000 -4.397723
v -44.300617 0.000000 -5.596319
v -44.269238 0.000000 -4.596753
v -50.640594 0.000000 -5.397289
v -50.609215 0.000000 -4.397723
v -50.609215 0.000000 -4.397723
v -50.609215 0.000000 -4.397723
v -50.609215 0.000000 -4.397723
v -50.609215 0.000000 -4.397723
v -66.821297 0.000000 38.794247
v -65.822067 0.000000 38.833607
v -66.648109 0.000000 34.397659
v -65.648880 0.000000 34.437016
v -66.821297 0.000000 38.794247
v -65.822067 0.000000 38.833607
v -65.822067 0.000000 38.833607
v -65.822067 0.000000 38.833607
v -65.822067 0.000000 38.833607
v -65.822067 0.000000 38.833607
v -50.028999 0.000000 48.565525
v -49.108559 0.000000 48.321556
v -51.657433 0.000000 42.421890
v -50.736996 0.000000 42.177917
v -50.028999 0.000000 48.565525
v -49.108559 0.000000 48.321556
v -49.108559 0.000000 48.321556
v -49.108559 0.000000 48.321556
v -49.108559 0.000000 48.321556
v -49.108559 0.000000 48.321556
v -49.260597 0.000000 51.232197
v -48.293972 0.000000 50.975979
v -50.285446 0.000000 47.365715
v -49.318825 0.000000 47.109505
v -49.260597 0.000000 51.232197
v -48.293972 0.000000 50.975979
v -48.293972 0.000000 50.975979
v -48.293972 0.000000 50.975979
v -48.293972 0.000000 50.975979
v -48.293972 0.000000 50.975979
v -54.729126 0.000000 48.537025
v -54.165916 0.000000 47.672359
v -58.209160 0.000000 46.270252
v -57.645950 0.000000 45.405590
v -54.729126 0.000000 48.537025
v -54.165916 0.000000 47.672359
v -54.165916 0.000000 47.672359
v -54.165916 0.000000 47.672359
v -54.165916 0.000000 47.672359
v -54.165916 0.000000 47.672359
v -57.932846 0.000000 46.383900
v -57.387054 0.000000 45.545975
v -61.284531 0.000000 44.200733
v -60.738739 0.000000 43.362816
v -57.932846 0.000000 46.383900
v -57.387054 0.000000 45.545975
v -57.387054 0.000000 45.545975
v -57.387054 0.000000 45.545975
v -57.387054 0.000000 45.545975
v -57.387054 0.000000 45.545975
v -61.191444 0.000000 44.122570
v -60.645653 0.000000 43.284649
v -64.543129 0.000000 41.939407
v -63.997337 0.000000 41.101482
v -61.191444 0.000000 44.122570
v -60.645653 0.000000 43.284649
v -60.645653 0.000000 43.284649
v -60.645653 0.000000 43.284649
v -60.645653 0.000000 43.284649
v -60.645653 0.000000 43.284649
vn -0.0000 1.0000 -0.0000
vn -0.8761 -0.0000 0.4822
vn -0.4822 -0.0000 -0.8761
vn 0.8761 -0.0000 -0.4822
vn 0.4822 -0.0000 0.8761
vn -0.0000 -1.0000 -0.0000
vn -0.8709 -0.0000 0.4915
vn -0.4915 -0.0000 -0.8709
vn 0.8709 -0.0000 -0.4915
vn 0.4915 -0.0000 0.8709
vn 0.0980 -0.0000 -0.9952
vn 0.2903 -0.0000 -0.9569
vn 0.4714 -0.0000 -0.8819
vn 0.6344 -0.0000 -0.7730
vn 0.7730 -0.0000 -0.6344
vn 0.8819 -0.0000 -0.4714
vn 0.9569 -0.0000 -0.2903
vn 0.9952 -0.0000 -0.0980
vn 0.9952 -0.0000 0.0980
vn 0.9569 -0.0000 0.2903
vn 0.8819 -0.0000 0.4714
vn 0.7730 -0.0000 0.6344
vn 0.6344 -0.0000 0.7730
vn 0.4714 -0.0000 0.8819
vn 0.2903 -0.0000 0.9569
vn 0.0980 -0.0000 0.9952
vn -0.0980 -0.0000 0.9952
vn -0.2903 -0.0000 0.9569
vn -0.4714 -0.0000 0.8819
vn -0.6344 -0.0000 0.7730
vn -0.7730 -0.0000 0.6344
vn -0.8819 -0.0000 0.4714
vn -0.9569 -0.0000 0.2903
vn -0.9952 -0.0000 0.0980
vn -0.9952 -0.0000 -0.0980
vn -0.9569 -0.0000 -0.2903
vn -0.8819 -0.0000 -0.4714
vn -0.7730 -0.0000 -0.6344
vn -0.6344 -0.0000 -0.7730
vn -0.4714 -0.0000 -0.8819
vn -0.2903 -0.0000 -0.9569
vn -0.0980 -0.0000 -0.9952
vt 0.000000 0.000000
vt 1.000000 0.000000
vt 1.000000 1.000000
vt 0.000000 1.000000
vt 0.375000 0.000000
vt 0.625000 0.000000
vt 0.625000 0.250000
vt 0.375000 0.250000
vt 0.625000 0.500000
vt 0.375000 0.500000
vt 0.625000 0.750000
vt 0.375000 0.750000
vt 0.625000 1.000000
vt 0.375000 1.000000
vt 0.125000 0.500000
vt 0.125000 0.750000
vt 0.875000 0.500000
vt 0.875000 0.750000
vt 1.000000 0.500000
vt 0.968750 1.000000
vt 0.968750 0.500000
vt 0.937500 1.000000
vt 0.937500 0.500000
vt 0.906250 1.000000
vt 0.906250 0.500000
vt 0.875000 1.000000
vt 0.843750 1.000000
vt 0.843750 0.500000
vt 0.812500 1.000000
vt 0.812500 0.500000
vt 0.781250 1.000000
vt 0.781250 0.500000
vt 0.750000 1.000000
vt 0.750000 0.500000
vt 0.718750 1.000000
vt 0.718750 0.500000
vt 0.687500 1.000000
vt 0.687500 0.500000
vt 0.656250 1.000000
vt 0.656250 0.500000
vt 0.593750 1.000000
vt 0.593750 0.500000
vt 0.562500 1.000000
vt 0.562500 0.500000
vt 0.531250 1.000000
vt 0.531250 0.500000
vt 0.500000 1.000000
vt 0.500000 0.500000
vt 0.468750 1.000000
vt 0.468750 0.500000
vt 0.437500 1.000000
vt 0.437500 0.500000
vt 0.406250 1.000000
vt 0.406250 0.500000
vt 0.343750 1.000000
vt 0.343750 0.500000
vt 0.312500 1.000000
vt 0.312500 0.500000
vt 0.281250 1.000000
vt 0.281250 0.500000
vt 0.250000 1.000000
vt 0.250000 0.500000
vt 0.218750 1.000000
vt 0.218750 0.500000
vt 0.187500 1.000000
vt 0.187500 0.500000
vt 0.156250 1.000000
vt 0.156250 0.500000
vt 0.125000 1.000000
vt 0.093750 1.000000
vt 0.093750 0.500000
vt 0.062500 1.000000
vt 0.062500 0.500000
vt 0.296822 0.485388
vt 0.250000 0.490000
vt 0.203178 0.485388
vt 0.158156 0.471731
vt 0.116663 0.449553
vt 0.080294 0.419706
vt 0.050447 0.383337
vt 0.028269 0.341844
vt 0.014612 0.296822
vt 0.010000 0.250000
vt 0.014612 0.203178
vt 0.028269 0.158156
vt 0.050447 0.116663
vt 0.080294 0.080294
vt 0.116663 0.050447
vt 0.158156 0.028269
vt 0.203178 0.014612
vt 0.250000 0.010000
vt 0.296822 0.014612
vt 0.341844 0.028269
vt 0.383337 0.050447
vt 0.419706 0.080294
vt 0.449553 0.116663
vt 0.471731 0.158156
vt 0.485388 0.203178
vt 0.490000 0.250000
vt 0.485388 0.296822
vt 0.471731 0.341844
vt 0.449553 0.383337
vt 0.419706 0.419706
vt 0.383337 0.449553
vt 0.341844 0.471731
vt 0.031250 1.000000
vt 0.031250 0.500000
vt 0.000000 0.500000
vt 0.750000 0.490000
vt 0.796822 0.485388
vt 0.841844 0.471731
vt 0.883337 0.449553
vt 0.919706 0.419706
vt 0.949553 0.383337
vt 0.971731 0.341844
vt 0.985388 0.296822
vt 0.990000 0.250000
vt 0.985388 0.203178
vt 0.971731 0.158156
vt 0.949553 0.116663
vt 0.919706 0.080294
vt 0.883337 0.050447
vt 0.841844 0.028269
vt 0.796822 0.014612
vt 0.750000 0.010000
vt 0.703178 0.014612
vt 0.658156 0.028269
vt 0.616663 0.050447
vt 0.580294 0.080294
vt 0.550447 0.116663
vt 0.528269 0.158156
vt 0.514612 0.203178
vt 0.510000 0.250000
vt 0.514612 0.296822
vt 0.528269 0.341844
vt 0.550447 0.383337
vt 0.580294 0.419706
vt 0.616663 0.449553
vt 0.658156 0.471731
vt 0.703178 0.485388
s 0
usemtl Material.022
f 1071/906/715 1072/907/715 1074/908/715 1073/909/715
f 1171/906/715 1172/907/715 1174/908/715 1173/909/715
f 1172/907/715 1171/906/715 1175/906/715 1176/907/715
f 1172/907/715 1176/907/715 1178/907/715 1177/907/715
f 1177/907/715 1178/907/715 1180/907/715 1179/907/715
f 1181/906/715 1182/907/715 1184/908/715 1183/909/715
f 1182/907/715 1181/906/715 1185/906/715 1186/907/715
f 1182/907/715 1186/907/715 1188/907/715 1187/907/715
f 1187/907/715 1188/907/715 1190/907/715 1189/907/715
f 1191/906/715 1192/907/715 1194/908/715 1193/909/715
f 1192/907/715 1191/906/715 1195/906/715 1196/907/715
f 1192/907/715 1196/907/715 1198/907/715 1197/907/715
f 1197/907/715 1198/907/715 1200/907/715 1199/907/715
f 1201/906/715 1202/907/715 1204/908/715 1203/909/715
f 1202/907/715 1201/906/715 1205/906/715 1206/907/715
f 1202/907/715 1206/907/715 1208/907/715 1207/907/715
f 1207/907/715 1208/907/715 1210/907/715 1209/907/715
f 1211/906/715 1212/907/715 1214/908/715 1213/909/715
f 1212/907/715 1211/906/715 1215/906/715 1216/907/715
f 1212/907/715 1216/907/715 1218/907/715 1217/907/715
f 1217/907/715 1218/907/715 1220/907/715 1219/907/715
f 1221/906/715 1222/907/715 1223/909/715
f 1224/906/715 1225/907/715 1227/908/715 1226/909/715
f 1228/906/715 1229/907/715 1231/908/715 1230/909/715
f 1229/907/715 1228/906/715 1232/906/715 1233/907/715
f 1229/907/715 1233/907/715 1235/907/715 1234/907/715
f 1234/907/715 1235/907/715 1237/907/715 1236/907/715
f 1238/906/715 1239/907/715 1241/908/715 1240/909/715
f 1239/907/715 1238/906/715 1242/906/715 1243/907/715
f 1239/907/715 1243/907/715 1245/907/715 1244/907/715
f 1244/907/715 1245/907/715 1247/907/715 1246/907/715
f 1248/906/715 1249/907/715 1251/908/715 1250/909/715
f 1249/907/715 1248/906/715 1252/906/715 1253/907/715
f 1249/907/715 1253/907/715 1255/907/715 1254/907/715
f 1254/907/715 1255/907/715 1257/907/715 1256/907/715
f 1258/906/715 1259/907/715 1261/908/715 1260/909/715
f 1259/907/715 1258/906/715 1262/906/715 1263/907/715
f 1259/907/715 1263/907/715 1265/907/715 1264/907/715
f 1264/907/715 1265/907/715 1267/907/715 1266/907/715
f 1268/906/715 1269/907/715 1271/908/715 1270/909/715
f 1269/907/715 1268/906/715 1272/906/715 1273/907/715
f 1269/907/715 1273/907/715 1275/907/715 1274/907/715
f 1274/907/715 1275/907/715 1277/907/715 1276/907/715
f 1278/906/715 1279/907/715 1281/908/715 1280/909/715
f 1279/907/715 1278/906/715 1282/906/715 1283/907/715
f 1279/907/715 1283/907/715 1285/907/715 1284/907/715
f 1284/907/715 1285/907/715 1287/907/715 1286/907/715
f 1288/906/715 1289/907/715 1291/908/715 1290/909/715
f 1289/907/715 1288/906/715 1292/906/715 1293/907/715
f 1289/907/715 1293/907/715 1295/907/715 1294/907/715
f 1294/907/715 1295/907/715 1297/907/715 1296/907/715
f 1298/906/715 1299/907/715 1301/908/715 1300/909/715
f 1299/907/715 1298/906/715 1302/906/715 1303/907/715
f 1299/907/715 1303/907/715 1305/907/715 1304/907/715
f 1304/907/715 1305/907/715 1307/907/715 1306/907/715
f 1308/906/715 1309/907/715 1311/908/715 1310/909/715
f 1309/907/715 1308/906/715 1312/906/715 1313/907/715
f 1309/907/715 1313/907/715 1315/907/715 1314/907/715
f 1314/907/715 1315/907/715 1317/907/715 1316/907/715
f 1318/906/715 1319/907/715 1321/908/715 1320/909/715
f 1319/907/715 1318/906/715 1322/906/715 1323/907/715
f 1319/907/715 1323/907/715 1325/907/715 1324/907/715
f 1324/907/715 1325/907/715 1327/907/715 1326/907/715
f 1328/906/715 1329/907/715 1331/908/715 1330/909/715
f 1329/907/715 1328/906/715 1332/906/715 1333/907/715
f 1329/907/715 1333/907/715 1335/907/715 1334/907/715
f 1334/907/715 1335/907/715 1337/907/715 1336/907/715
f 1338/906/715 1339/907/715 1341/908/715 1340/909/715
f 1339/907/715 1338/906/715 1342/906/715 1343/907/715
f 1339/907/715 1343/907/715 1345/907/715 1344/907/715
f 1344/907/715 1345/907/715 1347/907/715 1346/907/715
f 1348/906/715 1349/907/715 1351/908/715 1350/909/715
f 1349/907/715 1348/906/715 1352/906/715 1353/907/715
f 1349/907/715 1353/907/715 1355/907/715 1354/907/715
f 1354/907/715 1355/907/715 1357/907/715 1356/907/715
f 1358/906/715 1359/907/715 1361/908/715 1360/909/715
f 1359/907/715 1358/906/715 1362/906/715 1363/907/715
f 1359/907/715 1363/907/715 1365/907/715 1364/907/715
f 1364/907/715 1365/907/715 1367/907/715 1366/907/715
f 1368/906/715 1369/907/715 1371/908/715 1370/909/715
f 1369/907/715 1368/906/715 1372/906/715 1373/907/715
f 1369/907/715 1373/907/715 1375/907/715 1374/907/715
f 1374/907/715 1375/907/715 1377/907/715 1376/907/715
f 1378/906/715 1379/907/715 1381/908/715 1380/909/715
f 1379/907/715 1378/906/715 1382/906/715 1383/907/715
f 1379/907/715 1383/907/715 1385/907/715 1384/907/715
f 1384/907/715 1385/907/715 1387/907/715 1386/907/715
f 1388/906/715 1389/907/715 1391/908/715 1390/909/715
f 1389/907/715 1388/906/715 1392/906/715 1393/907/715
f 1389/907/715 1393/907/715 1395/907/715 1394/907/715
f 1394/907/715 1395/907/715 1397/907/715 1396/907/715
f 1398/906/715 1399/907/715 1401/908/715 1400/909/715
f 1399/907/715 1398/906/715 1402/906/715 1403/907/715
f 1399/907/715 1403/907/715 1405/907/715 1404/907/715
f 1404/907/715 1405/907/715 1407/907/715 1406/907/715
f 1408/906/715 1409/907/715 1411/908/715 1410/909/715
f 1409/907/715 1408/906/715 1412/906/715 1413/907/715
f 1409/907/715 1413/907/715 1415/907/715 1414/907/715
f 1414/907/715 1415/907/715 1417/907/715 1416/907/715
f 1418/906/715 1419/907/715 1421/908/715 1420/909/715
f 1419/907/715 1418/906/715 1422/906/715 1423/907/715
f 1419/907/715 1423/907/715 1425/907/715 1424/907/715
f 1424/907/715 1425/907/715 1427/907/715 1426/907/715
f 1428/906/715 1429/907/715 1431/908/715 1430/909/715
f 1429/907/715 1428/906/715 1432/906/715 1433/907/715
f 1429/907/715 1433/907/715 1435/907/715 1434/907/715
f 1434/907/715 1435/907/715 1437/907/715 1436/907/715
f 1438/906/715 1439/907/715 1441/908/715 1440/909/715
f 1439/907/715 1438/906/715 1442/906/715 1443/907/715
f 1439/907/715 1443/907/715 1445/907/715 1444/907/715
f 1444/907/715 1445/907/715 1447/907/715 1446/907/715
f 1448/906/715 1449/907/715 1451/908/715 1450/909/715
f 1449/907/715 1448/906/715 1452/906/715 1453/907/715
f 1449/907/715 1453/907/715 1455/907/715 1454/907/715
f 1454/907/715 1455/907/715 1457/907/715 1456/907/715
f 1458/906/715 1459/907/715 1461/908/715 1460/909/715
f 1459/907/715 1458/906/715 1462/906/715 1463/907/715
f 1459/907/715 1463/907/715 1465/907/715 1464/907/715
f 1464/907/715 1465/907/715 1467/907/715 1466/907/715
f 1468/906/715 1469/907/715 1471/908/715 1470/909/715
f 1469/907/715 1468/906/715 1472/906/715 1473/907/715
f 1469/907/715 1473/907/715 1475/907/715 1474/907/715
f 1474/907/715 1475/907/715 1477/907/715 1476/907/715
f 1478/906/715 1479/907/715 1481/908/715 1480/909/715
f 1479/907/715 1478/906/715 1482/906/715 1483/907/715
f 1479/907/715 1483/907/715 1485/907/715 1484/907/715
f 1484/907/715 1485/907/715 1487/907/715 1486/907/715
f 1488/906/715 1489/907/715 1491/908/715 1490/909/715
f 1489/907/715 1488/906/715 1492/906/715 1493/907/715
f 1489/907/715 1493/907/715 1495/907/715 1494/907/715
f 1494/907/715 1495/907/715 1497/907/715 1496/907/715
f 1498/906/715 1499/907/715 1501/908/715 1500/909/715
f 1499/907/715 1498/906/715 1502/906/715 1503/907/715
f 1499/907/715 1503/907/715 1505/907/715 1504/907/715
f 1504/907/715 1505/907/715 1507/907/715 1506/907/715
f 1508/906/715 1509/907/715 1511/908/715 1510/909/715
f 1509/907/715 1508/906/715 1512/906/715 1513/907/715
f 1509/907/715 1513/907/715 1515/907/715 1514/907/715
f 1514/907/715 1515/907/715 1517/907/715 1516/907/715
f 1518/906/715 1519/907/715 1521/908/715 1520/909/715
f 1519/907/715 1518/906/715 1522/906/715 1523/907/715
f 1519/907/715 1523/907/715 1525/907/715 1524/907/715
f 1524/907/715 1525/907/715 1527/907/715 1526/907/715
f 1528/906/715 1529/907/715 1531/908/715 1530/909/715
f 1529/907/715 1528/906/715 1532/906/715 1533/907/715
f 1529/907/715 1533/907/715 1535/907/715 1534/907/715
f 1534/907/715 1535/907/715 1537/907/715 1536/907/715
f 1538/906/715 1539/907/715 1541/908/715 1540/909/715
f 1539/907/715 1538/906/715 1542/906/715 1543/907/715
f 1539/907/715 1543/907/715 1545/907/715 1544/907/715
f 1544/907/715 1545/907/715 1547/907/715 1546/907/715
f 1548/906/715 1549/907/715 1551/908/715 1550/909/715
f 1549/907/715 1548/906/715 1552/906/715 1553/907/715
f 1549/907/715 1553/907/715 1555/907/715 1554/907/715
f 1554/907/715 1555/907/715 1557/907/715 1556/907/715
f 1558/906/715 1559/907/715 1561/908/715 1560/909/715
f 1559/907/715 1558/906/715 1562/906/715 1563/907/715
f 1559/907/715 1563/907/715 1565/907/715 1564/907/715
f 1564/907/715 1565/907/715 1567/907/715 1566/907/715
f 1568/906/715 1569/907/715 1571/908/715 1570/909/715
f 1569/907/715 1568/906/715 1572/906/715 1573/907/715
f 1569/907/715 1573/907/715 1575/907/715 1574/907/715
f 1574/907/715 1575/907/715 1577/907/715 1576/907/715
f 1578/906/715 1579/907/715 1581/908/715 1580/909/715
f 1579/907/715 1578/906/715 1582/906/715 1583/907/715
f 1579/907/715 1583/907/715 1585/907/715 1584/907/715
f 1584/907/715 1585/907/715 1587/907/715 1586/907/715
f 1588/906/715 1589/907/715 1591/908/715 1590/909/715
f 1589/907/715 1588/906/715 1592/906/715 1593/907/715
f 1589/907/715 1593/907/715 1595/907/715 1594/907/715
f 1594/907/715 1595/907/715 1597/907/715 1596/907/715
f 1598/906/715 1599/907/715 1601/908/715 1600/909/715
f 1599/907/715 1598/906/715 1602/906/715 1603/907/715
f 1599/907/715 1603/907/715 1605/907/715 1604/907/715
f 1604/907/715 1605/907/715 1607/907/715 1606/907/715
f 1608/906/715 1609/907/715 1611/908/715 1610/909/715
f 1609/907/715 1608/906/715 1612/906/715 1613/907/715
f 1609/907/715 1613/907/715 1615/907/715 1614/907/715
f 1614/907/715 1615/907/715 1617/907/715 1616/907/715
f 1618/906/715 1619/907/715 1621/908/715 1620/909/715
f 1619/907/715 1618/906/715 1622/906/715 1623/907/715
f 1619/907/715 1623/907/715 1625/907/715 1624/907/715
f 1624/907/715 1625/907/715 1627/907/715 1626/907/715
f 1628/906/715 1629/907/715 1631/908/715 1630/909/715
f 1629/907/715 1628/906/715 1632/906/715 1633/907/715
f 1629/907/715 1633/907/715 1635/907/715 1634/907/715
f 1634/907/715 1635/907/715 1637/907/715 1636/907/715
f 1638/906/715 1639/907/715 1641/908/715 1640/909/715
f 1639/907/715 1638/906/715 1642/906/715 1643/907/715
f 1639/907/715 1643/907/715 1645/907/715 1644/907/715
f 1644/907/715 1645/907/715 1647/907/715 1646/907/715
f 1648/906/715 1649/907/715 1651/908/715 1650/909/715
f 1649/907/715 1648/906/715 1652/906/715 1653/907/715
f 1649/907/715 1653/907/715 1655/907/715 1654/907/715
f 1654/907/715 1655/907/715 1657/907/715 1656/907/715
f 1658/906/715 1659/907/715 1661/908/715 1660/909/715
f 1659/907/715 1658/906/715 1662/906/715 1663/907/715
f 1659/907/715 1663/907/715 1665/907/715 1664/907/715
f 1664/907/715 1665/907/715 1667/907/715 1666/907/715
f 1668/906/715 1669/907/715 1671/908/715 1670/909/715
f 1669/907/715 1668/906/715 1672/906/715 1673/907/715
f 1669/907/715 1673/907/715 1675/907/715 1674/907/715
f 1674/907/715 1675/907/715 1677/907/715 1676/907/715
f 1678/906/715 1679/907/715 1681/908/715 1680/909/715
f 1679/907/715 1678/906/715 1682/906/715 1683/907/715
f 1679/907/715 1683/907/715 1685/907/715 1684/907/715
f 1684/907/715 1685/907/715 1687/907/715 1686/907/715
f 1688/906/715 1689/907/715 1691/908/715 1690/909/715
f 1689/907/715 1688/906/715 1692/906/715 1693/907/715
f 1689/907/715 1693/907/715 1695/907/715 1694/907/715
f 1694/907/715 1695/907/715 1697/907/715 1696/907/715
f 1698/906/715 1699/907/715 1701/908/715 1700/909/715
f 1699/907/715 1698/906/715 1702/906/715 1703/907/715
f 1699/907/715 1703/907/715 1705/907/715 1704/907/715
f 1704/907/715 1705/907/715 1707/907/715 1706/907/715
f 1708/906/715 1709/907/715 1711/908/715 1710/909/715
f 1709/907/715 1708/906/715 1712/906/715 1713/907/715
f 1709/907/715 1713/907/715 1715/907/715 1714/907/715
f 1714/907/715 1715/907/715 1717/907/715 1716/907/715
f 1718/906/715 1719/907/715 1721/908/715 1720/909/715
f 1719/907/715 1718/906/715 1722/906/715 1723/907/715
f 1719/907/715 1723/907/715 1725/907/715 1724/907/715
f 1724/907/715 1725/907/715 1727/907/715 1726/907/715
f 1728/906/715 1729/907/715 1731/908/715 1730/909/715
f 1729/907/715 1728/906/715 1732/906/715 1733/907/715
f 1729/907/715 1733/907/715 1735/907/715 1734/907/715
f 1734/907/715 1735/907/715 1737/907/715 1736/907/715
f 1738/906/715 1739/907/715 1741/908/715 1740/909/715
f 1739/907/715 1738/906/715 1742/906/715 1743/907/715
f 1739/907/715 1743/907/715 1745/907/715 1744/907/715
f 1744/907/715 1745/907/715 1747/907/715 1746/907/715
f 1748/906/715 1749/907/715 1751/908/715 1750/909/715
f 1749/907/715 1748/906/715 1752/906/715 1753/907/715
f 1749/907/715 1753/907/715 1755/907/715 1754/907/715
f 1754/907/715 1755/907/715 1757/907/715 1756/907/715
f 1758/906/715 1759/907/715 1761/908/715 1760/909/715
f 1759/907/715 1758/906/715 1762/906/715 1763/907/715
f 1759/907/715 1763/907/715 1765/907/715 1764/907/715
f 1764/907/715 1765/907/715 1767/907/715 1766/907/715
f 1768/906/715 1769/907/715 1771/908/715 1770/909/715
f 1769/907/715 1768/906/715 1772/906/715 1773/907/715
f 1769/907/715 1773/907/715 1775/907/715 1774/907/715
f 1774/907/715 1775/907/715 1777/907/715 1776/907/715
f 1778/906/715 1779/907/715 1781/908/715 1780/909/715
f 1779/907/715 1778/906/715 1782/906/715 1783/907/715
f 1779/907/715 1783/907/715 1785/907/715 1784/907/715
f 1784/907/715 1785/907/715 1787/907/715 1786/907/715
usemtl Material.067
f 1075/910/716 1076/911/716 1078/912/716 1077/913/716
f 1077/913/717 1078/912/717 1082/914/717 1081/915/717
f 1081/915/718 1082/914/718 1080/916/718 1079/917/718
f 1079/917/719 1080/916/719 1076/918/719 1075/919/719
f 1077/920/720 1081/915/720 1079/917/720 1075/921/720
f 1082/914/715 1078/922/715 1076/923/715 1080/916/715
f 1083/910/716 1084/911/716 1086/912/716 1085/913/716
f 1085/913/717 1086/912/717 1090/914/717 1089/915/717
f 1089/915/718 1090/914/718 1088/916/718 1087/917/718
f 1087/917/719 1088/916/719 1084/918/719 1083/919/719
f 1085/920/720 1089/915/720 1087/917/720 1083/921/720
f 1090/914/715 1086/922/715 1084/923/715 1088/916/715
f 1091/910/716 1092/911/716 1094/912/716 1093/913/716
f 1093/913/717 1094/912/717 1098/914/717 1097/915/717
f 1097/915/718 1098/914/718 1096/916/718 1095/917/718
f 1095/917/719 1096/916/719 1092/918/719 1091/919/719
f 1093/920/720 1097/915/720 1095/917/720 1091/921/720
f 1098/914/715 1094/922/715 1092/923/715 1096/916/715
f 1099/910/721 1100/911/721 1102/912/721 1101/913/721
f 1101/913/722 1102/912/722 1106/914/722 1105/915/722
f 1105/915/723 1106/914/723 1104/916/723 1103/917/723
f 1103/917/724 1104/916/724 1100/918/724 1099/919/724
f 1101/920/720 1105/915/720 1103/917/720 1099/921/720
f 1106/914/715 1102/922/715 1100/923/715 1104/916/715
usemtl Material.068
f 1107/924/725 1108/908/725 1110/925/725 1109/926/725
f 1109/926/726 1110/925/726 1112/927/726 1111/928/726
f 1111/928/727 1112/927/727 1114/929/727 1113/930/727
f 1113/930/728 1114/929/728 1116/931/728 1115/922/728
f 1115/922/729 1116/931/729 1118/932/729 1117/933/729
f 1117/933/730 1118/932/730 1120/934/730 1119/935/730
f 1119/935/731 1120/934/731 1122/936/731 1121/937/731
f 1121/937/732 1122/936/732 1124/938/732 1123/939/732
f 1123/939/733 1124/938/733 1126/940/733 1125/941/733
f 1125/941/734 1126/940/734 1128/942/734 1127/943/734
f 1127/943/735 1128/942/735 1130/944/735 1129/945/735
f 1129/945/736 1130/944/736 1132/918/736 1131/914/736
f 1131/914/737 1132/918/737 1134/946/737 1133/947/737
f 1133/947/738 1134/946/738 1136/948/738 1135/949/738
f 1135/949/739 1136/948/739 1138/950/739 1137/951/739
f 1137/951/740 1138/950/740 1140/952/740 1139/953/740
f 1139/953/741 1140/952/741 1142/954/741 1141/955/741
f 1141/955/742 1142/954/742 1144/956/742 1143/957/742
f 1143/957/743 1144/956/743 1146/958/743 1145/959/743
f 1145/959/744 1146/958/744 1148/919/744 1147/915/744
f 1147/915/745 1148/919/745 1150/960/745 1149/961/745
f 1149/961/746 1150/960/746 1152/962/746 1151/963/746
f 1151/963/747 1152/962/747 1154/964/747 1153/965/747
f 1153/965/748 1154/964/748 1156/966/748 1155/967/748
f 1155/967/749 1156/966/749 1158/968/749 1157/969/749
f 1157/969/750 1158/968/750 1160/970/750 1159/971/750
f 1159/971/751 1160/970/751 1162/972/751 1161/973/751
f 1161/973/752 1162/972/752 1164/974/752 1163/920/752
f 1163/920/753 1164/974/753 1166/975/753 1165/976/753
f 1165/976/754 1166/975/754 1168/977/754 1167/978/754
f 1110/979/715 1108/980/715 1170/981/715 1168/982/715 1166/983/715 1164/984/715 1162/985/715 1160/986/715 1158/987/715 1156/988/715 1154/989/715 1152/990/715 1150/991/715 1148/992/715 1146/993/715 1144/994/715 1142/995/715 1140/996/715 1138/997/715 1136/998/715 1134/999/715 1132/1000/715 1130/1001/715 1128/1002/715 1126/1003/715 1124/1004/715 1122/1005/715 1120/1006/715 1118/1007/715 1116/1008/715 1114/1009/715 1112/1010/715
f 1167/978/755 1168/977/755 1170/1011/755 1169/1012/755
f 1169/1012/756 1170/1011/756 1108/909/756 1107/1013/756
f 1107/1014/720 1109/1015/720 1111/1016/720 1113/1017/720 1115/1018/720 1117/1019/720 1119/1020/720 1121/1021/720 1123/1022/720 1125/1023/720 1127/1024/720 1129/1025/720 1131/1026/720 1133/1027/720 1135/1028/720 1137/1029/720 1139/1030/720 1141/1031/720 1143/1032/720 1145/1033/720 1147/1034/720 1149/1035/720 1151/1036/720 1153/1037/720 1155/1038/720 1157/1039/720 1159/1040/720 1161/1041/720 1163/1042/720 1165/1043/720 1167/1044/720 1169/1045/720
o gangstett_h_megin
v -20.183809 0.000000 1.380469
v -20.446737 0.000000 0.731724
v -20.554522 0.000000 1.530713
v -20.817450 0.000000 0.881969
v -20.183809 0.000000 1.380469
v -20.446737 0.000000 0.731724
v -20.446737 0.000000 0.731724
v -20.446737 0.000000 0.731724
v -20.446737 0.000000 0.731724
v -20.446737 0.000000 0.731724
v -19.577789 0.000000 1.134856
v -19.840717 0.000000 0.486112
v -19.948500 0.000000 1.285100
v -20.211428 0.000000 0.636356
v -19.577789 0.000000 1.134856
v -19.840717 0.000000 0.486112
v -19.840717 0.000000 0.486112
v -19.840717 0.000000 0.486112
v -19.840717 0.000000 0.486112
v -19.840717 0.000000 0.486112
v -19.820385 0.000000 2.287067
v -20.083313 0.000000 1.638323
v -20.191095 0.000000 2.437312
v -20.454023 0.000000 1.788568
v -19.820385 0.000000 2.287067
v -20.083313 0.000000 1.638323
v -20.083313 0.000000 1.638323
v -20.083313 0.000000 1.638323
v -20.083313 0.000000 1.638323
v -20.083313 0.000000 1.638323
v -19.214363 0.000000 2.041455
v -19.477291 0.000000 1.392711
v -19.585073 0.000000 2.191699
v -19.848001 0.000000 1.542955
v -19.214363 0.000000 2.041455
v -19.477291 0.000000 1.392711
v -19.477291 0.000000 1.392711
v -19.477291 0.000000 1.392711
v -19.477291 0.000000 1.392711
v -19.477291 0.000000 1.392711
v -15.976746 0.000000 12.231015
v -16.239674 0.000000 11.582271
v -16.347456 0.000000 12.381259
v -16.610384 0.000000 11.732514
v -15.976746 0.000000 12.231015
v -16.239674 0.000000 11.582271
v -16.239674 0.000000 11.582271
v -16.239674 0.000000 11.582271
v -16.239674 0.000000 11.582271
v -16.239674 0.000000 11.582271
v -15.370724 0.000000 11.985402
v -15.633652 0.000000 11.336658
v -15.741435 0.000000 12.135647
v -16.004362 0.000000 11.486902
v -15.370724 0.000000 11.985402
v -15.633652 0.000000 11.336658
v -15.633652 0.000000 11.336658
v -15.633652 0.000000 11.336658
v -15.633652 0.000000 11.336658
v -15.633652 0.000000 11.336658
v -15.613319 0.000000 13.137613
v -15.876247 0.000000 12.488869
v -15.984032 0.000000 13.287858
v -16.246960 0.000000 12.639113
v -15.613319 0.000000 13.137613
v -15.876247 0.000000 12.488869
v -15.876247 0.000000 12.488869
v -15.876247 0.000000 12.488869
v -15.876247 0.000000 12.488869
v -15.876247 0.000000 12.488869
v -15.007298 0.000000 12.892001
v -15.270226 0.000000 12.243257
v -15.378010 0.000000 13.042245
v -15.640938 0.000000 12.393500
v -15.007298 0.000000 12.892001
v -15.270226 0.000000 12.243257
v -15.270226 0.000000 12.243257
v -15.270226 0.000000 12.243257
v -15.270226 0.000000 12.243257
v -15.270226 0.000000 12.243257
v -17.387760 0.000000 8.598169
v -17.650688 0.000000 7.949426
v -17.758472 0.000000 8.748414
v -18.021400 0.000000 8.099670
v -17.387760 0.000000 8.598169
v -17.650688 0.000000 7.949426
v -17.650688 0.000000 7.949426
v -17.650688 0.000000 7.949426
v -17.650688 0.000000 7.949426
v -17.650688 0.000000 7.949426
v -16.781740 0.000000 8.352557
v -17.044666 0.000000 7.703813
v -17.152451 0.000000 8.502802
v -17.415379 0.000000 7.854057
v -16.781740 0.000000 8.352557
v -17.044666 0.000000 7.703813
v -17.044666 0.000000 7.703813
v -17.044666 0.000000 7.703813
v -17.044666 0.000000 7.703813
v -17.044666 0.000000 7.703813
v -17.024336 0.000000 9.504768
v -17.287264 0.000000 8.856025
v -17.395046 0.000000 9.655013
v -17.657974 0.000000 9.006269
v -17.024336 0.000000 9.504768
v -17.287264 0.000000 8.856025
v -17.287264 0.000000 8.856025
v -17.287264 0.000000 8.856025
v -17.287264 0.000000 8.856025
v -17.287264 0.000000 8.856025
v -16.418314 0.000000 9.259155
v -16.681242 0.000000 8.610412
v -16.789024 0.000000 9.409400
v -17.051952 0.000000 8.760656
v -16.418314 0.000000 9.259155
v -16.681242 0.000000 8.610412
v -16.681242 0.000000 8.610412
v -16.681242 0.000000 8.610412
v -16.681242 0.000000 8.610412
v -16.681242 0.000000 8.610412
v -18.736261 0.000000 4.960885
v -18.999189 0.000000 4.312141
v -19.106972 0.000000 5.111130
v -19.369900 0.000000 4.462386
v -18.736261 0.000000 4.960885
v -18.999189 0.000000 4.312141
v -18.999189 0.000000 4.312141
v -18.999189 0.000000 4.312141
v -18.999189 0.000000 4.312141
v -18.999189 0.000000 4.312141
v -18.130239 0.000000 4.715273
v -18.393167 0.000000 4.066528
v -18.500950 0.000000 4.865517
v -18.763878 0.000000 4.216773
v -18.130239 0.000000 4.715273
v -18.393167 0.000000 4.066528
v -18.393167 0.000000 4.066528
v -18.393167 0.000000 4.066528
v -18.393167 0.000000 4.066528
v -18.393167 0.000000 4.066528
v -18.372835 0.000000 5.867484
v -18.635763 0.000000 5.218740
v -18.743547 0.000000 6.017729
v -19.006474 0.000000 5.368984
v -18.372835 0.000000 5.867484
v -18.635763 0.000000 5.218740
v -18.635763 0.000000 5.218740
v -18.635763 0.000000 5.218740
v -18.635763 0.000000 5.218740
v -18.635763 0.000000 5.218740
v -17.766815 0.000000 5.621872
v -18.029743 0.000000 4.973127
v -18.137526 0.000000 5.772116
v -18.400454 0.000000 5.123372
v -17.766815 0.000000 5.621872
v -18.029743 0.000000 4.973127
v -18.029743 0.000000 4.973127
v -18.029743 0.000000 4.973127
v -18.029743 0.000000 4.973127
v -18.029743 0.000000 4.973127
v -19.514915 0.000000 3.223142
v -19.777843 0.000000 2.574398
v -19.885628 0.000000 3.373386
v -20.148554 0.000000 2.724642
v -19.514915 0.000000 3.223142
v -19.777843 0.000000 2.574398
v -19.777843 0.000000 2.574398
v -19.777843 0.000000 2.574398
v -19.777843 0.000000 2.574398
v -19.777843 0.000000 2.574398
v -18.908894 0.000000 2.977529
v -19.171822 0.000000 2.328785
v -19.279606 0.000000 3.127774
v -19.542534 0.000000 2.479029
v -18.908894 0.000000 2.977529
v -19.171822 0.000000 2.328785
v -19.171822 0.000000 2.328785
v -19.171822 0.000000 2.328785
v -19.171822 0.000000 2.328785
v -19.171822 0.000000 2.328785
v -19.151491 0.000000 4.129741
v -19.414417 0.000000 3.480997
v -19.522202 0.000000 4.279985
v -19.785130 0.000000 3.631241
v -19.151491 0.000000 4.129741
v -19.414417 0.000000 3.480997
v -19.414417 0.000000 3.480997
v -19.414417 0.000000 3.480997
v -19.414417 0.000000 3.480997
v -19.414417 0.000000 3.480997
v -18.545469 0.000000 3.884128
v -18.808397 0.000000 3.235384
v -18.916180 0.000000 4.034372
v -19.179108 0.000000 3.385628
v -18.545469 0.000000 3.884128
v -18.808397 0.000000 3.235384
v -18.808397 0.000000 3.235384
v -18.808397 0.000000 3.235384
v -18.808397 0.000000 3.235384
v -18.808397 0.000000 3.235384
v -18.051945 0.000000 6.770209
v -18.314873 0.000000 6.121466
v -18.422657 0.000000 6.920454
v -18.685583 0.000000 6.271709
v -18.051945 0.000000 6.770209
v -18.314873 0.000000 6.121466
v -18.314873 0.000000 6.121466
v -18.314873 0.000000 6.121466
v -18.314873 0.000000 6.121466
v -18.314873 0.000000 6.121466
v -17.445925 0.000000 6.524596
v -17.708851 0.000000 5.875853
v -17.816635 0.000000 6.674841
v -18.079563 0.000000 6.026097
v -17.445925 0.000000 6.524596
v -17.708851 0.000000 5.875853
v -17.708851 0.000000 5.875853
v -17.708851 0.000000 5.875853
v -17.708851 0.000000 5.875853
v -17.708851 0.000000 5.875853
v -17.688520 0.000000 7.676808
v -17.951447 0.000000 7.028064
v -18.059231 0.000000 7.827052
v -18.322159 0.000000 7.178308
v -17.688520 0.000000 7.676808
v -17.951447 0.000000 7.028064
v -17.951447 0.000000 7.028064
v -17.951447 0.000000 7.028064
v -17.951447 0.000000 7.028064
v -17.951447 0.000000 7.028064
v -17.082499 0.000000 7.431195
v -17.345427 0.000000 6.782452
v -17.453209 0.000000 7.581440
v -17.716137 0.000000 6.932695
v -17.082499 0.000000 7.431195
v -17.345427 0.000000 6.782452
v -17.345427 0.000000 6.782452
v -17.345427 0.000000 6.782452
v -17.345427 0.000000 6.782452
v -17.345427 0.000000 6.782452
v -16.749868 0.000000 10.419022
v -17.012796 0.000000 9.770277
v -17.120579 0.000000 10.569266
v -17.383507 0.000000 9.920522
v -16.749868 0.000000 10.419022
v -17.012796 0.000000 9.770277
v -17.012796 0.000000 9.770277
v -17.012796 0.000000 9.770277
v -17.012796 0.000000 9.770277
v -17.012796 0.000000 9.770277
v -16.143847 0.000000 10.173409
v -16.406775 0.000000 9.524665
v -16.514559 0.000000 10.323654
v -16.777485 0.000000 9.674910
v -16.143847 0.000000 10.173409
v -16.406775 0.000000 9.524665
v -16.406775 0.000000 9.524665
v -16.406775 0.000000 9.524665
v -16.406775 0.000000 9.524665
v -16.406775 0.000000 9.524665
v -16.386444 0.000000 11.325621
v -16.649370 0.000000 10.676876
v -16.757154 0.000000 11.475865
v -17.020081 0.000000 10.827121
v -16.386444 0.000000 11.325621
v -16.649370 0.000000 10.676876
v -16.649370 0.000000 10.676876
v -16.649370 0.000000 10.676876
v -16.649370 0.000000 10.676876
v -16.649370 0.000000 10.676876
v -15.780422 0.000000 11.080009
v -16.043350 0.000000 10.431264
v -16.151133 0.000000 11.230252
v -16.414061 0.000000 10.581508
v -15.780422 0.000000 11.080009
v -16.043350 0.000000 10.431264
v -16.043350 0.000000 10.431264
v -16.043350 0.000000 10.431264
v -16.043350 0.000000 10.431264
v -16.043350 0.000000 10.431264
vn -0.0000 1.0000 -0.0000
vt 0.000000 0.000000
vt 1.000000 0.000000
vt 1.000000 1.000000
vt 0.000000 1.000000
s 0
usemtl Material.015
f 1788/1046/757 1789/1047/757 1791/1048/757 1790/1049/757
f 1789/1047/757 1788/1046/757 1792/1046/757 1793/1047/757
f 1789/1047/757 1793/1047/757 1795/1047/757 1794/1047/757
f 1794/1047/757 1795/1047/757 1797/1047/757 1796/1047/757
f 1798/1046/757 1799/1047/757 1801/1048/757 1800/1049/757
f 1799/1047/757 1798/1046/757 1802/1046/757 1803/1047/757
f 1799/1047/757 1803/1047/757 1805/1047/757 1804/1047/757
f 1804/1047/757 1805/1047/757 1807/1047/757 1806/1047/757
f 1808/1046/757 1809/1047/757 1811/1048/757 1810/1049/757
f 1809/1047/757 1808/1046/757 1812/1046/757 1813/1047/757
f 1809/1047/757 1813/1047/757 1815/1047/757 1814/1047/757
f 1814/1047/757 1815/1047/757 1817/1047/757 1816/1047/757
f 1818/1046/757 1819/1047/757 1821/1048/757 1820/1049/757
f 1819/1047/757 1818/1046/757 1822/1046/757 1823/1047/757
f 1819/1047/757 1823/1047/757 1825/1047/757 1824/1047/757
f 1824/1047/757 1825/1047/757 1827/1047/757 1826/1047/757
f 1828/1046/757 1829/1047/757 1831/1048/757 1830/1049/757
f 1829/1047/757 1828/1046/757 1832/1046/757 1833/1047/757
f 1829/1047/757 1833/1047/757 1835/1047/757 1834/1047/757
f 1834/1047/757 1835/1047/757 1837/1047/757 1836/1047/757
f 1838/1046/757 1839/1047/757 1841/1048/757 1840/1049/757
f 1839/1047/757 1838/1046/757 1842/1046/757 1843/1047/757
f 1839/1047/757 1843/1047/757 1845/1047/757 1844/1047/757
f 1844/1047/757 1845/1047/757 1847/1047/757 1846/1047/757
f 1848/1046/757 1849/1047/757 1851/1048/757 1850/1049/757
f 1849/1047/757 1848/1046/757 1852/1046/757 1853/1047/757
f 1849/1047/757 1853/1047/757 1855/1047/757 1854/1047/757
f 1854/1047/757 1855/1047/757 1857/1047/757 1856/1047/757
f 1858/1046/757 1859/1047/757 1861/1048/757 1860/1049/757
f 1859/1047/757 1858/1046/757 1862/1046/757 1863/1047/757
f 1859/1047/757 1863/1047/757 1865/1047/757 1864/1047/757
f 1864/1047/757 1865/1047/757 1867/1047/757 1866/1047/757
f 1868/1046/757 1869/1047/757 1871/1048/757 1870/1049/757
f 1869/1047/757 1868/1046/757 1872/1046/757 1873/1047/757
f 1869/1047/757 1873/1047/757 1875/1047/757 1874/1047/757
f 1874/1047/757 1875/1047/757 1877/1047/757 1876/1047/757
f 1878/1046/757 1879/1047/757 1881/1048/757 1880/1049/757
f 1879/1047/757 1878/1046/757 1882/1046/757 1883/1047/757
f 1879/1047/757 1883/1047/757 1885/1047/757 1884/1047/757
f 1884/1047/757 1885/1047/757 1887/1047/757 1886/1047/757
f 1888/1046/757 1889/1047/757 1891/1048/757 1890/1049/757
f 1889/1047/757 1888/1046/757 1892/1046/757 1893/1047/757
f 1889/1047/757 1893/1047/757 1895/1047/757 1894/1047/757
f 1894/1047/757 1895/1047/757 1897/1047/757 1896/1047/757
f 1898/1046/757 1899/1047/757 1901/1048/757 1900/1049/757
f 1899/1047/757 1898/1046/757 1902/1046/757 1903/1047/757
f 1899/1047/757 1903/1047/757 1905/1047/757 1904/1047/757
f 1904/1047/757 1905/1047/757 1907/1047/757 1906/1047/757
f 1908/1046/757 1909/1047/757 1911/1048/757 1910/1049/757
f 1909/1047/757 1908/1046/757 1912/1046/757 1913/1047/757
f 1909/1047/757 1913/1047/757 1915/1047/757 1914/1047/757
f 1914/1047/757 1915/1047/757 1917/1047/757 1916/1047/757
f 1918/1046/757 1919/1047/757 1921/1048/757 1920/1049/757
f 1919/1047/757 1918/1046/757 1922/1046/757 1923/1047/757
f 1919/1047/757 1923/1047/757 1925/1047/757 1924/1047/757
f 1924/1047/757 1925/1047/757 1927/1047/757 1926/1047/757
f 1928/1046/757 1929/1047/757 1931/1048/757 1930/1049/757
f 1929/1047/757 1928/1046/757 1932/1046/757 1933/1047/757
f 1929/1047/757 1933/1047/757 1935/1047/757 1934/1047/757
f 1934/1047/757 1935/1047/757 1937/1047/757 1936/1047/757
f 1938/1046/757 1939/1047/757 1941/1048/757 1940/1049/757
f 1939/1047/757 1938/1046/757 1942/1046/757 1943/1047/757
f 1939/1047/757 1943/1047/757 1945/1047/757 1944/1047/757
f 1944/1047/757 1945/1047/757 1947/1047/757 1946/1047/757
f 1948/1046/757 1949/1047/757 1951/1048/757 1950/1049/757
f 1949/1047/757 1948/1046/757 1952/1046/757 1953/1047/757
f 1949/1047/757 1953/1047/757 1955/1047/757 1954/1047/757
f 1954/1047/757 1955/1047/757 1957/1047/757 1956/1047/757
f 1958/1046/757 1959/1047/757 1961/1048/757 1960/1049/757
f 1959/1047/757 1958/1046/757 1962/1046/757 1963/1047/757
f 1959/1047/757 1963/1047/757 1965/1047/757 1964/1047/757
f 1964/1047/757 1965/1047/757 1967/1047/757 1966/1047/757
f 1968/1046/757 1969/1047/757 1971/1048/757 1970/1049/757
f 1969/1047/757 1968/1046/757 1972/1046/757 1973/1047/757
f 1969/1047/757 1973/1047/757 1975/1047/757 1974/1047/757
f 1974/1047/757 1975/1047/757 1977/1047/757 1976/1047/757
f 1978/1046/757 1979/1047/757 1981/1048/757 1980/1049/757
f 1979/1047/757 1978/1046/757 1982/1046/757 1983/1047/757
f 1979/1047/757 1983/1047/757 1985/1047/757 1984/1047/757
f 1984/1047/757 1985/1047/757 1987/1047/757 1986/1047/757
f 1988/1046/757 1989/1047/757 1991/1048/757 1990/1049/757
f 1989/1047/757 1988/1046/757 1992/1046/757 1993/1047/757
f 1989/1047/757 1993/1047/757 1995/1047/757 1994/1047/757
f 1994/1047/757 1995/1047/757 1997/1047/757 1996/1047/757
f 1998/1046/757 1999/1047/757 2001/1048/757 2000/1049/757
f 1999/1047/757 1998/1046/757 2002/1046/757 2003/1047/757
f 1999/1047/757 2003/1047/757 2005/1047/757 2004/1047/757
f 2004/1047/757 2005/1047/757 2007/1047/757 2006/1047/757
f 2008/1046/757 2009/1047/757 2011/1048/757 2010/1049/757
f 2009/1047/757 2008/1046/757 2012/1046/757 2013/1047/757
f 2009/1047/757 2013/1047/757 2015/1047/757 2014/1047/757
f 2014/1047/757 2015/1047/757 2017/1047/757 2016/1047/757
f 2018/1046/757 2019/1047/757 2021/1048/757 2020/1049/757
f 2019/1047/757 2018/1046/757 2022/1046/757 2023/1047/757
f 2019/1047/757 2023/1047/757 2025/1047/757 2024/1047/757
f 2024/1047/757 2025/1047/757 2027/1047/757 2026/1047/757
f 2028/1046/757 2029/1047/757 2031/1048/757 2030/1049/757
f 2029/1047/757 2028/1046/757 2032/1046/757 2033/1047/757
f 2029/1047/757 2033/1047/757 2035/1047/757 2034/1047/757
f 2034/1047/757 2035/1047/757 2037/1047/757 2036/1047/757
f 2038/1046/757 2039/1047/757 2041/1048/757 2040/1049/757
f 2039/1047/757 2038/1046/757 2042/1046/757 2043/1047/757
f 2039/1047/757 2043/1047/757 2045/1047/757 2044/1047/757
f 2044/1047/757 2045/1047/757 2047/1047/757 2046/1047/757
f 2048/1046/757 2049/1047/757 2051/1048/757 2050/1049/757
f 2049/1047/757 2048/1046/757 2052/1046/757 2053/1047/757
f 2049/1047/757 2053/1047/757 2055/1047/757 2054/1047/757
f 2054/1047/757 2055/1047/757 2057/1047/757 2056/1047/757
f 2058/1046/757 2059/1047/757 2061/1048/757 2060/1049/757
f 2059/1047/757 2058/1046/757 2062/1046/757 2063/1047/757
f 2059/1047/757 2063/1047/757 2065/1047/757 2064/1047/757
f 2064/1047/757 2065/1047/757 2067/1047/757 2066/1047/757
o gangstett_ad_vatnsbera
v 9.541564 0.000000 52.479523
v 8.871974 0.000000 51.250031
v 8.838998 0.000000 52.862144
v 8.169408 0.000000 51.632652
v 9.541564 0.000000 52.479523
v 8.871974 0.000000 51.250031
v 8.871974 0.000000 51.250031
v 8.871974 0.000000 51.250031
v 8.871974 0.000000 51.250031
v 8.871974 0.000000 51.250031
v 10.690088 0.000000 51.854027
v 10.020497 0.000000 50.624535
v 9.987521 0.000000 52.236649
v 9.317931 0.000000 51.007160
v 10.690088 0.000000 51.854027
v 10.020497 0.000000 50.624535
v 10.020497 0.000000 50.624535
v 10.020497 0.000000 50.624535
v 10.020497 0.000000 50.624535
v 10.020497 0.000000 50.624535
v 10.469332 0.000000 54.198605
v 9.799742 0.000000 52.969112
v 9.766765 0.000000 54.581226
v 9.097175 0.000000 53.351738
v 10.469332 0.000000 54.198605
v 9.799742 0.000000 52.969112
v 9.799742 0.000000 52.969112
v 9.799742 0.000000 52.969112
v 9.799742 0.000000 52.969112
v 9.799742 0.000000 52.969112
v 11.617855 0.000000 53.573109
v 10.948265 0.000000 52.343620
v 10.915289 0.000000 53.955734
v 10.245698 0.000000 52.726242
v 11.617855 0.000000 53.573109
v 10.948265 0.000000 52.343620
v 10.948265 0.000000 52.343620
v 10.948265 0.000000 52.343620
v 10.948265 0.000000 52.343620
v 10.948265 0.000000 52.343620
v 7.659685 0.000000 48.983402
v 6.990095 0.000000 47.753914
v 6.957118 0.000000 49.366028
v 6.287528 0.000000 48.136536
v 7.659685 0.000000 48.983402
v 6.990095 0.000000 47.753914
v 6.990095 0.000000 47.753914
v 6.990095 0.000000 47.753914
v 6.990095 0.000000 47.753914
v 6.990095 0.000000 47.753914
v 8.808208 0.000000 48.357910
v 8.138618 0.000000 47.128418
v 8.105641 0.000000 48.740532
v 7.436051 0.000000 47.511040
v 8.808208 0.000000 48.357910
v 8.138618 0.000000 47.128418
v 8.138618 0.000000 47.128418
v 8.138618 0.000000 47.128418
v 8.138618 0.000000 47.128418
v 8.138618 0.000000 47.128418
v 8.587452 0.000000 50.702488
v 7.917862 0.000000 49.472996
v 7.884885 0.000000 51.085110
v 7.215295 0.000000 49.855618
v 8.587452 0.000000 50.702488
v 7.917862 0.000000 49.472996
v 7.917862 0.000000 49.472996
v 7.917862 0.000000 49.472996
v 7.917862 0.000000 49.472996
v 7.917862 0.000000 49.472996
v 9.735975 0.000000 50.076992
v 9.066385 0.000000 48.847500
v 9.033409 0.000000 50.459614
v 8.363819 0.000000 49.230125
v 9.735975 0.000000 50.076992
v 9.066385 0.000000 48.847500
v 9.066385 0.000000 48.847500
v 9.066385 0.000000 48.847500
v 9.066385 0.000000 48.847500
v 9.066385 0.000000 48.847500
v 5.900911 0.000000 45.616360
v 5.231321 0.000000 44.386871
v 5.198345 0.000000 45.998985
v 4.528755 0.000000 44.769493
v 5.900911 0.000000 45.616360
v 5.231321 0.000000 44.386871
v 5.231321 0.000000 44.386871
v 5.231321 0.000000 44.386871
v 5.231321 0.000000 44.386871
v 5.231321 0.000000 44.386871
v 7.049435 0.000000 44.990868
v 6.379845 0.000000 43.761375
v 6.346869 0.000000 45.373489
v 5.677278 0.000000 44.143997
v 7.049435 0.000000 44.990868
v 6.379845 0.000000 43.761375
v 6.379845 0.000000 43.761375
v 6.379845 0.000000 43.761375
v 6.379845 0.000000 43.761375
v 6.379845 0.000000 43.761375
v 6.828679 0.000000 47.335445
v 6.159089 0.000000 46.105953
v 6.126112 0.000000 47.718067
v 5.456522 0.000000 46.488575
v 6.828679 0.000000 47.335445
v 6.159089 0.000000 46.105953
v 6.159089 0.000000 46.105953
v 6.159089 0.000000 46.105953
v 6.159089 0.000000 46.105953
v 6.159089 0.000000 46.105953
v 7.977202 0.000000 46.709949
v 7.307612 0.000000 45.480457
v 7.274635 0.000000 47.092571
v 6.605045 0.000000 45.863083
v 7.977202 0.000000 46.709949
v 7.307612 0.000000 45.480457
v 7.307612 0.000000 45.480457
v 7.307612 0.000000 45.480457
v 7.307612 0.000000 45.480457
v 7.307612 0.000000 45.480457
v 5.005795 0.000000 43.910919
v 4.444901 0.000000 42.628189
v 4.272806 0.000000 44.231430
v 3.711912 0.000000 42.948700
v 5.005795 0.000000 43.910919
v 4.444901 0.000000 42.628189
v 4.444901 0.000000 42.628189
v 4.444901 0.000000 42.628189
v 4.444901 0.000000 42.628189
v 4.444901 0.000000 42.628189
v 6.204051 0.000000 43.386963
v 5.643157 0.000000 42.104233
v 5.471063 0.000000 43.707474
v 4.910169 0.000000 42.424744
v 6.204051 0.000000 43.386963
v 5.643157 0.000000 42.104233
v 5.643157 0.000000 42.104233
v 5.643157 0.000000 42.104233
v 5.643157 0.000000 42.104233
v 5.643157 0.000000 42.104233
v 4.234822 0.000000 42.277264
v 3.673928 0.000000 40.994534
v 3.501832 0.000000 42.597775
v 2.940939 0.000000 41.315044
v 4.234822 0.000000 42.277264
v 3.673928 0.000000 40.994534
v 3.673928 0.000000 40.994534
v 3.673928 0.000000 40.994534
v 3.673928 0.000000 40.994534
v 3.673928 0.000000 40.994534
v 5.433078 0.000000 41.753307
v 4.872185 0.000000 40.470577
v 4.700089 0.000000 42.073818
v 4.139195 0.000000 40.791088
v 5.433078 0.000000 41.753307
v 4.872185 0.000000 40.470577
v 4.872185 0.000000 40.470577
v 4.872185 0.000000 40.470577
v 4.872185 0.000000 40.470577
v 4.872185 0.000000 40.470577
v 3.441080 0.000000 40.591671
v 2.880187 0.000000 39.308941
v 2.708091 0.000000 40.912182
v 2.147197 0.000000 39.629452
v 3.441080 0.000000 40.591671
v 2.880187 0.000000 39.308941
v 2.880187 0.000000 39.308941
v 2.880187 0.000000 39.308941
v 2.880187 0.000000 39.308941
v 2.880187 0.000000 39.308941
v 4.639338 0.000000 40.067715
v 4.078443 0.000000 38.784985
v 3.906348 0.000000 40.388229
v 3.345454 0.000000 39.105495
v 4.639338 0.000000 40.067715
v 4.078443 0.000000 38.784985
v 4.078443 0.000000 38.784985
v 4.078443 0.000000 38.784985
v 4.078443 0.000000 38.784985
v 4.078443 0.000000 38.784985
v 2.732760 0.000000 38.968910
v 2.171867 0.000000 37.686180
v 1.999772 0.000000 39.289421
v 1.438878 0.000000 38.006691
v 2.732760 0.000000 38.968910
v 2.171867 0.000000 37.686180
v 2.171867 0.000000 37.686180
v 2.171867 0.000000 37.686180
v 2.171867 0.000000 37.686180
v 2.171867 0.000000 37.686180
v 3.931018 0.000000 38.444954
v 3.370123 0.000000 37.162224
v 3.198029 0.000000 38.765465
v 2.637135 0.000000 37.482735
v 3.931018 0.000000 38.444954
v 3.370123 0.000000 37.162224
v 3.370123 0.000000 37.162224
v 3.370123 0.000000 37.162224
v 3.370123 0.000000 37.162224
v 3.370123 0.000000 37.162224
vn -0.0000 1.0000 -0.0000
vt 0.000000 0.000000
vt 1.000000 0.000000
vt 1.000000 1.000000
vt 0.000000 1.000000
s 0
usemtl Material.025
f 2068/1050/758 2069/1051/758 2071/1052/758 2070/1053/758
f 2069/1051/758 2068/1050/758 2072/1050/758 2073/1051/758
f 2069/1051/758 2073/1051/758 2075/1051/758 2074/1051/758
f 2074/1051/758 2075/1051/758 2077/1051/758 2076/1051/758
f 2078/1050/758 2079/1051/758 2081/1052/758 2080/1053/758
f 2079/1051/758 2078/1050/758 2082/1050/758 2083/1051/758
f 2079/1051/758 2083/1051/758 2085/1051/758 2084/1051/758
f 2084/1051/758 2085/1051/758 2087/1051/758 2086/1051/758
f 2088/1050/758 2089/1051/758 2091/1052/758 2090/1053/758
f 2089/1051/758 2088/1050/758 2092/1050/758 2093/1051/758
f 2089/1051/758 2093/1051/758 2095/1051/758 2094/1051/758
f 2094/1051/758 2095/1051/758 2097/1051/758 2096/1051/758
f 2098/1050/758 2099/1051/758 2101/1052/758 2100/1053/758
f 2099/1051/758 2098/1050/758 2102/1050/758 2103/1051/758
f 2099/1051/758 2103/1051/758 2105/1051/758 2104/1051/758
f 2104/1051/758 2105/1051/758 2107/1051/758 2106/1051/758
f 2108/1050/758 2109/1051/758 2111/1052/758 2110/1053/758
f 2109/1051/758 2108/1050/758 2112/1050/758 2113/1051/758
f 2109/1051/758 2113/1051/758 2115/1051/758 2114/1051/758
f 2114/1051/758 2115/1051/758 2117/1051/758 2116/1051/758
f 2118/1050/758 2119/1051/758 2121/1052/758 2120/1053/758
f 2119/1051/758 2118/1050/758 2122/1050/758 2123/1051/758
f 2119/1051/758 2123/1051/758 2125/1051/758 2124/1051/758
f 2124/1051/758 2125/1051/758 2127/1051/758 2126/1051/758
f 2128/1050/758 2129/1051/758 2131/1052/758 2130/1053/758
f 2129/1051/758 2128/1050/758 2132/1050/758 2133/1051/758
f 2129/1051/758 2133/1051/758 2135/1051/758 2134/1051/758
f 2134/1051/758 2135/1051/758 2137/1051/758 2136/1051/758
f 2138/1050/758 2139/1051/758 2141/1052/758 2140/1053/758
f 2139/1051/758 2138/1050/758 2142/1050/758 2143/1051/758
f 2139/1051/758 2143/1051/758 2145/1051/758 2144/1051/758
f 2144/1051/758 2145/1051/758 2147/1051/758 2146/1051/758
f 2148/1050/758 2149/1051/758 2151/1052/758 2150/1053/758
f 2149/1051/758 2148/1050/758 2152/1050/758 2153/1051/758
f 2149/1051/758 2153/1051/758 2155/1051/758 2154/1051/758
f 2154/1051/758 2155/1051/758 2157/1051/758 2156/1051/758
f 2158/1050/758 2159/1051/758 2161/1052/758 2160/1053/758
f 2159/1051/758 2158/1050/758 2162/1050/758 2163/1051/758
f 2159/1051/758 2163/1051/758 2165/1051/758 2164/1051/758
f 2164/1051/758 2165/1051/758 2167/1051/758 2166/1051/758
f 2168/1050/758 2169/1051/758 2171/1052/758 2170/1053/758
f 2169/1051/758 2168/1050/758 2172/1050/758 2173/1051/758
f 2169/1051/758 2173/1051/758 2175/1051/758 2174/1051/758
f 2174/1051/758 2175/1051/758 2177/1051/758 2176/1051/758
f 2178/1050/758 2179/1051/758 2181/1052/758 2180/1053/758
f 2179/1051/758 2178/1050/758 2182/1050/758 2183/1051/758
f 2179/1051/758 2183/1051/758 2185/1051/758 2184/1051/758
f 2184/1051/758 2185/1051/758 2187/1051/758 2186/1051/758
f 2188/1050/758 2189/1051/758 2191/1052/758 2190/1053/758
f 2189/1051/758 2188/1050/758 2192/1050/758 2193/1051/758
f 2189/1051/758 2193/1051/758 2195/1051/758 2194/1051/758
f 2194/1051/758 2195/1051/758 2197/1051/758 2196/1051/758
f 2198/1050/758 2199/1051/758 2201/1052/758 2200/1053/758
f 2199/1051/758 2198/1050/758 2202/1050/758 2203/1051/758
f 2199/1051/758 2203/1051/758 2205/1051/758 2204/1051/758
f 2204/1051/758 2205/1051/758 2207/1051/758 2206/1051/758
f 2208/1050/758 2209/1051/758 2211/1052/758 2210/1053/758
f 2209/1051/758 2208/1050/758 2212/1050/758 2213/1051/758
f 2209/1051/758 2213/1051/758 2215/1051/758 2214/1051/758
f 2214/1051/758 2215/1051/758 2217/1051/758 2216/1051/758
f 2218/1050/758 2219/1051/758 2221/1052/758 2220/1053/758
f 2219/1051/758 2218/1050/758 2222/1050/758 2223/1051/758
f 2219/1051/758 2223/1051/758 2225/1051/758 2224/1051/758
f 2224/1051/758 2225/1051/758 2227/1051/758 2226/1051/758
f 2228/1050/758 2229/1051/758 2231/1052/758 2230/1053/758
f 2229/1051/758 2228/1050/758 2232/1050/758 2233/1051/758
f 2229/1051/758 2233/1051/758 2235/1051/758 2234/1051/758
f 2234/1051/758 2235/1051/758 2237/1051/758 2236/1051/758
f 2238/1050/758 2239/1051/758 2241/1052/758 2240/1053/758
f 2239/1051/758 2238/1050/758 2242/1050/758 2243/1051/758
f 2239/1051/758 2243/1051/758 2245/1051/758 2244/1051/758
f 2244/1051/758 2245/1051/758 2247/1051/758 2246/1051/758
f 2248/1050/758 2249/1051/758 2251/1052/758 2250/1053/758
f 2249/1051/758 2248/1050/758 2252/1050/758 2253/1051/758
f 2249/1051/758 2253/1051/758 2255/1051/758 2254/1051/758
f 2254/1051/758 2255/1051/758 2257/1051/758 2256/1051/758
f 2258/1050/758 2259/1051/758 2261/1052/758 2260/1053/758
f 2259/1051/758 2258/1050/758 2262/1050/758 2263/1051/758
f 2259/1051/758 2263/1051/758 2265/1051/758 2264/1051/758
f 2264/1051/758 2265/1051/758 2267/1051/758 2266/1051/758
o litil_stett_ad_tonum_hafsins
v 36.144588 0.000000 -1.528498
v 36.144588 0.000000 -2.228498
v 35.744587 0.000000 -1.528498
v 35.744587 0.000000 -2.228498
v 36.144588 0.000000 -1.528498
v 36.144588 0.000000 -2.228498
v 36.144588 0.000000 -2.228498
v 36.144588 0.000000 -2.228498
v 36.144588 0.000000 -2.228498
v 36.144588 0.000000 -2.228498
v 36.798489 0.000000 -1.528498
v 36.798489 0.000000 -2.228498
v 36.398491 0.000000 -1.528498
v 36.398491 0.000000 -2.228498
v 36.798489 0.000000 -1.528498
v 36.798489 0.000000 -2.228498
v 36.798489 0.000000 -2.228498
v 36.798489 0.000000 -2.228498
v 36.798489 0.000000 -2.228498
v 36.798489 0.000000 -2.228498
v 36.118866 0.000000 -0.628175
v 36.118866 0.000000 -1.328175
v 35.718868 0.000000 -0.628175
v 35.718868 0.000000 -1.328175
v 36.118866 0.000000 -0.628175
v 36.118866 0.000000 -1.328175
v 36.118866 0.000000 -1.328175
v 36.118866 0.000000 -1.328175
v 36.118866 0.000000 -1.328175
v 36.118866 0.000000 -1.328175
v 36.772770 0.000000 -0.628175
v 36.772770 0.000000 -1.328176
v 36.372768 0.000000 -0.628175
v 36.372768 0.000000 -1.328175
v 36.772770 0.000000 -0.628175
v 36.772770 0.000000 -1.328176
v 36.772770 0.000000 -1.328176
v 36.772770 0.000000 -1.328176
v 36.772770 0.000000 -1.328176
v 36.772770 0.000000 -1.328176
v 36.142883 0.000000 1.244551
v 36.142883 0.000000 0.544551
v 35.742886 0.000000 1.244551
v 35.742886 0.000000 0.544551
v 36.142883 0.000000 1.244551
v 36.142883 0.000000 0.544551
v 36.142883 0.000000 0.544551
v 36.142883 0.000000 0.544551
v 36.142883 0.000000 0.544551
v 36.142883 0.000000 0.544551
v 36.796787 0.000000 1.244551
v 36.796787 0.000000 0.544551
v 36.396786 0.000000 1.244551
v 36.396786 0.000000 0.544551
v 36.796787 0.000000 1.244551
v 36.796787 0.000000 0.544551
v 36.796787 0.000000 0.544551
v 36.796787 0.000000 0.544551
v 36.796787 0.000000 0.544551
v 36.796787 0.000000 0.544551
v 36.161613 0.000000 3.167514
v 36.161613 0.000000 2.467514
v 35.761612 0.000000 3.167514
v 35.761612 0.000000 2.467514
v 36.161613 0.000000 3.167514
v 36.161613 0.000000 2.467514
v 36.161613 0.000000 2.467514
v 36.161613 0.000000 2.467514
v 36.161613 0.000000 2.467514
v 36.161613 0.000000 2.467514
v 36.815514 0.000000 3.167514
v 36.815514 0.000000 2.467514
v 36.415516 0.000000 3.167514
v 36.415516 0.000000 2.467514
v 36.815514 0.000000 3.167514
v 36.815514 0.000000 2.467514
v 36.815514 0.000000 2.467514
v 36.815514 0.000000 2.467514
v 36.815514 0.000000 2.467514
v 36.815514 0.000000 2.467514
v 36.177162 0.000000 5.125030
v 36.177162 0.000000 4.425030
v 35.777161 0.000000 5.125030
v 35.777161 0.000000 4.425030
v 36.177162 0.000000 5.125030
v 36.177162 0.000000 4.425030
v 36.177162 0.000000 4.425030
v 36.177162 0.000000 4.425030
v 36.177162 0.000000 4.425030
v 36.177162 0.000000 4.425030
v 36.831062 0.000000 5.125030
v 36.831062 0.000000 4.425030
v 36.431065 0.000000 5.125030
v 36.431065 0.000000 4.425030
v 36.831062 0.000000 5.125030
v 36.831062 0.000000 4.425030
v 36.831062 0.000000 4.425030
v 36.831062 0.000000 4.425030
v 36.831062 0.000000 4.425030
v 36.831062 0.000000 4.425030
v 36.149784 0.000000 7.090424
v 36.149780 0.000000 6.390424
v 35.749783 0.000000 7.090424
v 35.749783 0.000000 6.390424
v 36.149784 0.000000 7.090424
v 36.149780 0.000000 6.390424
v 36.149780 0.000000 6.390424
v 36.149780 0.000000 6.390424
v 36.149780 0.000000 6.390424
v 36.149780 0.000000 6.390424
v 36.803684 0.000000 7.090424
v 36.803684 0.000000 6.390424
v 36.403683 0.000000 7.090424
v 36.403683 0.000000 6.390424
v 36.803684 0.000000 7.090424
v 36.803684 0.000000 6.390424
v 36.803684 0.000000 6.390424
v 36.803684 0.000000 6.390424
v 36.803684 0.000000 6.390424
v 36.803684 0.000000 6.390424
v 36.173618 0.000000 9.047458
v 36.173618 0.000000 8.347458
v 35.773617 0.000000 9.047458
v 35.773617 0.000000 8.347458
v 36.173618 0.000000 9.047458
v 36.173618 0.000000 8.347458
v 36.173618 0.000000 8.347458
v 36.173618 0.000000 8.347458
v 36.173618 0.000000 8.347458
v 36.173618 0.000000 8.347458
v 36.827518 0.000000 9.047458
v 36.827518 0.000000 8.347458
v 36.427517 0.000000 9.047458
v 36.427517 0.000000 8.347458
v 36.827518 0.000000 9.047458
v 36.827518 0.000000 8.347458
v 36.827518 0.000000 8.347458
v 36.827518 0.000000 8.347458
v 36.827518 0.000000 8.347458
v 36.827518 0.000000 8.347458
v 36.090248 0.000000 0.310031
v 36.090248 0.000000 -0.389969
v 35.690247 0.000000 0.310031
v 35.690247 0.000000 -0.389969
v 36.090248 0.000000 0.310031
v 36.090248 0.000000 -0.389969
v 36.090248 0.000000 -0.389969
v 36.090248 0.000000 -0.389969
v 36.090248 0.000000 -0.389969
v 36.090248 0.000000 -0.389969
v 36.744148 0.000000 0.310031
v 36.744148 0.000000 -0.389969
v 36.344151 0.000000 0.310031
v 36.344151 0.000000 -0.389969
v 36.744148 0.000000 0.310031
v 36.744148 0.000000 -0.389969
v 36.744148 0.000000 -0.389969
v 36.744148 0.000000 -0.389969
v 36.744148 0.000000 -0.389969
v 36.744148 0.000000 -0.389969
v 36.083584 0.000000 2.214730
v 36.083584 0.000000 1.514730
v 35.683582 0.000000 2.214730
v 35.683582 0.000000 1.514730
v 36.083584 0.000000 2.214730
v 36.083584 0.000000 1.514730
v 36.083584 0.000000 1.514730
v 36.083584 0.000000 1.514730
v 36.083584 0.000000 1.514730
v 36.083584 0.000000 1.514730
v 36.737484 0.000000 2.214730
v 36.737484 0.000000 1.514730
v 36.337486 0.000000 2.214730
v 36.337486 0.000000 1.514730
v 36.737484 0.000000 2.214730
v 36.737484 0.000000 1.514730
v 36.737484 0.000000 1.514730
v 36.737484 0.000000 1.514730
v 36.737484 0.000000 1.514730
v 36.737484 0.000000 1.514730
v 36.161274 0.000000 4.185883
v 36.161274 0.000000 3.485883
v 35.761276 0.000000 4.185883
v 35.761276 0.000000 3.485883
v 36.161274 0.000000 4.185883
v 36.161274 0.000000 3.485883
v 36.161274 0.000000 3.485883
v 36.161274 0.000000 3.485883
v 36.161274 0.000000 3.485883
v 36.161274 0.000000 3.485883
v 36.815178 0.000000 4.185883
v 36.815178 0.000000 3.485883
v 36.415176 0.000000 4.185883
v 36.415176 0.000000 3.485883
v 36.815178 0.000000 4.185883
v 36.815178 0.000000 3.485883
v 36.815178 0.000000 3.485883
v 36.815178 0.000000 3.485883
v 36.815178 0.000000 3.485883
v 36.815178 0.000000 3.485883
v 36.142776 0.000000 6.128450
v 36.142776 0.000000 5.428451
v 35.742779 0.000000 6.128450
v 35.742779 0.000000 5.428451
v 36.142776 0.000000 6.128450
v 36.142776 0.000000 5.428451
v 36.142776 0.000000 5.428451
v 36.142776 0.000000 5.428451
v 36.142776 0.000000 5.428451
v 36.142776 0.000000 5.428451
v 36.796680 0.000000 6.128450
v 36.796680 0.000000 5.428451
v 36.396679 0.000000 6.128450
v 36.396679 0.000000 5.428451
v 36.796680 0.000000 6.128450
v 36.796680 0.000000 5.428451
v 36.796680 0.000000 5.428451
v 36.796680 0.000000 5.428451
v 36.796680 0.000000 5.428451
v 36.796680 0.000000 5.428451
v 36.156254 0.000000 8.123202
v 36.156254 0.000000 7.423203
v 35.756256 0.000000 8.123202
v 35.756256 0.000000 7.423203
v 36.156254 0.000000 8.123202
v 36.156254 0.000000 7.423203
v 36.156254 0.000000 7.423203
v 36.156254 0.000000 7.423203
v 36.156254 0.000000 7.423203
v 36.156254 0.000000 7.423203
v 36.810158 0.000000 8.123202
v 36.810158 0.000000 7.423203
v 36.410156 0.000000 8.123202
v 36.410156 0.000000 7.423203
v 36.810158 0.000000 8.123202
v 36.810158 0.000000 7.423203
v 36.810158 0.000000 7.423203
v 36.810158 0.000000 7.423203
v 36.810158 0.000000 7.423203
v 36.810158 0.000000 7.423203
vn -0.0000 1.0000 -0.0000
vt 0.000000 0.000000
vt 1.000000 0.000000
vt 1.000000 1.000000
vt 0.000000 1.000000
s 0
usemtl Material.065
f 2268/1054/759 2269/1055/759 2271/1056/759 2270/1057/759
f 2269/1055/759 2268/1054/759 2272/1054/759 2273/1055/759
f 2269/1055/759 2273/1055/759 2275/1055/759 2274/1055/759
f 2274/1055/759 2275/1055/759 2277/1055/759 2276/1055/759
f 2278/1054/759 2279/1055/759 2281/1056/759 2280/1057/759
f 2279/1055/759 2278/1054/759 2282/1054/759 2283/1055/759
f 2279/1055/759 2283/1055/759 2285/1055/759 2284/1055/759
f 2284/1055/759 2285/1055/759 2287/1055/759 2286/1055/759
f 2288/1054/759 2289/1055/759 2291/1056/759 2290/1057/759
f 2289/1055/759 2288/1054/759 2292/1054/759 2293/1055/759
f 2289/1055/759 2293/1055/759 2295/1055/759 2294/1055/759
f 2294/1055/759 2295/1055/759 2297/1055/759 2296/1055/759
f 2298/1054/759 2299/1055/759 2301/1056/759 2300/1057/759
f 2299/1055/759 2298/1054/759 2302/1054/759 2303/1055/759
f 2299/1055/759 2303/1055/759 2305/1055/759 2304/1055/759
f 2304/1055/759 2305/1055/759 2307/1055/759 2306/1055/759
f 2308/1054/759 2309/1055/759 2311/1056/759 2310/1057/759
f 2309/1055/759 2308/1054/759 2312/1054/759 2313/1055/759
f 2309/1055/759 2313/1055/759 2315/1055/759 2314/1055/759
f 2314/1055/759 2315/1055/759 2317/1055/759 2316/1055/759
f 2318/1054/759 2319/1055/759 2321/1056/759 2320/1057/759
f 2319/1055/759 2318/1054/759 2322/1054/759 2323/1055/759
f 2319/1055/759 2323/1055/759 2325/1055/759 2324/1055/759
f 2324/1055/759 2325/1055/759 2327/1055/759 2326/1055/759
f 2328/1054/759 2329/1055/759 2331/1056/759 2330/1057/759
f 2329/1055/759 2328/1054/759 2332/1054/759 2333/1055/759
f 2329/1055/759 2333/1055/759 2335/1055/759 2334/1055/759
f 2334/1055/759 2335/1055/759 2337/1055/759 2336/1055/759
f 2338/1054/759 2339/1055/759 2341/1056/759 2340/1057/759
f 2339/1055/759 2338/1054/759 2342/1054/759 2343/1055/759
f 2339/1055/759 2343/1055/759 2345/1055/759 2344/1055/759
f 2344/1055/759 2345/1055/759 2347/1055/759 2346/1055/759
f 2348/1054/759 2349/1055/759 2351/1056/759 2350/1057/759
f 2349/1055/759 2348/1054/759 2352/1054/759 2353/1055/759
f 2349/1055/759 2353/1055/759 2355/1055/759 2354/1055/759
f 2354/1055/759 2355/1055/759 2357/1055/759 2356/1055/759
f 2358/1054/759 2359/1055/759 2361/1056/759 2360/1057/759
f 2359/1055/759 2358/1054/759 2362/1054/759 2363/1055/759
f 2359/1055/759 2363/1055/759 2365/1055/759 2364/1055/759
f 2364/1055/759 2365/1055/759 2367/1055/759 2366/1055/759
f 2368/1054/759 2369/1055/759 2371/1056/759 2370/1057/759
f 2369/1055/759 2368/1054/759 2372/1054/759 2373/1055/759
f 2369/1055/759 2373/1055/759 2375/1055/759 2374/1055/759
f 2374/1055/759 2375/1055/759 2377/1055/759 2376/1055/759
f 2378/1054/759 2379/1055/759 2381/1056/759 2380/1057/759
f 2379/1055/759 2378/1054/759 2382/1054/759 2383/1055/759
f 2379/1055/759 2383/1055/759 2385/1055/759 2384/1055/759
f 2384/1055/759 2385/1055/759 2387/1055/759 2386/1055/759
f 2388/1054/759 2389/1055/759 2391/1056/759 2390/1057/759
f 2389/1055/759 2388/1054/759 2392/1054/759 2393/1055/759
f 2389/1055/759 2393/1055/759 2395/1055/759 2394/1055/759
f 2394/1055/759 2395/1055/759 2397/1055/759 2396/1055/759
f 2398/1054/759 2399/1055/759 2401/1056/759 2400/1057/759
f 2399/1055/759 2398/1054/759 2402/1054/759 2403/1055/759
f 2399/1055/759 2403/1055/759 2405/1055/759 2404/1055/759
f 2404/1055/759 2405/1055/759 2407/1055/759 2406/1055/759
f 2408/1054/759 2409/1055/759 2411/1056/759 2410/1057/759
f 2409/1055/759 2408/1054/759 2412/1054/759 2413/1055/759
f 2409/1055/759 2413/1055/759 2415/1055/759 2414/1055/759
f 2414/1055/759 2415/1055/759 2417/1055/759 2416/1055/759
f 2418/1054/759 2419/1055/759 2421/1056/759 2420/1057/759
f 2419/1055/759 2418/1054/759 2422/1054/759 2423/1055/759
f 2419/1055/759 2423/1055/759 2425/1055/759 2424/1055/759
f 2424/1055/759 2425/1055/759 2427/1055/759 2426/1055/759
f 2428/1054/759 2429/1055/759 2431/1056/759 2430/1057/759
f 2429/1055/759 2428/1054/759 2432/1054/759 2433/1055/759
f 2429/1055/759 2433/1055/759 2435/1055/759 2434/1055/759
f 2434/1055/759 2435/1055/759 2437/1055/759 2436/1055/759
f 2438/1054/759 2439/1055/759 2441/1056/759 2440/1057/759
f 2439/1055/759 2438/1054/759 2442/1054/759 2443/1055/759
f 2439/1055/759 2443/1055/759 2445/1055/759 2444/1055/759
f 2444/1055/759 2445/1055/759 2447/1055/759 2446/1055/759
f 2448/1054/759 2449/1055/759 2451/1056/759 2450/1057/759
f 2449/1055/759 2448/1054/759 2452/1054/759 2453/1055/759
f 2449/1055/759 2453/1055/759 2455/1055/759 2454/1055/759
f 2454/1055/759 2455/1055/759 2457/1055/759 2456/1055/759
f 2458/1054/759 2459/1055/759 2461/1056/759 2460/1057/759
f 2459/1055/759 2458/1054/759 2462/1054/759 2463/1055/759
f 2459/1055/759 2463/1055/759 2465/1055/759 2464/1055/759
f 2464/1055/759 2465/1055/759 2467/1055/759 2466/1055/759
f 2468/1054/759 2469/1055/759 2471/1056/759 2470/1057/759
f 2469/1055/759 2468/1054/759 2472/1054/759 2473/1055/759
f 2469/1055/759 2473/1055/759 2475/1055/759 2474/1055/759
f 2474/1055/759 2475/1055/759 2477/1055/759 2476/1055/759
f 2478/1054/759 2479/1055/759 2481/1056/759 2480/1057/759
f 2479/1055/759 2478/1054/759 2482/1054/759 2483/1055/759
f 2479/1055/759 2483/1055/759 2485/1055/759 2484/1055/759
f 2484/1055/759 2485/1055/759 2487/1055/759 2486/1055/759
f 2488/1054/759 2489/1055/759 2491/1056/759 2490/1057/759
f 2489/1055/759 2488/1054/759 2492/1054/759 2493/1055/759
f 2489/1055/759 2493/1055/759 2495/1055/759 2494/1055/759
f 2494/1055/759 2495/1055/759 2497/1055/759 2496/1055/759
f 2498/1054/759 2499/1055/759 2501/1056/759 2500/1057/759
f 2499/1055/759 2498/1054/759 2502/1054/759 2503/1055/759
f 2499/1055/759 2503/1055/759 2505/1055/759 2504/1055/759
f 2504/1055/759 2505/1055/759 2507/1055/759 2506/1055/759
o gangstett_i_kringum_hring
v -4.807088 0.000000 33.229908
v -4.429900 0.000000 31.881678
v -5.577506 0.000000 33.014374
v -5.200318 0.000000 31.666142
v -4.807088 0.000000 33.229908
v -4.429900 0.000000 31.881678
v -4.429900 0.000000 31.881678
v -4.429900 0.000000 31.881678
v -4.429900 0.000000 31.881678
v -4.429900 0.000000 31.881678
v -3.547644 0.000000 33.582256
v -3.170456 0.000000 32.234024
v -4.318062 0.000000 33.366722
v -3.940874 0.000000 32.018490
v -3.547644 0.000000 33.582256
v -3.170456 0.000000 32.234024
v -3.170456 0.000000 32.234024
v -3.170456 0.000000 32.234024
v -3.170456 0.000000 32.234024
v -3.170456 0.000000 32.234024
v -5.340538 0.000000 35.109119
v -4.963350 0.000000 33.760887
v -6.110956 0.000000 34.893581
v -5.733768 0.000000 33.545349
v -5.340538 0.000000 35.109119
v -4.963350 0.000000 33.760887
v -4.963350 0.000000 33.760887
v -4.963350 0.000000 33.760887
v -4.963350 0.000000 33.760887
v -4.963350 0.000000 33.760887
v -4.081094 0.000000 35.461468
v -3.703906 0.000000 34.113235
v -4.851512 0.000000 35.245930
v -4.474324 0.000000 33.897697
v -4.081094 0.000000 35.461468
v -3.703906 0.000000 34.113235
v -3.703906 0.000000 34.113235
v -3.703906 0.000000 34.113235
v -3.703906 0.000000 34.113235
v -3.703906 0.000000 34.113235
v 19.301952 0.000000 17.080345
v 18.017113 0.000000 16.524292
v 18.984207 0.000000 17.814537
v 17.699368 0.000000 17.258484
v 19.301952 0.000000 17.080345
v 18.017113 0.000000 16.524292
v 18.017113 0.000000 16.524292
v 18.017113 0.000000 16.524292
v 18.017113 0.000000 16.524292
v 18.017113 0.000000 16.524292
v 19.821388 0.000000 15.880123
v 18.536549 0.000000 15.324068
v 19.503643 0.000000 16.614313
v 18.218803 0.000000 16.058260
v 19.821388 0.000000 15.880123
v 18.536549 0.000000 15.324068
v 18.536549 0.000000 15.324068
v 18.536549 0.000000 15.324068
v 18.536549 0.000000 15.324068
v 18.536549 0.000000 15.324068
v 21.091755 0.000000 17.863033
v 19.806919 0.000000 17.306980
v 20.774010 0.000000 18.597227
v 19.489174 0.000000 18.041172
v 21.091755 0.000000 17.863033
v 19.806919 0.000000 17.306980
v 19.806919 0.000000 17.306980
v 19.806919 0.000000 17.306980
v 19.806919 0.000000 17.306980
v 19.806919 0.000000 17.306980
v 21.611191 0.000000 16.662811
v 20.326351 0.000000 16.106756
v 21.293446 0.000000 17.397001
v 20.008610 0.000000 16.840948
v 21.611191 0.000000 16.662811
v 20.326351 0.000000 16.106756
v 20.326351 0.000000 16.106756
v 20.326351 0.000000 16.106756
v 20.326351 0.000000 16.106756
v 20.326351 0.000000 16.106756
v 18.124035 0.000000 19.350689
v 16.878582 0.000000 18.711277
v 17.758659 0.000000 20.062374
v 16.513203 0.000000 19.422962
v 18.124035 0.000000 19.350689
v 16.878582 0.000000 18.711277
v 16.878582 0.000000 18.711277
v 16.878582 0.000000 18.711277
v 16.878582 0.000000 18.711277
v 16.878582 0.000000 18.711277
v 18.721340 0.000000 18.187256
v 17.475887 0.000000 17.547844
v 18.355965 0.000000 18.898943
v 17.110508 0.000000 18.259529
v 18.721340 0.000000 18.187256
v 17.475887 0.000000 17.547844
v 17.475887 0.000000 17.547844
v 17.475887 0.000000 17.547844
v 17.475887 0.000000 17.547844
v 17.475887 0.000000 17.547844
v 19.858444 0.000000 20.249481
v 18.612991 0.000000 19.610067
v 19.493065 0.000000 20.961168
v 18.247616 0.000000 20.321754
v 19.858444 0.000000 20.249481
v 18.612991 0.000000 19.610067
v 18.612991 0.000000 19.610067
v 18.612991 0.000000 19.610067
v 18.612991 0.000000 19.610067
v 18.612991 0.000000 19.610067
v 20.455750 0.000000 19.086048
v 19.210297 0.000000 18.446634
v 20.090370 0.000000 19.797733
v 18.844917 0.000000 19.158321
v 20.455750 0.000000 19.086048
v 19.210297 0.000000 18.446634
v 19.210297 0.000000 18.446634
v 19.210297 0.000000 18.446634
v 19.210297 0.000000 18.446634
v 19.210297 0.000000 18.446634
v 16.751019 0.000000 21.583723
v 15.572318 0.000000 20.828299
v 16.319347 0.000000 22.257267
v 15.140645 0.000000 21.501842
v 16.751019 0.000000 21.583723
v 15.572318 0.000000 20.828299
v 15.572318 0.000000 20.828299
v 15.572318 0.000000 20.828299
v 15.572318 0.000000 20.828299
v 15.572318 0.000000 20.828299
v 17.456696 0.000000 20.482647
v 16.277992 0.000000 19.727222
v 17.025021 0.000000 21.156191
v 15.846322 0.000000 20.400766
v 17.456696 0.000000 20.482647
v 16.277992 0.000000 19.727222
v 16.277992 0.000000 19.727222
v 16.277992 0.000000 19.727222
v 16.277992 0.000000 19.727222
v 16.277992 0.000000 19.727222
v 18.391670 0.000000 22.644035
v 17.212971 0.000000 21.888611
v 17.959999 0.000000 23.317577
v 16.781296 0.000000 22.562153
v 18.391670 0.000000 22.644035
v 17.212971 0.000000 21.888611
v 17.212971 0.000000 21.888611
v 17.212971 0.000000 21.888611
v 17.212971 0.000000 21.888611
v 17.212971 0.000000 21.888611
v 19.097347 0.000000 21.542957
v 17.918644 0.000000 20.787533
v 18.665672 0.000000 22.216501
v 17.486977 0.000000 21.461075
v 19.097347 0.000000 21.542957
v 17.918644 0.000000 20.787533
v 17.918644 0.000000 20.787533
v 17.918644 0.000000 20.787533
v 17.918644 0.000000 20.787533
v 17.918644 0.000000 20.787533
v 11.168975 0.000000 26.913107
v 10.516829 0.000000 25.674276
v 10.461071 0.000000 27.285763
v 9.808924 0.000000 26.046932
v 11.168975 0.000000 26.913107
v 10.516829 0.000000 25.674276
v 10.516829 0.000000 25.674276
v 10.516829 0.000000 25.674276
v 10.516829 0.000000 25.674276
v 10.516829 0.000000 25.674276
v 12.326224 0.000000 26.303907
v 11.674077 0.000000 25.065075
v 11.618321 0.000000 26.676563
v 10.966172 0.000000 25.437731
v 12.326224 0.000000 26.303907
v 11.674077 0.000000 25.065075
v 11.674077 0.000000 25.065075
v 11.674077 0.000000 25.065075
v 11.674077 0.000000 25.065075
v 11.674077 0.000000 25.065075
v 12.072356 0.000000 28.645130
v 11.420209 0.000000 27.406300
v 11.364453 0.000000 29.017786
v 10.712304 0.000000 27.778954
v 12.072356 0.000000 28.645130
v 11.420209 0.000000 27.406300
v 11.420209 0.000000 27.406300
v 11.420209 0.000000 27.406300
v 11.420209 0.000000 27.406300
v 11.420209 0.000000 27.406300
v 13.229604 0.000000 28.035929
v 12.577455 0.000000 26.797096
v 12.521701 0.000000 28.408585
v 11.869552 0.000000 27.169754
v 13.229604 0.000000 28.035929
v 12.577455 0.000000 26.797096
v 12.577455 0.000000 26.797096
v 12.577455 0.000000 26.797096
v 12.577455 0.000000 26.797096
v 12.577455 0.000000 26.797096
v 15.018106 0.000000 23.580822
v 13.965819 0.000000 22.657406
v 14.490441 0.000000 24.182127
v 13.438155 0.000000 23.258713
v 15.018106 0.000000 23.580822
v 13.965819 0.000000 22.657406
v 13.965819 0.000000 22.657406
v 13.965819 0.000000 22.657406
v 13.965819 0.000000 22.657406
v 13.965819 0.000000 22.657406
v 15.880708 0.000000 22.597832
v 14.828424 0.000000 21.674419
v 15.353044 0.000000 23.199139
v 14.300757 0.000000 22.275724
v 15.880708 0.000000 22.597832
v 14.828424 0.000000 21.674419
v 14.828424 0.000000 21.674419
v 14.828424 0.000000 21.674419
v 14.828424 0.000000 21.674419
v 14.828424 0.000000 21.674419
v 16.481480 0.000000 24.874861
v 15.429193 0.000000 23.951447
v 15.953813 0.000000 25.476168
v 14.901528 0.000000 24.552753
v 16.481480 0.000000 24.874861
v 15.429193 0.000000 23.951447
v 15.429193 0.000000 23.951447
v 15.429193 0.000000 23.951447
v 15.429193 0.000000 23.951447
v 15.429193 0.000000 23.951447
v 17.344082 0.000000 23.891872
v 16.291798 0.000000 22.968458
v 16.816418 0.000000 24.493179
v 15.764131 0.000000 23.569763
v 17.344082 0.000000 23.891872
v 16.291798 0.000000 22.968458
v 16.291798 0.000000 22.968458
v 16.291798 0.000000 22.968458
v 16.291798 0.000000 22.968458
v 16.291798 0.000000 22.968458
v 13.052392 0.000000 25.435587
v 12.234208 0.000000 24.299555
v 12.403230 0.000000 25.903122
v 11.585046 0.000000 24.767088
v 13.052392 0.000000 25.435587
v 12.234208 0.000000 24.299555
v 12.234208 0.000000 24.299555
v 12.234208 0.000000 24.299555
v 12.234208 0.000000 24.299555
v 12.234208 0.000000 24.299555
v 14.113612 0.000000 24.671284
v 13.295428 0.000000 23.535250
v 13.464452 0.000000 25.138819
v 12.646266 0.000000 24.002785
v 14.113612 0.000000 24.671284
v 13.295428 0.000000 23.535250
v 13.295428 0.000000 23.535250
v 13.295428 0.000000 23.535250
v 13.295428 0.000000 23.535250
v 13.295428 0.000000 23.535250
v 14.187993 0.000000 27.025055
v 13.369807 0.000000 25.889023
v 13.538831 0.000000 27.492590
v 12.720645 0.000000 26.356556
v 14.187993 0.000000 27.025055
v 13.369807 0.000000 25.889023
v 13.369807 0.000000 25.889023
v 13.369807 0.000000 25.889023
v 13.369807 0.000000 25.889023
v 13.369807 0.000000 25.889023
v 15.249211 0.000000 26.260752
v 14.431027 0.000000 25.124718
v 14.600051 0.000000 26.728287
v 13.781867 0.000000 25.592253
v 15.249211 0.000000 26.260752
v 14.431027 0.000000 25.124718
v 14.431027 0.000000 25.124718
v 14.431027 0.000000 25.124718
v 14.431027 0.000000 25.124718
v 14.431027 0.000000 25.124718
v 8.969086 0.000000 28.061411
v 8.385903 0.000000 26.788658
v 8.241799 0.000000 28.394657
v 7.658616 0.000000 27.121906
v 8.969086 0.000000 28.061411
v 8.385903 0.000000 26.788658
v 8.385903 0.000000 26.788658
v 8.385903 0.000000 26.788658
v 8.385903 0.000000 26.788658
v 8.385903 0.000000 26.788658
v 10.158021 0.000000 27.516634
v 9.574839 0.000000 26.243881
v 9.430735 0.000000 27.849880
v 8.847551 0.000000 26.577129
v 10.158021 0.000000 27.516634
v 9.574839 0.000000 26.243881
v 9.574839 0.000000 26.243881
v 9.574839 0.000000 26.243881
v 9.574839 0.000000 26.243881
v 9.574839 0.000000 26.243881
v 9.776058 0.000000 29.840397
v 9.192875 0.000000 28.567646
v 9.048772 0.000000 30.173645
v 8.465589 0.000000 28.900892
v 9.776058 0.000000 29.840397
v 9.192875 0.000000 28.567646
v 9.192875 0.000000 28.567646
v 9.192875 0.000000 28.567646
v 9.192875 0.000000 28.567646
v 9.192875 0.000000 28.567646
v 10.964993 0.000000 29.295620
v 10.381809 0.000000 28.022867
v 10.237707 0.000000 29.628868
v 9.654523 0.000000 28.356115
v 10.964993 0.000000 29.295620
v 10.381809 0.000000 28.022867
v 10.381809 0.000000 28.022867
v 10.381809 0.000000 28.022867
v 10.381809 0.000000 28.022867
v 10.381809 0.000000 28.022867
v 6.551991 0.000000 29.001930
v 6.169455 0.000000 27.655205
v 5.782435 0.000000 29.220522
v 5.399898 0.000000 27.873798
v 6.551991 0.000000 29.001930
v 6.169455 0.000000 27.655205
v 6.169455 0.000000 27.655205
v 6.169455 0.000000 27.655205
v 6.169455 0.000000 27.655205
v 6.169455 0.000000 27.655205
v 7.810027 0.000000 28.644585
v 7.427490 0.000000 27.297859
v 7.040471 0.000000 28.863178
v 6.657934 0.000000 27.516453
v 7.810027 0.000000 28.644585
v 7.427490 0.000000 27.297859
v 7.427490 0.000000 27.297859
v 7.427490 0.000000 27.297859
v 7.427490 0.000000 27.297859
v 7.427490 0.000000 27.297859
v 7.078607 0.000000 30.883066
v 6.696070 0.000000 29.536343
v 6.309050 0.000000 31.101660
v 5.926513 0.000000 29.754934
v 7.078607 0.000000 30.883066
v 6.696070 0.000000 29.536343
v 6.696070 0.000000 29.536343
v 6.696070 0.000000 29.536343
v 6.696070 0.000000 29.536343
v 6.696070 0.000000 29.536343
v 8.336642 0.000000 30.525723
v 7.954105 0.000000 29.178997
v 7.567086 0.000000 30.744314
v 7.184548 0.000000 29.397591
v 8.336642 0.000000 30.525723
v 7.954105 0.000000 29.178997
v 7.954105 0.000000 29.178997
v 7.954105 0.000000 29.178997
v 7.954105 0.000000 29.178997
v 7.954105 0.000000 29.178997
v 4.190976 0.000000 29.629391
v 3.905080 0.000000 28.258896
v 3.407836 0.000000 29.792761
v 3.121939 0.000000 28.422264
v 4.190976 0.000000 29.629391
v 3.905080 0.000000 28.258896
v 3.905080 0.000000 28.258896
v 3.905080 0.000000 28.258896
v 3.905080 0.000000 28.258896
v 3.905080 0.000000 28.258896
v 5.471221 0.000000 29.362322
v 5.185324 0.000000 27.991825
v 4.688079 0.000000 29.525692
v 4.402183 0.000000 28.155193
v 5.471221 0.000000 29.362322
v 5.185324 0.000000 27.991825
v 5.185324 0.000000 27.991825
v 5.185324 0.000000 27.991825
v 5.185324 0.000000 27.991825
v 5.185324 0.000000 27.991825
v 4.582623 0.000000 31.543186
v 4.296724 0.000000 30.172689
v 3.799480 0.000000 31.706556
v 3.513583 0.000000 30.336060
v 4.582623 0.000000 31.543186
v 4.296724 0.000000 30.172689
v 4.296724 0.000000 30.172689
v 4.296724 0.000000 30.172689
v 4.296724 0.000000 30.172689
v 4.296724 0.000000 30.172689
v 5.862865 0.000000 31.276117
v 5.576968 0.000000 29.905621
v 5.079723 0.000000 31.439487
v 4.793828 0.000000 30.068989
v 5.862865 0.000000 31.276117
v 5.576968 0.000000 29.905621
v 5.576968 0.000000 29.905621
v 5.576968 0.000000 29.905621
v 5.576968 0.000000 29.905621
v 5.576968 0.000000 29.905621
v 1.754755 0.000000 29.938858
v 1.595660 0.000000 28.547928
v 0.959937 0.000000 30.029770
v 0.800843 0.000000 28.638840
v 1.754755 0.000000 29.938858
v 1.595660 0.000000 28.547928
v 1.595660 0.000000 28.547928
v 1.595660 0.000000 28.547928
v 1.595660 0.000000 28.547928
v 1.595660 0.000000 28.547928
v 3.054087 0.000000 29.790243
v 2.894993 0.000000 28.399311
v 2.259269 0.000000 29.881153
v 2.100175 0.000000 28.490223
v 3.054087 0.000000 29.790243
v 2.894993 0.000000 28.399311
v 2.894993 0.000000 28.399311
v 2.894993 0.000000 28.399311
v 2.894993 0.000000 28.399311
v 2.894993 0.000000 28.399311
v 1.969361 0.000000 31.880493
v 1.810268 0.000000 30.489563
v 1.174544 0.000000 31.971405
v 1.015450 0.000000 30.580473
v 1.969361 0.000000 31.880493
v 1.810268 0.000000 30.489563
v 1.810268 0.000000 30.489563
v 1.810268 0.000000 30.489563
v 1.810268 0.000000 30.489563
v 1.810268 0.000000 30.489563
v 3.268694 0.000000 31.731876
v 3.109599 0.000000 30.340944
v 2.473876 0.000000 31.822786
v 2.314781 0.000000 30.431856
v 3.268694 0.000000 31.731876
v 3.109599 0.000000 30.340944
v 3.109599 0.000000 30.340944
v 3.109599 0.000000 30.340944
v 3.109599 0.000000 30.340944
v 3.109599 0.000000 30.340944
v -0.747945 0.000000 30.035915
v -0.791447 0.000000 28.636591
v -1.547559 0.000000 30.060772
v -1.591061 0.000000 28.661449
v -0.747945 0.000000 30.035915
v -0.791447 0.000000 28.636591
v -0.791447 0.000000 28.636591
v -0.791447 0.000000 28.636591
v -0.791447 0.000000 28.636591
v -0.791447 0.000000 28.636591
v 0.559226 0.000000 29.995277
v 0.515725 0.000000 28.595955
v -0.240387 0.000000 30.020136
v -0.283889 0.000000 28.620811
v 0.559226 0.000000 29.995277
v 0.515725 0.000000 28.595955
v 0.515725 0.000000 28.595955
v 0.515725 0.000000 28.595955
v 0.515725 0.000000 28.595955
v 0.515725 0.000000 28.595955
v -0.694672 0.000000 31.988646
v -0.738173 0.000000 30.589323
v -1.494286 0.000000 32.013504
v -1.537787 0.000000 30.614180
v -0.694672 0.000000 31.988646
v -0.738173 0.000000 30.589323
v -0.738173 0.000000 30.589323
v -0.738173 0.000000 30.589323
v -0.738173 0.000000 30.589323
v -0.738173 0.000000 30.589323
v 0.612500 0.000000 31.948009
v 0.568999 0.000000 30.548685
v -0.187113 0.000000 31.972868
v -0.230615 0.000000 30.573544
v 0.612500 0.000000 31.948009
v 0.568999 0.000000 30.548685
v 0.568999 0.000000 30.548685
v 0.568999 0.000000 30.548685
v 0.568999 0.000000 30.548685
v 0.568999 0.000000 30.548685
v -3.295261 0.000000 29.794640
v -3.097491 0.000000 28.408680
v -4.087238 0.000000 29.681627
v -3.889468 0.000000 28.295668
v -3.295261 0.000000 29.794640
v -3.097491 0.000000 28.408680
v -3.097491 0.000000 28.408680
v -3.097491 0.000000 28.408680
v -3.097491 0.000000 28.408680
v -3.097491 0.000000 28.408680
v -2.000573 0.000000 29.979385
v -1.802802 0.000000 28.593426
v -2.792550 0.000000 29.866375
v -2.594779 0.000000 28.480413
v -2.000573 0.000000 29.979385
v -1.802802 0.000000 28.593426
v -1.802802 0.000000 28.593426
v -1.802802 0.000000 28.593426
v -1.802802 0.000000 28.593426
v -1.802802 0.000000 28.593426
v -3.578567 0.000000 31.727444
v -3.380796 0.000000 30.341484
v -4.370544 0.000000 31.614433
v -4.172774 0.000000 30.228472
v -3.578567 0.000000 31.727444
v -3.380796 0.000000 30.341484
v -3.380796 0.000000 30.341484
v -3.380796 0.000000 30.341484
v -3.380796 0.000000 30.341484
v -3.380796 0.000000 30.341484
v -2.283878 0.000000 31.912191
v -2.086108 0.000000 30.526230
v -3.075856 0.000000 31.799179
v -2.878086 0.000000 30.413219
v -2.283878 0.000000 31.912191
v -2.086108 0.000000 30.526230
v -2.086108 0.000000 30.526230
v -2.086108 0.000000 30.526230
v -2.086108 0.000000 30.526230
v -2.086108 0.000000 30.526230
v -5.748012 0.000000 29.225391
v -5.370824 0.000000 27.877159
v -6.518430 0.000000 29.009857
v -6.141242 0.000000 27.661625
v -5.748012 0.000000 29.225391
v -5.370824 0.000000 27.877159
v -5.370824 0.000000 27.877159
v -5.370824 0.000000 27.877159
v -5.370824 0.000000 27.877159
v -5.370824 0.000000 27.877159
v -4.488567 0.000000 29.577740
v -4.111380 0.000000 28.229507
v -5.258986 0.000000 29.362206
v -4.881798 0.000000 28.013973
v -4.488567 0.000000 29.577740
v -4.111380 0.000000 28.229507
v -4.111380 0.000000 28.229507
v -4.111380 0.000000 28.229507
v -4.111380 0.000000 28.229507
v -4.111380 0.000000 28.229507
v -6.281462 0.000000 31.104603
v -5.904274 0.000000 29.756371
v -7.051880 0.000000 30.889067
v -6.674692 0.000000 29.540834
v -6.281462 0.000000 31.104603
v -5.904274 0.000000 29.756371
v -5.904274 0.000000 29.756371
v -5.904274 0.000000 29.756371
v -5.904274 0.000000 29.756371
v -5.904274 0.000000 29.756371
v -5.022017 0.000000 31.456951
v -4.644830 0.000000 30.108719
v -5.792436 0.000000 31.241415
v -5.415248 0.000000 29.893183
v -5.022017 0.000000 31.456951
v -4.644830 0.000000 30.108719
v -4.644830 0.000000 30.108719
v -4.644830 0.000000 30.108719
v -4.644830 0.000000 30.108719
v -4.644830 0.000000 30.108719
v -8.152930 0.000000 28.412506
v -7.593097 0.000000 27.129313
v -8.886184 0.000000 28.092602
v -8.326351 0.000000 26.809408
v -8.152930 0.000000 28.412506
v -7.593097 0.000000 27.129313
v -7.593097 0.000000 27.129313
v -7.593097 0.000000 27.129313
v -7.593097 0.000000 27.129313
v -7.593097 0.000000 27.129313
v -6.954241 0.000000 28.935472
v -6.394408 0.000000 27.652277
v -7.687494 0.000000 28.615566
v -7.127661 0.000000 27.332373
v -6.954241 0.000000 28.935472
v -6.394408 0.000000 27.652277
v -6.394408 0.000000 27.652277
v -6.394408 0.000000 27.652277
v -6.394408 0.000000 27.652277
v -6.394408 0.000000 27.652277
v -8.940883 0.000000 30.199999
v -8.381050 0.000000 28.916805
v -9.674137 0.000000 29.880095
v -9.114304 0.000000 28.596901
v -8.940883 0.000000 30.199999
v -8.381050 0.000000 28.916805
v -8.381050 0.000000 28.916805
v -8.381050 0.000000 28.916805
v -8.381050 0.000000 28.916805
v -8.381050 0.000000 28.916805
v -7.742193 0.000000 30.722965
v -7.182361 0.000000 29.439770
v -8.475447 0.000000 30.403059
v -7.915614 0.000000 29.119865
v -7.742193 0.000000 30.722965
v -7.182361 0.000000 29.439770
v -7.182361 0.000000 29.439770
v -7.182361 0.000000 29.439770
v -7.182361 0.000000 29.439770
v -7.182361 0.000000 29.439770
v -10.364597 0.000000 27.224621
v -9.651352 0.000000 26.019928
v -11.052992 0.000000 26.817051
v -10.339746 0.000000 25.612360
v -10.364597 0.000000 27.224621
v -9.651352 0.000000 26.019928
v -9.651352 0.000000 26.019928
v -9.651352 0.000000 26.019928
v -9.651352 0.000000 26.019928
v -9.651352 0.000000 26.019928
v -9.239242 0.000000 27.890896
v -8.525995 0.000000 26.686205
v -9.927637 0.000000 27.483326
v -9.214390 0.000000 26.278635
v -9.239242 0.000000 27.890896
v -8.525995 0.000000 26.686205
v -8.525995 0.000000 26.686205
v -8.525995 0.000000 26.686205
v -8.525995 0.000000 26.686205
v -8.525995 0.000000 26.686205
v -11.366194 0.000000 28.901762
v -10.652948 0.000000 27.697071
v -12.054588 0.000000 28.494192
v -11.341343 0.000000 27.289501
v -11.366194 0.000000 28.901762
v -10.652948 0.000000 27.697071
v -10.652948 0.000000 27.697071
v -10.652948 0.000000 27.697071
v -10.652948 0.000000 27.697071
v -10.652948 0.000000 27.697071
v -10.240838 0.000000 29.568037
v -9.527592 0.000000 28.363346
v -10.929233 0.000000 29.160469
v -10.215986 0.000000 27.955776
v -10.240838 0.000000 29.568037
v -9.527592 0.000000 28.363346
v -9.527592 0.000000 28.363346
v -9.527592 0.000000 28.363346
v -9.527592 0.000000 28.363346
v -9.527592 0.000000 28.363346
v -12.430031 0.000000 25.891052
v -11.622505 0.000000 24.747419
v -13.083537 0.000000 25.429611
v -12.276011 0.000000 24.285975
v -12.430031 0.000000 25.891052
v -11.622505 0.000000 24.747419
v -11.622505 0.000000 24.747419
v -11.622505 0.000000 24.747419
v -11.622505 0.000000 24.747419
v -11.622505 0.000000 24.747419
v -11.361710 0.000000 26.645401
v -10.554183 0.000000 25.501764
v -12.015215 0.000000 26.183956
v -11.207689 0.000000 25.040321
v -11.361710 0.000000 26.645401
v -10.554183 0.000000 25.501764
v -10.554183 0.000000 25.501764
v -10.554183 0.000000 25.501764
v -10.554183 0.000000 25.501764
v -10.554183 0.000000 25.501764
v -13.562854 0.000000 27.482502
v -12.755327 0.000000 26.338867
v -14.216359 0.000000 27.021059
v -13.408834 0.000000 25.877424
v -13.562854 0.000000 27.482502
v -12.755327 0.000000 26.338867
v -12.755327 0.000000 26.338867
v -12.755327 0.000000 26.338867
v -12.755327 0.000000 26.338867
v -12.755327 0.000000 26.338867
v -12.494532 0.000000 28.236851
v -11.687005 0.000000 27.093214
v -13.148038 0.000000 27.775406
v -12.340511 0.000000 26.631771
v -12.494532 0.000000 28.236851
v -11.687005 0.000000 27.093214
v -11.687005 0.000000 27.093214
v -11.687005 0.000000 27.093214
v -11.687005 0.000000 27.093214
v -11.687005 0.000000 27.093214
v -14.450570 0.000000 24.294250
v -13.498876 0.000000 23.267471
v -15.037301 0.000000 23.750425
v -14.085607 0.000000 22.723644
v -14.450570 0.000000 24.294250
v -13.498876 0.000000 23.267471
v -13.498876 0.000000 23.267471
v -13.498876 0.000000 23.267471
v -13.498876 0.000000 23.267471
v -13.498876 0.000000 23.267471
v -13.491408 0.000000 25.183273
v -12.539715 0.000000 24.156494
v -14.078141 0.000000 24.639446
v -13.126445 0.000000 23.612667
v -13.491408 0.000000 25.183273
v -12.539715 0.000000 24.156494
v -12.539715 0.000000 24.156494
v -12.539715 0.000000 24.156494
v -12.539715 0.000000 24.156494
v -12.539715 0.000000 24.156494
v -15.783936 0.000000 25.721886
v -14.832240 0.000000 24.695105
v -16.370667 0.000000 25.178059
v -15.418971 0.000000 24.151279
v -15.783936 0.000000 25.721886
v -14.832240 0.000000 24.695105
v -14.832240 0.000000 24.695105
v -14.832240 0.000000 24.695105
v -14.832240 0.000000 24.695105
v -14.832240 0.000000 24.695105
v -14.824774 0.000000 26.610907
v -13.873078 0.000000 25.584127
v -15.411505 0.000000 26.067081
v -14.459809 0.000000 25.040300
v -14.824774 0.000000 26.610907
v -13.873078 0.000000 25.584127
v -13.873078 0.000000 25.584127
v -13.873078 0.000000 25.584127
v -13.873078 0.000000 25.584127
v -13.873078 0.000000 25.584127
v -16.187141 0.000000 22.452898
v -15.102423 0.000000 21.567806
v -16.692907 0.000000 21.833061
v -15.608190 0.000000 20.947968
v -16.187141 0.000000 22.452898
v -15.102423 0.000000 21.567806
v -15.102423 0.000000 21.567806
v -15.102423 0.000000 21.567806
v -15.102423 0.000000 21.567806
v -15.102423 0.000000 21.567806
v -15.360336 0.000000 23.466183
v -14.275619 0.000000 22.581089
v -15.866102 0.000000 22.846344
v -14.781384 0.000000 21.961250
v -15.360336 0.000000 23.466183
v -14.275619 0.000000 22.581089
v -14.275619 0.000000 22.581089
v -14.275619 0.000000 22.581089
v -14.275619 0.000000 22.581089
v -14.275619 0.000000 22.581089
v -17.705360 0.000000 23.682129
v -16.620644 0.000000 22.797035
v -18.211128 0.000000 23.062290
v -17.126411 0.000000 22.177197
v -17.705360 0.000000 23.682129
v -16.620644 0.000000 22.797035
v -16.620644 0.000000 22.797035
v -16.620644 0.000000 22.797035
v -16.620644 0.000000 22.797035
v -16.620644 0.000000 22.797035
v -16.878555 0.000000 24.695412
v -15.793839 0.000000 23.810318
v -17.384323 0.000000 24.075573
v -16.299606 0.000000 23.190479
v -16.878555 0.000000 24.695412
v -15.793839 0.000000 23.810318
v -15.793839 0.000000 23.810318
v -15.793839 0.000000 23.810318
v -15.793839 0.000000 23.810318
v -15.793839 0.000000 23.810318
v -17.647617 0.000000 20.397232
v -16.468513 0.000000 19.642435
v -18.078930 0.000000 19.723457
v -16.899828 0.000000 18.968662
v -17.647617 0.000000 20.397232
v -16.468513 0.000000 19.642435
v -16.468513 0.000000 19.642435
v -16.468513 0.000000 19.642435
v -16.468513 0.000000 19.642435
v -16.468513 0.000000 19.642435
v -16.942530 0.000000 21.498684
v -15.763425 0.000000 20.743889
v -17.373840 0.000000 20.824911
v -16.194738 0.000000 20.070116
v -16.942530 0.000000 21.498684
v -15.763425 0.000000 20.743889
v -15.763425 0.000000 20.743889
v -15.763425 0.000000 20.743889
v -15.763425 0.000000 20.743889
v -15.763425 0.000000 20.743889
v -19.296844 0.000000 21.444155
v -18.117741 0.000000 20.689358
v -19.728157 0.000000 20.770382
v -18.549053 0.000000 20.015585
v -19.296844 0.000000 21.444155
v -18.117741 0.000000 20.689358
v -18.117741 0.000000 20.689358
v -18.117741 0.000000 20.689358
v -18.117741 0.000000 20.689358
v -18.117741 0.000000 20.689358
v -18.591757 0.000000 22.545609
v -17.412651 0.000000 21.790812
v -19.023067 0.000000 21.871834
v -17.843964 0.000000 21.117039
v -18.591757 0.000000 22.545609
v -17.412651 0.000000 21.790812
v -17.412651 0.000000 21.790812
v -17.412651 0.000000 21.790812
v -17.412651 0.000000 21.790812
v -17.412651 0.000000 21.790812
v -18.832062 0.000000 18.276918
v -17.587658 0.000000 17.635468
v -19.198608 0.000000 17.565830
v -17.954205 0.000000 16.924379
v -18.832062 0.000000 18.276918
v -17.587658 0.000000 17.635468
v -17.587658 0.000000 17.635468
v -17.587658 0.000000 17.635468
v -17.587658 0.000000 17.635468
v -17.587658 0.000000 17.635468
v -18.232853 0.000000 19.439371
v -16.988451 0.000000 18.797920
v -18.599398 0.000000 18.728283
v -17.354996 0.000000 18.086832
v -18.232853 0.000000 19.439371
v -16.988451 0.000000 18.797920
v -16.988451 0.000000 18.797920
v -16.988451 0.000000 18.797920
v -16.988451 0.000000 18.797920
v -16.988451 0.000000 18.797920
v -20.571804 0.000000 19.165344
v -19.327400 0.000000 18.523891
v -20.938347 0.000000 18.454256
v -19.693943 0.000000 17.812805
v -20.571804 0.000000 19.165344
v -19.327400 0.000000 18.523891
v -19.327400 0.000000 18.523891
v -19.327400 0.000000 18.523891
v -19.327400 0.000000 18.523891
v -19.327400 0.000000 18.523891
v -19.972595 0.000000 20.327797
v -18.728191 0.000000 19.686346
v -20.339138 0.000000 19.616711
v -19.094734 0.000000 18.975258
v -19.972595 0.000000 20.327797
v -18.728191 0.000000 19.686346
v -18.728191 0.000000 19.686346
v -18.728191 0.000000 19.686346
v -18.728191 0.000000 19.686346
v -18.728191 0.000000 19.686346
v 12.478139 0.000000 30.877888
v 11.825994 0.000000 29.639057
v 11.770236 0.000000 31.250546
v 11.118089 0.000000 30.011715
v 12.478139 0.000000 30.877888
v 11.825994 0.000000 29.639057
v 11.825994 0.000000 29.639057
v 11.825994 0.000000 29.639057
v 11.825994 0.000000 29.639057
v 11.825994 0.000000 29.639057
v 13.635388 0.000000 30.268688
v 12.983239 0.000000 29.029856
v 12.927485 0.000000 30.641344
v 12.275336 0.000000 29.402512
v 13.635388 0.000000 30.268688
v 12.983239 0.000000 29.029856
v 12.983239 0.000000 29.029856
v 12.983239 0.000000 29.029856
v 12.983239 0.000000 29.029856
v 12.983239 0.000000 29.029856
v 13.381520 0.000000 32.609909
v 12.729373 0.000000 31.371080
v 12.673617 0.000000 32.982567
v 12.021468 0.000000 31.743736
v 13.381520 0.000000 32.609909
v 12.729373 0.000000 31.371080
v 12.729373 0.000000 31.371080
v 12.729373 0.000000 31.371080
v 12.729373 0.000000 31.371080
v 12.729373 0.000000 31.371080
v 14.538768 0.000000 32.000710
v 13.886621 0.000000 30.761879
v 13.830863 0.000000 32.373367
v 13.178718 0.000000 31.134535
v 14.538768 0.000000 32.000710
v 13.886621 0.000000 30.761879
v 13.886621 0.000000 30.761879
v 13.886621 0.000000 30.761879
v 13.886621 0.000000 30.761879
v 13.886621 0.000000 30.761879
v 10.278254 0.000000 32.026192
v 9.695071 0.000000 30.753441
v 9.550965 0.000000 32.359440
v 8.967783 0.000000 31.086689
v 10.278254 0.000000 32.026192
v 9.695071 0.000000 30.753441
v 9.695071 0.000000 30.753441
v 9.695071 0.000000 30.753441
v 9.695071 0.000000 30.753441
v 9.695071 0.000000 30.753441
v 11.467189 0.000000 31.481415
v 10.884005 0.000000 30.208662
v 10.739901 0.000000 31.814663
v 10.156719 0.000000 30.541910
v 11.467189 0.000000 31.481415
v 10.884005 0.000000 30.208662
v 10.884005 0.000000 30.208662
v 10.884005 0.000000 30.208662
v 10.884005 0.000000 30.208662
v 10.884005 0.000000 30.208662
v 11.085225 0.000000 33.805180
v 10.502044 0.000000 32.532425
v 10.357940 0.000000 34.138428
v 9.774755 0.000000 32.865673
v 11.085225 0.000000 33.805180
v 10.502044 0.000000 32.532425
v 10.502044 0.000000 32.532425
v 10.502044 0.000000 32.532425
v 10.502044 0.000000 32.532425
v 10.502044 0.000000 32.532425
v 12.274161 0.000000 33.260403
v 11.690976 0.000000 31.987650
v 11.546874 0.000000 33.593651
v 10.963691 0.000000 32.320896
v 12.274161 0.000000 33.260403
v 11.690976 0.000000 31.987650
v 11.690976 0.000000 31.987650
v 11.690976 0.000000 31.987650
v 11.690976 0.000000 31.987650
v 11.690976 0.000000 31.987650
v 7.861157 0.000000 32.966713
v 7.478621 0.000000 31.619987
v 7.091600 0.000000 33.185303
v 6.709064 0.000000 31.838579
v 7.861157 0.000000 32.966713
v 7.478621 0.000000 31.619987
v 7.478621 0.000000 31.619987
v 7.478621 0.000000 31.619987
v 7.478621 0.000000 31.619987
v 7.478621 0.000000 31.619987
v 9.119193 0.000000 32.609367
v 8.736655 0.000000 31.262642
v 8.349637 0.000000 32.827957
v 7.967099 0.000000 31.481236
v 9.119193 0.000000 32.609367
v 8.736655 0.000000 31.262642
v 8.736655 0.000000 31.262642
v 8.736655 0.000000 31.262642
v 8.736655 0.000000 31.262642
v 8.736655 0.000000 31.262642
v 8.387772 0.000000 34.847847
v 8.005235 0.000000 33.501125
v 7.618216 0.000000 35.066441
v 7.235678 0.000000 33.719715
v 8.387772 0.000000 34.847847
v 8.005235 0.000000 33.501125
v 8.005235 0.000000 33.501125
v 8.005235 0.000000 33.501125
v 8.005235 0.000000 33.501125
v 8.005235 0.000000 33.501125
v 9.645808 0.000000 34.490501
v 9.263270 0.000000 33.143780
v 8.876252 0.000000 34.709095
v 8.493714 0.000000 33.362373
v 9.645808 0.000000 34.490501
v 9.263270 0.000000 33.143780
v 9.263270 0.000000 33.143780
v 9.263270 0.000000 33.143780
v 9.263270 0.000000 33.143780
v 9.263270 0.000000 33.143780
v 5.500144 0.000000 33.594173
v 5.214247 0.000000 32.223675
v 4.717003 0.000000 33.757542
v 4.431106 0.000000 32.387047
v 5.500144 0.000000 33.594173
v 5.214247 0.000000 32.223675
v 5.214247 0.000000 32.223675
v 5.214247 0.000000 32.223675
v 5.214247 0.000000 32.223675
v 5.214247 0.000000 32.223675
v 6.780388 0.000000 33.327103
v 6.494491 0.000000 31.956608
v 5.997246 0.000000 33.490475
v 5.711349 0.000000 32.119976
v 6.780388 0.000000 33.327103
v 6.494491 0.000000 31.956608
v 6.494491 0.000000 31.956608
v 6.494491 0.000000 31.956608
v 6.494491 0.000000 31.956608
v 6.494491 0.000000 31.956608
v 5.891788 0.000000 35.507969
v 5.605892 0.000000 34.137470
v 5.108647 0.000000 35.671337
v 4.822751 0.000000 34.300842
v 5.891788 0.000000 35.507969
v 5.605892 0.000000 34.137470
v 5.605892 0.000000 34.137470
v 5.605892 0.000000 34.137470
v 5.605892 0.000000 34.137470
v 5.605892 0.000000 34.137470
v 7.172032 0.000000 35.240898
v 6.886136 0.000000 33.870403
v 6.388891 0.000000 35.404270
v 6.102995 0.000000 34.033772
v 7.172032 0.000000 35.240898
v 6.886136 0.000000 33.870403
v 6.886136 0.000000 33.870403
v 6.886136 0.000000 33.870403
v 6.886136 0.000000 33.870403
v 6.886136 0.000000 33.870403
v 2.695678 0.000000 33.943375
v 2.536585 0.000000 32.552444
v 1.900861 0.000000 34.034286
v 1.741766 0.000000 32.643356
v 2.695678 0.000000 33.943375
v 2.536585 0.000000 32.552444
v 2.536585 0.000000 32.552444
v 2.536585 0.000000 32.552444
v 2.536585 0.000000 32.552444
v 2.536585 0.000000 32.552444
v 3.995010 0.000000 33.794758
v 3.835916 0.000000 32.403828
v 3.200192 0.000000 33.885670
v 3.041099 0.000000 32.494740
v 3.995010 0.000000 33.794758
v 3.835916 0.000000 32.403828
v 3.835916 0.000000 32.403828
v 3.835916 0.000000 32.403828
v 3.835916 0.000000 32.403828
v 3.835916 0.000000 32.403828
v 2.910285 0.000000 35.885010
v 2.751191 0.000000 34.494080
v 2.115468 0.000000 35.975922
v 1.956373 0.000000 34.584988
v 2.910285 0.000000 35.885010
v 2.751191 0.000000 34.494080
v 2.751191 0.000000 34.494080
v 2.751191 0.000000 34.494080
v 2.751191 0.000000 34.494080
v 2.751191 0.000000 34.494080
v 4.209618 0.000000 35.736393
v 4.050524 0.000000 34.345463
v 3.414799 0.000000 35.827305
v 3.255705 0.000000 34.436371
v 4.209618 0.000000 35.736393
v 4.050524 0.000000 34.345463
v 4.050524 0.000000 34.345463
v 4.050524 0.000000 34.345463
v 4.050524 0.000000 34.345463
v 4.050524 0.000000 34.345463
v 0.192977 0.000000 34.040436
v 0.149476 0.000000 32.641109
v -0.606637 0.000000 34.065292
v -0.650138 0.000000 32.665966
v 0.192977 0.000000 34.040436
v 0.149476 0.000000 32.641109
v 0.149476 0.000000 32.641109
v 0.149476 0.000000 32.641109
v 0.149476 0.000000 32.641109
v 0.149476 0.000000 32.641109
v 1.500149 0.000000 33.999798
v 1.456648 0.000000 32.600475
v 0.700536 0.000000 34.024654
v 0.657034 0.000000 32.625332
v 1.500149 0.000000 33.999798
v 1.456648 0.000000 32.600475
v 1.456648 0.000000 32.600475
v 1.456648 0.000000 32.600475
v 1.456648 0.000000 32.600475
v 1.456648 0.000000 32.600475
v 0.246251 0.000000 35.993164
v 0.202750 0.000000 34.593842
v -0.553362 0.000000 36.018024
v -0.596864 0.000000 34.618698
v 0.246251 0.000000 35.993164
v 0.202750 0.000000 34.593842
v 0.202750 0.000000 34.593842
v 0.202750 0.000000 34.593842
v 0.202750 0.000000 34.593842
v 0.202750 0.000000 34.593842
v 1.553423 0.000000 35.952530
v 1.509922 0.000000 34.553204
v 0.753809 0.000000 35.977386
v 0.710308 0.000000 34.578064
v 1.553423 0.000000 35.952530
v 1.509922 0.000000 34.553204
v 1.509922 0.000000 34.553204
v 1.509922 0.000000 34.553204
v 1.509922 0.000000 34.553204
v 1.509922 0.000000 34.553204
v -2.354337 0.000000 33.799156
v -2.156566 0.000000 32.413197
v -3.146314 0.000000 33.686146
v -2.948544 0.000000 32.300182
v -2.354337 0.000000 33.799156
v -2.156566 0.000000 32.413197
v -2.156566 0.000000 32.413197
v -2.156566 0.000000 32.413197
v -2.156566 0.000000 32.413197
v -2.156566 0.000000 32.413197
v -1.059648 0.000000 33.983902
v -0.861878 0.000000 32.597942
v -1.851626 0.000000 33.870892
v -1.653855 0.000000 32.484932
v -1.059648 0.000000 33.983902
v -0.861878 0.000000 32.597942
v -0.861878 0.000000 32.597942
v -0.861878 0.000000 32.597942
v -0.861878 0.000000 32.597942
v -0.861878 0.000000 32.597942
v -2.637642 0.000000 35.731960
v -2.439872 0.000000 34.346001
v -3.429620 0.000000 35.618950
v -3.231850 0.000000 34.232990
v -2.637642 0.000000 35.731960
v -2.439872 0.000000 34.346001
v -2.439872 0.000000 34.346001
v -2.439872 0.000000 34.346001
v -2.439872 0.000000 34.346001
v -2.439872 0.000000 34.346001
v -1.342954 0.000000 35.916706
v -1.145184 0.000000 34.530746
v -2.134932 0.000000 35.803696
v -1.937161 0.000000 34.417736
v -1.342954 0.000000 35.916706
v -1.145184 0.000000 34.530746
v -1.145184 0.000000 34.530746
v -1.145184 0.000000 34.530746
v -1.145184 0.000000 34.530746
v -1.145184 0.000000 34.530746
vn -0.0000 1.0000 -0.0000
vt 0.000000 0.000000
vt 1.000000 0.000000
vt 1.000000 1.000000
vt 0.000000 1.000000
s 0
usemtl Material.016
f 2508/1058/760 2509/1059/760 2511/1060/760 2510/1061/760
f 2509/1059/760 2508/1058/760 2512/1058/760 2513/1059/760
f 2509/1059/760 2513/1059/760 2515/1059/760 2514/1059/760
f 2514/1059/760 2515/1059/760 2517/1059/760 2516/1059/760
f 2518/1058/760 2519/1059/760 2521/1060/760 2520/1061/760
f 2519/1059/760 2518/1058/760 2522/1058/760 2523/1059/760
f 2519/1059/760 2523/1059/760 2525/1059/760 2524/1059/760
f 2524/1059/760 2525/1059/760 2527/1059/760 2526/1059/760
f 2528/1058/760 2529/1059/760 2531/1060/760 2530/1061/760
f 2529/1059/760 2528/1058/760 2532/1058/760 2533/1059/760
f 2529/1059/760 2533/1059/760 2535/1059/760 2534/1059/760
f 2534/1059/760 2535/1059/760 2537/1059/760 2536/1059/760
f 2538/1058/760 2539/1059/760 2541/1060/760 2540/1061/760
f 2539/1059/760 2538/1058/760 2542/1058/760 2543/1059/760
f 2539/1059/760 2543/1059/760 2545/1059/760 2544/1059/760
f 2544/1059/760 2545/1059/760 2547/1059/760 2546/1059/760
f 2548/1058/760 2549/1059/760 2551/1060/760 2550/1061/760
f 2549/1059/760 2548/1058/760 2552/1058/760 2553/1059/760
f 2549/1059/760 2553/1059/760 2555/1059/760 2554/1059/760
f 2554/1059/760 2555/1059/760 2557/1059/760 2556/1059/760
f 2558/1058/760 2559/1059/760 2561/1060/760 2560/1061/760
f 2559/1059/760 2558/1058/760 2562/1058/760 2563/1059/760
f 2559/1059/760 2563/1059/760 2565/1059/760 2564/1059/760
f 2564/1059/760 2565/1059/760 2567/1059/760 2566/1059/760
f 2568/1058/760 2569/1059/760 2571/1060/760 2570/1061/760
f 2569/1059/760 2568/1058/760 2572/1058/760 2573/1059/760
f 2569/1059/760 2573/1059/760 2575/1059/760 2574/1059/760
f 2574/1059/760 2575/1059/760 2577/1059/760 2576/1059/760
f 2578/1058/760 2579/1059/760 2581/1060/760 2580/1061/760
f 2579/1059/760 2578/1058/760 2582/1058/760 2583/1059/760
f 2579/1059/760 2583/1059/760 2585/1059/760 2584/1059/760
f 2584/1059/760 2585/1059/760 2587/1059/760 2586/1059/760
f 2588/1058/760 2589/1059/760 2591/1060/760 2590/1061/760
f 2589/1059/760 2588/1058/760 2592/1058/760 2593/1059/760
f 2589/1059/760 2593/1059/760 2595/1059/760 2594/1059/760
f 2594/1059/760 2595/1059/760 2597/1059/760 2596/1059/760
f 2598/1058/760 2599/1059/760 2601/1060/760 2600/1061/760
f 2599/1059/760 2598/1058/760 2602/1058/760 2603/1059/760
f 2599/1059/760 2603/1059/760 2605/1059/760 2604/1059/760
f 2604/1059/760 2605/1059/760 2607/1059/760 2606/1059/760
f 2608/1058/760 2609/1059/760 2611/1060/760 2610/1061/760
f 2609/1059/760 2608/1058/760 2612/1058/760 2613/1059/760
f 2609/1059/760 2613/1059/760 2615/1059/760 2614/1059/760
f 2614/1059/760 2615/1059/760 2617/1059/760 2616/1059/760
f 2618/1058/760 2619/1059/760 2621/1060/760 2620/1061/760
f 2619/1059/760 2618/1058/760 2622/1058/760 2623/1059/760
f 2619/1059/760 2623/1059/760 2625/1059/760 2624/1059/760
f 2624/1059/760 2625/1059/760 2627/1059/760 2626/1059/760
f 2628/1058/760 2629/1059/760 2631/1060/760 2630/1061/760
f 2629/1059/760 2628/1058/760 2632/1058/760 2633/1059/760
f 2629/1059/760 2633/1059/760 2635/1059/760 2634/1059/760
f 2634/1059/760 2635/1059/760 2637/1059/760 2636/1059/760
f 2638/1058/760 2639/1059/760 2641/1060/760 2640/1061/760
f 2639/1059/760 2638/1058/760 2642/1058/760 2643/1059/760
f 2639/1059/760 2643/1059/760 2645/1059/760 2644/1059/760
f 2644/1059/760 2645/1059/760 2647/1059/760 2646/1059/760
f 2648/1058/760 2649/1059/760 2651/1060/760 2650/1061/760
f 2649/1059/760 2648/1058/760 2652/1058/760 2653/1059/760
f 2649/1059/760 2653/1059/760 2655/1059/760 2654/1059/760
f 2654/1059/760 2655/1059/760 2657/1059/760 2656/1059/760
f 2658/1058/760 2659/1059/760 2661/1060/760 2660/1061/760
f 2659/1059/760 2658/1058/760 2662/1058/760 2663/1059/760
f 2659/1059/760 2663/1059/760 2665/1059/760 2664/1059/760
f 2664/1059/760 2665/1059/760 2667/1059/760 2666/1059/760
f 2668/1058/760 2669/1059/760 2671/1060/760 2670/1061/760
f 2669/1059/760 2668/1058/760 2672/1058/760 2673/1059/760
f 2669/1059/760 2673/1059/760 2675/1059/760 2674/1059/760
f 2674/1059/760 2675/1059/760 2677/1059/760 2676/1059/760
f 2678/1058/760 2679/1059/760 2681/1060/760 2680/1061/760
f 2679/1059/760 2678/1058/760 2682/1058/760 2683/1059/760
f 2679/1059/760 2683/1059/760 2685/1059/760 2684/1059/760
f 2684/1059/760 2685/1059/760 2687/1059/760 2686/1059/760
f 2688/1058/760 2689/1059/760 2691/1060/760 2690/1061/760
f 2689/1059/760 2688/1058/760 2692/1058/760 2693/1059/760
f 2689/1059/760 2693/1059/760 2695/1059/760 2694/1059/760
f 2694/1059/760 2695/1059/760 2697/1059/760 2696/1059/760
f 2698/1058/760 2699/1059/760 2701/1060/760 2700/1061/760
f 2699/1059/760 2698/1058/760 2702/1058/760 2703/1059/760
f 2699/1059/760 2703/1059/760 2705/1059/760 2704/1059/760
f 2704/1059/760 2705/1059/760 2707/1059/760 2706/1059/760
f 2708/1058/760 2709/1059/760 2711/1060/760 2710/1061/760
f 2709/1059/760 2708/1058/760 2712/1058/760 2713/1059/760
f 2709/1059/760 2713/1059/760 2715/1059/760 2714/1059/760
f 2714/1059/760 2715/1059/760 2717/1059/760 2716/1059/760
f 2718/1058/760 2719/1059/760 2721/1060/760 2720/1061/760
f 2719/1059/760 2718/1058/760 2722/1058/760 2723/1059/760
f 2719/1059/760 2723/1059/760 2725/1059/760 2724/1059/760
f 2724/1059/760 2725/1059/760 2727/1059/760 2726/1059/760
f 2728/1058/760 2729/1059/760 2731/1060/760 2730/1061/760
f 2729/1059/760 2728/1058/760 2732/1058/760 2733/1059/760
f 2729/1059/760 2733/1059/760 2735/1059/760 2734/1059/760
f 2734/1059/760 2735/1059/760 2737/1059/760 2736/1059/760
f 2738/1058/760 2739/1059/760 2741/1060/760 2740/1061/760
f 2739/1059/760 2738/1058/760 2742/1058/760 2743/1059/760
f 2739/1059/760 2743/1059/760 2745/1059/760 2744/1059/760
f 2744/1059/760 2745/1059/760 2747/1059/760 2746/1059/760
f 2748/1058/760 2749/1059/760 2751/1060/760 2750/1061/760
f 2749/1059/760 2748/1058/760 2752/1058/760 2753/1059/760
f 2749/1059/760 2753/1059/760 2755/1059/760 2754/1059/760
f 2754/1059/760 2755/1059/760 2757/1059/760 2756/1059/760
f 2758/1058/760 2759/1059/760 2761/1060/760 2760/1061/760
f 2759/1059/760 2758/1058/760 2762/1058/760 2763/1059/760
f 2759/1059/760 2763/1059/760 2765/1059/760 2764/1059/760
f 2764/1059/760 2765/1059/760 2767/1059/760 2766/1059/760
f 2768/1058/760 2769/1059/760 2771/1060/760 2770/1061/760
f 2769/1059/760 2768/1058/760 2772/1058/760 2773/1059/760
f 2769/1059/760 2773/1059/760 2775/1059/760 2774/1059/760
f 2774/1059/760 2775/1059/760 2777/1059/760 2776/1059/760
f 2778/1058/760 2779/1059/760 2781/1060/760 2780/1061/760
f 2779/1059/760 2778/1058/760 2782/1058/760 2783/1059/760
f 2779/1059/760 2783/1059/760 2785/1059/760 2784/1059/760
f 2784/1059/760 2785/1059/760 2787/1059/760 2786/1059/760
f 2788/1058/760 2789/1059/760 2791/1060/760 2790/1061/760
f 2789/1059/760 2788/1058/760 2792/1058/760 2793/1059/760
f 2789/1059/760 2793/1059/760 2795/1059/760 2794/1059/760
f 2794/1059/760 2795/1059/760 2797/1059/760 2796/1059/760
f 2798/1058/760 2799/1059/760 2801/1060/760 2800/1061/760
f 2799/1059/760 2798/1058/760 2802/1058/760 2803/1059/760
f 2799/1059/760 2803/1059/760 2805/1059/760 2804/1059/760
f 2804/1059/760 2805/1059/760 2807/1059/760 2806/1059/760
f 2808/1058/760 2809/1059/760 2811/1060/760 2810/1061/760
f 2809/1059/760 2808/1058/760 2812/1058/760 2813/1059/760
f 2809/1059/760 2813/1059/760 2815/1059/760 2814/1059/760
f 2814/1059/760 2815/1059/760 2817/1059/760 2816/1059/760
f 2818/1058/760 2819/1059/760 2821/1060/760 2820/1061/760
f 2819/1059/760 2818/1058/760 2822/1058/760 2823/1059/760
f 2819/1059/760 2823/1059/760 2825/1059/760 2824/1059/760
f 2824/1059/760 2825/1059/760 2827/1059/760 2826/1059/760
f 2828/1058/760 2829/1059/760 2831/1060/760 2830/1061/760
f 2829/1059/760 2828/1058/760 2832/1058/760 2833/1059/760
f 2829/1059/760 2833/1059/760 2835/1059/760 2834/1059/760
f 2834/1059/760 2835/1059/760 2837/1059/760 2836/1059/760
f 2838/1058/760 2839/1059/760 2841/1060/760 2840/1061/760
f 2839/1059/760 2838/1058/760 2842/1058/760 2843/1059/760
f 2839/1059/760 2843/1059/760 2845/1059/760 2844/1059/760
f 2844/1059/760 2845/1059/760 2847/1059/760 2846/1059/760
f 2848/1058/760 2849/1059/760 2851/1060/760 2850/1061/760
f 2849/1059/760 2848/1058/760 2852/1058/760 2853/1059/760
f 2849/1059/760 2853/1059/760 2855/1059/760 2854/1059/760
f 2854/1059/760 2855/1059/760 2857/1059/760 2856/1059/760
f 2858/1058/760 2859/1059/760 2861/1060/760 2860/1061/760
f 2859/1059/760 2858/1058/760 2862/1058/760 2863/1059/760
f 2859/1059/760 2863/1059/760 2865/1059/760 2864/1059/760
f 2864/1059/760 2865/1059/760 2867/1059/760 2866/1059/760
f 2868/1058/760 2869/1059/760 2871/1060/760 2870/1061/760
f 2869/1059/760 2868/1058/760 2872/1058/760 2873/1059/760
f 2869/1059/760 2873/1059/760 2875/1059/760 2874/1059/760
f 2874/1059/760 2875/1059/760 2877/1059/760 2876/1059/760
f 2878/1058/760 2879/1059/760 2881/1060/760 2880/1061/760
f 2879/1059/760 2878/1058/760 2882/1058/760 2883/1059/760
f 2879/1059/760 2883/1059/760 2885/1059/760 2884/1059/760
f 2884/1059/760 2885/1059/760 2887/1059/760 2886/1059/760
f 2888/1058/760 2889/1059/760 2891/1060/760 2890/1061/760
f 2889/1059/760 2888/1058/760 2892/1058/760 2893/1059/760
f 2889/1059/760 2893/1059/760 2895/1059/760 2894/1059/760
f 2894/1059/760 2895/1059/760 2897/1059/760 2896/1059/760
f 2898/1058/760 2899/1059/760 2901/1060/760 2900/1061/760
f 2899/1059/760 2898/1058/760 2902/1058/760 2903/1059/760
f 2899/1059/760 2903/1059/760 2905/1059/760 2904/1059/760
f 2904/1059/760 2905/1059/760 2907/1059/760 2906/1059/760
f 2908/1058/760 2909/1059/760 2911/1060/760 2910/1061/760
f 2909/1059/760 2908/1058/760 2912/1058/760 2913/1059/760
f 2909/1059/760 2913/1059/760 2915/1059/760 2914/1059/760
f 2914/1059/760 2915/1059/760 2917/1059/760 2916/1059/760
f 2918/1058/760 2919/1059/760 2921/1060/760 2920/1061/760
f 2919/1059/760 2918/1058/760 2922/1058/760 2923/1059/760
f 2919/1059/760 2923/1059/760 2925/1059/760 2924/1059/760
f 2924/1059/760 2925/1059/760 2927/1059/760 2926/1059/760
f 2928/1058/760 2929/1059/760 2931/1060/760 2930/1061/760
f 2929/1059/760 2928/1058/760 2932/1058/760 2933/1059/760
f 2929/1059/760 2933/1059/760 2935/1059/760 2934/1059/760
f 2934/1059/760 2935/1059/760 2937/1059/760 2936/1059/760
f 2938/1058/760 2939/1059/760 2941/1060/760 2940/1061/760
f 2939/1059/760 2938/1058/760 2942/1058/760 2943/1059/760
f 2939/1059/760 2943/1059/760 2945/1059/760 2944/1059/760
f 2944/1059/760 2945/1059/760 2947/1059/760 2946/1059/760
f 2948/1058/760 2949/1059/760 2951/1060/760 2950/1061/760
f 2949/1059/760 2948/1058/760 2952/1058/760 2953/1059/760
f 2949/1059/760 2953/1059/760 2955/1059/760 2954/1059/760
f 2954/1059/760 2955/1059/760 2957/1059/760 2956/1059/760
f 2958/1058/760 2959/1059/760 2961/1060/760 2960/1061/760
f 2959/1059/760 2958/1058/760 2962/1058/760 2963/1059/760
f 2959/1059/760 2963/1059/760 2965/1059/760 2964/1059/760
f 2964/1059/760 2965/1059/760 2967/1059/760 2966/1059/760
f 2968/1058/760 2969/1059/760 2971/1060/760 2970/1061/760
f 2969/1059/760 2968/1058/760 2972/1058/760 2973/1059/760
f 2969/1059/760 2973/1059/760 2975/1059/760 2974/1059/760
f 2974/1059/760 2975/1059/760 2977/1059/760 2976/1059/760
f 2978/1058/760 2979/1059/760 2981/1060/760 2980/1061/760
f 2979/1059/760 2978/1058/760 2982/1058/760 2983/1059/760
f 2979/1059/760 2983/1059/760 2985/1059/760 2984/1059/760
f 2984/1059/760 2985/1059/760 2987/1059/760 2986/1059/760
f 2988/1058/760 2989/1059/760 2991/1060/760 2990/1061/760
f 2989/1059/760 2988/1058/760 2992/1058/760 2993/1059/760
f 2989/1059/760 2993/1059/760 2995/1059/760 2994/1059/760
f 2994/1059/760 2995/1059/760 2997/1059/760 2996/1059/760
f 2998/1058/760 2999/1059/760 3001/1060/760 3000/1061/760
f 2999/1059/760 2998/1058/760 3002/1058/760 3003/1059/760
f 2999/1059/760 3003/1059/760 3005/1059/760 3004/1059/760
f 3004/1059/760 3005/1059/760 3007/1059/760 3006/1059/760
f 3008/1058/760 3009/1059/760 3011/1060/760 3010/1061/760
f 3009/1059/760 3008/1058/760 3012/1058/760 3013/1059/760
f 3009/1059/760 3013/1059/760 3015/1059/760 3014/1059/760
f 3014/1059/760 3015/1059/760 3017/1059/760 3016/1059/760
f 3018/1058/760 3019/1059/760 3021/1060/760 3020/1061/760
f 3019/1059/760 3018/1058/760 3022/1058/760 3023/1059/760
f 3019/1059/760 3023/1059/760 3025/1059/760 3024/1059/760
f 3024/1059/760 3025/1059/760 3027/1059/760 3026/1059/760
f 3028/1058/760 3029/1059/760 3031/1060/760 3030/1061/760
f 3029/1059/760 3028/1058/760 3032/1058/760 3033/1059/760
f 3029/1059/760 3033/1059/760 3035/1059/760 3034/1059/760
f 3034/1059/760 3035/1059/760 3037/1059/760 3036/1059/760
f 3038/1058/760 3039/1059/760 3041/1060/760 3040/1061/760
f 3039/1059/760 3038/1058/760 3042/1058/760 3043/1059/760
f 3039/1059/760 3043/1059/760 3045/1059/760 3044/1059/760
f 3044/1059/760 3045/1059/760 3047/1059/760 3046/1059/760
f 3048/1058/760 3049/1059/760 3051/1060/760 3050/1061/760
f 3049/1059/760 3048/1058/760 3052/1058/760 3053/1059/760
f 3049/1059/760 3053/1059/760 3055/1059/760 3054/1059/760
f 3054/1059/760 3055/1059/760 3057/1059/760 3056/1059/760
f 3058/1058/760 3059/1059/760 3061/1060/760 3060/1061/760
f 3059/1059/760 3058/1058/760 3062/1058/760 3063/1059/760
f 3059/1059/760 3063/1059/760 3065/1059/760 3064/1059/760
f 3064/1059/760 3065/1059/760 3067/1059/760 3066/1059/760
f 3068/1058/760 3069/1059/760 3071/1060/760 3070/1061/760
f 3069/1059/760 3068/1058/760 3072/1058/760 3073/1059/760
f 3069/1059/760 3073/1059/760 3075/1059/760 3074/1059/760
f 3074/1059/760 3075/1059/760 3077/1059/760 3076/1059/760
f 3078/1058/760 3079/1059/760 3081/1060/760 3080/1061/760
f 3079/1059/760 3078/1058/760 3082/1058/760 3083/1059/760
f 3079/1059/760 3083/1059/760 3085/1059/760 3084/1059/760
f 3084/1059/760 3085/1059/760 3087/1059/760 3086/1059/760
f 3088/1058/760 3089/1059/760 3091/1060/760 3090/1061/760
f 3089/1059/760 3088/1058/760 3092/1058/760 3093/1059/760
f 3089/1059/760 3093/1059/760 3095/1059/760 3094/1059/760
f 3094/1059/760 3095/1059/760 3097/1059/760 3096/1059/760
f 3098/1058/760 3099/1059/760 3101/1060/760 3100/1061/760
f 3099/1059/760 3098/1058/760 3102/1058/760 3103/1059/760
f 3099/1059/760 3103/1059/760 3105/1059/760 3104/1059/760
f 3104/1059/760 3105/1059/760 3107/1059/760 3106/1059/760
f 3108/1058/760 3109/1059/760 3111/1060/760 3110/1061/760
f 3109/1059/760 3108/1058/760 3112/1058/760 3113/1059/760
f 3109/1059/760 3113/1059/760 3115/1059/760 3114/1059/760
f 3114/1059/760 3115/1059/760 3117/1059/760 3116/1059/760
f 3118/1058/760 3119/1059/760 3121/1060/760 3120/1061/760
f 3119/1059/760 3118/1058/760 3122/1058/760 3123/1059/760
f 3119/1059/760 3123/1059/760 3125/1059/760 3124/1059/760
f 3124/1059/760 3125/1059/760 3127/1059/760 3126/1059/760
f 3128/1058/760 3129/1059/760 3131/1060/760 3130/1061/760
f 3129/1059/760 3128/1058/760 3132/1058/760 3133/1059/760
f 3129/1059/760 3133/1059/760 3135/1059/760 3134/1059/760
f 3134/1059/760 3135/1059/760 3137/1059/760 3136/1059/760
f 3138/1058/760 3139/1059/760 3141/1060/760 3140/1061/760
f 3139/1059/760 3138/1058/760 3142/1058/760 3143/1059/760
f 3139/1059/760 3143/1059/760 3145/1059/760 3144/1059/760
f 3144/1059/760 3145/1059/760 3147/1059/760 3146/1059/760
f 3148/1058/760 3149/1059/760 3151/1060/760 3150/1061/760
f 3149/1059/760 3148/1058/760 3152/1058/760 3153/1059/760
f 3149/1059/760 3153/1059/760 3155/1059/760 3154/1059/760
f 3154/1059/760 3155/1059/760 3157/1059/760 3156/1059/760
f 3158/1058/760 3159/1059/760 3161/1060/760 3160/1061/760
f 3159/1059/760 3158/1058/760 3162/1058/760 3163/1059/760
f 3159/1059/760 3163/1059/760 3165/1059/760 3164/1059/760
f 3164/1059/760 3165/1059/760 3167/1059/760 3166/1059/760
f 3168/1058/760 3169/1059/760 3171/1060/760 3170/1061/760
f 3169/1059/760 3168/1058/760 3172/1058/760 3173/1059/760
f 3169/1059/760 3173/1059/760 3175/1059/760 3174/1059/760
f 3174/1059/760 3175/1059/760 3177/1059/760 3176/1059/760
f 3178/1058/760 3179/1059/760 3181/1060/760 3180/1061/760
f 3179/1059/760 3178/1058/760 3182/1058/760 3183/1059/760
f 3179/1059/760 3183/1059/760 3185/1059/760 3184/1059/760
f 3184/1059/760 3185/1059/760 3187/1059/760 3186/1059/760
f 3188/1058/760 3189/1059/760 3191/1060/760 3190/1061/760
f 3189/1059/760 3188/1058/760 3192/1058/760 3193/1059/760
f 3189/1059/760 3193/1059/760 3195/1059/760 3194/1059/760
f 3194/1059/760 3195/1059/760 3197/1059/760 3196/1059/760
f 3198/1058/760 3199/1059/760 3201/1060/760 3200/1061/760
f 3199/1059/760 3198/1058/760 3202/1058/760 3203/1059/760
f 3199/1059/760 3203/1059/760 3205/1059/760 3204/1059/760
f 3204/1059/760 3205/1059/760 3207/1059/760 3206/1059/760
f 3208/1058/760 3209/1059/760 3211/1060/760 3210/1061/760
f 3209/1059/760 3208/1058/760 3212/1058/760 3213/1059/760
f 3209/1059/760 3213/1059/760 3215/1059/760 3214/1059/760
f 3214/1059/760 3215/1059/760 3217/1059/760 3216/1059/760
f 3218/1058/760 3219/1059/760 3221/1060/760 3220/1061/760
f 3219/1059/760 3218/1058/760 3222/1058/760 3223/1059/760
f 3219/1059/760 3223/1059/760 3225/1059/760 3224/1059/760
f 3224/1059/760 3225/1059/760 3227/1059/760 3226/1059/760
f 3228/1058/760 3229/1059/760 3231/1060/760 3230/1061/760
f 3229/1059/760 3228/1058/760 3232/1058/760 3233/1059/760
f 3229/1059/760 3233/1059/760 3235/1059/760 3234/1059/760
f 3234/1059/760 3235/1059/760 3237/1059/760 3236/1059/760
f 3238/1058/760 3239/1059/760 3241/1060/760 3240/1061/760
f 3239/1059/760 3238/1058/760 3242/1058/760 3243/1059/760
f 3239/1059/760 3243/1059/760 3245/1059/760 3244/1059/760
f 3244/1059/760 3245/1059/760 3247/1059/760 3246/1059/760
f 3248/1058/760 3249/1059/760 3251/1060/760 3250/1061/760
f 3249/1059/760 3248/1058/760 3252/1058/760 3253/1059/760
f 3249/1059/760 3253/1059/760 3255/1059/760 3254/1059/760
f 3254/1059/760 3255/1059/760 3257/1059/760 3256/1059/760
f 3258/1058/760 3259/1059/760 3261/1060/760 3260/1061/760
f 3259/1059/760 3258/1058/760 3262/1058/760 3263/1059/760
f 3259/1059/760 3263/1059/760 3265/1059/760 3264/1059/760
f 3264/1059/760 3265/1059/760 3267/1059/760 3266/1059/760
f 3268/1058/760 3269/1059/760 3271/1060/760 3270/1061/760
f 3269/1059/760 3268/1058/760 3272/1058/760 3273/1059/760
f 3269/1059/760 3273/1059/760 3275/1059/760 3274/1059/760
f 3274/1059/760 3275/1059/760 3277/1059/760 3276/1059/760
f 3278/1058/760 3279/1059/760 3281/1060/760 3280/1061/760
f 3279/1059/760 3278/1058/760 3282/1058/760 3283/1059/760
f 3279/1059/760 3283/1059/760 3285/1059/760 3284/1059/760
f 3284/1059/760 3285/1059/760 3287/1059/760 3286/1059/760
f 3288/1058/760 3289/1059/760 3291/1060/760 3290/1061/760
f 3289/1059/760 3288/1058/760 3292/1058/760 3293/1059/760
f 3289/1059/760 3293/1059/760 3295/1059/760 3294/1059/760
f 3294/1059/760 3295/1059/760 3297/1059/760 3296/1059/760
f 3298/1058/760 3299/1059/760 3301/1060/760 3300/1061/760
f 3299/1059/760 3298/1058/760 3302/1058/760 3303/1059/760
f 3299/1059/760 3303/1059/760 3305/1059/760 3304/1059/760
f 3304/1059/760 3305/1059/760 3307/1059/760 3306/1059/760
f 3308/1058/760 3309/1059/760 3311/1060/760 3310/1061/760
f 3309/1059/760 3308/1058/760 3312/1058/760 3313/1059/760
f 3309/1059/760 3313/1059/760 3315/1059/760 3314/1059/760
f 3314/1059/760 3315/1059/760 3317/1059/760 3316/1059/760
f 3318/1058/760 3319/1059/760 3321/1060/760 3320/1061/760
f 3319/1059/760 3318/1058/760 3322/1058/760 3323/1059/760
f 3319/1059/760 3323/1059/760 3325/1059/760 3324/1059/760
f 3324/1059/760 3325/1059/760 3327/1059/760 3326/1059/760
f 3328/1058/760 3329/1059/760 3331/1060/760 3330/1061/760
f 3329/1059/760 3328/1058/760 3332/1058/760 3333/1059/760
f 3329/1059/760 3333/1059/760 3335/1059/760 3334/1059/760
f 3334/1059/760 3335/1059/760 3337/1059/760 3336/1059/760
f 3338/1058/760 3339/1059/760 3341/1060/760 3340/1061/760
f 3339/1059/760 3338/1058/760 3342/1058/760 3343/1059/760
f 3339/1059/760 3343/1059/760 3345/1059/760 3344/1059/760
f 3344/1059/760 3345/1059/760 3347/1059/760 3346/1059/760
f 3348/1058/760 3349/1059/760 3351/1060/760 3350/1061/760
f 3349/1059/760 3348/1058/760 3352/1058/760 3353/1059/760
f 3349/1059/760 3353/1059/760 3355/1059/760 3354/1059/760
f 3354/1059/760 3355/1059/760 3357/1059/760 3356/1059/760
f 3358/1058/760 3359/1059/760 3361/1060/760 3360/1061/760
f 3359/1059/760 3358/1058/760 3362/1058/760 3363/1059/760
f 3359/1059/760 3363/1059/760 3365/1059/760 3364/1059/760
f 3364/1059/760 3365/1059/760 3367/1059/760 3366/1059/760
f 3368/1058/760 3369/1059/760 3371/1060/760 3370/1061/760
f 3369/1059/760 3368/1058/760 3372/1058/760 3373/1059/760
f 3369/1059/760 3373/1059/760 3375/1059/760 3374/1059/760
f 3374/1059/760 3375/1059/760 3377/1059/760 3376/1059/760
f 3378/1058/760 3379/1059/760 3381/1060/760 3380/1061/760
f 3379/1059/760 3378/1058/760 3382/1058/760 3383/1059/760
f 3379/1059/760 3383/1059/760 3385/1059/760 3384/1059/760
f 3384/1059/760 3385/1059/760 3387/1059/760 3386/1059/760
f 3388/1058/760 3389/1059/760 3391/1060/760 3390/1061/760
f 3389/1059/760 3388/1058/760 3392/1058/760 3393/1059/760
f 3389/1059/760 3393/1059/760 3395/1059/760 3394/1059/760
f 3394/1059/760 3395/1059/760 3397/1059/760 3396/1059/760
f 3398/1058/760 3399/1059/760 3401/1060/760 3400/1061/760
f 3399/1059/760 3398/1058/760 3402/1058/760 3403/1059/760
f 3399/1059/760 3403/1059/760 3405/1059/760 3404/1059/760
f 3404/1059/760 3405/1059/760 3407/1059/760 3406/1059/760
f 3408/1058/760 3409/1059/760 3411/1060/760 3410/1061/760
f 3409/1059/760 3408/1058/760 3412/1058/760 3413/1059/760
f 3409/1059/760 3413/1059/760 3415/1059/760 3414/1059/760
f 3414/1059/760 3415/1059/760 3417/1059/760 3416/1059/760
f 3418/1058/760 3419/1059/760 3421/1060/760 3420/1061/760
f 3419/1059/760 3418/1058/760 3422/1058/760 3423/1059/760
f 3419/1059/760 3423/1059/760 3425/1059/760 3424/1059/760
f 3424/1059/760 3425/1059/760 3427/1059/760 3426/1059/760
f 3428/1058/760 3429/1059/760 3431/1060/760 3430/1061/760
f 3429/1059/760 3428/1058/760 3432/1058/760 3433/1059/760
f 3429/1059/760 3433/1059/760 3435/1059/760 3434/1059/760
f 3434/1059/760 3435/1059/760 3437/1059/760 3436/1059/760
f 3438/1058/760 3439/1059/760 3441/1060/760 3440/1061/760
f 3439/1059/760 3438/1058/760 3442/1058/760 3443/1059/760
f 3439/1059/760 3443/1059/760 3445/1059/760 3444/1059/760
f 3444/1059/760 3445/1059/760 3447/1059/760 3446/1059/760
f 3448/1058/760 3449/1059/760 3451/1060/760 3450/1061/760
f 3449/1059/760 3448/1058/760 3452/1058/760 3453/1059/760
f 3449/1059/760 3453/1059/760 3455/1059/760 3454/1059/760
f 3454/1059/760 3455/1059/760 3457/1059/760 3456/1059/760
f 3458/1058/760 3459/1059/760 3461/1060/760 3460/1061/760
f 3459/1059/760 3458/1058/760 3462/1058/760 3463/1059/760
f 3459/1059/760 3463/1059/760 3465/1059/760 3464/1059/760
f 3464/1059/760 3465/1059/760 3467/1059/760 3466/1059/760
f 3468/1058/760 3469/1059/760 3471/1060/760 3470/1061/760
f 3469/1059/760 3468/1058/760 3472/1058/760 3473/1059/760
f 3469/1059/760 3473/1059/760 3475/1059/760 3474/1059/760
f 3474/1059/760 3475/1059/760 3477/1059/760 3476/1059/760
f 3478/1058/760 3479/1059/760 3481/1060/760 3480/1061/760
f 3479/1059/760 3478/1058/760 3482/1058/760 3483/1059/760
f 3479/1059/760 3483/1059/760 3485/1059/760 3484/1059/760
f 3484/1059/760 3485/1059/760 3487/1059/760 3486/1059/760
f 3488/1058/760 3489/1059/760 3491/1060/760 3490/1061/760
f 3489/1059/760 3488/1058/760 3492/1058/760 3493/1059/760
f 3489/1059/760 3493/1059/760 3495/1059/760 3494/1059/760
f 3494/1059/760 3495/1059/760 3497/1059/760 3496/1059/760
f 3498/1058/760 3499/1059/760 3501/1060/760 3500/1061/760
f 3499/1059/760 3498/1058/760 3502/1058/760 3503/1059/760
f 3499/1059/760 3503/1059/760 3505/1059/760 3504/1059/760
f 3504/1059/760 3505/1059/760 3507/1059/760 3506/1059/760
f 3508/1058/760 3509/1059/760 3511/1060/760 3510/1061/760
f 3509/1059/760 3508/1058/760 3512/1058/760 3513/1059/760
f 3509/1059/760 3513/1059/760 3515/1059/760 3514/1059/760
f 3514/1059/760 3515/1059/760 3517/1059/760 3516/1059/760
f 3518/1058/760 3519/1059/760 3521/1060/760 3520/1061/760
f 3519/1059/760 3518/1058/760 3522/1058/760 3523/1059/760
f 3519/1059/760 3523/1059/760 3525/1059/760 3524/1059/760
f 3524/1059/760 3525/1059/760 3527/1059/760 3526/1059/760
f 3528/1058/760 3529/1059/760 3531/1060/760 3530/1061/760
f 3529/1059/760 3528/1058/760 3532/1058/760 3533/1059/760
f 3529/1059/760 3533/1059/760 3535/1059/760 3534/1059/760
f 3534/1059/760 3535/1059/760 3537/1059/760 3536/1059/760
f 3538/1058/760 3539/1059/760 3541/1060/760 3540/1061/760
f 3539/1059/760 3538/1058/760 3542/1058/760 3543/1059/760
f 3539/1059/760 3543/1059/760 3545/1059/760 3544/1059/760
f 3544/1059/760 3545/1059/760 3547/1059/760 3546/1059/760
f 3548/1058/760 3549/1059/760 3551/1060/760 3550/1061/760
f 3549/1059/760 3548/1058/760 3552/1058/760 3553/1059/760
f 3549/1059/760 3553/1059/760 3555/1059/760 3554/1059/760
f 3554/1059/760 3555/1059/760 3557/1059/760 3556/1059/760
f 3558/1058/760 3559/1059/760 3561/1060/760 3560/1061/760
f 3559/1059/760 3558/1058/760 3562/1058/760 3563/1059/760
f 3559/1059/760 3563/1059/760 3565/1059/760 3564/1059/760
f 3564/1059/760 3565/1059/760 3567/1059/760 3566/1059/760
f 3568/1058/760 3569/1059/760 3571/1060/760 3570/1061/760
f 3569/1059/760 3568/1058/760 3572/1058/760 3573/1059/760
f 3569/1059/760 3573/1059/760 3575/1059/760 3574/1059/760
f 3574/1059/760 3575/1059/760 3577/1059/760 3576/1059/760
f 3578/1058/760 3579/1059/760 3581/1060/760 3580/1061/760
f 3579/1059/760 3578/1058/760 3582/1058/760 3583/1059/760
f 3579/1059/760 3583/1059/760 3585/1059/760 3584/1059/760
f 3584/1059/760 3585/1059/760 3587/1059/760 3586/1059/760
f 3588/1058/760 3589/1059/760 3591/1060/760 3590/1061/760
f 3589/1059/760 3588/1058/760 3592/1058/760 3593/1059/760
f 3589/1059/760 3593/1059/760 3595/1059/760 3594/1059/760
f 3594/1059/760 3595/1059/760 3597/1059/760 3596/1059/760
f 3598/1058/760 3599/1059/760 3601/1060/760 3600/1061/760
f 3599/1059/760 3598/1058/760 3602/1058/760 3603/1059/760
f 3599/1059/760 3603/1059/760 3605/1059/760 3604/1059/760
f 3604/1059/760 3605/1059/760 3607/1059/760 3606/1059/760
f 3608/1058/760 3609/1059/760 3611/1060/760 3610/1061/760
f 3609/1059/760 3608/1058/760 3612/1058/760 3613/1059/760
f 3609/1059/760 3613/1059/760 3615/1059/760 3614/1059/760
f 3614/1059/760 3615/1059/760 3617/1059/760 3616/1059/760
f 3618/1058/760 3619/1059/760 3621/1060/760 3620/1061/760
f 3619/1059/760 3618/1058/760 3622/1058/760 3623/1059/760
f 3619/1059/760 3623/1059/760 3625/1059/760 3624/1059/760
f 3624/1059/760 3625/1059/760 3627/1059/760 3626/1059/760
o v_hlid.001
v -0.897838 -0.042709 -1.107179
v -0.565168 2.857426 -1.020996
v -0.897838 -0.013790 -1.581135
v -0.565168 2.875309 -1.314072
v 0.897838 -0.042709 -1.107179
v 0.565168 2.857426 -1.020996
v 0.897838 -0.013790 -1.581135
v 0.565168 2.875309 -1.314072
vn -0.9935 0.1138 0.0069
vn -0.0000 0.0920 -0.9958
vn 0.9935 0.1138 0.0069
vn -0.0000 -0.0297 0.9996
vn -0.0000 -0.9981 -0.0609
vn -0.0000 0.9981 0.0609
vt 0.375000 0.000000
vt 0.625000 0.000000
vt 0.625000 0.250000
vt 0.375000 0.250000
vt 0.625000 0.500000
vt 0.375000 0.500000
vt 0.625000 0.750000
vt 0.375000 0.750000
vt 0.625000 1.000000
vt 0.375000 1.000000
vt 0.125000 0.500000
vt 0.125000 0.750000
vt 0.875000 0.500000
vt 0.875000 0.750000
s 0
usemtl Material.003
f 3628/1062/761 3629/1063/761 3631/1064/761 3630/1065/761
f 3630/1065/762 3631/1064/762 3635/1066/762 3634/1067/762
f 3634/1067/763 3635/1066/763 3633/1068/763 3632/1069/763
f 3632/1069/764 3633/1068/764 3629/1070/764 3628/1071/764
f 3630/1072/765 3634/1067/765 3632/1069/765 3628/1073/765
f 3635/1066/766 3631/1074/766 3629/1075/766 3633/1068/766
o Cube.005
v -0.418295 -0.013630 -1.490021
v -0.418295 1.660993 -1.310701
v -0.418295 0.007274 -1.685235
v -0.418295 1.681896 -1.505915
v 0.418295 -0.013630 -1.490021
v 0.418295 1.660993 -1.310701
v 0.418295 0.007274 -1.685235
v 0.418295 1.681896 -1.505915
vn -1.0000 -0.0000 -0.0000
vn -0.0000 0.1065 -0.9943
vn 1.0000 -0.0000 -0.0000
vn -0.0000 -0.1065 0.9943
vn -0.0000 -0.9943 -0.1065
vn -0.0000 0.9943 0.1065
vt 0.375000 0.000000
vt 0.625000 0.000000
vt 0.625000 0.250000
vt 0.375000 0.250000
vt 0.625000 0.500000
vt 0.375000 0.500000
vt 0.625000 0.750000
vt 0.375000 0.750000
vt 0.625000 1.000000
vt 0.375000 1.000000
vt 0.125000 0.500000
vt 0.125000 0.750000
vt 0.875000 0.500000
vt 0.875000 0.750000
s 0
usemtl Material.064
f 3636/1076/767 3637/1077/767 3639/1078/767 3638/1079/767
f 3638/1079/768 3639/1078/768 3643/1080/768 3642/1081/768
f 3642/1081/769 3643/1080/769 3641/1082/769 3640/1083/769
f 3640/1083/770 3641/1082/770 3637/1084/770 3636/1085/770
f 3638/1086/771 3642/1081/771 3640/1083/771 3636/1087/771
f 3643/1080/772 3639/1088/772 3637/1089/772 3641/1082/772
o Cube.006
v -0.418295 1.844291 -1.338594
v -0.418295 2.528927 -1.255308
v -0.418295 1.861172 -1.477361
v -0.418295 2.545808 -1.394074
v 0.418295 1.844291 -1.338594
v 0.418295 2.528927 -1.255308
v 0.418295 1.861172 -1.477361
v 0.418295 2.545808 -1.394074
vn -1.0000 -0.0000 -0.0000
vn -0.0000 0.1208 -0.9927
vn 1.0000 -0.0000 -0.0000
vn -0.0000 -0.1208 0.9927
vn -0.0000 -0.9927 -0.1208
vn -0.0000 0.9927 0.1208
vt 0.375000 0.000000
vt 0.625000 0.000000
vt 0.625000 0.250000
vt 0.375000 0.250000
vt 0.625000 0.500000
vt 0.375000 0.500000
vt 0.625000 0.750000
vt 0.375000 0.750000
vt 0.625000 1.000000
vt 0.375000 1.000000
vt 0.125000 0.500000
vt 0.125000 0.750000
vt 0.875000 0.500000
vt 0.875000 0.750000
s 0
usemtl Material.053
f 3644/1090/773 3645/1091/773 3647/1092/773 3646/1093/773
f 3646/1093/774 3647/1092/774 3651/1094/774 3650/1095/774
f 3650/1095/775 3651/1094/775 3649/1096/775 3648/1097/775
f 3648/1097/776 3649/1096/776 3645/1098/776 3644/1099/776
f 3646/1100/777 3650/1095/777 3648/1097/777 3644/1101/777
f 3651/1094/778 3647/1102/778 3645/1103/778 3649/1096/778
o Cube.007
v -2.350952 1.914066 -1.250000
v -2.350952 2.274066 -1.250000
v -2.350952 1.914066 -1.350000
v -2.350952 2.274066 -1.350000
v -2.050952 1.914066 -1.250000
v -2.050952 2.274066 -1.250000
v -2.050952 1.914066 -1.350000
v -2.050952 2.274066 -1.350000
v 1.141584 1.914066 -1.250000
v 1.141584 2.274066 -1.250000
v 1.141584 1.914066 -1.350000
v 1.141584 2.274066 -1.350000
v 1.441584 1.914066 -1.250000
v 1.441584 2.274066 -1.250000
v 1.441584 1.914066 -1.350000
v 1.441584 2.274066 -1.350000
v 1.613785 1.914066 -1.250000
v 1.613785 2.274066 -1.250000
v 1.613785 1.914066 -1.350000
v 1.613785 2.274066 -1.350000
v 1.913785 1.914066 -1.250000
v 1.913785 2.274066 -1.250000
v 1.913785 1.914066 -1.350000
v 1.913785 2.274066 -1.350000
v 2.090915 1.914066 -1.250000
v 2.090915 2.274066 -1.250000
v 2.090915 1.914066 -1.350000
v 2.090915 2.274066 -1.350000
v 2.390915 1.914066 -1.250000
v 2.390915 2.274066 -1.250000
v 2.390915 1.914066 -1.350000
v 2.390915 2.274066 -1.350000
v -1.878752 1.914066 -1.250000
v -1.878752 2.274066 -1.250000
v -1.878752 1.914066 -1.350000
v -1.878752 2.274066 -1.350000
v -1.578752 1.914066 -1.250000
v -1.578752 2.274066 -1.250000
v -1.578752 1.914066 -1.350000
v -1.578752 2.274066 -1.350000
v -1.401621 1.914066 -1.250000
v -1.401621 2.274066 -1.250000
v -1.401621 1.914066 -1.350000
v -1.401621 2.274066 -1.350000
v -1.101621 1.914066 -1.250000
v -1.101621 2.274066 -1.250000
v -1.101621 1.914066 -1.350000
v -1.101621 2.274066 -1.350000
vn -1.0000 -0.0000 -0.0000
vn -0.0000 -0.0000 -1.0000
vn 1.0000 -0.0000 -0.0000
vn -0.0000 -0.0000 1.0000
vn -0.0000 -1.0000 -0.0000
vn -0.0000 1.0000 -0.0000
vt 0.375000 0.000000
vt 0.625000 0.000000
vt 0.625000 0.250000
vt 0.375000 0.250000
vt 0.625000 0.500000
vt 0.375000 0.500000
vt 0.625000 0.750000
vt 0.375000 0.750000
vt 0.625000 1.000000
vt 0.375000 1.000000
vt 0.125000 0.500000
vt 0.125000 0.750000
vt 0.875000 0.500000
vt 0.875000 0.750000
s 0
usemtl Material.026
f 3652/1104/779 3653/1105/779 3655/1106/779 3654/1107/779
f 3654/1107/780 3655/1106/780 3659/1108/780 3658/1109/780
f 3658/1109/781 3659/1108/781 3657/1110/781 3656/1111/781
f 3656/1111/782 3657/1110/782 3653/1112/782 3652/1113/782
f 3654/1114/783 3658/1109/783 3656/1111/783 3652/1115/783
f 3659/1108/784 3655/1116/784 3653/1117/784 3657/1110/784
f 3660/1104/779 3661/1105/779 3663/1106/779 3662/1107/779
f 3662/1107/780 3663/1106/780 3667/1108/780 3666/1109/780
f 3666/1109/781 3667/1108/781 3665/1110/781 3664/1111/781
f 3664/1111/782 3665/1110/782 3661/1112/782 3660/1113/782
f 3662/1114/783 3666/1109/783 3664/1111/783 3660/1115/783
f 3667/1108/784 3663/1116/784 3661/1117/784 3665/1110/784
f 3668/1104/779 3669/1105/779 3671/1106/779 3670/1107/779
f 3670/1107/780 3671/1106/780 3675/1108/780 3674/1109/780
f 3674/1109/781 3675/1108/781 3673/1110/781 3672/1111/781
f 3672/1111/782 3673/1110/782 3669/1112/782 3668/1113/782
f 3670/1114/783 3674/1109/783 3672/1111/783 3668/1115/783
f 3675/1108/784 3671/1116/784 3669/1117/784 3673/1110/784
f 3676/1104/779 3677/1105/779 3679/1106/779 3678/1107/779
f 3678/1107/780 3679/1106/780 3683/1108/780 3682/1109/780
f 3682/1109/781 3683/1108/781 3681/1110/781 3680/1111/781
f 3680/1111/782 3681/1110/782 3677/1112/782 3676/1113/782
f 3678/1114/783 3682/1109/783 3680/1111/783 3676/1115/783
f 3683/1108/784 3679/1116/784 3677/1117/784 3681/1110/784
f 3684/1104/779 3685/1105/779 3687/1106/779 3686/1107/779
f 3686/1107/780 3687/1106/780 3691/1108/780 3690/1109/780
f 3690/1109/781 3691/1108/781 3689/1110/781 3688/1111/781
f 3688/1111/782 3689/1110/782 3685/1112/782 3684/1113/782
f 3686/1114/783 3690/1109/783 3688/1111/783 3684/1115/783
f 3691/1108/784 3687/1116/784 3685/1117/784 3689/1110/784
f 3692/1104/779 3693/1105/779 3695/1106/779 3694/1107/779
f 3694/1107/780 3695/1106/780 3699/1108/780 3698/1109/780
f 3698/1109/781 3699/1108/781 3697/1110/781 3696/1111/781
f 3696/1111/782 3697/1110/782 3693/1112/782 3692/1113/782
f 3694/1114/783 3698/1109/783 3696/1111/783 3692/1115/783
f 3699/1108/784 3695/1116/784 3693/1117/784 3697/1110/784
o Cube
v -21.662800 6.316694 30.564211
v -21.699738 6.164936 30.816774
v -21.472021 6.320968 30.594681
v -21.508957 6.169209 30.847242
v -21.310394 3.269873 28.784990
v -21.347330 3.118114 29.037552
v -21.119614 3.274147 28.815458
v -21.156551 3.122388 29.068022
vn -0.0994 0.8593 0.5018
vn 0.9872 0.0221 0.1577
vn 0.0994 -0.8593 -0.5018
vn -0.9872 -0.0221 -0.1577
vn 0.1244 0.5110 -0.8505
vn -0.1244 -0.5110 0.8505
vt 0.375000 0.000000
vt 0.625000 0.000000
vt 0.625000 0.250000
vt 0.375000 0.250000
vt 0.625000 0.500000
vt 0.375000 0.500000
vt 0.625000 0.750000
vt 0.375000 0.750000
vt 0.625000 1.000000
vt 0.375000 1.000000
vt 0.125000 0.500000
vt 0.125000 0.750000
vt 0.875000 0.500000
vt 0.875000 0.750000
s 0
usemtl Material.066
f 3700/1118/785 3701/1119/785 3703/1120/785 3702/1121/785
f 3702/1121/786 3703/1120/786 3707/1122/786 3706/1123/786
f 3706/1123/787 3707/1122/787 3705/1124/787 3704/1125/787
f 3704/1125/788 3705/1124/788 3701/1126/788 3700/1127/788
f 3702/1128/789 3706/1123/789 3704/1125/789 3700/1129/789
f 3707/1122/790 3703/1130/790 3701/1131/790 3705/1124/790
o Cube.003
v -16.206570 -0.861142 55.511406
v -12.494636 0.602120 53.967323
v -13.774056 -0.861142 61.359116
v -10.062122 0.602120 59.815033
v -17.434994 2.794282 56.022400
v -13.723059 4.257545 54.478321
v -15.002479 2.794282 61.870110
v -11.290545 4.257545 60.326031
v 14.121774 -0.393362 61.513302
v 10.438054 0.945004 60.054234
v 16.472942 -0.312576 55.610607
v 12.789218 1.025789 54.151535
v 15.486784 3.305860 61.994488
v 11.803063 4.644225 60.535419
v 17.837952 3.386645 56.091793
v 14.154230 4.725011 54.632721
v -13.516024 -0.856771 61.354073
v -10.925460 0.598265 58.290859
v -8.638954 -0.803147 65.408730
v -6.048390 0.651888 62.345516
v -14.351216 2.801538 62.397781
v -11.760653 4.256574 59.334568
v -9.474146 2.855162 66.452438
v -6.883583 4.310197 63.389225
v -8.544203 -0.801159 65.352196
v -7.293239 0.636478 61.557148
v -2.483541 -0.712724 67.272911
v -1.232575 0.724913 63.477863
v -8.909639 2.863251 66.652534
v -7.658673 4.300888 62.857491
v -2.848976 2.951686 68.573250
v -1.598010 4.389323 64.778206
v -2.609127 -0.714762 67.262558
v -2.418139 0.706345 63.283588
v 3.754381 -0.609451 67.497696
v 3.945368 0.811655 63.518723
v -2.602860 2.955444 68.627403
v -2.411873 4.376552 64.648430
v 3.760647 3.060755 68.862534
v 3.951634 4.481862 64.883560
v 3.382435 -0.616114 67.556343
v 2.278735 0.782082 63.741962
v 9.491612 -0.500704 65.735558
v 8.387912 0.897492 61.921177
v 3.842710 3.062127 68.863464
v 2.739009 4.460323 65.049080
v 9.951884 3.177536 67.042679
v 8.848187 4.575733 63.228298
v 9.917394 -0.493127 65.676140
v 7.079922 0.868586 62.911942
v 14.355297 -0.386601 61.108353
v 11.517825 0.975112 58.344154
v 10.985648 3.197899 66.614998
v 8.148175 4.559612 63.850792
v 15.423553 3.304425 62.047211
v 12.586080 4.666138 59.283005
vn 0.3158 -0.9397 -0.1314
vn 0.3841 -0.0000 0.9233
vn -0.3158 0.9397 0.1314
vn -0.3841 -0.0000 -0.9233
vn -0.8676 -0.3420 0.3609
vn 0.8676 0.3420 -0.3609
vn -0.2928 -0.9473 -0.1296
vn 0.3641 -0.0132 -0.9313
vn 0.2928 0.9473 0.1296
vn -0.3641 0.0132 0.9313
vn 0.8669 -0.3642 0.3403
vn -0.8669 0.3642 -0.3403
vn 0.2240 -0.9401 -0.2571
vn 0.7656 -0.0087 0.6433
vn -0.2240 0.9401 0.2571
vn -0.7656 0.0087 -0.6433
vn -0.5982 -0.3432 0.7241
vn 0.5982 0.3432 -0.7241
vn 0.1147 -0.9409 -0.3186
vn 0.9512 -0.0145 0.3081
vn -0.1147 0.9409 0.3186
vn -0.9512 0.0145 -0.3081
vn -0.2789 -0.3457 0.8959
vn 0.2789 0.3457 -0.8959
vn 0.0280 -0.9418 -0.3350
vn 0.9990 -0.0172 0.0418
vn -0.0280 0.9418 0.3350
vn -0.9990 0.0172 -0.0418
vn -0.0289 -0.3484 0.9369
vn 0.0289 0.3484 -0.9369
vn -0.0785 -0.9431 -0.3230
vn 0.9586 -0.0189 -0.2843
vn 0.0785 0.9431 0.3230
vn -0.9586 0.0189 0.2843
vn 0.2734 -0.3523 0.8951
vn -0.2734 0.3523 -0.8951
vn -0.2221 -0.9456 -0.2378
vn 0.6934 -0.0174 -0.7204
vn 0.2221 0.9456 0.2378
vn -0.6934 0.0174 0.7204
vn 0.6735 -0.3592 0.6460
vn -0.6735 0.3592 -0.6460
vt 0.375000 0.000000
vt 0.625000 0.000000
vt 0.625000 0.250000
vt 0.375000 0.250000
vt 0.625000 0.500000
vt 0.375000 0.500000
vt 0.625000 0.750000
vt 0.375000 0.750000
vt 0.625000 1.000000
vt 0.375000 1.000000
vt 0.125000 0.500000
vt 0.125000 0.750000
vt 0.875000 0.500000
vt 0.875000 0.750000
s 0
f 3708/1132/791 3709/1133/791 3711/1134/791 3710/1135/791
f 3710/1135/792 3711/1134/792 3715/1136/792 3714/1137/792
f 3714/1137/793 3715/1136/793 3713/1138/793 3712/1139/793
f 3712/1139/794 3713/1138/794 3709/1140/794 3708/1141/794
f 3710/1142/795 3714/1137/795 3712/1139/795 3708/1143/795
f 3715/1136/796 3711/1144/796 3709/1145/796 3713/1138/796
f 3716/1132/797 3717/1133/797 3719/1134/797 3718/1135/797
f 3718/1135/798 3719/1134/798 3723/1136/798 3722/1137/798
f 3722/1137/799 3723/1136/799 3721/1138/799 3720/1139/799
f 3720/1139/800 3721/1138/800 3717/1140/800 3716/1141/800
f 3718/1142/801 3722/1137/801 3720/1139/801 3716/1143/801
f 3723/1136/802 3719/1144/802 3717/1145/802 3721/1138/802
f 3724/1132/803 3725/1133/803 3727/1134/803 3726/1135/803
f 3726/1135/804 3727/1134/804 3731/1136/804 3730/1137/804
f 3730/1137/805 3731/1136/805 3729/1138/805 3728/1139/805
f 3728/1139/806 3729/1138/806 3725/1140/806 3724/1141/806
f 3726/1142/807 3730/1137/807 3728/1139/807 3724/1143/807
f 3731/1136/808 3727/1144/808 3725/1145/808 3729/1138/808
f 3732/1132/809 3733/1133/809 3735/1134/809 3734/1135/809
f 3734/1135/810 3735/1134/810 3739/1136/810 3738/1137/810
f 3738/1137/811 3739/1136/811 3737/1138/811 3736/1139/811
f 3736/1139/812 3737/1138/812 3733/1140/812 3732/1141/812
f 3734/1142/813 3738/1137/813 3736/1139/813 3732/1143/813
f 3739/1136/814 3735/1144/814 3733/1145/814 3737/1138/814
f 3740/1132/815 3741/1133/815 3743/1134/815 3742/1135/815
f 3742/1135/816 3743/1134/816 3747/1136/816 3746/1137/816
f 3746/1137/817 3747/1136/817 3745/1138/817 3744/1139/817
f 3744/1139/818 3745/1138/818 3741/1140/818 3740/1141/818
f 3742/1142/819 3746/1137/819 3744/1139/819 3740/1143/819
f 3747/1136/820 3743/1144/820 3741/1145/820 3745/1138/820
f 3748/1132/821 3749/1133/821 3751/1134/821 3750/1135/821
f 3750/1135/822 3751/1134/822 3755/1136/822 3754/1137/822
f 3754/1137/823 3755/1136/823 3753/1138/823 3752/1139/823
f 3752/1139/824 3753/1138/824 3749/1140/824 3748/1141/824
f 3750/1142/825 3754/1137/825 3752/1139/825 3748/1143/825
f 3755/1136/826 3751/1144/826 3749/1145/826 3753/1138/826
f 3756/1132/827 3757/1133/827 3759/1134/827 3758/1135/827
f 3758/1135/828 3759/1134/828 3763/1136/828 3762/1137/828
f 3762/1137/829 3763/1136/829 3761/1138/829 3760/1139/829
f 3760/1139/830 3761/1138/830 3757/1140/830 3756/1141/830
f 3758/1142/831 3762/1137/831 3760/1139/831 3756/1143/831
f 3763/1136/832 3759/1144/832 3757/1145/832 3761/1138/832
o Cube.016
v 13.364414 -0.525506 21.395370
v 9.885027 0.842575 19.973324
v 15.634380 -0.525506 15.841339
v 12.154993 0.842575 14.419292
v 14.630808 3.233265 21.912952
v 11.151421 4.601346 20.490906
v 16.900774 3.233265 16.358921
v 13.421387 4.601346 14.936875
vn -0.3166 -0.9397 -0.1294
vn 0.3783 -0.0000 -0.9257
vn 0.3166 0.9397 0.1294
vn -0.3783 -0.0000 0.9257
vn 0.8698 -0.3420 0.3555
vn -0.8698 0.3420 -0.3555
vt 0.375000 0.000000
vt 0.625000 0.000000
vt 0.625000 0.250000
vt 0.375000 0.250000
vt 0.625000 0.500000
vt 0.375000 0.500000
vt 0.625000 0.750000
vt 0.375000 0.750000
vt 0.625000 1.000000
vt 0.375000 1.000000
vt 0.125000 0.500000
vt 0.125000 0.750000
vt 0.875000 0.500000
vt 0.875000 0.750000
s 0
f 3764/1146/833 3765/1147/833 3767/1148/833 3766/1149/833
f 3766/1149/834 3767/1148/834 3771/1150/834 3770/1151/834
f 3770/1151/835 3771/1150/835 3769/1152/835 3768/1153/835
f 3768/1153/836 3769/1152/836 3765/1154/836 3764/1155/836
f 3766/1156/837 3770/1151/837 3768/1153/837 3764/1157/837
f 3771/1150/838 3767/1158/838 3765/1159/838 3769/1152/838
o Cube.017
v -16.663685 -0.525425 16.588079
v -13.339560 0.842655 14.833500
v -13.862907 -0.525425 21.894268
v -10.538783 0.842655 20.139688
v -17.873568 3.233345 17.226694
v -14.549442 4.601426 15.472115
v -15.072790 3.233345 22.532883
v -11.748665 4.601426 20.778303
vn 0.3025 -0.9397 -0.1597
vn 0.4668 -0.0000 0.8844
vn -0.3025 0.9397 0.1597
vn -0.4668 -0.0000 -0.8844
vn -0.8310 -0.3420 0.4386
vn 0.8310 0.3420 -0.4386
vt 0.375000 0.000000
vt 0.625000 0.000000
vt 0.625000 0.250000
vt 0.375000 0.250000
vt 0.625000 0.500000
vt 0.375000 0.500000
vt 0.625000 0.750000
vt 0.375000 0.750000
vt 0.625000 1.000000
vt 0.375000 1.000000
vt 0.125000 0.500000
vt 0.125000 0.750000
vt 0.875000 0.500000
vt 0.875000 0.750000
s 0
f 3772/1160/839 3773/1161/839 3775/1162/839 3774/1163/839
f 3774/1163/840 3775/1162/840 3779/1164/840 3778/1165/840
f 3778/1165/841 3779/1164/841 3777/1166/841 3776/1167/841
f 3776/1167/842 3777/1166/842 3773/1168/842 3772/1169/842
f 3774/1170/843 3778/1165/843 3776/1167/843 3772/1171/843
f 3779/1164/844 3775/1172/844 3773/1173/844 3777/1166/844
o Cube.018
v -13.687855 -0.525502 21.643631
v -11.229207 0.842578 18.800499
v -9.149455 -0.525502 25.568289
v -6.690808 0.842578 22.725155
v -14.582729 3.233268 22.678448
v -12.124082 4.601349 19.835314
v -10.044330 3.233268 26.603104
v -7.585682 4.601349 23.759972
vn 0.2237 -0.9397 -0.2587
vn 0.7564 -0.0000 0.6541
vn -0.2237 0.9397 0.2587
vn -0.7564 -0.0000 -0.6541
vn -0.6147 -0.3420 0.7108
vn 0.6147 0.3420 -0.7108
vt 0.375000 0.000000
vt 0.625000 0.000000
vt 0.625000 0.250000
vt 0.375000 0.250000
vt 0.625000 0.500000
vt 0.375000 0.500000
vt 0.625000 0.750000
vt 0.375000 0.750000
vt 0.625000 1.000000
vt 0.375000 1.000000
vt 0.125000 0.500000
vt 0.125000 0.750000
vt 0.875000 0.500000
vt 0.875000 0.750000
s 0
f 3780/1174/845 3781/1175/845 3783/1176/845 3782/1177/845
f 3782/1177/846 3783/1176/846 3787/1178/846 3786/1179/846
f 3786/1179/847 3787/1178/847 3785/1180/847 3784/1181/847
f 3784/1181/848 3785/1180/848 3781/1182/848 3780/1183/848
f 3782/1184/849 3786/1179/849 3784/1181/849 3780/1185/849
f 3787/1178/850 3783/1186/850 3781/1187/850 3785/1180/850
o Cube.019
v -8.919277 -0.525502 25.583071
v -7.552066 0.842578 22.081774
v -3.330272 -0.525502 27.765505
v -1.963060 0.842578 24.264208
v -9.416902 3.233268 26.857439
v -8.049690 4.601349 23.356142
v -3.827896 3.233268 29.039873
v -2.460685 4.601349 25.538576
vn 0.1244 -0.9397 -0.3186
vn 0.9315 -0.0000 0.3637
vn -0.1244 0.9397 0.3186
vn -0.9315 -0.0000 -0.3637
vn -0.3418 -0.3420 0.8753
vn 0.3418 0.3420 -0.8753
vt 0.375000 0.000000
vt 0.625000 0.000000
vt 0.625000 0.250000
vt 0.375000 0.250000
vt 0.625000 0.500000
vt 0.375000 0.500000
vt 0.625000 0.750000
vt 0.375000 0.750000
vt 0.625000 1.000000
vt 0.375000 1.000000
vt 0.125000 0.500000
vt 0.125000 0.750000
vt 0.875000 0.500000
vt 0.875000 0.750000
s 0
f 3788/1188/851 3789/1189/851 3791/1190/851 3790/1191/851
f 3790/1191/852 3791/1190/852 3795/1192/852 3794/1193/852
f 3794/1193/853 3795/1192/853 3793/1194/853 3792/1195/853
f 3792/1195/854 3793/1194/854 3789/1196/854 3788/1197/854
f 3790/1198/855 3794/1193/855 3792/1195/855 3788/1199/855
f 3795/1192/856 3791/1200/856 3789/1201/856 3793/1194/856
o Cube.020
v -2.710584 -0.525502 27.462971
v -2.776183 0.842578 23.704773
v 3.288503 -0.525502 27.358255
v 3.222903 0.842578 23.600058
v -2.686707 3.233268 28.830843
v -2.752307 4.601349 25.072645
v 3.312379 3.233268 28.726128
v 3.246779 4.601349 24.967930
vn -0.0060 -0.9397 -0.3420
vn 0.9998 -0.0000 -0.0175
vn 0.0060 0.9397 0.3420
vn -0.9998 -0.0000 0.0175
vn 0.0164 -0.3420 0.9395
vn -0.0164 0.3420 -0.9395
vt 0.375000 0.000000
vt 0.625000 0.000000
vt 0.625000 0.250000
vt 0.375000 0.250000
vt 0.625000 0.500000
vt 0.375000 0.500000
vt 0.625000 0.750000
vt 0.375000 0.750000
vt 0.625000 1.000000
vt 0.375000 1.000000
vt 0.125000 0.500000
vt 0.125000 0.750000
vt 0.875000 0.500000
vt 0.875000 0.750000
s 0
f 3796/1202/857 3797/1203/857 3799/1204/857 3798/1205/857
f 3798/1205/858 3799/1204/858 3803/1206/858 3802/1207/858
f 3802/1207/859 3803/1206/859 3801/1208/859 3800/1209/859
f 3800/1209/860 3801/1208/860 3797/1210/860 3796/1211/860
f 3798/1212/861 3802/1207/861 3800/1209/861 3796/1213/861
f 3803/1206/862 3799/1214/862 3797/1215/862 3801/1208/862
o Cube.021
v 3.284101 -0.525502 27.342583
v 1.755272 0.842578 23.908775
v 8.765374 -0.525502 24.902163
v 7.236545 0.842578 21.468355
v 3.840550 3.233268 28.592386
v 2.311720 4.601349 25.158579
v 9.321822 3.233268 26.151966
v 7.792993 4.601349 22.718159
vn -0.1391 -0.9397 -0.3125
vn 0.9135 -0.0000 -0.4067
vn 0.1391 0.9397 0.3125
vn -0.9135 -0.0000 0.4067
vn 0.3822 -0.3420 0.8585
vn -0.3822 0.3420 -0.8585
vt 0.375000 0.000000
vt 0.625000 0.000000
vt 0.625000 0.250000
vt 0.375000 0.250000
vt 0.625000 0.500000
vt 0.375000 0.500000
vt 0.625000 0.750000
vt 0.375000 0.750000
vt 0.625000 1.000000
vt 0.375000 1.000000
vt 0.125000 0.500000
vt 0.125000 0.750000
vt 0.875000 0.500000
vt 0.875000 0.750000
s 0
f 3804/1216/863 3805/1217/863 3807/1218/863 3806/1219/863
f 3806/1219/864 3807/1218/864 3811/1220/864 3810/1221/864
f 3810/1221/865 3811/1220/865 3809/1222/865 3808/1223/865
f 3808/1223/866 3809/1222/866 3805/1224/866 3804/1225/866
f 3806/1226/867 3810/1221/867 3808/1223/867 3804/1227/867
f 3811/1220/868 3807/1228/868 3805/1229/868 3809/1222/868
o Cube.022
v 9.283308 -0.525502 24.892838
v 6.594558 0.842578 22.266247
v 13.476048 -0.525502 20.600876
v 10.787298 0.842578 17.974285
v 10.261932 3.233268 25.848839
v 7.573183 4.601349 23.222248
v 14.454672 3.233268 21.556877
v 11.765923 4.601349 18.930286
vn -0.2447 -0.9397 -0.2390
vn 0.6988 -0.0000 -0.7153
vn 0.2447 0.9397 0.2390
vn -0.6988 -0.0000 0.7153
vn 0.6722 -0.3420 0.6566
vn -0.6722 0.3420 -0.6566
vt 0.375000 0.000000
vt 0.625000 0.000000
vt 0.625000 0.250000
vt 0.375000 0.250000
vt 0.625000 0.500000
vt 0.375000 0.500000
vt 0.625000 0.750000
vt 0.375000 0.750000
vt 0.625000 1.000000
vt 0.375000 1.000000
vt 0.125000 0.500000
vt 0.125000 0.750000
vt 0.875000 0.500000
vt 0.875000 0.750000
s 0
f 3812/1230/869 3813/1231/869 3815/1232/869 3814/1233/869
f 3814/1233/870 3815/1232/870 3819/1234/870 3818/1235/870
f 3818/1235/871 3819/1234/871 3817/1236/871 3816/1237/871
f 3816/1237/872 3817/1236/872 3813/1238/872 3812/1239/872
f 3814/1240/873 3818/1235/873 3816/1237/873 3812/1241/873
f 3819/1234/874 3815/1242/874 3813/1243/874 3817/1236/874
o Cube.002
v 15.024270 -0.456824 37.493610
v 11.514822 0.911256 36.147461
v 17.173088 -0.456824 31.891594
v 13.663638 0.911256 30.545443
v 16.254929 3.164590 37.965664
v 12.745479 4.532670 36.619514
v 18.403744 3.164590 32.363647
v 14.894296 4.532670 31.017498
vn -0.3193 -0.9397 -0.1225
vn 0.3581 -0.0000 -0.9337
vn 0.3193 0.9397 0.1225
vn -0.3581 -0.0000 0.9337
vn 0.8774 -0.3420 0.3365
vn -0.8774 0.3420 -0.3365
vt 0.375000 0.000000
vt 0.625000 0.000000
vt 0.625000 0.250000
vt 0.375000 0.250000
vt 0.625000 0.500000
vt 0.375000 0.500000
vt 0.625000 0.750000
vt 0.375000 0.750000
vt 0.625000 1.000000
vt 0.375000 1.000000
vt 0.125000 0.500000
vt 0.125000 0.750000
vt 0.875000 0.500000
vt 0.875000 0.750000
s 0
f 3820/1244/875 3821/1245/875 3823/1246/875 3822/1247/875
f 3822/1247/876 3823/1246/876 3827/1248/876 3826/1249/876
f 3826/1249/877 3827/1248/877 3825/1250/877 3824/1251/877
f 3824/1251/878 3825/1250/878 3821/1252/878 3820/1253/878
f 3822/1254/879 3826/1249/879 3824/1251/879 3820/1255/879
f 3827/1248/880 3823/1256/880 3821/1257/880 3825/1250/880
o Cube.008
v -13.613441 -0.456824 32.018471
v -10.156837 0.911256 30.541906
v -11.256454 -0.456824 37.536133
v -7.799850 0.911256 36.059570
v -14.825568 3.164590 32.536255
v -11.368963 4.532670 31.059692
v -12.468580 3.164590 38.053917
v -9.011976 4.532670 36.577354
vn 0.3145 -0.9397 -0.1344
vn 0.3928 -0.0000 0.9196
vn -0.3145 0.9397 0.1344
vn -0.3928 -0.0000 -0.9196
vn -0.8642 -0.3420 0.3691
vn 0.8642 0.3420 -0.3691
vt 0.375000 0.000000
vt 0.625000 0.000000
vt 0.625000 0.250000
vt 0.375000 0.250000
vt 0.625000 0.500000
vt 0.375000 0.500000
vt 0.625000 0.750000
vt 0.375000 0.750000
vt 0.625000 1.000000
vt 0.375000 1.000000
vt 0.125000 0.500000
vt 0.125000 0.750000
vt 0.875000 0.500000
vt 0.875000 0.750000
s 0
f 3828/1258/881 3829/1259/881 3831/1260/881 3830/1261/881
f 3830/1261/882 3831/1260/882 3835/1262/882 3834/1263/882
f 3834/1263/883 3835/1262/883 3833/1264/883 3832/1265/883
f 3832/1265/884 3833/1264/884 3829/1266/884 3828/1267/884
f 3830/1268/885 3834/1263/885 3832/1265/885 3828/1269/885
f 3835/1262/886 3831/1270/886 3829/1271/886 3833/1264/886
o Cube.010
v -11.013433 -0.456824 37.529617
v -8.630211 0.911256 34.622971
v -6.373648 -0.456824 41.333878
v -3.990425 0.911256 38.427231
v -11.849157 3.164590 38.548889
v -9.465935 4.532670 35.642242
v -7.209372 3.164590 42.353149
v -4.826149 4.532670 39.446503
vn 0.2169 -0.9397 -0.2645
vn 0.7733 -0.0000 0.6340
vn -0.2169 0.9397 0.2645
vn -0.7733 -0.0000 -0.6340
vn -0.5958 -0.3420 0.7267
vn 0.5958 0.3420 -0.7267
vt 0.375000 0.000000
vt 0.625000 0.000000
vt 0.625000 0.250000
vt 0.375000 0.250000
vt 0.625000 0.500000
vt 0.375000 0.500000
vt 0.625000 0.750000
vt 0.375000 0.750000
vt 0.625000 1.000000
vt 0.375000 1.000000
vt 0.125000 0.500000
vt 0.125000 0.750000
vt 0.875000 0.500000
vt 0.875000 0.750000
s 0
f 3836/1272/887 3837/1273/887 3839/1274/887 3838/1275/887
f 3838/1275/888 3839/1274/888 3843/1276/888 3842/1277/888
f 3842/1277/889 3843/1276/889 3841/1278/889 3840/1279/889
f 3840/1279/890 3841/1278/890 3837/1280/890 3836/1281/890
f 3838/1282/891 3842/1277/891 3840/1279/891 3836/1283/891
f 3843/1276/892 3839/1284/892 3837/1285/892 3841/1278/892
o Cube.011
v -6.285025 -0.456824 41.279736
v -5.171949 0.911256 37.689552
v -0.554134 -0.456824 43.056499
v 0.558941 0.911256 39.466316
v -6.675346 3.164590 42.538704
v -5.562271 4.532670 38.948521
v -0.944456 3.164590 44.315468
v 0.168619 4.532670 40.725285
vn 0.1013 -0.9397 -0.3267
vn 0.9551 -0.0000 0.2961
vn -0.1013 0.9397 0.3267
vn -0.9551 -0.0000 -0.2961
vn -0.2783 -0.3420 0.8975
vn 0.2783 0.3420 -0.8975
vt 0.375000 0.000000
vt 0.625000 0.000000
vt 0.625000 0.250000
vt 0.375000 0.250000
vt 0.625000 0.500000
vt 0.375000 0.500000
vt 0.625000 0.750000
vt 0.375000 0.750000
vt 0.625000 1.000000
vt 0.375000 1.000000
vt 0.125000 0.500000
vt 0.125000 0.750000
vt 0.875000 0.500000
vt 0.875000 0.750000
s 0
f 3844/1286/893 3845/1287/893 3847/1288/893 3846/1289/893
f 3846/1289/894 3847/1288/894 3851/1290/894 3850/1291/894
f 3850/1291/895 3851/1290/895 3849/1292/895 3848/1293/895
f 3848/1293/896 3849/1292/896 3845/1294/896 3844/1295/896
f 3846/1296/897 3850/1291/897 3848/1293/897 3844/1297/897
f 3851/1290/898 3847/1298/898 3845/1299/898 3849/1292/898
o Cube.012
v -0.672555 -0.456824 43.047558
v -0.560081 0.911256 39.290470
v 5.324758 -0.456824 43.227093
v 5.437232 0.911256 39.470009
v -0.711996 3.164590 44.365051
v -0.599522 4.532670 40.607967
v 5.285316 3.164590 44.544590
v 5.397791 4.532670 40.787502
vn 0.0102 -0.9397 -0.3419
vn 0.9996 -0.0000 0.0299
vn -0.0102 0.9397 0.3419
vn -0.9996 -0.0000 -0.0299
vn -0.0281 -0.3420 0.9393
vn 0.0281 0.3420 -0.9393
vt 0.375000 0.000000
vt 0.625000 0.000000
vt 0.625000 0.250000
vt 0.375000 0.250000
vt 0.625000 0.500000
vt 0.375000 0.500000
vt 0.625000 0.750000
vt 0.375000 0.750000
vt 0.625000 1.000000
vt 0.375000 1.000000
vt 0.125000 0.500000
vt 0.125000 0.750000
vt 0.875000 0.500000
vt 0.875000 0.750000
s 0
f 3852/1300/899 3853/1301/899 3855/1302/899 3854/1303/899
f 3854/1303/900 3855/1302/900 3859/1304/900 3858/1305/900
f 3858/1305/901 3859/1304/901 3857/1306/901 3856/1307/901
f 3856/1307/902 3857/1306/902 3853/1308/902 3852/1309/902
f 3854/1310/903 3858/1305/903 3856/1307/903 3852/1311/903
f 3859/1304/904 3855/1312/904 3853/1313/904 3857/1306/904
o Cube.014
v 4.975025 -0.456824 43.285103
v 3.869694 0.911256 39.692528
v 10.709734 -0.456824 41.520702
v 9.604403 0.911256 37.928127
v 5.362631 3.164590 44.544910
v 4.257300 4.532670 40.952335
v 11.097340 3.164590 42.780510
v 9.992008 4.532670 39.187935
vn -0.1006 -0.9397 -0.3269
vn 0.9558 -0.0000 -0.2941
vn 0.1006 0.9397 0.3269
vn -0.9558 -0.0000 0.2941
vn 0.2763 -0.3420 0.8981
vn -0.2763 0.3420 -0.8981
vt 0.375000 0.000000
vt 0.625000 0.000000
vt 0.625000 0.250000
vt 0.375000 0.250000
vt 0.625000 0.500000
vt 0.375000 0.500000
vt 0.625000 0.750000
vt 0.375000 0.750000
vt 0.625000 1.000000
vt 0.375000 1.000000
vt 0.125000 0.500000
vt 0.125000 0.750000
vt 0.875000 0.500000
vt 0.875000 0.750000
s 0
f 3860/1314/905 3861/1315/905 3863/1316/905 3862/1317/905
f 3862/1317/906 3863/1316/906 3867/1318/906 3866/1319/906
f 3866/1319/907 3867/1318/907 3865/1320/907 3864/1321/907
f 3864/1321/908 3865/1320/908 3861/1322/908 3860/1323/908
f 3862/1324/909 3866/1319/909 3864/1321/909 3860/1325/909
f 3867/1318/910 3863/1326/910 3861/1327/910 3865/1320/910
o Cube.023
v 11.110173 -0.456820 41.461597
v 8.383315 0.911260 38.874592
v 15.239724 -0.456820 37.108803
v 12.512866 0.911260 34.521797
v 12.066398 3.164586 42.368782
v 9.339540 4.532666 39.781776
v 16.195950 3.164586 38.015987
v 13.469090 4.532666 35.428982
vn -0.2481 -0.9397 -0.2354
vn 0.6883 -0.0000 -0.7255
vn 0.2481 0.9397 0.2354
vn -0.6883 -0.0000 0.7255
vn 0.6817 -0.3420 0.6468
vn -0.6817 0.3420 -0.6468
vt 0.375000 0.000000
vt 0.625000 0.000000
vt 0.625000 0.250000
vt 0.375000 0.250000
vt 0.625000 0.500000
vt 0.375000 0.500000
vt 0.625000 0.750000
vt 0.375000 0.750000
vt 0.625000 1.000000
vt 0.375000 1.000000
vt 0.125000 0.500000
vt 0.125000 0.750000
vt 0.875000 0.500000
vt 0.875000 0.750000
s 0
f 3868/1328/911 3869/1329/911 3871/1330/911 3870/1331/911
f 3870/1331/912 3871/1330/912 3875/1332/912 3874/1333/912
f 3874/1333/913 3875/1332/913 3873/1334/913 3872/1335/913
f 3872/1335/914 3873/1334/914 3869/1336/914 3868/1337/914
f 3870/1338/915 3874/1333/915 3872/1335/915 3868/1339/915
f 3875/1332/916 3871/1340/916 3869/1341/916 3873/1334/916
o Cube.029
v -7.543006 -0.462656 22.708834
v -3.686800 1.598082 12.833459
v -3.817003 -0.462656 24.163790
v 0.039203 1.598082 14.288415
v -7.681816 1.500598 23.064312
v -3.825610 3.561336 13.188936
v -3.955812 1.500598 24.519268
v -0.099606 3.561336 14.643892
vn 0.0694 -0.9816 -0.1777
vn 0.9315 -0.0000 0.3637
vn -0.0694 0.9816 0.1777
vn -0.9315 -0.0000 -0.3637
vn -0.3571 -0.1908 0.9144
vn 0.3571 0.1908 -0.9144
vt 0.375000 0.000000
vt 0.625000 0.000000
vt 0.625000 0.250000
vt 0.375000 0.250000
vt 0.625000 0.500000
vt 0.375000 0.500000
vt 0.625000 0.750000
vt 0.375000 0.750000
vt 0.625000 1.000000
vt 0.375000 1.000000
vt 0.125000 0.500000
vt 0.125000 0.750000
vt 0.875000 0.500000
vt 0.875000 0.750000
s 0
f 3876/1342/917 3877/1343/917 3879/1344/917 3878/1345/917
f 3878/1345/918 3879/1344/918 3883/1346/918 3882/1347/918
f 3882/1347/919 3883/1346/919 3881/1348/919 3880/1349/919
f 3880/1349/920 3881/1348/920 3877/1350/920 3876/1351/920
f 3878/1352/921 3882/1347/921 3880/1349/921 3876/1353/921
f 3883/1346/922 3879/1354/922 3877/1355/922 3881/1348/922
o Cube.032
v 9.952880 -0.554973 20.344931
v 1.093007 1.505765 14.522902
v 12.149546 -0.554973 17.002079
v 3.289673 1.505765 11.180050
v 10.271803 1.408281 20.554502
v 1.411930 3.469019 14.732473
v 12.468469 1.408281 17.211651
v 3.608596 3.469019 11.389622
v 11.511406 -0.354506 18.566402
v 1.809461 1.706231 14.292573
v 13.123934 -0.354506 14.905835
v 3.421988 1.706231 10.632005
v 11.860641 1.608748 18.720245
v 2.158696 3.669486 14.446415
v 13.473168 1.608748 15.059677
v 3.771223 3.669486 10.785847
v 7.681386 -0.354506 21.911228
v 0.097795 1.706232 14.502954
v 10.476545 -0.354506 19.049919
v 2.892954 1.706232 11.641647
v 7.954368 1.608748 22.177898
v 0.370776 3.669486 14.769626
v 10.749527 1.608748 19.316591
v 3.165935 3.669486 11.908318
v 2.448115 -0.354506 23.982407
v -1.863934 1.706232 14.297387
v 6.102296 -0.354506 22.355461
v 1.790248 1.706232 12.670441
v 2.603332 1.608748 24.331032
v -1.708715 3.669486 14.646013
v 6.257514 1.608748 22.704086
v 1.945467 3.669486 13.019066
v -1.730350 -0.354506 23.865040
v -1.915374 1.706232 13.265080
v 2.269040 -0.354506 23.795231
v 2.084017 1.706232 13.195271
v -1.723690 1.608748 24.246601
v -1.908713 3.669486 13.646640
v 2.275700 1.608748 24.176790
v 2.090677 3.669486 13.576831
v -10.691598 -0.354506 19.904896
v -3.757008 1.706232 11.885868
v -7.665998 -0.354506 22.521336
v -0.731407 1.706232 14.502306
v -10.941218 1.608748 20.193554
v -4.006627 3.669486 12.174524
v -7.915619 1.608748 22.809990
v -0.981028 3.669486 14.790962
v -13.734454 -0.354506 15.125062
v -4.005954 1.706231 10.912029
v -12.144868 -0.354506 18.795649
v -2.416366 1.706232 14.582616
v -14.084645 1.608748 15.276715
v -4.356145 3.669486 11.063683
v -12.495057 1.608748 18.947302
v -2.766557 3.669486 14.734269
v 4.920804 -0.354506 23.240883
v -0.938244 1.706232 14.405448
v 8.254436 -0.354506 21.030251
v 2.395389 1.706232 12.194815
v 5.131709 1.608748 23.558928
v -0.727340 3.669486 14.723492
v 8.465342 1.608748 21.348293
v 2.606293 3.669486 12.512858
v -4.976241 -0.354506 23.404747
v -3.811512 1.706232 12.867348
v -1.000454 -0.354506 23.844202
v 0.164275 1.706232 13.306803
v -5.018168 1.608748 23.784056
v -3.853438 3.669486 13.246656
v -1.042380 1.608748 24.223511
v 0.122349 3.669486 13.686111
v -7.854154 -0.354506 22.077259
v -3.064610 1.706232 12.619267
v -4.285630 -0.354506 23.884365
v 0.503915 1.706232 14.426373
v -8.026559 1.608748 22.417711
v -3.237015 3.669486 12.959720
v -4.458035 1.608748 24.224819
v 0.331509 3.669486 14.766827
v -13.492314 -0.764271 19.566500
v -7.730747 0.717910 14.571768
v -11.423327 -0.764271 21.953136
v -5.661760 0.717910 16.958405
v -13.778024 1.180998 19.814182
v -8.016456 2.663179 14.819450
v -11.709035 1.180998 22.200819
v -5.947469 2.663179 17.206085
vn -0.1595 -0.9816 -0.1048
vn 0.5492 -0.0000 -0.8357
vn 0.1595 0.9816 0.1048
vn -0.5492 -0.0000 0.8357
vn 0.8204 -0.1908 0.5391
vn -0.8204 0.1908 -0.5391
vn -0.1746 -0.9816 -0.0769
vn 0.4031 -0.0000 -0.9151
vn 0.1746 0.9816 0.0769
vn -0.4031 -0.0000 0.9151
vn 0.8983 -0.1908 0.3957
vn -0.8983 0.1908 -0.3957
vn -0.1365 -0.9816 -0.1333
vn 0.6988 -0.0000 -0.7153
vn 0.1365 0.9816 0.1333
vn -0.6988 -0.0000 0.7153
vn 0.7022 -0.1908 0.6860
vn -0.7022 0.1908 -0.6860
vn -0.0776 -0.9816 -0.1743
vn 0.9135 -0.0000 -0.4067
vn 0.0776 0.9816 0.1743
vn -0.9135 -0.0000 0.4067
vn 0.3993 -0.1908 0.8968
vn -0.3993 0.1908 -0.8968
vn -0.0033 -0.9816 -0.1908
vn 0.9998 -0.0000 -0.0175
vn 0.0033 0.9816 0.1908
vn -0.9998 -0.0000 0.0175
vn 0.0171 -0.1908 0.9815
vn -0.0171 0.1908 -0.9815
vn 0.1248 -0.9816 -0.1443
vn 0.7564 -0.0000 0.6541
vn -0.1248 0.9816 0.1443
vn -0.7564 -0.0000 -0.6541
vn -0.6421 -0.1908 0.7425
vn 0.6421 0.1908 -0.7425
vn 0.1751 -0.9816 -0.0758
vn 0.3974 -0.0000 0.9176
vn -0.1751 0.9816 0.0758
vn -0.3974 -0.0000 -0.9176
vn -0.9008 -0.1908 0.3901
vn 0.9008 0.1908 -0.3901
vn -0.1055 -0.9816 -0.1590
vn 0.8334 -0.0000 -0.5527
vn 0.1055 0.9816 0.1590
vn -0.8334 -0.0000 0.5527
vn 0.5425 -0.1908 0.8181
vn -0.5425 0.1908 -0.8181
vn 0.0210 -0.9816 -0.1897
vn 0.9939 -0.0000 0.1099
vn -0.0210 0.9816 0.1897
vn -0.9939 -0.0000 -0.1099
vn -0.1078 -0.1908 0.9757
vn 0.1078 0.1908 -0.9757
vn 0.0862 -0.9816 -0.1702
vn 0.8921 -0.0000 0.4518
vn -0.0862 0.9816 0.1702
vn -0.8921 -0.0000 -0.4518
vn -0.4435 -0.1908 0.8757
vn 0.4435 0.1908 -0.8757
vn 0.1442 -0.9816 -0.1250
vn 0.6550 -0.0000 0.7556
vn -0.1442 0.9816 0.1250
vn -0.6550 -0.0000 -0.7556
vn -0.7417 -0.1908 0.6430
vn 0.7417 0.1908 -0.6430
vt 0.375000 0.000000
vt 0.625000 0.000000
vt 0.625000 0.250000
vt 0.375000 0.250000
vt 0.625000 0.500000
vt 0.375000 0.500000
vt 0.625000 0.750000
vt 0.375000 0.750000
vt 0.625000 1.000000
vt 0.375000 1.000000
vt 0.125000 0.500000
vt 0.125000 0.750000
vt 0.875000 0.500000
vt 0.875000 0.750000
s 0
f 3884/1356/923 3885/1357/923 3887/1358/923 3886/1359/923
f 3886/1359/924 3887/1358/924 3891/1360/924 3890/1361/924
f 3890/1361/925 3891/1360/925 3889/1362/925 3888/1363/925
f 3888/1363/926 3889/1362/926 3885/1364/926 3884/1365/926
f 3886/1366/927 3890/1361/927 3888/1363/927 3884/1367/927
f 3891/1360/928 3887/1368/928 3885/1369/928 3889/1362/928
f 3892/1356/929 3893/1357/929 3895/1358/929 3894/1359/929
f 3894/1359/930 3895/1358/930 3899/1360/930 3898/1361/930
f 3898/1361/931 3899/1360/931 3897/1362/931 3896/1363/931
f 3896/1363/932 3897/1362/932 3893/1364/932 3892/1365/932
f 3894/1366/933 3898/1361/933 3896/1363/933 3892/1367/933
f 3899/1360/934 3895/1368/934 3893/1369/934 3897/1362/934
f 3900/1356/935 3901/1357/935 3903/1358/935 3902/1359/935
f 3902/1359/936 3903/1358/936 3907/1360/936 3906/1361/936
f 3906/1361/937 3907/1360/937 3905/1362/937 3904/1363/937
f 3904/1363/938 3905/1362/938 3901/1364/938 3900/1365/938
f 3902/1366/939 3906/1361/939 3904/1363/939 3900/1367/939
f 3907/1360/940 3903/1368/940 3901/1369/940 3905/1362/940
f 3908/1356/941 3909/1357/941 3911/1358/941 3910/1359/941
f 3910/1359/942 3911/1358/942 3915/1360/942 3914/1361/942
f 3914/1361/943 3915/1360/943 3913/1362/943 3912/1363/943
f 3912/1363/944 3913/1362/944 3909/1364/944 3908/1365/944
f 3910/1366/945 3914/1361/945 3912/1363/945 3908/1367/945
f 3915/1360/946 3911/1368/946 3909/1369/946 3913/1362/946
f 3916/1356/947 3917/1357/947 3919/1358/947 3918/1359/947
f 3918/1359/948 3919/1358/948 3923/1360/948 3922/1361/948
f 3922/1361/949 3923/1360/949 3921/1362/949 3920/1363/949
f 3920/1363/950 3921/1362/950 3917/1364/950 3916/1365/950
f 3918/1366/951 3922/1361/951 3920/1363/951 3916/1367/951
f 3923/1360/952 3919/1368/952 3917/1369/952 3921/1362/952
f 3924/1356/953 3925/1357/953 3927/1358/953 3926/1359/953
f 3926/1359/954 3927/1358/954 3931/1360/954 3930/1361/954
f 3930/1361/955 3931/1360/955 3929/1362/955 3928/1363/955
f 3928/1363/956 3929/1362/956 3925/1364/956 3924/1365/956
f 3926/1366/957 3930/1361/957 3928/1363/957 3924/1367/957
f 3931/1360/958 3927/1368/958 3925/1369/958 3929/1362/958
f 3932/1356/959 3933/1357/959 3935/1358/959 3934/1359/959
f 3934/1359/960 3935/1358/960 3939/1360/960 3938/1361/960
f 3938/1361/961 3939/1360/961 3937/1362/961 3936/1363/961
f 3936/1363/962 3937/1362/962 3933/1364/962 3932/1365/962
f 3934/1366/963 3938/1361/963 3936/1363/963 3932/1367/963
f 3939/1360/964 3935/1368/964 3933/1369/964 3937/1362/964
f 3940/1356/965 3941/1357/965 3943/1358/965 3942/1359/965
f 3942/1359/966 3943/1358/966 3947/1360/966 3946/1361/966
f 3946/1361/967 3947/1360/967 3945/1362/967 3944/1363/967
f 3944/1363/968 3945/1362/968 3941/1364/968 3940/1365/968
f 3942/1366/969 3946/1361/969 3944/1363/969 3940/1367/969
f 3947/1360/970 3943/1368/970 3941/1369/970 3945/1362/970
f 3948/1356/971 3949/1357/971 3951/1358/971 3950/1359/971
f 3950/1359/972 3951/1358/972 3955/1360/972 3954/1361/972
f 3954/1361/973 3955/1360/973 3953/1362/973 3952/1363/973
f 3952/1363/974 3953/1362/974 3949/1364/974 3948/1365/974
f 3950/1366/975 3954/1361/975 3952/1363/975 3948/1367/975
f 3955/1360/976 3951/1368/976 3949/1369/976 3953/1362/976
f 3956/1356/977 3957/1357/977 3959/1358/977 3958/1359/977
f 3958/1359/978 3959/1358/978 3963/1360/978 3962/1361/978
f 3962/1361/979 3963/1360/979 3961/1362/979 3960/1363/979
f 3960/1363/980 3961/1362/980 3957/1364/980 3956/1365/980
f 3958/1366/981 3962/1361/981 3960/1363/981 3956/1367/981
f 3963/1360/982 3959/1368/982 3957/1369/982 3961/1362/982
f 3964/1356/983 3965/1357/983 3967/1358/983 3966/1359/983
f 3966/1359/984 3967/1358/984 3971/1360/984 3970/1361/984
f 3970/1361/985 3971/1360/985 3969/1362/985 3968/1363/985
f 3968/1363/986 3969/1362/986 3965/1364/986 3964/1365/986
f 3966/1366/987 3970/1361/987 3968/1363/987 3964/1367/987
f 3971/1360/988 3967/1368/988 3965/1369/988 3969/1362/988
o Cube.037
v -27.439920 -0.354506 37.127117
v -37.141865 1.706232 32.853287
v -25.827394 -0.354506 33.466549
v -35.529339 1.706232 29.192719
v -27.090687 1.608748 37.280960
v -36.792633 3.669486 33.007130
v -25.478159 1.608748 33.620392
v -35.180103 3.669486 29.346561
vn -0.1746 -0.9816 -0.0769
vn 0.4031 -0.0000 -0.9151
vn 0.1746 0.9816 0.0769
vn -0.4031 -0.0000 0.9151
vn 0.8983 -0.1908 0.3957
vn -0.8983 0.1908 -0.3957
vt 0.375000 0.000000
vt 0.625000 0.000000
vt 0.625000 0.250000
vt 0.375000 0.250000
vt 0.625000 0.500000
vt 0.375000 0.500000
vt 0.625000 0.750000
vt 0.375000 0.750000
vt 0.625000 1.000000
vt 0.375000 1.000000
vt 0.125000 0.500000
vt 0.125000 0.750000
vt 0.875000 0.500000
vt 0.875000 0.750000
s 0
f 3972/1370/989 3973/1371/989 3975/1372/989 3974/1373/989
f 3974/1373/990 3975/1372/990 3979/1374/990 3978/1375/990
f 3978/1375/991 3979/1374/991 3977/1376/991 3976/1377/991
f 3976/1377/992 3977/1376/992 3973/1378/992 3972/1379/992
f 3974/1380/993 3978/1375/993 3976/1377/993 3972/1381/993
f 3979/1374/994 3975/1382/994 3973/1383/994 3977/1376/994
o Cube.038
v -31.269943 -0.354506 40.471943
v -38.853535 1.706232 33.063671
v -28.474783 -0.354506 37.610638
v -36.058376 1.706232 30.202364
v -30.996962 1.608748 40.738617
v -38.580551 3.669486 33.330341
v -28.201801 1.608748 37.877308
v -35.785393 3.669486 30.469034
vn -0.1365 -0.9816 -0.1333
vn 0.6988 -0.0000 -0.7153
vn 0.1365 0.9816 0.1333
vn -0.6988 -0.0000 0.7153
vn 0.7022 -0.1908 0.6860
vn -0.7022 0.1908 -0.6860
vt 0.375000 0.000000
vt 0.625000 0.000000
vt 0.625000 0.250000
vt 0.375000 0.250000
vt 0.625000 0.500000
vt 0.375000 0.500000
vt 0.625000 0.750000
vt 0.375000 0.750000
vt 0.625000 1.000000
vt 0.375000 1.000000
vt 0.125000 0.500000
vt 0.125000 0.750000
vt 0.875000 0.500000
vt 0.875000 0.750000
s 0
f 3980/1384/995 3981/1385/995 3983/1386/995 3982/1387/995
f 3982/1387/996 3983/1386/996 3987/1388/996 3986/1389/996
f 3986/1389/997 3987/1388/997 3985/1390/997 3984/1391/997
f 3984/1391/998 3985/1390/998 3981/1392/998 3980/1393/998
f 3982/1394/999 3986/1389/999 3984/1391/999 3980/1395/999
f 3987/1388/1000 3983/1396/1000 3981/1397/1000 3985/1390/1000
o Cube.039
v -36.503212 -0.354506 42.543121
v -40.815262 1.706232 32.858101
v -32.849030 -0.354506 40.916176
v -37.161079 1.706232 31.231155
v -36.347992 1.608748 42.891747
v -40.660042 3.669486 33.206726
v -32.693810 1.608748 41.264801
v -37.005859 3.669486 31.579781
vn -0.0776 -0.9816 -0.1743
vn 0.9135 -0.0000 -0.4067
vn 0.0776 0.9816 0.1743
vn -0.9135 -0.0000 0.4067
vn 0.3993 -0.1908 0.8968
vn -0.3993 0.1908 -0.8968
vt 0.375000 0.000000
vt 0.625000 0.000000
vt 0.625000 0.250000
vt 0.375000 0.250000
vt 0.625000 0.500000
vt 0.375000 0.500000
vt 0.625000 0.750000
vt 0.375000 0.750000
vt 0.625000 1.000000
vt 0.375000 1.000000
vt 0.125000 0.500000
vt 0.125000 0.750000
vt 0.875000 0.500000
vt 0.875000 0.750000
s 0
f 3988/1398/1001 3989/1399/1001 3991/1400/1001 3990/1401/1001
f 3990/1401/1002 3991/1400/1002 3995/1402/1002 3994/1403/1002
f 3994/1403/1003 3995/1402/1003 3993/1404/1003 3992/1405/1003
f 3992/1405/1004 3993/1404/1004 3989/1406/1004 3988/1407/1004
f 3990/1408/1005 3994/1403/1005 3992/1405/1005 3988/1409/1005
f 3995/1402/1006 3991/1410/1006 3989/1411/1006 3993/1404/1006
o Cube.040
v -40.681679 -0.354506 42.425755
v -40.866699 1.706232 31.825796
v -36.682289 -0.354506 42.355946
v -36.867310 1.706232 31.755985
v -40.675018 1.608748 42.807316
v -40.860039 3.669486 32.207355
v -36.675629 1.608748 42.737507
v -36.860649 3.669486 32.137547
vn -0.0033 -0.9816 -0.1908
vn 0.9998 -0.0000 -0.0175
vn 0.0033 0.9816 0.1908
vn -0.9998 -0.0000 0.0175
vn 0.0171 -0.1908 0.9815
vn -0.0171 0.1908 -0.9815
vt 0.375000 0.000000
vt 0.625000 0.000000
vt 0.625000 0.250000
vt 0.375000 0.250000
vt 0.625000 0.500000
vt 0.375000 0.500000
vt 0.625000 0.750000
vt 0.375000 0.750000
vt 0.625000 1.000000
vt 0.375000 1.000000
vt 0.125000 0.500000
vt 0.125000 0.750000
vt 0.875000 0.500000
vt 0.875000 0.750000
s 0
f 3996/1412/1007 3997/1413/1007 3999/1414/1007 3998/1415/1007
f 3998/1415/1008 3999/1414/1008 4003/1416/1008 4002/1417/1008
f 4002/1417/1009 4003/1416/1009 4001/1418/1009 4000/1419/1009
f 4000/1419/1010 4001/1418/1010 3997/1420/1010 3996/1421/1010
f 3998/1422/1011 4002/1417/1011 4000/1419/1011 3996/1423/1011
f 4003/1416/1012 3999/1424/1012 3997/1425/1012 4001/1418/1012
o Cube.041
v -49.642925 -0.354506 38.465614
v -42.708336 1.706232 30.446585
v -46.617325 -0.354506 41.082050
v -39.682735 1.706232 33.063023
v -49.892544 1.608748 38.754269
v -42.957954 3.669486 30.735241
v -46.866943 1.608748 41.370708
v -39.932354 3.669486 33.351677
vn 0.1248 -0.9816 -0.1443
vn 0.7564 -0.0000 0.6541
vn -0.1248 0.9816 0.1443
vn -0.7564 -0.0000 -0.6541
vn -0.6421 -0.1908 0.7425
vn 0.6421 0.1908 -0.7425
vt 0.375000 0.000000
vt 0.625000 0.000000
vt 0.625000 0.250000
vt 0.375000 0.250000
vt 0.625000 0.500000
vt 0.375000 0.500000
vt 0.625000 0.750000
vt 0.375000 0.750000
vt 0.625000 1.000000
vt 0.375000 1.000000
vt 0.125000 0.500000
vt 0.125000 0.750000
vt 0.875000 0.500000
vt 0.875000 0.750000
s 0
f 4004/1426/1013 4005/1427/1013 4007/1428/1013 4006/1429/1013
f 4006/1429/1014 4007/1428/1014 4011/1430/1014 4010/1431/1014
f 4010/1431/1015 4011/1430/1015 4009/1432/1015 4008/1433/1015
f 4008/1433/1016 4009/1432/1016 4005/1434/1016 4004/1435/1016
f 4006/1436/1017 4010/1431/1017 4008/1433/1017 4004/1437/1017
f 4011/1430/1018 4007/1438/1018 4005/1439/1018 4009/1432/1018
o Cube.042
v -52.685783 -0.354506 33.685776
v -42.957283 1.706232 29.472742
v -51.096195 -0.354506 37.356361
v -41.367695 1.706232 33.143330
v -53.035976 1.608748 33.837429
v -43.307476 3.669486 29.624395
v -51.446388 1.608748 37.508018
v -41.717888 3.669486 33.294983
vn 0.1751 -0.9816 -0.0758
vn 0.3974 -0.0000 0.9176
vn -0.1751 0.9816 0.0758
vn -0.3974 -0.0000 -0.9176
vn -0.9008 -0.1908 0.3901
vn 0.9008 0.1908 -0.3901
vt 0.375000 0.000000
vt 0.625000 0.000000
vt 0.625000 0.250000
vt 0.375000 0.250000
vt 0.625000 0.500000
vt 0.375000 0.500000
vt 0.625000 0.750000
vt 0.375000 0.750000
vt 0.625000 1.000000
vt 0.375000 1.000000
vt 0.125000 0.500000
vt 0.125000 0.750000
vt 0.875000 0.500000
vt 0.875000 0.750000
s 0
f 4012/1440/1019 4013/1441/1019 4015/1442/1019 4014/1443/1019
f 4014/1443/1020 4015/1442/1020 4019/1444/1020 4018/1445/1020
f 4018/1445/1021 4019/1444/1021 4017/1446/1021 4016/1447/1021
f 4016/1447/1022 4017/1446/1022 4013/1448/1022 4012/1449/1022
f 4014/1450/1023 4018/1445/1023 4016/1447/1023 4012/1451/1023
f 4019/1444/1024 4015/1452/1024 4013/1453/1024 4017/1446/1024
o Cube.043
v -34.030521 -0.354506 41.801598
v -39.889572 1.706232 32.966160
v -30.696892 -0.354506 39.590965
v -36.555939 1.706232 30.755527
v -33.819618 1.608748 42.119640
v -39.678665 3.669486 33.284203
v -30.485987 1.608748 39.909008
v -36.345036 3.669486 31.073570
vn -0.1055 -0.9816 -0.1590
vn 0.8334 -0.0000 -0.5527
vn 0.1055 0.9816 0.1590
vn -0.8334 -0.0000 0.5527
vn 0.5425 -0.1908 0.8181
vn -0.5425 0.1908 -0.8181
vt 0.375000 0.000000
vt 0.625000 0.000000
vt 0.625000 0.250000
vt 0.375000 0.250000
vt 0.625000 0.500000
vt 0.375000 0.500000
vt 0.625000 0.750000
vt 0.375000 0.750000
vt 0.625000 1.000000
vt 0.375000 1.000000
vt 0.125000 0.500000
vt 0.125000 0.750000
vt 0.875000 0.500000
vt 0.875000 0.750000
s 0
f 4020/1454/1025 4021/1455/1025 4023/1456/1025 4022/1457/1025
f 4022/1457/1026 4023/1456/1026 4027/1458/1026 4026/1459/1026
f 4026/1459/1027 4027/1458/1027 4025/1460/1027 4024/1461/1027
f 4024/1461/1028 4025/1460/1028 4021/1462/1028 4020/1463/1028
f 4022/1464/1029 4026/1459/1029 4024/1461/1029 4020/1465/1029
f 4027/1458/1030 4023/1466/1030 4021/1467/1030 4025/1460/1030
o Cube.044
v -43.927567 -0.354506 41.965462
v -42.762840 1.706232 31.428062
v -39.951782 -0.354506 42.404919
v -38.787052 1.706232 31.867517
v -43.969494 1.608748 42.344769
v -42.804764 3.669486 31.807371
v -39.993706 1.608748 42.784225
v -38.828979 3.669486 32.246826
vn 0.0210 -0.9816 -0.1897
vn 0.9939 -0.0000 0.1099
vn -0.0210 0.9816 0.1897
vn -0.9939 -0.0000 -0.1099
vn -0.1078 -0.1908 0.9757
vn 0.1078 0.1908 -0.9757
vt 0.375000 0.000000
vt 0.625000 0.000000
vt 0.625000 0.250000
vt 0.375000 0.250000
vt 0.625000 0.500000
vt 0.375000 0.500000
vt 0.625000 0.750000
vt 0.375000 0.750000
vt 0.625000 1.000000
vt 0.375000 1.000000
vt 0.125000 0.500000
vt 0.125000 0.750000
vt 0.875000 0.500000
vt 0.875000 0.750000
s 0
f 4028/1468/1031 4029/1469/1031 4031/1470/1031 4030/1471/1031
f 4030/1471/1032 4031/1470/1032 4035/1472/1032 4034/1473/1032
f 4034/1473/1033 4035/1472/1033 4033/1474/1033 4032/1475/1033
f 4032/1475/1034 4033/1474/1034 4029/1476/1034 4028/1477/1034
f 4030/1478/1035 4034/1473/1035 4032/1475/1035 4028/1479/1035
f 4035/1472/1036 4031/1480/1036 4029/1481/1036 4033/1474/1036
o Cube.045
v -46.805481 -0.354506 40.637974
v -42.015938 1.706232 31.179981
v -43.236958 -0.354506 42.445080
v -38.447414 1.706232 32.987087
v -46.977886 1.608748 40.978428
v -42.188343 3.669486 31.520435
v -43.409363 1.608748 42.785534
v -38.619820 3.669486 33.327541
vn 0.0862 -0.9816 -0.1702
vn 0.8921 -0.0000 0.4518
vn -0.0862 0.9816 0.1702
vn -0.8921 -0.0000 -0.4518
vn -0.4435 -0.1908 0.8757
vn 0.4435 0.1908 -0.8757
vt 0.375000 0.000000
vt 0.625000 0.000000
vt 0.625000 0.250000
vt 0.375000 0.250000
vt 0.625000 0.500000
vt 0.375000 0.500000
vt 0.625000 0.750000
vt 0.375000 0.750000
vt 0.625000 1.000000
vt 0.375000 1.000000
vt 0.125000 0.500000
vt 0.125000 0.750000
vt 0.875000 0.500000
vt 0.875000 0.750000
s 0
f 4036/1482/1037 4037/1483/1037 4039/1484/1037 4038/1485/1037
f 4038/1485/1038 4039/1484/1038 4043/1486/1038 4042/1487/1038
f 4042/1487/1039 4043/1486/1039 4041/1488/1039 4040/1489/1039
f 4040/1489/1040 4041/1488/1040 4037/1490/1040 4036/1491/1040
f 4038/1492/1041 4042/1487/1041 4040/1489/1041 4036/1493/1041
f 4043/1486/1042 4039/1494/1042 4037/1495/1042 4041/1488/1042
o Cube.046
v -52.443642 -6.062744 38.127213
v -46.682076 -4.580564 33.132481
v -50.374653 -6.062744 40.513851
v -44.613087 -4.580564 35.519115
v -52.729351 -4.117475 38.374897
v -46.967785 -2.635294 33.380161
v -50.660362 -4.117475 40.761532
v -44.898796 -2.635294 35.766800
vn 0.1442 -0.9816 -0.1250
vn 0.6550 -0.0000 0.7556
vn -0.1442 0.9816 0.1250
vn -0.6550 -0.0000 -0.7556
vn -0.7417 -0.1908 0.6430
vn 0.7417 0.1908 -0.6430
vt 0.375000 0.000000
vt 0.625000 0.000000
vt 0.625000 0.250000
vt 0.375000 0.250000
vt 0.625000 0.500000
vt 0.375000 0.500000
vt 0.625000 0.750000
vt 0.375000 0.750000
vt 0.625000 1.000000
vt 0.375000 1.000000
vt 0.125000 0.500000
vt 0.125000 0.750000
vt 0.875000 0.500000
vt 0.875000 0.750000
s 0
f 4044/1496/1043 4045/1497/1043 4047/1498/1043 4046/1499/1043
f 4046/1499/1044 4047/1498/1044 4051/1500/1044 4050/1501/1044
f 4050/1501/1045 4051/1500/1045 4049/1502/1045 4048/1503/1045
f 4048/1503/1046 4049/1502/1046 4045/1504/1046 4044/1505/1046
f 4046/1506/1047 4050/1501/1047 4048/1503/1047 4044/1507/1047
f 4051/1500/1048 4047/1508/1048 4045/1509/1048 4049/1502/1048
o Plane
v 2.856118 4.924517 17.762529
v 4.296581 4.924517 16.375063
v 1.468651 4.924517 16.322065
v 2.909114 4.924517 14.934599
vn -0.0000 1.0000 -0.0000
vt 0.000000 0.000000
vt 1.000000 0.000000
vt 1.000000 1.000000
vt 0.000000 1.000000
s 0
f 4052/1510/1049 4053/1511/1049 4055/1512/1049 4054/1513/1049
