# Blender 4.0.2
# www.blender.org
mtllib asmundarsafn_nyast_2.mtl
o v_hlid
v 2.750000 0.000000 2.000000
v 4.139461 4.000000 1.236724
v 2.750000 0.000000 -2.000000
v 4.139461 4.000000 -1.236724
v 10.250000 0.000000 2.000000
v 8.860538 4.000000 1.236724
v 10.250000 0.000000 -2.000000
v 8.860538 4.000000 -1.236724
vn -0.9446 0.3281 -0.0000
vn -0.0000 0.1874 -0.9823
vn 0.9446 0.3281 -0.0000
vn -0.0000 0.1874 0.9823
vn -0.0000 -1.0000 -0.0000
vn -0.0000 1.0000 -0.0000
vt 0.375000 0.000000
vt 0.625000 0.000000
vt 0.625000 0.250000
vt 0.375000 0.250000
vt 0.625000 0.500000
vt 0.375000 0.500000
vt 0.625000 0.750000
vt 0.375000 0.750000
vt 0.625000 1.000000
vt 0.375000 1.000000
vt 0.125000 0.500000
vt 0.125000 0.750000
vt 0.875000 0.500000
vt 0.875000 0.750000
s 0
usemtl Material.003
f 1/1/1 2/2/1 4/3/1 3/4/1
f 3/4/2 4/3/2 8/5/2 7/6/2
f 7/6/3 8/5/3 6/7/3 5/8/3
f 5/8/4 6/7/4 2/9/4 1/10/4
f 3/11/5 7/6/5 5/8/5 1/12/5
f 8/5/6 4/13/6 2/14/6 6/7/6
o adaldyr
v -4.000000 0.000000 1.300000
v -4.000000 2.900000 1.300000
v -4.000000 0.000000 -1.300000
v -4.000000 2.900000 -1.300000
v 4.000000 0.000000 1.300000
v 4.000000 2.900000 1.300000
v 4.000000 0.000000 -1.300000
v 4.000000 2.900000 -1.300000
v 1.389393 1.796256 0.880154
v 1.019795 1.796256 0.880154
v 1.389393 2.271376 0.880154
v 1.019795 2.271376 0.880154
v -4.000000 2.900000 -1.300000
v -4.000000 0.000000 -1.300000
v 4.000000 0.000000 -1.300000
v 4.000000 2.900000 -1.300000
v -4.000000 2.900000 -1.300000
v -4.000000 0.000000 -1.300000
v 4.000000 0.000000 -1.300000
v 4.000000 2.900000 -1.300000
v -4.000000 1.450000 -1.300000
v 0.000000 0.000000 -1.300000
v 0.000000 2.900000 -1.300000
v 4.000000 1.450000 -1.300000
v -2.000000 0.000000 -1.300000
v 2.000000 0.000000 -1.300000
v -3.000000 0.000000 -1.300000
v 1.000000 0.000000 -1.300000
v -1.000000 0.000000 -1.300000
v 3.000000 0.000000 -1.300000
v -3.500000 0.000000 -1.300000
v 0.500000 0.000000 -1.300000
v -1.500000 0.000000 -1.300000
v 2.500000 0.000000 -1.300000
v -2.500000 0.000000 -1.300000
v 1.500000 0.000000 -1.300000
v -0.500000 0.000000 -1.300000
v 3.500000 0.000000 -1.300000
v 2.000000 2.900000 -1.300000
v -2.000000 2.900000 -1.300000
v 3.000000 2.900000 -1.300000
v -1.000000 2.900000 -1.300000
v 1.000000 2.900000 -1.300000
v -3.000000 2.900000 -1.300000
v 3.500000 2.900000 -1.300000
v -0.500000 2.900000 -1.300000
v 1.500000 2.900000 -1.300000
v -2.500000 2.900000 -1.300000
v 2.500000 2.900000 -1.300000
v -1.500000 2.900000 -1.300000
v 0.500000 2.900000 -1.300000
v -3.500000 2.900000 -1.300000
vn -1.0000 -0.0000 -0.0000
vn -0.0000 -0.0000 -1.0000
vn 1.0000 -0.0000 -0.0000
vn -0.0000 -0.0000 1.0000
vn -0.0000 -1.0000 -0.0000
vn -0.0000 1.0000 -0.0000
vt 0.625000 0.000000
vt 0.375000 0.250000
vt 0.375000 0.000000
vt 0.625000 0.250000
vt 0.375000 0.500000
vt 0.625000 0.500000
vt 0.375000 0.750000
vt 0.625000 0.750000
vt 0.375000 1.000000
vt 0.125000 0.750000
vt 0.125000 0.500000
vt 0.875000 0.500000
vt 0.000000 0.000000
vt 0.375000 0.484375
vt 0.625000 0.265625
vt 0.375000 0.265625
vt 0.625000 0.484375
vt 0.625000 1.000000
vt 0.875000 0.750000
vt 0.375000 0.281250
vt 0.375000 0.296875
vt 0.375000 0.312500
vt 0.375000 0.328125
vt 0.375000 0.343750
vt 0.375000 0.359375
vt 0.375000 0.375000
vt 0.375000 0.390625
vt 0.375000 0.406250
vt 0.375000 0.421875
vt 0.375000 0.437500
vt 0.375000 0.453125
vt 0.375000 0.468750
vt 0.625000 0.468750
vt 0.625000 0.453125
vt 0.625000 0.437500
vt 0.625000 0.421875
vt 0.625000 0.406250
vt 0.625000 0.390625
vt 0.625000 0.375000
vt 0.625000 0.359375
vt 0.625000 0.343750
vt 0.625000 0.328125
vt 0.625000 0.312500
vt 0.625000 0.296875
vt 0.625000 0.281250
vt 0.500000 0.250000
vt 0.500000 0.500000
s 0
usemtl Material.004
f 10/15/7 22/16/7 9/17/7
f 12/18/8 15/19/8 11/16/8
f 24/20/9 13/21/9 23/19/9
f 14/22/10 9/23/10 13/21/10
f 23/19/11 9/24/11 22/25/11
f 21/26/12 14/22/12 24/20/12
f 18/26/10 19/22/10 20/20/10
f 29/27/12 26/27/12 21/27/12
f 46/28/12 23/19/12 22/16/12
f 60/29/12 21/18/12 24/20/12
f 32/27/12 28/27/12 23/27/12
f 11/16/12 26/16/12 25/18/12
f 11/16/12 15/19/12 39/30/12
f 16/20/12 12/18/12 53/31/12
f 16/20/12 28/20/12 27/19/12
f 10/15/7 21/18/7 22/16/7
f 12/18/8 16/20/8 15/19/8
f 24/20/9 14/22/9 13/21/9
f 14/22/10 10/32/10 9/23/10
f 23/19/11 13/21/11 9/24/11
f 21/26/12 10/33/12 14/22/12
f 18/26/10 17/33/10 19/22/10
f 21/27/12 25/27/12 29/27/12
f 26/27/12 22/27/12 21/27/12
f 22/16/12 26/16/12 39/30/12
f 35/34/12 43/35/12 33/36/12
f 22/16/12 39/30/12 35/34/12
f 33/36/12 41/37/12 37/38/12
f 22/16/12 35/34/12 33/36/12
f 37/38/12 45/39/12 30/40/12
f 22/16/12 33/36/12 37/38/12
f 30/40/12 40/41/12 36/42/12
f 22/16/12 37/38/12 30/40/12
f 36/42/12 44/43/12 34/44/12
f 22/16/12 30/40/12 36/42/12
f 34/44/12 42/45/12 38/46/12
f 22/16/12 36/42/12 34/44/12
f 34/44/12 38/46/12 46/28/12
f 22/16/12 34/44/12 46/28/12
f 46/28/12 27/19/12 23/19/12
f 24/20/12 28/20/12 53/31/12
f 49/47/12 57/48/12 47/49/12
f 24/20/12 53/31/12 49/47/12
f 47/49/12 55/50/12 51/51/12
f 24/20/12 49/47/12 47/49/12
f 51/51/12 59/52/12 31/53/12
f 24/20/12 47/49/12 51/51/12
f 31/53/12 54/54/12 50/55/12
f 24/20/12 51/51/12 31/53/12
f 50/55/12 58/56/12 48/57/12
f 24/20/12 31/53/12 50/55/12
f 48/57/12 56/58/12 52/59/12
f 24/20/12 50/55/12 48/57/12
f 48/57/12 52/59/12 60/29/12
f 24/20/12 48/57/12 60/29/12
f 60/29/12 25/18/12 21/18/12
f 23/27/12 27/27/12 32/27/12
f 28/27/12 24/27/12 23/27/12
f 25/18/12 12/18/12 11/16/12
f 26/16/12 29/60/12 25/18/12
f 15/19/12 27/19/12 46/28/12
f 15/19/12 46/28/12 38/46/12
f 15/19/12 38/46/12 34/44/12
f 15/19/12 34/44/12 36/42/12
f 15/19/12 36/42/12 30/40/12
f 15/19/12 30/40/12 37/38/12
f 15/19/12 37/38/12 33/36/12
f 33/36/12 35/34/12 39/30/12
f 15/19/12 33/36/12 39/30/12
f 39/30/12 26/16/12 11/16/12
f 12/18/12 25/18/12 60/29/12
f 12/18/12 60/29/12 52/59/12
f 12/18/12 52/59/12 48/57/12
f 12/18/12 48/57/12 50/55/12
f 12/18/12 50/55/12 31/53/12
f 12/18/12 31/53/12 51/51/12
f 12/18/12 51/51/12 47/49/12
f 47/49/12 49/47/12 53/31/12
f 12/18/12 47/49/12 53/31/12
f 53/31/12 28/20/12 16/20/12
f 27/19/12 15/19/12 16/20/12
f 28/20/12 32/61/12 27/19/12
o h_hlid
v -10.250000 0.000000 2.000000
v -8.860538 4.000000 1.236724
v -10.250000 0.000000 -2.000000
v -8.860538 4.000000 -1.236724
v -2.750000 0.000000 2.000000
v -4.139461 4.000000 1.236724
v -2.750000 0.000000 -2.000000
v -4.139461 4.000000 -1.236724
vn -0.9446 0.3281 -0.0000
vn -0.0000 0.1874 -0.9823
vn 0.9446 0.3281 -0.0000
vn -0.0000 0.1874 0.9823
vn -0.0000 -1.0000 -0.0000
vn -0.0000 1.0000 -0.0000
vt 0.375000 0.000000
vt 0.625000 0.000000
vt 0.625000 0.250000
vt 0.375000 0.250000
vt 0.625000 0.500000
vt 0.375000 0.500000
vt 0.625000 0.750000
vt 0.375000 0.750000
vt 0.625000 1.000000
vt 0.375000 1.000000
vt 0.125000 0.500000
vt 0.125000 0.750000
vt 0.875000 0.500000
vt 0.875000 0.750000
s 0
usemtl Material.002
f 61/62/13 62/63/13 64/64/13 63/65/13
f 63/65/14 64/64/14 68/66/14 67/67/14
f 67/67/15 68/66/15 66/68/15 65/69/15
f 65/69/16 66/68/16 62/70/16 61/71/16
f 63/72/17 67/67/17 65/69/17 61/73/17
f 68/66/18 64/74/18 62/75/18 66/68/18
o innanhus
v -4.080000 -0.009000 9.530798
v -4.080000 2.949000 9.530798
v -4.080000 -0.009000 1.289198
v -4.080000 2.949000 1.289198
v 4.080000 -0.009000 9.530798
v 4.080000 2.949000 9.530798
v 4.080000 -0.009000 1.289198
v 4.080000 2.949000 1.289198
vn -1.0000 -0.0000 -0.0000
vn -0.0000 -0.0000 -1.0000
vn 1.0000 -0.0000 -0.0000
vn -0.0000 -0.0000 1.0000
vn -0.0000 -1.0000 -0.0000
vn -0.0000 1.0000 -0.0000
vt 0.625000 0.000000
vt 0.375000 0.250000
vt 0.375000 0.000000
vt 0.625000 0.250000
vt 0.375000 0.500000
vt 0.625000 0.500000
vt 0.375000 0.750000
vt 0.625000 0.750000
vt 0.375000 1.000000
vt 0.125000 0.750000
vt 0.125000 0.500000
vt 0.875000 0.500000
vt 0.625000 1.000000
vt 0.875000 0.750000
s 0
usemtl Material.012
f 70/76/19 71/77/19 69/78/19
f 72/79/20 75/80/20 71/77/20
f 76/81/21 73/82/21 75/80/21
f 74/83/22 69/84/22 73/82/22
f 75/80/23 69/85/23 71/86/23
f 72/87/24 74/83/24 76/81/24
f 70/76/19 72/79/19 71/77/19
f 72/79/20 76/81/20 75/80/20
f 76/81/21 74/83/21 73/82/21
f 74/83/22 70/88/22 69/84/22
f 75/80/23 73/82/23 69/85/23
f 72/87/24 70/89/24 74/83/24
o syningarsalur
v -0.000007 -2.303517 9.232174
v 17.715675 -2.303517 16.503159
v 17.715675 1.976482 16.503159
v 15.943687 -2.303517 19.788010
v 15.943687 1.976482 19.788010
v 13.558987 -2.303517 22.667198
v 13.558987 1.976482 22.667198
v 10.653228 -2.303517 25.030094
v 10.653228 1.976482 25.030094
v 7.338069 -2.303517 26.785883
v 7.338069 1.976482 26.785883
v 3.740911 -2.303517 27.867092
v 3.740911 1.976482 27.867092
v -0.000007 -2.303517 28.232170
v -0.000007 1.976482 28.232170
v -3.740927 -2.303517 27.867092
v -3.740927 1.976482 27.867092
v -7.338090 -2.303517 26.785883
v -7.338090 1.976482 26.785883
v -10.653245 -2.303517 25.030094
v -10.653245 1.976482 25.030094
v -13.559007 -2.303517 22.667198
v -13.559007 1.976482 22.667198
v -15.943704 -2.303517 19.788010
v -15.943704 1.976482 19.788010
v -17.715694 -2.303517 16.503159
v -17.715694 1.976482 16.503159
v -0.000007 1.976482 9.232174
vn 0.8801 -0.0000 0.4748
vn 0.7701 -0.0000 0.6379
vn 0.6309 -0.0000 0.7759
vn 0.4680 -0.0000 0.8837
vn 0.2879 -0.0000 0.9577
vn 0.0971 -0.0000 0.9953
vn -0.0971 -0.0000 0.9953
vn -0.2879 -0.0000 0.9577
vn -0.4680 -0.0000 0.8837
vn -0.6309 -0.0000 0.7759
vn -0.7701 -0.0000 0.6379
vn -0.8801 -0.0000 0.4748
vn -0.3797 -0.0000 -0.9251
vn 0.3797 -0.0000 -0.9251
vn -0.0000 1.0000 -0.0000
vn -0.0000 -1.0000 -0.0000
vt 0.687500 0.500000
vt 0.687500 1.000000
vt 0.656250 1.000000
vt 0.656250 0.500000
vt 0.625000 1.000000
vt 0.625000 0.500000
vt 0.593750 1.000000
vt 0.593750 0.500000
vt 0.562500 1.000000
vt 0.562500 0.500000
vt 0.531250 1.000000
vt 0.531250 0.500000
vt 0.500000 1.000000
vt 0.500000 0.500000
vt 0.468750 1.000000
vt 0.468750 0.500000
vt 0.437500 1.000000
vt 0.437500 0.500000
vt 0.406250 1.000000
vt 0.406250 0.500000
vt 0.375000 1.000000
vt 0.375000 0.500000
vt 0.343750 1.000000
vt 0.343750 0.500000
vt 0.312500 1.000000
vt 0.312500 0.500000
vt 0.000000 0.000000
s 0
usemtl Material.013
f 78/90/25 79/91/25 81/92/25 80/93/25
f 80/93/26 81/92/26 83/94/26 82/95/26
f 82/95/27 83/94/27 85/96/27 84/97/27
f 84/97/28 85/96/28 87/98/28 86/99/28
f 86/99/29 87/98/29 89/100/29 88/101/29
f 88/101/30 89/100/30 91/102/30 90/103/30
f 90/103/31 91/102/31 93/104/31 92/105/31
f 92/105/32 93/104/32 95/106/32 94/107/32
f 94/107/33 95/106/33 97/108/33 96/109/33
f 96/109/34 97/108/34 99/110/34 98/111/34
f 98/111/35 99/110/35 101/112/35 100/113/35
f 100/113/36 101/112/36 103/114/36 102/115/36
f 103/114/37 104/116/37 77/116/37 102/115/37
f 79/91/38 78/90/38 77/116/38 104/116/38
f 81/92/39 79/91/39 104/116/39 91/102/39 89/100/39 87/98/39 85/96/39 83/94/39
f 91/102/39 104/116/39 103/114/39 101/112/39 99/110/39 97/108/39 95/106/39 93/104/39
f 78/90/40 80/93/40 82/95/40 84/97/40 86/99/40 88/101/40 90/103/40 92/105/40 94/107/40 96/109/40 98/111/40 100/113/40 102/115/40 77/116/40
o dyr
v -0.481908 1.425380 -1.425713
v -0.481908 1.425380 -1.299999
v 0.582861 -0.001031 -1.425713
v 0.582861 -0.001031 -1.299999
v -0.481908 -0.001031 -1.425713
v -0.481908 -0.001031 -1.299999
v 0.582861 1.425380 -1.425713
v 0.582861 1.425380 -1.299999
v 0.050477 -0.001031 -1.425713
v -0.481908 0.712174 -1.425713
v 0.050477 1.425380 -1.425713
v 0.582861 0.712174 -1.425713
v 0.050477 0.712174 -1.425713
vn -0.0000 -0.0000 -1.0000
vn -0.0000 -0.0000 1.0000
vn -1.0000 -0.0000 -0.0000
vn -0.0000 1.0000 -0.0000
vn 1.0000 -0.0000 -0.0000
vn -0.0000 -1.0000 -0.0000
vt 0.500000 0.125000
vt 0.625000 0.125000
vt 0.625000 0.250000
vt 0.500000 0.250000
vt 0.375000 0.250000
vt 0.625000 0.500000
vt 0.375000 0.500000
vt 0.625000 0.625000
vt 0.625000 0.750000
vt 0.375000 0.750000
vt 0.125000 0.750000
vt 0.375000 0.125000
vt 0.125000 0.500000
vt 0.375000 0.625000
vt 0.875000 0.500000
vt 0.875000 0.625000
vt 0.875000 0.750000
vt 0.375000 0.000000
vt 0.500000 0.000000
vt 0.625000 0.000000
s 0
usemtl Material.001
f 117/117/41 113/118/41 109/119/41 114/120/41
f 108/121/42 112/119/42 106/122/42 110/123/42
f 106/123/43 105/122/43 114/124/43 109/125/43 110/126/43
f 112/127/44 111/126/44 115/128/44 105/121/44 106/123/44
f 108/129/45 107/123/45 116/130/45 111/126/45 112/127/45
f 110/122/46 109/131/46 113/132/46 107/133/46 108/125/46
f 115/128/41 117/117/41 114/120/41 105/121/41
f 111/134/41 116/135/41 117/117/41 115/128/41
f 116/135/41 107/136/41 113/118/41 117/117/41
o gluggi_1
v 1.826531 1.589419 -1.261336
v 1.826531 1.589419 -1.338664
v 2.173469 1.589419 -1.261336
v 2.173469 1.589419 -1.338664
v 1.826531 2.010581 -1.261336
v 1.826531 2.010581 -1.338664
v 2.173469 2.010581 -1.261336
v 2.173469 2.010581 -1.338664
vn -0.0000 -1.0000 -0.0000
vn 1.0000 -0.0000 -0.0000
vn -0.0000 1.0000 -0.0000
vn -1.0000 -0.0000 -0.0000
vn -0.0000 -0.0000 1.0000
vn -0.0000 -0.0000 -1.0000
vt 0.375000 0.000000
vt 0.625000 0.000000
vt 0.625000 0.250000
vt 0.375000 0.250000
vt 0.625000 0.500000
vt 0.375000 0.500000
vt 0.625000 0.750000
vt 0.375000 0.750000
vt 0.625000 1.000000
vt 0.375000 1.000000
vt 0.125000 0.500000
vt 0.125000 0.750000
vt 0.875000 0.500000
vt 0.875000 0.750000
s 0
usemtl Material.005
f 118/137/47 119/138/47 121/139/47 120/140/47
f 120/140/48 121/139/48 125/141/48 124/142/48
f 124/142/49 125/141/49 123/143/49 122/144/49
f 122/144/50 123/143/50 119/145/50 118/146/50
f 120/147/51 124/142/51 122/144/51 118/148/51
f 125/141/52 121/149/52 119/150/52 123/143/52
o gluggi_2
v 1.326531 1.589419 -1.261336
v 1.326531 1.589419 -1.338664
v 1.673469 1.589419 -1.261336
v 1.673469 1.589419 -1.338664
v 1.326531 2.010581 -1.261336
v 1.326531 2.010581 -1.338664
v 1.673469 2.010581 -1.261336
v 1.673469 2.010581 -1.338664
vn -0.0000 -1.0000 -0.0000
vn 1.0000 -0.0000 -0.0000
vn -0.0000 1.0000 -0.0000
vn -1.0000 -0.0000 -0.0000
vn -0.0000 -0.0000 1.0000
vn -0.0000 -0.0000 -1.0000
vt 0.375000 0.000000
vt 0.625000 0.000000
vt 0.625000 0.250000
vt 0.375000 0.250000
vt 0.625000 0.500000
vt 0.375000 0.500000
vt 0.625000 0.750000
vt 0.375000 0.750000
vt 0.625000 1.000000
vt 0.375000 1.000000
vt 0.125000 0.500000
vt 0.125000 0.750000
vt 0.875000 0.500000
vt 0.875000 0.750000
s 0
usemtl Material.006
f 126/151/53 127/152/53 129/153/53 128/154/53
f 128/154/54 129/153/54 133/155/54 132/156/54
f 132/156/55 133/155/55 131/157/55 130/158/55
f 130/158/56 131/157/56 127/159/56 126/160/56
f 128/161/57 132/156/57 130/158/57 126/162/57
f 133/155/58 129/163/58 127/164/58 131/157/58
o gluggi_3
v 0.826531 1.589419 -1.261336
v 0.826531 1.589419 -1.338664
v 1.173469 1.589419 -1.261336
v 1.173469 1.589419 -1.338664
v 0.826531 2.010581 -1.261336
v 0.826531 2.010581 -1.338664
v 1.173469 2.010581 -1.261336
v 1.173469 2.010581 -1.338664
vn -0.0000 -1.0000 -0.0000
vn 1.0000 -0.0000 -0.0000
vn -0.0000 1.0000 -0.0000
vn -1.0000 -0.0000 -0.0000
vn -0.0000 -0.0000 1.0000
vn -0.0000 -0.0000 -1.0000
vt 0.375000 0.000000
vt 0.625000 0.000000
vt 0.625000 0.250000
vt 0.375000 0.250000
vt 0.625000 0.500000
vt 0.375000 0.500000
vt 0.625000 0.750000
vt 0.375000 0.750000
vt 0.625000 1.000000
vt 0.375000 1.000000
vt 0.125000 0.500000
vt 0.125000 0.750000
vt 0.875000 0.500000
vt 0.875000 0.750000
s 0
usemtl Material.007
f 134/165/59 135/166/59 137/167/59 136/168/59
f 136/168/60 137/167/60 141/169/60 140/170/60
f 140/170/61 141/169/61 139/171/61 138/172/61
f 138/172/62 139/171/62 135/173/62 134/174/62
f 136/175/63 140/170/63 138/172/63 134/176/63
f 141/169/64 137/177/64 135/178/64 139/171/64
o gluggi_4
v -1.173469 1.589419 -1.261336
v -1.173469 1.589419 -1.338664
v -0.826531 1.589419 -1.261336
v -0.826531 1.589419 -1.338664
v -1.173469 2.010581 -1.261336
v -1.173469 2.010581 -1.338664
v -0.826531 2.010581 -1.261336
v -0.826531 2.010581 -1.338664
vn -0.0000 -1.0000 -0.0000
vn 1.0000 -0.0000 -0.0000
vn -0.0000 1.0000 -0.0000
vn -1.0000 -0.0000 -0.0000
vn -0.0000 -0.0000 1.0000
vn -0.0000 -0.0000 -1.0000
vt 0.375000 0.000000
vt 0.625000 0.000000
vt 0.625000 0.250000
vt 0.375000 0.250000
vt 0.625000 0.500000
vt 0.375000 0.500000
vt 0.625000 0.750000
vt 0.375000 0.750000
vt 0.625000 1.000000
vt 0.375000 1.000000
vt 0.125000 0.500000
vt 0.125000 0.750000
vt 0.875000 0.500000
vt 0.875000 0.750000
s 0
usemtl Material.008
f 142/179/65 143/180/65 145/181/65 144/182/65
f 144/182/66 145/181/66 149/183/66 148/184/66
f 148/184/67 149/183/67 147/185/67 146/186/67
f 146/186/68 147/185/68 143/187/68 142/188/68
f 144/189/69 148/184/69 146/186/69 142/190/69
f 149/183/70 145/191/70 143/192/70 147/185/70
o gluggi_5
v -1.673469 1.589419 -1.261336
v -1.673469 1.589419 -1.338664
v -1.326531 1.589419 -1.261336
v -1.326531 1.589419 -1.338664
v -1.673469 2.010581 -1.261336
v -1.673469 2.010581 -1.338664
v -1.326531 2.010581 -1.261336
v -1.326531 2.010581 -1.338664
vn -0.0000 -1.0000 -0.0000
vn 1.0000 -0.0000 -0.0000
vn -0.0000 1.0000 -0.0000
vn -1.0000 -0.0000 -0.0000
vn -0.0000 -0.0000 1.0000
vn -0.0000 -0.0000 -1.0000
vt 0.375000 0.000000
vt 0.625000 0.000000
vt 0.625000 0.250000
vt 0.375000 0.250000
vt 0.625000 0.500000
vt 0.375000 0.500000
vt 0.625000 0.750000
vt 0.375000 0.750000
vt 0.625000 1.000000
vt 0.375000 1.000000
vt 0.125000 0.500000
vt 0.125000 0.750000
vt 0.875000 0.500000
vt 0.875000 0.750000
s 0
usemtl Material.009
f 150/193/71 151/194/71 153/195/71 152/196/71
f 152/196/72 153/195/72 157/197/72 156/198/72
f 156/198/73 157/197/73 155/199/73 154/200/73
f 154/200/74 155/199/74 151/201/74 150/202/74
f 152/203/75 156/198/75 154/200/75 150/204/75
f 157/197/76 153/205/76 151/206/76 155/199/76
o gluggi_6
v -2.173469 1.589419 -1.261336
v -2.173469 1.589419 -1.338664
v -1.826531 1.589419 -1.261336
v -1.826531 1.589419 -1.338664
v -2.173469 2.010581 -1.261336
v -2.173469 2.010581 -1.338664
v -1.826531 2.010581 -1.261336
v -1.826531 2.010581 -1.338664
vn -0.0000 -1.0000 -0.0000
vn 1.0000 -0.0000 -0.0000
vn -0.0000 1.0000 -0.0000
vn -1.0000 -0.0000 -0.0000
vn -0.0000 -0.0000 1.0000
vn -0.0000 -0.0000 -1.0000
vt 0.375000 0.000000
vt 0.625000 0.000000
vt 0.625000 0.250000
vt 0.375000 0.250000
vt 0.625000 0.500000
vt 0.375000 0.500000
vt 0.625000 0.750000
vt 0.375000 0.750000
vt 0.625000 1.000000
vt 0.375000 1.000000
vt 0.125000 0.500000
vt 0.125000 0.750000
vt 0.875000 0.500000
vt 0.875000 0.750000
s 0
usemtl Material.010
f 158/207/77 159/208/77 161/209/77 160/210/77
f 160/210/78 161/209/78 165/211/78 164/212/78
f 164/212/79 165/211/79 163/213/79 162/214/79
f 162/214/80 163/213/80 159/215/80 158/216/80
f 160/217/81 164/212/81 162/214/81 158/218/81
f 165/211/82 161/219/82 159/220/82 163/213/82
o gluggi_kula_2_hlid_a
o Cube.004
v -5.334224 2.614725 1.557084
v -5.334224 3.658621 1.373017
v -5.334224 2.579995 1.360123
v -5.334224 3.623891 1.176056
v -5.034224 2.614725 1.557084
v -5.034224 3.658621 1.373017
v -5.034224 2.579995 1.360123
v -5.034224 3.623891 1.176056
v -8.261690 2.624547 1.524597
v -8.261690 3.668443 1.340530
v -8.261690 2.589817 1.327635
v -8.261690 3.633713 1.143568
v -7.961690 2.624547 1.524597
v -7.961690 3.668443 1.340530
v -7.961690 2.589817 1.327635
v -7.961690 3.633713 1.143568
v -7.312362 2.590309 1.520045
v -7.312362 3.634205 1.335978
v -7.312362 2.555579 1.323083
v -7.312362 3.599476 1.139016
v -7.012362 2.590309 1.520045
v -7.012362 3.634205 1.335978
v -7.012362 2.555579 1.323083
v -7.012362 3.599476 1.139016
v -6.289774 2.596585 1.537913
v -6.289774 3.640481 1.353846
v -6.289774 2.561855 1.340951
v -6.289774 3.605751 1.156884
v -5.989774 2.596585 1.537913
v -5.989774 3.640481 1.353846
v -5.989774 2.561855 1.340951
v -5.989774 3.605751 1.156884
vn -1.0000 -0.0000 -0.0000
vn -0.0000 -0.1736 -0.9848
vn 1.0000 -0.0000 -0.0000
vn -0.0000 0.1736 0.9848
vn -0.0000 -0.9848 0.1736
vn -0.0000 0.9848 -0.1736
vt 0.375000 0.000000
vt 0.625000 0.000000
vt 0.625000 0.250000
vt 0.375000 0.250000
vt 0.625000 0.500000
vt 0.375000 0.500000
vt 0.625000 0.750000
vt 0.375000 0.750000
vt 0.625000 1.000000
vt 0.375000 1.000000
vt 0.125000 0.500000
vt 0.125000 0.750000
vt 0.875000 0.500000
vt 0.875000 0.750000
s 0
usemtl Material.020
f 166/221/83 167/222/83 169/223/83 168/224/83
f 168/224/84 169/223/84 173/225/84 172/226/84
f 172/226/85 173/225/85 171/227/85 170/228/85
f 170/228/86 171/227/86 167/229/86 166/230/86
f 168/231/87 172/226/87 170/228/87 166/232/87
f 173/225/88 169/233/88 167/234/88 171/227/88
f 174/221/83 175/222/83 177/223/83 176/224/83
f 176/224/84 177/223/84 181/225/84 180/226/84
f 180/226/85 181/225/85 179/227/85 178/228/85
f 178/228/86 179/227/86 175/229/86 174/230/86
f 176/231/87 180/226/87 178/228/87 174/232/87
f 181/225/88 177/233/88 175/234/88 179/227/88
f 182/221/83 183/222/83 185/223/83 184/224/83
f 184/224/84 185/223/84 189/225/84 188/226/84
f 188/226/85 189/225/85 187/227/85 186/228/85
f 186/228/86 187/227/86 183/229/86 182/230/86
f 184/231/87 188/226/87 186/228/87 182/232/87
f 189/225/88 185/233/88 183/234/88 187/227/88
f 190/221/83 191/222/83 193/223/83 192/224/83
f 192/224/84 193/223/84 197/225/84 196/226/84
f 196/226/85 197/225/85 195/227/85 194/228/85
f 194/228/86 195/227/86 191/229/86 190/230/86
f 192/231/87 196/226/87 194/228/87 190/232/87
f 197/225/88 193/233/88 191/234/88 195/227/88
o Cube.001
v 7.857170 2.614417 1.557084
v 7.857170 3.658313 1.373017
v 7.857170 2.579687 1.360123
v 7.857170 3.623583 1.176056
v 8.157169 2.614417 1.557084
v 8.157169 3.658313 1.373017
v 8.157169 2.579687 1.360123
v 8.157169 3.623583 1.176056
v 4.929703 2.624238 1.524597
v 4.929703 3.668135 1.340530
v 4.929703 2.589509 1.327635
v 4.929703 3.633405 1.143568
v 5.229703 2.624238 1.524597
v 5.229703 3.668135 1.340530
v 5.229703 2.589509 1.327635
v 5.229703 3.633405 1.143568
v 5.879031 2.590001 1.520045
v 5.879031 3.633897 1.335978
v 5.879031 2.555271 1.323083
v 5.879031 3.599168 1.139016
v 6.179031 2.590001 1.520045
v 6.179031 3.633897 1.335978
v 6.179031 2.555271 1.323083
v 6.179031 3.599168 1.139016
v 6.901619 2.596277 1.537913
v 6.901619 3.640173 1.353846
v 6.901619 2.561547 1.340951
v 6.901619 3.605443 1.156884
v 7.201620 2.596277 1.537913
v 7.201620 3.640173 1.353846
v 7.201620 2.561547 1.340951
v 7.201620 3.605443 1.156884
vn -1.0000 -0.0000 -0.0000
vn -0.0000 -0.1736 -0.9848
vn 1.0000 -0.0000 -0.0000
vn -0.0000 0.1736 0.9848
vn -0.0000 -0.9848 0.1736
vn -0.0000 0.9848 -0.1736
vt 0.375000 0.000000
vt 0.625000 0.000000
vt 0.625000 0.250000
vt 0.375000 0.250000
vt 0.625000 0.500000
vt 0.375000 0.500000
vt 0.625000 0.750000
vt 0.375000 0.750000
vt 0.625000 1.000000
vt 0.375000 1.000000
vt 0.125000 0.500000
vt 0.125000 0.750000
vt 0.875000 0.500000
vt 0.875000 0.750000
s 0
usemtl Material.052
f 198/235/89 199/236/89 201/237/89 200/238/89
f 200/238/90 201/237/90 205/239/90 204/240/90
f 204/240/91 205/239/91 203/241/91 202/242/91
f 202/242/92 203/241/92 199/243/92 198/244/92
f 200/245/93 204/240/93 202/242/93 198/246/93
f 205/239/94 201/247/94 199/248/94 203/241/94
f 206/235/89 207/236/89 209/237/89 208/238/89
f 208/238/90 209/237/90 213/239/90 212/240/90
f 212/240/91 213/239/91 211/241/91 210/242/91
f 210/242/92 211/241/92 207/243/92 206/244/92
f 208/245/93 212/240/93 210/242/93 206/246/93
f 213/239/94 209/247/94 207/248/94 211/241/94
f 214/235/89 215/236/89 217/237/89 216/238/89
f 216/238/90 217/237/90 221/239/90 220/240/90
f 220/240/91 221/239/91 219/241/91 218/242/91
f 218/242/92 219/241/92 215/243/92 214/244/92
f 216/245/93 220/240/93 218/242/93 214/246/93
f 221/239/94 217/247/94 215/248/94 219/241/94
f 222/235/89 223/236/89 225/237/89 224/238/89
f 224/238/90 225/237/90 229/239/90 228/240/90
f 228/240/91 229/239/91 227/241/91 226/242/91
f 226/242/92 227/241/92 223/243/92 222/244/92
f 224/245/93 228/240/93 226/242/93 222/246/93
f 229/239/94 225/247/94 223/248/94 227/241/94
o Cube.005
v 3.843889 1.134178 5.551627
v 3.843889 1.865822 5.551627
v 3.843889 1.134178 5.151627
v 3.843889 1.865822 5.151627
v 4.136171 1.134178 5.551627
v 4.136171 1.865822 5.551627
v 4.136171 1.134178 5.151627
v 4.136171 1.865822 5.151627
vn -1.0000 -0.0000 -0.0000
vn -0.0000 -0.0000 -1.0000
vn 1.0000 -0.0000 -0.0000
vn -0.0000 -0.0000 1.0000
vn -0.0000 -1.0000 -0.0000
vn -0.0000 1.0000 -0.0000
vt 0.375000 0.000000
vt 0.625000 0.000000
vt 0.625000 0.250000
vt 0.375000 0.250000
vt 0.625000 0.500000
vt 0.375000 0.500000
vt 0.625000 0.750000
vt 0.375000 0.750000
vt 0.625000 1.000000
vt 0.375000 1.000000
vt 0.125000 0.500000
vt 0.125000 0.750000
vt 0.875000 0.500000
vt 0.875000 0.750000
s 0
usemtl Material.024
f 230/249/95 231/250/95 233/251/95 232/252/95
f 232/252/96 233/251/96 237/253/96 236/254/96
f 236/254/97 237/253/97 235/255/97 234/256/97
f 234/256/98 235/255/98 231/257/98 230/258/98
f 232/259/99 236/254/99 234/256/99 230/260/99
f 237/253/100 233/261/100 231/262/100 235/255/100
o Cube.006
v -4.133590 1.764686 8.099952
v -4.133590 2.364686 8.099952
v -4.133590 1.764686 7.499951
v -4.133590 2.364686 7.499951
v -3.933590 1.764686 8.099952
v -3.933590 2.364686 8.099952
v -3.933590 1.764686 7.499951
v -3.933590 2.364686 7.499951
vn -1.0000 -0.0000 -0.0000
vn -0.0000 -0.0000 -1.0000
vn 1.0000 -0.0000 -0.0000
vn -0.0000 -0.0000 1.0000
vn -0.0000 -1.0000 -0.0000
vn -0.0000 1.0000 -0.0000
vt 0.375000 0.000000
vt 0.625000 0.000000
vt 0.625000 0.250000
vt 0.375000 0.250000
vt 0.625000 0.500000
vt 0.375000 0.500000
vt 0.625000 0.750000
vt 0.375000 0.750000
vt 0.625000 1.000000
vt 0.375000 1.000000
vt 0.125000 0.500000
vt 0.125000 0.750000
vt 0.875000 0.500000
vt 0.875000 0.750000
s 0
usemtl Material.018
f 238/263/101 239/264/101 241/265/101 240/266/101
f 240/266/102 241/265/102 245/267/102 244/268/102
f 244/268/103 245/267/103 243/269/103 242/270/103
f 242/270/104 243/269/104 239/271/104 238/272/104
f 240/273/105 244/268/105 242/270/105 238/274/105
f 245/267/106 241/275/106 239/276/106 243/269/106
o Cube.007
v -4.133590 1.771398 7.271305
v -4.133590 2.371398 7.271305
v -4.133590 1.771398 6.671304
v -4.133590 2.371398 6.671304
v -3.933590 1.771398 7.271305
v -3.933590 2.371398 7.271305
v -3.933590 1.771398 6.671304
v -3.933590 2.371398 6.671304
vn -1.0000 -0.0000 -0.0000
vn -0.0000 -0.0000 -1.0000
vn 1.0000 -0.0000 -0.0000
vn -0.0000 -0.0000 1.0000
vn -0.0000 -1.0000 -0.0000
vn -0.0000 1.0000 -0.0000
vt 0.375000 0.000000
vt 0.625000 0.000000
vt 0.625000 0.250000
vt 0.375000 0.250000
vt 0.625000 0.500000
vt 0.375000 0.500000
vt 0.625000 0.750000
vt 0.375000 0.750000
vt 0.625000 1.000000
vt 0.375000 1.000000
vt 0.125000 0.500000
vt 0.125000 0.750000
vt 0.875000 0.500000
vt 0.875000 0.750000
s 0
usemtl Material.019
f 246/277/107 247/278/107 249/279/107 248/280/107
f 248/280/108 249/279/108 253/281/108 252/282/108
f 252/282/109 253/281/109 251/283/109 250/284/109
f 250/284/110 251/283/110 247/285/110 246/286/110
f 248/287/111 252/282/111 250/284/111 246/288/111
f 253/281/112 249/289/112 247/290/112 251/283/112
o Cube.008
v -4.133590 1.777259 6.456892
v -4.133590 2.377259 6.456892
v -4.133590 1.777259 5.856892
v -4.133590 2.377259 5.856892
v -3.933590 1.777259 6.456892
v -3.933590 2.377259 6.456892
v -3.933590 1.777259 5.856892
v -3.933590 2.377259 5.856892
vn -1.0000 -0.0000 -0.0000
vn -0.0000 -0.0000 -1.0000
vn 1.0000 -0.0000 -0.0000
vn -0.0000 -0.0000 1.0000
vn -0.0000 -1.0000 -0.0000
vn -0.0000 1.0000 -0.0000
vt 0.375000 0.000000
vt 0.625000 0.000000
vt 0.625000 0.250000
vt 0.375000 0.250000
vt 0.625000 0.500000
vt 0.375000 0.500000
vt 0.625000 0.750000
vt 0.375000 0.750000
vt 0.625000 1.000000
vt 0.375000 1.000000
vt 0.125000 0.500000
vt 0.125000 0.750000
vt 0.875000 0.500000
vt 0.875000 0.750000
s 0
usemtl Material.017
f 254/291/113 255/292/113 257/293/113 256/294/113
f 256/294/114 257/293/114 261/295/114 260/296/114
f 260/296/115 261/295/115 259/297/115 258/298/115
f 258/298/116 259/297/116 255/299/116 254/300/116
f 256/301/117 260/296/117 258/298/117 254/302/117
f 261/295/118 257/303/118 255/304/118 259/297/118
o Sphere
v -0.084123 6.247382 3.268496
v -0.084123 5.307196 2.234654
v -0.084123 4.078784 1.675143
v -0.084123 3.413971 1.603142
v -0.084123 2.749159 1.675143
v -0.084123 1.520747 2.234654
v 0.058509 6.756207 4.633323
v 0.195659 6.562288 3.943886
v 0.322057 6.247382 3.308498
v 0.432847 5.823589 2.751575
v 0.523769 5.307196 2.294521
v 0.591330 4.718047 1.954899
v 0.632934 4.078784 1.745760
v 0.646982 3.413971 1.675143
v 0.632934 2.749159 1.745760
v 0.591330 2.109896 1.954899
v 0.523769 1.520747 2.294521
v 0.432847 1.004354 2.751575
v 0.322057 0.580561 3.308498
v 0.195659 0.265654 3.943886
v 0.058509 0.071736 4.633323
v 0.195659 6.756207 4.674923
v 0.464689 6.562288 4.025488
v 0.712628 6.247382 3.426965
v 0.929949 5.823589 2.902355
v 1.108300 5.307196 2.471820
v 1.240826 4.718047 2.151902
v 1.322435 4.078784 1.954899
v 1.349991 3.413971 1.888379
v 1.322435 2.749159 1.954899
v 1.240826 2.109896 2.151902
v 1.108300 1.520747 2.471820
v 0.929949 1.004354 2.902355
v 0.712628 0.580561 3.426965
v 0.464689 0.265654 4.025488
v 0.195659 0.071736 4.674923
v 0.322057 6.756207 4.742478
v 0.712628 6.562288 4.158002
v 1.072581 6.247382 3.619346
v 1.388081 5.823589 3.147209
v 1.647006 5.307196 2.759738
v 1.839405 4.718047 2.471820
v 1.957883 4.078784 2.294521
v 1.997888 3.413971 2.234654
v 1.957883 2.749159 2.294521
v 1.839405 2.109896 2.471820
v 1.647006 1.520747 2.759738
v 1.388081 1.004354 3.147209
v 1.072581 0.580561 3.619346
v 0.712628 0.265654 4.158002
v 0.322057 0.071736 4.742478
v 0.432847 6.756207 4.833392
v 0.929949 6.562288 4.336336
v 1.388081 6.247382 3.878246
v 1.789638 5.823589 3.476727
v 2.119186 5.307196 3.147210
v 2.364063 4.718047 2.902355
v 2.514858 4.078784 2.751575
v 2.565775 3.413971 2.700664
v 2.514858 2.749159 2.751575
v 2.364063 2.109896 2.902355
v 2.119186 1.520747 3.147210
v 1.789638 1.004354 3.476727
v 1.388081 0.580561 3.878246
v 0.929949 0.265654 4.336336
v 0.432847 0.071736 4.833392
v 0.523769 6.756207 4.944170
v 1.108300 6.562288 4.553636
v 1.647006 6.247382 4.193717
v 2.119187 5.823589 3.878246
v 2.506695 5.307196 3.619346
v 2.794639 4.718047 3.426965
v 2.971955 4.078784 3.308498
v 3.031827 3.413971 3.268497
v 2.971955 2.749159 3.308498
v 2.794639 2.109896 3.426965
v 2.506695 1.520747 3.619346
v 2.119187 1.004354 3.878246
v 1.647006 0.580561 4.193717
v 1.108300 0.265654 4.553636
v 0.523769 0.071736 4.944170
v -0.084123 6.821685 5.350313
v 0.591330 6.756207 5.070557
v 1.240826 6.562288 4.801552
v 1.839405 6.247382 4.553636
v 2.364064 5.823589 4.336336
v 2.794639 5.307196 4.158002
v 3.114586 4.718047 4.025488
v 3.311609 4.078784 3.943887
v 3.378135 3.413971 3.916333
v 3.311609 2.749159 3.943887
v 3.114586 2.109896 4.025488
v 2.794639 1.520747 4.158002
v 2.364064 1.004354 4.336336
v 1.839405 0.580561 4.553636
v 1.240826 0.265654 4.801552
v 0.591330 0.071736 5.070557
v 0.632934 6.756207 5.207695
v 1.322435 6.562288 5.070557
v 1.957883 6.247382 4.944170
v 2.514858 5.823589 4.833392
v 2.971955 5.307196 4.742478
v 3.311609 4.718047 4.674922
v 3.520766 4.078784 4.633323
v 3.591390 3.413971 4.619277
v 3.520766 2.749159 4.633323
v 3.311609 2.109896 4.674922
v 2.971955 1.520747 4.742478
v 2.514858 1.004354 4.833392
v 1.957883 0.580561 4.944170
v 1.322435 0.265654 5.070557
v 0.632934 0.071736 5.207695
v 0.646982 6.756207 5.350313
v 1.349991 6.562288 5.350313
v 1.997888 6.247382 5.350313
v 2.565775 5.823589 5.350313
v 3.031826 5.307196 5.350313
v 3.378135 4.718047 5.350313
v 3.591390 4.078784 5.350313
v 3.663397 3.413971 5.350313
v 3.591390 2.749159 5.350313
v 3.378135 2.109896 5.350313
v 3.031826 1.520747 5.350313
v 2.565775 1.004354 5.350313
v 1.997888 0.580561 5.350313
v 1.349991 0.265654 5.350313
v 0.646982 0.071736 5.350313
v 0.632934 6.756207 5.492931
v 1.322435 6.562288 5.630068
v 1.957883 6.247382 5.756455
v 2.514858 5.823589 5.867234
v 2.971954 5.307196 5.958148
v 3.311609 4.718047 6.025702
v 3.520766 4.078784 6.067303
v 3.591389 3.413971 6.081350
v 3.520766 2.749159 6.067303
v 3.311609 2.109896 6.025702
v 2.971954 1.520747 5.958148
v 2.514858 1.004354 5.867234
v 1.957883 0.580561 5.756455
v 1.322435 0.265654 5.630068
v 0.632934 0.071736 5.492931
v 0.591330 6.756207 5.630068
v 1.240826 6.562288 5.899073
v 1.839404 6.247382 6.146989
v 2.364063 5.823589 6.364290
v 2.794639 5.307196 6.542624
v 3.114586 4.718047 6.675138
v 3.311608 4.078784 6.756740
v 3.378134 3.413971 6.784293
v 3.311608 2.749159 6.756740
v 3.114586 2.109896 6.675138
v 2.794639 1.520747 6.542624
v 2.364063 1.004354 6.364290
v 1.839404 0.580561 6.146989
v 1.240826 0.265654 5.899073
v 0.591330 0.071736 5.630068
v 0.523769 6.756207 5.756455
v 1.108299 6.562288 6.146989
v 1.647006 6.247382 6.506908
v 2.119186 5.823589 6.822379
v 2.506694 5.307196 7.081280
v 2.794639 4.718047 7.273660
v 2.971954 4.078784 7.392128
v 3.031826 3.413971 7.432129
v 2.971954 2.749159 7.392128
v 2.794639 2.109896 7.273660
v 2.506694 1.520747 7.081280
v 2.119186 1.004354 6.822379
v 1.647006 0.580561 6.506908
v 1.108299 0.265654 6.146989
v 0.523769 0.071736 5.756455
v 0.432846 6.756207 5.867234
v 0.929949 6.562288 6.364290
v 1.388081 6.247382 6.822379
v 1.789638 5.823589 7.223898
v 2.119186 5.307196 7.553415
v 2.364063 4.718047 7.798269
v 2.514857 4.078784 7.949050
v 2.565773 3.413971 7.999962
v 2.514857 2.749159 7.949050
v 2.364063 2.109896 7.798269
v 2.119186 1.520747 7.553415
v 1.789638 1.004354 7.223898
v 1.388081 0.580561 6.822379
v 0.929949 0.265654 6.364290
v 0.432846 0.071736 5.867234
v 0.322057 6.756207 5.958147
v 0.712628 6.562288 6.542624
v 1.072580 6.247382 7.081280
v 1.388081 5.823589 7.553416
v 1.647005 5.307196 7.940887
v 1.839405 4.718047 8.228806
v 1.957882 4.078784 8.406104
v 1.997887 3.413971 8.465971
v 1.957882 2.749159 8.406104
v 1.839405 2.109896 8.228806
v 1.647005 1.520747 7.940887
v 1.388081 1.004354 7.553416
v 1.072580 0.580561 7.081280
v 0.712628 0.265654 6.542624
v 0.322057 0.071736 5.958147
v 0.195659 6.756207 6.025702
v 0.464689 6.562288 6.675138
v 0.712628 6.247382 7.273660
v 0.929949 5.823589 7.798270
v 1.108299 5.307196 8.228806
v 1.240826 4.718047 8.548722
v 1.322434 4.078784 8.745727
v 1.349990 3.413971 8.812246
v 1.322434 2.749159 8.745727
v 1.240826 2.109896 8.548722
v 1.108299 1.520747 8.228806
v 0.929949 1.004354 7.798270
v 0.712628 0.580561 7.273660
v 0.464689 0.265654 6.675138
v 0.195659 0.071736 6.025702
v 0.058509 6.756207 6.067302
v 0.195659 6.562288 6.756739
v 0.322057 6.247382 7.392127
v 0.432846 5.823589 7.949050
v 0.523768 5.307196 8.406104
v 0.591330 4.718047 8.745727
v 0.632934 4.078784 8.954865
v 0.646981 3.413971 9.025481
v 0.632934 2.749159 8.954865
v 0.591330 2.109896 8.745727
v 0.523768 1.520747 8.406104
v 0.432846 1.004354 7.949050
v 0.322057 0.580561 7.392127
v 0.195659 0.265654 6.756739
v 0.058509 0.071736 6.067302
v -0.084123 6.756207 6.081349
v -0.084123 6.562288 6.784293
v -0.084123 6.247382 7.432128
v -0.084123 5.823589 7.999962
v -0.084123 5.307196 8.465970
v -0.084123 4.718047 8.812246
v -0.084123 4.078784 9.025481
v -0.084124 3.413971 9.097481
v -0.084123 2.749159 9.025481
v -0.084123 2.109896 8.812246
v -0.084123 1.520747 8.465970
v -0.084123 1.004354 7.999962
v -0.084123 0.580561 7.432128
v -0.084123 0.265654 6.784293
v -0.084123 0.071736 6.081349
v -0.226754 6.756207 6.067302
v -0.363905 6.562288 6.756739
v -0.490303 6.247382 7.392127
v -0.601092 5.823589 7.949050
v -0.692015 5.307196 8.406103
v -0.759575 4.718047 8.745726
v -0.801180 4.078784 8.954865
v -0.815229 3.413971 9.025480
v -0.801180 2.749159 8.954865
v -0.759575 2.109896 8.745726
v -0.692015 1.520747 8.406103
v -0.601092 1.004354 7.949050
v -0.490303 0.580561 7.392127
v -0.363905 0.265654 6.756739
v -0.226754 0.071736 6.067302
v -0.363904 6.756207 6.025702
v -0.632935 6.562288 6.675138
v -0.880874 6.247382 7.273659
v -1.098194 5.823589 7.798269
v -1.276545 5.307196 8.228805
v -1.409071 4.718047 8.548722
v -1.490681 4.078784 8.745726
v -1.518237 3.413971 8.812244
v -1.490681 2.749159 8.745726
v -1.409071 2.109896 8.548722
v -1.276545 1.520747 8.228805
v -1.098194 1.004354 7.798269
v -0.880874 0.580561 7.273659
v -0.632935 0.265654 6.675138
v -0.363904 0.071736 6.025702
v -0.490303 6.756207 5.958147
v -0.880874 6.562288 6.542624
v -1.240826 6.247382 7.081279
v -1.556327 5.823589 7.553415
v -1.815251 5.307196 7.940887
v -2.007649 4.718047 8.228806
v -2.126128 4.078784 8.406103
v -2.166133 3.413971 8.465968
v -2.126128 2.749159 8.406103
v -2.007649 2.109896 8.228806
v -1.815251 1.520747 7.940887
v -1.556327 1.004354 7.553415
v -1.240826 0.580561 7.081279
v -0.880874 0.265654 6.542624
v -0.490303 0.071736 5.958147
v -0.601092 6.756207 5.867233
v -1.098194 6.562288 6.364289
v -1.556326 6.247382 6.822378
v -1.957883 5.823589 7.223898
v -2.287431 5.307196 7.553414
v -2.532308 4.718047 7.798269
v -2.683103 4.078784 7.949049
v -2.734019 3.413971 7.999959
v -2.683103 2.749159 7.949049
v -2.532308 2.109896 7.798269
v -2.287431 1.520747 7.553414
v -1.957883 1.004354 7.223898
v -1.556326 0.580561 6.822378
v -1.098194 0.265654 6.364289
v -0.601092 0.071736 5.867233
v -0.084123 0.006258 5.350313
v -0.692014 6.756207 5.756454
v -1.276545 6.562288 6.146989
v -1.815251 6.247382 6.506907
v -2.287431 5.823589 6.822379
v -2.674939 5.307196 7.081279
v -2.962884 4.718047 7.273660
v -3.140200 4.078784 7.392126
v -3.200071 3.413971 7.432126
v -3.140200 2.749159 7.392126
v -2.962884 2.109896 7.273660
v -2.674939 1.520747 7.081279
v -2.287431 1.004354 6.822379
v -1.815251 0.580561 6.506907
v -1.276545 0.265654 6.146989
v -0.692014 0.071736 5.756454
v -0.759575 6.756207 5.630068
v -1.409071 6.562288 5.899073
v -2.007649 6.247382 6.146988
v -2.532308 5.823589 6.364289
v -2.962884 5.307196 6.542623
v -3.282831 4.718047 6.675138
v -3.479853 4.078784 6.756738
v -3.546378 3.413971 6.784290
v -3.479853 2.749159 6.756738
v -3.282831 2.109896 6.675138
v -2.962884 1.520747 6.542623
v -2.532308 1.004354 6.364289
v -2.007649 0.580561 6.146988
v -1.409071 0.265654 5.899073
v -0.759575 0.071736 5.630068
v -0.801179 6.756207 5.492931
v -1.490680 6.562288 5.630068
v -2.126127 6.247382 5.756454
v -2.683103 5.823589 5.867234
v -3.140199 5.307196 5.958147
v -3.479853 4.718047 6.025702
v -3.689011 4.078784 6.067302
v -3.759633 3.413971 6.081347
v -3.689011 2.749159 6.067302
v -3.479853 2.109896 6.025702
v -3.140199 1.520747 5.958147
v -2.683103 1.004354 5.867234
v -2.126127 0.580561 5.756454
v -1.490680 0.265654 5.630068
v -0.801179 0.071736 5.492931
v -0.815227 6.756207 5.350313
v -1.518236 6.562288 5.350313
v -2.166132 6.247382 5.350312
v -2.734020 5.823589 5.350313
v -3.200071 5.307196 5.350312
v -3.546379 4.718047 5.350313
v -3.759634 4.078784 5.350312
v -3.831640 3.413971 5.350311
v -3.759634 2.749159 5.350312
v -3.546379 2.109896 5.350313
v -3.200071 1.520747 5.350312
v -2.734020 1.004354 5.350313
v -2.166132 0.580561 5.350312
v -1.518236 0.265654 5.350313
v -0.815227 0.071736 5.350313
v -0.801179 6.756207 5.207695
v -1.490680 6.562288 5.070557
v -2.126127 6.247382 4.944170
v -2.683102 5.823589 4.833392
v -3.140198 5.307196 4.742477
v -3.479853 4.718047 4.674923
v -3.689010 4.078784 4.633322
v -3.759632 3.413971 4.619275
v -3.689010 2.749159 4.633322
v -3.479853 2.109896 4.674923
v -3.140198 1.520747 4.742477
v -2.683102 1.004354 4.833392
v -2.126127 0.580561 4.944170
v -1.490680 0.265654 5.070557
v -0.801179 0.071736 5.207695
v -0.759575 6.756207 5.070557
v -1.409071 6.562288 4.801552
v -2.007648 6.247382 4.553636
v -2.532308 5.823589 4.336336
v -2.962883 5.307196 4.158002
v -3.282830 4.718047 4.025488
v -3.479852 4.078784 3.943886
v -3.546377 3.413971 3.916332
v -3.479852 2.749159 3.943886
v -3.282830 2.109896 4.025488
v -2.962883 1.520747 4.158002
v -2.532308 1.004354 4.336336
v -2.007648 0.580561 4.553636
v -1.409071 0.265654 4.801552
v -0.759575 0.071736 5.070557
v -0.692014 6.756207 4.944171
v -1.276544 6.562288 4.553636
v -1.815250 6.247382 4.193718
v -2.287431 5.823589 3.878246
v -2.674938 5.307196 3.619346
v -2.962884 4.718047 3.426966
v -3.140198 4.078784 3.308498
v -3.200068 3.413971 3.268497
v -3.140198 2.749159 3.308498
v -2.962884 2.109896 3.426966
v -2.674938 1.520747 3.619346
v -2.287431 1.004354 3.878246
v -1.815250 0.580561 4.193718
v -1.276544 0.265654 4.553636
v -0.692014 0.071736 4.944171
v -0.601092 6.756207 4.833392
v -1.098194 6.562288 4.336336
v -1.556325 6.247382 3.878247
v -1.957883 5.823589 3.476728
v -2.287430 5.307196 3.147210
v -2.532308 4.718047 2.902357
v -2.683101 4.078784 2.751576
v -2.734016 3.413971 2.700664
v -2.683101 2.749159 2.751576
v -2.532308 2.109896 2.902357
v -2.287430 1.520747 3.147210
v -1.957883 1.004354 3.476728
v -1.556325 0.580561 3.878247
v -1.098194 0.265654 4.336336
v -0.601092 0.071736 4.833392
v -0.490303 6.756207 4.742478
v -0.880873 6.562288 4.158002
v -1.240824 6.247382 3.619347
v -1.556326 5.823589 3.147210
v -1.815250 5.307196 2.759738
v -2.007649 4.718047 2.471821
v -2.126127 4.078784 2.294522
v -2.166130 3.413971 2.234657
v -2.126127 2.749159 2.294522
v -2.007649 2.109896 2.471821
v -1.815250 1.520747 2.759738
v -1.556326 1.004354 3.147210
v -1.240824 0.580561 3.619347
v -0.880873 0.265654 4.158002
v -0.490303 0.071736 4.742478
v -0.363904 6.756207 4.674923
v -0.632934 6.562288 4.025488
v -0.880872 6.247382 3.426967
v -1.098194 5.823589 2.902356
v -1.276543 5.307196 2.471821
v -1.409071 4.718047 2.151904
v -1.490679 4.078784 1.954900
v -1.518234 3.413971 1.888382
v -1.490679 2.749159 1.954900
v -1.409071 2.109896 2.151904
v -1.276543 1.520747 2.471821
v -1.098194 1.004354 2.902356
v -0.880872 0.580561 3.426967
v -0.632934 0.265654 4.025488
v -0.363904 0.071736 4.674923
v -0.226754 6.756207 4.633323
v -0.363904 6.562288 3.943887
v -0.490302 6.247382 3.308500
v -0.601092 5.823589 2.751575
v -0.692013 5.307196 2.294523
v -0.759575 4.718047 1.954900
v -0.801178 4.078784 1.745762
v -0.815225 3.413971 1.675147
v -0.801178 2.749159 1.745762
v -0.759575 2.109896 1.954900
v -0.692013 1.520747 2.294523
v -0.601092 1.004354 2.751575
v -0.490302 0.580561 3.308500
v -0.363904 0.265654 3.943887
v -0.226754 0.071736 4.633323
v -0.084123 6.756207 4.619277
v -0.084123 6.562288 3.916333
v -0.084122 5.823589 2.700664
v -0.084123 4.718047 1.888380
v -0.084123 2.109896 1.888380
v -0.084122 1.004354 2.700664
v -0.084122 0.580561 3.268499
v -0.084123 0.265654 3.916333
v -0.084123 0.071736 4.619277
vn -0.0000 -0.2124 -0.9772
vn -0.0000 -0.0000 -1.0000
vn 0.1951 -0.0000 -0.9808
vn 0.1906 -0.2124 -0.9584
vn -0.0000 0.9339 -0.3574
vn -0.0000 0.9830 -0.1834
vn 0.0358 0.9830 -0.1799
vn 0.0697 0.9339 -0.3506
vn -0.0000 -0.4122 -0.9111
vn 0.1777 -0.4122 -0.8936
vn -0.0000 0.8521 -0.5234
vn 0.1021 0.8521 -0.5134
vn -0.0000 -0.5893 -0.8079
vn 0.1576 -0.5893 -0.7924
vn -0.0000 0.7369 -0.6760
vn 0.1319 0.7369 -0.6630
vn -0.0000 -0.7369 -0.6760
vn 0.1319 -0.7369 -0.6630
vn -0.0000 0.5893 -0.8079
vn 0.1576 0.5893 -0.7924
vn -0.0000 -0.8521 -0.5234
vn 0.1021 -0.8521 -0.5134
vn -0.0000 0.4122 -0.9111
vn 0.1777 0.4122 -0.8936
vn -0.0000 -0.9339 -0.3574
vn 0.0697 -0.9339 -0.3506
vn -0.0000 0.2124 -0.9772
vn 0.1906 0.2124 -0.9584
vn -0.0000 -0.9830 -0.1834
vn 0.0358 -0.9830 -0.1799
vn -0.0000 1.0000 -0.0000
vn -0.0000 -1.0000 -0.0000
vn 0.1368 -0.9339 -0.3302
vn 0.0702 -0.9830 -0.1694
vn 0.3739 0.2124 -0.9028
vn 0.3827 -0.0000 -0.9239
vn 0.0702 0.9830 -0.1694
vn 0.3739 -0.2124 -0.9028
vn 0.1368 0.9339 -0.3302
vn 0.3486 -0.4123 -0.8417
vn 0.2003 0.8521 -0.4836
vn 0.3092 -0.5893 -0.7464
vn 0.2587 0.7369 -0.6245
vn 0.2587 -0.7369 -0.6245
vn 0.3092 0.5893 -0.7464
vn 0.2003 -0.8521 -0.4836
vn 0.3486 0.4123 -0.8417
vn 0.4488 -0.5893 -0.6718
vn 0.3755 -0.7369 -0.5621
vn 0.3755 0.7369 -0.5621
vn 0.4488 0.5893 -0.6718
vn 0.2908 -0.8521 -0.4352
vn 0.5061 0.4123 -0.7575
vn 0.1986 -0.9339 -0.2972
vn 0.5429 0.2124 -0.8125
vn 0.1019 -0.9830 -0.1525
vn 0.5555 -0.0000 -0.8315
vn 0.1019 0.9830 -0.1525
vn 0.5429 -0.2124 -0.8125
vn 0.1986 0.9339 -0.2972
vn 0.5061 -0.4123 -0.7575
vn 0.2908 0.8521 -0.4352
vn 0.1297 0.9830 -0.1297
vn 0.1297 -0.9830 -0.1297
vn 0.7071 -0.0000 -0.7071
vn 0.6909 -0.2124 -0.6910
vn 0.2527 0.9339 -0.2527
vn 0.6442 -0.4123 -0.6442
vn 0.3701 0.8521 -0.3701
vn 0.5713 -0.5893 -0.5713
vn 0.4779 0.7369 -0.4780
vn 0.4779 -0.7369 -0.4780
vn 0.5713 0.5893 -0.5713
vn 0.3701 -0.8521 -0.3701
vn 0.6442 0.4123 -0.6442
vn 0.2527 -0.9339 -0.2527
vn 0.6909 0.2124 -0.6910
vn 0.5620 0.7370 -0.3756
vn 0.6717 0.5893 -0.4489
vn 0.5620 -0.7370 -0.3756
vn 0.4352 -0.8521 -0.2908
vn 0.7575 0.4123 -0.5062
vn 0.2972 -0.9339 -0.1986
vn 0.8125 0.2124 -0.5429
vn 0.1525 -0.9830 -0.1019
vn 0.8314 -0.0000 -0.5556
vn 0.1525 0.9830 -0.1019
vn 0.8125 -0.2124 -0.5429
vn 0.2972 0.9339 -0.1986
vn 0.7575 -0.4123 -0.5062
vn 0.4352 0.8521 -0.2908
vn 0.6717 -0.5893 -0.4489
vn 0.9239 -0.0000 -0.3827
vn 0.9028 -0.2124 -0.3740
vn 0.1694 0.9830 -0.0702
vn 0.3302 0.9339 -0.1368
vn 0.8417 -0.4123 -0.3487
vn 0.4836 0.8521 -0.2003
vn 0.7464 -0.5893 -0.3092
vn 0.6245 0.7370 -0.2587
vn 0.6245 -0.7370 -0.2587
vn 0.7464 0.5893 -0.3092
vn 0.4836 -0.8521 -0.2003
vn 0.8417 0.4123 -0.3487
vn 0.3302 -0.9339 -0.1368
vn 0.9028 0.2124 -0.3740
vn 0.1694 -0.9830 -0.0702
vn 0.6629 -0.7370 -0.1319
vn 0.5134 -0.8521 -0.1021
vn 0.7924 0.5893 -0.1576
vn 0.8935 0.4123 -0.1778
vn 0.3505 -0.9340 -0.0697
vn 0.9584 0.2124 -0.1907
vn 0.1799 -0.9830 -0.0358
vn 0.9808 -0.0000 -0.1951
vn 0.1799 0.9830 -0.0358
vn 0.9584 -0.2124 -0.1907
vn 0.3505 0.9340 -0.0697
vn 0.8935 -0.4123 -0.1778
vn 0.5134 0.8521 -0.1021
vn 0.7924 -0.5893 -0.1576
vn 0.6629 0.7370 -0.1319
vn 0.1834 0.9830 -0.0000
vn 0.3574 0.9340 -0.0000
vn 0.9772 -0.2124 -0.0000
vn 0.9111 -0.4123 -0.0000
vn 0.5234 0.8521 -0.0000
vn 0.8079 -0.5893 -0.0000
vn 0.6759 0.7370 -0.0000
vn 0.6759 -0.7370 -0.0000
vn 0.8079 0.5893 -0.0000
vn 0.5234 -0.8521 -0.0000
vn 0.9111 0.4123 -0.0000
vn 0.3574 -0.9340 -0.0000
vn 0.9772 0.2124 -0.0000
vn 0.1834 -0.9830 -0.0000
vn 1.0000 -0.0000 -0.0000
vn 0.7924 0.5893 0.1576
vn 0.8935 0.4123 0.1778
vn 0.5134 -0.8521 0.1021
vn 0.3505 -0.9340 0.0697
vn 0.9584 0.2124 0.1907
vn 0.1799 -0.9830 0.0358
vn 0.9808 -0.0000 0.1951
vn 0.1799 0.9830 0.0358
vn 0.9584 -0.2124 0.1907
vn 0.3505 0.9340 0.0697
vn 0.8935 -0.4123 0.1778
vn 0.5134 0.8521 0.1021
vn 0.7924 -0.5893 0.1576
vn 0.6629 0.7370 0.1319
vn 0.6629 -0.7370 0.1319
vn 0.9028 -0.2124 0.3740
vn 0.8417 -0.4123 0.3487
vn 0.3302 0.9339 0.1368
vn 0.4836 0.8521 0.2003
vn 0.7464 -0.5893 0.3092
vn 0.6245 0.7370 0.2587
vn 0.6245 -0.7370 0.2587
vn 0.7464 0.5893 0.3092
vn 0.4836 -0.8521 0.2003
vn 0.8417 0.4123 0.3487
vn 0.3302 -0.9339 0.1368
vn 0.9028 0.2124 0.3740
vn 0.1694 -0.9830 0.0702
vn 0.9239 -0.0000 0.3827
vn 0.1694 0.9830 0.0702
vn 0.4352 -0.8521 0.2908
vn 0.2972 -0.9339 0.1986
vn 0.7575 0.4123 0.5062
vn 0.8125 0.2124 0.5429
vn 0.1525 -0.9830 0.1019
vn 0.8314 -0.0000 0.5556
vn 0.1525 0.9830 0.1019
vn 0.8125 -0.2124 0.5429
vn 0.2972 0.9339 0.1986
vn 0.7575 -0.4123 0.5062
vn 0.4352 0.8521 0.2908
vn 0.6717 -0.5893 0.4489
vn 0.5620 0.7370 0.3756
vn 0.5620 -0.7370 0.3756
vn 0.6717 0.5893 0.4489
vn 0.6442 -0.4123 0.6443
vn 0.5713 -0.5893 0.5713
vn 0.3701 0.8521 0.3701
vn 0.4779 0.7369 0.4780
vn 0.4779 -0.7369 0.4780
vn 0.5713 0.5893 0.5713
vn 0.3701 -0.8521 0.3701
vn 0.6442 0.4123 0.6443
vn 0.2527 -0.9339 0.2527
vn 0.6909 0.2124 0.6910
vn 0.1297 -0.9830 0.1297
vn 0.7071 -0.0000 0.7071
vn 0.1297 0.9830 0.1297
vn 0.6909 -0.2124 0.6910
vn 0.2527 0.9339 0.2527
vn 0.1986 -0.9339 0.2972
vn 0.1019 -0.9830 0.1525
vn 0.5429 0.2124 0.8125
vn 0.5555 -0.0000 0.8315
vn 0.1019 0.9830 0.1525
vn 0.5429 -0.2124 0.8125
vn 0.1986 0.9339 0.2972
vn 0.5061 -0.4123 0.7575
vn 0.2908 0.8521 0.4352
vn 0.4488 -0.5893 0.6718
vn 0.3755 0.7369 0.5621
vn 0.3755 -0.7369 0.5621
vn 0.4488 0.5893 0.6718
vn 0.2908 -0.8521 0.4352
vn 0.5061 0.4123 0.7575
vn 0.2003 0.8521 0.4836
vn 0.2587 0.7369 0.6245
vn 0.3092 -0.5893 0.7464
vn 0.2587 -0.7369 0.6245
vn 0.3092 0.5893 0.7464
vn 0.2003 -0.8521 0.4836
vn 0.3486 0.4123 0.8417
vn 0.1368 -0.9339 0.3302
vn 0.3739 0.2124 0.9028
vn 0.0702 -0.9830 0.1694
vn 0.3827 -0.0000 0.9239
vn 0.0702 0.9830 0.1694
vn 0.3739 -0.2124 0.9028
vn 0.1368 0.9339 0.3302
vn 0.3486 -0.4123 0.8417
vn 0.1906 0.2124 0.9584
vn 0.1951 -0.0000 0.9808
vn 0.0358 0.9830 0.1799
vn 0.0358 -0.9830 0.1799
vn 0.1906 -0.2124 0.9584
vn 0.0697 0.9339 0.3506
vn 0.1777 -0.4122 0.8936
vn 0.1021 0.8521 0.5134
vn 0.1576 -0.5893 0.7924
vn 0.1319 0.7369 0.6630
vn 0.1319 -0.7369 0.6630
vn 0.1576 0.5893 0.7924
vn 0.1021 -0.8521 0.5134
vn 0.1777 0.4122 0.8936
vn 0.0697 -0.9339 0.3506
vn -0.0000 -0.5893 0.8079
vn -0.0000 -0.7369 0.6760
vn -0.0000 0.7369 0.6760
vn -0.0000 0.5893 0.8079
vn -0.0000 -0.8521 0.5234
vn -0.0000 0.4122 0.9111
vn -0.0000 -0.9339 0.3574
vn -0.0000 0.2124 0.9772
vn -0.0000 -0.9830 0.1834
vn -0.0000 -0.0000 1.0000
vn -0.0000 0.9830 0.1834
vn -0.0000 -0.2124 0.9772
vn -0.0000 0.9339 0.3574
vn -0.0000 -0.4122 0.9111
vn -0.0000 0.8521 0.5234
vn -0.0358 0.9830 0.1799
vn -0.0358 -0.9830 0.1799
vn -0.1951 -0.0000 0.9808
vn -0.1906 -0.2124 0.9584
vn -0.0697 0.9339 0.3506
vn -0.1777 -0.4122 0.8936
vn -0.1021 0.8521 0.5134
vn -0.1576 -0.5893 0.7924
vn -0.1319 0.7369 0.6630
vn -0.1319 -0.7369 0.6630
vn -0.1576 0.5893 0.7924
vn -0.1021 -0.8521 0.5134
vn -0.1777 0.4122 0.8936
vn -0.0697 -0.9339 0.3506
vn -0.1906 0.2124 0.9584
vn -0.2587 0.7369 0.6245
vn -0.3092 0.5893 0.7464
vn -0.2587 -0.7369 0.6245
vn -0.2003 -0.8521 0.4836
vn -0.3486 0.4123 0.8417
vn -0.1368 -0.9339 0.3302
vn -0.3739 0.2124 0.9028
vn -0.0702 -0.9830 0.1694
vn -0.3827 -0.0000 0.9239
vn -0.0702 0.9830 0.1694
vn -0.3739 -0.2124 0.9028
vn -0.1368 0.9339 0.3302
vn -0.3486 -0.4123 0.8417
vn -0.2003 0.8521 0.4836
vn -0.3092 -0.5893 0.7464
vn -0.5555 -0.0000 0.8315
vn -0.5429 -0.2124 0.8125
vn -0.1019 0.9830 0.1525
vn -0.1986 0.9339 0.2972
vn -0.5061 -0.4123 0.7575
vn -0.2908 0.8521 0.4352
vn -0.4488 -0.5893 0.6718
vn -0.3755 0.7369 0.5621
vn -0.3755 -0.7369 0.5621
vn -0.4488 0.5893 0.6718
vn -0.2908 -0.8521 0.4352
vn -0.5061 0.4123 0.7575
vn -0.1986 -0.9339 0.2972
vn -0.5429 0.2124 0.8125
vn -0.1019 -0.9830 0.1525
vn -0.4779 -0.7369 0.4780
vn -0.3701 -0.8521 0.3701
vn -0.5713 0.5893 0.5713
vn -0.6442 0.4123 0.6442
vn -0.2527 -0.9339 0.2527
vn -0.6909 0.2124 0.6910
vn -0.1297 -0.9830 0.1297
vn -0.7071 -0.0000 0.7071
vn -0.1297 0.9830 0.1297
vn -0.6909 -0.2124 0.6910
vn -0.2527 0.9339 0.2527
vn -0.6442 -0.4123 0.6442
vn -0.3701 0.8521 0.3701
vn -0.5713 -0.5893 0.5713
vn -0.4779 0.7369 0.4780
vn -0.8125 -0.2124 0.5429
vn -0.7575 -0.4123 0.5062
vn -0.2972 0.9339 0.1986
vn -0.4352 0.8521 0.2908
vn -0.6717 -0.5893 0.4489
vn -0.5620 0.7370 0.3756
vn -0.5620 -0.7370 0.3756
vn -0.6717 0.5893 0.4489
vn -0.4352 -0.8521 0.2908
vn -0.7575 0.4123 0.5062
vn -0.2972 -0.9339 0.1986
vn -0.8125 0.2124 0.5429
vn -0.1525 -0.9830 0.1019
vn -0.8314 -0.0000 0.5556
vn -0.1525 0.9830 0.1019
vn -0.4836 -0.8521 0.2003
vn -0.3302 -0.9339 0.1368
vn -0.8417 0.4123 0.3487
vn -0.9028 0.2124 0.3740
vn -0.1694 -0.9830 0.0702
vn -0.9239 -0.0000 0.3827
vn -0.1694 0.9830 0.0702
vn -0.9028 -0.2124 0.3740
vn -0.3302 0.9339 0.1368
vn -0.8417 -0.4123 0.3487
vn -0.4836 0.8521 0.2003
vn -0.7464 -0.5893 0.3092
vn -0.6245 0.7370 0.2587
vn -0.6245 -0.7370 0.2587
vn -0.7464 0.5893 0.3092
vn -0.3505 0.9340 0.0697
vn -0.5134 0.8521 0.1021
vn -0.8935 -0.4123 0.1778
vn -0.7924 -0.5893 0.1576
vn -0.6629 0.7370 0.1319
vn -0.6629 -0.7370 0.1319
vn -0.7924 0.5893 0.1576
vn -0.5134 -0.8521 0.1021
vn -0.8935 0.4123 0.1778
vn -0.3505 -0.9340 0.0697
vn -0.9584 0.2124 0.1907
vn -0.1799 -0.9830 0.0358
vn -0.9808 -0.0000 0.1951
vn -0.1799 0.9830 0.0358
vn -0.9584 -0.2124 0.1907
vn -0.9111 0.4123 -0.0000
vn -0.9772 0.2124 -0.0000
vn -0.3574 -0.9340 -0.0000
vn -0.1834 -0.9830 -0.0000
vn -1.0000 -0.0000 -0.0000
vn -0.1834 0.9830 -0.0000
vn -0.9772 -0.2124 -0.0000
vn -0.3574 0.9340 -0.0000
vn -0.9111 -0.4123 -0.0000
vn -0.5234 0.8521 -0.0000
vn -0.8079 -0.5893 -0.0000
vn -0.6759 0.7370 -0.0000
vn -0.6759 -0.7370 -0.0000
vn -0.8079 0.5893 -0.0000
vn -0.5234 -0.8521 -0.0000
vn -0.8935 -0.4123 -0.1778
vn -0.7924 -0.5893 -0.1576
vn -0.5134 0.8521 -0.1021
vn -0.6629 0.7370 -0.1319
vn -0.6629 -0.7370 -0.1319
vn -0.7924 0.5893 -0.1576
vn -0.5134 -0.8521 -0.1021
vn -0.8935 0.4123 -0.1778
vn -0.3505 -0.9340 -0.0697
vn -0.9584 0.2124 -0.1907
vn -0.1799 -0.9830 -0.0358
vn -0.9808 -0.0000 -0.1951
vn -0.1799 0.9830 -0.0358
vn -0.9584 -0.2124 -0.1907
vn -0.3505 0.9340 -0.0697
vn -0.3302 -0.9339 -0.1368
vn -0.1694 -0.9830 -0.0702
vn -0.9028 0.2124 -0.3740
vn -0.9239 -0.0000 -0.3827
vn -0.1694 0.9830 -0.0702
vn -0.9028 -0.2124 -0.3740
vn -0.3302 0.9339 -0.1368
vn -0.8417 -0.4123 -0.3487
vn -0.4836 0.8521 -0.2003
vn -0.7464 -0.5893 -0.3092
vn -0.6245 0.7370 -0.2587
vn -0.6245 -0.7370 -0.2587
vn -0.7464 0.5893 -0.3092
vn -0.4836 -0.8521 -0.2003
vn -0.8417 0.4123 -0.3487
vn -0.4352 0.8521 -0.2908
vn -0.5620 0.7370 -0.3756
vn -0.6717 -0.5893 -0.4489
vn -0.5620 -0.7370 -0.3756
vn -0.6717 0.5893 -0.4489
vn -0.4352 -0.8521 -0.2908
vn -0.7575 0.4123 -0.5062
vn -0.2972 -0.9339 -0.1986
vn -0.8125 0.2124 -0.5429
vn -0.1525 -0.9830 -0.1019
vn -0.8314 -0.0000 -0.5556
vn -0.1525 0.9830 -0.1019
vn -0.8125 -0.2124 -0.5429
vn -0.2972 0.9339 -0.1986
vn -0.7575 -0.4123 -0.5062
vn -0.6909 0.2124 -0.6910
vn -0.7071 -0.0000 -0.7071
vn -0.1297 0.9830 -0.1297
vn -0.1297 -0.9830 -0.1297
vn -0.6909 -0.2124 -0.6910
vn -0.2527 0.9339 -0.2527
vn -0.6442 -0.4123 -0.6443
vn -0.3701 0.8521 -0.3701
vn -0.5713 -0.5893 -0.5713
vn -0.4779 0.7369 -0.4780
vn -0.4779 -0.7369 -0.4780
vn -0.5713 0.5893 -0.5713
vn -0.3701 -0.8521 -0.3701
vn -0.6442 0.4123 -0.6443
vn -0.2527 -0.9339 -0.2527
vn -0.4488 -0.5893 -0.6718
vn -0.3755 -0.7369 -0.5621
vn -0.3755 0.7369 -0.5621
vn -0.4488 0.5893 -0.6718
vn -0.2908 -0.8521 -0.4352
vn -0.5061 0.4123 -0.7575
vn -0.1986 -0.9339 -0.2972
vn -0.5429 0.2124 -0.8125
vn -0.1019 -0.9830 -0.1525
vn -0.5555 -0.0000 -0.8315
vn -0.1019 0.9830 -0.1525
vn -0.5429 -0.2124 -0.8125
vn -0.1986 0.9339 -0.2972
vn -0.5061 -0.4123 -0.7575
vn -0.2908 0.8521 -0.4352
vn -0.0702 -0.9830 -0.1694
vn -0.3827 -0.0000 -0.9239
vn -0.3739 -0.2124 -0.9028
vn -0.0702 0.9830 -0.1694
vn -0.1368 0.9339 -0.3302
vn -0.3486 -0.4123 -0.8417
vn -0.2003 0.8521 -0.4836
vn -0.3092 -0.5893 -0.7464
vn -0.2587 0.7369 -0.6245
vn -0.2587 -0.7369 -0.6245
vn -0.3092 0.5893 -0.7464
vn -0.2003 -0.8521 -0.4836
vn -0.3486 0.4123 -0.8417
vn -0.1368 -0.9339 -0.3302
vn -0.3739 0.2124 -0.9028
vn -0.1319 -0.7369 -0.6630
vn -0.1021 -0.8521 -0.5134
vn -0.1576 0.5893 -0.7924
vn -0.1777 0.4122 -0.8936
vn -0.0697 -0.9339 -0.3506
vn -0.1906 0.2124 -0.9584
vn -0.0358 -0.9830 -0.1799
vn -0.1951 -0.0000 -0.9808
vn -0.0358 0.9830 -0.1799
vn -0.1906 -0.2124 -0.9584
vn -0.0697 0.9339 -0.3506
vn -0.1777 -0.4122 -0.8936
vn -0.1021 0.8521 -0.5134
vn -0.1576 -0.5893 -0.7924
vn -0.1319 0.7369 -0.6630
vt 0.750000 0.437500
vt 0.750000 0.500000
vt 0.718750 0.500000
vt 0.718750 0.437500
vt 0.750000 0.875000
vt 0.750000 0.937500
vt 0.718750 0.937500
vt 0.718750 0.875000
vt 0.750000 0.375000
vt 0.718750 0.375000
vt 0.750000 0.812500
vt 0.718750 0.812500
vt 0.750000 0.312500
vt 0.718750 0.312500
vt 0.750000 0.750000
vt 0.718750 0.750000
vt 0.750000 0.250000
vt 0.718750 0.250000
vt 0.750000 0.687500
vt 0.718750 0.687500
vt 0.750000 0.187500
vt 0.718750 0.187500
vt 0.750000 0.625000
vt 0.718750 0.625000
vt 0.750000 0.125000
vt 0.718750 0.125000
vt 0.750000 0.562500
vt 0.718750 0.562500
vt 0.750000 0.062500
vt 0.718750 0.062500
vt 0.734375 1.000000
vt 0.734375 0.000000
vt 0.687500 0.125000
vt 0.687500 0.062500
vt 0.687500 0.562500
vt 0.687500 0.500000
vt 0.703125 1.000000
vt 0.687500 0.937500
vt 0.703125 0.000000
vt 0.687500 0.437500
vt 0.687500 0.875000
vt 0.687500 0.375000
vt 0.687500 0.812500
vt 0.687500 0.312500
vt 0.687500 0.750000
vt 0.687500 0.250000
vt 0.687500 0.687500
vt 0.687500 0.187500
vt 0.687500 0.625000
vt 0.656250 0.312500
vt 0.656250 0.250000
vt 0.656250 0.750000
vt 0.656250 0.687500
vt 0.656250 0.187500
vt 0.656250 0.625000
vt 0.656250 0.125000
vt 0.656250 0.562500
vt 0.656250 0.062500
vt 0.656250 0.500000
vt 0.671875 1.000000
vt 0.656250 0.937500
vt 0.671875 0.000000
vt 0.656250 0.437500
vt 0.656250 0.875000
vt 0.656250 0.375000
vt 0.656250 0.812500
vt 0.640625 1.000000
vt 0.625000 0.937500
vt 0.640625 0.000000
vt 0.625000 0.062500
vt 0.625000 0.500000
vt 0.625000 0.437500
vt 0.625000 0.875000
vt 0.625000 0.375000
vt 0.625000 0.812500
vt 0.625000 0.312500
vt 0.625000 0.750000
vt 0.625000 0.250000
vt 0.625000 0.687500
vt 0.625000 0.187500
vt 0.625000 0.625000
vt 0.625000 0.125000
vt 0.625000 0.562500
vt 0.593750 0.750000
vt 0.593750 0.687500
vt 0.593750 0.250000
vt 0.593750 0.187500
vt 0.593750 0.625000
vt 0.593750 0.125000
vt 0.593750 0.562500
vt 0.593750 0.062500
vt 0.593750 0.500000
vt 0.609375 1.000000
vt 0.593750 0.937500
vt 0.609375 0.000000
vt 0.593750 0.437500
vt 0.593750 0.875000
vt 0.593750 0.375000
vt 0.593750 0.812500
vt 0.593750 0.312500
vt 0.562500 0.500000
vt 0.562500 0.437500
vt 0.562500 0.937500
vt 0.562500 0.875000
vt 0.562500 0.375000
vt 0.562500 0.812500
vt 0.562500 0.312500
vt 0.562500 0.750000
vt 0.562500 0.250000
vt 0.562500 0.687500
vt 0.562500 0.187500
vt 0.562500 0.625000
vt 0.562500 0.125000
vt 0.562500 0.562500
vt 0.562500 0.062500
vt 0.578125 1.000000
vt 0.578125 0.000000
vt 0.531250 0.250000
vt 0.531250 0.187500
vt 0.531250 0.687500
vt 0.531250 0.625000
vt 0.531250 0.125000
vt 0.531250 0.562500
vt 0.531250 0.062500
vt 0.531250 0.500000
vt 0.546875 1.000000
vt 0.531250 0.937500
vt 0.546875 0.000000
vt 0.531250 0.437500
vt 0.531250 0.875000
vt 0.531250 0.375000
vt 0.531250 0.812500
vt 0.531250 0.312500
vt 0.531250 0.750000
vt 0.500000 0.937500
vt 0.500000 0.875000
vt 0.500000 0.437500
vt 0.500000 0.375000
vt 0.500000 0.812500
vt 0.500000 0.312500
vt 0.500000 0.750000
vt 0.500000 0.250000
vt 0.500000 0.687500
vt 0.500000 0.187500
vt 0.500000 0.625000
vt 0.500000 0.125000
vt 0.500000 0.562500
vt 0.500000 0.062500
vt 0.500000 0.500000
vt 0.515625 1.000000
vt 0.515625 0.000000
vt 0.468750 0.687500
vt 0.468750 0.625000
vt 0.468750 0.187500
vt 0.468750 0.125000
vt 0.468750 0.562500
vt 0.468750 0.062500
vt 0.468750 0.500000
vt 0.484375 1.000000
vt 0.468750 0.937500
vt 0.484375 0.000000
vt 0.468750 0.437500
vt 0.468750 0.875000
vt 0.468750 0.375000
vt 0.468750 0.812500
vt 0.468750 0.312500
vt 0.468750 0.750000
vt 0.468750 0.250000
vt 0.437500 0.437500
vt 0.437500 0.375000
vt 0.437500 0.875000
vt 0.437500 0.812500
vt 0.437500 0.312500
vt 0.437500 0.750000
vt 0.437500 0.250000
vt 0.437500 0.687500
vt 0.437500 0.187500
vt 0.437500 0.625000
vt 0.437500 0.125000
vt 0.437500 0.562500
vt 0.437500 0.062500
vt 0.437500 0.500000
vt 0.453125 1.000000
vt 0.437500 0.937500
vt 0.453125 0.000000
vt 0.406250 0.187500
vt 0.406250 0.125000
vt 0.406250 0.625000
vt 0.406250 0.562500
vt 0.406250 0.062500
vt 0.406250 0.500000
vt 0.421875 1.000000
vt 0.406250 0.937500
vt 0.421875 0.000000
vt 0.406250 0.437500
vt 0.406250 0.875000
vt 0.406250 0.375000
vt 0.406250 0.812500
vt 0.406250 0.312500
vt 0.406250 0.750000
vt 0.406250 0.250000
vt 0.406250 0.687500
vt 0.375000 0.375000
vt 0.375000 0.312500
vt 0.375000 0.812500
vt 0.375000 0.750000
vt 0.375000 0.250000
vt 0.375000 0.687500
vt 0.375000 0.187500
vt 0.375000 0.625000
vt 0.375000 0.125000
vt 0.375000 0.562500
vt 0.375000 0.062500
vt 0.375000 0.500000
vt 0.390625 1.000000
vt 0.375000 0.937500
vt 0.390625 0.000000
vt 0.375000 0.437500
vt 0.375000 0.875000
vt 0.343750 0.125000
vt 0.343750 0.062500
vt 0.343750 0.562500
vt 0.343750 0.500000
vt 0.359375 1.000000
vt 0.343750 0.937500
vt 0.359375 0.000000
vt 0.343750 0.437500
vt 0.343750 0.875000
vt 0.343750 0.375000
vt 0.343750 0.812500
vt 0.343750 0.312500
vt 0.343750 0.750000
vt 0.343750 0.250000
vt 0.343750 0.687500
vt 0.343750 0.187500
vt 0.343750 0.625000
vt 0.312500 0.812500
vt 0.312500 0.750000
vt 0.312500 0.312500
vt 0.312500 0.250000
vt 0.312500 0.687500
vt 0.312500 0.187500
vt 0.312500 0.625000
vt 0.312500 0.125000
vt 0.312500 0.562500
vt 0.312500 0.062500
vt 0.312500 0.500000
vt 0.328125 1.000000
vt 0.312500 0.937500
vt 0.328125 0.000000
vt 0.312500 0.437500
vt 0.312500 0.875000
vt 0.312500 0.375000
vt 0.281250 0.562500
vt 0.281250 0.500000
vt 0.296875 1.000000
vt 0.281250 0.937500
vt 0.296875 0.000000
vt 0.281250 0.062500
vt 0.281250 0.437500
vt 0.281250 0.875000
vt 0.281250 0.375000
vt 0.281250 0.812500
vt 0.281250 0.312500
vt 0.281250 0.750000
vt 0.281250 0.250000
vt 0.281250 0.687500
vt 0.281250 0.187500
vt 0.281250 0.625000
vt 0.281250 0.125000
vt 0.250000 0.312500
vt 0.250000 0.250000
vt 0.250000 0.750000
vt 0.250000 0.687500
vt 0.250000 0.187500
vt 0.250000 0.625000
vt 0.250000 0.125000
vt 0.250000 0.562500
vt 0.250000 0.062500
vt 0.250000 0.500000
vt 0.265625 1.000000
vt 0.250000 0.937500
vt 0.265625 0.000000
vt 0.250000 0.437500
vt 0.250000 0.875000
vt 0.250000 0.375000
vt 0.250000 0.812500
vt 0.234375 1.000000
vt 0.218750 0.937500
vt 0.234375 0.000000
vt 0.218750 0.062500
vt 0.218750 0.500000
vt 0.218750 0.437500
vt 0.218750 0.875000
vt 0.218750 0.375000
vt 0.218750 0.812500
vt 0.218750 0.312500
vt 0.218750 0.750000
vt 0.218750 0.250000
vt 0.218750 0.687500
vt 0.218750 0.187500
vt 0.218750 0.625000
vt 0.218750 0.125000
vt 0.218750 0.562500
vt 0.187500 0.750000
vt 0.187500 0.687500
vt 0.187500 0.250000
vt 0.187500 0.187500
vt 0.187500 0.625000
vt 0.187500 0.125000
vt 0.187500 0.562500
vt 0.187500 0.062500
vt 0.187500 0.500000
vt 0.203125 1.000000
vt 0.187500 0.937500
vt 0.203125 0.000000
vt 0.187500 0.437500
vt 0.187500 0.875000
vt 0.187500 0.375000
vt 0.187500 0.812500
vt 0.187500 0.312500
vt 0.156250 0.500000
vt 0.156250 0.437500
vt 0.156250 0.937500
vt 0.156250 0.875000
vt 0.156250 0.375000
vt 0.156250 0.812500
vt 0.156250 0.312500
vt 0.156250 0.750000
vt 0.156250 0.250000
vt 0.156250 0.687500
vt 0.156250 0.187500
vt 0.156250 0.625000
vt 0.156250 0.125000
vt 0.156250 0.562500
vt 0.156250 0.062500
vt 0.171875 1.000000
vt 0.171875 0.000000
vt 0.125000 0.250000
vt 0.125000 0.187500
vt 0.125000 0.687500
vt 0.125000 0.625000
vt 0.125000 0.125000
vt 0.125000 0.562500
vt 0.125000 0.062500
vt 0.125000 0.500000
vt 0.140625 1.000000
vt 0.125000 0.937500
vt 0.140625 0.000000
vt 0.125000 0.437500
vt 0.125000 0.875000
vt 0.125000 0.375000
vt 0.125000 0.812500
vt 0.125000 0.312500
vt 0.125000 0.750000
vt 0.093750 0.437500
vt 0.093750 0.375000
vt 0.093750 0.875000
vt 0.093750 0.812500
vt 0.093750 0.312500
vt 0.093750 0.750000
vt 0.093750 0.250000
vt 0.093750 0.687500
vt 0.093750 0.187500
vt 0.093750 0.625000
vt 0.093750 0.125000
vt 0.093750 0.562500
vt 0.093750 0.062500
vt 0.093750 0.500000
vt 0.109375 1.000000
vt 0.093750 0.937500
vt 0.109375 0.000000
vt 0.062500 0.187500
vt 0.062500 0.125000
vt 0.062500 0.625000
vt 0.062500 0.562500
vt 0.062500 0.062500
vt 0.062500 0.500000
vt 0.078125 1.000000
vt 0.062500 0.937500
vt 0.078125 0.000000
vt 0.062500 0.437500
vt 0.062500 0.875000
vt 0.062500 0.375000
vt 0.062500 0.812500
vt 0.062500 0.312500
vt 0.062500 0.750000
vt 0.062500 0.250000
vt 0.062500 0.687500
vt 0.031250 0.875000
vt 0.031250 0.812500
vt 0.031250 0.375000
vt 0.031250 0.312500
vt 0.031250 0.750000
vt 0.031250 0.250000
vt 0.031250 0.687500
vt 0.031250 0.187500
vt 0.031250 0.625000
vt 0.031250 0.125000
vt 0.031250 0.562500
vt 0.031250 0.062500
vt 0.031250 0.500000
vt 0.046875 1.000000
vt 0.031250 0.937500
vt 0.046875 0.000000
vt 0.031250 0.437500
vt 0.000000 0.625000
vt 0.000000 0.562500
vt 0.000000 0.125000
vt 0.000000 0.062500
vt 0.000000 0.500000
vt 0.015625 1.000000
vt 0.000000 0.937500
vt 0.015625 0.000000
vt 0.000000 0.437500
vt 0.000000 0.875000
vt 0.000000 0.375000
vt 0.000000 0.812500
vt 0.000000 0.312500
vt 0.000000 0.750000
vt 0.000000 0.250000
vt 0.000000 0.687500
vt 0.000000 0.187500
vt 1.000000 0.312500
vt 1.000000 0.375000
vt 0.968750 0.375000
vt 0.968750 0.312500
vt 1.000000 0.750000
vt 1.000000 0.812500
vt 0.968750 0.812500
vt 0.968750 0.750000
vt 1.000000 0.250000
vt 0.968750 0.250000
vt 1.000000 0.687500
vt 0.968750 0.687500
vt 1.000000 0.187500
vt 0.968750 0.187500
vt 1.000000 0.625000
vt 0.968750 0.625000
vt 1.000000 0.125000
vt 0.968750 0.125000
vt 1.000000 0.562500
vt 0.968750 0.562500
vt 1.000000 0.062500
vt 0.968750 0.062500
vt 1.000000 0.500000
vt 0.968750 0.500000
vt 1.000000 0.937500
vt 0.984375 1.000000
vt 0.968750 0.937500
vt 0.984375 0.000000
vt 1.000000 0.437500
vt 0.968750 0.437500
vt 1.000000 0.875000
vt 0.968750 0.875000
vt 0.937500 0.125000
vt 0.937500 0.062500
vt 0.937500 0.562500
vt 0.937500 0.500000
vt 0.953125 1.000000
vt 0.937500 0.937500
vt 0.953125 0.000000
vt 0.937500 0.437500
vt 0.937500 0.875000
vt 0.937500 0.375000
vt 0.937500 0.812500
vt 0.937500 0.312500
vt 0.937500 0.750000
vt 0.937500 0.250000
vt 0.937500 0.687500
vt 0.937500 0.187500
vt 0.937500 0.625000
vt 0.906250 0.812500
vt 0.906250 0.750000
vt 0.906250 0.312500
vt 0.906250 0.250000
vt 0.906250 0.687500
vt 0.906250 0.187500
vt 0.906250 0.625000
vt 0.906250 0.125000
vt 0.906250 0.562500
vt 0.906250 0.062500
vt 0.906250 0.500000
vt 0.921875 1.000000
vt 0.906250 0.937500
vt 0.921875 0.000000
vt 0.906250 0.437500
vt 0.906250 0.875000
vt 0.906250 0.375000
vt 0.875000 0.562500
vt 0.875000 0.500000
vt 0.890625 1.000000
vt 0.875000 0.937500
vt 0.890625 0.000000
vt 0.875000 0.062500
vt 0.875000 0.437500
vt 0.875000 0.875000
vt 0.875000 0.375000
vt 0.875000 0.812500
vt 0.875000 0.312500
vt 0.875000 0.750000
vt 0.875000 0.250000
vt 0.875000 0.687500
vt 0.875000 0.187500
vt 0.875000 0.625000
vt 0.875000 0.125000
vt 0.843750 0.312500
vt 0.843750 0.250000
vt 0.843750 0.750000
vt 0.843750 0.687500
vt 0.843750 0.187500
vt 0.843750 0.625000
vt 0.843750 0.125000
vt 0.843750 0.562500
vt 0.843750 0.062500
vt 0.843750 0.500000
vt 0.859375 1.000000
vt 0.843750 0.937500
vt 0.859375 0.000000
vt 0.843750 0.437500
vt 0.843750 0.875000
vt 0.843750 0.375000
vt 0.843750 0.812500
vt 0.828125 0.000000
vt 0.812500 0.062500
vt 0.812500 0.500000
vt 0.812500 0.437500
vt 0.812500 0.937500
vt 0.812500 0.875000
vt 0.812500 0.375000
vt 0.812500 0.812500
vt 0.812500 0.312500
vt 0.812500 0.750000
vt 0.812500 0.250000
vt 0.812500 0.687500
vt 0.812500 0.187500
vt 0.812500 0.625000
vt 0.812500 0.125000
vt 0.812500 0.562500
vt 0.828125 1.000000
vt 0.781250 0.250000
vt 0.781250 0.187500
vt 0.781250 0.687500
vt 0.781250 0.625000
vt 0.781250 0.125000
vt 0.781250 0.562500
vt 0.781250 0.062500
vt 0.781250 0.500000
vt 0.796875 1.000000
vt 0.781250 0.937500
vt 0.796875 0.000000
vt 0.781250 0.437500
vt 0.781250 0.875000
vt 0.781250 0.375000
vt 0.781250 0.812500
vt 0.781250 0.312500
vt 0.781250 0.750000
vt 0.765625 1.000000
vt 0.765625 0.000000
s 1
usemtl Material.051
f 266/305/119 265/306/120 275/307/121 276/308/122
f 736/309/123 735/310/124 268/311/125 269/312/126
f 739/313/127 266/305/119 276/308/122 277/314/128
f 262/315/129 736/309/123 269/312/126 270/316/130
f 267/317/131 739/313/127 277/314/128 278/318/132
f 737/319/133 262/315/129 270/316/130 271/320/134
f 740/321/135 267/317/131 278/318/132 279/322/136
f 263/323/137 737/319/133 271/320/134 272/324/138
f 741/325/139 740/321/135 279/322/136 280/326/140
f 738/327/141 263/323/137 272/324/138 273/328/142
f 742/329/143 741/325/139 280/326/140 281/330/144
f 264/331/145 738/327/141 273/328/142 274/332/146
f 743/333/147 742/329/143 281/330/144 282/334/148
f 265/306/120 264/331/145 274/332/146 275/307/121
f 735/310/124 343/335/149 268/311/125
f 569/336/150 743/333/147 282/334/148
f 282/334/148 281/330/144 296/337/151 297/338/152
f 275/307/121 274/332/146 289/339/153 290/340/154
f 268/311/125 343/341/149 283/342/155
f 569/343/150 282/334/148 297/338/152
f 276/308/122 275/307/121 290/340/154 291/344/156
f 269/312/126 268/311/125 283/342/155 284/345/157
f 277/314/128 276/308/122 291/344/156 292/346/158
f 270/316/130 269/312/126 284/345/157 285/347/159
f 278/318/132 277/314/128 292/346/158 293/348/160
f 271/320/134 270/316/130 285/347/159 286/349/161
f 279/322/136 278/318/132 293/348/160 294/350/162
f 272/324/138 271/320/134 286/349/161 287/351/163
f 280/326/140 279/322/136 294/350/162 295/352/164
f 273/328/142 272/324/138 287/351/163 288/353/165
f 281/330/144 280/326/140 295/352/164 296/337/151
f 274/332/146 273/328/142 288/353/165 289/339/153
f 294/350/162 293/348/160 308/354/166 309/355/167
f 287/351/163 286/349/161 301/356/168 302/357/169
f 295/352/164 294/350/162 309/355/167 310/358/170
f 288/353/165 287/351/163 302/357/169 303/359/171
f 296/337/151 295/352/164 310/358/170 311/360/172
f 289/339/153 288/353/165 303/359/171 304/361/173
f 297/338/152 296/337/151 311/360/172 312/362/174
f 290/340/154 289/339/153 304/361/173 305/363/175
f 283/342/155 343/364/149 298/365/176
f 569/366/150 297/338/152 312/362/174
f 291/344/156 290/340/154 305/363/175 306/367/177
f 284/345/157 283/342/155 298/365/176 299/368/178
f 292/346/158 291/344/156 306/367/177 307/369/179
f 285/347/159 284/345/157 299/368/178 300/370/180
f 293/348/160 292/346/158 307/369/179 308/354/166
f 286/349/161 285/347/159 300/370/180 301/356/168
f 298/365/176 343/371/149 313/372/181
f 569/373/150 312/362/174 327/374/182
f 306/367/177 305/363/175 320/375/183 321/376/184
f 299/368/178 298/365/176 313/372/181 314/377/185
f 307/369/179 306/367/177 321/376/184 322/378/186
f 300/370/180 299/368/178 314/377/185 315/379/187
f 308/354/166 307/369/179 322/378/186 323/380/188
f 301/356/168 300/370/180 315/379/187 316/381/189
f 309/355/167 308/354/166 323/380/188 324/382/190
f 302/357/169 301/356/168 316/381/189 317/383/191
f 310/358/170 309/355/167 324/382/190 325/384/192
f 303/359/171 302/357/169 317/383/191 318/385/193
f 311/360/172 310/358/170 325/384/192 326/386/194
f 304/361/173 303/359/171 318/385/193 319/387/195
f 312/362/174 311/360/172 326/386/194 327/374/182
f 305/363/175 304/361/173 319/387/195 320/375/183
f 317/383/191 316/381/189 331/388/196 332/389/197
f 325/384/192 324/382/190 339/390/198 340/391/199
f 318/385/193 317/383/191 332/389/197 333/392/200
f 326/386/194 325/384/192 340/391/199 341/393/201
f 319/387/195 318/385/193 333/392/200 334/394/202
f 327/374/182 326/386/194 341/393/201 342/395/203
f 320/375/183 319/387/195 334/394/202 335/396/204
f 313/372/181 343/397/149 328/398/205
f 569/399/150 327/374/182 342/395/203
f 321/376/184 320/375/183 335/396/204 336/400/206
f 314/377/185 313/372/181 328/398/205 329/401/207
f 322/378/186 321/376/184 336/400/206 337/402/208
f 315/379/187 314/377/185 329/401/207 330/403/209
f 323/380/188 322/378/186 337/402/208 338/404/210
f 316/381/189 315/379/187 330/403/209 331/388/196
f 324/382/190 323/380/188 338/404/210 339/390/198
f 336/400/206 335/396/204 351/405/211 352/406/212
f 329/401/207 328/398/205 344/407/213 345/408/214
f 337/402/208 336/400/206 352/406/212 353/409/215
f 330/403/209 329/401/207 345/408/214 346/410/216
f 338/404/210 337/402/208 353/409/215 354/411/217
f 331/388/196 330/403/209 346/410/216 347/412/218
f 339/390/198 338/404/210 354/411/217 355/413/219
f 332/389/197 331/388/196 347/412/218 348/414/220
f 340/391/199 339/390/198 355/413/219 356/415/221
f 333/392/200 332/389/197 348/414/220 349/416/222
f 341/393/201 340/391/199 356/415/221 357/417/223
f 334/394/202 333/392/200 349/416/222 350/418/224
f 342/395/203 341/393/201 357/417/223 358/419/225
f 335/396/204 334/394/202 350/418/224 351/405/211
f 328/398/205 343/420/149 344/407/213
f 569/421/150 342/395/203 358/419/225
f 356/415/221 355/413/219 370/422/226 371/423/227
f 349/416/222 348/414/220 363/424/228 364/425/229
f 357/417/223 356/415/221 371/423/227 372/426/230
f 350/418/224 349/416/222 364/425/229 365/427/231
f 358/419/225 357/417/223 372/426/230 373/428/232
f 351/405/211 350/418/224 365/427/231 366/429/233
f 344/407/213 343/430/149 359/431/234
f 569/432/150 358/419/225 373/428/232
f 352/406/212 351/405/211 366/429/233 367/433/235
f 345/408/214 344/407/213 359/431/234 360/434/236
f 353/409/215 352/406/212 367/433/235 368/435/237
f 346/410/216 345/408/214 360/434/236 361/436/238
f 354/411/217 353/409/215 368/435/237 369/437/239
f 347/412/218 346/410/216 361/436/238 362/438/240
f 355/413/219 354/411/217 369/437/239 370/422/226
f 348/414/220 347/412/218 362/438/240 363/424/228
f 360/434/236 359/431/234 374/439/241 375/440/242
f 368/435/237 367/433/235 382/441/243 383/442/244
f 361/436/238 360/434/236 375/440/242 376/443/245
f 369/437/239 368/435/237 383/442/244 384/444/246
f 362/438/240 361/436/238 376/443/245 377/445/247
f 370/422/226 369/437/239 384/444/246 385/446/248
f 363/424/228 362/438/240 377/445/247 378/447/249
f 371/423/227 370/422/226 385/446/248 386/448/250
f 364/425/229 363/424/228 378/447/249 379/449/251
f 372/426/230 371/423/227 386/448/250 387/450/252
f 365/427/231 364/425/229 379/449/251 380/451/253
f 373/428/232 372/426/230 387/450/252 388/452/254
f 366/429/233 365/427/231 380/451/253 381/453/255
f 359/431/234 343/454/149 374/439/241
f 569/455/150 373/428/232 388/452/254
f 367/433/235 366/429/233 381/453/255 382/441/243
f 379/449/251 378/447/249 393/456/256 394/457/257
f 387/450/252 386/448/250 401/458/258 402/459/259
f 380/451/253 379/449/251 394/457/257 395/460/260
f 388/452/254 387/450/252 402/459/259 403/461/261
f 381/453/255 380/451/253 395/460/260 396/462/262
f 374/439/241 343/463/149 389/464/263
f 569/465/150 388/452/254 403/461/261
f 382/441/243 381/453/255 396/462/262 397/466/264
f 375/440/242 374/439/241 389/464/263 390/467/265
f 383/442/244 382/441/243 397/466/264 398/468/266
f 376/443/245 375/440/242 390/467/265 391/469/267
f 384/444/246 383/442/244 398/468/266 399/470/268
f 377/445/247 376/443/245 391/469/267 392/471/269
f 385/446/248 384/444/246 399/470/268 400/472/270
f 378/447/249 377/445/247 392/471/269 393/456/256
f 386/448/250 385/446/248 400/472/270 401/458/258
f 398/468/266 397/466/264 412/473/271 413/474/272
f 391/469/267 390/467/265 405/475/273 406/476/274
f 399/470/268 398/468/266 413/474/272 414/477/275
f 392/471/269 391/469/267 406/476/274 407/478/276
f 400/472/270 399/470/268 414/477/275 415/479/277
f 393/456/256 392/471/269 407/478/276 408/480/278
f 401/458/258 400/472/270 415/479/277 416/481/279
f 394/457/257 393/456/256 408/480/278 409/482/280
f 402/459/259 401/458/258 416/481/279 417/483/281
f 395/460/260 394/457/257 409/482/280 410/484/282
f 403/461/261 402/459/259 417/483/281 418/485/283
f 396/462/262 395/460/260 410/484/282 411/486/284
f 389/464/263 343/487/149 404/488/285
f 569/489/150 403/461/261 418/485/283
f 397/466/264 396/462/262 411/486/284 412/473/271
f 390/467/265 389/464/263 404/488/285 405/475/273
f 417/483/281 416/481/279 431/490/286 432/491/287
f 410/484/282 409/482/280 424/492/288 425/493/289
f 418/485/283 417/483/281 432/491/287 433/494/290
f 411/486/284 410/484/282 425/493/289 426/495/291
f 404/488/285 343/496/149 419/497/292
f 569/498/150 418/485/283 433/494/290
f 412/473/271 411/486/284 426/495/291 427/499/293
f 405/475/273 404/488/285 419/497/292 420/500/294
f 413/474/272 412/473/271 427/499/293 428/501/295
f 406/476/274 405/475/273 420/500/294 421/502/296
f 414/477/275 413/474/272 428/501/295 429/503/297
f 407/478/276 406/476/274 421/502/296 422/504/298
f 415/479/277 414/477/275 429/503/297 430/505/299
f 408/480/278 407/478/276 422/504/298 423/506/300
f 416/481/279 415/479/277 430/505/299 431/490/286
f 409/482/280 408/480/278 423/506/300 424/492/288
f 429/503/297 428/501/295 443/507/301 444/508/302
f 422/504/298 421/502/296 436/509/303 437/510/304
f 430/505/299 429/503/297 444/508/302 445/511/305
f 423/506/300 422/504/298 437/510/304 438/512/306
f 431/490/286 430/505/299 445/511/305 446/513/307
f 424/492/288 423/506/300 438/512/306 439/514/308
f 432/491/287 431/490/286 446/513/307 447/515/309
f 425/493/289 424/492/288 439/514/308 440/516/310
f 433/494/290 432/491/287 447/515/309 448/517/311
f 426/495/291 425/493/289 440/516/310 441/518/312
f 419/497/292 343/519/149 434/520/313
f 569/521/150 433/494/290 448/517/311
f 427/499/293 426/495/291 441/518/312 442/522/314
f 420/500/294 419/497/292 434/520/313 435/523/315
f 428/501/295 427/499/293 442/522/314 443/507/301
f 421/502/296 420/500/294 435/523/315 436/509/303
f 448/517/311 447/515/309 462/524/316 463/525/317
f 441/518/312 440/516/310 455/526/318 456/527/319
f 434/520/313 343/528/149 449/529/320
f 569/530/150 448/517/311 463/525/317
f 442/522/314 441/518/312 456/527/319 457/531/321
f 435/523/315 434/520/313 449/529/320 450/532/322
f 443/507/301 442/522/314 457/531/321 458/533/323
f 436/509/303 435/523/315 450/532/322 451/534/324
f 444/508/302 443/507/301 458/533/323 459/535/325
f 437/510/304 436/509/303 451/534/324 452/536/326
f 445/511/305 444/508/302 459/535/325 460/537/327
f 438/512/306 437/510/304 452/536/326 453/538/328
f 446/513/307 445/511/305 460/537/327 461/539/329
f 439/514/308 438/512/306 453/538/328 454/540/330
f 447/515/309 446/513/307 461/539/329 462/524/316
f 440/516/310 439/514/308 454/540/330 455/526/318
f 452/536/326 451/534/324 466/541/331 467/542/332
f 460/537/327 459/535/325 474/543/333 475/544/334
f 453/538/328 452/536/326 467/542/332 468/545/335
f 461/539/329 460/537/327 475/544/334 476/546/336
f 454/540/330 453/538/328 468/545/335 469/547/337
f 462/524/316 461/539/329 476/546/336 477/548/338
f 455/526/318 454/540/330 469/547/337 470/549/339
f 463/525/317 462/524/316 477/548/338 478/550/340
f 456/527/319 455/526/318 470/549/339 471/551/341
f 449/529/320 343/552/149 464/553/342
f 569/554/150 463/525/317 478/550/340
f 457/531/321 456/527/319 471/551/341 472/555/343
f 450/532/322 449/529/320 464/553/342 465/556/344
f 458/533/323 457/531/321 472/555/343 473/557/345
f 451/534/324 450/532/322 465/556/344 466/541/331
f 459/535/325 458/533/323 473/557/345 474/543/333
f 471/551/341 470/549/339 485/558/346 486/559/347
f 464/553/342 343/560/149 479/561/348
f 569/562/150 478/550/340 493/563/349
f 472/555/343 471/551/341 486/559/347 487/564/350
f 465/556/344 464/553/342 479/561/348 480/565/351
f 473/557/345 472/555/343 487/564/350 488/566/352
f 466/541/331 465/556/344 480/565/351 481/567/353
f 474/543/333 473/557/345 488/566/352 489/568/354
f 467/542/332 466/541/331 481/567/353 482/569/355
f 475/544/334 474/543/333 489/568/354 490/570/356
f 468/545/335 467/542/332 482/569/355 483/571/357
f 476/546/336 475/544/334 490/570/356 491/572/358
f 469/547/337 468/545/335 483/571/357 484/573/359
f 477/548/338 476/546/336 491/572/358 492/574/360
f 470/549/339 469/547/337 484/573/359 485/558/346
f 478/550/340 477/548/338 492/574/360 493/563/349
f 490/570/356 489/568/354 504/575/361 505/576/362
f 483/571/357 482/569/355 497/577/363 498/578/364
f 491/572/358 490/570/356 505/576/362 506/579/365
f 484/573/359 483/571/357 498/578/364 499/580/366
f 492/574/360 491/572/358 506/579/365 507/581/367
f 485/558/346 484/573/359 499/580/366 500/582/368
f 493/563/349 492/574/360 507/581/367 508/583/369
f 486/559/347 485/558/346 500/582/368 501/584/370
f 479/561/348 343/585/149 494/586/371
f 569/587/150 493/563/349 508/583/369
f 487/564/350 486/559/347 501/584/370 502/588/372
f 480/565/351 479/561/348 494/586/371 495/589/373
f 488/566/352 487/564/350 502/588/372 503/590/374
f 481/567/353 480/565/351 495/589/373 496/591/375
f 489/568/354 488/566/352 503/590/374 504/575/361
f 482/569/355 481/567/353 496/591/375 497/577/363
f 494/586/371 343/592/149 509/593/376
f 569/594/150 508/583/369 523/595/377
f 502/588/372 501/584/370 516/596/378 517/597/379
f 495/589/373 494/586/371 509/593/376 510/598/380
f 503/590/374 502/588/372 517/597/379 518/599/381
f 496/591/375 495/589/373 510/598/380 511/600/382
f 504/575/361 503/590/374 518/599/381 519/601/383
f 497/577/363 496/591/375 511/600/382 512/602/384
f 505/576/362 504/575/361 519/601/383 520/603/385
f 498/578/364 497/577/363 512/602/384 513/604/386
f 506/579/365 505/576/362 520/603/385 521/605/387
f 499/580/366 498/578/364 513/604/386 514/606/388
f 507/581/367 506/579/365 521/605/387 522/607/389
f 500/582/368 499/580/366 514/606/388 515/608/390
f 508/583/369 507/581/367 522/607/389 523/595/377
f 501/584/370 500/582/368 515/608/390 516/596/378
f 513/604/386 512/602/384 527/609/391 528/610/392
f 521/605/387 520/603/385 535/611/393 536/612/394
f 514/606/388 513/604/386 528/610/392 529/613/395
f 522/607/389 521/605/387 536/612/394 537/614/396
f 515/608/390 514/606/388 529/613/395 530/615/397
f 523/595/377 522/607/389 537/614/396 538/616/398
f 516/596/378 515/608/390 530/615/397 531/617/399
f 509/593/376 343/618/149 524/619/400
f 569/620/150 523/595/377 538/616/398
f 517/597/379 516/596/378 531/617/399 532/621/401
f 510/598/380 509/593/376 524/619/400 525/622/402
f 518/599/381 517/597/379 532/621/401 533/623/403
f 511/600/382 510/598/380 525/622/402 526/624/404
f 519/601/383 518/599/381 533/623/403 534/625/405
f 512/602/384 511/600/382 526/624/404 527/609/391
f 520/603/385 519/601/383 534/625/405 535/611/393
f 532/621/401 531/617/399 546/626/406 547/627/407
f 525/622/402 524/619/400 539/628/408 540/629/409
f 533/623/403 532/621/401 547/627/407 548/630/410
f 526/624/404 525/622/402 540/629/409 541/631/411
f 534/625/405 533/623/403 548/630/410 549/632/412
f 527/609/391 526/624/404 541/631/411 542/633/413
f 535/611/393 534/625/405 549/632/412 550/634/414
f 528/610/392 527/609/391 542/633/413 543/635/415
f 536/612/394 535/611/393 550/634/414 551/636/416
f 529/613/395 528/610/392 543/635/415 544/637/417
f 537/614/396 536/612/394 551/636/416 552/638/418
f 530/615/397 529/613/395 544/637/417 545/639/419
f 538/616/398 537/614/396 552/638/418 553/640/420
f 531/617/399 530/615/397 545/639/419 546/626/406
f 524/619/400 343/641/149 539/628/408
f 569/642/150 538/616/398 553/640/420
f 551/636/416 550/634/414 565/643/421 566/644/422
f 544/637/417 543/635/415 558/645/423 559/646/424
f 552/638/418 551/636/416 566/644/422 567/647/425
f 545/639/419 544/637/417 559/646/424 560/648/426
f 553/640/420 552/638/418 567/647/425 568/649/427
f 546/626/406 545/639/419 560/648/426 561/650/428
f 539/628/408 343/651/149 554/652/429
f 569/653/150 553/640/420 568/649/427
f 547/627/407 546/626/406 561/650/428 562/654/430
f 540/629/409 539/628/408 554/652/429 555/655/431
f 548/630/410 547/627/407 562/654/430 563/656/432
f 541/631/411 540/629/409 555/655/431 556/657/433
f 549/632/412 548/630/410 563/656/432 564/658/434
f 542/633/413 541/631/411 556/657/433 557/659/435
f 550/634/414 549/632/412 564/658/434 565/643/421
f 543/635/415 542/633/413 557/659/435 558/645/423
f 563/656/432 562/654/430 578/660/436 579/661/437
f 556/657/433 555/655/431 571/662/438 572/663/439
f 564/658/434 563/656/432 579/661/437 580/664/440
f 557/659/435 556/657/433 572/663/439 573/665/441
f 565/643/421 564/658/434 580/664/440 581/666/442
f 558/645/423 557/659/435 573/665/441 574/667/443
f 566/644/422 565/643/421 581/666/442 582/668/444
f 559/646/424 558/645/423 574/667/443 575/669/445
f 567/647/425 566/644/422 582/668/444 583/670/446
f 560/648/426 559/646/424 575/669/445 576/671/447
f 568/649/427 567/647/425 583/670/446 584/672/448
f 561/650/428 560/648/426 576/671/447 577/673/449
f 554/652/429 343/674/149 570/675/450
f 569/676/150 568/649/427 584/672/448
f 562/654/430 561/650/428 577/673/449 578/660/436
f 555/655/431 554/652/429 570/675/450 571/662/438
f 583/670/446 582/668/444 597/677/451 598/678/452
f 576/671/447 575/669/445 590/679/453 591/680/454
f 584/672/448 583/670/446 598/678/452 599/681/455
f 577/673/449 576/671/447 591/680/454 592/682/456
f 570/675/450 343/683/149 585/684/457
f 569/685/150 584/672/448 599/681/455
f 578/660/436 577/673/449 592/682/456 593/686/458
f 571/662/438 570/675/450 585/684/457 586/687/459
f 579/661/437 578/660/436 593/686/458 594/688/460
f 572/663/439 571/662/438 586/687/459 587/689/461
f 580/664/440 579/661/437 594/688/460 595/690/462
f 573/665/441 572/663/439 587/689/461 588/691/463
f 581/666/442 580/664/440 595/690/462 596/692/464
f 574/667/443 573/665/441 588/691/463 589/693/465
f 582/668/444 581/666/442 596/692/464 597/677/451
f 575/669/445 574/667/443 589/693/465 590/679/453
f 587/689/461 586/687/459 601/694/466 602/695/467
f 595/690/462 594/688/460 609/696/468 610/697/469
f 588/691/463 587/689/461 602/695/467 603/698/470
f 596/692/464 595/690/462 610/697/469 611/699/471
f 589/693/465 588/691/463 603/698/470 604/700/472
f 597/677/451 596/692/464 611/699/471 612/701/473
f 590/679/453 589/693/465 604/700/472 605/702/474
f 598/678/452 597/677/451 612/701/473 613/703/475
f 591/680/454 590/679/453 605/702/474 606/704/476
f 599/681/455 598/678/452 613/703/475 614/705/477
f 592/682/456 591/680/454 606/704/476 607/706/478
f 585/684/457 343/707/149 600/708/479
f 569/709/150 599/681/455 614/705/477
f 593/686/458 592/682/456 607/706/478 608/710/480
f 586/687/459 585/684/457 600/708/479 601/694/466
f 594/688/460 593/686/458 608/710/480 609/696/468
f 606/704/476 605/702/474 620/711/481 621/712/482
f 614/705/477 613/703/475 628/713/483 629/714/484
f 607/706/478 606/704/476 621/712/482 622/715/485
f 600/708/479 343/716/149 615/717/486
f 569/718/150 614/705/477 629/714/484
f 608/710/480 607/706/478 622/715/485 623/719/487
f 601/694/466 600/708/479 615/717/486 616/720/488
f 609/696/468 608/710/480 623/719/487 624/721/489
f 602/695/467 601/694/466 616/720/488 617/722/490
f 610/697/469 609/696/468 624/721/489 625/723/491
f 603/698/470 602/695/467 617/722/490 618/724/492
f 611/699/471 610/697/469 625/723/491 626/725/493
f 604/700/472 603/698/470 618/724/492 619/726/494
f 612/701/473 611/699/471 626/725/493 627/727/495
f 605/702/474 604/700/472 619/726/494 620/711/481
f 613/703/475 612/701/473 627/727/495 628/713/483
f 625/728/491 624/729/489 639/730/496 640/731/497
f 618/732/492 617/733/490 632/734/498 633/735/499
f 626/736/493 625/728/491 640/731/497 641/737/500
f 619/738/494 618/732/492 633/735/499 634/739/501
f 627/740/495 626/736/493 641/737/500 642/741/502
f 620/742/481 619/738/494 634/739/501 635/743/503
f 628/744/483 627/740/495 642/741/502 643/745/504
f 621/746/482 620/742/481 635/743/503 636/747/505
f 629/748/484 628/744/483 643/745/504 644/749/506
f 622/750/485 621/746/482 636/747/505 637/751/507
f 615/752/486 343/753/149 630/754/508
f 569/755/150 629/748/484 644/749/506
f 623/756/487 622/750/485 637/751/507 638/757/509
f 616/758/488 615/752/486 630/754/508 631/759/510
f 624/729/489 623/756/487 638/757/509 639/730/496
f 617/733/490 616/758/488 631/759/510 632/734/498
f 644/749/506 643/745/504 658/760/511 659/761/512
f 637/751/507 636/747/505 651/762/513 652/763/514
f 630/754/508 343/764/149 645/765/515
f 569/766/150 644/749/506 659/761/512
f 638/757/509 637/751/507 652/763/514 653/767/516
f 631/759/510 630/754/508 645/765/515 646/768/517
f 639/730/496 638/757/509 653/767/516 654/769/518
f 632/734/498 631/759/510 646/768/517 647/770/519
f 640/731/497 639/730/496 654/769/518 655/771/520
f 633/735/499 632/734/498 647/770/519 648/772/521
f 641/737/500 640/731/497 655/771/520 656/773/522
f 634/739/501 633/735/499 648/772/521 649/774/523
f 642/741/502 641/737/500 656/773/522 657/775/524
f 635/743/503 634/739/501 649/774/523 650/776/525
f 643/745/504 642/741/502 657/775/524 658/760/511
f 636/747/505 635/743/503 650/776/525 651/762/513
f 648/772/521 647/770/519 662/777/526 663/778/527
f 656/773/522 655/771/520 670/779/528 671/780/529
f 649/774/523 648/772/521 663/778/527 664/781/530
f 657/775/524 656/773/522 671/780/529 672/782/531
f 650/776/525 649/774/523 664/781/530 665/783/532
f 658/760/511 657/775/524 672/782/531 673/784/533
f 651/762/513 650/776/525 665/783/532 666/785/534
f 659/761/512 658/760/511 673/784/533 674/786/535
f 652/763/514 651/762/513 666/785/534 667/787/536
f 645/765/515 343/788/149 660/789/537
f 569/790/150 659/761/512 674/786/535
f 653/767/516 652/763/514 667/787/536 668/791/538
f 646/768/517 645/765/515 660/789/537 661/792/539
f 654/769/518 653/767/516 668/791/538 669/793/540
f 647/770/519 646/768/517 661/792/539 662/777/526
f 655/771/520 654/769/518 669/793/540 670/779/528
f 667/787/536 666/785/534 681/794/541 682/795/542
f 660/789/537 343/796/149 675/797/543
f 569/798/150 674/786/535 689/799/544
f 668/791/538 667/787/536 682/795/542 683/800/545
f 661/792/539 660/789/537 675/797/543 676/801/546
f 669/793/540 668/791/538 683/800/545 684/802/547
f 662/777/526 661/792/539 676/801/546 677/803/548
f 670/779/528 669/793/540 684/802/547 685/804/549
f 663/778/527 662/777/526 677/803/548 678/805/550
f 671/780/529 670/779/528 685/804/549 686/806/551
f 664/781/530 663/778/527 678/805/550 679/807/552
f 672/782/531 671/780/529 686/806/551 687/808/553
f 665/783/532 664/781/530 679/807/552 680/809/554
f 673/784/533 672/782/531 687/808/553 688/810/555
f 666/785/534 665/783/532 680/809/554 681/794/541
f 674/786/535 673/784/533 688/810/555 689/799/544
f 686/806/551 685/804/549 700/811/556 701/812/557
f 679/807/552 678/805/550 693/813/558 694/814/559
f 687/808/553 686/806/551 701/812/557 702/815/560
f 680/809/554 679/807/552 694/814/559 695/816/561
f 688/810/555 687/808/553 702/815/560 703/817/562
f 681/794/541 680/809/554 695/816/561 696/818/563
f 689/799/544 688/810/555 703/817/562 704/819/564
f 682/795/542 681/794/541 696/818/563 697/820/565
f 675/797/543 343/821/149 690/822/566
f 569/823/150 689/799/544 704/819/564
f 683/800/545 682/795/542 697/820/565 698/824/567
f 676/801/546 675/797/543 690/822/566 691/825/568
f 684/802/547 683/800/545 698/824/567 699/826/569
f 677/803/548 676/801/546 691/825/568 692/827/570
f 685/804/549 684/802/547 699/826/569 700/811/556
f 678/805/550 677/803/548 692/827/570 693/813/558
f 569/828/150 704/819/564 719/829/571
f 698/824/567 697/820/565 712/830/572 713/831/573
f 691/825/568 690/822/566 705/832/574 706/833/575
f 699/826/569 698/824/567 713/831/573 714/834/576
f 692/827/570 691/825/568 706/833/575 707/835/577
f 700/811/556 699/826/569 714/834/576 715/836/578
f 693/813/558 692/827/570 707/835/577 708/837/579
f 701/812/557 700/811/556 715/836/578 716/838/580
f 694/814/559 693/813/558 708/837/579 709/839/581
f 702/815/560 701/812/557 716/838/580 717/840/582
f 695/816/561 694/814/559 709/839/581 710/841/583
f 703/817/562 702/815/560 717/840/582 718/842/584
f 696/818/563 695/816/561 710/841/583 711/843/585
f 704/819/564 703/817/562 718/842/584 719/829/571
f 697/820/565 696/818/563 711/843/585 712/830/572
f 690/822/566 343/844/149 705/832/574
f 717/840/582 716/838/580 731/845/586 732/846/587
f 710/841/583 709/839/581 724/847/588 725/848/589
f 718/842/584 717/840/582 732/846/587 733/849/590
f 711/843/585 710/841/583 725/848/589 726/850/591
f 719/829/571 718/842/584 733/849/590 734/851/592
f 712/830/572 711/843/585 726/850/591 727/852/593
f 705/832/574 343/853/149 720/854/594
f 569/855/150 719/829/571 734/851/592
f 713/831/573 712/830/572 727/852/593 728/856/595
f 706/833/575 705/832/574 720/854/594 721/857/596
f 714/834/576 713/831/573 728/856/595 729/858/597
f 707/835/577 706/833/575 721/857/596 722/859/598
f 715/836/578 714/834/576 729/858/597 730/860/599
f 708/837/579 707/835/577 722/859/598 723/861/600
f 716/838/580 715/836/578 730/860/599 731/845/586
f 709/839/581 708/837/579 723/861/600 724/847/588
f 721/857/596 720/854/594 735/310/124 736/309/123
f 729/858/597 728/856/595 266/305/119 739/313/127
f 722/859/598 721/857/596 736/309/123 262/315/129
f 730/860/599 729/858/597 739/313/127 267/317/131
f 723/861/600 722/859/598 262/315/129 737/319/133
f 731/845/586 730/860/599 267/317/131 740/321/135
f 724/847/588 723/861/600 737/319/133 263/323/137
f 732/846/587 731/845/586 740/321/135 741/325/139
f 725/848/589 724/847/588 263/323/137 738/327/141
f 733/849/590 732/846/587 741/325/139 742/329/143
f 726/850/591 725/848/589 738/327/141 264/331/145
f 734/851/592 733/849/590 742/329/143 743/333/147
f 727/852/593 726/850/591 264/331/145 265/306/120
f 720/854/594 343/862/149 735/310/124
f 569/863/150 734/851/592 743/333/147
f 728/856/595 727/852/593 265/306/120 266/305/119
o Plane.002
v -0.346242 3.523605 1.527154
v -0.344518 4.118721 1.548098
v -0.094776 3.523605 1.506450
v -0.093052 4.118721 1.527394
vn -0.0820 0.0353 -0.9960
vt 0.000000 0.000000
vt 1.000000 0.000000
vt 1.000000 1.000000
vt 0.000000 1.000000
s 0
usemtl Material.050
f 744/864/601 745/865/601 747/866/601 746/867/601
o Plane.004
v 0.107129 3.523608 1.587642
v 0.108854 4.118723 1.608586
v 0.358595 3.523608 1.566938
v 0.360319 4.118723 1.587882
vn -0.0820 0.0353 -0.9960
vt 0.000000 0.000000
vt 1.000000 0.000000
vt 1.000000 1.000000
vt 0.000000 1.000000
s 0
usemtl Material.049
f 748/868/602 749/869/602 751/870/602 750/871/602
o Plane.005
v 0.110035 4.353203 1.735182
v 0.111760 4.932865 1.871539
v 0.361501 4.357232 1.714874
v 0.363226 4.936894 1.851230
vn -0.0820 0.2284 -0.9701
vt 0.000000 0.000000
vt 1.000000 0.000000
vt 1.000000 1.000000
vt 0.000000 1.000000
s 0
usemtl Material.047
f 752/872/603 753/873/603 755/874/603 754/875/603
o Plane.006
v -0.314087 4.347478 1.692736
v -0.312363 4.927140 1.829092
v -0.062621 4.351507 1.672427
v -0.060897 4.931169 1.808784
vn -0.0820 0.2284 -0.9701
vt 0.000000 0.000000
vt 1.000000 0.000000
vt 1.000000 1.000000
vt 0.000000 1.000000
s 0
usemtl Material.048
f 756/876/604 757/877/604 759/878/604 758/879/604
o Plane.007
v 0.116057 5.150284 2.084280
v 0.115562 5.657116 2.396890
v 0.367522 5.161342 2.066751
v 0.367026 5.668174 2.379360
vn -0.0821 0.5231 -0.8483
vt 0.000000 0.000000
vt 1.000000 0.000000
vt 1.000000 1.000000
vt 0.000000 1.000000
s 0
usemtl Material.045
f 760/880/605 761/881/605 763/882/605 762/883/605
o Plane.008
v -0.308173 5.143182 2.056988
v -0.308669 5.650014 2.369597
v -0.056709 5.154240 2.039458
v -0.057204 5.661072 2.352068
vn -0.0821 0.5231 -0.8483
vt 0.000000 0.000000
vt 1.000000 0.000000
vt 1.000000 1.000000
vt 0.000000 1.000000
s 0
usemtl Material.046
f 764/884/606 765/885/606 767/886/606 766/887/606
o Plane.009
v 3.775041 3.696341 5.062529
v 3.667245 4.281954 5.068997
v 3.851843 3.707827 5.302598
v 3.744047 4.293439 5.309066
vn 0.9352 0.1755 -0.3076
vt 0.000000 0.000000
vt 1.000000 0.000000
vt 1.000000 1.000000
vt 0.000000 1.000000
s 0
usemtl Material.040
f 768/888/607 769/889/607 771/890/607 770/891/607
o Plane.010
v 3.819330 3.702967 5.517720
v 3.711535 4.288580 5.524188
v 3.896132 3.714453 5.757790
v 3.788337 4.300066 5.764257
vn 0.9352 0.1755 -0.3076
vt 0.000000 0.000000
vt 1.000000 0.000000
vt 1.000000 1.000000
vt 0.000000 1.000000
s 0
usemtl Material.039
f 772/892/608 773/893/608 775/894/608 774/895/608
o Plane.011
v 3.557317 4.508927 5.568292
v 3.324174 5.056837 5.574759
v 3.629754 4.536916 5.808361
v 3.396610 5.084826 5.814829
vn 0.8742 0.3756 -0.3076
vt 0.000000 0.000000
vt 1.000000 0.000000
vt 1.000000 1.000000
vt 0.000000 1.000000
s 0
usemtl Material.041
f 776/896/609 777/897/609 779/898/609 778/899/609
o Plane.012
v 3.500820 4.518810 5.144169
v 3.267676 5.066720 5.150637
v 3.573256 4.546799 5.384238
v 3.340113 5.094709 5.390706
vn 0.8742 0.3756 -0.3076
vt 0.000000 0.000000
vt 1.000000 0.000000
vt 1.000000 1.000000
vt 0.000000 1.000000
s 0
usemtl Material.042
f 780/900/610 781/901/610 783/902/610 782/903/610
o Plane.013
v 3.108955 5.276912 5.617419
v 2.750044 5.752038 5.623887
v 3.172456 5.321612 5.857488
v 2.813545 5.796739 5.863956
vn 0.7572 0.5762 -0.3076
vt 0.000000 0.000000
vt 1.000000 0.000000
vt 1.000000 1.000000
vt 0.000000 1.000000
s 0
usemtl Material.043
f 784/904/611 785/905/611 787/906/611 786/907/611
o Plane.014
v 3.051745 5.272816 5.193295
v 2.692834 5.747942 5.199763
v 3.115246 5.317516 5.433365
v 2.756335 5.792643 5.439833
vn 0.7572 0.5762 -0.3076
vt 0.000000 0.000000
vt 1.000000 0.000000
vt 1.000000 1.000000
vt 0.000000 1.000000
s 0
usemtl Material.044
f 788/908/612 789/909/612 791/910/612 790/911/612
o Plane.015
v -3.832244 3.758084 5.505831
v -3.774305 4.350744 5.506573
v -3.823361 3.757530 5.253672
v -3.765422 4.350191 5.254413
vn -0.9946 0.0973 -0.0353
vt 0.000000 0.000000
vt 1.000000 0.000000
vt 1.000000 1.000000
vt 0.000000 1.000000
s 0
usemtl Material.032
f 792/912/613 793/913/613 795/914/613 794/915/613
o Plane.016
v -3.777591 3.751053 5.062669
v -3.719652 4.343713 5.063411
v -3.768708 3.750500 4.810510
v -3.710768 4.343161 4.811251
vn -0.9946 0.0973 -0.0353
vt 0.000000 0.000000
vt 1.000000 0.000000
vt 1.000000 1.000000
vt 0.000000 1.000000
s 0
usemtl Material.031
f 796/916/614 797/917/614 799/918/614 798/919/614
o Plane.017
v -3.687263 4.542284 5.084246
v -3.394814 5.061010 5.084987
v -3.679360 4.538189 4.832086
v -3.386911 5.056915 4.832828
vn -0.8705 0.4908 -0.0353
vt 0.000000 0.000000
vt 1.000000 0.000000
vt 1.000000 1.000000
vt 0.000000 1.000000
s 0
usemtl Material.029
f 800/920/615 801/921/615 803/922/615 802/923/615
o Plane.018
v -3.709436 4.569816 5.499690
v -3.416987 5.088542 5.500431
v -3.701533 4.565721 5.247530
v -3.409084 5.084447 5.248271
vn -0.8705 0.4908 -0.0353
vt 0.000000 0.000000
vt 1.000000 0.000000
vt 1.000000 1.000000
vt 0.000000 1.000000
s 0
usemtl Material.028
f 804/924/616 805/925/616 807/926/616 806/927/616
o Plane.019
v -3.253549 5.265118 5.102170
v -2.934230 5.767749 5.102912
v -3.245872 5.260613 4.850011
v -2.926554 5.763245 4.850752
vn -0.8435 0.5359 -0.0353
vt 0.000000 0.000000
vt 1.000000 0.000000
vt 1.000000 1.000000
vt 0.000000 1.000000
s 0
usemtl Material.030
f 808/928/617 809/929/617 811/930/617 810/931/617
o Plane.020
v -3.265788 5.302116 5.517615
v -2.946470 5.804748 5.518356
v -3.258112 5.297612 5.265455
v -2.938793 5.800243 5.266197
vn -0.8435 0.5359 -0.0353
vt 0.000000 0.000000
vt 1.000000 0.000000
vt 1.000000 1.000000
vt 0.000000 1.000000
s 0
usemtl Material
f 812/932/618 813/933/618 815/934/618 814/935/618
o Plane.021
v 0.627165 3.487611 9.183571
v 0.642031 4.073712 9.079322
v 0.375157 3.491920 9.171861
v 0.390023 4.078021 9.067612
vn -0.0427 0.1760 0.9835
vt 0.000000 0.000000
vt 1.000000 0.000000
vt 1.000000 1.000000
vt 0.000000 1.000000
s 0
usemtl Material.037
f 816/936/619 817/937/619 819/938/619 818/939/619
o Plane.022
v 0.191361 3.505630 9.184740
v 0.192875 4.090629 9.073483
v -0.060746 3.504340 9.174523
v -0.059231 4.089338 9.063267
vn -0.0407 0.1868 0.9816
vt 0.000000 0.000000
vt 1.000000 0.000000
vt 1.000000 1.000000
vt 0.000000 1.000000
s 0
usemtl Material.038
f 820/940/620 821/941/620 823/942/620 822/943/620
o Plane.023
v 0.215000 4.261899 8.981602
v 0.216514 4.841390 8.844520
v -0.037107 4.260157 8.971452
v -0.035593 4.839648 8.834370
vn -0.0407 0.2301 0.9723
vt 0.000000 0.000000
vt 1.000000 0.000000
vt 1.000000 1.000000
vt 0.000000 1.000000
s 0
usemtl Material.035
f 824/944/621 825/945/621 827/946/621 826/947/621
o Plane.024
v 0.629925 4.263091 8.954844
v 0.631439 4.842582 8.817761
v 0.377818 4.261349 8.944694
v 0.379332 4.840840 8.807611
vn -0.0407 0.2301 0.9723
vt 0.000000 0.000000
vt 1.000000 0.000000
vt 1.000000 1.000000
vt 0.000000 1.000000
s 0
usemtl Material.036
f 828/948/622 829/949/622 831/950/622 830/951/622
o Plane.025
v 0.234842 4.998424 8.727932
v 0.236356 5.516461 8.434269
v -0.017265 4.993913 8.718674
v -0.015750 5.511950 8.425011
vn -0.0407 0.4928 0.8692
vt 0.000000 0.000000
vt 1.000000 0.000000
vt 1.000000 1.000000
vt 0.000000 1.000000
s 0
usemtl Material.034
f 832/952/623 833/953/623 835/954/623 834/955/623
o Plane.026
v 0.649768 5.024717 8.712856
v 0.651282 5.542755 8.419193
v 0.397661 5.020206 8.703598
v 0.399175 5.538244 8.409935
vn -0.0407 0.4928 0.8692
vt 0.000000 0.000000
vt 1.000000 0.000000
vt 1.000000 1.000000
vt 0.000000 1.000000
s 0
usemtl Material.033
f 836/956/624 837/957/624 839/958/624 838/959/624
o Cube.003
v 3.973296 0.567052 10.507884
v 3.973296 2.376913 10.507884
v 3.973296 0.567052 9.644748
v 3.973296 2.376913 9.644748
v 4.114088 0.567052 10.507884
v 4.114088 2.376913 10.507884
v 4.114088 0.567052 9.644748
v 4.114088 2.376913 9.644748
vn -1.0000 -0.0000 -0.0000
vn -0.0000 -0.0000 -1.0000
vn 1.0000 -0.0000 -0.0000
vn -0.0000 -0.0000 1.0000
vn -0.0000 -1.0000 -0.0000
vn -0.0000 1.0000 -0.0000
vt 0.375000 0.000000
vt 0.625000 0.000000
vt 0.625000 0.250000
vt 0.375000 0.250000
vt 0.625000 0.500000
vt 0.375000 0.500000
vt 0.625000 0.750000
vt 0.375000 0.750000
vt 0.625000 1.000000
vt 0.375000 1.000000
vt 0.125000 0.500000
vt 0.125000 0.750000
vt 0.875000 0.500000
vt 0.875000 0.750000
s 0
usemtl Material.061
f 840/960/625 841/961/625 843/962/625 842/963/625
f 842/963/626 843/962/626 847/964/626 846/965/626
f 846/965/627 847/964/627 845/966/627 844/967/627
f 844/967/628 845/966/628 841/968/628 840/969/628
f 842/970/629 846/965/629 844/967/629 840/971/629
f 847/964/630 843/972/630 841/973/630 845/966/630
o Cube.009
v 4.093640 -0.016861 9.574154
v 4.093640 0.650053 9.574154
v 4.093640 -0.016861 9.467422
v 4.093640 0.650053 9.467422
v 5.366991 -0.016861 9.574154
v 5.366991 0.650053 9.574154
v 5.366991 -0.016861 9.467422
v 5.366991 0.650053 9.467422
vn -1.0000 -0.0000 -0.0000
vn -0.0000 -0.0000 -1.0000
vn 1.0000 -0.0000 -0.0000
vn -0.0000 -0.0000 1.0000
vn -0.0000 -1.0000 -0.0000
vn -0.0000 1.0000 -0.0000
vt 0.375000 0.000000
vt 0.625000 0.000000
vt 0.625000 0.250000
vt 0.375000 0.250000
vt 0.625000 0.500000
vt 0.375000 0.500000
vt 0.625000 0.750000
vt 0.375000 0.750000
vt 0.625000 1.000000
vt 0.375000 1.000000
vt 0.125000 0.500000
vt 0.125000 0.750000
vt 0.875000 0.500000
vt 0.875000 0.750000
s 0
f 848/974/631 849/975/631 851/976/631 850/977/631
f 850/977/632 851/976/632 855/978/632 854/979/632
f 854/979/633 855/978/633 853/980/633 852/981/633
f 852/981/634 853/980/634 849/982/634 848/983/634
f 850/984/635 854/979/635 852/981/635 848/985/635
f 855/978/636 851/986/636 849/987/636 853/980/636
o Cube.002
v 3.728927 1.134178 4.867546
v 3.728927 1.865822 4.867546
v 3.728927 1.134178 4.467546
v 3.728927 1.865822 4.467546
v 4.128927 1.134178 4.867546
v 4.128927 1.865822 4.867546
v 4.128927 1.134178 4.467546
v 4.128927 1.865822 4.467546
vn -1.0000 -0.0000 -0.0000
vn -0.0000 -0.0000 -1.0000
vn 1.0000 -0.0000 -0.0000
vn -0.0000 -0.0000 1.0000
vn -0.0000 -1.0000 -0.0000
vn -0.0000 1.0000 -0.0000
vt 0.375000 0.000000
vt 0.625000 0.000000
vt 0.625000 0.250000
vt 0.375000 0.250000
vt 0.625000 0.500000
vt 0.375000 0.500000
vt 0.625000 0.750000
vt 0.375000 0.750000
vt 0.625000 1.000000
vt 0.375000 1.000000
vt 0.125000 0.500000
vt 0.125000 0.750000
vt 0.875000 0.500000
vt 0.875000 0.750000
s 0
usemtl Material.024
f 856/988/637 857/989/637 859/990/637 858/991/637
f 858/991/638 859/990/638 863/992/638 862/993/638
f 862/993/639 863/992/639 861/994/639 860/995/639
f 860/995/640 861/994/640 857/996/640 856/997/640
f 858/998/641 862/993/641 860/995/641 856/999/641
f 863/992/642 859/1000/642 857/1001/642 861/994/642
o Cube.010
v 3.740030 1.134178 4.151040
v 3.740030 1.865822 4.151040
v 3.740030 1.134178 3.751040
v 3.740030 1.865822 3.751040
v 4.140030 1.134178 4.151040
v 4.140030 1.865822 4.151040
v 4.140030 1.134178 3.751040
v 4.140030 1.865822 3.751040
vn -1.0000 -0.0000 -0.0000
vn -0.0000 -0.0000 -1.0000
vn 1.0000 -0.0000 -0.0000
vn -0.0000 -0.0000 1.0000
vn -0.0000 -1.0000 -0.0000
vn -0.0000 1.0000 -0.0000
vt 0.375000 0.000000
vt 0.625000 0.000000
vt 0.625000 0.250000
vt 0.375000 0.250000
vt 0.625000 0.500000
vt 0.375000 0.500000
vt 0.625000 0.750000
vt 0.375000 0.750000
vt 0.625000 1.000000
vt 0.375000 1.000000
vt 0.125000 0.500000
vt 0.125000 0.750000
vt 0.875000 0.500000
vt 0.875000 0.750000
s 0
usemtl Material.024
f 864/1002/643 865/1003/643 867/1004/643 866/1005/643
f 866/1005/644 867/1004/644 871/1006/644 870/1007/644
f 870/1007/645 871/1006/645 869/1008/645 868/1009/645
f 868/1009/646 869/1008/646 865/1010/646 864/1011/646
f 866/1012/647 870/1007/647 868/1009/647 864/1013/647
f 871/1006/648 867/1014/648 865/1015/648 869/1008/648
o Cube.011
v 4.008784 1.304708 6.914277
v 4.008784 1.889238 6.914277
v 4.008784 1.304708 6.514277
v 4.008784 1.889238 6.514277
v 4.128339 1.304708 6.914277
v 4.128339 1.889238 6.914277
v 4.128339 1.304708 6.514277
v 4.128339 1.889238 6.514277
vn -1.0000 -0.0000 -0.0000
vn -0.0000 -0.0000 -1.0000
vn 1.0000 -0.0000 -0.0000
vn -0.0000 -0.0000 1.0000
vn -0.0000 -1.0000 -0.0000
vn -0.0000 1.0000 -0.0000
vt 0.375000 0.000000
vt 0.625000 0.000000
vt 0.625000 0.250000
vt 0.375000 0.250000
vt 0.625000 0.500000
vt 0.375000 0.500000
vt 0.625000 0.750000
vt 0.375000 0.750000
vt 0.625000 1.000000
vt 0.375000 1.000000
vt 0.125000 0.500000
vt 0.125000 0.750000
vt 0.875000 0.500000
vt 0.875000 0.750000
s 0
usemtl Material.024
f 872/1016/649 873/1017/649 875/1018/649 874/1019/649
f 874/1019/650 875/1018/650 879/1020/650 878/1021/650
f 878/1021/651 879/1020/651 877/1022/651 876/1023/651
f 876/1023/652 877/1022/652 873/1024/652 872/1025/652
f 874/1026/653 878/1021/653 876/1023/653 872/1027/653
f 879/1020/654 875/1028/654 873/1029/654 877/1022/654
o Cube.012
v 3.992763 1.312491 7.539871
v 3.992763 1.897022 7.539871
v 3.992763 1.312491 7.139872
v 3.992763 1.897022 7.139872
v 4.120850 1.312491 7.539871
v 4.120850 1.897022 7.539871
v 4.120850 1.312491 7.139872
v 4.120850 1.897022 7.139872
vn -1.0000 -0.0000 -0.0000
vn -0.0000 -0.0000 -1.0000
vn 1.0000 -0.0000 -0.0000
vn -0.0000 -0.0000 1.0000
vn -0.0000 -1.0000 -0.0000
vn -0.0000 1.0000 -0.0000
vt 0.375000 0.000000
vt 0.625000 0.000000
vt 0.625000 0.250000
vt 0.375000 0.250000
vt 0.625000 0.500000
vt 0.375000 0.500000
vt 0.625000 0.750000
vt 0.375000 0.750000
vt 0.625000 1.000000
vt 0.375000 1.000000
vt 0.125000 0.500000
vt 0.125000 0.750000
vt 0.875000 0.500000
vt 0.875000 0.750000
s 0
usemtl Material.024
f 880/1030/655 881/1031/655 883/1032/655 882/1033/655
f 882/1033/656 883/1032/656 887/1034/656 886/1035/656
f 886/1035/657 887/1034/657 885/1036/657 884/1037/657
f 884/1037/658 885/1036/658 881/1038/658 880/1039/658
f 882/1040/659 886/1035/659 884/1037/659 880/1041/659
f 887/1034/660 883/1042/660 881/1043/660 885/1036/660
o Cube.013
v 15.337899 1.055855 15.966616
v 15.339278 1.496666 15.955479
v 14.967739 1.053184 15.815042
v 14.969117 1.493994 15.803906
v 15.383185 1.052921 15.856072
v 15.384563 1.493731 15.844936
v 15.013024 1.050250 15.704500
v 15.014403 1.491060 15.693363
vn -0.3790 0.0246 0.9251
vn -0.9254 -0.0067 -0.3789
vn 0.3790 -0.0246 -0.9251
vn 0.9254 0.0067 0.3789
vn -0.0031 -0.9997 0.0253
vn 0.0031 0.9997 -0.0253
vt 0.375000 0.000000
vt 0.625000 0.000000
vt 0.625000 0.250000
vt 0.375000 0.250000
vt 0.625000 0.500000
vt 0.375000 0.500000
vt 0.625000 0.750000
vt 0.375000 0.750000
vt 0.625000 1.000000
vt 0.375000 1.000000
vt 0.125000 0.500000
vt 0.125000 0.750000
vt 0.875000 0.500000
vt 0.875000 0.750000
s 0
usemtl Material.024
f 888/1044/661 889/1045/661 891/1046/661 890/1047/661
f 890/1047/662 891/1046/662 895/1048/662 894/1049/662
f 894/1049/663 895/1048/663 893/1050/663 892/1051/663
f 892/1051/664 893/1050/664 889/1052/664 888/1053/664
f 890/1054/665 894/1049/665 892/1051/665 888/1055/665
f 895/1048/666 891/1056/666 889/1057/666 893/1050/666
o Cube.014
v -4.113368 1.825825 2.906887
v -4.113368 2.410355 2.906887
v -4.113368 1.825825 2.506887
v -4.113368 2.410355 2.506887
v -3.993813 1.825825 2.906887
v -3.993813 2.410355 2.906887
v -3.993813 1.825825 2.506887
v -3.993813 2.410355 2.506887
vn -1.0000 -0.0000 -0.0000
vn -0.0000 -0.0000 -1.0000
vn 1.0000 -0.0000 -0.0000
vn -0.0000 -0.0000 1.0000
vn -0.0000 -1.0000 -0.0000
vn -0.0000 1.0000 -0.0000
vt 0.375000 0.000000
vt 0.625000 0.000000
vt 0.625000 0.250000
vt 0.375000 0.250000
vt 0.625000 0.500000
vt 0.375000 0.500000
vt 0.625000 0.750000
vt 0.375000 0.750000
vt 0.625000 1.000000
vt 0.375000 1.000000
vt 0.125000 0.500000
vt 0.125000 0.750000
vt 0.875000 0.500000
vt 0.875000 0.750000
s 0
usemtl Material.024
f 896/1058/667 897/1059/667 899/1060/667 898/1061/667
f 898/1061/668 899/1060/668 903/1062/668 902/1063/668
f 902/1063/669 903/1062/669 901/1064/669 900/1065/669
f 900/1065/670 901/1064/670 897/1066/670 896/1067/670
f 898/1068/671 902/1063/671 900/1065/671 896/1069/671
f 903/1062/672 899/1070/672 897/1071/672 901/1064/672
o Cube.015
v -4.117634 1.833608 3.532481
v -4.117634 2.418138 3.532481
v -4.117634 1.833608 3.132481
v -4.117634 2.418138 3.132481
v -3.989547 1.833608 3.532481
v -3.989547 2.418138 3.532481
v -3.989547 1.833608 3.132481
v -3.989547 2.418138 3.132481
vn -1.0000 -0.0000 -0.0000
vn -0.0000 -0.0000 -1.0000
vn 1.0000 -0.0000 -0.0000
vn -0.0000 -0.0000 1.0000
vn -0.0000 -1.0000 -0.0000
vn -0.0000 1.0000 -0.0000
vt 0.375000 0.000000
vt 0.625000 0.000000
vt 0.625000 0.250000
vt 0.375000 0.250000
vt 0.625000 0.500000
vt 0.375000 0.500000
vt 0.625000 0.750000
vt 0.375000 0.750000
vt 0.625000 1.000000
vt 0.375000 1.000000
vt 0.125000 0.500000
vt 0.125000 0.750000
vt 0.875000 0.500000
vt 0.875000 0.750000
s 0
usemtl Material.024
f 904/1072/673 905/1073/673 907/1074/673 906/1075/673
f 906/1075/674 907/1074/674 911/1076/674 910/1077/674
f 910/1077/675 911/1076/675 909/1078/675 908/1079/675
f 908/1079/676 909/1078/676 905/1080/676 904/1081/676
f 906/1082/677 910/1077/677 908/1079/677 904/1083/677
f 911/1076/678 907/1084/678 905/1085/678 909/1078/678
o Plane.032
v -4.752517 0.000000 4.462770
v -4.089740 0.000000 4.462770
v -4.752517 0.000000 2.666030
v -4.089740 0.000000 2.666030
vn -0.0000 1.0000 -0.0000
vt 0.000000 0.000000
vt 1.000000 0.000000
vt 1.000000 1.000000
vt 0.000000 1.000000
s 0
usemtl Material.054
f 912/1086/679 913/1087/679 915/1088/679 914/1089/679
o Cube.019
v -4.017393 -0.010061 10.669404
v -4.017393 2.711388 10.669404
v -4.017393 -0.010061 9.531671
v -4.017393 2.711388 9.531671
v 4.050541 -0.010061 10.669404
v 4.050541 2.711388 10.669404
v 4.050541 -0.010061 9.531671
v 4.050541 2.711388 9.531671
vn -1.0000 -0.0000 -0.0000
vn -0.0000 -0.0000 -1.0000
vn 1.0000 -0.0000 -0.0000
vn -0.0000 -0.0000 1.0000
vn -0.0000 -1.0000 -0.0000
vn -0.0000 1.0000 -0.0000
vt 0.375000 0.000000
vt 0.625000 0.000000
vt 0.625000 0.250000
vt 0.375000 0.250000
vt 0.625000 0.500000
vt 0.375000 0.500000
vt 0.625000 0.750000
vt 0.375000 0.750000
vt 0.625000 1.000000
vt 0.375000 1.000000
vt 0.125000 0.500000
vt 0.125000 0.750000
vt 0.875000 0.500000
vt 0.875000 0.750000
s 0
usemtl Material.060
f 916/1090/680 917/1091/680 919/1092/680 918/1093/680
f 918/1093/681 919/1092/681 923/1094/681 922/1095/681
f 922/1095/682 923/1094/682 921/1096/682 920/1097/682
f 920/1097/683 921/1096/683 917/1098/683 916/1099/683
f 918/1100/684 922/1095/684 920/1097/684 916/1101/684
f 923/1094/685 919/1102/685 917/1103/685 921/1096/685
o Cube.022
v 4.902430 -0.007794 11.508479
v 4.902430 0.153835 11.508479
v 4.902430 -0.007794 9.528769
v 4.902430 0.153835 9.528769
v 5.075305 -0.007794 11.508479
v 5.075305 0.153835 11.508479
v 5.075305 -0.007794 9.528769
v 5.075305 0.153835 9.528769
v 4.067897 -0.014390 11.435333
v 4.067897 0.514390 11.435333
v 4.067897 -0.014390 9.547322
v 4.067897 0.514390 9.547322
v 4.718475 -0.014390 11.435333
v 4.718475 0.514390 11.435333
v 4.718475 -0.014390 9.547322
v 4.718475 0.514390 9.547322
v 4.709007 0.032031 11.207275
v 4.709007 0.312032 11.207275
v 4.709007 0.032031 9.537892
v 4.709007 0.312032 9.537892
v 4.881881 0.032031 11.207275
v 4.881881 0.312032 11.207275
v 4.881881 0.032031 9.537892
v 4.881881 0.312032 9.537892
vn -1.0000 -0.0000 -0.0000
vn -0.0000 -0.0000 -1.0000
vn 1.0000 -0.0000 -0.0000
vn -0.0000 -0.0000 1.0000
vn -0.0000 -1.0000 -0.0000
vn -0.0000 1.0000 -0.0000
vt 0.375000 0.000000
vt 0.625000 0.000000
vt 0.625000 0.250000
vt 0.375000 0.250000
vt 0.625000 0.500000
vt 0.375000 0.500000
vt 0.625000 0.750000
vt 0.375000 0.750000
vt 0.625000 1.000000
vt 0.375000 1.000000
vt 0.125000 0.500000
vt 0.125000 0.750000
vt 0.875000 0.500000
vt 0.875000 0.750000
s 0
usemtl Material.062
f 924/1104/686 925/1105/686 927/1106/686 926/1107/686
f 926/1107/687 927/1106/687 931/1108/687 930/1109/687
f 930/1109/688 931/1108/688 929/1110/688 928/1111/688
f 928/1111/689 929/1110/689 925/1112/689 924/1113/689
f 926/1114/690 930/1109/690 928/1111/690 924/1115/690
f 931/1108/691 927/1116/691 925/1117/691 929/1110/691
f 932/1104/686 933/1105/686 935/1106/686 934/1107/686
f 934/1107/687 935/1106/687 939/1108/687 938/1109/687
f 938/1109/688 939/1108/688 937/1110/688 936/1111/688
f 936/1111/689 937/1110/689 933/1112/689 932/1113/689
f 934/1114/690 938/1109/690 936/1111/690 932/1115/690
f 939/1108/691 935/1116/691 933/1117/691 937/1110/691
f 940/1104/686 941/1105/686 943/1106/686 942/1107/686
f 942/1107/687 943/1106/687 947/1108/687 946/1109/687
f 946/1109/688 947/1108/688 945/1110/688 944/1111/688
f 944/1111/689 945/1110/689 941/1112/689 940/1113/689
f 942/1114/690 946/1109/690 944/1111/690 940/1115/690
f 947/1108/691 943/1116/691 941/1117/691 945/1110/691
o Cube.023
v -4.116315 0.655211 9.669309
v -4.116315 2.388705 9.669309
v -4.057033 0.655211 10.530406
v -4.057033 2.388705 10.530406
v -4.256774 0.655211 9.678979
v -4.256774 2.388705 9.678979
v -4.197493 0.655211 10.540076
v -4.197493 2.388705 10.540076
vn 0.9976 -0.0000 -0.0687
vn 0.0687 -0.0000 0.9976
vn -0.9976 -0.0000 0.0687
vn -0.0687 -0.0000 -0.9976
vn -0.0000 -1.0000 -0.0000
vn -0.0000 1.0000 -0.0000
vt 0.375000 0.000000
vt 0.625000 0.000000
vt 0.625000 0.250000
vt 0.375000 0.250000
vt 0.625000 0.500000
vt 0.375000 0.500000
vt 0.625000 0.750000
vt 0.375000 0.750000
vt 0.625000 1.000000
vt 0.375000 1.000000
vt 0.125000 0.500000
vt 0.125000 0.750000
vt 0.875000 0.500000
vt 0.875000 0.750000
s 0
usemtl Material.059
f 948/1118/692 949/1119/692 951/1120/692 950/1121/692
f 950/1121/693 951/1120/693 955/1122/693 954/1123/693
f 954/1123/694 955/1122/694 953/1124/694 952/1125/694
f 952/1125/695 953/1124/695 949/1126/695 948/1127/695
f 950/1128/696 954/1123/696 952/1125/696 948/1129/696
f 955/1122/697 951/1130/697 949/1131/697 953/1124/697
o Cube.024
v -4.016661 -0.007364 9.392373
v -4.016661 0.659550 9.392373
v -4.009326 -0.007364 9.498907
v -4.009326 0.659550 9.498907
v -5.418638 -0.007364 9.488892
v -5.418638 0.659550 9.488892
v -5.411304 -0.007364 9.595426
v -5.411304 0.659550 9.595426
vn 0.9976 -0.0000 -0.0687
vn 0.0687 -0.0000 0.9976
vn -0.9976 -0.0000 0.0687
vn -0.0687 -0.0000 -0.9976
vn -0.0000 -1.0000 -0.0000
vn -0.0000 1.0000 -0.0000
vt 0.375000 0.000000
vt 0.625000 0.000000
vt 0.625000 0.250000
vt 0.375000 0.250000
vt 0.625000 0.500000
vt 0.375000 0.500000
vt 0.625000 0.750000
vt 0.375000 0.750000
vt 0.625000 1.000000
vt 0.375000 1.000000
vt 0.125000 0.500000
vt 0.125000 0.750000
vt 0.875000 0.500000
vt 0.875000 0.750000
s 0
usemtl Material.057
f 956/1132/698 957/1133/698 959/1134/698 958/1135/698
f 958/1135/699 959/1134/699 963/1136/699 962/1137/699
f 962/1137/700 963/1136/700 961/1138/700 960/1139/700
f 960/1139/701 961/1138/701 957/1140/701 956/1141/701
f 958/1142/702 962/1137/702 960/1139/702 956/1143/702
f 963/1136/703 959/1144/703 957/1145/703 961/1138/703
o Cube.027
v -5.189008 -0.001864 9.557472
v -5.189008 0.159764 9.557472
v -5.008628 -0.001864 12.177578
v -5.008628 0.159764 12.177578
v -5.362229 -0.001864 9.569397
v -5.362229 0.159764 9.569397
v -5.181849 -0.001864 12.189503
v -5.181849 0.159764 12.189503
v -4.300679 -0.001687 9.460071
v -4.300679 0.527093 9.460071
v -4.143656 -0.001687 11.740909
v -4.143656 0.527093 11.740909
v -4.951929 -0.001687 9.504906
v -4.951929 0.527093 9.504906
v -4.794906 -0.001687 11.785744
v -4.794906 0.527093 11.785744
v -4.979023 0.038741 9.515326
v -4.979023 0.324985 9.515326
v -4.817261 0.038741 11.865000
v -4.817261 0.324985 11.865000
v -5.156127 0.038741 9.527519
v -5.156127 0.324985 9.527519
v -4.994365 0.038741 11.877192
v -4.994365 0.324985 11.877192
vn 0.9976 -0.0000 -0.0687
vn 0.0687 -0.0000 0.9976
vn -0.9976 -0.0000 0.0687
vn -0.0687 -0.0000 -0.9976
vn -0.0000 -1.0000 -0.0000
vn -0.0000 1.0000 -0.0000
vt 0.375000 0.000000
vt 0.625000 0.000000
vt 0.625000 0.250000
vt 0.375000 0.250000
vt 0.625000 0.500000
vt 0.375000 0.500000
vt 0.625000 0.750000
vt 0.375000 0.750000
vt 0.625000 1.000000
vt 0.375000 1.000000
vt 0.125000 0.500000
vt 0.125000 0.750000
vt 0.875000 0.500000
vt 0.875000 0.750000
s 0
usemtl Material.058
f 964/1146/704 965/1147/704 967/1148/704 966/1149/704
f 966/1149/705 967/1148/705 971/1150/705 970/1151/705
f 970/1151/706 971/1150/706 969/1152/706 968/1153/706
f 968/1153/707 969/1152/707 965/1154/707 964/1155/707
f 966/1156/708 970/1151/708 968/1153/708 964/1157/708
f 971/1150/709 967/1158/709 965/1159/709 969/1152/709
f 972/1146/704 973/1147/704 975/1148/704 974/1149/704
f 974/1149/705 975/1148/705 979/1150/705 978/1151/705
f 978/1151/706 979/1150/706 977/1152/706 976/1153/706
f 976/1153/707 977/1152/707 973/1154/707 972/1155/707
f 974/1156/708 978/1151/708 976/1153/708 972/1157/708
f 979/1150/709 975/1158/709 973/1159/709 977/1152/709
f 980/1146/704 981/1147/704 983/1148/704 982/1149/704
f 982/1149/705 983/1148/705 987/1150/705 986/1151/705
f 986/1151/706 987/1150/706 985/1152/706 984/1153/706
f 984/1153/707 985/1152/707 981/1154/707 980/1155/707
f 982/1156/708 986/1151/708 984/1153/708 980/1157/708
f 987/1150/709 983/1158/709 981/1159/709 985/1152/709
o Cube.028
v -7.665138 0.642074 12.855407
v -7.665138 1.042074 12.855407
v -7.719456 0.642074 12.662924
v -7.719456 1.042074 12.662924
v -7.280173 0.642074 12.746771
v -7.280173 1.042074 12.746771
v -7.334491 0.642074 12.554288
v -7.334491 1.042074 12.554288
vn -0.9624 -0.0000 0.2716
vn -0.2716 -0.0000 -0.9624
vn 0.9624 -0.0000 -0.2716
vn 0.2716 -0.0000 0.9624
vn -0.0000 -1.0000 -0.0000
vn -0.0000 1.0000 -0.0000
vt 0.375000 0.000000
vt 0.625000 0.000000
vt 0.625000 0.250000
vt 0.375000 0.250000
vt 0.625000 0.500000
vt 0.375000 0.500000
vt 0.625000 0.750000
vt 0.375000 0.750000
vt 0.625000 1.000000
vt 0.375000 1.000000
vt 0.125000 0.500000
vt 0.125000 0.750000
vt 0.875000 0.500000
vt 0.875000 0.750000
s 0
f 988/1160/710 989/1161/710 991/1162/710 990/1163/710
f 990/1163/711 991/1162/711 995/1164/711 994/1165/711
f 994/1165/712 995/1164/712 993/1166/712 992/1167/712
f 992/1167/713 993/1166/713 989/1168/713 988/1169/713
f 990/1170/714 994/1165/714 992/1167/714 988/1171/714
f 995/1164/715 991/1172/715 989/1173/715 993/1166/715
o Cube.033
v -7.649642 4.052438 12.622740
v -4.125418 2.886469 11.132649
v -8.186602 2.139291 12.849774
v -4.662378 0.973323 11.359684
v -6.870772 4.052438 14.464848
v -3.346549 2.886469 12.974757
v -7.407732 2.139291 14.691882
v -3.883509 0.973323 13.201792
v -17.401051 2.549766 16.653273
v -9.309703 5.940474 13.277897
v -15.736509 -2.113618 15.958895
v -7.645161 1.277091 12.583519
v -16.631046 2.549765 18.499104
v -8.539699 5.940474 15.123728
v -14.966507 -2.113617 17.804726
v -6.875157 1.277091 14.429350
v 7.287586 4.052437 14.554493
v 3.771758 2.886468 13.044703
v 7.823267 2.139290 14.784527
v 4.307439 0.973322 13.274738
v 8.076752 4.052437 12.716771
v 4.560922 2.886469 11.206983
v 8.612432 2.139291 12.946807
v 5.096605 0.973322 11.437017
v 16.949053 2.549765 18.796101
v 8.909981 5.940474 15.298043
v 15.295269 -2.113618 18.076483
v 7.256195 1.277090 14.578427
v 17.747046 2.549765 16.962194
v 9.707973 5.940474 13.464137
v 16.093258 -2.113618 16.242577
v 8.054186 1.277090 12.744522
v 0.132476 4.052437 17.865929
v -0.235560 2.886469 14.057378
v 0.188551 2.139291 18.446211
v -0.179485 0.973322 14.637659
v 2.123203 4.052437 17.673557
v 1.755167 2.886469 13.865005
v 2.179278 2.139291 18.253838
v 1.811242 0.973322 14.445287
v 1.062553 2.549765 28.376408
v 0.261236 5.940474 19.645947
v 0.897707 -2.113618 26.580387
v 0.096390 1.277090 17.849926
v 3.054183 2.549765 28.193607
v 2.252864 5.940474 19.463146
v 2.889336 -2.113618 26.397589
v 2.088018 1.277090 17.667126
v -2.938469 4.052437 17.235050
v -1.760484 2.886469 13.594600
v -3.117950 2.139291 17.789717
v -1.939965 0.973322 14.149268
v -1.035610 4.052437 17.850780
v 0.142375 2.886469 14.210331
v -1.215090 2.139291 18.405449
v -0.037106 0.973322 14.764999
v -6.267883 2.549765 27.247551
v -3.528706 5.940473 18.919287
v -5.704384 -2.113617 25.534271
v -2.965206 1.277090 17.206005
v -4.368006 2.549765 27.872423
v -1.628829 5.940474 19.544159
v -3.804507 -2.113618 26.159145
v -1.065329 1.277091 17.830879
v 3.343763 4.052437 17.392540
v 1.612669 2.886469 13.980236
v 3.607517 2.139291 17.912449
v 1.876423 0.973322 14.500144
v 5.127372 4.052437 16.487700
v 3.396278 2.886469 13.075394
v 5.391126 2.139291 17.007608
v 3.660032 0.973322 13.595303
v 8.041367 2.549765 26.840698
v 4.112556 5.940474 19.003128
v 7.233137 -2.113618 25.228367
v 3.304327 1.277090 17.390795
v 9.829306 2.549765 25.944443
v 5.900495 5.940474 18.106873
v 9.021076 -2.113618 24.332108
v 5.092265 1.277090 16.494537
v 6.227947 4.052437 15.854910
v 3.205490 2.886469 13.508579
v 6.688457 2.139291 16.212404
v 3.665998 0.973322 13.866073
v 7.454372 4.052437 14.275074
v 4.431914 2.886469 11.928743
v 7.914881 2.139291 14.632566
v 4.892423 0.973323 12.286237
v 14.510290 2.549765 22.392338
v 7.610878 5.940473 16.982977
v 13.090954 -2.113618 21.279531
v 6.191540 1.277090 15.870171
v 15.744297 2.549765 20.818417
v 8.844885 5.940474 15.409056
v 14.324959 -2.113618 19.705610
v 7.425546 1.277090 14.296247
v -4.402554 4.052437 16.518225
v -2.518804 2.886469 13.187758
v -4.689567 2.139291 17.025663
v -2.805817 0.973322 13.695197
v -2.661722 4.052437 17.502859
v -0.777972 2.886469 14.172393
v -2.948735 2.139291 18.010298
v -1.064986 0.973322 14.679832
v -9.671249 2.549765 25.660219
v -5.318391 5.940474 18.049980
v -8.775785 -2.113618 24.094650
v -4.422927 1.277090 16.484413
v -7.935171 2.549765 26.653210
v -3.582314 5.940474 19.042973
v -7.039707 -2.113618 25.087643
v -2.686849 1.277090 17.477406
v -5.806187 4.052437 15.452123
v -3.283796 2.886469 12.574960
v -6.190505 2.139291 15.890495
v -3.668114 0.973322 13.013331
v -4.302296 4.052437 16.770575
v -1.779906 2.886469 13.893411
v -4.686614 2.139291 17.208946
v -2.164224 0.973322 14.331783
v -12.825876 2.549765 23.329887
v -7.014713 5.940474 16.765324
v -11.630411 -2.113618 21.979435
v -5.819249 1.277090 15.414871
v -11.328339 2.549765 24.655554
v -5.517179 5.940474 18.090990
v -10.132875 -2.113617 23.305099
v -4.321714 1.277090 16.740536
v -1.380370 4.052437 17.630529
v -0.903767 2.886469 13.834034
v -1.452986 2.139291 18.208973
v -0.976384 0.973322 14.412478
v 0.604055 4.052437 17.879648
v 1.080657 2.886469 14.083154
v 0.531438 2.139291 18.458092
v 1.008041 0.973322 14.661598
v -2.779159 2.549765 28.088951
v -1.645318 5.940473 19.395420
v -2.545907 -2.113618 26.300529
v -1.412065 1.277090 17.606998
v -0.795956 2.549765 28.347607
v 0.337886 5.940474 19.654076
v -0.562703 -2.113617 26.559185
v 0.571139 1.277090 17.865654
v 4.710717 4.052437 16.794250
v 2.281449 2.886468 13.838041
v 5.080846 2.139291 17.244667
v 2.651578 0.973322 14.288458
v 6.255926 4.052437 15.524475
v 3.826658 2.886469 12.568266
v 6.626054 2.139291 15.974892
v 4.196787 0.973322 13.018682
v 11.343727 2.549765 25.000248
v 5.810190 5.940473 18.200024
v 10.205376 -2.113618 23.601315
v 4.671838 1.277090 16.801090
v 12.895021 2.549765 23.737915
v 7.361484 5.940474 16.937691
v 11.756670 -2.113618 22.338982
v 6.223133 1.277090 15.538757
v -6.930485 4.052439 14.172182
v -3.940605 2.886470 11.784476
v -7.386031 2.139292 14.535979
v -4.396151 0.973324 12.148273
v -5.682433 4.052439 15.734989
v -2.692553 2.886470 13.347284
v -6.137979 2.139292 16.098787
v -3.148099 0.973324 13.711082
v -15.228403 2.549767 20.689833
v -8.351488 5.940475 15.251896
v -13.813692 -2.113617 19.571148
v -6.936779 1.277092 14.133211
v -13.987877 2.549766 22.258621
v -7.110965 5.940475 16.820686
v -12.573169 -2.113616 21.139938
v -5.696255 1.277092 15.702001
v 1.610278 4.052437 17.886448
v 0.516910 2.886469 14.219696
v 1.776866 2.139291 18.445126
v 0.683498 0.973322 14.778373
v 3.526886 4.052437 17.314945
v 2.433518 2.886469 13.648194
v 3.693473 2.139291 17.873623
v 2.600106 0.973323 14.206870
v 4.543653 2.549766 28.022055
v 2.078846 5.940474 19.608505
v 4.036596 -2.113618 26.291233
v 1.571788 1.277090 17.877682
v 6.462986 2.549766 27.459770
v 3.998178 5.940474 19.046223
v 5.955928 -2.113618 25.728949
v 3.491121 1.277090 17.315399
vn -0.3894 -0.0000 -0.9211
vn -0.2685 -0.9566 0.1135
vn 0.3894 -0.0000 0.9211
vn 0.2685 0.9566 -0.1135
vn -0.8811 0.2915 0.3725
vn 0.8811 -0.2915 -0.3725
vn -0.3850 -0.0000 -0.9229
vn 0.3329 -0.9327 -0.1389
vn 0.3850 -0.0000 0.9229
vn -0.3329 0.9327 0.1389
vn -0.8608 -0.3607 0.3591
vn 0.8608 0.3607 -0.3591
vn -0.3946 -0.0000 0.9189
vn 0.2678 -0.9566 0.1150
vn 0.3946 -0.0000 -0.9189
vn -0.2678 0.9566 -0.1150
vn 0.8790 0.2915 0.3774
vn -0.8790 -0.2915 -0.3774
vn -0.3990 -0.0000 0.9170
vn -0.3308 -0.9327 -0.1439
vn 0.3990 -0.0000 -0.9170
vn 0.3308 0.9327 0.1439
vn 0.8552 -0.3607 0.3721
vn -0.8552 0.3607 -0.3721
vn -0.9954 -0.0000 0.0962
vn 0.0280 -0.9566 0.2901
vn 0.9954 -0.0000 -0.0962
vn -0.0280 0.9566 -0.2901
vn 0.0920 0.2915 0.9521
vn -0.0920 -0.2915 -0.9521
vn -0.9958 -0.0000 0.0914
vn -0.0330 -0.9327 -0.3592
vn 0.9958 -0.0000 -0.0914
vn 0.0330 0.9327 0.3592
vn 0.0852 -0.3607 0.9288
vn -0.0852 0.3607 -0.9288
vn -0.9514 -0.0000 -0.3079
vn -0.0897 -0.9566 0.2773
vn 0.9514 -0.0000 0.3079
vn 0.0897 0.9566 -0.2773
vn -0.2945 0.2915 0.9101
vn 0.2945 -0.2915 -0.9101
vn -0.9499 -0.0000 -0.3124
vn 0.1127 -0.9327 -0.3427
vn 0.9499 -0.0000 0.3124
vn -0.1127 0.9327 0.3427
vn -0.2914 -0.3607 0.8860
vn 0.2914 0.3607 -0.8860
vn -0.8918 -0.0000 0.4524
vn 0.1319 -0.9566 0.2600
vn 0.8918 -0.0000 -0.4524
vn -0.1319 0.9566 -0.2600
vn 0.4328 0.2915 0.8531
vn -0.4328 -0.2915 -0.8531
vn -0.8940 -0.0000 0.4481
vn -0.1616 -0.9327 -0.3225
vn 0.8940 -0.0000 -0.4481
vn 0.1616 0.9327 0.3225
vn 0.4180 -0.3607 0.8338
vn -0.4180 0.3607 -0.8338
vn -0.6132 -0.0000 0.7899
vn 0.2303 -0.9566 0.1787
vn 0.6132 -0.0000 -0.7899
vn -0.2303 0.9566 -0.1787
vn 0.7556 0.2915 0.5866
vn -0.7556 -0.2915 -0.5866
vn -0.6170 -0.0000 0.7870
vn -0.2839 -0.9327 -0.2226
vn 0.6170 -0.0000 -0.7870
vn 0.2839 0.9327 0.2226
vn 0.7340 -0.3607 0.5755
vn -0.7340 0.3607 -0.5755
vn -0.8704 -0.0000 -0.4923
vn -0.1435 -0.9566 0.2537
vn 0.8704 -0.0000 0.4923
vn 0.1435 0.9566 -0.2537
vn -0.4709 0.2915 0.8326
vn 0.4709 -0.2915 -0.8326
vn -0.8680 -0.0000 -0.4965
vn 0.1791 -0.9327 -0.3131
vn 0.8680 -0.0000 0.4965
vn -0.1791 0.9327 0.3131
vn -0.4631 -0.3607 0.8096
vn 0.4631 0.3607 -0.8096
vn -0.7519 -0.0000 -0.6592
vn -0.1922 -0.9566 0.2192
vn 0.7519 -0.0000 0.6592
vn 0.1922 0.9566 -0.2192
vn -0.6306 0.2915 0.7193
vn 0.6306 -0.2915 -0.7193
vn -0.7488 -0.0000 -0.6628
vn 0.2391 -0.9327 -0.2701
vn 0.7488 -0.0000 0.6628
vn -0.2391 0.9327 0.2701
vn -0.6182 -0.3607 0.6984
vn 0.6182 0.3607 -0.6984
vn -0.9922 -0.0000 -0.1246
vn -0.0363 -0.9566 0.2892
vn 0.9922 -0.0000 0.1246
vn 0.0363 0.9566 -0.2892
vn -0.1192 0.2915 0.9491
vn 0.1192 -0.2915 -0.9491
vn -0.9916 -0.0000 -0.1293
vn 0.0467 -0.9327 -0.3577
vn 0.9916 -0.0000 0.1293
vn -0.0467 0.9327 0.3577
vn -0.1206 -0.3607 0.9248
vn 0.1206 0.3607 -0.9248
vn -0.7726 -0.0000 0.6349
vn 0.1851 -0.9566 0.2252
vn 0.7726 -0.0000 -0.6349
vn -0.1851 0.9566 -0.2252
vn 0.6073 0.2915 0.7391
vn -0.6073 -0.2915 -0.7391
vn -0.7756 -0.0000 0.6312
vn -0.2277 -0.9327 -0.2798
vn 0.7756 -0.0000 -0.6312
vn 0.2277 0.9327 0.2798
vn 0.5887 -0.3607 0.7234
vn -0.5887 0.3607 -0.7234
vn -0.6240 -0.0000 -0.7814
vn -0.2278 -0.9566 0.1819
vn 0.6240 -0.0000 0.7814
vn 0.2278 0.9566 -0.1819
vn -0.7475 0.2915 0.5969
vn 0.7475 -0.2915 -0.5969
vn -0.6203 -0.0000 -0.7844
vn 0.2829 -0.9327 -0.2237
vn 0.6203 -0.0000 0.7844
vn -0.2829 0.9327 0.2237
vn -0.7316 -0.3607 0.5785
vn 0.7316 0.3607 -0.5785
vn -0.9583 -0.0000 0.2858
vn 0.0833 -0.9566 0.2793
vn 0.9583 -0.0000 -0.2858
vn -0.0833 0.9566 -0.2793
vn 0.2733 0.2915 0.9167
vn -0.2733 -0.2915 -0.9167
vn -0.9597 -0.0000 0.2811
vn -0.1014 -0.9327 -0.3462
vn 0.9597 -0.0000 -0.2811
vn 0.1014 0.9327 0.3462
vn 0.2622 -0.3607 0.8951
vn -0.2622 0.3607 -0.8951
vt 0.375000 0.000000
vt 0.625000 0.000000
vt 0.625000 0.250000
vt 0.375000 0.250000
vt 0.625000 0.500000
vt 0.375000 0.500000
vt 0.625000 0.750000
vt 0.375000 0.750000
vt 0.625000 1.000000
vt 0.375000 1.000000
vt 0.125000 0.500000
vt 0.125000 0.750000
vt 0.875000 0.500000
vt 0.875000 0.750000
s 0
usemtl Material.055
f 996/1174/716 997/1175/716 999/1176/716 998/1177/716
f 998/1177/717 999/1176/717 1003/1178/717 1002/1179/717
f 1002/1179/718 1003/1178/718 1001/1180/718 1000/1181/718
f 1000/1181/719 1001/1180/719 997/1182/719 996/1183/719
f 998/1184/720 1002/1179/720 1000/1181/720 996/1185/720
f 1003/1178/721 999/1186/721 997/1187/721 1001/1180/721
f 1004/1174/722 1005/1175/722 1007/1176/722 1006/1177/722
f 1006/1177/723 1007/1176/723 1011/1178/723 1010/1179/723
f 1010/1179/724 1011/1178/724 1009/1180/724 1008/1181/724
f 1008/1181/725 1009/1180/725 1005/1182/725 1004/1183/725
f 1006/1184/726 1010/1179/726 1008/1181/726 1004/1185/726
f 1011/1178/727 1007/1186/727 1005/1187/727 1009/1180/727
f 1012/1174/728 1013/1175/728 1015/1176/728 1014/1177/728
f 1014/1177/729 1015/1176/729 1019/1178/729 1018/1179/729
f 1018/1179/730 1019/1178/730 1017/1180/730 1016/1181/730
f 1016/1181/731 1017/1180/731 1013/1182/731 1012/1183/731
f 1014/1184/732 1018/1179/732 1016/1181/732 1012/1185/732
f 1019/1178/733 1015/1186/733 1013/1187/733 1017/1180/733
f 1020/1174/734 1021/1175/734 1023/1176/734 1022/1177/734
f 1022/1177/735 1023/1176/735 1027/1178/735 1026/1179/735
f 1026/1179/736 1027/1178/736 1025/1180/736 1024/1181/736
f 1024/1181/737 1025/1180/737 1021/1182/737 1020/1183/737
f 1022/1184/738 1026/1179/738 1024/1181/738 1020/1185/738
f 1027/1178/739 1023/1186/739 1021/1187/739 1025/1180/739
f 1028/1174/740 1029/1175/740 1031/1176/740 1030/1177/740
f 1030/1177/741 1031/1176/741 1035/1178/741 1034/1179/741
f 1034/1179/742 1035/1178/742 1033/1180/742 1032/1181/742
f 1032/1181/743 1033/1180/743 1029/1182/743 1028/1183/743
f 1030/1184/744 1034/1179/744 1032/1181/744 1028/1185/744
f 1035/1178/745 1031/1186/745 1029/1187/745 1033/1180/745
f 1036/1174/746 1037/1175/746 1039/1176/746 1038/1177/746
f 1038/1177/747 1039/1176/747 1043/1178/747 1042/1179/747
f 1042/1179/748 1043/1178/748 1041/1180/748 1040/1181/748
f 1040/1181/749 1041/1180/749 1037/1182/749 1036/1183/749
f 1038/1184/750 1042/1179/750 1040/1181/750 1036/1185/750
f 1043/1178/751 1039/1186/751 1037/1187/751 1041/1180/751
f 1044/1174/752 1045/1175/752 1047/1176/752 1046/1177/752
f 1046/1177/753 1047/1176/753 1051/1178/753 1050/1179/753
f 1050/1179/754 1051/1178/754 1049/1180/754 1048/1181/754
f 1048/1181/755 1049/1180/755 1045/1182/755 1044/1183/755
f 1046/1184/756 1050/1179/756 1048/1181/756 1044/1185/756
f 1051/1178/757 1047/1186/757 1045/1187/757 1049/1180/757
f 1052/1174/758 1053/1175/758 1055/1176/758 1054/1177/758
f 1054/1177/759 1055/1176/759 1059/1178/759 1058/1179/759
f 1058/1179/760 1059/1178/760 1057/1180/760 1056/1181/760
f 1056/1181/761 1057/1180/761 1053/1182/761 1052/1183/761
f 1054/1184/762 1058/1179/762 1056/1181/762 1052/1185/762
f 1059/1178/763 1055/1186/763 1053/1187/763 1057/1180/763
f 1060/1174/764 1061/1175/764 1063/1176/764 1062/1177/764
f 1062/1177/765 1063/1176/765 1067/1178/765 1066/1179/765
f 1066/1179/766 1067/1178/766 1065/1180/766 1064/1181/766
f 1064/1181/767 1065/1180/767 1061/1182/767 1060/1183/767
f 1062/1184/768 1066/1179/768 1064/1181/768 1060/1185/768
f 1067/1178/769 1063/1186/769 1061/1187/769 1065/1180/769
f 1068/1174/770 1069/1175/770 1071/1176/770 1070/1177/770
f 1070/1177/771 1071/1176/771 1075/1178/771 1074/1179/771
f 1074/1179/772 1075/1178/772 1073/1180/772 1072/1181/772
f 1072/1181/773 1073/1180/773 1069/1182/773 1068/1183/773
f 1070/1184/774 1074/1179/774 1072/1181/774 1068/1185/774
f 1075/1178/775 1071/1186/775 1069/1187/775 1073/1180/775
f 1076/1174/776 1077/1175/776 1079/1176/776 1078/1177/776
f 1078/1177/777 1079/1176/777 1083/1178/777 1082/1179/777
f 1082/1179/778 1083/1178/778 1081/1180/778 1080/1181/778
f 1080/1181/779 1081/1180/779 1077/1182/779 1076/1183/779
f 1078/1184/780 1082/1179/780 1080/1181/780 1076/1185/780
f 1083/1178/781 1079/1186/781 1077/1187/781 1081/1180/781
f 1084/1174/782 1085/1175/782 1087/1176/782 1086/1177/782
f 1086/1177/783 1087/1176/783 1091/1178/783 1090/1179/783
f 1090/1179/784 1091/1178/784 1089/1180/784 1088/1181/784
f 1088/1181/785 1089/1180/785 1085/1182/785 1084/1183/785
f 1086/1184/786 1090/1179/786 1088/1181/786 1084/1185/786
f 1091/1178/787 1087/1186/787 1085/1187/787 1089/1180/787
f 1092/1174/788 1093/1175/788 1095/1176/788 1094/1177/788
f 1094/1177/789 1095/1176/789 1099/1178/789 1098/1179/789
f 1098/1179/790 1099/1178/790 1097/1180/790 1096/1181/790
f 1096/1181/791 1097/1180/791 1093/1182/791 1092/1183/791
f 1094/1184/792 1098/1179/792 1096/1181/792 1092/1185/792
f 1099/1178/793 1095/1186/793 1093/1187/793 1097/1180/793
f 1100/1174/794 1101/1175/794 1103/1176/794 1102/1177/794
f 1102/1177/795 1103/1176/795 1107/1178/795 1106/1179/795
f 1106/1179/796 1107/1178/796 1105/1180/796 1104/1181/796
f 1104/1181/797 1105/1180/797 1101/1182/797 1100/1183/797
f 1102/1184/798 1106/1179/798 1104/1181/798 1100/1185/798
f 1107/1178/799 1103/1186/799 1101/1187/799 1105/1180/799
f 1108/1174/800 1109/1175/800 1111/1176/800 1110/1177/800
f 1110/1177/801 1111/1176/801 1115/1178/801 1114/1179/801
f 1114/1179/802 1115/1178/802 1113/1180/802 1112/1181/802
f 1112/1181/803 1113/1180/803 1109/1182/803 1108/1183/803
f 1110/1184/804 1114/1179/804 1112/1181/804 1108/1185/804
f 1115/1178/805 1111/1186/805 1109/1187/805 1113/1180/805
f 1116/1174/806 1117/1175/806 1119/1176/806 1118/1177/806
f 1118/1177/807 1119/1176/807 1123/1178/807 1122/1179/807
f 1122/1179/808 1123/1178/808 1121/1180/808 1120/1181/808
f 1120/1181/809 1121/1180/809 1117/1182/809 1116/1183/809
f 1118/1184/810 1122/1179/810 1120/1181/810 1116/1185/810
f 1123/1178/811 1119/1186/811 1117/1187/811 1121/1180/811
f 1124/1174/812 1125/1175/812 1127/1176/812 1126/1177/812
f 1126/1177/813 1127/1176/813 1131/1178/813 1130/1179/813
f 1130/1179/814 1131/1178/814 1129/1180/814 1128/1181/814
f 1128/1181/815 1129/1180/815 1125/1182/815 1124/1183/815
f 1126/1184/816 1130/1179/816 1128/1181/816 1124/1185/816
f 1131/1178/817 1127/1186/817 1125/1187/817 1129/1180/817
f 1132/1174/818 1133/1175/818 1135/1176/818 1134/1177/818
f 1134/1177/819 1135/1176/819 1139/1178/819 1138/1179/819
f 1138/1179/820 1139/1178/820 1137/1180/820 1136/1181/820
f 1136/1181/821 1137/1180/821 1133/1182/821 1132/1183/821
f 1134/1184/822 1138/1179/822 1136/1181/822 1132/1185/822
f 1139/1178/823 1135/1186/823 1133/1187/823 1137/1180/823
f 1140/1174/824 1141/1175/824 1143/1176/824 1142/1177/824
f 1142/1177/825 1143/1176/825 1147/1178/825 1146/1179/825
f 1146/1179/826 1147/1178/826 1145/1180/826 1144/1181/826
f 1144/1181/827 1145/1180/827 1141/1182/827 1140/1183/827
f 1142/1184/828 1146/1179/828 1144/1181/828 1140/1185/828
f 1147/1178/829 1143/1186/829 1141/1187/829 1145/1180/829
f 1148/1174/830 1149/1175/830 1151/1176/830 1150/1177/830
f 1150/1177/831 1151/1176/831 1155/1178/831 1154/1179/831
f 1154/1179/832 1155/1178/832 1153/1180/832 1152/1181/832
f 1152/1181/833 1153/1180/833 1149/1182/833 1148/1183/833
f 1150/1184/834 1154/1179/834 1152/1181/834 1148/1185/834
f 1155/1178/835 1151/1186/835 1149/1187/835 1153/1180/835
f 1156/1174/836 1157/1175/836 1159/1176/836 1158/1177/836
f 1158/1177/837 1159/1176/837 1163/1178/837 1162/1179/837
f 1162/1179/838 1163/1178/838 1161/1180/838 1160/1181/838
f 1160/1181/839 1161/1180/839 1157/1182/839 1156/1183/839
f 1158/1184/840 1162/1179/840 1160/1181/840 1156/1185/840
f 1163/1178/841 1159/1186/841 1157/1187/841 1161/1180/841
f 1164/1174/842 1165/1175/842 1167/1176/842 1166/1177/842
f 1166/1177/843 1167/1176/843 1171/1178/843 1170/1179/843
f 1170/1179/844 1171/1178/844 1169/1180/844 1168/1181/844
f 1168/1181/845 1169/1180/845 1165/1182/845 1164/1183/845
f 1166/1184/846 1170/1179/846 1168/1181/846 1164/1185/846
f 1171/1178/847 1167/1186/847 1165/1187/847 1169/1180/847
f 1172/1174/848 1173/1175/848 1175/1176/848 1174/1177/848
f 1174/1177/849 1175/1176/849 1179/1178/849 1178/1179/849
f 1178/1179/850 1179/1178/850 1177/1180/850 1176/1181/850
f 1176/1181/851 1177/1180/851 1173/1182/851 1172/1183/851
f 1174/1184/852 1178/1179/852 1176/1181/852 1172/1185/852
f 1179/1178/853 1175/1186/853 1173/1187/853 1177/1180/853
f 1180/1174/854 1181/1175/854 1183/1176/854 1182/1177/854
f 1182/1177/855 1183/1176/855 1187/1178/855 1186/1179/855
f 1186/1179/856 1187/1178/856 1185/1180/856 1184/1181/856
f 1184/1181/857 1185/1180/857 1181/1182/857 1180/1183/857
f 1182/1184/858 1186/1179/858 1184/1181/858 1180/1185/858
f 1187/1178/859 1183/1186/859 1181/1187/859 1185/1180/859
o Cube.047
v 20.007286 1.643898 17.965677
v 20.074703 1.829673 17.996384
v 18.349310 1.643898 21.605885
v 18.416727 1.829673 21.636591
v 15.780681 3.495907 16.040617
v 15.848097 3.681682 16.071323
v 14.122703 3.495907 19.680824
v 14.190120 3.681682 19.711531
v -17.776888 1.643899 21.157509
v -17.844881 1.829673 21.186922
v -19.365046 1.643897 17.486301
v -19.433039 1.829673 17.515713
v -13.514288 3.495907 19.313515
v -13.582281 3.681681 19.342926
v -15.102446 3.495908 15.642308
v -15.170439 3.681681 15.671721
v -10.319761 1.643898 28.289188
v -10.361866 1.829673 28.350136
v -13.610767 1.643899 26.015587
v -13.652874 1.829673 26.076534
v -7.679903 3.495908 24.468033
v -7.722010 3.681682 24.528980
v -10.970911 3.495907 22.194429
v -11.013016 3.681681 22.255379
v -7.444000 1.643898 29.508190
v -7.472511 1.829672 29.576563
v -11.135889 1.643899 27.968723
v -11.164398 1.829671 28.037098
v -5.656542 3.495907 25.221573
v -5.685053 3.681681 25.289948
v -9.348433 3.495908 23.682108
v -9.376942 3.681681 23.750483
v 5.467423 1.643898 31.185852
v 5.469987 1.829672 31.259886
v 1.469819 1.643898 31.324272
v 1.472383 1.829672 31.398310
v 5.306704 3.495907 26.544273
v 5.309267 3.681682 26.618309
v 1.309099 3.495907 26.682695
v 1.311664 3.681681 26.756731
v 8.470021 1.643898 30.076385
v 8.492871 1.829672 30.146854
v 4.665051 1.643898 31.310163
v 4.687901 1.829673 31.380630
v 7.037497 3.495907 25.658474
v 7.060346 3.681681 25.728943
v 3.232526 3.495907 26.892250
v 3.255375 3.681681 26.962719
v 11.634207 1.643898 28.548561
v 11.664804 1.829673 28.616030
v 7.991331 1.643898 30.200668
v 8.021929 1.829672 30.268135
v 9.715963 3.495907 24.318859
v 9.746561 3.681682 24.386324
v 6.073088 3.495907 25.970964
v 6.103685 3.681682 26.038431
v 14.100686 1.643898 26.181591
v 14.149382 1.829672 26.237419
v 11.086269 1.643898 28.810905
v 11.134965 1.829672 28.866734
v 11.047817 3.495907 22.681585
v 11.096512 3.681681 22.737411
v 8.033401 3.495907 25.310898
v 8.082096 3.681681 25.366726
v -13.263145 1.643898 26.295803
v -13.314032 1.829674 26.349638
v -16.170103 1.643899 23.548149
v -16.220991 1.829673 23.601986
v -10.072872 3.495907 22.920567
v -10.123758 3.681683 22.974401
v -12.979830 3.495908 20.172913
v -13.030718 3.681682 20.226748
v -4.429216 1.643898 30.576683
v -4.453373 1.829673 30.646717
v -8.210609 1.643898 29.272434
v -8.234766 1.829673 29.342464
v -2.914865 3.495908 26.186148
v -2.939022 3.681682 26.256180
v -6.696260 3.495908 24.881897
v -6.720415 3.681682 24.951929
v -0.702257 1.643898 31.255241
v -0.718050 1.829672 31.327620
v -4.610338 1.643899 30.402641
v -4.626129 1.829673 30.475021
v 0.287685 3.495907 26.717611
v 0.271894 3.681681 26.789989
v -3.620394 3.495908 25.865013
v -3.636183 3.681681 25.937389
v 1.666489 1.643898 31.239296
v 1.660369 1.829673 31.313122
v -2.319836 1.643898 30.908833
v -2.325956 1.829673 30.982658
v 2.050190 3.495908 26.610817
v 2.044069 3.681682 26.684643
v -1.936136 3.495907 26.280350
v -1.942257 3.681681 26.354177
v 16.280558 1.643898 24.171301
v 16.330433 1.829673 24.226078
v 13.322927 1.643898 26.864334
v 13.372802 1.829673 26.919107
v 13.153708 3.495907 20.737226
v 13.203584 3.681682 20.792002
v 10.196077 3.495907 23.430258
v 10.245953 3.681682 23.485033
v -15.794191 1.643899 23.968956
v -15.855406 1.829674 24.010675
v -18.046869 1.643899 20.663589
v -18.108088 1.829673 20.705311
v -11.956366 3.495908 21.353394
v -12.017584 3.681682 21.395115
v -14.209045 3.495908 18.048027
v -14.270260 3.681681 18.089748
v 18.709394 1.643899 21.169039
v 18.766300 1.829673 21.216469
v 16.148441 1.643899 24.241745
v 16.205347 1.829673 24.289173
v 15.141707 3.495908 18.195543
v 15.198614 3.681682 18.242973
v 12.580753 3.495908 21.268250
v 12.637661 3.681682 21.315678
vn 0.8453 -0.3704 0.3850
vn -0.4145 -0.0000 0.9101
vn -0.8453 0.3704 -0.3850
vn 0.4145 -0.0000 -0.9101
vn -0.3371 -0.9289 -0.1535
vn 0.3371 0.9289 0.1535
vn -0.8525 -0.3704 0.3688
vn -0.3970 -0.0000 -0.9178
vn 0.8525 0.3704 -0.3688
vn 0.3970 -0.0000 0.9178
vn 0.3400 -0.9289 -0.1471
vn -0.3400 0.9289 0.1471
vn -0.5280 -0.3704 0.7642
vn -0.8228 -0.0000 -0.5684
vn 0.5280 0.3704 -0.7642
vn 0.8228 -0.0000 0.5684
vn 0.2105 -0.9289 -0.3047
vn -0.2105 0.9289 0.3047
vn -0.3575 -0.3704 0.8573
vn -0.9230 -0.0000 -0.3849
vn 0.3575 0.3704 -0.8573
vn 0.9230 -0.0000 0.3849
vn 0.1426 -0.9289 -0.3419
vn -0.1426 0.9289 0.3419
vn 0.0321 -0.3704 0.9283
vn -0.9994 -0.0000 0.0346
vn -0.0321 0.3704 -0.9283
vn 0.9994 -0.0000 -0.0346
vn -0.0128 -0.9289 -0.3702
vn 0.0128 0.9289 0.3702
vn 0.2865 -0.3704 0.8836
vn -0.9512 -0.0000 0.3084
vn -0.2865 0.3704 -0.8836
vn 0.9512 -0.0000 -0.3084
vn -0.1142 -0.9289 -0.3523
vn 0.1142 0.9289 0.3523
vn 0.3836 -0.3704 0.8459
vn -0.9107 -0.0000 0.4130
vn -0.3836 0.3704 -0.8459
vn 0.9107 -0.0000 -0.4130
vn -0.1530 -0.9289 -0.3373
vn 0.1530 0.9289 0.3373
vn 0.6106 -0.3704 0.7000
vn -0.7536 -0.0000 0.6573
vn -0.6106 0.3704 -0.7000
vn 0.7536 -0.0000 -0.6573
vn -0.2435 -0.9289 -0.2791
vn 0.2435 0.9289 0.2791
vn -0.6381 -0.3704 0.6751
vn -0.7267 -0.0000 -0.6869
vn 0.6381 0.3704 -0.6750
vn 0.7267 -0.0000 0.6869
vn 0.2544 -0.9289 -0.2692
vn -0.2544 0.9289 0.2692
vn -0.3029 -0.3704 0.8781
vn -0.9453 -0.0000 -0.3261
vn 0.3029 0.3704 -0.8781
vn 0.9453 -0.0000 0.3261
vn 0.1208 -0.9289 -0.3502
vn -0.1208 0.9289 0.3502
vn -0.1980 -0.3704 0.9075
vn -0.9770 -0.0000 -0.2132
vn 0.1980 0.3704 -0.9075
vn 0.9770 -0.0000 0.2131
vn 0.0790 -0.9289 -0.3619
vn -0.0790 0.9289 0.3619
vn -0.0767 -0.3704 0.9257
vn -0.9966 -0.0000 -0.0826
vn 0.0767 0.3704 -0.9257
vn 0.9966 -0.0000 0.0826
vn 0.0306 -0.9289 -0.3691
vn -0.0306 0.9289 0.3691
vn 0.6254 -0.3704 0.6868
vn -0.7394 -0.0000 0.6733
vn -0.6254 0.3704 -0.6868
vn 0.7394 -0.0000 -0.6733
vn -0.2494 -0.9289 -0.2739
vn 0.2494 0.9289 0.2739
vn -0.7676 -0.3704 0.5231
vn -0.5632 -0.0000 -0.8263
vn 0.7676 0.3704 -0.5231
vn 0.5632 -0.0000 0.8263
vn 0.3061 -0.9289 -0.2086
vn -0.3061 0.9289 0.2086
vn 0.7135 -0.3704 0.5947
vn -0.6402 -0.0000 0.7682
vn -0.7135 0.3704 -0.5947
vn 0.6402 -0.0000 -0.7682
vn -0.2845 -0.9289 -0.2371
vn 0.2845 0.9289 0.2371
vt 0.375000 0.000000
vt 0.625000 0.000000
vt 0.625000 0.250000
vt 0.375000 0.250000
vt 0.625000 0.500000
vt 0.375000 0.500000
vt 0.625000 0.750000
vt 0.375000 0.750000
vt 0.625000 1.000000
vt 0.375000 1.000000
vt 0.125000 0.500000
vt 0.125000 0.750000
vt 0.875000 0.500000
vt 0.875000 0.750000
s 0
usemtl Material.056
f 1188/1188/860 1189/1189/860 1191/1190/860 1190/1191/860
f 1190/1191/861 1191/1190/861 1195/1192/861 1194/1193/861
f 1194/1193/862 1195/1192/862 1193/1194/862 1192/1195/862
f 1192/1195/863 1193/1194/863 1189/1196/863 1188/1197/863
f 1190/1198/864 1194/1193/864 1192/1195/864 1188/1199/864
f 1195/1192/865 1191/1200/865 1189/1201/865 1193/1194/865
f 1196/1188/866 1197/1189/866 1199/1190/866 1198/1191/866
f 1198/1191/867 1199/1190/867 1203/1192/867 1202/1193/867
f 1202/1193/868 1203/1192/868 1201/1194/868 1200/1195/868
f 1200/1195/869 1201/1194/869 1197/1196/869 1196/1197/869
f 1198/1198/870 1202/1193/870 1200/1195/870 1196/1199/870
f 1203/1192/871 1199/1200/871 1197/1201/871 1201/1194/871
f 1204/1188/872 1205/1189/872 1207/1190/872 1206/1191/872
f 1206/1191/873 1207/1190/873 1211/1192/873 1210/1193/873
f 1210/1193/874 1211/1192/874 1209/1194/874 1208/1195/874
f 1208/1195/875 1209/1194/875 1205/1196/875 1204/1197/875
f 1206/1198/876 1210/1193/876 1208/1195/876 1204/1199/876
f 1211/1192/877 1207/1200/877 1205/1201/877 1209/1194/877
f 1212/1188/878 1213/1189/878 1215/1190/878 1214/1191/878
f 1214/1191/879 1215/1190/879 1219/1192/879 1218/1193/879
f 1218/1193/880 1219/1192/880 1217/1194/880 1216/1195/880
f 1216/1195/881 1217/1194/881 1213/1196/881 1212/1197/881
f 1214/1198/882 1218/1193/882 1216/1195/882 1212/1199/882
f 1219/1192/883 1215/1200/883 1213/1201/883 1217/1194/883
f 1220/1188/884 1221/1189/884 1223/1190/884 1222/1191/884
f 1222/1191/885 1223/1190/885 1227/1192/885 1226/1193/885
f 1226/1193/886 1227/1192/886 1225/1194/886 1224/1195/886
f 1224/1195/887 1225/1194/887 1221/1196/887 1220/1197/887
f 1222/1198/888 1226/1193/888 1224/1195/888 1220/1199/888
f 1227/1192/889 1223/1200/889 1221/1201/889 1225/1194/889
f 1228/1188/890 1229/1189/890 1231/1190/890 1230/1191/890
f 1230/1191/891 1231/1190/891 1235/1192/891 1234/1193/891
f 1234/1193/892 1235/1192/892 1233/1194/892 1232/1195/892
f 1232/1195/893 1233/1194/893 1229/1196/893 1228/1197/893
f 1230/1198/894 1234/1193/894 1232/1195/894 1228/1199/894
f 1235/1192/895 1231/1200/895 1229/1201/895 1233/1194/895
f 1236/1188/896 1237/1189/896 1239/1190/896 1238/1191/896
f 1238/1191/897 1239/1190/897 1243/1192/897 1242/1193/897
f 1242/1193/898 1243/1192/898 1241/1194/898 1240/1195/898
f 1240/1195/899 1241/1194/899 1237/1196/899 1236/1197/899
f 1238/1198/900 1242/1193/900 1240/1195/900 1236/1199/900
f 1243/1192/901 1239/1200/901 1237/1201/901 1241/1194/901
f 1244/1188/902 1245/1189/902 1247/1190/902 1246/1191/902
f 1246/1191/903 1247/1190/903 1251/1192/903 1250/1193/903
f 1250/1193/904 1251/1192/904 1249/1194/904 1248/1195/904
f 1248/1195/905 1249/1194/905 1245/1196/905 1244/1197/905
f 1246/1198/906 1250/1193/906 1248/1195/906 1244/1199/906
f 1251/1192/907 1247/1200/907 1245/1201/907 1249/1194/907
f 1252/1188/908 1253/1189/908 1255/1190/908 1254/1191/908
f 1254/1191/909 1255/1190/909 1259/1192/909 1258/1193/909
f 1258/1193/910 1259/1192/910 1257/1194/910 1256/1195/910
f 1256/1195/911 1257/1194/911 1253/1196/911 1252/1197/911
f 1254/1198/912 1258/1193/912 1256/1195/912 1252/1199/912
f 1259/1192/913 1255/1200/913 1253/1201/913 1257/1194/913
f 1260/1188/914 1261/1189/914 1263/1190/914 1262/1191/914
f 1262/1191/915 1263/1190/915 1267/1192/915 1266/1193/915
f 1266/1193/916 1267/1192/916 1265/1194/916 1264/1195/916
f 1264/1195/917 1265/1194/917 1261/1196/917 1260/1197/917
f 1262/1198/918 1266/1193/918 1264/1195/918 1260/1199/918
f 1267/1192/919 1263/1200/919 1261/1201/919 1265/1194/919
f 1268/1188/920 1269/1189/920 1271/1190/920 1270/1191/920
f 1270/1191/921 1271/1190/921 1275/1192/921 1274/1193/921
f 1274/1193/922 1275/1192/922 1273/1194/922 1272/1195/922
f 1272/1195/923 1273/1194/923 1269/1196/923 1268/1197/923
f 1270/1198/924 1274/1193/924 1272/1195/924 1268/1199/924
f 1275/1192/925 1271/1200/925 1269/1201/925 1273/1194/925
f 1276/1188/926 1277/1189/926 1279/1190/926 1278/1191/926
f 1278/1191/927 1279/1190/927 1283/1192/927 1282/1193/927
f 1282/1193/928 1283/1192/928 1281/1194/928 1280/1195/928
f 1280/1195/929 1281/1194/929 1277/1196/929 1276/1197/929
f 1278/1198/930 1282/1193/930 1280/1195/930 1276/1199/930
f 1283/1192/931 1279/1200/931 1277/1201/931 1281/1194/931
f 1284/1188/932 1285/1189/932 1287/1190/932 1286/1191/932
f 1286/1191/933 1287/1190/933 1291/1192/933 1290/1193/933
f 1290/1193/934 1291/1192/934 1289/1194/934 1288/1195/934
f 1288/1195/935 1289/1194/935 1285/1196/935 1284/1197/935
f 1286/1198/936 1290/1193/936 1288/1195/936 1284/1199/936
f 1291/1192/937 1287/1200/937 1285/1201/937 1289/1194/937
f 1292/1188/938 1293/1189/938 1295/1190/938 1294/1191/938
f 1294/1191/939 1295/1190/939 1299/1192/939 1298/1193/939
f 1298/1193/940 1299/1192/940 1297/1194/940 1296/1195/940
f 1296/1195/941 1297/1194/941 1293/1196/941 1292/1197/941
f 1294/1198/942 1298/1193/942 1296/1195/942 1292/1199/942
f 1299/1192/943 1295/1200/943 1293/1201/943 1297/1194/943
f 1300/1188/944 1301/1189/944 1303/1190/944 1302/1191/944
f 1302/1191/945 1303/1190/945 1307/1192/945 1306/1193/945
f 1306/1193/946 1307/1192/946 1305/1194/946 1304/1195/946
f 1304/1195/947 1305/1194/947 1301/1196/947 1300/1197/947
f 1302/1198/948 1306/1193/948 1304/1195/948 1300/1199/948
f 1307/1192/949 1303/1200/949 1301/1201/949 1305/1194/949
o Cube.053
v -4.882408 -0.005048 4.438640
v -4.882408 0.108232 4.438640
v -4.882408 -0.005048 2.543601
v -4.882408 0.108232 2.543601
v -4.755649 -0.005048 4.438640
v -4.755649 0.108232 4.438640
v -4.755649 -0.005048 2.543601
v -4.755649 0.108232 2.543601
vn -1.0000 -0.0000 -0.0000
vn -0.0000 -0.0000 -1.0000
vn 1.0000 -0.0000 -0.0000
vn -0.0000 -0.0000 1.0000
vn -0.0000 -1.0000 -0.0000
vn -0.0000 1.0000 -0.0000
vt 0.375000 0.000000
vt 0.625000 0.000000
vt 0.625000 0.250000
vt 0.375000 0.250000
vt 0.625000 0.500000
vt 0.375000 0.500000
vt 0.625000 0.750000
vt 0.375000 0.750000
vt 0.625000 1.000000
vt 0.375000 1.000000
vt 0.125000 0.500000
vt 0.125000 0.750000
vt 0.875000 0.500000
vt 0.875000 0.750000
s 0
usemtl Material.070
f 1308/1202/950 1309/1203/950 1311/1204/950 1310/1205/950
f 1310/1205/951 1311/1204/951 1315/1206/951 1314/1207/951
f 1314/1207/952 1315/1206/952 1313/1208/952 1312/1209/952
f 1312/1209/953 1313/1208/953 1309/1210/953 1308/1211/953
f 1310/1212/954 1314/1207/954 1312/1209/954 1308/1213/954
f 1315/1206/955 1311/1214/955 1309/1215/955 1313/1208/955
o Cube.056
v -4.753704 -0.022312 2.669570
v -4.753704 0.090968 2.669570
v -4.753704 -0.022312 2.542810
v -4.753704 0.090968 2.542810
v -4.094069 -0.022312 2.669570
v -4.094069 0.090968 2.669570
v -4.094069 -0.022312 2.542810
v -4.094069 0.090968 2.542810
vn -1.0000 -0.0000 -0.0000
vn -0.0000 -0.0000 -1.0000
vn 1.0000 -0.0000 -0.0000
vn -0.0000 -0.0000 1.0000
vn -0.0000 -1.0000 -0.0000
vn -0.0000 1.0000 -0.0000
vt 0.375000 0.000000
vt 0.625000 0.000000
vt 0.625000 0.250000
vt 0.375000 0.250000
vt 0.625000 0.500000
vt 0.375000 0.500000
vt 0.625000 0.750000
vt 0.375000 0.750000
vt 0.625000 1.000000
vt 0.375000 1.000000
vt 0.125000 0.500000
vt 0.125000 0.750000
vt 0.875000 0.500000
vt 0.875000 0.750000
s 0
usemtl Material.071
f 1316/1216/956 1317/1217/956 1319/1218/956 1318/1219/956
f 1318/1219/957 1319/1218/957 1323/1220/957 1322/1221/957
f 1322/1221/958 1323/1220/958 1321/1222/958 1320/1223/958
f 1320/1223/959 1321/1222/959 1317/1224/959 1316/1225/959
f 1318/1226/960 1322/1221/960 1320/1223/960 1316/1227/960
f 1323/1220/961 1319/1228/961 1317/1229/961 1321/1222/961
o Plane.001
v 4.367372 -0.260000 13.051883
v 8.367372 -0.260000 13.051883
v 4.367372 -0.260000 2.222157
v 8.367372 -0.260000 2.222157
v 10.535965 -0.378053 57.260281
v 10.535965 -0.090883 57.260281
v 10.152054 -0.378053 56.562786
v 10.152054 -0.090883 56.562786
v 13.105278 -0.378053 55.846092
v 13.105278 -0.090883 55.846092
v 12.721367 -0.378053 55.148602
v 12.721367 -0.090883 55.148602
v 10.835606 -0.386931 58.149464
v 10.835606 0.008672 58.149464
v 10.405537 -0.386931 57.368107
v 10.405537 0.008672 57.368107
v 13.713841 -0.386931 56.565239
v 13.713841 0.008672 56.565239
v 13.283772 -0.386931 55.783882
v 13.283772 0.008672 55.783882
v 11.223884 -0.370392 59.027813
v 11.223884 0.145069 59.027813
v 10.774013 -0.370392 58.210484
v 10.774013 0.145069 58.210484
v 14.234637 -0.370392 57.370655
v 14.234637 0.145069 57.370655
v 13.784765 -0.370392 56.553322
v 13.784765 0.145069 56.553322
v 12.412422 -0.188812 61.928562
v 12.412422 0.233837 61.928562
v 10.889884 -0.188812 59.230885
v 10.889884 0.233837 59.230885
v 16.230413 -0.188812 59.773735
v 16.230413 0.233837 59.773735
v 14.707875 -0.188812 57.076054
v 14.707875 0.233837 57.076054
v -65.885818 -0.682793 38.673855
v -65.885818 -0.477207 38.673855
v -65.495636 -0.682793 38.712288
v -65.495636 -0.477207 38.712288
v -65.120453 -0.682793 38.826096
v -65.120453 -0.477207 38.826096
v -64.774681 -0.682793 39.010918
v -64.774681 -0.477207 39.010918
v -64.471603 -0.682793 39.259640
v -64.471603 -0.477207 39.259640
v -64.222878 -0.682793 39.562714
v -64.222878 -0.477207 39.562714
v -64.038063 -0.682793 39.908489
v -64.038063 -0.477207 39.908489
v -63.924248 -0.682793 40.283676
v -63.924248 -0.477207 40.283676
v -63.885818 -0.682793 40.673855
v -63.885818 -0.477207 40.673855
v -63.924248 -0.682793 41.064034
v -63.924248 -0.477207 41.064034
v -64.038063 -0.682793 41.439220
v -64.038063 -0.477207 41.439220
v -64.222878 -0.682793 41.784996
v -64.222878 -0.477207 41.784996
v -64.471603 -0.682793 42.088070
v -64.471603 -0.477207 42.088070
v -64.774681 -0.682793 42.336796
v -64.774681 -0.477207 42.336796
v -65.120453 -0.682793 42.521614
v -65.120453 -0.477207 42.521614
v -65.495636 -0.682793 42.635426
v -65.495636 -0.477207 42.635426
v -65.885818 -0.682793 42.673855
v -65.885818 -0.477207 42.673855
v -66.276001 -0.682793 42.635426
v -66.276001 -0.477207 42.635426
v -66.651184 -0.682793 42.521614
v -66.651184 -0.477207 42.521614
v -66.996956 -0.682793 42.336796
v -66.996956 -0.477207 42.336796
v -67.300034 -0.682793 42.088070
v -67.300034 -0.477207 42.088070
v -67.548759 -0.682793 41.784996
v -67.548759 -0.477207 41.784996
v -67.733574 -0.682793 41.439220
v -67.733574 -0.477207 41.439220
v -67.847389 -0.682793 41.064034
v -67.847389 -0.477207 41.064034
v -67.885818 -0.682793 40.673855
v -67.885818 -0.477207 40.673855
v -67.847389 -0.682793 40.283676
v -67.847389 -0.477207 40.283676
v -67.733574 -0.682793 39.908489
v -67.733574 -0.477207 39.908489
v -67.548759 -0.682793 39.562714
v -67.548759 -0.477207 39.562714
v -67.300034 -0.682793 39.259640
v -67.300034 -0.477207 39.259640
v -66.996956 -0.682793 39.010918
v -66.996956 -0.477207 39.010918
v -66.651184 -0.682793 38.826096
v -66.651184 -0.477207 38.826096
v -66.276001 -0.682793 38.712288
v -66.276001 -0.477207 38.712288
v 0.140776 -0.780000 7.792414
v 22.388748 -0.780000 17.598114
v 22.388748 -0.380000 17.598114
v 20.185738 -0.780000 21.888489
v 20.185738 -0.380000 21.888489
v 17.212412 -0.780000 25.637157
v 17.212412 -0.380000 25.637157
v 13.583032 -0.780000 28.700064
v 13.577803 -0.385962 28.692572
v 9.437073 -0.780000 30.959501
v 9.437073 -0.380000 30.959501
v 4.933862 -0.780000 32.328636
v 4.908981 -0.534403 32.086235
v 0.246456 -0.780000 32.754864
v 0.216444 -0.544460 32.483856
v -4.445012 -0.780000 32.221794
v -4.445012 -0.380000 32.221794
v -8.960251 -0.780000 30.749918
v -8.960251 -0.380000 30.749918
v -13.125739 -0.780000 28.395800
v -13.125739 -0.380000 28.395800
v -16.781406 -0.780000 25.249903
v -16.781406 -0.380000 25.249903
v -19.786762 -0.780000 21.433126
v -19.786762 -0.380000 21.433126
v -22.026314 -0.780000 17.092142
v -22.026314 -0.380000 17.092142
v 0.140776 -0.380000 7.792414
v -1.590310 -0.060000 -0.752118
v 1.590310 -0.060000 -0.752118
v -1.590310 -0.060000 -1.770123
v 1.590310 -0.060000 -1.770123
v -0.183412 -0.160000 -0.643033
v 10.319962 -0.160000 -6.687277
v -8.663514 -0.160000 -6.681455
v 77.884491 -0.260000 65.376694
v 79.884491 -0.260000 65.376694
v 77.884491 -0.260000 -6.623300
v 79.884491 -0.260000 -6.623300
v -79.999985 -0.260000 67.058777
v 79.999992 -0.260000 67.058777
v -79.999985 -0.260000 65.058777
v 79.999992 -0.260000 65.058777
v -79.999985 -0.260000 -6.674540
v 79.999992 -0.260000 -6.674540
v -79.999985 -0.260000 -8.674543
v 79.999992 -0.260000 -8.674543
v -79.884491 -0.260000 65.376694
v -77.884491 -0.260000 65.376694
v -79.884491 -0.260000 -6.623300
v -77.884491 -0.260000 -6.623300
vn -0.0000 1.0000 -0.0000
vn -0.8761 -0.0000 0.4822
vn -0.4822 -0.0000 -0.8761
vn 0.8761 -0.0000 -0.4822
vn 0.4822 -0.0000 0.8761
vn -0.0000 -1.0000 -0.0000
vn -0.8709 -0.0000 0.4915
vn -0.4915 -0.0000 -0.8709
vn 0.8709 -0.0000 -0.4915
vn 0.4915 -0.0000 0.8709
vn 0.0980 -0.0000 -0.9952
vn 0.2903 -0.0000 -0.9569
vn 0.4714 -0.0000 -0.8819
vn 0.6344 -0.0000 -0.7730
vn 0.7730 -0.0000 -0.6344
vn 0.8819 -0.0000 -0.4714
vn 0.9569 -0.0000 -0.2903
vn 0.9952 -0.0000 -0.0980
vn 0.9952 -0.0000 0.0980
vn 0.9569 -0.0000 0.2903
vn 0.8819 -0.0000 0.4714
vn 0.7730 -0.0000 0.6344
vn 0.6344 -0.0000 0.7730
vn 0.4714 -0.0000 0.8819
vn 0.2903 -0.0000 0.9569
vn 0.0980 -0.0000 0.9952
vn -0.0980 -0.0000 0.9952
vn -0.2903 -0.0000 0.9569
vn -0.4714 -0.0000 0.8819
vn -0.6344 -0.0000 0.7730
vn -0.7730 -0.0000 0.6344
vn -0.8819 -0.0000 0.4714
vn -0.9569 -0.0000 0.2903
vn -0.9952 -0.0000 0.0980
vn -0.9952 -0.0000 -0.0980
vn -0.9569 -0.0000 -0.2903
vn -0.8819 -0.0000 -0.4714
vn -0.7730 -0.0000 -0.6344
vn -0.6344 -0.0000 -0.7730
vn -0.4714 -0.0000 -0.8819
vn -0.2903 -0.0000 -0.9569
vn -0.0980 -0.0000 -0.9952
vn 0.8896 -0.0000 0.4568
vn 0.7835 -0.0000 0.6214
vn 0.6442 0.0115 0.7648
vn 0.4793 0.0114 0.8776
vn 0.2441 0.3491 0.9047
vn 0.0589 0.7315 0.6793
vn -0.0713 0.3884 0.9187
vn -0.3099 -0.0000 0.9508
vn -0.4920 -0.0000 0.8706
vn -0.6523 -0.0000 0.7580
vn -0.7857 -0.0000 0.6186
vn -0.8887 -0.0000 0.4585
vn 0.0002 1.0000 0.0021
vn 0.4033 -0.0000 -0.9151
vn 0.3869 -0.0000 0.9221
vt 0.000000 0.000000
vt 1.000000 0.000000
vt 1.000000 1.000000
vt 0.000000 1.000000
vt 0.375000 0.000000
vt 0.625000 0.000000
vt 0.625000 0.250000
vt 0.375000 0.250000
vt 0.625000 0.500000
vt 0.375000 0.500000
vt 0.625000 0.750000
vt 0.375000 0.750000
vt 0.625000 1.000000
vt 0.375000 1.000000
vt 0.125000 0.500000
vt 0.125000 0.750000
vt 0.875000 0.500000
vt 0.875000 0.750000
vt 1.000000 0.500000
vt 0.968750 1.000000
vt 0.968750 0.500000
vt 0.937500 1.000000
vt 0.937500 0.500000
vt 0.906250 1.000000
vt 0.906250 0.500000
vt 0.875000 1.000000
vt 0.843750 1.000000
vt 0.843750 0.500000
vt 0.812500 1.000000
vt 0.812500 0.500000
vt 0.781250 1.000000
vt 0.781250 0.500000
vt 0.750000 1.000000
vt 0.750000 0.500000
vt 0.718750 1.000000
vt 0.718750 0.500000
vt 0.687500 1.000000
vt 0.687500 0.500000
vt 0.656250 1.000000
vt 0.656250 0.500000
vt 0.593750 1.000000
vt 0.593750 0.500000
vt 0.562500 1.000000
vt 0.562500 0.500000
vt 0.531250 1.000000
vt 0.531250 0.500000
vt 0.500000 1.000000
vt 0.500000 0.500000
vt 0.468750 1.000000
vt 0.468750 0.500000
vt 0.437500 1.000000
vt 0.437500 0.500000
vt 0.406250 1.000000
vt 0.406250 0.500000
vt 0.343750 1.000000
vt 0.343750 0.500000
vt 0.312500 1.000000
vt 0.312500 0.500000
vt 0.281250 1.000000
vt 0.281250 0.500000
vt 0.250000 1.000000
vt 0.250000 0.500000
vt 0.218750 1.000000
vt 0.218750 0.500000
vt 0.187500 1.000000
vt 0.187500 0.500000
vt 0.156250 1.000000
vt 0.156250 0.500000
vt 0.125000 1.000000
vt 0.093750 1.000000
vt 0.093750 0.500000
vt 0.062500 1.000000
vt 0.062500 0.500000
vt 0.296822 0.485388
vt 0.250000 0.490000
vt 0.203178 0.485388
vt 0.158156 0.471731
vt 0.116663 0.449553
vt 0.080294 0.419706
vt 0.050447 0.383337
vt 0.028269 0.341844
vt 0.014612 0.296822
vt 0.010000 0.250000
vt 0.014612 0.203178
vt 0.028269 0.158156
vt 0.050447 0.116663
vt 0.080294 0.080294
vt 0.116663 0.050447
vt 0.158156 0.028269
vt 0.203178 0.014612
vt 0.250000 0.010000
vt 0.296822 0.014612
vt 0.341844 0.028269
vt 0.383337 0.050447
vt 0.419706 0.080294
vt 0.449553 0.116663
vt 0.471731 0.158156
vt 0.485388 0.203178
vt 0.490000 0.250000
vt 0.485388 0.296822
vt 0.471731 0.341844
vt 0.449553 0.383337
vt 0.419706 0.419706
vt 0.383337 0.449553
vt 0.341844 0.471731
vt 0.031250 1.000000
vt 0.031250 0.500000
vt 0.000000 0.500000
vt 0.750000 0.490000
vt 0.796822 0.485388
vt 0.841844 0.471731
vt 0.883337 0.449553
vt 0.919706 0.419706
vt 0.949553 0.383337
vt 0.971731 0.341844
vt 0.985388 0.296822
vt 0.990000 0.250000
vt 0.985388 0.203178
vt 0.971731 0.158156
vt 0.949553 0.116663
vt 0.919706 0.080294
vt 0.883337 0.050447
vt 0.841844 0.028269
vt 0.796822 0.014612
vt 0.750000 0.010000
vt 0.703178 0.014612
vt 0.658156 0.028269
vt 0.616663 0.050447
vt 0.580294 0.080294
vt 0.550447 0.116663
vt 0.528269 0.158156
vt 0.514612 0.203178
vt 0.510000 0.250000
vt 0.514612 0.296822
vt 0.528269 0.341844
vt 0.550447 0.383337
vt 0.580294 0.419706
vt 0.616663 0.449553
vt 0.658156 0.471731
vt 0.703178 0.485388
s 0
usemtl Material.022
f 1324/1230/962 1325/1231/962 1327/1232/962 1326/1233/962
usemtl Material.067
f 1328/1234/963 1329/1235/963 1331/1236/963 1330/1237/963
f 1330/1237/964 1331/1236/964 1335/1238/964 1334/1239/964
f 1334/1239/965 1335/1238/965 1333/1240/965 1332/1241/965
f 1332/1241/966 1333/1240/966 1329/1242/966 1328/1243/966
f 1330/1244/967 1334/1239/967 1332/1241/967 1328/1245/967
f 1335/1238/962 1331/1246/962 1329/1247/962 1333/1240/962
f 1336/1234/963 1337/1235/963 1339/1236/963 1338/1237/963
f 1338/1237/964 1339/1236/964 1343/1238/964 1342/1239/964
f 1342/1239/965 1343/1238/965 1341/1240/965 1340/1241/965
f 1340/1241/966 1341/1240/966 1337/1242/966 1336/1243/966
f 1338/1244/967 1342/1239/967 1340/1241/967 1336/1245/967
f 1343/1238/962 1339/1246/962 1337/1247/962 1341/1240/962
f 1344/1234/963 1345/1235/963 1347/1236/963 1346/1237/963
f 1346/1237/964 1347/1236/964 1351/1238/964 1350/1239/964
f 1350/1239/965 1351/1238/965 1349/1240/965 1348/1241/965
f 1348/1241/966 1349/1240/966 1345/1242/966 1344/1243/966
f 1346/1244/967 1350/1239/967 1348/1241/967 1344/1245/967
f 1351/1238/962 1347/1246/962 1345/1247/962 1349/1240/962
f 1352/1234/968 1353/1235/968 1355/1236/968 1354/1237/968
f 1354/1237/969 1355/1236/969 1359/1238/969 1358/1239/969
f 1358/1239/970 1359/1238/970 1357/1240/970 1356/1241/970
f 1356/1241/971 1357/1240/971 1353/1242/971 1352/1243/971
f 1354/1244/967 1358/1239/967 1356/1241/967 1352/1245/967
f 1359/1238/962 1355/1246/962 1353/1247/962 1357/1240/962
usemtl Material.068
f 1360/1248/972 1361/1232/972 1363/1249/972 1362/1250/972
f 1362/1250/973 1363/1249/973 1365/1251/973 1364/1252/973
f 1364/1252/974 1365/1251/974 1367/1253/974 1366/1254/974
f 1366/1254/975 1367/1253/975 1369/1255/975 1368/1246/975
f 1368/1246/976 1369/1255/976 1371/1256/976 1370/1257/976
f 1370/1257/977 1371/1256/977 1373/1258/977 1372/1259/977
f 1372/1259/978 1373/1258/978 1375/1260/978 1374/1261/978
f 1374/1261/979 1375/1260/979 1377/1262/979 1376/1263/979
f 1376/1263/980 1377/1262/980 1379/1264/980 1378/1265/980
f 1378/1265/981 1379/1264/981 1381/1266/981 1380/1267/981
f 1380/1267/982 1381/1266/982 1383/1268/982 1382/1269/982
f 1382/1269/983 1383/1268/983 1385/1242/983 1384/1238/983
f 1384/1238/984 1385/1242/984 1387/1270/984 1386/1271/984
f 1386/1271/985 1387/1270/985 1389/1272/985 1388/1273/985
f 1388/1273/986 1389/1272/986 1391/1274/986 1390/1275/986
f 1390/1275/987 1391/1274/987 1393/1276/987 1392/1277/987
f 1392/1277/988 1393/1276/988 1395/1278/988 1394/1279/988
f 1394/1279/989 1395/1278/989 1397/1280/989 1396/1281/989
f 1396/1281/990 1397/1280/990 1399/1282/990 1398/1283/990
f 1398/1283/991 1399/1282/991 1401/1243/991 1400/1239/991
f 1400/1239/992 1401/1243/992 1403/1284/992 1402/1285/992
f 1402/1285/993 1403/1284/993 1405/1286/993 1404/1287/993
f 1404/1287/994 1405/1286/994 1407/1288/994 1406/1289/994
f 1406/1289/995 1407/1288/995 1409/1290/995 1408/1291/995
f 1408/1291/996 1409/1290/996 1411/1292/996 1410/1293/996
f 1410/1293/997 1411/1292/997 1413/1294/997 1412/1295/997
f 1412/1295/998 1413/1294/998 1415/1296/998 1414/1297/998
f 1414/1297/999 1415/1296/999 1417/1298/999 1416/1244/999
f 1416/1244/1000 1417/1298/1000 1419/1299/1000 1418/1300/1000
f 1418/1300/1001 1419/1299/1001 1421/1301/1001 1420/1302/1001
f 1363/1303/962 1361/1304/962 1423/1305/962 1421/1306/962 1419/1307/962 1417/1308/962 1415/1309/962 1413/1310/962 1411/1311/962 1409/1312/962 1407/1313/962 1405/1314/962 1403/1315/962 1401/1316/962 1399/1317/962 1397/1318/962 1395/1319/962 1393/1320/962 1391/1321/962 1389/1322/962 1387/1323/962 1385/1324/962 1383/1325/962 1381/1326/962 1379/1327/962 1377/1328/962 1375/1329/962 1373/1330/962 1371/1331/962 1369/1332/962 1367/1333/962 1365/1334/962
f 1420/1302/1002 1421/1301/1002 1423/1335/1002 1422/1336/1002
f 1422/1336/1003 1423/1335/1003 1361/1233/1003 1360/1337/1003
f 1360/1338/967 1362/1339/967 1364/1340/967 1366/1341/967 1368/1342/967 1370/1343/967 1372/1344/967 1374/1345/967 1376/1346/967 1378/1347/967 1380/1348/967 1382/1349/967 1384/1350/967 1386/1351/967 1388/1352/967 1390/1353/967 1392/1354/967 1394/1355/967 1396/1356/967 1398/1357/967 1400/1358/967 1402/1359/967 1404/1360/967 1406/1361/967 1408/1362/967 1410/1363/967 1412/1364/967 1414/1365/967 1416/1366/967 1418/1367/967 1420/1368/967 1422/1369/967
usemtl Material.021
f 1425/1269/967 1427/1238/967 1429/1271/967 1431/1273/967 1433/1275/967 1435/1277/967 1437/1279/967 1439/1281/967 1441/1283/967 1443/1239/967 1445/1285/967 1447/1287/967 1449/1289/967 1424/1230/967
f 1425/1269/1004 1426/1268/1004 1428/1242/1004 1427/1238/1004
f 1427/1238/1005 1428/1242/1005 1430/1270/1005 1429/1271/1005
f 1429/1271/1006 1430/1270/1006 1432/1272/1006 1431/1273/1006
f 1431/1273/1007 1432/1272/1007 1434/1274/1007 1433/1275/1007
f 1433/1275/1008 1434/1274/1008 1436/1276/1008 1435/1277/1008
f 1435/1277/1009 1436/1276/1009 1438/1278/1009 1437/1279/1009
f 1437/1279/1010 1438/1278/1010 1440/1280/1010 1439/1281/1010
f 1439/1281/1011 1440/1280/1011 1442/1282/1011 1441/1283/1011
f 1441/1283/1012 1442/1282/1012 1444/1243/1012 1443/1239/1012
f 1443/1239/1013 1444/1243/1013 1446/1284/1013 1445/1285/1013
f 1445/1285/1014 1446/1284/1014 1448/1286/1014 1447/1287/1014
f 1447/1287/1015 1448/1286/1015 1450/1288/1015 1449/1289/1015
f 1428/1242/1016 1426/1268/1016 1451/1230/1016 1450/1288/1016 1448/1286/1016 1446/1284/1016 1444/1243/1016 1442/1282/1016 1440/1280/1016 1438/1278/1016 1436/1276/1016 1434/1274/1016 1432/1272/1016 1430/1270/1016
f 1425/1269/1017 1424/1230/1017 1451/1230/1017 1426/1268/1017
f 1449/1289/1018 1424/1230/1018 1451/1230/1018 1450/1288/1018
usemtl Material.063
f 1452/1230/962 1453/1231/962 1455/1232/962 1454/1233/962
f 1456/1230/962 1457/1231/962 1458/1233/962
usemtl Material.011
f 1459/1230/962 1460/1231/962 1462/1232/962 1461/1233/962
f 1463/1230/962 1464/1231/962 1466/1232/962 1465/1233/962
f 1467/1230/962 1468/1231/962 1470/1232/962 1469/1233/962
f 1471/1230/962 1472/1231/962 1474/1232/962 1473/1233/962
o Plane.029
v -71.111053 0.000000 8.178802
v -70.111053 0.000000 8.178802
v -71.111053 0.000000 2.778801
v -70.111053 0.000000 2.778801
v -71.111053 0.000000 8.178802
v -70.111053 0.000000 8.178802
v -70.111053 0.000000 8.178802
v -70.111053 0.000000 8.178802
v -70.111053 0.000000 8.178802
v -70.111053 0.000000 8.178802
vn -0.0000 1.0000 -0.0000
vt 0.000000 0.000000
vt 1.000000 0.000000
vt 1.000000 1.000000
vt 0.000000 1.000000
s 0
f 1475/1370/1019 1476/1371/1019 1478/1372/1019 1477/1373/1019
f 1476/1371/1019 1475/1370/1019 1479/1370/1019 1480/1371/1019
f 1476/1371/1019 1480/1371/1019 1482/1371/1019 1481/1371/1019
f 1481/1371/1019 1482/1371/1019 1484/1371/1019 1483/1371/1019
o Plane.031
v -31.119589 0.000000 -0.332599
v -30.945940 0.000000 -1.317406
v -44.906895 0.000000 -2.763674
v -44.733250 0.000000 -3.748481
v -31.119589 0.000000 -0.332599
v -30.945940 0.000000 -1.317406
v -30.945940 0.000000 -1.317406
v -30.945940 0.000000 -1.317406
v -30.945940 0.000000 -1.317406
v -30.945940 0.000000 -1.317406
vn -0.0000 1.0000 -0.0000
vt 0.000000 0.000000
vt 1.000000 0.000000
vt 1.000000 1.000000
vt 0.000000 1.000000
s 0
f 1485/1374/1020 1486/1375/1020 1488/1376/1020 1487/1377/1020
f 1486/1375/1020 1485/1374/1020 1489/1374/1020 1490/1375/1020
f 1486/1375/1020 1490/1375/1020 1492/1375/1020 1491/1375/1020
f 1491/1375/1020 1492/1375/1020 1494/1375/1020 1493/1375/1020
o Plane.033
v -17.240068 0.000000 -1.045734
v -17.310688 0.000000 -2.043237
v -31.205116 0.000000 -0.057072
v -31.275736 0.000000 -1.054575
v -17.240068 0.000000 -1.045734
v -17.310688 0.000000 -2.043237
v -17.310688 0.000000 -2.043237
v -17.310688 0.000000 -2.043237
v -17.310688 0.000000 -2.043237
v -17.310688 0.000000 -2.043237
vn -0.0000 1.0000 -0.0000
vt 0.000000 0.000000
vt 1.000000 0.000000
vt 1.000000 1.000000
vt 0.000000 1.000000
s 0
f 1495/1378/1021 1496/1379/1021 1498/1380/1021 1497/1381/1021
f 1496/1379/1021 1495/1378/1021 1499/1378/1021 1500/1379/1021
f 1496/1379/1021 1500/1379/1021 1502/1379/1021 1501/1379/1021
f 1501/1379/1021 1502/1379/1021 1504/1379/1021 1503/1379/1021
o Plane.034
v -5.784538 0.000000 -4.282405
v -6.045494 0.000000 -5.247756
v -17.368746 0.000000 -1.150932
v -17.629702 0.000000 -2.116282
v -5.784538 0.000000 -4.282405
v -6.045494 0.000000 -5.247756
v -6.045494 0.000000 -5.247756
v -6.045494 0.000000 -5.247756
v -6.045494 0.000000 -5.247756
v -6.045494 0.000000 -5.247756
vn -0.0000 1.0000 -0.0000
vt 0.000000 0.000000
vt 1.000000 0.000000
vt 1.000000 1.000000
vt 0.000000 1.000000
s 0
f 1505/1382/1022 1506/1383/1022 1508/1384/1022 1507/1385/1022
f 1506/1383/1022 1505/1382/1022 1509/1382/1022 1510/1383/1022
f 1506/1383/1022 1510/1383/1022 1512/1383/1022 1511/1383/1022
f 1511/1383/1022 1512/1383/1022 1514/1383/1022 1513/1383/1022
o Plane.035
v 7.895710 0.000000 -5.963355
v 7.634750 0.000000 -4.998005
v 19.479906 0.000000 -2.831842
v 19.218946 0.000000 -1.866492
v 7.895710 0.000000 -5.963355
v 7.634750 0.000000 -4.998005
v 7.634750 0.000000 -4.998005
v 7.634750 0.000000 -4.998005
v 7.634750 0.000000 -4.998005
v 7.634750 0.000000 -4.998005
vn -0.0000 1.0000 -0.0000
vt 0.000000 0.000000
vt 1.000000 0.000000
vt 1.000000 1.000000
vt 0.000000 1.000000
s 0
f 1515/1386/1023 1516/1387/1023 1518/1388/1023 1517/1389/1023
f 1516/1387/1023 1515/1386/1023 1519/1386/1023 1520/1387/1023
f 1516/1387/1023 1520/1387/1023 1522/1387/1023 1521/1387/1023
f 1521/1387/1023 1522/1387/1023 1524/1387/1023 1523/1387/1023
o Plane.036
v 31.217728 0.000000 -2.487411
v 31.163439 0.000000 -3.485936
v 19.235426 0.000000 -1.835928
v 19.181137 0.000000 -2.834453
v 31.217728 0.000000 -2.487411
v 31.163439 0.000000 -3.485936
v 31.163439 0.000000 -3.485936
v 31.163439 0.000000 -3.485936
v 31.163439 0.000000 -3.485936
v 31.163439 0.000000 -3.485936
vn -0.0000 1.0000 -0.0000
vt 0.000000 0.000000
vt 1.000000 0.000000
vt 1.000000 1.000000
vt 0.000000 1.000000
s 0
f 1525/1390/1024 1526/1391/1024 1528/1392/1024 1527/1393/1024
f 1526/1391/1024 1525/1390/1024 1529/1390/1024 1530/1391/1024
f 1526/1391/1024 1530/1391/1024 1532/1391/1024 1531/1391/1024
f 1531/1391/1024 1532/1391/1024 1534/1391/1024 1533/1391/1024
o Plane.037
v 42.957123 -0.081051 -2.415496
v 42.957123 -0.081051 -3.415496
v 30.957123 -0.081051 -2.415496
v 30.957123 -0.081051 -3.415496
v 42.957123 -0.081051 -2.415496
v 42.957123 -0.081051 -3.415496
v 42.957123 -0.081051 -3.415496
v 42.957123 -0.081051 -3.415496
v 42.957123 -0.081051 -3.415496
v 42.957123 -0.081051 -3.415496
vn -0.0000 1.0000 -0.0000
vt 0.000000 0.000000
vt 1.000000 0.000000
vt 1.000000 1.000000
vt 0.000000 1.000000
s 0
f 1535/1394/1025 1536/1395/1025 1538/1396/1025 1537/1397/1025
f 1536/1395/1025 1535/1394/1025 1539/1394/1025 1540/1395/1025
f 1536/1395/1025 1540/1395/1025 1542/1395/1025 1541/1395/1025
f 1541/1395/1025 1542/1395/1025 1544/1395/1025 1543/1395/1025
o Plane.038
v 48.483704 -0.083792 -1.004582
v 48.729305 -0.083792 -1.973953
v 42.667477 -0.083792 -2.478185
v 42.913078 -0.083792 -3.447556
v 48.483704 -0.083792 -1.004582
v 48.729305 -0.083792 -1.973953
v 48.729305 -0.083792 -1.973953
v 48.729305 -0.083792 -1.973953
v 48.729305 -0.083792 -1.973953
v 48.729305 -0.083792 -1.973953
vn -0.0000 1.0000 -0.0000
vt 0.000000 0.000000
vt 1.000000 0.000000
vt 1.000000 1.000000
vt 0.000000 1.000000
s 0
f 1545/1398/1026 1546/1399/1026 1548/1400/1026 1547/1401/1026
f 1546/1399/1026 1545/1398/1026 1549/1398/1026 1550/1399/1026
f 1546/1399/1026 1550/1399/1026 1552/1399/1026 1551/1399/1026
f 1551/1399/1026 1552/1399/1026 1554/1399/1026 1553/1399/1026
o Plane.039
v 48.218086 0.000000 -2.035956
v 48.463688 0.000000 -1.066584
v 54.034313 0.000000 -3.509557
v 54.279915 0.000000 -2.540185
v 48.218086 0.000000 -2.035956
v 48.463688 0.000000 -1.066584
v 48.463688 0.000000 -1.066584
v 48.463688 0.000000 -1.066584
v 48.463688 0.000000 -1.066584
v 48.463688 0.000000 -1.066584
vn -0.0000 1.0000 -0.0000
vt 0.000000 0.000000
vt 1.000000 0.000000
vt 1.000000 1.000000
vt 0.000000 1.000000
s 0
f 1555/1402/1027 1556/1403/1027 1558/1404/1027 1557/1405/1027
f 1556/1403/1027 1555/1402/1027 1559/1402/1027 1560/1403/1027
f 1556/1403/1027 1560/1403/1027 1562/1403/1027 1561/1403/1027
f 1561/1403/1027 1562/1403/1027 1564/1403/1027 1563/1403/1027
o Plane.040
v 59.735249 0.000000 -1.098482
v 59.980850 0.000000 -2.067853
v 53.919022 0.000000 -2.572083
v 54.164623 0.000000 -3.541454
v 59.735249 0.000000 -1.098482
v 59.980850 0.000000 -2.067853
v 59.980850 0.000000 -2.067853
v 59.980850 0.000000 -2.067853
v 59.980850 0.000000 -2.067853
v 59.980850 0.000000 -2.067853
vn -0.0000 1.0000 -0.0000
vt 0.000000 0.000000
vt 1.000000 0.000000
vt 1.000000 1.000000
vt 0.000000 1.000000
s 0
f 1565/1406/1028 1566/1407/1028 1568/1408/1028 1567/1409/1028
f 1566/1407/1028 1565/1406/1028 1569/1406/1028 1570/1407/1028
f 1566/1407/1028 1570/1407/1028 1572/1407/1028 1571/1407/1028
f 1571/1407/1028 1572/1407/1028 1574/1407/1028 1573/1407/1028
o Plane.041
v 65.823814 0.000000 -1.094002
v 65.823814 0.000000 -2.094002
v 59.823814 0.000000 -1.094002
v 59.823814 0.000000 -2.094002
v 65.823814 0.000000 -1.094002
v 65.823814 0.000000 -2.094002
v 65.823814 0.000000 -2.094002
v 65.823814 0.000000 -2.094002
v 65.823814 0.000000 -2.094002
v 65.823814 0.000000 -2.094002
vn -0.0000 1.0000 -0.0000
vt 0.000000 0.000000
vt 1.000000 0.000000
vt 1.000000 1.000000
vt 0.000000 1.000000
s 0
f 1575/1410/1029 1576/1411/1029 1578/1412/1029 1577/1413/1029
f 1576/1411/1029 1575/1410/1029 1579/1410/1029 1580/1411/1029
f 1576/1411/1029 1580/1411/1029 1582/1411/1029 1581/1411/1029
f 1581/1411/1029 1582/1411/1029 1584/1411/1029 1583/1411/1029
o Plane.042
v 70.412186 0.000000 0.251691
v 70.719658 0.000000 -0.699865
v 65.654411 0.000000 -1.285701
v 65.961884 0.000000 -2.237257
v 70.412186 0.000000 0.251691
v 70.719658 0.000000 -0.699865
v 70.719658 0.000000 -0.699865
v 70.719658 0.000000 -0.699865
v 70.719658 0.000000 -0.699865
v 70.719658 0.000000 -0.699865
vn -0.0000 1.0000 -0.0000
vt 0.000000 0.000000
vt 1.000000 0.000000
vt 1.000000 1.000000
vt 0.000000 1.000000
s 0
f 1585/1414/1030 1586/1415/1030 1588/1416/1030 1587/1417/1030
f 1586/1415/1030 1585/1414/1030 1589/1414/1030 1590/1415/1030
f 1586/1415/1030 1590/1415/1030 1592/1415/1030 1591/1415/1030
f 1591/1415/1030 1592/1415/1030 1594/1415/1030 1593/1415/1030
o Plane.043
v 73.032600 0.000000 2.641150
v 73.731438 0.000000 1.925875
v 70.171501 0.000000 -0.154221
v 70.870338 0.000000 -0.869496
v 73.032600 0.000000 2.641150
v 73.731438 0.000000 1.925875
v 73.731438 0.000000 1.925875
v 73.731438 0.000000 1.925875
v 73.731438 0.000000 1.925875
v 73.731438 0.000000 1.925875
vn -0.0000 1.0000 -0.0000
vt 0.000000 0.000000
vt 1.000000 0.000000
vt 1.000000 1.000000
vt 0.000000 1.000000
s 0
f 1595/1418/1031 1596/1419/1031 1598/1420/1031 1597/1421/1031
f 1596/1419/1031 1595/1418/1031 1599/1418/1031 1600/1419/1031
f 1596/1419/1031 1600/1419/1031 1602/1419/1031 1601/1419/1031
f 1601/1419/1031 1602/1419/1031 1604/1419/1031 1603/1419/1031
o Plane.044
v 75.330956 0.000000 6.006643
v 76.176750 0.000000 5.473135
v 73.196922 0.000000 2.623463
v 74.042717 0.000000 2.089955
v 75.330956 0.000000 6.006643
v 76.176750 0.000000 5.473135
v 76.176750 0.000000 5.473135
v 76.176750 0.000000 5.473135
v 76.176750 0.000000 5.473135
v 76.176750 0.000000 5.473135
vn -0.0000 1.0000 -0.0000
vt 0.000000 0.000000
vt 1.000000 0.000000
vt 1.000000 1.000000
vt 0.000000 1.000000
s 0
f 1605/1422/1032 1606/1423/1032 1608/1424/1032 1607/1425/1032
f 1606/1423/1032 1605/1422/1032 1609/1422/1032 1610/1423/1032
f 1606/1423/1032 1610/1423/1032 1612/1423/1032 1611/1423/1032
f 1611/1423/1032 1612/1423/1032 1614/1423/1032 1613/1423/1032
o Plane.045
v 75.166016 0.000000 11.909508
v 76.166016 0.000000 11.909508
v 75.166016 0.000000 5.909508
v 76.166016 0.000000 5.909508
v 75.166016 0.000000 11.909508
v 76.166016 0.000000 11.909508
v 76.166016 0.000000 11.909508
v 76.166016 0.000000 11.909508
v 76.166016 0.000000 11.909508
v 76.166016 0.000000 11.909508
vn -0.0000 1.0000 -0.0000
vt 0.000000 0.000000
vt 1.000000 0.000000
vt 1.000000 1.000000
vt 0.000000 1.000000
s 0
f 1615/1426/1033 1616/1427/1033 1618/1428/1033 1617/1429/1033
f 1616/1427/1033 1615/1426/1033 1619/1426/1033 1620/1427/1033
f 1616/1427/1033 1620/1427/1033 1622/1427/1033 1621/1427/1033
f 1621/1427/1033 1622/1427/1033 1624/1427/1033 1623/1427/1033
o Plane.046
v 73.517883 0.000000 17.091949
v 74.465431 0.000000 17.411549
v 75.243721 0.000000 11.975164
v 76.191269 0.000000 12.294764
v 73.517883 0.000000 17.091949
v 74.465431 0.000000 17.411549
v 74.465431 0.000000 17.411549
v 74.465431 0.000000 17.411549
v 74.465431 0.000000 17.411549
v 74.465431 0.000000 17.411549
vn -0.0000 1.0000 -0.0000
vt 0.000000 0.000000
vt 1.000000 0.000000
vt 1.000000 1.000000
vt 0.000000 1.000000
s 0
f 1625/1430/1034 1626/1431/1034 1628/1432/1034 1627/1433/1034
f 1626/1431/1034 1625/1430/1034 1629/1430/1034 1630/1431/1034
f 1626/1431/1034 1630/1431/1034 1632/1431/1034 1631/1431/1034
f 1631/1431/1034 1632/1431/1034 1634/1431/1034 1633/1431/1034
o Plane.047
v 77.999504 0.000000 12.674770
v 77.999504 0.000000 11.674770
v 75.999504 0.000000 12.674770
v 75.999504 0.000000 11.674770
v 77.999504 0.000000 12.674770
v 77.999504 0.000000 11.674770
v 77.999504 0.000000 11.674770
v 77.999504 0.000000 11.674770
v 77.999504 0.000000 11.674770
v 77.999504 0.000000 11.674770
vn -0.0000 1.0000 -0.0000
vt 0.000000 0.000000
vt 1.000000 0.000000
vt 1.000000 1.000000
vt 0.000000 1.000000
s 0
f 1635/1434/1035 1636/1435/1035 1638/1436/1035 1637/1437/1035
f 1636/1435/1035 1635/1434/1035 1639/1434/1035 1640/1435/1035
f 1636/1435/1035 1640/1435/1035 1642/1435/1035 1641/1435/1035
f 1641/1435/1035 1642/1435/1035 1644/1435/1035 1643/1435/1035
o Plane.048
v 69.975693 0.000000 22.207985
v 70.822159 0.000000 22.740433
v 73.276871 0.000000 16.959915
v 74.123337 0.000000 17.492363
v 69.975693 0.000000 22.207985
v 70.822159 0.000000 22.740433
v 70.822159 0.000000 22.740433
v 70.822159 0.000000 22.740433
v 70.822159 0.000000 22.740433
v 70.822159 0.000000 22.740433
vn -0.0000 1.0000 -0.0000
vt 0.000000 0.000000
vt 1.000000 0.000000
vt 1.000000 1.000000
vt 0.000000 1.000000
s 0
f 1645/1438/1036 1646/1439/1036 1648/1440/1036 1647/1441/1036
f 1646/1439/1036 1645/1438/1036 1649/1438/1036 1650/1439/1036
f 1646/1439/1036 1650/1439/1036 1652/1439/1036 1651/1439/1036
f 1651/1439/1036 1652/1439/1036 1654/1439/1036 1653/1439/1036
o Plane.027
v -69.425705 0.000000 14.040555
v -68.469238 0.000000 13.748735
v -71.176620 0.000000 8.301714
v -70.220154 0.000000 8.009894
v -69.425705 0.000000 14.040555
v -68.469238 0.000000 13.748735
v -68.469238 0.000000 13.748735
v -68.469238 0.000000 13.748735
v -68.469238 0.000000 13.748735
v -68.469238 0.000000 13.748735
vn -0.0000 1.0000 -0.0000
vt 0.000000 0.000000
vt 1.000000 0.000000
vt 1.000000 1.000000
vt 0.000000 1.000000
s 0
f 1655/1442/1037 1656/1443/1037 1658/1444/1037 1657/1445/1037
f 1656/1443/1037 1655/1442/1037 1659/1442/1037 1660/1443/1037
f 1656/1443/1037 1660/1443/1037 1662/1443/1037 1661/1443/1037
f 1661/1443/1037 1662/1443/1037 1664/1443/1037 1663/1443/1037
o Plane.052
v -59.118793 0.000000 45.173046
v -58.618401 0.000000 44.307247
v -64.659904 0.000000 41.970531
v -64.159508 0.000000 41.104733
v -59.118793 0.000000 45.173046
v -58.618401 0.000000 44.307247
v -58.618401 0.000000 44.307247
v -58.618401 0.000000 44.307247
v -58.618401 0.000000 44.307247
v -58.618401 0.000000 44.307247
vn -0.0000 1.0000 -0.0000
vt 0.000000 0.000000
vt 1.000000 0.000000
vt 1.000000 1.000000
vt 0.000000 1.000000
s 0
f 1665/1446/1038 1666/1447/1038 1668/1448/1038 1667/1449/1038
f 1666/1447/1038 1665/1446/1038 1669/1446/1038 1670/1447/1038
f 1666/1447/1038 1670/1447/1038 1672/1447/1038 1671/1447/1038
f 1671/1447/1038 1672/1447/1038 1674/1447/1038 1673/1447/1038
o Plane.053
v -53.709747 0.000000 48.387398
v -53.209354 0.000000 47.521599
v -59.250858 0.000000 45.184883
v -58.750465 0.000000 44.319084
v -53.709747 0.000000 48.387398
v -53.209354 0.000000 47.521599
v -53.209354 0.000000 47.521599
v -53.209354 0.000000 47.521599
v -53.209354 0.000000 47.521599
v -53.209354 0.000000 47.521599
vn -0.0000 1.0000 -0.0000
vt 0.000000 0.000000
vt 1.000000 0.000000
vt 1.000000 1.000000
vt 0.000000 1.000000
s 0
f 1675/1450/1039 1676/1451/1039 1678/1452/1039 1677/1453/1039
f 1676/1451/1039 1675/1450/1039 1679/1450/1039 1680/1451/1039
f 1676/1451/1039 1680/1451/1039 1682/1451/1039 1681/1451/1039
f 1681/1451/1039 1682/1451/1039 1684/1451/1039 1683/1451/1039
o Plane.054
v -48.772858 0.000000 51.266853
v -48.272465 0.000000 50.401054
v -53.967648 0.000000 48.264496
v -53.467255 0.000000 47.398697
v -48.772858 0.000000 51.266853
v -48.272465 0.000000 50.401054
v -48.272465 0.000000 50.401054
v -48.272465 0.000000 50.401054
v -48.272465 0.000000 50.401054
v -48.272465 0.000000 50.401054
vn -0.0000 1.0000 -0.0000
vt 0.000000 0.000000
vt 1.000000 0.000000
vt 1.000000 1.000000
vt 0.000000 1.000000
s 0
f 1685/1454/1040 1686/1455/1040 1688/1456/1040 1687/1457/1040
f 1686/1455/1040 1685/1454/1040 1689/1454/1040 1690/1455/1040
f 1686/1455/1040 1690/1455/1040 1692/1455/1040 1691/1455/1040
f 1691/1455/1040 1692/1455/1040 1694/1455/1040 1693/1455/1040
o Plane.068
v 39.830620 0.000000 49.437134
v 40.331013 0.000000 48.571335
v 34.635830 0.000000 46.434776
v 35.136223 0.000000 45.568977
v 39.830620 0.000000 49.437134
v 40.331013 0.000000 48.571335
v 40.331013 0.000000 48.571335
v 40.331013 0.000000 48.571335
v 40.331013 0.000000 48.571335
v 40.331013 0.000000 48.571335
vn -0.0000 1.0000 -0.0000
vt 0.000000 0.000000
vt 1.000000 0.000000
vt 1.000000 1.000000
vt 0.000000 1.000000
s 0
f 1695/1458/1041 1696/1459/1041 1698/1460/1041 1697/1461/1041
f 1696/1459/1041 1695/1458/1041 1699/1458/1041 1700/1459/1041
f 1696/1459/1041 1700/1459/1041 1702/1459/1041 1701/1459/1041
f 1701/1459/1041 1702/1459/1041 1704/1459/1041 1703/1459/1041
o Plane.069
v 66.416191 -0.042724 26.866497
v 67.228943 -0.042724 27.449110
v 69.911865 -0.042724 21.990000
v 70.724617 -0.042724 22.572613
v 66.416191 -0.042724 26.866497
v 67.228943 -0.042724 27.449110
v 67.228943 -0.042724 27.449110
v 67.228943 -0.042724 27.449110
v 67.228943 -0.042724 27.449110
v 67.228943 -0.042724 27.449110
vn -0.0000 1.0000 -0.0000
vt 0.000000 0.000000
vt 1.000000 0.000000
vt 1.000000 1.000000
vt 0.000000 1.000000
s 0
f 1705/1462/1042 1706/1463/1042 1708/1464/1042 1707/1465/1042
f 1706/1463/1042 1705/1462/1042 1709/1462/1042 1710/1463/1042
f 1706/1463/1042 1710/1463/1042 1712/1463/1042 1711/1463/1042
f 1711/1463/1042 1712/1463/1042 1714/1463/1042 1713/1463/1042
o Plane.070
v 62.380157 0.000000 31.691219
v 63.155556 0.000000 32.322693
v 66.168999 0.000000 27.038837
v 66.944397 0.000000 27.670311
v 62.380157 0.000000 31.691219
v 63.155556 0.000000 32.322693
v 63.155556 0.000000 32.322693
v 63.155556 0.000000 32.322693
v 63.155556 0.000000 32.322693
v 63.155556 0.000000 32.322693
vn -0.0000 1.0000 -0.0000
vt 0.000000 0.000000
vt 1.000000 0.000000
vt 1.000000 1.000000
vt 0.000000 1.000000
s 0
f 1715/1466/1043 1716/1467/1043 1718/1468/1043 1717/1469/1043
f 1716/1467/1043 1715/1466/1043 1719/1466/1043 1720/1467/1043
f 1716/1467/1043 1720/1467/1043 1722/1467/1043 1721/1467/1043
f 1721/1467/1043 1722/1467/1043 1724/1467/1043 1723/1467/1043
o Plane.071
v 60.361382 0.000000 37.646591
v 61.318710 0.000000 37.935593
v 62.095390 0.000000 31.902618
v 63.052719 0.000000 32.191620
v 60.361382 0.000000 37.646591
v 61.318710 0.000000 37.935593
v 61.318710 0.000000 37.935593
v 61.318710 0.000000 37.935593
v 61.318710 0.000000 37.935593
v 61.318710 0.000000 37.935593
vn -0.0000 1.0000 -0.0000
vt 0.000000 0.000000
vt 1.000000 0.000000
vt 1.000000 1.000000
vt 0.000000 1.000000
s 0
f 1725/1470/1044 1726/1471/1044 1728/1472/1044 1727/1473/1044
f 1726/1471/1044 1725/1470/1044 1729/1470/1044 1730/1471/1044
f 1726/1471/1044 1730/1471/1044 1732/1471/1044 1731/1471/1044
f 1731/1471/1044 1732/1471/1044 1734/1471/1044 1733/1471/1044
o Plane.073
v 51.404446 0.000000 43.476723
v 52.213757 0.000000 44.064106
v 54.928730 0.000000 38.620861
v 55.738041 0.000000 39.208244
v 51.404446 0.000000 43.476723
v 52.213757 0.000000 44.064106
v 52.213757 0.000000 44.064106
v 52.213757 0.000000 44.064106
v 52.213757 0.000000 44.064106
v 52.213757 0.000000 44.064106
vn -0.0000 1.0000 -0.0000
vt 0.000000 0.000000
vt 1.000000 0.000000
vt 1.000000 1.000000
vt 0.000000 1.000000
s 0
f 1735/1474/1045 1736/1475/1045 1738/1476/1045 1737/1477/1045
f 1736/1475/1045 1735/1474/1045 1739/1474/1045 1740/1475/1045
f 1736/1475/1045 1740/1475/1045 1742/1475/1045 1741/1475/1045
f 1741/1475/1045 1742/1475/1045 1744/1475/1045 1743/1475/1045
o Plane.074
v 44.950939 0.000000 47.729286
v 45.726337 0.000000 48.360760
v 48.108311 0.000000 43.852299
v 48.883709 0.000000 44.483772
v 44.950939 0.000000 47.729286
v 45.726337 0.000000 48.360760
v 45.726337 0.000000 48.360760
v 45.726337 0.000000 48.360760
v 45.726337 0.000000 48.360760
v 45.726337 0.000000 48.360760
vn -0.0000 1.0000 -0.0000
vt 0.000000 0.000000
vt 1.000000 0.000000
vt 1.000000 1.000000
vt 0.000000 1.000000
s 0
f 1745/1478/1046 1746/1479/1046 1748/1480/1046 1747/1481/1046
f 1746/1479/1046 1745/1478/1046 1749/1478/1046 1750/1479/1046
f 1746/1479/1046 1750/1479/1046 1752/1479/1046 1751/1479/1046
f 1751/1479/1046 1752/1479/1046 1754/1479/1046 1753/1479/1046
o Plane.075
v 52.151245 0.000000 44.662941
v 52.151245 0.000000 43.662941
v 48.151245 0.000000 44.662941
v 48.151245 0.000000 43.662941
v 52.151245 0.000000 44.662941
v 52.151245 0.000000 43.662941
v 52.151245 0.000000 43.662941
v 52.151245 0.000000 43.662941
v 52.151245 0.000000 43.662941
v 52.151245 0.000000 43.662941
vn -0.0000 1.0000 -0.0000
vt 0.000000 0.000000
vt 1.000000 0.000000
vt 1.000000 1.000000
vt 0.000000 1.000000
s 0
f 1755/1482/1047 1756/1483/1047 1758/1484/1047 1757/1485/1047
f 1756/1483/1047 1755/1482/1047 1759/1482/1047 1760/1483/1047
f 1756/1483/1047 1760/1483/1047 1762/1483/1047 1761/1483/1047
f 1761/1483/1047 1762/1483/1047 1764/1483/1047 1763/1483/1047
o Plane.076
v 39.649597 0.000000 48.357285
v 39.820549 0.000000 49.342564
v 45.561272 0.000000 47.331577
v 45.732224 0.000000 48.316856
v 39.649597 0.000000 48.357285
v 39.820549 0.000000 49.342564
v 39.820549 0.000000 49.342564
v 39.820549 0.000000 49.342564
v 39.820549 0.000000 49.342564
v 39.820549 0.000000 49.342564
vn -0.0000 1.0000 -0.0000
vt 0.000000 0.000000
vt 1.000000 0.000000
vt 1.000000 1.000000
vt 0.000000 1.000000
s 0
f 1765/1486/1048 1766/1487/1048 1768/1488/1048 1767/1489/1048
f 1766/1487/1048 1765/1486/1048 1769/1486/1048 1770/1487/1048
f 1766/1487/1048 1770/1487/1048 1772/1487/1048 1771/1487/1048
f 1771/1487/1048 1772/1487/1048 1774/1487/1048 1773/1487/1048
o Plane.072
v 61.282524 0.000000 38.589348
v 61.126091 0.000000 37.601662
v 55.356392 0.000000 39.527954
v 55.199959 0.000000 38.540268
v 61.282524 0.000000 38.589348
v 61.126091 0.000000 37.601662
v 61.126091 0.000000 37.601662
v 61.126091 0.000000 37.601662
v 61.126091 0.000000 37.601662
v 61.126091 0.000000 37.601662
vn -0.0000 1.0000 -0.0000
vt 0.000000 0.000000
vt 1.000000 0.000000
vt 1.000000 1.000000
vt 0.000000 1.000000
s 0
f 1775/1490/1049 1776/1491/1049 1778/1492/1049 1777/1493/1049
f 1776/1491/1049 1775/1490/1049 1779/1490/1049 1780/1491/1049
f 1776/1491/1049 1780/1491/1049 1782/1491/1049 1781/1491/1049
f 1781/1491/1049 1782/1491/1049 1784/1491/1049 1783/1491/1049
o Plane.077
v 29.720840 0.000000 48.525459
v 30.220840 0.000000 49.391487
v 34.916992 0.000000 45.525459
v 35.416992 0.000000 46.391487
v 29.720840 0.000000 48.525459
v 30.220840 0.000000 49.391487
v 30.220840 0.000000 49.391487
v 30.220840 0.000000 49.391487
v 30.220840 0.000000 49.391487
v 30.220840 0.000000 49.391487
vn -0.0000 1.0000 -0.0000
vt 0.000000 0.000000
vt 1.000000 0.000000
vt 1.000000 1.000000
vt 0.000000 1.000000
s 0
f 1785/1494/1050 1786/1495/1050 1788/1496/1050 1787/1497/1050
f 1786/1495/1050 1785/1494/1050 1789/1494/1050 1790/1495/1050
f 1786/1495/1050 1790/1495/1050 1792/1495/1050 1791/1495/1050
f 1791/1495/1050 1792/1495/1050 1794/1495/1050 1793/1495/1050
o Plane.078
v 24.401773 0.000000 51.089352
v 24.826977 0.000000 51.994450
v 29.832363 0.000000 48.538136
v 30.257566 0.000000 49.443233
v 24.401773 0.000000 51.089352
v 24.826977 0.000000 51.994450
v 24.826977 0.000000 51.994450
v 24.826977 0.000000 51.994450
v 24.826977 0.000000 51.994450
v 24.826977 0.000000 51.994450
vn -0.0000 1.0000 -0.0000
vt 0.000000 0.000000
vt 1.000000 0.000000
vt 1.000000 1.000000
vt 0.000000 1.000000
s 0
f 1795/1498/1051 1796/1499/1051 1798/1500/1051 1797/1501/1051
f 1796/1499/1051 1795/1498/1051 1799/1498/1051 1800/1499/1051
f 1796/1499/1051 1800/1499/1051 1802/1499/1051 1801/1499/1051
f 1801/1499/1051 1802/1499/1051 1804/1499/1051 1803/1499/1051
o Plane.067
v 18.898916 0.000000 51.641846
v 19.007439 0.000000 52.635941
v 24.863480 0.000000 50.990707
v 24.972002 0.000000 51.984802
v 18.898916 0.000000 51.641846
v 19.007439 0.000000 52.635941
v 19.007439 0.000000 52.635941
v 19.007439 0.000000 52.635941
v 19.007439 0.000000 52.635941
v 19.007439 0.000000 52.635941
vn -0.0000 1.0000 -0.0000
vt 0.000000 0.000000
vt 1.000000 0.000000
vt 1.000000 1.000000
vt 0.000000 1.000000
s 0
f 1805/1502/1052 1806/1503/1052 1808/1504/1052 1807/1505/1052
f 1806/1503/1052 1805/1502/1052 1809/1502/1052 1810/1503/1052
f 1806/1503/1052 1810/1503/1052 1812/1503/1052 1811/1503/1052
f 1811/1503/1052 1812/1503/1052 1814/1503/1052 1813/1503/1052
o Plane.079
v 13.099839 0.000000 53.488770
v 13.390546 0.000000 54.445580
v 18.840714 0.000000 51.744530
v 19.131420 0.000000 52.701340
v 13.099839 0.000000 53.488770
v 13.390546 0.000000 54.445580
v 13.390546 0.000000 54.445580
v 13.390546 0.000000 54.445580
v 13.390546 0.000000 54.445580
v 13.390546 0.000000 54.445580
vn -0.0000 1.0000 -0.0000
vt 0.000000 0.000000
vt 1.000000 0.000000
vt 1.000000 1.000000
vt 0.000000 1.000000
s 0
f 1815/1506/1053 1816/1507/1053 1818/1508/1053 1817/1509/1053
f 1816/1507/1053 1815/1506/1053 1819/1506/1053 1820/1507/1053
f 1816/1507/1053 1820/1507/1053 1822/1507/1053 1821/1507/1053
f 1821/1507/1053 1822/1507/1053 1824/1507/1053 1823/1507/1053
o Plane.080
v 7.793694 0.000000 56.559814
v 8.288039 0.000000 57.429077
v 13.009288 0.000000 53.593742
v 13.503633 0.000000 54.463005
v 7.793694 0.000000 56.559814
v 8.288039 0.000000 57.429077
v 8.288039 0.000000 57.429077
v 8.288039 0.000000 57.429077
v 8.288039 0.000000 57.429077
v 8.288039 0.000000 57.429077
vn -0.0000 1.0000 -0.0000
vt 0.000000 0.000000
vt 1.000000 0.000000
vt 1.000000 1.000000
vt 0.000000 1.000000
s 0
f 1825/1510/1054 1826/1511/1054 1828/1512/1054 1827/1513/1054
f 1826/1511/1054 1825/1510/1054 1829/1510/1054 1830/1511/1054
f 1826/1511/1054 1830/1511/1054 1832/1511/1054 1831/1511/1054
f 1831/1511/1054 1832/1511/1054 1834/1511/1054 1833/1511/1054
o Plane.081
v 2.288192 0.000000 58.616493
v 2.638615 0.000000 59.553085
v 7.907740 0.000000 56.513954
v 8.258162 0.000000 57.450546
v 2.288192 0.000000 58.616493
v 2.638615 0.000000 59.553085
v 2.638615 0.000000 59.553085
v 2.638615 0.000000 59.553085
v 2.638615 0.000000 59.553085
v 2.638615 0.000000 59.553085
vn -0.0000 1.0000 -0.0000
vt 0.000000 0.000000
vt 1.000000 0.000000
vt 1.000000 1.000000
vt 0.000000 1.000000
s 0
f 1835/1514/1055 1836/1515/1055 1838/1516/1055 1837/1517/1055
f 1836/1515/1055 1835/1514/1055 1839/1514/1055 1840/1515/1055
f 1836/1515/1055 1840/1515/1055 1842/1515/1055 1841/1515/1055
f 1841/1515/1055 1842/1515/1055 1844/1515/1055 1843/1515/1055
o Plane.082
v 2.589183 0.000000 59.682487
v 2.725754 0.000000 58.691860
v -3.354598 0.000000 58.863056
v -3.218026 0.000000 57.872429
v 2.589183 0.000000 59.682487
v 2.725754 0.000000 58.691860
v 2.725754 0.000000 58.691860
v 2.725754 0.000000 58.691860
v 2.725754 0.000000 58.691860
v 2.725754 0.000000 58.691860
vn -0.0000 1.0000 -0.0000
vt 0.000000 0.000000
vt 1.000000 0.000000
vt 1.000000 1.000000
vt 0.000000 1.000000
s 0
f 1845/1518/1056 1846/1519/1056 1848/1520/1056 1847/1521/1056
f 1846/1519/1056 1845/1518/1056 1849/1518/1056 1850/1519/1056
f 1846/1519/1056 1850/1519/1056 1852/1519/1056 1851/1519/1056
f 1851/1519/1056 1852/1519/1056 1854/1519/1056 1853/1519/1056
o Plane.065
v -3.301272 0.000000 58.938747
v -3.285615 0.000000 57.938873
v -9.300536 0.000000 58.844803
v -9.284879 0.000000 57.844929
v -3.301272 0.000000 58.938747
v -3.285615 0.000000 57.938873
v -3.285615 0.000000 57.938873
v -3.285615 0.000000 57.938873
v -3.285615 0.000000 57.938873
v -3.285615 0.000000 57.938873
vn -0.0000 1.0000 -0.0000
vt 0.000000 0.000000
vt 1.000000 0.000000
vt 1.000000 1.000000
vt 0.000000 1.000000
s 0
f 1855/1522/1057 1856/1523/1057 1858/1524/1057 1857/1525/1057
f 1856/1523/1057 1855/1522/1057 1859/1522/1057 1860/1523/1057
f 1856/1523/1057 1860/1523/1057 1862/1523/1057 1861/1523/1057
f 1861/1523/1057 1862/1523/1057 1864/1523/1057 1863/1523/1057
o Plane.061
v -9.252225 0.000000 58.892391
v -9.194550 0.000000 57.894054
v -15.242237 0.000000 58.546337
v -15.184562 0.000000 57.548000
v -9.252225 0.000000 58.892391
v -9.194550 0.000000 57.894054
v -9.194550 0.000000 57.894054
v -9.194550 0.000000 57.894054
v -9.194550 0.000000 57.894054
v -9.194550 0.000000 57.894054
vn -0.0000 1.0000 -0.0000
vt 0.000000 0.000000
vt 1.000000 0.000000
vt 1.000000 1.000000
vt 0.000000 1.000000
s 0
f 1865/1526/1058 1866/1527/1058 1868/1528/1058 1867/1529/1058
f 1866/1527/1058 1865/1526/1058 1869/1526/1058 1870/1527/1058
f 1866/1527/1058 1870/1527/1058 1872/1527/1058 1871/1527/1058
f 1871/1527/1058 1872/1527/1058 1874/1527/1058 1873/1527/1058
o Plane.062
v -15.037589 0.000000 58.684223
v -15.030296 0.000000 57.684250
v -21.037430 0.000000 58.640465
v -21.030136 0.000000 57.640491
v -15.037589 0.000000 58.684223
v -15.030296 0.000000 57.684250
v -15.030296 0.000000 57.684250
v -15.030296 0.000000 57.684250
v -15.030296 0.000000 57.684250
v -15.030296 0.000000 57.684250
vn -0.0000 1.0000 -0.0000
vt 0.000000 0.000000
vt 1.000000 0.000000
vt 1.000000 1.000000
vt 0.000000 1.000000
s 0
f 1875/1530/1059 1876/1531/1059 1878/1532/1059 1877/1533/1059
f 1876/1531/1059 1875/1530/1059 1879/1530/1059 1880/1531/1059
f 1876/1531/1059 1880/1531/1059 1882/1531/1059 1881/1531/1059
f 1881/1531/1059 1882/1531/1059 1884/1531/1059 1883/1531/1059
o Plane.063
v -21.154896 0.000000 58.543144
v -21.097219 0.000000 57.544807
v -27.144907 0.000000 58.197090
v -27.087231 0.000000 57.198753
v -21.154896 0.000000 58.543144
v -21.097219 0.000000 57.544807
v -21.097219 0.000000 57.544807
v -21.097219 0.000000 57.544807
v -21.097219 0.000000 57.544807
v -21.097219 0.000000 57.544807
vn -0.0000 1.0000 -0.0000
vt 0.000000 0.000000
vt 1.000000 0.000000
vt 1.000000 1.000000
vt 0.000000 1.000000
s 0
f 1885/1534/1060 1886/1535/1060 1888/1536/1060 1887/1537/1060
f 1886/1535/1060 1885/1534/1060 1889/1534/1060 1890/1535/1060
f 1886/1535/1060 1890/1535/1060 1892/1535/1060 1891/1535/1060
f 1891/1535/1060 1892/1535/1060 1894/1535/1060 1893/1535/1060
o Plane.064
v -27.214073 0.000000 58.135403
v -27.156397 0.000000 57.137066
v -33.204086 0.000000 57.789349
v -33.146408 0.000000 56.791012
v -27.214073 0.000000 58.135403
v -27.156397 0.000000 57.137066
v -27.156397 0.000000 57.137066
v -27.156397 0.000000 57.137066
v -27.156397 0.000000 57.137066
v -27.156397 0.000000 57.137066
vn -0.0000 1.0000 -0.0000
vt 0.000000 0.000000
vt 1.000000 0.000000
vt 1.000000 1.000000
vt 0.000000 1.000000
s 0
f 1895/1538/1061 1896/1539/1061 1898/1540/1061 1897/1541/1061
f 1896/1539/1061 1895/1538/1061 1899/1538/1061 1900/1539/1061
f 1896/1539/1061 1900/1539/1061 1902/1539/1061 1901/1539/1061
f 1901/1539/1061 1902/1539/1061 1904/1539/1061 1903/1539/1061
o Plane.066
v -33.291824 0.000000 57.760872
v -33.234146 0.000000 56.762535
v -39.281837 0.000000 57.414818
v -39.224159 0.000000 56.416481
v -33.291824 0.000000 57.760872
v -33.234146 0.000000 56.762535
v -33.234146 0.000000 56.762535
v -33.234146 0.000000 56.762535
v -33.234146 0.000000 56.762535
v -33.234146 0.000000 56.762535
vn -0.0000 1.0000 -0.0000
vt 0.000000 0.000000
vt 1.000000 0.000000
vt 1.000000 1.000000
vt 0.000000 1.000000
s 0
f 1905/1542/1062 1906/1543/1062 1908/1544/1062 1907/1545/1062
f 1906/1543/1062 1905/1542/1062 1909/1542/1062 1910/1543/1062
f 1906/1543/1062 1910/1543/1062 1912/1543/1062 1911/1543/1062
f 1911/1543/1062 1912/1543/1062 1914/1543/1062 1913/1543/1062
o Plane.083
v -39.443893 0.000000 57.516953
v -39.047699 0.000000 56.598785
v -44.952896 0.000000 55.139786
v -44.556702 0.000000 54.221619
v -39.443893 0.000000 57.516953
v -39.047699 0.000000 56.598785
v -39.047699 0.000000 56.598785
v -39.047699 0.000000 56.598785
v -39.047699 0.000000 56.598785
v -39.047699 0.000000 56.598785
vn -0.0000 1.0000 -0.0000
vt 0.000000 0.000000
vt 1.000000 0.000000
vt 1.000000 1.000000
vt 0.000000 1.000000
s 0
f 1915/1546/1063 1916/1547/1063 1918/1548/1063 1917/1549/1063
f 1916/1547/1063 1915/1546/1063 1919/1546/1063 1920/1547/1063
f 1916/1547/1063 1920/1547/1063 1922/1547/1063 1921/1547/1063
f 1921/1547/1063 1922/1547/1063 1924/1547/1063 1923/1547/1063
o Plane.084
v -45.037045 0.000000 55.366657
v -44.288239 0.000000 54.703869
v -49.013771 0.000000 50.873814
v -48.264965 0.000000 50.211025
v -45.037045 0.000000 55.366657
v -44.288239 0.000000 54.703869
v -44.288239 0.000000 54.703869
v -44.288239 0.000000 54.703869
v -44.288239 0.000000 54.703869
v -44.288239 0.000000 54.703869
vn -0.0000 1.0000 -0.0000
vt 0.000000 0.000000
vt 1.000000 0.000000
vt 1.000000 1.000000
vt 0.000000 1.000000
s 0
f 1925/1550/1064 1926/1551/1064 1928/1552/1064 1927/1553/1064
f 1926/1551/1064 1925/1550/1064 1929/1550/1064 1930/1551/1064
f 1926/1551/1064 1930/1551/1064 1932/1551/1064 1931/1551/1064
f 1931/1551/1064 1932/1551/1064 1934/1551/1064 1933/1551/1064
o Plane.055
v -37.413456 0.000000 56.866486
v -36.603004 0.000000 56.280678
v -40.928307 0.000000 52.003784
v -40.117855 0.000000 51.417976
v -37.413456 0.000000 56.866486
v -36.603004 0.000000 56.280678
v -36.603004 0.000000 56.280678
v -36.603004 0.000000 56.280678
v -36.603004 0.000000 56.280678
v -36.603004 0.000000 56.280678
vn -0.0000 1.0000 -0.0000
vt 0.000000 0.000000
vt 1.000000 0.000000
vt 1.000000 1.000000
vt 0.000000 1.000000
s 0
f 1935/1554/1065 1936/1555/1065 1938/1556/1065 1937/1557/1065
f 1936/1555/1065 1935/1554/1065 1939/1554/1065 1940/1555/1065
f 1936/1555/1065 1940/1555/1065 1942/1555/1065 1941/1555/1065
f 1941/1555/1065 1942/1555/1065 1944/1555/1065 1943/1555/1065
o Plane.056
v -40.974491 0.000000 52.126183
v -40.132668 0.000000 51.586430
v -44.428909 0.000000 46.738506
v -43.587086 0.000000 46.198753
v -40.974491 0.000000 52.126183
v -40.132668 0.000000 51.586430
v -40.132668 0.000000 51.586430
v -40.132668 0.000000 51.586430
v -40.132668 0.000000 51.586430
v -40.132668 0.000000 51.586430
vn -0.0000 1.0000 -0.0000
vt 0.000000 0.000000
vt 1.000000 0.000000
vt 1.000000 1.000000
vt 0.000000 1.000000
s 0
f 1945/1558/1066 1946/1559/1066 1948/1560/1066 1947/1561/1066
f 1946/1559/1066 1945/1558/1066 1949/1558/1066 1950/1559/1066
f 1946/1559/1066 1950/1559/1066 1952/1559/1066 1951/1559/1066
f 1951/1559/1066 1952/1559/1066 1954/1559/1066 1953/1559/1066
o Plane.057
v -44.416473 0.000000 46.847702
v -43.628582 0.000000 46.231884
v -48.111362 0.000000 42.120358
v -47.323471 0.000000 41.504539
v -44.416473 0.000000 46.847702
v -43.628582 0.000000 46.231884
v -43.628582 0.000000 46.231884
v -43.628582 0.000000 46.231884
v -43.628582 0.000000 46.231884
v -43.628582 0.000000 46.231884
vn -0.0000 1.0000 -0.0000
vt 0.000000 0.000000
vt 1.000000 0.000000
vt 1.000000 1.000000
vt 0.000000 1.000000
s 0
f 1955/1562/1067 1956/1563/1067 1958/1564/1067 1957/1565/1067
f 1956/1563/1067 1955/1562/1067 1959/1562/1067 1960/1563/1067
f 1956/1563/1067 1960/1563/1067 1962/1563/1067 1961/1563/1067
f 1961/1563/1067 1962/1563/1067 1964/1563/1067 1963/1563/1067
o Plane.058
v -48.063866 0.000000 42.187889
v -47.275974 0.000000 41.572075
v -51.758755 0.000000 37.460548
v -50.970863 0.000000 36.844734
v -48.063866 0.000000 42.187889
v -47.275974 0.000000 41.572075
v -47.275974 0.000000 41.572075
v -47.275974 0.000000 41.572075
v -47.275974 0.000000 41.572075
v -47.275974 0.000000 41.572075
vn -0.0000 1.0000 -0.0000
vt 0.000000 0.000000
vt 1.000000 0.000000
vt 1.000000 1.000000
vt 0.000000 1.000000
s 0
f 1965/1566/1068 1966/1567/1068 1968/1568/1068 1967/1569/1068
f 1966/1567/1068 1965/1566/1068 1969/1566/1068 1970/1567/1068
f 1966/1567/1068 1970/1567/1068 1972/1567/1068 1971/1567/1068
f 1971/1567/1068 1972/1567/1068 1974/1567/1068 1973/1567/1068
o Plane.059
v -51.817719 0.000000 37.404671
v -51.029827 0.000000 36.788853
v -55.512608 0.000000 32.677326
v -54.724716 0.000000 32.061508
v -51.817719 0.000000 37.404671
v -51.029827 0.000000 36.788853
v -51.029827 0.000000 36.788853
v -51.029827 0.000000 36.788853
v -51.029827 0.000000 36.788853
v -51.029827 0.000000 36.788853
vn -0.0000 1.0000 -0.0000
vt 0.000000 0.000000
vt 1.000000 0.000000
vt 1.000000 1.000000
vt 0.000000 1.000000
s 0
f 1975/1570/1069 1976/1571/1069 1978/1572/1069 1977/1573/1069
f 1976/1571/1069 1975/1570/1069 1979/1570/1069 1980/1571/1069
f 1976/1571/1069 1980/1571/1069 1982/1571/1069 1981/1571/1069
f 1981/1571/1069 1982/1571/1069 1984/1571/1069 1983/1571/1069
o Plane.060
v -55.484985 0.000000 32.796204
v -54.697094 0.000000 32.180386
v -59.179874 0.000000 28.068859
v -58.391983 0.000000 27.453043
v -55.484985 0.000000 32.796204
v -54.697094 0.000000 32.180386
v -54.697094 0.000000 32.180386
v -54.697094 0.000000 32.180386
v -54.697094 0.000000 32.180386
v -54.697094 0.000000 32.180386
vn -0.0000 1.0000 -0.0000
vt 0.000000 0.000000
vt 1.000000 0.000000
vt 1.000000 1.000000
vt 0.000000 1.000000
s 0
f 1985/1574/1070 1986/1575/1070 1988/1576/1070 1987/1577/1070
f 1986/1575/1070 1985/1574/1070 1989/1574/1070 1990/1575/1070
f 1986/1575/1070 1990/1575/1070 1992/1575/1070 1991/1575/1070
f 1991/1575/1070 1992/1575/1070 1994/1575/1070 1993/1575/1070
o Plane.085
v -59.202896 0.000000 28.313917
v -58.415005 0.000000 27.698101
v -62.897785 0.000000 23.586575
v -62.109894 0.000000 22.970758
v -59.202896 0.000000 28.313917
v -58.415005 0.000000 27.698101
v -58.415005 0.000000 27.698101
v -58.415005 0.000000 27.698101
v -58.415005 0.000000 27.698101
v -58.415005 0.000000 27.698101
vn -0.0000 1.0000 -0.0000
vt 0.000000 0.000000
vt 1.000000 0.000000
vt 1.000000 1.000000
vt 0.000000 1.000000
s 0
f 1995/1578/1071 1996/1579/1071 1998/1580/1071 1997/1581/1071
f 1996/1579/1071 1995/1578/1071 1999/1578/1071 2000/1579/1071
f 1996/1579/1071 2000/1579/1071 2002/1579/1071 2001/1579/1071
f 2001/1579/1071 2002/1579/1071 2004/1579/1071 2003/1579/1071
o Plane.049
v -66.629784 0.000000 34.353962
v -65.652718 0.000000 34.566887
v -65.480003 0.000000 29.077789
v -64.502937 0.000000 29.290712
v -66.629784 0.000000 34.353962
v -65.652718 0.000000 34.566887
v -65.652718 0.000000 34.566887
v -65.652718 0.000000 34.566887
v -65.652718 0.000000 34.566887
v -65.652718 0.000000 34.566887
vn -0.0000 1.0000 -0.0000
vt 0.000000 0.000000
vt 1.000000 0.000000
vt 1.000000 1.000000
vt 0.000000 1.000000
s 0
f 2005/1582/1072 2006/1583/1072 2008/1584/1072 2007/1585/1072
f 2006/1583/1072 2005/1582/1072 2009/1582/1072 2010/1583/1072
f 2006/1583/1072 2010/1583/1072 2012/1583/1072 2011/1583/1072
f 2011/1583/1072 2012/1583/1072 2014/1583/1072 2013/1583/1072
o Plane.086
v -65.422173 0.000000 28.985067
v -64.472733 0.000000 29.299006
v -63.538544 0.000000 23.288408
v -62.589100 0.000000 23.602346
v -65.422173 0.000000 28.985067
v -64.472733 0.000000 29.299006
v -64.472733 0.000000 29.299006
v -64.472733 0.000000 29.299006
v -64.472733 0.000000 29.299006
v -64.472733 0.000000 29.299006
vn -0.0000 1.0000 -0.0000
vt 0.000000 0.000000
vt 1.000000 0.000000
vt 1.000000 1.000000
vt 0.000000 1.000000
s 0
f 2015/1586/1073 2016/1587/1073 2018/1588/1073 2017/1589/1073
f 2016/1587/1073 2015/1586/1073 2019/1586/1073 2020/1587/1073
f 2016/1587/1073 2020/1587/1073 2022/1587/1073 2021/1587/1073
f 2021/1587/1073 2022/1587/1073 2024/1587/1073 2023/1587/1073
o Plane.051
v -63.168259 0.000000 23.779043
v -62.380367 0.000000 23.163227
v -66.863152 0.000000 19.051701
v -66.075256 0.000000 18.435884
v -63.168259 0.000000 23.779043
v -62.380367 0.000000 23.163227
v -62.380367 0.000000 23.163227
v -62.380367 0.000000 23.163227
v -62.380367 0.000000 23.163227
v -62.380367 0.000000 23.163227
vn -0.0000 1.0000 -0.0000
vt 0.000000 0.000000
vt 1.000000 0.000000
vt 1.000000 1.000000
vt 0.000000 1.000000
s 0
f 2025/1590/1074 2026/1591/1074 2028/1592/1074 2027/1593/1074
f 2026/1591/1074 2025/1590/1074 2029/1590/1074 2030/1591/1074
f 2026/1591/1074 2030/1591/1074 2032/1591/1074 2031/1591/1074
f 2031/1591/1074 2032/1591/1074 2034/1591/1074 2033/1591/1074
o Plane.050
v -66.697334 0.000000 19.230808
v -65.792465 0.000000 18.805124
v -69.251434 0.000000 13.801576
v -68.346565 0.000000 13.375893
v -66.697334 0.000000 19.230808
v -65.792465 0.000000 18.805124
v -65.792465 0.000000 18.805124
v -65.792465 0.000000 18.805124
v -65.792465 0.000000 18.805124
v -65.792465 0.000000 18.805124
vn -0.0000 1.0000 -0.0000
vt 0.000000 0.000000
vt 1.000000 0.000000
vt 1.000000 1.000000
vt 0.000000 1.000000
s 0
f 2035/1594/1075 2036/1595/1075 2038/1596/1075 2037/1597/1075
f 2036/1595/1075 2035/1594/1075 2039/1594/1075 2040/1595/1075
f 2036/1595/1075 2040/1595/1075 2042/1595/1075 2041/1595/1075
f 2041/1595/1075 2042/1595/1075 2044/1595/1075 2043/1595/1075
o Plane.028
v -70.845764 0.000000 2.773196
v -69.937920 0.000000 3.192506
v -68.329903 0.000000 -2.673863
v -67.422058 0.000000 -2.254553
v -70.845764 0.000000 2.773196
v -69.937920 0.000000 3.192506
v -69.937920 0.000000 3.192506
v -69.937920 0.000000 3.192506
v -69.937920 0.000000 3.192506
v -69.937920 0.000000 3.192506
vn -0.0000 1.0000 -0.0000
vt 0.000000 0.000000
vt 1.000000 0.000000
vt 1.000000 1.000000
vt 0.000000 1.000000
s 0
f 2045/1598/1076 2046/1599/1076 2048/1600/1076 2047/1601/1076
f 2046/1599/1076 2045/1598/1076 2049/1598/1076 2050/1599/1076
f 2046/1599/1076 2050/1599/1076 2052/1599/1076 2051/1599/1076
f 2051/1599/1076 2052/1599/1076 2054/1599/1076 2053/1599/1076
o Plane.087
v -68.419212 0.000000 -3.090932
v -68.294189 0.000000 -2.098778
v -62.466290 0.000000 -3.841064
v -62.341270 0.000000 -2.848910
v -68.419212 0.000000 -3.090932
v -68.294189 0.000000 -2.098778
v -68.294189 0.000000 -2.098778
v -68.294189 0.000000 -2.098778
v -68.294189 0.000000 -2.098778
v -68.294189 0.000000 -2.098778
vn -0.0000 1.0000 -0.0000
vt 0.000000 0.000000
vt 1.000000 0.000000
vt 1.000000 1.000000
vt 0.000000 1.000000
s 0
f 2055/1602/1077 2056/1603/1077 2058/1604/1077 2057/1605/1077
f 2056/1603/1077 2055/1602/1077 2059/1602/1077 2060/1603/1077
f 2056/1603/1077 2060/1603/1077 2062/1603/1077 2061/1603/1077
f 2061/1603/1077 2062/1603/1077 2064/1603/1077 2063/1603/1077
o Plane.088
v -62.497448 0.000000 -3.700305
v -62.503922 0.000000 -2.700326
v -56.497574 0.000000 -3.661461
v -56.504047 0.000000 -2.661482
v -62.497448 0.000000 -3.700305
v -62.503922 0.000000 -2.700326
v -62.503922 0.000000 -2.700326
v -62.503922 0.000000 -2.700326
v -62.503922 0.000000 -2.700326
v -62.503922 0.000000 -2.700326
vn -0.0000 1.0000 -0.0000
vt 0.000000 0.000000
vt 1.000000 0.000000
vt 1.000000 1.000000
vt 0.000000 1.000000
s 0
f 2065/1606/1078 2066/1607/1078 2068/1608/1078 2067/1609/1078
f 2066/1607/1078 2065/1606/1078 2069/1606/1078 2070/1607/1078
f 2066/1607/1078 2070/1607/1078 2072/1607/1078 2071/1607/1078
f 2071/1607/1078 2072/1607/1078 2074/1607/1078 2073/1607/1078
o Plane.030
v -56.522327 0.000000 -3.546011
v -56.539272 0.000000 -2.546155
v -50.523190 0.000000 -3.444331
v -50.540134 0.000000 -2.444475
v -56.522327 0.000000 -3.546011
v -56.539272 0.000000 -2.546155
v -56.539272 0.000000 -2.546155
v -56.539272 0.000000 -2.546155
v -56.539272 0.000000 -2.546155
v -56.539272 0.000000 -2.546155
vn -0.0000 1.0000 -0.0000
vt 0.000000 0.000000
vt 1.000000 0.000000
vt 1.000000 1.000000
vt 0.000000 1.000000
s 0
f 2075/1610/1079 2076/1611/1079 2078/1612/1079 2077/1613/1079
f 2076/1611/1079 2075/1610/1079 2079/1610/1079 2080/1611/1079
f 2076/1611/1079 2080/1611/1079 2082/1611/1079 2081/1611/1079
f 2081/1611/1079 2082/1611/1079 2084/1611/1079 2083/1611/1079
o Plane.089
v -50.552177 0.000000 -3.439142
v -50.520802 0.000000 -2.439634
v -44.555134 0.000000 -3.627406
v -44.523758 0.000000 -2.627898
v -50.552177 0.000000 -3.439142
v -50.520802 0.000000 -2.439634
v -50.520802 0.000000 -2.439634
v -50.520802 0.000000 -2.439634
v -50.520802 0.000000 -2.439634
v -50.520802 0.000000 -2.439634
vn -0.0000 1.0000 -0.0000
vt 0.000000 0.000000
vt 1.000000 0.000000
vt 1.000000 1.000000
vt 0.000000 1.000000
s 0
f 2085/1614/1080 2086/1615/1080 2088/1616/1080 2087/1617/1080
f 2086/1615/1080 2085/1614/1080 2089/1614/1080 2090/1615/1080
f 2086/1615/1080 2090/1615/1080 2092/1615/1080 2091/1615/1080
f 2091/1615/1080 2092/1615/1080 2094/1615/1080 2093/1615/1080
o Plane.091
v 36.318867 0.000000 -0.278175
v 36.318867 0.000000 -1.678175
v 35.518864 0.000000 -0.278175
v 35.518864 0.000000 -1.678175
v 36.318867 0.000000 -0.278175
v 36.318867 0.000000 -1.678175
v 36.318867 0.000000 -1.678175
v 36.318867 0.000000 -1.678175
v 36.318867 0.000000 -1.678175
v 36.318867 0.000000 -1.678175
v 37.626667 0.000000 -0.278175
v 37.626667 0.000000 -1.678175
v 36.826668 0.000000 -0.278175
v 36.826668 0.000000 -1.678175
v 37.626667 0.000000 -0.278175
v 37.626667 0.000000 -1.678175
v 37.626667 0.000000 -1.678175
v 37.626667 0.000000 -1.678175
v 37.626667 0.000000 -1.678175
v 37.626667 0.000000 -1.678175
vn -0.0000 1.0000 -0.0000
vt 0.000000 0.000000
vt 1.000000 0.000000
vt 1.000000 1.000000
vt 0.000000 1.000000
s 0
f 2095/1618/1081 2096/1619/1081 2098/1620/1081 2097/1621/1081
f 2096/1619/1081 2095/1618/1081 2099/1618/1081 2100/1619/1081
f 2096/1619/1081 2100/1619/1081 2102/1619/1081 2101/1619/1081
f 2101/1619/1081 2102/1619/1081 2104/1619/1081 2103/1619/1081
f 2105/1618/1081 2106/1619/1081 2108/1620/1081 2107/1621/1081
f 2106/1619/1081 2105/1618/1081 2109/1618/1081 2110/1619/1081
f 2106/1619/1081 2110/1619/1081 2112/1619/1081 2111/1619/1081
f 2111/1619/1081 2112/1619/1081 2114/1619/1081 2113/1619/1081
o Plane.090
v 36.342884 0.000000 1.594551
v 36.342884 0.000000 0.194551
v 35.542881 0.000000 1.594551
v 35.542881 0.000000 0.194551
v 36.342884 0.000000 1.594551
v 36.342884 0.000000 0.194551
v 36.342884 0.000000 0.194551
v 36.342884 0.000000 0.194551
v 36.342884 0.000000 0.194551
v 36.342884 0.000000 0.194551
v 37.650684 0.000000 1.594551
v 37.650684 0.000000 0.194551
v 36.850685 0.000000 1.594551
v 36.850685 0.000000 0.194551
v 37.650684 0.000000 1.594551
v 37.650684 0.000000 0.194551
v 37.650684 0.000000 0.194551
v 37.650684 0.000000 0.194551
v 37.650684 0.000000 0.194551
v 37.650684 0.000000 0.194551
vn -0.0000 1.0000 -0.0000
vt 0.000000 0.000000
vt 1.000000 0.000000
vt 1.000000 1.000000
vt 0.000000 1.000000
s 0
f 2115/1622/1082 2116/1623/1082 2118/1624/1082 2117/1625/1082
f 2116/1623/1082 2115/1622/1082 2119/1622/1082 2120/1623/1082
f 2116/1623/1082 2120/1623/1082 2122/1623/1082 2121/1623/1082
f 2121/1623/1082 2122/1623/1082 2124/1623/1082 2123/1623/1082
f 2125/1622/1082 2126/1623/1082 2128/1624/1082 2127/1625/1082
f 2126/1623/1082 2125/1622/1082 2129/1622/1082 2130/1623/1082
f 2126/1623/1082 2130/1623/1082 2132/1623/1082 2131/1623/1082
f 2131/1623/1082 2132/1623/1082 2134/1623/1082 2133/1623/1082
o Plane.092
v 36.361614 0.000000 3.517514
v 36.361614 0.000000 2.117514
v 35.561611 0.000000 3.517514
v 35.561611 0.000000 2.117514
v 36.361614 0.000000 3.517514
v 36.361614 0.000000 2.117514
v 36.361614 0.000000 2.117514
v 36.361614 0.000000 2.117514
v 36.361614 0.000000 2.117514
v 36.361614 0.000000 2.117514
v 37.669415 0.000000 3.517514
v 37.669415 0.000000 2.117514
v 36.869415 0.000000 3.517514
v 36.869415 0.000000 2.117514
v 37.669415 0.000000 3.517514
v 37.669415 0.000000 2.117514
v 37.669415 0.000000 2.117514
v 37.669415 0.000000 2.117514
v 37.669415 0.000000 2.117514
v 37.669415 0.000000 2.117514
vn -0.0000 1.0000 -0.0000
vt 0.000000 0.000000
vt 1.000000 0.000000
vt 1.000000 1.000000
vt 0.000000 1.000000
s 0
f 2135/1626/1083 2136/1627/1083 2138/1628/1083 2137/1629/1083
f 2136/1627/1083 2135/1626/1083 2139/1626/1083 2140/1627/1083
f 2136/1627/1083 2140/1627/1083 2142/1627/1083 2141/1627/1083
f 2141/1627/1083 2142/1627/1083 2144/1627/1083 2143/1627/1083
f 2145/1626/1083 2146/1627/1083 2148/1628/1083 2147/1629/1083
f 2146/1627/1083 2145/1626/1083 2149/1626/1083 2150/1627/1083
f 2146/1627/1083 2150/1627/1083 2152/1627/1083 2151/1627/1083
f 2151/1627/1083 2152/1627/1083 2154/1627/1083 2153/1627/1083
o Plane.093
v 36.377163 0.000000 5.475029
v 36.377163 0.000000 4.075030
v 35.577160 0.000000 5.475029
v 35.577160 0.000000 4.075030
v 36.377163 0.000000 5.475029
v 36.377163 0.000000 4.075030
v 36.377163 0.000000 4.075030
v 36.377163 0.000000 4.075030
v 36.377163 0.000000 4.075030
v 36.377163 0.000000 4.075030
v 37.684963 0.000000 5.475029
v 37.684963 0.000000 4.075030
v 36.884964 0.000000 5.475029
v 36.884964 0.000000 4.075030
v 37.684963 0.000000 5.475029
v 37.684963 0.000000 4.075030
v 37.684963 0.000000 4.075030
v 37.684963 0.000000 4.075030
v 37.684963 0.000000 4.075030
v 37.684963 0.000000 4.075030
vn -0.0000 1.0000 -0.0000
vt 0.000000 0.000000
vt 1.000000 0.000000
vt 1.000000 1.000000
vt 0.000000 1.000000
s 0
f 2155/1630/1084 2156/1631/1084 2158/1632/1084 2157/1633/1084
f 2156/1631/1084 2155/1630/1084 2159/1630/1084 2160/1631/1084
f 2156/1631/1084 2160/1631/1084 2162/1631/1084 2161/1631/1084
f 2161/1631/1084 2162/1631/1084 2164/1631/1084 2163/1631/1084
f 2165/1630/1084 2166/1631/1084 2168/1632/1084 2167/1633/1084
f 2166/1631/1084 2165/1630/1084 2169/1630/1084 2170/1631/1084
f 2166/1631/1084 2170/1631/1084 2172/1631/1084 2171/1631/1084
f 2171/1631/1084 2172/1631/1084 2174/1631/1084 2173/1631/1084
o Plane.094
v 36.349781 0.000000 7.440424
v 36.349781 0.000000 6.040424
v 35.549778 0.000000 7.440424
v 35.549778 0.000000 6.040424
v 36.349781 0.000000 7.440424
v 36.349781 0.000000 6.040424
v 36.349781 0.000000 6.040424
v 36.349781 0.000000 6.040424
v 36.349781 0.000000 6.040424
v 36.349781 0.000000 6.040424
v 37.657581 0.000000 7.440424
v 37.657581 0.000000 6.040424
v 36.857582 0.000000 7.440424
v 36.857582 0.000000 6.040424
v 37.657581 0.000000 7.440424
v 37.657581 0.000000 6.040424
v 37.657581 0.000000 6.040424
v 37.657581 0.000000 6.040424
v 37.657581 0.000000 6.040424
v 37.657581 0.000000 6.040424
vn -0.0000 1.0000 -0.0000
vt 0.000000 0.000000
vt 1.000000 0.000000
vt 1.000000 1.000000
vt 0.000000 1.000000
s 0
f 2175/1634/1085 2176/1635/1085 2178/1636/1085 2177/1637/1085
f 2176/1635/1085 2175/1634/1085 2179/1634/1085 2180/1635/1085
f 2176/1635/1085 2180/1635/1085 2182/1635/1085 2181/1635/1085
f 2181/1635/1085 2182/1635/1085 2184/1635/1085 2183/1635/1085
f 2185/1634/1085 2186/1635/1085 2188/1636/1085 2187/1637/1085
f 2186/1635/1085 2185/1634/1085 2189/1634/1085 2190/1635/1085
f 2186/1635/1085 2190/1635/1085 2192/1635/1085 2191/1635/1085
f 2191/1635/1085 2192/1635/1085 2194/1635/1085 2193/1635/1085
o Plane.095
v 36.373615 0.000000 9.397458
v 36.373615 0.000000 7.997458
v 35.573612 0.000000 9.397458
v 35.573612 0.000000 7.997458
v 36.373615 0.000000 9.397458
v 36.373615 0.000000 7.997458
v 36.373615 0.000000 7.997458
v 36.373615 0.000000 7.997458
v 36.373615 0.000000 7.997458
v 36.373615 0.000000 7.997458
v 37.681416 0.000000 9.397458
v 37.681416 0.000000 7.997458
v 36.881416 0.000000 9.397458
v 36.881416 0.000000 7.997458
v 37.681416 0.000000 9.397458
v 37.681416 0.000000 7.997458
v 37.681416 0.000000 7.997458
v 37.681416 0.000000 7.997458
v 37.681416 0.000000 7.997458
v 37.681416 0.000000 7.997458
vn -0.0000 1.0000 -0.0000
vt 0.000000 0.000000
vt 1.000000 0.000000
vt 1.000000 1.000000
vt 0.000000 1.000000
s 0
f 2195/1638/1086 2196/1639/1086 2198/1640/1086 2197/1641/1086
f 2196/1639/1086 2195/1638/1086 2199/1638/1086 2200/1639/1086
f 2196/1639/1086 2200/1639/1086 2202/1639/1086 2201/1639/1086
f 2201/1639/1086 2202/1639/1086 2204/1639/1086 2203/1639/1086
f 2205/1638/1086 2206/1639/1086 2208/1640/1086 2207/1641/1086
f 2206/1639/1086 2205/1638/1086 2209/1638/1086 2210/1639/1086
f 2206/1639/1086 2210/1639/1086 2212/1639/1086 2211/1639/1086
f 2211/1639/1086 2212/1639/1086 2214/1639/1086 2213/1639/1086
o Plane.097
v -18.431398 0.000000 12.480265
v -18.957254 0.000000 11.182776
v -19.172819 0.000000 12.780753
v -19.698675 0.000000 11.483265
v -18.431398 0.000000 12.480265
v -18.957254 0.000000 11.182776
v -18.957254 0.000000 11.182776
v -18.957254 0.000000 11.182776
v -18.957254 0.000000 11.182776
v -18.957254 0.000000 11.182776
v -17.219357 0.000000 11.989039
v -17.745211 0.000000 10.691551
v -17.960777 0.000000 12.289528
v -18.486633 0.000000 10.992040
v -17.219357 0.000000 11.989039
v -17.745211 0.000000 10.691551
v -17.745211 0.000000 10.691551
v -17.745211 0.000000 10.691551
v -17.745211 0.000000 10.691551
v -17.745211 0.000000 10.691551
v -17.704548 0.000000 14.293463
v -18.230402 0.000000 12.995974
v -18.445969 0.000000 14.593951
v -18.971825 0.000000 13.296463
v -17.704548 0.000000 14.293463
v -18.230402 0.000000 12.995974
v -18.230402 0.000000 12.995974
v -18.230402 0.000000 12.995974
v -18.230402 0.000000 12.995974
v -18.230402 0.000000 12.995974
v -16.492504 0.000000 13.802237
v -17.018360 0.000000 12.504748
v -17.233927 0.000000 14.102726
v -17.759783 0.000000 12.805237
v -16.492504 0.000000 13.802237
v -17.018360 0.000000 12.504748
v -17.018360 0.000000 12.504748
v -17.018360 0.000000 12.504748
v -17.018360 0.000000 12.504748
v -17.018360 0.000000 12.504748
vn -0.0000 1.0000 -0.0000
vt 0.000000 0.000000
vt 1.000000 0.000000
vt 1.000000 1.000000
vt 0.000000 1.000000
s 0
f 2215/1642/1087 2216/1643/1087 2218/1644/1087 2217/1645/1087
f 2216/1643/1087 2215/1642/1087 2219/1642/1087 2220/1643/1087
f 2216/1643/1087 2220/1643/1087 2222/1643/1087 2221/1643/1087
f 2221/1643/1087 2222/1643/1087 2224/1643/1087 2223/1643/1087
f 2225/1642/1087 2226/1643/1087 2228/1644/1087 2227/1645/1087
f 2226/1643/1087 2225/1642/1087 2229/1642/1087 2230/1643/1087
f 2226/1643/1087 2230/1643/1087 2232/1643/1087 2231/1643/1087
f 2231/1643/1087 2232/1643/1087 2234/1643/1087 2233/1643/1087
f 2235/1642/1087 2236/1643/1087 2238/1644/1087 2237/1645/1087
f 2236/1643/1087 2235/1642/1087 2239/1642/1087 2240/1643/1087
f 2236/1643/1087 2240/1643/1087 2242/1643/1087 2241/1643/1087
f 2241/1643/1087 2242/1643/1087 2244/1643/1087 2243/1643/1087
f 2245/1642/1087 2246/1643/1087 2248/1644/1087 2247/1645/1087
f 2246/1643/1087 2245/1642/1087 2249/1642/1087 2250/1643/1087
f 2246/1643/1087 2250/1643/1087 2252/1643/1087 2251/1643/1087
f 2251/1643/1087 2252/1643/1087 2254/1643/1087 2253/1643/1087
o Plane.096
v -19.842413 0.000000 8.847419
v -20.368269 0.000000 7.549931
v -20.583834 0.000000 9.147907
v -21.109690 0.000000 7.850419
v -19.842413 0.000000 8.847419
v -20.368269 0.000000 7.549931
v -20.368269 0.000000 7.549931
v -20.368269 0.000000 7.549931
v -20.368269 0.000000 7.549931
v -20.368269 0.000000 7.549931
v -18.630371 0.000000 8.356194
v -19.156225 0.000000 7.058705
v -19.371792 0.000000 8.656682
v -19.897648 0.000000 7.359194
v -18.630371 0.000000 8.356194
v -19.156225 0.000000 7.058705
v -19.156225 0.000000 7.058705
v -19.156225 0.000000 7.058705
v -19.156225 0.000000 7.058705
v -19.156225 0.000000 7.058705
v -19.115562 0.000000 10.660616
v -19.641417 0.000000 9.363128
v -19.856983 0.000000 10.961105
v -20.382839 0.000000 9.663617
v -19.115562 0.000000 10.660616
v -19.641417 0.000000 9.363128
v -19.641417 0.000000 9.363128
v -19.641417 0.000000 9.363128
v -19.641417 0.000000 9.363128
v -19.641417 0.000000 9.363128
v -17.903519 0.000000 10.169392
v -18.429375 0.000000 8.871902
v -18.644941 0.000000 10.469880
v -19.170797 0.000000 9.172392
v -17.903519 0.000000 10.169392
v -18.429375 0.000000 8.871902
v -18.429375 0.000000 8.871902
v -18.429375 0.000000 8.871902
v -18.429375 0.000000 8.871902
v -18.429375 0.000000 8.871902
vn -0.0000 1.0000 -0.0000
vt 0.000000 0.000000
vt 1.000000 0.000000
vt 1.000000 1.000000
vt 0.000000 1.000000
s 0
f 2255/1646/1088 2256/1647/1088 2258/1648/1088 2257/1649/1088
f 2256/1647/1088 2255/1646/1088 2259/1646/1088 2260/1647/1088
f 2256/1647/1088 2260/1647/1088 2262/1647/1088 2261/1647/1088
f 2261/1647/1088 2262/1647/1088 2264/1647/1088 2263/1647/1088
f 2265/1646/1088 2266/1647/1088 2268/1648/1088 2267/1649/1088
f 2266/1647/1088 2265/1646/1088 2269/1646/1088 2270/1647/1088
f 2266/1647/1088 2270/1647/1088 2272/1647/1088 2271/1647/1088
f 2271/1647/1088 2272/1647/1088 2274/1647/1088 2273/1647/1088
f 2275/1646/1088 2276/1647/1088 2278/1648/1088 2277/1649/1088
f 2276/1647/1088 2275/1646/1088 2279/1646/1088 2280/1647/1088
f 2276/1647/1088 2280/1647/1088 2282/1647/1088 2281/1647/1088
f 2281/1647/1088 2282/1647/1088 2284/1647/1088 2283/1647/1088
f 2285/1646/1088 2286/1647/1088 2288/1648/1088 2287/1649/1088
f 2286/1647/1088 2285/1646/1088 2289/1646/1088 2290/1647/1088
f 2286/1647/1088 2290/1647/1088 2292/1647/1088 2291/1647/1088
f 2291/1647/1088 2292/1647/1088 2294/1647/1088 2293/1647/1088
o Plane.098
v -21.190914 0.000000 5.210135
v -21.716770 0.000000 3.912647
v -21.932335 0.000000 5.510624
v -22.458191 0.000000 4.213136
v -21.190914 0.000000 5.210135
v -21.716770 0.000000 3.912647
v -21.716770 0.000000 3.912647
v -21.716770 0.000000 3.912647
v -21.716770 0.000000 3.912647
v -21.716770 0.000000 3.912647
v -19.978870 0.000000 4.718910
v -20.504726 0.000000 3.421422
v -20.720293 0.000000 5.019399
v -21.246149 0.000000 3.721910
v -19.978870 0.000000 4.718910
v -20.504726 0.000000 3.421422
v -20.504726 0.000000 3.421422
v -20.504726 0.000000 3.421422
v -20.504726 0.000000 3.421422
v -20.504726 0.000000 3.421422
v -20.464064 0.000000 7.023333
v -20.989918 0.000000 5.725844
v -21.205484 0.000000 7.323822
v -21.731340 0.000000 6.026333
v -20.464064 0.000000 7.023333
v -20.989918 0.000000 5.725844
v -20.989918 0.000000 5.725844
v -20.989918 0.000000 5.725844
v -20.989918 0.000000 5.725844
v -20.989918 0.000000 5.725844
v -19.252020 0.000000 6.532108
v -19.777876 0.000000 5.234619
v -19.993443 0.000000 6.832597
v -20.519299 0.000000 5.535108
v -19.252020 0.000000 6.532108
v -19.777876 0.000000 5.234619
v -19.777876 0.000000 5.234619
v -19.777876 0.000000 5.234619
v -19.777876 0.000000 5.234619
v -19.777876 0.000000 5.234619
vn -0.0000 1.0000 -0.0000
vt 0.000000 0.000000
vt 1.000000 0.000000
vt 1.000000 1.000000
vt 0.000000 1.000000
s 0
f 2295/1650/1089 2296/1651/1089 2298/1652/1089 2297/1653/1089
f 2296/1651/1089 2295/1650/1089 2299/1650/1089 2300/1651/1089
f 2296/1651/1089 2300/1651/1089 2302/1651/1089 2301/1651/1089
f 2301/1651/1089 2302/1651/1089 2304/1651/1089 2303/1651/1089
f 2305/1650/1089 2306/1651/1089 2308/1652/1089 2307/1653/1089
f 2306/1651/1089 2305/1650/1089 2309/1650/1089 2310/1651/1089
f 2306/1651/1089 2310/1651/1089 2312/1651/1089 2311/1651/1089
f 2311/1651/1089 2312/1651/1089 2314/1651/1089 2313/1651/1089
f 2315/1650/1089 2316/1651/1089 2318/1652/1089 2317/1653/1089
f 2316/1651/1089 2315/1650/1089 2319/1650/1089 2320/1651/1089
f 2316/1651/1089 2320/1651/1089 2322/1651/1089 2321/1651/1089
f 2321/1651/1089 2322/1651/1089 2324/1651/1089 2323/1651/1089
f 2325/1650/1089 2326/1651/1089 2328/1652/1089 2327/1653/1089
f 2326/1651/1089 2325/1650/1089 2329/1650/1089 2330/1651/1089
f 2326/1651/1089 2330/1651/1089 2332/1651/1089 2331/1651/1089
f 2331/1651/1089 2332/1651/1089 2334/1651/1089 2333/1651/1089
o Plane.099
v -22.638462 0.000000 1.629718
v -23.164318 0.000000 0.332230
v -23.379883 0.000000 1.930207
v -23.905739 0.000000 0.632719
v -22.638462 0.000000 1.629718
v -23.164318 0.000000 0.332230
v -23.164318 0.000000 0.332230
v -23.164318 0.000000 0.332230
v -23.164318 0.000000 0.332230
v -23.164318 0.000000 0.332230
v -21.426418 0.000000 1.138493
v -21.952274 0.000000 -0.158995
v -22.167841 0.000000 1.438982
v -22.693697 0.000000 0.141494
v -21.426418 0.000000 1.138493
v -21.952274 0.000000 -0.158995
v -21.952274 0.000000 -0.158995
v -21.952274 0.000000 -0.158995
v -21.952274 0.000000 -0.158995
v -21.952274 0.000000 -0.158995
v -21.911612 0.000000 3.442916
v -22.437466 0.000000 2.145428
v -22.653032 0.000000 3.743405
v -23.178888 0.000000 2.445917
v -21.911612 0.000000 3.442916
v -22.437466 0.000000 2.145428
v -22.437466 0.000000 2.145428
v -22.437466 0.000000 2.145428
v -22.437466 0.000000 2.145428
v -22.437466 0.000000 2.145428
v -20.699568 0.000000 2.951691
v -21.225424 0.000000 1.654202
v -21.440990 0.000000 3.252180
v -21.966846 0.000000 1.954691
v -20.699568 0.000000 2.951691
v -21.225424 0.000000 1.654202
v -21.225424 0.000000 1.654202
v -21.225424 0.000000 1.654202
v -21.225424 0.000000 1.654202
v -21.225424 0.000000 1.654202
vn -0.0000 1.0000 -0.0000
vt 0.000000 0.000000
vt 1.000000 0.000000
vt 1.000000 1.000000
vt 0.000000 1.000000
s 0
f 2335/1654/1090 2336/1655/1090 2338/1656/1090 2337/1657/1090
f 2336/1655/1090 2335/1654/1090 2339/1654/1090 2340/1655/1090
f 2336/1655/1090 2340/1655/1090 2342/1655/1090 2341/1655/1090
f 2341/1655/1090 2342/1655/1090 2344/1655/1090 2343/1655/1090
f 2345/1654/1090 2346/1655/1090 2348/1656/1090 2347/1657/1090
f 2346/1655/1090 2345/1654/1090 2349/1654/1090 2350/1655/1090
f 2346/1655/1090 2350/1655/1090 2352/1655/1090 2351/1655/1090
f 2351/1655/1090 2352/1655/1090 2354/1655/1090 2353/1655/1090
f 2355/1654/1090 2356/1655/1090 2358/1656/1090 2357/1657/1090
f 2356/1655/1090 2355/1654/1090 2359/1654/1090 2360/1655/1090
f 2356/1655/1090 2360/1655/1090 2362/1655/1090 2361/1655/1090
f 2361/1655/1090 2362/1655/1090 2364/1655/1090 2363/1655/1090
f 2365/1654/1090 2366/1655/1090 2368/1656/1090 2367/1657/1090
f 2366/1655/1090 2365/1654/1090 2369/1654/1090 2370/1655/1090
f 2366/1655/1090 2370/1655/1090 2372/1655/1090 2371/1655/1090
f 2371/1655/1090 2372/1655/1090 2374/1655/1090 2373/1655/1090
o Plane.100
v 9.541564 0.000000 52.479523
v 8.871974 0.000000 51.250031
v 8.838998 0.000000 52.862144
v 8.169408 0.000000 51.632652
v 9.541564 0.000000 52.479523
v 8.871974 0.000000 51.250031
v 8.871974 0.000000 51.250031
v 8.871974 0.000000 51.250031
v 8.871974 0.000000 51.250031
v 8.871974 0.000000 51.250031
v 10.690088 0.000000 51.854027
v 10.020497 0.000000 50.624535
v 9.987521 0.000000 52.236649
v 9.317931 0.000000 51.007160
v 10.690088 0.000000 51.854027
v 10.020497 0.000000 50.624535
v 10.020497 0.000000 50.624535
v 10.020497 0.000000 50.624535
v 10.020497 0.000000 50.624535
v 10.020497 0.000000 50.624535
v 10.469332 0.000000 54.198605
v 9.799742 0.000000 52.969112
v 9.766765 0.000000 54.581226
v 9.097175 0.000000 53.351738
v 10.469332 0.000000 54.198605
v 9.799742 0.000000 52.969112
v 9.799742 0.000000 52.969112
v 9.799742 0.000000 52.969112
v 9.799742 0.000000 52.969112
v 9.799742 0.000000 52.969112
v 11.617855 0.000000 53.573109
v 10.948265 0.000000 52.343620
v 10.915289 0.000000 53.955734
v 10.245698 0.000000 52.726242
v 11.617855 0.000000 53.573109
v 10.948265 0.000000 52.343620
v 10.948265 0.000000 52.343620
v 10.948265 0.000000 52.343620
v 10.948265 0.000000 52.343620
v 10.948265 0.000000 52.343620
vn -0.0000 1.0000 -0.0000
vt 0.000000 0.000000
vt 1.000000 0.000000
vt 1.000000 1.000000
vt 0.000000 1.000000
s 0
f 2375/1658/1091 2376/1659/1091 2378/1660/1091 2377/1661/1091
f 2376/1659/1091 2375/1658/1091 2379/1658/1091 2380/1659/1091
f 2376/1659/1091 2380/1659/1091 2382/1659/1091 2381/1659/1091
f 2381/1659/1091 2382/1659/1091 2384/1659/1091 2383/1659/1091
f 2385/1658/1091 2386/1659/1091 2388/1660/1091 2387/1661/1091
f 2386/1659/1091 2385/1658/1091 2389/1658/1091 2390/1659/1091
f 2386/1659/1091 2390/1659/1091 2392/1659/1091 2391/1659/1091
f 2391/1659/1091 2392/1659/1091 2394/1659/1091 2393/1659/1091
f 2395/1658/1091 2396/1659/1091 2398/1660/1091 2397/1661/1091
f 2396/1659/1091 2395/1658/1091 2399/1658/1091 2400/1659/1091
f 2396/1659/1091 2400/1659/1091 2402/1659/1091 2401/1659/1091
f 2401/1659/1091 2402/1659/1091 2404/1659/1091 2403/1659/1091
f 2405/1658/1091 2406/1659/1091 2408/1660/1091 2407/1661/1091
f 2406/1659/1091 2405/1658/1091 2409/1658/1091 2410/1659/1091
f 2406/1659/1091 2410/1659/1091 2412/1659/1091 2411/1659/1091
f 2411/1659/1091 2412/1659/1091 2414/1659/1091 2413/1659/1091
o Plane.101
v 7.659683 0.000000 48.983406
v 6.990093 0.000000 47.753914
v 6.957117 0.000000 49.366028
v 6.287527 0.000000 48.136536
v 7.659683 0.000000 48.983406
v 6.990093 0.000000 47.753914
v 6.990093 0.000000 47.753914
v 6.990093 0.000000 47.753914
v 6.990093 0.000000 47.753914
v 6.990093 0.000000 47.753914
v 8.808207 0.000000 48.357910
v 8.138617 0.000000 47.128418
v 8.105640 0.000000 48.740532
v 7.436050 0.000000 47.511044
v 8.808207 0.000000 48.357910
v 8.138617 0.000000 47.128418
v 8.138617 0.000000 47.128418
v 8.138617 0.000000 47.128418
v 8.138617 0.000000 47.128418
v 8.138617 0.000000 47.128418
v 8.587451 0.000000 50.702488
v 7.917861 0.000000 49.472996
v 7.884884 0.000000 51.085110
v 7.215294 0.000000 49.855621
v 8.587451 0.000000 50.702488
v 7.917861 0.000000 49.472996
v 7.917861 0.000000 49.472996
v 7.917861 0.000000 49.472996
v 7.917861 0.000000 49.472996
v 7.917861 0.000000 49.472996
v 9.735974 0.000000 50.076992
v 9.066384 0.000000 48.847504
v 9.033407 0.000000 50.459618
v 8.363817 0.000000 49.230125
v 9.735974 0.000000 50.076992
v 9.066384 0.000000 48.847504
v 9.066384 0.000000 48.847504
v 9.066384 0.000000 48.847504
v 9.066384 0.000000 48.847504
v 9.066384 0.000000 48.847504
vn -0.0000 1.0000 -0.0000
vt 0.000000 0.000000
vt 1.000000 0.000000
vt 1.000000 1.000000
vt 0.000000 1.000000
s 0
f 2415/1662/1092 2416/1663/1092 2418/1664/1092 2417/1665/1092
f 2416/1663/1092 2415/1662/1092 2419/1662/1092 2420/1663/1092
f 2416/1663/1092 2420/1663/1092 2422/1663/1092 2421/1663/1092
f 2421/1663/1092 2422/1663/1092 2424/1663/1092 2423/1663/1092
f 2425/1662/1092 2426/1663/1092 2428/1664/1092 2427/1665/1092
f 2426/1663/1092 2425/1662/1092 2429/1662/1092 2430/1663/1092
f 2426/1663/1092 2430/1663/1092 2432/1663/1092 2431/1663/1092
f 2431/1663/1092 2432/1663/1092 2434/1663/1092 2433/1663/1092
f 2435/1662/1092 2436/1663/1092 2438/1664/1092 2437/1665/1092
f 2436/1663/1092 2435/1662/1092 2439/1662/1092 2440/1663/1092
f 2436/1663/1092 2440/1663/1092 2442/1663/1092 2441/1663/1092
f 2441/1663/1092 2442/1663/1092 2444/1663/1092 2443/1663/1092
f 2445/1662/1092 2446/1663/1092 2448/1664/1092 2447/1665/1092
f 2446/1663/1092 2445/1662/1092 2449/1662/1092 2450/1663/1092
f 2446/1663/1092 2450/1663/1092 2452/1663/1092 2451/1663/1092
f 2451/1663/1092 2452/1663/1092 2454/1663/1092 2453/1663/1092
o Plane.102
v 5.900912 0.000000 45.616367
v 5.231322 0.000000 44.386875
v 5.198346 0.000000 45.998989
v 4.528756 0.000000 44.769497
v 5.900912 0.000000 45.616367
v 5.231322 0.000000 44.386875
v 5.231322 0.000000 44.386875
v 5.231322 0.000000 44.386875
v 5.231322 0.000000 44.386875
v 5.231322 0.000000 44.386875
v 7.049436 0.000000 44.990871
v 6.379846 0.000000 43.761379
v 6.346869 0.000000 45.373493
v 5.677279 0.000000 44.144005
v 7.049436 0.000000 44.990871
v 6.379846 0.000000 43.761379
v 6.379846 0.000000 43.761379
v 6.379846 0.000000 43.761379
v 6.379846 0.000000 43.761379
v 6.379846 0.000000 43.761379
v 6.828680 0.000000 47.335449
v 6.159090 0.000000 46.105957
v 6.126113 0.000000 47.718071
v 5.456523 0.000000 46.488583
v 6.828680 0.000000 47.335449
v 6.159090 0.000000 46.105957
v 6.159090 0.000000 46.105957
v 6.159090 0.000000 46.105957
v 6.159090 0.000000 46.105957
v 6.159090 0.000000 46.105957
v 7.977203 0.000000 46.709953
v 7.307613 0.000000 45.480465
v 7.274637 0.000000 47.092579
v 6.605047 0.000000 45.863087
v 7.977203 0.000000 46.709953
v 7.307613 0.000000 45.480465
v 7.307613 0.000000 45.480465
v 7.307613 0.000000 45.480465
v 7.307613 0.000000 45.480465
v 7.307613 0.000000 45.480465
vn -0.0000 1.0000 -0.0000
vt 0.000000 0.000000
vt 1.000000 0.000000
vt 1.000000 1.000000
vt 0.000000 1.000000
s 0
f 2455/1666/1093 2456/1667/1093 2458/1668/1093 2457/1669/1093
f 2456/1667/1093 2455/1666/1093 2459/1666/1093 2460/1667/1093
f 2456/1667/1093 2460/1667/1093 2462/1667/1093 2461/1667/1093
f 2461/1667/1093 2462/1667/1093 2464/1667/1093 2463/1667/1093
f 2465/1666/1093 2466/1667/1093 2468/1668/1093 2467/1669/1093
f 2466/1667/1093 2465/1666/1093 2469/1666/1093 2470/1667/1093
f 2466/1667/1093 2470/1667/1093 2472/1667/1093 2471/1667/1093
f 2471/1667/1093 2472/1667/1093 2474/1667/1093 2473/1667/1093
f 2475/1666/1093 2476/1667/1093 2478/1668/1093 2477/1669/1093
f 2476/1667/1093 2475/1666/1093 2479/1666/1093 2480/1667/1093
f 2476/1667/1093 2480/1667/1093 2482/1667/1093 2481/1667/1093
f 2481/1667/1093 2482/1667/1093 2484/1667/1093 2483/1667/1093
f 2485/1666/1093 2486/1667/1093 2488/1668/1093 2487/1669/1093
f 2486/1667/1093 2485/1666/1093 2489/1666/1093 2490/1667/1093
f 2486/1667/1093 2490/1667/1093 2492/1667/1093 2491/1667/1093
f 2491/1667/1093 2492/1667/1093 2494/1667/1093 2493/1667/1093
o Plane.104
v 5.005795 0.000000 43.910923
v 4.444901 0.000000 42.628193
v 4.272806 0.000000 44.231434
v 3.711912 0.000000 42.948704
v 5.005795 0.000000 43.910923
v 4.444901 0.000000 42.628193
v 4.444901 0.000000 42.628193
v 4.444901 0.000000 42.628193
v 4.444901 0.000000 42.628193
v 4.444901 0.000000 42.628193
v 6.204052 0.000000 43.386967
v 5.643157 0.000000 42.104237
v 5.471063 0.000000 43.707478
v 4.910169 0.000000 42.424747
v 6.204052 0.000000 43.386967
v 5.643157 0.000000 42.104237
v 5.643157 0.000000 42.104237
v 5.643157 0.000000 42.104237
v 5.643157 0.000000 42.104237
v 5.643157 0.000000 42.104237
vn -0.0000 1.0000 -0.0000
vt 0.000000 0.000000
vt 1.000000 0.000000
vt 1.000000 1.000000
vt 0.000000 1.000000
s 0
f 2495/1670/1094 2496/1671/1094 2498/1672/1094 2497/1673/1094
f 2496/1671/1094 2495/1670/1094 2499/1670/1094 2500/1671/1094
f 2496/1671/1094 2500/1671/1094 2502/1671/1094 2501/1671/1094
f 2501/1671/1094 2502/1671/1094 2504/1671/1094 2503/1671/1094
f 2505/1670/1094 2506/1671/1094 2508/1672/1094 2507/1673/1094
f 2506/1671/1094 2505/1670/1094 2509/1670/1094 2510/1671/1094
f 2506/1671/1094 2510/1671/1094 2512/1671/1094 2511/1671/1094
f 2511/1671/1094 2512/1671/1094 2514/1671/1094 2513/1671/1094
o Plane.003
v -66.821297 0.000000 38.794250
v -65.822075 0.000000 38.833611
v -66.648109 0.000000 34.397659
v -65.648888 0.000000 34.437019
v -66.821297 0.000000 38.794250
v -65.822075 0.000000 38.833611
v -65.822075 0.000000 38.833611
v -65.822075 0.000000 38.833611
v -65.822075 0.000000 38.833611
v -65.822075 0.000000 38.833611
vn -0.0000 1.0000 -0.0000
vt 0.000000 0.000000
vt 1.000000 0.000000
vt 1.000000 1.000000
vt 0.000000 1.000000
s 0
f 2515/1674/1095 2516/1675/1095 2518/1676/1095 2517/1677/1095
f 2516/1675/1095 2515/1674/1095 2519/1674/1095 2520/1675/1095
f 2516/1675/1095 2520/1675/1095 2522/1675/1095 2521/1675/1095
f 2521/1675/1095 2522/1675/1095 2524/1675/1095 2523/1675/1095
o Cylinder
v -65.724243 -0.100000 37.875084
v -65.724243 0.100000 37.875084
v -65.236519 -0.100000 37.923122
v -65.236519 0.100000 37.923122
v -64.767532 -0.100000 38.065384
v -64.767532 0.100000 38.065384
v -64.335320 -0.100000 38.296410
v -64.335320 0.100000 38.296410
v -63.956474 -0.100000 38.607315
v -63.956474 0.100000 38.607315
v -63.645569 -0.100000 38.986160
v -63.645569 0.100000 38.986160
v -63.414543 -0.100000 39.418377
v -63.414543 0.100000 39.418377
v -63.272282 -0.100000 39.887360
v -63.272282 0.100000 39.887360
v -63.224243 -0.100000 40.375084
v -63.224243 0.100000 40.375084
v -63.272282 -0.100000 40.862808
v -63.272282 0.100000 40.862808
v -63.414543 -0.100000 41.331791
v -63.414543 0.100000 41.331791
v -63.645569 -0.100000 41.764008
v -63.645569 0.100000 41.764008
v -63.956474 -0.100000 42.142853
v -63.956474 0.100000 42.142853
v -64.335320 -0.100000 42.453758
v -64.335320 0.100000 42.453758
v -64.767532 -0.100000 42.684784
v -64.767532 0.100000 42.684784
v -65.236519 -0.100000 42.827045
v -65.236519 0.100000 42.827045
v -65.724243 -0.100000 42.875084
v -65.724243 0.100000 42.875084
v -66.211967 -0.100000 42.827045
v -66.211967 0.100000 42.827045
v -66.680954 -0.100000 42.684784
v -66.680954 0.100000 42.684784
v -67.113167 -0.100000 42.453758
v -67.113167 0.100000 42.453758
v -67.492012 -0.100000 42.142853
v -67.492012 0.100000 42.142853
v -67.802917 -0.100000 41.764008
v -67.802917 0.100000 41.764008
v -68.033943 -0.100000 41.331791
v -68.033943 0.100000 41.331791
v -68.176208 -0.100000 40.862808
v -68.176208 0.100000 40.862808
v -68.224243 -0.100000 40.375084
v -68.224243 0.100000 40.375084
v -68.176208 -0.100000 39.887360
v -68.176208 0.100000 39.887360
v -68.033943 -0.100000 39.418377
v -68.033943 0.100000 39.418377
v -67.802917 -0.100000 38.986160
v -67.802917 0.100000 38.986160
v -67.492012 -0.100000 38.607315
v -67.492012 0.100000 38.607315
v -67.113167 -0.100000 38.296410
v -67.113167 0.100000 38.296410
v -66.680954 -0.100000 38.065384
v -66.680954 0.100000 38.065384
v -66.211967 -0.100000 37.923122
v -66.211967 0.100000 37.923122
vn 0.0980 -0.0000 -0.9952
vn 0.2903 -0.0000 -0.9569
vn 0.4714 -0.0000 -0.8819
vn 0.6344 -0.0000 -0.7730
vn 0.7730 -0.0000 -0.6344
vn 0.8819 -0.0000 -0.4714
vn 0.9569 -0.0000 -0.2903
vn 0.9952 -0.0000 -0.0980
vn 0.9952 -0.0000 0.0980
vn 0.9569 -0.0000 0.2903
vn 0.8819 -0.0000 0.4714
vn 0.7730 -0.0000 0.6344
vn 0.6344 -0.0000 0.7730
vn 0.4714 -0.0000 0.8819
vn 0.2903 -0.0000 0.9569
vn 0.0980 -0.0000 0.9952
vn -0.0980 -0.0000 0.9952
vn -0.2903 -0.0000 0.9569
vn -0.4714 -0.0000 0.8819
vn -0.6344 -0.0000 0.7730
vn -0.7730 -0.0000 0.6344
vn -0.8819 -0.0000 0.4714
vn -0.9569 -0.0000 0.2903
vn -0.9952 -0.0000 0.0980
vn -0.9952 -0.0000 -0.0980
vn -0.9569 -0.0000 -0.2903
vn -0.8819 -0.0000 -0.4714
vn -0.7730 -0.0000 -0.6344
vn -0.6344 -0.0000 -0.7730
vn -0.4714 -0.0000 -0.8819
vn -0.0000 1.0000 -0.0000
vn -0.2903 -0.0000 -0.9569
vn -0.0980 -0.0000 -0.9952
vn -0.0000 -1.0000 -0.0000
vt 1.000000 0.500000
vt 1.000000 1.000000
vt 0.968750 1.000000
vt 0.968750 0.500000
vt 0.937500 1.000000
vt 0.937500 0.500000
vt 0.906250 1.000000
vt 0.906250 0.500000
vt 0.875000 1.000000
vt 0.875000 0.500000
vt 0.843750 1.000000
vt 0.843750 0.500000
vt 0.812500 1.000000
vt 0.812500 0.500000
vt 0.781250 1.000000
vt 0.781250 0.500000
vt 0.750000 1.000000
vt 0.750000 0.500000
vt 0.718750 1.000000
vt 0.718750 0.500000
vt 0.687500 1.000000
vt 0.687500 0.500000
vt 0.656250 1.000000
vt 0.656250 0.500000
vt 0.625000 1.000000
vt 0.625000 0.500000
vt 0.593750 1.000000
vt 0.593750 0.500000
vt 0.562500 1.000000
vt 0.562500 0.500000
vt 0.531250 1.000000
vt 0.531250 0.500000
vt 0.500000 1.000000
vt 0.500000 0.500000
vt 0.468750 1.000000
vt 0.468750 0.500000
vt 0.437500 1.000000
vt 0.437500 0.500000
vt 0.406250 1.000000
vt 0.406250 0.500000
vt 0.375000 1.000000
vt 0.375000 0.500000
vt 0.343750 1.000000
vt 0.343750 0.500000
vt 0.312500 1.000000
vt 0.312500 0.500000
vt 0.281250 1.000000
vt 0.281250 0.500000
vt 0.250000 1.000000
vt 0.250000 0.500000
vt 0.218750 1.000000
vt 0.218750 0.500000
vt 0.187500 1.000000
vt 0.187500 0.500000
vt 0.156250 1.000000
vt 0.156250 0.500000
vt 0.125000 1.000000
vt 0.125000 0.500000
vt 0.093750 1.000000
vt 0.093750 0.500000
vt 0.062500 1.000000
vt 0.062500 0.500000
vt 0.296822 0.485388
vt 0.250000 0.490000
vt 0.203178 0.485388
vt 0.158156 0.471731
vt 0.116663 0.449553
vt 0.080294 0.419706
vt 0.050447 0.383337
vt 0.028269 0.341844
vt 0.014612 0.296822
vt 0.010000 0.250000
vt 0.014612 0.203178
vt 0.028269 0.158156
vt 0.050447 0.116663
vt 0.080294 0.080294
vt 0.116663 0.050447
vt 0.158156 0.028269
vt 0.203178 0.014612
vt 0.250000 0.010000
vt 0.296822 0.014612
vt 0.341844 0.028269
vt 0.383337 0.050447
vt 0.419706 0.080294
vt 0.449553 0.116663
vt 0.471731 0.158156
vt 0.485388 0.203178
vt 0.490000 0.250000
vt 0.485388 0.296822
vt 0.471731 0.341844
vt 0.449553 0.383337
vt 0.419706 0.419706
vt 0.383337 0.449553
vt 0.341844 0.471731
vt 0.031250 1.000000
vt 0.031250 0.500000
vt 0.000000 1.000000
vt 0.000000 0.500000
vt 0.750000 0.490000
vt 0.796822 0.485388
vt 0.841844 0.471731
vt 0.883337 0.449553
vt 0.919706 0.419706
vt 0.949553 0.383337
vt 0.971731 0.341844
vt 0.985388 0.296822
vt 0.990000 0.250000
vt 0.985388 0.203178
vt 0.971731 0.158156
vt 0.949553 0.116663
vt 0.919706 0.080294
vt 0.883337 0.050447
vt 0.841844 0.028269
vt 0.796822 0.014612
vt 0.750000 0.010000
vt 0.703178 0.014612
vt 0.658156 0.028269
vt 0.616663 0.050447
vt 0.580294 0.080294
vt 0.550447 0.116663
vt 0.528269 0.158156
vt 0.514612 0.203178
vt 0.510000 0.250000
vt 0.514612 0.296822
vt 0.528269 0.341844
vt 0.550447 0.383337
vt 0.580294 0.419706
vt 0.616663 0.449553
vt 0.658156 0.471731
vt 0.703178 0.485388
s 0
f 2525/1678/1096 2526/1679/1096 2528/1680/1096 2527/1681/1096
f 2527/1681/1097 2528/1680/1097 2530/1682/1097 2529/1683/1097
f 2529/1683/1098 2530/1682/1098 2532/1684/1098 2531/1685/1098
f 2531/1685/1099 2532/1684/1099 2534/1686/1099 2533/1687/1099
f 2533/1687/1100 2534/1686/1100 2536/1688/1100 2535/1689/1100
f 2535/1689/1101 2536/1688/1101 2538/1690/1101 2537/1691/1101
f 2537/1691/1102 2538/1690/1102 2540/1692/1102 2539/1693/1102
f 2539/1693/1103 2540/1692/1103 2542/1694/1103 2541/1695/1103
f 2541/1695/1104 2542/1694/1104 2544/1696/1104 2543/1697/1104
f 2543/1697/1105 2544/1696/1105 2546/1698/1105 2545/1699/1105
f 2545/1699/1106 2546/1698/1106 2548/1700/1106 2547/1701/1106
f 2547/1701/1107 2548/1700/1107 2550/1702/1107 2549/1703/1107
f 2549/1703/1108 2550/1702/1108 2552/1704/1108 2551/1705/1108
f 2551/1705/1109 2552/1704/1109 2554/1706/1109 2553/1707/1109
f 2553/1707/1110 2554/1706/1110 2556/1708/1110 2555/1709/1110
f 2555/1709/1111 2556/1708/1111 2558/1710/1111 2557/1711/1111
f 2557/1711/1112 2558/1710/1112 2560/1712/1112 2559/1713/1112
f 2559/1713/1113 2560/1712/1113 2562/1714/1113 2561/1715/1113
f 2561/1715/1114 2562/1714/1114 2564/1716/1114 2563/1717/1114
f 2563/1717/1115 2564/1716/1115 2566/1718/1115 2565/1719/1115
f 2565/1719/1116 2566/1718/1116 2568/1720/1116 2567/1721/1116
f 2567/1721/1117 2568/1720/1117 2570/1722/1117 2569/1723/1117
f 2569/1723/1118 2570/1722/1118 2572/1724/1118 2571/1725/1118
f 2571/1725/1119 2572/1724/1119 2574/1726/1119 2573/1727/1119
f 2573/1727/1120 2574/1726/1120 2576/1728/1120 2575/1729/1120
f 2575/1729/1121 2576/1728/1121 2578/1730/1121 2577/1731/1121
f 2577/1731/1122 2578/1730/1122 2580/1732/1122 2579/1733/1122
f 2579/1733/1123 2580/1732/1123 2582/1734/1123 2581/1735/1123
f 2581/1735/1124 2582/1734/1124 2584/1736/1124 2583/1737/1124
f 2583/1737/1125 2584/1736/1125 2586/1738/1125 2585/1739/1125
f 2528/1740/1126 2526/1741/1126 2588/1742/1126 2586/1743/1126 2584/1744/1126 2582/1745/1126 2580/1746/1126 2578/1747/1126 2576/1748/1126 2574/1749/1126 2572/1750/1126 2570/1751/1126 2568/1752/1126 2566/1753/1126 2564/1754/1126 2562/1755/1126 2560/1756/1126 2558/1757/1126 2556/1758/1126 2554/1759/1126 2552/1760/1126 2550/1761/1126 2548/1762/1126 2546/1763/1126 2544/1764/1126 2542/1765/1126 2540/1766/1126 2538/1767/1126 2536/1768/1126 2534/1769/1126 2532/1770/1126 2530/1771/1126
f 2585/1739/1127 2586/1738/1127 2588/1772/1127 2587/1773/1127
f 2587/1773/1128 2588/1772/1128 2526/1774/1128 2525/1775/1128
f 2525/1776/1129 2527/1777/1129 2529/1778/1129 2531/1779/1129 2533/1780/1129 2535/1781/1129 2537/1782/1129 2539/1783/1129 2541/1784/1129 2543/1785/1129 2545/1786/1129 2547/1787/1129 2549/1788/1129 2551/1789/1129 2553/1790/1129 2555/1791/1129 2557/1792/1129 2559/1793/1129 2561/1794/1129 2563/1795/1129 2565/1796/1129 2567/1797/1129 2569/1798/1129 2571/1799/1129 2573/1800/1129 2575/1801/1129 2577/1802/1129 2579/1803/1129 2581/1804/1129 2583/1805/1129 2585/1806/1129 2587/1807/1129
