# Blender 4.0.2
# www.blender.org
mtllib asmundarsafn_nyasta_utgafa_8.4_12.55.mtl
o v_hlid
v 2.750000 0.000000 2.000000
v 4.139461 4.000000 1.236724
v 2.750000 0.000000 -2.000000
v 4.139461 4.000000 -1.236724
v 10.250000 0.000000 2.000000
v 8.860538 4.000000 1.236724
v 10.250000 0.000000 -2.000000
v 8.860538 4.000000 -1.236724
vn -0.9446 0.3281 -0.0000
vn -0.0000 0.1874 -0.9823
vn 0.9446 0.3281 -0.0000
vn -0.0000 0.1874 0.9823
vn -0.0000 -1.0000 -0.0000
vn -0.0000 1.0000 -0.0000
vt 0.375000 0.000000
vt 0.625000 0.000000
vt 0.625000 0.250000
vt 0.375000 0.250000
vt 0.625000 0.500000
vt 0.375000 0.500000
vt 0.625000 0.750000
vt 0.375000 0.750000
vt 0.625000 1.000000
vt 0.375000 1.000000
vt 0.125000 0.500000
vt 0.125000 0.750000
vt 0.875000 0.500000
vt 0.875000 0.750000
s 0
usemtl Material.003
f 1/1/1 2/2/1 4/3/1 3/4/1
f 3/4/2 4/3/2 8/5/2 7/6/2
f 7/6/3 8/5/3 6/7/3 5/8/3
f 5/8/4 6/7/4 2/9/4 1/10/4
f 3/11/5 7/6/5 5/8/5 1/12/5
f 8/5/6 4/13/6 2/14/6 6/7/6
o adaldyr
v -4.000000 0.000000 1.300000
v -4.000000 2.900000 1.300000
v -4.000000 0.000000 -1.300000
v -4.000000 2.900000 -1.300000
v 4.000000 0.000000 1.300000
v 4.000000 2.900000 1.300000
v 4.000000 0.000000 -1.300000
v 4.000000 2.900000 -1.300000
v 1.389393 1.796256 0.880154
v 1.019795 1.796256 0.880154
v 1.389393 2.271376 0.880154
v 1.019795 2.271376 0.880154
v -4.000000 2.900000 -1.300000
v -4.000000 0.000000 -1.300000
v 4.000000 0.000000 -1.300000
v 4.000000 2.900000 -1.300000
v -4.000000 2.900000 -1.300000
v -4.000000 0.000000 -1.300000
v 4.000000 0.000000 -1.300000
v 4.000000 2.900000 -1.300000
v -4.000000 1.450000 -1.300000
v 0.000000 0.000000 -1.300000
v 0.000000 2.900000 -1.300000
v 4.000000 1.450000 -1.300000
v -2.000000 0.000000 -1.300000
v 2.000000 0.000000 -1.300000
v -3.000000 0.000000 -1.300000
v 1.000000 0.000000 -1.300000
v -1.000000 0.000000 -1.300000
v 3.000000 0.000000 -1.300000
v -3.500000 0.000000 -1.300000
v 0.500000 0.000000 -1.300000
v -1.500000 0.000000 -1.300000
v 2.500000 0.000000 -1.300000
v -2.500000 0.000000 -1.300000
v 1.500000 0.000000 -1.300000
v -0.500000 0.000000 -1.300000
v 3.500000 0.000000 -1.300000
v 2.000000 2.900000 -1.300000
v -2.000000 2.900000 -1.300000
v 3.000000 2.900000 -1.300000
v -1.000000 2.900000 -1.300000
v 1.000000 2.900000 -1.300000
v -3.000000 2.900000 -1.300000
v 3.500000 2.900000 -1.300000
v -0.500000 2.900000 -1.300000
v 1.500000 2.900000 -1.300000
v -2.500000 2.900000 -1.300000
v 2.500000 2.900000 -1.300000
v -1.500000 2.900000 -1.300000
v 0.500000 2.900000 -1.300000
v -3.500000 2.900000 -1.300000
vn -1.0000 -0.0000 -0.0000
vn -0.0000 -0.0000 -1.0000
vn 1.0000 -0.0000 -0.0000
vn -0.0000 -0.0000 1.0000
vn -0.0000 -1.0000 -0.0000
vn -0.0000 1.0000 -0.0000
vt 0.625000 0.000000
vt 0.375000 0.250000
vt 0.375000 0.000000
vt 0.625000 0.250000
vt 0.375000 0.500000
vt 0.625000 0.500000
vt 0.375000 0.750000
vt 0.625000 0.750000
vt 0.375000 1.000000
vt 0.125000 0.750000
vt 0.125000 0.500000
vt 0.875000 0.500000
vt 0.000000 0.000000
vt 0.375000 0.484375
vt 0.625000 0.265625
vt 0.375000 0.265625
vt 0.625000 0.484375
vt 0.625000 1.000000
vt 0.875000 0.750000
vt 0.375000 0.281250
vt 0.375000 0.296875
vt 0.375000 0.312500
vt 0.375000 0.328125
vt 0.375000 0.343750
vt 0.375000 0.359375
vt 0.375000 0.375000
vt 0.375000 0.390625
vt 0.375000 0.406250
vt 0.375000 0.421875
vt 0.375000 0.437500
vt 0.375000 0.453125
vt 0.375000 0.468750
vt 0.625000 0.468750
vt 0.625000 0.453125
vt 0.625000 0.437500
vt 0.625000 0.421875
vt 0.625000 0.406250
vt 0.625000 0.390625
vt 0.625000 0.375000
vt 0.625000 0.359375
vt 0.625000 0.343750
vt 0.625000 0.328125
vt 0.625000 0.312500
vt 0.625000 0.296875
vt 0.625000 0.281250
vt 0.500000 0.250000
vt 0.500000 0.500000
s 0
usemtl Material.004
f 10/15/7 22/16/7 9/17/7
f 12/18/8 15/19/8 11/16/8
f 24/20/9 13/21/9 23/19/9
f 14/22/10 9/23/10 13/21/10
f 23/19/11 9/24/11 22/25/11
f 21/26/12 14/22/12 24/20/12
f 18/26/10 19/22/10 20/20/10
f 29/27/12 26/27/12 21/27/12
f 46/28/12 23/19/12 22/16/12
f 60/29/12 21/18/12 24/20/12
f 32/27/12 28/27/12 23/27/12
f 11/16/12 26/16/12 25/18/12
f 11/16/12 15/19/12 39/30/12
f 16/20/12 12/18/12 53/31/12
f 16/20/12 28/20/12 27/19/12
f 10/15/7 21/18/7 22/16/7
f 12/18/8 16/20/8 15/19/8
f 24/20/9 14/22/9 13/21/9
f 14/22/10 10/32/10 9/23/10
f 23/19/11 13/21/11 9/24/11
f 21/26/12 10/33/12 14/22/12
f 18/26/10 17/33/10 19/22/10
f 21/27/12 25/27/12 29/27/12
f 26/27/12 22/27/12 21/27/12
f 22/16/12 26/16/12 39/30/12
f 35/34/12 43/35/12 33/36/12
f 22/16/12 39/30/12 35/34/12
f 33/36/12 41/37/12 37/38/12
f 22/16/12 35/34/12 33/36/12
f 37/38/12 45/39/12 30/40/12
f 22/16/12 33/36/12 37/38/12
f 30/40/12 40/41/12 36/42/12
f 22/16/12 37/38/12 30/40/12
f 36/42/12 44/43/12 34/44/12
f 22/16/12 30/40/12 36/42/12
f 34/44/12 42/45/12 38/46/12
f 22/16/12 36/42/12 34/44/12
f 34/44/12 38/46/12 46/28/12
f 22/16/12 34/44/12 46/28/12
f 46/28/12 27/19/12 23/19/12
f 24/20/12 28/20/12 53/31/12
f 49/47/12 57/48/12 47/49/12
f 24/20/12 53/31/12 49/47/12
f 47/49/12 55/50/12 51/51/12
f 24/20/12 49/47/12 47/49/12
f 51/51/12 59/52/12 31/53/12
f 24/20/12 47/49/12 51/51/12
f 31/53/12 54/54/12 50/55/12
f 24/20/12 51/51/12 31/53/12
f 50/55/12 58/56/12 48/57/12
f 24/20/12 31/53/12 50/55/12
f 48/57/12 56/58/12 52/59/12
f 24/20/12 50/55/12 48/57/12
f 48/57/12 52/59/12 60/29/12
f 24/20/12 48/57/12 60/29/12
f 60/29/12 25/18/12 21/18/12
f 23/27/12 27/27/12 32/27/12
f 28/27/12 24/27/12 23/27/12
f 25/18/12 12/18/12 11/16/12
f 26/16/12 29/60/12 25/18/12
f 15/19/12 27/19/12 46/28/12
f 15/19/12 46/28/12 38/46/12
f 15/19/12 38/46/12 34/44/12
f 15/19/12 34/44/12 36/42/12
f 15/19/12 36/42/12 30/40/12
f 15/19/12 30/40/12 37/38/12
f 15/19/12 37/38/12 33/36/12
f 33/36/12 35/34/12 39/30/12
f 15/19/12 33/36/12 39/30/12
f 39/30/12 26/16/12 11/16/12
f 12/18/12 25/18/12 60/29/12
f 12/18/12 60/29/12 52/59/12
f 12/18/12 52/59/12 48/57/12
f 12/18/12 48/57/12 50/55/12
f 12/18/12 50/55/12 31/53/12
f 12/18/12 31/53/12 51/51/12
f 12/18/12 51/51/12 47/49/12
f 47/49/12 49/47/12 53/31/12
f 12/18/12 47/49/12 53/31/12
f 53/31/12 28/20/12 16/20/12
f 27/19/12 15/19/12 16/20/12
f 28/20/12 32/61/12 27/19/12
o h_hlid
v -10.250000 0.000000 2.000000
v -8.860538 4.000000 1.236724
v -10.250000 0.000000 -2.000000
v -8.860538 4.000000 -1.236724
v -2.750000 0.000000 2.000000
v -4.139461 4.000000 1.236724
v -2.750000 0.000000 -2.000000
v -4.139461 4.000000 -1.236724
vn -0.9446 0.3281 -0.0000
vn -0.0000 0.1874 -0.9823
vn 0.9446 0.3281 -0.0000
vn -0.0000 0.1874 0.9823
vn -0.0000 -1.0000 -0.0000
vn -0.0000 1.0000 -0.0000
vt 0.375000 0.000000
vt 0.625000 0.000000
vt 0.625000 0.250000
vt 0.375000 0.250000
vt 0.625000 0.500000
vt 0.375000 0.500000
vt 0.625000 0.750000
vt 0.375000 0.750000
vt 0.625000 1.000000
vt 0.375000 1.000000
vt 0.125000 0.500000
vt 0.125000 0.750000
vt 0.875000 0.500000
vt 0.875000 0.750000
s 0
usemtl Material.002
f 61/62/13 62/63/13 64/64/13 63/65/13
f 63/65/14 64/64/14 68/66/14 67/67/14
f 67/67/15 68/66/15 66/68/15 65/69/15
f 65/69/16 66/68/16 62/70/16 61/71/16
f 63/72/17 67/67/17 65/69/17 61/73/17
f 68/66/18 64/74/18 62/75/18 66/68/18
o innanhus
v -4.080000 -0.009000 9.530798
v -4.080000 2.949000 9.530798
v -4.080000 -0.009000 1.289198
v -4.080000 2.949000 1.289198
v 4.080000 -0.009000 9.530798
v 4.080000 2.949000 9.530798
v 4.080000 -0.009000 1.289198
v 4.080000 2.949000 1.289198
vn -1.0000 -0.0000 -0.0000
vn -0.0000 -0.0000 -1.0000
vn 1.0000 -0.0000 -0.0000
vn -0.0000 -0.0000 1.0000
vn -0.0000 -1.0000 -0.0000
vn -0.0000 1.0000 -0.0000
vt 0.625000 0.000000
vt 0.375000 0.250000
vt 0.375000 0.000000
vt 0.625000 0.250000
vt 0.375000 0.500000
vt 0.625000 0.500000
vt 0.375000 0.750000
vt 0.625000 0.750000
vt 0.375000 1.000000
vt 0.125000 0.750000
vt 0.125000 0.500000
vt 0.875000 0.500000
vt 0.625000 1.000000
vt 0.875000 0.750000
s 0
usemtl Material.012
f 70/76/19 71/77/19 69/78/19
f 72/79/20 75/80/20 71/77/20
f 76/81/21 73/82/21 75/80/21
f 74/83/22 69/84/22 73/82/22
f 75/80/23 69/85/23 71/86/23
f 72/87/24 74/83/24 76/81/24
f 70/76/19 72/79/19 71/77/19
f 72/79/20 76/81/20 75/80/20
f 76/81/21 74/83/21 73/82/21
f 74/83/22 70/88/22 69/84/22
f 75/80/23 73/82/23 69/85/23
f 72/87/24 70/89/24 74/83/24
o syningarsalur
v -0.000007 -0.180000 9.232174
v 18.205343 -0.180000 16.700565
v 18.205343 2.520000 16.700565
v 16.384377 -0.180000 20.074596
v 16.384377 2.520000 20.074596
v 13.933763 -0.180000 23.031958
v 13.933763 2.520000 23.031958
v 10.947686 -0.180000 25.459005
v 10.947686 2.520000 25.459005
v 7.540896 -0.180000 27.262463
v 7.540896 2.520000 27.262463
v 3.844311 -0.180000 28.373026
v 3.844311 2.520000 28.373026
v -0.000007 -0.180000 28.748016
v -0.000007 2.520000 28.748016
v -3.844327 -0.180000 28.373026
v -3.844327 2.520000 28.373026
v -7.540917 -0.180000 27.262463
v -7.540917 2.520000 27.262463
v -10.947704 -0.180000 25.459005
v -10.947704 2.520000 25.459005
v -13.933783 -0.180000 23.031958
v -13.933783 2.520000 23.031958
v -16.384394 -0.180000 20.074596
v -16.384394 2.520000 20.074596
v -18.205362 -0.180000 16.700565
v -18.205362 2.520000 16.700565
v -0.000007 2.520000 9.232174
vn 0.8800 -0.0000 0.4749
vn 0.7700 -0.0000 0.6381
vn 0.6307 -0.0000 0.7760
vn 0.4679 -0.0000 0.8838
vn 0.2877 -0.0000 0.9577
vn 0.0971 -0.0000 0.9953
vn -0.0971 -0.0000 0.9953
vn -0.2877 -0.0000 0.9577
vn -0.4679 -0.0000 0.8838
vn -0.6307 -0.0000 0.7760
vn -0.7700 -0.0000 0.6381
vn -0.8800 -0.0000 0.4749
vn -0.3795 -0.0000 -0.9252
vn 0.3795 -0.0000 -0.9252
vn -0.0000 1.0000 -0.0000
vn -0.0000 -1.0000 -0.0000
vt 0.687500 0.500000
vt 0.687500 1.000000
vt 0.656250 1.000000
vt 0.656250 0.500000
vt 0.625000 1.000000
vt 0.625000 0.500000
vt 0.593750 1.000000
vt 0.593750 0.500000
vt 0.562500 1.000000
vt 0.562500 0.500000
vt 0.531250 1.000000
vt 0.531250 0.500000
vt 0.500000 1.000000
vt 0.500000 0.500000
vt 0.468750 1.000000
vt 0.468750 0.500000
vt 0.437500 1.000000
vt 0.437500 0.500000
vt 0.406250 1.000000
vt 0.406250 0.500000
vt 0.375000 1.000000
vt 0.375000 0.500000
vt 0.343750 1.000000
vt 0.343750 0.500000
vt 0.312500 1.000000
vt 0.312500 0.500000
vt 0.000000 0.000000
s 0
usemtl Material.013
f 78/90/25 79/91/25 81/92/25 80/93/25
f 80/93/26 81/92/26 83/94/26 82/95/26
f 82/95/27 83/94/27 85/96/27 84/97/27
f 84/97/28 85/96/28 87/98/28 86/99/28
f 86/99/29 87/98/29 89/100/29 88/101/29
f 88/101/30 89/100/30 91/102/30 90/103/30
f 90/103/31 91/102/31 93/104/31 92/105/31
f 92/105/32 93/104/32 95/106/32 94/107/32
f 94/107/33 95/106/33 97/108/33 96/109/33
f 96/109/34 97/108/34 99/110/34 98/111/34
f 98/111/35 99/110/35 101/112/35 100/113/35
f 100/113/36 101/112/36 103/114/36 102/115/36
f 103/114/37 104/116/37 77/116/37 102/115/37
f 79/91/38 78/90/38 77/116/38 104/116/38
f 81/92/39 79/91/39 104/116/39 91/102/39 89/100/39 87/98/39 85/96/39 83/94/39
f 91/102/39 104/116/39 103/114/39 101/112/39 99/110/39 97/108/39 95/106/39 93/104/39
f 78/90/40 80/93/40 82/95/40 84/97/40 86/99/40 88/101/40 90/103/40 92/105/40 94/107/40 96/109/40 98/111/40 100/113/40 102/115/40 77/116/40
o gluggi_kula_2_hlid_a
o Cube.004
v -5.334224 2.614725 1.557084
v -5.334224 3.658621 1.373017
v -5.334224 2.579995 1.360123
v -5.334224 3.623891 1.176056
v -5.034224 2.614725 1.557084
v -5.034224 3.658621 1.373017
v -5.034224 2.579995 1.360123
v -5.034224 3.623891 1.176056
v -8.261690 2.624547 1.524597
v -8.261690 3.668443 1.340530
v -8.261690 2.589817 1.327635
v -8.261690 3.633713 1.143568
v -7.961690 2.624547 1.524597
v -7.961690 3.668443 1.340530
v -7.961690 2.589817 1.327635
v -7.961690 3.633713 1.143568
v -7.312362 2.590309 1.520045
v -7.312362 3.634205 1.335978
v -7.312362 2.555579 1.323083
v -7.312362 3.599476 1.139016
v -7.012362 2.590309 1.520045
v -7.012362 3.634205 1.335978
v -7.012362 2.555579 1.323083
v -7.012362 3.599476 1.139016
v -6.289774 2.596585 1.537913
v -6.289774 3.640481 1.353846
v -6.289774 2.561855 1.340951
v -6.289774 3.605751 1.156884
v -5.989774 2.596585 1.537913
v -5.989774 3.640481 1.353846
v -5.989774 2.561855 1.340951
v -5.989774 3.605751 1.156884
vn -1.0000 -0.0000 -0.0000
vn -0.0000 -0.1736 -0.9848
vn 1.0000 -0.0000 -0.0000
vn -0.0000 0.1736 0.9848
vn -0.0000 -0.9848 0.1736
vn -0.0000 0.9848 -0.1736
vt 0.375000 0.000000
vt 0.625000 0.000000
vt 0.625000 0.250000
vt 0.375000 0.250000
vt 0.625000 0.500000
vt 0.375000 0.500000
vt 0.625000 0.750000
vt 0.375000 0.750000
vt 0.625000 1.000000
vt 0.375000 1.000000
vt 0.125000 0.500000
vt 0.125000 0.750000
vt 0.875000 0.500000
vt 0.875000 0.750000
s 0
usemtl Material.020
f 105/117/41 106/118/41 108/119/41 107/120/41
f 107/120/42 108/119/42 112/121/42 111/122/42
f 111/122/43 112/121/43 110/123/43 109/124/43
f 109/124/44 110/123/44 106/125/44 105/126/44
f 107/127/45 111/122/45 109/124/45 105/128/45
f 112/121/46 108/129/46 106/130/46 110/123/46
f 113/117/41 114/118/41 116/119/41 115/120/41
f 115/120/42 116/119/42 120/121/42 119/122/42
f 119/122/43 120/121/43 118/123/43 117/124/43
f 117/124/44 118/123/44 114/125/44 113/126/44
f 115/127/45 119/122/45 117/124/45 113/128/45
f 120/121/46 116/129/46 114/130/46 118/123/46
f 121/117/41 122/118/41 124/119/41 123/120/41
f 123/120/42 124/119/42 128/121/42 127/122/42
f 127/122/43 128/121/43 126/123/43 125/124/43
f 125/124/44 126/123/44 122/125/44 121/126/44
f 123/127/45 127/122/45 125/124/45 121/128/45
f 128/121/46 124/129/46 122/130/46 126/123/46
f 129/117/41 130/118/41 132/119/41 131/120/41
f 131/120/42 132/119/42 136/121/42 135/122/42
f 135/122/43 136/121/43 134/123/43 133/124/43
f 133/124/44 134/123/44 130/125/44 129/126/44
f 131/127/45 135/122/45 133/124/45 129/128/45
f 136/121/46 132/129/46 130/130/46 134/123/46
o Cube.001
v 7.857170 2.614417 1.557084
v 7.857170 3.658313 1.373017
v 7.857170 2.579687 1.360123
v 7.857170 3.623583 1.176056
v 8.157169 2.614417 1.557084
v 8.157169 3.658313 1.373017
v 8.157169 2.579687 1.360123
v 8.157169 3.623583 1.176056
v 4.929703 2.624238 1.524597
v 4.929703 3.668135 1.340530
v 4.929703 2.589509 1.327635
v 4.929703 3.633405 1.143568
v 5.229703 2.624238 1.524597
v 5.229703 3.668135 1.340530
v 5.229703 2.589509 1.327635
v 5.229703 3.633405 1.143568
v 5.879031 2.590001 1.520045
v 5.879031 3.633897 1.335978
v 5.879031 2.555271 1.323083
v 5.879031 3.599168 1.139016
v 6.179031 2.590001 1.520045
v 6.179031 3.633897 1.335978
v 6.179031 2.555271 1.323083
v 6.179031 3.599168 1.139016
v 6.901619 2.596277 1.537913
v 6.901619 3.640173 1.353846
v 6.901619 2.561547 1.340951
v 6.901619 3.605443 1.156884
v 7.201620 2.596277 1.537913
v 7.201620 3.640173 1.353846
v 7.201620 2.561547 1.340951
v 7.201620 3.605443 1.156884
vn -1.0000 -0.0000 -0.0000
vn -0.0000 -0.1736 -0.9848
vn 1.0000 -0.0000 -0.0000
vn -0.0000 0.1736 0.9848
vn -0.0000 -0.9848 0.1736
vn -0.0000 0.9848 -0.1736
vt 0.375000 0.000000
vt 0.625000 0.000000
vt 0.625000 0.250000
vt 0.375000 0.250000
vt 0.625000 0.500000
vt 0.375000 0.500000
vt 0.625000 0.750000
vt 0.375000 0.750000
vt 0.625000 1.000000
vt 0.375000 1.000000
vt 0.125000 0.500000
vt 0.125000 0.750000
vt 0.875000 0.500000
vt 0.875000 0.750000
s 0
usemtl Material.052
f 137/131/47 138/132/47 140/133/47 139/134/47
f 139/134/48 140/133/48 144/135/48 143/136/48
f 143/136/49 144/135/49 142/137/49 141/138/49
f 141/138/50 142/137/50 138/139/50 137/140/50
f 139/141/51 143/136/51 141/138/51 137/142/51
f 144/135/52 140/143/52 138/144/52 142/137/52
f 145/131/47 146/132/47 148/133/47 147/134/47
f 147/134/48 148/133/48 152/135/48 151/136/48
f 151/136/49 152/135/49 150/137/49 149/138/49
f 149/138/50 150/137/50 146/139/50 145/140/50
f 147/141/51 151/136/51 149/138/51 145/142/51
f 152/135/52 148/143/52 146/144/52 150/137/52
f 153/131/47 154/132/47 156/133/47 155/134/47
f 155/134/48 156/133/48 160/135/48 159/136/48
f 159/136/49 160/135/49 158/137/49 157/138/49
f 157/138/50 158/137/50 154/139/50 153/140/50
f 155/141/51 159/136/51 157/138/51 153/142/51
f 160/135/52 156/143/52 154/144/52 158/137/52
f 161/131/47 162/132/47 164/133/47 163/134/47
f 163/134/48 164/133/48 168/135/48 167/136/48
f 167/136/49 168/135/49 166/137/49 165/138/49
f 165/138/50 166/137/50 162/139/50 161/140/50
f 163/141/51 167/136/51 165/138/51 161/142/51
f 168/135/52 164/143/52 162/144/52 166/137/52
o Sphere
v -0.084123 6.247382 3.268496
v -0.084123 5.307196 2.234654
v -0.084123 4.078784 1.675143
v -0.084123 3.413971 1.603142
v -0.084123 2.749159 1.675143
v -0.084123 1.520747 2.234654
v 0.058509 6.756207 4.633323
v 0.195659 6.562288 3.943886
v 0.322057 6.247382 3.308498
v 0.432847 5.823589 2.751575
v 0.523769 5.307196 2.294521
v 0.591330 4.718047 1.954899
v 0.632934 4.078784 1.745760
v 0.646982 3.413971 1.675143
v 0.632934 2.749159 1.745760
v 0.591330 2.109896 1.954899
v 0.523769 1.520747 2.294521
v 0.432847 1.004354 2.751575
v 0.322057 0.580561 3.308498
v 0.195659 0.265654 3.943886
v 0.058509 0.071736 4.633323
v 0.195659 6.756207 4.674923
v 0.464689 6.562288 4.025488
v 0.712628 6.247382 3.426965
v 0.929949 5.823589 2.902355
v 1.108300 5.307196 2.471820
v 1.240826 4.718047 2.151902
v 1.322435 4.078784 1.954899
v 1.349991 3.413971 1.888379
v 1.322435 2.749159 1.954899
v 1.240826 2.109896 2.151902
v 1.108300 1.520747 2.471820
v 0.929949 1.004354 2.902355
v 0.712628 0.580561 3.426965
v 0.464689 0.265654 4.025488
v 0.195659 0.071736 4.674923
v 0.322057 6.756207 4.742478
v 0.712628 6.562288 4.158002
v 1.072581 6.247382 3.619346
v 1.388081 5.823589 3.147209
v 1.647006 5.307196 2.759738
v 1.839405 4.718047 2.471820
v 1.957883 4.078784 2.294521
v 1.997888 3.413971 2.234654
v 1.957883 2.749159 2.294521
v 1.839405 2.109896 2.471820
v 1.647006 1.520747 2.759738
v 1.388081 1.004354 3.147209
v 1.072581 0.580561 3.619346
v 0.712628 0.265654 4.158002
v 0.322057 0.071736 4.742478
v 0.432847 6.756207 4.833392
v 0.929949 6.562288 4.336336
v 1.388081 6.247382 3.878246
v 1.789638 5.823589 3.476727
v 2.119186 5.307196 3.147210
v 2.364063 4.718047 2.902355
v 2.514858 4.078784 2.751575
v 2.565775 3.413971 2.700664
v 2.514858 2.749159 2.751575
v 2.364063 2.109896 2.902355
v 2.119186 1.520747 3.147210
v 1.789638 1.004354 3.476727
v 1.388081 0.580561 3.878246
v 0.929949 0.265654 4.336336
v 0.432847 0.071736 4.833392
v 0.523769 6.756207 4.944170
v 1.108300 6.562288 4.553636
v 1.647006 6.247382 4.193717
v 2.119187 5.823589 3.878246
v 2.506695 5.307196 3.619346
v 2.794639 4.718047 3.426965
v 2.971955 4.078784 3.308498
v 3.031827 3.413971 3.268497
v 2.971955 2.749159 3.308498
v 2.794639 2.109896 3.426965
v 2.506695 1.520747 3.619346
v 2.119187 1.004354 3.878246
v 1.647006 0.580561 4.193717
v 1.108300 0.265654 4.553636
v 0.523769 0.071736 4.944170
v -0.084123 6.821685 5.350313
v 0.591330 6.756207 5.070557
v 1.240826 6.562288 4.801552
v 1.839405 6.247382 4.553636
v 2.364064 5.823589 4.336336
v 2.794639 5.307196 4.158002
v 3.114586 4.718047 4.025488
v 3.311609 4.078784 3.943887
v 3.378135 3.413971 3.916333
v 3.311609 2.749159 3.943887
v 3.114586 2.109896 4.025488
v 2.794639 1.520747 4.158002
v 2.364064 1.004354 4.336336
v 1.839405 0.580561 4.553636
v 1.240826 0.265654 4.801552
v 0.591330 0.071736 5.070557
v 0.632934 6.756207 5.207695
v 1.322435 6.562288 5.070557
v 1.957883 6.247382 4.944170
v 2.514858 5.823589 4.833392
v 2.971955 5.307196 4.742478
v 3.311609 4.718047 4.674922
v 3.520766 4.078784 4.633323
v 3.591390 3.413971 4.619277
v 3.520766 2.749159 4.633323
v 3.311609 2.109896 4.674922
v 2.971955 1.520747 4.742478
v 2.514858 1.004354 4.833392
v 1.957883 0.580561 4.944170
v 1.322435 0.265654 5.070557
v 0.632934 0.071736 5.207695
v 0.646982 6.756207 5.350313
v 1.349991 6.562288 5.350313
v 1.997888 6.247382 5.350313
v 2.565775 5.823589 5.350313
v 3.031826 5.307196 5.350313
v 3.378135 4.718047 5.350313
v 3.591390 4.078784 5.350313
v 3.663397 3.413971 5.350313
v 3.591390 2.749159 5.350313
v 3.378135 2.109896 5.350313
v 3.031826 1.520747 5.350313
v 2.565775 1.004354 5.350313
v 1.997888 0.580561 5.350313
v 1.349991 0.265654 5.350313
v 0.646982 0.071736 5.350313
v 0.632934 6.756207 5.492931
v 1.322435 6.562288 5.630068
v 1.957883 6.247382 5.756455
v 2.514858 5.823589 5.867234
v 2.971954 5.307196 5.958148
v 3.311609 4.718047 6.025702
v 3.520766 4.078784 6.067303
v 3.591389 3.413971 6.081350
v 3.520766 2.749159 6.067303
v 3.311609 2.109896 6.025702
v 2.971954 1.520747 5.958148
v 2.514858 1.004354 5.867234
v 1.957883 0.580561 5.756455
v 1.322435 0.265654 5.630068
v 0.632934 0.071736 5.492931
v 0.591330 6.756207 5.630068
v 1.240826 6.562288 5.899073
v 1.839404 6.247382 6.146989
v 2.364063 5.823589 6.364290
v 2.794639 5.307196 6.542624
v 3.114586 4.718047 6.675138
v 3.311608 4.078784 6.756740
v 3.378134 3.413971 6.784293
v 3.311608 2.749159 6.756740
v 3.114586 2.109896 6.675138
v 2.794639 1.520747 6.542624
v 2.364063 1.004354 6.364290
v 1.839404 0.580561 6.146989
v 1.240826 0.265654 5.899073
v 0.591330 0.071736 5.630068
v 0.523769 6.756207 5.756455
v 1.108299 6.562288 6.146989
v 1.647006 6.247382 6.506908
v 2.119186 5.823589 6.822379
v 2.506694 5.307196 7.081280
v 2.794639 4.718047 7.273660
v 2.971954 4.078784 7.392128
v 3.031826 3.413971 7.432129
v 2.971954 2.749159 7.392128
v 2.794639 2.109896 7.273660
v 2.506694 1.520747 7.081280
v 2.119186 1.004354 6.822379
v 1.647006 0.580561 6.506908
v 1.108299 0.265654 6.146989
v 0.523769 0.071736 5.756455
v 0.432846 6.756207 5.867234
v 0.929949 6.562288 6.364290
v 1.388081 6.247382 6.822379
v 1.789638 5.823589 7.223898
v 2.119186 5.307196 7.553415
v 2.364063 4.718047 7.798269
v 2.514857 4.078784 7.949050
v 2.565773 3.413971 7.999962
v 2.514857 2.749159 7.949050
v 2.364063 2.109896 7.798269
v 2.119186 1.520747 7.553415
v 1.789638 1.004354 7.223898
v 1.388081 0.580561 6.822379
v 0.929949 0.265654 6.364290
v 0.432846 0.071736 5.867234
v 0.322057 6.756207 5.958147
v 0.712628 6.562288 6.542624
v 1.072580 6.247382 7.081280
v 1.388081 5.823589 7.553416
v 1.647005 5.307196 7.940887
v 1.839405 4.718047 8.228806
v 1.957882 4.078784 8.406104
v 1.997887 3.413971 8.465971
v 1.957882 2.749159 8.406104
v 1.839405 2.109896 8.228806
v 1.647005 1.520747 7.940887
v 1.388081 1.004354 7.553416
v 1.072580 0.580561 7.081280
v 0.712628 0.265654 6.542624
v 0.322057 0.071736 5.958147
v 0.195659 6.756207 6.025702
v 0.464689 6.562288 6.675138
v 0.712628 6.247382 7.273660
v 0.929949 5.823589 7.798270
v 1.108299 5.307196 8.228806
v 1.240826 4.718047 8.548722
v 1.322434 4.078784 8.745727
v 1.349990 3.413971 8.812246
v 1.322434 2.749159 8.745727
v 1.240826 2.109896 8.548722
v 1.108299 1.520747 8.228806
v 0.929949 1.004354 7.798270
v 0.712628 0.580561 7.273660
v 0.464689 0.265654 6.675138
v 0.195659 0.071736 6.025702
v 0.058509 6.756207 6.067302
v 0.195659 6.562288 6.756739
v 0.322057 6.247382 7.392127
v 0.432846 5.823589 7.949050
v 0.523768 5.307196 8.406104
v 0.591330 4.718047 8.745727
v 0.632934 4.078784 8.954865
v 0.646981 3.413971 9.025481
v 0.632934 2.749159 8.954865
v 0.591330 2.109896 8.745727
v 0.523768 1.520747 8.406104
v 0.432846 1.004354 7.949050
v 0.322057 0.580561 7.392127
v 0.195659 0.265654 6.756739
v 0.058509 0.071736 6.067302
v -0.084123 6.756207 6.081349
v -0.084123 6.562288 6.784293
v -0.084123 6.247382 7.432128
v -0.084123 5.823589 7.999962
v -0.084123 5.307196 8.465970
v -0.084123 4.718047 8.812246
v -0.084123 4.078784 9.025481
v -0.084124 3.413971 9.097481
v -0.084123 2.749159 9.025481
v -0.084123 2.109896 8.812246
v -0.084123 1.520747 8.465970
v -0.084123 1.004354 7.999962
v -0.084123 0.580561 7.432128
v -0.084123 0.265654 6.784293
v -0.084123 0.071736 6.081349
v -0.226754 6.756207 6.067302
v -0.363905 6.562288 6.756739
v -0.490303 6.247382 7.392127
v -0.601092 5.823589 7.949050
v -0.692015 5.307196 8.406103
v -0.759575 4.718047 8.745726
v -0.801180 4.078784 8.954865
v -0.815229 3.413971 9.025480
v -0.801180 2.749159 8.954865
v -0.759575 2.109896 8.745726
v -0.692015 1.520747 8.406103
v -0.601092 1.004354 7.949050
v -0.490303 0.580561 7.392127
v -0.363905 0.265654 6.756739
v -0.226754 0.071736 6.067302
v -0.363904 6.756207 6.025702
v -0.632935 6.562288 6.675138
v -0.880874 6.247382 7.273659
v -1.098194 5.823589 7.798269
v -1.276545 5.307196 8.228805
v -1.409071 4.718047 8.548722
v -1.490681 4.078784 8.745726
v -1.518237 3.413971 8.812244
v -1.490681 2.749159 8.745726
v -1.409071 2.109896 8.548722
v -1.276545 1.520747 8.228805
v -1.098194 1.004354 7.798269
v -0.880874 0.580561 7.273659
v -0.632935 0.265654 6.675138
v -0.363904 0.071736 6.025702
v -0.490303 6.756207 5.958147
v -0.880874 6.562288 6.542624
v -1.240826 6.247382 7.081279
v -1.556327 5.823589 7.553415
v -1.815251 5.307196 7.940887
v -2.007649 4.718047 8.228806
v -2.126128 4.078784 8.406103
v -2.166133 3.413971 8.465968
v -2.126128 2.749159 8.406103
v -2.007649 2.109896 8.228806
v -1.815251 1.520747 7.940887
v -1.556327 1.004354 7.553415
v -1.240826 0.580561 7.081279
v -0.880874 0.265654 6.542624
v -0.490303 0.071736 5.958147
v -0.601092 6.756207 5.867233
v -1.098194 6.562288 6.364289
v -1.556326 6.247382 6.822378
v -1.957883 5.823589 7.223898
v -2.287431 5.307196 7.553414
v -2.532308 4.718047 7.798269
v -2.683103 4.078784 7.949049
v -2.734019 3.413971 7.999959
v -2.683103 2.749159 7.949049
v -2.532308 2.109896 7.798269
v -2.287431 1.520747 7.553414
v -1.957883 1.004354 7.223898
v -1.556326 0.580561 6.822378
v -1.098194 0.265654 6.364289
v -0.601092 0.071736 5.867233
v -0.084123 0.006258 5.350313
v -0.692014 6.756207 5.756454
v -1.276545 6.562288 6.146989
v -1.815251 6.247382 6.506907
v -2.287431 5.823589 6.822379
v -2.674939 5.307196 7.081279
v -2.962884 4.718047 7.273660
v -3.140200 4.078784 7.392126
v -3.200071 3.413971 7.432126
v -3.140200 2.749159 7.392126
v -2.962884 2.109896 7.273660
v -2.674939 1.520747 7.081279
v -2.287431 1.004354 6.822379
v -1.815251 0.580561 6.506907
v -1.276545 0.265654 6.146989
v -0.692014 0.071736 5.756454
v -0.759575 6.756207 5.630068
v -1.409071 6.562288 5.899073
v -2.007649 6.247382 6.146988
v -2.532308 5.823589 6.364289
v -2.962884 5.307196 6.542623
v -3.282831 4.718047 6.675138
v -3.479853 4.078784 6.756738
v -3.546378 3.413971 6.784290
v -3.479853 2.749159 6.756738
v -3.282831 2.109896 6.675138
v -2.962884 1.520747 6.542623
v -2.532308 1.004354 6.364289
v -2.007649 0.580561 6.146988
v -1.409071 0.265654 5.899073
v -0.759575 0.071736 5.630068
v -0.801179 6.756207 5.492931
v -1.490680 6.562288 5.630068
v -2.126127 6.247382 5.756454
v -2.683103 5.823589 5.867234
v -3.140199 5.307196 5.958147
v -3.479853 4.718047 6.025702
v -3.689011 4.078784 6.067302
v -3.759633 3.413971 6.081347
v -3.689011 2.749159 6.067302
v -3.479853 2.109896 6.025702
v -3.140199 1.520747 5.958147
v -2.683103 1.004354 5.867234
v -2.126127 0.580561 5.756454
v -1.490680 0.265654 5.630068
v -0.801179 0.071736 5.492931
v -0.815227 6.756207 5.350313
v -1.518236 6.562288 5.350313
v -2.166132 6.247382 5.350312
v -2.734020 5.823589 5.350313
v -3.200071 5.307196 5.350312
v -3.546379 4.718047 5.350313
v -3.759634 4.078784 5.350312
v -3.831640 3.413971 5.350311
v -3.759634 2.749159 5.350312
v -3.546379 2.109896 5.350313
v -3.200071 1.520747 5.350312
v -2.734020 1.004354 5.350313
v -2.166132 0.580561 5.350312
v -1.518236 0.265654 5.350313
v -0.815227 0.071736 5.350313
v -0.801179 6.756207 5.207695
v -1.490680 6.562288 5.070557
v -2.126127 6.247382 4.944170
v -2.683102 5.823589 4.833392
v -3.140198 5.307196 4.742477
v -3.479853 4.718047 4.674923
v -3.689010 4.078784 4.633322
v -3.759632 3.413971 4.619275
v -3.689010 2.749159 4.633322
v -3.479853 2.109896 4.674923
v -3.140198 1.520747 4.742477
v -2.683102 1.004354 4.833392
v -2.126127 0.580561 4.944170
v -1.490680 0.265654 5.070557
v -0.801179 0.071736 5.207695
v -0.759575 6.756207 5.070557
v -1.409071 6.562288 4.801552
v -2.007648 6.247382 4.553636
v -2.532308 5.823589 4.336336
v -2.962883 5.307196 4.158002
v -3.282830 4.718047 4.025488
v -3.479852 4.078784 3.943886
v -3.546377 3.413971 3.916332
v -3.479852 2.749159 3.943886
v -3.282830 2.109896 4.025488
v -2.962883 1.520747 4.158002
v -2.532308 1.004354 4.336336
v -2.007648 0.580561 4.553636
v -1.409071 0.265654 4.801552
v -0.759575 0.071736 5.070557
v -0.692014 6.756207 4.944171
v -1.276544 6.562288 4.553636
v -1.815250 6.247382 4.193718
v -2.287431 5.823589 3.878246
v -2.674938 5.307196 3.619346
v -2.962884 4.718047 3.426966
v -3.140198 4.078784 3.308498
v -3.200068 3.413971 3.268497
v -3.140198 2.749159 3.308498
v -2.962884 2.109896 3.426966
v -2.674938 1.520747 3.619346
v -2.287431 1.004354 3.878246
v -1.815250 0.580561 4.193718
v -1.276544 0.265654 4.553636
v -0.692014 0.071736 4.944171
v -0.601092 6.756207 4.833392
v -1.098194 6.562288 4.336336
v -1.556325 6.247382 3.878247
v -1.957883 5.823589 3.476728
v -2.287430 5.307196 3.147210
v -2.532308 4.718047 2.902357
v -2.683101 4.078784 2.751576
v -2.734016 3.413971 2.700664
v -2.683101 2.749159 2.751576
v -2.532308 2.109896 2.902357
v -2.287430 1.520747 3.147210
v -1.957883 1.004354 3.476728
v -1.556325 0.580561 3.878247
v -1.098194 0.265654 4.336336
v -0.601092 0.071736 4.833392
v -0.490303 6.756207 4.742478
v -0.880873 6.562288 4.158002
v -1.240824 6.247382 3.619347
v -1.556326 5.823589 3.147210
v -1.815250 5.307196 2.759738
v -2.007649 4.718047 2.471821
v -2.126127 4.078784 2.294522
v -2.166130 3.413971 2.234657
v -2.126127 2.749159 2.294522
v -2.007649 2.109896 2.471821
v -1.815250 1.520747 2.759738
v -1.556326 1.004354 3.147210
v -1.240824 0.580561 3.619347
v -0.880873 0.265654 4.158002
v -0.490303 0.071736 4.742478
v -0.363904 6.756207 4.674923
v -0.632934 6.562288 4.025488
v -0.880872 6.247382 3.426967
v -1.098194 5.823589 2.902356
v -1.276543 5.307196 2.471821
v -1.409071 4.718047 2.151904
v -1.490679 4.078784 1.954900
v -1.518234 3.413971 1.888382
v -1.490679 2.749159 1.954900
v -1.409071 2.109896 2.151904
v -1.276543 1.520747 2.471821
v -1.098194 1.004354 2.902356
v -0.880872 0.580561 3.426967
v -0.632934 0.265654 4.025488
v -0.363904 0.071736 4.674923
v -0.226754 6.756207 4.633323
v -0.363904 6.562288 3.943887
v -0.490302 6.247382 3.308500
v -0.601092 5.823589 2.751575
v -0.692013 5.307196 2.294523
v -0.759575 4.718047 1.954900
v -0.801178 4.078784 1.745762
v -0.815225 3.413971 1.675147
v -0.801178 2.749159 1.745762
v -0.759575 2.109896 1.954900
v -0.692013 1.520747 2.294523
v -0.601092 1.004354 2.751575
v -0.490302 0.580561 3.308500
v -0.363904 0.265654 3.943887
v -0.226754 0.071736 4.633323
v -0.084123 6.756207 4.619277
v -0.084123 6.562288 3.916333
v -0.084122 5.823589 2.700664
v -0.084123 4.718047 1.888380
v -0.084123 2.109896 1.888380
v -0.084122 1.004354 2.700664
v -0.084122 0.580561 3.268499
v -0.084123 0.265654 3.916333
v -0.084123 0.071736 4.619277
vn -0.0000 -0.2124 -0.9772
vn -0.0000 -0.0000 -1.0000
vn 0.1951 -0.0000 -0.9808
vn 0.1906 -0.2124 -0.9584
vn -0.0000 0.9339 -0.3574
vn -0.0000 0.9830 -0.1834
vn 0.0358 0.9830 -0.1799
vn 0.0697 0.9339 -0.3506
vn -0.0000 -0.4122 -0.9111
vn 0.1777 -0.4122 -0.8936
vn -0.0000 0.8521 -0.5234
vn 0.1021 0.8521 -0.5134
vn -0.0000 -0.5893 -0.8079
vn 0.1576 -0.5893 -0.7924
vn -0.0000 0.7369 -0.6760
vn 0.1319 0.7369 -0.6630
vn -0.0000 -0.7369 -0.6760
vn 0.1319 -0.7369 -0.6630
vn -0.0000 0.5893 -0.8079
vn 0.1576 0.5893 -0.7924
vn -0.0000 -0.8521 -0.5234
vn 0.1021 -0.8521 -0.5134
vn -0.0000 0.4122 -0.9111
vn 0.1777 0.4122 -0.8936
vn -0.0000 -0.9339 -0.3574
vn 0.0697 -0.9339 -0.3506
vn -0.0000 0.2124 -0.9772
vn 0.1906 0.2124 -0.9584
vn -0.0000 -0.9830 -0.1834
vn 0.0358 -0.9830 -0.1799
vn -0.0000 1.0000 -0.0000
vn -0.0000 -1.0000 -0.0000
vn 0.1368 -0.9339 -0.3302
vn 0.0702 -0.9830 -0.1694
vn 0.3739 0.2124 -0.9028
vn 0.3827 -0.0000 -0.9239
vn 0.0702 0.9830 -0.1694
vn 0.3739 -0.2124 -0.9028
vn 0.1368 0.9339 -0.3302
vn 0.3486 -0.4123 -0.8417
vn 0.2003 0.8521 -0.4836
vn 0.3092 -0.5893 -0.7464
vn 0.2587 0.7369 -0.6245
vn 0.2587 -0.7369 -0.6245
vn 0.3092 0.5893 -0.7464
vn 0.2003 -0.8521 -0.4836
vn 0.3486 0.4123 -0.8417
vn 0.4488 -0.5893 -0.6718
vn 0.3755 -0.7369 -0.5621
vn 0.3755 0.7369 -0.5621
vn 0.4488 0.5893 -0.6718
vn 0.2908 -0.8521 -0.4352
vn 0.5061 0.4123 -0.7575
vn 0.1986 -0.9339 -0.2972
vn 0.5429 0.2124 -0.8125
vn 0.1019 -0.9830 -0.1525
vn 0.5555 -0.0000 -0.8315
vn 0.1019 0.9830 -0.1525
vn 0.5429 -0.2124 -0.8125
vn 0.1986 0.9339 -0.2972
vn 0.5061 -0.4123 -0.7575
vn 0.2908 0.8521 -0.4352
vn 0.1297 0.9830 -0.1297
vn 0.1297 -0.9830 -0.1297
vn 0.7071 -0.0000 -0.7071
vn 0.6909 -0.2124 -0.6910
vn 0.2527 0.9339 -0.2527
vn 0.6442 -0.4123 -0.6442
vn 0.3701 0.8521 -0.3701
vn 0.5713 -0.5893 -0.5713
vn 0.4779 0.7369 -0.4780
vn 0.4779 -0.7369 -0.4780
vn 0.5713 0.5893 -0.5713
vn 0.3701 -0.8521 -0.3701
vn 0.6442 0.4123 -0.6442
vn 0.2527 -0.9339 -0.2527
vn 0.6909 0.2124 -0.6910
vn 0.5620 0.7370 -0.3756
vn 0.6717 0.5893 -0.4489
vn 0.5620 -0.7370 -0.3756
vn 0.4352 -0.8521 -0.2908
vn 0.7575 0.4123 -0.5062
vn 0.2972 -0.9339 -0.1986
vn 0.8125 0.2124 -0.5429
vn 0.1525 -0.9830 -0.1019
vn 0.8314 -0.0000 -0.5556
vn 0.1525 0.9830 -0.1019
vn 0.8125 -0.2124 -0.5429
vn 0.2972 0.9339 -0.1986
vn 0.7575 -0.4123 -0.5062
vn 0.4352 0.8521 -0.2908
vn 0.6717 -0.5893 -0.4489
vn 0.9239 -0.0000 -0.3827
vn 0.9028 -0.2124 -0.3740
vn 0.1694 0.9830 -0.0702
vn 0.3302 0.9339 -0.1368
vn 0.8417 -0.4123 -0.3487
vn 0.4836 0.8521 -0.2003
vn 0.7464 -0.5893 -0.3092
vn 0.6245 0.7370 -0.2587
vn 0.6245 -0.7370 -0.2587
vn 0.7464 0.5893 -0.3092
vn 0.4836 -0.8521 -0.2003
vn 0.8417 0.4123 -0.3487
vn 0.3302 -0.9339 -0.1368
vn 0.9028 0.2124 -0.3740
vn 0.1694 -0.9830 -0.0702
vn 0.6629 -0.7370 -0.1319
vn 0.5134 -0.8521 -0.1021
vn 0.7924 0.5893 -0.1576
vn 0.8935 0.4123 -0.1778
vn 0.3505 -0.9340 -0.0697
vn 0.9584 0.2124 -0.1907
vn 0.1799 -0.9830 -0.0358
vn 0.9808 -0.0000 -0.1951
vn 0.1799 0.9830 -0.0358
vn 0.9584 -0.2124 -0.1907
vn 0.3505 0.9340 -0.0697
vn 0.8935 -0.4123 -0.1778
vn 0.5134 0.8521 -0.1021
vn 0.7924 -0.5893 -0.1576
vn 0.6629 0.7370 -0.1319
vn 0.1834 0.9830 -0.0000
vn 0.3574 0.9340 -0.0000
vn 0.9772 -0.2124 -0.0000
vn 0.9111 -0.4123 -0.0000
vn 0.5234 0.8521 -0.0000
vn 0.8079 -0.5893 -0.0000
vn 0.6759 0.7370 -0.0000
vn 0.6759 -0.7370 -0.0000
vn 0.8079 0.5893 -0.0000
vn 0.5234 -0.8521 -0.0000
vn 0.9111 0.4123 -0.0000
vn 0.3574 -0.9340 -0.0000
vn 0.9772 0.2124 -0.0000
vn 0.1834 -0.9830 -0.0000
vn 1.0000 -0.0000 -0.0000
vn 0.7924 0.5893 0.1576
vn 0.8935 0.4123 0.1778
vn 0.5134 -0.8521 0.1021
vn 0.3505 -0.9340 0.0697
vn 0.9584 0.2124 0.1907
vn 0.1799 -0.9830 0.0358
vn 0.9808 -0.0000 0.1951
vn 0.1799 0.9830 0.0358
vn 0.9584 -0.2124 0.1907
vn 0.3505 0.9340 0.0697
vn 0.8935 -0.4123 0.1778
vn 0.5134 0.8521 0.1021
vn 0.7924 -0.5893 0.1576
vn 0.6629 0.7370 0.1319
vn 0.6629 -0.7370 0.1319
vn 0.9028 -0.2124 0.3740
vn 0.8417 -0.4123 0.3487
vn 0.3302 0.9339 0.1368
vn 0.4836 0.8521 0.2003
vn 0.7464 -0.5893 0.3092
vn 0.6245 0.7370 0.2587
vn 0.6245 -0.7370 0.2587
vn 0.7464 0.5893 0.3092
vn 0.4836 -0.8521 0.2003
vn 0.8417 0.4123 0.3487
vn 0.3302 -0.9339 0.1368
vn 0.9028 0.2124 0.3740
vn 0.1694 -0.9830 0.0702
vn 0.9239 -0.0000 0.3827
vn 0.1694 0.9830 0.0702
vn 0.4352 -0.8521 0.2908
vn 0.2972 -0.9339 0.1986
vn 0.7575 0.4123 0.5062
vn 0.8125 0.2124 0.5429
vn 0.1525 -0.9830 0.1019
vn 0.8314 -0.0000 0.5556
vn 0.1525 0.9830 0.1019
vn 0.8125 -0.2124 0.5429
vn 0.2972 0.9339 0.1986
vn 0.7575 -0.4123 0.5062
vn 0.4352 0.8521 0.2908
vn 0.6717 -0.5893 0.4489
vn 0.5620 0.7370 0.3756
vn 0.5620 -0.7370 0.3756
vn 0.6717 0.5893 0.4489
vn 0.6442 -0.4123 0.6443
vn 0.5713 -0.5893 0.5713
vn 0.3701 0.8521 0.3701
vn 0.4779 0.7369 0.4780
vn 0.4779 -0.7369 0.4780
vn 0.5713 0.5893 0.5713
vn 0.3701 -0.8521 0.3701
vn 0.6442 0.4123 0.6443
vn 0.2527 -0.9339 0.2527
vn 0.6909 0.2124 0.6910
vn 0.1297 -0.9830 0.1297
vn 0.7071 -0.0000 0.7071
vn 0.1297 0.9830 0.1297
vn 0.6909 -0.2124 0.6910
vn 0.2527 0.9339 0.2527
vn 0.1986 -0.9339 0.2972
vn 0.1019 -0.9830 0.1525
vn 0.5429 0.2124 0.8125
vn 0.5555 -0.0000 0.8315
vn 0.1019 0.9830 0.1525
vn 0.5429 -0.2124 0.8125
vn 0.1986 0.9339 0.2972
vn 0.5061 -0.4123 0.7575
vn 0.2908 0.8521 0.4352
vn 0.4488 -0.5893 0.6718
vn 0.3755 0.7369 0.5621
vn 0.3755 -0.7369 0.5621
vn 0.4488 0.5893 0.6718
vn 0.2908 -0.8521 0.4352
vn 0.5061 0.4123 0.7575
vn 0.2003 0.8521 0.4836
vn 0.2587 0.7369 0.6245
vn 0.3092 -0.5893 0.7464
vn 0.2587 -0.7369 0.6245
vn 0.3092 0.5893 0.7464
vn 0.2003 -0.8521 0.4836
vn 0.3486 0.4123 0.8417
vn 0.1368 -0.9339 0.3302
vn 0.3739 0.2124 0.9028
vn 0.0702 -0.9830 0.1694
vn 0.3827 -0.0000 0.9239
vn 0.0702 0.9830 0.1694
vn 0.3739 -0.2124 0.9028
vn 0.1368 0.9339 0.3302
vn 0.3486 -0.4123 0.8417
vn 0.1906 0.2124 0.9584
vn 0.1951 -0.0000 0.9808
vn 0.0358 0.9830 0.1799
vn 0.0358 -0.9830 0.1799
vn 0.1906 -0.2124 0.9584
vn 0.0697 0.9339 0.3506
vn 0.1777 -0.4122 0.8936
vn 0.1021 0.8521 0.5134
vn 0.1576 -0.5893 0.7924
vn 0.1319 0.7369 0.6630
vn 0.1319 -0.7369 0.6630
vn 0.1576 0.5893 0.7924
vn 0.1021 -0.8521 0.5134
vn 0.1777 0.4122 0.8936
vn 0.0697 -0.9339 0.3506
vn -0.0000 -0.5893 0.8079
vn -0.0000 -0.7369 0.6760
vn -0.0000 0.7369 0.6760
vn -0.0000 0.5893 0.8079
vn -0.0000 -0.8521 0.5234
vn -0.0000 0.4122 0.9111
vn -0.0000 -0.9339 0.3574
vn -0.0000 0.2124 0.9772
vn -0.0000 -0.9830 0.1834
vn -0.0000 -0.0000 1.0000
vn -0.0000 0.9830 0.1834
vn -0.0000 -0.2124 0.9772
vn -0.0000 0.9339 0.3574
vn -0.0000 -0.4122 0.9111
vn -0.0000 0.8521 0.5234
vn -0.0358 0.9830 0.1799
vn -0.0358 -0.9830 0.1799
vn -0.1951 -0.0000 0.9808
vn -0.1906 -0.2124 0.9584
vn -0.0697 0.9339 0.3506
vn -0.1777 -0.4122 0.8936
vn -0.1021 0.8521 0.5134
vn -0.1576 -0.5893 0.7924
vn -0.1319 0.7369 0.6630
vn -0.1319 -0.7369 0.6630
vn -0.1576 0.5893 0.7924
vn -0.1021 -0.8521 0.5134
vn -0.1777 0.4122 0.8936
vn -0.0697 -0.9339 0.3506
vn -0.1906 0.2124 0.9584
vn -0.2587 0.7369 0.6245
vn -0.3092 0.5893 0.7464
vn -0.2587 -0.7369 0.6245
vn -0.2003 -0.8521 0.4836
vn -0.3486 0.4123 0.8417
vn -0.1368 -0.9339 0.3302
vn -0.3739 0.2124 0.9028
vn -0.0702 -0.9830 0.1694
vn -0.3827 -0.0000 0.9239
vn -0.0702 0.9830 0.1694
vn -0.3739 -0.2124 0.9028
vn -0.1368 0.9339 0.3302
vn -0.3486 -0.4123 0.8417
vn -0.2003 0.8521 0.4836
vn -0.3092 -0.5893 0.7464
vn -0.5555 -0.0000 0.8315
vn -0.5429 -0.2124 0.8125
vn -0.1019 0.9830 0.1525
vn -0.1986 0.9339 0.2972
vn -0.5061 -0.4123 0.7575
vn -0.2908 0.8521 0.4352
vn -0.4488 -0.5893 0.6718
vn -0.3755 0.7369 0.5621
vn -0.3755 -0.7369 0.5621
vn -0.4488 0.5893 0.6718
vn -0.2908 -0.8521 0.4352
vn -0.5061 0.4123 0.7575
vn -0.1986 -0.9339 0.2972
vn -0.5429 0.2124 0.8125
vn -0.1019 -0.9830 0.1525
vn -0.4779 -0.7369 0.4780
vn -0.3701 -0.8521 0.3701
vn -0.5713 0.5893 0.5713
vn -0.6442 0.4123 0.6442
vn -0.2527 -0.9339 0.2527
vn -0.6909 0.2124 0.6910
vn -0.1297 -0.9830 0.1297
vn -0.7071 -0.0000 0.7071
vn -0.1297 0.9830 0.1297
vn -0.6909 -0.2124 0.6910
vn -0.2527 0.9339 0.2527
vn -0.6442 -0.4123 0.6442
vn -0.3701 0.8521 0.3701
vn -0.5713 -0.5893 0.5713
vn -0.4779 0.7369 0.4780
vn -0.8125 -0.2124 0.5429
vn -0.7575 -0.4123 0.5062
vn -0.2972 0.9339 0.1986
vn -0.4352 0.8521 0.2908
vn -0.6717 -0.5893 0.4489
vn -0.5620 0.7370 0.3756
vn -0.5620 -0.7370 0.3756
vn -0.6717 0.5893 0.4489
vn -0.4352 -0.8521 0.2908
vn -0.7575 0.4123 0.5062
vn -0.2972 -0.9339 0.1986
vn -0.8125 0.2124 0.5429
vn -0.1525 -0.9830 0.1019
vn -0.8314 -0.0000 0.5556
vn -0.1525 0.9830 0.1019
vn -0.4836 -0.8521 0.2003
vn -0.3302 -0.9339 0.1368
vn -0.8417 0.4123 0.3487
vn -0.9028 0.2124 0.3740
vn -0.1694 -0.9830 0.0702
vn -0.9239 -0.0000 0.3827
vn -0.1694 0.9830 0.0702
vn -0.9028 -0.2124 0.3740
vn -0.3302 0.9339 0.1368
vn -0.8417 -0.4123 0.3487
vn -0.4836 0.8521 0.2003
vn -0.7464 -0.5893 0.3092
vn -0.6245 0.7370 0.2587
vn -0.6245 -0.7370 0.2587
vn -0.7464 0.5893 0.3092
vn -0.3505 0.9340 0.0697
vn -0.5134 0.8521 0.1021
vn -0.8935 -0.4123 0.1778
vn -0.7924 -0.5893 0.1576
vn -0.6629 0.7370 0.1319
vn -0.6629 -0.7370 0.1319
vn -0.7924 0.5893 0.1576
vn -0.5134 -0.8521 0.1021
vn -0.8935 0.4123 0.1778
vn -0.3505 -0.9340 0.0697
vn -0.9584 0.2124 0.1907
vn -0.1799 -0.9830 0.0358
vn -0.9808 -0.0000 0.1951
vn -0.1799 0.9830 0.0358
vn -0.9584 -0.2124 0.1907
vn -0.9111 0.4123 -0.0000
vn -0.9772 0.2124 -0.0000
vn -0.3574 -0.9340 -0.0000
vn -0.1834 -0.9830 -0.0000
vn -1.0000 -0.0000 -0.0000
vn -0.1834 0.9830 -0.0000
vn -0.9772 -0.2124 -0.0000
vn -0.3574 0.9340 -0.0000
vn -0.9111 -0.4123 -0.0000
vn -0.5234 0.8521 -0.0000
vn -0.8079 -0.5893 -0.0000
vn -0.6759 0.7370 -0.0000
vn -0.6759 -0.7370 -0.0000
vn -0.8079 0.5893 -0.0000
vn -0.5234 -0.8521 -0.0000
vn -0.8935 -0.4123 -0.1778
vn -0.7924 -0.5893 -0.1576
vn -0.5134 0.8521 -0.1021
vn -0.6629 0.7370 -0.1319
vn -0.6629 -0.7370 -0.1319
vn -0.7924 0.5893 -0.1576
vn -0.5134 -0.8521 -0.1021
vn -0.8935 0.4123 -0.1778
vn -0.3505 -0.9340 -0.0697
vn -0.9584 0.2124 -0.1907
vn -0.1799 -0.9830 -0.0358
vn -0.9808 -0.0000 -0.1951
vn -0.1799 0.9830 -0.0358
vn -0.9584 -0.2124 -0.1907
vn -0.3505 0.9340 -0.0697
vn -0.3302 -0.9339 -0.1368
vn -0.1694 -0.9830 -0.0702
vn -0.9028 0.2124 -0.3740
vn -0.9239 -0.0000 -0.3827
vn -0.1694 0.9830 -0.0702
vn -0.9028 -0.2124 -0.3740
vn -0.3302 0.9339 -0.1368
vn -0.8417 -0.4123 -0.3487
vn -0.4836 0.8521 -0.2003
vn -0.7464 -0.5893 -0.3092
vn -0.6245 0.7370 -0.2587
vn -0.6245 -0.7370 -0.2587
vn -0.7464 0.5893 -0.3092
vn -0.4836 -0.8521 -0.2003
vn -0.8417 0.4123 -0.3487
vn -0.4352 0.8521 -0.2908
vn -0.5620 0.7370 -0.3756
vn -0.6717 -0.5893 -0.4489
vn -0.5620 -0.7370 -0.3756
vn -0.6717 0.5893 -0.4489
vn -0.4352 -0.8521 -0.2908
vn -0.7575 0.4123 -0.5062
vn -0.2972 -0.9339 -0.1986
vn -0.8125 0.2124 -0.5429
vn -0.1525 -0.9830 -0.1019
vn -0.8314 -0.0000 -0.5556
vn -0.1525 0.9830 -0.1019
vn -0.8125 -0.2124 -0.5429
vn -0.2972 0.9339 -0.1986
vn -0.7575 -0.4123 -0.5062
vn -0.6909 0.2124 -0.6910
vn -0.7071 -0.0000 -0.7071
vn -0.1297 0.9830 -0.1297
vn -0.1297 -0.9830 -0.1297
vn -0.6909 -0.2124 -0.6910
vn -0.2527 0.9339 -0.2527
vn -0.6442 -0.4123 -0.6443
vn -0.3701 0.8521 -0.3701
vn -0.5713 -0.5893 -0.5713
vn -0.4779 0.7369 -0.4780
vn -0.4779 -0.7369 -0.4780
vn -0.5713 0.5893 -0.5713
vn -0.3701 -0.8521 -0.3701
vn -0.6442 0.4123 -0.6443
vn -0.2527 -0.9339 -0.2527
vn -0.4488 -0.5893 -0.6718
vn -0.3755 -0.7369 -0.5621
vn -0.3755 0.7369 -0.5621
vn -0.4488 0.5893 -0.6718
vn -0.2908 -0.8521 -0.4352
vn -0.5061 0.4123 -0.7575
vn -0.1986 -0.9339 -0.2972
vn -0.5429 0.2124 -0.8125
vn -0.1019 -0.9830 -0.1525
vn -0.5555 -0.0000 -0.8315
vn -0.1019 0.9830 -0.1525
vn -0.5429 -0.2124 -0.8125
vn -0.1986 0.9339 -0.2972
vn -0.5061 -0.4123 -0.7575
vn -0.2908 0.8521 -0.4352
vn -0.0702 -0.9830 -0.1694
vn -0.3827 -0.0000 -0.9239
vn -0.3739 -0.2124 -0.9028
vn -0.0702 0.9830 -0.1694
vn -0.1368 0.9339 -0.3302
vn -0.3486 -0.4123 -0.8417
vn -0.2003 0.8521 -0.4836
vn -0.3092 -0.5893 -0.7464
vn -0.2587 0.7369 -0.6245
vn -0.2587 -0.7369 -0.6245
vn -0.3092 0.5893 -0.7464
vn -0.2003 -0.8521 -0.4836
vn -0.3486 0.4123 -0.8417
vn -0.1368 -0.9339 -0.3302
vn -0.3739 0.2124 -0.9028
vn -0.1319 -0.7369 -0.6630
vn -0.1021 -0.8521 -0.5134
vn -0.1576 0.5893 -0.7924
vn -0.1777 0.4122 -0.8936
vn -0.0697 -0.9339 -0.3506
vn -0.1906 0.2124 -0.9584
vn -0.0358 -0.9830 -0.1799
vn -0.1951 -0.0000 -0.9808
vn -0.0358 0.9830 -0.1799
vn -0.1906 -0.2124 -0.9584
vn -0.0697 0.9339 -0.3506
vn -0.1777 -0.4122 -0.8936
vn -0.1021 0.8521 -0.5134
vn -0.1576 -0.5893 -0.7924
vn -0.1319 0.7369 -0.6630
vt 0.750000 0.437500
vt 0.750000 0.500000
vt 0.718750 0.500000
vt 0.718750 0.437500
vt 0.750000 0.875000
vt 0.750000 0.937500
vt 0.718750 0.937500
vt 0.718750 0.875000
vt 0.750000 0.375000
vt 0.718750 0.375000
vt 0.750000 0.812500
vt 0.718750 0.812500
vt 0.750000 0.312500
vt 0.718750 0.312500
vt 0.750000 0.750000
vt 0.718750 0.750000
vt 0.750000 0.250000
vt 0.718750 0.250000
vt 0.750000 0.687500
vt 0.718750 0.687500
vt 0.750000 0.187500
vt 0.718750 0.187500
vt 0.750000 0.625000
vt 0.718750 0.625000
vt 0.750000 0.125000
vt 0.718750 0.125000
vt 0.750000 0.562500
vt 0.718750 0.562500
vt 0.750000 0.062500
vt 0.718750 0.062500
vt 0.734375 1.000000
vt 0.734375 0.000000
vt 0.687500 0.125000
vt 0.687500 0.062500
vt 0.687500 0.562500
vt 0.687500 0.500000
vt 0.703125 1.000000
vt 0.687500 0.937500
vt 0.703125 0.000000
vt 0.687500 0.437500
vt 0.687500 0.875000
vt 0.687500 0.375000
vt 0.687500 0.812500
vt 0.687500 0.312500
vt 0.687500 0.750000
vt 0.687500 0.250000
vt 0.687500 0.687500
vt 0.687500 0.187500
vt 0.687500 0.625000
vt 0.656250 0.312500
vt 0.656250 0.250000
vt 0.656250 0.750000
vt 0.656250 0.687500
vt 0.656250 0.187500
vt 0.656250 0.625000
vt 0.656250 0.125000
vt 0.656250 0.562500
vt 0.656250 0.062500
vt 0.656250 0.500000
vt 0.671875 1.000000
vt 0.656250 0.937500
vt 0.671875 0.000000
vt 0.656250 0.437500
vt 0.656250 0.875000
vt 0.656250 0.375000
vt 0.656250 0.812500
vt 0.640625 1.000000
vt 0.625000 0.937500
vt 0.640625 0.000000
vt 0.625000 0.062500
vt 0.625000 0.500000
vt 0.625000 0.437500
vt 0.625000 0.875000
vt 0.625000 0.375000
vt 0.625000 0.812500
vt 0.625000 0.312500
vt 0.625000 0.750000
vt 0.625000 0.250000
vt 0.625000 0.687500
vt 0.625000 0.187500
vt 0.625000 0.625000
vt 0.625000 0.125000
vt 0.625000 0.562500
vt 0.593750 0.750000
vt 0.593750 0.687500
vt 0.593750 0.250000
vt 0.593750 0.187500
vt 0.593750 0.625000
vt 0.593750 0.125000
vt 0.593750 0.562500
vt 0.593750 0.062500
vt 0.593750 0.500000
vt 0.609375 1.000000
vt 0.593750 0.937500
vt 0.609375 0.000000
vt 0.593750 0.437500
vt 0.593750 0.875000
vt 0.593750 0.375000
vt 0.593750 0.812500
vt 0.593750 0.312500
vt 0.562500 0.500000
vt 0.562500 0.437500
vt 0.562500 0.937500
vt 0.562500 0.875000
vt 0.562500 0.375000
vt 0.562500 0.812500
vt 0.562500 0.312500
vt 0.562500 0.750000
vt 0.562500 0.250000
vt 0.562500 0.687500
vt 0.562500 0.187500
vt 0.562500 0.625000
vt 0.562500 0.125000
vt 0.562500 0.562500
vt 0.562500 0.062500
vt 0.578125 1.000000
vt 0.578125 0.000000
vt 0.531250 0.250000
vt 0.531250 0.187500
vt 0.531250 0.687500
vt 0.531250 0.625000
vt 0.531250 0.125000
vt 0.531250 0.562500
vt 0.531250 0.062500
vt 0.531250 0.500000
vt 0.546875 1.000000
vt 0.531250 0.937500
vt 0.546875 0.000000
vt 0.531250 0.437500
vt 0.531250 0.875000
vt 0.531250 0.375000
vt 0.531250 0.812500
vt 0.531250 0.312500
vt 0.531250 0.750000
vt 0.500000 0.937500
vt 0.500000 0.875000
vt 0.500000 0.437500
vt 0.500000 0.375000
vt 0.500000 0.812500
vt 0.500000 0.312500
vt 0.500000 0.750000
vt 0.500000 0.250000
vt 0.500000 0.687500
vt 0.500000 0.187500
vt 0.500000 0.625000
vt 0.500000 0.125000
vt 0.500000 0.562500
vt 0.500000 0.062500
vt 0.500000 0.500000
vt 0.515625 1.000000
vt 0.515625 0.000000
vt 0.468750 0.687500
vt 0.468750 0.625000
vt 0.468750 0.187500
vt 0.468750 0.125000
vt 0.468750 0.562500
vt 0.468750 0.062500
vt 0.468750 0.500000
vt 0.484375 1.000000
vt 0.468750 0.937500
vt 0.484375 0.000000
vt 0.468750 0.437500
vt 0.468750 0.875000
vt 0.468750 0.375000
vt 0.468750 0.812500
vt 0.468750 0.312500
vt 0.468750 0.750000
vt 0.468750 0.250000
vt 0.437500 0.437500
vt 0.437500 0.375000
vt 0.437500 0.875000
vt 0.437500 0.812500
vt 0.437500 0.312500
vt 0.437500 0.750000
vt 0.437500 0.250000
vt 0.437500 0.687500
vt 0.437500 0.187500
vt 0.437500 0.625000
vt 0.437500 0.125000
vt 0.437500 0.562500
vt 0.437500 0.062500
vt 0.437500 0.500000
vt 0.453125 1.000000
vt 0.437500 0.937500
vt 0.453125 0.000000
vt 0.406250 0.187500
vt 0.406250 0.125000
vt 0.406250 0.625000
vt 0.406250 0.562500
vt 0.406250 0.062500
vt 0.406250 0.500000
vt 0.421875 1.000000
vt 0.406250 0.937500
vt 0.421875 0.000000
vt 0.406250 0.437500
vt 0.406250 0.875000
vt 0.406250 0.375000
vt 0.406250 0.812500
vt 0.406250 0.312500
vt 0.406250 0.750000
vt 0.406250 0.250000
vt 0.406250 0.687500
vt 0.375000 0.375000
vt 0.375000 0.312500
vt 0.375000 0.812500
vt 0.375000 0.750000
vt 0.375000 0.250000
vt 0.375000 0.687500
vt 0.375000 0.187500
vt 0.375000 0.625000
vt 0.375000 0.125000
vt 0.375000 0.562500
vt 0.375000 0.062500
vt 0.375000 0.500000
vt 0.390625 1.000000
vt 0.375000 0.937500
vt 0.390625 0.000000
vt 0.375000 0.437500
vt 0.375000 0.875000
vt 0.343750 0.125000
vt 0.343750 0.062500
vt 0.343750 0.562500
vt 0.343750 0.500000
vt 0.359375 1.000000
vt 0.343750 0.937500
vt 0.359375 0.000000
vt 0.343750 0.437500
vt 0.343750 0.875000
vt 0.343750 0.375000
vt 0.343750 0.812500
vt 0.343750 0.312500
vt 0.343750 0.750000
vt 0.343750 0.250000
vt 0.343750 0.687500
vt 0.343750 0.187500
vt 0.343750 0.625000
vt 0.312500 0.812500
vt 0.312500 0.750000
vt 0.312500 0.312500
vt 0.312500 0.250000
vt 0.312500 0.687500
vt 0.312500 0.187500
vt 0.312500 0.625000
vt 0.312500 0.125000
vt 0.312500 0.562500
vt 0.312500 0.062500
vt 0.312500 0.500000
vt 0.328125 1.000000
vt 0.312500 0.937500
vt 0.328125 0.000000
vt 0.312500 0.437500
vt 0.312500 0.875000
vt 0.312500 0.375000
vt 0.281250 0.562500
vt 0.281250 0.500000
vt 0.296875 1.000000
vt 0.281250 0.937500
vt 0.296875 0.000000
vt 0.281250 0.062500
vt 0.281250 0.437500
vt 0.281250 0.875000
vt 0.281250 0.375000
vt 0.281250 0.812500
vt 0.281250 0.312500
vt 0.281250 0.750000
vt 0.281250 0.250000
vt 0.281250 0.687500
vt 0.281250 0.187500
vt 0.281250 0.625000
vt 0.281250 0.125000
vt 0.250000 0.312500
vt 0.250000 0.250000
vt 0.250000 0.750000
vt 0.250000 0.687500
vt 0.250000 0.187500
vt 0.250000 0.625000
vt 0.250000 0.125000
vt 0.250000 0.562500
vt 0.250000 0.062500
vt 0.250000 0.500000
vt 0.265625 1.000000
vt 0.250000 0.937500
vt 0.265625 0.000000
vt 0.250000 0.437500
vt 0.250000 0.875000
vt 0.250000 0.375000
vt 0.250000 0.812500
vt 0.234375 1.000000
vt 0.218750 0.937500
vt 0.234375 0.000000
vt 0.218750 0.062500
vt 0.218750 0.500000
vt 0.218750 0.437500
vt 0.218750 0.875000
vt 0.218750 0.375000
vt 0.218750 0.812500
vt 0.218750 0.312500
vt 0.218750 0.750000
vt 0.218750 0.250000
vt 0.218750 0.687500
vt 0.218750 0.187500
vt 0.218750 0.625000
vt 0.218750 0.125000
vt 0.218750 0.562500
vt 0.187500 0.750000
vt 0.187500 0.687500
vt 0.187500 0.250000
vt 0.187500 0.187500
vt 0.187500 0.625000
vt 0.187500 0.125000
vt 0.187500 0.562500
vt 0.187500 0.062500
vt 0.187500 0.500000
vt 0.203125 1.000000
vt 0.187500 0.937500
vt 0.203125 0.000000
vt 0.187500 0.437500
vt 0.187500 0.875000
vt 0.187500 0.375000
vt 0.187500 0.812500
vt 0.187500 0.312500
vt 0.156250 0.500000
vt 0.156250 0.437500
vt 0.156250 0.937500
vt 0.156250 0.875000
vt 0.156250 0.375000
vt 0.156250 0.812500
vt 0.156250 0.312500
vt 0.156250 0.750000
vt 0.156250 0.250000
vt 0.156250 0.687500
vt 0.156250 0.187500
vt 0.156250 0.625000
vt 0.156250 0.125000
vt 0.156250 0.562500
vt 0.156250 0.062500
vt 0.171875 1.000000
vt 0.171875 0.000000
vt 0.125000 0.250000
vt 0.125000 0.187500
vt 0.125000 0.687500
vt 0.125000 0.625000
vt 0.125000 0.125000
vt 0.125000 0.562500
vt 0.125000 0.062500
vt 0.125000 0.500000
vt 0.140625 1.000000
vt 0.125000 0.937500
vt 0.140625 0.000000
vt 0.125000 0.437500
vt 0.125000 0.875000
vt 0.125000 0.375000
vt 0.125000 0.812500
vt 0.125000 0.312500
vt 0.125000 0.750000
vt 0.093750 0.437500
vt 0.093750 0.375000
vt 0.093750 0.875000
vt 0.093750 0.812500
vt 0.093750 0.312500
vt 0.093750 0.750000
vt 0.093750 0.250000
vt 0.093750 0.687500
vt 0.093750 0.187500
vt 0.093750 0.625000
vt 0.093750 0.125000
vt 0.093750 0.562500
vt 0.093750 0.062500
vt 0.093750 0.500000
vt 0.109375 1.000000
vt 0.093750 0.937500
vt 0.109375 0.000000
vt 0.062500 0.187500
vt 0.062500 0.125000
vt 0.062500 0.625000
vt 0.062500 0.562500
vt 0.062500 0.062500
vt 0.062500 0.500000
vt 0.078125 1.000000
vt 0.062500 0.937500
vt 0.078125 0.000000
vt 0.062500 0.437500
vt 0.062500 0.875000
vt 0.062500 0.375000
vt 0.062500 0.812500
vt 0.062500 0.312500
vt 0.062500 0.750000
vt 0.062500 0.250000
vt 0.062500 0.687500
vt 0.031250 0.875000
vt 0.031250 0.812500
vt 0.031250 0.375000
vt 0.031250 0.312500
vt 0.031250 0.750000
vt 0.031250 0.250000
vt 0.031250 0.687500
vt 0.031250 0.187500
vt 0.031250 0.625000
vt 0.031250 0.125000
vt 0.031250 0.562500
vt 0.031250 0.062500
vt 0.031250 0.500000
vt 0.046875 1.000000
vt 0.031250 0.937500
vt 0.046875 0.000000
vt 0.031250 0.437500
vt 0.000000 0.625000
vt 0.000000 0.562500
vt 0.000000 0.125000
vt 0.000000 0.062500
vt 0.000000 0.500000
vt 0.015625 1.000000
vt 0.000000 0.937500
vt 0.015625 0.000000
vt 0.000000 0.437500
vt 0.000000 0.875000
vt 0.000000 0.375000
vt 0.000000 0.812500
vt 0.000000 0.312500
vt 0.000000 0.750000
vt 0.000000 0.250000
vt 0.000000 0.687500
vt 0.000000 0.187500
vt 1.000000 0.312500
vt 1.000000 0.375000
vt 0.968750 0.375000
vt 0.968750 0.312500
vt 1.000000 0.750000
vt 1.000000 0.812500
vt 0.968750 0.812500
vt 0.968750 0.750000
vt 1.000000 0.250000
vt 0.968750 0.250000
vt 1.000000 0.687500
vt 0.968750 0.687500
vt 1.000000 0.187500
vt 0.968750 0.187500
vt 1.000000 0.625000
vt 0.968750 0.625000
vt 1.000000 0.125000
vt 0.968750 0.125000
vt 1.000000 0.562500
vt 0.968750 0.562500
vt 1.000000 0.062500
vt 0.968750 0.062500
vt 1.000000 0.500000
vt 0.968750 0.500000
vt 1.000000 0.937500
vt 0.984375 1.000000
vt 0.968750 0.937500
vt 0.984375 0.000000
vt 1.000000 0.437500
vt 0.968750 0.437500
vt 1.000000 0.875000
vt 0.968750 0.875000
vt 0.937500 0.125000
vt 0.937500 0.062500
vt 0.937500 0.562500
vt 0.937500 0.500000
vt 0.953125 1.000000
vt 0.937500 0.937500
vt 0.953125 0.000000
vt 0.937500 0.437500
vt 0.937500 0.875000
vt 0.937500 0.375000
vt 0.937500 0.812500
vt 0.937500 0.312500
vt 0.937500 0.750000
vt 0.937500 0.250000
vt 0.937500 0.687500
vt 0.937500 0.187500
vt 0.937500 0.625000
vt 0.906250 0.812500
vt 0.906250 0.750000
vt 0.906250 0.312500
vt 0.906250 0.250000
vt 0.906250 0.687500
vt 0.906250 0.187500
vt 0.906250 0.625000
vt 0.906250 0.125000
vt 0.906250 0.562500
vt 0.906250 0.062500
vt 0.906250 0.500000
vt 0.921875 1.000000
vt 0.906250 0.937500
vt 0.921875 0.000000
vt 0.906250 0.437500
vt 0.906250 0.875000
vt 0.906250 0.375000
vt 0.875000 0.562500
vt 0.875000 0.500000
vt 0.890625 1.000000
vt 0.875000 0.937500
vt 0.890625 0.000000
vt 0.875000 0.062500
vt 0.875000 0.437500
vt 0.875000 0.875000
vt 0.875000 0.375000
vt 0.875000 0.812500
vt 0.875000 0.312500
vt 0.875000 0.750000
vt 0.875000 0.250000
vt 0.875000 0.687500
vt 0.875000 0.187500
vt 0.875000 0.625000
vt 0.875000 0.125000
vt 0.843750 0.312500
vt 0.843750 0.250000
vt 0.843750 0.750000
vt 0.843750 0.687500
vt 0.843750 0.187500
vt 0.843750 0.625000
vt 0.843750 0.125000
vt 0.843750 0.562500
vt 0.843750 0.062500
vt 0.843750 0.500000
vt 0.859375 1.000000
vt 0.843750 0.937500
vt 0.859375 0.000000
vt 0.843750 0.437500
vt 0.843750 0.875000
vt 0.843750 0.375000
vt 0.843750 0.812500
vt 0.828125 0.000000
vt 0.812500 0.062500
vt 0.812500 0.500000
vt 0.812500 0.437500
vt 0.812500 0.937500
vt 0.812500 0.875000
vt 0.812500 0.375000
vt 0.812500 0.812500
vt 0.812500 0.312500
vt 0.812500 0.750000
vt 0.812500 0.250000
vt 0.812500 0.687500
vt 0.812500 0.187500
vt 0.812500 0.625000
vt 0.812500 0.125000
vt 0.812500 0.562500
vt 0.828125 1.000000
vt 0.781250 0.250000
vt 0.781250 0.187500
vt 0.781250 0.687500
vt 0.781250 0.625000
vt 0.781250 0.125000
vt 0.781250 0.562500
vt 0.781250 0.062500
vt 0.781250 0.500000
vt 0.796875 1.000000
vt 0.781250 0.937500
vt 0.796875 0.000000
vt 0.781250 0.437500
vt 0.781250 0.875000
vt 0.781250 0.375000
vt 0.781250 0.812500
vt 0.781250 0.312500
vt 0.781250 0.750000
vt 0.765625 1.000000
vt 0.765625 0.000000
s 1
usemtl Material.051
f 173/145/53 172/146/54 182/147/55 183/148/56
f 643/149/57 642/150/58 175/151/59 176/152/60
f 646/153/61 173/145/53 183/148/56 184/154/62
f 169/155/63 643/149/57 176/152/60 177/156/64
f 174/157/65 646/153/61 184/154/62 185/158/66
f 644/159/67 169/155/63 177/156/64 178/160/68
f 647/161/69 174/157/65 185/158/66 186/162/70
f 170/163/71 644/159/67 178/160/68 179/164/72
f 648/165/73 647/161/69 186/162/70 187/166/74
f 645/167/75 170/163/71 179/164/72 180/168/76
f 649/169/77 648/165/73 187/166/74 188/170/78
f 171/171/79 645/167/75 180/168/76 181/172/80
f 650/173/81 649/169/77 188/170/78 189/174/82
f 172/146/54 171/171/79 181/172/80 182/147/55
f 642/150/58 250/175/83 175/151/59
f 476/176/84 650/173/81 189/174/82
f 189/174/82 188/170/78 203/177/85 204/178/86
f 182/147/55 181/172/80 196/179/87 197/180/88
f 175/151/59 250/181/83 190/182/89
f 476/183/84 189/174/82 204/178/86
f 183/148/56 182/147/55 197/180/88 198/184/90
f 176/152/60 175/151/59 190/182/89 191/185/91
f 184/154/62 183/148/56 198/184/90 199/186/92
f 177/156/64 176/152/60 191/185/91 192/187/93
f 185/158/66 184/154/62 199/186/92 200/188/94
f 178/160/68 177/156/64 192/187/93 193/189/95
f 186/162/70 185/158/66 200/188/94 201/190/96
f 179/164/72 178/160/68 193/189/95 194/191/97
f 187/166/74 186/162/70 201/190/96 202/192/98
f 180/168/76 179/164/72 194/191/97 195/193/99
f 188/170/78 187/166/74 202/192/98 203/177/85
f 181/172/80 180/168/76 195/193/99 196/179/87
f 201/190/96 200/188/94 215/194/100 216/195/101
f 194/191/97 193/189/95 208/196/102 209/197/103
f 202/192/98 201/190/96 216/195/101 217/198/104
f 195/193/99 194/191/97 209/197/103 210/199/105
f 203/177/85 202/192/98 217/198/104 218/200/106
f 196/179/87 195/193/99 210/199/105 211/201/107
f 204/178/86 203/177/85 218/200/106 219/202/108
f 197/180/88 196/179/87 211/201/107 212/203/109
f 190/182/89 250/204/83 205/205/110
f 476/206/84 204/178/86 219/202/108
f 198/184/90 197/180/88 212/203/109 213/207/111
f 191/185/91 190/182/89 205/205/110 206/208/112
f 199/186/92 198/184/90 213/207/111 214/209/113
f 192/187/93 191/185/91 206/208/112 207/210/114
f 200/188/94 199/186/92 214/209/113 215/194/100
f 193/189/95 192/187/93 207/210/114 208/196/102
f 205/205/110 250/211/83 220/212/115
f 476/213/84 219/202/108 234/214/116
f 213/207/111 212/203/109 227/215/117 228/216/118
f 206/208/112 205/205/110 220/212/115 221/217/119
f 214/209/113 213/207/111 228/216/118 229/218/120
f 207/210/114 206/208/112 221/217/119 222/219/121
f 215/194/100 214/209/113 229/218/120 230/220/122
f 208/196/102 207/210/114 222/219/121 223/221/123
f 216/195/101 215/194/100 230/220/122 231/222/124
f 209/197/103 208/196/102 223/221/123 224/223/125
f 217/198/104 216/195/101 231/222/124 232/224/126
f 210/199/105 209/197/103 224/223/125 225/225/127
f 218/200/106 217/198/104 232/224/126 233/226/128
f 211/201/107 210/199/105 225/225/127 226/227/129
f 219/202/108 218/200/106 233/226/128 234/214/116
f 212/203/109 211/201/107 226/227/129 227/215/117
f 224/223/125 223/221/123 238/228/130 239/229/131
f 232/224/126 231/222/124 246/230/132 247/231/133
f 225/225/127 224/223/125 239/229/131 240/232/134
f 233/226/128 232/224/126 247/231/133 248/233/135
f 226/227/129 225/225/127 240/232/134 241/234/136
f 234/214/116 233/226/128 248/233/135 249/235/137
f 227/215/117 226/227/129 241/234/136 242/236/138
f 220/212/115 250/237/83 235/238/139
f 476/239/84 234/214/116 249/235/137
f 228/216/118 227/215/117 242/236/138 243/240/140
f 221/217/119 220/212/115 235/238/139 236/241/141
f 229/218/120 228/216/118 243/240/140 244/242/142
f 222/219/121 221/217/119 236/241/141 237/243/143
f 230/220/122 229/218/120 244/242/142 245/244/144
f 223/221/123 222/219/121 237/243/143 238/228/130
f 231/222/124 230/220/122 245/244/144 246/230/132
f 243/240/140 242/236/138 258/245/145 259/246/146
f 236/241/141 235/238/139 251/247/147 252/248/148
f 244/242/142 243/240/140 259/246/146 260/249/149
f 237/243/143 236/241/141 252/248/148 253/250/150
f 245/244/144 244/242/142 260/249/149 261/251/151
f 238/228/130 237/243/143 253/250/150 254/252/152
f 246/230/132 245/244/144 261/251/151 262/253/153
f 239/229/131 238/228/130 254/252/152 255/254/154
f 247/231/133 246/230/132 262/253/153 263/255/155
f 240/232/134 239/229/131 255/254/154 256/256/156
f 248/233/135 247/231/133 263/255/155 264/257/157
f 241/234/136 240/232/134 256/256/156 257/258/158
f 249/235/137 248/233/135 264/257/157 265/259/159
f 242/236/138 241/234/136 257/258/158 258/245/145
f 235/238/139 250/260/83 251/247/147
f 476/261/84 249/235/137 265/259/159
f 263/255/155 262/253/153 277/262/160 278/263/161
f 256/256/156 255/254/154 270/264/162 271/265/163
f 264/257/157 263/255/155 278/263/161 279/266/164
f 257/258/158 256/256/156 271/265/163 272/267/165
f 265/259/159 264/257/157 279/266/164 280/268/166
f 258/245/145 257/258/158 272/267/165 273/269/167
f 251/247/147 250/270/83 266/271/168
f 476/272/84 265/259/159 280/268/166
f 259/246/146 258/245/145 273/269/167 274/273/169
f 252/248/148 251/247/147 266/271/168 267/274/170
f 260/249/149 259/246/146 274/273/169 275/275/171
f 253/250/150 252/248/148 267/274/170 268/276/172
f 261/251/151 260/249/149 275/275/171 276/277/173
f 254/252/152 253/250/150 268/276/172 269/278/174
f 262/253/153 261/251/151 276/277/173 277/262/160
f 255/254/154 254/252/152 269/278/174 270/264/162
f 267/274/170 266/271/168 281/279/175 282/280/176
f 275/275/171 274/273/169 289/281/177 290/282/178
f 268/276/172 267/274/170 282/280/176 283/283/179
f 276/277/173 275/275/171 290/282/178 291/284/180
f 269/278/174 268/276/172 283/283/179 284/285/181
f 277/262/160 276/277/173 291/284/180 292/286/182
f 270/264/162 269/278/174 284/285/181 285/287/183
f 278/263/161 277/262/160 292/286/182 293/288/184
f 271/265/163 270/264/162 285/287/183 286/289/185
f 279/266/164 278/263/161 293/288/184 294/290/186
f 272/267/165 271/265/163 286/289/185 287/291/187
f 280/268/166 279/266/164 294/290/186 295/292/188
f 273/269/167 272/267/165 287/291/187 288/293/189
f 266/271/168 250/294/83 281/279/175
f 476/295/84 280/268/166 295/292/188
f 274/273/169 273/269/167 288/293/189 289/281/177
f 286/289/185 285/287/183 300/296/190 301/297/191
f 294/290/186 293/288/184 308/298/192 309/299/193
f 287/291/187 286/289/185 301/297/191 302/300/194
f 295/292/188 294/290/186 309/299/193 310/301/195
f 288/293/189 287/291/187 302/300/194 303/302/196
f 281/279/175 250/303/83 296/304/197
f 476/305/84 295/292/188 310/301/195
f 289/281/177 288/293/189 303/302/196 304/306/198
f 282/280/176 281/279/175 296/304/197 297/307/199
f 290/282/178 289/281/177 304/306/198 305/308/200
f 283/283/179 282/280/176 297/307/199 298/309/201
f 291/284/180 290/282/178 305/308/200 306/310/202
f 284/285/181 283/283/179 298/309/201 299/311/203
f 292/286/182 291/284/180 306/310/202 307/312/204
f 285/287/183 284/285/181 299/311/203 300/296/190
f 293/288/184 292/286/182 307/312/204 308/298/192
f 305/308/200 304/306/198 319/313/205 320/314/206
f 298/309/201 297/307/199 312/315/207 313/316/208
f 306/310/202 305/308/200 320/314/206 321/317/209
f 299/311/203 298/309/201 313/316/208 314/318/210
f 307/312/204 306/310/202 321/317/209 322/319/211
f 300/296/190 299/311/203 314/318/210 315/320/212
f 308/298/192 307/312/204 322/319/211 323/321/213
f 301/297/191 300/296/190 315/320/212 316/322/214
f 309/299/193 308/298/192 323/321/213 324/323/215
f 302/300/194 301/297/191 316/322/214 317/324/216
f 310/301/195 309/299/193 324/323/215 325/325/217
f 303/302/196 302/300/194 317/324/216 318/326/218
f 296/304/197 250/327/83 311/328/219
f 476/329/84 310/301/195 325/325/217
f 304/306/198 303/302/196 318/326/218 319/313/205
f 297/307/199 296/304/197 311/328/219 312/315/207
f 324/323/215 323/321/213 338/330/220 339/331/221
f 317/324/216 316/322/214 331/332/222 332/333/223
f 325/325/217 324/323/215 339/331/221 340/334/224
f 318/326/218 317/324/216 332/333/223 333/335/225
f 311/328/219 250/336/83 326/337/226
f 476/338/84 325/325/217 340/334/224
f 319/313/205 318/326/218 333/335/225 334/339/227
f 312/315/207 311/328/219 326/337/226 327/340/228
f 320/314/206 319/313/205 334/339/227 335/341/229
f 313/316/208 312/315/207 327/340/228 328/342/230
f 321/317/209 320/314/206 335/341/229 336/343/231
f 314/318/210 313/316/208 328/342/230 329/344/232
f 322/319/211 321/317/209 336/343/231 337/345/233
f 315/320/212 314/318/210 329/344/232 330/346/234
f 323/321/213 322/319/211 337/345/233 338/330/220
f 316/322/214 315/320/212 330/346/234 331/332/222
f 336/343/231 335/341/229 350/347/235 351/348/236
f 329/344/232 328/342/230 343/349/237 344/350/238
f 337/345/233 336/343/231 351/348/236 352/351/239
f 330/346/234 329/344/232 344/350/238 345/352/240
f 338/330/220 337/345/233 352/351/239 353/353/241
f 331/332/222 330/346/234 345/352/240 346/354/242
f 339/331/221 338/330/220 353/353/241 354/355/243
f 332/333/223 331/332/222 346/354/242 347/356/244
f 340/334/224 339/331/221 354/355/243 355/357/245
f 333/335/225 332/333/223 347/356/244 348/358/246
f 326/337/226 250/359/83 341/360/247
f 476/361/84 340/334/224 355/357/245
f 334/339/227 333/335/225 348/358/246 349/362/248
f 327/340/228 326/337/226 341/360/247 342/363/249
f 335/341/229 334/339/227 349/362/248 350/347/235
f 328/342/230 327/340/228 342/363/249 343/349/237
f 355/357/245 354/355/243 369/364/250 370/365/251
f 348/358/246 347/356/244 362/366/252 363/367/253
f 341/360/247 250/368/83 356/369/254
f 476/370/84 355/357/245 370/365/251
f 349/362/248 348/358/246 363/367/253 364/371/255
f 342/363/249 341/360/247 356/369/254 357/372/256
f 350/347/235 349/362/248 364/371/255 365/373/257
f 343/349/237 342/363/249 357/372/256 358/374/258
f 351/348/236 350/347/235 365/373/257 366/375/259
f 344/350/238 343/349/237 358/374/258 359/376/260
f 352/351/239 351/348/236 366/375/259 367/377/261
f 345/352/240 344/350/238 359/376/260 360/378/262
f 353/353/241 352/351/239 367/377/261 368/379/263
f 346/354/242 345/352/240 360/378/262 361/380/264
f 354/355/243 353/353/241 368/379/263 369/364/250
f 347/356/244 346/354/242 361/380/264 362/366/252
f 359/376/260 358/374/258 373/381/265 374/382/266
f 367/377/261 366/375/259 381/383/267 382/384/268
f 360/378/262 359/376/260 374/382/266 375/385/269
f 368/379/263 367/377/261 382/384/268 383/386/270
f 361/380/264 360/378/262 375/385/269 376/387/271
f 369/364/250 368/379/263 383/386/270 384/388/272
f 362/366/252 361/380/264 376/387/271 377/389/273
f 370/365/251 369/364/250 384/388/272 385/390/274
f 363/367/253 362/366/252 377/389/273 378/391/275
f 356/369/254 250/392/83 371/393/276
f 476/394/84 370/365/251 385/390/274
f 364/371/255 363/367/253 378/391/275 379/395/277
f 357/372/256 356/369/254 371/393/276 372/396/278
f 365/373/257 364/371/255 379/395/277 380/397/279
f 358/374/258 357/372/256 372/396/278 373/381/265
f 366/375/259 365/373/257 380/397/279 381/383/267
f 378/391/275 377/389/273 392/398/280 393/399/281
f 371/393/276 250/400/83 386/401/282
f 476/402/84 385/390/274 400/403/283
f 379/395/277 378/391/275 393/399/281 394/404/284
f 372/396/278 371/393/276 386/401/282 387/405/285
f 380/397/279 379/395/277 394/404/284 395/406/286
f 373/381/265 372/396/278 387/405/285 388/407/287
f 381/383/267 380/397/279 395/406/286 396/408/288
f 374/382/266 373/381/265 388/407/287 389/409/289
f 382/384/268 381/383/267 396/408/288 397/410/290
f 375/385/269 374/382/266 389/409/289 390/411/291
f 383/386/270 382/384/268 397/410/290 398/412/292
f 376/387/271 375/385/269 390/411/291 391/413/293
f 384/388/272 383/386/270 398/412/292 399/414/294
f 377/389/273 376/387/271 391/413/293 392/398/280
f 385/390/274 384/388/272 399/414/294 400/403/283
f 397/410/290 396/408/288 411/415/295 412/416/296
f 390/411/291 389/409/289 404/417/297 405/418/298
f 398/412/292 397/410/290 412/416/296 413/419/299
f 391/413/293 390/411/291 405/418/298 406/420/300
f 399/414/294 398/412/292 413/419/299 414/421/301
f 392/398/280 391/413/293 406/420/300 407/422/302
f 400/403/283 399/414/294 414/421/301 415/423/303
f 393/399/281 392/398/280 407/422/302 408/424/304
f 386/401/282 250/425/83 401/426/305
f 476/427/84 400/403/283 415/423/303
f 394/404/284 393/399/281 408/424/304 409/428/306
f 387/405/285 386/401/282 401/426/305 402/429/307
f 395/406/286 394/404/284 409/428/306 410/430/308
f 388/407/287 387/405/285 402/429/307 403/431/309
f 396/408/288 395/406/286 410/430/308 411/415/295
f 389/409/289 388/407/287 403/431/309 404/417/297
f 401/426/305 250/432/83 416/433/310
f 476/434/84 415/423/303 430/435/311
f 409/428/306 408/424/304 423/436/312 424/437/313
f 402/429/307 401/426/305 416/433/310 417/438/314
f 410/430/308 409/428/306 424/437/313 425/439/315
f 403/431/309 402/429/307 417/438/314 418/440/316
f 411/415/295 410/430/308 425/439/315 426/441/317
f 404/417/297 403/431/309 418/440/316 419/442/318
f 412/416/296 411/415/295 426/441/317 427/443/319
f 405/418/298 404/417/297 419/442/318 420/444/320
f 413/419/299 412/416/296 427/443/319 428/445/321
f 406/420/300 405/418/298 420/444/320 421/446/322
f 414/421/301 413/419/299 428/445/321 429/447/323
f 407/422/302 406/420/300 421/446/322 422/448/324
f 415/423/303 414/421/301 429/447/323 430/435/311
f 408/424/304 407/422/302 422/448/324 423/436/312
f 420/444/320 419/442/318 434/449/325 435/450/326
f 428/445/321 427/443/319 442/451/327 443/452/328
f 421/446/322 420/444/320 435/450/326 436/453/329
f 429/447/323 428/445/321 443/452/328 444/454/330
f 422/448/324 421/446/322 436/453/329 437/455/331
f 430/435/311 429/447/323 444/454/330 445/456/332
f 423/436/312 422/448/324 437/455/331 438/457/333
f 416/433/310 250/458/83 431/459/334
f 476/460/84 430/435/311 445/456/332
f 424/437/313 423/436/312 438/457/333 439/461/335
f 417/438/314 416/433/310 431/459/334 432/462/336
f 425/439/315 424/437/313 439/461/335 440/463/337
f 418/440/316 417/438/314 432/462/336 433/464/338
f 426/441/317 425/439/315 440/463/337 441/465/339
f 419/442/318 418/440/316 433/464/338 434/449/325
f 427/443/319 426/441/317 441/465/339 442/451/327
f 439/461/335 438/457/333 453/466/340 454/467/341
f 432/462/336 431/459/334 446/468/342 447/469/343
f 440/463/337 439/461/335 454/467/341 455/470/344
f 433/464/338 432/462/336 447/469/343 448/471/345
f 441/465/339 440/463/337 455/470/344 456/472/346
f 434/449/325 433/464/338 448/471/345 449/473/347
f 442/451/327 441/465/339 456/472/346 457/474/348
f 435/450/326 434/449/325 449/473/347 450/475/349
f 443/452/328 442/451/327 457/474/348 458/476/350
f 436/453/329 435/450/326 450/475/349 451/477/351
f 444/454/330 443/452/328 458/476/350 459/478/352
f 437/455/331 436/453/329 451/477/351 452/479/353
f 445/456/332 444/454/330 459/478/352 460/480/354
f 438/457/333 437/455/331 452/479/353 453/466/340
f 431/459/334 250/481/83 446/468/342
f 476/482/84 445/456/332 460/480/354
f 458/476/350 457/474/348 472/483/355 473/484/356
f 451/477/351 450/475/349 465/485/357 466/486/358
f 459/478/352 458/476/350 473/484/356 474/487/359
f 452/479/353 451/477/351 466/486/358 467/488/360
f 460/480/354 459/478/352 474/487/359 475/489/361
f 453/466/340 452/479/353 467/488/360 468/490/362
f 446/468/342 250/491/83 461/492/363
f 476/493/84 460/480/354 475/489/361
f 454/467/341 453/466/340 468/490/362 469/494/364
f 447/469/343 446/468/342 461/492/363 462/495/365
f 455/470/344 454/467/341 469/494/364 470/496/366
f 448/471/345 447/469/343 462/495/365 463/497/367
f 456/472/346 455/470/344 470/496/366 471/498/368
f 449/473/347 448/471/345 463/497/367 464/499/369
f 457/474/348 456/472/346 471/498/368 472/483/355
f 450/475/349 449/473/347 464/499/369 465/485/357
f 470/496/366 469/494/364 485/500/370 486/501/371
f 463/497/367 462/495/365 478/502/372 479/503/373
f 471/498/368 470/496/366 486/501/371 487/504/374
f 464/499/369 463/497/367 479/503/373 480/505/375
f 472/483/355 471/498/368 487/504/374 488/506/376
f 465/485/357 464/499/369 480/505/375 481/507/377
f 473/484/356 472/483/355 488/506/376 489/508/378
f 466/486/358 465/485/357 481/507/377 482/509/379
f 474/487/359 473/484/356 489/508/378 490/510/380
f 467/488/360 466/486/358 482/509/379 483/511/381
f 475/489/361 474/487/359 490/510/380 491/512/382
f 468/490/362 467/488/360 483/511/381 484/513/383
f 461/492/363 250/514/83 477/515/384
f 476/516/84 475/489/361 491/512/382
f 469/494/364 468/490/362 484/513/383 485/500/370
f 462/495/365 461/492/363 477/515/384 478/502/372
f 490/510/380 489/508/378 504/517/385 505/518/386
f 483/511/381 482/509/379 497/519/387 498/520/388
f 491/512/382 490/510/380 505/518/386 506/521/389
f 484/513/383 483/511/381 498/520/388 499/522/390
f 477/515/384 250/523/83 492/524/391
f 476/525/84 491/512/382 506/521/389
f 485/500/370 484/513/383 499/522/390 500/526/392
f 478/502/372 477/515/384 492/524/391 493/527/393
f 486/501/371 485/500/370 500/526/392 501/528/394
f 479/503/373 478/502/372 493/527/393 494/529/395
f 487/504/374 486/501/371 501/528/394 502/530/396
f 480/505/375 479/503/373 494/529/395 495/531/397
f 488/506/376 487/504/374 502/530/396 503/532/398
f 481/507/377 480/505/375 495/531/397 496/533/399
f 489/508/378 488/506/376 503/532/398 504/517/385
f 482/509/379 481/507/377 496/533/399 497/519/387
f 494/529/395 493/527/393 508/534/400 509/535/401
f 502/530/396 501/528/394 516/536/402 517/537/403
f 495/531/397 494/529/395 509/535/401 510/538/404
f 503/532/398 502/530/396 517/537/403 518/539/405
f 496/533/399 495/531/397 510/538/404 511/540/406
f 504/517/385 503/532/398 518/539/405 519/541/407
f 497/519/387 496/533/399 511/540/406 512/542/408
f 505/518/386 504/517/385 519/541/407 520/543/409
f 498/520/388 497/519/387 512/542/408 513/544/410
f 506/521/389 505/518/386 520/543/409 521/545/411
f 499/522/390 498/520/388 513/544/410 514/546/412
f 492/524/391 250/547/83 507/548/413
f 476/549/84 506/521/389 521/545/411
f 500/526/392 499/522/390 514/546/412 515/550/414
f 493/527/393 492/524/391 507/548/413 508/534/400
f 501/528/394 500/526/392 515/550/414 516/536/402
f 513/544/410 512/542/408 527/551/415 528/552/416
f 521/545/411 520/543/409 535/553/417 536/554/418
f 514/546/412 513/544/410 528/552/416 529/555/419
f 507/548/413 250/556/83 522/557/420
f 476/558/84 521/545/411 536/554/418
f 515/550/414 514/546/412 529/555/419 530/559/421
f 508/534/400 507/548/413 522/557/420 523/560/422
f 516/536/402 515/550/414 530/559/421 531/561/423
f 509/535/401 508/534/400 523/560/422 524/562/424
f 517/537/403 516/536/402 531/561/423 532/563/425
f 510/538/404 509/535/401 524/562/424 525/564/426
f 518/539/405 517/537/403 532/563/425 533/565/427
f 511/540/406 510/538/404 525/564/426 526/566/428
f 519/541/407 518/539/405 533/565/427 534/567/429
f 512/542/408 511/540/406 526/566/428 527/551/415
f 520/543/409 519/541/407 534/567/429 535/553/417
f 532/568/425 531/569/423 546/570/430 547/571/431
f 525/572/426 524/573/424 539/574/432 540/575/433
f 533/576/427 532/568/425 547/571/431 548/577/434
f 526/578/428 525/572/426 540/575/433 541/579/435
f 534/580/429 533/576/427 548/577/434 549/581/436
f 527/582/415 526/578/428 541/579/435 542/583/437
f 535/584/417 534/580/429 549/581/436 550/585/438
f 528/586/416 527/582/415 542/583/437 543/587/439
f 536/588/418 535/584/417 550/585/438 551/589/440
f 529/590/419 528/586/416 543/587/439 544/591/441
f 522/592/420 250/593/83 537/594/442
f 476/595/84 536/588/418 551/589/440
f 530/596/421 529/590/419 544/591/441 545/597/443
f 523/598/422 522/592/420 537/594/442 538/599/444
f 531/569/423 530/596/421 545/597/443 546/570/430
f 524/573/424 523/598/422 538/599/444 539/574/432
f 551/589/440 550/585/438 565/600/445 566/601/446
f 544/591/441 543/587/439 558/602/447 559/603/448
f 537/594/442 250/604/83 552/605/449
f 476/606/84 551/589/440 566/601/446
f 545/597/443 544/591/441 559/603/448 560/607/450
f 538/599/444 537/594/442 552/605/449 553/608/451
f 546/570/430 545/597/443 560/607/450 561/609/452
f 539/574/432 538/599/444 553/608/451 554/610/453
f 547/571/431 546/570/430 561/609/452 562/611/454
f 540/575/433 539/574/432 554/610/453 555/612/455
f 548/577/434 547/571/431 562/611/454 563/613/456
f 541/579/435 540/575/433 555/612/455 556/614/457
f 549/581/436 548/577/434 563/613/456 564/615/458
f 542/583/437 541/579/435 556/614/457 557/616/459
f 550/585/438 549/581/436 564/615/458 565/600/445
f 543/587/439 542/583/437 557/616/459 558/602/447
f 555/612/455 554/610/453 569/617/460 570/618/461
f 563/613/456 562/611/454 577/619/462 578/620/463
f 556/614/457 555/612/455 570/618/461 571/621/464
f 564/615/458 563/613/456 578/620/463 579/622/465
f 557/616/459 556/614/457 571/621/464 572/623/466
f 565/600/445 564/615/458 579/622/465 580/624/467
f 558/602/447 557/616/459 572/623/466 573/625/468
f 566/601/446 565/600/445 580/624/467 581/626/469
f 559/603/448 558/602/447 573/625/468 574/627/470
f 552/605/449 250/628/83 567/629/471
f 476/630/84 566/601/446 581/626/469
f 560/607/450 559/603/448 574/627/470 575/631/472
f 553/608/451 552/605/449 567/629/471 568/632/473
f 561/609/452 560/607/450 575/631/472 576/633/474
f 554/610/453 553/608/451 568/632/473 569/617/460
f 562/611/454 561/609/452 576/633/474 577/619/462
f 574/627/470 573/625/468 588/634/475 589/635/476
f 567/629/471 250/636/83 582/637/477
f 476/638/84 581/626/469 596/639/478
f 575/631/472 574/627/470 589/635/476 590/640/479
f 568/632/473 567/629/471 582/637/477 583/641/480
f 576/633/474 575/631/472 590/640/479 591/642/481
f 569/617/460 568/632/473 583/641/480 584/643/482
f 577/619/462 576/633/474 591/642/481 592/644/483
f 570/618/461 569/617/460 584/643/482 585/645/484
f 578/620/463 577/619/462 592/644/483 593/646/485
f 571/621/464 570/618/461 585/645/484 586/647/486
f 579/622/465 578/620/463 593/646/485 594/648/487
f 572/623/466 571/621/464 586/647/486 587/649/488
f 580/624/467 579/622/465 594/648/487 595/650/489
f 573/625/468 572/623/466 587/649/488 588/634/475
f 581/626/469 580/624/467 595/650/489 596/639/478
f 593/646/485 592/644/483 607/651/490 608/652/491
f 586/647/486 585/645/484 600/653/492 601/654/493
f 594/648/487 593/646/485 608/652/491 609/655/494
f 587/649/488 586/647/486 601/654/493 602/656/495
f 595/650/489 594/648/487 609/655/494 610/657/496
f 588/634/475 587/649/488 602/656/495 603/658/497
f 596/639/478 595/650/489 610/657/496 611/659/498
f 589/635/476 588/634/475 603/658/497 604/660/499
f 582/637/477 250/661/83 597/662/500
f 476/663/84 596/639/478 611/659/498
f 590/640/479 589/635/476 604/660/499 605/664/501
f 583/641/480 582/637/477 597/662/500 598/665/502
f 591/642/481 590/640/479 605/664/501 606/666/503
f 584/643/482 583/641/480 598/665/502 599/667/504
f 592/644/483 591/642/481 606/666/503 607/651/490
f 585/645/484 584/643/482 599/667/504 600/653/492
f 476/668/84 611/659/498 626/669/505
f 605/664/501 604/660/499 619/670/506 620/671/507
f 598/665/502 597/662/500 612/672/508 613/673/509
f 606/666/503 605/664/501 620/671/507 621/674/510
f 599/667/504 598/665/502 613/673/509 614/675/511
f 607/651/490 606/666/503 621/674/510 622/676/512
f 600/653/492 599/667/504 614/675/511 615/677/513
f 608/652/491 607/651/490 622/676/512 623/678/514
f 601/654/493 600/653/492 615/677/513 616/679/515
f 609/655/494 608/652/491 623/678/514 624/680/516
f 602/656/495 601/654/493 616/679/515 617/681/517
f 610/657/496 609/655/494 624/680/516 625/682/518
f 603/658/497 602/656/495 617/681/517 618/683/519
f 611/659/498 610/657/496 625/682/518 626/669/505
f 604/660/499 603/658/497 618/683/519 619/670/506
f 597/662/500 250/684/83 612/672/508
f 624/680/516 623/678/514 638/685/520 639/686/521
f 617/681/517 616/679/515 631/687/522 632/688/523
f 625/682/518 624/680/516 639/686/521 640/689/524
f 618/683/519 617/681/517 632/688/523 633/690/525
f 626/669/505 625/682/518 640/689/524 641/691/526
f 619/670/506 618/683/519 633/690/525 634/692/527
f 612/672/508 250/693/83 627/694/528
f 476/695/84 626/669/505 641/691/526
f 620/671/507 619/670/506 634/692/527 635/696/529
f 613/673/509 612/672/508 627/694/528 628/697/530
f 621/674/510 620/671/507 635/696/529 636/698/531
f 614/675/511 613/673/509 628/697/530 629/699/532
f 622/676/512 621/674/510 636/698/531 637/700/533
f 615/677/513 614/675/511 629/699/532 630/701/534
f 623/678/514 622/676/512 637/700/533 638/685/520
f 616/679/515 615/677/513 630/701/534 631/687/522
f 628/697/530 627/694/528 642/150/58 643/149/57
f 636/698/531 635/696/529 173/145/53 646/153/61
f 629/699/532 628/697/530 643/149/57 169/155/63
f 637/700/533 636/698/531 646/153/61 174/157/65
f 630/701/534 629/699/532 169/155/63 644/159/67
f 638/685/520 637/700/533 174/157/65 647/161/69
f 631/687/522 630/701/534 644/159/67 170/163/71
f 639/686/521 638/685/520 647/161/69 648/165/73
f 632/688/523 631/687/522 170/163/71 645/167/75
f 640/689/524 639/686/521 648/165/73 649/169/77
f 633/690/525 632/688/523 645/167/75 171/171/79
f 641/691/526 640/689/524 649/169/77 650/173/81
f 634/692/527 633/690/525 171/171/79 172/146/54
f 627/694/528 250/702/83 642/150/58
f 476/703/84 641/691/526 650/173/81
f 635/696/529 634/692/527 172/146/54 173/145/53
o kula_gluggar_adal_hlid
v 0.116057 5.150284 2.084280
v 0.115562 5.657116 2.396890
v 0.367522 5.161342 2.066751
v 0.367026 5.668174 2.379360
v -0.346242 3.523606 1.527154
v -0.344518 4.118721 1.548098
v -0.094776 3.523606 1.506450
v -0.093052 4.118721 1.527394
v 0.107129 3.523609 1.587642
v 0.108853 4.118724 1.608586
v 0.358595 3.523609 1.566938
v 0.360319 4.118724 1.587882
v 0.110035 4.353204 1.735183
v 0.111760 4.932865 1.871539
v 0.361501 4.357233 1.714874
v 0.363226 4.936894 1.851230
v -0.314087 4.347479 1.692736
v -0.312363 4.927141 1.829092
v -0.062621 4.351508 1.672428
v -0.060897 4.931170 1.808784
v -0.308173 5.143183 2.056988
v -0.308669 5.650015 2.369597
v -0.056709 5.154241 2.039458
v -0.057204 5.661073 2.352068
vn -0.0821 0.5231 -0.8483
vn -0.0820 0.0353 -0.9960
vn -0.0820 0.2284 -0.9701
vt 0.000000 0.000000
vt 1.000000 0.000000
vt 1.000000 1.000000
vt 0.000000 1.000000
s 0
usemtl Material.045
f 651/704/535 652/705/535 654/706/535 653/707/535
usemtl Material.050
f 655/704/536 656/705/536 658/706/536 657/707/536
usemtl Material.049
f 659/704/536 660/705/536 662/706/536 661/707/536
usemtl Material.047
f 663/704/537 664/705/537 666/706/537 665/707/537
usemtl Material.048
f 667/704/537 668/705/537 670/706/537 669/707/537
usemtl Material.046
f 671/704/535 672/705/535 674/706/535 673/707/535
o kula_v_hlid_gluggar
v 3.775041 3.696341 5.062529
v 3.667245 4.281954 5.068997
v 3.851843 3.707827 5.302598
v 3.744047 4.293439 5.309066
v 3.819331 3.702967 5.517721
v 3.711535 4.288579 5.524189
v 3.896132 3.714453 5.757790
v 3.788337 4.300065 5.764258
v 3.557318 4.508926 5.568292
v 3.324174 5.056837 5.574760
v 3.629755 4.536915 5.808362
v 3.396611 5.084826 5.814829
v 3.500820 4.518809 5.144169
v 3.267676 5.066720 5.150637
v 3.573257 4.546798 5.384239
v 3.340113 5.094708 5.390707
v 3.108955 5.276911 5.617419
v 2.750045 5.752038 5.623887
v 3.172456 5.321611 5.857489
v 2.813545 5.796738 5.863956
v 3.051746 5.272815 5.193296
v 2.692835 5.747941 5.199764
v 3.115246 5.317515 5.433365
v 2.756336 5.792642 5.439833
vn 0.9352 0.1755 -0.3076
vn 0.8742 0.3756 -0.3076
vn 0.7572 0.5762 -0.3076
vt 0.000000 0.000000
vt 1.000000 0.000000
vt 1.000000 1.000000
vt 0.000000 1.000000
s 0
usemtl Material.040
f 675/708/538 676/709/538 678/710/538 677/711/538
usemtl Material.039
f 679/708/538 680/709/538 682/710/538 681/711/538
usemtl Material.041
f 683/708/539 684/709/539 686/710/539 685/711/539
usemtl Material.042
f 687/708/539 688/709/539 690/710/539 689/711/539
usemtl Material.043
f 691/708/540 692/709/540 694/710/540 693/711/540
usemtl Material.044
f 695/708/540 696/709/540 698/710/540 697/711/540
o kula_h_hlid_gluggar
v -3.265788 5.302116 5.517615
v -2.946470 5.804748 5.518356
v -3.258112 5.297612 5.265455
v -2.938793 5.800243 5.266197
v -3.832244 3.758083 5.505831
v -3.774305 4.350744 5.506572
v -3.823361 3.757530 5.253671
v -3.765422 4.350191 5.254412
v -3.777591 3.751053 5.062669
v -3.719651 4.343714 5.063410
v -3.768707 3.750500 4.810509
v -3.710768 4.343161 4.811250
v -3.687263 4.542284 5.084245
v -3.394814 5.061011 5.084986
v -3.679360 4.538189 4.832085
v -3.386911 5.056916 4.832827
v -3.709436 4.569817 5.499689
v -3.416987 5.088543 5.500431
v -3.701533 4.565722 5.247529
v -3.409084 5.084448 5.248271
v -3.253549 5.265118 5.102170
v -2.934230 5.767750 5.102911
v -3.245872 5.260613 4.850010
v -2.926554 5.763245 4.850751
vn -0.8435 0.5359 -0.0353
vn -0.9946 0.0973 -0.0353
vn -0.8705 0.4908 -0.0353
vt 0.000000 0.000000
vt 1.000000 0.000000
vt 1.000000 1.000000
vt 0.000000 1.000000
s 0
usemtl Material
f 699/712/541 700/713/541 702/714/541 701/715/541
usemtl Material.032
f 703/712/542 704/713/542 706/714/542 705/715/542
usemtl Material.031
f 707/712/542 708/713/542 710/714/542 709/715/542
usemtl Material.029
f 711/712/543 712/713/543 714/714/543 713/715/543
usemtl Material.028
f 715/712/543 716/713/543 718/714/543 717/715/543
usemtl Material.030
f 719/712/541 720/713/541 722/714/541 721/715/541
o kula_gluggar_aftari_hlid
v 0.627165 3.487611 9.183571
v 0.642031 4.073712 9.079322
v 0.375157 3.491920 9.171861
v 0.390023 4.078021 9.067612
v 0.191361 3.505630 9.184741
v 0.192875 4.090629 9.073484
v -0.060745 3.504340 9.174524
v -0.059231 4.089338 9.063268
v 0.215000 4.261899 8.981603
v 0.216514 4.841390 8.844520
v -0.037107 4.260157 8.971453
v -0.035593 4.839648 8.834370
v 0.629925 4.263091 8.954843
v 0.631439 4.842582 8.817760
v 0.377818 4.261349 8.944694
v 0.379333 4.840840 8.807611
v 0.234842 4.998424 8.727932
v 0.236356 5.516462 8.434268
v -0.017264 4.993913 8.718674
v -0.015750 5.511950 8.425011
v 0.649768 5.024717 8.712857
v 0.651282 5.542755 8.419193
v 0.397661 5.020206 8.703599
v 0.399176 5.538244 8.409936
vn -0.0427 0.1760 0.9835
vn -0.0407 0.1868 0.9816
vn -0.0407 0.2301 0.9723
vn -0.0407 0.4928 0.8692
vt 0.000000 0.000000
vt 1.000000 0.000000
vt 1.000000 1.000000
vt 0.000000 1.000000
s 0
usemtl Material.037
f 723/716/544 724/717/544 726/718/544 725/719/544
usemtl Material.038
f 727/716/545 728/717/545 730/718/545 729/719/545
usemtl Material.035
f 731/716/546 732/717/546 734/718/546 733/719/546
usemtl Material.036
f 735/716/546 736/717/546 738/718/546 737/719/546
usemtl Material.034
f 739/716/547 740/717/547 742/718/547 741/719/547
usemtl Material.033
f 743/716/547 744/717/547 746/718/547 745/719/547
o hurd_v_megin
v 3.973296 0.567052 10.507884
v 3.973296 2.376913 10.507884
v 3.973296 0.567052 9.644748
v 3.973296 2.376913 9.644748
v 4.114088 0.567052 10.507884
v 4.114088 2.376913 10.507884
v 4.114088 0.567052 9.644748
v 4.114088 2.376913 9.644748
vn -1.0000 -0.0000 -0.0000
vn -0.0000 -0.0000 -1.0000
vn 1.0000 -0.0000 -0.0000
vn -0.0000 -0.0000 1.0000
vn -0.0000 -1.0000 -0.0000
vn -0.0000 1.0000 -0.0000
vt 0.375000 0.000000
vt 0.625000 0.000000
vt 0.625000 0.250000
vt 0.375000 0.250000
vt 0.625000 0.500000
vt 0.375000 0.500000
vt 0.625000 0.750000
vt 0.375000 0.750000
vt 0.625000 1.000000
vt 0.375000 1.000000
vt 0.125000 0.500000
vt 0.125000 0.750000
vt 0.875000 0.500000
vt 0.875000 0.750000
s 0
usemtl Material.061
f 747/720/548 748/721/548 750/722/548 749/723/548
f 749/723/549 750/722/549 754/724/549 753/725/549
f 753/725/550 754/724/550 752/726/550 751/727/550
f 751/727/551 752/726/551 748/728/551 747/729/551
f 749/730/552 753/725/552 751/727/552 747/731/552
f 754/724/553 750/732/553 748/733/553 752/726/553
o Cube.009
v 4.093640 -0.016861 9.574154
v 4.093640 0.650053 9.574154
v 4.093640 -0.016861 9.467422
v 4.093640 0.650053 9.467422
v 5.366991 -0.016861 9.574154
v 5.366991 0.650053 9.574154
v 5.366991 -0.016861 9.467422
v 5.366991 0.650053 9.467422
vn -1.0000 -0.0000 -0.0000
vn -0.0000 -0.0000 -1.0000
vn 1.0000 -0.0000 -0.0000
vn -0.0000 -0.0000 1.0000
vn -0.0000 -1.0000 -0.0000
vn -0.0000 1.0000 -0.0000
vt 0.375000 0.000000
vt 0.625000 0.000000
vt 0.625000 0.250000
vt 0.375000 0.250000
vt 0.625000 0.500000
vt 0.375000 0.500000
vt 0.625000 0.750000
vt 0.375000 0.750000
vt 0.625000 1.000000
vt 0.375000 1.000000
vt 0.125000 0.500000
vt 0.125000 0.750000
vt 0.875000 0.500000
vt 0.875000 0.750000
s 0
usemtl Material.014
f 755/734/554 756/735/554 758/736/554 757/737/554
f 757/737/555 758/736/555 762/738/555 761/739/555
f 761/739/556 762/738/556 760/740/556 759/741/556
f 759/741/557 760/740/557 756/742/557 755/743/557
f 757/744/558 761/739/558 759/741/558 755/745/558
f 762/738/559 758/746/559 756/747/559 760/740/559
o hlid_v_minus_90_adal
v 3.740030 1.134178 4.151040
v 3.740030 1.865822 4.151040
v 3.740030 1.134178 3.751040
v 3.740030 1.865822 3.751040
v 4.140030 1.134178 4.151040
v 4.140030 1.865822 4.151040
v 4.140030 1.134178 3.751040
v 4.140030 1.865822 3.751040
v 3.843889 1.134178 5.551626
v 3.843889 1.865822 5.551626
v 3.843889 1.134178 5.151627
v 3.843889 1.865822 5.151627
v 4.136171 1.134178 5.551626
v 4.136171 1.865822 5.551626
v 4.136171 1.134178 5.151627
v 4.136171 1.865822 5.151627
v 3.728928 1.134178 4.867546
v 3.728928 1.865822 4.867546
v 3.728928 1.134178 4.467546
v 3.728928 1.865822 4.467546
v 4.128928 1.134178 4.867546
v 4.128928 1.865822 4.867546
v 4.128928 1.134178 4.467546
v 4.128928 1.865822 4.467546
v 4.008784 1.304708 6.914277
v 4.008784 1.889238 6.914277
v 4.008784 1.304708 6.514277
v 4.008784 1.889238 6.514277
v 4.128339 1.304708 6.914277
v 4.128339 1.889238 6.914277
v 4.128339 1.304708 6.514277
v 4.128339 1.889238 6.514277
v 3.992763 1.312491 7.539871
v 3.992763 1.897021 7.539871
v 3.992763 1.312491 7.139871
v 3.992763 1.897021 7.139871
v 4.120850 1.312491 7.539871
v 4.120850 1.897021 7.539871
v 4.120850 1.312491 7.139871
v 4.120850 1.897021 7.139871
vn -1.0000 -0.0000 -0.0000
vn -0.0000 -0.0000 -1.0000
vn 1.0000 -0.0000 -0.0000
vn -0.0000 -0.0000 1.0000
vn -0.0000 -1.0000 -0.0000
vn -0.0000 1.0000 -0.0000
vt 0.375000 0.000000
vt 0.625000 0.000000
vt 0.625000 0.250000
vt 0.375000 0.250000
vt 0.625000 0.500000
vt 0.375000 0.500000
vt 0.625000 0.750000
vt 0.375000 0.750000
vt 0.625000 1.000000
vt 0.375000 1.000000
vt 0.125000 0.500000
vt 0.125000 0.750000
vt 0.875000 0.500000
vt 0.875000 0.750000
s 0
usemtl Material.024
f 763/748/560 764/749/560 766/750/560 765/751/560
f 765/751/561 766/750/561 770/752/561 769/753/561
f 769/753/562 770/752/562 768/754/562 767/755/562
f 767/755/563 768/754/563 764/756/563 763/757/563
f 765/758/564 769/753/564 767/755/564 763/759/564
f 770/752/565 766/760/565 764/761/565 768/754/565
f 771/748/560 772/749/560 774/750/560 773/751/560
f 773/751/561 774/750/561 778/752/561 777/753/561
f 777/753/562 778/752/562 776/754/562 775/755/562
f 775/755/563 776/754/563 772/756/563 771/757/563
f 773/758/564 777/753/564 775/755/564 771/759/564
f 778/752/565 774/760/565 772/761/565 776/754/565
f 779/748/560 780/749/560 782/750/560 781/751/560
f 781/751/561 782/750/561 786/752/561 785/753/561
f 785/753/562 786/752/562 784/754/562 783/755/562
f 783/755/563 784/754/563 780/756/563 779/757/563
f 781/758/564 785/753/564 783/755/564 779/759/564
f 786/752/565 782/760/565 780/761/565 784/754/565
f 787/748/560 788/749/560 790/750/560 789/751/560
f 789/751/561 790/750/561 794/752/561 793/753/561
f 793/753/562 794/752/562 792/754/562 791/755/562
f 791/755/563 792/754/563 788/756/563 787/757/563
f 789/758/564 793/753/564 791/755/564 787/759/564
f 794/752/565 790/760/565 788/761/565 792/754/565
f 795/748/560 796/749/560 798/750/560 797/751/560
f 797/751/561 798/750/561 802/752/561 801/753/561
f 801/753/562 802/752/562 800/754/562 799/755/562
f 799/755/563 800/754/563 796/756/563 795/757/563
f 797/758/564 801/753/564 799/755/564 795/759/564
f 802/752/565 798/760/565 796/761/565 800/754/565
o Cube.013
v 15.337899 1.055855 15.966616
v 15.339278 1.496666 15.955479
v 14.967739 1.053184 15.815042
v 14.969117 1.493994 15.803906
v 15.383185 1.052921 15.856072
v 15.384563 1.493731 15.844936
v 15.013024 1.050250 15.704500
v 15.014403 1.491060 15.693363
vn -0.3790 0.0246 0.9251
vn -0.9254 -0.0067 -0.3789
vn 0.3790 -0.0246 -0.9251
vn 0.9254 0.0067 0.3789
vn -0.0031 -0.9997 0.0253
vn 0.0031 0.9997 -0.0253
vt 0.375000 0.000000
vt 0.625000 0.000000
vt 0.625000 0.250000
vt 0.375000 0.250000
vt 0.625000 0.500000
vt 0.375000 0.500000
vt 0.625000 0.750000
vt 0.375000 0.750000
vt 0.625000 1.000000
vt 0.375000 1.000000
vt 0.125000 0.500000
vt 0.125000 0.750000
vt 0.875000 0.500000
vt 0.875000 0.750000
s 0
usemtl Material.024
f 803/762/566 804/763/566 806/764/566 805/765/566
f 805/765/567 806/764/567 810/766/567 809/767/567
f 809/767/568 810/766/568 808/768/568 807/769/568
f 807/769/569 808/768/569 804/770/569 803/771/569
f 805/772/570 809/767/570 807/769/570 803/773/570
f 810/766/571 806/774/571 804/775/571 808/768/571
o hlid_h_gluggar
v -4.113368 1.825825 2.906887
v -4.113368 2.410355 2.906887
v -4.113368 1.825825 2.506887
v -4.113368 2.410355 2.506887
v -3.993813 1.825825 2.906887
v -3.993813 2.410355 2.906887
v -3.993813 1.825825 2.506887
v -3.993813 2.410355 2.506887
v -4.133590 1.764686 8.099951
v -4.133590 2.364686 8.099951
v -4.133590 1.764686 7.499951
v -4.133590 2.364686 7.499951
v -3.933589 1.764686 8.099951
v -3.933589 2.364686 8.099951
v -3.933589 1.764686 7.499951
v -3.933589 2.364686 7.499951
v -4.133590 1.771398 7.271305
v -4.133590 2.371398 7.271305
v -4.133590 1.771398 6.671305
v -4.133590 2.371398 6.671305
v -3.933589 1.771398 7.271305
v -3.933589 2.371398 7.271305
v -3.933589 1.771398 6.671305
v -3.933589 2.371398 6.671305
v -4.133590 1.777259 6.456892
v -4.133590 2.377259 6.456892
v -4.133590 1.777259 5.856893
v -4.133590 2.377259 5.856893
v -3.933589 1.777259 6.456892
v -3.933589 2.377259 6.456892
v -3.933589 1.777259 5.856893
v -3.933589 2.377259 5.856893
v -4.117634 1.833608 3.532481
v -4.117634 2.418138 3.532481
v -4.117634 1.833608 3.132481
v -4.117634 2.418138 3.132481
v -3.989547 1.833608 3.532481
v -3.989547 2.418138 3.532481
v -3.989547 1.833608 3.132481
v -3.989547 2.418138 3.132481
vn -1.0000 -0.0000 -0.0000
vn -0.0000 -0.0000 -1.0000
vn 1.0000 -0.0000 -0.0000
vn -0.0000 -0.0000 1.0000
vn -0.0000 -1.0000 -0.0000
vn -0.0000 1.0000 -0.0000
vt 0.375000 0.000000
vt 0.625000 0.000000
vt 0.625000 0.250000
vt 0.375000 0.250000
vt 0.625000 0.500000
vt 0.375000 0.500000
vt 0.625000 0.750000
vt 0.375000 0.750000
vt 0.625000 1.000000
vt 0.375000 1.000000
vt 0.125000 0.500000
vt 0.125000 0.750000
vt 0.875000 0.500000
vt 0.875000 0.750000
s 0
usemtl Material.024
f 811/776/572 812/777/572 814/778/572 813/779/572
f 813/779/573 814/778/573 818/780/573 817/781/573
f 817/781/574 818/780/574 816/782/574 815/783/574
f 815/783/575 816/782/575 812/784/575 811/785/575
f 813/786/576 817/781/576 815/783/576 811/787/576
f 818/780/577 814/788/577 812/789/577 816/782/577
f 843/776/572 844/777/572 846/778/572 845/779/572
f 845/779/573 846/778/573 850/780/573 849/781/573
f 849/781/574 850/780/574 848/782/574 847/783/574
f 847/783/575 848/782/575 844/784/575 843/785/575
f 845/786/576 849/781/576 847/783/576 843/787/576
f 850/780/577 846/788/577 844/789/577 848/782/577
usemtl Material.018
f 819/776/572 820/777/572 822/778/572 821/779/572
f 821/779/573 822/778/573 826/780/573 825/781/573
f 825/781/574 826/780/574 824/782/574 823/783/574
f 823/783/575 824/782/575 820/784/575 819/785/575
f 821/786/576 825/781/576 823/783/576 819/787/576
f 826/780/577 822/788/577 820/789/577 824/782/577
usemtl Material.019
f 827/776/572 828/777/572 830/778/572 829/779/572
f 829/779/573 830/778/573 834/780/573 833/781/573
f 833/781/574 834/780/574 832/782/574 831/783/574
f 831/783/575 832/782/575 828/784/575 827/785/575
f 829/786/576 833/781/576 831/783/576 827/787/576
f 834/780/577 830/788/577 828/789/577 832/782/577
usemtl Material.017
f 835/776/572 836/777/572 838/778/572 837/779/572
f 837/779/573 838/778/573 842/780/573 841/781/573
f 841/781/574 842/780/574 840/782/574 839/783/574
f 839/783/575 840/782/575 836/784/575 835/785/575
f 837/786/576 841/781/576 839/783/576 835/787/576
f 842/780/577 838/788/577 836/789/577 840/782/577
o Plane.032
v -4.752517 0.000000 4.462770
v -4.089740 0.000000 4.462770
v -4.752517 0.000000 2.666030
v -4.089740 0.000000 2.666030
vn -0.0000 1.0000 -0.0000
vt 0.000000 0.000000
vt 1.000000 0.000000
vt 1.000000 1.000000
vt 0.000000 1.000000
s 0
usemtl Material.054
f 851/790/578 852/791/578 854/792/578 853/793/578
o hurdar_komar_her
v -4.017393 -0.010061 10.669404
v -4.017393 2.711388 10.669404
v -4.017393 -0.010061 9.531671
v -4.017393 2.711388 9.531671
v 4.050541 -0.010061 10.669404
v 4.050541 2.711388 10.669404
v 4.050541 -0.010061 9.531671
v 4.050541 2.711388 9.531671
vn -1.0000 -0.0000 -0.0000
vn -0.0000 -0.0000 -1.0000
vn 1.0000 -0.0000 -0.0000
vn -0.0000 -0.0000 1.0000
vn -0.0000 -1.0000 -0.0000
vn -0.0000 1.0000 -0.0000
vt 0.375000 0.000000
vt 0.625000 0.000000
vt 0.625000 0.250000
vt 0.375000 0.250000
vt 0.625000 0.500000
vt 0.375000 0.500000
vt 0.625000 0.750000
vt 0.375000 0.750000
vt 0.625000 1.000000
vt 0.375000 1.000000
vt 0.125000 0.500000
vt 0.125000 0.750000
vt 0.875000 0.500000
vt 0.875000 0.750000
s 0
usemtl Material.060
f 855/794/579 856/795/579 858/796/579 857/797/579
f 857/797/580 858/796/580 862/798/580 861/799/580
f 861/799/581 862/798/581 860/800/581 859/801/581
f 859/801/582 860/800/582 856/802/582 855/803/582
f 857/804/583 861/799/583 859/801/583 855/805/583
f 862/798/584 858/806/584 856/807/584 860/800/584
o stigi_v_megin
v 4.902430 -0.007794 11.508479
v 4.902430 0.153835 11.508479
v 4.902430 -0.007794 9.528769
v 4.902430 0.153835 9.528769
v 5.075305 -0.007794 11.508479
v 5.075305 0.153835 11.508479
v 5.075305 -0.007794 9.528769
v 5.075305 0.153835 9.528769
v 4.067897 -0.014390 11.435333
v 4.067897 0.514390 11.435333
v 4.067897 -0.014390 9.547322
v 4.067897 0.514390 9.547322
v 4.718475 -0.014390 11.435333
v 4.718475 0.514390 11.435333
v 4.718475 -0.014390 9.547322
v 4.718475 0.514390 9.547322
v 4.709007 0.032031 11.207275
v 4.709007 0.312032 11.207275
v 4.709007 0.032031 9.537892
v 4.709007 0.312032 9.537892
v 4.881881 0.032031 11.207275
v 4.881881 0.312032 11.207275
v 4.881881 0.032031 9.537892
v 4.881881 0.312032 9.537892
v -5.189008 -0.001864 9.557472
v -5.189008 0.159764 9.557472
v -5.008628 -0.001864 12.177578
v -5.008628 0.159764 12.177578
v -5.362229 -0.001864 9.569398
v -5.362229 0.159764 9.569398
v -5.181849 -0.001864 12.189503
v -5.181849 0.159764 12.189503
v -4.300679 -0.001687 9.460071
v -4.300679 0.527093 9.460071
v -4.143656 -0.001687 11.740909
v -4.143656 0.527093 11.740909
v -4.951929 -0.001687 9.504906
v -4.951929 0.527093 9.504906
v -4.794906 -0.001687 11.785744
v -4.794906 0.527093 11.785744
v -4.979023 0.038741 9.515326
v -4.979023 0.324985 9.515326
v -4.817260 0.038741 11.865001
v -4.817260 0.324985 11.865001
v -5.156126 0.038741 9.527519
v -5.156126 0.324985 9.527519
v -4.994365 0.038741 11.877193
v -4.994365 0.324985 11.877193
vn -1.0000 -0.0000 -0.0000
vn -0.0000 -0.0000 -1.0000
vn 1.0000 -0.0000 -0.0000
vn -0.0000 -0.0000 1.0000
vn -0.0000 -1.0000 -0.0000
vn -0.0000 1.0000 -0.0000
vn 0.9976 -0.0000 -0.0687
vn 0.0687 -0.0000 0.9976
vn -0.9976 -0.0000 0.0687
vn -0.0687 -0.0000 -0.9976
vt 0.375000 0.000000
vt 0.625000 0.000000
vt 0.625000 0.250000
vt 0.375000 0.250000
vt 0.625000 0.500000
vt 0.375000 0.500000
vt 0.625000 0.750000
vt 0.375000 0.750000
vt 0.625000 1.000000
vt 0.375000 1.000000
vt 0.125000 0.500000
vt 0.125000 0.750000
vt 0.875000 0.500000
vt 0.875000 0.750000
s 0
usemtl Material.062
f 863/808/585 864/809/585 866/810/585 865/811/585
f 865/811/586 866/810/586 870/812/586 869/813/586
f 869/813/587 870/812/587 868/814/587 867/815/587
f 867/815/588 868/814/588 864/816/588 863/817/588
f 865/818/589 869/813/589 867/815/589 863/819/589
f 870/812/590 866/820/590 864/821/590 868/814/590
f 871/808/585 872/809/585 874/810/585 873/811/585
f 873/811/586 874/810/586 878/812/586 877/813/586
f 877/813/587 878/812/587 876/814/587 875/815/587
f 875/815/588 876/814/588 872/816/588 871/817/588
f 873/818/589 877/813/589 875/815/589 871/819/589
f 878/812/590 874/820/590 872/821/590 876/814/590
f 879/808/585 880/809/585 882/810/585 881/811/585
f 881/811/586 882/810/586 886/812/586 885/813/586
f 885/813/587 886/812/587 884/814/587 883/815/587
f 883/815/588 884/814/588 880/816/588 879/817/588
f 881/818/589 885/813/589 883/815/589 879/819/589
f 886/812/590 882/820/590 880/821/590 884/814/590
usemtl Material.058
f 887/808/591 888/809/591 890/810/591 889/811/591
f 889/811/592 890/810/592 894/812/592 893/813/592
f 893/813/593 894/812/593 892/814/593 891/815/593
f 891/815/594 892/814/594 888/816/594 887/817/594
f 889/818/589 893/813/589 891/815/589 887/819/589
f 894/812/590 890/820/590 888/821/590 892/814/590
f 895/808/591 896/809/591 898/810/591 897/811/591
f 897/811/592 898/810/592 902/812/592 901/813/592
f 901/813/593 902/812/593 900/814/593 899/815/593
f 899/815/594 900/814/594 896/816/594 895/817/594
f 897/818/589 901/813/589 899/815/589 895/819/589
f 902/812/590 898/820/590 896/821/590 900/814/590
f 903/808/591 904/809/591 906/810/591 905/811/591
f 905/811/592 906/810/592 910/812/592 909/813/592
f 909/813/593 910/812/593 908/814/593 907/815/593
f 907/815/594 908/814/594 904/816/594 903/817/594
f 905/818/589 909/813/589 907/815/589 903/819/589
f 910/812/590 906/820/590 904/821/590 908/814/590
o hurdÖh_megin.023
v -4.116315 0.655211 9.669309
v -4.116315 2.388705 9.669309
v -4.057033 0.655211 10.530406
v -4.057033 2.388705 10.530406
v -4.256774 0.655211 9.678979
v -4.256774 2.388705 9.678979
v -4.197493 0.655211 10.540076
v -4.197493 2.388705 10.540076
vn 0.9976 -0.0000 -0.0687
vn 0.0687 -0.0000 0.9976
vn -0.9976 -0.0000 0.0687
vn -0.0687 -0.0000 -0.9976
vn -0.0000 -1.0000 -0.0000
vn -0.0000 1.0000 -0.0000
vt 0.375000 0.000000
vt 0.625000 0.000000
vt 0.625000 0.250000
vt 0.375000 0.250000
vt 0.625000 0.500000
vt 0.375000 0.500000
vt 0.625000 0.750000
vt 0.375000 0.750000
vt 0.625000 1.000000
vt 0.375000 1.000000
vt 0.125000 0.500000
vt 0.125000 0.750000
vt 0.875000 0.500000
vt 0.875000 0.750000
s 0
usemtl Material.059
f 911/822/595 912/823/595 914/824/595 913/825/595
f 913/825/596 914/824/596 918/826/596 917/827/596
f 917/827/597 918/826/597 916/828/597 915/829/597
f 915/829/598 916/828/598 912/830/598 911/831/598
f 913/832/599 917/827/599 915/829/599 911/833/599
f 918/826/600 914/834/600 912/835/600 916/828/600
o Cube.024
v -4.016661 -0.007364 9.392373
v -4.016661 0.659550 9.392373
v -4.009326 -0.007364 9.498907
v -4.009326 0.659550 9.498907
v -5.418638 -0.007364 9.488892
v -5.418638 0.659550 9.488892
v -5.411304 -0.007364 9.595426
v -5.411304 0.659550 9.595426
vn 0.9976 -0.0000 -0.0687
vn 0.0687 -0.0000 0.9976
vn -0.9976 -0.0000 0.0687
vn -0.0687 -0.0000 -0.9976
vn -0.0000 -1.0000 -0.0000
vn -0.0000 1.0000 -0.0000
vt 0.375000 0.000000
vt 0.625000 0.000000
vt 0.625000 0.250000
vt 0.375000 0.250000
vt 0.625000 0.500000
vt 0.375000 0.500000
vt 0.625000 0.750000
vt 0.375000 0.750000
vt 0.625000 1.000000
vt 0.375000 1.000000
vt 0.125000 0.500000
vt 0.125000 0.750000
vt 0.875000 0.500000
vt 0.875000 0.750000
s 0
usemtl Material.057
f 919/836/601 920/837/601 922/838/601 921/839/601
f 921/839/602 922/838/602 926/840/602 925/841/602
f 925/841/603 926/840/603 924/842/603 923/843/603
f 923/843/604 924/842/604 920/844/604 919/845/604
f 921/846/605 925/841/605 923/843/605 919/847/605
f 926/840/606 922/848/606 920/849/606 924/842/606
o Cube.028
v -7.665138 0.642074 12.855407
v -7.665138 1.042074 12.855407
v -7.719456 0.642074 12.662924
v -7.719456 1.042074 12.662924
v -7.280173 0.642074 12.746771
v -7.280173 1.042074 12.746771
v -7.334491 0.642074 12.554288
v -7.334491 1.042074 12.554288
vn -0.9624 -0.0000 0.2716
vn -0.2716 -0.0000 -0.9624
vn 0.9624 -0.0000 -0.2716
vn 0.2716 -0.0000 0.9624
vn -0.0000 -1.0000 -0.0000
vn -0.0000 1.0000 -0.0000
vt 0.375000 0.000000
vt 0.625000 0.000000
vt 0.625000 0.250000
vt 0.375000 0.250000
vt 0.625000 0.500000
vt 0.375000 0.500000
vt 0.625000 0.750000
vt 0.375000 0.750000
vt 0.625000 1.000000
vt 0.375000 1.000000
vt 0.125000 0.500000
vt 0.125000 0.750000
vt 0.875000 0.500000
vt 0.875000 0.750000
s 0
f 927/850/607 928/851/607 930/852/607 929/853/607
f 929/853/608 930/852/608 934/854/608 933/855/608
f 933/855/609 934/854/609 932/856/609 931/857/609
f 931/857/610 932/856/610 928/858/610 927/859/610
f 929/860/611 933/855/611 931/857/611 927/861/611
f 934/854/612 930/862/612 928/863/612 932/856/612
o thak
v -7.649642 4.052438 12.762765
v -4.125418 2.886469 11.272675
v -8.186602 2.139291 12.989799
v -4.662378 0.973323 11.499708
v -6.870772 4.052438 14.604874
v -3.346549 2.886469 13.114782
v -7.407732 2.139291 14.831907
v -3.883509 0.973323 13.341817
v -17.401051 2.549765 16.793297
v -9.309703 5.940474 13.417922
v -15.736509 -2.113618 16.098919
v -7.645162 1.277091 12.723544
v -16.631046 2.549765 18.639128
v -8.539699 5.940474 15.263753
v -14.966505 -2.113617 17.944752
v -6.875157 1.277091 14.569376
v 7.410587 4.003609 14.603638
v 3.796176 2.856801 13.330504
v 7.823267 2.139290 14.924553
v 4.307439 0.973322 13.414763
v 8.052332 4.082105 12.711020
v 4.437922 2.935297 11.437888
v 8.612432 2.139291 13.086832
v 5.096605 0.973322 11.577043
v 16.949053 2.549765 18.936127
v 8.753939 5.957219 15.438068
v 15.295269 -2.113618 18.216509
v 7.134187 1.290662 14.718452
v 17.747046 2.549765 17.102219
v 9.707973 5.940474 13.604162
v 16.093258 -2.113618 16.382603
v 8.054186 1.277090 12.884547
v 0.132476 4.052437 18.005955
v -0.235560 2.886469 14.197403
v 0.188551 2.139291 18.586235
v -0.179485 0.973322 14.777684
v 2.123203 4.052437 17.813583
v 1.755167 2.886469 14.005031
v 2.179278 2.139291 18.393864
v 1.811242 0.973322 14.585312
v 1.062553 2.549765 28.516434
v 0.261236 5.940474 19.785971
v 0.897707 -2.113618 26.720413
v 0.096390 1.277090 17.989952
v 3.054183 2.549765 28.333633
v 2.252864 5.940474 19.603170
v 2.889336 -2.113618 26.537613
v 2.088018 1.277090 17.807152
v -2.938470 4.052437 17.375074
v -1.760484 2.886469 13.734625
v -3.117950 2.139291 17.929743
v -1.939965 0.973323 14.289293
v -1.035610 4.052437 17.990807
v 0.142375 2.886469 14.350356
v -1.215090 2.139291 18.545475
v -0.037106 0.973322 14.905025
v -6.267883 2.549765 27.387575
v -3.528707 5.940474 19.059311
v -5.704384 -2.113617 25.674297
v -2.965206 1.277090 17.346031
v -4.368006 2.549766 28.012447
v -1.628829 5.940474 19.684183
v -3.804507 -2.113617 26.299170
v -1.065329 1.277090 17.970903
v 3.343763 4.052437 17.532566
v 1.612669 2.886469 14.120260
v 3.607517 2.139291 18.052475
v 1.876423 0.973322 14.640169
v 5.127372 4.052437 16.627724
v 3.414045 2.862543 13.335300
v 5.391126 2.139291 17.147633
v 3.660032 0.973322 13.735328
v 8.041367 2.549766 26.980722
v 4.112556 5.940474 19.143154
v 7.233137 -2.113618 25.368393
v 3.304327 1.277090 17.530819
v 9.829306 2.549765 26.084469
v 6.006509 5.940474 18.246899
v 9.021076 -2.113618 24.472134
v 5.144451 1.277090 16.634563
v 6.227947 4.052437 15.994934
v 3.215110 2.880447 13.683601
v 6.688457 2.139291 16.352428
v 3.665998 0.973322 14.006098
v 7.531788 4.022608 14.338017
v 4.417270 2.895372 12.086594
v 7.914881 2.139291 14.772593
v 4.892423 0.973323 12.426262
v 14.346825 2.567357 22.532364
v 7.543883 5.958064 17.123003
v 13.090954 -2.113618 21.419556
v 6.109476 1.294682 16.010195
v 15.580830 2.567357 20.958441
v 8.681416 5.958066 15.549080
v 14.324959 -2.113618 19.845634
v 7.262078 1.294682 14.436274
v -4.402554 4.052437 16.658251
v -2.518804 2.886469 13.327784
v -4.689567 2.139291 17.165689
v -2.805817 0.973322 13.835222
v -2.661722 4.052437 17.642883
v -0.777972 2.886469 14.312418
v -2.948735 2.139291 18.150322
v -1.064986 0.973323 14.819857
v -9.671250 2.549766 25.800243
v -5.318391 5.940473 18.190006
v -8.775785 -2.113617 24.234676
v -4.422927 1.277090 16.624437
v -7.935170 2.549765 26.793236
v -3.582314 5.940474 19.182999
v -7.039707 -2.113618 25.227667
v -2.686849 1.277090 17.617430
v -5.806187 4.052438 15.592148
v -3.283796 2.886469 12.714985
v -6.190504 2.139291 16.030519
v -3.668114 0.973322 13.153357
v -4.302296 4.052438 16.910599
v -1.779906 2.886469 14.033436
v -4.686614 2.139291 17.348972
v -2.164224 0.973322 14.471808
v -12.825876 2.549766 23.469913
v -7.014713 5.940474 16.905350
v -11.630409 -2.113618 22.119459
v -5.819249 1.277090 15.554895
v -11.328341 2.549765 24.795578
v -5.517179 5.940474 18.231014
v -10.132876 -2.113618 23.445126
v -4.321714 1.277090 16.880562
v -1.380369 4.052437 17.770554
v -0.903767 2.886469 13.974060
v -1.452986 2.139291 18.348999
v -0.976384 0.973322 14.552504
v 0.604055 4.052437 18.019674
v 1.080657 2.886469 14.223179
v 0.531438 2.139291 18.598118
v 1.008041 0.973322 14.801623
v -2.779159 2.549765 28.228973
v -1.645318 5.940474 19.535444
v -2.545906 -2.113619 26.440556
v -1.412065 1.277090 17.747023
v -0.795956 2.549765 28.487631
v 0.337886 5.940474 19.794102
v -0.562703 -2.113617 26.699211
v 0.571139 1.277090 18.005678
v 4.710717 4.052437 16.934277
v 2.281449 2.886468 13.978067
v 5.080846 2.139291 17.384693
v 2.651578 0.973322 14.428482
v 6.255926 4.052437 15.664501
v 3.819827 2.875760 12.783421
v 6.625654 2.139291 16.114916
v 4.196787 0.973322 13.158707
v 11.454868 2.549765 25.140274
v 5.921332 5.940473 18.340048
v 10.205376 -2.113618 23.741341
v 4.782979 1.277090 16.941114
v 13.006165 2.549766 23.877941
v 7.335342 5.956003 17.077717
v 11.756670 -2.113618 22.479008
v 6.213096 1.289792 15.678782
v -6.930485 4.052439 14.312207
v -3.940605 2.886471 11.924501
v -7.386031 2.139292 14.676004
v -4.396151 0.973324 12.288299
v -5.682433 4.052439 15.875015
v -2.692553 2.886470 13.487309
v -6.137979 2.139292 16.238811
v -3.148099 0.973324 13.851107
v -15.228401 2.549766 20.829857
v -8.351488 5.940475 15.391921
v -13.813694 -2.113617 19.711174
v -6.936779 1.277092 14.273236
v -13.987877 2.549766 22.398647
v -7.110965 5.940475 16.960711
v -12.573168 -2.113617 21.279963
v -5.696255 1.277092 15.842026
v 1.610278 4.052437 18.026474
v 0.516910 2.886469 14.359722
v 1.776866 2.139291 18.585150
v 0.683498 0.973322 14.918398
v 3.526886 4.052437 17.454971
v 2.433518 2.886469 13.788219
v 3.693473 2.139291 18.013647
v 2.600106 0.973323 14.346895
v 4.543653 2.549765 28.162079
v 2.078846 5.940474 19.748531
v 4.036596 -2.113618 26.431257
v 1.571788 1.277090 18.017706
v 6.462986 2.549765 27.599796
v 3.998178 5.940474 19.186249
v 5.955928 -2.113618 25.868973
v 3.491121 1.277090 17.455423
vn -0.3894 -0.0000 -0.9211
vn -0.2685 -0.9566 0.1135
vn 0.3894 -0.0000 0.9211
vn 0.2685 0.9566 -0.1135
vn -0.8811 0.2915 0.3725
vn 0.8811 -0.2915 -0.3725
vn -0.3850 -0.0000 -0.9229
vn 0.3329 -0.9327 -0.1389
vn 0.3850 -0.0000 0.9229
vn -0.3329 0.9327 0.1389
vn -0.8608 -0.3607 0.3591
vn 0.8608 0.3607 -0.3591
vn -0.3664 0.0102 0.9304
vn 0.2678 -0.9566 0.1150
vn 0.3660 -0.0085 -0.9306
vn -0.2838 0.9572 -0.0565
vn 0.8911 0.2914 0.3479
vn -0.8911 -0.2913 -0.3479
vn -0.3944 -0.0034 0.9189
vn -0.3268 -0.9332 -0.1496
vn 0.3990 -0.0000 -0.9170
vn 0.3256 0.9333 0.1513
vn 0.8552 -0.3607 0.3721
vn -0.8305 0.3573 -0.4273
vn -0.9954 -0.0000 0.0962
vn 0.0280 -0.9566 0.2901
vn 0.9954 -0.0000 -0.0962
vn -0.0280 0.9566 -0.2901
vn 0.0920 0.2915 0.9521
vn -0.0920 -0.2915 -0.9521
vn -0.9958 -0.0000 0.0914
vn -0.0330 -0.9327 -0.3592
vn 0.9958 -0.0000 -0.0914
vn 0.0330 0.9327 0.3592
vn 0.0852 -0.3607 0.9288
vn -0.0852 0.3607 -0.9288
vn -0.9514 -0.0000 -0.3079
vn -0.0897 -0.9566 0.2773
vn 0.9514 -0.0000 0.3079
vn 0.0897 0.9566 -0.2773
vn -0.2945 0.2915 0.9101
vn 0.2945 -0.2915 -0.9101
vn -0.9499 -0.0000 -0.3124
vn 0.1127 -0.9327 -0.3427
vn 0.9499 -0.0000 0.3124
vn -0.1127 0.9327 0.3427
vn -0.2914 -0.3607 0.8860
vn 0.2914 0.3607 -0.8860
vn -0.8918 -0.0000 0.4524
vn 0.1319 -0.9566 0.2600
vn 0.8883 0.0080 -0.4592
vn -0.1221 0.9543 -0.2726
vn 0.4328 0.2915 0.8531
vn -0.4124 -0.2661 -0.8713
vn -0.8940 -0.0000 0.4481
vn -0.1600 -0.9325 -0.3238
vn 0.8963 -0.0072 -0.4434
vn 0.1583 0.9323 0.3251
vn 0.4180 -0.3607 0.8338
vn -0.4033 0.3627 -0.8401
vn -0.6099 -0.0044 0.7925
vn 0.2303 -0.9566 0.1787
vn 0.6054 -0.0253 -0.7955
vn -0.2263 0.9575 -0.1787
vn 0.7552 0.2904 0.5877
vn -0.7609 -0.2848 -0.5830
vn -0.6199 -0.0084 0.7846
vn -0.2860 -0.9334 -0.2168
vn 0.6159 0.0113 -0.7877
vn 0.2893 0.9321 0.2179
vn 0.7410 -0.3369 0.5809
vn -0.7539 0.3616 -0.5485
vn -0.8704 -0.0000 -0.4923
vn -0.1435 -0.9566 0.2537
vn 0.8704 -0.0000 0.4923
vn 0.1435 0.9566 -0.2537
vn -0.4709 0.2915 0.8326
vn 0.4709 -0.2915 -0.8326
vn -0.8680 -0.0000 -0.4965
vn 0.1791 -0.9327 -0.3131
vn 0.8680 -0.0000 0.4965
vn -0.1791 0.9327 0.3131
vn -0.4631 -0.3607 0.8096
vn 0.4631 0.3607 -0.8096
vn -0.7519 -0.0000 -0.6592
vn -0.1922 -0.9566 0.2192
vn 0.7519 -0.0000 0.6592
vn 0.1922 0.9566 -0.2192
vn -0.6306 0.2915 0.7193
vn 0.6306 -0.2915 -0.7193
vn -0.7488 -0.0000 -0.6628
vn 0.2391 -0.9327 -0.2701
vn 0.7488 -0.0000 0.6628
vn -0.2391 0.9327 0.2701
vn -0.6182 -0.3607 0.6984
vn 0.6182 0.3607 -0.6984
vn -0.9922 -0.0000 -0.1246
vn -0.0363 -0.9566 0.2892
vn 0.9922 -0.0000 0.1246
vn 0.0363 0.9566 -0.2892
vn -0.1192 0.2915 0.9491
vn 0.1192 -0.2915 -0.9491
vn -0.9916 -0.0000 -0.1293
vn 0.0467 -0.9327 -0.3577
vn 0.9916 -0.0000 0.1293
vn -0.0467 0.9327 0.3577
vn -0.1206 -0.3607 0.9248
vn 0.1206 0.3607 -0.9248
vn -0.7726 -0.0000 0.6349
vn 0.1851 -0.9566 0.2252
vn 0.7660 0.0108 -0.6427
vn -0.1820 0.9556 -0.2318
vn 0.6074 0.2914 0.7390
vn -0.6000 -0.2797 -0.7495
vn -0.7763 0.0097 0.6302
vn -0.2319 -0.9320 -0.2786
vn 0.7704 -0.0046 -0.6376
vn 0.2305 0.9330 0.2764
vn 0.5857 -0.3728 0.7197
vn -0.6215 0.3594 -0.6961
vn -0.6240 -0.0000 -0.7814
vn -0.2278 -0.9566 0.1819
vn 0.6240 -0.0000 0.7814
vn 0.2278 0.9566 -0.1819
vn -0.7475 0.2915 0.5969
vn 0.7475 -0.2915 -0.5969
vn -0.6203 -0.0000 -0.7844
vn 0.2829 -0.9327 -0.2237
vn 0.6203 -0.0000 0.7844
vn -0.2829 0.9327 0.2237
vn -0.7316 -0.3607 0.5785
vn 0.7316 0.3607 -0.5785
vn -0.9583 -0.0000 0.2858
vn 0.0833 -0.9566 0.2793
vn 0.9583 -0.0000 -0.2858
vn -0.0833 0.9566 -0.2793
vn 0.2733 0.2915 0.9167
vn -0.2733 -0.2915 -0.9167
vn -0.9597 -0.0000 0.2811
vn -0.1014 -0.9327 -0.3462
vn 0.9597 -0.0000 -0.2811
vn 0.1014 0.9327 0.3462
vn 0.2622 -0.3607 0.8951
vn -0.2622 0.3607 -0.8951
vt 0.375000 0.000000
vt 0.625000 0.000000
vt 0.625000 0.250000
vt 0.375000 0.250000
vt 0.625000 0.500000
vt 0.375000 0.500000
vt 0.625000 0.750000
vt 0.375000 0.750000
vt 0.625000 1.000000
vt 0.375000 1.000000
vt 0.125000 0.500000
vt 0.125000 0.750000
vt 0.875000 0.500000
vt 0.875000 0.750000
s 0
usemtl Material.055
f 935/864/613 936/865/613 938/866/613 937/867/613
f 937/867/614 938/866/614 942/868/614 941/869/614
f 941/869/615 942/868/615 940/870/615 939/871/615
f 939/871/616 940/870/616 936/872/616 935/873/616
f 937/874/617 941/869/617 939/871/617 935/875/617
f 942/868/618 938/876/618 936/877/618 940/870/618
f 943/864/619 944/865/619 946/866/619 945/867/619
f 945/867/620 946/866/620 950/868/620 949/869/620
f 949/869/621 950/868/621 948/870/621 947/871/621
f 947/871/622 948/870/622 944/872/622 943/873/622
f 945/874/623 949/869/623 947/871/623 943/875/623
f 950/868/624 946/876/624 944/877/624 948/870/624
f 951/864/625 952/865/625 954/866/625 953/867/625
f 953/867/626 954/866/626 958/868/626 957/869/626
f 957/869/627 958/868/627 956/870/627 955/871/627
f 955/871/628 956/870/628 952/872/628 951/873/628
f 953/874/629 957/869/629 955/871/629 951/875/629
f 958/868/630 954/876/630 952/877/630 956/870/630
f 959/864/631 960/865/631 962/866/631 961/867/631
f 961/867/632 962/866/632 966/868/632 965/869/632
f 965/869/633 966/868/633 964/870/633 963/871/633
f 963/871/634 964/870/634 960/872/634 959/873/634
f 961/874/635 965/869/635 963/871/635 959/875/635
f 966/868/636 962/876/636 960/877/636 964/870/636
f 967/864/637 968/865/637 970/866/637 969/867/637
f 969/867/638 970/866/638 974/868/638 973/869/638
f 973/869/639 974/868/639 972/870/639 971/871/639
f 971/871/640 972/870/640 968/872/640 967/873/640
f 969/874/641 973/869/641 971/871/641 967/875/641
f 974/868/642 970/876/642 968/877/642 972/870/642
f 975/864/643 976/865/643 978/866/643 977/867/643
f 977/867/644 978/866/644 982/868/644 981/869/644
f 981/869/645 982/868/645 980/870/645 979/871/645
f 979/871/646 980/870/646 976/872/646 975/873/646
f 977/874/647 981/869/647 979/871/647 975/875/647
f 982/868/648 978/876/648 976/877/648 980/870/648
f 983/864/649 984/865/649 986/866/649 985/867/649
f 985/867/650 986/866/650 990/868/650 989/869/650
f 989/869/651 990/868/651 988/870/651 987/871/651
f 987/871/652 988/870/652 984/872/652 983/873/652
f 985/874/653 989/869/653 987/871/653 983/875/653
f 990/868/654 986/876/654 984/877/654 988/870/654
f 991/864/655 992/865/655 994/866/655 993/867/655
f 993/867/656 994/866/656 998/868/656 997/869/656
f 997/869/657 998/868/657 996/870/657 995/871/657
f 995/871/658 996/870/658 992/872/658 991/873/658
f 993/874/659 997/869/659 995/871/659 991/875/659
f 998/868/660 994/876/660 992/877/660 996/870/660
f 999/864/661 1000/865/661 1002/866/661 1001/867/661
f 1001/867/662 1002/866/662 1006/868/662 1005/869/662
f 1005/869/663 1006/868/663 1004/870/663 1003/871/663
f 1003/871/664 1004/870/664 1000/872/664 999/873/664
f 1001/874/665 1005/869/665 1003/871/665 999/875/665
f 1006/868/666 1002/876/666 1000/877/666 1004/870/666
f 1007/864/667 1008/865/667 1010/866/667 1009/867/667
f 1009/867/668 1010/866/668 1014/868/668 1013/869/668
f 1013/869/669 1014/868/669 1012/870/669 1011/871/669
f 1011/871/670 1012/870/670 1008/872/670 1007/873/670
f 1009/874/671 1013/869/671 1011/871/671 1007/875/671
f 1014/868/672 1010/876/672 1008/877/672 1012/870/672
f 1015/864/673 1016/865/673 1018/866/673 1017/867/673
f 1017/867/674 1018/866/674 1022/868/674 1021/869/674
f 1021/869/675 1022/868/675 1020/870/675 1019/871/675
f 1019/871/676 1020/870/676 1016/872/676 1015/873/676
f 1017/874/677 1021/869/677 1019/871/677 1015/875/677
f 1022/868/678 1018/876/678 1016/877/678 1020/870/678
f 1023/864/679 1024/865/679 1026/866/679 1025/867/679
f 1025/867/680 1026/866/680 1030/868/680 1029/869/680
f 1029/869/681 1030/868/681 1028/870/681 1027/871/681
f 1027/871/682 1028/870/682 1024/872/682 1023/873/682
f 1025/874/683 1029/869/683 1027/871/683 1023/875/683
f 1030/868/684 1026/876/684 1024/877/684 1028/870/684
f 1031/864/685 1032/865/685 1034/866/685 1033/867/685
f 1033/867/686 1034/866/686 1038/868/686 1037/869/686
f 1037/869/687 1038/868/687 1036/870/687 1035/871/687
f 1035/871/688 1036/870/688 1032/872/688 1031/873/688
f 1033/874/689 1037/869/689 1035/871/689 1031/875/689
f 1038/868/690 1034/876/690 1032/877/690 1036/870/690
f 1039/864/691 1040/865/691 1042/866/691 1041/867/691
f 1041/867/692 1042/866/692 1046/868/692 1045/869/692
f 1045/869/693 1046/868/693 1044/870/693 1043/871/693
f 1043/871/694 1044/870/694 1040/872/694 1039/873/694
f 1041/874/695 1045/869/695 1043/871/695 1039/875/695
f 1046/868/696 1042/876/696 1040/877/696 1044/870/696
f 1047/864/697 1048/865/697 1050/866/697 1049/867/697
f 1049/867/698 1050/866/698 1054/868/698 1053/869/698
f 1053/869/699 1054/868/699 1052/870/699 1051/871/699
f 1051/871/700 1052/870/700 1048/872/700 1047/873/700
f 1049/874/701 1053/869/701 1051/871/701 1047/875/701
f 1054/868/702 1050/876/702 1048/877/702 1052/870/702
f 1055/864/703 1056/865/703 1058/866/703 1057/867/703
f 1057/867/704 1058/866/704 1062/868/704 1061/869/704
f 1061/869/705 1062/868/705 1060/870/705 1059/871/705
f 1059/871/706 1060/870/706 1056/872/706 1055/873/706
f 1057/874/707 1061/869/707 1059/871/707 1055/875/707
f 1062/868/708 1058/876/708 1056/877/708 1060/870/708
f 1063/864/709 1064/865/709 1066/866/709 1065/867/709
f 1065/867/710 1066/866/710 1070/868/710 1069/869/710
f 1069/869/711 1070/868/711 1068/870/711 1067/871/711
f 1067/871/712 1068/870/712 1064/872/712 1063/873/712
f 1065/874/713 1069/869/713 1067/871/713 1063/875/713
f 1070/868/714 1066/876/714 1064/877/714 1068/870/714
f 1071/864/715 1072/865/715 1074/866/715 1073/867/715
f 1073/867/716 1074/866/716 1078/868/716 1077/869/716
f 1077/869/717 1078/868/717 1076/870/717 1075/871/717
f 1075/871/718 1076/870/718 1072/872/718 1071/873/718
f 1073/874/719 1077/869/719 1075/871/719 1071/875/719
f 1078/868/720 1074/876/720 1072/877/720 1076/870/720
f 1079/864/721 1080/865/721 1082/866/721 1081/867/721
f 1081/867/722 1082/866/722 1086/868/722 1085/869/722
f 1085/869/723 1086/868/723 1084/870/723 1083/871/723
f 1083/871/724 1084/870/724 1080/872/724 1079/873/724
f 1081/874/725 1085/869/725 1083/871/725 1079/875/725
f 1086/868/726 1082/876/726 1080/877/726 1084/870/726
f 1087/864/727 1088/865/727 1090/866/727 1089/867/727
f 1089/867/728 1090/866/728 1094/868/728 1093/869/728
f 1093/869/729 1094/868/729 1092/870/729 1091/871/729
f 1091/871/730 1092/870/730 1088/872/730 1087/873/730
f 1089/874/731 1093/869/731 1091/871/731 1087/875/731
f 1094/868/732 1090/876/732 1088/877/732 1092/870/732
f 1095/864/733 1096/865/733 1098/866/733 1097/867/733
f 1097/867/734 1098/866/734 1102/868/734 1101/869/734
f 1101/869/735 1102/868/735 1100/870/735 1099/871/735
f 1099/871/736 1100/870/736 1096/872/736 1095/873/736
f 1097/874/737 1101/869/737 1099/871/737 1095/875/737
f 1102/868/738 1098/876/738 1096/877/738 1100/870/738
f 1103/864/739 1104/865/739 1106/866/739 1105/867/739
f 1105/867/740 1106/866/740 1110/868/740 1109/869/740
f 1109/869/741 1110/868/741 1108/870/741 1107/871/741
f 1107/871/742 1108/870/742 1104/872/742 1103/873/742
f 1105/874/743 1109/869/743 1107/871/743 1103/875/743
f 1110/868/744 1106/876/744 1104/877/744 1108/870/744
f 1111/864/745 1112/865/745 1114/866/745 1113/867/745
f 1113/867/746 1114/866/746 1118/868/746 1117/869/746
f 1117/869/747 1118/868/747 1116/870/747 1115/871/747
f 1115/871/748 1116/870/748 1112/872/748 1111/873/748
f 1113/874/749 1117/869/749 1115/871/749 1111/875/749
f 1118/868/750 1114/876/750 1112/877/750 1116/870/750
f 1119/864/751 1120/865/751 1122/866/751 1121/867/751
f 1121/867/752 1122/866/752 1126/868/752 1125/869/752
f 1125/869/753 1126/868/753 1124/870/753 1123/871/753
f 1123/871/754 1124/870/754 1120/872/754 1119/873/754
f 1121/874/755 1125/869/755 1123/871/755 1119/875/755
f 1126/868/756 1122/876/756 1120/877/756 1124/870/756
o der_yfir_thaki
v 20.002298 1.803890 17.393864
v 20.069889 1.989664 17.424187
v 18.364958 1.803890 21.043400
v 18.432547 1.989664 21.073723
v 15.764860 3.655899 15.492764
v 15.832450 3.841673 15.523087
v 14.127519 3.655899 19.142300
v 14.195108 3.841673 19.172623
v -17.763201 1.803890 20.799564
v -17.831022 1.989664 20.829365
v -19.372118 1.803888 17.137409
v -19.439943 1.989664 17.167206
v -13.511110 3.655898 18.931469
v -13.578934 3.841673 18.961264
v -15.120028 3.655899 15.269312
v -15.187849 3.841673 15.299109
v -10.265812 1.803890 27.888910
v -10.307575 1.989664 27.950096
v -13.569639 1.803890 25.633978
v -13.611401 1.989664 25.695164
v -7.647633 3.655899 24.052870
v -7.689396 3.841673 24.114058
v -10.951460 3.655898 21.797937
v -10.993223 3.841673 21.859125
v -7.383198 1.803890 29.091610
v -7.411322 1.989663 29.160145
v -11.083746 1.803890 27.573071
v -11.111868 1.989662 27.641605
v -5.620037 3.655898 24.794945
v -5.648163 3.841673 24.863480
v -9.320585 3.655899 23.276405
v -9.348707 3.841672 23.344940
v 5.537516 1.803890 30.696144
v 5.540500 1.989664 30.770164
v 1.540760 1.803890 30.857197
v 1.543742 1.989664 30.931217
v 5.350519 3.655899 26.055553
v 5.353502 3.841673 26.129572
v 1.353763 3.655899 26.216606
v 1.356747 3.841673 26.290627
v 8.533785 1.803889 29.569698
v 8.557033 1.989664 29.640036
v 4.735861 1.803889 30.824999
v 4.759109 1.989664 30.895332
v 7.076270 3.655898 25.159967
v 7.099518 3.841672 25.230307
v 3.278345 3.655898 26.415268
v 3.301594 3.841673 26.485607
v 11.689270 1.803890 28.023985
v 11.720249 1.989664 28.091278
v 8.055806 1.803889 29.696690
v 8.086784 1.989664 29.763983
v 9.747110 3.655899 23.805208
v 9.778088 3.841673 23.872501
v 6.113647 3.655899 25.477913
v 6.144624 3.841673 25.545206
v 14.142308 1.803889 25.643087
v 14.191319 1.989664 25.698639
v 11.142826 1.803889 28.289425
v 11.191836 1.989663 28.344978
v 11.069672 3.655898 22.160419
v 11.118682 3.841673 22.215971
v 8.070190 3.655898 24.806759
v 8.119200 3.841672 24.862309
v -13.220438 1.803889 25.912224
v -13.271019 1.989665 25.966347
v -16.142904 1.803890 23.181072
v -16.193487 1.989664 23.235195
v -10.049326 3.655898 22.518976
v -10.099909 3.841674 22.573101
v -12.971794 3.655899 19.787825
v -13.022377 3.841674 19.841949
v -4.362415 1.803889 30.143019
v -4.386171 1.989664 30.213188
v -8.151131 1.803890 28.860201
v -8.174889 1.989664 28.930367
v -2.872946 3.655899 25.743979
v -2.896704 3.841674 25.814146
v -6.661663 3.655899 24.461161
v -6.685421 3.841673 24.531328
v -0.631674 1.803889 30.800465
v -0.647055 1.989663 30.872931
v -4.544518 1.803890 29.970005
v -4.559898 1.989664 30.042471
v 0.332563 3.655898 26.257303
v 0.317183 3.841673 26.329769
v -3.580280 3.655899 25.426846
v -3.595661 3.841673 25.499310
v 1.736946 1.803890 30.771109
v 1.731243 1.989664 30.844969
v -2.251186 1.803890 30.463219
v -2.256889 1.989664 30.537079
v 2.094435 3.655899 26.140530
v 2.088734 3.841673 26.214390
v -1.893700 3.655898 25.832640
v -1.899401 3.841673 25.906502
v 16.310762 1.803890 23.620487
v 16.360949 1.989664 23.674980
v 13.368426 1.803890 26.330221
v 13.418612 1.989664 26.384712
v 13.164521 3.655899 20.204170
v 13.214705 3.841673 20.258663
v 10.222183 3.655899 22.913904
v 10.272368 3.841673 22.968397
v -15.764620 1.803890 23.599741
v -15.825598 1.989665 23.641809
v -18.035975 1.803890 20.307184
v -18.096952 1.989664 20.349249
v -11.941664 3.655899 20.962494
v -12.002640 3.841673 21.004560
v -14.213018 3.655899 17.669935
v -14.273998 3.841673 17.712002
v 18.722563 1.803890 20.604523
v 18.779737 1.989664 20.651628
v 16.179047 1.803890 23.691677
v 16.236221 1.989664 23.738783
v 15.138098 3.655899 17.651272
v 15.195272 3.841673 17.698380
v 12.594583 3.655899 20.738428
v 12.651756 3.841673 20.785534
vn 0.8475 -0.3704 0.3802
vn -0.4093 -0.0000 0.9124
vn -0.8475 0.3704 -0.3802
vn 0.4093 -0.0000 -0.9124
vn -0.3379 -0.9289 -0.1516
vn 0.3379 0.9289 0.1516
vn -0.8504 -0.3704 0.3736
vn -0.4022 -0.0000 -0.9155
vn 0.8504 0.3704 -0.3736
vn 0.4022 -0.0000 0.9155
vn 0.3391 -0.9289 -0.1490
vn -0.3391 0.9289 0.1490
vn -0.5236 -0.3704 0.7672
vn -0.8260 -0.0000 -0.5637
vn 0.5236 0.3704 -0.7672
vn 0.8260 -0.0000 0.5637
vn 0.2088 -0.9289 -0.3059
vn -0.2088 0.9289 0.3059
vn -0.3526 -0.3704 0.8593
vn -0.9251 -0.0000 -0.3796
vn 0.3526 0.3704 -0.8593
vn 0.9251 -0.0000 0.3796
vn 0.1406 -0.9289 -0.3427
vn -0.1406 0.9289 0.3427
vn 0.0374 -0.3704 0.9281
vn -0.9992 -0.0000 0.0403
vn -0.0374 0.3704 -0.9281
vn 0.9992 -0.0000 -0.0403
vn -0.0149 -0.9289 -0.3701
vn 0.0149 0.9289 0.3701
vn 0.2915 -0.3704 0.8819
vn -0.9495 -0.0000 0.3138
vn -0.2915 0.3704 -0.8819
vn 0.9495 -0.0000 -0.3138
vn -0.1162 -0.9289 -0.3517
vn 0.1162 0.9289 0.3517
vn 0.3884 -0.3704 0.8438
vn -0.9084 -0.0000 0.4182
vn -0.3884 0.3704 -0.8438
vn 0.9084 -0.0000 -0.4182
vn -0.1549 -0.9289 -0.3365
vn 0.1549 0.9289 0.3365
vn 0.6145 -0.3704 0.6965
vn -0.7499 -0.0000 0.6616
vn -0.6145 0.3704 -0.6965
vn 0.7499 -0.0000 -0.6616
vn -0.2451 -0.9289 -0.2778
vn 0.2451 0.9289 0.2778
vn -0.6342 -0.3704 0.6787
vn -0.7306 -0.0000 -0.6828
vn 0.6342 0.3704 -0.6786
vn 0.7306 -0.0000 0.6828
vn 0.2529 -0.9289 -0.2706
vn -0.2529 0.9289 0.2706
vn -0.2979 -0.3704 0.8798
vn -0.9472 -0.0000 -0.3207
vn 0.2979 0.3704 -0.8798
vn 0.9472 -0.0000 0.3207
vn 0.1188 -0.9289 -0.3508
vn -0.1188 0.9289 0.3508
vn -0.1928 -0.3704 0.9086
vn -0.9782 -0.0000 -0.2076
vn 0.1928 0.3704 -0.9086
vn 0.9782 -0.0000 0.2076
vn 0.0769 -0.9289 -0.3623
vn -0.0769 0.9289 0.3623
vn -0.0715 -0.3704 0.9261
vn -0.9970 -0.0000 -0.0770
vn 0.0715 0.3704 -0.9261
vn 0.9970 -0.0000 0.0770
vn 0.0285 -0.9289 -0.3693
vn -0.0285 0.9289 0.3693
vn 0.6292 -0.3704 0.6833
vn -0.7356 -0.0000 0.6774
vn -0.6292 0.3704 -0.6833
vn 0.7356 -0.0000 -0.6774
vn -0.2509 -0.9289 -0.2725
vn 0.2509 0.9289 0.2725
vn -0.7646 -0.3704 0.5274
vn -0.5678 -0.0000 -0.8231
vn 0.7646 0.3704 -0.5275
vn 0.5678 -0.0000 0.8231
vn 0.3049 -0.9289 -0.2103
vn -0.3049 0.9289 0.2103
vn 0.7169 -0.3704 0.5906
vn -0.6359 -0.0000 0.7718
vn -0.7169 0.3704 -0.5906
vn 0.6359 -0.0000 -0.7718
vn -0.2859 -0.9289 -0.2355
vn 0.2859 0.9289 0.2355
vt 0.375000 0.000000
vt 0.625000 0.000000
vt 0.625000 0.250000
vt 0.375000 0.250000
vt 0.625000 0.500000
vt 0.375000 0.500000
vt 0.625000 0.750000
vt 0.375000 0.750000
vt 0.625000 1.000000
vt 0.375000 1.000000
vt 0.125000 0.500000
vt 0.125000 0.750000
vt 0.875000 0.500000
vt 0.875000 0.750000
s 0
usemtl Material.056
f 1127/878/757 1128/879/757 1130/880/757 1129/881/757
f 1129/881/758 1130/880/758 1134/882/758 1133/883/758
f 1133/883/759 1134/882/759 1132/884/759 1131/885/759
f 1131/885/760 1132/884/760 1128/886/760 1127/887/760
f 1129/888/761 1133/883/761 1131/885/761 1127/889/761
f 1134/882/762 1130/890/762 1128/891/762 1132/884/762
f 1135/878/763 1136/879/763 1138/880/763 1137/881/763
f 1137/881/764 1138/880/764 1142/882/764 1141/883/764
f 1141/883/765 1142/882/765 1140/884/765 1139/885/765
f 1139/885/766 1140/884/766 1136/886/766 1135/887/766
f 1137/888/767 1141/883/767 1139/885/767 1135/889/767
f 1142/882/768 1138/890/768 1136/891/768 1140/884/768
f 1143/878/769 1144/879/769 1146/880/769 1145/881/769
f 1145/881/770 1146/880/770 1150/882/770 1149/883/770
f 1149/883/771 1150/882/771 1148/884/771 1147/885/771
f 1147/885/772 1148/884/772 1144/886/772 1143/887/772
f 1145/888/773 1149/883/773 1147/885/773 1143/889/773
f 1150/882/774 1146/890/774 1144/891/774 1148/884/774
f 1151/878/775 1152/879/775 1154/880/775 1153/881/775
f 1153/881/776 1154/880/776 1158/882/776 1157/883/776
f 1157/883/777 1158/882/777 1156/884/777 1155/885/777
f 1155/885/778 1156/884/778 1152/886/778 1151/887/778
f 1153/888/779 1157/883/779 1155/885/779 1151/889/779
f 1158/882/780 1154/890/780 1152/891/780 1156/884/780
f 1159/878/781 1160/879/781 1162/880/781 1161/881/781
f 1161/881/782 1162/880/782 1166/882/782 1165/883/782
f 1165/883/783 1166/882/783 1164/884/783 1163/885/783
f 1163/885/784 1164/884/784 1160/886/784 1159/887/784
f 1161/888/785 1165/883/785 1163/885/785 1159/889/785
f 1166/882/786 1162/890/786 1160/891/786 1164/884/786
f 1167/878/787 1168/879/787 1170/880/787 1169/881/787
f 1169/881/788 1170/880/788 1174/882/788 1173/883/788
f 1173/883/789 1174/882/789 1172/884/789 1171/885/789
f 1171/885/790 1172/884/790 1168/886/790 1167/887/790
f 1169/888/791 1173/883/791 1171/885/791 1167/889/791
f 1174/882/792 1170/890/792 1168/891/792 1172/884/792
f 1175/878/793 1176/879/793 1178/880/793 1177/881/793
f 1177/881/794 1178/880/794 1182/882/794 1181/883/794
f 1181/883/795 1182/882/795 1180/884/795 1179/885/795
f 1179/885/796 1180/884/796 1176/886/796 1175/887/796
f 1177/888/797 1181/883/797 1179/885/797 1175/889/797
f 1182/882/798 1178/890/798 1176/891/798 1180/884/798
f 1183/878/799 1184/879/799 1186/880/799 1185/881/799
f 1185/881/800 1186/880/800 1190/882/800 1189/883/800
f 1189/883/801 1190/882/801 1188/884/801 1187/885/801
f 1187/885/802 1188/884/802 1184/886/802 1183/887/802
f 1185/888/803 1189/883/803 1187/885/803 1183/889/803
f 1190/882/804 1186/890/804 1184/891/804 1188/884/804
f 1191/878/805 1192/879/805 1194/880/805 1193/881/805
f 1193/881/806 1194/880/806 1198/882/806 1197/883/806
f 1197/883/807 1198/882/807 1196/884/807 1195/885/807
f 1195/885/808 1196/884/808 1192/886/808 1191/887/808
f 1193/888/809 1197/883/809 1195/885/809 1191/889/809
f 1198/882/810 1194/890/810 1192/891/810 1196/884/810
f 1199/878/811 1200/879/811 1202/880/811 1201/881/811
f 1201/881/812 1202/880/812 1206/882/812 1205/883/812
f 1205/883/813 1206/882/813 1204/884/813 1203/885/813
f 1203/885/814 1204/884/814 1200/886/814 1199/887/814
f 1201/888/815 1205/883/815 1203/885/815 1199/889/815
f 1206/882/816 1202/890/816 1200/891/816 1204/884/816
f 1207/878/817 1208/879/817 1210/880/817 1209/881/817
f 1209/881/818 1210/880/818 1214/882/818 1213/883/818
f 1213/883/819 1214/882/819 1212/884/819 1211/885/819
f 1211/885/820 1212/884/820 1208/886/820 1207/887/820
f 1209/888/821 1213/883/821 1211/885/821 1207/889/821
f 1214/882/822 1210/890/822 1208/891/822 1212/884/822
f 1215/878/823 1216/879/823 1218/880/823 1217/881/823
f 1217/881/824 1218/880/824 1222/882/824 1221/883/824
f 1221/883/825 1222/882/825 1220/884/825 1219/885/825
f 1219/885/826 1220/884/826 1216/886/826 1215/887/826
f 1217/888/827 1221/883/827 1219/885/827 1215/889/827
f 1222/882/828 1218/890/828 1216/891/828 1220/884/828
f 1223/878/829 1224/879/829 1226/880/829 1225/881/829
f 1225/881/830 1226/880/830 1230/882/830 1229/883/830
f 1229/883/831 1230/882/831 1228/884/831 1227/885/831
f 1227/885/832 1228/884/832 1224/886/832 1223/887/832
f 1225/888/833 1229/883/833 1227/885/833 1223/889/833
f 1230/882/834 1226/890/834 1224/891/834 1228/884/834
f 1231/878/835 1232/879/835 1234/880/835 1233/881/835
f 1233/881/836 1234/880/836 1238/882/836 1237/883/836
f 1237/883/837 1238/882/837 1236/884/837 1235/885/837
f 1235/885/838 1236/884/838 1232/886/838 1231/887/838
f 1233/888/839 1237/883/839 1235/885/839 1231/889/839
f 1238/882/840 1234/890/840 1232/891/840 1236/884/840
f 1239/878/841 1240/879/841 1242/880/841 1241/881/841
f 1241/881/842 1242/880/842 1246/882/842 1245/883/842
f 1245/883/843 1246/882/843 1244/884/843 1243/885/843
f 1243/885/844 1244/884/844 1240/886/844 1239/887/844
f 1241/888/845 1245/883/845 1243/885/845 1239/889/845
f 1246/882/846 1242/890/846 1240/891/846 1244/884/846
o stigi_nidur
v -4.882408 -0.005048 4.438640
v -4.882408 0.108232 4.438640
v -4.882408 -0.005048 2.543601
v -4.882408 0.108232 2.543601
v -4.755649 -0.005048 4.438640
v -4.755649 0.108232 4.438640
v -4.755649 -0.005048 2.543601
v -4.755649 0.108232 2.543601
vn -1.0000 -0.0000 -0.0000
vn -0.0000 -0.0000 -1.0000
vn 1.0000 -0.0000 -0.0000
vn -0.0000 -0.0000 1.0000
vn -0.0000 -1.0000 -0.0000
vn -0.0000 1.0000 -0.0000
vt 0.375000 0.000000
vt 0.625000 0.000000
vt 0.625000 0.250000
vt 0.375000 0.250000
vt 0.625000 0.500000
vt 0.375000 0.500000
vt 0.625000 0.750000
vt 0.375000 0.750000
vt 0.625000 1.000000
vt 0.375000 1.000000
vt 0.125000 0.500000
vt 0.125000 0.750000
vt 0.875000 0.500000
vt 0.875000 0.750000
s 0
usemtl Material.070
f 1247/892/847 1248/893/847 1250/894/847 1249/895/847
f 1249/895/848 1250/894/848 1254/896/848 1253/897/848
f 1253/897/849 1254/896/849 1252/898/849 1251/899/849
f 1251/899/850 1252/898/850 1248/900/850 1247/901/850
f 1249/902/851 1253/897/851 1251/899/851 1247/903/851
f 1254/896/852 1250/904/852 1248/905/852 1252/898/852
o Cube.056
v -4.753704 -0.022312 2.669570
v -4.753704 0.090968 2.669570
v -4.753704 -0.022312 2.542810
v -4.753704 0.090968 2.542810
v -4.094069 -0.022312 2.669570
v -4.094069 0.090968 2.669570
v -4.094069 -0.022312 2.542810
v -4.094069 0.090968 2.542810
vn -1.0000 -0.0000 -0.0000
vn -0.0000 -0.0000 -1.0000
vn 1.0000 -0.0000 -0.0000
vn -0.0000 -0.0000 1.0000
vn -0.0000 -1.0000 -0.0000
vn -0.0000 1.0000 -0.0000
vt 0.375000 0.000000
vt 0.625000 0.000000
vt 0.625000 0.250000
vt 0.375000 0.250000
vt 0.625000 0.500000
vt 0.375000 0.500000
vt 0.625000 0.750000
vt 0.375000 0.750000
vt 0.625000 1.000000
vt 0.375000 1.000000
vt 0.125000 0.500000
vt 0.125000 0.750000
vt 0.875000 0.500000
vt 0.875000 0.750000
s 0
usemtl Material.071
f 1255/906/853 1256/907/853 1258/908/853 1257/909/853
f 1257/909/854 1258/908/854 1262/910/854 1261/911/854
f 1261/911/855 1262/910/855 1260/912/855 1259/913/855
f 1259/913/856 1260/912/856 1256/914/856 1255/915/856
f 1257/916/857 1261/911/857 1259/913/857 1255/917/857
f 1262/910/858 1258/918/858 1256/919/858 1260/912/858
o Plane.001
v 4.367372 0.000000 13.051883
v 8.367372 0.000000 13.051883
v 4.367372 0.000000 2.222157
v 8.367372 0.000000 2.222157
v 10.535965 -0.118053 57.260281
v 10.535965 0.169117 57.260281
v 10.152054 -0.118053 56.562786
v 10.152054 0.169117 56.562786
v 13.105278 -0.118053 55.846092
v 13.105278 0.169117 55.846092
v 12.721367 -0.118053 55.148602
v 12.721367 0.169117 55.148602
v 10.835606 -0.126931 58.149464
v 10.835606 0.268672 58.149464
v 10.405537 -0.126931 57.368107
v 10.405537 0.268672 57.368107
v 13.713841 -0.126931 56.565239
v 13.713841 0.268672 56.565239
v 13.283772 -0.126931 55.783882
v 13.283772 0.268672 55.783882
v 11.223884 -0.110392 59.027813
v 11.223884 0.405069 59.027813
v 10.774013 -0.110392 58.210484
v 10.774013 0.405069 58.210484
v 14.234637 -0.110392 57.370655
v 14.234637 0.405069 57.370655
v 13.784765 -0.110392 56.553322
v 13.784765 0.405069 56.553322
v 12.412422 0.071188 61.928562
v 12.412422 0.493837 61.928562
v 10.889884 0.071188 59.230885
v 10.889884 0.493837 59.230885
v 16.230413 0.071188 59.773735
v 16.230413 0.493837 59.773735
v 14.707875 0.071188 57.076054
v 14.707875 0.493837 57.076054
v -65.885818 -0.422793 38.673855
v -65.885818 -0.217207 38.673855
v -65.495636 -0.422793 38.712288
v -65.495636 -0.217207 38.712288
v -65.120453 -0.422793 38.826096
v -65.120453 -0.217207 38.826096
v -64.774681 -0.422793 39.010918
v -64.774681 -0.217207 39.010918
v -64.471603 -0.422793 39.259640
v -64.471603 -0.217207 39.259640
v -64.222878 -0.422793 39.562714
v -64.222878 -0.217207 39.562714
v -64.038063 -0.422793 39.908489
v -64.038063 -0.217207 39.908489
v -63.924248 -0.422793 40.283676
v -63.924248 -0.217207 40.283676
v -63.885818 -0.422793 40.673855
v -63.885818 -0.217207 40.673855
v -63.924248 -0.422793 41.064034
v -63.924248 -0.217207 41.064034
v -64.038063 -0.422793 41.439220
v -64.038063 -0.217207 41.439220
v -64.222878 -0.422793 41.784996
v -64.222878 -0.217207 41.784996
v -64.471603 -0.422793 42.088070
v -64.471603 -0.217207 42.088070
v -64.774681 -0.422793 42.336796
v -64.774681 -0.217207 42.336796
v -65.120453 -0.422793 42.521614
v -65.120453 -0.217207 42.521614
v -65.495636 -0.422793 42.635426
v -65.495636 -0.217207 42.635426
v -65.885818 -0.422793 42.673855
v -65.885818 -0.217207 42.673855
v -66.276001 -0.422793 42.635426
v -66.276001 -0.217207 42.635426
v -66.651184 -0.422793 42.521614
v -66.651184 -0.217207 42.521614
v -66.996956 -0.422793 42.336796
v -66.996956 -0.217207 42.336796
v -67.300034 -0.422793 42.088070
v -67.300034 -0.217207 42.088070
v -67.548759 -0.422793 41.784996
v -67.548759 -0.217207 41.784996
v -67.733574 -0.422793 41.439220
v -67.733574 -0.217207 41.439220
v -67.847389 -0.422793 41.064034
v -67.847389 -0.217207 41.064034
v -67.885818 -0.422793 40.673855
v -67.885818 -0.217207 40.673855
v -67.847389 -0.422793 40.283676
v -67.847389 -0.217207 40.283676
v -67.733574 -0.422793 39.908489
v -67.733574 -0.217207 39.908489
v -67.548759 -0.422793 39.562714
v -67.548759 -0.217207 39.562714
v -67.300034 -0.422793 39.259640
v -67.300034 -0.217207 39.259640
v -66.996956 -0.422793 39.010918
v -66.996956 -0.217207 39.010918
v -66.651184 -0.422793 38.826096
v -66.651184 -0.217207 38.826096
v -66.276001 -0.422793 38.712288
v -66.276001 -0.217207 38.712288
v -16.360817 0.000000 -5.314324
v -16.425110 0.000000 -6.222429
v -30.436584 0.000000 -4.317824
v -30.500874 0.000000 -5.225929
v -16.360817 0.000000 -5.314324
v -16.425110 0.000000 -6.222429
v -16.425110 0.000000 -6.222429
v -16.425110 0.000000 -6.222429
v -16.425110 0.000000 -6.222429
v -16.425110 0.000000 -6.222429
v -71.177719 0.000000 8.350033
v -70.178024 0.000000 8.374783
v -71.044067 0.000000 2.951687
v -70.044373 0.000000 2.976438
v -71.177719 0.000000 8.350033
v -70.178024 0.000000 8.374783
v -70.178024 0.000000 8.374783
v -70.178024 0.000000 8.374783
v -70.178024 0.000000 8.374783
v -70.178024 0.000000 8.374783
v -30.396778 0.000000 -4.338929
v -30.373894 0.000000 -5.338667
v -44.393112 0.000000 -4.659265
v -44.370232 0.000000 -5.659002
v -30.396778 0.000000 -4.338929
v -30.373894 0.000000 -5.338667
v -30.373894 0.000000 -5.338667
v -30.373894 0.000000 -5.338667
v -30.373894 0.000000 -5.338667
v -30.373894 0.000000 -5.338667
v -8.256637 0.000000 -9.077971
v -8.635445 0.000000 -9.917543
v -16.376991 0.000000 -5.414147
v -16.755798 0.000000 -6.253722
v -8.256637 0.000000 -9.077971
v -8.635445 0.000000 -9.917543
v -8.635445 0.000000 -9.917543
v -8.635445 0.000000 -9.917543
v -8.635445 0.000000 -9.917543
v -8.635445 0.000000 -9.917543
v 8.643754 0.000000 -9.632969
v 8.386106 0.000000 -8.679869
v 18.146217 0.000000 -7.064202
v 17.888565 0.000000 -6.111102
v 8.643754 0.000000 -9.632969
v 8.386106 0.000000 -8.679869
v 8.386106 0.000000 -8.679869
v 8.386106 0.000000 -8.679869
v 8.386106 0.000000 -8.679869
v 8.386106 0.000000 -8.679869
v 0.289672 0.000000 -0.509291
v 10.189164 0.000000 -10.408785
v -9.609821 0.000000 -10.408785
v -2.586242 0.050000 -0.076182
v 2.586230 0.050000 -0.076184
v -2.586240 0.050000 -3.944801
v 2.586232 0.050000 -3.944802
v 30.811859 0.000000 -5.338641
v 30.876617 0.000000 -6.337041
v 17.495556 0.000000 -6.202336
v 17.560314 0.000000 -7.200735
v 30.811859 0.000000 -5.338641
v 30.876617 0.000000 -6.337041
v 30.876617 0.000000 -6.337041
v 30.876617 0.000000 -6.337041
v 30.876617 0.000000 -6.337041
v 30.876617 0.000000 -6.337041
v 42.383324 0.000000 -5.657141
v 42.371490 0.000000 -6.657070
v 29.936420 0.000000 -5.509938
v 29.924595 0.000000 -6.509869
v 42.383324 0.000000 -5.657141
v 42.371490 0.000000 -6.657070
v 42.371490 0.000000 -6.657070
v 42.371490 0.000000 -6.657070
v 42.371490 0.000000 -6.657070
v 42.371490 0.000000 -6.657070
v 47.867424 0.000000 -4.261571
v 48.113029 0.000000 -5.230942
v 42.051193 0.000000 -5.735174
v 42.296799 0.000000 -6.704545
v 47.867424 0.000000 -4.261571
v 48.113029 0.000000 -5.230942
v 48.113029 0.000000 -5.230942
v 48.113029 0.000000 -5.230942
v 48.113029 0.000000 -5.230942
v 48.113029 0.000000 -5.230942
v 48.047653 0.000000 -5.203291
v 47.799538 0.000000 -4.231050
v 54.157898 0.000000 -3.643934
v 53.909782 0.000000 -2.671694
v 48.047653 0.000000 -5.203291
v 47.799538 0.000000 -4.231050
v 47.799538 0.000000 -4.231050
v 47.799538 0.000000 -4.231050
v 47.799538 0.000000 -4.231050
v 47.799538 0.000000 -4.231050
v 59.734421 0.000000 -1.047586
v 59.981094 0.000000 -2.021204
v 53.533195 0.000000 -2.618731
v 53.779869 0.000000 -3.592348
v 59.734421 0.000000 -1.047586
v 59.981094 0.000000 -2.021204
v 59.981094 0.000000 -2.021204
v 59.981094 0.000000 -2.021204
v 59.981094 0.000000 -2.021204
v 59.981094 0.000000 -2.021204
v 65.823807 0.000000 -1.094001
v 65.823799 0.000000 -2.094001
v 59.823807 0.000000 -1.094002
v 59.823807 0.000000 -2.094002
v 65.823807 0.000000 -1.094001
v 65.823799 0.000000 -2.094001
v 65.823799 0.000000 -2.094001
v 65.823799 0.000000 -2.094001
v 65.823799 0.000000 -2.094001
v 65.823799 0.000000 -2.094001
v 70.412170 0.000000 0.251692
v 70.719650 0.000000 -0.699864
v 65.654388 0.000000 -1.285700
v 65.961876 0.000000 -2.237256
v 70.412170 0.000000 0.251692
v 70.719650 0.000000 -0.699864
v 70.719650 0.000000 -0.699864
v 70.719650 0.000000 -0.699864
v 70.719650 0.000000 -0.699864
v 70.719650 0.000000 -0.699864
v 73.032585 0.000000 2.641152
v 73.731430 0.000000 1.925876
v 70.171486 0.000000 -0.154220
v 70.870331 0.000000 -0.869496
v 73.032585 0.000000 2.641152
v 73.731430 0.000000 1.925876
v 73.731430 0.000000 1.925876
v 73.731430 0.000000 1.925876
v 73.731430 0.000000 1.925876
v 73.731430 0.000000 1.925876
v 75.460571 0.000000 6.268584
v 76.357300 0.000000 5.702949
v 73.016350 0.000000 2.393652
v 73.913086 0.000000 1.828016
v 75.460571 0.000000 6.268584
v 76.357300 0.000000 5.702949
v 76.357300 0.000000 5.702949
v 76.357300 0.000000 5.702949
v 76.357300 0.000000 5.702949
v 76.357300 0.000000 5.702949
v 75.205574 0.000000 12.196848
v 76.205574 0.000000 12.196848
v 75.205582 0.000000 5.809147
v 76.205574 0.000000 5.809148
v 75.205574 0.000000 12.196848
v 76.205574 0.000000 12.196848
v 76.205574 0.000000 12.196848
v 76.205574 0.000000 12.196848
v 76.205574 0.000000 12.196848
v 76.205574 0.000000 12.196848
v 73.517876 0.000000 17.091948
v 74.465431 0.000000 17.411549
v 75.243713 0.000000 11.975163
v 76.191269 0.000000 12.294764
v 73.517876 0.000000 17.091948
v 74.465431 0.000000 17.411549
v 74.465431 0.000000 17.411549
v 74.465431 0.000000 17.411549
v 74.465431 0.000000 17.411549
v 74.465431 0.000000 17.411549
v 70.174927 0.000000 22.094374
v 71.021400 0.000000 22.626822
v 73.476112 0.000000 16.846306
v 74.322571 0.000000 17.378754
v 70.174927 0.000000 22.094374
v 71.021400 0.000000 22.626822
v 71.021400 0.000000 22.626822
v 71.021400 0.000000 22.626822
v 71.021400 0.000000 22.626822
v 71.021400 0.000000 22.626822
v -69.425705 0.000000 14.040554
v -68.469231 0.000000 13.748735
v -71.176620 0.000000 8.301714
v -70.220146 0.000000 8.009894
v -69.425705 0.000000 14.040554
v -68.469231 0.000000 13.748735
v -68.469231 0.000000 13.748735
v -68.469231 0.000000 13.748735
v -68.469231 0.000000 13.748735
v -68.469231 0.000000 13.748735
v -49.256577 0.000000 51.054482
v -48.833710 0.000000 50.148289
v -54.693726 0.000000 48.517262
v -54.270851 0.000000 47.611069
v -49.256577 0.000000 51.054482
v -48.833710 0.000000 50.148289
v -48.833710 0.000000 50.148289
v -48.833710 0.000000 50.148289
v -48.833710 0.000000 50.148289
v -48.833710 0.000000 50.148289
v 40.065052 0.000000 49.859520
v 40.446964 0.000000 48.935318
v 34.519867 0.000000 47.568043
v 34.901775 0.000000 46.643845
v 40.065052 0.000000 49.859520
v 40.446964 0.000000 48.935318
v 40.446964 0.000000 48.935318
v 40.446964 0.000000 48.935318
v 40.446964 0.000000 48.935318
v 40.446964 0.000000 48.935318
v 66.624611 0.000000 26.866497
v 67.437355 0.000000 27.449114
v 70.120293 0.000000 21.989998
v 70.933037 0.000000 22.572617
v 66.624611 0.000000 26.866497
v 67.437355 0.000000 27.449114
v 67.437355 0.000000 27.449114
v 67.437355 0.000000 27.449114
v 67.437355 0.000000 27.449114
v 67.437355 0.000000 27.449114
v 62.406769 0.000000 31.905342
v 63.235107 0.000000 32.579926
v 66.579483 0.000000 26.781595
v 67.407822 0.000000 27.456181
v 62.406769 0.000000 31.905342
v 63.235107 0.000000 32.579926
v 63.235107 0.000000 32.579926
v 63.235107 0.000000 32.579926
v 63.235107 0.000000 32.579926
v 63.235107 0.000000 32.579926
v 59.988342 0.000000 37.428299
v 60.895035 0.000000 37.850086
v 62.519058 0.000000 31.988129
v 63.425751 0.000000 32.409912
v 59.988342 0.000000 37.428299
v 60.895035 0.000000 37.850086
v 60.895035 0.000000 37.850086
v 60.895035 0.000000 37.850086
v 60.895035 0.000000 37.850086
v 60.895035 0.000000 37.850086
v 49.359818 0.000000 43.347813
v 49.757034 0.000000 44.199696
v 55.076141 0.000000 40.682419
v 55.473351 0.000000 41.534298
v 49.359818 0.000000 43.347813
v 49.757034 0.000000 44.199696
v 49.757034 0.000000 44.199696
v 49.757034 0.000000 44.199696
v 49.757034 0.000000 44.199696
v 49.757034 0.000000 44.199696
v 45.040894 0.000000 47.042542
v 45.797379 0.000000 47.891968
v 49.309708 0.000000 43.240826
v 50.066185 0.000000 44.090248
v 45.040894 0.000000 47.042542
v 45.797379 0.000000 47.891968
v 45.797379 0.000000 47.891968
v 45.797379 0.000000 47.891968
v 45.797379 0.000000 47.891968
v 45.797379 0.000000 47.891968
v 39.698696 0.000000 48.881775
v 40.037098 0.000000 49.822769
v 45.344704 0.000000 46.851364
v 45.683105 0.000000 47.792366
v 39.698696 0.000000 48.881775
v 40.037098 0.000000 49.822769
v 40.037098 0.000000 49.822769
v 40.037098 0.000000 49.822769
v 40.037098 0.000000 49.822769
v 40.037098 0.000000 49.822769
v 61.070770 0.000000 38.069550
v 60.425941 0.000000 37.099556
v 55.542213 0.000000 41.744827
v 54.897385 0.000000 40.774834
v 61.070770 0.000000 38.069550
v 60.425941 0.000000 37.099556
v 60.425941 0.000000 37.099556
v 60.425941 0.000000 37.099556
v 60.425941 0.000000 37.099556
v 60.425941 0.000000 37.099556
v 28.945168 0.000000 47.408894
v 29.093460 0.000000 48.397835
v 34.878822 0.000000 46.519119
v 35.027119 0.000000 47.508057
v 28.945168 0.000000 47.408894
v 29.093460 0.000000 48.397835
v 29.093460 0.000000 48.397835
v 29.093460 0.000000 48.397835
v 29.093460 0.000000 48.397835
v 29.093460 0.000000 48.397835
v 23.942421 0.000000 50.578426
v 24.480530 0.000000 51.421303
v 28.999691 0.000000 47.349800
v 29.537796 0.000000 48.192684
v 23.942421 0.000000 50.578426
v 24.480530 0.000000 51.421303
v 24.480530 0.000000 51.421303
v 24.480530 0.000000 51.421303
v 24.480530 0.000000 51.421303
v 24.480530 0.000000 51.421303
v 18.497604 0.000000 51.025616
v 18.606129 0.000000 52.019714
v 24.462170 0.000000 50.374477
v 24.570694 0.000000 51.368572
v 18.497604 0.000000 51.025616
v 18.606129 0.000000 52.019714
v 18.606129 0.000000 52.019714
v 18.606129 0.000000 52.019714
v 18.606129 0.000000 52.019714
v 18.606129 0.000000 52.019714
v 13.164765 0.000000 53.384464
v 13.563134 0.000000 54.301685
v 18.668118 0.000000 50.994244
v 19.066483 0.000000 51.911472
v 13.164765 0.000000 53.384464
v 13.563134 0.000000 54.301685
v 13.563134 0.000000 54.301685
v 13.563134 0.000000 54.301685
v 13.563134 0.000000 54.301685
v 13.563134 0.000000 54.301685
v 7.989997 0.000000 56.460735
v 8.484342 0.000000 57.329998
v 13.205590 0.000000 53.494656
v 13.699933 0.000000 54.363922
v 7.989997 0.000000 56.460735
v 8.484342 0.000000 57.329998
v 8.484342 0.000000 57.329998
v 8.484342 0.000000 57.329998
v 8.484342 0.000000 57.329998
v 8.484342 0.000000 57.329998
v 2.169982 0.000000 58.709679
v 2.525243 0.000000 59.659199
v 8.322186 0.000000 56.407852
v 8.677445 0.000000 57.357368
v 2.169982 0.000000 58.709679
v 2.525243 0.000000 59.659199
v 2.525243 0.000000 59.659199
v 2.525243 0.000000 59.659199
v 2.525243 0.000000 59.659199
v 2.525243 0.000000 59.659199
v 2.799266 0.000000 59.706741
v 2.935990 0.000000 58.714989
v -3.488273 0.000000 58.839916
v -3.351546 0.000000 57.848171
v 2.799266 0.000000 59.706741
v 2.935990 0.000000 58.714989
v 2.935990 0.000000 58.714989
v 2.935990 0.000000 58.714989
v 2.935990 0.000000 58.714989
v 2.935990 0.000000 58.714989
v -3.301272 0.000000 58.938751
v -3.285617 0.000000 57.938877
v -9.300538 0.000000 58.844803
v -9.284881 0.000000 57.844929
v -3.301272 0.000000 58.938751
v -3.285617 0.000000 57.938877
v -3.285617 0.000000 57.938877
v -3.285617 0.000000 57.938877
v -3.285617 0.000000 57.938877
v -3.285617 0.000000 57.938877
v -9.252227 0.000000 58.892387
v -9.194551 0.000000 57.894054
v -15.242240 0.000000 58.546333
v -15.184562 0.000000 57.548000
v -9.252227 0.000000 58.892387
v -9.194551 0.000000 57.894054
v -9.194551 0.000000 57.894054
v -9.194551 0.000000 57.894054
v -9.194551 0.000000 57.894054
v -9.194551 0.000000 57.894054
v -15.139544 0.000000 58.624882
v -15.132251 0.000000 57.624905
v -21.139385 0.000000 58.581131
v -21.132092 0.000000 57.581158
v -15.139544 0.000000 58.624882
v -15.132251 0.000000 57.624905
v -15.132251 0.000000 57.624905
v -15.132251 0.000000 57.624905
v -15.132251 0.000000 57.624905
v -15.132251 0.000000 57.624905
v -21.110653 0.000000 58.549160
v -21.052971 0.000000 57.550709
v -27.306976 0.000000 58.191189
v -27.249294 0.000000 57.192734
v -21.110653 0.000000 58.549160
v -21.052971 0.000000 57.550709
v -21.052971 0.000000 57.550709
v -21.052971 0.000000 57.550709
v -21.052971 0.000000 57.550709
v -21.052971 0.000000 57.550709
v -27.124481 0.000000 58.140633
v -27.066803 0.000000 57.142197
v -33.293686 0.000000 57.784222
v -33.236000 0.000000 56.785786
v -27.124481 0.000000 58.140633
v -27.066803 0.000000 57.142197
v -27.066803 0.000000 57.142197
v -27.066803 0.000000 57.142197
v -27.066803 0.000000 57.142197
v -27.066803 0.000000 57.142197
v -33.291824 0.000000 57.760876
v -33.234146 0.000000 56.762543
v -39.281837 0.000000 57.414818
v -39.224159 0.000000 56.416485
v -33.291824 0.000000 57.760876
v -33.234146 0.000000 56.762543
v -33.234146 0.000000 56.762543
v -33.234146 0.000000 56.762543
v -33.234146 0.000000 56.762543
v -33.234146 0.000000 56.762543
v -39.272469 0.000000 57.597485
v -38.871502 0.000000 56.668251
v -45.129089 0.000000 55.070312
v -44.728123 0.000000 54.141087
v -39.272469 0.000000 57.597485
v -38.871502 0.000000 56.668251
v -38.871502 0.000000 56.668251
v -38.871502 0.000000 56.668251
v -38.871502 0.000000 56.668251
v -38.871502 0.000000 56.668251
v -45.037045 0.000000 55.366657
v -44.288239 0.000000 54.703865
v -49.013775 0.000000 50.873814
v -48.264969 0.000000 50.211029
v -45.037045 0.000000 55.366657
v -44.288239 0.000000 54.703865
v -44.288239 0.000000 54.703865
v -44.288239 0.000000 54.703865
v -44.288239 0.000000 54.703865
v -44.288239 0.000000 54.703865
v -51.615448 0.000000 42.544277
v -50.648830 0.000000 42.288063
v -53.152725 0.000000 36.744553
v -52.186108 0.000000 36.488342
v -51.615448 0.000000 42.544277
v -50.648830 0.000000 42.288063
v -50.648830 0.000000 42.288063
v -50.648830 0.000000 42.288063
v -50.648830 0.000000 42.288063
v -50.648830 0.000000 42.288063
v -52.770294 0.000000 37.590694
v -51.899780 0.000000 37.098541
v -55.723213 0.000000 32.367641
v -54.852703 0.000000 31.875488
v -52.770294 0.000000 37.590694
v -51.899780 0.000000 37.098541
v -51.899780 0.000000 37.098541
v -51.899780 0.000000 37.098541
v -51.899780 0.000000 37.098541
v -51.899780 0.000000 37.098541
v -55.484985 0.000000 32.796204
v -54.697090 0.000000 32.180386
v -59.179878 0.000000 28.068861
v -58.391983 0.000000 27.453043
v -55.484985 0.000000 32.796204
v -54.697090 0.000000 32.180386
v -54.697090 0.000000 32.180386
v -54.697090 0.000000 32.180386
v -54.697090 0.000000 32.180386
v -54.697090 0.000000 32.180386
v -59.104507 0.000000 28.257996
v -58.340073 0.000000 27.613293
v -62.972717 0.000000 23.671387
v -62.208282 0.000000 23.026684
v -59.104507 0.000000 28.257996
v -58.340073 0.000000 27.613293
v -58.340073 0.000000 27.613293
v -58.340073 0.000000 27.613293
v -58.340073 0.000000 27.613293
v -58.340073 0.000000 27.613293
v -66.672470 0.000000 34.541607
v -65.691978 0.000000 34.755272
v -65.440742 0.000000 28.889404
v -64.460251 0.000000 29.103071
v -66.672470 0.000000 34.541607
v -65.691978 0.000000 34.755272
v -65.691978 0.000000 34.755272
v -65.691978 0.000000 34.755272
v -65.691978 0.000000 34.755272
v -65.691978 0.000000 34.755272
v -65.422173 0.000000 28.985069
v -64.472733 0.000000 29.299006
v -63.538544 0.000000 23.288410
v -62.589096 0.000000 23.602348
v -65.422173 0.000000 28.985069
v -64.472733 0.000000 29.299006
v -64.472733 0.000000 29.299006
v -64.472733 0.000000 29.299006
v -64.472733 0.000000 29.299006
v -64.472733 0.000000 29.299006
v -63.168259 0.000000 23.779045
v -62.380363 0.000000 23.163229
v -66.863144 0.000000 19.051701
v -66.075256 0.000000 18.435886
v -63.168259 0.000000 23.779045
v -62.380363 0.000000 23.163229
v -62.380363 0.000000 23.163229
v -62.380363 0.000000 23.163229
v -62.380363 0.000000 23.163229
v -62.380363 0.000000 23.163229
v -66.867035 0.000000 19.230808
v -65.962158 0.000000 18.805126
v -69.421135 0.000000 13.801575
v -68.516258 0.000000 13.375891
v -66.867035 0.000000 19.230808
v -65.962158 0.000000 18.805126
v -65.962158 0.000000 18.805126
v -65.962158 0.000000 18.805126
v -65.962158 0.000000 18.805126
v -65.962158 0.000000 18.805126
v -70.918015 0.000000 3.151323
v -69.994904 0.000000 3.577686
v -68.209488 0.000000 -2.712883
v -67.286362 0.000000 -2.286520
v -70.918015 0.000000 3.151323
v -69.994904 0.000000 3.577686
v -69.994904 0.000000 3.577686
v -69.994904 0.000000 3.577686
v -69.994904 0.000000 3.577686
v -69.994904 0.000000 3.577686
v -67.995239 0.000000 -2.720957
v -67.809532 0.000000 -1.738351
v -62.099594 0.000000 -3.835168
v -61.913895 0.000000 -2.852562
v -67.995239 0.000000 -2.720957
v -67.809532 0.000000 -1.738351
v -67.809532 0.000000 -1.738351
v -67.809532 0.000000 -1.738351
v -67.809532 0.000000 -1.738351
v -67.809532 0.000000 -1.738351
v -62.255417 0.000000 -3.874490
v -62.080215 0.000000 -2.889956
v -56.348213 0.000000 -4.925664
v -56.173019 0.000000 -3.941130
v -62.255417 0.000000 -3.874490
v -62.080215 0.000000 -2.889956
v -62.080215 0.000000 -2.889956
v -62.080215 0.000000 -2.889956
v -62.080215 0.000000 -2.889956
v -62.080215 0.000000 -2.889956
v -56.457470 0.000000 -5.075377
v -56.408474 0.000000 -4.076577
v -50.464672 0.000000 -5.369325
v -50.415680 0.000000 -4.370525
v -56.457470 0.000000 -5.075377
v -56.408474 0.000000 -4.076577
v -56.408474 0.000000 -4.076577
v -56.408474 0.000000 -4.076577
v -56.408474 0.000000 -4.076577
v -56.408474 0.000000 -4.076577
v -50.640594 0.000000 -5.397289
v -50.609215 0.000000 -4.397723
v -44.300617 0.000000 -5.596319
v -44.269238 0.000000 -4.596753
v -50.640594 0.000000 -5.397289
v -50.609215 0.000000 -4.397723
v -50.609215 0.000000 -4.397723
v -50.609215 0.000000 -4.397723
v -50.609215 0.000000 -4.397723
v -50.609215 0.000000 -4.397723
v -66.821297 0.000000 38.794247
v -65.822067 0.000000 38.833607
v -66.648109 0.000000 34.397659
v -65.648880 0.000000 34.437016
v -66.821297 0.000000 38.794247
v -65.822067 0.000000 38.833607
v -65.822067 0.000000 38.833607
v -65.822067 0.000000 38.833607
v -65.822067 0.000000 38.833607
v -65.822067 0.000000 38.833607
v -50.028999 0.000000 48.565525
v -49.108559 0.000000 48.321556
v -51.657433 0.000000 42.421890
v -50.736996 0.000000 42.177917
v -50.028999 0.000000 48.565525
v -49.108559 0.000000 48.321556
v -49.108559 0.000000 48.321556
v -49.108559 0.000000 48.321556
v -49.108559 0.000000 48.321556
v -49.108559 0.000000 48.321556
v -49.260597 0.000000 51.232197
v -48.293972 0.000000 50.975979
v -50.285446 0.000000 47.365715
v -49.318825 0.000000 47.109505
v -49.260597 0.000000 51.232197
v -48.293972 0.000000 50.975979
v -48.293972 0.000000 50.975979
v -48.293972 0.000000 50.975979
v -48.293972 0.000000 50.975979
v -48.293972 0.000000 50.975979
v -54.729126 0.000000 48.537025
v -54.165916 0.000000 47.672359
v -58.209160 0.000000 46.270252
v -57.645950 0.000000 45.405590
v -54.729126 0.000000 48.537025
v -54.165916 0.000000 47.672359
v -54.165916 0.000000 47.672359
v -54.165916 0.000000 47.672359
v -54.165916 0.000000 47.672359
v -54.165916 0.000000 47.672359
v -57.932846 0.000000 46.383900
v -57.387054 0.000000 45.545975
v -61.284531 0.000000 44.200733
v -60.738739 0.000000 43.362816
v -57.932846 0.000000 46.383900
v -57.387054 0.000000 45.545975
v -57.387054 0.000000 45.545975
v -57.387054 0.000000 45.545975
v -57.387054 0.000000 45.545975
v -57.387054 0.000000 45.545975
v -61.191444 0.000000 44.122570
v -60.645653 0.000000 43.284649
v -64.543129 0.000000 41.939407
v -63.997337 0.000000 41.101482
v -61.191444 0.000000 44.122570
v -60.645653 0.000000 43.284649
v -60.645653 0.000000 43.284649
v -60.645653 0.000000 43.284649
v -60.645653 0.000000 43.284649
v -60.645653 0.000000 43.284649
vn -0.0000 1.0000 -0.0000
vn -0.8761 -0.0000 0.4822
vn -0.4822 -0.0000 -0.8761
vn 0.8761 -0.0000 -0.4822
vn 0.4822 -0.0000 0.8761
vn -0.0000 -1.0000 -0.0000
vn -0.8709 -0.0000 0.4915
vn -0.4915 -0.0000 -0.8709
vn 0.8709 -0.0000 -0.4915
vn 0.4915 -0.0000 0.8709
vn 0.0980 -0.0000 -0.9952
vn 0.2903 -0.0000 -0.9569
vn 0.4714 -0.0000 -0.8819
vn 0.6344 -0.0000 -0.7730
vn 0.7730 -0.0000 -0.6344
vn 0.8819 -0.0000 -0.4714
vn 0.9569 -0.0000 -0.2903
vn 0.9952 -0.0000 -0.0980
vn 0.9952 -0.0000 0.0980
vn 0.9569 -0.0000 0.2903
vn 0.8819 -0.0000 0.4714
vn 0.7730 -0.0000 0.6344
vn 0.6344 -0.0000 0.7730
vn 0.4714 -0.0000 0.8819
vn 0.2903 -0.0000 0.9569
vn 0.0980 -0.0000 0.9952
vn -0.0980 -0.0000 0.9952
vn -0.2903 -0.0000 0.9569
vn -0.4714 -0.0000 0.8819
vn -0.6344 -0.0000 0.7730
vn -0.7730 -0.0000 0.6344
vn -0.8819 -0.0000 0.4714
vn -0.9569 -0.0000 0.2903
vn -0.9952 -0.0000 0.0980
vn -0.9952 -0.0000 -0.0980
vn -0.9569 -0.0000 -0.2903
vn -0.8819 -0.0000 -0.4714
vn -0.7730 -0.0000 -0.6344
vn -0.6344 -0.0000 -0.7730
vn -0.4714 -0.0000 -0.8819
vn -0.2903 -0.0000 -0.9569
vn -0.0980 -0.0000 -0.9952
vt 0.000000 0.000000
vt 1.000000 0.000000
vt 1.000000 1.000000
vt 0.000000 1.000000
vt 0.375000 0.000000
vt 0.625000 0.000000
vt 0.625000 0.250000
vt 0.375000 0.250000
vt 0.625000 0.500000
vt 0.375000 0.500000
vt 0.625000 0.750000
vt 0.375000 0.750000
vt 0.625000 1.000000
vt 0.375000 1.000000
vt 0.125000 0.500000
vt 0.125000 0.750000
vt 0.875000 0.500000
vt 0.875000 0.750000
vt 1.000000 0.500000
vt 0.968750 1.000000
vt 0.968750 0.500000
vt 0.937500 1.000000
vt 0.937500 0.500000
vt 0.906250 1.000000
vt 0.906250 0.500000
vt 0.875000 1.000000
vt 0.843750 1.000000
vt 0.843750 0.500000
vt 0.812500 1.000000
vt 0.812500 0.500000
vt 0.781250 1.000000
vt 0.781250 0.500000
vt 0.750000 1.000000
vt 0.750000 0.500000
vt 0.718750 1.000000
vt 0.718750 0.500000
vt 0.687500 1.000000
vt 0.687500 0.500000
vt 0.656250 1.000000
vt 0.656250 0.500000
vt 0.593750 1.000000
vt 0.593750 0.500000
vt 0.562500 1.000000
vt 0.562500 0.500000
vt 0.531250 1.000000
vt 0.531250 0.500000
vt 0.500000 1.000000
vt 0.500000 0.500000
vt 0.468750 1.000000
vt 0.468750 0.500000
vt 0.437500 1.000000
vt 0.437500 0.500000
vt 0.406250 1.000000
vt 0.406250 0.500000
vt 0.343750 1.000000
vt 0.343750 0.500000
vt 0.312500 1.000000
vt 0.312500 0.500000
vt 0.281250 1.000000
vt 0.281250 0.500000
vt 0.250000 1.000000
vt 0.250000 0.500000
vt 0.218750 1.000000
vt 0.218750 0.500000
vt 0.187500 1.000000
vt 0.187500 0.500000
vt 0.156250 1.000000
vt 0.156250 0.500000
vt 0.125000 1.000000
vt 0.093750 1.000000
vt 0.093750 0.500000
vt 0.062500 1.000000
vt 0.062500 0.500000
vt 0.296822 0.485388
vt 0.250000 0.490000
vt 0.203178 0.485388
vt 0.158156 0.471731
vt 0.116663 0.449553
vt 0.080294 0.419706
vt 0.050447 0.383337
vt 0.028269 0.341844
vt 0.014612 0.296822
vt 0.010000 0.250000
vt 0.014612 0.203178
vt 0.028269 0.158156
vt 0.050447 0.116663
vt 0.080294 0.080294
vt 0.116663 0.050447
vt 0.158156 0.028269
vt 0.203178 0.014612
vt 0.250000 0.010000
vt 0.296822 0.014612
vt 0.341844 0.028269
vt 0.383337 0.050447
vt 0.419706 0.080294
vt 0.449553 0.116663
vt 0.471731 0.158156
vt 0.485388 0.203178
vt 0.490000 0.250000
vt 0.485388 0.296822
vt 0.471731 0.341844
vt 0.449553 0.383337
vt 0.419706 0.419706
vt 0.383337 0.449553
vt 0.341844 0.471731
vt 0.031250 1.000000
vt 0.031250 0.500000
vt 0.000000 0.500000
vt 0.750000 0.490000
vt 0.796822 0.485388
vt 0.841844 0.471731
vt 0.883337 0.449553
vt 0.919706 0.419706
vt 0.949553 0.383337
vt 0.971731 0.341844
vt 0.985388 0.296822
vt 0.990000 0.250000
vt 0.985388 0.203178
vt 0.971731 0.158156
vt 0.949553 0.116663
vt 0.919706 0.080294
vt 0.883337 0.050447
vt 0.841844 0.028269
vt 0.796822 0.014612
vt 0.750000 0.010000
vt 0.703178 0.014612
vt 0.658156 0.028269
vt 0.616663 0.050447
vt 0.580294 0.080294
vt 0.550447 0.116663
vt 0.528269 0.158156
vt 0.514612 0.203178
vt 0.510000 0.250000
vt 0.514612 0.296822
vt 0.528269 0.341844
vt 0.550447 0.383337
vt 0.580294 0.419706
vt 0.616663 0.449553
vt 0.658156 0.471731
vt 0.703178 0.485388
s 0
usemtl Material.022
f 1263/920/859 1264/921/859 1266/922/859 1265/923/859
f 1363/920/859 1364/921/859 1366/922/859 1365/923/859
f 1364/921/859 1363/920/859 1367/920/859 1368/921/859
f 1364/921/859 1368/921/859 1370/921/859 1369/921/859
f 1369/921/859 1370/921/859 1372/921/859 1371/921/859
f 1373/920/859 1374/921/859 1376/922/859 1375/923/859
f 1374/921/859 1373/920/859 1377/920/859 1378/921/859
f 1374/921/859 1378/921/859 1380/921/859 1379/921/859
f 1379/921/859 1380/921/859 1382/921/859 1381/921/859
f 1383/920/859 1384/921/859 1386/922/859 1385/923/859
f 1384/921/859 1383/920/859 1387/920/859 1388/921/859
f 1384/921/859 1388/921/859 1390/921/859 1389/921/859
f 1389/921/859 1390/921/859 1392/921/859 1391/921/859
f 1393/920/859 1394/921/859 1396/922/859 1395/923/859
f 1394/921/859 1393/920/859 1397/920/859 1398/921/859
f 1394/921/859 1398/921/859 1400/921/859 1399/921/859
f 1399/921/859 1400/921/859 1402/921/859 1401/921/859
f 1403/920/859 1404/921/859 1406/922/859 1405/923/859
f 1404/921/859 1403/920/859 1407/920/859 1408/921/859
f 1404/921/859 1408/921/859 1410/921/859 1409/921/859
f 1409/921/859 1410/921/859 1412/921/859 1411/921/859
f 1413/920/859 1414/921/859 1415/923/859
f 1416/920/859 1417/921/859 1419/922/859 1418/923/859
f 1420/920/859 1421/921/859 1423/922/859 1422/923/859
f 1421/921/859 1420/920/859 1424/920/859 1425/921/859
f 1421/921/859 1425/921/859 1427/921/859 1426/921/859
f 1426/921/859 1427/921/859 1429/921/859 1428/921/859
f 1430/920/859 1431/921/859 1433/922/859 1432/923/859
f 1431/921/859 1430/920/859 1434/920/859 1435/921/859
f 1431/921/859 1435/921/859 1437/921/859 1436/921/859
f 1436/921/859 1437/921/859 1439/921/859 1438/921/859
f 1440/920/859 1441/921/859 1443/922/859 1442/923/859
f 1441/921/859 1440/920/859 1444/920/859 1445/921/859
f 1441/921/859 1445/921/859 1447/921/859 1446/921/859
f 1446/921/859 1447/921/859 1449/921/859 1448/921/859
f 1450/920/859 1451/921/859 1453/922/859 1452/923/859
f 1451/921/859 1450/920/859 1454/920/859 1455/921/859
f 1451/921/859 1455/921/859 1457/921/859 1456/921/859
f 1456/921/859 1457/921/859 1459/921/859 1458/921/859
f 1460/920/859 1461/921/859 1463/922/859 1462/923/859
f 1461/921/859 1460/920/859 1464/920/859 1465/921/859
f 1461/921/859 1465/921/859 1467/921/859 1466/921/859
f 1466/921/859 1467/921/859 1469/921/859 1468/921/859
f 1470/920/859 1471/921/859 1473/922/859 1472/923/859
f 1471/921/859 1470/920/859 1474/920/859 1475/921/859
f 1471/921/859 1475/921/859 1477/921/859 1476/921/859
f 1476/921/859 1477/921/859 1479/921/859 1478/921/859
f 1480/920/859 1481/921/859 1483/922/859 1482/923/859
f 1481/921/859 1480/920/859 1484/920/859 1485/921/859
f 1481/921/859 1485/921/859 1487/921/859 1486/921/859
f 1486/921/859 1487/921/859 1489/921/859 1488/921/859
f 1490/920/859 1491/921/859 1493/922/859 1492/923/859
f 1491/921/859 1490/920/859 1494/920/859 1495/921/859
f 1491/921/859 1495/921/859 1497/921/859 1496/921/859
f 1496/921/859 1497/921/859 1499/921/859 1498/921/859
f 1500/920/859 1501/921/859 1503/922/859 1502/923/859
f 1501/921/859 1500/920/859 1504/920/859 1505/921/859
f 1501/921/859 1505/921/859 1507/921/859 1506/921/859
f 1506/921/859 1507/921/859 1509/921/859 1508/921/859
f 1510/920/859 1511/921/859 1513/922/859 1512/923/859
f 1511/921/859 1510/920/859 1514/920/859 1515/921/859
f 1511/921/859 1515/921/859 1517/921/859 1516/921/859
f 1516/921/859 1517/921/859 1519/921/859 1518/921/859
f 1520/920/859 1521/921/859 1523/922/859 1522/923/859
f 1521/921/859 1520/920/859 1524/920/859 1525/921/859
f 1521/921/859 1525/921/859 1527/921/859 1526/921/859
f 1526/921/859 1527/921/859 1529/921/859 1528/921/859
f 1530/920/859 1531/921/859 1533/922/859 1532/923/859
f 1531/921/859 1530/920/859 1534/920/859 1535/921/859
f 1531/921/859 1535/921/859 1537/921/859 1536/921/859
f 1536/921/859 1537/921/859 1539/921/859 1538/921/859
f 1540/920/859 1541/921/859 1543/922/859 1542/923/859
f 1541/921/859 1540/920/859 1544/920/859 1545/921/859
f 1541/921/859 1545/921/859 1547/921/859 1546/921/859
f 1546/921/859 1547/921/859 1549/921/859 1548/921/859
f 1550/920/859 1551/921/859 1553/922/859 1552/923/859
f 1551/921/859 1550/920/859 1554/920/859 1555/921/859
f 1551/921/859 1555/921/859 1557/921/859 1556/921/859
f 1556/921/859 1557/921/859 1559/921/859 1558/921/859
f 1560/920/859 1561/921/859 1563/922/859 1562/923/859
f 1561/921/859 1560/920/859 1564/920/859 1565/921/859
f 1561/921/859 1565/921/859 1567/921/859 1566/921/859
f 1566/921/859 1567/921/859 1569/921/859 1568/921/859
f 1570/920/859 1571/921/859 1573/922/859 1572/923/859
f 1571/921/859 1570/920/859 1574/920/859 1575/921/859
f 1571/921/859 1575/921/859 1577/921/859 1576/921/859
f 1576/921/859 1577/921/859 1579/921/859 1578/921/859
f 1580/920/859 1581/921/859 1583/922/859 1582/923/859
f 1581/921/859 1580/920/859 1584/920/859 1585/921/859
f 1581/921/859 1585/921/859 1587/921/859 1586/921/859
f 1586/921/859 1587/921/859 1589/921/859 1588/921/859
f 1590/920/859 1591/921/859 1593/922/859 1592/923/859
f 1591/921/859 1590/920/859 1594/920/859 1595/921/859
f 1591/921/859 1595/921/859 1597/921/859 1596/921/859
f 1596/921/859 1597/921/859 1599/921/859 1598/921/859
f 1600/920/859 1601/921/859 1603/922/859 1602/923/859
f 1601/921/859 1600/920/859 1604/920/859 1605/921/859
f 1601/921/859 1605/921/859 1607/921/859 1606/921/859
f 1606/921/859 1607/921/859 1609/921/859 1608/921/859
f 1610/920/859 1611/921/859 1613/922/859 1612/923/859
f 1611/921/859 1610/920/859 1614/920/859 1615/921/859
f 1611/921/859 1615/921/859 1617/921/859 1616/921/859
f 1616/921/859 1617/921/859 1619/921/859 1618/921/859
f 1620/920/859 1621/921/859 1623/922/859 1622/923/859
f 1621/921/859 1620/920/859 1624/920/859 1625/921/859
f 1621/921/859 1625/921/859 1627/921/859 1626/921/859
f 1626/921/859 1627/921/859 1629/921/859 1628/921/859
f 1630/920/859 1631/921/859 1633/922/859 1632/923/859
f 1631/921/859 1630/920/859 1634/920/859 1635/921/859
f 1631/921/859 1635/921/859 1637/921/859 1636/921/859
f 1636/921/859 1637/921/859 1639/921/859 1638/921/859
f 1640/920/859 1641/921/859 1643/922/859 1642/923/859
f 1641/921/859 1640/920/859 1644/920/859 1645/921/859
f 1641/921/859 1645/921/859 1647/921/859 1646/921/859
f 1646/921/859 1647/921/859 1649/921/859 1648/921/859
f 1650/920/859 1651/921/859 1653/922/859 1652/923/859
f 1651/921/859 1650/920/859 1654/920/859 1655/921/859
f 1651/921/859 1655/921/859 1657/921/859 1656/921/859
f 1656/921/859 1657/921/859 1659/921/859 1658/921/859
f 1660/920/859 1661/921/859 1663/922/859 1662/923/859
f 1661/921/859 1660/920/859 1664/920/859 1665/921/859
f 1661/921/859 1665/921/859 1667/921/859 1666/921/859
f 1666/921/859 1667/921/859 1669/921/859 1668/921/859
f 1670/920/859 1671/921/859 1673/922/859 1672/923/859
f 1671/921/859 1670/920/859 1674/920/859 1675/921/859
f 1671/921/859 1675/921/859 1677/921/859 1676/921/859
f 1676/921/859 1677/921/859 1679/921/859 1678/921/859
f 1680/920/859 1681/921/859 1683/922/859 1682/923/859
f 1681/921/859 1680/920/859 1684/920/859 1685/921/859
f 1681/921/859 1685/921/859 1687/921/859 1686/921/859
f 1686/921/859 1687/921/859 1689/921/859 1688/921/859
f 1690/920/859 1691/921/859 1693/922/859 1692/923/859
f 1691/921/859 1690/920/859 1694/920/859 1695/921/859
f 1691/921/859 1695/921/859 1697/921/859 1696/921/859
f 1696/921/859 1697/921/859 1699/921/859 1698/921/859
f 1700/920/859 1701/921/859 1703/922/859 1702/923/859
f 1701/921/859 1700/920/859 1704/920/859 1705/921/859
f 1701/921/859 1705/921/859 1707/921/859 1706/921/859
f 1706/921/859 1707/921/859 1709/921/859 1708/921/859
f 1710/920/859 1711/921/859 1713/922/859 1712/923/859
f 1711/921/859 1710/920/859 1714/920/859 1715/921/859
f 1711/921/859 1715/921/859 1717/921/859 1716/921/859
f 1716/921/859 1717/921/859 1719/921/859 1718/921/859
f 1720/920/859 1721/921/859 1723/922/859 1722/923/859
f 1721/921/859 1720/920/859 1724/920/859 1725/921/859
f 1721/921/859 1725/921/859 1727/921/859 1726/921/859
f 1726/921/859 1727/921/859 1729/921/859 1728/921/859
f 1730/920/859 1731/921/859 1733/922/859 1732/923/859
f 1731/921/859 1730/920/859 1734/920/859 1735/921/859
f 1731/921/859 1735/921/859 1737/921/859 1736/921/859
f 1736/921/859 1737/921/859 1739/921/859 1738/921/859
f 1740/920/859 1741/921/859 1743/922/859 1742/923/859
f 1741/921/859 1740/920/859 1744/920/859 1745/921/859
f 1741/921/859 1745/921/859 1747/921/859 1746/921/859
f 1746/921/859 1747/921/859 1749/921/859 1748/921/859
f 1750/920/859 1751/921/859 1753/922/859 1752/923/859
f 1751/921/859 1750/920/859 1754/920/859 1755/921/859
f 1751/921/859 1755/921/859 1757/921/859 1756/921/859
f 1756/921/859 1757/921/859 1759/921/859 1758/921/859
f 1760/920/859 1761/921/859 1763/922/859 1762/923/859
f 1761/921/859 1760/920/859 1764/920/859 1765/921/859
f 1761/921/859 1765/921/859 1767/921/859 1766/921/859
f 1766/921/859 1767/921/859 1769/921/859 1768/921/859
f 1770/920/859 1771/921/859 1773/922/859 1772/923/859
f 1771/921/859 1770/920/859 1774/920/859 1775/921/859
f 1771/921/859 1775/921/859 1777/921/859 1776/921/859
f 1776/921/859 1777/921/859 1779/921/859 1778/921/859
f 1780/920/859 1781/921/859 1783/922/859 1782/923/859
f 1781/921/859 1780/920/859 1784/920/859 1785/921/859
f 1781/921/859 1785/921/859 1787/921/859 1786/921/859
f 1786/921/859 1787/921/859 1789/921/859 1788/921/859
f 1790/920/859 1791/921/859 1793/922/859 1792/923/859
f 1791/921/859 1790/920/859 1794/920/859 1795/921/859
f 1791/921/859 1795/921/859 1797/921/859 1796/921/859
f 1796/921/859 1797/921/859 1799/921/859 1798/921/859
f 1800/920/859 1801/921/859 1803/922/859 1802/923/859
f 1801/921/859 1800/920/859 1804/920/859 1805/921/859
f 1801/921/859 1805/921/859 1807/921/859 1806/921/859
f 1806/921/859 1807/921/859 1809/921/859 1808/921/859
f 1810/920/859 1811/921/859 1813/922/859 1812/923/859
f 1811/921/859 1810/920/859 1814/920/859 1815/921/859
f 1811/921/859 1815/921/859 1817/921/859 1816/921/859
f 1816/921/859 1817/921/859 1819/921/859 1818/921/859
f 1820/920/859 1821/921/859 1823/922/859 1822/923/859
f 1821/921/859 1820/920/859 1824/920/859 1825/921/859
f 1821/921/859 1825/921/859 1827/921/859 1826/921/859
f 1826/921/859 1827/921/859 1829/921/859 1828/921/859
f 1830/920/859 1831/921/859 1833/922/859 1832/923/859
f 1831/921/859 1830/920/859 1834/920/859 1835/921/859
f 1831/921/859 1835/921/859 1837/921/859 1836/921/859
f 1836/921/859 1837/921/859 1839/921/859 1838/921/859
f 1840/920/859 1841/921/859 1843/922/859 1842/923/859
f 1841/921/859 1840/920/859 1844/920/859 1845/921/859
f 1841/921/859 1845/921/859 1847/921/859 1846/921/859
f 1846/921/859 1847/921/859 1849/921/859 1848/921/859
f 1850/920/859 1851/921/859 1853/922/859 1852/923/859
f 1851/921/859 1850/920/859 1854/920/859 1855/921/859
f 1851/921/859 1855/921/859 1857/921/859 1856/921/859
f 1856/921/859 1857/921/859 1859/921/859 1858/921/859
f 1860/920/859 1861/921/859 1863/922/859 1862/923/859
f 1861/921/859 1860/920/859 1864/920/859 1865/921/859
f 1861/921/859 1865/921/859 1867/921/859 1866/921/859
f 1866/921/859 1867/921/859 1869/921/859 1868/921/859
f 1870/920/859 1871/921/859 1873/922/859 1872/923/859
f 1871/921/859 1870/920/859 1874/920/859 1875/921/859
f 1871/921/859 1875/921/859 1877/921/859 1876/921/859
f 1876/921/859 1877/921/859 1879/921/859 1878/921/859
f 1880/920/859 1881/921/859 1883/922/859 1882/923/859
f 1881/921/859 1880/920/859 1884/920/859 1885/921/859
f 1881/921/859 1885/921/859 1887/921/859 1886/921/859
f 1886/921/859 1887/921/859 1889/921/859 1888/921/859
f 1890/920/859 1891/921/859 1893/922/859 1892/923/859
f 1891/921/859 1890/920/859 1894/920/859 1895/921/859
f 1891/921/859 1895/921/859 1897/921/859 1896/921/859
f 1896/921/859 1897/921/859 1899/921/859 1898/921/859
f 1900/920/859 1901/921/859 1903/922/859 1902/923/859
f 1901/921/859 1900/920/859 1904/920/859 1905/921/859
f 1901/921/859 1905/921/859 1907/921/859 1906/921/859
f 1906/921/859 1907/921/859 1909/921/859 1908/921/859
f 1910/920/859 1911/921/859 1913/922/859 1912/923/859
f 1911/921/859 1910/920/859 1914/920/859 1915/921/859
f 1911/921/859 1915/921/859 1917/921/859 1916/921/859
f 1916/921/859 1917/921/859 1919/921/859 1918/921/859
f 1920/920/859 1921/921/859 1923/922/859 1922/923/859
f 1921/921/859 1920/920/859 1924/920/859 1925/921/859
f 1921/921/859 1925/921/859 1927/921/859 1926/921/859
f 1926/921/859 1927/921/859 1929/921/859 1928/921/859
f 1930/920/859 1931/921/859 1933/922/859 1932/923/859
f 1931/921/859 1930/920/859 1934/920/859 1935/921/859
f 1931/921/859 1935/921/859 1937/921/859 1936/921/859
f 1936/921/859 1937/921/859 1939/921/859 1938/921/859
f 1940/920/859 1941/921/859 1943/922/859 1942/923/859
f 1941/921/859 1940/920/859 1944/920/859 1945/921/859
f 1941/921/859 1945/921/859 1947/921/859 1946/921/859
f 1946/921/859 1947/921/859 1949/921/859 1948/921/859
f 1950/920/859 1951/921/859 1953/922/859 1952/923/859
f 1951/921/859 1950/920/859 1954/920/859 1955/921/859
f 1951/921/859 1955/921/859 1957/921/859 1956/921/859
f 1956/921/859 1957/921/859 1959/921/859 1958/921/859
f 1960/920/859 1961/921/859 1963/922/859 1962/923/859
f 1961/921/859 1960/920/859 1964/920/859 1965/921/859
f 1961/921/859 1965/921/859 1967/921/859 1966/921/859
f 1966/921/859 1967/921/859 1969/921/859 1968/921/859
f 1970/920/859 1971/921/859 1973/922/859 1972/923/859
f 1971/921/859 1970/920/859 1974/920/859 1975/921/859
f 1971/921/859 1975/921/859 1977/921/859 1976/921/859
f 1976/921/859 1977/921/859 1979/921/859 1978/921/859
usemtl Material.067
f 1267/924/860 1268/925/860 1270/926/860 1269/927/860
f 1269/927/861 1270/926/861 1274/928/861 1273/929/861
f 1273/929/862 1274/928/862 1272/930/862 1271/931/862
f 1271/931/863 1272/930/863 1268/932/863 1267/933/863
f 1269/934/864 1273/929/864 1271/931/864 1267/935/864
f 1274/928/859 1270/936/859 1268/937/859 1272/930/859
f 1275/924/860 1276/925/860 1278/926/860 1277/927/860
f 1277/927/861 1278/926/861 1282/928/861 1281/929/861
f 1281/929/862 1282/928/862 1280/930/862 1279/931/862
f 1279/931/863 1280/930/863 1276/932/863 1275/933/863
f 1277/934/864 1281/929/864 1279/931/864 1275/935/864
f 1282/928/859 1278/936/859 1276/937/859 1280/930/859
f 1283/924/860 1284/925/860 1286/926/860 1285/927/860
f 1285/927/861 1286/926/861 1290/928/861 1289/929/861
f 1289/929/862 1290/928/862 1288/930/862 1287/931/862
f 1287/931/863 1288/930/863 1284/932/863 1283/933/863
f 1285/934/864 1289/929/864 1287/931/864 1283/935/864
f 1290/928/859 1286/936/859 1284/937/859 1288/930/859
f 1291/924/865 1292/925/865 1294/926/865 1293/927/865
f 1293/927/866 1294/926/866 1298/928/866 1297/929/866
f 1297/929/867 1298/928/867 1296/930/867 1295/931/867
f 1295/931/868 1296/930/868 1292/932/868 1291/933/868
f 1293/934/864 1297/929/864 1295/931/864 1291/935/864
f 1298/928/859 1294/936/859 1292/937/859 1296/930/859
usemtl Material.068
f 1299/938/869 1300/922/869 1302/939/869 1301/940/869
f 1301/940/870 1302/939/870 1304/941/870 1303/942/870
f 1303/942/871 1304/941/871 1306/943/871 1305/944/871
f 1305/944/872 1306/943/872 1308/945/872 1307/936/872
f 1307/936/873 1308/945/873 1310/946/873 1309/947/873
f 1309/947/874 1310/946/874 1312/948/874 1311/949/874
f 1311/949/875 1312/948/875 1314/950/875 1313/951/875
f 1313/951/876 1314/950/876 1316/952/876 1315/953/876
f 1315/953/877 1316/952/877 1318/954/877 1317/955/877
f 1317/955/878 1318/954/878 1320/956/878 1319/957/878
f 1319/957/879 1320/956/879 1322/958/879 1321/959/879
f 1321/959/880 1322/958/880 1324/932/880 1323/928/880
f 1323/928/881 1324/932/881 1326/960/881 1325/961/881
f 1325/961/882 1326/960/882 1328/962/882 1327/963/882
f 1327/963/883 1328/962/883 1330/964/883 1329/965/883
f 1329/965/884 1330/964/884 1332/966/884 1331/967/884
f 1331/967/885 1332/966/885 1334/968/885 1333/969/885
f 1333/969/886 1334/968/886 1336/970/886 1335/971/886
f 1335/971/887 1336/970/887 1338/972/887 1337/973/887
f 1337/973/888 1338/972/888 1340/933/888 1339/929/888
f 1339/929/889 1340/933/889 1342/974/889 1341/975/889
f 1341/975/890 1342/974/890 1344/976/890 1343/977/890
f 1343/977/891 1344/976/891 1346/978/891 1345/979/891
f 1345/979/892 1346/978/892 1348/980/892 1347/981/892
f 1347/981/893 1348/980/893 1350/982/893 1349/983/893
f 1349/983/894 1350/982/894 1352/984/894 1351/985/894
f 1351/985/895 1352/984/895 1354/986/895 1353/987/895
f 1353/987/896 1354/986/896 1356/988/896 1355/934/896
f 1355/934/897 1356/988/897 1358/989/897 1357/990/897
f 1357/990/898 1358/989/898 1360/991/898 1359/992/898
f 1302/993/859 1300/994/859 1362/995/859 1360/996/859 1358/997/859 1356/998/859 1354/999/859 1352/1000/859 1350/1001/859 1348/1002/859 1346/1003/859 1344/1004/859 1342/1005/859 1340/1006/859 1338/1007/859 1336/1008/859 1334/1009/859 1332/1010/859 1330/1011/859 1328/1012/859 1326/1013/859 1324/1014/859 1322/1015/859 1320/1016/859 1318/1017/859 1316/1018/859 1314/1019/859 1312/1020/859 1310/1021/859 1308/1022/859 1306/1023/859 1304/1024/859
f 1359/992/899 1360/991/899 1362/1025/899 1361/1026/899
f 1361/1026/900 1362/1025/900 1300/923/900 1299/1027/900
f 1299/1028/864 1301/1029/864 1303/1030/864 1305/1031/864 1307/1032/864 1309/1033/864 1311/1034/864 1313/1035/864 1315/1036/864 1317/1037/864 1319/1038/864 1321/1039/864 1323/1040/864 1325/1041/864 1327/1042/864 1329/1043/864 1331/1044/864 1333/1045/864 1335/1046/864 1337/1047/864 1339/1048/864 1341/1049/864 1343/1050/864 1345/1051/864 1347/1052/864 1349/1053/864 1351/1054/864 1353/1055/864 1355/1056/864 1357/1057/864 1359/1058/864 1361/1059/864
o gangstett_h_megin
v -20.183809 0.000000 1.380469
v -20.446737 0.000000 0.731724
v -20.554522 0.000000 1.530713
v -20.817450 0.000000 0.881969
v -20.183809 0.000000 1.380469
v -20.446737 0.000000 0.731724
v -20.446737 0.000000 0.731724
v -20.446737 0.000000 0.731724
v -20.446737 0.000000 0.731724
v -20.446737 0.000000 0.731724
v -19.577789 0.000000 1.134856
v -19.840717 0.000000 0.486112
v -19.948500 0.000000 1.285100
v -20.211428 0.000000 0.636356
v -19.577789 0.000000 1.134856
v -19.840717 0.000000 0.486112
v -19.840717 0.000000 0.486112
v -19.840717 0.000000 0.486112
v -19.840717 0.000000 0.486112
v -19.840717 0.000000 0.486112
v -19.820385 0.000000 2.287067
v -20.083313 0.000000 1.638323
v -20.191095 0.000000 2.437312
v -20.454023 0.000000 1.788568
v -19.820385 0.000000 2.287067
v -20.083313 0.000000 1.638323
v -20.083313 0.000000 1.638323
v -20.083313 0.000000 1.638323
v -20.083313 0.000000 1.638323
v -20.083313 0.000000 1.638323
v -19.214363 0.000000 2.041455
v -19.477291 0.000000 1.392711
v -19.585073 0.000000 2.191699
v -19.848001 0.000000 1.542955
v -19.214363 0.000000 2.041455
v -19.477291 0.000000 1.392711
v -19.477291 0.000000 1.392711
v -19.477291 0.000000 1.392711
v -19.477291 0.000000 1.392711
v -19.477291 0.000000 1.392711
v -15.976746 0.000000 12.231015
v -16.239674 0.000000 11.582271
v -16.347456 0.000000 12.381259
v -16.610384 0.000000 11.732514
v -15.976746 0.000000 12.231015
v -16.239674 0.000000 11.582271
v -16.239674 0.000000 11.582271
v -16.239674 0.000000 11.582271
v -16.239674 0.000000 11.582271
v -16.239674 0.000000 11.582271
v -15.370724 0.000000 11.985402
v -15.633652 0.000000 11.336658
v -15.741435 0.000000 12.135647
v -16.004362 0.000000 11.486902
v -15.370724 0.000000 11.985402
v -15.633652 0.000000 11.336658
v -15.633652 0.000000 11.336658
v -15.633652 0.000000 11.336658
v -15.633652 0.000000 11.336658
v -15.633652 0.000000 11.336658
v -15.613319 0.000000 13.137613
v -15.876247 0.000000 12.488869
v -15.984032 0.000000 13.287858
v -16.246960 0.000000 12.639113
v -15.613319 0.000000 13.137613
v -15.876247 0.000000 12.488869
v -15.876247 0.000000 12.488869
v -15.876247 0.000000 12.488869
v -15.876247 0.000000 12.488869
v -15.876247 0.000000 12.488869
v -15.007298 0.000000 12.892001
v -15.270226 0.000000 12.243257
v -15.378010 0.000000 13.042245
v -15.640938 0.000000 12.393500
v -15.007298 0.000000 12.892001
v -15.270226 0.000000 12.243257
v -15.270226 0.000000 12.243257
v -15.270226 0.000000 12.243257
v -15.270226 0.000000 12.243257
v -15.270226 0.000000 12.243257
v -17.387760 0.000000 8.598169
v -17.650688 0.000000 7.949426
v -17.758472 0.000000 8.748414
v -18.021400 0.000000 8.099670
v -17.387760 0.000000 8.598169
v -17.650688 0.000000 7.949426
v -17.650688 0.000000 7.949426
v -17.650688 0.000000 7.949426
v -17.650688 0.000000 7.949426
v -17.650688 0.000000 7.949426
v -16.781740 0.000000 8.352557
v -17.044666 0.000000 7.703813
v -17.152451 0.000000 8.502802
v -17.415379 0.000000 7.854057
v -16.781740 0.000000 8.352557
v -17.044666 0.000000 7.703813
v -17.044666 0.000000 7.703813
v -17.044666 0.000000 7.703813
v -17.044666 0.000000 7.703813
v -17.044666 0.000000 7.703813
v -17.024336 0.000000 9.504768
v -17.287264 0.000000 8.856025
v -17.395046 0.000000 9.655013
v -17.657974 0.000000 9.006269
v -17.024336 0.000000 9.504768
v -17.287264 0.000000 8.856025
v -17.287264 0.000000 8.856025
v -17.287264 0.000000 8.856025
v -17.287264 0.000000 8.856025
v -17.287264 0.000000 8.856025
v -16.418314 0.000000 9.259155
v -16.681242 0.000000 8.610412
v -16.789024 0.000000 9.409400
v -17.051952 0.000000 8.760656
v -16.418314 0.000000 9.259155
v -16.681242 0.000000 8.610412
v -16.681242 0.000000 8.610412
v -16.681242 0.000000 8.610412
v -16.681242 0.000000 8.610412
v -16.681242 0.000000 8.610412
v -18.736261 0.000000 4.960885
v -18.999189 0.000000 4.312141
v -19.106972 0.000000 5.111130
v -19.369900 0.000000 4.462386
v -18.736261 0.000000 4.960885
v -18.999189 0.000000 4.312141
v -18.999189 0.000000 4.312141
v -18.999189 0.000000 4.312141
v -18.999189 0.000000 4.312141
v -18.999189 0.000000 4.312141
v -18.130239 0.000000 4.715273
v -18.393167 0.000000 4.066528
v -18.500950 0.000000 4.865517
v -18.763878 0.000000 4.216773
v -18.130239 0.000000 4.715273
v -18.393167 0.000000 4.066528
v -18.393167 0.000000 4.066528
v -18.393167 0.000000 4.066528
v -18.393167 0.000000 4.066528
v -18.393167 0.000000 4.066528
v -18.372835 0.000000 5.867484
v -18.635763 0.000000 5.218740
v -18.743547 0.000000 6.017729
v -19.006474 0.000000 5.368984
v -18.372835 0.000000 5.867484
v -18.635763 0.000000 5.218740
v -18.635763 0.000000 5.218740
v -18.635763 0.000000 5.218740
v -18.635763 0.000000 5.218740
v -18.635763 0.000000 5.218740
v -17.766815 0.000000 5.621872
v -18.029743 0.000000 4.973127
v -18.137526 0.000000 5.772116
v -18.400454 0.000000 5.123372
v -17.766815 0.000000 5.621872
v -18.029743 0.000000 4.973127
v -18.029743 0.000000 4.973127
v -18.029743 0.000000 4.973127
v -18.029743 0.000000 4.973127
v -18.029743 0.000000 4.973127
v -19.514915 0.000000 3.223142
v -19.777843 0.000000 2.574398
v -19.885628 0.000000 3.373386
v -20.148554 0.000000 2.724642
v -19.514915 0.000000 3.223142
v -19.777843 0.000000 2.574398
v -19.777843 0.000000 2.574398
v -19.777843 0.000000 2.574398
v -19.777843 0.000000 2.574398
v -19.777843 0.000000 2.574398
v -18.908894 0.000000 2.977529
v -19.171822 0.000000 2.328785
v -19.279606 0.000000 3.127774
v -19.542534 0.000000 2.479029
v -18.908894 0.000000 2.977529
v -19.171822 0.000000 2.328785
v -19.171822 0.000000 2.328785
v -19.171822 0.000000 2.328785
v -19.171822 0.000000 2.328785
v -19.171822 0.000000 2.328785
v -19.151491 0.000000 4.129741
v -19.414417 0.000000 3.480997
v -19.522202 0.000000 4.279985
v -19.785130 0.000000 3.631241
v -19.151491 0.000000 4.129741
v -19.414417 0.000000 3.480997
v -19.414417 0.000000 3.480997
v -19.414417 0.000000 3.480997
v -19.414417 0.000000 3.480997
v -19.414417 0.000000 3.480997
v -18.545469 0.000000 3.884128
v -18.808397 0.000000 3.235384
v -18.916180 0.000000 4.034372
v -19.179108 0.000000 3.385628
v -18.545469 0.000000 3.884128
v -18.808397 0.000000 3.235384
v -18.808397 0.000000 3.235384
v -18.808397 0.000000 3.235384
v -18.808397 0.000000 3.235384
v -18.808397 0.000000 3.235384
v -18.051945 0.000000 6.770209
v -18.314873 0.000000 6.121466
v -18.422657 0.000000 6.920454
v -18.685583 0.000000 6.271709
v -18.051945 0.000000 6.770209
v -18.314873 0.000000 6.121466
v -18.314873 0.000000 6.121466
v -18.314873 0.000000 6.121466
v -18.314873 0.000000 6.121466
v -18.314873 0.000000 6.121466
v -17.445925 0.000000 6.524596
v -17.708851 0.000000 5.875853
v -17.816635 0.000000 6.674841
v -18.079563 0.000000 6.026097
v -17.445925 0.000000 6.524596
v -17.708851 0.000000 5.875853
v -17.708851 0.000000 5.875853
v -17.708851 0.000000 5.875853
v -17.708851 0.000000 5.875853
v -17.708851 0.000000 5.875853
v -17.688520 0.000000 7.676808
v -17.951447 0.000000 7.028064
v -18.059231 0.000000 7.827052
v -18.322159 0.000000 7.178308
v -17.688520 0.000000 7.676808
v -17.951447 0.000000 7.028064
v -17.951447 0.000000 7.028064
v -17.951447 0.000000 7.028064
v -17.951447 0.000000 7.028064
v -17.951447 0.000000 7.028064
v -17.082499 0.000000 7.431195
v -17.345427 0.000000 6.782452
v -17.453209 0.000000 7.581440
v -17.716137 0.000000 6.932695
v -17.082499 0.000000 7.431195
v -17.345427 0.000000 6.782452
v -17.345427 0.000000 6.782452
v -17.345427 0.000000 6.782452
v -17.345427 0.000000 6.782452
v -17.345427 0.000000 6.782452
v -16.749868 0.000000 10.419022
v -17.012796 0.000000 9.770277
v -17.120579 0.000000 10.569266
v -17.383507 0.000000 9.920522
v -16.749868 0.000000 10.419022
v -17.012796 0.000000 9.770277
v -17.012796 0.000000 9.770277
v -17.012796 0.000000 9.770277
v -17.012796 0.000000 9.770277
v -17.012796 0.000000 9.770277
v -16.143847 0.000000 10.173409
v -16.406775 0.000000 9.524665
v -16.514559 0.000000 10.323654
v -16.777485 0.000000 9.674910
v -16.143847 0.000000 10.173409
v -16.406775 0.000000 9.524665
v -16.406775 0.000000 9.524665
v -16.406775 0.000000 9.524665
v -16.406775 0.000000 9.524665
v -16.406775 0.000000 9.524665
v -16.386444 0.000000 11.325621
v -16.649370 0.000000 10.676876
v -16.757154 0.000000 11.475865
v -17.020081 0.000000 10.827121
v -16.386444 0.000000 11.325621
v -16.649370 0.000000 10.676876
v -16.649370 0.000000 10.676876
v -16.649370 0.000000 10.676876
v -16.649370 0.000000 10.676876
v -16.649370 0.000000 10.676876
v -15.780422 0.000000 11.080009
v -16.043350 0.000000 10.431264
v -16.151133 0.000000 11.230252
v -16.414061 0.000000 10.581508
v -15.780422 0.000000 11.080009
v -16.043350 0.000000 10.431264
v -16.043350 0.000000 10.431264
v -16.043350 0.000000 10.431264
v -16.043350 0.000000 10.431264
v -16.043350 0.000000 10.431264
vn -0.0000 1.0000 -0.0000
vt 0.000000 0.000000
vt 1.000000 0.000000
vt 1.000000 1.000000
vt 0.000000 1.000000
s 0
usemtl Material.015
f 1980/1060/901 1981/1061/901 1983/1062/901 1982/1063/901
f 1981/1061/901 1980/1060/901 1984/1060/901 1985/1061/901
f 1981/1061/901 1985/1061/901 1987/1061/901 1986/1061/901
f 1986/1061/901 1987/1061/901 1989/1061/901 1988/1061/901
f 1990/1060/901 1991/1061/901 1993/1062/901 1992/1063/901
f 1991/1061/901 1990/1060/901 1994/1060/901 1995/1061/901
f 1991/1061/901 1995/1061/901 1997/1061/901 1996/1061/901
f 1996/1061/901 1997/1061/901 1999/1061/901 1998/1061/901
f 2000/1060/901 2001/1061/901 2003/1062/901 2002/1063/901
f 2001/1061/901 2000/1060/901 2004/1060/901 2005/1061/901
f 2001/1061/901 2005/1061/901 2007/1061/901 2006/1061/901
f 2006/1061/901 2007/1061/901 2009/1061/901 2008/1061/901
f 2010/1060/901 2011/1061/901 2013/1062/901 2012/1063/901
f 2011/1061/901 2010/1060/901 2014/1060/901 2015/1061/901
f 2011/1061/901 2015/1061/901 2017/1061/901 2016/1061/901
f 2016/1061/901 2017/1061/901 2019/1061/901 2018/1061/901
f 2020/1060/901 2021/1061/901 2023/1062/901 2022/1063/901
f 2021/1061/901 2020/1060/901 2024/1060/901 2025/1061/901
f 2021/1061/901 2025/1061/901 2027/1061/901 2026/1061/901
f 2026/1061/901 2027/1061/901 2029/1061/901 2028/1061/901
f 2030/1060/901 2031/1061/901 2033/1062/901 2032/1063/901
f 2031/1061/901 2030/1060/901 2034/1060/901 2035/1061/901
f 2031/1061/901 2035/1061/901 2037/1061/901 2036/1061/901
f 2036/1061/901 2037/1061/901 2039/1061/901 2038/1061/901
f 2040/1060/901 2041/1061/901 2043/1062/901 2042/1063/901
f 2041/1061/901 2040/1060/901 2044/1060/901 2045/1061/901
f 2041/1061/901 2045/1061/901 2047/1061/901 2046/1061/901
f 2046/1061/901 2047/1061/901 2049/1061/901 2048/1061/901
f 2050/1060/901 2051/1061/901 2053/1062/901 2052/1063/901
f 2051/1061/901 2050/1060/901 2054/1060/901 2055/1061/901
f 2051/1061/901 2055/1061/901 2057/1061/901 2056/1061/901
f 2056/1061/901 2057/1061/901 2059/1061/901 2058/1061/901
f 2060/1060/901 2061/1061/901 2063/1062/901 2062/1063/901
f 2061/1061/901 2060/1060/901 2064/1060/901 2065/1061/901
f 2061/1061/901 2065/1061/901 2067/1061/901 2066/1061/901
f 2066/1061/901 2067/1061/901 2069/1061/901 2068/1061/901
f 2070/1060/901 2071/1061/901 2073/1062/901 2072/1063/901
f 2071/1061/901 2070/1060/901 2074/1060/901 2075/1061/901
f 2071/1061/901 2075/1061/901 2077/1061/901 2076/1061/901
f 2076/1061/901 2077/1061/901 2079/1061/901 2078/1061/901
f 2080/1060/901 2081/1061/901 2083/1062/901 2082/1063/901
f 2081/1061/901 2080/1060/901 2084/1060/901 2085/1061/901
f 2081/1061/901 2085/1061/901 2087/1061/901 2086/1061/901
f 2086/1061/901 2087/1061/901 2089/1061/901 2088/1061/901
f 2090/1060/901 2091/1061/901 2093/1062/901 2092/1063/901
f 2091/1061/901 2090/1060/901 2094/1060/901 2095/1061/901
f 2091/1061/901 2095/1061/901 2097/1061/901 2096/1061/901
f 2096/1061/901 2097/1061/901 2099/1061/901 2098/1061/901
f 2100/1060/901 2101/1061/901 2103/1062/901 2102/1063/901
f 2101/1061/901 2100/1060/901 2104/1060/901 2105/1061/901
f 2101/1061/901 2105/1061/901 2107/1061/901 2106/1061/901
f 2106/1061/901 2107/1061/901 2109/1061/901 2108/1061/901
f 2110/1060/901 2111/1061/901 2113/1062/901 2112/1063/901
f 2111/1061/901 2110/1060/901 2114/1060/901 2115/1061/901
f 2111/1061/901 2115/1061/901 2117/1061/901 2116/1061/901
f 2116/1061/901 2117/1061/901 2119/1061/901 2118/1061/901
f 2120/1060/901 2121/1061/901 2123/1062/901 2122/1063/901
f 2121/1061/901 2120/1060/901 2124/1060/901 2125/1061/901
f 2121/1061/901 2125/1061/901 2127/1061/901 2126/1061/901
f 2126/1061/901 2127/1061/901 2129/1061/901 2128/1061/901
f 2130/1060/901 2131/1061/901 2133/1062/901 2132/1063/901
f 2131/1061/901 2130/1060/901 2134/1060/901 2135/1061/901
f 2131/1061/901 2135/1061/901 2137/1061/901 2136/1061/901
f 2136/1061/901 2137/1061/901 2139/1061/901 2138/1061/901
f 2140/1060/901 2141/1061/901 2143/1062/901 2142/1063/901
f 2141/1061/901 2140/1060/901 2144/1060/901 2145/1061/901
f 2141/1061/901 2145/1061/901 2147/1061/901 2146/1061/901
f 2146/1061/901 2147/1061/901 2149/1061/901 2148/1061/901
f 2150/1060/901 2151/1061/901 2153/1062/901 2152/1063/901
f 2151/1061/901 2150/1060/901 2154/1060/901 2155/1061/901
f 2151/1061/901 2155/1061/901 2157/1061/901 2156/1061/901
f 2156/1061/901 2157/1061/901 2159/1061/901 2158/1061/901
f 2160/1060/901 2161/1061/901 2163/1062/901 2162/1063/901
f 2161/1061/901 2160/1060/901 2164/1060/901 2165/1061/901
f 2161/1061/901 2165/1061/901 2167/1061/901 2166/1061/901
f 2166/1061/901 2167/1061/901 2169/1061/901 2168/1061/901
f 2170/1060/901 2171/1061/901 2173/1062/901 2172/1063/901
f 2171/1061/901 2170/1060/901 2174/1060/901 2175/1061/901
f 2171/1061/901 2175/1061/901 2177/1061/901 2176/1061/901
f 2176/1061/901 2177/1061/901 2179/1061/901 2178/1061/901
f 2180/1060/901 2181/1061/901 2183/1062/901 2182/1063/901
f 2181/1061/901 2180/1060/901 2184/1060/901 2185/1061/901
f 2181/1061/901 2185/1061/901 2187/1061/901 2186/1061/901
f 2186/1061/901 2187/1061/901 2189/1061/901 2188/1061/901
f 2190/1060/901 2191/1061/901 2193/1062/901 2192/1063/901
f 2191/1061/901 2190/1060/901 2194/1060/901 2195/1061/901
f 2191/1061/901 2195/1061/901 2197/1061/901 2196/1061/901
f 2196/1061/901 2197/1061/901 2199/1061/901 2198/1061/901
f 2200/1060/901 2201/1061/901 2203/1062/901 2202/1063/901
f 2201/1061/901 2200/1060/901 2204/1060/901 2205/1061/901
f 2201/1061/901 2205/1061/901 2207/1061/901 2206/1061/901
f 2206/1061/901 2207/1061/901 2209/1061/901 2208/1061/901
f 2210/1060/901 2211/1061/901 2213/1062/901 2212/1063/901
f 2211/1061/901 2210/1060/901 2214/1060/901 2215/1061/901
f 2211/1061/901 2215/1061/901 2217/1061/901 2216/1061/901
f 2216/1061/901 2217/1061/901 2219/1061/901 2218/1061/901
f 2220/1060/901 2221/1061/901 2223/1062/901 2222/1063/901
f 2221/1061/901 2220/1060/901 2224/1060/901 2225/1061/901
f 2221/1061/901 2225/1061/901 2227/1061/901 2226/1061/901
f 2226/1061/901 2227/1061/901 2229/1061/901 2228/1061/901
f 2230/1060/901 2231/1061/901 2233/1062/901 2232/1063/901
f 2231/1061/901 2230/1060/901 2234/1060/901 2235/1061/901
f 2231/1061/901 2235/1061/901 2237/1061/901 2236/1061/901
f 2236/1061/901 2237/1061/901 2239/1061/901 2238/1061/901
f 2240/1060/901 2241/1061/901 2243/1062/901 2242/1063/901
f 2241/1061/901 2240/1060/901 2244/1060/901 2245/1061/901
f 2241/1061/901 2245/1061/901 2247/1061/901 2246/1061/901
f 2246/1061/901 2247/1061/901 2249/1061/901 2248/1061/901
f 2250/1060/901 2251/1061/901 2253/1062/901 2252/1063/901
f 2251/1061/901 2250/1060/901 2254/1060/901 2255/1061/901
f 2251/1061/901 2255/1061/901 2257/1061/901 2256/1061/901
f 2256/1061/901 2257/1061/901 2259/1061/901 2258/1061/901
o gangstett_ad_vatnsbera
v 9.541564 0.000000 52.479523
v 8.871974 0.000000 51.250031
v 8.838998 0.000000 52.862144
v 8.169408 0.000000 51.632652
v 9.541564 0.000000 52.479523
v 8.871974 0.000000 51.250031
v 8.871974 0.000000 51.250031
v 8.871974 0.000000 51.250031
v 8.871974 0.000000 51.250031
v 8.871974 0.000000 51.250031
v 10.690088 0.000000 51.854027
v 10.020497 0.000000 50.624535
v 9.987521 0.000000 52.236649
v 9.317931 0.000000 51.007160
v 10.690088 0.000000 51.854027
v 10.020497 0.000000 50.624535
v 10.020497 0.000000 50.624535
v 10.020497 0.000000 50.624535
v 10.020497 0.000000 50.624535
v 10.020497 0.000000 50.624535
v 10.469332 0.000000 54.198605
v 9.799742 0.000000 52.969112
v 9.766765 0.000000 54.581226
v 9.097175 0.000000 53.351738
v 10.469332 0.000000 54.198605
v 9.799742 0.000000 52.969112
v 9.799742 0.000000 52.969112
v 9.799742 0.000000 52.969112
v 9.799742 0.000000 52.969112
v 9.799742 0.000000 52.969112
v 11.617855 0.000000 53.573109
v 10.948265 0.000000 52.343620
v 10.915289 0.000000 53.955734
v 10.245698 0.000000 52.726242
v 11.617855 0.000000 53.573109
v 10.948265 0.000000 52.343620
v 10.948265 0.000000 52.343620
v 10.948265 0.000000 52.343620
v 10.948265 0.000000 52.343620
v 10.948265 0.000000 52.343620
v 7.659685 0.000000 48.983402
v 6.990095 0.000000 47.753914
v 6.957118 0.000000 49.366028
v 6.287528 0.000000 48.136536
v 7.659685 0.000000 48.983402
v 6.990095 0.000000 47.753914
v 6.990095 0.000000 47.753914
v 6.990095 0.000000 47.753914
v 6.990095 0.000000 47.753914
v 6.990095 0.000000 47.753914
v 8.808208 0.000000 48.357910
v 8.138618 0.000000 47.128418
v 8.105641 0.000000 48.740532
v 7.436051 0.000000 47.511040
v 8.808208 0.000000 48.357910
v 8.138618 0.000000 47.128418
v 8.138618 0.000000 47.128418
v 8.138618 0.000000 47.128418
v 8.138618 0.000000 47.128418
v 8.138618 0.000000 47.128418
v 8.587452 0.000000 50.702488
v 7.917862 0.000000 49.472996
v 7.884885 0.000000 51.085110
v 7.215295 0.000000 49.855618
v 8.587452 0.000000 50.702488
v 7.917862 0.000000 49.472996
v 7.917862 0.000000 49.472996
v 7.917862 0.000000 49.472996
v 7.917862 0.000000 49.472996
v 7.917862 0.000000 49.472996
v 9.735975 0.000000 50.076992
v 9.066385 0.000000 48.847500
v 9.033409 0.000000 50.459614
v 8.363819 0.000000 49.230125
v 9.735975 0.000000 50.076992
v 9.066385 0.000000 48.847500
v 9.066385 0.000000 48.847500
v 9.066385 0.000000 48.847500
v 9.066385 0.000000 48.847500
v 9.066385 0.000000 48.847500
v 5.900911 0.000000 45.616360
v 5.231321 0.000000 44.386871
v 5.198345 0.000000 45.998985
v 4.528755 0.000000 44.769493
v 5.900911 0.000000 45.616360
v 5.231321 0.000000 44.386871
v 5.231321 0.000000 44.386871
v 5.231321 0.000000 44.386871
v 5.231321 0.000000 44.386871
v 5.231321 0.000000 44.386871
v 7.049435 0.000000 44.990868
v 6.379845 0.000000 43.761375
v 6.346869 0.000000 45.373489
v 5.677278 0.000000 44.143997
v 7.049435 0.000000 44.990868
v 6.379845 0.000000 43.761375
v 6.379845 0.000000 43.761375
v 6.379845 0.000000 43.761375
v 6.379845 0.000000 43.761375
v 6.379845 0.000000 43.761375
v 6.828679 0.000000 47.335445
v 6.159089 0.000000 46.105953
v 6.126112 0.000000 47.718067
v 5.456522 0.000000 46.488575
v 6.828679 0.000000 47.335445
v 6.159089 0.000000 46.105953
v 6.159089 0.000000 46.105953
v 6.159089 0.000000 46.105953
v 6.159089 0.000000 46.105953
v 6.159089 0.000000 46.105953
v 7.977202 0.000000 46.709949
v 7.307612 0.000000 45.480457
v 7.274635 0.000000 47.092571
v 6.605045 0.000000 45.863083
v 7.977202 0.000000 46.709949
v 7.307612 0.000000 45.480457
v 7.307612 0.000000 45.480457
v 7.307612 0.000000 45.480457
v 7.307612 0.000000 45.480457
v 7.307612 0.000000 45.480457
v 5.005795 0.000000 43.910919
v 4.444901 0.000000 42.628189
v 4.272806 0.000000 44.231430
v 3.711912 0.000000 42.948700
v 5.005795 0.000000 43.910919
v 4.444901 0.000000 42.628189
v 4.444901 0.000000 42.628189
v 4.444901 0.000000 42.628189
v 4.444901 0.000000 42.628189
v 4.444901 0.000000 42.628189
v 6.204051 0.000000 43.386963
v 5.643157 0.000000 42.104233
v 5.471063 0.000000 43.707474
v 4.910169 0.000000 42.424744
v 6.204051 0.000000 43.386963
v 5.643157 0.000000 42.104233
v 5.643157 0.000000 42.104233
v 5.643157 0.000000 42.104233
v 5.643157 0.000000 42.104233
v 5.643157 0.000000 42.104233
v 4.234822 0.000000 42.277264
v 3.673928 0.000000 40.994534
v 3.501832 0.000000 42.597775
v 2.940939 0.000000 41.315044
v 4.234822 0.000000 42.277264
v 3.673928 0.000000 40.994534
v 3.673928 0.000000 40.994534
v 3.673928 0.000000 40.994534
v 3.673928 0.000000 40.994534
v 3.673928 0.000000 40.994534
v 5.433078 0.000000 41.753307
v 4.872185 0.000000 40.470577
v 4.700089 0.000000 42.073818
v 4.139195 0.000000 40.791088
v 5.433078 0.000000 41.753307
v 4.872185 0.000000 40.470577
v 4.872185 0.000000 40.470577
v 4.872185 0.000000 40.470577
v 4.872185 0.000000 40.470577
v 4.872185 0.000000 40.470577
v 3.441080 0.000000 40.591671
v 2.880187 0.000000 39.308941
v 2.708091 0.000000 40.912182
v 2.147197 0.000000 39.629452
v 3.441080 0.000000 40.591671
v 2.880187 0.000000 39.308941
v 2.880187 0.000000 39.308941
v 2.880187 0.000000 39.308941
v 2.880187 0.000000 39.308941
v 2.880187 0.000000 39.308941
v 4.639338 0.000000 40.067715
v 4.078443 0.000000 38.784985
v 3.906348 0.000000 40.388229
v 3.345454 0.000000 39.105495
v 4.639338 0.000000 40.067715
v 4.078443 0.000000 38.784985
v 4.078443 0.000000 38.784985
v 4.078443 0.000000 38.784985
v 4.078443 0.000000 38.784985
v 4.078443 0.000000 38.784985
v 2.732760 0.000000 38.968910
v 2.171867 0.000000 37.686180
v 1.999772 0.000000 39.289421
v 1.438878 0.000000 38.006691
v 2.732760 0.000000 38.968910
v 2.171867 0.000000 37.686180
v 2.171867 0.000000 37.686180
v 2.171867 0.000000 37.686180
v 2.171867 0.000000 37.686180
v 2.171867 0.000000 37.686180
v 3.931018 0.000000 38.444954
v 3.370123 0.000000 37.162224
v 3.198029 0.000000 38.765465
v 2.637135 0.000000 37.482735
v 3.931018 0.000000 38.444954
v 3.370123 0.000000 37.162224
v 3.370123 0.000000 37.162224
v 3.370123 0.000000 37.162224
v 3.370123 0.000000 37.162224
v 3.370123 0.000000 37.162224
vn -0.0000 1.0000 -0.0000
vt 0.000000 0.000000
vt 1.000000 0.000000
vt 1.000000 1.000000
vt 0.000000 1.000000
s 0
usemtl Material.025
f 2260/1064/902 2261/1065/902 2263/1066/902 2262/1067/902
f 2261/1065/902 2260/1064/902 2264/1064/902 2265/1065/902
f 2261/1065/902 2265/1065/902 2267/1065/902 2266/1065/902
f 2266/1065/902 2267/1065/902 2269/1065/902 2268/1065/902
f 2270/1064/902 2271/1065/902 2273/1066/902 2272/1067/902
f 2271/1065/902 2270/1064/902 2274/1064/902 2275/1065/902
f 2271/1065/902 2275/1065/902 2277/1065/902 2276/1065/902
f 2276/1065/902 2277/1065/902 2279/1065/902 2278/1065/902
f 2280/1064/902 2281/1065/902 2283/1066/902 2282/1067/902
f 2281/1065/902 2280/1064/902 2284/1064/902 2285/1065/902
f 2281/1065/902 2285/1065/902 2287/1065/902 2286/1065/902
f 2286/1065/902 2287/1065/902 2289/1065/902 2288/1065/902
f 2290/1064/902 2291/1065/902 2293/1066/902 2292/1067/902
f 2291/1065/902 2290/1064/902 2294/1064/902 2295/1065/902
f 2291/1065/902 2295/1065/902 2297/1065/902 2296/1065/902
f 2296/1065/902 2297/1065/902 2299/1065/902 2298/1065/902
f 2300/1064/902 2301/1065/902 2303/1066/902 2302/1067/902
f 2301/1065/902 2300/1064/902 2304/1064/902 2305/1065/902
f 2301/1065/902 2305/1065/902 2307/1065/902 2306/1065/902
f 2306/1065/902 2307/1065/902 2309/1065/902 2308/1065/902
f 2310/1064/902 2311/1065/902 2313/1066/902 2312/1067/902
f 2311/1065/902 2310/1064/902 2314/1064/902 2315/1065/902
f 2311/1065/902 2315/1065/902 2317/1065/902 2316/1065/902
f 2316/1065/902 2317/1065/902 2319/1065/902 2318/1065/902
f 2320/1064/902 2321/1065/902 2323/1066/902 2322/1067/902
f 2321/1065/902 2320/1064/902 2324/1064/902 2325/1065/902
f 2321/1065/902 2325/1065/902 2327/1065/902 2326/1065/902
f 2326/1065/902 2327/1065/902 2329/1065/902 2328/1065/902
f 2330/1064/902 2331/1065/902 2333/1066/902 2332/1067/902
f 2331/1065/902 2330/1064/902 2334/1064/902 2335/1065/902
f 2331/1065/902 2335/1065/902 2337/1065/902 2336/1065/902
f 2336/1065/902 2337/1065/902 2339/1065/902 2338/1065/902
f 2340/1064/902 2341/1065/902 2343/1066/902 2342/1067/902
f 2341/1065/902 2340/1064/902 2344/1064/902 2345/1065/902
f 2341/1065/902 2345/1065/902 2347/1065/902 2346/1065/902
f 2346/1065/902 2347/1065/902 2349/1065/902 2348/1065/902
f 2350/1064/902 2351/1065/902 2353/1066/902 2352/1067/902
f 2351/1065/902 2350/1064/902 2354/1064/902 2355/1065/902
f 2351/1065/902 2355/1065/902 2357/1065/902 2356/1065/902
f 2356/1065/902 2357/1065/902 2359/1065/902 2358/1065/902
f 2360/1064/902 2361/1065/902 2363/1066/902 2362/1067/902
f 2361/1065/902 2360/1064/902 2364/1064/902 2365/1065/902
f 2361/1065/902 2365/1065/902 2367/1065/902 2366/1065/902
f 2366/1065/902 2367/1065/902 2369/1065/902 2368/1065/902
f 2370/1064/902 2371/1065/902 2373/1066/902 2372/1067/902
f 2371/1065/902 2370/1064/902 2374/1064/902 2375/1065/902
f 2371/1065/902 2375/1065/902 2377/1065/902 2376/1065/902
f 2376/1065/902 2377/1065/902 2379/1065/902 2378/1065/902
f 2380/1064/902 2381/1065/902 2383/1066/902 2382/1067/902
f 2381/1065/902 2380/1064/902 2384/1064/902 2385/1065/902
f 2381/1065/902 2385/1065/902 2387/1065/902 2386/1065/902
f 2386/1065/902 2387/1065/902 2389/1065/902 2388/1065/902
f 2390/1064/902 2391/1065/902 2393/1066/902 2392/1067/902
f 2391/1065/902 2390/1064/902 2394/1064/902 2395/1065/902
f 2391/1065/902 2395/1065/902 2397/1065/902 2396/1065/902
f 2396/1065/902 2397/1065/902 2399/1065/902 2398/1065/902
f 2400/1064/902 2401/1065/902 2403/1066/902 2402/1067/902
f 2401/1065/902 2400/1064/902 2404/1064/902 2405/1065/902
f 2401/1065/902 2405/1065/902 2407/1065/902 2406/1065/902
f 2406/1065/902 2407/1065/902 2409/1065/902 2408/1065/902
f 2410/1064/902 2411/1065/902 2413/1066/902 2412/1067/902
f 2411/1065/902 2410/1064/902 2414/1064/902 2415/1065/902
f 2411/1065/902 2415/1065/902 2417/1065/902 2416/1065/902
f 2416/1065/902 2417/1065/902 2419/1065/902 2418/1065/902
f 2420/1064/902 2421/1065/902 2423/1066/902 2422/1067/902
f 2421/1065/902 2420/1064/902 2424/1064/902 2425/1065/902
f 2421/1065/902 2425/1065/902 2427/1065/902 2426/1065/902
f 2426/1065/902 2427/1065/902 2429/1065/902 2428/1065/902
f 2430/1064/902 2431/1065/902 2433/1066/902 2432/1067/902
f 2431/1065/902 2430/1064/902 2434/1064/902 2435/1065/902
f 2431/1065/902 2435/1065/902 2437/1065/902 2436/1065/902
f 2436/1065/902 2437/1065/902 2439/1065/902 2438/1065/902
f 2440/1064/902 2441/1065/902 2443/1066/902 2442/1067/902
f 2441/1065/902 2440/1064/902 2444/1064/902 2445/1065/902
f 2441/1065/902 2445/1065/902 2447/1065/902 2446/1065/902
f 2446/1065/902 2447/1065/902 2449/1065/902 2448/1065/902
f 2450/1064/902 2451/1065/902 2453/1066/902 2452/1067/902
f 2451/1065/902 2450/1064/902 2454/1064/902 2455/1065/902
f 2451/1065/902 2455/1065/902 2457/1065/902 2456/1065/902
f 2456/1065/902 2457/1065/902 2459/1065/902 2458/1065/902
o litil_stett_ad_tonum_hafsins
v 36.144588 0.000000 -1.528498
v 36.144588 0.000000 -2.228498
v 35.744587 0.000000 -1.528498
v 35.744587 0.000000 -2.228498
v 36.144588 0.000000 -1.528498
v 36.144588 0.000000 -2.228498
v 36.144588 0.000000 -2.228498
v 36.144588 0.000000 -2.228498
v 36.144588 0.000000 -2.228498
v 36.144588 0.000000 -2.228498
v 36.798489 0.000000 -1.528498
v 36.798489 0.000000 -2.228498
v 36.398491 0.000000 -1.528498
v 36.398491 0.000000 -2.228498
v 36.798489 0.000000 -1.528498
v 36.798489 0.000000 -2.228498
v 36.798489 0.000000 -2.228498
v 36.798489 0.000000 -2.228498
v 36.798489 0.000000 -2.228498
v 36.798489 0.000000 -2.228498
v 36.118866 0.000000 -0.628175
v 36.118866 0.000000 -1.328175
v 35.718868 0.000000 -0.628175
v 35.718868 0.000000 -1.328175
v 36.118866 0.000000 -0.628175
v 36.118866 0.000000 -1.328175
v 36.118866 0.000000 -1.328175
v 36.118866 0.000000 -1.328175
v 36.118866 0.000000 -1.328175
v 36.118866 0.000000 -1.328175
v 36.772770 0.000000 -0.628175
v 36.772770 0.000000 -1.328176
v 36.372768 0.000000 -0.628175
v 36.372768 0.000000 -1.328175
v 36.772770 0.000000 -0.628175
v 36.772770 0.000000 -1.328176
v 36.772770 0.000000 -1.328176
v 36.772770 0.000000 -1.328176
v 36.772770 0.000000 -1.328176
v 36.772770 0.000000 -1.328176
v 36.142883 0.000000 1.244551
v 36.142883 0.000000 0.544551
v 35.742886 0.000000 1.244551
v 35.742886 0.000000 0.544551
v 36.142883 0.000000 1.244551
v 36.142883 0.000000 0.544551
v 36.142883 0.000000 0.544551
v 36.142883 0.000000 0.544551
v 36.142883 0.000000 0.544551
v 36.142883 0.000000 0.544551
v 36.796787 0.000000 1.244551
v 36.796787 0.000000 0.544551
v 36.396786 0.000000 1.244551
v 36.396786 0.000000 0.544551
v 36.796787 0.000000 1.244551
v 36.796787 0.000000 0.544551
v 36.796787 0.000000 0.544551
v 36.796787 0.000000 0.544551
v 36.796787 0.000000 0.544551
v 36.796787 0.000000 0.544551
v 36.161613 0.000000 3.167514
v 36.161613 0.000000 2.467514
v 35.761612 0.000000 3.167514
v 35.761612 0.000000 2.467514
v 36.161613 0.000000 3.167514
v 36.161613 0.000000 2.467514
v 36.161613 0.000000 2.467514
v 36.161613 0.000000 2.467514
v 36.161613 0.000000 2.467514
v 36.161613 0.000000 2.467514
v 36.815514 0.000000 3.167514
v 36.815514 0.000000 2.467514
v 36.415516 0.000000 3.167514
v 36.415516 0.000000 2.467514
v 36.815514 0.000000 3.167514
v 36.815514 0.000000 2.467514
v 36.815514 0.000000 2.467514
v 36.815514 0.000000 2.467514
v 36.815514 0.000000 2.467514
v 36.815514 0.000000 2.467514
v 36.177162 0.000000 5.125030
v 36.177162 0.000000 4.425030
v 35.777161 0.000000 5.125030
v 35.777161 0.000000 4.425030
v 36.177162 0.000000 5.125030
v 36.177162 0.000000 4.425030
v 36.177162 0.000000 4.425030
v 36.177162 0.000000 4.425030
v 36.177162 0.000000 4.425030
v 36.177162 0.000000 4.425030
v 36.831062 0.000000 5.125030
v 36.831062 0.000000 4.425030
v 36.431065 0.000000 5.125030
v 36.431065 0.000000 4.425030
v 36.831062 0.000000 5.125030
v 36.831062 0.000000 4.425030
v 36.831062 0.000000 4.425030
v 36.831062 0.000000 4.425030
v 36.831062 0.000000 4.425030
v 36.831062 0.000000 4.425030
v 36.149784 0.000000 7.090424
v 36.149780 0.000000 6.390424
v 35.749783 0.000000 7.090424
v 35.749783 0.000000 6.390424
v 36.149784 0.000000 7.090424
v 36.149780 0.000000 6.390424
v 36.149780 0.000000 6.390424
v 36.149780 0.000000 6.390424
v 36.149780 0.000000 6.390424
v 36.149780 0.000000 6.390424
v 36.803684 0.000000 7.090424
v 36.803684 0.000000 6.390424
v 36.403683 0.000000 7.090424
v 36.403683 0.000000 6.390424
v 36.803684 0.000000 7.090424
v 36.803684 0.000000 6.390424
v 36.803684 0.000000 6.390424
v 36.803684 0.000000 6.390424
v 36.803684 0.000000 6.390424
v 36.803684 0.000000 6.390424
v 36.173618 0.000000 9.047458
v 36.173618 0.000000 8.347458
v 35.773617 0.000000 9.047458
v 35.773617 0.000000 8.347458
v 36.173618 0.000000 9.047458
v 36.173618 0.000000 8.347458
v 36.173618 0.000000 8.347458
v 36.173618 0.000000 8.347458
v 36.173618 0.000000 8.347458
v 36.173618 0.000000 8.347458
v 36.827518 0.000000 9.047458
v 36.827518 0.000000 8.347458
v 36.427517 0.000000 9.047458
v 36.427517 0.000000 8.347458
v 36.827518 0.000000 9.047458
v 36.827518 0.000000 8.347458
v 36.827518 0.000000 8.347458
v 36.827518 0.000000 8.347458
v 36.827518 0.000000 8.347458
v 36.827518 0.000000 8.347458
v 36.090248 0.000000 0.310031
v 36.090248 0.000000 -0.389969
v 35.690247 0.000000 0.310031
v 35.690247 0.000000 -0.389969
v 36.090248 0.000000 0.310031
v 36.090248 0.000000 -0.389969
v 36.090248 0.000000 -0.389969
v 36.090248 0.000000 -0.389969
v 36.090248 0.000000 -0.389969
v 36.090248 0.000000 -0.389969
v 36.744148 0.000000 0.310031
v 36.744148 0.000000 -0.389969
v 36.344151 0.000000 0.310031
v 36.344151 0.000000 -0.389969
v 36.744148 0.000000 0.310031
v 36.744148 0.000000 -0.389969
v 36.744148 0.000000 -0.389969
v 36.744148 0.000000 -0.389969
v 36.744148 0.000000 -0.389969
v 36.744148 0.000000 -0.389969
v 36.083584 0.000000 2.214730
v 36.083584 0.000000 1.514730
v 35.683582 0.000000 2.214730
v 35.683582 0.000000 1.514730
v 36.083584 0.000000 2.214730
v 36.083584 0.000000 1.514730
v 36.083584 0.000000 1.514730
v 36.083584 0.000000 1.514730
v 36.083584 0.000000 1.514730
v 36.083584 0.000000 1.514730
v 36.737484 0.000000 2.214730
v 36.737484 0.000000 1.514730
v 36.337486 0.000000 2.214730
v 36.337486 0.000000 1.514730
v 36.737484 0.000000 2.214730
v 36.737484 0.000000 1.514730
v 36.737484 0.000000 1.514730
v 36.737484 0.000000 1.514730
v 36.737484 0.000000 1.514730
v 36.737484 0.000000 1.514730
v 36.161274 0.000000 4.185883
v 36.161274 0.000000 3.485883
v 35.761276 0.000000 4.185883
v 35.761276 0.000000 3.485883
v 36.161274 0.000000 4.185883
v 36.161274 0.000000 3.485883
v 36.161274 0.000000 3.485883
v 36.161274 0.000000 3.485883
v 36.161274 0.000000 3.485883
v 36.161274 0.000000 3.485883
v 36.815178 0.000000 4.185883
v 36.815178 0.000000 3.485883
v 36.415176 0.000000 4.185883
v 36.415176 0.000000 3.485883
v 36.815178 0.000000 4.185883
v 36.815178 0.000000 3.485883
v 36.815178 0.000000 3.485883
v 36.815178 0.000000 3.485883
v 36.815178 0.000000 3.485883
v 36.815178 0.000000 3.485883
v 36.142776 0.000000 6.128450
v 36.142776 0.000000 5.428451
v 35.742779 0.000000 6.128450
v 35.742779 0.000000 5.428451
v 36.142776 0.000000 6.128450
v 36.142776 0.000000 5.428451
v 36.142776 0.000000 5.428451
v 36.142776 0.000000 5.428451
v 36.142776 0.000000 5.428451
v 36.142776 0.000000 5.428451
v 36.796680 0.000000 6.128450
v 36.796680 0.000000 5.428451
v 36.396679 0.000000 6.128450
v 36.396679 0.000000 5.428451
v 36.796680 0.000000 6.128450
v 36.796680 0.000000 5.428451
v 36.796680 0.000000 5.428451
v 36.796680 0.000000 5.428451
v 36.796680 0.000000 5.428451
v 36.796680 0.000000 5.428451
v 36.156254 0.000000 8.123202
v 36.156254 0.000000 7.423203
v 35.756256 0.000000 8.123202
v 35.756256 0.000000 7.423203
v 36.156254 0.000000 8.123202
v 36.156254 0.000000 7.423203
v 36.156254 0.000000 7.423203
v 36.156254 0.000000 7.423203
v 36.156254 0.000000 7.423203
v 36.156254 0.000000 7.423203
v 36.810158 0.000000 8.123202
v 36.810158 0.000000 7.423203
v 36.410156 0.000000 8.123202
v 36.410156 0.000000 7.423203
v 36.810158 0.000000 8.123202
v 36.810158 0.000000 7.423203
v 36.810158 0.000000 7.423203
v 36.810158 0.000000 7.423203
v 36.810158 0.000000 7.423203
v 36.810158 0.000000 7.423203
vn -0.0000 1.0000 -0.0000
vt 0.000000 0.000000
vt 1.000000 0.000000
vt 1.000000 1.000000
vt 0.000000 1.000000
s 0
f 2460/1068/903 2461/1069/903 2463/1070/903 2462/1071/903
f 2461/1069/903 2460/1068/903 2464/1068/903 2465/1069/903
f 2461/1069/903 2465/1069/903 2467/1069/903 2466/1069/903
f 2466/1069/903 2467/1069/903 2469/1069/903 2468/1069/903
f 2470/1068/903 2471/1069/903 2473/1070/903 2472/1071/903
f 2471/1069/903 2470/1068/903 2474/1068/903 2475/1069/903
f 2471/1069/903 2475/1069/903 2477/1069/903 2476/1069/903
f 2476/1069/903 2477/1069/903 2479/1069/903 2478/1069/903
f 2480/1068/903 2481/1069/903 2483/1070/903 2482/1071/903
f 2481/1069/903 2480/1068/903 2484/1068/903 2485/1069/903
f 2481/1069/903 2485/1069/903 2487/1069/903 2486/1069/903
f 2486/1069/903 2487/1069/903 2489/1069/903 2488/1069/903
f 2490/1068/903 2491/1069/903 2493/1070/903 2492/1071/903
f 2491/1069/903 2490/1068/903 2494/1068/903 2495/1069/903
f 2491/1069/903 2495/1069/903 2497/1069/903 2496/1069/903
f 2496/1069/903 2497/1069/903 2499/1069/903 2498/1069/903
f 2500/1068/903 2501/1069/903 2503/1070/903 2502/1071/903
f 2501/1069/903 2500/1068/903 2504/1068/903 2505/1069/903
f 2501/1069/903 2505/1069/903 2507/1069/903 2506/1069/903
f 2506/1069/903 2507/1069/903 2509/1069/903 2508/1069/903
f 2510/1068/903 2511/1069/903 2513/1070/903 2512/1071/903
f 2511/1069/903 2510/1068/903 2514/1068/903 2515/1069/903
f 2511/1069/903 2515/1069/903 2517/1069/903 2516/1069/903
f 2516/1069/903 2517/1069/903 2519/1069/903 2518/1069/903
f 2520/1068/903 2521/1069/903 2523/1070/903 2522/1071/903
f 2521/1069/903 2520/1068/903 2524/1068/903 2525/1069/903
f 2521/1069/903 2525/1069/903 2527/1069/903 2526/1069/903
f 2526/1069/903 2527/1069/903 2529/1069/903 2528/1069/903
f 2530/1068/903 2531/1069/903 2533/1070/903 2532/1071/903
f 2531/1069/903 2530/1068/903 2534/1068/903 2535/1069/903
f 2531/1069/903 2535/1069/903 2537/1069/903 2536/1069/903
f 2536/1069/903 2537/1069/903 2539/1069/903 2538/1069/903
f 2540/1068/903 2541/1069/903 2543/1070/903 2542/1071/903
f 2541/1069/903 2540/1068/903 2544/1068/903 2545/1069/903
f 2541/1069/903 2545/1069/903 2547/1069/903 2546/1069/903
f 2546/1069/903 2547/1069/903 2549/1069/903 2548/1069/903
f 2550/1068/903 2551/1069/903 2553/1070/903 2552/1071/903
f 2551/1069/903 2550/1068/903 2554/1068/903 2555/1069/903
f 2551/1069/903 2555/1069/903 2557/1069/903 2556/1069/903
f 2556/1069/903 2557/1069/903 2559/1069/903 2558/1069/903
f 2560/1068/903 2561/1069/903 2563/1070/903 2562/1071/903
f 2561/1069/903 2560/1068/903 2564/1068/903 2565/1069/903
f 2561/1069/903 2565/1069/903 2567/1069/903 2566/1069/903
f 2566/1069/903 2567/1069/903 2569/1069/903 2568/1069/903
f 2570/1068/903 2571/1069/903 2573/1070/903 2572/1071/903
f 2571/1069/903 2570/1068/903 2574/1068/903 2575/1069/903
f 2571/1069/903 2575/1069/903 2577/1069/903 2576/1069/903
f 2576/1069/903 2577/1069/903 2579/1069/903 2578/1069/903
f 2580/1068/903 2581/1069/903 2583/1070/903 2582/1071/903
f 2581/1069/903 2580/1068/903 2584/1068/903 2585/1069/903
f 2581/1069/903 2585/1069/903 2587/1069/903 2586/1069/903
f 2586/1069/903 2587/1069/903 2589/1069/903 2588/1069/903
f 2590/1068/903 2591/1069/903 2593/1070/903 2592/1071/903
f 2591/1069/903 2590/1068/903 2594/1068/903 2595/1069/903
f 2591/1069/903 2595/1069/903 2597/1069/903 2596/1069/903
f 2596/1069/903 2597/1069/903 2599/1069/903 2598/1069/903
f 2600/1068/903 2601/1069/903 2603/1070/903 2602/1071/903
f 2601/1069/903 2600/1068/903 2604/1068/903 2605/1069/903
f 2601/1069/903 2605/1069/903 2607/1069/903 2606/1069/903
f 2606/1069/903 2607/1069/903 2609/1069/903 2608/1069/903
f 2610/1068/903 2611/1069/903 2613/1070/903 2612/1071/903
f 2611/1069/903 2610/1068/903 2614/1068/903 2615/1069/903
f 2611/1069/903 2615/1069/903 2617/1069/903 2616/1069/903
f 2616/1069/903 2617/1069/903 2619/1069/903 2618/1069/903
f 2620/1068/903 2621/1069/903 2623/1070/903 2622/1071/903
f 2621/1069/903 2620/1068/903 2624/1068/903 2625/1069/903
f 2621/1069/903 2625/1069/903 2627/1069/903 2626/1069/903
f 2626/1069/903 2627/1069/903 2629/1069/903 2628/1069/903
f 2630/1068/903 2631/1069/903 2633/1070/903 2632/1071/903
f 2631/1069/903 2630/1068/903 2634/1068/903 2635/1069/903
f 2631/1069/903 2635/1069/903 2637/1069/903 2636/1069/903
f 2636/1069/903 2637/1069/903 2639/1069/903 2638/1069/903
f 2640/1068/903 2641/1069/903 2643/1070/903 2642/1071/903
f 2641/1069/903 2640/1068/903 2644/1068/903 2645/1069/903
f 2641/1069/903 2645/1069/903 2647/1069/903 2646/1069/903
f 2646/1069/903 2647/1069/903 2649/1069/903 2648/1069/903
f 2650/1068/903 2651/1069/903 2653/1070/903 2652/1071/903
f 2651/1069/903 2650/1068/903 2654/1068/903 2655/1069/903
f 2651/1069/903 2655/1069/903 2657/1069/903 2656/1069/903
f 2656/1069/903 2657/1069/903 2659/1069/903 2658/1069/903
f 2660/1068/903 2661/1069/903 2663/1070/903 2662/1071/903
f 2661/1069/903 2660/1068/903 2664/1068/903 2665/1069/903
f 2661/1069/903 2665/1069/903 2667/1069/903 2666/1069/903
f 2666/1069/903 2667/1069/903 2669/1069/903 2668/1069/903
f 2670/1068/903 2671/1069/903 2673/1070/903 2672/1071/903
f 2671/1069/903 2670/1068/903 2674/1068/903 2675/1069/903
f 2671/1069/903 2675/1069/903 2677/1069/903 2676/1069/903
f 2676/1069/903 2677/1069/903 2679/1069/903 2678/1069/903
f 2680/1068/903 2681/1069/903 2683/1070/903 2682/1071/903
f 2681/1069/903 2680/1068/903 2684/1068/903 2685/1069/903
f 2681/1069/903 2685/1069/903 2687/1069/903 2686/1069/903
f 2686/1069/903 2687/1069/903 2689/1069/903 2688/1069/903
f 2690/1068/903 2691/1069/903 2693/1070/903 2692/1071/903
f 2691/1069/903 2690/1068/903 2694/1068/903 2695/1069/903
f 2691/1069/903 2695/1069/903 2697/1069/903 2696/1069/903
f 2696/1069/903 2697/1069/903 2699/1069/903 2698/1069/903
o gangstett_i_kringum_hring
v -4.807088 0.000000 33.229908
v -4.429900 0.000000 31.881678
v -5.577506 0.000000 33.014374
v -5.200318 0.000000 31.666142
v -4.807088 0.000000 33.229908
v -4.429900 0.000000 31.881678
v -4.429900 0.000000 31.881678
v -4.429900 0.000000 31.881678
v -4.429900 0.000000 31.881678
v -4.429900 0.000000 31.881678
v -3.547644 0.000000 33.582256
v -3.170456 0.000000 32.234024
v -4.318062 0.000000 33.366722
v -3.940874 0.000000 32.018490
v -3.547644 0.000000 33.582256
v -3.170456 0.000000 32.234024
v -3.170456 0.000000 32.234024
v -3.170456 0.000000 32.234024
v -3.170456 0.000000 32.234024
v -3.170456 0.000000 32.234024
v -5.340538 0.000000 35.109119
v -4.963350 0.000000 33.760887
v -6.110956 0.000000 34.893581
v -5.733768 0.000000 33.545349
v -5.340538 0.000000 35.109119
v -4.963350 0.000000 33.760887
v -4.963350 0.000000 33.760887
v -4.963350 0.000000 33.760887
v -4.963350 0.000000 33.760887
v -4.963350 0.000000 33.760887
v -4.081094 0.000000 35.461468
v -3.703906 0.000000 34.113235
v -4.851512 0.000000 35.245930
v -4.474324 0.000000 33.897697
v -4.081094 0.000000 35.461468
v -3.703906 0.000000 34.113235
v -3.703906 0.000000 34.113235
v -3.703906 0.000000 34.113235
v -3.703906 0.000000 34.113235
v -3.703906 0.000000 34.113235
v 19.301952 0.000000 17.080345
v 18.017113 0.000000 16.524292
v 18.984207 0.000000 17.814537
v 17.699368 0.000000 17.258484
v 19.301952 0.000000 17.080345
v 18.017113 0.000000 16.524292
v 18.017113 0.000000 16.524292
v 18.017113 0.000000 16.524292
v 18.017113 0.000000 16.524292
v 18.017113 0.000000 16.524292
v 19.821388 0.000000 15.880123
v 18.536549 0.000000 15.324068
v 19.503643 0.000000 16.614313
v 18.218803 0.000000 16.058260
v 19.821388 0.000000 15.880123
v 18.536549 0.000000 15.324068
v 18.536549 0.000000 15.324068
v 18.536549 0.000000 15.324068
v 18.536549 0.000000 15.324068
v 18.536549 0.000000 15.324068
v 21.091755 0.000000 17.863033
v 19.806919 0.000000 17.306980
v 20.774010 0.000000 18.597227
v 19.489174 0.000000 18.041172
v 21.091755 0.000000 17.863033
v 19.806919 0.000000 17.306980
v 19.806919 0.000000 17.306980
v 19.806919 0.000000 17.306980
v 19.806919 0.000000 17.306980
v 19.806919 0.000000 17.306980
v 21.611191 0.000000 16.662811
v 20.326351 0.000000 16.106756
v 21.293446 0.000000 17.397001
v 20.008610 0.000000 16.840948
v 21.611191 0.000000 16.662811
v 20.326351 0.000000 16.106756
v 20.326351 0.000000 16.106756
v 20.326351 0.000000 16.106756
v 20.326351 0.000000 16.106756
v 20.326351 0.000000 16.106756
v 18.124035 0.000000 19.350689
v 16.878582 0.000000 18.711277
v 17.758659 0.000000 20.062374
v 16.513203 0.000000 19.422962
v 18.124035 0.000000 19.350689
v 16.878582 0.000000 18.711277
v 16.878582 0.000000 18.711277
v 16.878582 0.000000 18.711277
v 16.878582 0.000000 18.711277
v 16.878582 0.000000 18.711277
v 18.721340 0.000000 18.187256
v 17.475887 0.000000 17.547844
v 18.355965 0.000000 18.898943
v 17.110508 0.000000 18.259529
v 18.721340 0.000000 18.187256
v 17.475887 0.000000 17.547844
v 17.475887 0.000000 17.547844
v 17.475887 0.000000 17.547844
v 17.475887 0.000000 17.547844
v 17.475887 0.000000 17.547844
v 19.858444 0.000000 20.249481
v 18.612991 0.000000 19.610067
v 19.493065 0.000000 20.961168
v 18.247616 0.000000 20.321754
v 19.858444 0.000000 20.249481
v 18.612991 0.000000 19.610067
v 18.612991 0.000000 19.610067
v 18.612991 0.000000 19.610067
v 18.612991 0.000000 19.610067
v 18.612991 0.000000 19.610067
v 20.455750 0.000000 19.086048
v 19.210297 0.000000 18.446634
v 20.090370 0.000000 19.797733
v 18.844917 0.000000 19.158321
v 20.455750 0.000000 19.086048
v 19.210297 0.000000 18.446634
v 19.210297 0.000000 18.446634
v 19.210297 0.000000 18.446634
v 19.210297 0.000000 18.446634
v 19.210297 0.000000 18.446634
v 16.751019 0.000000 21.583723
v 15.572318 0.000000 20.828299
v 16.319347 0.000000 22.257267
v 15.140645 0.000000 21.501842
v 16.751019 0.000000 21.583723
v 15.572318 0.000000 20.828299
v 15.572318 0.000000 20.828299
v 15.572318 0.000000 20.828299
v 15.572318 0.000000 20.828299
v 15.572318 0.000000 20.828299
v 17.456696 0.000000 20.482647
v 16.277992 0.000000 19.727222
v 17.025021 0.000000 21.156191
v 15.846322 0.000000 20.400766
v 17.456696 0.000000 20.482647
v 16.277992 0.000000 19.727222
v 16.277992 0.000000 19.727222
v 16.277992 0.000000 19.727222
v 16.277992 0.000000 19.727222
v 16.277992 0.000000 19.727222
v 18.391670 0.000000 22.644035
v 17.212971 0.000000 21.888611
v 17.959999 0.000000 23.317577
v 16.781296 0.000000 22.562153
v 18.391670 0.000000 22.644035
v 17.212971 0.000000 21.888611
v 17.212971 0.000000 21.888611
v 17.212971 0.000000 21.888611
v 17.212971 0.000000 21.888611
v 17.212971 0.000000 21.888611
v 19.097347 0.000000 21.542957
v 17.918644 0.000000 20.787533
v 18.665672 0.000000 22.216501
v 17.486977 0.000000 21.461075
v 19.097347 0.000000 21.542957
v 17.918644 0.000000 20.787533
v 17.918644 0.000000 20.787533
v 17.918644 0.000000 20.787533
v 17.918644 0.000000 20.787533
v 17.918644 0.000000 20.787533
v 11.168975 0.000000 26.913107
v 10.516829 0.000000 25.674276
v 10.461071 0.000000 27.285763
v 9.808924 0.000000 26.046932
v 11.168975 0.000000 26.913107
v 10.516829 0.000000 25.674276
v 10.516829 0.000000 25.674276
v 10.516829 0.000000 25.674276
v 10.516829 0.000000 25.674276
v 10.516829 0.000000 25.674276
v 12.326224 0.000000 26.303907
v 11.674077 0.000000 25.065075
v 11.618321 0.000000 26.676563
v 10.966172 0.000000 25.437731
v 12.326224 0.000000 26.303907
v 11.674077 0.000000 25.065075
v 11.674077 0.000000 25.065075
v 11.674077 0.000000 25.065075
v 11.674077 0.000000 25.065075
v 11.674077 0.000000 25.065075
v 12.072356 0.000000 28.645130
v 11.420209 0.000000 27.406300
v 11.364453 0.000000 29.017786
v 10.712304 0.000000 27.778954
v 12.072356 0.000000 28.645130
v 11.420209 0.000000 27.406300
v 11.420209 0.000000 27.406300
v 11.420209 0.000000 27.406300
v 11.420209 0.000000 27.406300
v 11.420209 0.000000 27.406300
v 13.229604 0.000000 28.035929
v 12.577455 0.000000 26.797096
v 12.521701 0.000000 28.408585
v 11.869552 0.000000 27.169754
v 13.229604 0.000000 28.035929
v 12.577455 0.000000 26.797096
v 12.577455 0.000000 26.797096
v 12.577455 0.000000 26.797096
v 12.577455 0.000000 26.797096
v 12.577455 0.000000 26.797096
v 15.018106 0.000000 23.580822
v 13.965819 0.000000 22.657406
v 14.490441 0.000000 24.182127
v 13.438155 0.000000 23.258713
v 15.018106 0.000000 23.580822
v 13.965819 0.000000 22.657406
v 13.965819 0.000000 22.657406
v 13.965819 0.000000 22.657406
v 13.965819 0.000000 22.657406
v 13.965819 0.000000 22.657406
v 15.880708 0.000000 22.597832
v 14.828424 0.000000 21.674419
v 15.353044 0.000000 23.199139
v 14.300757 0.000000 22.275724
v 15.880708 0.000000 22.597832
v 14.828424 0.000000 21.674419
v 14.828424 0.000000 21.674419
v 14.828424 0.000000 21.674419
v 14.828424 0.000000 21.674419
v 14.828424 0.000000 21.674419
v 16.481480 0.000000 24.874861
v 15.429193 0.000000 23.951447
v 15.953813 0.000000 25.476168
v 14.901528 0.000000 24.552753
v 16.481480 0.000000 24.874861
v 15.429193 0.000000 23.951447
v 15.429193 0.000000 23.951447
v 15.429193 0.000000 23.951447
v 15.429193 0.000000 23.951447
v 15.429193 0.000000 23.951447
v 17.344082 0.000000 23.891872
v 16.291798 0.000000 22.968458
v 16.816418 0.000000 24.493179
v 15.764131 0.000000 23.569763
v 17.344082 0.000000 23.891872
v 16.291798 0.000000 22.968458
v 16.291798 0.000000 22.968458
v 16.291798 0.000000 22.968458
v 16.291798 0.000000 22.968458
v 16.291798 0.000000 22.968458
v 13.052392 0.000000 25.435587
v 12.234208 0.000000 24.299555
v 12.403230 0.000000 25.903122
v 11.585046 0.000000 24.767088
v 13.052392 0.000000 25.435587
v 12.234208 0.000000 24.299555
v 12.234208 0.000000 24.299555
v 12.234208 0.000000 24.299555
v 12.234208 0.000000 24.299555
v 12.234208 0.000000 24.299555
v 14.113612 0.000000 24.671284
v 13.295428 0.000000 23.535250
v 13.464452 0.000000 25.138819
v 12.646266 0.000000 24.002785
v 14.113612 0.000000 24.671284
v 13.295428 0.000000 23.535250
v 13.295428 0.000000 23.535250
v 13.295428 0.000000 23.535250
v 13.295428 0.000000 23.535250
v 13.295428 0.000000 23.535250
v 14.187993 0.000000 27.025055
v 13.369807 0.000000 25.889023
v 13.538831 0.000000 27.492590
v 12.720645 0.000000 26.356556
v 14.187993 0.000000 27.025055
v 13.369807 0.000000 25.889023
v 13.369807 0.000000 25.889023
v 13.369807 0.000000 25.889023
v 13.369807 0.000000 25.889023
v 13.369807 0.000000 25.889023
v 15.249211 0.000000 26.260752
v 14.431027 0.000000 25.124718
v 14.600051 0.000000 26.728287
v 13.781867 0.000000 25.592253
v 15.249211 0.000000 26.260752
v 14.431027 0.000000 25.124718
v 14.431027 0.000000 25.124718
v 14.431027 0.000000 25.124718
v 14.431027 0.000000 25.124718
v 14.431027 0.000000 25.124718
v 8.969086 0.000000 28.061411
v 8.385903 0.000000 26.788658
v 8.241799 0.000000 28.394657
v 7.658616 0.000000 27.121906
v 8.969086 0.000000 28.061411
v 8.385903 0.000000 26.788658
v 8.385903 0.000000 26.788658
v 8.385903 0.000000 26.788658
v 8.385903 0.000000 26.788658
v 8.385903 0.000000 26.788658
v 10.158021 0.000000 27.516634
v 9.574839 0.000000 26.243881
v 9.430735 0.000000 27.849880
v 8.847551 0.000000 26.577129
v 10.158021 0.000000 27.516634
v 9.574839 0.000000 26.243881
v 9.574839 0.000000 26.243881
v 9.574839 0.000000 26.243881
v 9.574839 0.000000 26.243881
v 9.574839 0.000000 26.243881
v 9.776058 0.000000 29.840397
v 9.192875 0.000000 28.567646
v 9.048772 0.000000 30.173645
v 8.465589 0.000000 28.900892
v 9.776058 0.000000 29.840397
v 9.192875 0.000000 28.567646
v 9.192875 0.000000 28.567646
v 9.192875 0.000000 28.567646
v 9.192875 0.000000 28.567646
v 9.192875 0.000000 28.567646
v 10.964993 0.000000 29.295620
v 10.381809 0.000000 28.022867
v 10.237707 0.000000 29.628868
v 9.654523 0.000000 28.356115
v 10.964993 0.000000 29.295620
v 10.381809 0.000000 28.022867
v 10.381809 0.000000 28.022867
v 10.381809 0.000000 28.022867
v 10.381809 0.000000 28.022867
v 10.381809 0.000000 28.022867
v 6.551991 0.000000 29.001930
v 6.169455 0.000000 27.655205
v 5.782435 0.000000 29.220522
v 5.399898 0.000000 27.873798
v 6.551991 0.000000 29.001930
v 6.169455 0.000000 27.655205
v 6.169455 0.000000 27.655205
v 6.169455 0.000000 27.655205
v 6.169455 0.000000 27.655205
v 6.169455 0.000000 27.655205
v 7.810027 0.000000 28.644585
v 7.427490 0.000000 27.297859
v 7.040471 0.000000 28.863178
v 6.657934 0.000000 27.516453
v 7.810027 0.000000 28.644585
v 7.427490 0.000000 27.297859
v 7.427490 0.000000 27.297859
v 7.427490 0.000000 27.297859
v 7.427490 0.000000 27.297859
v 7.427490 0.000000 27.297859
v 7.078607 0.000000 30.883066
v 6.696070 0.000000 29.536343
v 6.309050 0.000000 31.101660
v 5.926513 0.000000 29.754934
v 7.078607 0.000000 30.883066
v 6.696070 0.000000 29.536343
v 6.696070 0.000000 29.536343
v 6.696070 0.000000 29.536343
v 6.696070 0.000000 29.536343
v 6.696070 0.000000 29.536343
v 8.336642 0.000000 30.525723
v 7.954105 0.000000 29.178997
v 7.567086 0.000000 30.744314
v 7.184548 0.000000 29.397591
v 8.336642 0.000000 30.525723
v 7.954105 0.000000 29.178997
v 7.954105 0.000000 29.178997
v 7.954105 0.000000 29.178997
v 7.954105 0.000000 29.178997
v 7.954105 0.000000 29.178997
v 4.190976 0.000000 29.629391
v 3.905080 0.000000 28.258896
v 3.407836 0.000000 29.792761
v 3.121939 0.000000 28.422264
v 4.190976 0.000000 29.629391
v 3.905080 0.000000 28.258896
v 3.905080 0.000000 28.258896
v 3.905080 0.000000 28.258896
v 3.905080 0.000000 28.258896
v 3.905080 0.000000 28.258896
v 5.471221 0.000000 29.362322
v 5.185324 0.000000 27.991825
v 4.688079 0.000000 29.525692
v 4.402183 0.000000 28.155193
v 5.471221 0.000000 29.362322
v 5.185324 0.000000 27.991825
v 5.185324 0.000000 27.991825
v 5.185324 0.000000 27.991825
v 5.185324 0.000000 27.991825
v 5.185324 0.000000 27.991825
v 4.582623 0.000000 31.543186
v 4.296724 0.000000 30.172689
v 3.799480 0.000000 31.706556
v 3.513583 0.000000 30.336060
v 4.582623 0.000000 31.543186
v 4.296724 0.000000 30.172689
v 4.296724 0.000000 30.172689
v 4.296724 0.000000 30.172689
v 4.296724 0.000000 30.172689
v 4.296724 0.000000 30.172689
v 5.862865 0.000000 31.276117
v 5.576968 0.000000 29.905621
v 5.079723 0.000000 31.439487
v 4.793828 0.000000 30.068989
v 5.862865 0.000000 31.276117
v 5.576968 0.000000 29.905621
v 5.576968 0.000000 29.905621
v 5.576968 0.000000 29.905621
v 5.576968 0.000000 29.905621
v 5.576968 0.000000 29.905621
v 1.754755 0.000000 29.938858
v 1.595660 0.000000 28.547928
v 0.959937 0.000000 30.029770
v 0.800843 0.000000 28.638840
v 1.754755 0.000000 29.938858
v 1.595660 0.000000 28.547928
v 1.595660 0.000000 28.547928
v 1.595660 0.000000 28.547928
v 1.595660 0.000000 28.547928
v 1.595660 0.000000 28.547928
v 3.054087 0.000000 29.790243
v 2.894993 0.000000 28.399311
v 2.259269 0.000000 29.881153
v 2.100175 0.000000 28.490223
v 3.054087 0.000000 29.790243
v 2.894993 0.000000 28.399311
v 2.894993 0.000000 28.399311
v 2.894993 0.000000 28.399311
v 2.894993 0.000000 28.399311
v 2.894993 0.000000 28.399311
v 1.969361 0.000000 31.880493
v 1.810268 0.000000 30.489563
v 1.174544 0.000000 31.971405
v 1.015450 0.000000 30.580473
v 1.969361 0.000000 31.880493
v 1.810268 0.000000 30.489563
v 1.810268 0.000000 30.489563
v 1.810268 0.000000 30.489563
v 1.810268 0.000000 30.489563
v 1.810268 0.000000 30.489563
v 3.268694 0.000000 31.731876
v 3.109599 0.000000 30.340944
v 2.473876 0.000000 31.822786
v 2.314781 0.000000 30.431856
v 3.268694 0.000000 31.731876
v 3.109599 0.000000 30.340944
v 3.109599 0.000000 30.340944
v 3.109599 0.000000 30.340944
v 3.109599 0.000000 30.340944
v 3.109599 0.000000 30.340944
v -0.747945 0.000000 30.035915
v -0.791447 0.000000 28.636591
v -1.547559 0.000000 30.060772
v -1.591061 0.000000 28.661449
v -0.747945 0.000000 30.035915
v -0.791447 0.000000 28.636591
v -0.791447 0.000000 28.636591
v -0.791447 0.000000 28.636591
v -0.791447 0.000000 28.636591
v -0.791447 0.000000 28.636591
v 0.559226 0.000000 29.995277
v 0.515725 0.000000 28.595955
v -0.240387 0.000000 30.020136
v -0.283889 0.000000 28.620811
v 0.559226 0.000000 29.995277
v 0.515725 0.000000 28.595955
v 0.515725 0.000000 28.595955
v 0.515725 0.000000 28.595955
v 0.515725 0.000000 28.595955
v 0.515725 0.000000 28.595955
v -0.694672 0.000000 31.988646
v -0.738173 0.000000 30.589323
v -1.494286 0.000000 32.013504
v -1.537787 0.000000 30.614180
v -0.694672 0.000000 31.988646
v -0.738173 0.000000 30.589323
v -0.738173 0.000000 30.589323
v -0.738173 0.000000 30.589323
v -0.738173 0.000000 30.589323
v -0.738173 0.000000 30.589323
v 0.612500 0.000000 31.948009
v 0.568999 0.000000 30.548685
v -0.187113 0.000000 31.972868
v -0.230615 0.000000 30.573544
v 0.612500 0.000000 31.948009
v 0.568999 0.000000 30.548685
v 0.568999 0.000000 30.548685
v 0.568999 0.000000 30.548685
v 0.568999 0.000000 30.548685
v 0.568999 0.000000 30.548685
v -3.295261 0.000000 29.794640
v -3.097491 0.000000 28.408680
v -4.087238 0.000000 29.681627
v -3.889468 0.000000 28.295668
v -3.295261 0.000000 29.794640
v -3.097491 0.000000 28.408680
v -3.097491 0.000000 28.408680
v -3.097491 0.000000 28.408680
v -3.097491 0.000000 28.408680
v -3.097491 0.000000 28.408680
v -2.000573 0.000000 29.979385
v -1.802802 0.000000 28.593426
v -2.792550 0.000000 29.866375
v -2.594779 0.000000 28.480413
v -2.000573 0.000000 29.979385
v -1.802802 0.000000 28.593426
v -1.802802 0.000000 28.593426
v -1.802802 0.000000 28.593426
v -1.802802 0.000000 28.593426
v -1.802802 0.000000 28.593426
v -3.578567 0.000000 31.727444
v -3.380796 0.000000 30.341484
v -4.370544 0.000000 31.614433
v -4.172774 0.000000 30.228472
v -3.578567 0.000000 31.727444
v -3.380796 0.000000 30.341484
v -3.380796 0.000000 30.341484
v -3.380796 0.000000 30.341484
v -3.380796 0.000000 30.341484
v -3.380796 0.000000 30.341484
v -2.283878 0.000000 31.912191
v -2.086108 0.000000 30.526230
v -3.075856 0.000000 31.799179
v -2.878086 0.000000 30.413219
v -2.283878 0.000000 31.912191
v -2.086108 0.000000 30.526230
v -2.086108 0.000000 30.526230
v -2.086108 0.000000 30.526230
v -2.086108 0.000000 30.526230
v -2.086108 0.000000 30.526230
v -5.748012 0.000000 29.225391
v -5.370824 0.000000 27.877159
v -6.518430 0.000000 29.009857
v -6.141242 0.000000 27.661625
v -5.748012 0.000000 29.225391
v -5.370824 0.000000 27.877159
v -5.370824 0.000000 27.877159
v -5.370824 0.000000 27.877159
v -5.370824 0.000000 27.877159
v -5.370824 0.000000 27.877159
v -4.488567 0.000000 29.577740
v -4.111380 0.000000 28.229507
v -5.258986 0.000000 29.362206
v -4.881798 0.000000 28.013973
v -4.488567 0.000000 29.577740
v -4.111380 0.000000 28.229507
v -4.111380 0.000000 28.229507
v -4.111380 0.000000 28.229507
v -4.111380 0.000000 28.229507
v -4.111380 0.000000 28.229507
v -6.281462 0.000000 31.104603
v -5.904274 0.000000 29.756371
v -7.051880 0.000000 30.889067
v -6.674692 0.000000 29.540834
v -6.281462 0.000000 31.104603
v -5.904274 0.000000 29.756371
v -5.904274 0.000000 29.756371
v -5.904274 0.000000 29.756371
v -5.904274 0.000000 29.756371
v -5.904274 0.000000 29.756371
v -5.022017 0.000000 31.456951
v -4.644830 0.000000 30.108719
v -5.792436 0.000000 31.241415
v -5.415248 0.000000 29.893183
v -5.022017 0.000000 31.456951
v -4.644830 0.000000 30.108719
v -4.644830 0.000000 30.108719
v -4.644830 0.000000 30.108719
v -4.644830 0.000000 30.108719
v -4.644830 0.000000 30.108719
v -8.152930 0.000000 28.412506
v -7.593097 0.000000 27.129313
v -8.886184 0.000000 28.092602
v -8.326351 0.000000 26.809408
v -8.152930 0.000000 28.412506
v -7.593097 0.000000 27.129313
v -7.593097 0.000000 27.129313
v -7.593097 0.000000 27.129313
v -7.593097 0.000000 27.129313
v -7.593097 0.000000 27.129313
v -6.954241 0.000000 28.935472
v -6.394408 0.000000 27.652277
v -7.687494 0.000000 28.615566
v -7.127661 0.000000 27.332373
v -6.954241 0.000000 28.935472
v -6.394408 0.000000 27.652277
v -6.394408 0.000000 27.652277
v -6.394408 0.000000 27.652277
v -6.394408 0.000000 27.652277
v -6.394408 0.000000 27.652277
v -8.940883 0.000000 30.199999
v -8.381050 0.000000 28.916805
v -9.674137 0.000000 29.880095
v -9.114304 0.000000 28.596901
v -8.940883 0.000000 30.199999
v -8.381050 0.000000 28.916805
v -8.381050 0.000000 28.916805
v -8.381050 0.000000 28.916805
v -8.381050 0.000000 28.916805
v -8.381050 0.000000 28.916805
v -7.742193 0.000000 30.722965
v -7.182361 0.000000 29.439770
v -8.475447 0.000000 30.403059
v -7.915614 0.000000 29.119865
v -7.742193 0.000000 30.722965
v -7.182361 0.000000 29.439770
v -7.182361 0.000000 29.439770
v -7.182361 0.000000 29.439770
v -7.182361 0.000000 29.439770
v -7.182361 0.000000 29.439770
v -10.364597 0.000000 27.224621
v -9.651352 0.000000 26.019928
v -11.052992 0.000000 26.817051
v -10.339746 0.000000 25.612360
v -10.364597 0.000000 27.224621
v -9.651352 0.000000 26.019928
v -9.651352 0.000000 26.019928
v -9.651352 0.000000 26.019928
v -9.651352 0.000000 26.019928
v -9.651352 0.000000 26.019928
v -9.239242 0.000000 27.890896
v -8.525995 0.000000 26.686205
v -9.927637 0.000000 27.483326
v -9.214390 0.000000 26.278635
v -9.239242 0.000000 27.890896
v -8.525995 0.000000 26.686205
v -8.525995 0.000000 26.686205
v -8.525995 0.000000 26.686205
v -8.525995 0.000000 26.686205
v -8.525995 0.000000 26.686205
v -11.366194 0.000000 28.901762
v -10.652948 0.000000 27.697071
v -12.054588 0.000000 28.494192
v -11.341343 0.000000 27.289501
v -11.366194 0.000000 28.901762
v -10.652948 0.000000 27.697071
v -10.652948 0.000000 27.697071
v -10.652948 0.000000 27.697071
v -10.652948 0.000000 27.697071
v -10.652948 0.000000 27.697071
v -10.240838 0.000000 29.568037
v -9.527592 0.000000 28.363346
v -10.929233 0.000000 29.160469
v -10.215986 0.000000 27.955776
v -10.240838 0.000000 29.568037
v -9.527592 0.000000 28.363346
v -9.527592 0.000000 28.363346
v -9.527592 0.000000 28.363346
v -9.527592 0.000000 28.363346
v -9.527592 0.000000 28.363346
v -12.430031 0.000000 25.891052
v -11.622505 0.000000 24.747419
v -13.083537 0.000000 25.429611
v -12.276011 0.000000 24.285975
v -12.430031 0.000000 25.891052
v -11.622505 0.000000 24.747419
v -11.622505 0.000000 24.747419
v -11.622505 0.000000 24.747419
v -11.622505 0.000000 24.747419
v -11.622505 0.000000 24.747419
v -11.361710 0.000000 26.645401
v -10.554183 0.000000 25.501764
v -12.015215 0.000000 26.183956
v -11.207689 0.000000 25.040321
v -11.361710 0.000000 26.645401
v -10.554183 0.000000 25.501764
v -10.554183 0.000000 25.501764
v -10.554183 0.000000 25.501764
v -10.554183 0.000000 25.501764
v -10.554183 0.000000 25.501764
v -13.562854 0.000000 27.482502
v -12.755327 0.000000 26.338867
v -14.216359 0.000000 27.021059
v -13.408834 0.000000 25.877424
v -13.562854 0.000000 27.482502
v -12.755327 0.000000 26.338867
v -12.755327 0.000000 26.338867
v -12.755327 0.000000 26.338867
v -12.755327 0.000000 26.338867
v -12.755327 0.000000 26.338867
v -12.494532 0.000000 28.236851
v -11.687005 0.000000 27.093214
v -13.148038 0.000000 27.775406
v -12.340511 0.000000 26.631771
v -12.494532 0.000000 28.236851
v -11.687005 0.000000 27.093214
v -11.687005 0.000000 27.093214
v -11.687005 0.000000 27.093214
v -11.687005 0.000000 27.093214
v -11.687005 0.000000 27.093214
v -14.450570 0.000000 24.294250
v -13.498876 0.000000 23.267471
v -15.037301 0.000000 23.750425
v -14.085607 0.000000 22.723644
v -14.450570 0.000000 24.294250
v -13.498876 0.000000 23.267471
v -13.498876 0.000000 23.267471
v -13.498876 0.000000 23.267471
v -13.498876 0.000000 23.267471
v -13.498876 0.000000 23.267471
v -13.491408 0.000000 25.183273
v -12.539715 0.000000 24.156494
v -14.078141 0.000000 24.639446
v -13.126445 0.000000 23.612667
v -13.491408 0.000000 25.183273
v -12.539715 0.000000 24.156494
v -12.539715 0.000000 24.156494
v -12.539715 0.000000 24.156494
v -12.539715 0.000000 24.156494
v -12.539715 0.000000 24.156494
v -15.783936 0.000000 25.721886
v -14.832240 0.000000 24.695105
v -16.370667 0.000000 25.178059
v -15.418971 0.000000 24.151279
v -15.783936 0.000000 25.721886
v -14.832240 0.000000 24.695105
v -14.832240 0.000000 24.695105
v -14.832240 0.000000 24.695105
v -14.832240 0.000000 24.695105
v -14.832240 0.000000 24.695105
v -14.824774 0.000000 26.610907
v -13.873078 0.000000 25.584127
v -15.411505 0.000000 26.067081
v -14.459809 0.000000 25.040300
v -14.824774 0.000000 26.610907
v -13.873078 0.000000 25.584127
v -13.873078 0.000000 25.584127
v -13.873078 0.000000 25.584127
v -13.873078 0.000000 25.584127
v -13.873078 0.000000 25.584127
v -16.187141 0.000000 22.452898
v -15.102423 0.000000 21.567806
v -16.692907 0.000000 21.833061
v -15.608190 0.000000 20.947968
v -16.187141 0.000000 22.452898
v -15.102423 0.000000 21.567806
v -15.102423 0.000000 21.567806
v -15.102423 0.000000 21.567806
v -15.102423 0.000000 21.567806
v -15.102423 0.000000 21.567806
v -15.360336 0.000000 23.466183
v -14.275619 0.000000 22.581089
v -15.866102 0.000000 22.846344
v -14.781384 0.000000 21.961250
v -15.360336 0.000000 23.466183
v -14.275619 0.000000 22.581089
v -14.275619 0.000000 22.581089
v -14.275619 0.000000 22.581089
v -14.275619 0.000000 22.581089
v -14.275619 0.000000 22.581089
v -17.705360 0.000000 23.682129
v -16.620644 0.000000 22.797035
v -18.211128 0.000000 23.062290
v -17.126411 0.000000 22.177197
v -17.705360 0.000000 23.682129
v -16.620644 0.000000 22.797035
v -16.620644 0.000000 22.797035
v -16.620644 0.000000 22.797035
v -16.620644 0.000000 22.797035
v -16.620644 0.000000 22.797035
v -16.878555 0.000000 24.695412
v -15.793839 0.000000 23.810318
v -17.384323 0.000000 24.075573
v -16.299606 0.000000 23.190479
v -16.878555 0.000000 24.695412
v -15.793839 0.000000 23.810318
v -15.793839 0.000000 23.810318
v -15.793839 0.000000 23.810318
v -15.793839 0.000000 23.810318
v -15.793839 0.000000 23.810318
v -17.647617 0.000000 20.397232
v -16.468513 0.000000 19.642435
v -18.078930 0.000000 19.723457
v -16.899828 0.000000 18.968662
v -17.647617 0.000000 20.397232
v -16.468513 0.000000 19.642435
v -16.468513 0.000000 19.642435
v -16.468513 0.000000 19.642435
v -16.468513 0.000000 19.642435
v -16.468513 0.000000 19.642435
v -16.942530 0.000000 21.498684
v -15.763425 0.000000 20.743889
v -17.373840 0.000000 20.824911
v -16.194738 0.000000 20.070116
v -16.942530 0.000000 21.498684
v -15.763425 0.000000 20.743889
v -15.763425 0.000000 20.743889
v -15.763425 0.000000 20.743889
v -15.763425 0.000000 20.743889
v -15.763425 0.000000 20.743889
v -19.296844 0.000000 21.444155
v -18.117741 0.000000 20.689358
v -19.728157 0.000000 20.770382
v -18.549053 0.000000 20.015585
v -19.296844 0.000000 21.444155
v -18.117741 0.000000 20.689358
v -18.117741 0.000000 20.689358
v -18.117741 0.000000 20.689358
v -18.117741 0.000000 20.689358
v -18.117741 0.000000 20.689358
v -18.591757 0.000000 22.545609
v -17.412651 0.000000 21.790812
v -19.023067 0.000000 21.871834
v -17.843964 0.000000 21.117039
v -18.591757 0.000000 22.545609
v -17.412651 0.000000 21.790812
v -17.412651 0.000000 21.790812
v -17.412651 0.000000 21.790812
v -17.412651 0.000000 21.790812
v -17.412651 0.000000 21.790812
v -18.832062 0.000000 18.276918
v -17.587658 0.000000 17.635468
v -19.198608 0.000000 17.565830
v -17.954205 0.000000 16.924379
v -18.832062 0.000000 18.276918
v -17.587658 0.000000 17.635468
v -17.587658 0.000000 17.635468
v -17.587658 0.000000 17.635468
v -17.587658 0.000000 17.635468
v -17.587658 0.000000 17.635468
v -18.232853 0.000000 19.439371
v -16.988451 0.000000 18.797920
v -18.599398 0.000000 18.728283
v -17.354996 0.000000 18.086832
v -18.232853 0.000000 19.439371
v -16.988451 0.000000 18.797920
v -16.988451 0.000000 18.797920
v -16.988451 0.000000 18.797920
v -16.988451 0.000000 18.797920
v -16.988451 0.000000 18.797920
v -20.571804 0.000000 19.165344
v -19.327400 0.000000 18.523891
v -20.938347 0.000000 18.454256
v -19.693943 0.000000 17.812805
v -20.571804 0.000000 19.165344
v -19.327400 0.000000 18.523891
v -19.327400 0.000000 18.523891
v -19.327400 0.000000 18.523891
v -19.327400 0.000000 18.523891
v -19.327400 0.000000 18.523891
v -19.972595 0.000000 20.327797
v -18.728191 0.000000 19.686346
v -20.339138 0.000000 19.616711
v -19.094734 0.000000 18.975258
v -19.972595 0.000000 20.327797
v -18.728191 0.000000 19.686346
v -18.728191 0.000000 19.686346
v -18.728191 0.000000 19.686346
v -18.728191 0.000000 19.686346
v -18.728191 0.000000 19.686346
v 12.478139 0.000000 30.877888
v 11.825994 0.000000 29.639057
v 11.770236 0.000000 31.250546
v 11.118089 0.000000 30.011715
v 12.478139 0.000000 30.877888
v 11.825994 0.000000 29.639057
v 11.825994 0.000000 29.639057
v 11.825994 0.000000 29.639057
v 11.825994 0.000000 29.639057
v 11.825994 0.000000 29.639057
v 13.635388 0.000000 30.268688
v 12.983239 0.000000 29.029856
v 12.927485 0.000000 30.641344
v 12.275336 0.000000 29.402512
v 13.635388 0.000000 30.268688
v 12.983239 0.000000 29.029856
v 12.983239 0.000000 29.029856
v 12.983239 0.000000 29.029856
v 12.983239 0.000000 29.029856
v 12.983239 0.000000 29.029856
v 13.381520 0.000000 32.609909
v 12.729373 0.000000 31.371080
v 12.673617 0.000000 32.982567
v 12.021468 0.000000 31.743736
v 13.381520 0.000000 32.609909
v 12.729373 0.000000 31.371080
v 12.729373 0.000000 31.371080
v 12.729373 0.000000 31.371080
v 12.729373 0.000000 31.371080
v 12.729373 0.000000 31.371080
v 14.538768 0.000000 32.000710
v 13.886621 0.000000 30.761879
v 13.830863 0.000000 32.373367
v 13.178718 0.000000 31.134535
v 14.538768 0.000000 32.000710
v 13.886621 0.000000 30.761879
v 13.886621 0.000000 30.761879
v 13.886621 0.000000 30.761879
v 13.886621 0.000000 30.761879
v 13.886621 0.000000 30.761879
v 10.278254 0.000000 32.026192
v 9.695071 0.000000 30.753441
v 9.550965 0.000000 32.359440
v 8.967783 0.000000 31.086689
v 10.278254 0.000000 32.026192
v 9.695071 0.000000 30.753441
v 9.695071 0.000000 30.753441
v 9.695071 0.000000 30.753441
v 9.695071 0.000000 30.753441
v 9.695071 0.000000 30.753441
v 11.467189 0.000000 31.481415
v 10.884005 0.000000 30.208662
v 10.739901 0.000000 31.814663
v 10.156719 0.000000 30.541910
v 11.467189 0.000000 31.481415
v 10.884005 0.000000 30.208662
v 10.884005 0.000000 30.208662
v 10.884005 0.000000 30.208662
v 10.884005 0.000000 30.208662
v 10.884005 0.000000 30.208662
v 11.085225 0.000000 33.805180
v 10.502044 0.000000 32.532425
v 10.357940 0.000000 34.138428
v 9.774755 0.000000 32.865673
v 11.085225 0.000000 33.805180
v 10.502044 0.000000 32.532425
v 10.502044 0.000000 32.532425
v 10.502044 0.000000 32.532425
v 10.502044 0.000000 32.532425
v 10.502044 0.000000 32.532425
v 12.274161 0.000000 33.260403
v 11.690976 0.000000 31.987650
v 11.546874 0.000000 33.593651
v 10.963691 0.000000 32.320896
v 12.274161 0.000000 33.260403
v 11.690976 0.000000 31.987650
v 11.690976 0.000000 31.987650
v 11.690976 0.000000 31.987650
v 11.690976 0.000000 31.987650
v 11.690976 0.000000 31.987650
v 7.861157 0.000000 32.966713
v 7.478621 0.000000 31.619987
v 7.091600 0.000000 33.185303
v 6.709064 0.000000 31.838579
v 7.861157 0.000000 32.966713
v 7.478621 0.000000 31.619987
v 7.478621 0.000000 31.619987
v 7.478621 0.000000 31.619987
v 7.478621 0.000000 31.619987
v 7.478621 0.000000 31.619987
v 9.119193 0.000000 32.609367
v 8.736655 0.000000 31.262642
v 8.349637 0.000000 32.827957
v 7.967099 0.000000 31.481236
v 9.119193 0.000000 32.609367
v 8.736655 0.000000 31.262642
v 8.736655 0.000000 31.262642
v 8.736655 0.000000 31.262642
v 8.736655 0.000000 31.262642
v 8.736655 0.000000 31.262642
v 8.387772 0.000000 34.847847
v 8.005235 0.000000 33.501125
v 7.618216 0.000000 35.066441
v 7.235678 0.000000 33.719715
v 8.387772 0.000000 34.847847
v 8.005235 0.000000 33.501125
v 8.005235 0.000000 33.501125
v 8.005235 0.000000 33.501125
v 8.005235 0.000000 33.501125
v 8.005235 0.000000 33.501125
v 9.645808 0.000000 34.490501
v 9.263270 0.000000 33.143780
v 8.876252 0.000000 34.709095
v 8.493714 0.000000 33.362373
v 9.645808 0.000000 34.490501
v 9.263270 0.000000 33.143780
v 9.263270 0.000000 33.143780
v 9.263270 0.000000 33.143780
v 9.263270 0.000000 33.143780
v 9.263270 0.000000 33.143780
v 5.500144 0.000000 33.594173
v 5.214247 0.000000 32.223675
v 4.717003 0.000000 33.757542
v 4.431106 0.000000 32.387047
v 5.500144 0.000000 33.594173
v 5.214247 0.000000 32.223675
v 5.214247 0.000000 32.223675
v 5.214247 0.000000 32.223675
v 5.214247 0.000000 32.223675
v 5.214247 0.000000 32.223675
v 6.780388 0.000000 33.327103
v 6.494491 0.000000 31.956608
v 5.997246 0.000000 33.490475
v 5.711349 0.000000 32.119976
v 6.780388 0.000000 33.327103
v 6.494491 0.000000 31.956608
v 6.494491 0.000000 31.956608
v 6.494491 0.000000 31.956608
v 6.494491 0.000000 31.956608
v 6.494491 0.000000 31.956608
v 5.891788 0.000000 35.507969
v 5.605892 0.000000 34.137470
v 5.108647 0.000000 35.671337
v 4.822751 0.000000 34.300842
v 5.891788 0.000000 35.507969
v 5.605892 0.000000 34.137470
v 5.605892 0.000000 34.137470
v 5.605892 0.000000 34.137470
v 5.605892 0.000000 34.137470
v 5.605892 0.000000 34.137470
v 7.172032 0.000000 35.240898
v 6.886136 0.000000 33.870403
v 6.388891 0.000000 35.404270
v 6.102995 0.000000 34.033772
v 7.172032 0.000000 35.240898
v 6.886136 0.000000 33.870403
v 6.886136 0.000000 33.870403
v 6.886136 0.000000 33.870403
v 6.886136 0.000000 33.870403
v 6.886136 0.000000 33.870403
v 2.695678 0.000000 33.943375
v 2.536585 0.000000 32.552444
v 1.900861 0.000000 34.034286
v 1.741766 0.000000 32.643356
v 2.695678 0.000000 33.943375
v 2.536585 0.000000 32.552444
v 2.536585 0.000000 32.552444
v 2.536585 0.000000 32.552444
v 2.536585 0.000000 32.552444
v 2.536585 0.000000 32.552444
v 3.995010 0.000000 33.794758
v 3.835916 0.000000 32.403828
v 3.200192 0.000000 33.885670
v 3.041099 0.000000 32.494740
v 3.995010 0.000000 33.794758
v 3.835916 0.000000 32.403828
v 3.835916 0.000000 32.403828
v 3.835916 0.000000 32.403828
v 3.835916 0.000000 32.403828
v 3.835916 0.000000 32.403828
v 2.910285 0.000000 35.885010
v 2.751191 0.000000 34.494080
v 2.115468 0.000000 35.975922
v 1.956373 0.000000 34.584988
v 2.910285 0.000000 35.885010
v 2.751191 0.000000 34.494080
v 2.751191 0.000000 34.494080
v 2.751191 0.000000 34.494080
v 2.751191 0.000000 34.494080
v 2.751191 0.000000 34.494080
v 4.209618 0.000000 35.736393
v 4.050524 0.000000 34.345463
v 3.414799 0.000000 35.827305
v 3.255705 0.000000 34.436371
v 4.209618 0.000000 35.736393
v 4.050524 0.000000 34.345463
v 4.050524 0.000000 34.345463
v 4.050524 0.000000 34.345463
v 4.050524 0.000000 34.345463
v 4.050524 0.000000 34.345463
v 0.192977 0.000000 34.040436
v 0.149476 0.000000 32.641109
v -0.606637 0.000000 34.065292
v -0.650138 0.000000 32.665966
v 0.192977 0.000000 34.040436
v 0.149476 0.000000 32.641109
v 0.149476 0.000000 32.641109
v 0.149476 0.000000 32.641109
v 0.149476 0.000000 32.641109
v 0.149476 0.000000 32.641109
v 1.500149 0.000000 33.999798
v 1.456648 0.000000 32.600475
v 0.700536 0.000000 34.024654
v 0.657034 0.000000 32.625332
v 1.500149 0.000000 33.999798
v 1.456648 0.000000 32.600475
v 1.456648 0.000000 32.600475
v 1.456648 0.000000 32.600475
v 1.456648 0.000000 32.600475
v 1.456648 0.000000 32.600475
v 0.246251 0.000000 35.993164
v 0.202750 0.000000 34.593842
v -0.553362 0.000000 36.018024
v -0.596864 0.000000 34.618698
v 0.246251 0.000000 35.993164
v 0.202750 0.000000 34.593842
v 0.202750 0.000000 34.593842
v 0.202750 0.000000 34.593842
v 0.202750 0.000000 34.593842
v 0.202750 0.000000 34.593842
v 1.553423 0.000000 35.952530
v 1.509922 0.000000 34.553204
v 0.753809 0.000000 35.977386
v 0.710308 0.000000 34.578064
v 1.553423 0.000000 35.952530
v 1.509922 0.000000 34.553204
v 1.509922 0.000000 34.553204
v 1.509922 0.000000 34.553204
v 1.509922 0.000000 34.553204
v 1.509922 0.000000 34.553204
v -2.354337 0.000000 33.799156
v -2.156566 0.000000 32.413197
v -3.146314 0.000000 33.686146
v -2.948544 0.000000 32.300182
v -2.354337 0.000000 33.799156
v -2.156566 0.000000 32.413197
v -2.156566 0.000000 32.413197
v -2.156566 0.000000 32.413197
v -2.156566 0.000000 32.413197
v -2.156566 0.000000 32.413197
v -1.059648 0.000000 33.983902
v -0.861878 0.000000 32.597942
v -1.851626 0.000000 33.870892
v -1.653855 0.000000 32.484932
v -1.059648 0.000000 33.983902
v -0.861878 0.000000 32.597942
v -0.861878 0.000000 32.597942
v -0.861878 0.000000 32.597942
v -0.861878 0.000000 32.597942
v -0.861878 0.000000 32.597942
v -2.637642 0.000000 35.731960
v -2.439872 0.000000 34.346001
v -3.429620 0.000000 35.618950
v -3.231850 0.000000 34.232990
v -2.637642 0.000000 35.731960
v -2.439872 0.000000 34.346001
v -2.439872 0.000000 34.346001
v -2.439872 0.000000 34.346001
v -2.439872 0.000000 34.346001
v -2.439872 0.000000 34.346001
v -1.342954 0.000000 35.916706
v -1.145184 0.000000 34.530746
v -2.134932 0.000000 35.803696
v -1.937161 0.000000 34.417736
v -1.342954 0.000000 35.916706
v -1.145184 0.000000 34.530746
v -1.145184 0.000000 34.530746
v -1.145184 0.000000 34.530746
v -1.145184 0.000000 34.530746
v -1.145184 0.000000 34.530746
vn -0.0000 1.0000 -0.0000
vt 0.000000 0.000000
vt 1.000000 0.000000
vt 1.000000 1.000000
vt 0.000000 1.000000
s 0
usemtl Material.016
f 2700/1072/904 2701/1073/904 2703/1074/904 2702/1075/904
f 2701/1073/904 2700/1072/904 2704/1072/904 2705/1073/904
f 2701/1073/904 2705/1073/904 2707/1073/904 2706/1073/904
f 2706/1073/904 2707/1073/904 2709/1073/904 2708/1073/904
f 2710/1072/904 2711/1073/904 2713/1074/904 2712/1075/904
f 2711/1073/904 2710/1072/904 2714/1072/904 2715/1073/904
f 2711/1073/904 2715/1073/904 2717/1073/904 2716/1073/904
f 2716/1073/904 2717/1073/904 2719/1073/904 2718/1073/904
f 2720/1072/904 2721/1073/904 2723/1074/904 2722/1075/904
f 2721/1073/904 2720/1072/904 2724/1072/904 2725/1073/904
f 2721/1073/904 2725/1073/904 2727/1073/904 2726/1073/904
f 2726/1073/904 2727/1073/904 2729/1073/904 2728/1073/904
f 2730/1072/904 2731/1073/904 2733/1074/904 2732/1075/904
f 2731/1073/904 2730/1072/904 2734/1072/904 2735/1073/904
f 2731/1073/904 2735/1073/904 2737/1073/904 2736/1073/904
f 2736/1073/904 2737/1073/904 2739/1073/904 2738/1073/904
f 2740/1072/904 2741/1073/904 2743/1074/904 2742/1075/904
f 2741/1073/904 2740/1072/904 2744/1072/904 2745/1073/904
f 2741/1073/904 2745/1073/904 2747/1073/904 2746/1073/904
f 2746/1073/904 2747/1073/904 2749/1073/904 2748/1073/904
f 2750/1072/904 2751/1073/904 2753/1074/904 2752/1075/904
f 2751/1073/904 2750/1072/904 2754/1072/904 2755/1073/904
f 2751/1073/904 2755/1073/904 2757/1073/904 2756/1073/904
f 2756/1073/904 2757/1073/904 2759/1073/904 2758/1073/904
f 2760/1072/904 2761/1073/904 2763/1074/904 2762/1075/904
f 2761/1073/904 2760/1072/904 2764/1072/904 2765/1073/904
f 2761/1073/904 2765/1073/904 2767/1073/904 2766/1073/904
f 2766/1073/904 2767/1073/904 2769/1073/904 2768/1073/904
f 2770/1072/904 2771/1073/904 2773/1074/904 2772/1075/904
f 2771/1073/904 2770/1072/904 2774/1072/904 2775/1073/904
f 2771/1073/904 2775/1073/904 2777/1073/904 2776/1073/904
f 2776/1073/904 2777/1073/904 2779/1073/904 2778/1073/904
f 2780/1072/904 2781/1073/904 2783/1074/904 2782/1075/904
f 2781/1073/904 2780/1072/904 2784/1072/904 2785/1073/904
f 2781/1073/904 2785/1073/904 2787/1073/904 2786/1073/904
f 2786/1073/904 2787/1073/904 2789/1073/904 2788/1073/904
f 2790/1072/904 2791/1073/904 2793/1074/904 2792/1075/904
f 2791/1073/904 2790/1072/904 2794/1072/904 2795/1073/904
f 2791/1073/904 2795/1073/904 2797/1073/904 2796/1073/904
f 2796/1073/904 2797/1073/904 2799/1073/904 2798/1073/904
f 2800/1072/904 2801/1073/904 2803/1074/904 2802/1075/904
f 2801/1073/904 2800/1072/904 2804/1072/904 2805/1073/904
f 2801/1073/904 2805/1073/904 2807/1073/904 2806/1073/904
f 2806/1073/904 2807/1073/904 2809/1073/904 2808/1073/904
f 2810/1072/904 2811/1073/904 2813/1074/904 2812/1075/904
f 2811/1073/904 2810/1072/904 2814/1072/904 2815/1073/904
f 2811/1073/904 2815/1073/904 2817/1073/904 2816/1073/904
f 2816/1073/904 2817/1073/904 2819/1073/904 2818/1073/904
f 2820/1072/904 2821/1073/904 2823/1074/904 2822/1075/904
f 2821/1073/904 2820/1072/904 2824/1072/904 2825/1073/904
f 2821/1073/904 2825/1073/904 2827/1073/904 2826/1073/904
f 2826/1073/904 2827/1073/904 2829/1073/904 2828/1073/904
f 2830/1072/904 2831/1073/904 2833/1074/904 2832/1075/904
f 2831/1073/904 2830/1072/904 2834/1072/904 2835/1073/904
f 2831/1073/904 2835/1073/904 2837/1073/904 2836/1073/904
f 2836/1073/904 2837/1073/904 2839/1073/904 2838/1073/904
f 2840/1072/904 2841/1073/904 2843/1074/904 2842/1075/904
f 2841/1073/904 2840/1072/904 2844/1072/904 2845/1073/904
f 2841/1073/904 2845/1073/904 2847/1073/904 2846/1073/904
f 2846/1073/904 2847/1073/904 2849/1073/904 2848/1073/904
f 2850/1072/904 2851/1073/904 2853/1074/904 2852/1075/904
f 2851/1073/904 2850/1072/904 2854/1072/904 2855/1073/904
f 2851/1073/904 2855/1073/904 2857/1073/904 2856/1073/904
f 2856/1073/904 2857/1073/904 2859/1073/904 2858/1073/904
f 2860/1072/904 2861/1073/904 2863/1074/904 2862/1075/904
f 2861/1073/904 2860/1072/904 2864/1072/904 2865/1073/904
f 2861/1073/904 2865/1073/904 2867/1073/904 2866/1073/904
f 2866/1073/904 2867/1073/904 2869/1073/904 2868/1073/904
f 2870/1072/904 2871/1073/904 2873/1074/904 2872/1075/904
f 2871/1073/904 2870/1072/904 2874/1072/904 2875/1073/904
f 2871/1073/904 2875/1073/904 2877/1073/904 2876/1073/904
f 2876/1073/904 2877/1073/904 2879/1073/904 2878/1073/904
f 2880/1072/904 2881/1073/904 2883/1074/904 2882/1075/904
f 2881/1073/904 2880/1072/904 2884/1072/904 2885/1073/904
f 2881/1073/904 2885/1073/904 2887/1073/904 2886/1073/904
f 2886/1073/904 2887/1073/904 2889/1073/904 2888/1073/904
f 2890/1072/904 2891/1073/904 2893/1074/904 2892/1075/904
f 2891/1073/904 2890/1072/904 2894/1072/904 2895/1073/904
f 2891/1073/904 2895/1073/904 2897/1073/904 2896/1073/904
f 2896/1073/904 2897/1073/904 2899/1073/904 2898/1073/904
f 2900/1072/904 2901/1073/904 2903/1074/904 2902/1075/904
f 2901/1073/904 2900/1072/904 2904/1072/904 2905/1073/904
f 2901/1073/904 2905/1073/904 2907/1073/904 2906/1073/904
f 2906/1073/904 2907/1073/904 2909/1073/904 2908/1073/904
f 2910/1072/904 2911/1073/904 2913/1074/904 2912/1075/904
f 2911/1073/904 2910/1072/904 2914/1072/904 2915/1073/904
f 2911/1073/904 2915/1073/904 2917/1073/904 2916/1073/904
f 2916/1073/904 2917/1073/904 2919/1073/904 2918/1073/904
f 2920/1072/904 2921/1073/904 2923/1074/904 2922/1075/904
f 2921/1073/904 2920/1072/904 2924/1072/904 2925/1073/904
f 2921/1073/904 2925/1073/904 2927/1073/904 2926/1073/904
f 2926/1073/904 2927/1073/904 2929/1073/904 2928/1073/904
f 2930/1072/904 2931/1073/904 2933/1074/904 2932/1075/904
f 2931/1073/904 2930/1072/904 2934/1072/904 2935/1073/904
f 2931/1073/904 2935/1073/904 2937/1073/904 2936/1073/904
f 2936/1073/904 2937/1073/904 2939/1073/904 2938/1073/904
f 2940/1072/904 2941/1073/904 2943/1074/904 2942/1075/904
f 2941/1073/904 2940/1072/904 2944/1072/904 2945/1073/904
f 2941/1073/904 2945/1073/904 2947/1073/904 2946/1073/904
f 2946/1073/904 2947/1073/904 2949/1073/904 2948/1073/904
f 2950/1072/904 2951/1073/904 2953/1074/904 2952/1075/904
f 2951/1073/904 2950/1072/904 2954/1072/904 2955/1073/904
f 2951/1073/904 2955/1073/904 2957/1073/904 2956/1073/904
f 2956/1073/904 2957/1073/904 2959/1073/904 2958/1073/904
f 2960/1072/904 2961/1073/904 2963/1074/904 2962/1075/904
f 2961/1073/904 2960/1072/904 2964/1072/904 2965/1073/904
f 2961/1073/904 2965/1073/904 2967/1073/904 2966/1073/904
f 2966/1073/904 2967/1073/904 2969/1073/904 2968/1073/904
f 2970/1072/904 2971/1073/904 2973/1074/904 2972/1075/904
f 2971/1073/904 2970/1072/904 2974/1072/904 2975/1073/904
f 2971/1073/904 2975/1073/904 2977/1073/904 2976/1073/904
f 2976/1073/904 2977/1073/904 2979/1073/904 2978/1073/904
f 2980/1072/904 2981/1073/904 2983/1074/904 2982/1075/904
f 2981/1073/904 2980/1072/904 2984/1072/904 2985/1073/904
f 2981/1073/904 2985/1073/904 2987/1073/904 2986/1073/904
f 2986/1073/904 2987/1073/904 2989/1073/904 2988/1073/904
f 2990/1072/904 2991/1073/904 2993/1074/904 2992/1075/904
f 2991/1073/904 2990/1072/904 2994/1072/904 2995/1073/904
f 2991/1073/904 2995/1073/904 2997/1073/904 2996/1073/904
f 2996/1073/904 2997/1073/904 2999/1073/904 2998/1073/904
f 3000/1072/904 3001/1073/904 3003/1074/904 3002/1075/904
f 3001/1073/904 3000/1072/904 3004/1072/904 3005/1073/904
f 3001/1073/904 3005/1073/904 3007/1073/904 3006/1073/904
f 3006/1073/904 3007/1073/904 3009/1073/904 3008/1073/904
f 3010/1072/904 3011/1073/904 3013/1074/904 3012/1075/904
f 3011/1073/904 3010/1072/904 3014/1072/904 3015/1073/904
f 3011/1073/904 3015/1073/904 3017/1073/904 3016/1073/904
f 3016/1073/904 3017/1073/904 3019/1073/904 3018/1073/904
f 3020/1072/904 3021/1073/904 3023/1074/904 3022/1075/904
f 3021/1073/904 3020/1072/904 3024/1072/904 3025/1073/904
f 3021/1073/904 3025/1073/904 3027/1073/904 3026/1073/904
f 3026/1073/904 3027/1073/904 3029/1073/904 3028/1073/904
f 3030/1072/904 3031/1073/904 3033/1074/904 3032/1075/904
f 3031/1073/904 3030/1072/904 3034/1072/904 3035/1073/904
f 3031/1073/904 3035/1073/904 3037/1073/904 3036/1073/904
f 3036/1073/904 3037/1073/904 3039/1073/904 3038/1073/904
f 3040/1072/904 3041/1073/904 3043/1074/904 3042/1075/904
f 3041/1073/904 3040/1072/904 3044/1072/904 3045/1073/904
f 3041/1073/904 3045/1073/904 3047/1073/904 3046/1073/904
f 3046/1073/904 3047/1073/904 3049/1073/904 3048/1073/904
f 3050/1072/904 3051/1073/904 3053/1074/904 3052/1075/904
f 3051/1073/904 3050/1072/904 3054/1072/904 3055/1073/904
f 3051/1073/904 3055/1073/904 3057/1073/904 3056/1073/904
f 3056/1073/904 3057/1073/904 3059/1073/904 3058/1073/904
f 3060/1072/904 3061/1073/904 3063/1074/904 3062/1075/904
f 3061/1073/904 3060/1072/904 3064/1072/904 3065/1073/904
f 3061/1073/904 3065/1073/904 3067/1073/904 3066/1073/904
f 3066/1073/904 3067/1073/904 3069/1073/904 3068/1073/904
f 3070/1072/904 3071/1073/904 3073/1074/904 3072/1075/904
f 3071/1073/904 3070/1072/904 3074/1072/904 3075/1073/904
f 3071/1073/904 3075/1073/904 3077/1073/904 3076/1073/904
f 3076/1073/904 3077/1073/904 3079/1073/904 3078/1073/904
f 3080/1072/904 3081/1073/904 3083/1074/904 3082/1075/904
f 3081/1073/904 3080/1072/904 3084/1072/904 3085/1073/904
f 3081/1073/904 3085/1073/904 3087/1073/904 3086/1073/904
f 3086/1073/904 3087/1073/904 3089/1073/904 3088/1073/904
f 3090/1072/904 3091/1073/904 3093/1074/904 3092/1075/904
f 3091/1073/904 3090/1072/904 3094/1072/904 3095/1073/904
f 3091/1073/904 3095/1073/904 3097/1073/904 3096/1073/904
f 3096/1073/904 3097/1073/904 3099/1073/904 3098/1073/904
f 3100/1072/904 3101/1073/904 3103/1074/904 3102/1075/904
f 3101/1073/904 3100/1072/904 3104/1072/904 3105/1073/904
f 3101/1073/904 3105/1073/904 3107/1073/904 3106/1073/904
f 3106/1073/904 3107/1073/904 3109/1073/904 3108/1073/904
f 3110/1072/904 3111/1073/904 3113/1074/904 3112/1075/904
f 3111/1073/904 3110/1072/904 3114/1072/904 3115/1073/904
f 3111/1073/904 3115/1073/904 3117/1073/904 3116/1073/904
f 3116/1073/904 3117/1073/904 3119/1073/904 3118/1073/904
f 3120/1072/904 3121/1073/904 3123/1074/904 3122/1075/904
f 3121/1073/904 3120/1072/904 3124/1072/904 3125/1073/904
f 3121/1073/904 3125/1073/904 3127/1073/904 3126/1073/904
f 3126/1073/904 3127/1073/904 3129/1073/904 3128/1073/904
f 3130/1072/904 3131/1073/904 3133/1074/904 3132/1075/904
f 3131/1073/904 3130/1072/904 3134/1072/904 3135/1073/904
f 3131/1073/904 3135/1073/904 3137/1073/904 3136/1073/904
f 3136/1073/904 3137/1073/904 3139/1073/904 3138/1073/904
f 3140/1072/904 3141/1073/904 3143/1074/904 3142/1075/904
f 3141/1073/904 3140/1072/904 3144/1072/904 3145/1073/904
f 3141/1073/904 3145/1073/904 3147/1073/904 3146/1073/904
f 3146/1073/904 3147/1073/904 3149/1073/904 3148/1073/904
f 3150/1072/904 3151/1073/904 3153/1074/904 3152/1075/904
f 3151/1073/904 3150/1072/904 3154/1072/904 3155/1073/904
f 3151/1073/904 3155/1073/904 3157/1073/904 3156/1073/904
f 3156/1073/904 3157/1073/904 3159/1073/904 3158/1073/904
f 3160/1072/904 3161/1073/904 3163/1074/904 3162/1075/904
f 3161/1073/904 3160/1072/904 3164/1072/904 3165/1073/904
f 3161/1073/904 3165/1073/904 3167/1073/904 3166/1073/904
f 3166/1073/904 3167/1073/904 3169/1073/904 3168/1073/904
f 3170/1072/904 3171/1073/904 3173/1074/904 3172/1075/904
f 3171/1073/904 3170/1072/904 3174/1072/904 3175/1073/904
f 3171/1073/904 3175/1073/904 3177/1073/904 3176/1073/904
f 3176/1073/904 3177/1073/904 3179/1073/904 3178/1073/904
f 3180/1072/904 3181/1073/904 3183/1074/904 3182/1075/904
f 3181/1073/904 3180/1072/904 3184/1072/904 3185/1073/904
f 3181/1073/904 3185/1073/904 3187/1073/904 3186/1073/904
f 3186/1073/904 3187/1073/904 3189/1073/904 3188/1073/904
f 3190/1072/904 3191/1073/904 3193/1074/904 3192/1075/904
f 3191/1073/904 3190/1072/904 3194/1072/904 3195/1073/904
f 3191/1073/904 3195/1073/904 3197/1073/904 3196/1073/904
f 3196/1073/904 3197/1073/904 3199/1073/904 3198/1073/904
f 3200/1072/904 3201/1073/904 3203/1074/904 3202/1075/904
f 3201/1073/904 3200/1072/904 3204/1072/904 3205/1073/904
f 3201/1073/904 3205/1073/904 3207/1073/904 3206/1073/904
f 3206/1073/904 3207/1073/904 3209/1073/904 3208/1073/904
f 3210/1072/904 3211/1073/904 3213/1074/904 3212/1075/904
f 3211/1073/904 3210/1072/904 3214/1072/904 3215/1073/904
f 3211/1073/904 3215/1073/904 3217/1073/904 3216/1073/904
f 3216/1073/904 3217/1073/904 3219/1073/904 3218/1073/904
f 3220/1072/904 3221/1073/904 3223/1074/904 3222/1075/904
f 3221/1073/904 3220/1072/904 3224/1072/904 3225/1073/904
f 3221/1073/904 3225/1073/904 3227/1073/904 3226/1073/904
f 3226/1073/904 3227/1073/904 3229/1073/904 3228/1073/904
f 3230/1072/904 3231/1073/904 3233/1074/904 3232/1075/904
f 3231/1073/904 3230/1072/904 3234/1072/904 3235/1073/904
f 3231/1073/904 3235/1073/904 3237/1073/904 3236/1073/904
f 3236/1073/904 3237/1073/904 3239/1073/904 3238/1073/904
f 3240/1072/904 3241/1073/904 3243/1074/904 3242/1075/904
f 3241/1073/904 3240/1072/904 3244/1072/904 3245/1073/904
f 3241/1073/904 3245/1073/904 3247/1073/904 3246/1073/904
f 3246/1073/904 3247/1073/904 3249/1073/904 3248/1073/904
f 3250/1072/904 3251/1073/904 3253/1074/904 3252/1075/904
f 3251/1073/904 3250/1072/904 3254/1072/904 3255/1073/904
f 3251/1073/904 3255/1073/904 3257/1073/904 3256/1073/904
f 3256/1073/904 3257/1073/904 3259/1073/904 3258/1073/904
f 3260/1072/904 3261/1073/904 3263/1074/904 3262/1075/904
f 3261/1073/904 3260/1072/904 3264/1072/904 3265/1073/904
f 3261/1073/904 3265/1073/904 3267/1073/904 3266/1073/904
f 3266/1073/904 3267/1073/904 3269/1073/904 3268/1073/904
f 3270/1072/904 3271/1073/904 3273/1074/904 3272/1075/904
f 3271/1073/904 3270/1072/904 3274/1072/904 3275/1073/904
f 3271/1073/904 3275/1073/904 3277/1073/904 3276/1073/904
f 3276/1073/904 3277/1073/904 3279/1073/904 3278/1073/904
f 3280/1072/904 3281/1073/904 3283/1074/904 3282/1075/904
f 3281/1073/904 3280/1072/904 3284/1072/904 3285/1073/904
f 3281/1073/904 3285/1073/904 3287/1073/904 3286/1073/904
f 3286/1073/904 3287/1073/904 3289/1073/904 3288/1073/904
f 3290/1072/904 3291/1073/904 3293/1074/904 3292/1075/904
f 3291/1073/904 3290/1072/904 3294/1072/904 3295/1073/904
f 3291/1073/904 3295/1073/904 3297/1073/904 3296/1073/904
f 3296/1073/904 3297/1073/904 3299/1073/904 3298/1073/904
f 3300/1072/904 3301/1073/904 3303/1074/904 3302/1075/904
f 3301/1073/904 3300/1072/904 3304/1072/904 3305/1073/904
f 3301/1073/904 3305/1073/904 3307/1073/904 3306/1073/904
f 3306/1073/904 3307/1073/904 3309/1073/904 3308/1073/904
f 3310/1072/904 3311/1073/904 3313/1074/904 3312/1075/904
f 3311/1073/904 3310/1072/904 3314/1072/904 3315/1073/904
f 3311/1073/904 3315/1073/904 3317/1073/904 3316/1073/904
f 3316/1073/904 3317/1073/904 3319/1073/904 3318/1073/904
f 3320/1072/904 3321/1073/904 3323/1074/904 3322/1075/904
f 3321/1073/904 3320/1072/904 3324/1072/904 3325/1073/904
f 3321/1073/904 3325/1073/904 3327/1073/904 3326/1073/904
f 3326/1073/904 3327/1073/904 3329/1073/904 3328/1073/904
f 3330/1072/904 3331/1073/904 3333/1074/904 3332/1075/904
f 3331/1073/904 3330/1072/904 3334/1072/904 3335/1073/904
f 3331/1073/904 3335/1073/904 3337/1073/904 3336/1073/904
f 3336/1073/904 3337/1073/904 3339/1073/904 3338/1073/904
f 3340/1072/904 3341/1073/904 3343/1074/904 3342/1075/904
f 3341/1073/904 3340/1072/904 3344/1072/904 3345/1073/904
f 3341/1073/904 3345/1073/904 3347/1073/904 3346/1073/904
f 3346/1073/904 3347/1073/904 3349/1073/904 3348/1073/904
f 3350/1072/904 3351/1073/904 3353/1074/904 3352/1075/904
f 3351/1073/904 3350/1072/904 3354/1072/904 3355/1073/904
f 3351/1073/904 3355/1073/904 3357/1073/904 3356/1073/904
f 3356/1073/904 3357/1073/904 3359/1073/904 3358/1073/904
f 3360/1072/904 3361/1073/904 3363/1074/904 3362/1075/904
f 3361/1073/904 3360/1072/904 3364/1072/904 3365/1073/904
f 3361/1073/904 3365/1073/904 3367/1073/904 3366/1073/904
f 3366/1073/904 3367/1073/904 3369/1073/904 3368/1073/904
f 3370/1072/904 3371/1073/904 3373/1074/904 3372/1075/904
f 3371/1073/904 3370/1072/904 3374/1072/904 3375/1073/904
f 3371/1073/904 3375/1073/904 3377/1073/904 3376/1073/904
f 3376/1073/904 3377/1073/904 3379/1073/904 3378/1073/904
f 3380/1072/904 3381/1073/904 3383/1074/904 3382/1075/904
f 3381/1073/904 3380/1072/904 3384/1072/904 3385/1073/904
f 3381/1073/904 3385/1073/904 3387/1073/904 3386/1073/904
f 3386/1073/904 3387/1073/904 3389/1073/904 3388/1073/904
f 3390/1072/904 3391/1073/904 3393/1074/904 3392/1075/904
f 3391/1073/904 3390/1072/904 3394/1072/904 3395/1073/904
f 3391/1073/904 3395/1073/904 3397/1073/904 3396/1073/904
f 3396/1073/904 3397/1073/904 3399/1073/904 3398/1073/904
f 3400/1072/904 3401/1073/904 3403/1074/904 3402/1075/904
f 3401/1073/904 3400/1072/904 3404/1072/904 3405/1073/904
f 3401/1073/904 3405/1073/904 3407/1073/904 3406/1073/904
f 3406/1073/904 3407/1073/904 3409/1073/904 3408/1073/904
f 3410/1072/904 3411/1073/904 3413/1074/904 3412/1075/904
f 3411/1073/904 3410/1072/904 3414/1072/904 3415/1073/904
f 3411/1073/904 3415/1073/904 3417/1073/904 3416/1073/904
f 3416/1073/904 3417/1073/904 3419/1073/904 3418/1073/904
f 3420/1072/904 3421/1073/904 3423/1074/904 3422/1075/904
f 3421/1073/904 3420/1072/904 3424/1072/904 3425/1073/904
f 3421/1073/904 3425/1073/904 3427/1073/904 3426/1073/904
f 3426/1073/904 3427/1073/904 3429/1073/904 3428/1073/904
f 3430/1072/904 3431/1073/904 3433/1074/904 3432/1075/904
f 3431/1073/904 3430/1072/904 3434/1072/904 3435/1073/904
f 3431/1073/904 3435/1073/904 3437/1073/904 3436/1073/904
f 3436/1073/904 3437/1073/904 3439/1073/904 3438/1073/904
f 3440/1072/904 3441/1073/904 3443/1074/904 3442/1075/904
f 3441/1073/904 3440/1072/904 3444/1072/904 3445/1073/904
f 3441/1073/904 3445/1073/904 3447/1073/904 3446/1073/904
f 3446/1073/904 3447/1073/904 3449/1073/904 3448/1073/904
f 3450/1072/904 3451/1073/904 3453/1074/904 3452/1075/904
f 3451/1073/904 3450/1072/904 3454/1072/904 3455/1073/904
f 3451/1073/904 3455/1073/904 3457/1073/904 3456/1073/904
f 3456/1073/904 3457/1073/904 3459/1073/904 3458/1073/904
f 3460/1072/904 3461/1073/904 3463/1074/904 3462/1075/904
f 3461/1073/904 3460/1072/904 3464/1072/904 3465/1073/904
f 3461/1073/904 3465/1073/904 3467/1073/904 3466/1073/904
f 3466/1073/904 3467/1073/904 3469/1073/904 3468/1073/904
f 3470/1072/904 3471/1073/904 3473/1074/904 3472/1075/904
f 3471/1073/904 3470/1072/904 3474/1072/904 3475/1073/904
f 3471/1073/904 3475/1073/904 3477/1073/904 3476/1073/904
f 3476/1073/904 3477/1073/904 3479/1073/904 3478/1073/904
f 3480/1072/904 3481/1073/904 3483/1074/904 3482/1075/904
f 3481/1073/904 3480/1072/904 3484/1072/904 3485/1073/904
f 3481/1073/904 3485/1073/904 3487/1073/904 3486/1073/904
f 3486/1073/904 3487/1073/904 3489/1073/904 3488/1073/904
f 3490/1072/904 3491/1073/904 3493/1074/904 3492/1075/904
f 3491/1073/904 3490/1072/904 3494/1072/904 3495/1073/904
f 3491/1073/904 3495/1073/904 3497/1073/904 3496/1073/904
f 3496/1073/904 3497/1073/904 3499/1073/904 3498/1073/904
f 3500/1072/904 3501/1073/904 3503/1074/904 3502/1075/904
f 3501/1073/904 3500/1072/904 3504/1072/904 3505/1073/904
f 3501/1073/904 3505/1073/904 3507/1073/904 3506/1073/904
f 3506/1073/904 3507/1073/904 3509/1073/904 3508/1073/904
f 3510/1072/904 3511/1073/904 3513/1074/904 3512/1075/904
f 3511/1073/904 3510/1072/904 3514/1072/904 3515/1073/904
f 3511/1073/904 3515/1073/904 3517/1073/904 3516/1073/904
f 3516/1073/904 3517/1073/904 3519/1073/904 3518/1073/904
f 3520/1072/904 3521/1073/904 3523/1074/904 3522/1075/904
f 3521/1073/904 3520/1072/904 3524/1072/904 3525/1073/904
f 3521/1073/904 3525/1073/904 3527/1073/904 3526/1073/904
f 3526/1073/904 3527/1073/904 3529/1073/904 3528/1073/904
f 3530/1072/904 3531/1073/904 3533/1074/904 3532/1075/904
f 3531/1073/904 3530/1072/904 3534/1072/904 3535/1073/904
f 3531/1073/904 3535/1073/904 3537/1073/904 3536/1073/904
f 3536/1073/904 3537/1073/904 3539/1073/904 3538/1073/904
f 3540/1072/904 3541/1073/904 3543/1074/904 3542/1075/904
f 3541/1073/904 3540/1072/904 3544/1072/904 3545/1073/904
f 3541/1073/904 3545/1073/904 3547/1073/904 3546/1073/904
f 3546/1073/904 3547/1073/904 3549/1073/904 3548/1073/904
f 3550/1072/904 3551/1073/904 3553/1074/904 3552/1075/904
f 3551/1073/904 3550/1072/904 3554/1072/904 3555/1073/904
f 3551/1073/904 3555/1073/904 3557/1073/904 3556/1073/904
f 3556/1073/904 3557/1073/904 3559/1073/904 3558/1073/904
f 3560/1072/904 3561/1073/904 3563/1074/904 3562/1075/904
f 3561/1073/904 3560/1072/904 3564/1072/904 3565/1073/904
f 3561/1073/904 3565/1073/904 3567/1073/904 3566/1073/904
f 3566/1073/904 3567/1073/904 3569/1073/904 3568/1073/904
f 3570/1072/904 3571/1073/904 3573/1074/904 3572/1075/904
f 3571/1073/904 3570/1072/904 3574/1072/904 3575/1073/904
f 3571/1073/904 3575/1073/904 3577/1073/904 3576/1073/904
f 3576/1073/904 3577/1073/904 3579/1073/904 3578/1073/904
f 3580/1072/904 3581/1073/904 3583/1074/904 3582/1075/904
f 3581/1073/904 3580/1072/904 3584/1072/904 3585/1073/904
f 3581/1073/904 3585/1073/904 3587/1073/904 3586/1073/904
f 3586/1073/904 3587/1073/904 3589/1073/904 3588/1073/904
f 3590/1072/904 3591/1073/904 3593/1074/904 3592/1075/904
f 3591/1073/904 3590/1072/904 3594/1072/904 3595/1073/904
f 3591/1073/904 3595/1073/904 3597/1073/904 3596/1073/904
f 3596/1073/904 3597/1073/904 3599/1073/904 3598/1073/904
f 3600/1072/904 3601/1073/904 3603/1074/904 3602/1075/904
f 3601/1073/904 3600/1072/904 3604/1072/904 3605/1073/904
f 3601/1073/904 3605/1073/904 3607/1073/904 3606/1073/904
f 3606/1073/904 3607/1073/904 3609/1073/904 3608/1073/904
f 3610/1072/904 3611/1073/904 3613/1074/904 3612/1075/904
f 3611/1073/904 3610/1072/904 3614/1072/904 3615/1073/904
f 3611/1073/904 3615/1073/904 3617/1073/904 3616/1073/904
f 3616/1073/904 3617/1073/904 3619/1073/904 3618/1073/904
f 3620/1072/904 3621/1073/904 3623/1074/904 3622/1075/904
f 3621/1073/904 3620/1072/904 3624/1072/904 3625/1073/904
f 3621/1073/904 3625/1073/904 3627/1073/904 3626/1073/904
f 3626/1073/904 3627/1073/904 3629/1073/904 3628/1073/904
f 3630/1072/904 3631/1073/904 3633/1074/904 3632/1075/904
f 3631/1073/904 3630/1072/904 3634/1072/904 3635/1073/904
f 3631/1073/904 3635/1073/904 3637/1073/904 3636/1073/904
f 3636/1073/904 3637/1073/904 3639/1073/904 3638/1073/904
f 3640/1072/904 3641/1073/904 3643/1074/904 3642/1075/904
f 3641/1073/904 3640/1072/904 3644/1072/904 3645/1073/904
f 3641/1073/904 3645/1073/904 3647/1073/904 3646/1073/904
f 3646/1073/904 3647/1073/904 3649/1073/904 3648/1073/904
f 3650/1072/904 3651/1073/904 3653/1074/904 3652/1075/904
f 3651/1073/904 3650/1072/904 3654/1072/904 3655/1073/904
f 3651/1073/904 3655/1073/904 3657/1073/904 3656/1073/904
f 3656/1073/904 3657/1073/904 3659/1073/904 3658/1073/904
f 3660/1072/904 3661/1073/904 3663/1074/904 3662/1075/904
f 3661/1073/904 3660/1072/904 3664/1072/904 3665/1073/904
f 3661/1073/904 3665/1073/904 3667/1073/904 3666/1073/904
f 3666/1073/904 3667/1073/904 3669/1073/904 3668/1073/904
f 3670/1072/904 3671/1073/904 3673/1074/904 3672/1075/904
f 3671/1073/904 3670/1072/904 3674/1072/904 3675/1073/904
f 3671/1073/904 3675/1073/904 3677/1073/904 3676/1073/904
f 3676/1073/904 3677/1073/904 3679/1073/904 3678/1073/904
f 3680/1072/904 3681/1073/904 3683/1074/904 3682/1075/904
f 3681/1073/904 3680/1072/904 3684/1072/904 3685/1073/904
f 3681/1073/904 3685/1073/904 3687/1073/904 3686/1073/904
f 3686/1073/904 3687/1073/904 3689/1073/904 3688/1073/904
f 3690/1072/904 3691/1073/904 3693/1074/904 3692/1075/904
f 3691/1073/904 3690/1072/904 3694/1072/904 3695/1073/904
f 3691/1073/904 3695/1073/904 3697/1073/904 3696/1073/904
f 3696/1073/904 3697/1073/904 3699/1073/904 3698/1073/904
f 3700/1072/904 3701/1073/904 3703/1074/904 3702/1075/904
f 3701/1073/904 3700/1072/904 3704/1072/904 3705/1073/904
f 3701/1073/904 3705/1073/904 3707/1073/904 3706/1073/904
f 3706/1073/904 3707/1073/904 3709/1073/904 3708/1073/904
f 3710/1072/904 3711/1073/904 3713/1074/904 3712/1075/904
f 3711/1073/904 3710/1072/904 3714/1072/904 3715/1073/904
f 3711/1073/904 3715/1073/904 3717/1073/904 3716/1073/904
f 3716/1073/904 3717/1073/904 3719/1073/904 3718/1073/904
f 3720/1072/904 3721/1073/904 3723/1074/904 3722/1075/904
f 3721/1073/904 3720/1072/904 3724/1072/904 3725/1073/904
f 3721/1073/904 3725/1073/904 3727/1073/904 3726/1073/904
f 3726/1073/904 3727/1073/904 3729/1073/904 3728/1073/904
f 3730/1072/904 3731/1073/904 3733/1074/904 3732/1075/904
f 3731/1073/904 3730/1072/904 3734/1072/904 3735/1073/904
f 3731/1073/904 3735/1073/904 3737/1073/904 3736/1073/904
f 3736/1073/904 3737/1073/904 3739/1073/904 3738/1073/904
f 3740/1072/904 3741/1073/904 3743/1074/904 3742/1075/904
f 3741/1073/904 3740/1072/904 3744/1072/904 3745/1073/904
f 3741/1073/904 3745/1073/904 3747/1073/904 3746/1073/904
f 3746/1073/904 3747/1073/904 3749/1073/904 3748/1073/904
f 3750/1072/904 3751/1073/904 3753/1074/904 3752/1075/904
f 3751/1073/904 3750/1072/904 3754/1072/904 3755/1073/904
f 3751/1073/904 3755/1073/904 3757/1073/904 3756/1073/904
f 3756/1073/904 3757/1073/904 3759/1073/904 3758/1073/904
f 3760/1072/904 3761/1073/904 3763/1074/904 3762/1075/904
f 3761/1073/904 3760/1072/904 3764/1072/904 3765/1073/904
f 3761/1073/904 3765/1073/904 3767/1073/904 3766/1073/904
f 3766/1073/904 3767/1073/904 3769/1073/904 3768/1073/904
f 3770/1072/904 3771/1073/904 3773/1074/904 3772/1075/904
f 3771/1073/904 3770/1072/904 3774/1072/904 3775/1073/904
f 3771/1073/904 3775/1073/904 3777/1073/904 3776/1073/904
f 3776/1073/904 3777/1073/904 3779/1073/904 3778/1073/904
f 3780/1072/904 3781/1073/904 3783/1074/904 3782/1075/904
f 3781/1073/904 3780/1072/904 3784/1072/904 3785/1073/904
f 3781/1073/904 3785/1073/904 3787/1073/904 3786/1073/904
f 3786/1073/904 3787/1073/904 3789/1073/904 3788/1073/904
f 3790/1072/904 3791/1073/904 3793/1074/904 3792/1075/904
f 3791/1073/904 3790/1072/904 3794/1072/904 3795/1073/904
f 3791/1073/904 3795/1073/904 3797/1073/904 3796/1073/904
f 3796/1073/904 3797/1073/904 3799/1073/904 3798/1073/904
f 3800/1072/904 3801/1073/904 3803/1074/904 3802/1075/904
f 3801/1073/904 3800/1072/904 3804/1072/904 3805/1073/904
f 3801/1073/904 3805/1073/904 3807/1073/904 3806/1073/904
f 3806/1073/904 3807/1073/904 3809/1073/904 3808/1073/904
f 3810/1072/904 3811/1073/904 3813/1074/904 3812/1075/904
f 3811/1073/904 3810/1072/904 3814/1072/904 3815/1073/904
f 3811/1073/904 3815/1073/904 3817/1073/904 3816/1073/904
f 3816/1073/904 3817/1073/904 3819/1073/904 3818/1073/904
o v_hlid.001
v -0.897838 -0.042709 -1.107179
v -0.565168 2.857426 -1.020996
v -0.897838 -0.013790 -1.581135
v -0.565168 2.875309 -1.314072
v 0.897838 -0.042709 -1.107179
v 0.565168 2.857426 -1.020996
v 0.897838 -0.013790 -1.581135
v 0.565168 2.875309 -1.314072
vn -0.9935 0.1138 0.0069
vn -0.0000 0.0920 -0.9958
vn 0.9935 0.1138 0.0069
vn -0.0000 -0.0297 0.9996
vn -0.0000 -0.9981 -0.0609
vn -0.0000 0.9981 0.0609
vt 0.375000 0.000000
vt 0.625000 0.000000
vt 0.625000 0.250000
vt 0.375000 0.250000
vt 0.625000 0.500000
vt 0.375000 0.500000
vt 0.625000 0.750000
vt 0.375000 0.750000
vt 0.625000 1.000000
vt 0.375000 1.000000
vt 0.125000 0.500000
vt 0.125000 0.750000
vt 0.875000 0.500000
vt 0.875000 0.750000
s 0
usemtl Material.003
f 3820/1076/905 3821/1077/905 3823/1078/905 3822/1079/905
f 3822/1079/906 3823/1078/906 3827/1080/906 3826/1081/906
f 3826/1081/907 3827/1080/907 3825/1082/907 3824/1083/907
f 3824/1083/908 3825/1082/908 3821/1084/908 3820/1085/908
f 3822/1086/909 3826/1081/909 3824/1083/909 3820/1087/909
f 3827/1080/910 3823/1088/910 3821/1089/910 3825/1082/910
o Cube.005
v -0.418295 -0.013630 -1.490021
v -0.418295 1.660993 -1.310701
v -0.418295 0.007274 -1.685235
v -0.418295 1.681896 -1.505915
v 0.418295 -0.013630 -1.490021
v 0.418295 1.660993 -1.310701
v 0.418295 0.007274 -1.685235
v 0.418295 1.681896 -1.505915
vn -1.0000 -0.0000 -0.0000
vn -0.0000 0.1065 -0.9943
vn 1.0000 -0.0000 -0.0000
vn -0.0000 -0.1065 0.9943
vn -0.0000 -0.9943 -0.1065
vn -0.0000 0.9943 0.1065
vt 0.375000 0.000000
vt 0.625000 0.000000
vt 0.625000 0.250000
vt 0.375000 0.250000
vt 0.625000 0.500000
vt 0.375000 0.500000
vt 0.625000 0.750000
vt 0.375000 0.750000
vt 0.625000 1.000000
vt 0.375000 1.000000
vt 0.125000 0.500000
vt 0.125000 0.750000
vt 0.875000 0.500000
vt 0.875000 0.750000
s 0
usemtl Material.064
f 3828/1090/911 3829/1091/911 3831/1092/911 3830/1093/911
f 3830/1093/912 3831/1092/912 3835/1094/912 3834/1095/912
f 3834/1095/913 3835/1094/913 3833/1096/913 3832/1097/913
f 3832/1097/914 3833/1096/914 3829/1098/914 3828/1099/914
f 3830/1100/915 3834/1095/915 3832/1097/915 3828/1101/915
f 3835/1094/916 3831/1102/916 3829/1103/916 3833/1096/916
o Cube.006
v -0.418295 1.844291 -1.338594
v -0.418295 2.528927 -1.255308
v -0.418295 1.861172 -1.477361
v -0.418295 2.545808 -1.394074
v 0.418295 1.844291 -1.338594
v 0.418295 2.528927 -1.255308
v 0.418295 1.861172 -1.477361
v 0.418295 2.545808 -1.394074
vn -1.0000 -0.0000 -0.0000
vn -0.0000 0.1208 -0.9927
vn 1.0000 -0.0000 -0.0000
vn -0.0000 -0.1208 0.9927
vn -0.0000 -0.9927 -0.1208
vn -0.0000 0.9927 0.1208
vt 0.375000 0.000000
vt 0.625000 0.000000
vt 0.625000 0.250000
vt 0.375000 0.250000
vt 0.625000 0.500000
vt 0.375000 0.500000
vt 0.625000 0.750000
vt 0.375000 0.750000
vt 0.625000 1.000000
vt 0.375000 1.000000
vt 0.125000 0.500000
vt 0.125000 0.750000
vt 0.875000 0.500000
vt 0.875000 0.750000
s 0
usemtl Material.053
f 3836/1104/917 3837/1105/917 3839/1106/917 3838/1107/917
f 3838/1107/918 3839/1106/918 3843/1108/918 3842/1109/918
f 3842/1109/919 3843/1108/919 3841/1110/919 3840/1111/919
f 3840/1111/920 3841/1110/920 3837/1112/920 3836/1113/920
f 3838/1114/921 3842/1109/921 3840/1111/921 3836/1115/921
f 3843/1108/922 3839/1116/922 3837/1117/922 3841/1110/922
o Cube.007
v -2.350952 1.914066 -1.250000
v -2.350952 2.274066 -1.250000
v -2.350952 1.914066 -1.350000
v -2.350952 2.274066 -1.350000
v -2.050952 1.914066 -1.250000
v -2.050952 2.274066 -1.250000
v -2.050952 1.914066 -1.350000
v -2.050952 2.274066 -1.350000
v 1.141584 1.914066 -1.250000
v 1.141584 2.274066 -1.250000
v 1.141584 1.914066 -1.350000
v 1.141584 2.274066 -1.350000
v 1.441584 1.914066 -1.250000
v 1.441584 2.274066 -1.250000
v 1.441584 1.914066 -1.350000
v 1.441584 2.274066 -1.350000
v 1.613785 1.914066 -1.250000
v 1.613785 2.274066 -1.250000
v 1.613785 1.914066 -1.350000
v 1.613785 2.274066 -1.350000
v 1.913785 1.914066 -1.250000
v 1.913785 2.274066 -1.250000
v 1.913785 1.914066 -1.350000
v 1.913785 2.274066 -1.350000
v 2.090915 1.914066 -1.250000
v 2.090915 2.274066 -1.250000
v 2.090915 1.914066 -1.350000
v 2.090915 2.274066 -1.350000
v 2.390915 1.914066 -1.250000
v 2.390915 2.274066 -1.250000
v 2.390915 1.914066 -1.350000
v 2.390915 2.274066 -1.350000
v -1.878752 1.914066 -1.250000
v -1.878752 2.274066 -1.250000
v -1.878752 1.914066 -1.350000
v -1.878752 2.274066 -1.350000
v -1.578752 1.914066 -1.250000
v -1.578752 2.274066 -1.250000
v -1.578752 1.914066 -1.350000
v -1.578752 2.274066 -1.350000
v -1.401621 1.914066 -1.250000
v -1.401621 2.274066 -1.250000
v -1.401621 1.914066 -1.350000
v -1.401621 2.274066 -1.350000
v -1.101621 1.914066 -1.250000
v -1.101621 2.274066 -1.250000
v -1.101621 1.914066 -1.350000
v -1.101621 2.274066 -1.350000
vn -1.0000 -0.0000 -0.0000
vn -0.0000 -0.0000 -1.0000
vn 1.0000 -0.0000 -0.0000
vn -0.0000 -0.0000 1.0000
vn -0.0000 -1.0000 -0.0000
vn -0.0000 1.0000 -0.0000
vt 0.375000 0.000000
vt 0.625000 0.000000
vt 0.625000 0.250000
vt 0.375000 0.250000
vt 0.625000 0.500000
vt 0.375000 0.500000
vt 0.625000 0.750000
vt 0.375000 0.750000
vt 0.625000 1.000000
vt 0.375000 1.000000
vt 0.125000 0.500000
vt 0.125000 0.750000
vt 0.875000 0.500000
vt 0.875000 0.750000
s 0
usemtl Material.026
f 3844/1118/923 3845/1119/923 3847/1120/923 3846/1121/923
f 3846/1121/924 3847/1120/924 3851/1122/924 3850/1123/924
f 3850/1123/925 3851/1122/925 3849/1124/925 3848/1125/925
f 3848/1125/926 3849/1124/926 3845/1126/926 3844/1127/926
f 3846/1128/927 3850/1123/927 3848/1125/927 3844/1129/927
f 3851/1122/928 3847/1130/928 3845/1131/928 3849/1124/928
f 3852/1118/923 3853/1119/923 3855/1120/923 3854/1121/923
f 3854/1121/924 3855/1120/924 3859/1122/924 3858/1123/924
f 3858/1123/925 3859/1122/925 3857/1124/925 3856/1125/925
f 3856/1125/926 3857/1124/926 3853/1126/926 3852/1127/926
f 3854/1128/927 3858/1123/927 3856/1125/927 3852/1129/927
f 3859/1122/928 3855/1130/928 3853/1131/928 3857/1124/928
f 3860/1118/923 3861/1119/923 3863/1120/923 3862/1121/923
f 3862/1121/924 3863/1120/924 3867/1122/924 3866/1123/924
f 3866/1123/925 3867/1122/925 3865/1124/925 3864/1125/925
f 3864/1125/926 3865/1124/926 3861/1126/926 3860/1127/926
f 3862/1128/927 3866/1123/927 3864/1125/927 3860/1129/927
f 3867/1122/928 3863/1130/928 3861/1131/928 3865/1124/928
f 3868/1118/923 3869/1119/923 3871/1120/923 3870/1121/923
f 3870/1121/924 3871/1120/924 3875/1122/924 3874/1123/924
f 3874/1123/925 3875/1122/925 3873/1124/925 3872/1125/925
f 3872/1125/926 3873/1124/926 3869/1126/926 3868/1127/926
f 3870/1128/927 3874/1123/927 3872/1125/927 3868/1129/927
f 3875/1122/928 3871/1130/928 3869/1131/928 3873/1124/928
f 3876/1118/923 3877/1119/923 3879/1120/923 3878/1121/923
f 3878/1121/924 3879/1120/924 3883/1122/924 3882/1123/924
f 3882/1123/925 3883/1122/925 3881/1124/925 3880/1125/925
f 3880/1125/926 3881/1124/926 3877/1126/926 3876/1127/926
f 3878/1128/927 3882/1123/927 3880/1125/927 3876/1129/927
f 3883/1122/928 3879/1130/928 3877/1131/928 3881/1124/928
f 3884/1118/923 3885/1119/923 3887/1120/923 3886/1121/923
f 3886/1121/924 3887/1120/924 3891/1122/924 3890/1123/924
f 3890/1123/925 3891/1122/925 3889/1124/925 3888/1125/925
f 3888/1125/926 3889/1124/926 3885/1126/926 3884/1127/926
f 3886/1128/927 3890/1123/927 3888/1125/927 3884/1129/927
f 3891/1122/928 3887/1130/928 3885/1131/928 3889/1124/928
