# Blender 4.0.2
# www.blender.org
mtllib asmundarsafn_nyasta_utgafa_17.05.mtl
o v_hlid
v 2.750000 0.000000 2.000000
v 4.139461 4.000000 1.236724
v 2.750000 0.000000 -2.000000
v 4.139461 4.000000 -1.236724
v 10.250000 0.000000 2.000000
v 8.860538 4.000000 1.236724
v 10.250000 0.000000 -2.000000
v 8.860538 4.000000 -1.236724
vn -0.9446 0.3281 -0.0000
vn -0.0000 0.1874 -0.9823
vn 0.9446 0.3281 -0.0000
vn -0.0000 0.1874 0.9823
vn -0.0000 -1.0000 -0.0000
vn -0.0000 1.0000 -0.0000
vt 0.375000 0.000000
vt 0.625000 0.000000
vt 0.625000 0.250000
vt 0.375000 0.250000
vt 0.625000 0.500000
vt 0.375000 0.500000
vt 0.625000 0.750000
vt 0.375000 0.750000
vt 0.625000 1.000000
vt 0.375000 1.000000
vt 0.125000 0.500000
vt 0.125000 0.750000
vt 0.875000 0.500000
vt 0.875000 0.750000
s 0
usemtl Material.003
f 1/1/1 2/2/1 4/3/1 3/4/1
f 3/4/2 4/3/2 8/5/2 7/6/2
f 7/6/3 8/5/3 6/7/3 5/8/3
f 5/8/4 6/7/4 2/9/4 1/10/4
f 3/11/5 7/6/5 5/8/5 1/12/5
f 8/5/6 4/13/6 2/14/6 6/7/6
o adaldyr
v -4.000000 0.000000 1.300000
v -4.000000 2.900000 1.300000
v -4.000000 0.000000 -1.300000
v -4.000000 2.900000 -1.300000
v 4.000000 0.000000 1.300000
v 4.000000 2.900000 1.300000
v 4.000000 0.000000 -1.300000
v 4.000000 2.900000 -1.300000
v 1.389393 1.796256 0.880154
v 1.019795 1.796256 0.880154
v 1.389393 2.271376 0.880154
v 1.019795 2.271376 0.880154
v -4.000000 2.900000 -1.300000
v -4.000000 0.000000 -1.300000
v 4.000000 0.000000 -1.300000
v 4.000000 2.900000 -1.300000
v -4.000000 2.900000 -1.300000
v -4.000000 0.000000 -1.300000
v 4.000000 0.000000 -1.300000
v 4.000000 2.900000 -1.300000
v -4.000000 1.450000 -1.300000
v 0.000000 0.000000 -1.300000
v 0.000000 2.900000 -1.300000
v 4.000000 1.450000 -1.300000
v -2.000000 0.000000 -1.300000
v 2.000000 0.000000 -1.300000
v -3.000000 0.000000 -1.300000
v 1.000000 0.000000 -1.300000
v -1.000000 0.000000 -1.300000
v 3.000000 0.000000 -1.300000
v -3.500000 0.000000 -1.300000
v 0.500000 0.000000 -1.300000
v -1.500000 0.000000 -1.300000
v 2.500000 0.000000 -1.300000
v -2.500000 0.000000 -1.300000
v 1.500000 0.000000 -1.300000
v -0.500000 0.000000 -1.300000
v 3.500000 0.000000 -1.300000
v 2.000000 2.900000 -1.300000
v -2.000000 2.900000 -1.300000
v 3.000000 2.900000 -1.300000
v -1.000000 2.900000 -1.300000
v 1.000000 2.900000 -1.300000
v -3.000000 2.900000 -1.300000
v 3.500000 2.900000 -1.300000
v -0.500000 2.900000 -1.300000
v 1.500000 2.900000 -1.300000
v -2.500000 2.900000 -1.300000
v 2.500000 2.900000 -1.300000
v -1.500000 2.900000 -1.300000
v 0.500000 2.900000 -1.300000
v -3.500000 2.900000 -1.300000
vn -1.0000 -0.0000 -0.0000
vn -0.0000 -0.0000 -1.0000
vn 1.0000 -0.0000 -0.0000
vn -0.0000 -0.0000 1.0000
vn -0.0000 -1.0000 -0.0000
vn -0.0000 1.0000 -0.0000
vt 0.625000 0.000000
vt 0.375000 0.250000
vt 0.375000 0.000000
vt 0.625000 0.250000
vt 0.375000 0.500000
vt 0.625000 0.500000
vt 0.375000 0.750000
vt 0.625000 0.750000
vt 0.375000 1.000000
vt 0.125000 0.750000
vt 0.125000 0.500000
vt 0.875000 0.500000
vt 0.000000 0.000000
vt 0.375000 0.484375
vt 0.625000 0.265625
vt 0.375000 0.265625
vt 0.625000 0.484375
vt 0.625000 1.000000
vt 0.875000 0.750000
vt 0.375000 0.281250
vt 0.375000 0.296875
vt 0.375000 0.312500
vt 0.375000 0.328125
vt 0.375000 0.343750
vt 0.375000 0.359375
vt 0.375000 0.375000
vt 0.375000 0.390625
vt 0.375000 0.406250
vt 0.375000 0.421875
vt 0.375000 0.437500
vt 0.375000 0.453125
vt 0.375000 0.468750
vt 0.625000 0.468750
vt 0.625000 0.453125
vt 0.625000 0.437500
vt 0.625000 0.421875
vt 0.625000 0.406250
vt 0.625000 0.390625
vt 0.625000 0.375000
vt 0.625000 0.359375
vt 0.625000 0.343750
vt 0.625000 0.328125
vt 0.625000 0.312500
vt 0.625000 0.296875
vt 0.625000 0.281250
vt 0.500000 0.250000
vt 0.500000 0.500000
s 0
usemtl Material.004
f 10/15/7 22/16/7 9/17/7
f 12/18/8 15/19/8 11/16/8
f 24/20/9 13/21/9 23/19/9
f 14/22/10 9/23/10 13/21/10
f 23/19/11 9/24/11 22/25/11
f 21/26/12 14/22/12 24/20/12
f 18/26/10 19/22/10 20/20/10
f 29/27/12 26/27/12 21/27/12
f 46/28/12 23/19/12 22/16/12
f 60/29/12 21/18/12 24/20/12
f 32/27/12 28/27/12 23/27/12
f 11/16/12 26/16/12 25/18/12
f 11/16/12 15/19/12 39/30/12
f 16/20/12 12/18/12 53/31/12
f 16/20/12 28/20/12 27/19/12
f 10/15/7 21/18/7 22/16/7
f 12/18/8 16/20/8 15/19/8
f 24/20/9 14/22/9 13/21/9
f 14/22/10 10/32/10 9/23/10
f 23/19/11 13/21/11 9/24/11
f 21/26/12 10/33/12 14/22/12
f 18/26/10 17/33/10 19/22/10
f 21/27/12 25/27/12 29/27/12
f 26/27/12 22/27/12 21/27/12
f 22/16/12 26/16/12 39/30/12
f 35/34/12 43/35/12 33/36/12
f 22/16/12 39/30/12 35/34/12
f 33/36/12 41/37/12 37/38/12
f 22/16/12 35/34/12 33/36/12
f 37/38/12 45/39/12 30/40/12
f 22/16/12 33/36/12 37/38/12
f 30/40/12 40/41/12 36/42/12
f 22/16/12 37/38/12 30/40/12
f 36/42/12 44/43/12 34/44/12
f 22/16/12 30/40/12 36/42/12
f 34/44/12 42/45/12 38/46/12
f 22/16/12 36/42/12 34/44/12
f 34/44/12 38/46/12 46/28/12
f 22/16/12 34/44/12 46/28/12
f 46/28/12 27/19/12 23/19/12
f 24/20/12 28/20/12 53/31/12
f 49/47/12 57/48/12 47/49/12
f 24/20/12 53/31/12 49/47/12
f 47/49/12 55/50/12 51/51/12
f 24/20/12 49/47/12 47/49/12
f 51/51/12 59/52/12 31/53/12
f 24/20/12 47/49/12 51/51/12
f 31/53/12 54/54/12 50/55/12
f 24/20/12 51/51/12 31/53/12
f 50/55/12 58/56/12 48/57/12
f 24/20/12 31/53/12 50/55/12
f 48/57/12 56/58/12 52/59/12
f 24/20/12 50/55/12 48/57/12
f 48/57/12 52/59/12 60/29/12
f 24/20/12 48/57/12 60/29/12
f 60/29/12 25/18/12 21/18/12
f 23/27/12 27/27/12 32/27/12
f 28/27/12 24/27/12 23/27/12
f 25/18/12 12/18/12 11/16/12
f 26/16/12 29/60/12 25/18/12
f 15/19/12 27/19/12 46/28/12
f 15/19/12 46/28/12 38/46/12
f 15/19/12 38/46/12 34/44/12
f 15/19/12 34/44/12 36/42/12
f 15/19/12 36/42/12 30/40/12
f 15/19/12 30/40/12 37/38/12
f 15/19/12 37/38/12 33/36/12
f 33/36/12 35/34/12 39/30/12
f 15/19/12 33/36/12 39/30/12
f 39/30/12 26/16/12 11/16/12
f 12/18/12 25/18/12 60/29/12
f 12/18/12 60/29/12 52/59/12
f 12/18/12 52/59/12 48/57/12
f 12/18/12 48/57/12 50/55/12
f 12/18/12 50/55/12 31/53/12
f 12/18/12 31/53/12 51/51/12
f 12/18/12 51/51/12 47/49/12
f 47/49/12 49/47/12 53/31/12
f 12/18/12 47/49/12 53/31/12
f 53/31/12 28/20/12 16/20/12
f 27/19/12 15/19/12 16/20/12
f 28/20/12 32/61/12 27/19/12
o h_hlid
v -10.250000 0.000000 2.000000
v -8.860538 4.000000 1.236724
v -10.250000 0.000000 -2.000000
v -8.860538 4.000000 -1.236724
v -2.750000 0.000000 2.000000
v -4.139461 4.000000 1.236724
v -2.750000 0.000000 -2.000000
v -4.139461 4.000000 -1.236724
vn -0.9446 0.3281 -0.0000
vn -0.0000 0.1874 -0.9823
vn 0.9446 0.3281 -0.0000
vn -0.0000 0.1874 0.9823
vn -0.0000 -1.0000 -0.0000
vn -0.0000 1.0000 -0.0000
vt 0.375000 0.000000
vt 0.625000 0.000000
vt 0.625000 0.250000
vt 0.375000 0.250000
vt 0.625000 0.500000
vt 0.375000 0.500000
vt 0.625000 0.750000
vt 0.375000 0.750000
vt 0.625000 1.000000
vt 0.375000 1.000000
vt 0.125000 0.500000
vt 0.125000 0.750000
vt 0.875000 0.500000
vt 0.875000 0.750000
s 0
usemtl Material.002
f 61/62/13 62/63/13 64/64/13 63/65/13
f 63/65/14 64/64/14 68/66/14 67/67/14
f 67/67/15 68/66/15 66/68/15 65/69/15
f 65/69/16 66/68/16 62/70/16 61/71/16
f 63/72/17 67/67/17 65/69/17 61/73/17
f 68/66/18 64/74/18 62/75/18 66/68/18
o innanhus
v -4.080000 -0.009000 9.530798
v -4.080000 2.949000 9.530798
v -4.080000 -0.009000 1.289198
v -4.080000 2.949000 1.289198
v 4.080000 -0.009000 9.530798
v 4.080000 2.949000 9.530798
v 4.080000 -0.009000 1.289198
v 4.080000 2.949000 1.289198
vn -1.0000 -0.0000 -0.0000
vn -0.0000 -0.0000 -1.0000
vn 1.0000 -0.0000 -0.0000
vn -0.0000 -0.0000 1.0000
vn -0.0000 -1.0000 -0.0000
vn -0.0000 1.0000 -0.0000
vt 0.625000 0.000000
vt 0.375000 0.250000
vt 0.375000 0.000000
vt 0.625000 0.250000
vt 0.375000 0.500000
vt 0.625000 0.500000
vt 0.375000 0.750000
vt 0.625000 0.750000
vt 0.375000 1.000000
vt 0.125000 0.750000
vt 0.125000 0.500000
vt 0.875000 0.500000
vt 0.625000 1.000000
vt 0.875000 0.750000
s 0
usemtl Material.012
f 70/76/19 71/77/19 69/78/19
f 72/79/20 75/80/20 71/77/20
f 76/81/21 73/82/21 75/80/21
f 74/83/22 69/84/22 73/82/22
f 75/80/23 69/85/23 71/86/23
f 72/87/24 74/83/24 76/81/24
f 70/76/19 72/79/19 71/77/19
f 72/79/20 76/81/20 75/80/20
f 76/81/21 74/83/21 73/82/21
f 74/83/22 70/88/22 69/84/22
f 75/80/23 73/82/23 69/85/23
f 72/87/24 70/89/24 74/83/24
o syningarsalur
v -0.000007 -0.030000 9.232174
v 18.205343 -0.030000 16.780991
v 18.205343 2.370000 16.780991
v 16.384377 -0.030000 20.191359
v 16.384377 2.370000 20.191359
v 13.933763 -0.030000 23.180567
v 13.933763 2.370000 23.180567
v 10.947686 -0.030000 25.633751
v 10.947686 2.370000 25.633751
v 7.540896 -0.030000 27.456629
v 7.540896 2.370000 27.456629
v 3.844311 -0.030000 28.579153
v 3.844311 2.370000 28.579153
v -0.000007 -0.030000 28.958181
v -0.000007 2.370000 28.958181
v -3.844327 -0.030000 28.579153
v -3.844327 2.370000 28.579153
v -7.540917 -0.030000 27.456629
v -7.540917 2.370000 27.456629
v -10.947704 -0.030000 25.633751
v -10.947704 2.370000 25.633751
v -13.933783 -0.030000 23.180567
v -13.933783 2.370000 23.180567
v -16.384394 -0.030000 20.191359
v -16.384394 2.370000 20.191359
v -18.205362 -0.030000 16.780991
v -18.205362 2.370000 16.780991
v -0.000007 2.370000 9.232174
vn 0.8821 -0.0000 0.4710
vn 0.7733 -0.0000 0.6340
vn 0.6348 -0.0000 0.7727
vn 0.4718 -0.0000 0.8817
vn 0.2906 -0.0000 0.9569
vn 0.0981 -0.0000 0.9952
vn -0.0981 -0.0000 0.9952
vn -0.2906 -0.0000 0.9569
vn -0.4718 -0.0000 0.8817
vn -0.6348 -0.0000 0.7727
vn -0.7733 -0.0000 0.6340
vn -0.8821 -0.0000 0.4710
vn -0.3830 -0.0000 -0.9237
vn 0.3830 -0.0000 -0.9237
vn -0.0000 1.0000 -0.0000
vn -0.0000 -1.0000 -0.0000
vt 0.687500 0.500000
vt 0.687500 1.000000
vt 0.656250 1.000000
vt 0.656250 0.500000
vt 0.625000 1.000000
vt 0.625000 0.500000
vt 0.593750 1.000000
vt 0.593750 0.500000
vt 0.562500 1.000000
vt 0.562500 0.500000
vt 0.531250 1.000000
vt 0.531250 0.500000
vt 0.500000 1.000000
vt 0.500000 0.500000
vt 0.468750 1.000000
vt 0.468750 0.500000
vt 0.437500 1.000000
vt 0.437500 0.500000
vt 0.406250 1.000000
vt 0.406250 0.500000
vt 0.375000 1.000000
vt 0.375000 0.500000
vt 0.343750 1.000000
vt 0.343750 0.500000
vt 0.312500 1.000000
vt 0.312500 0.500000
vt 0.000000 0.000000
s 0
usemtl Material.013
f 78/90/25 79/91/25 81/92/25 80/93/25
f 80/93/26 81/92/26 83/94/26 82/95/26
f 82/95/27 83/94/27 85/96/27 84/97/27
f 84/97/28 85/96/28 87/98/28 86/99/28
f 86/99/29 87/98/29 89/100/29 88/101/29
f 88/101/30 89/100/30 91/102/30 90/103/30
f 90/103/31 91/102/31 93/104/31 92/105/31
f 92/105/32 93/104/32 95/106/32 94/107/32
f 94/107/33 95/106/33 97/108/33 96/109/33
f 96/109/34 97/108/34 99/110/34 98/111/34
f 98/111/35 99/110/35 101/112/35 100/113/35
f 100/113/36 101/112/36 103/114/36 102/115/36
f 103/114/37 104/116/37 77/116/37 102/115/37
f 79/91/38 78/90/38 77/116/38 104/116/38
f 81/92/39 79/91/39 104/116/39 91/102/39 89/100/39 87/98/39 85/96/39 83/94/39
f 91/102/39 104/116/39 103/114/39 101/112/39 99/110/39 97/108/39 95/106/39 93/104/39
f 78/90/40 80/93/40 82/95/40 84/97/40 86/99/40 88/101/40 90/103/40 92/105/40 94/107/40 96/109/40 98/111/40 100/113/40 102/115/40 77/116/40
o dyr
v -0.481908 1.425380 -1.425713
v -0.481908 1.425380 -1.299999
v 0.582861 -0.001031 -1.425713
v 0.582861 -0.001031 -1.299999
v -0.481908 -0.001031 -1.425713
v -0.481908 -0.001031 -1.299999
v 0.582861 1.425380 -1.425713
v 0.582861 1.425380 -1.299999
v 0.050477 -0.001031 -1.425713
v -0.481908 0.712174 -1.425713
v 0.050477 1.425380 -1.425713
v 0.582861 0.712174 -1.425713
v 0.050477 0.712174 -1.425713
vn -0.0000 -0.0000 -1.0000
vn -0.0000 -0.0000 1.0000
vn -1.0000 -0.0000 -0.0000
vn -0.0000 1.0000 -0.0000
vn 1.0000 -0.0000 -0.0000
vn -0.0000 -1.0000 -0.0000
vt 0.500000 0.125000
vt 0.625000 0.125000
vt 0.625000 0.250000
vt 0.500000 0.250000
vt 0.375000 0.250000
vt 0.625000 0.500000
vt 0.375000 0.500000
vt 0.625000 0.625000
vt 0.625000 0.750000
vt 0.375000 0.750000
vt 0.125000 0.750000
vt 0.375000 0.125000
vt 0.125000 0.500000
vt 0.375000 0.625000
vt 0.875000 0.500000
vt 0.875000 0.625000
vt 0.875000 0.750000
vt 0.375000 0.000000
vt 0.500000 0.000000
vt 0.625000 0.000000
s 0
usemtl Material.001
f 117/117/41 113/118/41 109/119/41 114/120/41
f 108/121/42 112/119/42 106/122/42 110/123/42
f 106/123/43 105/122/43 114/124/43 109/125/43 110/126/43
f 112/127/44 111/126/44 115/128/44 105/121/44 106/123/44
f 108/129/45 107/123/45 116/130/45 111/126/45 112/127/45
f 110/122/46 109/131/46 113/132/46 107/133/46 108/125/46
f 115/128/41 117/117/41 114/120/41 105/121/41
f 111/134/41 116/135/41 117/117/41 115/128/41
f 116/135/41 107/136/41 113/118/41 117/117/41
o gluggi_1
v 1.927303 1.589419 -1.261336
v 1.927303 1.589419 -1.338664
v 2.274240 1.589419 -1.261336
v 2.274240 1.589419 -1.338664
v 1.927303 2.010581 -1.261336
v 1.927303 2.010581 -1.338664
v 2.274240 2.010581 -1.261336
v 2.274240 2.010581 -1.338664
vn -0.0000 -1.0000 -0.0000
vn 1.0000 -0.0000 -0.0000
vn -0.0000 1.0000 -0.0000
vn -1.0000 -0.0000 -0.0000
vn -0.0000 -0.0000 1.0000
vn -0.0000 -0.0000 -1.0000
vt 0.375000 0.000000
vt 0.625000 0.000000
vt 0.625000 0.250000
vt 0.375000 0.250000
vt 0.625000 0.500000
vt 0.375000 0.500000
vt 0.625000 0.750000
vt 0.375000 0.750000
vt 0.625000 1.000000
vt 0.375000 1.000000
vt 0.125000 0.500000
vt 0.125000 0.750000
vt 0.875000 0.500000
vt 0.875000 0.750000
s 0
usemtl Material.005
f 118/137/47 119/138/47 121/139/47 120/140/47
f 120/140/48 121/139/48 125/141/48 124/142/48
f 124/142/49 125/141/49 123/143/49 122/144/49
f 122/144/50 123/143/50 119/145/50 118/146/50
f 120/147/51 124/142/51 122/144/51 118/148/51
f 125/141/52 121/149/52 119/150/52 123/143/52
o gluggi_2
v 1.427303 1.589419 -1.261336
v 1.427303 1.589419 -1.338664
v 1.774240 1.589419 -1.261336
v 1.774240 1.589419 -1.338664
v 1.427303 2.010581 -1.261336
v 1.427303 2.010581 -1.338664
v 1.774240 2.010581 -1.261336
v 1.774240 2.010581 -1.338664
vn -0.0000 -1.0000 -0.0000
vn 1.0000 -0.0000 -0.0000
vn -0.0000 1.0000 -0.0000
vn -1.0000 -0.0000 -0.0000
vn -0.0000 -0.0000 1.0000
vn -0.0000 -0.0000 -1.0000
vt 0.375000 0.000000
vt 0.625000 0.000000
vt 0.625000 0.250000
vt 0.375000 0.250000
vt 0.625000 0.500000
vt 0.375000 0.500000
vt 0.625000 0.750000
vt 0.375000 0.750000
vt 0.625000 1.000000
vt 0.375000 1.000000
vt 0.125000 0.500000
vt 0.125000 0.750000
vt 0.875000 0.500000
vt 0.875000 0.750000
s 0
usemtl Material.006
f 126/151/53 127/152/53 129/153/53 128/154/53
f 128/154/54 129/153/54 133/155/54 132/156/54
f 132/156/55 133/155/55 131/157/55 130/158/55
f 130/158/56 131/157/56 127/159/56 126/160/56
f 128/161/57 132/156/57 130/158/57 126/162/57
f 133/155/58 129/163/58 127/164/58 131/157/58
o gluggi_3
v 0.927303 1.589419 -1.261336
v 0.927303 1.589419 -1.338664
v 1.274240 1.589419 -1.261336
v 1.274240 1.589419 -1.338664
v 0.927303 2.010581 -1.261336
v 0.927303 2.010581 -1.338664
v 1.274240 2.010581 -1.261336
v 1.274240 2.010581 -1.338664
vn -0.0000 -1.0000 -0.0000
vn 1.0000 -0.0000 -0.0000
vn -0.0000 1.0000 -0.0000
vn -1.0000 -0.0000 -0.0000
vn -0.0000 -0.0000 1.0000
vn -0.0000 -0.0000 -1.0000
vt 0.375000 0.000000
vt 0.625000 0.000000
vt 0.625000 0.250000
vt 0.375000 0.250000
vt 0.625000 0.500000
vt 0.375000 0.500000
vt 0.625000 0.750000
vt 0.375000 0.750000
vt 0.625000 1.000000
vt 0.375000 1.000000
vt 0.125000 0.500000
vt 0.125000 0.750000
vt 0.875000 0.500000
vt 0.875000 0.750000
s 0
usemtl Material.007
f 134/165/59 135/166/59 137/167/59 136/168/59
f 136/168/60 137/167/60 141/169/60 140/170/60
f 140/170/61 141/169/61 139/171/61 138/172/61
f 138/172/62 139/171/62 135/173/62 134/174/62
f 136/175/63 140/170/63 138/172/63 134/176/63
f 141/169/64 137/177/64 135/178/64 139/171/64
o gluggi_4
v -1.231053 1.589419 -1.261336
v -1.231053 1.589419 -1.338664
v -0.884115 1.589419 -1.261336
v -0.884115 1.589419 -1.338664
v -1.231053 2.010581 -1.261336
v -1.231053 2.010581 -1.338664
v -0.884115 2.010581 -1.261336
v -0.884115 2.010581 -1.338664
vn -0.0000 -1.0000 -0.0000
vn 1.0000 -0.0000 -0.0000
vn -0.0000 1.0000 -0.0000
vn -1.0000 -0.0000 -0.0000
vn -0.0000 -0.0000 1.0000
vn -0.0000 -0.0000 -1.0000
vt 0.375000 0.000000
vt 0.625000 0.000000
vt 0.625000 0.250000
vt 0.375000 0.250000
vt 0.625000 0.500000
vt 0.375000 0.500000
vt 0.625000 0.750000
vt 0.375000 0.750000
vt 0.625000 1.000000
vt 0.375000 1.000000
vt 0.125000 0.500000
vt 0.125000 0.750000
vt 0.875000 0.500000
vt 0.875000 0.750000
s 0
usemtl Material.008
f 142/179/65 143/180/65 145/181/65 144/182/65
f 144/182/66 145/181/66 149/183/66 148/184/66
f 148/184/67 149/183/67 147/185/67 146/186/67
f 146/186/68 147/185/68 143/187/68 142/188/68
f 144/189/69 148/184/69 146/186/69 142/190/69
f 149/183/70 145/191/70 143/192/70 147/185/70
o gluggi_5
v -1.731053 1.589419 -1.261336
v -1.731053 1.589419 -1.338664
v -1.384115 1.589419 -1.261336
v -1.384115 1.589419 -1.338664
v -1.731053 2.010581 -1.261336
v -1.731053 2.010581 -1.338664
v -1.384115 2.010581 -1.261336
v -1.384115 2.010581 -1.338664
vn -0.0000 -1.0000 -0.0000
vn 1.0000 -0.0000 -0.0000
vn -0.0000 1.0000 -0.0000
vn -1.0000 -0.0000 -0.0000
vn -0.0000 -0.0000 1.0000
vn -0.0000 -0.0000 -1.0000
vt 0.375000 0.000000
vt 0.625000 0.000000
vt 0.625000 0.250000
vt 0.375000 0.250000
vt 0.625000 0.500000
vt 0.375000 0.500000
vt 0.625000 0.750000
vt 0.375000 0.750000
vt 0.625000 1.000000
vt 0.375000 1.000000
vt 0.125000 0.500000
vt 0.125000 0.750000
vt 0.875000 0.500000
vt 0.875000 0.750000
s 0
usemtl Material.009
f 150/193/71 151/194/71 153/195/71 152/196/71
f 152/196/72 153/195/72 157/197/72 156/198/72
f 156/198/73 157/197/73 155/199/73 154/200/73
f 154/200/74 155/199/74 151/201/74 150/202/74
f 152/203/75 156/198/75 154/200/75 150/204/75
f 157/197/76 153/205/76 151/206/76 155/199/76
o gluggi_6
v -2.231052 1.589419 -1.261336
v -2.231052 1.589419 -1.338664
v -1.884115 1.589419 -1.261336
v -1.884115 1.589419 -1.338664
v -2.231052 2.010581 -1.261336
v -2.231052 2.010581 -1.338664
v -1.884115 2.010581 -1.261336
v -1.884115 2.010581 -1.338664
vn -0.0000 -1.0000 -0.0000
vn 1.0000 -0.0000 -0.0000
vn -0.0000 1.0000 -0.0000
vn -1.0000 -0.0000 -0.0000
vn -0.0000 -0.0000 1.0000
vn -0.0000 -0.0000 -1.0000
vt 0.375000 0.000000
vt 0.625000 0.000000
vt 0.625000 0.250000
vt 0.375000 0.250000
vt 0.625000 0.500000
vt 0.375000 0.500000
vt 0.625000 0.750000
vt 0.375000 0.750000
vt 0.625000 1.000000
vt 0.375000 1.000000
vt 0.125000 0.500000
vt 0.125000 0.750000
vt 0.875000 0.500000
vt 0.875000 0.750000
s 0
usemtl Material.010
f 158/207/77 159/208/77 161/209/77 160/210/77
f 160/210/78 161/209/78 165/211/78 164/212/78
f 164/212/79 165/211/79 163/213/79 162/214/79
f 162/214/80 163/213/80 159/215/80 158/216/80
f 160/217/81 164/212/81 162/214/81 158/218/81
f 165/211/82 161/219/82 159/220/82 163/213/82
o gluggi_kula_2_hlid_a
o Cube.004
v -5.334224 2.614725 1.557084
v -5.334224 3.658621 1.373017
v -5.334224 2.579995 1.360123
v -5.334224 3.623891 1.176056
v -5.034224 2.614725 1.557084
v -5.034224 3.658621 1.373017
v -5.034224 2.579995 1.360123
v -5.034224 3.623891 1.176056
v -8.261690 2.624547 1.524597
v -8.261690 3.668443 1.340530
v -8.261690 2.589817 1.327635
v -8.261690 3.633713 1.143568
v -7.961690 2.624547 1.524597
v -7.961690 3.668443 1.340530
v -7.961690 2.589817 1.327635
v -7.961690 3.633713 1.143568
v -7.312362 2.590309 1.520045
v -7.312362 3.634205 1.335978
v -7.312362 2.555579 1.323083
v -7.312362 3.599476 1.139016
v -7.012362 2.590309 1.520045
v -7.012362 3.634205 1.335978
v -7.012362 2.555579 1.323083
v -7.012362 3.599476 1.139016
v -6.289774 2.596585 1.537913
v -6.289774 3.640481 1.353846
v -6.289774 2.561855 1.340951
v -6.289774 3.605751 1.156884
v -5.989774 2.596585 1.537913
v -5.989774 3.640481 1.353846
v -5.989774 2.561855 1.340951
v -5.989774 3.605751 1.156884
vn -1.0000 -0.0000 -0.0000
vn -0.0000 -0.1736 -0.9848
vn 1.0000 -0.0000 -0.0000
vn -0.0000 0.1736 0.9848
vn -0.0000 -0.9848 0.1736
vn -0.0000 0.9848 -0.1736
vt 0.375000 0.000000
vt 0.625000 0.000000
vt 0.625000 0.250000
vt 0.375000 0.250000
vt 0.625000 0.500000
vt 0.375000 0.500000
vt 0.625000 0.750000
vt 0.375000 0.750000
vt 0.625000 1.000000
vt 0.375000 1.000000
vt 0.125000 0.500000
vt 0.125000 0.750000
vt 0.875000 0.500000
vt 0.875000 0.750000
s 0
usemtl Material.020
f 166/221/83 167/222/83 169/223/83 168/224/83
f 168/224/84 169/223/84 173/225/84 172/226/84
f 172/226/85 173/225/85 171/227/85 170/228/85
f 170/228/86 171/227/86 167/229/86 166/230/86
f 168/231/87 172/226/87 170/228/87 166/232/87
f 173/225/88 169/233/88 167/234/88 171/227/88
f 174/221/83 175/222/83 177/223/83 176/224/83
f 176/224/84 177/223/84 181/225/84 180/226/84
f 180/226/85 181/225/85 179/227/85 178/228/85
f 178/228/86 179/227/86 175/229/86 174/230/86
f 176/231/87 180/226/87 178/228/87 174/232/87
f 181/225/88 177/233/88 175/234/88 179/227/88
f 182/221/83 183/222/83 185/223/83 184/224/83
f 184/224/84 185/223/84 189/225/84 188/226/84
f 188/226/85 189/225/85 187/227/85 186/228/85
f 186/228/86 187/227/86 183/229/86 182/230/86
f 184/231/87 188/226/87 186/228/87 182/232/87
f 189/225/88 185/233/88 183/234/88 187/227/88
f 190/221/83 191/222/83 193/223/83 192/224/83
f 192/224/84 193/223/84 197/225/84 196/226/84
f 196/226/85 197/225/85 195/227/85 194/228/85
f 194/228/86 195/227/86 191/229/86 190/230/86
f 192/231/87 196/226/87 194/228/87 190/232/87
f 197/225/88 193/233/88 191/234/88 195/227/88
o Cube.001
v 7.857170 2.614417 1.557084
v 7.857170 3.658313 1.373017
v 7.857170 2.579687 1.360123
v 7.857170 3.623583 1.176056
v 8.157169 2.614417 1.557084
v 8.157169 3.658313 1.373017
v 8.157169 2.579687 1.360123
v 8.157169 3.623583 1.176056
v 4.929703 2.624238 1.524597
v 4.929703 3.668135 1.340530
v 4.929703 2.589509 1.327635
v 4.929703 3.633405 1.143568
v 5.229703 2.624238 1.524597
v 5.229703 3.668135 1.340530
v 5.229703 2.589509 1.327635
v 5.229703 3.633405 1.143568
v 5.879031 2.590001 1.520045
v 5.879031 3.633897 1.335978
v 5.879031 2.555271 1.323083
v 5.879031 3.599168 1.139016
v 6.179031 2.590001 1.520045
v 6.179031 3.633897 1.335978
v 6.179031 2.555271 1.323083
v 6.179031 3.599168 1.139016
v 6.901619 2.596277 1.537913
v 6.901619 3.640173 1.353846
v 6.901619 2.561547 1.340951
v 6.901619 3.605443 1.156884
v 7.201620 2.596277 1.537913
v 7.201620 3.640173 1.353846
v 7.201620 2.561547 1.340951
v 7.201620 3.605443 1.156884
vn -1.0000 -0.0000 -0.0000
vn -0.0000 -0.1736 -0.9848
vn 1.0000 -0.0000 -0.0000
vn -0.0000 0.1736 0.9848
vn -0.0000 -0.9848 0.1736
vn -0.0000 0.9848 -0.1736
vt 0.375000 0.000000
vt 0.625000 0.000000
vt 0.625000 0.250000
vt 0.375000 0.250000
vt 0.625000 0.500000
vt 0.375000 0.500000
vt 0.625000 0.750000
vt 0.375000 0.750000
vt 0.625000 1.000000
vt 0.375000 1.000000
vt 0.125000 0.500000
vt 0.125000 0.750000
vt 0.875000 0.500000
vt 0.875000 0.750000
s 0
usemtl Material.052
f 198/235/89 199/236/89 201/237/89 200/238/89
f 200/238/90 201/237/90 205/239/90 204/240/90
f 204/240/91 205/239/91 203/241/91 202/242/91
f 202/242/92 203/241/92 199/243/92 198/244/92
f 200/245/93 204/240/93 202/242/93 198/246/93
f 205/239/94 201/247/94 199/248/94 203/241/94
f 206/235/89 207/236/89 209/237/89 208/238/89
f 208/238/90 209/237/90 213/239/90 212/240/90
f 212/240/91 213/239/91 211/241/91 210/242/91
f 210/242/92 211/241/92 207/243/92 206/244/92
f 208/245/93 212/240/93 210/242/93 206/246/93
f 213/239/94 209/247/94 207/248/94 211/241/94
f 214/235/89 215/236/89 217/237/89 216/238/89
f 216/238/90 217/237/90 221/239/90 220/240/90
f 220/240/91 221/239/91 219/241/91 218/242/91
f 218/242/92 219/241/92 215/243/92 214/244/92
f 216/245/93 220/240/93 218/242/93 214/246/93
f 221/239/94 217/247/94 215/248/94 219/241/94
f 222/235/89 223/236/89 225/237/89 224/238/89
f 224/238/90 225/237/90 229/239/90 228/240/90
f 228/240/91 229/239/91 227/241/91 226/242/91
f 226/242/92 227/241/92 223/243/92 222/244/92
f 224/245/93 228/240/93 226/242/93 222/246/93
f 229/239/94 225/247/94 223/248/94 227/241/94
o Cube.005
v 3.843889 1.134178 5.551627
v 3.843889 1.865822 5.551627
v 3.843889 1.134178 5.151627
v 3.843889 1.865822 5.151627
v 4.136171 1.134178 5.551627
v 4.136171 1.865822 5.551627
v 4.136171 1.134178 5.151627
v 4.136171 1.865822 5.151627
vn -1.0000 -0.0000 -0.0000
vn -0.0000 -0.0000 -1.0000
vn 1.0000 -0.0000 -0.0000
vn -0.0000 -0.0000 1.0000
vn -0.0000 -1.0000 -0.0000
vn -0.0000 1.0000 -0.0000
vt 0.375000 0.000000
vt 0.625000 0.000000
vt 0.625000 0.250000
vt 0.375000 0.250000
vt 0.625000 0.500000
vt 0.375000 0.500000
vt 0.625000 0.750000
vt 0.375000 0.750000
vt 0.625000 1.000000
vt 0.375000 1.000000
vt 0.125000 0.500000
vt 0.125000 0.750000
vt 0.875000 0.500000
vt 0.875000 0.750000
s 0
usemtl Material.024
f 230/249/95 231/250/95 233/251/95 232/252/95
f 232/252/96 233/251/96 237/253/96 236/254/96
f 236/254/97 237/253/97 235/255/97 234/256/97
f 234/256/98 235/255/98 231/257/98 230/258/98
f 232/259/99 236/254/99 234/256/99 230/260/99
f 237/253/100 233/261/100 231/262/100 235/255/100
o Cube.006
v -4.133590 1.764686 8.099952
v -4.133590 2.364686 8.099952
v -4.133590 1.764686 7.499951
v -4.133590 2.364686 7.499951
v -3.933590 1.764686 8.099952
v -3.933590 2.364686 8.099952
v -3.933590 1.764686 7.499951
v -3.933590 2.364686 7.499951
vn -1.0000 -0.0000 -0.0000
vn -0.0000 -0.0000 -1.0000
vn 1.0000 -0.0000 -0.0000
vn -0.0000 -0.0000 1.0000
vn -0.0000 -1.0000 -0.0000
vn -0.0000 1.0000 -0.0000
vt 0.375000 0.000000
vt 0.625000 0.000000
vt 0.625000 0.250000
vt 0.375000 0.250000
vt 0.625000 0.500000
vt 0.375000 0.500000
vt 0.625000 0.750000
vt 0.375000 0.750000
vt 0.625000 1.000000
vt 0.375000 1.000000
vt 0.125000 0.500000
vt 0.125000 0.750000
vt 0.875000 0.500000
vt 0.875000 0.750000
s 0
usemtl Material.018
f 238/263/101 239/264/101 241/265/101 240/266/101
f 240/266/102 241/265/102 245/267/102 244/268/102
f 244/268/103 245/267/103 243/269/103 242/270/103
f 242/270/104 243/269/104 239/271/104 238/272/104
f 240/273/105 244/268/105 242/270/105 238/274/105
f 245/267/106 241/275/106 239/276/106 243/269/106
o Cube.007
v -4.133590 1.771398 7.271305
v -4.133590 2.371398 7.271305
v -4.133590 1.771398 6.671304
v -4.133590 2.371398 6.671304
v -3.933590 1.771398 7.271305
v -3.933590 2.371398 7.271305
v -3.933590 1.771398 6.671304
v -3.933590 2.371398 6.671304
vn -1.0000 -0.0000 -0.0000
vn -0.0000 -0.0000 -1.0000
vn 1.0000 -0.0000 -0.0000
vn -0.0000 -0.0000 1.0000
vn -0.0000 -1.0000 -0.0000
vn -0.0000 1.0000 -0.0000
vt 0.375000 0.000000
vt 0.625000 0.000000
vt 0.625000 0.250000
vt 0.375000 0.250000
vt 0.625000 0.500000
vt 0.375000 0.500000
vt 0.625000 0.750000
vt 0.375000 0.750000
vt 0.625000 1.000000
vt 0.375000 1.000000
vt 0.125000 0.500000
vt 0.125000 0.750000
vt 0.875000 0.500000
vt 0.875000 0.750000
s 0
usemtl Material.019
f 246/277/107 247/278/107 249/279/107 248/280/107
f 248/280/108 249/279/108 253/281/108 252/282/108
f 252/282/109 253/281/109 251/283/109 250/284/109
f 250/284/110 251/283/110 247/285/110 246/286/110
f 248/287/111 252/282/111 250/284/111 246/288/111
f 253/281/112 249/289/112 247/290/112 251/283/112
o Cube.008
v -4.133590 1.777259 6.456892
v -4.133590 2.377259 6.456892
v -4.133590 1.777259 5.856892
v -4.133590 2.377259 5.856892
v -3.933590 1.777259 6.456892
v -3.933590 2.377259 6.456892
v -3.933590 1.777259 5.856892
v -3.933590 2.377259 5.856892
vn -1.0000 -0.0000 -0.0000
vn -0.0000 -0.0000 -1.0000
vn 1.0000 -0.0000 -0.0000
vn -0.0000 -0.0000 1.0000
vn -0.0000 -1.0000 -0.0000
vn -0.0000 1.0000 -0.0000
vt 0.375000 0.000000
vt 0.625000 0.000000
vt 0.625000 0.250000
vt 0.375000 0.250000
vt 0.625000 0.500000
vt 0.375000 0.500000
vt 0.625000 0.750000
vt 0.375000 0.750000
vt 0.625000 1.000000
vt 0.375000 1.000000
vt 0.125000 0.500000
vt 0.125000 0.750000
vt 0.875000 0.500000
vt 0.875000 0.750000
s 0
usemtl Material.017
f 254/291/113 255/292/113 257/293/113 256/294/113
f 256/294/114 257/293/114 261/295/114 260/296/114
f 260/296/115 261/295/115 259/297/115 258/298/115
f 258/298/116 259/297/116 255/299/116 254/300/116
f 256/301/117 260/296/117 258/298/117 254/302/117
f 261/295/118 257/303/118 255/304/118 259/297/118
o Sphere
v -0.084123 6.247382 3.268496
v -0.084123 5.307196 2.234654
v -0.084123 4.078784 1.675143
v -0.084123 3.413971 1.603142
v -0.084123 2.749159 1.675143
v -0.084123 1.520747 2.234654
v 0.058509 6.756207 4.633323
v 0.195659 6.562288 3.943886
v 0.322057 6.247382 3.308498
v 0.432847 5.823589 2.751575
v 0.523769 5.307196 2.294521
v 0.591330 4.718047 1.954899
v 0.632934 4.078784 1.745760
v 0.646982 3.413971 1.675143
v 0.632934 2.749159 1.745760
v 0.591330 2.109896 1.954899
v 0.523769 1.520747 2.294521
v 0.432847 1.004354 2.751575
v 0.322057 0.580561 3.308498
v 0.195659 0.265654 3.943886
v 0.058509 0.071736 4.633323
v 0.195659 6.756207 4.674923
v 0.464689 6.562288 4.025488
v 0.712628 6.247382 3.426965
v 0.929949 5.823589 2.902355
v 1.108300 5.307196 2.471820
v 1.240826 4.718047 2.151902
v 1.322435 4.078784 1.954899
v 1.349991 3.413971 1.888379
v 1.322435 2.749159 1.954899
v 1.240826 2.109896 2.151902
v 1.108300 1.520747 2.471820
v 0.929949 1.004354 2.902355
v 0.712628 0.580561 3.426965
v 0.464689 0.265654 4.025488
v 0.195659 0.071736 4.674923
v 0.322057 6.756207 4.742478
v 0.712628 6.562288 4.158002
v 1.072581 6.247382 3.619346
v 1.388081 5.823589 3.147209
v 1.647006 5.307196 2.759738
v 1.839405 4.718047 2.471820
v 1.957883 4.078784 2.294521
v 1.997888 3.413971 2.234654
v 1.957883 2.749159 2.294521
v 1.839405 2.109896 2.471820
v 1.647006 1.520747 2.759738
v 1.388081 1.004354 3.147209
v 1.072581 0.580561 3.619346
v 0.712628 0.265654 4.158002
v 0.322057 0.071736 4.742478
v 0.432847 6.756207 4.833392
v 0.929949 6.562288 4.336336
v 1.388081 6.247382 3.878246
v 1.789638 5.823589 3.476727
v 2.119186 5.307196 3.147210
v 2.364063 4.718047 2.902355
v 2.514858 4.078784 2.751575
v 2.565775 3.413971 2.700664
v 2.514858 2.749159 2.751575
v 2.364063 2.109896 2.902355
v 2.119186 1.520747 3.147210
v 1.789638 1.004354 3.476727
v 1.388081 0.580561 3.878246
v 0.929949 0.265654 4.336336
v 0.432847 0.071736 4.833392
v 0.523769 6.756207 4.944170
v 1.108300 6.562288 4.553636
v 1.647006 6.247382 4.193717
v 2.119187 5.823589 3.878246
v 2.506695 5.307196 3.619346
v 2.794639 4.718047 3.426965
v 2.971955 4.078784 3.308498
v 3.031827 3.413971 3.268497
v 2.971955 2.749159 3.308498
v 2.794639 2.109896 3.426965
v 2.506695 1.520747 3.619346
v 2.119187 1.004354 3.878246
v 1.647006 0.580561 4.193717
v 1.108300 0.265654 4.553636
v 0.523769 0.071736 4.944170
v -0.084123 6.821685 5.350313
v 0.591330 6.756207 5.070557
v 1.240826 6.562288 4.801552
v 1.839405 6.247382 4.553636
v 2.364064 5.823589 4.336336
v 2.794639 5.307196 4.158002
v 3.114586 4.718047 4.025488
v 3.311609 4.078784 3.943887
v 3.378135 3.413971 3.916333
v 3.311609 2.749159 3.943887
v 3.114586 2.109896 4.025488
v 2.794639 1.520747 4.158002
v 2.364064 1.004354 4.336336
v 1.839405 0.580561 4.553636
v 1.240826 0.265654 4.801552
v 0.591330 0.071736 5.070557
v 0.632934 6.756207 5.207695
v 1.322435 6.562288 5.070557
v 1.957883 6.247382 4.944170
v 2.514858 5.823589 4.833392
v 2.971955 5.307196 4.742478
v 3.311609 4.718047 4.674922
v 3.520766 4.078784 4.633323
v 3.591390 3.413971 4.619277
v 3.520766 2.749159 4.633323
v 3.311609 2.109896 4.674922
v 2.971955 1.520747 4.742478
v 2.514858 1.004354 4.833392
v 1.957883 0.580561 4.944170
v 1.322435 0.265654 5.070557
v 0.632934 0.071736 5.207695
v 0.646982 6.756207 5.350313
v 1.349991 6.562288 5.350313
v 1.997888 6.247382 5.350313
v 2.565775 5.823589 5.350313
v 3.031826 5.307196 5.350313
v 3.378135 4.718047 5.350313
v 3.591390 4.078784 5.350313
v 3.663397 3.413971 5.350313
v 3.591390 2.749159 5.350313
v 3.378135 2.109896 5.350313
v 3.031826 1.520747 5.350313
v 2.565775 1.004354 5.350313
v 1.997888 0.580561 5.350313
v 1.349991 0.265654 5.350313
v 0.646982 0.071736 5.350313
v 0.632934 6.756207 5.492931
v 1.322435 6.562288 5.630068
v 1.957883 6.247382 5.756455
v 2.514858 5.823589 5.867234
v 2.971954 5.307196 5.958148
v 3.311609 4.718047 6.025702
v 3.520766 4.078784 6.067303
v 3.591389 3.413971 6.081350
v 3.520766 2.749159 6.067303
v 3.311609 2.109896 6.025702
v 2.971954 1.520747 5.958148
v 2.514858 1.004354 5.867234
v 1.957883 0.580561 5.756455
v 1.322435 0.265654 5.630068
v 0.632934 0.071736 5.492931
v 0.591330 6.756207 5.630068
v 1.240826 6.562288 5.899073
v 1.839404 6.247382 6.146989
v 2.364063 5.823589 6.364290
v 2.794639 5.307196 6.542624
v 3.114586 4.718047 6.675138
v 3.311608 4.078784 6.756740
v 3.378134 3.413971 6.784293
v 3.311608 2.749159 6.756740
v 3.114586 2.109896 6.675138
v 2.794639 1.520747 6.542624
v 2.364063 1.004354 6.364290
v 1.839404 0.580561 6.146989
v 1.240826 0.265654 5.899073
v 0.591330 0.071736 5.630068
v 0.523769 6.756207 5.756455
v 1.108299 6.562288 6.146989
v 1.647006 6.247382 6.506908
v 2.119186 5.823589 6.822379
v 2.506694 5.307196 7.081280
v 2.794639 4.718047 7.273660
v 2.971954 4.078784 7.392128
v 3.031826 3.413971 7.432129
v 2.971954 2.749159 7.392128
v 2.794639 2.109896 7.273660
v 2.506694 1.520747 7.081280
v 2.119186 1.004354 6.822379
v 1.647006 0.580561 6.506908
v 1.108299 0.265654 6.146989
v 0.523769 0.071736 5.756455
v 0.432846 6.756207 5.867234
v 0.929949 6.562288 6.364290
v 1.388081 6.247382 6.822379
v 1.789638 5.823589 7.223898
v 2.119186 5.307196 7.553415
v 2.364063 4.718047 7.798269
v 2.514857 4.078784 7.949050
v 2.565773 3.413971 7.999962
v 2.514857 2.749159 7.949050
v 2.364063 2.109896 7.798269
v 2.119186 1.520747 7.553415
v 1.789638 1.004354 7.223898
v 1.388081 0.580561 6.822379
v 0.929949 0.265654 6.364290
v 0.432846 0.071736 5.867234
v 0.322057 6.756207 5.958147
v 0.712628 6.562288 6.542624
v 1.072580 6.247382 7.081280
v 1.388081 5.823589 7.553416
v 1.647005 5.307196 7.940887
v 1.839405 4.718047 8.228806
v 1.957882 4.078784 8.406104
v 1.997887 3.413971 8.465971
v 1.957882 2.749159 8.406104
v 1.839405 2.109896 8.228806
v 1.647005 1.520747 7.940887
v 1.388081 1.004354 7.553416
v 1.072580 0.580561 7.081280
v 0.712628 0.265654 6.542624
v 0.322057 0.071736 5.958147
v 0.195659 6.756207 6.025702
v 0.464689 6.562288 6.675138
v 0.712628 6.247382 7.273660
v 0.929949 5.823589 7.798270
v 1.108299 5.307196 8.228806
v 1.240826 4.718047 8.548722
v 1.322434 4.078784 8.745727
v 1.349990 3.413971 8.812246
v 1.322434 2.749159 8.745727
v 1.240826 2.109896 8.548722
v 1.108299 1.520747 8.228806
v 0.929949 1.004354 7.798270
v 0.712628 0.580561 7.273660
v 0.464689 0.265654 6.675138
v 0.195659 0.071736 6.025702
v 0.058509 6.756207 6.067302
v 0.195659 6.562288 6.756739
v 0.322057 6.247382 7.392127
v 0.432846 5.823589 7.949050
v 0.523768 5.307196 8.406104
v 0.591330 4.718047 8.745727
v 0.632934 4.078784 8.954865
v 0.646981 3.413971 9.025481
v 0.632934 2.749159 8.954865
v 0.591330 2.109896 8.745727
v 0.523768 1.520747 8.406104
v 0.432846 1.004354 7.949050
v 0.322057 0.580561 7.392127
v 0.195659 0.265654 6.756739
v 0.058509 0.071736 6.067302
v -0.084123 6.756207 6.081349
v -0.084123 6.562288 6.784293
v -0.084123 6.247382 7.432128
v -0.084123 5.823589 7.999962
v -0.084123 5.307196 8.465970
v -0.084123 4.718047 8.812246
v -0.084123 4.078784 9.025481
v -0.084124 3.413971 9.097481
v -0.084123 2.749159 9.025481
v -0.084123 2.109896 8.812246
v -0.084123 1.520747 8.465970
v -0.084123 1.004354 7.999962
v -0.084123 0.580561 7.432128
v -0.084123 0.265654 6.784293
v -0.084123 0.071736 6.081349
v -0.226754 6.756207 6.067302
v -0.363905 6.562288 6.756739
v -0.490303 6.247382 7.392127
v -0.601092 5.823589 7.949050
v -0.692015 5.307196 8.406103
v -0.759575 4.718047 8.745726
v -0.801180 4.078784 8.954865
v -0.815229 3.413971 9.025480
v -0.801180 2.749159 8.954865
v -0.759575 2.109896 8.745726
v -0.692015 1.520747 8.406103
v -0.601092 1.004354 7.949050
v -0.490303 0.580561 7.392127
v -0.363905 0.265654 6.756739
v -0.226754 0.071736 6.067302
v -0.363904 6.756207 6.025702
v -0.632935 6.562288 6.675138
v -0.880874 6.247382 7.273659
v -1.098194 5.823589 7.798269
v -1.276545 5.307196 8.228805
v -1.409071 4.718047 8.548722
v -1.490681 4.078784 8.745726
v -1.518237 3.413971 8.812244
v -1.490681 2.749159 8.745726
v -1.409071 2.109896 8.548722
v -1.276545 1.520747 8.228805
v -1.098194 1.004354 7.798269
v -0.880874 0.580561 7.273659
v -0.632935 0.265654 6.675138
v -0.363904 0.071736 6.025702
v -0.490303 6.756207 5.958147
v -0.880874 6.562288 6.542624
v -1.240826 6.247382 7.081279
v -1.556327 5.823589 7.553415
v -1.815251 5.307196 7.940887
v -2.007649 4.718047 8.228806
v -2.126128 4.078784 8.406103
v -2.166133 3.413971 8.465968
v -2.126128 2.749159 8.406103
v -2.007649 2.109896 8.228806
v -1.815251 1.520747 7.940887
v -1.556327 1.004354 7.553415
v -1.240826 0.580561 7.081279
v -0.880874 0.265654 6.542624
v -0.490303 0.071736 5.958147
v -0.601092 6.756207 5.867233
v -1.098194 6.562288 6.364289
v -1.556326 6.247382 6.822378
v -1.957883 5.823589 7.223898
v -2.287431 5.307196 7.553414
v -2.532308 4.718047 7.798269
v -2.683103 4.078784 7.949049
v -2.734019 3.413971 7.999959
v -2.683103 2.749159 7.949049
v -2.532308 2.109896 7.798269
v -2.287431 1.520747 7.553414
v -1.957883 1.004354 7.223898
v -1.556326 0.580561 6.822378
v -1.098194 0.265654 6.364289
v -0.601092 0.071736 5.867233
v -0.084123 0.006258 5.350313
v -0.692014 6.756207 5.756454
v -1.276545 6.562288 6.146989
v -1.815251 6.247382 6.506907
v -2.287431 5.823589 6.822379
v -2.674939 5.307196 7.081279
v -2.962884 4.718047 7.273660
v -3.140200 4.078784 7.392126
v -3.200071 3.413971 7.432126
v -3.140200 2.749159 7.392126
v -2.962884 2.109896 7.273660
v -2.674939 1.520747 7.081279
v -2.287431 1.004354 6.822379
v -1.815251 0.580561 6.506907
v -1.276545 0.265654 6.146989
v -0.692014 0.071736 5.756454
v -0.759575 6.756207 5.630068
v -1.409071 6.562288 5.899073
v -2.007649 6.247382 6.146988
v -2.532308 5.823589 6.364289
v -2.962884 5.307196 6.542623
v -3.282831 4.718047 6.675138
v -3.479853 4.078784 6.756738
v -3.546378 3.413971 6.784290
v -3.479853 2.749159 6.756738
v -3.282831 2.109896 6.675138
v -2.962884 1.520747 6.542623
v -2.532308 1.004354 6.364289
v -2.007649 0.580561 6.146988
v -1.409071 0.265654 5.899073
v -0.759575 0.071736 5.630068
v -0.801179 6.756207 5.492931
v -1.490680 6.562288 5.630068
v -2.126127 6.247382 5.756454
v -2.683103 5.823589 5.867234
v -3.140199 5.307196 5.958147
v -3.479853 4.718047 6.025702
v -3.689011 4.078784 6.067302
v -3.759633 3.413971 6.081347
v -3.689011 2.749159 6.067302
v -3.479853 2.109896 6.025702
v -3.140199 1.520747 5.958147
v -2.683103 1.004354 5.867234
v -2.126127 0.580561 5.756454
v -1.490680 0.265654 5.630068
v -0.801179 0.071736 5.492931
v -0.815227 6.756207 5.350313
v -1.518236 6.562288 5.350313
v -2.166132 6.247382 5.350312
v -2.734020 5.823589 5.350313
v -3.200071 5.307196 5.350312
v -3.546379 4.718047 5.350313
v -3.759634 4.078784 5.350312
v -3.831640 3.413971 5.350311
v -3.759634 2.749159 5.350312
v -3.546379 2.109896 5.350313
v -3.200071 1.520747 5.350312
v -2.734020 1.004354 5.350313
v -2.166132 0.580561 5.350312
v -1.518236 0.265654 5.350313
v -0.815227 0.071736 5.350313
v -0.801179 6.756207 5.207695
v -1.490680 6.562288 5.070557
v -2.126127 6.247382 4.944170
v -2.683102 5.823589 4.833392
v -3.140198 5.307196 4.742477
v -3.479853 4.718047 4.674923
v -3.689010 4.078784 4.633322
v -3.759632 3.413971 4.619275
v -3.689010 2.749159 4.633322
v -3.479853 2.109896 4.674923
v -3.140198 1.520747 4.742477
v -2.683102 1.004354 4.833392
v -2.126127 0.580561 4.944170
v -1.490680 0.265654 5.070557
v -0.801179 0.071736 5.207695
v -0.759575 6.756207 5.070557
v -1.409071 6.562288 4.801552
v -2.007648 6.247382 4.553636
v -2.532308 5.823589 4.336336
v -2.962883 5.307196 4.158002
v -3.282830 4.718047 4.025488
v -3.479852 4.078784 3.943886
v -3.546377 3.413971 3.916332
v -3.479852 2.749159 3.943886
v -3.282830 2.109896 4.025488
v -2.962883 1.520747 4.158002
v -2.532308 1.004354 4.336336
v -2.007648 0.580561 4.553636
v -1.409071 0.265654 4.801552
v -0.759575 0.071736 5.070557
v -0.692014 6.756207 4.944171
v -1.276544 6.562288 4.553636
v -1.815250 6.247382 4.193718
v -2.287431 5.823589 3.878246
v -2.674938 5.307196 3.619346
v -2.962884 4.718047 3.426966
v -3.140198 4.078784 3.308498
v -3.200068 3.413971 3.268497
v -3.140198 2.749159 3.308498
v -2.962884 2.109896 3.426966
v -2.674938 1.520747 3.619346
v -2.287431 1.004354 3.878246
v -1.815250 0.580561 4.193718
v -1.276544 0.265654 4.553636
v -0.692014 0.071736 4.944171
v -0.601092 6.756207 4.833392
v -1.098194 6.562288 4.336336
v -1.556325 6.247382 3.878247
v -1.957883 5.823589 3.476728
v -2.287430 5.307196 3.147210
v -2.532308 4.718047 2.902357
v -2.683101 4.078784 2.751576
v -2.734016 3.413971 2.700664
v -2.683101 2.749159 2.751576
v -2.532308 2.109896 2.902357
v -2.287430 1.520747 3.147210
v -1.957883 1.004354 3.476728
v -1.556325 0.580561 3.878247
v -1.098194 0.265654 4.336336
v -0.601092 0.071736 4.833392
v -0.490303 6.756207 4.742478
v -0.880873 6.562288 4.158002
v -1.240824 6.247382 3.619347
v -1.556326 5.823589 3.147210
v -1.815250 5.307196 2.759738
v -2.007649 4.718047 2.471821
v -2.126127 4.078784 2.294522
v -2.166130 3.413971 2.234657
v -2.126127 2.749159 2.294522
v -2.007649 2.109896 2.471821
v -1.815250 1.520747 2.759738
v -1.556326 1.004354 3.147210
v -1.240824 0.580561 3.619347
v -0.880873 0.265654 4.158002
v -0.490303 0.071736 4.742478
v -0.363904 6.756207 4.674923
v -0.632934 6.562288 4.025488
v -0.880872 6.247382 3.426967
v -1.098194 5.823589 2.902356
v -1.276543 5.307196 2.471821
v -1.409071 4.718047 2.151904
v -1.490679 4.078784 1.954900
v -1.518234 3.413971 1.888382
v -1.490679 2.749159 1.954900
v -1.409071 2.109896 2.151904
v -1.276543 1.520747 2.471821
v -1.098194 1.004354 2.902356
v -0.880872 0.580561 3.426967
v -0.632934 0.265654 4.025488
v -0.363904 0.071736 4.674923
v -0.226754 6.756207 4.633323
v -0.363904 6.562288 3.943887
v -0.490302 6.247382 3.308500
v -0.601092 5.823589 2.751575
v -0.692013 5.307196 2.294523
v -0.759575 4.718047 1.954900
v -0.801178 4.078784 1.745762
v -0.815225 3.413971 1.675147
v -0.801178 2.749159 1.745762
v -0.759575 2.109896 1.954900
v -0.692013 1.520747 2.294523
v -0.601092 1.004354 2.751575
v -0.490302 0.580561 3.308500
v -0.363904 0.265654 3.943887
v -0.226754 0.071736 4.633323
v -0.084123 6.756207 4.619277
v -0.084123 6.562288 3.916333
v -0.084122 5.823589 2.700664
v -0.084123 4.718047 1.888380
v -0.084123 2.109896 1.888380
v -0.084122 1.004354 2.700664
v -0.084122 0.580561 3.268499
v -0.084123 0.265654 3.916333
v -0.084123 0.071736 4.619277
vn -0.0000 -0.2124 -0.9772
vn -0.0000 -0.0000 -1.0000
vn 0.1951 -0.0000 -0.9808
vn 0.1906 -0.2124 -0.9584
vn -0.0000 0.9339 -0.3574
vn -0.0000 0.9830 -0.1834
vn 0.0358 0.9830 -0.1799
vn 0.0697 0.9339 -0.3506
vn -0.0000 -0.4122 -0.9111
vn 0.1777 -0.4122 -0.8936
vn -0.0000 0.8521 -0.5234
vn 0.1021 0.8521 -0.5134
vn -0.0000 -0.5893 -0.8079
vn 0.1576 -0.5893 -0.7924
vn -0.0000 0.7369 -0.6760
vn 0.1319 0.7369 -0.6630
vn -0.0000 -0.7369 -0.6760
vn 0.1319 -0.7369 -0.6630
vn -0.0000 0.5893 -0.8079
vn 0.1576 0.5893 -0.7924
vn -0.0000 -0.8521 -0.5234
vn 0.1021 -0.8521 -0.5134
vn -0.0000 0.4122 -0.9111
vn 0.1777 0.4122 -0.8936
vn -0.0000 -0.9339 -0.3574
vn 0.0697 -0.9339 -0.3506
vn -0.0000 0.2124 -0.9772
vn 0.1906 0.2124 -0.9584
vn -0.0000 -0.9830 -0.1834
vn 0.0358 -0.9830 -0.1799
vn -0.0000 1.0000 -0.0000
vn -0.0000 -1.0000 -0.0000
vn 0.1368 -0.9339 -0.3302
vn 0.0702 -0.9830 -0.1694
vn 0.3739 0.2124 -0.9028
vn 0.3827 -0.0000 -0.9239
vn 0.0702 0.9830 -0.1694
vn 0.3739 -0.2124 -0.9028
vn 0.1368 0.9339 -0.3302
vn 0.3486 -0.4123 -0.8417
vn 0.2003 0.8521 -0.4836
vn 0.3092 -0.5893 -0.7464
vn 0.2587 0.7369 -0.6245
vn 0.2587 -0.7369 -0.6245
vn 0.3092 0.5893 -0.7464
vn 0.2003 -0.8521 -0.4836
vn 0.3486 0.4123 -0.8417
vn 0.4488 -0.5893 -0.6718
vn 0.3755 -0.7369 -0.5621
vn 0.3755 0.7369 -0.5621
vn 0.4488 0.5893 -0.6718
vn 0.2908 -0.8521 -0.4352
vn 0.5061 0.4123 -0.7575
vn 0.1986 -0.9339 -0.2972
vn 0.5429 0.2124 -0.8125
vn 0.1019 -0.9830 -0.1525
vn 0.5555 -0.0000 -0.8315
vn 0.1019 0.9830 -0.1525
vn 0.5429 -0.2124 -0.8125
vn 0.1986 0.9339 -0.2972
vn 0.5061 -0.4123 -0.7575
vn 0.2908 0.8521 -0.4352
vn 0.1297 0.9830 -0.1297
vn 0.1297 -0.9830 -0.1297
vn 0.7071 -0.0000 -0.7071
vn 0.6909 -0.2124 -0.6910
vn 0.2527 0.9339 -0.2527
vn 0.6442 -0.4123 -0.6442
vn 0.3701 0.8521 -0.3701
vn 0.5713 -0.5893 -0.5713
vn 0.4779 0.7369 -0.4780
vn 0.4779 -0.7369 -0.4780
vn 0.5713 0.5893 -0.5713
vn 0.3701 -0.8521 -0.3701
vn 0.6442 0.4123 -0.6442
vn 0.2527 -0.9339 -0.2527
vn 0.6909 0.2124 -0.6910
vn 0.5620 0.7370 -0.3756
vn 0.6717 0.5893 -0.4489
vn 0.5620 -0.7370 -0.3756
vn 0.4352 -0.8521 -0.2908
vn 0.7575 0.4123 -0.5062
vn 0.2972 -0.9339 -0.1986
vn 0.8125 0.2124 -0.5429
vn 0.1525 -0.9830 -0.1019
vn 0.8314 -0.0000 -0.5556
vn 0.1525 0.9830 -0.1019
vn 0.8125 -0.2124 -0.5429
vn 0.2972 0.9339 -0.1986
vn 0.7575 -0.4123 -0.5062
vn 0.4352 0.8521 -0.2908
vn 0.6717 -0.5893 -0.4489
vn 0.9239 -0.0000 -0.3827
vn 0.9028 -0.2124 -0.3740
vn 0.1694 0.9830 -0.0702
vn 0.3302 0.9339 -0.1368
vn 0.8417 -0.4123 -0.3487
vn 0.4836 0.8521 -0.2003
vn 0.7464 -0.5893 -0.3092
vn 0.6245 0.7370 -0.2587
vn 0.6245 -0.7370 -0.2587
vn 0.7464 0.5893 -0.3092
vn 0.4836 -0.8521 -0.2003
vn 0.8417 0.4123 -0.3487
vn 0.3302 -0.9339 -0.1368
vn 0.9028 0.2124 -0.3740
vn 0.1694 -0.9830 -0.0702
vn 0.6629 -0.7370 -0.1319
vn 0.5134 -0.8521 -0.1021
vn 0.7924 0.5893 -0.1576
vn 0.8935 0.4123 -0.1778
vn 0.3505 -0.9340 -0.0697
vn 0.9584 0.2124 -0.1907
vn 0.1799 -0.9830 -0.0358
vn 0.9808 -0.0000 -0.1951
vn 0.1799 0.9830 -0.0358
vn 0.9584 -0.2124 -0.1907
vn 0.3505 0.9340 -0.0697
vn 0.8935 -0.4123 -0.1778
vn 0.5134 0.8521 -0.1021
vn 0.7924 -0.5893 -0.1576
vn 0.6629 0.7370 -0.1319
vn 0.1834 0.9830 -0.0000
vn 0.3574 0.9340 -0.0000
vn 0.9772 -0.2124 -0.0000
vn 0.9111 -0.4123 -0.0000
vn 0.5234 0.8521 -0.0000
vn 0.8079 -0.5893 -0.0000
vn 0.6759 0.7370 -0.0000
vn 0.6759 -0.7370 -0.0000
vn 0.8079 0.5893 -0.0000
vn 0.5234 -0.8521 -0.0000
vn 0.9111 0.4123 -0.0000
vn 0.3574 -0.9340 -0.0000
vn 0.9772 0.2124 -0.0000
vn 0.1834 -0.9830 -0.0000
vn 1.0000 -0.0000 -0.0000
vn 0.7924 0.5893 0.1576
vn 0.8935 0.4123 0.1778
vn 0.5134 -0.8521 0.1021
vn 0.3505 -0.9340 0.0697
vn 0.9584 0.2124 0.1907
vn 0.1799 -0.9830 0.0358
vn 0.9808 -0.0000 0.1951
vn 0.1799 0.9830 0.0358
vn 0.9584 -0.2124 0.1907
vn 0.3505 0.9340 0.0697
vn 0.8935 -0.4123 0.1778
vn 0.5134 0.8521 0.1021
vn 0.7924 -0.5893 0.1576
vn 0.6629 0.7370 0.1319
vn 0.6629 -0.7370 0.1319
vn 0.9028 -0.2124 0.3740
vn 0.8417 -0.4123 0.3487
vn 0.3302 0.9339 0.1368
vn 0.4836 0.8521 0.2003
vn 0.7464 -0.5893 0.3092
vn 0.6245 0.7370 0.2587
vn 0.6245 -0.7370 0.2587
vn 0.7464 0.5893 0.3092
vn 0.4836 -0.8521 0.2003
vn 0.8417 0.4123 0.3487
vn 0.3302 -0.9339 0.1368
vn 0.9028 0.2124 0.3740
vn 0.1694 -0.9830 0.0702
vn 0.9239 -0.0000 0.3827
vn 0.1694 0.9830 0.0702
vn 0.4352 -0.8521 0.2908
vn 0.2972 -0.9339 0.1986
vn 0.7575 0.4123 0.5062
vn 0.8125 0.2124 0.5429
vn 0.1525 -0.9830 0.1019
vn 0.8314 -0.0000 0.5556
vn 0.1525 0.9830 0.1019
vn 0.8125 -0.2124 0.5429
vn 0.2972 0.9339 0.1986
vn 0.7575 -0.4123 0.5062
vn 0.4352 0.8521 0.2908
vn 0.6717 -0.5893 0.4489
vn 0.5620 0.7370 0.3756
vn 0.5620 -0.7370 0.3756
vn 0.6717 0.5893 0.4489
vn 0.6442 -0.4123 0.6443
vn 0.5713 -0.5893 0.5713
vn 0.3701 0.8521 0.3701
vn 0.4779 0.7369 0.4780
vn 0.4779 -0.7369 0.4780
vn 0.5713 0.5893 0.5713
vn 0.3701 -0.8521 0.3701
vn 0.6442 0.4123 0.6443
vn 0.2527 -0.9339 0.2527
vn 0.6909 0.2124 0.6910
vn 0.1297 -0.9830 0.1297
vn 0.7071 -0.0000 0.7071
vn 0.1297 0.9830 0.1297
vn 0.6909 -0.2124 0.6910
vn 0.2527 0.9339 0.2527
vn 0.1986 -0.9339 0.2972
vn 0.1019 -0.9830 0.1525
vn 0.5429 0.2124 0.8125
vn 0.5555 -0.0000 0.8315
vn 0.1019 0.9830 0.1525
vn 0.5429 -0.2124 0.8125
vn 0.1986 0.9339 0.2972
vn 0.5061 -0.4123 0.7575
vn 0.2908 0.8521 0.4352
vn 0.4488 -0.5893 0.6718
vn 0.3755 0.7369 0.5621
vn 0.3755 -0.7369 0.5621
vn 0.4488 0.5893 0.6718
vn 0.2908 -0.8521 0.4352
vn 0.5061 0.4123 0.7575
vn 0.2003 0.8521 0.4836
vn 0.2587 0.7369 0.6245
vn 0.3092 -0.5893 0.7464
vn 0.2587 -0.7369 0.6245
vn 0.3092 0.5893 0.7464
vn 0.2003 -0.8521 0.4836
vn 0.3486 0.4123 0.8417
vn 0.1368 -0.9339 0.3302
vn 0.3739 0.2124 0.9028
vn 0.0702 -0.9830 0.1694
vn 0.3827 -0.0000 0.9239
vn 0.0702 0.9830 0.1694
vn 0.3739 -0.2124 0.9028
vn 0.1368 0.9339 0.3302
vn 0.3486 -0.4123 0.8417
vn 0.1906 0.2124 0.9584
vn 0.1951 -0.0000 0.9808
vn 0.0358 0.9830 0.1799
vn 0.0358 -0.9830 0.1799
vn 0.1906 -0.2124 0.9584
vn 0.0697 0.9339 0.3506
vn 0.1777 -0.4122 0.8936
vn 0.1021 0.8521 0.5134
vn 0.1576 -0.5893 0.7924
vn 0.1319 0.7369 0.6630
vn 0.1319 -0.7369 0.6630
vn 0.1576 0.5893 0.7924
vn 0.1021 -0.8521 0.5134
vn 0.1777 0.4122 0.8936
vn 0.0697 -0.9339 0.3506
vn -0.0000 -0.5893 0.8079
vn -0.0000 -0.7369 0.6760
vn -0.0000 0.7369 0.6760
vn -0.0000 0.5893 0.8079
vn -0.0000 -0.8521 0.5234
vn -0.0000 0.4122 0.9111
vn -0.0000 -0.9339 0.3574
vn -0.0000 0.2124 0.9772
vn -0.0000 -0.9830 0.1834
vn -0.0000 -0.0000 1.0000
vn -0.0000 0.9830 0.1834
vn -0.0000 -0.2124 0.9772
vn -0.0000 0.9339 0.3574
vn -0.0000 -0.4122 0.9111
vn -0.0000 0.8521 0.5234
vn -0.0358 0.9830 0.1799
vn -0.0358 -0.9830 0.1799
vn -0.1951 -0.0000 0.9808
vn -0.1906 -0.2124 0.9584
vn -0.0697 0.9339 0.3506
vn -0.1777 -0.4122 0.8936
vn -0.1021 0.8521 0.5134
vn -0.1576 -0.5893 0.7924
vn -0.1319 0.7369 0.6630
vn -0.1319 -0.7369 0.6630
vn -0.1576 0.5893 0.7924
vn -0.1021 -0.8521 0.5134
vn -0.1777 0.4122 0.8936
vn -0.0697 -0.9339 0.3506
vn -0.1906 0.2124 0.9584
vn -0.2587 0.7369 0.6245
vn -0.3092 0.5893 0.7464
vn -0.2587 -0.7369 0.6245
vn -0.2003 -0.8521 0.4836
vn -0.3486 0.4123 0.8417
vn -0.1368 -0.9339 0.3302
vn -0.3739 0.2124 0.9028
vn -0.0702 -0.9830 0.1694
vn -0.3827 -0.0000 0.9239
vn -0.0702 0.9830 0.1694
vn -0.3739 -0.2124 0.9028
vn -0.1368 0.9339 0.3302
vn -0.3486 -0.4123 0.8417
vn -0.2003 0.8521 0.4836
vn -0.3092 -0.5893 0.7464
vn -0.5555 -0.0000 0.8315
vn -0.5429 -0.2124 0.8125
vn -0.1019 0.9830 0.1525
vn -0.1986 0.9339 0.2972
vn -0.5061 -0.4123 0.7575
vn -0.2908 0.8521 0.4352
vn -0.4488 -0.5893 0.6718
vn -0.3755 0.7369 0.5621
vn -0.3755 -0.7369 0.5621
vn -0.4488 0.5893 0.6718
vn -0.2908 -0.8521 0.4352
vn -0.5061 0.4123 0.7575
vn -0.1986 -0.9339 0.2972
vn -0.5429 0.2124 0.8125
vn -0.1019 -0.9830 0.1525
vn -0.4779 -0.7369 0.4780
vn -0.3701 -0.8521 0.3701
vn -0.5713 0.5893 0.5713
vn -0.6442 0.4123 0.6442
vn -0.2527 -0.9339 0.2527
vn -0.6909 0.2124 0.6910
vn -0.1297 -0.9830 0.1297
vn -0.7071 -0.0000 0.7071
vn -0.1297 0.9830 0.1297
vn -0.6909 -0.2124 0.6910
vn -0.2527 0.9339 0.2527
vn -0.6442 -0.4123 0.6442
vn -0.3701 0.8521 0.3701
vn -0.5713 -0.5893 0.5713
vn -0.4779 0.7369 0.4780
vn -0.8125 -0.2124 0.5429
vn -0.7575 -0.4123 0.5062
vn -0.2972 0.9339 0.1986
vn -0.4352 0.8521 0.2908
vn -0.6717 -0.5893 0.4489
vn -0.5620 0.7370 0.3756
vn -0.5620 -0.7370 0.3756
vn -0.6717 0.5893 0.4489
vn -0.4352 -0.8521 0.2908
vn -0.7575 0.4123 0.5062
vn -0.2972 -0.9339 0.1986
vn -0.8125 0.2124 0.5429
vn -0.1525 -0.9830 0.1019
vn -0.8314 -0.0000 0.5556
vn -0.1525 0.9830 0.1019
vn -0.4836 -0.8521 0.2003
vn -0.3302 -0.9339 0.1368
vn -0.8417 0.4123 0.3487
vn -0.9028 0.2124 0.3740
vn -0.1694 -0.9830 0.0702
vn -0.9239 -0.0000 0.3827
vn -0.1694 0.9830 0.0702
vn -0.9028 -0.2124 0.3740
vn -0.3302 0.9339 0.1368
vn -0.8417 -0.4123 0.3487
vn -0.4836 0.8521 0.2003
vn -0.7464 -0.5893 0.3092
vn -0.6245 0.7370 0.2587
vn -0.6245 -0.7370 0.2587
vn -0.7464 0.5893 0.3092
vn -0.3505 0.9340 0.0697
vn -0.5134 0.8521 0.1021
vn -0.8935 -0.4123 0.1778
vn -0.7924 -0.5893 0.1576
vn -0.6629 0.7370 0.1319
vn -0.6629 -0.7370 0.1319
vn -0.7924 0.5893 0.1576
vn -0.5134 -0.8521 0.1021
vn -0.8935 0.4123 0.1778
vn -0.3505 -0.9340 0.0697
vn -0.9584 0.2124 0.1907
vn -0.1799 -0.9830 0.0358
vn -0.9808 -0.0000 0.1951
vn -0.1799 0.9830 0.0358
vn -0.9584 -0.2124 0.1907
vn -0.9111 0.4123 -0.0000
vn -0.9772 0.2124 -0.0000
vn -0.3574 -0.9340 -0.0000
vn -0.1834 -0.9830 -0.0000
vn -1.0000 -0.0000 -0.0000
vn -0.1834 0.9830 -0.0000
vn -0.9772 -0.2124 -0.0000
vn -0.3574 0.9340 -0.0000
vn -0.9111 -0.4123 -0.0000
vn -0.5234 0.8521 -0.0000
vn -0.8079 -0.5893 -0.0000
vn -0.6759 0.7370 -0.0000
vn -0.6759 -0.7370 -0.0000
vn -0.8079 0.5893 -0.0000
vn -0.5234 -0.8521 -0.0000
vn -0.8935 -0.4123 -0.1778
vn -0.7924 -0.5893 -0.1576
vn -0.5134 0.8521 -0.1021
vn -0.6629 0.7370 -0.1319
vn -0.6629 -0.7370 -0.1319
vn -0.7924 0.5893 -0.1576
vn -0.5134 -0.8521 -0.1021
vn -0.8935 0.4123 -0.1778
vn -0.3505 -0.9340 -0.0697
vn -0.9584 0.2124 -0.1907
vn -0.1799 -0.9830 -0.0358
vn -0.9808 -0.0000 -0.1951
vn -0.1799 0.9830 -0.0358
vn -0.9584 -0.2124 -0.1907
vn -0.3505 0.9340 -0.0697
vn -0.3302 -0.9339 -0.1368
vn -0.1694 -0.9830 -0.0702
vn -0.9028 0.2124 -0.3740
vn -0.9239 -0.0000 -0.3827
vn -0.1694 0.9830 -0.0702
vn -0.9028 -0.2124 -0.3740
vn -0.3302 0.9339 -0.1368
vn -0.8417 -0.4123 -0.3487
vn -0.4836 0.8521 -0.2003
vn -0.7464 -0.5893 -0.3092
vn -0.6245 0.7370 -0.2587
vn -0.6245 -0.7370 -0.2587
vn -0.7464 0.5893 -0.3092
vn -0.4836 -0.8521 -0.2003
vn -0.8417 0.4123 -0.3487
vn -0.4352 0.8521 -0.2908
vn -0.5620 0.7370 -0.3756
vn -0.6717 -0.5893 -0.4489
vn -0.5620 -0.7370 -0.3756
vn -0.6717 0.5893 -0.4489
vn -0.4352 -0.8521 -0.2908
vn -0.7575 0.4123 -0.5062
vn -0.2972 -0.9339 -0.1986
vn -0.8125 0.2124 -0.5429
vn -0.1525 -0.9830 -0.1019
vn -0.8314 -0.0000 -0.5556
vn -0.1525 0.9830 -0.1019
vn -0.8125 -0.2124 -0.5429
vn -0.2972 0.9339 -0.1986
vn -0.7575 -0.4123 -0.5062
vn -0.6909 0.2124 -0.6910
vn -0.7071 -0.0000 -0.7071
vn -0.1297 0.9830 -0.1297
vn -0.1297 -0.9830 -0.1297
vn -0.6909 -0.2124 -0.6910
vn -0.2527 0.9339 -0.2527
vn -0.6442 -0.4123 -0.6443
vn -0.3701 0.8521 -0.3701
vn -0.5713 -0.5893 -0.5713
vn -0.4779 0.7369 -0.4780
vn -0.4779 -0.7369 -0.4780
vn -0.5713 0.5893 -0.5713
vn -0.3701 -0.8521 -0.3701
vn -0.6442 0.4123 -0.6443
vn -0.2527 -0.9339 -0.2527
vn -0.4488 -0.5893 -0.6718
vn -0.3755 -0.7369 -0.5621
vn -0.3755 0.7369 -0.5621
vn -0.4488 0.5893 -0.6718
vn -0.2908 -0.8521 -0.4352
vn -0.5061 0.4123 -0.7575
vn -0.1986 -0.9339 -0.2972
vn -0.5429 0.2124 -0.8125
vn -0.1019 -0.9830 -0.1525
vn -0.5555 -0.0000 -0.8315
vn -0.1019 0.9830 -0.1525
vn -0.5429 -0.2124 -0.8125
vn -0.1986 0.9339 -0.2972
vn -0.5061 -0.4123 -0.7575
vn -0.2908 0.8521 -0.4352
vn -0.0702 -0.9830 -0.1694
vn -0.3827 -0.0000 -0.9239
vn -0.3739 -0.2124 -0.9028
vn -0.0702 0.9830 -0.1694
vn -0.1368 0.9339 -0.3302
vn -0.3486 -0.4123 -0.8417
vn -0.2003 0.8521 -0.4836
vn -0.3092 -0.5893 -0.7464
vn -0.2587 0.7369 -0.6245
vn -0.2587 -0.7369 -0.6245
vn -0.3092 0.5893 -0.7464
vn -0.2003 -0.8521 -0.4836
vn -0.3486 0.4123 -0.8417
vn -0.1368 -0.9339 -0.3302
vn -0.3739 0.2124 -0.9028
vn -0.1319 -0.7369 -0.6630
vn -0.1021 -0.8521 -0.5134
vn -0.1576 0.5893 -0.7924
vn -0.1777 0.4122 -0.8936
vn -0.0697 -0.9339 -0.3506
vn -0.1906 0.2124 -0.9584
vn -0.0358 -0.9830 -0.1799
vn -0.1951 -0.0000 -0.9808
vn -0.0358 0.9830 -0.1799
vn -0.1906 -0.2124 -0.9584
vn -0.0697 0.9339 -0.3506
vn -0.1777 -0.4122 -0.8936
vn -0.1021 0.8521 -0.5134
vn -0.1576 -0.5893 -0.7924
vn -0.1319 0.7369 -0.6630
vt 0.750000 0.437500
vt 0.750000 0.500000
vt 0.718750 0.500000
vt 0.718750 0.437500
vt 0.750000 0.875000
vt 0.750000 0.937500
vt 0.718750 0.937500
vt 0.718750 0.875000
vt 0.750000 0.375000
vt 0.718750 0.375000
vt 0.750000 0.812500
vt 0.718750 0.812500
vt 0.750000 0.312500
vt 0.718750 0.312500
vt 0.750000 0.750000
vt 0.718750 0.750000
vt 0.750000 0.250000
vt 0.718750 0.250000
vt 0.750000 0.687500
vt 0.718750 0.687500
vt 0.750000 0.187500
vt 0.718750 0.187500
vt 0.750000 0.625000
vt 0.718750 0.625000
vt 0.750000 0.125000
vt 0.718750 0.125000
vt 0.750000 0.562500
vt 0.718750 0.562500
vt 0.750000 0.062500
vt 0.718750 0.062500
vt 0.734375 1.000000
vt 0.734375 0.000000
vt 0.687500 0.125000
vt 0.687500 0.062500
vt 0.687500 0.562500
vt 0.687500 0.500000
vt 0.703125 1.000000
vt 0.687500 0.937500
vt 0.703125 0.000000
vt 0.687500 0.437500
vt 0.687500 0.875000
vt 0.687500 0.375000
vt 0.687500 0.812500
vt 0.687500 0.312500
vt 0.687500 0.750000
vt 0.687500 0.250000
vt 0.687500 0.687500
vt 0.687500 0.187500
vt 0.687500 0.625000
vt 0.656250 0.312500
vt 0.656250 0.250000
vt 0.656250 0.750000
vt 0.656250 0.687500
vt 0.656250 0.187500
vt 0.656250 0.625000
vt 0.656250 0.125000
vt 0.656250 0.562500
vt 0.656250 0.062500
vt 0.656250 0.500000
vt 0.671875 1.000000
vt 0.656250 0.937500
vt 0.671875 0.000000
vt 0.656250 0.437500
vt 0.656250 0.875000
vt 0.656250 0.375000
vt 0.656250 0.812500
vt 0.640625 1.000000
vt 0.625000 0.937500
vt 0.640625 0.000000
vt 0.625000 0.062500
vt 0.625000 0.500000
vt 0.625000 0.437500
vt 0.625000 0.875000
vt 0.625000 0.375000
vt 0.625000 0.812500
vt 0.625000 0.312500
vt 0.625000 0.750000
vt 0.625000 0.250000
vt 0.625000 0.687500
vt 0.625000 0.187500
vt 0.625000 0.625000
vt 0.625000 0.125000
vt 0.625000 0.562500
vt 0.593750 0.750000
vt 0.593750 0.687500
vt 0.593750 0.250000
vt 0.593750 0.187500
vt 0.593750 0.625000
vt 0.593750 0.125000
vt 0.593750 0.562500
vt 0.593750 0.062500
vt 0.593750 0.500000
vt 0.609375 1.000000
vt 0.593750 0.937500
vt 0.609375 0.000000
vt 0.593750 0.437500
vt 0.593750 0.875000
vt 0.593750 0.375000
vt 0.593750 0.812500
vt 0.593750 0.312500
vt 0.562500 0.500000
vt 0.562500 0.437500
vt 0.562500 0.937500
vt 0.562500 0.875000
vt 0.562500 0.375000
vt 0.562500 0.812500
vt 0.562500 0.312500
vt 0.562500 0.750000
vt 0.562500 0.250000
vt 0.562500 0.687500
vt 0.562500 0.187500
vt 0.562500 0.625000
vt 0.562500 0.125000
vt 0.562500 0.562500
vt 0.562500 0.062500
vt 0.578125 1.000000
vt 0.578125 0.000000
vt 0.531250 0.250000
vt 0.531250 0.187500
vt 0.531250 0.687500
vt 0.531250 0.625000
vt 0.531250 0.125000
vt 0.531250 0.562500
vt 0.531250 0.062500
vt 0.531250 0.500000
vt 0.546875 1.000000
vt 0.531250 0.937500
vt 0.546875 0.000000
vt 0.531250 0.437500
vt 0.531250 0.875000
vt 0.531250 0.375000
vt 0.531250 0.812500
vt 0.531250 0.312500
vt 0.531250 0.750000
vt 0.500000 0.937500
vt 0.500000 0.875000
vt 0.500000 0.437500
vt 0.500000 0.375000
vt 0.500000 0.812500
vt 0.500000 0.312500
vt 0.500000 0.750000
vt 0.500000 0.250000
vt 0.500000 0.687500
vt 0.500000 0.187500
vt 0.500000 0.625000
vt 0.500000 0.125000
vt 0.500000 0.562500
vt 0.500000 0.062500
vt 0.500000 0.500000
vt 0.515625 1.000000
vt 0.515625 0.000000
vt 0.468750 0.687500
vt 0.468750 0.625000
vt 0.468750 0.187500
vt 0.468750 0.125000
vt 0.468750 0.562500
vt 0.468750 0.062500
vt 0.468750 0.500000
vt 0.484375 1.000000
vt 0.468750 0.937500
vt 0.484375 0.000000
vt 0.468750 0.437500
vt 0.468750 0.875000
vt 0.468750 0.375000
vt 0.468750 0.812500
vt 0.468750 0.312500
vt 0.468750 0.750000
vt 0.468750 0.250000
vt 0.437500 0.437500
vt 0.437500 0.375000
vt 0.437500 0.875000
vt 0.437500 0.812500
vt 0.437500 0.312500
vt 0.437500 0.750000
vt 0.437500 0.250000
vt 0.437500 0.687500
vt 0.437500 0.187500
vt 0.437500 0.625000
vt 0.437500 0.125000
vt 0.437500 0.562500
vt 0.437500 0.062500
vt 0.437500 0.500000
vt 0.453125 1.000000
vt 0.437500 0.937500
vt 0.453125 0.000000
vt 0.406250 0.187500
vt 0.406250 0.125000
vt 0.406250 0.625000
vt 0.406250 0.562500
vt 0.406250 0.062500
vt 0.406250 0.500000
vt 0.421875 1.000000
vt 0.406250 0.937500
vt 0.421875 0.000000
vt 0.406250 0.437500
vt 0.406250 0.875000
vt 0.406250 0.375000
vt 0.406250 0.812500
vt 0.406250 0.312500
vt 0.406250 0.750000
vt 0.406250 0.250000
vt 0.406250 0.687500
vt 0.375000 0.375000
vt 0.375000 0.312500
vt 0.375000 0.812500
vt 0.375000 0.750000
vt 0.375000 0.250000
vt 0.375000 0.687500
vt 0.375000 0.187500
vt 0.375000 0.625000
vt 0.375000 0.125000
vt 0.375000 0.562500
vt 0.375000 0.062500
vt 0.375000 0.500000
vt 0.390625 1.000000
vt 0.375000 0.937500
vt 0.390625 0.000000
vt 0.375000 0.437500
vt 0.375000 0.875000
vt 0.343750 0.125000
vt 0.343750 0.062500
vt 0.343750 0.562500
vt 0.343750 0.500000
vt 0.359375 1.000000
vt 0.343750 0.937500
vt 0.359375 0.000000
vt 0.343750 0.437500
vt 0.343750 0.875000
vt 0.343750 0.375000
vt 0.343750 0.812500
vt 0.343750 0.312500
vt 0.343750 0.750000
vt 0.343750 0.250000
vt 0.343750 0.687500
vt 0.343750 0.187500
vt 0.343750 0.625000
vt 0.312500 0.812500
vt 0.312500 0.750000
vt 0.312500 0.312500
vt 0.312500 0.250000
vt 0.312500 0.687500
vt 0.312500 0.187500
vt 0.312500 0.625000
vt 0.312500 0.125000
vt 0.312500 0.562500
vt 0.312500 0.062500
vt 0.312500 0.500000
vt 0.328125 1.000000
vt 0.312500 0.937500
vt 0.328125 0.000000
vt 0.312500 0.437500
vt 0.312500 0.875000
vt 0.312500 0.375000
vt 0.281250 0.562500
vt 0.281250 0.500000
vt 0.296875 1.000000
vt 0.281250 0.937500
vt 0.296875 0.000000
vt 0.281250 0.062500
vt 0.281250 0.437500
vt 0.281250 0.875000
vt 0.281250 0.375000
vt 0.281250 0.812500
vt 0.281250 0.312500
vt 0.281250 0.750000
vt 0.281250 0.250000
vt 0.281250 0.687500
vt 0.281250 0.187500
vt 0.281250 0.625000
vt 0.281250 0.125000
vt 0.250000 0.312500
vt 0.250000 0.250000
vt 0.250000 0.750000
vt 0.250000 0.687500
vt 0.250000 0.187500
vt 0.250000 0.625000
vt 0.250000 0.125000
vt 0.250000 0.562500
vt 0.250000 0.062500
vt 0.250000 0.500000
vt 0.265625 1.000000
vt 0.250000 0.937500
vt 0.265625 0.000000
vt 0.250000 0.437500
vt 0.250000 0.875000
vt 0.250000 0.375000
vt 0.250000 0.812500
vt 0.234375 1.000000
vt 0.218750 0.937500
vt 0.234375 0.000000
vt 0.218750 0.062500
vt 0.218750 0.500000
vt 0.218750 0.437500
vt 0.218750 0.875000
vt 0.218750 0.375000
vt 0.218750 0.812500
vt 0.218750 0.312500
vt 0.218750 0.750000
vt 0.218750 0.250000
vt 0.218750 0.687500
vt 0.218750 0.187500
vt 0.218750 0.625000
vt 0.218750 0.125000
vt 0.218750 0.562500
vt 0.187500 0.750000
vt 0.187500 0.687500
vt 0.187500 0.250000
vt 0.187500 0.187500
vt 0.187500 0.625000
vt 0.187500 0.125000
vt 0.187500 0.562500
vt 0.187500 0.062500
vt 0.187500 0.500000
vt 0.203125 1.000000
vt 0.187500 0.937500
vt 0.203125 0.000000
vt 0.187500 0.437500
vt 0.187500 0.875000
vt 0.187500 0.375000
vt 0.187500 0.812500
vt 0.187500 0.312500
vt 0.156250 0.500000
vt 0.156250 0.437500
vt 0.156250 0.937500
vt 0.156250 0.875000
vt 0.156250 0.375000
vt 0.156250 0.812500
vt 0.156250 0.312500
vt 0.156250 0.750000
vt 0.156250 0.250000
vt 0.156250 0.687500
vt 0.156250 0.187500
vt 0.156250 0.625000
vt 0.156250 0.125000
vt 0.156250 0.562500
vt 0.156250 0.062500
vt 0.171875 1.000000
vt 0.171875 0.000000
vt 0.125000 0.250000
vt 0.125000 0.187500
vt 0.125000 0.687500
vt 0.125000 0.625000
vt 0.125000 0.125000
vt 0.125000 0.562500
vt 0.125000 0.062500
vt 0.125000 0.500000
vt 0.140625 1.000000
vt 0.125000 0.937500
vt 0.140625 0.000000
vt 0.125000 0.437500
vt 0.125000 0.875000
vt 0.125000 0.375000
vt 0.125000 0.812500
vt 0.125000 0.312500
vt 0.125000 0.750000
vt 0.093750 0.437500
vt 0.093750 0.375000
vt 0.093750 0.875000
vt 0.093750 0.812500
vt 0.093750 0.312500
vt 0.093750 0.750000
vt 0.093750 0.250000
vt 0.093750 0.687500
vt 0.093750 0.187500
vt 0.093750 0.625000
vt 0.093750 0.125000
vt 0.093750 0.562500
vt 0.093750 0.062500
vt 0.093750 0.500000
vt 0.109375 1.000000
vt 0.093750 0.937500
vt 0.109375 0.000000
vt 0.062500 0.187500
vt 0.062500 0.125000
vt 0.062500 0.625000
vt 0.062500 0.562500
vt 0.062500 0.062500
vt 0.062500 0.500000
vt 0.078125 1.000000
vt 0.062500 0.937500
vt 0.078125 0.000000
vt 0.062500 0.437500
vt 0.062500 0.875000
vt 0.062500 0.375000
vt 0.062500 0.812500
vt 0.062500 0.312500
vt 0.062500 0.750000
vt 0.062500 0.250000
vt 0.062500 0.687500
vt 0.031250 0.875000
vt 0.031250 0.812500
vt 0.031250 0.375000
vt 0.031250 0.312500
vt 0.031250 0.750000
vt 0.031250 0.250000
vt 0.031250 0.687500
vt 0.031250 0.187500
vt 0.031250 0.625000
vt 0.031250 0.125000
vt 0.031250 0.562500
vt 0.031250 0.062500
vt 0.031250 0.500000
vt 0.046875 1.000000
vt 0.031250 0.937500
vt 0.046875 0.000000
vt 0.031250 0.437500
vt 0.000000 0.625000
vt 0.000000 0.562500
vt 0.000000 0.125000
vt 0.000000 0.062500
vt 0.000000 0.500000
vt 0.015625 1.000000
vt 0.000000 0.937500
vt 0.015625 0.000000
vt 0.000000 0.437500
vt 0.000000 0.875000
vt 0.000000 0.375000
vt 0.000000 0.812500
vt 0.000000 0.312500
vt 0.000000 0.750000
vt 0.000000 0.250000
vt 0.000000 0.687500
vt 0.000000 0.187500
vt 1.000000 0.312500
vt 1.000000 0.375000
vt 0.968750 0.375000
vt 0.968750 0.312500
vt 1.000000 0.750000
vt 1.000000 0.812500
vt 0.968750 0.812500
vt 0.968750 0.750000
vt 1.000000 0.250000
vt 0.968750 0.250000
vt 1.000000 0.687500
vt 0.968750 0.687500
vt 1.000000 0.187500
vt 0.968750 0.187500
vt 1.000000 0.625000
vt 0.968750 0.625000
vt 1.000000 0.125000
vt 0.968750 0.125000
vt 1.000000 0.562500
vt 0.968750 0.562500
vt 1.000000 0.062500
vt 0.968750 0.062500
vt 1.000000 0.500000
vt 0.968750 0.500000
vt 1.000000 0.937500
vt 0.984375 1.000000
vt 0.968750 0.937500
vt 0.984375 0.000000
vt 1.000000 0.437500
vt 0.968750 0.437500
vt 1.000000 0.875000
vt 0.968750 0.875000
vt 0.937500 0.125000
vt 0.937500 0.062500
vt 0.937500 0.562500
vt 0.937500 0.500000
vt 0.953125 1.000000
vt 0.937500 0.937500
vt 0.953125 0.000000
vt 0.937500 0.437500
vt 0.937500 0.875000
vt 0.937500 0.375000
vt 0.937500 0.812500
vt 0.937500 0.312500
vt 0.937500 0.750000
vt 0.937500 0.250000
vt 0.937500 0.687500
vt 0.937500 0.187500
vt 0.937500 0.625000
vt 0.906250 0.812500
vt 0.906250 0.750000
vt 0.906250 0.312500
vt 0.906250 0.250000
vt 0.906250 0.687500
vt 0.906250 0.187500
vt 0.906250 0.625000
vt 0.906250 0.125000
vt 0.906250 0.562500
vt 0.906250 0.062500
vt 0.906250 0.500000
vt 0.921875 1.000000
vt 0.906250 0.937500
vt 0.921875 0.000000
vt 0.906250 0.437500
vt 0.906250 0.875000
vt 0.906250 0.375000
vt 0.875000 0.562500
vt 0.875000 0.500000
vt 0.890625 1.000000
vt 0.875000 0.937500
vt 0.890625 0.000000
vt 0.875000 0.062500
vt 0.875000 0.437500
vt 0.875000 0.875000
vt 0.875000 0.375000
vt 0.875000 0.812500
vt 0.875000 0.312500
vt 0.875000 0.750000
vt 0.875000 0.250000
vt 0.875000 0.687500
vt 0.875000 0.187500
vt 0.875000 0.625000
vt 0.875000 0.125000
vt 0.843750 0.312500
vt 0.843750 0.250000
vt 0.843750 0.750000
vt 0.843750 0.687500
vt 0.843750 0.187500
vt 0.843750 0.625000
vt 0.843750 0.125000
vt 0.843750 0.562500
vt 0.843750 0.062500
vt 0.843750 0.500000
vt 0.859375 1.000000
vt 0.843750 0.937500
vt 0.859375 0.000000
vt 0.843750 0.437500
vt 0.843750 0.875000
vt 0.843750 0.375000
vt 0.843750 0.812500
vt 0.828125 0.000000
vt 0.812500 0.062500
vt 0.812500 0.500000
vt 0.812500 0.437500
vt 0.812500 0.937500
vt 0.812500 0.875000
vt 0.812500 0.375000
vt 0.812500 0.812500
vt 0.812500 0.312500
vt 0.812500 0.750000
vt 0.812500 0.250000
vt 0.812500 0.687500
vt 0.812500 0.187500
vt 0.812500 0.625000
vt 0.812500 0.125000
vt 0.812500 0.562500
vt 0.828125 1.000000
vt 0.781250 0.250000
vt 0.781250 0.187500
vt 0.781250 0.687500
vt 0.781250 0.625000
vt 0.781250 0.125000
vt 0.781250 0.562500
vt 0.781250 0.062500
vt 0.781250 0.500000
vt 0.796875 1.000000
vt 0.781250 0.937500
vt 0.796875 0.000000
vt 0.781250 0.437500
vt 0.781250 0.875000
vt 0.781250 0.375000
vt 0.781250 0.812500
vt 0.781250 0.312500
vt 0.781250 0.750000
vt 0.765625 1.000000
vt 0.765625 0.000000
s 1
usemtl Material.051
f 266/305/119 265/306/120 275/307/121 276/308/122
f 736/309/123 735/310/124 268/311/125 269/312/126
f 739/313/127 266/305/119 276/308/122 277/314/128
f 262/315/129 736/309/123 269/312/126 270/316/130
f 267/317/131 739/313/127 277/314/128 278/318/132
f 737/319/133 262/315/129 270/316/130 271/320/134
f 740/321/135 267/317/131 278/318/132 279/322/136
f 263/323/137 737/319/133 271/320/134 272/324/138
f 741/325/139 740/321/135 279/322/136 280/326/140
f 738/327/141 263/323/137 272/324/138 273/328/142
f 742/329/143 741/325/139 280/326/140 281/330/144
f 264/331/145 738/327/141 273/328/142 274/332/146
f 743/333/147 742/329/143 281/330/144 282/334/148
f 265/306/120 264/331/145 274/332/146 275/307/121
f 735/310/124 343/335/149 268/311/125
f 569/336/150 743/333/147 282/334/148
f 282/334/148 281/330/144 296/337/151 297/338/152
f 275/307/121 274/332/146 289/339/153 290/340/154
f 268/311/125 343/341/149 283/342/155
f 569/343/150 282/334/148 297/338/152
f 276/308/122 275/307/121 290/340/154 291/344/156
f 269/312/126 268/311/125 283/342/155 284/345/157
f 277/314/128 276/308/122 291/344/156 292/346/158
f 270/316/130 269/312/126 284/345/157 285/347/159
f 278/318/132 277/314/128 292/346/158 293/348/160
f 271/320/134 270/316/130 285/347/159 286/349/161
f 279/322/136 278/318/132 293/348/160 294/350/162
f 272/324/138 271/320/134 286/349/161 287/351/163
f 280/326/140 279/322/136 294/350/162 295/352/164
f 273/328/142 272/324/138 287/351/163 288/353/165
f 281/330/144 280/326/140 295/352/164 296/337/151
f 274/332/146 273/328/142 288/353/165 289/339/153
f 294/350/162 293/348/160 308/354/166 309/355/167
f 287/351/163 286/349/161 301/356/168 302/357/169
f 295/352/164 294/350/162 309/355/167 310/358/170
f 288/353/165 287/351/163 302/357/169 303/359/171
f 296/337/151 295/352/164 310/358/170 311/360/172
f 289/339/153 288/353/165 303/359/171 304/361/173
f 297/338/152 296/337/151 311/360/172 312/362/174
f 290/340/154 289/339/153 304/361/173 305/363/175
f 283/342/155 343/364/149 298/365/176
f 569/366/150 297/338/152 312/362/174
f 291/344/156 290/340/154 305/363/175 306/367/177
f 284/345/157 283/342/155 298/365/176 299/368/178
f 292/346/158 291/344/156 306/367/177 307/369/179
f 285/347/159 284/345/157 299/368/178 300/370/180
f 293/348/160 292/346/158 307/369/179 308/354/166
f 286/349/161 285/347/159 300/370/180 301/356/168
f 298/365/176 343/371/149 313/372/181
f 569/373/150 312/362/174 327/374/182
f 306/367/177 305/363/175 320/375/183 321/376/184
f 299/368/178 298/365/176 313/372/181 314/377/185
f 307/369/179 306/367/177 321/376/184 322/378/186
f 300/370/180 299/368/178 314/377/185 315/379/187
f 308/354/166 307/369/179 322/378/186 323/380/188
f 301/356/168 300/370/180 315/379/187 316/381/189
f 309/355/167 308/354/166 323/380/188 324/382/190
f 302/357/169 301/356/168 316/381/189 317/383/191
f 310/358/170 309/355/167 324/382/190 325/384/192
f 303/359/171 302/357/169 317/383/191 318/385/193
f 311/360/172 310/358/170 325/384/192 326/386/194
f 304/361/173 303/359/171 318/385/193 319/387/195
f 312/362/174 311/360/172 326/386/194 327/374/182
f 305/363/175 304/361/173 319/387/195 320/375/183
f 317/383/191 316/381/189 331/388/196 332/389/197
f 325/384/192 324/382/190 339/390/198 340/391/199
f 318/385/193 317/383/191 332/389/197 333/392/200
f 326/386/194 325/384/192 340/391/199 341/393/201
f 319/387/195 318/385/193 333/392/200 334/394/202
f 327/374/182 326/386/194 341/393/201 342/395/203
f 320/375/183 319/387/195 334/394/202 335/396/204
f 313/372/181 343/397/149 328/398/205
f 569/399/150 327/374/182 342/395/203
f 321/376/184 320/375/183 335/396/204 336/400/206
f 314/377/185 313/372/181 328/398/205 329/401/207
f 322/378/186 321/376/184 336/400/206 337/402/208
f 315/379/187 314/377/185 329/401/207 330/403/209
f 323/380/188 322/378/186 337/402/208 338/404/210
f 316/381/189 315/379/187 330/403/209 331/388/196
f 324/382/190 323/380/188 338/404/210 339/390/198
f 336/400/206 335/396/204 351/405/211 352/406/212
f 329/401/207 328/398/205 344/407/213 345/408/214
f 337/402/208 336/400/206 352/406/212 353/409/215
f 330/403/209 329/401/207 345/408/214 346/410/216
f 338/404/210 337/402/208 353/409/215 354/411/217
f 331/388/196 330/403/209 346/410/216 347/412/218
f 339/390/198 338/404/210 354/411/217 355/413/219
f 332/389/197 331/388/196 347/412/218 348/414/220
f 340/391/199 339/390/198 355/413/219 356/415/221
f 333/392/200 332/389/197 348/414/220 349/416/222
f 341/393/201 340/391/199 356/415/221 357/417/223
f 334/394/202 333/392/200 349/416/222 350/418/224
f 342/395/203 341/393/201 357/417/223 358/419/225
f 335/396/204 334/394/202 350/418/224 351/405/211
f 328/398/205 343/420/149 344/407/213
f 569/421/150 342/395/203 358/419/225
f 356/415/221 355/413/219 370/422/226 371/423/227
f 349/416/222 348/414/220 363/424/228 364/425/229
f 357/417/223 356/415/221 371/423/227 372/426/230
f 350/418/224 349/416/222 364/425/229 365/427/231
f 358/419/225 357/417/223 372/426/230 373/428/232
f 351/405/211 350/418/224 365/427/231 366/429/233
f 344/407/213 343/430/149 359/431/234
f 569/432/150 358/419/225 373/428/232
f 352/406/212 351/405/211 366/429/233 367/433/235
f 345/408/214 344/407/213 359/431/234 360/434/236
f 353/409/215 352/406/212 367/433/235 368/435/237
f 346/410/216 345/408/214 360/434/236 361/436/238
f 354/411/217 353/409/215 368/435/237 369/437/239
f 347/412/218 346/410/216 361/436/238 362/438/240
f 355/413/219 354/411/217 369/437/239 370/422/226
f 348/414/220 347/412/218 362/438/240 363/424/228
f 360/434/236 359/431/234 374/439/241 375/440/242
f 368/435/237 367/433/235 382/441/243 383/442/244
f 361/436/238 360/434/236 375/440/242 376/443/245
f 369/437/239 368/435/237 383/442/244 384/444/246
f 362/438/240 361/436/238 376/443/245 377/445/247
f 370/422/226 369/437/239 384/444/246 385/446/248
f 363/424/228 362/438/240 377/445/247 378/447/249
f 371/423/227 370/422/226 385/446/248 386/448/250
f 364/425/229 363/424/228 378/447/249 379/449/251
f 372/426/230 371/423/227 386/448/250 387/450/252
f 365/427/231 364/425/229 379/449/251 380/451/253
f 373/428/232 372/426/230 387/450/252 388/452/254
f 366/429/233 365/427/231 380/451/253 381/453/255
f 359/431/234 343/454/149 374/439/241
f 569/455/150 373/428/232 388/452/254
f 367/433/235 366/429/233 381/453/255 382/441/243
f 379/449/251 378/447/249 393/456/256 394/457/257
f 387/450/252 386/448/250 401/458/258 402/459/259
f 380/451/253 379/449/251 394/457/257 395/460/260
f 388/452/254 387/450/252 402/459/259 403/461/261
f 381/453/255 380/451/253 395/460/260 396/462/262
f 374/439/241 343/463/149 389/464/263
f 569/465/150 388/452/254 403/461/261
f 382/441/243 381/453/255 396/462/262 397/466/264
f 375/440/242 374/439/241 389/464/263 390/467/265
f 383/442/244 382/441/243 397/466/264 398/468/266
f 376/443/245 375/440/242 390/467/265 391/469/267
f 384/444/246 383/442/244 398/468/266 399/470/268
f 377/445/247 376/443/245 391/469/267 392/471/269
f 385/446/248 384/444/246 399/470/268 400/472/270
f 378/447/249 377/445/247 392/471/269 393/456/256
f 386/448/250 385/446/248 400/472/270 401/458/258
f 398/468/266 397/466/264 412/473/271 413/474/272
f 391/469/267 390/467/265 405/475/273 406/476/274
f 399/470/268 398/468/266 413/474/272 414/477/275
f 392/471/269 391/469/267 406/476/274 407/478/276
f 400/472/270 399/470/268 414/477/275 415/479/277
f 393/456/256 392/471/269 407/478/276 408/480/278
f 401/458/258 400/472/270 415/479/277 416/481/279
f 394/457/257 393/456/256 408/480/278 409/482/280
f 402/459/259 401/458/258 416/481/279 417/483/281
f 395/460/260 394/457/257 409/482/280 410/484/282
f 403/461/261 402/459/259 417/483/281 418/485/283
f 396/462/262 395/460/260 410/484/282 411/486/284
f 389/464/263 343/487/149 404/488/285
f 569/489/150 403/461/261 418/485/283
f 397/466/264 396/462/262 411/486/284 412/473/271
f 390/467/265 389/464/263 404/488/285 405/475/273
f 417/483/281 416/481/279 431/490/286 432/491/287
f 410/484/282 409/482/280 424/492/288 425/493/289
f 418/485/283 417/483/281 432/491/287 433/494/290
f 411/486/284 410/484/282 425/493/289 426/495/291
f 404/488/285 343/496/149 419/497/292
f 569/498/150 418/485/283 433/494/290
f 412/473/271 411/486/284 426/495/291 427/499/293
f 405/475/273 404/488/285 419/497/292 420/500/294
f 413/474/272 412/473/271 427/499/293 428/501/295
f 406/476/274 405/475/273 420/500/294 421/502/296
f 414/477/275 413/474/272 428/501/295 429/503/297
f 407/478/276 406/476/274 421/502/296 422/504/298
f 415/479/277 414/477/275 429/503/297 430/505/299
f 408/480/278 407/478/276 422/504/298 423/506/300
f 416/481/279 415/479/277 430/505/299 431/490/286
f 409/482/280 408/480/278 423/506/300 424/492/288
f 429/503/297 428/501/295 443/507/301 444/508/302
f 422/504/298 421/502/296 436/509/303 437/510/304
f 430/505/299 429/503/297 444/508/302 445/511/305
f 423/506/300 422/504/298 437/510/304 438/512/306
f 431/490/286 430/505/299 445/511/305 446/513/307
f 424/492/288 423/506/300 438/512/306 439/514/308
f 432/491/287 431/490/286 446/513/307 447/515/309
f 425/493/289 424/492/288 439/514/308 440/516/310
f 433/494/290 432/491/287 447/515/309 448/517/311
f 426/495/291 425/493/289 440/516/310 441/518/312
f 419/497/292 343/519/149 434/520/313
f 569/521/150 433/494/290 448/517/311
f 427/499/293 426/495/291 441/518/312 442/522/314
f 420/500/294 419/497/292 434/520/313 435/523/315
f 428/501/295 427/499/293 442/522/314 443/507/301
f 421/502/296 420/500/294 435/523/315 436/509/303
f 448/517/311 447/515/309 462/524/316 463/525/317
f 441/518/312 440/516/310 455/526/318 456/527/319
f 434/520/313 343/528/149 449/529/320
f 569/530/150 448/517/311 463/525/317
f 442/522/314 441/518/312 456/527/319 457/531/321
f 435/523/315 434/520/313 449/529/320 450/532/322
f 443/507/301 442/522/314 457/531/321 458/533/323
f 436/509/303 435/523/315 450/532/322 451/534/324
f 444/508/302 443/507/301 458/533/323 459/535/325
f 437/510/304 436/509/303 451/534/324 452/536/326
f 445/511/305 444/508/302 459/535/325 460/537/327
f 438/512/306 437/510/304 452/536/326 453/538/328
f 446/513/307 445/511/305 460/537/327 461/539/329
f 439/514/308 438/512/306 453/538/328 454/540/330
f 447/515/309 446/513/307 461/539/329 462/524/316
f 440/516/310 439/514/308 454/540/330 455/526/318
f 452/536/326 451/534/324 466/541/331 467/542/332
f 460/537/327 459/535/325 474/543/333 475/544/334
f 453/538/328 452/536/326 467/542/332 468/545/335
f 461/539/329 460/537/327 475/544/334 476/546/336
f 454/540/330 453/538/328 468/545/335 469/547/337
f 462/524/316 461/539/329 476/546/336 477/548/338
f 455/526/318 454/540/330 469/547/337 470/549/339
f 463/525/317 462/524/316 477/548/338 478/550/340
f 456/527/319 455/526/318 470/549/339 471/551/341
f 449/529/320 343/552/149 464/553/342
f 569/554/150 463/525/317 478/550/340
f 457/531/321 456/527/319 471/551/341 472/555/343
f 450/532/322 449/529/320 464/553/342 465/556/344
f 458/533/323 457/531/321 472/555/343 473/557/345
f 451/534/324 450/532/322 465/556/344 466/541/331
f 459/535/325 458/533/323 473/557/345 474/543/333
f 471/551/341 470/549/339 485/558/346 486/559/347
f 464/553/342 343/560/149 479/561/348
f 569/562/150 478/550/340 493/563/349
f 472/555/343 471/551/341 486/559/347 487/564/350
f 465/556/344 464/553/342 479/561/348 480/565/351
f 473/557/345 472/555/343 487/564/350 488/566/352
f 466/541/331 465/556/344 480/565/351 481/567/353
f 474/543/333 473/557/345 488/566/352 489/568/354
f 467/542/332 466/541/331 481/567/353 482/569/355
f 475/544/334 474/543/333 489/568/354 490/570/356
f 468/545/335 467/542/332 482/569/355 483/571/357
f 476/546/336 475/544/334 490/570/356 491/572/358
f 469/547/337 468/545/335 483/571/357 484/573/359
f 477/548/338 476/546/336 491/572/358 492/574/360
f 470/549/339 469/547/337 484/573/359 485/558/346
f 478/550/340 477/548/338 492/574/360 493/563/349
f 490/570/356 489/568/354 504/575/361 505/576/362
f 483/571/357 482/569/355 497/577/363 498/578/364
f 491/572/358 490/570/356 505/576/362 506/579/365
f 484/573/359 483/571/357 498/578/364 499/580/366
f 492/574/360 491/572/358 506/579/365 507/581/367
f 485/558/346 484/573/359 499/580/366 500/582/368
f 493/563/349 492/574/360 507/581/367 508/583/369
f 486/559/347 485/558/346 500/582/368 501/584/370
f 479/561/348 343/585/149 494/586/371
f 569/587/150 493/563/349 508/583/369
f 487/564/350 486/559/347 501/584/370 502/588/372
f 480/565/351 479/561/348 494/586/371 495/589/373
f 488/566/352 487/564/350 502/588/372 503/590/374
f 481/567/353 480/565/351 495/589/373 496/591/375
f 489/568/354 488/566/352 503/590/374 504/575/361
f 482/569/355 481/567/353 496/591/375 497/577/363
f 494/586/371 343/592/149 509/593/376
f 569/594/150 508/583/369 523/595/377
f 502/588/372 501/584/370 516/596/378 517/597/379
f 495/589/373 494/586/371 509/593/376 510/598/380
f 503/590/374 502/588/372 517/597/379 518/599/381
f 496/591/375 495/589/373 510/598/380 511/600/382
f 504/575/361 503/590/374 518/599/381 519/601/383
f 497/577/363 496/591/375 511/600/382 512/602/384
f 505/576/362 504/575/361 519/601/383 520/603/385
f 498/578/364 497/577/363 512/602/384 513/604/386
f 506/579/365 505/576/362 520/603/385 521/605/387
f 499/580/366 498/578/364 513/604/386 514/606/388
f 507/581/367 506/579/365 521/605/387 522/607/389
f 500/582/368 499/580/366 514/606/388 515/608/390
f 508/583/369 507/581/367 522/607/389 523/595/377
f 501/584/370 500/582/368 515/608/390 516/596/378
f 513/604/386 512/602/384 527/609/391 528/610/392
f 521/605/387 520/603/385 535/611/393 536/612/394
f 514/606/388 513/604/386 528/610/392 529/613/395
f 522/607/389 521/605/387 536/612/394 537/614/396
f 515/608/390 514/606/388 529/613/395 530/615/397
f 523/595/377 522/607/389 537/614/396 538/616/398
f 516/596/378 515/608/390 530/615/397 531/617/399
f 509/593/376 343/618/149 524/619/400
f 569/620/150 523/595/377 538/616/398
f 517/597/379 516/596/378 531/617/399 532/621/401
f 510/598/380 509/593/376 524/619/400 525/622/402
f 518/599/381 517/597/379 532/621/401 533/623/403
f 511/600/382 510/598/380 525/622/402 526/624/404
f 519/601/383 518/599/381 533/623/403 534/625/405
f 512/602/384 511/600/382 526/624/404 527/609/391
f 520/603/385 519/601/383 534/625/405 535/611/393
f 532/621/401 531/617/399 546/626/406 547/627/407
f 525/622/402 524/619/400 539/628/408 540/629/409
f 533/623/403 532/621/401 547/627/407 548/630/410
f 526/624/404 525/622/402 540/629/409 541/631/411
f 534/625/405 533/623/403 548/630/410 549/632/412
f 527/609/391 526/624/404 541/631/411 542/633/413
f 535/611/393 534/625/405 549/632/412 550/634/414
f 528/610/392 527/609/391 542/633/413 543/635/415
f 536/612/394 535/611/393 550/634/414 551/636/416
f 529/613/395 528/610/392 543/635/415 544/637/417
f 537/614/396 536/612/394 551/636/416 552/638/418
f 530/615/397 529/613/395 544/637/417 545/639/419
f 538/616/398 537/614/396 552/638/418 553/640/420
f 531/617/399 530/615/397 545/639/419 546/626/406
f 524/619/400 343/641/149 539/628/408
f 569/642/150 538/616/398 553/640/420
f 551/636/416 550/634/414 565/643/421 566/644/422
f 544/637/417 543/635/415 558/645/423 559/646/424
f 552/638/418 551/636/416 566/644/422 567/647/425
f 545/639/419 544/637/417 559/646/424 560/648/426
f 553/640/420 552/638/418 567/647/425 568/649/427
f 546/626/406 545/639/419 560/648/426 561/650/428
f 539/628/408 343/651/149 554/652/429
f 569/653/150 553/640/420 568/649/427
f 547/627/407 546/626/406 561/650/428 562/654/430
f 540/629/409 539/628/408 554/652/429 555/655/431
f 548/630/410 547/627/407 562/654/430 563/656/432
f 541/631/411 540/629/409 555/655/431 556/657/433
f 549/632/412 548/630/410 563/656/432 564/658/434
f 542/633/413 541/631/411 556/657/433 557/659/435
f 550/634/414 549/632/412 564/658/434 565/643/421
f 543/635/415 542/633/413 557/659/435 558/645/423
f 563/656/432 562/654/430 578/660/436 579/661/437
f 556/657/433 555/655/431 571/662/438 572/663/439
f 564/658/434 563/656/432 579/661/437 580/664/440
f 557/659/435 556/657/433 572/663/439 573/665/441
f 565/643/421 564/658/434 580/664/440 581/666/442
f 558/645/423 557/659/435 573/665/441 574/667/443
f 566/644/422 565/643/421 581/666/442 582/668/444
f 559/646/424 558/645/423 574/667/443 575/669/445
f 567/647/425 566/644/422 582/668/444 583/670/446
f 560/648/426 559/646/424 575/669/445 576/671/447
f 568/649/427 567/647/425 583/670/446 584/672/448
f 561/650/428 560/648/426 576/671/447 577/673/449
f 554/652/429 343/674/149 570/675/450
f 569/676/150 568/649/427 584/672/448
f 562/654/430 561/650/428 577/673/449 578/660/436
f 555/655/431 554/652/429 570/675/450 571/662/438
f 583/670/446 582/668/444 597/677/451 598/678/452
f 576/671/447 575/669/445 590/679/453 591/680/454
f 584/672/448 583/670/446 598/678/452 599/681/455
f 577/673/449 576/671/447 591/680/454 592/682/456
f 570/675/450 343/683/149 585/684/457
f 569/685/150 584/672/448 599/681/455
f 578/660/436 577/673/449 592/682/456 593/686/458
f 571/662/438 570/675/450 585/684/457 586/687/459
f 579/661/437 578/660/436 593/686/458 594/688/460
f 572/663/439 571/662/438 586/687/459 587/689/461
f 580/664/440 579/661/437 594/688/460 595/690/462
f 573/665/441 572/663/439 587/689/461 588/691/463
f 581/666/442 580/664/440 595/690/462 596/692/464
f 574/667/443 573/665/441 588/691/463 589/693/465
f 582/668/444 581/666/442 596/692/464 597/677/451
f 575/669/445 574/667/443 589/693/465 590/679/453
f 587/689/461 586/687/459 601/694/466 602/695/467
f 595/690/462 594/688/460 609/696/468 610/697/469
f 588/691/463 587/689/461 602/695/467 603/698/470
f 596/692/464 595/690/462 610/697/469 611/699/471
f 589/693/465 588/691/463 603/698/470 604/700/472
f 597/677/451 596/692/464 611/699/471 612/701/473
f 590/679/453 589/693/465 604/700/472 605/702/474
f 598/678/452 597/677/451 612/701/473 613/703/475
f 591/680/454 590/679/453 605/702/474 606/704/476
f 599/681/455 598/678/452 613/703/475 614/705/477
f 592/682/456 591/680/454 606/704/476 607/706/478
f 585/684/457 343/707/149 600/708/479
f 569/709/150 599/681/455 614/705/477
f 593/686/458 592/682/456 607/706/478 608/710/480
f 586/687/459 585/684/457 600/708/479 601/694/466
f 594/688/460 593/686/458 608/710/480 609/696/468
f 606/704/476 605/702/474 620/711/481 621/712/482
f 614/705/477 613/703/475 628/713/483 629/714/484
f 607/706/478 606/704/476 621/712/482 622/715/485
f 600/708/479 343/716/149 615/717/486
f 569/718/150 614/705/477 629/714/484
f 608/710/480 607/706/478 622/715/485 623/719/487
f 601/694/466 600/708/479 615/717/486 616/720/488
f 609/696/468 608/710/480 623/719/487 624/721/489
f 602/695/467 601/694/466 616/720/488 617/722/490
f 610/697/469 609/696/468 624/721/489 625/723/491
f 603/698/470 602/695/467 617/722/490 618/724/492
f 611/699/471 610/697/469 625/723/491 626/725/493
f 604/700/472 603/698/470 618/724/492 619/726/494
f 612/701/473 611/699/471 626/725/493 627/727/495
f 605/702/474 604/700/472 619/726/494 620/711/481
f 613/703/475 612/701/473 627/727/495 628/713/483
f 625/728/491 624/729/489 639/730/496 640/731/497
f 618/732/492 617/733/490 632/734/498 633/735/499
f 626/736/493 625/728/491 640/731/497 641/737/500
f 619/738/494 618/732/492 633/735/499 634/739/501
f 627/740/495 626/736/493 641/737/500 642/741/502
f 620/742/481 619/738/494 634/739/501 635/743/503
f 628/744/483 627/740/495 642/741/502 643/745/504
f 621/746/482 620/742/481 635/743/503 636/747/505
f 629/748/484 628/744/483 643/745/504 644/749/506
f 622/750/485 621/746/482 636/747/505 637/751/507
f 615/752/486 343/753/149 630/754/508
f 569/755/150 629/748/484 644/749/506
f 623/756/487 622/750/485 637/751/507 638/757/509
f 616/758/488 615/752/486 630/754/508 631/759/510
f 624/729/489 623/756/487 638/757/509 639/730/496
f 617/733/490 616/758/488 631/759/510 632/734/498
f 644/749/506 643/745/504 658/760/511 659/761/512
f 637/751/507 636/747/505 651/762/513 652/763/514
f 630/754/508 343/764/149 645/765/515
f 569/766/150 644/749/506 659/761/512
f 638/757/509 637/751/507 652/763/514 653/767/516
f 631/759/510 630/754/508 645/765/515 646/768/517
f 639/730/496 638/757/509 653/767/516 654/769/518
f 632/734/498 631/759/510 646/768/517 647/770/519
f 640/731/497 639/730/496 654/769/518 655/771/520
f 633/735/499 632/734/498 647/770/519 648/772/521
f 641/737/500 640/731/497 655/771/520 656/773/522
f 634/739/501 633/735/499 648/772/521 649/774/523
f 642/741/502 641/737/500 656/773/522 657/775/524
f 635/743/503 634/739/501 649/774/523 650/776/525
f 643/745/504 642/741/502 657/775/524 658/760/511
f 636/747/505 635/743/503 650/776/525 651/762/513
f 648/772/521 647/770/519 662/777/526 663/778/527
f 656/773/522 655/771/520 670/779/528 671/780/529
f 649/774/523 648/772/521 663/778/527 664/781/530
f 657/775/524 656/773/522 671/780/529 672/782/531
f 650/776/525 649/774/523 664/781/530 665/783/532
f 658/760/511 657/775/524 672/782/531 673/784/533
f 651/762/513 650/776/525 665/783/532 666/785/534
f 659/761/512 658/760/511 673/784/533 674/786/535
f 652/763/514 651/762/513 666/785/534 667/787/536
f 645/765/515 343/788/149 660/789/537
f 569/790/150 659/761/512 674/786/535
f 653/767/516 652/763/514 667/787/536 668/791/538
f 646/768/517 645/765/515 660/789/537 661/792/539
f 654/769/518 653/767/516 668/791/538 669/793/540
f 647/770/519 646/768/517 661/792/539 662/777/526
f 655/771/520 654/769/518 669/793/540 670/779/528
f 667/787/536 666/785/534 681/794/541 682/795/542
f 660/789/537 343/796/149 675/797/543
f 569/798/150 674/786/535 689/799/544
f 668/791/538 667/787/536 682/795/542 683/800/545
f 661/792/539 660/789/537 675/797/543 676/801/546
f 669/793/540 668/791/538 683/800/545 684/802/547
f 662/777/526 661/792/539 676/801/546 677/803/548
f 670/779/528 669/793/540 684/802/547 685/804/549
f 663/778/527 662/777/526 677/803/548 678/805/550
f 671/780/529 670/779/528 685/804/549 686/806/551
f 664/781/530 663/778/527 678/805/550 679/807/552
f 672/782/531 671/780/529 686/806/551 687/808/553
f 665/783/532 664/781/530 679/807/552 680/809/554
f 673/784/533 672/782/531 687/808/553 688/810/555
f 666/785/534 665/783/532 680/809/554 681/794/541
f 674/786/535 673/784/533 688/810/555 689/799/544
f 686/806/551 685/804/549 700/811/556 701/812/557
f 679/807/552 678/805/550 693/813/558 694/814/559
f 687/808/553 686/806/551 701/812/557 702/815/560
f 680/809/554 679/807/552 694/814/559 695/816/561
f 688/810/555 687/808/553 702/815/560 703/817/562
f 681/794/541 680/809/554 695/816/561 696/818/563
f 689/799/544 688/810/555 703/817/562 704/819/564
f 682/795/542 681/794/541 696/818/563 697/820/565
f 675/797/543 343/821/149 690/822/566
f 569/823/150 689/799/544 704/819/564
f 683/800/545 682/795/542 697/820/565 698/824/567
f 676/801/546 675/797/543 690/822/566 691/825/568
f 684/802/547 683/800/545 698/824/567 699/826/569
f 677/803/548 676/801/546 691/825/568 692/827/570
f 685/804/549 684/802/547 699/826/569 700/811/556
f 678/805/550 677/803/548 692/827/570 693/813/558
f 569/828/150 704/819/564 719/829/571
f 698/824/567 697/820/565 712/830/572 713/831/573
f 691/825/568 690/822/566 705/832/574 706/833/575
f 699/826/569 698/824/567 713/831/573 714/834/576
f 692/827/570 691/825/568 706/833/575 707/835/577
f 700/811/556 699/826/569 714/834/576 715/836/578
f 693/813/558 692/827/570 707/835/577 708/837/579
f 701/812/557 700/811/556 715/836/578 716/838/580
f 694/814/559 693/813/558 708/837/579 709/839/581
f 702/815/560 701/812/557 716/838/580 717/840/582
f 695/816/561 694/814/559 709/839/581 710/841/583
f 703/817/562 702/815/560 717/840/582 718/842/584
f 696/818/563 695/816/561 710/841/583 711/843/585
f 704/819/564 703/817/562 718/842/584 719/829/571
f 697/820/565 696/818/563 711/843/585 712/830/572
f 690/822/566 343/844/149 705/832/574
f 717/840/582 716/838/580 731/845/586 732/846/587
f 710/841/583 709/839/581 724/847/588 725/848/589
f 718/842/584 717/840/582 732/846/587 733/849/590
f 711/843/585 710/841/583 725/848/589 726/850/591
f 719/829/571 718/842/584 733/849/590 734/851/592
f 712/830/572 711/843/585 726/850/591 727/852/593
f 705/832/574 343/853/149 720/854/594
f 569/855/150 719/829/571 734/851/592
f 713/831/573 712/830/572 727/852/593 728/856/595
f 706/833/575 705/832/574 720/854/594 721/857/596
f 714/834/576 713/831/573 728/856/595 729/858/597
f 707/835/577 706/833/575 721/857/596 722/859/598
f 715/836/578 714/834/576 729/858/597 730/860/599
f 708/837/579 707/835/577 722/859/598 723/861/600
f 716/838/580 715/836/578 730/860/599 731/845/586
f 709/839/581 708/837/579 723/861/600 724/847/588
f 721/857/596 720/854/594 735/310/124 736/309/123
f 729/858/597 728/856/595 266/305/119 739/313/127
f 722/859/598 721/857/596 736/309/123 262/315/129
f 730/860/599 729/858/597 739/313/127 267/317/131
f 723/861/600 722/859/598 262/315/129 737/319/133
f 731/845/586 730/860/599 267/317/131 740/321/135
f 724/847/588 723/861/600 737/319/133 263/323/137
f 732/846/587 731/845/586 740/321/135 741/325/139
f 725/848/589 724/847/588 263/323/137 738/327/141
f 733/849/590 732/846/587 741/325/139 742/329/143
f 726/850/591 725/848/589 738/327/141 264/331/145
f 734/851/592 733/849/590 742/329/143 743/333/147
f 727/852/593 726/850/591 264/331/145 265/306/120
f 720/854/594 343/862/149 735/310/124
f 569/863/150 734/851/592 743/333/147
f 728/856/595 727/852/593 265/306/120 266/305/119
o Plane.002
v -0.346242 3.523605 1.527154
v -0.344518 4.118721 1.548098
v -0.094776 3.523605 1.506450
v -0.093052 4.118721 1.527394
vn -0.0820 0.0353 -0.9960
vt 0.000000 0.000000
vt 1.000000 0.000000
vt 1.000000 1.000000
vt 0.000000 1.000000
s 0
usemtl Material.050
f 744/864/601 745/865/601 747/866/601 746/867/601
o Plane.004
v 0.107129 3.523608 1.587642
v 0.108854 4.118723 1.608586
v 0.358595 3.523608 1.566938
v 0.360319 4.118723 1.587882
vn -0.0820 0.0353 -0.9960
vt 0.000000 0.000000
vt 1.000000 0.000000
vt 1.000000 1.000000
vt 0.000000 1.000000
s 0
usemtl Material.049
f 748/868/602 749/869/602 751/870/602 750/871/602
o Plane.005
v 0.110035 4.353203 1.735182
v 0.111760 4.932865 1.871539
v 0.361501 4.357232 1.714874
v 0.363226 4.936894 1.851230
vn -0.0820 0.2284 -0.9701
vt 0.000000 0.000000
vt 1.000000 0.000000
vt 1.000000 1.000000
vt 0.000000 1.000000
s 0
usemtl Material.047
f 752/872/603 753/873/603 755/874/603 754/875/603
o Plane.006
v -0.314087 4.347478 1.692736
v -0.312363 4.927140 1.829092
v -0.062621 4.351507 1.672427
v -0.060897 4.931169 1.808784
vn -0.0820 0.2284 -0.9701
vt 0.000000 0.000000
vt 1.000000 0.000000
vt 1.000000 1.000000
vt 0.000000 1.000000
s 0
usemtl Material.048
f 756/876/604 757/877/604 759/878/604 758/879/604
o Plane.007
v 0.116057 5.150284 2.084280
v 0.115562 5.657116 2.396890
v 0.367522 5.161342 2.066751
v 0.367026 5.668174 2.379360
vn -0.0821 0.5231 -0.8483
vt 0.000000 0.000000
vt 1.000000 0.000000
vt 1.000000 1.000000
vt 0.000000 1.000000
s 0
usemtl Material.045
f 760/880/605 761/881/605 763/882/605 762/883/605
o Plane.008
v -0.308173 5.143182 2.056988
v -0.308669 5.650014 2.369597
v -0.056709 5.154240 2.039458
v -0.057204 5.661072 2.352068
vn -0.0821 0.5231 -0.8483
vt 0.000000 0.000000
vt 1.000000 0.000000
vt 1.000000 1.000000
vt 0.000000 1.000000
s 0
usemtl Material.046
f 764/884/606 765/885/606 767/886/606 766/887/606
o Plane.009
v 3.775041 3.696341 5.062529
v 3.667245 4.281954 5.068997
v 3.851843 3.707827 5.302598
v 3.744047 4.293439 5.309066
vn 0.9352 0.1755 -0.3076
vt 0.000000 0.000000
vt 1.000000 0.000000
vt 1.000000 1.000000
vt 0.000000 1.000000
s 0
usemtl Material.040
f 768/888/607 769/889/607 771/890/607 770/891/607
o Plane.010
v 3.819330 3.702967 5.517720
v 3.711535 4.288580 5.524188
v 3.896132 3.714453 5.757790
v 3.788337 4.300066 5.764257
vn 0.9352 0.1755 -0.3076
vt 0.000000 0.000000
vt 1.000000 0.000000
vt 1.000000 1.000000
vt 0.000000 1.000000
s 0
usemtl Material.039
f 772/892/608 773/893/608 775/894/608 774/895/608
o Plane.011
v 3.557317 4.508927 5.568292
v 3.324174 5.056837 5.574759
v 3.629754 4.536916 5.808361
v 3.396610 5.084826 5.814829
vn 0.8742 0.3756 -0.3076
vt 0.000000 0.000000
vt 1.000000 0.000000
vt 1.000000 1.000000
vt 0.000000 1.000000
s 0
usemtl Material.041
f 776/896/609 777/897/609 779/898/609 778/899/609
o Plane.012
v 3.500820 4.518810 5.144169
v 3.267676 5.066720 5.150637
v 3.573256 4.546799 5.384238
v 3.340113 5.094709 5.390706
vn 0.8742 0.3756 -0.3076
vt 0.000000 0.000000
vt 1.000000 0.000000
vt 1.000000 1.000000
vt 0.000000 1.000000
s 0
usemtl Material.042
f 780/900/610 781/901/610 783/902/610 782/903/610
o Plane.013
v 3.108955 5.276912 5.617419
v 2.750044 5.752038 5.623887
v 3.172456 5.321612 5.857488
v 2.813545 5.796739 5.863956
vn 0.7572 0.5762 -0.3076
vt 0.000000 0.000000
vt 1.000000 0.000000
vt 1.000000 1.000000
vt 0.000000 1.000000
s 0
usemtl Material.043
f 784/904/611 785/905/611 787/906/611 786/907/611
o Plane.014
v 3.051745 5.272816 5.193295
v 2.692834 5.747942 5.199763
v 3.115246 5.317516 5.433365
v 2.756335 5.792643 5.439833
vn 0.7572 0.5762 -0.3076
vt 0.000000 0.000000
vt 1.000000 0.000000
vt 1.000000 1.000000
vt 0.000000 1.000000
s 0
usemtl Material.044
f 788/908/612 789/909/612 791/910/612 790/911/612
o Plane.015
v -3.832244 3.758084 5.505831
v -3.774305 4.350744 5.506573
v -3.823361 3.757530 5.253672
v -3.765422 4.350191 5.254413
vn -0.9946 0.0973 -0.0353
vt 0.000000 0.000000
vt 1.000000 0.000000
vt 1.000000 1.000000
vt 0.000000 1.000000
s 0
usemtl Material.032
f 792/912/613 793/913/613 795/914/613 794/915/613
o Plane.016
v -3.777591 3.751053 5.062669
v -3.719652 4.343713 5.063411
v -3.768708 3.750500 4.810510
v -3.710768 4.343161 4.811251
vn -0.9946 0.0973 -0.0353
vt 0.000000 0.000000
vt 1.000000 0.000000
vt 1.000000 1.000000
vt 0.000000 1.000000
s 0
usemtl Material.031
f 796/916/614 797/917/614 799/918/614 798/919/614
o Plane.017
v -3.687263 4.542284 5.084246
v -3.394814 5.061010 5.084987
v -3.679360 4.538189 4.832086
v -3.386911 5.056915 4.832828
vn -0.8705 0.4908 -0.0353
vt 0.000000 0.000000
vt 1.000000 0.000000
vt 1.000000 1.000000
vt 0.000000 1.000000
s 0
usemtl Material.029
f 800/920/615 801/921/615 803/922/615 802/923/615
o Plane.018
v -3.709436 4.569816 5.499690
v -3.416987 5.088542 5.500431
v -3.701533 4.565721 5.247530
v -3.409084 5.084447 5.248271
vn -0.8705 0.4908 -0.0353
vt 0.000000 0.000000
vt 1.000000 0.000000
vt 1.000000 1.000000
vt 0.000000 1.000000
s 0
usemtl Material.028
f 804/924/616 805/925/616 807/926/616 806/927/616
o Plane.019
v -3.253549 5.265118 5.102170
v -2.934230 5.767749 5.102912
v -3.245872 5.260613 4.850011
v -2.926554 5.763245 4.850752
vn -0.8435 0.5359 -0.0353
vt 0.000000 0.000000
vt 1.000000 0.000000
vt 1.000000 1.000000
vt 0.000000 1.000000
s 0
usemtl Material.030
f 808/928/617 809/929/617 811/930/617 810/931/617
o Plane.020
v -3.265788 5.302116 5.517615
v -2.946470 5.804748 5.518356
v -3.258112 5.297612 5.265455
v -2.938793 5.800243 5.266197
vn -0.8435 0.5359 -0.0353
vt 0.000000 0.000000
vt 1.000000 0.000000
vt 1.000000 1.000000
vt 0.000000 1.000000
s 0
usemtl Material
f 812/932/618 813/933/618 815/934/618 814/935/618
o Plane.021
v 0.627165 3.487611 9.183571
v 0.642031 4.073712 9.079322
v 0.375157 3.491920 9.171861
v 0.390023 4.078021 9.067612
vn -0.0427 0.1760 0.9835
vt 0.000000 0.000000
vt 1.000000 0.000000
vt 1.000000 1.000000
vt 0.000000 1.000000
s 0
usemtl Material.037
f 816/936/619 817/937/619 819/938/619 818/939/619
o Plane.022
v 0.191361 3.505630 9.184740
v 0.192875 4.090629 9.073483
v -0.060746 3.504340 9.174523
v -0.059231 4.089338 9.063267
vn -0.0407 0.1868 0.9816
vt 0.000000 0.000000
vt 1.000000 0.000000
vt 1.000000 1.000000
vt 0.000000 1.000000
s 0
usemtl Material.038
f 820/940/620 821/941/620 823/942/620 822/943/620
o Plane.023
v 0.215000 4.261899 8.981602
v 0.216514 4.841390 8.844520
v -0.037107 4.260157 8.971452
v -0.035593 4.839648 8.834370
vn -0.0407 0.2301 0.9723
vt 0.000000 0.000000
vt 1.000000 0.000000
vt 1.000000 1.000000
vt 0.000000 1.000000
s 0
usemtl Material.035
f 824/944/621 825/945/621 827/946/621 826/947/621
o Plane.024
v 0.629925 4.263091 8.954844
v 0.631439 4.842582 8.817761
v 0.377818 4.261349 8.944694
v 0.379332 4.840840 8.807611
vn -0.0407 0.2301 0.9723
vt 0.000000 0.000000
vt 1.000000 0.000000
vt 1.000000 1.000000
vt 0.000000 1.000000
s 0
usemtl Material.036
f 828/948/622 829/949/622 831/950/622 830/951/622
o Plane.025
v 0.234842 4.998424 8.727932
v 0.236356 5.516461 8.434269
v -0.017265 4.993913 8.718674
v -0.015750 5.511950 8.425011
vn -0.0407 0.4928 0.8692
vt 0.000000 0.000000
vt 1.000000 0.000000
vt 1.000000 1.000000
vt 0.000000 1.000000
s 0
usemtl Material.034
f 832/952/623 833/953/623 835/954/623 834/955/623
o Plane.026
v 0.649768 5.024717 8.712856
v 0.651282 5.542755 8.419193
v 0.397661 5.020206 8.703598
v 0.399175 5.538244 8.409935
vn -0.0407 0.4928 0.8692
vt 0.000000 0.000000
vt 1.000000 0.000000
vt 1.000000 1.000000
vt 0.000000 1.000000
s 0
usemtl Material.033
f 836/956/624 837/957/624 839/958/624 838/959/624
o Cube.003
v 3.973296 0.567052 10.507884
v 3.973296 2.376913 10.507884
v 3.973296 0.567052 9.644748
v 3.973296 2.376913 9.644748
v 4.114088 0.567052 10.507884
v 4.114088 2.376913 10.507884
v 4.114088 0.567052 9.644748
v 4.114088 2.376913 9.644748
vn -1.0000 -0.0000 -0.0000
vn -0.0000 -0.0000 -1.0000
vn 1.0000 -0.0000 -0.0000
vn -0.0000 -0.0000 1.0000
vn -0.0000 -1.0000 -0.0000
vn -0.0000 1.0000 -0.0000
vt 0.375000 0.000000
vt 0.625000 0.000000
vt 0.625000 0.250000
vt 0.375000 0.250000
vt 0.625000 0.500000
vt 0.375000 0.500000
vt 0.625000 0.750000
vt 0.375000 0.750000
vt 0.625000 1.000000
vt 0.375000 1.000000
vt 0.125000 0.500000
vt 0.125000 0.750000
vt 0.875000 0.500000
vt 0.875000 0.750000
s 0
usemtl Material.061
f 840/960/625 841/961/625 843/962/625 842/963/625
f 842/963/626 843/962/626 847/964/626 846/965/626
f 846/965/627 847/964/627 845/966/627 844/967/627
f 844/967/628 845/966/628 841/968/628 840/969/628
f 842/970/629 846/965/629 844/967/629 840/971/629
f 847/964/630 843/972/630 841/973/630 845/966/630
o Cube.009
v 4.093640 -0.016861 9.574154
v 4.093640 0.650053 9.574154
v 4.093640 -0.016861 9.467422
v 4.093640 0.650053 9.467422
v 5.366991 -0.016861 9.574154
v 5.366991 0.650053 9.574154
v 5.366991 -0.016861 9.467422
v 5.366991 0.650053 9.467422
vn -1.0000 -0.0000 -0.0000
vn -0.0000 -0.0000 -1.0000
vn 1.0000 -0.0000 -0.0000
vn -0.0000 -0.0000 1.0000
vn -0.0000 -1.0000 -0.0000
vn -0.0000 1.0000 -0.0000
vt 0.375000 0.000000
vt 0.625000 0.000000
vt 0.625000 0.250000
vt 0.375000 0.250000
vt 0.625000 0.500000
vt 0.375000 0.500000
vt 0.625000 0.750000
vt 0.375000 0.750000
vt 0.625000 1.000000
vt 0.375000 1.000000
vt 0.125000 0.500000
vt 0.125000 0.750000
vt 0.875000 0.500000
vt 0.875000 0.750000
s 0
f 848/974/631 849/975/631 851/976/631 850/977/631
f 850/977/632 851/976/632 855/978/632 854/979/632
f 854/979/633 855/978/633 853/980/633 852/981/633
f 852/981/634 853/980/634 849/982/634 848/983/634
f 850/984/635 854/979/635 852/981/635 848/985/635
f 855/978/636 851/986/636 849/987/636 853/980/636
o Cube.002
v 3.728927 1.134178 4.867546
v 3.728927 1.865822 4.867546
v 3.728927 1.134178 4.467546
v 3.728927 1.865822 4.467546
v 4.128927 1.134178 4.867546
v 4.128927 1.865822 4.867546
v 4.128927 1.134178 4.467546
v 4.128927 1.865822 4.467546
vn -1.0000 -0.0000 -0.0000
vn -0.0000 -0.0000 -1.0000
vn 1.0000 -0.0000 -0.0000
vn -0.0000 -0.0000 1.0000
vn -0.0000 -1.0000 -0.0000
vn -0.0000 1.0000 -0.0000
vt 0.375000 0.000000
vt 0.625000 0.000000
vt 0.625000 0.250000
vt 0.375000 0.250000
vt 0.625000 0.500000
vt 0.375000 0.500000
vt 0.625000 0.750000
vt 0.375000 0.750000
vt 0.625000 1.000000
vt 0.375000 1.000000
vt 0.125000 0.500000
vt 0.125000 0.750000
vt 0.875000 0.500000
vt 0.875000 0.750000
s 0
usemtl Material.024
f 856/988/637 857/989/637 859/990/637 858/991/637
f 858/991/638 859/990/638 863/992/638 862/993/638
f 862/993/639 863/992/639 861/994/639 860/995/639
f 860/995/640 861/994/640 857/996/640 856/997/640
f 858/998/641 862/993/641 860/995/641 856/999/641
f 863/992/642 859/1000/642 857/1001/642 861/994/642
o Cube.010
v 3.740030 1.134178 4.151040
v 3.740030 1.865822 4.151040
v 3.740030 1.134178 3.751040
v 3.740030 1.865822 3.751040
v 4.140030 1.134178 4.151040
v 4.140030 1.865822 4.151040
v 4.140030 1.134178 3.751040
v 4.140030 1.865822 3.751040
vn -1.0000 -0.0000 -0.0000
vn -0.0000 -0.0000 -1.0000
vn 1.0000 -0.0000 -0.0000
vn -0.0000 -0.0000 1.0000
vn -0.0000 -1.0000 -0.0000
vn -0.0000 1.0000 -0.0000
vt 0.375000 0.000000
vt 0.625000 0.000000
vt 0.625000 0.250000
vt 0.375000 0.250000
vt 0.625000 0.500000
vt 0.375000 0.500000
vt 0.625000 0.750000
vt 0.375000 0.750000
vt 0.625000 1.000000
vt 0.375000 1.000000
vt 0.125000 0.500000
vt 0.125000 0.750000
vt 0.875000 0.500000
vt 0.875000 0.750000
s 0
usemtl Material.024
f 864/1002/643 865/1003/643 867/1004/643 866/1005/643
f 866/1005/644 867/1004/644 871/1006/644 870/1007/644
f 870/1007/645 871/1006/645 869/1008/645 868/1009/645
f 868/1009/646 869/1008/646 865/1010/646 864/1011/646
f 866/1012/647 870/1007/647 868/1009/647 864/1013/647
f 871/1006/648 867/1014/648 865/1015/648 869/1008/648
o Cube.011
v 4.008784 1.304708 6.914277
v 4.008784 1.889238 6.914277
v 4.008784 1.304708 6.514277
v 4.008784 1.889238 6.514277
v 4.128339 1.304708 6.914277
v 4.128339 1.889238 6.914277
v 4.128339 1.304708 6.514277
v 4.128339 1.889238 6.514277
vn -1.0000 -0.0000 -0.0000
vn -0.0000 -0.0000 -1.0000
vn 1.0000 -0.0000 -0.0000
vn -0.0000 -0.0000 1.0000
vn -0.0000 -1.0000 -0.0000
vn -0.0000 1.0000 -0.0000
vt 0.375000 0.000000
vt 0.625000 0.000000
vt 0.625000 0.250000
vt 0.375000 0.250000
vt 0.625000 0.500000
vt 0.375000 0.500000
vt 0.625000 0.750000
vt 0.375000 0.750000
vt 0.625000 1.000000
vt 0.375000 1.000000
vt 0.125000 0.500000
vt 0.125000 0.750000
vt 0.875000 0.500000
vt 0.875000 0.750000
s 0
usemtl Material.024
f 872/1016/649 873/1017/649 875/1018/649 874/1019/649
f 874/1019/650 875/1018/650 879/1020/650 878/1021/650
f 878/1021/651 879/1020/651 877/1022/651 876/1023/651
f 876/1023/652 877/1022/652 873/1024/652 872/1025/652
f 874/1026/653 878/1021/653 876/1023/653 872/1027/653
f 879/1020/654 875/1028/654 873/1029/654 877/1022/654
o Cube.012
v 3.992763 1.312491 7.539871
v 3.992763 1.897022 7.539871
v 3.992763 1.312491 7.139872
v 3.992763 1.897022 7.139872
v 4.120850 1.312491 7.539871
v 4.120850 1.897022 7.539871
v 4.120850 1.312491 7.139872
v 4.120850 1.897022 7.139872
vn -1.0000 -0.0000 -0.0000
vn -0.0000 -0.0000 -1.0000
vn 1.0000 -0.0000 -0.0000
vn -0.0000 -0.0000 1.0000
vn -0.0000 -1.0000 -0.0000
vn -0.0000 1.0000 -0.0000
vt 0.375000 0.000000
vt 0.625000 0.000000
vt 0.625000 0.250000
vt 0.375000 0.250000
vt 0.625000 0.500000
vt 0.375000 0.500000
vt 0.625000 0.750000
vt 0.375000 0.750000
vt 0.625000 1.000000
vt 0.375000 1.000000
vt 0.125000 0.500000
vt 0.125000 0.750000
vt 0.875000 0.500000
vt 0.875000 0.750000
s 0
usemtl Material.024
f 880/1030/655 881/1031/655 883/1032/655 882/1033/655
f 882/1033/656 883/1032/656 887/1034/656 886/1035/656
f 886/1035/657 887/1034/657 885/1036/657 884/1037/657
f 884/1037/658 885/1036/658 881/1038/658 880/1039/658
f 882/1040/659 886/1035/659 884/1037/659 880/1041/659
f 887/1034/660 883/1042/660 881/1043/660 885/1036/660
o Cube.013
v 15.337899 1.055855 15.966616
v 15.339278 1.496666 15.955479
v 14.967739 1.053184 15.815042
v 14.969117 1.493994 15.803906
v 15.383185 1.052921 15.856072
v 15.384563 1.493731 15.844936
v 15.013024 1.050250 15.704500
v 15.014403 1.491060 15.693363
vn -0.3790 0.0246 0.9251
vn -0.9254 -0.0067 -0.3789
vn 0.3790 -0.0246 -0.9251
vn 0.9254 0.0067 0.3789
vn -0.0031 -0.9997 0.0253
vn 0.0031 0.9997 -0.0253
vt 0.375000 0.000000
vt 0.625000 0.000000
vt 0.625000 0.250000
vt 0.375000 0.250000
vt 0.625000 0.500000
vt 0.375000 0.500000
vt 0.625000 0.750000
vt 0.375000 0.750000
vt 0.625000 1.000000
vt 0.375000 1.000000
vt 0.125000 0.500000
vt 0.125000 0.750000
vt 0.875000 0.500000
vt 0.875000 0.750000
s 0
usemtl Material.024
f 888/1044/661 889/1045/661 891/1046/661 890/1047/661
f 890/1047/662 891/1046/662 895/1048/662 894/1049/662
f 894/1049/663 895/1048/663 893/1050/663 892/1051/663
f 892/1051/664 893/1050/664 889/1052/664 888/1053/664
f 890/1054/665 894/1049/665 892/1051/665 888/1055/665
f 895/1048/666 891/1056/666 889/1057/666 893/1050/666
o Cube.014
v -4.113368 1.825825 2.906887
v -4.113368 2.410355 2.906887
v -4.113368 1.825825 2.506887
v -4.113368 2.410355 2.506887
v -3.993813 1.825825 2.906887
v -3.993813 2.410355 2.906887
v -3.993813 1.825825 2.506887
v -3.993813 2.410355 2.506887
vn -1.0000 -0.0000 -0.0000
vn -0.0000 -0.0000 -1.0000
vn 1.0000 -0.0000 -0.0000
vn -0.0000 -0.0000 1.0000
vn -0.0000 -1.0000 -0.0000
vn -0.0000 1.0000 -0.0000
vt 0.375000 0.000000
vt 0.625000 0.000000
vt 0.625000 0.250000
vt 0.375000 0.250000
vt 0.625000 0.500000
vt 0.375000 0.500000
vt 0.625000 0.750000
vt 0.375000 0.750000
vt 0.625000 1.000000
vt 0.375000 1.000000
vt 0.125000 0.500000
vt 0.125000 0.750000
vt 0.875000 0.500000
vt 0.875000 0.750000
s 0
usemtl Material.024
f 896/1058/667 897/1059/667 899/1060/667 898/1061/667
f 898/1061/668 899/1060/668 903/1062/668 902/1063/668
f 902/1063/669 903/1062/669 901/1064/669 900/1065/669
f 900/1065/670 901/1064/670 897/1066/670 896/1067/670
f 898/1068/671 902/1063/671 900/1065/671 896/1069/671
f 903/1062/672 899/1070/672 897/1071/672 901/1064/672
o Cube.015
v -4.117634 1.833608 3.532481
v -4.117634 2.418138 3.532481
v -4.117634 1.833608 3.132481
v -4.117634 2.418138 3.132481
v -3.989547 1.833608 3.532481
v -3.989547 2.418138 3.532481
v -3.989547 1.833608 3.132481
v -3.989547 2.418138 3.132481
vn -1.0000 -0.0000 -0.0000
vn -0.0000 -0.0000 -1.0000
vn 1.0000 -0.0000 -0.0000
vn -0.0000 -0.0000 1.0000
vn -0.0000 -1.0000 -0.0000
vn -0.0000 1.0000 -0.0000
vt 0.375000 0.000000
vt 0.625000 0.000000
vt 0.625000 0.250000
vt 0.375000 0.250000
vt 0.625000 0.500000
vt 0.375000 0.500000
vt 0.625000 0.750000
vt 0.375000 0.750000
vt 0.625000 1.000000
vt 0.375000 1.000000
vt 0.125000 0.500000
vt 0.125000 0.750000
vt 0.875000 0.500000
vt 0.875000 0.750000
s 0
usemtl Material.024
f 904/1072/673 905/1073/673 907/1074/673 906/1075/673
f 906/1075/674 907/1074/674 911/1076/674 910/1077/674
f 910/1077/675 911/1076/675 909/1078/675 908/1079/675
f 908/1079/676 909/1078/676 905/1080/676 904/1081/676
f 906/1082/677 910/1077/677 908/1079/677 904/1083/677
f 911/1076/678 907/1084/678 905/1085/678 909/1078/678
o Plane.032
v -4.752517 0.000000 4.462770
v -4.089740 0.000000 4.462770
v -4.752517 0.000000 2.666030
v -4.089740 0.000000 2.666030
vn -0.0000 1.0000 -0.0000
vt 0.000000 0.000000
vt 1.000000 0.000000
vt 1.000000 1.000000
vt 0.000000 1.000000
s 0
usemtl Material.054
f 912/1086/679 913/1087/679 915/1088/679 914/1089/679
o Cube.019
v -4.017393 -0.010061 10.669404
v -4.017393 2.711388 10.669404
v -4.017393 -0.010061 9.531671
v -4.017393 2.711388 9.531671
v 4.050541 -0.010061 10.669404
v 4.050541 2.711388 10.669404
v 4.050541 -0.010061 9.531671
v 4.050541 2.711388 9.531671
vn -1.0000 -0.0000 -0.0000
vn -0.0000 -0.0000 -1.0000
vn 1.0000 -0.0000 -0.0000
vn -0.0000 -0.0000 1.0000
vn -0.0000 -1.0000 -0.0000
vn -0.0000 1.0000 -0.0000
vt 0.375000 0.000000
vt 0.625000 0.000000
vt 0.625000 0.250000
vt 0.375000 0.250000
vt 0.625000 0.500000
vt 0.375000 0.500000
vt 0.625000 0.750000
vt 0.375000 0.750000
vt 0.625000 1.000000
vt 0.375000 1.000000
vt 0.125000 0.500000
vt 0.125000 0.750000
vt 0.875000 0.500000
vt 0.875000 0.750000
s 0
usemtl Material.060
f 916/1090/680 917/1091/680 919/1092/680 918/1093/680
f 918/1093/681 919/1092/681 923/1094/681 922/1095/681
f 922/1095/682 923/1094/682 921/1096/682 920/1097/682
f 920/1097/683 921/1096/683 917/1098/683 916/1099/683
f 918/1100/684 922/1095/684 920/1097/684 916/1101/684
f 923/1094/685 919/1102/685 917/1103/685 921/1096/685
o Cube.022
v 4.902430 -0.007794 11.508479
v 4.902430 0.153835 11.508479
v 4.902430 -0.007794 9.528769
v 4.902430 0.153835 9.528769
v 5.075305 -0.007794 11.508479
v 5.075305 0.153835 11.508479
v 5.075305 -0.007794 9.528769
v 5.075305 0.153835 9.528769
v 4.067897 -0.014390 11.435333
v 4.067897 0.514390 11.435333
v 4.067897 -0.014390 9.547322
v 4.067897 0.514390 9.547322
v 4.718475 -0.014390 11.435333
v 4.718475 0.514390 11.435333
v 4.718475 -0.014390 9.547322
v 4.718475 0.514390 9.547322
v 4.709007 0.032031 11.207275
v 4.709007 0.312032 11.207275
v 4.709007 0.032031 9.537892
v 4.709007 0.312032 9.537892
v 4.881881 0.032031 11.207275
v 4.881881 0.312032 11.207275
v 4.881881 0.032031 9.537892
v 4.881881 0.312032 9.537892
vn -1.0000 -0.0000 -0.0000
vn -0.0000 -0.0000 -1.0000
vn 1.0000 -0.0000 -0.0000
vn -0.0000 -0.0000 1.0000
vn -0.0000 -1.0000 -0.0000
vn -0.0000 1.0000 -0.0000
vt 0.375000 0.000000
vt 0.625000 0.000000
vt 0.625000 0.250000
vt 0.375000 0.250000
vt 0.625000 0.500000
vt 0.375000 0.500000
vt 0.625000 0.750000
vt 0.375000 0.750000
vt 0.625000 1.000000
vt 0.375000 1.000000
vt 0.125000 0.500000
vt 0.125000 0.750000
vt 0.875000 0.500000
vt 0.875000 0.750000
s 0
usemtl Material.062
f 924/1104/686 925/1105/686 927/1106/686 926/1107/686
f 926/1107/687 927/1106/687 931/1108/687 930/1109/687
f 930/1109/688 931/1108/688 929/1110/688 928/1111/688
f 928/1111/689 929/1110/689 925/1112/689 924/1113/689
f 926/1114/690 930/1109/690 928/1111/690 924/1115/690
f 931/1108/691 927/1116/691 925/1117/691 929/1110/691
f 932/1104/686 933/1105/686 935/1106/686 934/1107/686
f 934/1107/687 935/1106/687 939/1108/687 938/1109/687
f 938/1109/688 939/1108/688 937/1110/688 936/1111/688
f 936/1111/689 937/1110/689 933/1112/689 932/1113/689
f 934/1114/690 938/1109/690 936/1111/690 932/1115/690
f 939/1108/691 935/1116/691 933/1117/691 937/1110/691
f 940/1104/686 941/1105/686 943/1106/686 942/1107/686
f 942/1107/687 943/1106/687 947/1108/687 946/1109/687
f 946/1109/688 947/1108/688 945/1110/688 944/1111/688
f 944/1111/689 945/1110/689 941/1112/689 940/1113/689
f 942/1114/690 946/1109/690 944/1111/690 940/1115/690
f 947/1108/691 943/1116/691 941/1117/691 945/1110/691
o Cube.023
v -4.116315 0.757092 9.669309
v -4.116315 2.286823 9.669309
v -4.057033 0.757092 10.530406
v -4.057033 2.286823 10.530406
v -4.256774 0.757092 9.678979
v -4.256774 2.286823 9.678979
v -4.197493 0.757092 10.540076
v -4.197493 2.286823 10.540076
vn 0.9976 -0.0000 -0.0687
vn 0.0687 -0.0000 0.9976
vn -0.9976 -0.0000 0.0687
vn -0.0687 -0.0000 -0.9976
vn -0.0000 -1.0000 -0.0000
vn -0.0000 1.0000 -0.0000
vt 0.375000 0.000000
vt 0.625000 0.000000
vt 0.625000 0.250000
vt 0.375000 0.250000
vt 0.625000 0.500000
vt 0.375000 0.500000
vt 0.625000 0.750000
vt 0.375000 0.750000
vt 0.625000 1.000000
vt 0.375000 1.000000
vt 0.125000 0.500000
vt 0.125000 0.750000
vt 0.875000 0.500000
vt 0.875000 0.750000
s 0
usemtl Material.059
f 948/1118/692 949/1119/692 951/1120/692 950/1121/692
f 950/1121/693 951/1120/693 955/1122/693 954/1123/693
f 954/1123/694 955/1122/694 953/1124/694 952/1125/694
f 952/1125/695 953/1124/695 949/1126/695 948/1127/695
f 950/1128/696 954/1123/696 952/1125/696 948/1129/696
f 955/1122/697 951/1130/697 949/1131/697 953/1124/697
o Cube.024
v -4.016603 -0.051435 9.398250
v -4.016603 0.615479 9.398250
v -4.010075 -0.051435 9.493078
v -4.010075 0.615479 9.493078
v -5.417890 -0.051435 9.494720
v -5.417890 0.615479 9.494720
v -5.411361 -0.051435 9.589549
v -5.411361 0.615479 9.589549
vn 0.9976 -0.0000 -0.0687
vn 0.0687 -0.0000 0.9976
vn -0.9976 -0.0000 0.0687
vn -0.0687 -0.0000 -0.9976
vn -0.0000 -1.0000 -0.0000
vn -0.0000 1.0000 -0.0000
vt 0.375000 0.000000
vt 0.625000 0.000000
vt 0.625000 0.250000
vt 0.375000 0.250000
vt 0.625000 0.500000
vt 0.375000 0.500000
vt 0.625000 0.750000
vt 0.375000 0.750000
vt 0.625000 1.000000
vt 0.375000 1.000000
vt 0.125000 0.500000
vt 0.125000 0.750000
vt 0.875000 0.500000
vt 0.875000 0.750000
s 0
usemtl Material.057
f 956/1132/698 957/1133/698 959/1134/698 958/1135/698
f 958/1135/699 959/1134/699 963/1136/699 962/1137/699
f 962/1137/700 963/1136/700 961/1138/700 960/1139/700
f 960/1139/701 961/1138/701 957/1140/701 956/1141/701
f 958/1142/702 962/1137/702 960/1139/702 956/1143/702
f 963/1136/703 959/1144/703 957/1145/703 961/1138/703
o Cube.027
v -5.005577 -0.072148 9.567255
v -5.005577 0.120539 9.567255
v -4.824197 -0.072148 12.201892
v -4.824197 0.120539 12.201892
v -5.214122 -0.072148 9.581613
v -5.214122 0.120539 9.581613
v -5.032742 -0.072148 12.216249
v -5.032742 0.120539 12.216249
v -3.935598 -0.071937 9.457147
v -3.935598 0.558454 9.457147
v -3.777704 -0.071937 11.750635
v -3.777704 0.558454 11.750635
v -4.719657 -0.071937 9.511125
v -4.719657 0.558454 9.511125
v -4.561763 -0.071937 11.804613
v -4.561763 0.558454 11.804613
v -4.752393 -0.023740 9.521982
v -4.752393 0.317509 9.521982
v -4.589734 -0.023740 11.884687
v -4.589734 0.317509 11.884687
v -4.965613 -0.023740 9.536661
v -4.965613 0.317509 9.536661
v -4.802954 -0.023740 11.899366
v -4.802954 0.317509 11.899366
vn 0.9976 -0.0000 -0.0687
vn 0.0687 -0.0000 0.9976
vn -0.9976 -0.0000 0.0687
vn -0.0687 -0.0000 -0.9976
vn -0.0000 -1.0000 -0.0000
vn -0.0000 1.0000 -0.0000
vt 0.375000 0.000000
vt 0.625000 0.000000
vt 0.625000 0.250000
vt 0.375000 0.250000
vt 0.625000 0.500000
vt 0.375000 0.500000
vt 0.625000 0.750000
vt 0.375000 0.750000
vt 0.625000 1.000000
vt 0.375000 1.000000
vt 0.125000 0.500000
vt 0.125000 0.750000
vt 0.875000 0.500000
vt 0.875000 0.750000
s 0
usemtl Material.058
f 964/1146/704 965/1147/704 967/1148/704 966/1149/704
f 966/1149/705 967/1148/705 971/1150/705 970/1151/705
f 970/1151/706 971/1150/706 969/1152/706 968/1153/706
f 968/1153/707 969/1152/707 965/1154/707 964/1155/707
f 966/1156/708 970/1151/708 968/1153/708 964/1157/708
f 971/1150/709 967/1158/709 965/1159/709 969/1152/709
f 972/1146/704 973/1147/704 975/1148/704 974/1149/704
f 974/1149/705 975/1148/705 979/1150/705 978/1151/705
f 978/1151/706 979/1150/706 977/1152/706 976/1153/706
f 976/1153/707 977/1152/707 973/1154/707 972/1155/707
f 974/1156/708 978/1151/708 976/1153/708 972/1157/708
f 979/1150/709 975/1158/709 973/1159/709 977/1152/709
f 980/1146/704 981/1147/704 983/1148/704 982/1149/704
f 982/1149/705 983/1148/705 987/1150/705 986/1151/705
f 986/1151/706 987/1150/706 985/1152/706 984/1153/706
f 984/1153/707 985/1152/707 981/1154/707 980/1155/707
f 982/1156/708 986/1151/708 984/1153/708 980/1157/708
f 987/1150/709 983/1158/709 981/1159/709 985/1152/709
o Cube.028
v -7.665138 0.642074 12.855407
v -7.665138 1.042074 12.855407
v -7.719456 0.642074 12.662924
v -7.719456 1.042074 12.662924
v -7.280173 0.642074 12.746771
v -7.280173 1.042074 12.746771
v -7.334491 0.642074 12.554288
v -7.334491 1.042074 12.554288
vn -0.9624 -0.0000 0.2716
vn -0.2716 -0.0000 -0.9624
vn 0.9624 -0.0000 -0.2716
vn 0.2716 -0.0000 0.9624
vn -0.0000 -1.0000 -0.0000
vn -0.0000 1.0000 -0.0000
vt 0.375000 0.000000
vt 0.625000 0.000000
vt 0.625000 0.250000
vt 0.375000 0.250000
vt 0.625000 0.500000
vt 0.375000 0.500000
vt 0.625000 0.750000
vt 0.375000 0.750000
vt 0.625000 1.000000
vt 0.375000 1.000000
vt 0.125000 0.500000
vt 0.125000 0.750000
vt 0.875000 0.500000
vt 0.875000 0.750000
s 0
f 988/1160/710 989/1161/710 991/1162/710 990/1163/710
f 990/1163/711 991/1162/711 995/1164/711 994/1165/711
f 994/1165/712 995/1164/712 993/1166/712 992/1167/712
f 992/1167/713 993/1166/713 989/1168/713 988/1169/713
f 990/1170/714 994/1165/714 992/1167/714 988/1171/714
f 995/1164/715 991/1172/715 989/1173/715 993/1166/715
o Cube.033
v -7.649649 4.052429 12.762768
v -4.125420 2.886481 11.272676
v -8.186600 2.139279 12.989799
v -4.662371 0.973331 11.499705
v -6.870780 4.052429 14.604877
v -3.346551 2.886481 13.114783
v -7.407731 2.139279 14.831906
v -3.883502 0.973331 13.341814
v -17.401052 2.549700 16.793297
v -9.309720 5.940455 13.417929
v -15.736488 -2.113673 16.098909
v -7.645155 1.277082 12.723541
v -16.631048 2.549700 18.639130
v -8.539716 5.940455 15.263761
v -14.966484 -2.113673 17.944740
v -6.875151 1.277082 14.569373
v 7.287578 4.052498 14.694521
v 3.771756 2.886515 13.184729
v 7.823268 2.139354 14.924552
v 4.307446 0.973371 13.414761
v 8.076744 4.052505 12.856800
v 4.560920 2.886523 11.347009
v 8.612434 2.139362 13.086832
v 5.096612 0.973379 11.577040
v 16.949053 2.549865 18.936127
v 8.909964 5.940540 15.438076
v 15.295292 -2.113525 18.216499
v 7.256201 1.277151 14.718451
v 17.747047 2.549873 17.102221
v 9.707956 5.940549 13.604170
v 16.093283 -2.113517 16.382593
v 8.054192 1.277159 12.884544
v 0.132469 4.052456 18.005959
v -0.235562 2.886494 14.197404
v 0.188553 2.139308 18.586235
v -0.179478 0.973346 14.777681
v 2.123196 4.052466 17.813585
v 1.755165 2.886504 14.005032
v 2.179280 2.139319 18.393862
v 1.811249 0.973356 14.585308
v 1.062553 2.549767 28.516434
v 0.261220 5.940489 19.785978
v 0.897730 -2.113613 26.720404
v 0.096396 1.277109 17.989948
v 3.054182 2.549777 28.333632
v 2.252847 5.940499 19.603178
v 2.889359 -2.113603 26.537605
v 2.088025 1.277119 17.807148
v -2.938477 4.052442 17.375076
v -1.760486 2.886487 13.734626
v -3.117948 2.139294 17.929741
v -1.939958 0.973339 14.289290
v -1.035617 4.052450 17.990808
v 0.142374 2.886495 14.350357
v -1.215088 2.139302 18.545473
v -0.037098 0.973347 14.905022
v -6.267884 2.549733 27.387577
v -3.528723 5.940472 19.059319
v -5.704361 -2.113643 25.674286
v -2.965200 1.277095 17.346029
v -4.368006 2.549741 28.012449
v -1.628846 5.940480 19.684191
v -3.804484 -2.113635 26.299160
v -1.065323 1.277103 17.970901
v 3.343755 4.052473 17.532570
v 1.612667 2.886503 14.120262
v 3.607519 2.139327 18.052473
v 1.876431 0.973357 14.640166
v 5.127365 4.052484 16.627728
v 3.396276 2.886514 13.215420
v 5.391128 2.139337 17.147633
v 3.660040 0.973367 13.735325
v 8.041367 2.549804 26.980724
v 4.112539 5.940510 19.143162
v 7.233160 -2.113580 25.368382
v 3.304332 1.277126 17.530817
v 9.829306 2.549815 26.084469
v 5.900478 5.940520 18.246906
v 9.021099 -2.113569 24.472122
v 5.092270 1.277136 16.634560
v 6.227939 4.052490 15.994938
v 3.205487 2.886512 13.648605
v 6.688459 2.139345 16.352428
v 3.666006 0.973367 14.006095
v 7.454364 4.052500 14.415102
v 4.431912 2.886521 12.068769
v 7.914883 2.139355 14.772591
v 4.892431 0.973377 12.426259
v 14.510292 2.549845 22.532364
v 7.610861 5.940531 17.123009
v 13.090977 -2.113542 21.419548
v 6.191546 1.277143 16.010193
v 15.744297 2.549855 20.958443
v 8.844868 5.940540 15.549088
v 14.324982 -2.113533 19.845625
v 7.425552 1.277152 14.436272
v -4.402561 4.052436 16.658253
v -2.518806 2.886484 13.327785
v -4.689565 2.139287 17.165688
v -2.805810 0.973335 13.835219
v -2.661729 4.052443 17.642887
v -0.777974 2.886491 14.312419
v -2.948733 2.139294 18.150322
v -1.064978 0.973342 14.819853
v -9.671249 2.549719 25.800243
v -5.318408 5.940465 18.190014
v -8.775763 -2.113656 24.234667
v -4.422921 1.277089 16.624435
v -7.935171 2.549726 26.793236
v -3.582330 5.940472 19.183004
v -7.039684 -2.113649 25.227657
v -2.686843 1.277096 17.617428
v -5.806194 4.052432 15.592151
v -3.283798 2.886482 12.714986
v -6.190503 2.139283 16.030519
v -3.668107 0.973333 13.153354
v -4.302303 4.052437 16.910603
v -1.779907 2.886487 14.033437
v -4.686612 2.139287 17.348970
v -2.164216 0.973337 14.471805
v -12.825876 2.549709 23.469913
v -7.014730 5.940459 16.905357
v -11.630388 -2.113666 22.119450
v -5.819243 1.277085 15.554893
v -11.328340 2.549713 24.795578
v -5.517196 5.940464 18.231022
v -10.132853 -2.113661 23.445114
v -4.321708 1.277090 16.880558
v -1.380377 4.052449 17.770557
v -0.903769 2.886491 13.974061
v -1.452984 2.139301 18.348997
v -0.976376 0.973343 14.552501
v 0.604047 4.052458 18.019676
v 1.080656 2.886500 14.223180
v 0.531440 2.139310 18.598118
v 1.008048 0.973352 14.801620
v -2.779159 2.549748 28.228977
v -1.645334 5.940480 19.535452
v -2.545884 -2.113631 26.440544
v -1.412059 1.277102 17.747021
v -0.795956 2.549757 28.487631
v 0.337869 5.940489 19.794107
v -0.562681 -2.113620 26.699200
v 0.571145 1.277111 18.005676
v 4.710709 4.052481 16.934280
v 2.281448 2.886507 13.978067
v 5.080848 2.139335 17.384691
v 2.651586 0.973361 14.428480
v 6.255917 4.052491 15.664504
v 3.826656 2.886517 12.708292
v 6.626056 2.139345 16.114916
v 4.196795 0.973371 13.158704
v 11.343727 2.549824 25.140270
v 5.810173 5.940519 18.340055
v 10.205399 -2.113561 23.741329
v 4.671844 1.277133 16.941113
v 12.895021 2.549835 23.877941
v 7.361467 5.940529 17.077724
v 11.756693 -2.113550 22.478996
v 6.223139 1.277144 15.678781
v -6.930492 4.052430 14.312210
v -3.940607 2.886482 11.924502
v -7.386029 2.139281 14.676003
v -4.396143 0.973332 12.288296
v -5.682441 4.052433 15.875018
v -2.692555 2.886485 13.487310
v -6.137977 2.139284 16.238811
v -3.148092 0.973335 13.851103
v -15.228403 2.549704 20.829857
v -8.351505 5.940457 15.391929
v -13.813669 -2.113671 19.711163
v -6.936773 1.277083 14.273233
v -13.987879 2.549706 22.398647
v -7.110981 5.940460 16.960718
v -12.573146 -2.113667 21.279953
v -5.696249 1.277086 15.842023
v 1.610271 4.052464 18.026476
v 0.516908 2.886497 14.359722
v 1.776867 2.139317 18.585148
v 0.683506 0.973350 14.918395
v 3.526878 4.052474 17.454975
v 2.433516 2.886508 13.788220
v 3.693475 2.139327 18.013645
v 2.600113 0.973361 14.346892
v 4.543652 2.549785 28.162079
v 2.078828 5.940498 19.748539
v 4.036619 -2.113598 26.431248
v 1.571794 1.277116 18.017704
v 6.462986 2.549795 27.599796
v 3.998161 5.940509 19.186256
v 5.955951 -2.113587 25.868965
v 3.491127 1.277127 17.455421
vn -0.3894 -0.0000 -0.9211
vn -0.2685 -0.9566 0.1135
vn 0.3894 -0.0000 0.9211
vn 0.2685 0.9566 -0.1135
vn -0.8811 0.2915 0.3725
vn 0.8811 -0.2915 -0.3725
vn -0.3850 -0.0000 -0.9229
vn 0.3329 -0.9327 -0.1389
vn 0.3850 -0.0000 0.9229
vn -0.3329 0.9327 0.1389
vn -0.8608 -0.3607 0.3591
vn 0.8608 0.3607 -0.3591
vn -0.3946 -0.0000 0.9189
vn 0.2678 -0.9566 0.1150
vn 0.3946 -0.0000 -0.9189
vn -0.2678 0.9566 -0.1150
vn 0.8790 0.2915 0.3774
vn -0.8790 -0.2915 -0.3774
vn -0.3990 -0.0000 0.9170
vn -0.3308 -0.9327 -0.1439
vn 0.3990 -0.0000 -0.9170
vn 0.3308 0.9327 0.1439
vn 0.8552 -0.3607 0.3721
vn -0.8552 0.3607 -0.3721
vn -0.9954 -0.0000 0.0962
vn 0.0280 -0.9566 0.2901
vn 0.9954 -0.0000 -0.0962
vn -0.0280 0.9566 -0.2901
vn 0.0920 0.2915 0.9521
vn -0.0920 -0.2915 -0.9521
vn -0.9958 -0.0000 0.0914
vn -0.0330 -0.9327 -0.3592
vn 0.9958 -0.0000 -0.0914
vn 0.0330 0.9327 0.3592
vn 0.0852 -0.3607 0.9288
vn -0.0852 0.3607 -0.9288
vn -0.9514 -0.0000 -0.3079
vn -0.0897 -0.9566 0.2773
vn 0.9514 -0.0000 0.3079
vn 0.0897 0.9566 -0.2773
vn -0.2945 0.2915 0.9101
vn 0.2945 -0.2915 -0.9101
vn -0.9499 -0.0000 -0.3124
vn 0.1127 -0.9327 -0.3427
vn 0.9499 -0.0000 0.3124
vn -0.1127 0.9327 0.3427
vn -0.2914 -0.3607 0.8860
vn 0.2914 0.3607 -0.8860
vn -0.8918 -0.0000 0.4524
vn 0.1319 -0.9566 0.2600
vn 0.8918 -0.0000 -0.4524
vn -0.1319 0.9566 -0.2600
vn 0.4328 0.2915 0.8531
vn -0.4328 -0.2915 -0.8531
vn -0.8940 -0.0000 0.4481
vn -0.1616 -0.9327 -0.3225
vn 0.8940 -0.0000 -0.4481
vn 0.1616 0.9327 0.3225
vn 0.4180 -0.3607 0.8338
vn -0.4180 0.3607 -0.8338
vn -0.6132 -0.0000 0.7899
vn 0.2303 -0.9566 0.1787
vn 0.6132 -0.0000 -0.7899
vn -0.2303 0.9566 -0.1787
vn 0.7556 0.2915 0.5866
vn -0.7556 -0.2915 -0.5866
vn -0.6170 -0.0000 0.7870
vn -0.2839 -0.9327 -0.2226
vn 0.6170 -0.0000 -0.7870
vn 0.2839 0.9327 0.2226
vn 0.7340 -0.3607 0.5755
vn -0.7340 0.3607 -0.5755
vn -0.8704 -0.0000 -0.4923
vn -0.1435 -0.9566 0.2537
vn 0.8704 -0.0000 0.4923
vn 0.1435 0.9566 -0.2537
vn -0.4709 0.2915 0.8326
vn 0.4709 -0.2915 -0.8326
vn -0.8680 -0.0000 -0.4965
vn 0.1791 -0.9327 -0.3131
vn 0.8680 -0.0000 0.4965
vn -0.1791 0.9327 0.3131
vn -0.4631 -0.3607 0.8096
vn 0.4631 0.3607 -0.8096
vn -0.7519 -0.0000 -0.6592
vn -0.1922 -0.9566 0.2192
vn 0.7519 -0.0000 0.6592
vn 0.1922 0.9566 -0.2192
vn -0.6306 0.2915 0.7193
vn 0.6306 -0.2915 -0.7193
vn -0.7488 -0.0000 -0.6628
vn 0.2391 -0.9327 -0.2701
vn 0.7488 -0.0000 0.6628
vn -0.2391 0.9327 0.2701
vn -0.6182 -0.3607 0.6984
vn 0.6182 0.3607 -0.6984
vn -0.9922 -0.0000 -0.1246
vn -0.0363 -0.9566 0.2892
vn 0.9922 -0.0000 0.1246
vn 0.0363 0.9566 -0.2892
vn -0.1192 0.2915 0.9491
vn 0.1192 -0.2915 -0.9491
vn -0.9916 -0.0000 -0.1293
vn 0.0467 -0.9327 -0.3577
vn 0.9916 -0.0000 0.1293
vn -0.0467 0.9327 0.3577
vn -0.1206 -0.3607 0.9248
vn 0.1206 0.3607 -0.9248
vn -0.7726 -0.0000 0.6349
vn 0.1851 -0.9566 0.2252
vn 0.7726 -0.0000 -0.6349
vn -0.1851 0.9566 -0.2252
vn 0.6073 0.2915 0.7391
vn -0.6073 -0.2915 -0.7391
vn -0.7756 -0.0000 0.6312
vn -0.2277 -0.9327 -0.2798
vn 0.7756 -0.0000 -0.6312
vn 0.2277 0.9327 0.2798
vn 0.5887 -0.3607 0.7234
vn -0.5887 0.3607 -0.7234
vn -0.6240 -0.0000 -0.7814
vn -0.2278 -0.9566 0.1819
vn 0.6240 -0.0000 0.7814
vn 0.2278 0.9566 -0.1819
vn -0.7475 0.2915 0.5969
vn 0.7475 -0.2915 -0.5969
vn -0.6203 -0.0000 -0.7844
vn 0.2829 -0.9327 -0.2237
vn 0.6203 -0.0000 0.7844
vn -0.2829 0.9327 0.2237
vn -0.7316 -0.3607 0.5785
vn 0.7316 0.3607 -0.5785
vn -0.9583 -0.0000 0.2858
vn 0.0833 -0.9566 0.2793
vn 0.9583 -0.0000 -0.2858
vn -0.0833 0.9566 -0.2793
vn 0.2733 0.2915 0.9167
vn -0.2733 -0.2915 -0.9167
vn -0.9597 -0.0000 0.2811
vn -0.1014 -0.9327 -0.3462
vn 0.9597 -0.0000 -0.2811
vn 0.1014 0.9327 0.3462
vn 0.2622 -0.3607 0.8951
vn -0.2622 0.3607 -0.8951
vt 0.375000 0.000000
vt 0.625000 0.000000
vt 0.625000 0.250000
vt 0.375000 0.250000
vt 0.625000 0.500000
vt 0.375000 0.500000
vt 0.625000 0.750000
vt 0.375000 0.750000
vt 0.625000 1.000000
vt 0.375000 1.000000
vt 0.125000 0.500000
vt 0.125000 0.750000
vt 0.875000 0.500000
vt 0.875000 0.750000
s 0
usemtl Material.055
f 996/1174/716 997/1175/716 999/1176/716 998/1177/716
f 998/1177/717 999/1176/717 1003/1178/717 1002/1179/717
f 1002/1179/718 1003/1178/718 1001/1180/718 1000/1181/718
f 1000/1181/719 1001/1180/719 997/1182/719 996/1183/719
f 998/1184/720 1002/1179/720 1000/1181/720 996/1185/720
f 1003/1178/721 999/1186/721 997/1187/721 1001/1180/721
f 1004/1174/722 1005/1175/722 1007/1176/722 1006/1177/722
f 1006/1177/723 1007/1176/723 1011/1178/723 1010/1179/723
f 1010/1179/724 1011/1178/724 1009/1180/724 1008/1181/724
f 1008/1181/725 1009/1180/725 1005/1182/725 1004/1183/725
f 1006/1184/726 1010/1179/726 1008/1181/726 1004/1185/726
f 1011/1178/727 1007/1186/727 1005/1187/727 1009/1180/727
f 1012/1174/728 1013/1175/728 1015/1176/728 1014/1177/728
f 1014/1177/729 1015/1176/729 1019/1178/729 1018/1179/729
f 1018/1179/730 1019/1178/730 1017/1180/730 1016/1181/730
f 1016/1181/731 1017/1180/731 1013/1182/731 1012/1183/731
f 1014/1184/732 1018/1179/732 1016/1181/732 1012/1185/732
f 1019/1178/733 1015/1186/733 1013/1187/733 1017/1180/733
f 1020/1174/734 1021/1175/734 1023/1176/734 1022/1177/734
f 1022/1177/735 1023/1176/735 1027/1178/735 1026/1179/735
f 1026/1179/736 1027/1178/736 1025/1180/736 1024/1181/736
f 1024/1181/737 1025/1180/737 1021/1182/737 1020/1183/737
f 1022/1184/738 1026/1179/738 1024/1181/738 1020/1185/738
f 1027/1178/739 1023/1186/739 1021/1187/739 1025/1180/739
f 1028/1174/740 1029/1175/740 1031/1176/740 1030/1177/740
f 1030/1177/741 1031/1176/741 1035/1178/741 1034/1179/741
f 1034/1179/742 1035/1178/742 1033/1180/742 1032/1181/742
f 1032/1181/743 1033/1180/743 1029/1182/743 1028/1183/743
f 1030/1184/744 1034/1179/744 1032/1181/744 1028/1185/744
f 1035/1178/745 1031/1186/745 1029/1187/745 1033/1180/745
f 1036/1174/746 1037/1175/746 1039/1176/746 1038/1177/746
f 1038/1177/747 1039/1176/747 1043/1178/747 1042/1179/747
f 1042/1179/748 1043/1178/748 1041/1180/748 1040/1181/748
f 1040/1181/749 1041/1180/749 1037/1182/749 1036/1183/749
f 1038/1184/750 1042/1179/750 1040/1181/750 1036/1185/750
f 1043/1178/751 1039/1186/751 1037/1187/751 1041/1180/751
f 1044/1174/752 1045/1175/752 1047/1176/752 1046/1177/752
f 1046/1177/753 1047/1176/753 1051/1178/753 1050/1179/753
f 1050/1179/754 1051/1178/754 1049/1180/754 1048/1181/754
f 1048/1181/755 1049/1180/755 1045/1182/755 1044/1183/755
f 1046/1184/756 1050/1179/756 1048/1181/756 1044/1185/756
f 1051/1178/757 1047/1186/757 1045/1187/757 1049/1180/757
f 1052/1174/758 1053/1175/758 1055/1176/758 1054/1177/758
f 1054/1177/759 1055/1176/759 1059/1178/759 1058/1179/759
f 1058/1179/760 1059/1178/760 1057/1180/760 1056/1181/760
f 1056/1181/761 1057/1180/761 1053/1182/761 1052/1183/761
f 1054/1184/762 1058/1179/762 1056/1181/762 1052/1185/762
f 1059/1178/763 1055/1186/763 1053/1187/763 1057/1180/763
f 1060/1174/764 1061/1175/764 1063/1176/764 1062/1177/764
f 1062/1177/765 1063/1176/765 1067/1178/765 1066/1179/765
f 1066/1179/766 1067/1178/766 1065/1180/766 1064/1181/766
f 1064/1181/767 1065/1180/767 1061/1182/767 1060/1183/767
f 1062/1184/768 1066/1179/768 1064/1181/768 1060/1185/768
f 1067/1178/769 1063/1186/769 1061/1187/769 1065/1180/769
f 1068/1174/770 1069/1175/770 1071/1176/770 1070/1177/770
f 1070/1177/771 1071/1176/771 1075/1178/771 1074/1179/771
f 1074/1179/772 1075/1178/772 1073/1180/772 1072/1181/772
f 1072/1181/773 1073/1180/773 1069/1182/773 1068/1183/773
f 1070/1184/774 1074/1179/774 1072/1181/774 1068/1185/774
f 1075/1178/775 1071/1186/775 1069/1187/775 1073/1180/775
f 1076/1174/776 1077/1175/776 1079/1176/776 1078/1177/776
f 1078/1177/777 1079/1176/777 1083/1178/777 1082/1179/777
f 1082/1179/778 1083/1178/778 1081/1180/778 1080/1181/778
f 1080/1181/779 1081/1180/779 1077/1182/779 1076/1183/779
f 1078/1184/780 1082/1179/780 1080/1181/780 1076/1185/780
f 1083/1178/781 1079/1186/781 1077/1187/781 1081/1180/781
f 1084/1174/782 1085/1175/782 1087/1176/782 1086/1177/782
f 1086/1177/783 1087/1176/783 1091/1178/783 1090/1179/783
f 1090/1179/784 1091/1178/784 1089/1180/784 1088/1181/784
f 1088/1181/785 1089/1180/785 1085/1182/785 1084/1183/785
f 1086/1184/786 1090/1179/786 1088/1181/786 1084/1185/786
f 1091/1178/787 1087/1186/787 1085/1187/787 1089/1180/787
f 1092/1174/788 1093/1175/788 1095/1176/788 1094/1177/788
f 1094/1177/789 1095/1176/789 1099/1178/789 1098/1179/789
f 1098/1179/790 1099/1178/790 1097/1180/790 1096/1181/790
f 1096/1181/791 1097/1180/791 1093/1182/791 1092/1183/791
f 1094/1184/792 1098/1179/792 1096/1181/792 1092/1185/792
f 1099/1178/793 1095/1186/793 1093/1187/793 1097/1180/793
f 1100/1174/794 1101/1175/794 1103/1176/794 1102/1177/794
f 1102/1177/795 1103/1176/795 1107/1178/795 1106/1179/795
f 1106/1179/796 1107/1178/796 1105/1180/796 1104/1181/796
f 1104/1181/797 1105/1180/797 1101/1182/797 1100/1183/797
f 1102/1184/798 1106/1179/798 1104/1181/798 1100/1185/798
f 1107/1178/799 1103/1186/799 1101/1187/799 1105/1180/799
f 1108/1174/800 1109/1175/800 1111/1176/800 1110/1177/800
f 1110/1177/801 1111/1176/801 1115/1178/801 1114/1179/801
f 1114/1179/802 1115/1178/802 1113/1180/802 1112/1181/802
f 1112/1181/803 1113/1180/803 1109/1182/803 1108/1183/803
f 1110/1184/804 1114/1179/804 1112/1181/804 1108/1185/804
f 1115/1178/805 1111/1186/805 1109/1187/805 1113/1180/805
f 1116/1174/806 1117/1175/806 1119/1176/806 1118/1177/806
f 1118/1177/807 1119/1176/807 1123/1178/807 1122/1179/807
f 1122/1179/808 1123/1178/808 1121/1180/808 1120/1181/808
f 1120/1181/809 1121/1180/809 1117/1182/809 1116/1183/809
f 1118/1184/810 1122/1179/810 1120/1181/810 1116/1185/810
f 1123/1178/811 1119/1186/811 1117/1187/811 1121/1180/811
f 1124/1174/812 1125/1175/812 1127/1176/812 1126/1177/812
f 1126/1177/813 1127/1176/813 1131/1178/813 1130/1179/813
f 1130/1179/814 1131/1178/814 1129/1180/814 1128/1181/814
f 1128/1181/815 1129/1180/815 1125/1182/815 1124/1183/815
f 1126/1184/816 1130/1179/816 1128/1181/816 1124/1185/816
f 1131/1178/817 1127/1186/817 1125/1187/817 1129/1180/817
f 1132/1174/818 1133/1175/818 1135/1176/818 1134/1177/818
f 1134/1177/819 1135/1176/819 1139/1178/819 1138/1179/819
f 1138/1179/820 1139/1178/820 1137/1180/820 1136/1181/820
f 1136/1181/821 1137/1180/821 1133/1182/821 1132/1183/821
f 1134/1184/822 1138/1179/822 1136/1181/822 1132/1185/822
f 1139/1178/823 1135/1186/823 1133/1187/823 1137/1180/823
f 1140/1174/824 1141/1175/824 1143/1176/824 1142/1177/824
f 1142/1177/825 1143/1176/825 1147/1178/825 1146/1179/825
f 1146/1179/826 1147/1178/826 1145/1180/826 1144/1181/826
f 1144/1181/827 1145/1180/827 1141/1182/827 1140/1183/827
f 1142/1184/828 1146/1179/828 1144/1181/828 1140/1185/828
f 1147/1178/829 1143/1186/829 1141/1187/829 1145/1180/829
f 1148/1174/830 1149/1175/830 1151/1176/830 1150/1177/830
f 1150/1177/831 1151/1176/831 1155/1178/831 1154/1179/831
f 1154/1179/832 1155/1178/832 1153/1180/832 1152/1181/832
f 1152/1181/833 1153/1180/833 1149/1182/833 1148/1183/833
f 1150/1184/834 1154/1179/834 1152/1181/834 1148/1185/834
f 1155/1178/835 1151/1186/835 1149/1187/835 1153/1180/835
f 1156/1174/836 1157/1175/836 1159/1176/836 1158/1177/836
f 1158/1177/837 1159/1176/837 1163/1178/837 1162/1179/837
f 1162/1179/838 1163/1178/838 1161/1180/838 1160/1181/838
f 1160/1181/839 1161/1180/839 1157/1182/839 1156/1183/839
f 1158/1184/840 1162/1179/840 1160/1181/840 1156/1185/840
f 1163/1178/841 1159/1186/841 1157/1187/841 1161/1180/841
f 1164/1174/842 1165/1175/842 1167/1176/842 1166/1177/842
f 1166/1177/843 1167/1176/843 1171/1178/843 1170/1179/843
f 1170/1179/844 1171/1178/844 1169/1180/844 1168/1181/844
f 1168/1181/845 1169/1180/845 1165/1182/845 1164/1183/845
f 1166/1184/846 1170/1179/846 1168/1181/846 1164/1185/846
f 1171/1178/847 1167/1186/847 1165/1187/847 1169/1180/847
f 1172/1174/848 1173/1175/848 1175/1176/848 1174/1177/848
f 1174/1177/849 1175/1176/849 1179/1178/849 1178/1179/849
f 1178/1179/850 1179/1178/850 1177/1180/850 1176/1181/850
f 1176/1181/851 1177/1180/851 1173/1182/851 1172/1183/851
f 1174/1184/852 1178/1179/852 1176/1181/852 1172/1185/852
f 1179/1178/853 1175/1186/853 1173/1187/853 1177/1180/853
f 1180/1174/854 1181/1175/854 1183/1176/854 1182/1177/854
f 1182/1177/855 1183/1176/855 1187/1178/855 1186/1179/855
f 1186/1179/856 1187/1178/856 1185/1180/856 1184/1181/856
f 1184/1181/857 1185/1180/857 1181/1182/857 1180/1183/857
f 1182/1184/858 1186/1179/858 1184/1181/858 1180/1185/858
f 1187/1178/859 1183/1186/859 1181/1187/859 1185/1180/859
o Cube.047
v 20.117306 1.880359 17.502668
v 20.184723 2.066133 17.533375
v 18.459330 1.880359 21.142876
v 18.526747 2.066133 21.173582
v 15.890700 3.732368 15.577608
v 15.958117 3.918142 15.608315
v 14.232722 3.732368 19.217815
v 14.300139 3.918142 19.248522
v -17.666868 1.880359 20.694500
v -17.734861 2.066133 20.723913
v -19.255026 1.880357 17.023293
v -19.323019 2.066133 17.052704
v -13.404268 3.732367 18.850506
v -13.472261 3.918142 18.879917
v -14.992426 3.732368 15.179299
v -15.060419 3.918142 15.208712
v -10.209742 1.880358 27.826180
v -10.251846 2.066133 27.887127
v -13.500748 1.880359 25.552578
v -13.542854 2.066133 25.613525
v -7.569883 3.732368 24.005024
v -7.611990 3.918142 24.065971
v -10.860891 3.732367 21.731421
v -10.902996 3.918142 21.792370
v -7.333981 1.880358 29.045181
v -7.362492 2.066132 29.113554
v -11.025869 1.880359 27.505714
v -11.054379 2.066131 27.574089
v -5.546522 3.732367 24.758564
v -5.575033 3.918142 24.826939
v -9.238413 3.732368 23.219099
v -9.266922 3.918141 23.287474
v 5.577443 1.880358 30.722843
v 5.580007 2.066133 30.796877
v 1.579839 1.880358 30.861263
v 1.582402 2.066133 30.935301
v 5.416723 3.732368 26.081264
v 5.419287 3.918142 26.155300
v 1.419119 3.732368 26.219687
v 1.421683 3.918142 26.293722
v 8.580041 1.880358 29.613377
v 8.602891 2.066133 29.683846
v 4.775070 1.880358 30.847155
v 4.797921 2.066133 30.917622
v 7.147516 3.732367 25.195465
v 7.170365 3.918141 25.265934
v 3.342546 3.732367 26.429241
v 3.365395 3.918142 26.499710
v 11.744226 1.880359 28.085552
v 11.774824 2.066133 28.153021
v 8.101351 1.880358 29.737659
v 8.131948 2.066133 29.805126
v 9.825983 3.732368 23.855850
v 9.856581 3.918142 23.923315
v 6.183107 3.732368 25.507956
v 6.213705 3.918142 25.575422
v 14.210706 1.880358 25.718582
v 14.259401 2.066133 25.774410
v 11.196289 1.880358 28.347897
v 11.244985 2.066133 28.403725
v 11.157837 3.732367 22.218576
v 11.206532 3.918142 22.274403
v 8.143421 3.732367 24.847889
v 8.192116 3.918141 24.903717
v -13.153126 1.880358 25.832794
v -13.204012 2.066134 25.886629
v -16.060083 1.880359 23.085140
v -16.110971 2.066133 23.138977
v -9.962852 3.732367 22.457558
v -10.013739 3.918143 22.511393
v -12.869810 3.732368 19.709904
v -12.920698 3.918143 19.763739
v -4.319197 1.880358 30.113674
v -4.343353 2.066133 30.183708
v -8.100590 1.880358 28.809425
v -8.124746 2.066133 28.879456
v -2.804846 3.732368 25.723139
v -2.829002 3.918143 25.793171
v -6.586241 3.732368 24.418888
v -6.610395 3.918142 24.488920
v -0.592237 1.880358 30.792233
v -0.608030 2.066132 30.864611
v -4.500319 1.880359 29.939632
v -4.516109 2.066133 30.012012
v 0.397705 3.732367 26.254602
v 0.381914 3.918142 26.326981
v -3.510374 3.732368 25.402004
v -3.526163 3.918142 25.474380
v 1.776508 1.880359 30.776287
v 1.770389 2.066133 30.850113
v -2.209816 1.880358 30.445824
v -2.215937 2.066133 30.519650
v 2.160210 3.732368 26.147808
v 2.154089 3.918142 26.221634
v -1.826117 3.732367 25.817341
v -1.832237 3.918142 25.891169
v 16.390577 1.880359 23.708292
v 16.440453 2.066133 23.763069
v 13.432947 1.880359 26.401325
v 13.482821 2.066133 26.456099
v 13.263728 3.732368 20.274218
v 13.313603 3.918142 20.328993
v 10.306097 3.732368 22.967249
v 10.355972 3.918142 23.022024
v -15.684172 1.880359 23.505947
v -15.745386 2.066134 23.547667
v -17.936850 1.880359 20.200581
v -17.998068 2.066133 20.242302
v -11.846346 3.732368 20.890385
v -11.907564 3.918142 20.932106
v -14.099026 3.732368 17.585018
v -14.160240 3.918142 17.626740
v 18.819414 1.880359 20.706030
v 18.876320 2.066133 20.753460
v 16.258461 1.880359 23.778736
v 16.315367 2.066133 23.826164
v 15.251727 3.732368 17.732534
v 15.308634 3.918142 17.779964
v 12.690773 3.732368 20.805241
v 12.747681 3.918142 20.852669
vn 0.8453 -0.3704 0.3850
vn -0.4145 -0.0000 0.9101
vn -0.8453 0.3704 -0.3850
vn 0.4145 -0.0000 -0.9101
vn -0.3371 -0.9289 -0.1535
vn 0.3371 0.9289 0.1535
vn -0.8525 -0.3704 0.3688
vn -0.3970 -0.0000 -0.9178
vn 0.8525 0.3704 -0.3688
vn 0.3970 -0.0000 0.9178
vn 0.3400 -0.9289 -0.1471
vn -0.3400 0.9289 0.1471
vn -0.5280 -0.3704 0.7642
vn -0.8228 -0.0000 -0.5684
vn 0.5280 0.3704 -0.7642
vn 0.8228 -0.0000 0.5684
vn 0.2105 -0.9289 -0.3047
vn -0.2105 0.9289 0.3047
vn -0.3575 -0.3704 0.8573
vn -0.9230 -0.0000 -0.3849
vn 0.3575 0.3704 -0.8573
vn 0.9230 -0.0000 0.3849
vn 0.1426 -0.9289 -0.3419
vn -0.1426 0.9289 0.3419
vn 0.0321 -0.3704 0.9283
vn -0.9994 -0.0000 0.0346
vn -0.0321 0.3704 -0.9283
vn 0.9994 -0.0000 -0.0346
vn -0.0128 -0.9289 -0.3702
vn 0.0128 0.9289 0.3702
vn 0.2865 -0.3704 0.8836
vn -0.9512 -0.0000 0.3084
vn -0.2865 0.3704 -0.8836
vn 0.9512 -0.0000 -0.3084
vn -0.1142 -0.9289 -0.3523
vn 0.1142 0.9289 0.3523
vn 0.3836 -0.3704 0.8459
vn -0.9107 -0.0000 0.4130
vn -0.3836 0.3704 -0.8459
vn 0.9107 -0.0000 -0.4130
vn -0.1530 -0.9289 -0.3373
vn 0.1530 0.9289 0.3373
vn 0.6106 -0.3704 0.7000
vn -0.7536 -0.0000 0.6573
vn -0.6106 0.3704 -0.7000
vn 0.7536 -0.0000 -0.6573
vn -0.2435 -0.9289 -0.2791
vn 0.2435 0.9289 0.2791
vn -0.6381 -0.3704 0.6751
vn -0.7267 -0.0000 -0.6869
vn 0.6381 0.3704 -0.6750
vn 0.7267 -0.0000 0.6869
vn 0.2544 -0.9289 -0.2692
vn -0.2544 0.9289 0.2692
vn -0.3029 -0.3704 0.8781
vn -0.9453 -0.0000 -0.3261
vn 0.3029 0.3704 -0.8781
vn 0.9453 -0.0000 0.3261
vn 0.1208 -0.9289 -0.3502
vn -0.1208 0.9289 0.3502
vn -0.1980 -0.3704 0.9075
vn -0.9770 -0.0000 -0.2132
vn 0.1980 0.3704 -0.9075
vn 0.9770 -0.0000 0.2131
vn 0.0790 -0.9289 -0.3619
vn -0.0790 0.9289 0.3619
vn -0.0767 -0.3704 0.9257
vn -0.9966 -0.0000 -0.0826
vn 0.0767 0.3704 -0.9257
vn 0.9966 -0.0000 0.0826
vn 0.0306 -0.9289 -0.3691
vn -0.0306 0.9289 0.3691
vn 0.6254 -0.3704 0.6868
vn -0.7394 -0.0000 0.6733
vn -0.6254 0.3704 -0.6868
vn 0.7394 -0.0000 -0.6733
vn -0.2494 -0.9289 -0.2739
vn 0.2494 0.9289 0.2739
vn -0.7676 -0.3704 0.5231
vn -0.5632 -0.0000 -0.8263
vn 0.7676 0.3704 -0.5231
vn 0.5632 -0.0000 0.8263
vn 0.3061 -0.9289 -0.2086
vn -0.3061 0.9289 0.2086
vn 0.7135 -0.3704 0.5947
vn -0.6402 -0.0000 0.7682
vn -0.7135 0.3704 -0.5947
vn 0.6402 -0.0000 -0.7682
vn -0.2845 -0.9289 -0.2371
vn 0.2845 0.9289 0.2371
vt 0.375000 0.000000
vt 0.625000 0.000000
vt 0.625000 0.250000
vt 0.375000 0.250000
vt 0.625000 0.500000
vt 0.375000 0.500000
vt 0.625000 0.750000
vt 0.375000 0.750000
vt 0.625000 1.000000
vt 0.375000 1.000000
vt 0.125000 0.500000
vt 0.125000 0.750000
vt 0.875000 0.500000
vt 0.875000 0.750000
s 0
usemtl Material.056
f 1188/1188/860 1189/1189/860 1191/1190/860 1190/1191/860
f 1190/1191/861 1191/1190/861 1195/1192/861 1194/1193/861
f 1194/1193/862 1195/1192/862 1193/1194/862 1192/1195/862
f 1192/1195/863 1193/1194/863 1189/1196/863 1188/1197/863
f 1190/1198/864 1194/1193/864 1192/1195/864 1188/1199/864
f 1195/1192/865 1191/1200/865 1189/1201/865 1193/1194/865
f 1196/1188/866 1197/1189/866 1199/1190/866 1198/1191/866
f 1198/1191/867 1199/1190/867 1203/1192/867 1202/1193/867
f 1202/1193/868 1203/1192/868 1201/1194/868 1200/1195/868
f 1200/1195/869 1201/1194/869 1197/1196/869 1196/1197/869
f 1198/1198/870 1202/1193/870 1200/1195/870 1196/1199/870
f 1203/1192/871 1199/1200/871 1197/1201/871 1201/1194/871
f 1204/1188/872 1205/1189/872 1207/1190/872 1206/1191/872
f 1206/1191/873 1207/1190/873 1211/1192/873 1210/1193/873
f 1210/1193/874 1211/1192/874 1209/1194/874 1208/1195/874
f 1208/1195/875 1209/1194/875 1205/1196/875 1204/1197/875
f 1206/1198/876 1210/1193/876 1208/1195/876 1204/1199/876
f 1211/1192/877 1207/1200/877 1205/1201/877 1209/1194/877
f 1212/1188/878 1213/1189/878 1215/1190/878 1214/1191/878
f 1214/1191/879 1215/1190/879 1219/1192/879 1218/1193/879
f 1218/1193/880 1219/1192/880 1217/1194/880 1216/1195/880
f 1216/1195/881 1217/1194/881 1213/1196/881 1212/1197/881
f 1214/1198/882 1218/1193/882 1216/1195/882 1212/1199/882
f 1219/1192/883 1215/1200/883 1213/1201/883 1217/1194/883
f 1220/1188/884 1221/1189/884 1223/1190/884 1222/1191/884
f 1222/1191/885 1223/1190/885 1227/1192/885 1226/1193/885
f 1226/1193/886 1227/1192/886 1225/1194/886 1224/1195/886
f 1224/1195/887 1225/1194/887 1221/1196/887 1220/1197/887
f 1222/1198/888 1226/1193/888 1224/1195/888 1220/1199/888
f 1227/1192/889 1223/1200/889 1221/1201/889 1225/1194/889
f 1228/1188/890 1229/1189/890 1231/1190/890 1230/1191/890
f 1230/1191/891 1231/1190/891 1235/1192/891 1234/1193/891
f 1234/1193/892 1235/1192/892 1233/1194/892 1232/1195/892
f 1232/1195/893 1233/1194/893 1229/1196/893 1228/1197/893
f 1230/1198/894 1234/1193/894 1232/1195/894 1228/1199/894
f 1235/1192/895 1231/1200/895 1229/1201/895 1233/1194/895
f 1236/1188/896 1237/1189/896 1239/1190/896 1238/1191/896
f 1238/1191/897 1239/1190/897 1243/1192/897 1242/1193/897
f 1242/1193/898 1243/1192/898 1241/1194/898 1240/1195/898
f 1240/1195/899 1241/1194/899 1237/1196/899 1236/1197/899
f 1238/1198/900 1242/1193/900 1240/1195/900 1236/1199/900
f 1243/1192/901 1239/1200/901 1237/1201/901 1241/1194/901
f 1244/1188/902 1245/1189/902 1247/1190/902 1246/1191/902
f 1246/1191/903 1247/1190/903 1251/1192/903 1250/1193/903
f 1250/1193/904 1251/1192/904 1249/1194/904 1248/1195/904
f 1248/1195/905 1249/1194/905 1245/1196/905 1244/1197/905
f 1246/1198/906 1250/1193/906 1248/1195/906 1244/1199/906
f 1251/1192/907 1247/1200/907 1245/1201/907 1249/1194/907
f 1252/1188/908 1253/1189/908 1255/1190/908 1254/1191/908
f 1254/1191/909 1255/1190/909 1259/1192/909 1258/1193/909
f 1258/1193/910 1259/1192/910 1257/1194/910 1256/1195/910
f 1256/1195/911 1257/1194/911 1253/1196/911 1252/1197/911
f 1254/1198/912 1258/1193/912 1256/1195/912 1252/1199/912
f 1259/1192/913 1255/1200/913 1253/1201/913 1257/1194/913
f 1260/1188/914 1261/1189/914 1263/1190/914 1262/1191/914
f 1262/1191/915 1263/1190/915 1267/1192/915 1266/1193/915
f 1266/1193/916 1267/1192/916 1265/1194/916 1264/1195/916
f 1264/1195/917 1265/1194/917 1261/1196/917 1260/1197/917
f 1262/1198/918 1266/1193/918 1264/1195/918 1260/1199/918
f 1267/1192/919 1263/1200/919 1261/1201/919 1265/1194/919
f 1268/1188/920 1269/1189/920 1271/1190/920 1270/1191/920
f 1270/1191/921 1271/1190/921 1275/1192/921 1274/1193/921
f 1274/1193/922 1275/1192/922 1273/1194/922 1272/1195/922
f 1272/1195/923 1273/1194/923 1269/1196/923 1268/1197/923
f 1270/1198/924 1274/1193/924 1272/1195/924 1268/1199/924
f 1275/1192/925 1271/1200/925 1269/1201/925 1273/1194/925
f 1276/1188/926 1277/1189/926 1279/1190/926 1278/1191/926
f 1278/1191/927 1279/1190/927 1283/1192/927 1282/1193/927
f 1282/1193/928 1283/1192/928 1281/1194/928 1280/1195/928
f 1280/1195/929 1281/1194/929 1277/1196/929 1276/1197/929
f 1278/1198/930 1282/1193/930 1280/1195/930 1276/1199/930
f 1283/1192/931 1279/1200/931 1277/1201/931 1281/1194/931
f 1284/1188/932 1285/1189/932 1287/1190/932 1286/1191/932
f 1286/1191/933 1287/1190/933 1291/1192/933 1290/1193/933
f 1290/1193/934 1291/1192/934 1289/1194/934 1288/1195/934
f 1288/1195/935 1289/1194/935 1285/1196/935 1284/1197/935
f 1286/1198/936 1290/1193/936 1288/1195/936 1284/1199/936
f 1291/1192/937 1287/1200/937 1285/1201/937 1289/1194/937
f 1292/1188/938 1293/1189/938 1295/1190/938 1294/1191/938
f 1294/1191/939 1295/1190/939 1299/1192/939 1298/1193/939
f 1298/1193/940 1299/1192/940 1297/1194/940 1296/1195/940
f 1296/1195/941 1297/1194/941 1293/1196/941 1292/1197/941
f 1294/1198/942 1298/1193/942 1296/1195/942 1292/1199/942
f 1299/1192/943 1295/1200/943 1293/1201/943 1297/1194/943
f 1300/1188/944 1301/1189/944 1303/1190/944 1302/1191/944
f 1302/1191/945 1303/1190/945 1307/1192/945 1306/1193/945
f 1306/1193/946 1307/1192/946 1305/1194/946 1304/1195/946
f 1304/1195/947 1305/1194/947 1301/1196/947 1300/1197/947
f 1302/1198/948 1306/1193/948 1304/1195/948 1300/1199/948
f 1307/1192/949 1303/1200/949 1301/1201/949 1305/1194/949
o Cube.053
v -4.882408 -0.005048 4.438640
v -4.882408 0.108232 4.438640
v -4.882408 -0.005048 2.543601
v -4.882408 0.108232 2.543601
v -4.755649 -0.005048 4.438640
v -4.755649 0.108232 4.438640
v -4.755649 -0.005048 2.543601
v -4.755649 0.108232 2.543601
vn -1.0000 -0.0000 -0.0000
vn -0.0000 -0.0000 -1.0000
vn 1.0000 -0.0000 -0.0000
vn -0.0000 -0.0000 1.0000
vn -0.0000 -1.0000 -0.0000
vn -0.0000 1.0000 -0.0000
vt 0.375000 0.000000
vt 0.625000 0.000000
vt 0.625000 0.250000
vt 0.375000 0.250000
vt 0.625000 0.500000
vt 0.375000 0.500000
vt 0.625000 0.750000
vt 0.375000 0.750000
vt 0.625000 1.000000
vt 0.375000 1.000000
vt 0.125000 0.500000
vt 0.125000 0.750000
vt 0.875000 0.500000
vt 0.875000 0.750000
s 0
usemtl Material.070
f 1308/1202/950 1309/1203/950 1311/1204/950 1310/1205/950
f 1310/1205/951 1311/1204/951 1315/1206/951 1314/1207/951
f 1314/1207/952 1315/1206/952 1313/1208/952 1312/1209/952
f 1312/1209/953 1313/1208/953 1309/1210/953 1308/1211/953
f 1310/1212/954 1314/1207/954 1312/1209/954 1308/1213/954
f 1315/1206/955 1311/1214/955 1309/1215/955 1313/1208/955
o Cube.056
v -4.753704 -0.022312 2.669570
v -4.753704 0.090968 2.669570
v -4.753704 -0.022312 2.542810
v -4.753704 0.090968 2.542810
v -4.094069 -0.022312 2.669570
v -4.094069 0.090968 2.669570
v -4.094069 -0.022312 2.542810
v -4.094069 0.090968 2.542810
vn -1.0000 -0.0000 -0.0000
vn -0.0000 -0.0000 -1.0000
vn 1.0000 -0.0000 -0.0000
vn -0.0000 -0.0000 1.0000
vn -0.0000 -1.0000 -0.0000
vn -0.0000 1.0000 -0.0000
vt 0.375000 0.000000
vt 0.625000 0.000000
vt 0.625000 0.250000
vt 0.375000 0.250000
vt 0.625000 0.500000
vt 0.375000 0.500000
vt 0.625000 0.750000
vt 0.375000 0.750000
vt 0.625000 1.000000
vt 0.375000 1.000000
vt 0.125000 0.500000
vt 0.125000 0.750000
vt 0.875000 0.500000
vt 0.875000 0.750000
s 0
usemtl Material.071
f 1316/1216/956 1317/1217/956 1319/1218/956 1318/1219/956
f 1318/1219/957 1319/1218/957 1323/1220/957 1322/1221/957
f 1322/1221/958 1323/1220/958 1321/1222/958 1320/1223/958
f 1320/1223/959 1321/1222/959 1317/1224/959 1316/1225/959
f 1318/1226/960 1322/1221/960 1320/1223/960 1316/1227/960
f 1323/1220/961 1319/1228/961 1317/1229/961 1321/1222/961
o Plane.001
v 4.367372 0.270000 13.051883
v 8.367372 0.270000 13.051883
v 4.367372 0.270000 2.222157
v 8.367372 0.270000 2.222157
v 10.535965 0.151947 57.260281
v 10.535965 0.439117 57.260281
v 10.152054 0.151947 56.562786
v 10.152054 0.439117 56.562786
v 13.105278 0.151947 55.846092
v 13.105278 0.439117 55.846092
v 12.721367 0.151947 55.148602
v 12.721367 0.439117 55.148602
v 10.835606 0.143069 58.149464
v 10.835606 0.538672 58.149464
v 10.405537 0.143069 57.368107
v 10.405537 0.538672 57.368107
v 13.713841 0.143069 56.565239
v 13.713841 0.538672 56.565239
v 13.283772 0.143069 55.783882
v 13.283772 0.538672 55.783882
v 11.223884 0.159608 59.027813
v 11.223884 0.675069 59.027813
v 10.774013 0.159608 58.210484
v 10.774013 0.675069 58.210484
v 14.234637 0.159608 57.370655
v 14.234637 0.675069 57.370655
v 13.784765 0.159608 56.553322
v 13.784765 0.675069 56.553322
v 12.412422 0.341188 61.928562
v 12.412422 0.763837 61.928562
v 10.889884 0.341188 59.230885
v 10.889884 0.763837 59.230885
v 16.230413 0.341188 59.773735
v 16.230413 0.763837 59.773735
v 14.707875 0.341188 57.076054
v 14.707875 0.763837 57.076054
v -65.885818 -0.152793 38.673855
v -65.885818 0.052793 38.673855
v -65.495636 -0.152793 38.712288
v -65.495636 0.052793 38.712288
v -65.120453 -0.152793 38.826096
v -65.120453 0.052793 38.826096
v -64.774681 -0.152793 39.010918
v -64.774681 0.052793 39.010918
v -64.471603 -0.152793 39.259640
v -64.471603 0.052793 39.259640
v -64.222878 -0.152793 39.562714
v -64.222878 0.052793 39.562714
v -64.038063 -0.152793 39.908489
v -64.038063 0.052793 39.908489
v -63.924248 -0.152793 40.283676
v -63.924248 0.052793 40.283676
v -63.885818 -0.152793 40.673855
v -63.885818 0.052793 40.673855
v -63.924248 -0.152793 41.064034
v -63.924248 0.052793 41.064034
v -64.038063 -0.152793 41.439220
v -64.038063 0.052793 41.439220
v -64.222878 -0.152793 41.784996
v -64.222878 0.052793 41.784996
v -64.471603 -0.152793 42.088070
v -64.471603 0.052793 42.088070
v -64.774681 -0.152793 42.336796
v -64.774681 0.052793 42.336796
v -65.120453 -0.152793 42.521614
v -65.120453 0.052793 42.521614
v -65.495636 -0.152793 42.635426
v -65.495636 0.052793 42.635426
v -65.885818 -0.152793 42.673855
v -65.885818 0.052793 42.673855
v -66.276001 -0.152793 42.635426
v -66.276001 0.052793 42.635426
v -66.651184 -0.152793 42.521614
v -66.651184 0.052793 42.521614
v -66.996956 -0.152793 42.336796
v -66.996956 0.052793 42.336796
v -67.300034 -0.152793 42.088070
v -67.300034 0.052793 42.088070
v -67.548759 -0.152793 41.784996
v -67.548759 0.052793 41.784996
v -67.733574 -0.152793 41.439220
v -67.733574 0.052793 41.439220
v -67.847389 -0.152793 41.064034
v -67.847389 0.052793 41.064034
v -67.885818 -0.152793 40.673855
v -67.885818 0.052793 40.673855
v -67.847389 -0.152793 40.283676
v -67.847389 0.052793 40.283676
v -67.733574 -0.152793 39.908489
v -67.733574 0.052793 39.908489
v -67.548759 -0.152793 39.562714
v -67.548759 0.052793 39.562714
v -67.300034 -0.152793 39.259640
v -67.300034 0.052793 39.259640
v -66.996956 -0.152793 39.010918
v -66.996956 0.052793 39.010918
v -66.651184 -0.152793 38.826096
v -66.651184 0.052793 38.826096
v -66.276001 -0.152793 38.712288
v -66.276001 0.052793 38.712288
v -1.590310 0.320000 -1.096131
v 1.590310 0.320000 -1.096131
v -1.590310 0.320000 -2.114136
v 1.590310 0.320000 -2.114136
v -0.183412 0.270000 -0.643033
v 10.319962 0.270000 -6.687277
v -8.663514 0.270000 -6.681455
vn -0.0000 1.0000 -0.0000
vn -0.8761 -0.0000 0.4822
vn -0.4822 -0.0000 -0.8761
vn 0.8761 -0.0000 -0.4822
vn 0.4822 -0.0000 0.8761
vn -0.0000 -1.0000 -0.0000
vn -0.8709 -0.0000 0.4915
vn -0.4915 -0.0000 -0.8709
vn 0.8709 -0.0000 -0.4915
vn 0.4915 -0.0000 0.8709
vn 0.0980 -0.0000 -0.9952
vn 0.2903 -0.0000 -0.9569
vn 0.4714 -0.0000 -0.8819
vn 0.6344 -0.0000 -0.7730
vn 0.7730 -0.0000 -0.6344
vn 0.8819 -0.0000 -0.4714
vn 0.9569 -0.0000 -0.2903
vn 0.9952 -0.0000 -0.0980
vn 0.9952 -0.0000 0.0980
vn 0.9569 -0.0000 0.2903
vn 0.8819 -0.0000 0.4714
vn 0.7730 -0.0000 0.6344
vn 0.6344 -0.0000 0.7730
vn 0.4714 -0.0000 0.8819
vn 0.2903 -0.0000 0.9569
vn 0.0980 -0.0000 0.9952
vn -0.0980 -0.0000 0.9952
vn -0.2903 -0.0000 0.9569
vn -0.4714 -0.0000 0.8819
vn -0.6344 -0.0000 0.7730
vn -0.7730 -0.0000 0.6344
vn -0.8819 -0.0000 0.4714
vn -0.9569 -0.0000 0.2903
vn -0.9952 -0.0000 0.0980
vn -0.9952 -0.0000 -0.0980
vn -0.9569 -0.0000 -0.2903
vn -0.8819 -0.0000 -0.4714
vn -0.7730 -0.0000 -0.6344
vn -0.6344 -0.0000 -0.7730
vn -0.4714 -0.0000 -0.8819
vn -0.2903 -0.0000 -0.9569
vn -0.0980 -0.0000 -0.9952
vt 0.000000 0.000000
vt 1.000000 0.000000
vt 1.000000 1.000000
vt 0.000000 1.000000
vt 0.375000 0.000000
vt 0.625000 0.000000
vt 0.625000 0.250000
vt 0.375000 0.250000
vt 0.625000 0.500000
vt 0.375000 0.500000
vt 0.625000 0.750000
vt 0.375000 0.750000
vt 0.625000 1.000000
vt 0.375000 1.000000
vt 0.125000 0.500000
vt 0.125000 0.750000
vt 0.875000 0.500000
vt 0.875000 0.750000
vt 1.000000 0.500000
vt 0.968750 1.000000
vt 0.968750 0.500000
vt 0.937500 1.000000
vt 0.937500 0.500000
vt 0.906250 1.000000
vt 0.906250 0.500000
vt 0.875000 1.000000
vt 0.843750 1.000000
vt 0.843750 0.500000
vt 0.812500 1.000000
vt 0.812500 0.500000
vt 0.781250 1.000000
vt 0.781250 0.500000
vt 0.750000 1.000000
vt 0.750000 0.500000
vt 0.718750 1.000000
vt 0.718750 0.500000
vt 0.687500 1.000000
vt 0.687500 0.500000
vt 0.656250 1.000000
vt 0.656250 0.500000
vt 0.593750 1.000000
vt 0.593750 0.500000
vt 0.562500 1.000000
vt 0.562500 0.500000
vt 0.531250 1.000000
vt 0.531250 0.500000
vt 0.500000 1.000000
vt 0.500000 0.500000
vt 0.468750 1.000000
vt 0.468750 0.500000
vt 0.437500 1.000000
vt 0.437500 0.500000
vt 0.406250 1.000000
vt 0.406250 0.500000
vt 0.343750 1.000000
vt 0.343750 0.500000
vt 0.312500 1.000000
vt 0.312500 0.500000
vt 0.281250 1.000000
vt 0.281250 0.500000
vt 0.250000 1.000000
vt 0.250000 0.500000
vt 0.218750 1.000000
vt 0.218750 0.500000
vt 0.187500 1.000000
vt 0.187500 0.500000
vt 0.156250 1.000000
vt 0.156250 0.500000
vt 0.125000 1.000000
vt 0.093750 1.000000
vt 0.093750 0.500000
vt 0.062500 1.000000
vt 0.062500 0.500000
vt 0.296822 0.485388
vt 0.250000 0.490000
vt 0.203178 0.485388
vt 0.158156 0.471731
vt 0.116663 0.449553
vt 0.080294 0.419706
vt 0.050447 0.383337
vt 0.028269 0.341844
vt 0.014612 0.296822
vt 0.010000 0.250000
vt 0.014612 0.203178
vt 0.028269 0.158156
vt 0.050447 0.116663
vt 0.080294 0.080294
vt 0.116663 0.050447
vt 0.158156 0.028269
vt 0.203178 0.014612
vt 0.250000 0.010000
vt 0.296822 0.014612
vt 0.341844 0.028269
vt 0.383337 0.050447
vt 0.419706 0.080294
vt 0.449553 0.116663
vt 0.471731 0.158156
vt 0.485388 0.203178
vt 0.490000 0.250000
vt 0.485388 0.296822
vt 0.471731 0.341844
vt 0.449553 0.383337
vt 0.419706 0.419706
vt 0.383337 0.449553
vt 0.341844 0.471731
vt 0.031250 1.000000
vt 0.031250 0.500000
vt 0.000000 0.500000
vt 0.750000 0.490000
vt 0.796822 0.485388
vt 0.841844 0.471731
vt 0.883337 0.449553
vt 0.919706 0.419706
vt 0.949553 0.383337
vt 0.971731 0.341844
vt 0.985388 0.296822
vt 0.990000 0.250000
vt 0.985388 0.203178
vt 0.971731 0.158156
vt 0.949553 0.116663
vt 0.919706 0.080294
vt 0.883337 0.050447
vt 0.841844 0.028269
vt 0.796822 0.014612
vt 0.750000 0.010000
vt 0.703178 0.014612
vt 0.658156 0.028269
vt 0.616663 0.050447
vt 0.580294 0.080294
vt 0.550447 0.116663
vt 0.528269 0.158156
vt 0.514612 0.203178
vt 0.510000 0.250000
vt 0.514612 0.296822
vt 0.528269 0.341844
vt 0.550447 0.383337
vt 0.580294 0.419706
vt 0.616663 0.449553
vt 0.658156 0.471731
vt 0.703178 0.485388
s 0
usemtl Material.022
f 1324/1230/962 1325/1231/962 1327/1232/962 1326/1233/962
usemtl Material.067
f 1328/1234/963 1329/1235/963 1331/1236/963 1330/1237/963
f 1330/1237/964 1331/1236/964 1335/1238/964 1334/1239/964
f 1334/1239/965 1335/1238/965 1333/1240/965 1332/1241/965
f 1332/1241/966 1333/1240/966 1329/1242/966 1328/1243/966
f 1330/1244/967 1334/1239/967 1332/1241/967 1328/1245/967
f 1335/1238/962 1331/1246/962 1329/1247/962 1333/1240/962
f 1336/1234/963 1337/1235/963 1339/1236/963 1338/1237/963
f 1338/1237/964 1339/1236/964 1343/1238/964 1342/1239/964
f 1342/1239/965 1343/1238/965 1341/1240/965 1340/1241/965
f 1340/1241/966 1341/1240/966 1337/1242/966 1336/1243/966
f 1338/1244/967 1342/1239/967 1340/1241/967 1336/1245/967
f 1343/1238/962 1339/1246/962 1337/1247/962 1341/1240/962
f 1344/1234/963 1345/1235/963 1347/1236/963 1346/1237/963
f 1346/1237/964 1347/1236/964 1351/1238/964 1350/1239/964
f 1350/1239/965 1351/1238/965 1349/1240/965 1348/1241/965
f 1348/1241/966 1349/1240/966 1345/1242/966 1344/1243/966
f 1346/1244/967 1350/1239/967 1348/1241/967 1344/1245/967
f 1351/1238/962 1347/1246/962 1345/1247/962 1349/1240/962
f 1352/1234/968 1353/1235/968 1355/1236/968 1354/1237/968
f 1354/1237/969 1355/1236/969 1359/1238/969 1358/1239/969
f 1358/1239/970 1359/1238/970 1357/1240/970 1356/1241/970
f 1356/1241/971 1357/1240/971 1353/1242/971 1352/1243/971
f 1354/1244/967 1358/1239/967 1356/1241/967 1352/1245/967
f 1359/1238/962 1355/1246/962 1353/1247/962 1357/1240/962
usemtl Material.068
f 1360/1248/972 1361/1232/972 1363/1249/972 1362/1250/972
f 1362/1250/973 1363/1249/973 1365/1251/973 1364/1252/973
f 1364/1252/974 1365/1251/974 1367/1253/974 1366/1254/974
f 1366/1254/975 1367/1253/975 1369/1255/975 1368/1246/975
f 1368/1246/976 1369/1255/976 1371/1256/976 1370/1257/976
f 1370/1257/977 1371/1256/977 1373/1258/977 1372/1259/977
f 1372/1259/978 1373/1258/978 1375/1260/978 1374/1261/978
f 1374/1261/979 1375/1260/979 1377/1262/979 1376/1263/979
f 1376/1263/980 1377/1262/980 1379/1264/980 1378/1265/980
f 1378/1265/981 1379/1264/981 1381/1266/981 1380/1267/981
f 1380/1267/982 1381/1266/982 1383/1268/982 1382/1269/982
f 1382/1269/983 1383/1268/983 1385/1242/983 1384/1238/983
f 1384/1238/984 1385/1242/984 1387/1270/984 1386/1271/984
f 1386/1271/985 1387/1270/985 1389/1272/985 1388/1273/985
f 1388/1273/986 1389/1272/986 1391/1274/986 1390/1275/986
f 1390/1275/987 1391/1274/987 1393/1276/987 1392/1277/987
f 1392/1277/988 1393/1276/988 1395/1278/988 1394/1279/988
f 1394/1279/989 1395/1278/989 1397/1280/989 1396/1281/989
f 1396/1281/990 1397/1280/990 1399/1282/990 1398/1283/990
f 1398/1283/991 1399/1282/991 1401/1243/991 1400/1239/991
f 1400/1239/992 1401/1243/992 1403/1284/992 1402/1285/992
f 1402/1285/993 1403/1284/993 1405/1286/993 1404/1287/993
f 1404/1287/994 1405/1286/994 1407/1288/994 1406/1289/994
f 1406/1289/995 1407/1288/995 1409/1290/995 1408/1291/995
f 1408/1291/996 1409/1290/996 1411/1292/996 1410/1293/996
f 1410/1293/997 1411/1292/997 1413/1294/997 1412/1295/997
f 1412/1295/998 1413/1294/998 1415/1296/998 1414/1297/998
f 1414/1297/999 1415/1296/999 1417/1298/999 1416/1244/999
f 1416/1244/1000 1417/1298/1000 1419/1299/1000 1418/1300/1000
f 1418/1300/1001 1419/1299/1001 1421/1301/1001 1420/1302/1001
f 1363/1303/962 1361/1304/962 1423/1305/962 1421/1306/962 1419/1307/962 1417/1308/962 1415/1309/962 1413/1310/962 1411/1311/962 1409/1312/962 1407/1313/962 1405/1314/962 1403/1315/962 1401/1316/962 1399/1317/962 1397/1318/962 1395/1319/962 1393/1320/962 1391/1321/962 1389/1322/962 1387/1323/962 1385/1324/962 1383/1325/962 1381/1326/962 1379/1327/962 1377/1328/962 1375/1329/962 1373/1330/962 1371/1331/962 1369/1332/962 1367/1333/962 1365/1334/962
f 1420/1302/1002 1421/1301/1002 1423/1335/1002 1422/1336/1002
f 1422/1336/1003 1423/1335/1003 1361/1233/1003 1360/1337/1003
f 1360/1338/967 1362/1339/967 1364/1340/967 1366/1341/967 1368/1342/967 1370/1343/967 1372/1344/967 1374/1345/967 1376/1346/967 1378/1347/967 1380/1348/967 1382/1349/967 1384/1350/967 1386/1351/967 1388/1352/967 1390/1353/967 1392/1354/967 1394/1355/967 1396/1356/967 1398/1357/967 1400/1358/967 1402/1359/967 1404/1360/967 1406/1361/967 1408/1362/967 1410/1363/967 1412/1364/967 1414/1365/967 1416/1366/967 1418/1367/967 1420/1368/967 1422/1369/967
usemtl Material.063
f 1424/1230/962 1425/1231/962 1427/1232/962 1426/1233/962
f 1428/1230/962 1429/1231/962 1430/1233/962
o Plane.029
v -71.111053 0.000000 8.178802
v -70.111053 0.000000 8.178802
v -71.111053 0.000000 2.778801
v -70.111053 0.000000 2.778801
v -71.111053 0.000000 8.178802
v -70.111053 0.000000 8.178802
v -70.111053 0.000000 8.178802
v -70.111053 0.000000 8.178802
v -70.111053 0.000000 8.178802
v -70.111053 0.000000 8.178802
vn -0.0000 1.0000 -0.0000
vt 0.000000 0.000000
vt 1.000000 0.000000
vt 1.000000 1.000000
vt 0.000000 1.000000
s 0
f 1431/1370/1004 1432/1371/1004 1434/1372/1004 1433/1373/1004
f 1432/1371/1004 1431/1370/1004 1435/1370/1004 1436/1371/1004
f 1432/1371/1004 1436/1371/1004 1438/1371/1004 1437/1371/1004
f 1437/1371/1004 1438/1371/1004 1440/1371/1004 1439/1371/1004
o Plane.031
v -30.811872 0.000000 0.030020
v -30.638224 0.000000 -0.954788
v -44.599178 0.000000 -2.401055
v -44.425533 0.000000 -3.385863
v -30.811872 0.000000 0.030020
v -30.638224 0.000000 -0.954788
v -30.638224 0.000000 -0.954788
v -30.638224 0.000000 -0.954788
v -30.638224 0.000000 -0.954788
v -30.638224 0.000000 -0.954788
vn -0.0000 1.0000 -0.0000
vt 0.000000 0.000000
vt 1.000000 0.000000
vt 1.000000 1.000000
vt 0.000000 1.000000
s 0
f 1441/1374/1005 1442/1375/1005 1444/1376/1005 1443/1377/1005
f 1442/1375/1005 1441/1374/1005 1445/1374/1005 1446/1375/1005
f 1442/1375/1005 1446/1375/1005 1448/1375/1005 1447/1375/1005
f 1447/1375/1005 1448/1375/1005 1450/1375/1005 1449/1375/1005
o Plane.033
v -16.834816 0.000000 -1.045734
v -16.905436 0.000000 -2.043237
v -30.799864 0.000000 -0.057072
v -30.870483 0.000000 -1.054575
v -16.834816 0.000000 -1.045734
v -16.905436 0.000000 -2.043237
v -16.905436 0.000000 -2.043237
v -16.905436 0.000000 -2.043237
v -16.905436 0.000000 -2.043237
v -16.905436 0.000000 -2.043237
vn -0.0000 1.0000 -0.0000
vt 0.000000 0.000000
vt 1.000000 0.000000
vt 1.000000 1.000000
vt 0.000000 1.000000
s 0
f 1451/1378/1006 1452/1379/1006 1454/1380/1006 1453/1381/1006
f 1452/1379/1006 1451/1378/1006 1455/1378/1006 1456/1379/1006
f 1452/1379/1006 1456/1379/1006 1458/1379/1006 1457/1379/1006
f 1457/1379/1006 1458/1379/1006 1460/1379/1006 1459/1379/1006
o Plane.034
v -7.037140 0.000000 -5.517930
v -7.448406 0.000000 -6.429445
v -16.699202 0.000000 -1.158506
v -17.110468 0.000000 -2.070021
v -7.037140 0.000000 -5.517930
v -7.448406 0.000000 -6.429445
v -7.448406 0.000000 -6.429445
v -7.448406 0.000000 -6.429445
v -7.448406 0.000000 -6.429445
v -7.448406 0.000000 -6.429445
vn -0.0000 1.0000 -0.0000
vt 0.000000 0.000000
vt 1.000000 0.000000
vt 1.000000 1.000000
vt 0.000000 1.000000
s 0
f 1461/1382/1007 1462/1383/1007 1464/1384/1007 1463/1385/1007
f 1462/1383/1007 1461/1382/1007 1465/1382/1007 1466/1383/1007
f 1462/1383/1007 1466/1383/1007 1468/1383/1007 1467/1383/1007
f 1467/1383/1007 1468/1383/1007 1470/1383/1007 1469/1383/1007
o Plane.035
v 7.895710 0.000000 -6.008555
v 7.634750 0.000000 -5.043206
v 19.479906 0.000000 -2.877042
v 19.218946 0.000000 -1.911692
v 7.895710 0.000000 -6.008555
v 7.634750 0.000000 -5.043206
v 7.634750 0.000000 -5.043206
v 7.634750 0.000000 -5.043206
v 7.634750 0.000000 -5.043206
v 7.634750 0.000000 -5.043206
vn -0.0000 1.0000 -0.0000
vt 0.000000 0.000000
vt 1.000000 0.000000
vt 1.000000 1.000000
vt 0.000000 1.000000
s 0
f 1471/1386/1008 1472/1387/1008 1474/1388/1008 1473/1389/1008
f 1472/1387/1008 1471/1386/1008 1475/1386/1008 1476/1387/1008
f 1472/1387/1008 1476/1387/1008 1478/1387/1008 1477/1387/1008
f 1477/1387/1008 1478/1387/1008 1480/1387/1008 1479/1387/1008
o Plane.036
v 31.217728 0.000000 -2.487411
v 31.163439 0.000000 -3.485936
v 19.235426 0.000000 -1.835928
v 19.181137 0.000000 -2.834453
v 31.217728 0.000000 -2.487411
v 31.163439 0.000000 -3.485936
v 31.163439 0.000000 -3.485936
v 31.163439 0.000000 -3.485936
v 31.163439 0.000000 -3.485936
v 31.163439 0.000000 -3.485936
vn -0.0000 1.0000 -0.0000
vt 0.000000 0.000000
vt 1.000000 0.000000
vt 1.000000 1.000000
vt 0.000000 1.000000
s 0
f 1481/1390/1009 1482/1391/1009 1484/1392/1009 1483/1393/1009
f 1482/1391/1009 1481/1390/1009 1485/1390/1009 1486/1391/1009
f 1482/1391/1009 1486/1391/1009 1488/1391/1009 1487/1391/1009
f 1487/1391/1009 1488/1391/1009 1490/1391/1009 1489/1391/1009
o Plane.037
v 42.957123 0.000000 -2.415496
v 42.957123 0.000000 -3.415496
v 30.957123 0.000000 -2.415496
v 30.957123 0.000000 -3.415496
v 42.957123 0.000000 -2.415496
v 42.957123 0.000000 -3.415496
v 42.957123 0.000000 -3.415496
v 42.957123 0.000000 -3.415496
v 42.957123 0.000000 -3.415496
v 42.957123 0.000000 -3.415496
vn -0.0000 1.0000 -0.0000
vt 0.000000 0.000000
vt 1.000000 0.000000
vt 1.000000 1.000000
vt 0.000000 1.000000
s 0
f 1491/1394/1010 1492/1395/1010 1494/1396/1010 1493/1397/1010
f 1492/1395/1010 1491/1394/1010 1495/1394/1010 1496/1395/1010
f 1492/1395/1010 1496/1395/1010 1498/1395/1010 1497/1395/1010
f 1497/1395/1010 1498/1395/1010 1500/1395/1010 1499/1395/1010
o Plane.038
v 48.483704 0.000000 -1.004582
v 48.729305 0.000000 -1.973953
v 42.667477 0.000000 -2.478185
v 42.913078 0.000000 -3.447556
v 48.483704 0.000000 -1.004582
v 48.729305 0.000000 -1.973953
v 48.729305 0.000000 -1.973953
v 48.729305 0.000000 -1.973953
v 48.729305 0.000000 -1.973953
v 48.729305 0.000000 -1.973953
vn -0.0000 1.0000 -0.0000
vt 0.000000 0.000000
vt 1.000000 0.000000
vt 1.000000 1.000000
vt 0.000000 1.000000
s 0
f 1501/1398/1011 1502/1399/1011 1504/1400/1011 1503/1401/1011
f 1502/1399/1011 1501/1398/1011 1505/1398/1011 1506/1399/1011
f 1502/1399/1011 1506/1399/1011 1508/1399/1011 1507/1399/1011
f 1507/1399/1011 1508/1399/1011 1510/1399/1011 1509/1399/1011
o Plane.039
v 48.218086 0.000000 -2.035956
v 48.463688 0.000000 -1.066584
v 54.034313 0.000000 -3.509557
v 54.279915 0.000000 -2.540185
v 48.218086 0.000000 -2.035956
v 48.463688 0.000000 -1.066584
v 48.463688 0.000000 -1.066584
v 48.463688 0.000000 -1.066584
v 48.463688 0.000000 -1.066584
v 48.463688 0.000000 -1.066584
vn -0.0000 1.0000 -0.0000
vt 0.000000 0.000000
vt 1.000000 0.000000
vt 1.000000 1.000000
vt 0.000000 1.000000
s 0
f 1511/1402/1012 1512/1403/1012 1514/1404/1012 1513/1405/1012
f 1512/1403/1012 1511/1402/1012 1515/1402/1012 1516/1403/1012
f 1512/1403/1012 1516/1403/1012 1518/1403/1012 1517/1403/1012
f 1517/1403/1012 1518/1403/1012 1520/1403/1012 1519/1403/1012
o Plane.040
v 59.735249 0.000000 -1.098482
v 59.980850 0.000000 -2.067853
v 53.919022 0.000000 -2.572083
v 54.164623 0.000000 -3.541454
v 59.735249 0.000000 -1.098482
v 59.980850 0.000000 -2.067853
v 59.980850 0.000000 -2.067853
v 59.980850 0.000000 -2.067853
v 59.980850 0.000000 -2.067853
v 59.980850 0.000000 -2.067853
vn -0.0000 1.0000 -0.0000
vt 0.000000 0.000000
vt 1.000000 0.000000
vt 1.000000 1.000000
vt 0.000000 1.000000
s 0
f 1521/1406/1013 1522/1407/1013 1524/1408/1013 1523/1409/1013
f 1522/1407/1013 1521/1406/1013 1525/1406/1013 1526/1407/1013
f 1522/1407/1013 1526/1407/1013 1528/1407/1013 1527/1407/1013
f 1527/1407/1013 1528/1407/1013 1530/1407/1013 1529/1407/1013
o Plane.041
v 65.823814 0.000000 -1.094002
v 65.823814 0.000000 -2.094002
v 59.823814 0.000000 -1.094002
v 59.823814 0.000000 -2.094002
v 65.823814 0.000000 -1.094002
v 65.823814 0.000000 -2.094002
v 65.823814 0.000000 -2.094002
v 65.823814 0.000000 -2.094002
v 65.823814 0.000000 -2.094002
v 65.823814 0.000000 -2.094002
vn -0.0000 1.0000 -0.0000
vt 0.000000 0.000000
vt 1.000000 0.000000
vt 1.000000 1.000000
vt 0.000000 1.000000
s 0
f 1531/1410/1014 1532/1411/1014 1534/1412/1014 1533/1413/1014
f 1532/1411/1014 1531/1410/1014 1535/1410/1014 1536/1411/1014
f 1532/1411/1014 1536/1411/1014 1538/1411/1014 1537/1411/1014
f 1537/1411/1014 1538/1411/1014 1540/1411/1014 1539/1411/1014
o Plane.042
v 70.412186 0.000000 0.251691
v 70.719658 0.000000 -0.699865
v 65.654411 0.000000 -1.285701
v 65.961884 0.000000 -2.237257
v 70.412186 0.000000 0.251691
v 70.719658 0.000000 -0.699865
v 70.719658 0.000000 -0.699865
v 70.719658 0.000000 -0.699865
v 70.719658 0.000000 -0.699865
v 70.719658 0.000000 -0.699865
vn -0.0000 1.0000 -0.0000
vt 0.000000 0.000000
vt 1.000000 0.000000
vt 1.000000 1.000000
vt 0.000000 1.000000
s 0
f 1541/1414/1015 1542/1415/1015 1544/1416/1015 1543/1417/1015
f 1542/1415/1015 1541/1414/1015 1545/1414/1015 1546/1415/1015
f 1542/1415/1015 1546/1415/1015 1548/1415/1015 1547/1415/1015
f 1547/1415/1015 1548/1415/1015 1550/1415/1015 1549/1415/1015
o Plane.043
v 73.032600 0.000000 2.641150
v 73.731438 0.000000 1.925875
v 70.171501 0.000000 -0.154221
v 70.870338 0.000000 -0.869496
v 73.032600 0.000000 2.641150
v 73.731438 0.000000 1.925875
v 73.731438 0.000000 1.925875
v 73.731438 0.000000 1.925875
v 73.731438 0.000000 1.925875
v 73.731438 0.000000 1.925875
vn -0.0000 1.0000 -0.0000
vt 0.000000 0.000000
vt 1.000000 0.000000
vt 1.000000 1.000000
vt 0.000000 1.000000
s 0
f 1551/1418/1016 1552/1419/1016 1554/1420/1016 1553/1421/1016
f 1552/1419/1016 1551/1418/1016 1555/1418/1016 1556/1419/1016
f 1552/1419/1016 1556/1419/1016 1558/1419/1016 1557/1419/1016
f 1557/1419/1016 1558/1419/1016 1560/1419/1016 1559/1419/1016
o Plane.044
v 75.330956 0.000000 6.006643
v 76.176750 0.000000 5.473135
v 73.196922 0.000000 2.623463
v 74.042717 0.000000 2.089955
v 75.330956 0.000000 6.006643
v 76.176750 0.000000 5.473135
v 76.176750 0.000000 5.473135
v 76.176750 0.000000 5.473135
v 76.176750 0.000000 5.473135
v 76.176750 0.000000 5.473135
vn -0.0000 1.0000 -0.0000
vt 0.000000 0.000000
vt 1.000000 0.000000
vt 1.000000 1.000000
vt 0.000000 1.000000
s 0
f 1561/1422/1017 1562/1423/1017 1564/1424/1017 1563/1425/1017
f 1562/1423/1017 1561/1422/1017 1565/1422/1017 1566/1423/1017
f 1562/1423/1017 1566/1423/1017 1568/1423/1017 1567/1423/1017
f 1567/1423/1017 1568/1423/1017 1570/1423/1017 1569/1423/1017
o Plane.045
v 75.166016 0.000000 11.909508
v 76.166016 0.000000 11.909508
v 75.166016 0.000000 5.909508
v 76.166016 0.000000 5.909508
v 75.166016 0.000000 11.909508
v 76.166016 0.000000 11.909508
v 76.166016 0.000000 11.909508
v 76.166016 0.000000 11.909508
v 76.166016 0.000000 11.909508
v 76.166016 0.000000 11.909508
vn -0.0000 1.0000 -0.0000
vt 0.000000 0.000000
vt 1.000000 0.000000
vt 1.000000 1.000000
vt 0.000000 1.000000
s 0
f 1571/1426/1018 1572/1427/1018 1574/1428/1018 1573/1429/1018
f 1572/1427/1018 1571/1426/1018 1575/1426/1018 1576/1427/1018
f 1572/1427/1018 1576/1427/1018 1578/1427/1018 1577/1427/1018
f 1577/1427/1018 1578/1427/1018 1580/1427/1018 1579/1427/1018
o Plane.046
v 73.517883 0.000000 17.091949
v 74.465431 0.000000 17.411549
v 75.243721 0.000000 11.975164
v 76.191269 0.000000 12.294764
v 73.517883 0.000000 17.091949
v 74.465431 0.000000 17.411549
v 74.465431 0.000000 17.411549
v 74.465431 0.000000 17.411549
v 74.465431 0.000000 17.411549
v 74.465431 0.000000 17.411549
vn -0.0000 1.0000 -0.0000
vt 0.000000 0.000000
vt 1.000000 0.000000
vt 1.000000 1.000000
vt 0.000000 1.000000
s 0
f 1581/1430/1019 1582/1431/1019 1584/1432/1019 1583/1433/1019
f 1582/1431/1019 1581/1430/1019 1585/1430/1019 1586/1431/1019
f 1582/1431/1019 1586/1431/1019 1588/1431/1019 1587/1431/1019
f 1587/1431/1019 1588/1431/1019 1590/1431/1019 1589/1431/1019
o Plane.048
v 69.975693 0.000000 22.207985
v 70.822159 0.000000 22.740433
v 73.276871 0.000000 16.959915
v 74.123337 0.000000 17.492363
v 69.975693 0.000000 22.207985
v 70.822159 0.000000 22.740433
v 70.822159 0.000000 22.740433
v 70.822159 0.000000 22.740433
v 70.822159 0.000000 22.740433
v 70.822159 0.000000 22.740433
vn -0.0000 1.0000 -0.0000
vt 0.000000 0.000000
vt 1.000000 0.000000
vt 1.000000 1.000000
vt 0.000000 1.000000
s 0
f 1591/1434/1020 1592/1435/1020 1594/1436/1020 1593/1437/1020
f 1592/1435/1020 1591/1434/1020 1595/1434/1020 1596/1435/1020
f 1592/1435/1020 1596/1435/1020 1598/1435/1020 1597/1435/1020
f 1597/1435/1020 1598/1435/1020 1600/1435/1020 1599/1435/1020
o Plane.027
v -69.425705 0.000000 14.040555
v -68.469238 0.000000 13.748735
v -71.176620 0.000000 8.301714
v -70.220154 0.000000 8.009894
v -69.425705 0.000000 14.040555
v -68.469238 0.000000 13.748735
v -68.469238 0.000000 13.748735
v -68.469238 0.000000 13.748735
v -68.469238 0.000000 13.748735
v -68.469238 0.000000 13.748735
vn -0.0000 1.0000 -0.0000
vt 0.000000 0.000000
vt 1.000000 0.000000
vt 1.000000 1.000000
vt 0.000000 1.000000
s 0
f 1601/1438/1021 1602/1439/1021 1604/1440/1021 1603/1441/1021
f 1602/1439/1021 1601/1438/1021 1605/1438/1021 1606/1439/1021
f 1602/1439/1021 1606/1439/1021 1608/1439/1021 1607/1439/1021
f 1607/1439/1021 1608/1439/1021 1610/1439/1021 1609/1439/1021
o Plane.054
v -49.256580 0.000000 51.054482
v -48.833710 0.000000 50.148289
v -54.693726 0.000000 48.517262
v -54.270855 0.000000 47.611069
v -49.256580 0.000000 51.054482
v -48.833710 0.000000 50.148289
v -48.833710 0.000000 50.148289
v -48.833710 0.000000 50.148289
v -48.833710 0.000000 50.148289
v -48.833710 0.000000 50.148289
vn -0.0000 1.0000 -0.0000
vt 0.000000 0.000000
vt 1.000000 0.000000
vt 1.000000 1.000000
vt 0.000000 1.000000
s 0
f 1611/1442/1022 1612/1443/1022 1614/1444/1022 1613/1445/1022
f 1612/1443/1022 1611/1442/1022 1615/1442/1022 1616/1443/1022
f 1612/1443/1022 1616/1443/1022 1618/1443/1022 1617/1443/1022
f 1617/1443/1022 1618/1443/1022 1620/1443/1022 1619/1443/1022
o Plane.068
v 40.065060 0.000000 49.859520
v 40.446972 0.000000 48.935318
v 34.519871 0.000000 47.568047
v 34.901783 0.000000 46.643845
v 40.065060 0.000000 49.859520
v 40.446972 0.000000 48.935318
v 40.446972 0.000000 48.935318
v 40.446972 0.000000 48.935318
v 40.446972 0.000000 48.935318
v 40.446972 0.000000 48.935318
vn -0.0000 1.0000 -0.0000
vt 0.000000 0.000000
vt 1.000000 0.000000
vt 1.000000 1.000000
vt 0.000000 1.000000
s 0
f 1621/1446/1023 1622/1447/1023 1624/1448/1023 1623/1449/1023
f 1622/1447/1023 1621/1446/1023 1625/1446/1023 1626/1447/1023
f 1622/1447/1023 1626/1447/1023 1628/1447/1023 1627/1447/1023
f 1627/1447/1023 1628/1447/1023 1630/1447/1023 1629/1447/1023
o Plane.069
v 66.416191 0.000000 26.866497
v 67.228943 0.000000 27.449110
v 69.911865 0.000000 21.990000
v 70.724617 0.000000 22.572613
v 66.416191 0.000000 26.866497
v 67.228943 0.000000 27.449110
v 67.228943 0.000000 27.449110
v 67.228943 0.000000 27.449110
v 67.228943 0.000000 27.449110
v 67.228943 0.000000 27.449110
vn -0.0000 1.0000 -0.0000
vt 0.000000 0.000000
vt 1.000000 0.000000
vt 1.000000 1.000000
vt 0.000000 1.000000
s 0
f 1631/1450/1024 1632/1451/1024 1634/1452/1024 1633/1453/1024
f 1632/1451/1024 1631/1450/1024 1635/1450/1024 1636/1451/1024
f 1632/1451/1024 1636/1451/1024 1638/1451/1024 1637/1451/1024
f 1637/1451/1024 1638/1451/1024 1640/1451/1024 1639/1451/1024
o Plane.070
v 62.625191 0.000000 31.691219
v 63.400589 0.000000 32.322693
v 66.414032 0.000000 27.038837
v 67.189430 0.000000 27.670311
v 62.625191 0.000000 31.691219
v 63.400589 0.000000 32.322693
v 63.400589 0.000000 32.322693
v 63.400589 0.000000 32.322693
v 63.400589 0.000000 32.322693
v 63.400589 0.000000 32.322693
vn -0.0000 1.0000 -0.0000
vt 0.000000 0.000000
vt 1.000000 0.000000
vt 1.000000 1.000000
vt 0.000000 1.000000
s 0
f 1641/1454/1025 1642/1455/1025 1644/1456/1025 1643/1457/1025
f 1642/1455/1025 1641/1454/1025 1645/1454/1025 1646/1455/1025
f 1642/1455/1025 1646/1455/1025 1648/1455/1025 1647/1455/1025
f 1647/1455/1025 1648/1455/1025 1650/1455/1025 1649/1455/1025
o Plane.071
v 59.988342 0.000000 37.428299
v 60.895039 0.000000 37.850082
v 62.519062 0.000000 31.988127
v 63.425758 0.000000 32.409912
v 59.988342 0.000000 37.428299
v 60.895039 0.000000 37.850082
v 60.895039 0.000000 37.850082
v 60.895039 0.000000 37.850082
v 60.895039 0.000000 37.850082
v 60.895039 0.000000 37.850082
vn -0.0000 1.0000 -0.0000
vt 0.000000 0.000000
vt 1.000000 0.000000
vt 1.000000 1.000000
vt 0.000000 1.000000
s 0
f 1651/1458/1026 1652/1459/1026 1654/1460/1026 1653/1461/1026
f 1652/1459/1026 1651/1458/1026 1655/1458/1026 1656/1459/1026
f 1652/1459/1026 1656/1459/1026 1658/1459/1026 1657/1459/1026
f 1657/1459/1026 1658/1459/1026 1660/1459/1026 1659/1459/1026
o Plane.073
v 49.764088 0.000000 43.229031
v 50.186684 0.000000 44.135349
v 55.201996 0.000000 40.693455
v 55.624592 0.000000 41.599773
v 49.764088 0.000000 43.229031
v 50.186684 0.000000 44.135349
v 50.186684 0.000000 44.135349
v 50.186684 0.000000 44.135349
v 50.186684 0.000000 44.135349
v 50.186684 0.000000 44.135349
vn -0.0000 1.0000 -0.0000
vt 0.000000 0.000000
vt 1.000000 0.000000
vt 1.000000 1.000000
vt 0.000000 1.000000
s 0
f 1661/1462/1027 1662/1463/1027 1664/1464/1027 1663/1465/1027
f 1662/1463/1027 1661/1462/1027 1665/1462/1027 1666/1463/1027
f 1662/1463/1027 1666/1463/1027 1668/1463/1027 1667/1463/1027
f 1667/1463/1027 1668/1463/1027 1670/1463/1027 1669/1463/1027
o Plane.074
v 45.406170 0.000000 46.720051
v 46.071239 0.000000 47.466831
v 49.140079 0.000000 43.394703
v 49.805149 0.000000 44.141483
v 45.406170 0.000000 46.720051
v 46.071239 0.000000 47.466831
v 46.071239 0.000000 47.466831
v 46.071239 0.000000 47.466831
v 46.071239 0.000000 47.466831
v 46.071239 0.000000 47.466831
vn -0.0000 1.0000 -0.0000
vt 0.000000 0.000000
vt 1.000000 0.000000
vt 1.000000 1.000000
vt 0.000000 1.000000
s 0
f 1671/1466/1028 1672/1467/1028 1674/1468/1028 1673/1469/1028
f 1672/1467/1028 1671/1466/1028 1675/1466/1028 1676/1467/1028
f 1672/1467/1028 1676/1467/1028 1678/1467/1028 1677/1467/1028
f 1677/1467/1028 1678/1467/1028 1680/1467/1028 1679/1467/1028
o Plane.076
v 39.698704 0.000000 48.881771
v 40.037106 0.000000 49.822773
v 45.344715 0.000000 46.851368
v 45.683117 0.000000 47.792370
v 39.698704 0.000000 48.881771
v 40.037106 0.000000 49.822773
v 40.037106 0.000000 49.822773
v 40.037106 0.000000 49.822773
v 40.037106 0.000000 49.822773
v 40.037106 0.000000 49.822773
vn -0.0000 1.0000 -0.0000
vt 0.000000 0.000000
vt 1.000000 0.000000
vt 1.000000 1.000000
vt 0.000000 1.000000
s 0
f 1681/1470/1029 1682/1471/1029 1684/1472/1029 1683/1473/1029
f 1682/1471/1029 1681/1470/1029 1685/1470/1029 1686/1471/1029
f 1682/1471/1029 1686/1471/1029 1688/1471/1029 1687/1471/1029
f 1687/1471/1029 1688/1471/1029 1690/1471/1029 1689/1471/1029
o Plane.072
v 60.888042 0.000000 38.177742
v 60.334431 0.000000 37.344967
v 55.891392 0.000000 41.499416
v 55.337780 0.000000 40.666641
v 60.888042 0.000000 38.177742
v 60.334431 0.000000 37.344967
v 60.334431 0.000000 37.344967
v 60.334431 0.000000 37.344967
v 60.334431 0.000000 37.344967
v 60.334431 0.000000 37.344967
vn -0.0000 1.0000 -0.0000
vt 0.000000 0.000000
vt 1.000000 0.000000
vt 1.000000 1.000000
vt 0.000000 1.000000
s 0
f 1691/1474/1030 1692/1475/1030 1694/1476/1030 1693/1477/1030
f 1692/1475/1030 1691/1474/1030 1695/1474/1030 1696/1475/1030
f 1692/1475/1030 1696/1475/1030 1698/1475/1030 1697/1475/1030
f 1697/1475/1030 1698/1475/1030 1700/1475/1030 1699/1475/1030
o Plane.077
v 28.945175 0.000000 47.408890
v 29.093472 0.000000 48.397835
v 34.878834 0.000000 46.519112
v 35.027130 0.000000 47.508057
v 28.945175 0.000000 47.408890
v 29.093472 0.000000 48.397835
v 29.093472 0.000000 48.397835
v 29.093472 0.000000 48.397835
v 29.093472 0.000000 48.397835
v 29.093472 0.000000 48.397835
vn -0.0000 1.0000 -0.0000
vt 0.000000 0.000000
vt 1.000000 0.000000
vt 1.000000 1.000000
vt 0.000000 1.000000
s 0
f 1701/1478/1031 1702/1479/1031 1704/1480/1031 1703/1481/1031
f 1702/1479/1031 1701/1478/1031 1705/1478/1031 1706/1479/1031
f 1702/1479/1031 1706/1479/1031 1708/1479/1031 1707/1479/1031
f 1707/1479/1031 1708/1479/1031 1710/1479/1031 1709/1479/1031
o Plane.078
v 23.942430 0.000000 50.578426
v 24.480534 0.000000 51.421307
v 28.999702 0.000000 47.349804
v 29.537806 0.000000 48.192684
v 23.942430 0.000000 50.578426
v 24.480534 0.000000 51.421307
v 24.480534 0.000000 51.421307
v 24.480534 0.000000 51.421307
v 24.480534 0.000000 51.421307
v 24.480534 0.000000 51.421307
vn -0.0000 1.0000 -0.0000
vt 0.000000 0.000000
vt 1.000000 0.000000
vt 1.000000 1.000000
vt 0.000000 1.000000
s 0
f 1711/1482/1032 1712/1483/1032 1714/1484/1032 1713/1485/1032
f 1712/1483/1032 1711/1482/1032 1715/1482/1032 1716/1483/1032
f 1712/1483/1032 1716/1483/1032 1718/1483/1032 1717/1483/1032
f 1717/1483/1032 1718/1483/1032 1720/1483/1032 1719/1483/1032
o Plane.067
v 18.497610 0.000000 51.025616
v 18.606133 0.000000 52.019711
v 24.462173 0.000000 50.374477
v 24.570696 0.000000 51.368572
v 18.497610 0.000000 51.025616
v 18.606133 0.000000 52.019711
v 18.606133 0.000000 52.019711
v 18.606133 0.000000 52.019711
v 18.606133 0.000000 52.019711
v 18.606133 0.000000 52.019711
vn -0.0000 1.0000 -0.0000
vt 0.000000 0.000000
vt 1.000000 0.000000
vt 1.000000 1.000000
vt 0.000000 1.000000
s 0
f 1721/1486/1033 1722/1487/1033 1724/1488/1033 1723/1489/1033
f 1722/1487/1033 1721/1486/1033 1725/1486/1033 1726/1487/1033
f 1722/1487/1033 1726/1487/1033 1728/1487/1033 1727/1487/1033
f 1727/1487/1033 1728/1487/1033 1730/1487/1033 1729/1487/1033
o Plane.079
v 13.164769 0.000000 53.384460
v 13.563139 0.000000 54.301685
v 18.668119 0.000000 50.994244
v 19.066488 0.000000 51.911469
v 13.164769 0.000000 53.384460
v 13.563139 0.000000 54.301685
v 13.563139 0.000000 54.301685
v 13.563139 0.000000 54.301685
v 13.563139 0.000000 54.301685
v 13.563139 0.000000 54.301685
vn -0.0000 1.0000 -0.0000
vt 0.000000 0.000000
vt 1.000000 0.000000
vt 1.000000 1.000000
vt 0.000000 1.000000
s 0
f 1731/1490/1034 1732/1491/1034 1734/1492/1034 1733/1493/1034
f 1732/1491/1034 1731/1490/1034 1735/1490/1034 1736/1491/1034
f 1732/1491/1034 1736/1491/1034 1738/1491/1034 1737/1491/1034
f 1737/1491/1034 1738/1491/1034 1740/1491/1034 1739/1491/1034
o Plane.080
v 7.989999 0.000000 56.460732
v 8.484344 0.000000 57.329994
v 13.205593 0.000000 53.494659
v 13.699938 0.000000 54.363922
v 7.989999 0.000000 56.460732
v 8.484344 0.000000 57.329994
v 8.484344 0.000000 57.329994
v 8.484344 0.000000 57.329994
v 8.484344 0.000000 57.329994
v 8.484344 0.000000 57.329994
vn -0.0000 1.0000 -0.0000
vt 0.000000 0.000000
vt 1.000000 0.000000
vt 1.000000 1.000000
vt 0.000000 1.000000
s 0
f 1741/1494/1035 1742/1495/1035 1744/1496/1035 1743/1497/1035
f 1742/1495/1035 1741/1494/1035 1745/1494/1035 1746/1495/1035
f 1742/1495/1035 1746/1495/1035 1748/1495/1035 1747/1495/1035
f 1747/1495/1035 1748/1495/1035 1750/1495/1035 1749/1495/1035
o Plane.081
v 2.438732 0.000000 58.616493
v 2.789156 0.000000 59.553085
v 8.058280 0.000000 56.513954
v 8.408704 0.000000 57.450546
v 2.438732 0.000000 58.616493
v 2.789156 0.000000 59.553085
v 2.789156 0.000000 59.553085
v 2.789156 0.000000 59.553085
v 2.789156 0.000000 59.553085
v 2.789156 0.000000 59.553085
vn -0.0000 1.0000 -0.0000
vt 0.000000 0.000000
vt 1.000000 0.000000
vt 1.000000 1.000000
vt 0.000000 1.000000
s 0
f 1751/1498/1036 1752/1499/1036 1754/1500/1036 1753/1501/1036
f 1752/1499/1036 1751/1498/1036 1755/1498/1036 1756/1499/1036
f 1752/1499/1036 1756/1499/1036 1758/1499/1036 1757/1499/1036
f 1757/1499/1036 1758/1499/1036 1760/1499/1036 1759/1499/1036
o Plane.082
v 2.627468 0.000000 59.682487
v 2.764040 0.000000 58.691860
v -3.316313 0.000000 58.863056
v -3.179741 0.000000 57.872429
v 2.627468 0.000000 59.682487
v 2.764040 0.000000 58.691860
v 2.764040 0.000000 58.691860
v 2.764040 0.000000 58.691860
v 2.764040 0.000000 58.691860
v 2.764040 0.000000 58.691860
vn -0.0000 1.0000 -0.0000
vt 0.000000 0.000000
vt 1.000000 0.000000
vt 1.000000 1.000000
vt 0.000000 1.000000
s 0
f 1761/1502/1037 1762/1503/1037 1764/1504/1037 1763/1505/1037
f 1762/1503/1037 1761/1502/1037 1765/1502/1037 1766/1503/1037
f 1762/1503/1037 1766/1503/1037 1768/1503/1037 1767/1503/1037
f 1767/1503/1037 1768/1503/1037 1770/1503/1037 1769/1503/1037
o Plane.065
v -3.301272 0.000000 58.938747
v -3.285615 0.000000 57.938873
v -9.300536 0.000000 58.844803
v -9.284879 0.000000 57.844929
v -3.301272 0.000000 58.938747
v -3.285615 0.000000 57.938873
v -3.285615 0.000000 57.938873
v -3.285615 0.000000 57.938873
v -3.285615 0.000000 57.938873
v -3.285615 0.000000 57.938873
vn -0.0000 1.0000 -0.0000
vt 0.000000 0.000000
vt 1.000000 0.000000
vt 1.000000 1.000000
vt 0.000000 1.000000
s 0
f 1771/1506/1038 1772/1507/1038 1774/1508/1038 1773/1509/1038
f 1772/1507/1038 1771/1506/1038 1775/1506/1038 1776/1507/1038
f 1772/1507/1038 1776/1507/1038 1778/1507/1038 1777/1507/1038
f 1777/1507/1038 1778/1507/1038 1780/1507/1038 1779/1507/1038
o Plane.061
v -9.252225 0.000000 58.892391
v -9.194550 0.000000 57.894054
v -15.242237 0.000000 58.546337
v -15.184562 0.000000 57.548000
v -9.252225 0.000000 58.892391
v -9.194550 0.000000 57.894054
v -9.194550 0.000000 57.894054
v -9.194550 0.000000 57.894054
v -9.194550 0.000000 57.894054
v -9.194550 0.000000 57.894054
vn -0.0000 1.0000 -0.0000
vt 0.000000 0.000000
vt 1.000000 0.000000
vt 1.000000 1.000000
vt 0.000000 1.000000
s 0
f 1781/1510/1039 1782/1511/1039 1784/1512/1039 1783/1513/1039
f 1782/1511/1039 1781/1510/1039 1785/1510/1039 1786/1511/1039
f 1782/1511/1039 1786/1511/1039 1788/1511/1039 1787/1511/1039
f 1787/1511/1039 1788/1511/1039 1790/1511/1039 1789/1511/1039
o Plane.062
v -15.037589 0.000000 58.684223
v -15.030296 0.000000 57.684250
v -21.037430 0.000000 58.640465
v -21.030136 0.000000 57.640491
v -15.037589 0.000000 58.684223
v -15.030296 0.000000 57.684250
v -15.030296 0.000000 57.684250
v -15.030296 0.000000 57.684250
v -15.030296 0.000000 57.684250
v -15.030296 0.000000 57.684250
vn -0.0000 1.0000 -0.0000
vt 0.000000 0.000000
vt 1.000000 0.000000
vt 1.000000 1.000000
vt 0.000000 1.000000
s 0
f 1791/1514/1040 1792/1515/1040 1794/1516/1040 1793/1517/1040
f 1792/1515/1040 1791/1514/1040 1795/1514/1040 1796/1515/1040
f 1792/1515/1040 1796/1515/1040 1798/1515/1040 1797/1515/1040
f 1797/1515/1040 1798/1515/1040 1800/1515/1040 1799/1515/1040
o Plane.063
v -21.154896 0.000000 58.543144
v -21.097219 0.000000 57.544807
v -27.144907 0.000000 58.197090
v -27.087231 0.000000 57.198753
v -21.154896 0.000000 58.543144
v -21.097219 0.000000 57.544807
v -21.097219 0.000000 57.544807
v -21.097219 0.000000 57.544807
v -21.097219 0.000000 57.544807
v -21.097219 0.000000 57.544807
vn -0.0000 1.0000 -0.0000
vt 0.000000 0.000000
vt 1.000000 0.000000
vt 1.000000 1.000000
vt 0.000000 1.000000
s 0
f 1801/1518/1041 1802/1519/1041 1804/1520/1041 1803/1521/1041
f 1802/1519/1041 1801/1518/1041 1805/1518/1041 1806/1519/1041
f 1802/1519/1041 1806/1519/1041 1808/1519/1041 1807/1519/1041
f 1807/1519/1041 1808/1519/1041 1810/1519/1041 1809/1519/1041
o Plane.064
v -27.214073 0.000000 58.135403
v -27.156397 0.000000 57.137066
v -33.204086 0.000000 57.789349
v -33.146408 0.000000 56.791012
v -27.214073 0.000000 58.135403
v -27.156397 0.000000 57.137066
v -27.156397 0.000000 57.137066
v -27.156397 0.000000 57.137066
v -27.156397 0.000000 57.137066
v -27.156397 0.000000 57.137066
vn -0.0000 1.0000 -0.0000
vt 0.000000 0.000000
vt 1.000000 0.000000
vt 1.000000 1.000000
vt 0.000000 1.000000
s 0
f 1811/1522/1042 1812/1523/1042 1814/1524/1042 1813/1525/1042
f 1812/1523/1042 1811/1522/1042 1815/1522/1042 1816/1523/1042
f 1812/1523/1042 1816/1523/1042 1818/1523/1042 1817/1523/1042
f 1817/1523/1042 1818/1523/1042 1820/1523/1042 1819/1523/1042
o Plane.066
v -33.291824 0.000000 57.760872
v -33.234146 0.000000 56.762535
v -39.281837 0.000000 57.414818
v -39.224159 0.000000 56.416481
v -33.291824 0.000000 57.760872
v -33.234146 0.000000 56.762535
v -33.234146 0.000000 56.762535
v -33.234146 0.000000 56.762535
v -33.234146 0.000000 56.762535
v -33.234146 0.000000 56.762535
vn -0.0000 1.0000 -0.0000
vt 0.000000 0.000000
vt 1.000000 0.000000
vt 1.000000 1.000000
vt 0.000000 1.000000
s 0
f 1821/1526/1043 1822/1527/1043 1824/1528/1043 1823/1529/1043
f 1822/1527/1043 1821/1526/1043 1825/1526/1043 1826/1527/1043
f 1822/1527/1043 1826/1527/1043 1828/1527/1043 1827/1527/1043
f 1827/1527/1043 1828/1527/1043 1830/1527/1043 1829/1527/1043
o Plane.083
v -39.443893 0.000000 57.516953
v -39.047699 0.000000 56.598785
v -44.952896 0.000000 55.139786
v -44.556702 0.000000 54.221619
v -39.443893 0.000000 57.516953
v -39.047699 0.000000 56.598785
v -39.047699 0.000000 56.598785
v -39.047699 0.000000 56.598785
v -39.047699 0.000000 56.598785
v -39.047699 0.000000 56.598785
vn -0.0000 1.0000 -0.0000
vt 0.000000 0.000000
vt 1.000000 0.000000
vt 1.000000 1.000000
vt 0.000000 1.000000
s 0
f 1831/1530/1044 1832/1531/1044 1834/1532/1044 1833/1533/1044
f 1832/1531/1044 1831/1530/1044 1835/1530/1044 1836/1531/1044
f 1832/1531/1044 1836/1531/1044 1838/1531/1044 1837/1531/1044
f 1837/1531/1044 1838/1531/1044 1840/1531/1044 1839/1531/1044
o Plane.084
v -45.037045 0.000000 55.366657
v -44.288239 0.000000 54.703869
v -49.013771 0.000000 50.873814
v -48.264965 0.000000 50.211025
v -45.037045 0.000000 55.366657
v -44.288239 0.000000 54.703869
v -44.288239 0.000000 54.703869
v -44.288239 0.000000 54.703869
v -44.288239 0.000000 54.703869
v -44.288239 0.000000 54.703869
vn -0.0000 1.0000 -0.0000
vt 0.000000 0.000000
vt 1.000000 0.000000
vt 1.000000 1.000000
vt 0.000000 1.000000
s 0
f 1841/1534/1045 1842/1535/1045 1844/1536/1045 1843/1537/1045
f 1842/1535/1045 1841/1534/1045 1845/1534/1045 1846/1535/1045
f 1842/1535/1045 1846/1535/1045 1848/1535/1045 1847/1535/1045
f 1847/1535/1045 1848/1535/1045 1850/1535/1045 1849/1535/1045
o Plane.058
v -51.615452 0.000000 42.544281
v -50.648830 0.000000 42.288067
v -53.152729 0.000000 36.744556
v -52.186108 0.000000 36.488342
v -51.615452 0.000000 42.544281
v -50.648830 0.000000 42.288067
v -50.648830 0.000000 42.288067
v -50.648830 0.000000 42.288067
v -50.648830 0.000000 42.288067
v -50.648830 0.000000 42.288067
vn -0.0000 1.0000 -0.0000
vt 0.000000 0.000000
vt 1.000000 0.000000
vt 1.000000 1.000000
vt 0.000000 1.000000
s 0
f 1851/1538/1046 1852/1539/1046 1854/1540/1046 1853/1541/1046
f 1852/1539/1046 1851/1538/1046 1855/1538/1046 1856/1539/1046
f 1852/1539/1046 1856/1539/1046 1858/1539/1046 1857/1539/1046
f 1857/1539/1046 1858/1539/1046 1860/1539/1046 1859/1539/1046
o Plane.059
v -52.770294 0.000000 37.590691
v -51.899788 0.000000 37.098537
v -55.723213 0.000000 32.367641
v -54.852707 0.000000 31.875488
v -52.770294 0.000000 37.590691
v -51.899788 0.000000 37.098537
v -51.899788 0.000000 37.098537
v -51.899788 0.000000 37.098537
v -51.899788 0.000000 37.098537
v -51.899788 0.000000 37.098537
vn -0.0000 1.0000 -0.0000
vt 0.000000 0.000000
vt 1.000000 0.000000
vt 1.000000 1.000000
vt 0.000000 1.000000
s 0
f 1861/1542/1047 1862/1543/1047 1864/1544/1047 1863/1545/1047
f 1862/1543/1047 1861/1542/1047 1865/1542/1047 1866/1543/1047
f 1862/1543/1047 1866/1543/1047 1868/1543/1047 1867/1543/1047
f 1867/1543/1047 1868/1543/1047 1870/1543/1047 1869/1543/1047
o Plane.060
v -55.484985 0.000000 32.796204
v -54.697094 0.000000 32.180386
v -59.179874 0.000000 28.068859
v -58.391983 0.000000 27.453043
v -55.484985 0.000000 32.796204
v -54.697094 0.000000 32.180386
v -54.697094 0.000000 32.180386
v -54.697094 0.000000 32.180386
v -54.697094 0.000000 32.180386
v -54.697094 0.000000 32.180386
vn -0.0000 1.0000 -0.0000
vt 0.000000 0.000000
vt 1.000000 0.000000
vt 1.000000 1.000000
vt 0.000000 1.000000
s 0
f 1871/1546/1048 1872/1547/1048 1874/1548/1048 1873/1549/1048
f 1872/1547/1048 1871/1546/1048 1875/1546/1048 1876/1547/1048
f 1872/1547/1048 1876/1547/1048 1878/1547/1048 1877/1547/1048
f 1877/1547/1048 1878/1547/1048 1880/1547/1048 1879/1547/1048
o Plane.085
v -59.104507 0.000000 28.257992
v -58.340073 0.000000 27.613291
v -62.972717 0.000000 23.671385
v -62.208282 0.000000 23.026684
v -59.104507 0.000000 28.257992
v -58.340073 0.000000 27.613291
v -58.340073 0.000000 27.613291
v -58.340073 0.000000 27.613291
v -58.340073 0.000000 27.613291
v -58.340073 0.000000 27.613291
vn -0.0000 1.0000 -0.0000
vt 0.000000 0.000000
vt 1.000000 0.000000
vt 1.000000 1.000000
vt 0.000000 1.000000
s 0
f 1881/1550/1049 1882/1551/1049 1884/1552/1049 1883/1553/1049
f 1882/1551/1049 1881/1550/1049 1885/1550/1049 1886/1551/1049
f 1882/1551/1049 1886/1551/1049 1888/1551/1049 1887/1551/1049
f 1887/1551/1049 1888/1551/1049 1890/1551/1049 1889/1551/1049
o Plane.049
v -66.629784 0.000000 34.353962
v -65.652718 0.000000 34.566887
v -65.480003 0.000000 29.077789
v -64.502937 0.000000 29.290712
v -66.629784 0.000000 34.353962
v -65.652718 0.000000 34.566887
v -65.652718 0.000000 34.566887
v -65.652718 0.000000 34.566887
v -65.652718 0.000000 34.566887
v -65.652718 0.000000 34.566887
vn -0.0000 1.0000 -0.0000
vt 0.000000 0.000000
vt 1.000000 0.000000
vt 1.000000 1.000000
vt 0.000000 1.000000
s 0
f 1891/1554/1050 1892/1555/1050 1894/1556/1050 1893/1557/1050
f 1892/1555/1050 1891/1554/1050 1895/1554/1050 1896/1555/1050
f 1892/1555/1050 1896/1555/1050 1898/1555/1050 1897/1555/1050
f 1897/1555/1050 1898/1555/1050 1900/1555/1050 1899/1555/1050
o Plane.086
v -65.422173 0.000000 28.985067
v -64.472733 0.000000 29.299006
v -63.538544 0.000000 23.288408
v -62.589100 0.000000 23.602346
v -65.422173 0.000000 28.985067
v -64.472733 0.000000 29.299006
v -64.472733 0.000000 29.299006
v -64.472733 0.000000 29.299006
v -64.472733 0.000000 29.299006
v -64.472733 0.000000 29.299006
vn -0.0000 1.0000 -0.0000
vt 0.000000 0.000000
vt 1.000000 0.000000
vt 1.000000 1.000000
vt 0.000000 1.000000
s 0
f 1901/1558/1051 1902/1559/1051 1904/1560/1051 1903/1561/1051
f 1902/1559/1051 1901/1558/1051 1905/1558/1051 1906/1559/1051
f 1902/1559/1051 1906/1559/1051 1908/1559/1051 1907/1559/1051
f 1907/1559/1051 1908/1559/1051 1910/1559/1051 1909/1559/1051
o Plane.051
v -63.168259 0.000000 23.779043
v -62.380367 0.000000 23.163227
v -66.863152 0.000000 19.051701
v -66.075256 0.000000 18.435884
v -63.168259 0.000000 23.779043
v -62.380367 0.000000 23.163227
v -62.380367 0.000000 23.163227
v -62.380367 0.000000 23.163227
v -62.380367 0.000000 23.163227
v -62.380367 0.000000 23.163227
vn -0.0000 1.0000 -0.0000
vt 0.000000 0.000000
vt 1.000000 0.000000
vt 1.000000 1.000000
vt 0.000000 1.000000
s 0
f 1911/1562/1052 1912/1563/1052 1914/1564/1052 1913/1565/1052
f 1912/1563/1052 1911/1562/1052 1915/1562/1052 1916/1563/1052
f 1912/1563/1052 1916/1563/1052 1918/1563/1052 1917/1563/1052
f 1917/1563/1052 1918/1563/1052 1920/1563/1052 1919/1563/1052
o Plane.050
v -66.697334 0.000000 19.230808
v -65.792465 0.000000 18.805124
v -69.251434 0.000000 13.801576
v -68.346565 0.000000 13.375893
v -66.697334 0.000000 19.230808
v -65.792465 0.000000 18.805124
v -65.792465 0.000000 18.805124
v -65.792465 0.000000 18.805124
v -65.792465 0.000000 18.805124
v -65.792465 0.000000 18.805124
vn -0.0000 1.0000 -0.0000
vt 0.000000 0.000000
vt 1.000000 0.000000
vt 1.000000 1.000000
vt 0.000000 1.000000
s 0
f 1921/1566/1053 1922/1567/1053 1924/1568/1053 1923/1569/1053
f 1922/1567/1053 1921/1566/1053 1925/1566/1053 1926/1567/1053
f 1922/1567/1053 1926/1567/1053 1928/1567/1053 1927/1567/1053
f 1927/1567/1053 1928/1567/1053 1930/1567/1053 1929/1567/1053
o Plane.028
v -70.845764 0.000000 2.773196
v -69.937920 0.000000 3.192506
v -68.329903 0.000000 -2.673863
v -67.422058 0.000000 -2.254553
v -70.845764 0.000000 2.773196
v -69.937920 0.000000 3.192506
v -69.937920 0.000000 3.192506
v -69.937920 0.000000 3.192506
v -69.937920 0.000000 3.192506
v -69.937920 0.000000 3.192506
vn -0.0000 1.0000 -0.0000
vt 0.000000 0.000000
vt 1.000000 0.000000
vt 1.000000 1.000000
vt 0.000000 1.000000
s 0
f 1931/1570/1054 1932/1571/1054 1934/1572/1054 1933/1573/1054
f 1932/1571/1054 1931/1570/1054 1935/1570/1054 1936/1571/1054
f 1932/1571/1054 1936/1571/1054 1938/1571/1054 1937/1571/1054
f 1937/1571/1054 1938/1571/1054 1940/1571/1054 1939/1571/1054
o Plane.087
v -68.419212 0.000000 -2.535614
v -68.294189 0.000000 -1.543459
v -62.466290 0.000000 -3.285745
v -62.341270 0.000000 -2.293591
v -68.419212 0.000000 -2.535614
v -68.294189 0.000000 -1.543459
v -68.294189 0.000000 -1.543459
v -68.294189 0.000000 -1.543459
v -68.294189 0.000000 -1.543459
v -68.294189 0.000000 -1.543459
vn -0.0000 1.0000 -0.0000
vt 0.000000 0.000000
vt 1.000000 0.000000
vt 1.000000 1.000000
vt 0.000000 1.000000
s 0
f 1941/1574/1055 1942/1575/1055 1944/1576/1055 1943/1577/1055
f 1942/1575/1055 1941/1574/1055 1945/1574/1055 1946/1575/1055
f 1942/1575/1055 1946/1575/1055 1948/1575/1055 1947/1575/1055
f 1947/1575/1055 1948/1575/1055 1950/1575/1055 1949/1575/1055
o Plane.088
v -62.434135 0.000000 -3.248553
v -62.440609 0.000000 -2.248574
v -56.434261 0.000000 -3.209710
v -56.440735 0.000000 -2.209731
v -62.434135 0.000000 -3.248553
v -62.440609 0.000000 -2.248574
v -62.440609 0.000000 -2.248574
v -62.440609 0.000000 -2.248574
v -62.440609 0.000000 -2.248574
v -62.440609 0.000000 -2.248574
vn -0.0000 1.0000 -0.0000
vt 0.000000 0.000000
vt 1.000000 0.000000
vt 1.000000 1.000000
vt 0.000000 1.000000
s 0
f 1951/1578/1056 1952/1579/1056 1954/1580/1056 1953/1581/1056
f 1952/1579/1056 1951/1578/1056 1955/1578/1056 1956/1579/1056
f 1952/1579/1056 1956/1579/1056 1958/1579/1056 1957/1579/1056
f 1957/1579/1056 1958/1579/1056 1960/1579/1056 1959/1579/1056
o Plane.030
v -56.427670 0.000000 -3.304450
v -56.444614 0.000000 -2.304594
v -50.428532 0.000000 -3.202770
v -50.445477 0.000000 -2.202914
v -56.427670 0.000000 -3.304450
v -56.444614 0.000000 -2.304594
v -56.444614 0.000000 -2.304594
v -56.444614 0.000000 -2.304594
v -56.444614 0.000000 -2.304594
v -56.444614 0.000000 -2.304594
vn -0.0000 1.0000 -0.0000
vt 0.000000 0.000000
vt 1.000000 0.000000
vt 1.000000 1.000000
vt 0.000000 1.000000
s 0
f 1961/1582/1057 1962/1583/1057 1964/1584/1057 1963/1585/1057
f 1962/1583/1057 1961/1582/1057 1965/1582/1057 1966/1583/1057
f 1962/1583/1057 1966/1583/1057 1968/1583/1057 1967/1583/1057
f 1967/1583/1057 1968/1583/1057 1970/1583/1057 1969/1583/1057
o Plane.089
v -50.469124 0.000000 -3.193385
v -50.437748 0.000000 -2.193877
v -44.472080 0.000000 -3.381649
v -44.440704 0.000000 -2.382141
v -50.469124 0.000000 -3.193385
v -50.437748 0.000000 -2.193877
v -50.437748 0.000000 -2.193877
v -50.437748 0.000000 -2.193877
v -50.437748 0.000000 -2.193877
v -50.437748 0.000000 -2.193877
vn -0.0000 1.0000 -0.0000
vt 0.000000 0.000000
vt 1.000000 0.000000
vt 1.000000 1.000000
vt 0.000000 1.000000
s 0
f 1971/1586/1058 1972/1587/1058 1974/1588/1058 1973/1589/1058
f 1972/1587/1058 1971/1586/1058 1975/1586/1058 1976/1587/1058
f 1972/1587/1058 1976/1587/1058 1978/1587/1058 1977/1587/1058
f 1977/1587/1058 1978/1587/1058 1980/1587/1058 1979/1587/1058
o Plane.091
v 36.118866 0.000000 -0.628175
v 36.118866 0.000000 -1.328175
v 35.718864 0.000000 -0.628175
v 35.718864 0.000000 -1.328175
v 36.118866 0.000000 -0.628175
v 36.118866 0.000000 -1.328175
v 36.118866 0.000000 -1.328175
v 36.118866 0.000000 -1.328175
v 36.118866 0.000000 -1.328175
v 36.118866 0.000000 -1.328175
v 36.772766 0.000000 -0.628175
v 36.772766 0.000000 -1.328175
v 36.372768 0.000000 -0.628175
v 36.372768 0.000000 -1.328175
v 36.772766 0.000000 -0.628175
v 36.772766 0.000000 -1.328175
v 36.772766 0.000000 -1.328175
v 36.772766 0.000000 -1.328175
v 36.772766 0.000000 -1.328175
v 36.772766 0.000000 -1.328175
vn -0.0000 1.0000 -0.0000
vt 0.000000 0.000000
vt 1.000000 0.000000
vt 1.000000 1.000000
vt 0.000000 1.000000
s 0
f 1981/1590/1059 1982/1591/1059 1984/1592/1059 1983/1593/1059
f 1982/1591/1059 1981/1590/1059 1985/1590/1059 1986/1591/1059
f 1982/1591/1059 1986/1591/1059 1988/1591/1059 1987/1591/1059
f 1987/1591/1059 1988/1591/1059 1990/1591/1059 1989/1591/1059
f 1991/1590/1059 1992/1591/1059 1994/1592/1059 1993/1593/1059
f 1992/1591/1059 1991/1590/1059 1995/1590/1059 1996/1591/1059
f 1992/1591/1059 1996/1591/1059 1998/1591/1059 1997/1591/1059
f 1997/1591/1059 1998/1591/1059 2000/1591/1059 1999/1591/1059
o Plane.090
v 36.142883 0.000000 1.244551
v 36.142883 0.000000 0.544551
v 35.742882 0.000000 1.244551
v 35.742882 0.000000 0.544551
v 36.142883 0.000000 1.244551
v 36.142883 0.000000 0.544551
v 36.142883 0.000000 0.544551
v 36.142883 0.000000 0.544551
v 36.142883 0.000000 0.544551
v 36.142883 0.000000 0.544551
v 36.796783 0.000000 1.244551
v 36.796783 0.000000 0.544551
v 36.396786 0.000000 1.244551
v 36.396786 0.000000 0.544551
v 36.796783 0.000000 1.244551
v 36.796783 0.000000 0.544551
v 36.796783 0.000000 0.544551
v 36.796783 0.000000 0.544551
v 36.796783 0.000000 0.544551
v 36.796783 0.000000 0.544551
vn -0.0000 1.0000 -0.0000
vt 0.000000 0.000000
vt 1.000000 0.000000
vt 1.000000 1.000000
vt 0.000000 1.000000
s 0
f 2001/1594/1060 2002/1595/1060 2004/1596/1060 2003/1597/1060
f 2002/1595/1060 2001/1594/1060 2005/1594/1060 2006/1595/1060
f 2002/1595/1060 2006/1595/1060 2008/1595/1060 2007/1595/1060
f 2007/1595/1060 2008/1595/1060 2010/1595/1060 2009/1595/1060
f 2011/1594/1060 2012/1595/1060 2014/1596/1060 2013/1597/1060
f 2012/1595/1060 2011/1594/1060 2015/1594/1060 2016/1595/1060
f 2012/1595/1060 2016/1595/1060 2018/1595/1060 2017/1595/1060
f 2017/1595/1060 2018/1595/1060 2020/1595/1060 2019/1595/1060
o Plane.092
v 36.161613 0.000000 3.167514
v 36.161613 0.000000 2.467514
v 35.761612 0.000000 3.167514
v 35.761612 0.000000 2.467514
v 36.161613 0.000000 3.167514
v 36.161613 0.000000 2.467514
v 36.161613 0.000000 2.467514
v 36.161613 0.000000 2.467514
v 36.161613 0.000000 2.467514
v 36.161613 0.000000 2.467514
v 36.815514 0.000000 3.167514
v 36.815514 0.000000 2.467514
v 36.415516 0.000000 3.167514
v 36.415516 0.000000 2.467514
v 36.815514 0.000000 3.167514
v 36.815514 0.000000 2.467514
v 36.815514 0.000000 2.467514
v 36.815514 0.000000 2.467514
v 36.815514 0.000000 2.467514
v 36.815514 0.000000 2.467514
vn -0.0000 1.0000 -0.0000
vt 0.000000 0.000000
vt 1.000000 0.000000
vt 1.000000 1.000000
vt 0.000000 1.000000
s 0
f 2021/1598/1061 2022/1599/1061 2024/1600/1061 2023/1601/1061
f 2022/1599/1061 2021/1598/1061 2025/1598/1061 2026/1599/1061
f 2022/1599/1061 2026/1599/1061 2028/1599/1061 2027/1599/1061
f 2027/1599/1061 2028/1599/1061 2030/1599/1061 2029/1599/1061
f 2031/1598/1061 2032/1599/1061 2034/1600/1061 2033/1601/1061
f 2032/1599/1061 2031/1598/1061 2035/1598/1061 2036/1599/1061
f 2032/1599/1061 2036/1599/1061 2038/1599/1061 2037/1599/1061
f 2037/1599/1061 2038/1599/1061 2040/1599/1061 2039/1599/1061
o Plane.093
v 36.177162 0.000000 5.125030
v 36.177162 0.000000 4.425030
v 35.777161 0.000000 5.125030
v 35.777161 0.000000 4.425030
v 36.177162 0.000000 5.125030
v 36.177162 0.000000 4.425030
v 36.177162 0.000000 4.425030
v 36.177162 0.000000 4.425030
v 36.177162 0.000000 4.425030
v 36.177162 0.000000 4.425030
v 36.831062 0.000000 5.125030
v 36.831062 0.000000 4.425030
v 36.431065 0.000000 5.125030
v 36.431065 0.000000 4.425030
v 36.831062 0.000000 5.125030
v 36.831062 0.000000 4.425030
v 36.831062 0.000000 4.425030
v 36.831062 0.000000 4.425030
v 36.831062 0.000000 4.425030
v 36.831062 0.000000 4.425030
vn -0.0000 1.0000 -0.0000
vt 0.000000 0.000000
vt 1.000000 0.000000
vt 1.000000 1.000000
vt 0.000000 1.000000
s 0
f 2041/1602/1062 2042/1603/1062 2044/1604/1062 2043/1605/1062
f 2042/1603/1062 2041/1602/1062 2045/1602/1062 2046/1603/1062
f 2042/1603/1062 2046/1603/1062 2048/1603/1062 2047/1603/1062
f 2047/1603/1062 2048/1603/1062 2050/1603/1062 2049/1603/1062
f 2051/1602/1062 2052/1603/1062 2054/1604/1062 2053/1605/1062
f 2052/1603/1062 2051/1602/1062 2055/1602/1062 2056/1603/1062
f 2052/1603/1062 2056/1603/1062 2058/1603/1062 2057/1603/1062
f 2057/1603/1062 2058/1603/1062 2060/1603/1062 2059/1603/1062
o Plane.094
v 36.149780 0.000000 7.090424
v 36.149780 0.000000 6.390424
v 35.749779 0.000000 7.090424
v 35.749779 0.000000 6.390424
v 36.149780 0.000000 7.090424
v 36.149780 0.000000 6.390424
v 36.149780 0.000000 6.390424
v 36.149780 0.000000 6.390424
v 36.149780 0.000000 6.390424
v 36.149780 0.000000 6.390424
v 36.803680 0.000000 7.090424
v 36.803680 0.000000 6.390424
v 36.403683 0.000000 7.090424
v 36.403683 0.000000 6.390424
v 36.803680 0.000000 7.090424
v 36.803680 0.000000 6.390424
v 36.803680 0.000000 6.390424
v 36.803680 0.000000 6.390424
v 36.803680 0.000000 6.390424
v 36.803680 0.000000 6.390424
vn -0.0000 1.0000 -0.0000
vt 0.000000 0.000000
vt 1.000000 0.000000
vt 1.000000 1.000000
vt 0.000000 1.000000
s 0
f 2061/1606/1063 2062/1607/1063 2064/1608/1063 2063/1609/1063
f 2062/1607/1063 2061/1606/1063 2065/1606/1063 2066/1607/1063
f 2062/1607/1063 2066/1607/1063 2068/1607/1063 2067/1607/1063
f 2067/1607/1063 2068/1607/1063 2070/1607/1063 2069/1607/1063
f 2071/1606/1063 2072/1607/1063 2074/1608/1063 2073/1609/1063
f 2072/1607/1063 2071/1606/1063 2075/1606/1063 2076/1607/1063
f 2072/1607/1063 2076/1607/1063 2078/1607/1063 2077/1607/1063
f 2077/1607/1063 2078/1607/1063 2080/1607/1063 2079/1607/1063
o Plane.095
v 36.173615 0.000000 9.047459
v 36.173615 0.000000 8.347458
v 35.773613 0.000000 9.047459
v 35.773613 0.000000 8.347458
v 36.173615 0.000000 9.047459
v 36.173615 0.000000 8.347458
v 36.173615 0.000000 8.347458
v 36.173615 0.000000 8.347458
v 36.173615 0.000000 8.347458
v 36.173615 0.000000 8.347458
v 36.827515 0.000000 9.047459
v 36.827515 0.000000 8.347458
v 36.427517 0.000000 9.047459
v 36.427517 0.000000 8.347458
v 36.827515 0.000000 9.047459
v 36.827515 0.000000 8.347458
v 36.827515 0.000000 8.347458
v 36.827515 0.000000 8.347458
v 36.827515 0.000000 8.347458
v 36.827515 0.000000 8.347458
vn -0.0000 1.0000 -0.0000
vt 0.000000 0.000000
vt 1.000000 0.000000
vt 1.000000 1.000000
vt 0.000000 1.000000
s 0
f 2081/1610/1064 2082/1611/1064 2084/1612/1064 2083/1613/1064
f 2082/1611/1064 2081/1610/1064 2085/1610/1064 2086/1611/1064
f 2082/1611/1064 2086/1611/1064 2088/1611/1064 2087/1611/1064
f 2087/1611/1064 2088/1611/1064 2090/1611/1064 2089/1611/1064
f 2091/1610/1064 2092/1611/1064 2094/1612/1064 2093/1613/1064
f 2092/1611/1064 2091/1610/1064 2095/1610/1064 2096/1611/1064
f 2092/1611/1064 2096/1611/1064 2098/1611/1064 2097/1611/1064
f 2097/1611/1064 2098/1611/1064 2100/1611/1064 2099/1611/1064
o Plane.097
v -17.816389 0.000000 12.231014
v -18.079317 0.000000 11.582271
v -18.187101 0.000000 12.381259
v -18.450029 0.000000 11.732515
v -17.816389 0.000000 12.231014
v -18.079317 0.000000 11.582271
v -18.079317 0.000000 11.582271
v -18.079317 0.000000 11.582271
v -18.079317 0.000000 11.582271
v -18.079317 0.000000 11.582271
v -17.210369 0.000000 11.985402
v -17.473297 0.000000 11.336658
v -17.581079 0.000000 12.135647
v -17.844007 0.000000 11.486902
v -17.210369 0.000000 11.985402
v -17.473297 0.000000 11.336658
v -17.473297 0.000000 11.336658
v -17.473297 0.000000 11.336658
v -17.473297 0.000000 11.336658
v -17.473297 0.000000 11.336658
v -17.452965 0.000000 13.137613
v -17.715893 0.000000 12.488870
v -17.823675 0.000000 13.287858
v -18.086603 0.000000 12.639113
v -17.452965 0.000000 13.137613
v -17.715893 0.000000 12.488870
v -17.715893 0.000000 12.488870
v -17.715893 0.000000 12.488870
v -17.715893 0.000000 12.488870
v -17.715893 0.000000 12.488870
v -16.846943 0.000000 12.892001
v -17.109871 0.000000 12.243257
v -17.217653 0.000000 13.042246
v -17.480581 0.000000 12.393501
v -16.846943 0.000000 12.892001
v -17.109871 0.000000 12.243257
v -17.109871 0.000000 12.243257
v -17.109871 0.000000 12.243257
v -17.109871 0.000000 12.243257
v -17.109871 0.000000 12.243257
vn -0.0000 1.0000 -0.0000
vt 0.000000 0.000000
vt 1.000000 0.000000
vt 1.000000 1.000000
vt 0.000000 1.000000
s 0
f 2101/1614/1065 2102/1615/1065 2104/1616/1065 2103/1617/1065
f 2102/1615/1065 2101/1614/1065 2105/1614/1065 2106/1615/1065
f 2102/1615/1065 2106/1615/1065 2108/1615/1065 2107/1615/1065
f 2107/1615/1065 2108/1615/1065 2110/1615/1065 2109/1615/1065
f 2111/1614/1065 2112/1615/1065 2114/1616/1065 2113/1617/1065
f 2112/1615/1065 2111/1614/1065 2115/1614/1065 2116/1615/1065
f 2112/1615/1065 2116/1615/1065 2118/1615/1065 2117/1615/1065
f 2117/1615/1065 2118/1615/1065 2120/1615/1065 2119/1615/1065
f 2121/1614/1065 2122/1615/1065 2124/1616/1065 2123/1617/1065
f 2122/1615/1065 2121/1614/1065 2125/1614/1065 2126/1615/1065
f 2122/1615/1065 2126/1615/1065 2128/1615/1065 2127/1615/1065
f 2127/1615/1065 2128/1615/1065 2130/1615/1065 2129/1615/1065
f 2131/1614/1065 2132/1615/1065 2134/1616/1065 2133/1617/1065
f 2132/1615/1065 2131/1614/1065 2135/1614/1065 2136/1615/1065
f 2132/1615/1065 2136/1615/1065 2138/1615/1065 2137/1615/1065
f 2137/1615/1065 2138/1615/1065 2140/1615/1065 2139/1615/1065
o Plane.096
v -19.227404 0.000000 8.598168
v -19.490332 0.000000 7.949425
v -19.598116 0.000000 8.748413
v -19.861044 0.000000 8.099669
v -19.227404 0.000000 8.598168
v -19.490332 0.000000 7.949425
v -19.490332 0.000000 7.949425
v -19.490332 0.000000 7.949425
v -19.490332 0.000000 7.949425
v -19.490332 0.000000 7.949425
v -18.621384 0.000000 8.352556
v -18.884312 0.000000 7.703812
v -18.992094 0.000000 8.502801
v -19.255022 0.000000 7.854056
v -18.621384 0.000000 8.352556
v -18.884312 0.000000 7.703812
v -18.884312 0.000000 7.703812
v -18.884312 0.000000 7.703812
v -18.884312 0.000000 7.703812
v -18.884312 0.000000 7.703812
v -18.863979 0.000000 9.504767
v -19.126907 0.000000 8.856024
v -19.234690 0.000000 9.655012
v -19.497618 0.000000 9.006268
v -18.863979 0.000000 9.504767
v -19.126907 0.000000 8.856024
v -19.126907 0.000000 8.856024
v -19.126907 0.000000 8.856024
v -19.126907 0.000000 8.856024
v -19.126907 0.000000 8.856024
v -18.257957 0.000000 9.259155
v -18.520885 0.000000 8.610411
v -18.628668 0.000000 9.409399
v -18.891596 0.000000 8.760655
v -18.257957 0.000000 9.259155
v -18.520885 0.000000 8.610411
v -18.520885 0.000000 8.610411
v -18.520885 0.000000 8.610411
v -18.520885 0.000000 8.610411
v -18.520885 0.000000 8.610411
vn -0.0000 1.0000 -0.0000
vt 0.000000 0.000000
vt 1.000000 0.000000
vt 1.000000 1.000000
vt 0.000000 1.000000
s 0
f 2141/1618/1066 2142/1619/1066 2144/1620/1066 2143/1621/1066
f 2142/1619/1066 2141/1618/1066 2145/1618/1066 2146/1619/1066
f 2142/1619/1066 2146/1619/1066 2148/1619/1066 2147/1619/1066
f 2147/1619/1066 2148/1619/1066 2150/1619/1066 2149/1619/1066
f 2151/1618/1066 2152/1619/1066 2154/1620/1066 2153/1621/1066
f 2152/1619/1066 2151/1618/1066 2155/1618/1066 2156/1619/1066
f 2152/1619/1066 2156/1619/1066 2158/1619/1066 2157/1619/1066
f 2157/1619/1066 2158/1619/1066 2160/1619/1066 2159/1619/1066
f 2161/1618/1066 2162/1619/1066 2164/1620/1066 2163/1621/1066
f 2162/1619/1066 2161/1618/1066 2165/1618/1066 2166/1619/1066
f 2162/1619/1066 2166/1619/1066 2168/1619/1066 2167/1619/1066
f 2167/1619/1066 2168/1619/1066 2170/1619/1066 2169/1619/1066
f 2171/1618/1066 2172/1619/1066 2174/1620/1066 2173/1621/1066
f 2172/1619/1066 2171/1618/1066 2175/1618/1066 2176/1619/1066
f 2172/1619/1066 2176/1619/1066 2178/1619/1066 2177/1619/1066
f 2177/1619/1066 2178/1619/1066 2180/1619/1066 2179/1619/1066
o Plane.098
v -20.575905 0.000000 4.960886
v -20.838833 0.000000 4.312141
v -20.946617 0.000000 5.111130
v -21.209545 0.000000 4.462386
v -20.575905 0.000000 4.960886
v -20.838833 0.000000 4.312141
v -20.838833 0.000000 4.312141
v -20.838833 0.000000 4.312141
v -20.838833 0.000000 4.312141
v -20.838833 0.000000 4.312141
v -19.969885 0.000000 4.715273
v -20.232813 0.000000 4.066529
v -20.340595 0.000000 4.865517
v -20.603523 0.000000 4.216773
v -19.969885 0.000000 4.715273
v -20.232813 0.000000 4.066529
v -20.232813 0.000000 4.066529
v -20.232813 0.000000 4.066529
v -20.232813 0.000000 4.066529
v -20.232813 0.000000 4.066529
v -20.212481 0.000000 5.867484
v -20.475409 0.000000 5.218740
v -20.583191 0.000000 6.017729
v -20.846119 0.000000 5.368985
v -20.212481 0.000000 5.867484
v -20.475409 0.000000 5.218740
v -20.475409 0.000000 5.218740
v -20.475409 0.000000 5.218740
v -20.475409 0.000000 5.218740
v -20.475409 0.000000 5.218740
v -19.606459 0.000000 5.621872
v -19.869387 0.000000 4.973127
v -19.977169 0.000000 5.772116
v -20.240097 0.000000 5.123372
v -19.606459 0.000000 5.621872
v -19.869387 0.000000 4.973127
v -19.869387 0.000000 4.973127
v -19.869387 0.000000 4.973127
v -19.869387 0.000000 4.973127
v -19.869387 0.000000 4.973127
vn -0.0000 1.0000 -0.0000
vt 0.000000 0.000000
vt 1.000000 0.000000
vt 1.000000 1.000000
vt 0.000000 1.000000
s 0
f 2181/1622/1067 2182/1623/1067 2184/1624/1067 2183/1625/1067
f 2182/1623/1067 2181/1622/1067 2185/1622/1067 2186/1623/1067
f 2182/1623/1067 2186/1623/1067 2188/1623/1067 2187/1623/1067
f 2187/1623/1067 2188/1623/1067 2190/1623/1067 2189/1623/1067
f 2191/1622/1067 2192/1623/1067 2194/1624/1067 2193/1625/1067
f 2192/1623/1067 2191/1622/1067 2195/1622/1067 2196/1623/1067
f 2192/1623/1067 2196/1623/1067 2198/1623/1067 2197/1623/1067
f 2197/1623/1067 2198/1623/1067 2200/1623/1067 2199/1623/1067
f 2201/1622/1067 2202/1623/1067 2204/1624/1067 2203/1625/1067
f 2202/1623/1067 2201/1622/1067 2205/1622/1067 2206/1623/1067
f 2202/1623/1067 2206/1623/1067 2208/1623/1067 2207/1623/1067
f 2207/1623/1067 2208/1623/1067 2210/1623/1067 2209/1623/1067
f 2211/1622/1067 2212/1623/1067 2214/1624/1067 2213/1625/1067
f 2212/1623/1067 2211/1622/1067 2215/1622/1067 2216/1623/1067
f 2212/1623/1067 2216/1623/1067 2218/1623/1067 2217/1623/1067
f 2217/1623/1067 2218/1623/1067 2220/1623/1067 2219/1623/1067
o Plane.099
v -22.023453 0.000000 1.380469
v -22.286381 0.000000 0.731724
v -22.394165 0.000000 1.530713
v -22.657093 0.000000 0.881969
v -22.023453 0.000000 1.380469
v -22.286381 0.000000 0.731724
v -22.286381 0.000000 0.731724
v -22.286381 0.000000 0.731724
v -22.286381 0.000000 0.731724
v -22.286381 0.000000 0.731724
v -21.417433 0.000000 1.134856
v -21.680361 0.000000 0.486112
v -21.788143 0.000000 1.285100
v -22.051071 0.000000 0.636356
v -21.417433 0.000000 1.134856
v -21.680361 0.000000 0.486112
v -21.680361 0.000000 0.486112
v -21.680361 0.000000 0.486112
v -21.680361 0.000000 0.486112
v -21.680361 0.000000 0.486112
v -21.660028 0.000000 2.287067
v -21.922956 0.000000 1.638323
v -22.030739 0.000000 2.437312
v -22.293667 0.000000 1.788568
v -21.660028 0.000000 2.287067
v -21.922956 0.000000 1.638323
v -21.922956 0.000000 1.638323
v -21.922956 0.000000 1.638323
v -21.922956 0.000000 1.638323
v -21.922956 0.000000 1.638323
v -21.054007 0.000000 2.041455
v -21.316935 0.000000 1.392711
v -21.424717 0.000000 2.191699
v -21.687645 0.000000 1.542955
v -21.054007 0.000000 2.041455
v -21.316935 0.000000 1.392711
v -21.316935 0.000000 1.392711
v -21.316935 0.000000 1.392711
v -21.316935 0.000000 1.392711
v -21.316935 0.000000 1.392711
vn -0.0000 1.0000 -0.0000
vt 0.000000 0.000000
vt 1.000000 0.000000
vt 1.000000 1.000000
vt 0.000000 1.000000
s 0
f 2221/1626/1068 2222/1627/1068 2224/1628/1068 2223/1629/1068
f 2222/1627/1068 2221/1626/1068 2225/1626/1068 2226/1627/1068
f 2222/1627/1068 2226/1627/1068 2228/1627/1068 2227/1627/1068
f 2227/1627/1068 2228/1627/1068 2230/1627/1068 2229/1627/1068
f 2231/1626/1068 2232/1627/1068 2234/1628/1068 2233/1629/1068
f 2232/1627/1068 2231/1626/1068 2235/1626/1068 2236/1627/1068
f 2232/1627/1068 2236/1627/1068 2238/1627/1068 2237/1627/1068
f 2237/1627/1068 2238/1627/1068 2240/1627/1068 2239/1627/1068
f 2241/1626/1068 2242/1627/1068 2244/1628/1068 2243/1629/1068
f 2242/1627/1068 2241/1626/1068 2245/1626/1068 2246/1627/1068
f 2242/1627/1068 2246/1627/1068 2248/1627/1068 2247/1627/1068
f 2247/1627/1068 2248/1627/1068 2250/1627/1068 2249/1627/1068
f 2251/1626/1068 2252/1627/1068 2254/1628/1068 2253/1629/1068
f 2252/1627/1068 2251/1626/1068 2255/1626/1068 2256/1627/1068
f 2252/1627/1068 2256/1627/1068 2258/1627/1068 2257/1627/1068
f 2257/1627/1068 2258/1627/1068 2260/1627/1068 2259/1627/1068
o Plane.100
v 9.541564 0.000000 52.479523
v 8.871974 0.000000 51.250031
v 8.838998 0.000000 52.862144
v 8.169408 0.000000 51.632652
v 9.541564 0.000000 52.479523
v 8.871974 0.000000 51.250031
v 8.871974 0.000000 51.250031
v 8.871974 0.000000 51.250031
v 8.871974 0.000000 51.250031
v 8.871974 0.000000 51.250031
v 10.690088 0.000000 51.854027
v 10.020497 0.000000 50.624535
v 9.987521 0.000000 52.236649
v 9.317931 0.000000 51.007160
v 10.690088 0.000000 51.854027
v 10.020497 0.000000 50.624535
v 10.020497 0.000000 50.624535
v 10.020497 0.000000 50.624535
v 10.020497 0.000000 50.624535
v 10.020497 0.000000 50.624535
v 10.469332 0.000000 54.198605
v 9.799742 0.000000 52.969112
v 9.766765 0.000000 54.581226
v 9.097175 0.000000 53.351738
v 10.469332 0.000000 54.198605
v 9.799742 0.000000 52.969112
v 9.799742 0.000000 52.969112
v 9.799742 0.000000 52.969112
v 9.799742 0.000000 52.969112
v 9.799742 0.000000 52.969112
v 11.617855 0.000000 53.573109
v 10.948265 0.000000 52.343620
v 10.915289 0.000000 53.955734
v 10.245698 0.000000 52.726242
v 11.617855 0.000000 53.573109
v 10.948265 0.000000 52.343620
v 10.948265 0.000000 52.343620
v 10.948265 0.000000 52.343620
v 10.948265 0.000000 52.343620
v 10.948265 0.000000 52.343620
vn -0.0000 1.0000 -0.0000
vt 0.000000 0.000000
vt 1.000000 0.000000
vt 1.000000 1.000000
vt 0.000000 1.000000
s 0
f 2261/1630/1069 2262/1631/1069 2264/1632/1069 2263/1633/1069
f 2262/1631/1069 2261/1630/1069 2265/1630/1069 2266/1631/1069
f 2262/1631/1069 2266/1631/1069 2268/1631/1069 2267/1631/1069
f 2267/1631/1069 2268/1631/1069 2270/1631/1069 2269/1631/1069
f 2271/1630/1069 2272/1631/1069 2274/1632/1069 2273/1633/1069
f 2272/1631/1069 2271/1630/1069 2275/1630/1069 2276/1631/1069
f 2272/1631/1069 2276/1631/1069 2278/1631/1069 2277/1631/1069
f 2277/1631/1069 2278/1631/1069 2280/1631/1069 2279/1631/1069
f 2281/1630/1069 2282/1631/1069 2284/1632/1069 2283/1633/1069
f 2282/1631/1069 2281/1630/1069 2285/1630/1069 2286/1631/1069
f 2282/1631/1069 2286/1631/1069 2288/1631/1069 2287/1631/1069
f 2287/1631/1069 2288/1631/1069 2290/1631/1069 2289/1631/1069
f 2291/1630/1069 2292/1631/1069 2294/1632/1069 2293/1633/1069
f 2292/1631/1069 2291/1630/1069 2295/1630/1069 2296/1631/1069
f 2292/1631/1069 2296/1631/1069 2298/1631/1069 2297/1631/1069
f 2297/1631/1069 2298/1631/1069 2300/1631/1069 2299/1631/1069
o Plane.101
v 7.659683 0.000000 48.983406
v 6.990093 0.000000 47.753914
v 6.957117 0.000000 49.366028
v 6.287527 0.000000 48.136536
v 7.659683 0.000000 48.983406
v 6.990093 0.000000 47.753914
v 6.990093 0.000000 47.753914
v 6.990093 0.000000 47.753914
v 6.990093 0.000000 47.753914
v 6.990093 0.000000 47.753914
v 8.808207 0.000000 48.357910
v 8.138617 0.000000 47.128418
v 8.105640 0.000000 48.740532
v 7.436050 0.000000 47.511044
v 8.808207 0.000000 48.357910
v 8.138617 0.000000 47.128418
v 8.138617 0.000000 47.128418
v 8.138617 0.000000 47.128418
v 8.138617 0.000000 47.128418
v 8.138617 0.000000 47.128418
v 8.587451 0.000000 50.702488
v 7.917861 0.000000 49.472996
v 7.884884 0.000000 51.085110
v 7.215294 0.000000 49.855621
v 8.587451 0.000000 50.702488
v 7.917861 0.000000 49.472996
v 7.917861 0.000000 49.472996
v 7.917861 0.000000 49.472996
v 7.917861 0.000000 49.472996
v 7.917861 0.000000 49.472996
v 9.735974 0.000000 50.076992
v 9.066384 0.000000 48.847504
v 9.033407 0.000000 50.459618
v 8.363817 0.000000 49.230125
v 9.735974 0.000000 50.076992
v 9.066384 0.000000 48.847504
v 9.066384 0.000000 48.847504
v 9.066384 0.000000 48.847504
v 9.066384 0.000000 48.847504
v 9.066384 0.000000 48.847504
vn -0.0000 1.0000 -0.0000
vt 0.000000 0.000000
vt 1.000000 0.000000
vt 1.000000 1.000000
vt 0.000000 1.000000
s 0
f 2301/1634/1070 2302/1635/1070 2304/1636/1070 2303/1637/1070
f 2302/1635/1070 2301/1634/1070 2305/1634/1070 2306/1635/1070
f 2302/1635/1070 2306/1635/1070 2308/1635/1070 2307/1635/1070
f 2307/1635/1070 2308/1635/1070 2310/1635/1070 2309/1635/1070
f 2311/1634/1070 2312/1635/1070 2314/1636/1070 2313/1637/1070
f 2312/1635/1070 2311/1634/1070 2315/1634/1070 2316/1635/1070
f 2312/1635/1070 2316/1635/1070 2318/1635/1070 2317/1635/1070
f 2317/1635/1070 2318/1635/1070 2320/1635/1070 2319/1635/1070
f 2321/1634/1070 2322/1635/1070 2324/1636/1070 2323/1637/1070
f 2322/1635/1070 2321/1634/1070 2325/1634/1070 2326/1635/1070
f 2322/1635/1070 2326/1635/1070 2328/1635/1070 2327/1635/1070
f 2327/1635/1070 2328/1635/1070 2330/1635/1070 2329/1635/1070
f 2331/1634/1070 2332/1635/1070 2334/1636/1070 2333/1637/1070
f 2332/1635/1070 2331/1634/1070 2335/1634/1070 2336/1635/1070
f 2332/1635/1070 2336/1635/1070 2338/1635/1070 2337/1635/1070
f 2337/1635/1070 2338/1635/1070 2340/1635/1070 2339/1635/1070
o Plane.102
v 5.900912 0.000000 45.616367
v 5.231322 0.000000 44.386875
v 5.198346 0.000000 45.998989
v 4.528756 0.000000 44.769497
v 5.900912 0.000000 45.616367
v 5.231322 0.000000 44.386875
v 5.231322 0.000000 44.386875
v 5.231322 0.000000 44.386875
v 5.231322 0.000000 44.386875
v 5.231322 0.000000 44.386875
v 7.049436 0.000000 44.990871
v 6.379846 0.000000 43.761379
v 6.346869 0.000000 45.373493
v 5.677279 0.000000 44.144005
v 7.049436 0.000000 44.990871
v 6.379846 0.000000 43.761379
v 6.379846 0.000000 43.761379
v 6.379846 0.000000 43.761379
v 6.379846 0.000000 43.761379
v 6.379846 0.000000 43.761379
v 6.828680 0.000000 47.335449
v 6.159090 0.000000 46.105957
v 6.126113 0.000000 47.718071
v 5.456523 0.000000 46.488583
v 6.828680 0.000000 47.335449
v 6.159090 0.000000 46.105957
v 6.159090 0.000000 46.105957
v 6.159090 0.000000 46.105957
v 6.159090 0.000000 46.105957
v 6.159090 0.000000 46.105957
v 7.977203 0.000000 46.709953
v 7.307613 0.000000 45.480465
v 7.274637 0.000000 47.092579
v 6.605047 0.000000 45.863087
v 7.977203 0.000000 46.709953
v 7.307613 0.000000 45.480465
v 7.307613 0.000000 45.480465
v 7.307613 0.000000 45.480465
v 7.307613 0.000000 45.480465
v 7.307613 0.000000 45.480465
vn -0.0000 1.0000 -0.0000
vt 0.000000 0.000000
vt 1.000000 0.000000
vt 1.000000 1.000000
vt 0.000000 1.000000
s 0
f 2341/1638/1071 2342/1639/1071 2344/1640/1071 2343/1641/1071
f 2342/1639/1071 2341/1638/1071 2345/1638/1071 2346/1639/1071
f 2342/1639/1071 2346/1639/1071 2348/1639/1071 2347/1639/1071
f 2347/1639/1071 2348/1639/1071 2350/1639/1071 2349/1639/1071
f 2351/1638/1071 2352/1639/1071 2354/1640/1071 2353/1641/1071
f 2352/1639/1071 2351/1638/1071 2355/1638/1071 2356/1639/1071
f 2352/1639/1071 2356/1639/1071 2358/1639/1071 2357/1639/1071
f 2357/1639/1071 2358/1639/1071 2360/1639/1071 2359/1639/1071
f 2361/1638/1071 2362/1639/1071 2364/1640/1071 2363/1641/1071
f 2362/1639/1071 2361/1638/1071 2365/1638/1071 2366/1639/1071
f 2362/1639/1071 2366/1639/1071 2368/1639/1071 2367/1639/1071
f 2367/1639/1071 2368/1639/1071 2370/1639/1071 2369/1639/1071
f 2371/1638/1071 2372/1639/1071 2374/1640/1071 2373/1641/1071
f 2372/1639/1071 2371/1638/1071 2375/1638/1071 2376/1639/1071
f 2372/1639/1071 2376/1639/1071 2378/1639/1071 2377/1639/1071
f 2377/1639/1071 2378/1639/1071 2380/1639/1071 2379/1639/1071
o Plane.104
v 5.005795 0.000000 43.910923
v 4.444901 0.000000 42.628193
v 4.272806 0.000000 44.231434
v 3.711912 0.000000 42.948704
v 5.005795 0.000000 43.910923
v 4.444901 0.000000 42.628193
v 4.444901 0.000000 42.628193
v 4.444901 0.000000 42.628193
v 4.444901 0.000000 42.628193
v 4.444901 0.000000 42.628193
v 6.204052 0.000000 43.386967
v 5.643157 0.000000 42.104237
v 5.471063 0.000000 43.707478
v 4.910169 0.000000 42.424747
v 6.204052 0.000000 43.386967
v 5.643157 0.000000 42.104237
v 5.643157 0.000000 42.104237
v 5.643157 0.000000 42.104237
v 5.643157 0.000000 42.104237
v 5.643157 0.000000 42.104237
vn -0.0000 1.0000 -0.0000
vt 0.000000 0.000000
vt 1.000000 0.000000
vt 1.000000 1.000000
vt 0.000000 1.000000
s 0
f 2381/1642/1072 2382/1643/1072 2384/1644/1072 2383/1645/1072
f 2382/1643/1072 2381/1642/1072 2385/1642/1072 2386/1643/1072
f 2382/1643/1072 2386/1643/1072 2388/1643/1072 2387/1643/1072
f 2387/1643/1072 2388/1643/1072 2390/1643/1072 2389/1643/1072
f 2391/1642/1072 2392/1643/1072 2394/1644/1072 2393/1645/1072
f 2392/1643/1072 2391/1642/1072 2395/1642/1072 2396/1643/1072
f 2392/1643/1072 2396/1643/1072 2398/1643/1072 2397/1643/1072
f 2397/1643/1072 2398/1643/1072 2400/1643/1072 2399/1643/1072
o Plane.003
v -66.821297 0.000000 38.794250
v -65.822075 0.000000 38.833611
v -66.648109 0.000000 34.397659
v -65.648888 0.000000 34.437019
v -66.821297 0.000000 38.794250
v -65.822075 0.000000 38.833611
v -65.822075 0.000000 38.833611
v -65.822075 0.000000 38.833611
v -65.822075 0.000000 38.833611
v -65.822075 0.000000 38.833611
vn -0.0000 1.0000 -0.0000
vt 0.000000 0.000000
vt 1.000000 0.000000
vt 1.000000 1.000000
vt 0.000000 1.000000
s 0
f 2401/1646/1073 2402/1647/1073 2404/1648/1073 2403/1649/1073
f 2402/1647/1073 2401/1646/1073 2405/1646/1073 2406/1647/1073
f 2402/1647/1073 2406/1647/1073 2408/1647/1073 2407/1647/1073
f 2407/1647/1073 2408/1647/1073 2410/1647/1073 2409/1647/1073
o Plane.047
v -50.097668 0.000000 48.399689
v -49.131046 0.000000 48.143478
v -51.634945 0.000000 42.599968
v -50.668324 0.000000 42.343758
v -50.097668 0.000000 48.399689
v -49.131046 0.000000 48.143478
v -49.131046 0.000000 48.143478
v -49.131046 0.000000 48.143478
v -49.131046 0.000000 48.143478
v -49.131046 0.000000 48.143478
vn -0.0000 1.0000 -0.0000
vt 0.000000 0.000000
vt 1.000000 0.000000
vt 1.000000 1.000000
vt 0.000000 1.000000
s 0
f 2411/1650/1074 2412/1651/1074 2414/1652/1074 2413/1653/1074
f 2412/1651/1074 2411/1650/1074 2415/1650/1074 2416/1651/1074
f 2412/1651/1074 2416/1651/1074 2418/1651/1074 2417/1651/1074
f 2417/1651/1074 2418/1651/1074 2420/1651/1074 2419/1651/1074
o Plane.055
v -49.260597 0.000000 51.232197
v -48.293976 0.000000 50.975983
v -50.285446 0.000000 47.365715
v -49.318825 0.000000 47.109501
v -49.260597 0.000000 51.232197
v -48.293976 0.000000 50.975983
v -48.293976 0.000000 50.975983
v -48.293976 0.000000 50.975983
v -48.293976 0.000000 50.975983
v -48.293976 0.000000 50.975983
vn -0.0000 1.0000 -0.0000
vt 0.000000 0.000000
vt 1.000000 0.000000
vt 1.000000 1.000000
vt 0.000000 1.000000
s 0
f 2421/1654/1075 2422/1655/1075 2424/1656/1075 2423/1657/1075
f 2422/1655/1075 2421/1654/1075 2425/1654/1075 2426/1655/1075
f 2422/1655/1075 2426/1655/1075 2428/1655/1075 2427/1655/1075
f 2427/1655/1075 2428/1655/1075 2430/1655/1075 2429/1655/1075
o Plane.052
v -54.784592 0.000000 48.481850
v -54.238800 0.000000 47.643929
v -58.136276 0.000000 46.298683
v -57.590485 0.000000 45.460762
v -54.784592 0.000000 48.481850
v -54.238800 0.000000 47.643929
v -54.238800 0.000000 47.643929
v -54.238800 0.000000 47.643929
v -54.238800 0.000000 47.643929
v -54.238800 0.000000 47.643929
vn -0.0000 1.0000 -0.0000
vt 0.000000 0.000000
vt 1.000000 0.000000
vt 1.000000 1.000000
vt 0.000000 1.000000
s 0
f 2431/1658/1076 2432/1659/1076 2434/1660/1076 2433/1661/1076
f 2432/1659/1076 2431/1658/1076 2435/1658/1076 2436/1659/1076
f 2432/1659/1076 2436/1659/1076 2438/1659/1076 2437/1659/1076
f 2437/1659/1076 2438/1659/1076 2440/1659/1076 2439/1659/1076
o Plane.053
v -57.932854 0.000000 46.383900
v -57.387062 0.000000 45.545979
v -61.284538 0.000000 44.200733
v -60.738747 0.000000 43.362812
v -57.932854 0.000000 46.383900
v -57.387062 0.000000 45.545979
v -57.387062 0.000000 45.545979
v -57.387062 0.000000 45.545979
v -57.387062 0.000000 45.545979
v -57.387062 0.000000 45.545979
vn -0.0000 1.0000 -0.0000
vt 0.000000 0.000000
vt 1.000000 0.000000
vt 1.000000 1.000000
vt 0.000000 1.000000
s 0
f 2441/1662/1077 2442/1663/1077 2444/1664/1077 2443/1665/1077
f 2442/1663/1077 2441/1662/1077 2445/1662/1077 2446/1663/1077
f 2442/1663/1077 2446/1663/1077 2448/1663/1077 2447/1663/1077
f 2447/1663/1077 2448/1663/1077 2450/1663/1077 2449/1663/1077
o Plane.056
v -61.191452 0.000000 44.122570
v -60.645660 0.000000 43.284649
v -64.543137 0.000000 41.939404
v -63.997345 0.000000 41.101482
v -61.191452 0.000000 44.122570
v -60.645660 0.000000 43.284649
v -60.645660 0.000000 43.284649
v -60.645660 0.000000 43.284649
v -60.645660 0.000000 43.284649
v -60.645660 0.000000 43.284649
vn -0.0000 1.0000 -0.0000
vt 0.000000 0.000000
vt 1.000000 0.000000
vt 1.000000 1.000000
vt 0.000000 1.000000
s 0
f 2451/1666/1078 2452/1667/1078 2454/1668/1078 2453/1669/1078
f 2452/1667/1078 2451/1666/1078 2455/1666/1078 2456/1667/1078
f 2452/1667/1078 2456/1667/1078 2458/1667/1078 2457/1667/1078
f 2457/1667/1078 2458/1667/1078 2460/1667/1078 2459/1667/1078
o Plane.057
v -21.354559 0.000000 3.223142
v -21.617487 0.000000 2.574398
v -21.725271 0.000000 3.373386
v -21.988199 0.000000 2.724642
v -21.354559 0.000000 3.223142
v -21.617487 0.000000 2.574398
v -21.617487 0.000000 2.574398
v -21.617487 0.000000 2.574398
v -21.617487 0.000000 2.574398
v -21.617487 0.000000 2.574398
v -20.748539 0.000000 2.977530
v -21.011467 0.000000 2.328785
v -21.119249 0.000000 3.127774
v -21.382177 0.000000 2.479030
v -20.748539 0.000000 2.977530
v -21.011467 0.000000 2.328785
v -21.011467 0.000000 2.328785
v -21.011467 0.000000 2.328785
v -21.011467 0.000000 2.328785
v -21.011467 0.000000 2.328785
v -20.991135 0.000000 4.129741
v -21.254063 0.000000 3.480997
v -21.361845 0.000000 4.279985
v -21.624773 0.000000 3.631241
v -20.991135 0.000000 4.129741
v -21.254063 0.000000 3.480997
v -21.254063 0.000000 3.480997
v -21.254063 0.000000 3.480997
v -21.254063 0.000000 3.480997
v -21.254063 0.000000 3.480997
v -20.385113 0.000000 3.884128
v -20.648041 0.000000 3.235384
v -20.755823 0.000000 4.034373
v -21.018751 0.000000 3.385628
v -20.385113 0.000000 3.884128
v -20.648041 0.000000 3.235384
v -20.648041 0.000000 3.235384
v -20.648041 0.000000 3.235384
v -20.648041 0.000000 3.235384
v -20.648041 0.000000 3.235384
vn -0.0000 1.0000 -0.0000
vt 0.000000 0.000000
vt 1.000000 0.000000
vt 1.000000 1.000000
vt 0.000000 1.000000
s 0
f 2461/1670/1079 2462/1671/1079 2464/1672/1079 2463/1673/1079
f 2462/1671/1079 2461/1670/1079 2465/1670/1079 2466/1671/1079
f 2462/1671/1079 2466/1671/1079 2468/1671/1079 2467/1671/1079
f 2467/1671/1079 2468/1671/1079 2470/1671/1079 2469/1671/1079
f 2471/1670/1079 2472/1671/1079 2474/1672/1079 2473/1673/1079
f 2472/1671/1079 2471/1670/1079 2475/1670/1079 2476/1671/1079
f 2472/1671/1079 2476/1671/1079 2478/1671/1079 2477/1671/1079
f 2477/1671/1079 2478/1671/1079 2480/1671/1079 2479/1671/1079
f 2481/1670/1079 2482/1671/1079 2484/1672/1079 2483/1673/1079
f 2482/1671/1079 2481/1670/1079 2485/1670/1079 2486/1671/1079
f 2482/1671/1079 2486/1671/1079 2488/1671/1079 2487/1671/1079
f 2487/1671/1079 2488/1671/1079 2490/1671/1079 2489/1671/1079
f 2491/1670/1079 2492/1671/1079 2494/1672/1079 2493/1673/1079
f 2492/1671/1079 2491/1670/1079 2495/1670/1079 2496/1671/1079
f 2492/1671/1079 2496/1671/1079 2498/1671/1079 2497/1671/1079
f 2497/1671/1079 2498/1671/1079 2500/1671/1079 2499/1671/1079
o Plane.075
v -19.891588 0.000000 6.770209
v -20.154516 0.000000 6.121465
v -20.262300 0.000000 6.920453
v -20.525229 0.000000 6.271709
v -19.891588 0.000000 6.770209
v -20.154516 0.000000 6.121465
v -20.154516 0.000000 6.121465
v -20.154516 0.000000 6.121465
v -20.154516 0.000000 6.121465
v -20.154516 0.000000 6.121465
v -19.285568 0.000000 6.524596
v -19.548496 0.000000 5.875852
v -19.656279 0.000000 6.674840
v -19.919207 0.000000 6.026096
v -19.285568 0.000000 6.524596
v -19.548496 0.000000 5.875852
v -19.548496 0.000000 5.875852
v -19.548496 0.000000 5.875852
v -19.548496 0.000000 5.875852
v -19.548496 0.000000 5.875852
v -19.528164 0.000000 7.676807
v -19.791092 0.000000 7.028063
v -19.898874 0.000000 7.827052
v -20.161802 0.000000 7.178308
v -19.528164 0.000000 7.676807
v -19.791092 0.000000 7.028063
v -19.791092 0.000000 7.028063
v -19.791092 0.000000 7.028063
v -19.791092 0.000000 7.028063
v -19.791092 0.000000 7.028063
v -18.922142 0.000000 7.431195
v -19.185070 0.000000 6.782451
v -19.292852 0.000000 7.581439
v -19.555780 0.000000 6.932695
v -18.922142 0.000000 7.431195
v -19.185070 0.000000 6.782451
v -19.185070 0.000000 6.782451
v -19.185070 0.000000 6.782451
v -19.185070 0.000000 6.782451
v -19.185070 0.000000 6.782451
vn -0.0000 1.0000 -0.0000
vt 0.000000 0.000000
vt 1.000000 0.000000
vt 1.000000 1.000000
vt 0.000000 1.000000
s 0
f 2501/1674/1080 2502/1675/1080 2504/1676/1080 2503/1677/1080
f 2502/1675/1080 2501/1674/1080 2505/1674/1080 2506/1675/1080
f 2502/1675/1080 2506/1675/1080 2508/1675/1080 2507/1675/1080
f 2507/1675/1080 2508/1675/1080 2510/1675/1080 2509/1675/1080
f 2511/1674/1080 2512/1675/1080 2514/1676/1080 2513/1677/1080
f 2512/1675/1080 2511/1674/1080 2515/1674/1080 2516/1675/1080
f 2512/1675/1080 2516/1675/1080 2518/1675/1080 2517/1675/1080
f 2517/1675/1080 2518/1675/1080 2520/1675/1080 2519/1675/1080
f 2521/1674/1080 2522/1675/1080 2524/1676/1080 2523/1677/1080
f 2522/1675/1080 2521/1674/1080 2525/1674/1080 2526/1675/1080
f 2522/1675/1080 2526/1675/1080 2528/1675/1080 2527/1675/1080
f 2527/1675/1080 2528/1675/1080 2530/1675/1080 2529/1675/1080
f 2531/1674/1080 2532/1675/1080 2534/1676/1080 2533/1677/1080
f 2532/1675/1080 2531/1674/1080 2535/1674/1080 2536/1675/1080
f 2532/1675/1080 2536/1675/1080 2538/1675/1080 2537/1675/1080
f 2537/1675/1080 2538/1675/1080 2540/1675/1080 2539/1675/1080
o Plane.103
v -18.589512 0.000000 10.419021
v -18.852440 0.000000 9.770277
v -18.960224 0.000000 10.569265
v -19.223152 0.000000 9.920522
v -18.589512 0.000000 10.419021
v -18.852440 0.000000 9.770277
v -18.852440 0.000000 9.770277
v -18.852440 0.000000 9.770277
v -18.852440 0.000000 9.770277
v -18.852440 0.000000 9.770277
v -17.983492 0.000000 10.173409
v -18.246420 0.000000 9.524664
v -18.354202 0.000000 10.323653
v -18.617130 0.000000 9.674909
v -17.983492 0.000000 10.173409
v -18.246420 0.000000 9.524664
v -18.246420 0.000000 9.524664
v -18.246420 0.000000 9.524664
v -18.246420 0.000000 9.524664
v -18.246420 0.000000 9.524664
v -18.226088 0.000000 11.325620
v -18.489016 0.000000 10.676876
v -18.596798 0.000000 11.475864
v -18.859726 0.000000 10.827120
v -18.226088 0.000000 11.325620
v -18.489016 0.000000 10.676876
v -18.489016 0.000000 10.676876
v -18.489016 0.000000 10.676876
v -18.489016 0.000000 10.676876
v -18.489016 0.000000 10.676876
v -17.620066 0.000000 11.080008
v -17.882994 0.000000 10.431263
v -17.990776 0.000000 11.230251
v -18.253704 0.000000 10.581508
v -17.620066 0.000000 11.080008
v -17.882994 0.000000 10.431263
v -17.882994 0.000000 10.431263
v -17.882994 0.000000 10.431263
v -17.882994 0.000000 10.431263
v -17.882994 0.000000 10.431263
vn -0.0000 1.0000 -0.0000
vt 0.000000 0.000000
vt 1.000000 0.000000
vt 1.000000 1.000000
vt 0.000000 1.000000
s 0
f 2541/1678/1081 2542/1679/1081 2544/1680/1081 2543/1681/1081
f 2542/1679/1081 2541/1678/1081 2545/1678/1081 2546/1679/1081
f 2542/1679/1081 2546/1679/1081 2548/1679/1081 2547/1679/1081
f 2547/1679/1081 2548/1679/1081 2550/1679/1081 2549/1679/1081
f 2551/1678/1081 2552/1679/1081 2554/1680/1081 2553/1681/1081
f 2552/1679/1081 2551/1678/1081 2555/1678/1081 2556/1679/1081
f 2552/1679/1081 2556/1679/1081 2558/1679/1081 2557/1679/1081
f 2557/1679/1081 2558/1679/1081 2560/1679/1081 2559/1679/1081
f 2561/1678/1081 2562/1679/1081 2564/1680/1081 2563/1681/1081
f 2562/1679/1081 2561/1678/1081 2565/1678/1081 2566/1679/1081
f 2562/1679/1081 2566/1679/1081 2568/1679/1081 2567/1679/1081
f 2567/1679/1081 2568/1679/1081 2570/1679/1081 2569/1679/1081
f 2571/1678/1081 2572/1679/1081 2574/1680/1081 2573/1681/1081
f 2572/1679/1081 2571/1678/1081 2575/1678/1081 2576/1679/1081
f 2572/1679/1081 2576/1679/1081 2578/1679/1081 2577/1679/1081
f 2577/1679/1081 2578/1679/1081 2580/1679/1081 2579/1679/1081
o Plane.105
v 36.090248 0.000000 0.310032
v 36.090248 0.000000 -0.389968
v 35.690247 0.000000 0.310032
v 35.690247 0.000000 -0.389968
v 36.090248 0.000000 0.310032
v 36.090248 0.000000 -0.389968
v 36.090248 0.000000 -0.389968
v 36.090248 0.000000 -0.389968
v 36.090248 0.000000 -0.389968
v 36.090248 0.000000 -0.389968
v 36.744148 0.000000 0.310032
v 36.744148 0.000000 -0.389968
v 36.344151 0.000000 0.310032
v 36.344151 0.000000 -0.389968
v 36.744148 0.000000 0.310032
v 36.744148 0.000000 -0.389968
v 36.744148 0.000000 -0.389968
v 36.744148 0.000000 -0.389968
v 36.744148 0.000000 -0.389968
v 36.744148 0.000000 -0.389968
vn -0.0000 1.0000 -0.0000
vt 0.000000 0.000000
vt 1.000000 0.000000
vt 1.000000 1.000000
vt 0.000000 1.000000
s 0
f 2581/1682/1082 2582/1683/1082 2584/1684/1082 2583/1685/1082
f 2582/1683/1082 2581/1682/1082 2585/1682/1082 2586/1683/1082
f 2582/1683/1082 2586/1683/1082 2588/1683/1082 2587/1683/1082
f 2587/1683/1082 2588/1683/1082 2590/1683/1082 2589/1683/1082
f 2591/1682/1082 2592/1683/1082 2594/1684/1082 2593/1685/1082
f 2592/1683/1082 2591/1682/1082 2595/1682/1082 2596/1683/1082
f 2592/1683/1082 2596/1683/1082 2598/1683/1082 2597/1683/1082
f 2597/1683/1082 2598/1683/1082 2600/1683/1082 2599/1683/1082
o Plane.106
v 36.083584 0.000000 2.214731
v 36.083584 0.000000 1.514730
v 35.683582 0.000000 2.214731
v 35.683582 0.000000 1.514730
v 36.083584 0.000000 2.214731
v 36.083584 0.000000 1.514730
v 36.083584 0.000000 1.514730
v 36.083584 0.000000 1.514730
v 36.083584 0.000000 1.514730
v 36.083584 0.000000 1.514730
v 36.737484 0.000000 2.214731
v 36.737484 0.000000 1.514730
v 36.337486 0.000000 2.214731
v 36.337486 0.000000 1.514730
v 36.737484 0.000000 2.214731
v 36.737484 0.000000 1.514730
v 36.737484 0.000000 1.514730
v 36.737484 0.000000 1.514730
v 36.737484 0.000000 1.514730
v 36.737484 0.000000 1.514730
vn -0.0000 1.0000 -0.0000
vt 0.000000 0.000000
vt 1.000000 0.000000
vt 1.000000 1.000000
vt 0.000000 1.000000
s 0
f 2601/1686/1083 2602/1687/1083 2604/1688/1083 2603/1689/1083
f 2602/1687/1083 2601/1686/1083 2605/1686/1083 2606/1687/1083
f 2602/1687/1083 2606/1687/1083 2608/1687/1083 2607/1687/1083
f 2607/1687/1083 2608/1687/1083 2610/1687/1083 2609/1687/1083
f 2611/1686/1083 2612/1687/1083 2614/1688/1083 2613/1689/1083
f 2612/1687/1083 2611/1686/1083 2615/1686/1083 2616/1687/1083
f 2612/1687/1083 2616/1687/1083 2618/1687/1083 2617/1687/1083
f 2617/1687/1083 2618/1687/1083 2620/1687/1083 2619/1687/1083
o Plane.107
v 36.161274 0.000000 4.185883
v 36.161274 0.000000 3.485883
v 35.761272 0.000000 4.185883
v 35.761272 0.000000 3.485883
v 36.161274 0.000000 4.185883
v 36.161274 0.000000 3.485883
v 36.161274 0.000000 3.485883
v 36.161274 0.000000 3.485883
v 36.161274 0.000000 3.485883
v 36.161274 0.000000 3.485883
v 36.815174 0.000000 4.185883
v 36.815174 0.000000 3.485883
v 36.415176 0.000000 4.185883
v 36.415176 0.000000 3.485883
v 36.815174 0.000000 4.185883
v 36.815174 0.000000 3.485883
v 36.815174 0.000000 3.485883
v 36.815174 0.000000 3.485883
v 36.815174 0.000000 3.485883
v 36.815174 0.000000 3.485883
vn -0.0000 1.0000 -0.0000
vt 0.000000 0.000000
vt 1.000000 0.000000
vt 1.000000 1.000000
vt 0.000000 1.000000
s 0
f 2621/1690/1084 2622/1691/1084 2624/1692/1084 2623/1693/1084
f 2622/1691/1084 2621/1690/1084 2625/1690/1084 2626/1691/1084
f 2622/1691/1084 2626/1691/1084 2628/1691/1084 2627/1691/1084
f 2627/1691/1084 2628/1691/1084 2630/1691/1084 2629/1691/1084
f 2631/1690/1084 2632/1691/1084 2634/1692/1084 2633/1693/1084
f 2632/1691/1084 2631/1690/1084 2635/1690/1084 2636/1691/1084
f 2632/1691/1084 2636/1691/1084 2638/1691/1084 2637/1691/1084
f 2637/1691/1084 2638/1691/1084 2640/1691/1084 2639/1691/1084
o Plane.108
v 36.142776 0.000000 6.128451
v 36.142776 0.000000 5.428452
v 35.742775 0.000000 6.128451
v 35.742775 0.000000 5.428452
v 36.142776 0.000000 6.128451
v 36.142776 0.000000 5.428452
v 36.142776 0.000000 5.428452
v 36.142776 0.000000 5.428452
v 36.142776 0.000000 5.428452
v 36.142776 0.000000 5.428452
v 36.796677 0.000000 6.128451
v 36.796677 0.000000 5.428452
v 36.396679 0.000000 6.128451
v 36.396679 0.000000 5.428452
v 36.796677 0.000000 6.128451
v 36.796677 0.000000 5.428452
v 36.796677 0.000000 5.428452
v 36.796677 0.000000 5.428452
v 36.796677 0.000000 5.428452
v 36.796677 0.000000 5.428452
vn -0.0000 1.0000 -0.0000
vt 0.000000 0.000000
vt 1.000000 0.000000
vt 1.000000 1.000000
vt 0.000000 1.000000
s 0
f 2641/1694/1085 2642/1695/1085 2644/1696/1085 2643/1697/1085
f 2642/1695/1085 2641/1694/1085 2645/1694/1085 2646/1695/1085
f 2642/1695/1085 2646/1695/1085 2648/1695/1085 2647/1695/1085
f 2647/1695/1085 2648/1695/1085 2650/1695/1085 2649/1695/1085
f 2651/1694/1085 2652/1695/1085 2654/1696/1085 2653/1697/1085
f 2652/1695/1085 2651/1694/1085 2655/1694/1085 2656/1695/1085
f 2652/1695/1085 2656/1695/1085 2658/1695/1085 2657/1695/1085
f 2657/1695/1085 2658/1695/1085 2660/1695/1085 2659/1695/1085
o Plane.109
v 36.156254 0.000000 8.123203
v 36.156254 0.000000 7.423203
v 35.756252 0.000000 8.123203
v 35.756252 0.000000 7.423203
v 36.156254 0.000000 8.123203
v 36.156254 0.000000 7.423203
v 36.156254 0.000000 7.423203
v 36.156254 0.000000 7.423203
v 36.156254 0.000000 7.423203
v 36.156254 0.000000 7.423203
v 36.810154 0.000000 8.123203
v 36.810154 0.000000 7.423203
v 36.410156 0.000000 8.123203
v 36.410156 0.000000 7.423203
v 36.810154 0.000000 8.123203
v 36.810154 0.000000 7.423203
v 36.810154 0.000000 7.423203
v 36.810154 0.000000 7.423203
v 36.810154 0.000000 7.423203
v 36.810154 0.000000 7.423203
vn -0.0000 1.0000 -0.0000
vt 0.000000 0.000000
vt 1.000000 0.000000
vt 1.000000 1.000000
vt 0.000000 1.000000
s 0
f 2661/1698/1086 2662/1699/1086 2664/1700/1086 2663/1701/1086
f 2662/1699/1086 2661/1698/1086 2665/1698/1086 2666/1699/1086
f 2662/1699/1086 2666/1699/1086 2668/1699/1086 2667/1699/1086
f 2667/1699/1086 2668/1699/1086 2670/1699/1086 2669/1699/1086
f 2671/1698/1086 2672/1699/1086 2674/1700/1086 2673/1701/1086
f 2672/1699/1086 2671/1698/1086 2675/1698/1086 2676/1699/1086
f 2672/1699/1086 2676/1699/1086 2678/1699/1086 2677/1699/1086
f 2677/1699/1086 2678/1699/1086 2680/1699/1086 2679/1699/1086
o Plane.110
v 36.144588 0.000000 -1.528498
v 36.144588 0.000000 -2.228498
v 35.744587 0.000000 -1.528498
v 35.744587 0.000000 -2.228498
v 36.144588 0.000000 -1.528498
v 36.144588 0.000000 -2.228498
v 36.144588 0.000000 -2.228498
v 36.144588 0.000000 -2.228498
v 36.144588 0.000000 -2.228498
v 36.144588 0.000000 -2.228498
v 36.798489 0.000000 -1.528498
v 36.798489 0.000000 -2.228498
v 36.398491 0.000000 -1.528498
v 36.398491 0.000000 -2.228498
v 36.798489 0.000000 -1.528498
v 36.798489 0.000000 -2.228498
v 36.798489 0.000000 -2.228498
v 36.798489 0.000000 -2.228498
v 36.798489 0.000000 -2.228498
v 36.798489 0.000000 -2.228498
vn -0.0000 1.0000 -0.0000
vt 0.000000 0.000000
vt 1.000000 0.000000
vt 1.000000 1.000000
vt 0.000000 1.000000
s 0
f 2681/1702/1087 2682/1703/1087 2684/1704/1087 2683/1705/1087
f 2682/1703/1087 2681/1702/1087 2685/1702/1087 2686/1703/1087
f 2682/1703/1087 2686/1703/1087 2688/1703/1087 2687/1703/1087
f 2687/1703/1087 2688/1703/1087 2690/1703/1087 2689/1703/1087
f 2691/1702/1087 2692/1703/1087 2694/1704/1087 2693/1705/1087
f 2692/1703/1087 2691/1702/1087 2695/1702/1087 2696/1703/1087
f 2692/1703/1087 2696/1703/1087 2698/1703/1087 2697/1703/1087
f 2697/1703/1087 2698/1703/1087 2700/1703/1087 2699/1703/1087
o Plane.111
v 19.301952 0.000000 17.080345
v 18.017117 0.000000 16.524292
v 18.984207 0.000000 17.814537
v 17.699371 0.000000 17.258484
v 19.301952 0.000000 17.080345
v 18.017117 0.000000 16.524292
v 18.017117 0.000000 16.524292
v 18.017117 0.000000 16.524292
v 18.017117 0.000000 16.524292
v 18.017117 0.000000 16.524292
v 19.821388 0.000000 15.880121
v 18.536551 0.000000 15.324068
v 19.503643 0.000000 16.614313
v 18.218805 0.000000 16.058260
v 19.821388 0.000000 15.880121
v 18.536551 0.000000 15.324068
v 18.536551 0.000000 15.324068
v 18.536551 0.000000 15.324068
v 18.536551 0.000000 15.324068
v 18.536551 0.000000 15.324068
v 21.091757 0.000000 17.863033
v 19.806919 0.000000 17.306980
v 20.774012 0.000000 18.597225
v 19.489176 0.000000 18.041172
v 21.091757 0.000000 17.863033
v 19.806919 0.000000 17.306980
v 19.806919 0.000000 17.306980
v 19.806919 0.000000 17.306980
v 19.806919 0.000000 17.306980
v 19.806919 0.000000 17.306980
v 21.611191 0.000000 16.662809
v 20.326355 0.000000 16.106756
v 21.293446 0.000000 17.397001
v 20.008610 0.000000 16.840948
v 21.611191 0.000000 16.662809
v 20.326355 0.000000 16.106756
v 20.326355 0.000000 16.106756
v 20.326355 0.000000 16.106756
v 20.326355 0.000000 16.106756
v 20.326355 0.000000 16.106756
vn -0.0000 1.0000 -0.0000
vt 0.000000 0.000000
vt 1.000000 0.000000
vt 1.000000 1.000000
vt 0.000000 1.000000
s 0
f 2701/1706/1088 2702/1707/1088 2704/1708/1088 2703/1709/1088
f 2702/1707/1088 2701/1706/1088 2705/1706/1088 2706/1707/1088
f 2702/1707/1088 2706/1707/1088 2708/1707/1088 2707/1707/1088
f 2707/1707/1088 2708/1707/1088 2710/1707/1088 2709/1707/1088
f 2711/1706/1088 2712/1707/1088 2714/1708/1088 2713/1709/1088
f 2712/1707/1088 2711/1706/1088 2715/1706/1088 2716/1707/1088
f 2712/1707/1088 2716/1707/1088 2718/1707/1088 2717/1707/1088
f 2717/1707/1088 2718/1707/1088 2720/1707/1088 2719/1707/1088
f 2721/1706/1088 2722/1707/1088 2724/1708/1088 2723/1709/1088
f 2722/1707/1088 2721/1706/1088 2725/1706/1088 2726/1707/1088
f 2722/1707/1088 2726/1707/1088 2728/1707/1088 2727/1707/1088
f 2727/1707/1088 2728/1707/1088 2730/1707/1088 2729/1707/1088
f 2731/1706/1088 2732/1707/1088 2734/1708/1088 2733/1709/1088
f 2732/1707/1088 2731/1706/1088 2735/1706/1088 2736/1707/1088
f 2732/1707/1088 2736/1707/1088 2738/1707/1088 2737/1707/1088
f 2737/1707/1088 2738/1707/1088 2740/1707/1088 2739/1707/1088
o Plane.112
v 18.124037 0.000000 19.350689
v 16.878584 0.000000 18.711275
v 17.758657 0.000000 20.062376
v 16.513205 0.000000 19.422962
v 18.124037 0.000000 19.350689
v 16.878584 0.000000 18.711275
v 16.878584 0.000000 18.711275
v 16.878584 0.000000 18.711275
v 16.878584 0.000000 18.711275
v 16.878584 0.000000 18.711275
v 18.721340 0.000000 18.187256
v 17.475889 0.000000 17.547842
v 18.355963 0.000000 18.898943
v 17.110510 0.000000 18.259529
v 18.721340 0.000000 18.187256
v 17.475889 0.000000 17.547842
v 17.475889 0.000000 17.547842
v 17.475889 0.000000 17.547842
v 17.475889 0.000000 17.547842
v 17.475889 0.000000 17.547842
v 19.858444 0.000000 20.249479
v 18.612991 0.000000 19.610067
v 19.493065 0.000000 20.961166
v 18.247614 0.000000 20.321754
v 19.858444 0.000000 20.249479
v 18.612991 0.000000 19.610067
v 18.612991 0.000000 19.610067
v 18.612991 0.000000 19.610067
v 18.612991 0.000000 19.610067
v 18.612991 0.000000 19.610067
v 20.455750 0.000000 19.086046
v 19.210297 0.000000 18.446634
v 20.090370 0.000000 19.797733
v 18.844917 0.000000 19.158321
v 20.455750 0.000000 19.086046
v 19.210297 0.000000 18.446634
v 19.210297 0.000000 18.446634
v 19.210297 0.000000 18.446634
v 19.210297 0.000000 18.446634
v 19.210297 0.000000 18.446634
vn -0.0000 1.0000 -0.0000
vt 0.000000 0.000000
vt 1.000000 0.000000
vt 1.000000 1.000000
vt 0.000000 1.000000
s 0
f 2741/1710/1089 2742/1711/1089 2744/1712/1089 2743/1713/1089
f 2742/1711/1089 2741/1710/1089 2745/1710/1089 2746/1711/1089
f 2742/1711/1089 2746/1711/1089 2748/1711/1089 2747/1711/1089
f 2747/1711/1089 2748/1711/1089 2750/1711/1089 2749/1711/1089
f 2751/1710/1089 2752/1711/1089 2754/1712/1089 2753/1713/1089
f 2752/1711/1089 2751/1710/1089 2755/1710/1089 2756/1711/1089
f 2752/1711/1089 2756/1711/1089 2758/1711/1089 2757/1711/1089
f 2757/1711/1089 2758/1711/1089 2760/1711/1089 2759/1711/1089
f 2761/1710/1089 2762/1711/1089 2764/1712/1089 2763/1713/1089
f 2762/1711/1089 2761/1710/1089 2765/1710/1089 2766/1711/1089
f 2762/1711/1089 2766/1711/1089 2768/1711/1089 2767/1711/1089
f 2767/1711/1089 2768/1711/1089 2770/1711/1089 2769/1711/1089
f 2771/1710/1089 2772/1711/1089 2774/1712/1089 2773/1713/1089
f 2772/1711/1089 2771/1710/1089 2775/1710/1089 2776/1711/1089
f 2772/1711/1089 2776/1711/1089 2778/1711/1089 2777/1711/1089
f 2777/1711/1089 2778/1711/1089 2780/1711/1089 2779/1711/1089
o Plane.113
v 16.751019 0.000000 21.583723
v 15.572318 0.000000 20.828299
v 16.319345 0.000000 22.257265
v 15.140647 0.000000 21.501841
v 16.751019 0.000000 21.583723
v 15.572318 0.000000 20.828299
v 15.572318 0.000000 20.828299
v 15.572318 0.000000 20.828299
v 15.572318 0.000000 20.828299
v 15.572318 0.000000 20.828299
v 17.456696 0.000000 20.482647
v 16.277994 0.000000 19.727221
v 17.025023 0.000000 21.156189
v 15.846324 0.000000 20.400764
v 17.456696 0.000000 20.482647
v 16.277994 0.000000 19.727221
v 16.277994 0.000000 19.727221
v 16.277994 0.000000 19.727221
v 16.277994 0.000000 19.727221
v 16.277994 0.000000 19.727221
v 18.391670 0.000000 22.644035
v 17.212969 0.000000 21.888609
v 17.959997 0.000000 23.317577
v 16.781298 0.000000 22.562153
v 18.391670 0.000000 22.644035
v 17.212969 0.000000 21.888609
v 17.212969 0.000000 21.888609
v 17.212969 0.000000 21.888609
v 17.212969 0.000000 21.888609
v 17.212969 0.000000 21.888609
v 19.097347 0.000000 21.542957
v 17.918646 0.000000 20.787533
v 18.665674 0.000000 22.216501
v 17.486975 0.000000 21.461075
v 19.097347 0.000000 21.542957
v 17.918646 0.000000 20.787533
v 17.918646 0.000000 20.787533
v 17.918646 0.000000 20.787533
v 17.918646 0.000000 20.787533
v 17.918646 0.000000 20.787533
vn -0.0000 1.0000 -0.0000
vt 0.000000 0.000000
vt 1.000000 0.000000
vt 1.000000 1.000000
vt 0.000000 1.000000
s 0
f 2781/1714/1090 2782/1715/1090 2784/1716/1090 2783/1717/1090
f 2782/1715/1090 2781/1714/1090 2785/1714/1090 2786/1715/1090
f 2782/1715/1090 2786/1715/1090 2788/1715/1090 2787/1715/1090
f 2787/1715/1090 2788/1715/1090 2790/1715/1090 2789/1715/1090
f 2791/1714/1090 2792/1715/1090 2794/1716/1090 2793/1717/1090
f 2792/1715/1090 2791/1714/1090 2795/1714/1090 2796/1715/1090
f 2792/1715/1090 2796/1715/1090 2798/1715/1090 2797/1715/1090
f 2797/1715/1090 2798/1715/1090 2800/1715/1090 2799/1715/1090
f 2801/1714/1090 2802/1715/1090 2804/1716/1090 2803/1717/1090
f 2802/1715/1090 2801/1714/1090 2805/1714/1090 2806/1715/1090
f 2802/1715/1090 2806/1715/1090 2808/1715/1090 2807/1715/1090
f 2807/1715/1090 2808/1715/1090 2810/1715/1090 2809/1715/1090
f 2811/1714/1090 2812/1715/1090 2814/1716/1090 2813/1717/1090
f 2812/1715/1090 2811/1714/1090 2815/1714/1090 2816/1715/1090
f 2812/1715/1090 2816/1715/1090 2818/1715/1090 2817/1715/1090
f 2817/1715/1090 2818/1715/1090 2820/1715/1090 2819/1715/1090
o Plane.114
v 11.168975 0.000000 26.913107
v 10.516827 0.000000 25.674274
v 10.461071 0.000000 27.285763
v 9.808923 0.000000 26.046930
v 11.168975 0.000000 26.913107
v 10.516827 0.000000 25.674274
v 10.516827 0.000000 25.674274
v 10.516827 0.000000 25.674274
v 10.516827 0.000000 25.674274
v 10.516827 0.000000 25.674274
v 12.326223 0.000000 26.303905
v 11.674075 0.000000 25.065075
v 11.618320 0.000000 26.676561
v 10.966171 0.000000 25.437731
v 12.326223 0.000000 26.303905
v 11.674075 0.000000 25.065075
v 11.674075 0.000000 25.065075
v 11.674075 0.000000 25.065075
v 11.674075 0.000000 25.065075
v 11.674075 0.000000 25.065075
v 12.072355 0.000000 28.645128
v 11.420207 0.000000 27.406298
v 11.364451 0.000000 29.017784
v 10.712303 0.000000 27.778954
v 12.072355 0.000000 28.645128
v 11.420207 0.000000 27.406298
v 11.420207 0.000000 27.406298
v 11.420207 0.000000 27.406298
v 11.420207 0.000000 27.406298
v 11.420207 0.000000 27.406298
v 13.229604 0.000000 28.035927
v 12.577456 0.000000 26.797096
v 12.521700 0.000000 28.408585
v 11.869552 0.000000 27.169752
v 13.229604 0.000000 28.035927
v 12.577456 0.000000 26.797096
v 12.577456 0.000000 26.797096
v 12.577456 0.000000 26.797096
v 12.577456 0.000000 26.797096
v 12.577456 0.000000 26.797096
vn -0.0000 1.0000 -0.0000
vt 0.000000 0.000000
vt 1.000000 0.000000
vt 1.000000 1.000000
vt 0.000000 1.000000
s 0
f 2821/1718/1091 2822/1719/1091 2824/1720/1091 2823/1721/1091
f 2822/1719/1091 2821/1718/1091 2825/1718/1091 2826/1719/1091
f 2822/1719/1091 2826/1719/1091 2828/1719/1091 2827/1719/1091
f 2827/1719/1091 2828/1719/1091 2830/1719/1091 2829/1719/1091
f 2831/1718/1091 2832/1719/1091 2834/1720/1091 2833/1721/1091
f 2832/1719/1091 2831/1718/1091 2835/1718/1091 2836/1719/1091
f 2832/1719/1091 2836/1719/1091 2838/1719/1091 2837/1719/1091
f 2837/1719/1091 2838/1719/1091 2840/1719/1091 2839/1719/1091
f 2841/1718/1091 2842/1719/1091 2844/1720/1091 2843/1721/1091
f 2842/1719/1091 2841/1718/1091 2845/1718/1091 2846/1719/1091
f 2842/1719/1091 2846/1719/1091 2848/1719/1091 2847/1719/1091
f 2847/1719/1091 2848/1719/1091 2850/1719/1091 2849/1719/1091
f 2851/1718/1091 2852/1719/1091 2854/1720/1091 2853/1721/1091
f 2852/1719/1091 2851/1718/1091 2855/1718/1091 2856/1719/1091
f 2852/1719/1091 2856/1719/1091 2858/1719/1091 2857/1719/1091
f 2857/1719/1091 2858/1719/1091 2860/1719/1091 2859/1719/1091
o Plane.115
v 15.018105 0.000000 23.580822
v 13.965819 0.000000 22.657408
v 14.490439 0.000000 24.182127
v 13.438154 0.000000 23.258713
v 15.018105 0.000000 23.580822
v 13.965819 0.000000 22.657408
v 13.965819 0.000000 22.657408
v 13.965819 0.000000 22.657408
v 13.965819 0.000000 22.657408
v 13.965819 0.000000 22.657408
v 15.880709 0.000000 22.597834
v 14.828423 0.000000 21.674419
v 15.353043 0.000000 23.199141
v 14.300757 0.000000 22.275726
v 15.880709 0.000000 22.597834
v 14.828423 0.000000 21.674419
v 14.828423 0.000000 21.674419
v 14.828423 0.000000 21.674419
v 14.828423 0.000000 21.674419
v 14.828423 0.000000 21.674419
v 16.481478 0.000000 24.874861
v 15.429192 0.000000 23.951447
v 15.953813 0.000000 25.476168
v 14.901526 0.000000 24.552753
v 16.481478 0.000000 24.874861
v 15.429192 0.000000 23.951447
v 15.429192 0.000000 23.951447
v 15.429192 0.000000 23.951447
v 15.429192 0.000000 23.951447
v 15.429192 0.000000 23.951447
v 17.344082 0.000000 23.891874
v 16.291796 0.000000 22.968458
v 16.816416 0.000000 24.493179
v 15.764130 0.000000 23.569765
v 17.344082 0.000000 23.891874
v 16.291796 0.000000 22.968458
v 16.291796 0.000000 22.968458
v 16.291796 0.000000 22.968458
v 16.291796 0.000000 22.968458
v 16.291796 0.000000 22.968458
vn -0.0000 1.0000 -0.0000
vt 0.000000 0.000000
vt 1.000000 0.000000
vt 1.000000 1.000000
vt 0.000000 1.000000
s 0
f 2861/1722/1092 2862/1723/1092 2864/1724/1092 2863/1725/1092
f 2862/1723/1092 2861/1722/1092 2865/1722/1092 2866/1723/1092
f 2862/1723/1092 2866/1723/1092 2868/1723/1092 2867/1723/1092
f 2867/1723/1092 2868/1723/1092 2870/1723/1092 2869/1723/1092
f 2871/1722/1092 2872/1723/1092 2874/1724/1092 2873/1725/1092
f 2872/1723/1092 2871/1722/1092 2875/1722/1092 2876/1723/1092
f 2872/1723/1092 2876/1723/1092 2878/1723/1092 2877/1723/1092
f 2877/1723/1092 2878/1723/1092 2880/1723/1092 2879/1723/1092
f 2881/1722/1092 2882/1723/1092 2884/1724/1092 2883/1725/1092
f 2882/1723/1092 2881/1722/1092 2885/1722/1092 2886/1723/1092
f 2882/1723/1092 2886/1723/1092 2888/1723/1092 2887/1723/1092
f 2887/1723/1092 2888/1723/1092 2890/1723/1092 2889/1723/1092
f 2891/1722/1092 2892/1723/1092 2894/1724/1092 2893/1725/1092
f 2892/1723/1092 2891/1722/1092 2895/1722/1092 2896/1723/1092
f 2892/1723/1092 2896/1723/1092 2898/1723/1092 2897/1723/1092
f 2897/1723/1092 2898/1723/1092 2900/1723/1092 2899/1723/1092
o Plane.116
v 13.052393 0.000000 25.435587
v 12.234207 0.000000 24.299553
v 12.403231 0.000000 25.903122
v 11.585045 0.000000 24.767088
v 13.052393 0.000000 25.435587
v 12.234207 0.000000 24.299553
v 12.234207 0.000000 24.299553
v 12.234207 0.000000 24.299553
v 12.234207 0.000000 24.299553
v 12.234207 0.000000 24.299553
v 14.113613 0.000000 24.671284
v 13.295428 0.000000 23.535250
v 13.464451 0.000000 25.138819
v 12.646266 0.000000 24.002785
v 14.113613 0.000000 24.671284
v 13.295428 0.000000 23.535250
v 13.295428 0.000000 23.535250
v 13.295428 0.000000 23.535250
v 13.295428 0.000000 23.535250
v 13.295428 0.000000 23.535250
v 14.187993 0.000000 27.025055
v 13.369807 0.000000 25.889021
v 13.538831 0.000000 27.492590
v 12.720645 0.000000 26.356556
v 14.187993 0.000000 27.025055
v 13.369807 0.000000 25.889021
v 13.369807 0.000000 25.889021
v 13.369807 0.000000 25.889021
v 13.369807 0.000000 25.889021
v 13.369807 0.000000 25.889021
v 15.249213 0.000000 26.260752
v 14.431028 0.000000 25.124718
v 14.600051 0.000000 26.728287
v 13.781866 0.000000 25.592253
v 15.249213 0.000000 26.260752
v 14.431028 0.000000 25.124718
v 14.431028 0.000000 25.124718
v 14.431028 0.000000 25.124718
v 14.431028 0.000000 25.124718
v 14.431028 0.000000 25.124718
vn -0.0000 1.0000 -0.0000
vt 0.000000 0.000000
vt 1.000000 0.000000
vt 1.000000 1.000000
vt 0.000000 1.000000
s 0
f 2901/1726/1093 2902/1727/1093 2904/1728/1093 2903/1729/1093
f 2902/1727/1093 2901/1726/1093 2905/1726/1093 2906/1727/1093
f 2902/1727/1093 2906/1727/1093 2908/1727/1093 2907/1727/1093
f 2907/1727/1093 2908/1727/1093 2910/1727/1093 2909/1727/1093
f 2911/1726/1093 2912/1727/1093 2914/1728/1093 2913/1729/1093
f 2912/1727/1093 2911/1726/1093 2915/1726/1093 2916/1727/1093
f 2912/1727/1093 2916/1727/1093 2918/1727/1093 2917/1727/1093
f 2917/1727/1093 2918/1727/1093 2920/1727/1093 2919/1727/1093
f 2921/1726/1093 2922/1727/1093 2924/1728/1093 2923/1729/1093
f 2922/1727/1093 2921/1726/1093 2925/1726/1093 2926/1727/1093
f 2922/1727/1093 2926/1727/1093 2928/1727/1093 2927/1727/1093
f 2927/1727/1093 2928/1727/1093 2930/1727/1093 2929/1727/1093
f 2931/1726/1093 2932/1727/1093 2934/1728/1093 2933/1729/1093
f 2932/1727/1093 2931/1726/1093 2935/1726/1093 2936/1727/1093
f 2932/1727/1093 2936/1727/1093 2938/1727/1093 2937/1727/1093
f 2937/1727/1093 2938/1727/1093 2940/1727/1093 2939/1727/1093
o Plane.117
v 8.969088 0.000000 28.061409
v 8.385904 0.000000 26.788658
v 8.241800 0.000000 28.394657
v 7.658617 0.000000 27.121906
v 8.969088 0.000000 28.061409
v 8.385904 0.000000 26.788658
v 8.385904 0.000000 26.788658
v 8.385904 0.000000 26.788658
v 8.385904 0.000000 26.788658
v 8.385904 0.000000 26.788658
v 10.158022 0.000000 27.516632
v 9.574840 0.000000 26.243881
v 9.430736 0.000000 27.849880
v 8.847552 0.000000 26.577127
v 10.158022 0.000000 27.516632
v 9.574840 0.000000 26.243881
v 9.574840 0.000000 26.243881
v 9.574840 0.000000 26.243881
v 9.574840 0.000000 26.243881
v 9.574840 0.000000 26.243881
v 9.776060 0.000000 29.840397
v 9.192877 0.000000 28.567644
v 9.048773 0.000000 30.173645
v 8.465590 0.000000 28.900892
v 9.776060 0.000000 29.840397
v 9.192877 0.000000 28.567644
v 9.192877 0.000000 28.567644
v 9.192877 0.000000 28.567644
v 9.192877 0.000000 28.567644
v 9.192877 0.000000 28.567644
v 10.964994 0.000000 29.295620
v 10.381812 0.000000 28.022867
v 10.237708 0.000000 29.628866
v 9.654525 0.000000 28.356115
v 10.964994 0.000000 29.295620
v 10.381812 0.000000 28.022867
v 10.381812 0.000000 28.022867
v 10.381812 0.000000 28.022867
v 10.381812 0.000000 28.022867
v 10.381812 0.000000 28.022867
vn -0.0000 1.0000 -0.0000
vt 0.000000 0.000000
vt 1.000000 0.000000
vt 1.000000 1.000000
vt 0.000000 1.000000
s 0
f 2941/1730/1094 2942/1731/1094 2944/1732/1094 2943/1733/1094
f 2942/1731/1094 2941/1730/1094 2945/1730/1094 2946/1731/1094
f 2942/1731/1094 2946/1731/1094 2948/1731/1094 2947/1731/1094
f 2947/1731/1094 2948/1731/1094 2950/1731/1094 2949/1731/1094
f 2951/1730/1094 2952/1731/1094 2954/1732/1094 2953/1733/1094
f 2952/1731/1094 2951/1730/1094 2955/1730/1094 2956/1731/1094
f 2952/1731/1094 2956/1731/1094 2958/1731/1094 2957/1731/1094
f 2957/1731/1094 2958/1731/1094 2960/1731/1094 2959/1731/1094
f 2961/1730/1094 2962/1731/1094 2964/1732/1094 2963/1733/1094
f 2962/1731/1094 2961/1730/1094 2965/1730/1094 2966/1731/1094
f 2962/1731/1094 2966/1731/1094 2968/1731/1094 2967/1731/1094
f 2967/1731/1094 2968/1731/1094 2970/1731/1094 2969/1731/1094
f 2971/1730/1094 2972/1731/1094 2974/1732/1094 2973/1733/1094
f 2972/1731/1094 2971/1730/1094 2975/1730/1094 2976/1731/1094
f 2972/1731/1094 2976/1731/1094 2978/1731/1094 2977/1731/1094
f 2977/1731/1094 2978/1731/1094 2980/1731/1094 2979/1731/1094
o Plane.118
v 6.551991 0.000000 29.001930
v 6.169455 0.000000 27.655207
v 5.782434 0.000000 29.220522
v 5.399898 0.000000 27.873798
v 6.551991 0.000000 29.001930
v 6.169455 0.000000 27.655207
v 6.169455 0.000000 27.655207
v 6.169455 0.000000 27.655207
v 6.169455 0.000000 27.655207
v 6.169455 0.000000 27.655207
v 7.810027 0.000000 28.644585
v 7.427490 0.000000 27.297861
v 7.040471 0.000000 28.863178
v 6.657934 0.000000 27.516453
v 7.810027 0.000000 28.644585
v 7.427490 0.000000 27.297861
v 7.427490 0.000000 27.297861
v 7.427490 0.000000 27.297861
v 7.427490 0.000000 27.297861
v 7.427490 0.000000 27.297861
v 7.078606 0.000000 30.883066
v 6.696069 0.000000 29.536343
v 6.309050 0.000000 31.101660
v 5.926513 0.000000 29.754934
v 7.078606 0.000000 30.883066
v 6.696069 0.000000 29.536343
v 6.696069 0.000000 29.536343
v 6.696069 0.000000 29.536343
v 6.696069 0.000000 29.536343
v 6.696069 0.000000 29.536343
v 8.336642 0.000000 30.525723
v 7.954105 0.000000 29.178997
v 7.567085 0.000000 30.744314
v 7.184548 0.000000 29.397591
v 8.336642 0.000000 30.525723
v 7.954105 0.000000 29.178997
v 7.954105 0.000000 29.178997
v 7.954105 0.000000 29.178997
v 7.954105 0.000000 29.178997
v 7.954105 0.000000 29.178997
vn -0.0000 1.0000 -0.0000
vt 0.000000 0.000000
vt 1.000000 0.000000
vt 1.000000 1.000000
vt 0.000000 1.000000
s 0
f 2981/1734/1095 2982/1735/1095 2984/1736/1095 2983/1737/1095
f 2982/1735/1095 2981/1734/1095 2985/1734/1095 2986/1735/1095
f 2982/1735/1095 2986/1735/1095 2988/1735/1095 2987/1735/1095
f 2987/1735/1095 2988/1735/1095 2990/1735/1095 2989/1735/1095
f 2991/1734/1095 2992/1735/1095 2994/1736/1095 2993/1737/1095
f 2992/1735/1095 2991/1734/1095 2995/1734/1095 2996/1735/1095
f 2992/1735/1095 2996/1735/1095 2998/1735/1095 2997/1735/1095
f 2997/1735/1095 2998/1735/1095 3000/1735/1095 2999/1735/1095
f 3001/1734/1095 3002/1735/1095 3004/1736/1095 3003/1737/1095
f 3002/1735/1095 3001/1734/1095 3005/1734/1095 3006/1735/1095
f 3002/1735/1095 3006/1735/1095 3008/1735/1095 3007/1735/1095
f 3007/1735/1095 3008/1735/1095 3010/1735/1095 3009/1735/1095
f 3011/1734/1095 3012/1735/1095 3014/1736/1095 3013/1737/1095
f 3012/1735/1095 3011/1734/1095 3015/1734/1095 3016/1735/1095
f 3012/1735/1095 3016/1735/1095 3018/1735/1095 3017/1735/1095
f 3017/1735/1095 3018/1735/1095 3020/1735/1095 3019/1735/1095
o Plane.119
v 4.190977 0.000000 29.629391
v 3.905081 0.000000 28.258894
v 3.407836 0.000000 29.792761
v 3.121939 0.000000 28.422264
v 4.190977 0.000000 29.629391
v 3.905081 0.000000 28.258894
v 3.905081 0.000000 28.258894
v 3.905081 0.000000 28.258894
v 3.905081 0.000000 28.258894
v 3.905081 0.000000 28.258894
v 5.471221 0.000000 29.362322
v 5.185325 0.000000 27.991825
v 4.688080 0.000000 29.525692
v 4.402183 0.000000 28.155195
v 5.471221 0.000000 29.362322
v 5.185325 0.000000 27.991825
v 5.185325 0.000000 27.991825
v 5.185325 0.000000 27.991825
v 5.185325 0.000000 27.991825
v 5.185325 0.000000 27.991825
v 4.582622 0.000000 31.543186
v 4.296726 0.000000 30.172689
v 3.799481 0.000000 31.706556
v 3.513584 0.000000 30.336060
v 4.582622 0.000000 31.543186
v 4.296726 0.000000 30.172689
v 4.296726 0.000000 30.172689
v 4.296726 0.000000 30.172689
v 4.296726 0.000000 30.172689
v 4.296726 0.000000 30.172689
v 5.862866 0.000000 31.276117
v 5.576969 0.000000 29.905621
v 5.079724 0.000000 31.439487
v 4.793828 0.000000 30.068989
v 5.862866 0.000000 31.276117
v 5.576969 0.000000 29.905621
v 5.576969 0.000000 29.905621
v 5.576969 0.000000 29.905621
v 5.576969 0.000000 29.905621
v 5.576969 0.000000 29.905621
vn -0.0000 1.0000 -0.0000
vt 0.000000 0.000000
vt 1.000000 0.000000
vt 1.000000 1.000000
vt 0.000000 1.000000
s 0
f 3021/1738/1096 3022/1739/1096 3024/1740/1096 3023/1741/1096
f 3022/1739/1096 3021/1738/1096 3025/1738/1096 3026/1739/1096
f 3022/1739/1096 3026/1739/1096 3028/1739/1096 3027/1739/1096
f 3027/1739/1096 3028/1739/1096 3030/1739/1096 3029/1739/1096
f 3031/1738/1096 3032/1739/1096 3034/1740/1096 3033/1741/1096
f 3032/1739/1096 3031/1738/1096 3035/1738/1096 3036/1739/1096
f 3032/1739/1096 3036/1739/1096 3038/1739/1096 3037/1739/1096
f 3037/1739/1096 3038/1739/1096 3040/1739/1096 3039/1739/1096
f 3041/1738/1096 3042/1739/1096 3044/1740/1096 3043/1741/1096
f 3042/1739/1096 3041/1738/1096 3045/1738/1096 3046/1739/1096
f 3042/1739/1096 3046/1739/1096 3048/1739/1096 3047/1739/1096
f 3047/1739/1096 3048/1739/1096 3050/1739/1096 3049/1739/1096
f 3051/1738/1096 3052/1739/1096 3054/1740/1096 3053/1741/1096
f 3052/1739/1096 3051/1738/1096 3055/1738/1096 3056/1739/1096
f 3052/1739/1096 3056/1739/1096 3058/1739/1096 3057/1739/1096
f 3057/1739/1096 3058/1739/1096 3060/1739/1096 3059/1739/1096
o Plane.120
v 1.754755 0.000000 29.938858
v 1.595661 0.000000 28.547928
v 0.959937 0.000000 30.029770
v 0.800843 0.000000 28.638840
v 1.754755 0.000000 29.938858
v 1.595661 0.000000 28.547928
v 1.595661 0.000000 28.547928
v 1.595661 0.000000 28.547928
v 1.595661 0.000000 28.547928
v 1.595661 0.000000 28.547928
v 3.054087 0.000000 29.790241
v 2.894993 0.000000 28.399311
v 2.259269 0.000000 29.881153
v 2.100175 0.000000 28.490221
v 3.054087 0.000000 29.790241
v 2.894993 0.000000 28.399311
v 2.894993 0.000000 28.399311
v 2.894993 0.000000 28.399311
v 2.894993 0.000000 28.399311
v 2.894993 0.000000 28.399311
v 1.969362 0.000000 31.880493
v 1.810268 0.000000 30.489561
v 1.174544 0.000000 31.971403
v 1.015450 0.000000 30.580473
v 1.969362 0.000000 31.880493
v 1.810268 0.000000 30.489561
v 1.810268 0.000000 30.489561
v 1.810268 0.000000 30.489561
v 1.810268 0.000000 30.489561
v 1.810268 0.000000 30.489561
v 3.268694 0.000000 31.731876
v 3.109600 0.000000 30.340944
v 2.473876 0.000000 31.822786
v 2.314782 0.000000 30.431856
v 3.268694 0.000000 31.731876
v 3.109600 0.000000 30.340944
v 3.109600 0.000000 30.340944
v 3.109600 0.000000 30.340944
v 3.109600 0.000000 30.340944
v 3.109600 0.000000 30.340944
vn -0.0000 1.0000 -0.0000
vt 0.000000 0.000000
vt 1.000000 0.000000
vt 1.000000 1.000000
vt 0.000000 1.000000
s 0
f 3061/1742/1097 3062/1743/1097 3064/1744/1097 3063/1745/1097
f 3062/1743/1097 3061/1742/1097 3065/1742/1097 3066/1743/1097
f 3062/1743/1097 3066/1743/1097 3068/1743/1097 3067/1743/1097
f 3067/1743/1097 3068/1743/1097 3070/1743/1097 3069/1743/1097
f 3071/1742/1097 3072/1743/1097 3074/1744/1097 3073/1745/1097
f 3072/1743/1097 3071/1742/1097 3075/1742/1097 3076/1743/1097
f 3072/1743/1097 3076/1743/1097 3078/1743/1097 3077/1743/1097
f 3077/1743/1097 3078/1743/1097 3080/1743/1097 3079/1743/1097
f 3081/1742/1097 3082/1743/1097 3084/1744/1097 3083/1745/1097
f 3082/1743/1097 3081/1742/1097 3085/1742/1097 3086/1743/1097
f 3082/1743/1097 3086/1743/1097 3088/1743/1097 3087/1743/1097
f 3087/1743/1097 3088/1743/1097 3090/1743/1097 3089/1743/1097
f 3091/1742/1097 3092/1743/1097 3094/1744/1097 3093/1745/1097
f 3092/1743/1097 3091/1742/1097 3095/1742/1097 3096/1743/1097
f 3092/1743/1097 3096/1743/1097 3098/1743/1097 3097/1743/1097
f 3097/1743/1097 3098/1743/1097 3100/1743/1097 3099/1743/1097
o Plane.121
v -0.747946 0.000000 30.035913
v -0.791447 0.000000 28.636589
v -1.547560 0.000000 30.060772
v -1.591061 0.000000 28.661448
v -0.747946 0.000000 30.035913
v -0.791447 0.000000 28.636589
v -0.791447 0.000000 28.636589
v -0.791447 0.000000 28.636589
v -0.791447 0.000000 28.636589
v -0.791447 0.000000 28.636589
v 0.559226 0.000000 29.995277
v 0.515725 0.000000 28.595953
v -0.240388 0.000000 30.020134
v -0.283889 0.000000 28.620811
v 0.559226 0.000000 29.995277
v 0.515725 0.000000 28.595953
v 0.515725 0.000000 28.595953
v 0.515725 0.000000 28.595953
v 0.515725 0.000000 28.595953
v 0.515725 0.000000 28.595953
v -0.694672 0.000000 31.988646
v -0.738173 0.000000 30.589321
v -1.494286 0.000000 32.013504
v -1.537787 0.000000 30.614180
v -0.694672 0.000000 31.988646
v -0.738173 0.000000 30.589321
v -0.738173 0.000000 30.589321
v -0.738173 0.000000 30.589321
v -0.738173 0.000000 30.589321
v -0.738173 0.000000 30.589321
v 0.612500 0.000000 31.948009
v 0.568998 0.000000 30.548685
v -0.187114 0.000000 31.972866
v -0.230615 0.000000 30.573542
v 0.612500 0.000000 31.948009
v 0.568998 0.000000 30.548685
v 0.568998 0.000000 30.548685
v 0.568998 0.000000 30.548685
v 0.568998 0.000000 30.548685
v 0.568998 0.000000 30.548685
vn -0.0000 1.0000 -0.0000
vt 0.000000 0.000000
vt 1.000000 0.000000
vt 1.000000 1.000000
vt 0.000000 1.000000
s 0
f 3101/1746/1098 3102/1747/1098 3104/1748/1098 3103/1749/1098
f 3102/1747/1098 3101/1746/1098 3105/1746/1098 3106/1747/1098
f 3102/1747/1098 3106/1747/1098 3108/1747/1098 3107/1747/1098
f 3107/1747/1098 3108/1747/1098 3110/1747/1098 3109/1747/1098
f 3111/1746/1098 3112/1747/1098 3114/1748/1098 3113/1749/1098
f 3112/1747/1098 3111/1746/1098 3115/1746/1098 3116/1747/1098
f 3112/1747/1098 3116/1747/1098 3118/1747/1098 3117/1747/1098
f 3117/1747/1098 3118/1747/1098 3120/1747/1098 3119/1747/1098
f 3121/1746/1098 3122/1747/1098 3124/1748/1098 3123/1749/1098
f 3122/1747/1098 3121/1746/1098 3125/1746/1098 3126/1747/1098
f 3122/1747/1098 3126/1747/1098 3128/1747/1098 3127/1747/1098
f 3127/1747/1098 3128/1747/1098 3130/1747/1098 3129/1747/1098
f 3131/1746/1098 3132/1747/1098 3134/1748/1098 3133/1749/1098
f 3132/1747/1098 3131/1746/1098 3135/1746/1098 3136/1747/1098
f 3132/1747/1098 3136/1747/1098 3138/1747/1098 3137/1747/1098
f 3137/1747/1098 3138/1747/1098 3140/1747/1098 3139/1747/1098
o Plane.122
v -3.295261 0.000000 29.794640
v -3.097491 0.000000 28.408678
v -4.087238 0.000000 29.681627
v -3.889468 0.000000 28.295666
v -3.295261 0.000000 29.794640
v -3.097491 0.000000 28.408678
v -3.097491 0.000000 28.408678
v -3.097491 0.000000 28.408678
v -3.097491 0.000000 28.408678
v -3.097491 0.000000 28.408678
v -2.000573 0.000000 29.979385
v -1.802802 0.000000 28.593424
v -2.792550 0.000000 29.866373
v -2.594779 0.000000 28.480413
v -2.000573 0.000000 29.979385
v -1.802802 0.000000 28.593424
v -1.802802 0.000000 28.593424
v -1.802802 0.000000 28.593424
v -1.802802 0.000000 28.593424
v -1.802802 0.000000 28.593424
v -3.578567 0.000000 31.727444
v -3.380796 0.000000 30.341484
v -4.370544 0.000000 31.614433
v -4.172774 0.000000 30.228472
v -3.578567 0.000000 31.727444
v -3.380796 0.000000 30.341484
v -3.380796 0.000000 30.341484
v -3.380796 0.000000 30.341484
v -3.380796 0.000000 30.341484
v -3.380796 0.000000 30.341484
v -2.283878 0.000000 31.912189
v -2.086108 0.000000 30.526230
v -3.075856 0.000000 31.799179
v -2.878086 0.000000 30.413218
v -2.283878 0.000000 31.912189
v -2.086108 0.000000 30.526230
v -2.086108 0.000000 30.526230
v -2.086108 0.000000 30.526230
v -2.086108 0.000000 30.526230
v -2.086108 0.000000 30.526230
vn -0.0000 1.0000 -0.0000
vt 0.000000 0.000000
vt 1.000000 0.000000
vt 1.000000 1.000000
vt 0.000000 1.000000
s 0
f 3141/1750/1099 3142/1751/1099 3144/1752/1099 3143/1753/1099
f 3142/1751/1099 3141/1750/1099 3145/1750/1099 3146/1751/1099
f 3142/1751/1099 3146/1751/1099 3148/1751/1099 3147/1751/1099
f 3147/1751/1099 3148/1751/1099 3150/1751/1099 3149/1751/1099
f 3151/1750/1099 3152/1751/1099 3154/1752/1099 3153/1753/1099
f 3152/1751/1099 3151/1750/1099 3155/1750/1099 3156/1751/1099
f 3152/1751/1099 3156/1751/1099 3158/1751/1099 3157/1751/1099
f 3157/1751/1099 3158/1751/1099 3160/1751/1099 3159/1751/1099
f 3161/1750/1099 3162/1751/1099 3164/1752/1099 3163/1753/1099
f 3162/1751/1099 3161/1750/1099 3165/1750/1099 3166/1751/1099
f 3162/1751/1099 3166/1751/1099 3168/1751/1099 3167/1751/1099
f 3167/1751/1099 3168/1751/1099 3170/1751/1099 3169/1751/1099
f 3171/1750/1099 3172/1751/1099 3174/1752/1099 3173/1753/1099
f 3172/1751/1099 3171/1750/1099 3175/1750/1099 3176/1751/1099
f 3172/1751/1099 3176/1751/1099 3178/1751/1099 3177/1751/1099
f 3177/1751/1099 3178/1751/1099 3180/1751/1099 3179/1751/1099
o Plane.123
v -5.748012 0.000000 29.225389
v -5.370824 0.000000 27.877159
v -6.518430 0.000000 29.009853
v -6.141242 0.000000 27.661623
v -5.748012 0.000000 29.225389
v -5.370824 0.000000 27.877159
v -5.370824 0.000000 27.877159
v -5.370824 0.000000 27.877159
v -5.370824 0.000000 27.877159
v -5.370824 0.000000 27.877159
v -4.488567 0.000000 29.577738
v -4.111380 0.000000 28.229507
v -5.258986 0.000000 29.362202
v -4.881798 0.000000 28.013971
v -4.488567 0.000000 29.577738
v -4.111380 0.000000 28.229507
v -4.111380 0.000000 28.229507
v -4.111380 0.000000 28.229507
v -4.111380 0.000000 28.229507
v -4.111380 0.000000 28.229507
v -6.281462 0.000000 31.104599
v -5.904274 0.000000 29.756369
v -7.051880 0.000000 30.889065
v -6.674692 0.000000 29.540833
v -6.281462 0.000000 31.104599
v -5.904274 0.000000 29.756369
v -5.904274 0.000000 29.756369
v -5.904274 0.000000 29.756369
v -5.904274 0.000000 29.756369
v -5.904274 0.000000 29.756369
v -5.022017 0.000000 31.456947
v -4.644829 0.000000 30.108717
v -5.792436 0.000000 31.241413
v -5.415247 0.000000 29.893181
v -5.022017 0.000000 31.456947
v -4.644829 0.000000 30.108717
v -4.644829 0.000000 30.108717
v -4.644829 0.000000 30.108717
v -4.644829 0.000000 30.108717
v -4.644829 0.000000 30.108717
vn -0.0000 1.0000 -0.0000
vt 0.000000 0.000000
vt 1.000000 0.000000
vt 1.000000 1.000000
vt 0.000000 1.000000
s 0
f 3181/1754/1100 3182/1755/1100 3184/1756/1100 3183/1757/1100
f 3182/1755/1100 3181/1754/1100 3185/1754/1100 3186/1755/1100
f 3182/1755/1100 3186/1755/1100 3188/1755/1100 3187/1755/1100
f 3187/1755/1100 3188/1755/1100 3190/1755/1100 3189/1755/1100
f 3191/1754/1100 3192/1755/1100 3194/1756/1100 3193/1757/1100
f 3192/1755/1100 3191/1754/1100 3195/1754/1100 3196/1755/1100
f 3192/1755/1100 3196/1755/1100 3198/1755/1100 3197/1755/1100
f 3197/1755/1100 3198/1755/1100 3200/1755/1100 3199/1755/1100
f 3201/1754/1100 3202/1755/1100 3204/1756/1100 3203/1757/1100
f 3202/1755/1100 3201/1754/1100 3205/1754/1100 3206/1755/1100
f 3202/1755/1100 3206/1755/1100 3208/1755/1100 3207/1755/1100
f 3207/1755/1100 3208/1755/1100 3210/1755/1100 3209/1755/1100
f 3211/1754/1100 3212/1755/1100 3214/1756/1100 3213/1757/1100
f 3212/1755/1100 3211/1754/1100 3215/1754/1100 3216/1755/1100
f 3212/1755/1100 3216/1755/1100 3218/1755/1100 3217/1755/1100
f 3217/1755/1100 3218/1755/1100 3220/1755/1100 3219/1755/1100
o Plane.124
v -8.152931 0.000000 28.412508
v -7.593098 0.000000 27.129313
v -8.886185 0.000000 28.092604
v -8.326351 0.000000 26.809408
v -8.152931 0.000000 28.412508
v -7.593098 0.000000 27.129313
v -7.593098 0.000000 27.129313
v -7.593098 0.000000 27.129313
v -7.593098 0.000000 27.129313
v -7.593098 0.000000 27.129313
v -6.954241 0.000000 28.935472
v -6.394408 0.000000 27.652279
v -7.687495 0.000000 28.615568
v -7.127662 0.000000 27.332375
v -6.954241 0.000000 28.935472
v -6.394408 0.000000 27.652279
v -6.394408 0.000000 27.652279
v -6.394408 0.000000 27.652279
v -6.394408 0.000000 27.652279
v -6.394408 0.000000 27.652279
v -8.940884 0.000000 30.199999
v -8.381050 0.000000 28.916805
v -9.674137 0.000000 29.880095
v -9.114305 0.000000 28.596901
v -8.940884 0.000000 30.199999
v -8.381050 0.000000 28.916805
v -8.381050 0.000000 28.916805
v -8.381050 0.000000 28.916805
v -8.381050 0.000000 28.916805
v -8.381050 0.000000 28.916805
v -7.742194 0.000000 30.722965
v -7.182361 0.000000 29.439772
v -8.475448 0.000000 30.403061
v -7.915615 0.000000 29.119865
v -7.742194 0.000000 30.722965
v -7.182361 0.000000 29.439772
v -7.182361 0.000000 29.439772
v -7.182361 0.000000 29.439772
v -7.182361 0.000000 29.439772
v -7.182361 0.000000 29.439772
vn -0.0000 1.0000 -0.0000
vt 0.000000 0.000000
vt 1.000000 0.000000
vt 1.000000 1.000000
vt 0.000000 1.000000
s 0
f 3221/1758/1101 3222/1759/1101 3224/1760/1101 3223/1761/1101
f 3222/1759/1101 3221/1758/1101 3225/1758/1101 3226/1759/1101
f 3222/1759/1101 3226/1759/1101 3228/1759/1101 3227/1759/1101
f 3227/1759/1101 3228/1759/1101 3230/1759/1101 3229/1759/1101
f 3231/1758/1101 3232/1759/1101 3234/1760/1101 3233/1761/1101
f 3232/1759/1101 3231/1758/1101 3235/1758/1101 3236/1759/1101
f 3232/1759/1101 3236/1759/1101 3238/1759/1101 3237/1759/1101
f 3237/1759/1101 3238/1759/1101 3240/1759/1101 3239/1759/1101
f 3241/1758/1101 3242/1759/1101 3244/1760/1101 3243/1761/1101
f 3242/1759/1101 3241/1758/1101 3245/1758/1101 3246/1759/1101
f 3242/1759/1101 3246/1759/1101 3248/1759/1101 3247/1759/1101
f 3247/1759/1101 3248/1759/1101 3250/1759/1101 3249/1759/1101
f 3251/1758/1101 3252/1759/1101 3254/1760/1101 3253/1761/1101
f 3252/1759/1101 3251/1758/1101 3255/1758/1101 3256/1759/1101
f 3252/1759/1101 3256/1759/1101 3258/1759/1101 3257/1759/1101
f 3257/1759/1101 3258/1759/1101 3260/1759/1101 3259/1759/1101
o Plane.125
v -10.364598 0.000000 27.224619
v -9.651353 0.000000 26.019928
v -11.052993 0.000000 26.817051
v -10.339747 0.000000 25.612360
v -10.364598 0.000000 27.224619
v -9.651353 0.000000 26.019928
v -9.651353 0.000000 26.019928
v -9.651353 0.000000 26.019928
v -9.651353 0.000000 26.019928
v -9.651353 0.000000 26.019928
v -9.239243 0.000000 27.890896
v -8.525996 0.000000 26.686203
v -9.927637 0.000000 27.483326
v -9.214391 0.000000 26.278635
v -9.239243 0.000000 27.890896
v -8.525996 0.000000 26.686203
v -8.525996 0.000000 26.686203
v -8.525996 0.000000 26.686203
v -8.525996 0.000000 26.686203
v -8.525996 0.000000 26.686203
v -11.366194 0.000000 28.901760
v -10.652948 0.000000 27.697069
v -12.054589 0.000000 28.494192
v -11.341343 0.000000 27.289501
v -11.366194 0.000000 28.901760
v -10.652948 0.000000 27.697069
v -10.652948 0.000000 27.697069
v -10.652948 0.000000 27.697069
v -10.652948 0.000000 27.697069
v -10.652948 0.000000 27.697069
v -10.240838 0.000000 29.568037
v -9.527592 0.000000 28.363346
v -10.929233 0.000000 29.160467
v -10.215987 0.000000 27.955776
v -10.240838 0.000000 29.568037
v -9.527592 0.000000 28.363346
v -9.527592 0.000000 28.363346
v -9.527592 0.000000 28.363346
v -9.527592 0.000000 28.363346
v -9.527592 0.000000 28.363346
vn -0.0000 1.0000 -0.0000
vt 0.000000 0.000000
vt 1.000000 0.000000
vt 1.000000 1.000000
vt 0.000000 1.000000
s 0
f 3261/1762/1102 3262/1763/1102 3264/1764/1102 3263/1765/1102
f 3262/1763/1102 3261/1762/1102 3265/1762/1102 3266/1763/1102
f 3262/1763/1102 3266/1763/1102 3268/1763/1102 3267/1763/1102
f 3267/1763/1102 3268/1763/1102 3270/1763/1102 3269/1763/1102
f 3271/1762/1102 3272/1763/1102 3274/1764/1102 3273/1765/1102
f 3272/1763/1102 3271/1762/1102 3275/1762/1102 3276/1763/1102
f 3272/1763/1102 3276/1763/1102 3278/1763/1102 3277/1763/1102
f 3277/1763/1102 3278/1763/1102 3280/1763/1102 3279/1763/1102
f 3281/1762/1102 3282/1763/1102 3284/1764/1102 3283/1765/1102
f 3282/1763/1102 3281/1762/1102 3285/1762/1102 3286/1763/1102
f 3282/1763/1102 3286/1763/1102 3288/1763/1102 3287/1763/1102
f 3287/1763/1102 3288/1763/1102 3290/1763/1102 3289/1763/1102
f 3291/1762/1102 3292/1763/1102 3294/1764/1102 3293/1765/1102
f 3292/1763/1102 3291/1762/1102 3295/1762/1102 3296/1763/1102
f 3292/1763/1102 3296/1763/1102 3298/1763/1102 3297/1763/1102
f 3297/1763/1102 3298/1763/1102 3300/1763/1102 3299/1763/1102
o Plane.126
v -12.430031 0.000000 25.891052
v -11.622505 0.000000 24.747417
v -13.083536 0.000000 25.429607
v -12.276011 0.000000 24.285973
v -12.430031 0.000000 25.891052
v -11.622505 0.000000 24.747417
v -11.622505 0.000000 24.747417
v -11.622505 0.000000 24.747417
v -11.622505 0.000000 24.747417
v -11.622505 0.000000 24.747417
v -11.361710 0.000000 26.645399
v -10.554183 0.000000 25.501762
v -12.015215 0.000000 26.183954
v -11.207689 0.000000 25.040319
v -11.361710 0.000000 26.645399
v -10.554183 0.000000 25.501762
v -10.554183 0.000000 25.501762
v -10.554183 0.000000 25.501762
v -10.554183 0.000000 25.501762
v -10.554183 0.000000 25.501762
v -13.562853 0.000000 27.482502
v -12.755327 0.000000 26.338865
v -14.216359 0.000000 27.021057
v -13.408834 0.000000 25.877422
v -13.562853 0.000000 27.482502
v -12.755327 0.000000 26.338865
v -12.755327 0.000000 26.338865
v -12.755327 0.000000 26.338865
v -12.755327 0.000000 26.338865
v -12.755327 0.000000 26.338865
v -12.494532 0.000000 28.236847
v -11.687006 0.000000 27.093212
v -13.148038 0.000000 27.775404
v -12.340511 0.000000 26.631769
v -12.494532 0.000000 28.236847
v -11.687006 0.000000 27.093212
v -11.687006 0.000000 27.093212
v -11.687006 0.000000 27.093212
v -11.687006 0.000000 27.093212
v -11.687006 0.000000 27.093212
vn -0.0000 1.0000 -0.0000
vt 0.000000 0.000000
vt 1.000000 0.000000
vt 1.000000 1.000000
vt 0.000000 1.000000
s 0
f 3301/1766/1103 3302/1767/1103 3304/1768/1103 3303/1769/1103
f 3302/1767/1103 3301/1766/1103 3305/1766/1103 3306/1767/1103
f 3302/1767/1103 3306/1767/1103 3308/1767/1103 3307/1767/1103
f 3307/1767/1103 3308/1767/1103 3310/1767/1103 3309/1767/1103
f 3311/1766/1103 3312/1767/1103 3314/1768/1103 3313/1769/1103
f 3312/1767/1103 3311/1766/1103 3315/1766/1103 3316/1767/1103
f 3312/1767/1103 3316/1767/1103 3318/1767/1103 3317/1767/1103
f 3317/1767/1103 3318/1767/1103 3320/1767/1103 3319/1767/1103
f 3321/1766/1103 3322/1767/1103 3324/1768/1103 3323/1769/1103
f 3322/1767/1103 3321/1766/1103 3325/1766/1103 3326/1767/1103
f 3322/1767/1103 3326/1767/1103 3328/1767/1103 3327/1767/1103
f 3327/1767/1103 3328/1767/1103 3330/1767/1103 3329/1767/1103
f 3331/1766/1103 3332/1767/1103 3334/1768/1103 3333/1769/1103
f 3332/1767/1103 3331/1766/1103 3335/1766/1103 3336/1767/1103
f 3332/1767/1103 3336/1767/1103 3338/1767/1103 3337/1767/1103
f 3337/1767/1103 3338/1767/1103 3340/1767/1103 3339/1767/1103
o Plane.127
v -14.450571 0.000000 24.294252
v -13.498877 0.000000 23.267473
v -15.037302 0.000000 23.750425
v -14.085608 0.000000 22.723646
v -14.450571 0.000000 24.294252
v -13.498877 0.000000 23.267473
v -13.498877 0.000000 23.267473
v -13.498877 0.000000 23.267473
v -13.498877 0.000000 23.267473
v -13.498877 0.000000 23.267473
v -13.491410 0.000000 25.183273
v -12.539715 0.000000 24.156494
v -14.078141 0.000000 24.639448
v -13.126446 0.000000 23.612669
v -13.491410 0.000000 25.183273
v -12.539715 0.000000 24.156494
v -12.539715 0.000000 24.156494
v -12.539715 0.000000 24.156494
v -12.539715 0.000000 24.156494
v -12.539715 0.000000 24.156494
v -15.783936 0.000000 25.721886
v -14.832240 0.000000 24.695107
v -16.370667 0.000000 25.178061
v -15.418972 0.000000 24.151279
v -15.783936 0.000000 25.721886
v -14.832240 0.000000 24.695107
v -14.832240 0.000000 24.695107
v -14.832240 0.000000 24.695107
v -14.832240 0.000000 24.695107
v -14.832240 0.000000 24.695107
v -14.824775 0.000000 26.610907
v -13.873079 0.000000 25.584127
v -15.411506 0.000000 26.067081
v -14.459810 0.000000 25.040302
v -14.824775 0.000000 26.610907
v -13.873079 0.000000 25.584127
v -13.873079 0.000000 25.584127
v -13.873079 0.000000 25.584127
v -13.873079 0.000000 25.584127
v -13.873079 0.000000 25.584127
vn -0.0000 1.0000 -0.0000
vt 0.000000 0.000000
vt 1.000000 0.000000
vt 1.000000 1.000000
vt 0.000000 1.000000
s 0
f 3341/1770/1104 3342/1771/1104 3344/1772/1104 3343/1773/1104
f 3342/1771/1104 3341/1770/1104 3345/1770/1104 3346/1771/1104
f 3342/1771/1104 3346/1771/1104 3348/1771/1104 3347/1771/1104
f 3347/1771/1104 3348/1771/1104 3350/1771/1104 3349/1771/1104
f 3351/1770/1104 3352/1771/1104 3354/1772/1104 3353/1773/1104
f 3352/1771/1104 3351/1770/1104 3355/1770/1104 3356/1771/1104
f 3352/1771/1104 3356/1771/1104 3358/1771/1104 3357/1771/1104
f 3357/1771/1104 3358/1771/1104 3360/1771/1104 3359/1771/1104
f 3361/1770/1104 3362/1771/1104 3364/1772/1104 3363/1773/1104
f 3362/1771/1104 3361/1770/1104 3365/1770/1104 3366/1771/1104
f 3362/1771/1104 3366/1771/1104 3368/1771/1104 3367/1771/1104
f 3367/1771/1104 3368/1771/1104 3370/1771/1104 3369/1771/1104
f 3371/1770/1104 3372/1771/1104 3374/1772/1104 3373/1773/1104
f 3372/1771/1104 3371/1770/1104 3375/1770/1104 3376/1771/1104
f 3372/1771/1104 3376/1771/1104 3378/1771/1104 3377/1771/1104
f 3377/1771/1104 3378/1771/1104 3380/1771/1104 3379/1771/1104
o Plane.128
v -16.187140 0.000000 22.452900
v -15.102423 0.000000 21.567806
v -16.692907 0.000000 21.833061
v -15.608190 0.000000 20.947968
v -16.187140 0.000000 22.452900
v -15.102423 0.000000 21.567806
v -15.102423 0.000000 21.567806
v -15.102423 0.000000 21.567806
v -15.102423 0.000000 21.567806
v -15.102423 0.000000 21.567806
v -15.360335 0.000000 23.466183
v -14.275618 0.000000 22.581091
v -15.866102 0.000000 22.846344
v -14.781385 0.000000 21.961252
v -15.360335 0.000000 23.466183
v -14.275618 0.000000 22.581091
v -14.275618 0.000000 22.581091
v -14.275618 0.000000 22.581091
v -14.275618 0.000000 22.581091
v -14.275618 0.000000 22.581091
v -17.705360 0.000000 23.682129
v -16.620644 0.000000 22.797035
v -18.211128 0.000000 23.062290
v -17.126411 0.000000 22.177198
v -17.705360 0.000000 23.682129
v -16.620644 0.000000 22.797035
v -16.620644 0.000000 22.797035
v -16.620644 0.000000 22.797035
v -16.620644 0.000000 22.797035
v -16.620644 0.000000 22.797035
v -16.878555 0.000000 24.695412
v -15.793839 0.000000 23.810320
v -17.384323 0.000000 24.075573
v -16.299606 0.000000 23.190481
v -16.878555 0.000000 24.695412
v -15.793839 0.000000 23.810320
v -15.793839 0.000000 23.810320
v -15.793839 0.000000 23.810320
v -15.793839 0.000000 23.810320
v -15.793839 0.000000 23.810320
vn -0.0000 1.0000 -0.0000
vt 0.000000 0.000000
vt 1.000000 0.000000
vt 1.000000 1.000000
vt 0.000000 1.000000
s 0
f 3381/1774/1105 3382/1775/1105 3384/1776/1105 3383/1777/1105
f 3382/1775/1105 3381/1774/1105 3385/1774/1105 3386/1775/1105
f 3382/1775/1105 3386/1775/1105 3388/1775/1105 3387/1775/1105
f 3387/1775/1105 3388/1775/1105 3390/1775/1105 3389/1775/1105
f 3391/1774/1105 3392/1775/1105 3394/1776/1105 3393/1777/1105
f 3392/1775/1105 3391/1774/1105 3395/1774/1105 3396/1775/1105
f 3392/1775/1105 3396/1775/1105 3398/1775/1105 3397/1775/1105
f 3397/1775/1105 3398/1775/1105 3400/1775/1105 3399/1775/1105
f 3401/1774/1105 3402/1775/1105 3404/1776/1105 3403/1777/1105
f 3402/1775/1105 3401/1774/1105 3405/1774/1105 3406/1775/1105
f 3402/1775/1105 3406/1775/1105 3408/1775/1105 3407/1775/1105
f 3407/1775/1105 3408/1775/1105 3410/1775/1105 3409/1775/1105
f 3411/1774/1105 3412/1775/1105 3414/1776/1105 3413/1777/1105
f 3412/1775/1105 3411/1774/1105 3415/1774/1105 3416/1775/1105
f 3412/1775/1105 3416/1775/1105 3418/1775/1105 3417/1775/1105
f 3417/1775/1105 3418/1775/1105 3420/1775/1105 3419/1775/1105
o Plane.129
v -17.647617 0.000000 20.397232
v -16.468513 0.000000 19.642435
v -18.078930 0.000000 19.723459
v -16.899826 0.000000 18.968662
v -17.647617 0.000000 20.397232
v -16.468513 0.000000 19.642435
v -16.468513 0.000000 19.642435
v -16.468513 0.000000 19.642435
v -16.468513 0.000000 19.642435
v -16.468513 0.000000 19.642435
v -16.942528 0.000000 21.498684
v -15.763426 0.000000 20.743889
v -17.373840 0.000000 20.824911
v -16.194736 0.000000 20.070116
v -16.942528 0.000000 21.498684
v -15.763426 0.000000 20.743889
v -15.763426 0.000000 20.743889
v -15.763426 0.000000 20.743889
v -15.763426 0.000000 20.743889
v -15.763426 0.000000 20.743889
v -19.296844 0.000000 21.444155
v -18.117741 0.000000 20.689360
v -19.728155 0.000000 20.770382
v -18.549053 0.000000 20.015587
v -19.296844 0.000000 21.444155
v -18.117741 0.000000 20.689360
v -18.117741 0.000000 20.689360
v -18.117741 0.000000 20.689360
v -18.117741 0.000000 20.689360
v -18.117741 0.000000 20.689360
v -18.591755 0.000000 22.545609
v -17.412653 0.000000 21.790813
v -19.023067 0.000000 21.871836
v -17.843964 0.000000 21.117039
v -18.591755 0.000000 22.545609
v -17.412653 0.000000 21.790813
v -17.412653 0.000000 21.790813
v -17.412653 0.000000 21.790813
v -17.412653 0.000000 21.790813
v -17.412653 0.000000 21.790813
vn -0.0000 1.0000 -0.0000
vt 0.000000 0.000000
vt 1.000000 0.000000
vt 1.000000 1.000000
vt 0.000000 1.000000
s 0
f 3421/1778/1106 3422/1779/1106 3424/1780/1106 3423/1781/1106
f 3422/1779/1106 3421/1778/1106 3425/1778/1106 3426/1779/1106
f 3422/1779/1106 3426/1779/1106 3428/1779/1106 3427/1779/1106
f 3427/1779/1106 3428/1779/1106 3430/1779/1106 3429/1779/1106
f 3431/1778/1106 3432/1779/1106 3434/1780/1106 3433/1781/1106
f 3432/1779/1106 3431/1778/1106 3435/1778/1106 3436/1779/1106
f 3432/1779/1106 3436/1779/1106 3438/1779/1106 3437/1779/1106
f 3437/1779/1106 3438/1779/1106 3440/1779/1106 3439/1779/1106
f 3441/1778/1106 3442/1779/1106 3444/1780/1106 3443/1781/1106
f 3442/1779/1106 3441/1778/1106 3445/1778/1106 3446/1779/1106
f 3442/1779/1106 3446/1779/1106 3448/1779/1106 3447/1779/1106
f 3447/1779/1106 3448/1779/1106 3450/1779/1106 3449/1779/1106
f 3451/1778/1106 3452/1779/1106 3454/1780/1106 3453/1781/1106
f 3452/1779/1106 3451/1778/1106 3455/1778/1106 3456/1779/1106
f 3452/1779/1106 3456/1779/1106 3458/1779/1106 3457/1779/1106
f 3457/1779/1106 3458/1779/1106 3460/1779/1106 3459/1779/1106
o Plane.130
v -18.832064 0.000000 18.276917
v -17.587660 0.000000 17.635466
v -19.198606 0.000000 17.565828
v -17.954203 0.000000 16.924377
v -18.832064 0.000000 18.276917
v -17.587660 0.000000 17.635466
v -17.587660 0.000000 17.635466
v -17.587660 0.000000 17.635466
v -17.587660 0.000000 17.635466
v -17.587660 0.000000 17.635466
v -18.232855 0.000000 19.439371
v -16.988451 0.000000 18.797918
v -18.599398 0.000000 18.728283
v -17.354994 0.000000 18.086832
v -18.232855 0.000000 19.439371
v -16.988451 0.000000 18.797918
v -16.988451 0.000000 18.797918
v -16.988451 0.000000 18.797918
v -16.988451 0.000000 18.797918
v -16.988451 0.000000 18.797918
v -20.571804 0.000000 19.165342
v -19.327400 0.000000 18.523891
v -20.938347 0.000000 18.454254
v -19.693945 0.000000 17.812803
v -20.571804 0.000000 19.165342
v -19.327400 0.000000 18.523891
v -19.327400 0.000000 18.523891
v -19.327400 0.000000 18.523891
v -19.327400 0.000000 18.523891
v -19.327400 0.000000 18.523891
v -19.972595 0.000000 20.327797
v -18.728191 0.000000 19.686344
v -20.339140 0.000000 19.616709
v -19.094736 0.000000 18.975256
v -19.972595 0.000000 20.327797
v -18.728191 0.000000 19.686344
v -18.728191 0.000000 19.686344
v -18.728191 0.000000 19.686344
v -18.728191 0.000000 19.686344
v -18.728191 0.000000 19.686344
vn -0.0000 1.0000 -0.0000
vt 0.000000 0.000000
vt 1.000000 0.000000
vt 1.000000 1.000000
vt 0.000000 1.000000
s 0
f 3461/1782/1107 3462/1783/1107 3464/1784/1107 3463/1785/1107
f 3462/1783/1107 3461/1782/1107 3465/1782/1107 3466/1783/1107
f 3462/1783/1107 3466/1783/1107 3468/1783/1107 3467/1783/1107
f 3467/1783/1107 3468/1783/1107 3470/1783/1107 3469/1783/1107
f 3471/1782/1107 3472/1783/1107 3474/1784/1107 3473/1785/1107
f 3472/1783/1107 3471/1782/1107 3475/1782/1107 3476/1783/1107
f 3472/1783/1107 3476/1783/1107 3478/1783/1107 3477/1783/1107
f 3477/1783/1107 3478/1783/1107 3480/1783/1107 3479/1783/1107
f 3481/1782/1107 3482/1783/1107 3484/1784/1107 3483/1785/1107
f 3482/1783/1107 3481/1782/1107 3485/1782/1107 3486/1783/1107
f 3482/1783/1107 3486/1783/1107 3488/1783/1107 3487/1783/1107
f 3487/1783/1107 3488/1783/1107 3490/1783/1107 3489/1783/1107
f 3491/1782/1107 3492/1783/1107 3494/1784/1107 3493/1785/1107
f 3492/1783/1107 3491/1782/1107 3495/1782/1107 3496/1783/1107
f 3492/1783/1107 3496/1783/1107 3498/1783/1107 3497/1783/1107
f 3497/1783/1107 3498/1783/1107 3500/1783/1107 3499/1783/1107
o Plane.131
v 12.478140 0.000000 30.877890
v 11.825992 0.000000 29.639057
v 11.770236 0.000000 31.250546
v 11.118088 0.000000 30.011713
v 12.478140 0.000000 30.877890
v 11.825992 0.000000 29.639057
v 11.825992 0.000000 29.639057
v 11.825992 0.000000 29.639057
v 11.825992 0.000000 29.639057
v 11.825992 0.000000 29.639057
v 13.635387 0.000000 30.268688
v 12.983240 0.000000 29.029858
v 12.927485 0.000000 30.641344
v 12.275336 0.000000 29.402514
v 13.635387 0.000000 30.268688
v 12.983240 0.000000 29.029858
v 12.983240 0.000000 29.029858
v 12.983240 0.000000 29.029858
v 12.983240 0.000000 29.029858
v 12.983240 0.000000 29.029858
v 13.381520 0.000000 32.609913
v 12.729372 0.000000 31.371080
v 12.673616 0.000000 32.982567
v 12.021468 0.000000 31.743736
v 13.381520 0.000000 32.609913
v 12.729372 0.000000 31.371080
v 12.729372 0.000000 31.371080
v 12.729372 0.000000 31.371080
v 12.729372 0.000000 31.371080
v 12.729372 0.000000 31.371080
v 14.538769 0.000000 32.000710
v 13.886621 0.000000 30.761879
v 13.830865 0.000000 32.373367
v 13.178717 0.000000 31.134535
v 14.538769 0.000000 32.000710
v 13.886621 0.000000 30.761879
v 13.886621 0.000000 30.761879
v 13.886621 0.000000 30.761879
v 13.886621 0.000000 30.761879
v 13.886621 0.000000 30.761879
vn -0.0000 1.0000 -0.0000
vt 0.000000 0.000000
vt 1.000000 0.000000
vt 1.000000 1.000000
vt 0.000000 1.000000
s 0
f 3501/1786/1108 3502/1787/1108 3504/1788/1108 3503/1789/1108
f 3502/1787/1108 3501/1786/1108 3505/1786/1108 3506/1787/1108
f 3502/1787/1108 3506/1787/1108 3508/1787/1108 3507/1787/1108
f 3507/1787/1108 3508/1787/1108 3510/1787/1108 3509/1787/1108
f 3511/1786/1108 3512/1787/1108 3514/1788/1108 3513/1789/1108
f 3512/1787/1108 3511/1786/1108 3515/1786/1108 3516/1787/1108
f 3512/1787/1108 3516/1787/1108 3518/1787/1108 3517/1787/1108
f 3517/1787/1108 3518/1787/1108 3520/1787/1108 3519/1787/1108
f 3521/1786/1108 3522/1787/1108 3524/1788/1108 3523/1789/1108
f 3522/1787/1108 3521/1786/1108 3525/1786/1108 3526/1787/1108
f 3522/1787/1108 3526/1787/1108 3528/1787/1108 3527/1787/1108
f 3527/1787/1108 3528/1787/1108 3530/1787/1108 3529/1787/1108
f 3531/1786/1108 3532/1787/1108 3534/1788/1108 3533/1789/1108
f 3532/1787/1108 3531/1786/1108 3535/1786/1108 3536/1787/1108
f 3532/1787/1108 3536/1787/1108 3538/1787/1108 3537/1787/1108
f 3537/1787/1108 3538/1787/1108 3540/1787/1108 3539/1787/1108
o Plane.132
v 10.278253 0.000000 32.026192
v 9.695069 0.000000 30.753441
v 9.550965 0.000000 32.359440
v 8.967782 0.000000 31.086689
v 10.278253 0.000000 32.026192
v 9.695069 0.000000 30.753441
v 9.695069 0.000000 30.753441
v 9.695069 0.000000 30.753441
v 9.695069 0.000000 30.753441
v 9.695069 0.000000 30.753441
v 11.467188 0.000000 31.481415
v 10.884005 0.000000 30.208664
v 10.739901 0.000000 31.814663
v 10.156717 0.000000 30.541910
v 11.467188 0.000000 31.481415
v 10.884005 0.000000 30.208664
v 10.884005 0.000000 30.208664
v 10.884005 0.000000 30.208664
v 10.884005 0.000000 30.208664
v 10.884005 0.000000 30.208664
v 11.085224 0.000000 33.805180
v 10.502042 0.000000 32.532429
v 10.357938 0.000000 34.138428
v 9.774755 0.000000 32.865673
v 11.085224 0.000000 33.805180
v 10.502042 0.000000 32.532429
v 10.502042 0.000000 32.532429
v 10.502042 0.000000 32.532429
v 10.502042 0.000000 32.532429
v 10.502042 0.000000 32.532429
v 12.274160 0.000000 33.260403
v 11.690977 0.000000 31.987650
v 11.546873 0.000000 33.593651
v 10.963690 0.000000 32.320896
v 12.274160 0.000000 33.260403
v 11.690977 0.000000 31.987650
v 11.690977 0.000000 31.987650
v 11.690977 0.000000 31.987650
v 11.690977 0.000000 31.987650
v 11.690977 0.000000 31.987650
vn -0.0000 1.0000 -0.0000
vt 0.000000 0.000000
vt 1.000000 0.000000
vt 1.000000 1.000000
vt 0.000000 1.000000
s 0
f 3541/1790/1109 3542/1791/1109 3544/1792/1109 3543/1793/1109
f 3542/1791/1109 3541/1790/1109 3545/1790/1109 3546/1791/1109
f 3542/1791/1109 3546/1791/1109 3548/1791/1109 3547/1791/1109
f 3547/1791/1109 3548/1791/1109 3550/1791/1109 3549/1791/1109
f 3551/1790/1109 3552/1791/1109 3554/1792/1109 3553/1793/1109
f 3552/1791/1109 3551/1790/1109 3555/1790/1109 3556/1791/1109
f 3552/1791/1109 3556/1791/1109 3558/1791/1109 3557/1791/1109
f 3557/1791/1109 3558/1791/1109 3560/1791/1109 3559/1791/1109
f 3561/1790/1109 3562/1791/1109 3564/1792/1109 3563/1793/1109
f 3562/1791/1109 3561/1790/1109 3565/1790/1109 3566/1791/1109
f 3562/1791/1109 3566/1791/1109 3568/1791/1109 3567/1791/1109
f 3567/1791/1109 3568/1791/1109 3570/1791/1109 3569/1791/1109
f 3571/1790/1109 3572/1791/1109 3574/1792/1109 3573/1793/1109
f 3572/1791/1109 3571/1790/1109 3575/1790/1109 3576/1791/1109
f 3572/1791/1109 3576/1791/1109 3578/1791/1109 3577/1791/1109
f 3577/1791/1109 3578/1791/1109 3580/1791/1109 3579/1791/1109
o Plane.133
v 7.861156 0.000000 32.966709
v 7.478620 0.000000 31.619987
v 7.091600 0.000000 33.185303
v 6.709064 0.000000 31.838579
v 7.861156 0.000000 32.966709
v 7.478620 0.000000 31.619987
v 7.478620 0.000000 31.619987
v 7.478620 0.000000 31.619987
v 7.478620 0.000000 31.619987
v 7.478620 0.000000 31.619987
v 9.119192 0.000000 32.609367
v 8.736656 0.000000 31.262642
v 8.349636 0.000000 32.827957
v 7.967099 0.000000 31.481234
v 9.119192 0.000000 32.609367
v 8.736656 0.000000 31.262642
v 8.736656 0.000000 31.262642
v 8.736656 0.000000 31.262642
v 8.736656 0.000000 31.262642
v 8.736656 0.000000 31.262642
v 8.387772 0.000000 34.847847
v 8.005235 0.000000 33.501122
v 7.618215 0.000000 35.066441
v 7.235678 0.000000 33.719715
v 8.387772 0.000000 34.847847
v 8.005235 0.000000 33.501122
v 8.005235 0.000000 33.501122
v 8.005235 0.000000 33.501122
v 8.005235 0.000000 33.501122
v 8.005235 0.000000 33.501122
v 9.645807 0.000000 34.490501
v 9.263270 0.000000 33.143780
v 8.876251 0.000000 34.709095
v 8.493714 0.000000 33.362370
v 9.645807 0.000000 34.490501
v 9.263270 0.000000 33.143780
v 9.263270 0.000000 33.143780
v 9.263270 0.000000 33.143780
v 9.263270 0.000000 33.143780
v 9.263270 0.000000 33.143780
vn -0.0000 1.0000 -0.0000
vt 0.000000 0.000000
vt 1.000000 0.000000
vt 1.000000 1.000000
vt 0.000000 1.000000
s 0
f 3581/1794/1110 3582/1795/1110 3584/1796/1110 3583/1797/1110
f 3582/1795/1110 3581/1794/1110 3585/1794/1110 3586/1795/1110
f 3582/1795/1110 3586/1795/1110 3588/1795/1110 3587/1795/1110
f 3587/1795/1110 3588/1795/1110 3590/1795/1110 3589/1795/1110
f 3591/1794/1110 3592/1795/1110 3594/1796/1110 3593/1797/1110
f 3592/1795/1110 3591/1794/1110 3595/1794/1110 3596/1795/1110
f 3592/1795/1110 3596/1795/1110 3598/1795/1110 3597/1795/1110
f 3597/1795/1110 3598/1795/1110 3600/1795/1110 3599/1795/1110
f 3601/1794/1110 3602/1795/1110 3604/1796/1110 3603/1797/1110
f 3602/1795/1110 3601/1794/1110 3605/1794/1110 3606/1795/1110
f 3602/1795/1110 3606/1795/1110 3608/1795/1110 3607/1795/1110
f 3607/1795/1110 3608/1795/1110 3610/1795/1110 3609/1795/1110
f 3611/1794/1110 3612/1795/1110 3614/1796/1110 3613/1797/1110
f 3612/1795/1110 3611/1794/1110 3615/1794/1110 3616/1795/1110
f 3612/1795/1110 3616/1795/1110 3618/1795/1110 3617/1795/1110
f 3617/1795/1110 3618/1795/1110 3620/1795/1110 3619/1795/1110
o Plane.134
v 5.500143 0.000000 33.594173
v 5.214246 0.000000 32.223675
v 4.717001 0.000000 33.757542
v 4.431105 0.000000 32.387043
v 5.500143 0.000000 33.594173
v 5.214246 0.000000 32.223675
v 5.214246 0.000000 32.223675
v 5.214246 0.000000 32.223675
v 5.214246 0.000000 32.223675
v 5.214246 0.000000 32.223675
v 6.780386 0.000000 33.327103
v 6.494490 0.000000 31.956606
v 5.997245 0.000000 33.490471
v 5.711349 0.000000 32.119976
v 6.780386 0.000000 33.327103
v 6.494490 0.000000 31.956606
v 6.494490 0.000000 31.956606
v 6.494490 0.000000 31.956606
v 6.494490 0.000000 31.956606
v 6.494490 0.000000 31.956606
v 5.891788 0.000000 35.507969
v 5.605891 0.000000 34.137470
v 5.108646 0.000000 35.671337
v 4.822750 0.000000 34.300838
v 5.891788 0.000000 35.507969
v 5.605891 0.000000 34.137470
v 5.605891 0.000000 34.137470
v 5.605891 0.000000 34.137470
v 5.605891 0.000000 34.137470
v 5.605891 0.000000 34.137470
v 7.172031 0.000000 35.240898
v 6.886135 0.000000 33.870399
v 6.388890 0.000000 35.404266
v 6.102993 0.000000 34.033772
v 7.172031 0.000000 35.240898
v 6.886135 0.000000 33.870399
v 6.886135 0.000000 33.870399
v 6.886135 0.000000 33.870399
v 6.886135 0.000000 33.870399
v 6.886135 0.000000 33.870399
vn -0.0000 1.0000 -0.0000
vt 0.000000 0.000000
vt 1.000000 0.000000
vt 1.000000 1.000000
vt 0.000000 1.000000
s 0
f 3621/1798/1111 3622/1799/1111 3624/1800/1111 3623/1801/1111
f 3622/1799/1111 3621/1798/1111 3625/1798/1111 3626/1799/1111
f 3622/1799/1111 3626/1799/1111 3628/1799/1111 3627/1799/1111
f 3627/1799/1111 3628/1799/1111 3630/1799/1111 3629/1799/1111
f 3631/1798/1111 3632/1799/1111 3634/1800/1111 3633/1801/1111
f 3632/1799/1111 3631/1798/1111 3635/1798/1111 3636/1799/1111
f 3632/1799/1111 3636/1799/1111 3638/1799/1111 3637/1799/1111
f 3637/1799/1111 3638/1799/1111 3640/1799/1111 3639/1799/1111
f 3641/1798/1111 3642/1799/1111 3644/1800/1111 3643/1801/1111
f 3642/1799/1111 3641/1798/1111 3645/1798/1111 3646/1799/1111
f 3642/1799/1111 3646/1799/1111 3648/1799/1111 3647/1799/1111
f 3647/1799/1111 3648/1799/1111 3650/1799/1111 3649/1799/1111
f 3651/1798/1111 3652/1799/1111 3654/1800/1111 3653/1801/1111
f 3652/1799/1111 3651/1798/1111 3655/1798/1111 3656/1799/1111
f 3652/1799/1111 3656/1799/1111 3658/1799/1111 3657/1799/1111
f 3657/1799/1111 3658/1799/1111 3660/1799/1111 3659/1799/1111
o Plane.135
v 2.695678 0.000000 33.943375
v 2.536584 0.000000 32.552444
v 1.900861 0.000000 34.034286
v 1.741767 0.000000 32.643356
v 2.695678 0.000000 33.943375
v 2.536584 0.000000 32.552444
v 2.536584 0.000000 32.552444
v 2.536584 0.000000 32.552444
v 2.536584 0.000000 32.552444
v 2.536584 0.000000 32.552444
v 3.995010 0.000000 33.794758
v 3.835916 0.000000 32.403828
v 3.200192 0.000000 33.885670
v 3.041098 0.000000 32.494740
v 3.995010 0.000000 33.794758
v 3.835916 0.000000 32.403828
v 3.835916 0.000000 32.403828
v 3.835916 0.000000 32.403828
v 3.835916 0.000000 32.403828
v 3.835916 0.000000 32.403828
v 2.910285 0.000000 35.885010
v 2.751191 0.000000 34.494080
v 2.115468 0.000000 35.975922
v 1.956374 0.000000 34.584988
v 2.910285 0.000000 35.885010
v 2.751191 0.000000 34.494080
v 2.751191 0.000000 34.494080
v 2.751191 0.000000 34.494080
v 2.751191 0.000000 34.494080
v 2.751191 0.000000 34.494080
v 4.209617 0.000000 35.736393
v 4.050523 0.000000 34.345463
v 3.414799 0.000000 35.827305
v 3.255705 0.000000 34.436371
v 4.209617 0.000000 35.736393
v 4.050523 0.000000 34.345463
v 4.050523 0.000000 34.345463
v 4.050523 0.000000 34.345463
v 4.050523 0.000000 34.345463
v 4.050523 0.000000 34.345463
vn -0.0000 1.0000 -0.0000
vt 0.000000 0.000000
vt 1.000000 0.000000
vt 1.000000 1.000000
vt 0.000000 1.000000
s 0
f 3661/1802/1112 3662/1803/1112 3664/1804/1112 3663/1805/1112
f 3662/1803/1112 3661/1802/1112 3665/1802/1112 3666/1803/1112
f 3662/1803/1112 3666/1803/1112 3668/1803/1112 3667/1803/1112
f 3667/1803/1112 3668/1803/1112 3670/1803/1112 3669/1803/1112
f 3671/1802/1112 3672/1803/1112 3674/1804/1112 3673/1805/1112
f 3672/1803/1112 3671/1802/1112 3675/1802/1112 3676/1803/1112
f 3672/1803/1112 3676/1803/1112 3678/1803/1112 3677/1803/1112
f 3677/1803/1112 3678/1803/1112 3680/1803/1112 3679/1803/1112
f 3681/1802/1112 3682/1803/1112 3684/1804/1112 3683/1805/1112
f 3682/1803/1112 3681/1802/1112 3685/1802/1112 3686/1803/1112
f 3682/1803/1112 3686/1803/1112 3688/1803/1112 3687/1803/1112
f 3687/1803/1112 3688/1803/1112 3690/1803/1112 3689/1803/1112
f 3691/1802/1112 3692/1803/1112 3694/1804/1112 3693/1805/1112
f 3692/1803/1112 3691/1802/1112 3695/1802/1112 3696/1803/1112
f 3692/1803/1112 3696/1803/1112 3698/1803/1112 3697/1803/1112
f 3697/1803/1112 3698/1803/1112 3700/1803/1112 3699/1803/1112
o Plane.136
v 0.192978 0.000000 34.040432
v 0.149476 0.000000 32.641109
v -0.606636 0.000000 34.065289
v -0.650138 0.000000 32.665966
v 0.192978 0.000000 34.040432
v 0.149476 0.000000 32.641109
v 0.149476 0.000000 32.641109
v 0.149476 0.000000 32.641109
v 0.149476 0.000000 32.641109
v 0.149476 0.000000 32.641109
v 1.500149 0.000000 33.999794
v 1.456648 0.000000 32.600471
v 0.700536 0.000000 34.024654
v 0.657034 0.000000 32.625328
v 1.500149 0.000000 33.999794
v 1.456648 0.000000 32.600471
v 1.456648 0.000000 32.600471
v 1.456648 0.000000 32.600471
v 1.456648 0.000000 32.600471
v 1.456648 0.000000 32.600471
v 0.246251 0.000000 35.993164
v 0.202750 0.000000 34.593838
v -0.553362 0.000000 36.018021
v -0.596864 0.000000 34.618698
v 0.246251 0.000000 35.993164
v 0.202750 0.000000 34.593838
v 0.202750 0.000000 34.593838
v 0.202750 0.000000 34.593838
v 0.202750 0.000000 34.593838
v 0.202750 0.000000 34.593838
v 1.553423 0.000000 35.952526
v 1.509922 0.000000 34.553204
v 0.753810 0.000000 35.977386
v 0.710308 0.000000 34.578060
v 1.553423 0.000000 35.952526
v 1.509922 0.000000 34.553204
v 1.509922 0.000000 34.553204
v 1.509922 0.000000 34.553204
v 1.509922 0.000000 34.553204
v 1.509922 0.000000 34.553204
vn -0.0000 1.0000 -0.0000
vt 0.000000 0.000000
vt 1.000000 0.000000
vt 1.000000 1.000000
vt 0.000000 1.000000
s 0
f 3701/1806/1113 3702/1807/1113 3704/1808/1113 3703/1809/1113
f 3702/1807/1113 3701/1806/1113 3705/1806/1113 3706/1807/1113
f 3702/1807/1113 3706/1807/1113 3708/1807/1113 3707/1807/1113
f 3707/1807/1113 3708/1807/1113 3710/1807/1113 3709/1807/1113
f 3711/1806/1113 3712/1807/1113 3714/1808/1113 3713/1809/1113
f 3712/1807/1113 3711/1806/1113 3715/1806/1113 3716/1807/1113
f 3712/1807/1113 3716/1807/1113 3718/1807/1113 3717/1807/1113
f 3717/1807/1113 3718/1807/1113 3720/1807/1113 3719/1807/1113
f 3721/1806/1113 3722/1807/1113 3724/1808/1113 3723/1809/1113
f 3722/1807/1113 3721/1806/1113 3725/1806/1113 3726/1807/1113
f 3722/1807/1113 3726/1807/1113 3728/1807/1113 3727/1807/1113
f 3727/1807/1113 3728/1807/1113 3730/1807/1113 3729/1807/1113
f 3731/1806/1113 3732/1807/1113 3734/1808/1113 3733/1809/1113
f 3732/1807/1113 3731/1806/1113 3735/1806/1113 3736/1807/1113
f 3732/1807/1113 3736/1807/1113 3738/1807/1113 3737/1807/1113
f 3737/1807/1113 3738/1807/1113 3740/1807/1113 3739/1807/1113
o Plane.137
v -2.354338 0.000000 33.799156
v -2.156567 0.000000 32.413197
v -3.146315 0.000000 33.686146
v -2.948545 0.000000 32.300186
v -2.354338 0.000000 33.799156
v -2.156567 0.000000 32.413197
v -2.156567 0.000000 32.413197
v -2.156567 0.000000 32.413197
v -2.156567 0.000000 32.413197
v -2.156567 0.000000 32.413197
v -1.059649 0.000000 33.983902
v -0.861879 0.000000 32.597942
v -1.851627 0.000000 33.870892
v -1.653856 0.000000 32.484932
v -1.059649 0.000000 33.983902
v -0.861879 0.000000 32.597942
v -0.861879 0.000000 32.597942
v -0.861879 0.000000 32.597942
v -0.861879 0.000000 32.597942
v -0.861879 0.000000 32.597942
v -2.637644 0.000000 35.731964
v -2.439873 0.000000 34.346001
v -3.429621 0.000000 35.618950
v -3.231851 0.000000 34.232990
v -2.637644 0.000000 35.731964
v -2.439873 0.000000 34.346001
v -2.439873 0.000000 34.346001
v -2.439873 0.000000 34.346001
v -2.439873 0.000000 34.346001
v -2.439873 0.000000 34.346001
v -1.342955 0.000000 35.916710
v -1.145185 0.000000 34.530746
v -2.134933 0.000000 35.803696
v -1.937162 0.000000 34.417736
v -1.342955 0.000000 35.916710
v -1.145185 0.000000 34.530746
v -1.145185 0.000000 34.530746
v -1.145185 0.000000 34.530746
v -1.145185 0.000000 34.530746
v -1.145185 0.000000 34.530746
vn -0.0000 1.0000 -0.0000
vt 0.000000 0.000000
vt 1.000000 0.000000
vt 1.000000 1.000000
vt 0.000000 1.000000
s 0
f 3741/1810/1114 3742/1811/1114 3744/1812/1114 3743/1813/1114
f 3742/1811/1114 3741/1810/1114 3745/1810/1114 3746/1811/1114
f 3742/1811/1114 3746/1811/1114 3748/1811/1114 3747/1811/1114
f 3747/1811/1114 3748/1811/1114 3750/1811/1114 3749/1811/1114
f 3751/1810/1114 3752/1811/1114 3754/1812/1114 3753/1813/1114
f 3752/1811/1114 3751/1810/1114 3755/1810/1114 3756/1811/1114
f 3752/1811/1114 3756/1811/1114 3758/1811/1114 3757/1811/1114
f 3757/1811/1114 3758/1811/1114 3760/1811/1114 3759/1811/1114
f 3761/1810/1114 3762/1811/1114 3764/1812/1114 3763/1813/1114
f 3762/1811/1114 3761/1810/1114 3765/1810/1114 3766/1811/1114
f 3762/1811/1114 3766/1811/1114 3768/1811/1114 3767/1811/1114
f 3767/1811/1114 3768/1811/1114 3770/1811/1114 3769/1811/1114
f 3771/1810/1114 3772/1811/1114 3774/1812/1114 3773/1813/1114
f 3772/1811/1114 3771/1810/1114 3775/1810/1114 3776/1811/1114
f 3772/1811/1114 3776/1811/1114 3778/1811/1114 3777/1811/1114
f 3777/1811/1114 3778/1811/1114 3780/1811/1114 3779/1811/1114
o Plane.138
v -4.807088 0.000000 33.229908
v -4.429900 0.000000 31.881678
v -5.577506 0.000000 33.014374
v -5.200318 0.000000 31.666142
v -4.807088 0.000000 33.229908
v -4.429900 0.000000 31.881678
v -4.429900 0.000000 31.881678
v -4.429900 0.000000 31.881678
v -4.429900 0.000000 31.881678
v -4.429900 0.000000 31.881678
v -3.547644 0.000000 33.582256
v -3.170456 0.000000 32.234024
v -4.318062 0.000000 33.366722
v -3.940874 0.000000 32.018490
v -3.547644 0.000000 33.582256
v -3.170456 0.000000 32.234024
v -3.170456 0.000000 32.234024
v -3.170456 0.000000 32.234024
v -3.170456 0.000000 32.234024
v -3.170456 0.000000 32.234024
v -5.340538 0.000000 35.109119
v -4.963350 0.000000 33.760887
v -6.110956 0.000000 34.893581
v -5.733768 0.000000 33.545349
v -5.340538 0.000000 35.109119
v -4.963350 0.000000 33.760887
v -4.963350 0.000000 33.760887
v -4.963350 0.000000 33.760887
v -4.963350 0.000000 33.760887
v -4.963350 0.000000 33.760887
v -4.081094 0.000000 35.461468
v -3.703906 0.000000 34.113235
v -4.851512 0.000000 35.245930
v -4.474324 0.000000 33.897697
v -4.081094 0.000000 35.461468
v -3.703906 0.000000 34.113235
v -3.703906 0.000000 34.113235
v -3.703906 0.000000 34.113235
v -3.703906 0.000000 34.113235
v -3.703906 0.000000 34.113235
vn -0.0000 1.0000 -0.0000
vt 0.000000 0.000000
vt 1.000000 0.000000
vt 1.000000 1.000000
vt 0.000000 1.000000
s 0
f 3781/1814/1115 3782/1815/1115 3784/1816/1115 3783/1817/1115
f 3782/1815/1115 3781/1814/1115 3785/1814/1115 3786/1815/1115
f 3782/1815/1115 3786/1815/1115 3788/1815/1115 3787/1815/1115
f 3787/1815/1115 3788/1815/1115 3790/1815/1115 3789/1815/1115
f 3791/1814/1115 3792/1815/1115 3794/1816/1115 3793/1817/1115
f 3792/1815/1115 3791/1814/1115 3795/1814/1115 3796/1815/1115
f 3792/1815/1115 3796/1815/1115 3798/1815/1115 3797/1815/1115
f 3797/1815/1115 3798/1815/1115 3800/1815/1115 3799/1815/1115
f 3801/1814/1115 3802/1815/1115 3804/1816/1115 3803/1817/1115
f 3802/1815/1115 3801/1814/1115 3805/1814/1115 3806/1815/1115
f 3802/1815/1115 3806/1815/1115 3808/1815/1115 3807/1815/1115
f 3807/1815/1115 3808/1815/1115 3810/1815/1115 3809/1815/1115
f 3811/1814/1115 3812/1815/1115 3814/1816/1115 3813/1817/1115
f 3812/1815/1115 3811/1814/1115 3815/1814/1115 3816/1815/1115
f 3812/1815/1115 3816/1815/1115 3818/1815/1115 3817/1815/1115
f 3817/1815/1115 3818/1815/1115 3820/1815/1115 3819/1815/1115
o Plane.139
v 4.234824 0.000000 42.277267
v 3.673929 0.000000 40.994537
v 3.501835 0.000000 42.597778
v 2.940940 0.000000 41.315048
v 4.234824 0.000000 42.277267
v 3.673929 0.000000 40.994537
v 3.673929 0.000000 40.994537
v 3.673929 0.000000 40.994537
v 3.673929 0.000000 40.994537
v 3.673929 0.000000 40.994537
v 5.433081 0.000000 41.753311
v 4.872186 0.000000 40.470581
v 4.700091 0.000000 42.073822
v 4.139197 0.000000 40.791092
v 5.433081 0.000000 41.753311
v 4.872186 0.000000 40.470581
v 4.872186 0.000000 40.470581
v 4.872186 0.000000 40.470581
v 4.872186 0.000000 40.470581
v 4.872186 0.000000 40.470581
vn -0.0000 1.0000 -0.0000
vt 0.000000 0.000000
vt 1.000000 0.000000
vt 1.000000 1.000000
vt 0.000000 1.000000
s 0
f 3821/1818/1116 3822/1819/1116 3824/1820/1116 3823/1821/1116
f 3822/1819/1116 3821/1818/1116 3825/1818/1116 3826/1819/1116
f 3822/1819/1116 3826/1819/1116 3828/1819/1116 3827/1819/1116
f 3827/1819/1116 3828/1819/1116 3830/1819/1116 3829/1819/1116
f 3831/1818/1116 3832/1819/1116 3834/1820/1116 3833/1821/1116
f 3832/1819/1116 3831/1818/1116 3835/1818/1116 3836/1819/1116
f 3832/1819/1116 3836/1819/1116 3838/1819/1116 3837/1819/1116
f 3837/1819/1116 3838/1819/1116 3840/1819/1116 3839/1819/1116
o Plane.140
v 3.441082 0.000000 40.591675
v 2.880188 0.000000 39.308945
v 2.708093 0.000000 40.912186
v 2.147199 0.000000 39.629456
v 3.441082 0.000000 40.591675
v 2.880188 0.000000 39.308945
v 2.880188 0.000000 39.308945
v 2.880188 0.000000 39.308945
v 2.880188 0.000000 39.308945
v 2.880188 0.000000 39.308945
v 4.639339 0.000000 40.067719
v 4.078445 0.000000 38.784988
v 3.906350 0.000000 40.388229
v 3.345456 0.000000 39.105499
v 4.639339 0.000000 40.067719
v 4.078445 0.000000 38.784988
v 4.078445 0.000000 38.784988
v 4.078445 0.000000 38.784988
v 4.078445 0.000000 38.784988
v 4.078445 0.000000 38.784988
vn -0.0000 1.0000 -0.0000
vt 0.000000 0.000000
vt 1.000000 0.000000
vt 1.000000 1.000000
vt 0.000000 1.000000
s 0
f 3841/1822/1117 3842/1823/1117 3844/1824/1117 3843/1825/1117
f 3842/1823/1117 3841/1822/1117 3845/1822/1117 3846/1823/1117
f 3842/1823/1117 3846/1823/1117 3848/1823/1117 3847/1823/1117
f 3847/1823/1117 3848/1823/1117 3850/1823/1117 3849/1823/1117
f 3851/1822/1117 3852/1823/1117 3854/1824/1117 3853/1825/1117
f 3852/1823/1117 3851/1822/1117 3855/1822/1117 3856/1823/1117
f 3852/1823/1117 3856/1823/1117 3858/1823/1117 3857/1823/1117
f 3857/1823/1117 3858/1823/1117 3860/1823/1117 3859/1823/1117
o Plane.141
v 2.732761 0.000000 38.968914
v 2.171867 0.000000 37.686184
v 1.999772 0.000000 39.289425
v 1.438878 0.000000 38.006695
v 2.732761 0.000000 38.968914
v 2.171867 0.000000 37.686184
v 2.171867 0.000000 37.686184
v 2.171867 0.000000 37.686184
v 2.171867 0.000000 37.686184
v 2.171867 0.000000 37.686184
v 3.931018 0.000000 38.444958
v 3.370123 0.000000 37.162228
v 3.198029 0.000000 38.765469
v 2.637135 0.000000 37.482738
v 3.931018 0.000000 38.444958
v 3.370123 0.000000 37.162228
v 3.370123 0.000000 37.162228
v 3.370123 0.000000 37.162228
v 3.370123 0.000000 37.162228
v 3.370123 0.000000 37.162228
vn -0.0000 1.0000 -0.0000
vt 0.000000 0.000000
vt 1.000000 0.000000
vt 1.000000 1.000000
vt 0.000000 1.000000
s 0
f 3861/1826/1118 3862/1827/1118 3864/1828/1118 3863/1829/1118
f 3862/1827/1118 3861/1826/1118 3865/1826/1118 3866/1827/1118
f 3862/1827/1118 3866/1827/1118 3868/1827/1118 3867/1827/1118
f 3867/1827/1118 3868/1827/1118 3870/1827/1118 3869/1827/1118
f 3871/1826/1118 3872/1827/1118 3874/1828/1118 3873/1829/1118
f 3872/1827/1118 3871/1826/1118 3875/1826/1118 3876/1827/1118
f 3872/1827/1118 3876/1827/1118 3878/1827/1118 3877/1827/1118
f 3877/1827/1118 3878/1827/1118 3880/1827/1118 3879/1827/1118
o v_hlid.001
v 2.750000 0.000000 2.000000
v 4.139461 4.000000 1.236724
v 2.750000 0.000000 -2.000000
v 4.139461 4.000000 -1.236724
v 10.250000 0.000000 2.000000
v 8.860538 4.000000 1.236724
v 10.250000 0.000000 -2.000000
v 8.860538 4.000000 -1.236724
vn -0.9446 0.3281 -0.0000
vn -0.0000 0.1874 -0.9823
vn 0.9446 0.3281 -0.0000
vn -0.0000 0.1874 0.9823
vn -0.0000 -1.0000 -0.0000
vn -0.0000 1.0000 -0.0000
vt 0.375000 0.000000
vt 0.625000 0.000000
vt 0.625000 0.250000
vt 0.375000 0.250000
vt 0.625000 0.500000
vt 0.375000 0.500000
vt 0.625000 0.750000
vt 0.375000 0.750000
vt 0.625000 1.000000
vt 0.375000 1.000000
vt 0.125000 0.500000
vt 0.125000 0.750000
vt 0.875000 0.500000
vt 0.875000 0.750000
s 0
usemtl Material.003
f 3881/1830/1119 3882/1831/1119 3884/1832/1119 3883/1833/1119
f 3883/1833/1120 3884/1832/1120 3888/1834/1120 3887/1835/1120
f 3887/1835/1121 3888/1834/1121 3886/1836/1121 3885/1837/1121
f 3885/1837/1122 3886/1836/1122 3882/1838/1122 3881/1839/1122
f 3883/1840/1123 3887/1835/1123 3885/1837/1123 3881/1841/1123
f 3888/1834/1124 3884/1842/1124 3882/1843/1124 3886/1836/1124
o v_hlid.002
v -0.900632 -0.099345 -0.675102
v -0.566927 2.852994 -0.762939
v -0.900632 -0.064445 -1.674492
v -0.566927 2.874574 -1.380924
v 0.900632 -0.099345 -0.675102
v 0.566927 2.852994 -0.762939
v 0.900632 -0.064445 -1.674492
v 0.566927 2.874574 -1.380924
vn -0.9937 0.1124 0.0039
vn -0.0000 0.0994 -0.9950
vn 0.9937 0.1124 0.0039
vn -0.0000 0.0297 0.9996
vn -0.0000 -0.9994 -0.0349
vn -0.0000 0.9994 0.0349
vt 0.375000 0.000000
vt 0.625000 0.000000
vt 0.625000 0.250000
vt 0.375000 0.250000
vt 0.625000 0.500000
vt 0.375000 0.500000
vt 0.625000 0.750000
vt 0.375000 0.750000
vt 0.625000 1.000000
vt 0.375000 1.000000
vt 0.125000 0.500000
vt 0.125000 0.750000
vt 0.875000 0.500000
vt 0.875000 0.750000
s 0
usemtl Material.003
f 3889/1844/1125 3890/1845/1125 3892/1846/1125 3891/1847/1125
f 3891/1847/1126 3892/1846/1126 3896/1848/1126 3895/1849/1126
f 3895/1849/1127 3896/1848/1127 3894/1850/1127 3893/1851/1127
f 3893/1851/1128 3894/1850/1128 3890/1852/1128 3889/1853/1128
f 3891/1854/1129 3895/1849/1129 3893/1851/1129 3889/1855/1129
f 3896/1848/1130 3892/1856/1130 3890/1857/1130 3894/1850/1130
o Cube
v -0.383398 0.028743 -1.723949
v -0.383398 1.726127 -1.575447
v -0.383398 0.004897 -1.451393
v -0.383398 1.702282 -1.302891
v 0.383398 0.028743 -1.723949
v 0.383398 1.726127 -1.575447
v 0.383398 0.004897 -1.451393
v 0.383398 1.702282 -1.302891
vn -1.0000 -0.0000 -0.0000
vn -0.0000 -0.0872 0.9962
vn 1.0000 -0.0000 -0.0000
vn -0.0000 0.0872 -0.9962
vn -0.0000 -0.9962 -0.0872
vn -0.0000 0.9962 0.0872
vt 0.375000 0.000000
vt 0.625000 0.000000
vt 0.625000 0.250000
vt 0.375000 0.250000
vt 0.625000 0.500000
vt 0.375000 0.500000
vt 0.625000 0.750000
vt 0.375000 0.750000
vt 0.625000 1.000000
vt 0.375000 1.000000
vt 0.125000 0.500000
vt 0.125000 0.750000
vt 0.875000 0.500000
vt 0.875000 0.750000
s 0
f 3897/1858/1131 3899/1861/1131 3900/1860/1131 3898/1859/1131
f 3899/1861/1132 3903/1863/1132 3904/1862/1132 3900/1860/1132
f 3903/1863/1133 3901/1865/1133 3902/1864/1133 3904/1862/1133
f 3901/1865/1134 3897/1867/1134 3898/1866/1134 3902/1864/1134
f 3899/1868/1135 3897/1869/1135 3901/1865/1135 3903/1863/1135
f 3904/1862/1136 3902/1864/1136 3898/1871/1136 3900/1870/1136
o Cube.016
v -0.390106 1.887167 -1.495491
v -0.390106 2.525101 -1.439679
v -0.390106 1.863400 -1.223832
v -0.390106 2.501334 -1.168020
v 0.376691 1.887167 -1.495491
v 0.376691 2.525101 -1.439679
v 0.376691 1.863400 -1.223832
v 0.376691 2.501334 -1.168020
vn -1.0000 -0.0000 -0.0000
vn -0.0000 -0.0872 0.9962
vn 1.0000 -0.0000 -0.0000
vn -0.0000 0.0872 -0.9962
vn -0.0000 -0.9962 -0.0872
vn -0.0000 0.9962 0.0872
vt 0.375000 0.000000
vt 0.625000 0.000000
vt 0.625000 0.250000
vt 0.375000 0.250000
vt 0.625000 0.500000
vt 0.375000 0.500000
vt 0.625000 0.750000
vt 0.375000 0.750000
vt 0.625000 1.000000
vt 0.375000 1.000000
vt 0.125000 0.500000
vt 0.125000 0.750000
vt 0.875000 0.500000
vt 0.875000 0.750000
s 0
f 3905/1872/1137 3907/1875/1137 3908/1874/1137 3906/1873/1137
f 3907/1875/1138 3911/1877/1138 3912/1876/1138 3908/1874/1138
f 3911/1877/1139 3909/1879/1139 3910/1878/1139 3912/1876/1139
f 3909/1879/1140 3905/1881/1140 3906/1880/1140 3910/1878/1140
f 3907/1882/1141 3905/1883/1141 3909/1879/1141 3911/1877/1141
f 3912/1876/1142 3910/1878/1142 3906/1885/1142 3908/1884/1142
o Cube.017
v 8.673191 5.156901 15.213792
v 8.673191 5.206902 15.213792
v 9.386379 5.156901 13.561108
v 9.386379 5.206902 13.561108
v 8.948639 5.156901 15.332657
v 8.948639 5.206902 15.332657
v 9.661827 5.156901 13.679973
v 9.661827 5.206902 13.679973
vn -0.9182 -0.0000 -0.3962
vn 0.3962 -0.0000 -0.9182
vn 0.9182 -0.0000 0.3962
vn -0.3962 -0.0000 0.9182
vn -0.0000 -1.0000 -0.0000
vn -0.0000 1.0000 -0.0000
vt 0.375000 0.000000
vt 0.625000 0.000000
vt 0.625000 0.250000
vt 0.375000 0.250000
vt 0.625000 0.500000
vt 0.375000 0.500000
vt 0.625000 0.750000
vt 0.375000 0.750000
vt 0.625000 1.000000
vt 0.375000 1.000000
vt 0.125000 0.500000
vt 0.125000 0.750000
vt 0.875000 0.500000
vt 0.875000 0.750000
s 0
f 3913/1886/1143 3914/1887/1143 3916/1888/1143 3915/1889/1143
f 3915/1889/1144 3916/1888/1144 3920/1890/1144 3919/1891/1144
f 3919/1891/1145 3920/1890/1145 3918/1892/1145 3917/1893/1145
f 3917/1893/1146 3918/1892/1146 3914/1894/1146 3913/1895/1146
f 3915/1896/1147 3919/1891/1147 3917/1893/1147 3913/1897/1147
f 3920/1890/1148 3916/1898/1148 3914/1899/1148 3918/1892/1148
o Cube.018
v 8.354607 4.299328 15.112108
v 8.354607 4.349328 15.112108
v 9.067794 4.299328 13.459425
v 9.067794 4.349328 13.459425
v 8.630054 4.299328 15.230972
v 8.630054 4.349328 15.230972
v 9.343241 4.299328 13.578289
v 9.343241 4.349328 13.578289
vn -0.9182 -0.0000 -0.3962
vn 0.3962 -0.0000 -0.9182
vn 0.9182 -0.0000 0.3962
vn -0.3962 -0.0000 0.9182
vn -0.0000 -1.0000 -0.0000
vn -0.0000 1.0000 -0.0000
vt 0.375000 0.000000
vt 0.625000 0.000000
vt 0.625000 0.250000
vt 0.375000 0.250000
vt 0.625000 0.500000
vt 0.375000 0.500000
vt 0.625000 0.750000
vt 0.375000 0.750000
vt 0.625000 1.000000
vt 0.375000 1.000000
vt 0.125000 0.500000
vt 0.125000 0.750000
vt 0.875000 0.500000
vt 0.875000 0.750000
s 0
f 3921/1900/1149 3922/1901/1149 3924/1902/1149 3923/1903/1149
f 3923/1903/1150 3924/1902/1150 3928/1904/1150 3927/1905/1150
f 3927/1905/1151 3928/1904/1151 3926/1906/1151 3925/1907/1151
f 3925/1907/1152 3926/1906/1152 3922/1908/1152 3921/1909/1152
f 3923/1910/1153 3927/1905/1153 3925/1907/1153 3921/1911/1153
f 3928/1904/1154 3924/1912/1154 3922/1913/1154 3926/1906/1154
o Cube.021
v 7.446452 5.182844 16.803558
v 7.446452 5.232844 16.803558
v 8.563085 5.182844 15.391775
v 8.563085 5.232844 15.391775
v 7.681749 5.182844 16.989664
v 7.681749 5.232844 16.989664
v 8.798382 5.182844 15.577881
v 8.798382 5.232844 15.577881
vn -0.7843 -0.0000 -0.6204
vn 0.6204 -0.0000 -0.7843
vn 0.7843 -0.0000 0.6204
vn -0.6204 -0.0000 0.7843
vn -0.0000 -1.0000 -0.0000
vn -0.0000 1.0000 -0.0000
vt 0.375000 0.000000
vt 0.625000 0.000000
vt 0.625000 0.250000
vt 0.375000 0.250000
vt 0.625000 0.500000
vt 0.375000 0.500000
vt 0.625000 0.750000
vt 0.375000 0.750000
vt 0.625000 1.000000
vt 0.375000 1.000000
vt 0.125000 0.500000
vt 0.125000 0.750000
vt 0.875000 0.500000
vt 0.875000 0.750000
s 0
f 3929/1914/1155 3930/1915/1155 3932/1916/1155 3931/1917/1155
f 3931/1917/1156 3932/1916/1156 3936/1918/1156 3935/1919/1156
f 3935/1919/1157 3936/1918/1157 3934/1920/1157 3933/1921/1157
f 3933/1921/1158 3934/1920/1158 3930/1922/1158 3929/1923/1158
f 3931/1924/1159 3935/1919/1159 3933/1921/1159 3929/1925/1159
f 3936/1918/1160 3932/1926/1160 3930/1927/1160 3934/1920/1160
o Cube.025
v 7.184556 4.336154 16.629137
v 7.184556 4.386155 16.629137
v 8.301189 4.336154 15.217354
v 8.301189 4.386155 15.217354
v 7.419854 4.336154 16.815243
v 7.419854 4.386155 16.815243
v 8.536487 4.336154 15.403460
v 8.536487 4.386155 15.403460
vn -0.7843 -0.0000 -0.6204
vn 0.6204 -0.0000 -0.7843
vn 0.7843 -0.0000 0.6204
vn -0.6204 -0.0000 0.7843
vn -0.0000 -1.0000 -0.0000
vn -0.0000 1.0000 -0.0000
vt 0.375000 0.000000
vt 0.625000 0.000000
vt 0.625000 0.250000
vt 0.375000 0.250000
vt 0.625000 0.500000
vt 0.375000 0.500000
vt 0.625000 0.750000
vt 0.375000 0.750000
vt 0.625000 1.000000
vt 0.375000 1.000000
vt 0.125000 0.500000
vt 0.125000 0.750000
vt 0.875000 0.500000
vt 0.875000 0.750000
s 0
f 3937/1928/1161 3938/1929/1161 3940/1930/1161 3939/1931/1161
f 3939/1931/1162 3940/1930/1162 3944/1932/1162 3943/1933/1162
f 3943/1933/1163 3944/1932/1163 3942/1934/1163 3941/1935/1163
f 3941/1935/1164 3942/1934/1164 3938/1936/1164 3937/1937/1164
f 3939/1938/1165 3943/1933/1165 3941/1935/1165 3937/1939/1165
f 3944/1932/1166 3940/1940/1166 3938/1941/1166 3942/1934/1166
o Cube.026
v 5.552474 4.383850 17.745911
v 5.552474 4.433850 17.745911
v 6.951337 4.383850 16.613134
v 6.951337 4.433850 16.613134
v 5.741271 4.383850 17.979055
v 5.741271 4.433850 17.979055
v 7.140133 4.383850 16.846279
v 7.140133 4.433850 16.846279
v 5.774345 5.229571 17.978252
v 5.774345 5.279571 17.978252
v 7.173208 5.229571 16.845476
v 7.173208 5.279571 16.845476
v 5.963141 5.229571 18.211397
v 5.963141 5.279571 18.211397
v 7.362004 5.229571 17.078621
v 7.362004 5.279571 17.078621
vn -0.6293 -0.0000 -0.7771
vn 0.7771 -0.0000 -0.6293
vn 0.6293 -0.0000 0.7771
vn -0.7771 -0.0000 0.6293
vn -0.0000 -1.0000 -0.0000
vn -0.0000 1.0000 -0.0000
vt 0.375000 0.000000
vt 0.625000 0.000000
vt 0.625000 0.250000
vt 0.375000 0.250000
vt 0.625000 0.500000
vt 0.375000 0.500000
vt 0.625000 0.750000
vt 0.375000 0.750000
vt 0.625000 1.000000
vt 0.375000 1.000000
vt 0.125000 0.500000
vt 0.125000 0.750000
vt 0.875000 0.500000
vt 0.875000 0.750000
s 0
f 3945/1942/1167 3946/1943/1167 3948/1944/1167 3947/1945/1167
f 3947/1945/1168 3948/1944/1168 3952/1946/1168 3951/1947/1168
f 3951/1947/1169 3952/1946/1169 3950/1948/1169 3949/1949/1169
f 3949/1949/1170 3950/1948/1170 3946/1950/1170 3945/1951/1170
f 3947/1952/1171 3951/1947/1171 3949/1949/1171 3945/1953/1171
f 3952/1946/1172 3948/1954/1172 3946/1955/1172 3950/1948/1172
f 3953/1942/1167 3954/1943/1167 3956/1944/1167 3955/1945/1167
f 3955/1945/1168 3956/1944/1168 3960/1946/1168 3959/1947/1168
f 3959/1947/1169 3960/1946/1169 3958/1948/1169 3957/1949/1169
f 3957/1949/1170 3958/1948/1170 3954/1950/1170 3953/1951/1170
f 3955/1952/1171 3959/1947/1171 3957/1949/1171 3953/1953/1171
f 3960/1946/1172 3956/1954/1172 3954/1955/1172 3958/1948/1172
o Cube.020
v 3.914266 4.383850 18.535597
v 3.914266 4.433850 18.535597
v 5.518077 4.383850 17.718414
v 5.518077 4.433850 17.718414
v 4.050463 4.383850 18.802898
v 4.050463 4.433850 18.802898
v 5.654275 4.383850 17.985716
v 5.654275 4.433850 17.985716
v 4.082981 5.229571 18.808990
v 4.082981 5.279571 18.808990
v 5.686793 5.229571 17.991808
v 5.686793 5.279571 17.991808
v 4.219178 5.229571 19.076292
v 4.219178 5.279571 19.076292
v 5.822990 5.229571 18.259109
v 5.822990 5.279571 18.259109
vn -0.4540 -0.0000 -0.8910
vn 0.8910 -0.0000 -0.4540
vn 0.4540 -0.0000 0.8910
vn -0.8910 -0.0000 0.4540
vn -0.0000 -1.0000 -0.0000
vn -0.0000 1.0000 -0.0000
vt 0.375000 0.000000
vt 0.625000 0.000000
vt 0.625000 0.250000
vt 0.375000 0.250000
vt 0.625000 0.500000
vt 0.375000 0.500000
vt 0.625000 0.750000
vt 0.375000 0.750000
vt 0.625000 1.000000
vt 0.375000 1.000000
vt 0.125000 0.500000
vt 0.125000 0.750000
vt 0.875000 0.500000
vt 0.875000 0.750000
s 0
f 3961/1956/1173 3962/1957/1173 3964/1958/1173 3963/1959/1173
f 3963/1959/1174 3964/1958/1174 3968/1960/1174 3967/1961/1174
f 3967/1961/1175 3968/1960/1175 3966/1962/1175 3965/1963/1175
f 3965/1963/1176 3966/1962/1176 3962/1964/1176 3961/1965/1176
f 3963/1966/1177 3967/1961/1177 3965/1963/1177 3961/1967/1177
f 3968/1960/1178 3964/1968/1178 3962/1969/1178 3966/1962/1178
f 3969/1956/1173 3970/1957/1173 3972/1958/1173 3971/1959/1173
f 3971/1959/1174 3972/1958/1174 3976/1960/1174 3975/1961/1174
f 3975/1961/1175 3976/1960/1175 3974/1962/1175 3973/1963/1175
f 3973/1963/1176 3974/1962/1176 3970/1964/1176 3969/1965/1176
f 3971/1966/1177 3975/1961/1177 3973/1963/1177 3969/1967/1177
f 3976/1960/1178 3972/1968/1178 3970/1969/1178 3974/1962/1178
o Cube.029
v 2.109774 4.383850 19.065573
v 2.109774 4.433850 19.065573
v 3.848440 4.383850 18.599697
v 3.848440 4.433850 18.599697
v 2.187420 4.383850 19.355350
v 2.187420 4.433850 19.355350
v 3.926086 4.383850 18.889475
v 3.926086 4.433850 18.889475
v 2.217961 5.229571 19.368069
v 2.217961 5.279571 19.368069
v 3.956627 5.229571 18.902195
v 3.956627 5.279571 18.902195
v 2.295606 5.229571 19.657846
v 2.295606 5.279571 19.657846
v 4.034273 5.229571 19.191973
v 4.034273 5.279571 19.191973
vn -0.2588 -0.0000 -0.9659
vn 0.9659 -0.0000 -0.2588
vn 0.2588 -0.0000 0.9659
vn -0.9659 -0.0000 0.2588
vn -0.0000 -1.0000 -0.0000
vn -0.0000 1.0000 -0.0000
vt 0.375000 0.000000
vt 0.625000 0.000000
vt 0.625000 0.250000
vt 0.375000 0.250000
vt 0.625000 0.500000
vt 0.375000 0.500000
vt 0.625000 0.750000
vt 0.375000 0.750000
vt 0.625000 1.000000
vt 0.375000 1.000000
vt 0.125000 0.500000
vt 0.125000 0.750000
vt 0.875000 0.500000
vt 0.875000 0.750000
s 0
f 3977/1970/1179 3978/1971/1179 3980/1972/1179 3979/1973/1179
f 3979/1973/1180 3980/1972/1180 3984/1974/1180 3983/1975/1180
f 3983/1975/1181 3984/1974/1181 3982/1976/1181 3981/1977/1181
f 3981/1977/1182 3982/1976/1182 3978/1978/1182 3977/1979/1182
f 3979/1980/1183 3983/1975/1183 3981/1977/1183 3977/1981/1183
f 3984/1974/1184 3980/1982/1184 3978/1983/1184 3982/1976/1184
f 3985/1970/1179 3986/1971/1179 3988/1972/1179 3987/1973/1179
f 3987/1973/1180 3988/1972/1180 3992/1974/1180 3991/1975/1180
f 3991/1975/1181 3992/1974/1181 3990/1976/1181 3989/1977/1181
f 3989/1977/1182 3990/1976/1182 3986/1978/1182 3985/1979/1182
f 3987/1980/1183 3991/1975/1183 3989/1977/1183 3985/1981/1183
f 3992/1974/1184 3988/1982/1184 3986/1983/1184 3990/1976/1184
o Cube.030
v 0.346615 4.383850 19.107523
v 0.346615 4.433850 19.107523
v 2.139766 4.383850 18.950644
v 2.139766 4.433850 18.950644
v 0.372762 4.383850 19.406382
v 0.372762 4.433850 19.406382
v 2.165912 4.383850 19.249502
v 2.165912 4.433850 19.249502
v 0.400630 5.229571 19.424212
v 0.400630 5.279571 19.424212
v 2.193781 5.229571 19.267332
v 2.193781 5.279571 19.267332
v 0.426777 5.229571 19.723070
v 0.426777 5.279571 19.723070
v 2.219927 5.229571 19.566191
v 2.219927 5.279571 19.566191
vn -0.0872 -0.0000 -0.9962
vn 0.9962 -0.0000 -0.0872
vn 0.0872 -0.0000 0.9962
vn -0.9962 -0.0000 0.0872
vn -0.0000 -1.0000 -0.0000
vn -0.0000 1.0000 -0.0000
vt 0.375000 0.000000
vt 0.625000 0.000000
vt 0.625000 0.250000
vt 0.375000 0.250000
vt 0.625000 0.500000
vt 0.375000 0.500000
vt 0.625000 0.750000
vt 0.375000 0.750000
vt 0.625000 1.000000
vt 0.375000 1.000000
vt 0.125000 0.500000
vt 0.125000 0.750000
vt 0.875000 0.500000
vt 0.875000 0.750000
s 0
f 3993/1984/1185 3994/1985/1185 3996/1986/1185 3995/1987/1185
f 3995/1987/1186 3996/1986/1186 4000/1988/1186 3999/1989/1186
f 3999/1989/1187 4000/1988/1187 3998/1990/1187 3997/1991/1187
f 3997/1991/1188 3998/1990/1188 3994/1992/1188 3993/1993/1188
f 3995/1994/1189 3999/1989/1189 3997/1991/1189 3993/1995/1189
f 4000/1988/1190 3996/1996/1190 3994/1997/1190 3998/1990/1190
f 4001/1984/1185 4002/1985/1185 4004/1986/1185 4003/1987/1185
f 4003/1987/1186 4004/1986/1186 4008/1988/1186 4007/1989/1186
f 4007/1989/1187 4008/1988/1187 4006/1990/1187 4005/1991/1187
f 4005/1991/1188 4006/1990/1188 4002/1992/1188 4001/1993/1188
f 4003/1994/1189 4007/1989/1189 4005/1991/1189 4001/1995/1189
f 4008/1988/1190 4004/1996/1190 4002/1997/1190 4006/1990/1190
o Cube.031
v -1.478410 4.383850 18.890429
v -1.478410 4.433850 18.890429
v 0.304073 4.383850 19.140940
v 0.304073 4.433850 19.140940
v -1.520162 4.383850 19.187510
v -1.520162 4.433850 19.187510
v 0.262321 4.383850 19.438021
v 0.262321 4.433850 19.438021
v -1.497018 5.229571 19.211151
v -1.497018 5.279571 19.211151
v 0.285464 5.229571 19.461662
v 0.285464 5.279571 19.461662
v -1.538770 5.229571 19.508232
v -1.538770 5.279571 19.508232
v 0.243712 5.229571 19.758743
v 0.243712 5.279571 19.758743
vn 0.1392 -0.0000 -0.9903
vn 0.9903 -0.0000 0.1392
vn -0.1392 -0.0000 0.9903
vn -0.9903 -0.0000 -0.1392
vn -0.0000 -1.0000 -0.0000
vn -0.0000 1.0000 -0.0000
vt 0.375000 0.000000
vt 0.625000 0.000000
vt 0.625000 0.250000
vt 0.375000 0.250000
vt 0.625000 0.500000
vt 0.375000 0.500000
vt 0.625000 0.750000
vt 0.375000 0.750000
vt 0.625000 1.000000
vt 0.375000 1.000000
vt 0.125000 0.500000
vt 0.125000 0.750000
vt 0.875000 0.500000
vt 0.875000 0.750000
s 0
f 4009/1998/1191 4010/1999/1191 4012/2000/1191 4011/2001/1191
f 4011/2001/1192 4012/2000/1192 4016/2002/1192 4015/2003/1192
f 4015/2003/1193 4016/2002/1193 4014/2004/1193 4013/2005/1193
f 4013/2005/1194 4014/2004/1194 4010/2006/1194 4009/2007/1194
f 4011/2008/1195 4015/2003/1195 4013/2005/1195 4009/2009/1195
f 4016/2002/1196 4012/2010/1196 4010/2011/1196 4014/2004/1196
f 4017/1998/1191 4018/1999/1191 4020/2000/1191 4019/2001/1191
f 4019/2001/1192 4020/2000/1192 4024/2002/1192 4023/2003/1192
f 4023/2003/1193 4024/2002/1193 4022/2004/1193 4021/2005/1193
f 4021/2005/1194 4022/2004/1194 4018/2006/1194 4017/2007/1194
f 4019/2008/1195 4023/2003/1195 4021/2005/1195 4017/2009/1195
f 4024/2002/1196 4020/2010/1196 4018/2011/1196 4022/2004/1196
o Cube.032
v -3.306205 4.383850 18.469219
v -3.306205 4.433850 18.469219
v -1.584856 4.383850 18.995487
v -1.584856 4.433850 18.995487
v -3.393916 4.383850 18.756111
v -3.393916 4.433850 18.756111
v -1.672568 4.383850 19.282379
v -1.672568 4.433850 19.282379
v -3.374756 5.229571 18.783081
v -3.374756 5.279571 18.783081
v -1.653408 5.229571 19.309351
v -1.653408 5.279571 19.309351
v -3.462468 5.229571 19.069973
v -3.462468 5.279571 19.069973
v -1.741119 5.229571 19.596241
v -1.741119 5.279571 19.596241
vn 0.2924 -0.0000 -0.9563
vn 0.9563 -0.0000 0.2924
vn -0.2924 -0.0000 0.9563
vn -0.9563 -0.0000 -0.2924
vn -0.0000 -1.0000 -0.0000
vn -0.0000 1.0000 -0.0000
vt 0.375000 0.000000
vt 0.625000 0.000000
vt 0.625000 0.250000
vt 0.375000 0.250000
vt 0.625000 0.500000
vt 0.375000 0.500000
vt 0.625000 0.750000
vt 0.375000 0.750000
vt 0.625000 1.000000
vt 0.375000 1.000000
vt 0.125000 0.500000
vt 0.125000 0.750000
vt 0.875000 0.500000
vt 0.875000 0.750000
s 0
f 4025/2012/1197 4026/2013/1197 4028/2014/1197 4027/2015/1197
f 4027/2015/1198 4028/2014/1198 4032/2016/1198 4031/2017/1198
f 4031/2017/1199 4032/2016/1199 4030/2018/1199 4029/2019/1199
f 4029/2019/1200 4030/2018/1200 4026/2020/1200 4025/2021/1200
f 4027/2022/1201 4031/2017/1201 4029/2019/1201 4025/2023/1201
f 4032/2016/1202 4028/2024/1202 4026/2025/1202 4030/2018/1202
f 4033/2012/1197 4034/2013/1197 4036/2014/1197 4035/2015/1197
f 4035/2015/1198 4036/2014/1198 4040/2016/1198 4039/2017/1198
f 4039/2017/1199 4040/2016/1199 4038/2018/1199 4037/2019/1199
f 4037/2019/1200 4038/2018/1200 4034/2020/1200 4033/2021/1200
f 4035/2022/1201 4039/2017/1201 4037/2019/1201 4033/2023/1201
f 4040/2016/1202 4036/2024/1202 4034/2025/1202 4038/2018/1202
o Cube.034
v -4.953526 4.383850 17.632547
v -4.953526 4.433850 17.632547
v -3.394681 4.383850 18.532549
v -3.394681 4.433850 18.532549
v -5.103526 4.383850 17.892355
v -5.103526 4.433850 17.892355
v -3.544681 4.383850 18.792356
v -3.544681 4.433850 18.792356
v -5.090925 5.229571 17.922945
v -5.090925 5.279571 17.922945
v -3.532079 5.229571 18.822947
v -3.532079 5.279571 18.822947
v -5.240925 5.229571 18.182753
v -5.240925 5.279571 18.182753
v -3.682079 5.229571 19.082754
v -3.682079 5.279571 19.082754
vn 0.5000 -0.0000 -0.8660
vn 0.8660 -0.0000 0.5000
vn -0.5000 -0.0000 0.8660
vn -0.8660 -0.0000 -0.5000
vn -0.0000 -1.0000 -0.0000
vn -0.0000 1.0000 -0.0000
vt 0.375000 0.000000
vt 0.625000 0.000000
vt 0.625000 0.250000
vt 0.375000 0.250000
vt 0.625000 0.500000
vt 0.375000 0.500000
vt 0.625000 0.750000
vt 0.375000 0.750000
vt 0.625000 1.000000
vt 0.375000 1.000000
vt 0.125000 0.500000
vt 0.125000 0.750000
vt 0.875000 0.500000
vt 0.875000 0.750000
s 0
f 4041/2026/1203 4042/2027/1203 4044/2028/1203 4043/2029/1203
f 4043/2029/1204 4044/2028/1204 4048/2030/1204 4047/2031/1204
f 4047/2031/1205 4048/2030/1205 4046/2032/1205 4045/2033/1205
f 4045/2033/1206 4046/2032/1206 4042/2034/1206 4041/2035/1206
f 4043/2036/1207 4047/2031/1207 4045/2033/1207 4041/2037/1207
f 4048/2030/1208 4044/2038/1208 4042/2039/1208 4046/2032/1208
f 4049/2026/1203 4050/2027/1203 4052/2028/1203 4051/2029/1203
f 4051/2029/1204 4052/2028/1204 4056/2030/1204 4055/2031/1204
f 4055/2031/1205 4056/2030/1205 4054/2032/1205 4053/2033/1205
f 4053/2033/1206 4054/2032/1206 4050/2034/1206 4049/2035/1206
f 4051/2036/1207 4055/2031/1207 4053/2033/1207 4049/2037/1207
f 4056/2030/1208 4052/2038/1208 4050/2039/1208 4054/2032/1208
o Cube.035
v -6.492825 4.383850 16.451675
v -6.492825 4.433850 16.451675
v -5.155165 4.383850 17.656111
v -5.155165 4.433850 17.656111
v -6.693564 4.383850 16.674620
v -6.693564 4.433850 16.674620
v -5.355904 4.383850 17.879055
v -5.355904 4.433850 17.879055
v -6.687598 5.229571 16.707161
v -6.687598 5.279571 16.707161
v -5.349937 5.229571 17.911596
v -5.349937 5.279571 17.911596
v -6.888337 5.229571 16.930103
v -6.888337 5.279571 16.930103
v -5.550677 5.229571 18.134539
v -5.550677 5.279571 18.134539
vn 0.6691 -0.0000 -0.7431
vn 0.7431 -0.0000 0.6691
vn -0.6691 -0.0000 0.7431
vn -0.7431 -0.0000 -0.6691
vn -0.0000 -1.0000 -0.0000
vn -0.0000 1.0000 -0.0000
vt 0.375000 0.000000
vt 0.625000 0.000000
vt 0.625000 0.250000
vt 0.375000 0.250000
vt 0.625000 0.500000
vt 0.375000 0.500000
vt 0.625000 0.750000
vt 0.375000 0.750000
vt 0.625000 1.000000
vt 0.375000 1.000000
vt 0.125000 0.500000
vt 0.125000 0.750000
vt 0.875000 0.500000
vt 0.875000 0.750000
s 0
f 4057/2040/1209 4058/2041/1209 4060/2042/1209 4059/2043/1209
f 4059/2043/1210 4060/2042/1210 4064/2044/1210 4063/2045/1210
f 4063/2045/1211 4064/2044/1211 4062/2046/1211 4061/2047/1211
f 4061/2047/1212 4062/2046/1212 4058/2048/1212 4057/2049/1212
f 4059/2050/1213 4063/2045/1213 4061/2047/1213 4057/2051/1213
f 4064/2044/1214 4060/2052/1214 4058/2053/1214 4062/2046/1214
f 4065/2040/1209 4066/2041/1209 4068/2042/1209 4067/2043/1209
f 4067/2043/1210 4068/2042/1210 4072/2044/1210 4071/2045/1210
f 4071/2045/1211 4072/2044/1211 4070/2046/1211 4069/2047/1211
f 4069/2047/1212 4070/2046/1212 4066/2048/1212 4065/2049/1212
f 4067/2050/1213 4071/2045/1213 4069/2047/1213 4065/2051/1213
f 4072/2044/1214 4068/2052/1214 4066/2053/1214 4070/2046/1214
o Cube.036
v -7.808548 4.383850 14.994682
v -7.808548 4.433850 14.994682
v -6.700357 4.383850 16.413101
v -6.700357 4.433850 16.413101
v -8.044951 4.383850 15.179380
v -8.044951 4.433850 15.179380
v -6.936760 4.383850 16.597799
v -6.936760 4.433850 16.597799
v -8.044726 5.229571 15.212463
v -8.044726 5.279571 15.212463
v -6.936536 5.229571 16.630882
v -6.936536 5.279571 16.630882
v -8.281130 5.229571 15.397162
v -8.281130 5.279571 15.397162
v -7.172939 5.229571 16.815580
v -7.172939 5.279571 16.815580
vn 0.7880 -0.0000 -0.6157
vn 0.6157 -0.0000 0.7880
vn -0.7880 -0.0000 0.6157
vn -0.6157 -0.0000 -0.7880
vn -0.0000 -1.0000 -0.0000
vn -0.0000 1.0000 -0.0000
vt 0.375000 0.000000
vt 0.625000 0.000000
vt 0.625000 0.250000
vt 0.375000 0.250000
vt 0.625000 0.500000
vt 0.375000 0.500000
vt 0.625000 0.750000
vt 0.375000 0.750000
vt 0.625000 1.000000
vt 0.375000 1.000000
vt 0.125000 0.500000
vt 0.125000 0.750000
vt 0.875000 0.500000
vt 0.875000 0.750000
s 0
f 4073/2054/1215 4074/2055/1215 4076/2056/1215 4075/2057/1215
f 4075/2057/1216 4076/2056/1216 4080/2058/1216 4079/2059/1216
f 4079/2059/1217 4080/2058/1217 4078/2060/1217 4077/2061/1217
f 4077/2061/1218 4078/2060/1218 4074/2062/1218 4073/2063/1218
f 4075/2064/1219 4079/2059/1219 4077/2061/1219 4073/2065/1219
f 4080/2058/1220 4076/2066/1220 4074/2067/1220 4078/2060/1220
f 4081/2054/1215 4082/2055/1215 4084/2056/1215 4083/2057/1215
f 4083/2057/1216 4084/2056/1216 4088/2058/1216 4087/2059/1216
f 4087/2059/1217 4088/2058/1217 4086/2060/1217 4085/2061/1217
f 4085/2061/1218 4086/2060/1218 4082/2062/1218 4081/2063/1218
f 4083/2064/1219 4087/2059/1219 4085/2061/1219 4081/2065/1219
f 4088/2058/1220 4084/2066/1220 4082/2067/1220 4086/2060/1220
o Cube.037
v -8.664152 4.383850 13.249827
v -8.664152 4.433850 13.249827
v -7.960836 4.383850 14.906736
v -7.960836 4.433850 14.906736
v -8.940304 4.383850 13.367046
v -8.940304 4.433850 13.367046
v -8.236988 4.383850 15.023955
v -8.236988 4.433850 15.023955
v -8.948649 5.229571 13.399061
v -8.948649 5.279571 13.399061
v -8.245333 5.229571 15.055969
v -8.245333 5.279571 15.055969
v -9.224801 5.229571 13.516280
v -9.224801 5.279571 13.516280
v -8.521484 5.229571 15.173189
v -8.521484 5.279571 15.173189
vn 0.9205 -0.0000 -0.3907
vn 0.3907 -0.0000 0.9205
vn -0.9205 -0.0000 0.3907
vn -0.3907 -0.0000 -0.9205
vn -0.0000 -1.0000 -0.0000
vn -0.0000 1.0000 -0.0000
vt 0.375000 0.000000
vt 0.625000 0.000000
vt 0.625000 0.250000
vt 0.375000 0.250000
vt 0.625000 0.500000
vt 0.375000 0.500000
vt 0.625000 0.750000
vt 0.375000 0.750000
vt 0.625000 1.000000
vt 0.375000 1.000000
vt 0.125000 0.500000
vt 0.125000 0.750000
vt 0.875000 0.500000
vt 0.875000 0.750000
s 0
f 4089/2068/1221 4090/2069/1221 4092/2070/1221 4091/2071/1221
f 4091/2071/1222 4092/2070/1222 4096/2072/1222 4095/2073/1222
f 4095/2073/1223 4096/2072/1223 4094/2074/1223 4093/2075/1223
f 4093/2075/1224 4094/2074/1224 4090/2076/1224 4089/2077/1224
f 4091/2078/1225 4095/2073/1225 4093/2075/1225 4089/2079/1225
f 4096/2072/1226 4092/2080/1226 4090/2081/1226 4094/2074/1226
f 4097/2068/1221 4098/2069/1221 4100/2070/1221 4099/2071/1221
f 4099/2071/1222 4100/2070/1222 4104/2072/1222 4103/2073/1222
f 4103/2073/1223 4104/2072/1223 4102/2074/1223 4101/2075/1223
f 4101/2075/1224 4102/2074/1224 4098/2076/1224 4097/2077/1224
f 4099/2078/1225 4103/2073/1225 4101/2075/1225 4097/2079/1225
f 4104/2072/1226 4100/2080/1226 4098/2081/1226 4102/2074/1226
o Cube.038
v 8.038765 3.393148 14.941307
v 8.038765 3.443148 14.941307
v 8.751953 3.393148 13.288624
v 8.751953 3.443148 13.288624
v 8.314213 3.393148 15.060171
v 8.314213 3.443148 15.060171
v 9.027401 3.393148 13.407488
v 9.027401 3.443148 13.407488
vn -0.9182 -0.0000 -0.3962
vn 0.3962 -0.0000 -0.9182
vn 0.9182 -0.0000 0.3962
vn -0.3962 -0.0000 0.9182
vn -0.0000 -1.0000 -0.0000
vn -0.0000 1.0000 -0.0000
vt 0.375000 0.000000
vt 0.625000 0.000000
vt 0.625000 0.250000
vt 0.375000 0.250000
vt 0.625000 0.500000
vt 0.375000 0.500000
vt 0.625000 0.750000
vt 0.375000 0.750000
vt 0.625000 1.000000
vt 0.375000 1.000000
vt 0.125000 0.500000
vt 0.125000 0.750000
vt 0.875000 0.500000
vt 0.875000 0.750000
s 0
f 4105/2082/1227 4106/2083/1227 4108/2084/1227 4107/2085/1227
f 4107/2085/1228 4108/2084/1228 4112/2086/1228 4111/2087/1228
f 4111/2087/1229 4112/2086/1229 4110/2088/1229 4109/2089/1229
f 4109/2089/1230 4110/2088/1230 4106/2090/1230 4105/2091/1230
f 4107/2092/1231 4111/2087/1231 4109/2089/1231 4105/2093/1231
f 4112/2086/1232 4108/2094/1232 4106/2095/1232 4110/2088/1232
o Cube.039
v 6.914155 3.398501 16.402189
v 6.914155 3.448501 16.402189
v 8.030787 3.398501 14.990406
v 8.030787 3.448501 14.990406
v 7.149452 3.398501 16.588295
v 7.149452 3.448501 16.588295
v 8.266085 3.398501 15.176512
v 8.266085 3.448501 15.176512
vn -0.7843 -0.0000 -0.6204
vn 0.6204 -0.0000 -0.7843
vn 0.7843 -0.0000 0.6204
vn -0.6204 -0.0000 0.7843
vn -0.0000 -1.0000 -0.0000
vn -0.0000 1.0000 -0.0000
vt 0.375000 0.000000
vt 0.625000 0.000000
vt 0.625000 0.250000
vt 0.375000 0.250000
vt 0.625000 0.500000
vt 0.375000 0.500000
vt 0.625000 0.750000
vt 0.375000 0.750000
vt 0.625000 1.000000
vt 0.375000 1.000000
vt 0.125000 0.500000
vt 0.125000 0.750000
vt 0.875000 0.500000
vt 0.875000 0.750000
s 0
f 4113/2096/1233 4114/2097/1233 4116/2098/1233 4115/2099/1233
f 4115/2099/1234 4116/2098/1234 4120/2100/1234 4119/2101/1234
f 4119/2101/1235 4120/2100/1235 4118/2102/1235 4117/2103/1235
f 4117/2103/1236 4118/2102/1236 4114/2104/1236 4113/2105/1236
f 4115/2106/1237 4119/2101/1237 4117/2103/1237 4113/2107/1237
f 4120/2100/1238 4116/2108/1238 4114/2109/1238 4118/2102/1238
o Cube.040
v 5.421952 3.504125 17.431602
v 5.421952 3.554125 17.431602
v 6.820815 3.504125 16.298826
v 6.820815 3.554125 16.298826
v 5.610748 3.504125 17.664747
v 5.610748 3.554125 17.664747
v 7.009611 3.504125 16.531971
v 7.009611 3.554125 16.531971
vn -0.6293 -0.0000 -0.7771
vn 0.7771 -0.0000 -0.6293
vn 0.6293 -0.0000 0.7771
vn -0.7771 -0.0000 0.6293
vn -0.0000 -1.0000 -0.0000
vn -0.0000 1.0000 -0.0000
vt 0.375000 0.000000
vt 0.625000 0.000000
vt 0.625000 0.250000
vt 0.375000 0.250000
vt 0.625000 0.500000
vt 0.375000 0.500000
vt 0.625000 0.750000
vt 0.375000 0.750000
vt 0.625000 1.000000
vt 0.375000 1.000000
vt 0.125000 0.500000
vt 0.125000 0.750000
vt 0.875000 0.500000
vt 0.875000 0.750000
s 0
f 4121/2110/1239 4122/2111/1239 4124/2112/1239 4123/2113/1239
f 4123/2113/1240 4124/2112/1240 4128/2114/1240 4127/2115/1240
f 4127/2115/1241 4128/2114/1241 4126/2116/1241 4125/2117/1241
f 4125/2117/1242 4126/2116/1242 4122/2118/1242 4121/2119/1242
f 4123/2120/1243 4127/2115/1243 4125/2117/1243 4121/2121/1243
f 4128/2114/1244 4124/2122/1244 4122/2123/1244 4126/2116/1244
o Cube.041
v 3.781071 3.503881 18.250437
v 3.781071 3.553881 18.250437
v 5.384882 3.503881 17.433254
v 5.384882 3.553881 17.433254
v 3.917268 3.503881 18.517738
v 3.917268 3.553881 18.517738
v 5.521080 3.503881 17.700556
v 5.521080 3.553881 17.700556
vn -0.4540 -0.0000 -0.8910
vn 0.8910 -0.0000 -0.4540
vn 0.4540 -0.0000 0.8910
vn -0.8910 -0.0000 0.4540
vn -0.0000 -1.0000 -0.0000
vn -0.0000 1.0000 -0.0000
vt 0.375000 0.000000
vt 0.625000 0.000000
vt 0.625000 0.250000
vt 0.375000 0.250000
vt 0.625000 0.500000
vt 0.375000 0.500000
vt 0.625000 0.750000
vt 0.375000 0.750000
vt 0.625000 1.000000
vt 0.375000 1.000000
vt 0.125000 0.500000
vt 0.125000 0.750000
vt 0.875000 0.500000
vt 0.875000 0.750000
s 0
f 4129/2124/1245 4130/2125/1245 4132/2126/1245 4131/2127/1245
f 4131/2127/1246 4132/2126/1246 4136/2128/1246 4135/2129/1246
f 4135/2129/1247 4136/2128/1247 4134/2130/1247 4133/2131/1247
f 4133/2131/1248 4134/2130/1248 4130/2132/1248 4129/2133/1248
f 4131/2134/1249 4135/2129/1249 4133/2131/1249 4129/2135/1249
f 4136/2128/1250 4132/2136/1250 4130/2137/1250 4134/2130/1250
o Cube.042
v 1.988800 3.503881 18.749369
v 1.988800 3.553881 18.749369
v 3.719071 3.503881 18.253222
v 3.719071 3.553881 18.253222
v 2.071491 3.503881 19.037748
v 2.071491 3.553881 19.037748
v 3.801763 3.503881 18.541601
v 3.801763 3.553881 18.541601
vn -0.2756 -0.0000 -0.9613
vn 0.9613 -0.0000 -0.2756
vn 0.2756 -0.0000 0.9613
vn -0.9613 -0.0000 0.2756
vn -0.0000 -1.0000 -0.0000
vn -0.0000 1.0000 -0.0000
vt 0.375000 0.000000
vt 0.625000 0.000000
vt 0.625000 0.250000
vt 0.375000 0.250000
vt 0.625000 0.500000
vt 0.375000 0.500000
vt 0.625000 0.750000
vt 0.375000 0.750000
vt 0.625000 1.000000
vt 0.375000 1.000000
vt 0.125000 0.500000
vt 0.125000 0.750000
vt 0.875000 0.500000
vt 0.875000 0.750000
s 0
f 4137/2138/1251 4138/2139/1251 4140/2140/1251 4139/2141/1251
f 4139/2141/1252 4140/2140/1252 4144/2142/1252 4143/2143/1252
f 4143/2143/1253 4144/2142/1253 4142/2144/1253 4141/2145/1253
f 4141/2145/1254 4142/2144/1254 4138/2146/1254 4137/2147/1254
f 4139/2148/1255 4143/2143/1255 4141/2145/1255 4137/2149/1255
f 4144/2142/1256 4140/2150/1256 4138/2151/1256 4142/2144/1256
o Cube.043
v 0.344988 3.503881 18.801283
v 0.344988 3.553881 18.801283
v 2.138139 3.503881 18.644403
v 2.138139 3.553881 18.644403
v 0.371135 3.503881 19.100142
v 0.371135 3.553881 19.100142
v 2.164286 3.503881 18.943262
v 2.164286 3.553881 18.943262
vn -0.0872 -0.0000 -0.9962
vn 0.9962 -0.0000 -0.0872
vn 0.0872 -0.0000 0.9962
vn -0.9962 -0.0000 0.0872
vn -0.0000 -1.0000 -0.0000
vn -0.0000 1.0000 -0.0000
vt 0.375000 0.000000
vt 0.625000 0.000000
vt 0.625000 0.250000
vt 0.375000 0.250000
vt 0.625000 0.500000
vt 0.375000 0.500000
vt 0.625000 0.750000
vt 0.375000 0.750000
vt 0.625000 1.000000
vt 0.375000 1.000000
vt 0.125000 0.500000
vt 0.125000 0.750000
vt 0.875000 0.500000
vt 0.875000 0.750000
s 0
f 4145/2152/1257 4146/2153/1257 4148/2154/1257 4147/2155/1257
f 4147/2155/1258 4148/2154/1258 4152/2156/1258 4151/2157/1258
f 4151/2157/1259 4152/2156/1259 4150/2158/1259 4149/2159/1259
f 4149/2159/1260 4150/2158/1260 4146/2160/1260 4145/2161/1260
f 4147/2162/1261 4151/2157/1261 4149/2159/1261 4145/2163/1261
f 4152/2156/1262 4148/2164/1262 4146/2165/1262 4150/2158/1262
o Cube.044
v -1.491228 3.503881 18.572689
v -1.491228 3.553881 18.572689
v 0.295355 3.503881 18.792053
v 0.295355 3.553881 18.792053
v -1.527789 3.503881 18.870453
v -1.527789 3.553881 18.870453
v 0.258795 3.503881 19.089817
v 0.258795 3.553881 19.089817
vn 0.1219 -0.0000 -0.9925
vn 0.9925 -0.0000 0.1219
vn -0.1219 -0.0000 0.9925
vn -0.9925 -0.0000 -0.1219
vn -0.0000 -1.0000 -0.0000
vn -0.0000 1.0000 -0.0000
vt 0.375000 0.000000
vt 0.625000 0.000000
vt 0.625000 0.250000
vt 0.375000 0.250000
vt 0.625000 0.500000
vt 0.375000 0.500000
vt 0.625000 0.750000
vt 0.375000 0.750000
vt 0.625000 1.000000
vt 0.375000 1.000000
vt 0.125000 0.500000
vt 0.125000 0.750000
vt 0.875000 0.500000
vt 0.875000 0.750000
s 0
f 4153/2166/1263 4154/2167/1263 4156/2168/1263 4155/2169/1263
f 4155/2169/1264 4156/2168/1264 4160/2170/1264 4159/2171/1264
f 4159/2171/1265 4160/2170/1265 4158/2172/1265 4157/2173/1265
f 4157/2173/1266 4158/2172/1266 4154/2174/1266 4153/2175/1266
f 4155/2176/1267 4159/2171/1267 4157/2173/1267 4153/2177/1267
f 4160/2170/1268 4156/2178/1268 4154/2179/1268 4158/2172/1268
o Cube.045
v -3.188245 3.503881 18.135967
v -3.188245 3.553881 18.135967
v -1.476343 3.503881 18.692198
v -1.476343 3.553881 18.692198
v -3.280950 3.503881 18.421286
v -3.280950 3.553881 18.421286
v -1.569048 3.503881 18.977516
v -1.569048 3.553881 18.977516
vn 0.3090 -0.0000 -0.9511
vn 0.9511 -0.0000 0.3090
vn -0.3090 -0.0000 0.9511
vn -0.9511 -0.0000 -0.3090
vn -0.0000 -1.0000 -0.0000
vn -0.0000 1.0000 -0.0000
vt 0.375000 0.000000
vt 0.625000 0.000000
vt 0.625000 0.250000
vt 0.375000 0.250000
vt 0.625000 0.500000
vt 0.375000 0.500000
vt 0.625000 0.750000
vt 0.375000 0.750000
vt 0.625000 1.000000
vt 0.375000 1.000000
vt 0.125000 0.500000
vt 0.125000 0.750000
vt 0.875000 0.500000
vt 0.875000 0.750000
s 0
f 4161/2180/1269 4162/2181/1269 4164/2182/1269 4163/2183/1269
f 4163/2183/1270 4164/2182/1270 4168/2184/1270 4167/2185/1270
f 4167/2185/1271 4168/2184/1271 4166/2186/1271 4165/2187/1271
f 4165/2187/1272 4166/2186/1272 4162/2188/1272 4161/2189/1272
f 4163/2190/1273 4167/2185/1273 4165/2187/1273 4161/2191/1273
f 4168/2184/1274 4164/2192/1274 4162/2193/1274 4166/2186/1274
o Cube.046
v -4.808774 3.503881 17.376484
v -4.808774 3.553881 17.376484
v -3.249928 3.503881 18.276485
v -3.249928 3.553881 18.276485
v -4.958774 3.503881 17.636292
v -4.958774 3.553881 17.636292
v -3.399928 3.503881 18.536293
v -3.399928 3.553881 18.536293
vn 0.5000 -0.0000 -0.8660
vn 0.8660 -0.0000 0.5000
vn -0.5000 -0.0000 0.8660
vn -0.8660 -0.0000 -0.5000
vn -0.0000 -1.0000 -0.0000
vn -0.0000 1.0000 -0.0000
vt 0.375000 0.000000
vt 0.625000 0.000000
vt 0.625000 0.250000
vt 0.375000 0.250000
vt 0.625000 0.500000
vt 0.375000 0.500000
vt 0.625000 0.750000
vt 0.375000 0.750000
vt 0.625000 1.000000
vt 0.375000 1.000000
vt 0.125000 0.500000
vt 0.125000 0.750000
vt 0.875000 0.500000
vt 0.875000 0.750000
s 0
f 4169/2194/1275 4170/2195/1275 4172/2196/1275 4171/2197/1275
f 4171/2197/1276 4172/2196/1276 4176/2198/1276 4175/2199/1276
f 4175/2199/1277 4176/2198/1277 4174/2200/1277 4173/2201/1277
f 4173/2201/1278 4174/2200/1278 4170/2202/1278 4169/2203/1278
f 4171/2204/1279 4175/2199/1279 4173/2201/1279 4169/2205/1279
f 4176/2198/1280 4172/2206/1280 4170/2207/1280 4174/2200/1280
o Cube.048
v -6.319530 3.503881 16.254410
v -6.319530 3.553881 16.254410
v -4.940650 3.503881 17.411427
v -4.940650 3.553881 17.411427
v -6.512366 3.503881 16.484222
v -6.512366 3.553881 16.484222
v -5.133486 3.503881 17.641239
v -5.133486 3.553881 17.641239
vn 0.6428 -0.0000 -0.7660
vn 0.7660 -0.0000 0.6428
vn -0.6428 -0.0000 0.7660
vn -0.7660 -0.0000 -0.6428
vn -0.0000 -1.0000 -0.0000
vn -0.0000 1.0000 -0.0000
vt 0.375000 0.000000
vt 0.625000 0.000000
vt 0.625000 0.250000
vt 0.375000 0.250000
vt 0.625000 0.500000
vt 0.375000 0.500000
vt 0.625000 0.750000
vt 0.375000 0.750000
vt 0.625000 1.000000
vt 0.375000 1.000000
vt 0.125000 0.500000
vt 0.125000 0.750000
vt 0.875000 0.500000
vt 0.875000 0.750000
s 0
f 4177/2208/1281 4178/2209/1281 4180/2210/1281 4179/2211/1281
f 4179/2211/1282 4180/2210/1282 4184/2212/1282 4183/2213/1282
f 4183/2213/1283 4184/2212/1283 4182/2214/1283 4181/2215/1283
f 4181/2215/1284 4182/2214/1284 4178/2216/1284 4177/2217/1284
f 4179/2218/1285 4183/2213/1285 4181/2215/1285 4177/2219/1285
f 4184/2212/1286 4180/2220/1286 4178/2221/1286 4182/2214/1286
o Cube.049
v -7.577057 3.503881 14.827114
v -7.577057 3.553881 14.827114
v -6.420039 3.503881 16.205994
v -6.420039 3.553881 16.205994
v -7.806870 3.503881 15.019951
v -7.806870 3.553881 15.019951
v -6.649853 3.503881 16.398830
v -6.649853 3.553881 16.398830
vn 0.7660 -0.0000 -0.6428
vn 0.6428 -0.0000 0.7660
vn -0.7660 -0.0000 0.6428
vn -0.6428 -0.0000 -0.7660
vn -0.0000 -1.0000 -0.0000
vn -0.0000 1.0000 -0.0000
vt 0.375000 0.000000
vt 0.625000 0.000000
vt 0.625000 0.250000
vt 0.375000 0.250000
vt 0.625000 0.500000
vt 0.375000 0.500000
vt 0.625000 0.750000
vt 0.375000 0.750000
vt 0.625000 1.000000
vt 0.375000 1.000000
vt 0.125000 0.500000
vt 0.125000 0.750000
vt 0.875000 0.500000
vt 0.875000 0.750000
s 0
f 4185/2222/1287 4186/2223/1287 4188/2224/1287 4187/2225/1287
f 4187/2225/1288 4188/2224/1288 4192/2226/1288 4191/2227/1288
f 4191/2227/1289 4192/2226/1289 4190/2228/1289 4189/2229/1289
f 4189/2229/1290 4190/2228/1290 4186/2230/1290 4185/2231/1290
f 4187/2232/1291 4191/2227/1291 4189/2229/1291 4185/2233/1291
f 4192/2226/1292 4188/2234/1292 4186/2235/1292 4190/2228/1292
o Cube.050
v -8.369028 3.503881 13.167570
v -8.369028 3.553881 13.167570
v -7.665712 3.503881 14.824479
v -7.665712 3.553881 14.824479
v -8.645180 3.503881 13.284789
v -8.645180 3.553881 13.284789
v -7.941864 3.503881 14.941698
v -7.941864 3.553881 14.941698
vn 0.9205 -0.0000 -0.3907
vn 0.3907 -0.0000 0.9205
vn -0.9205 -0.0000 0.3907
vn -0.3907 -0.0000 -0.9205
vn -0.0000 -1.0000 -0.0000
vn -0.0000 1.0000 -0.0000
vt 0.375000 0.000000
vt 0.625000 0.000000
vt 0.625000 0.250000
vt 0.375000 0.250000
vt 0.625000 0.500000
vt 0.375000 0.500000
vt 0.625000 0.750000
vt 0.375000 0.750000
vt 0.625000 1.000000
vt 0.375000 1.000000
vt 0.125000 0.500000
vt 0.125000 0.750000
vt 0.875000 0.500000
vt 0.875000 0.750000
s 0
f 4193/2236/1293 4194/2237/1293 4196/2238/1293 4195/2239/1293
f 4195/2239/1294 4196/2238/1294 4200/2240/1294 4199/2241/1294
f 4199/2241/1295 4200/2240/1295 4198/2242/1295 4197/2243/1295
f 4197/2243/1296 4198/2242/1296 4194/2244/1296 4193/2245/1296
f 4195/2246/1297 4199/2241/1297 4197/2243/1297 4193/2247/1297
f 4200/2240/1298 4196/2248/1298 4194/2249/1298 4198/2242/1298
o Cube.051
v 6.475222 2.463573 15.978371
v 6.255301 2.463573 16.182415
v 7.450199 6.197895 17.029209
v 7.230278 6.197895 17.233253
v 6.856207 2.248552 16.389000
v 6.636286 2.248552 16.593044
v 7.831184 5.982874 17.439838
v 7.611263 5.982874 17.643883
vn -0.6350 0.3584 -0.6844
vn 0.2437 0.9336 0.2627
vn 0.6350 -0.3584 0.6844
vn -0.2437 -0.9336 -0.2627
vn 0.7331 -0.0000 -0.6802
vn -0.7331 -0.0000 0.6802
vt 0.375000 0.000000
vt 0.625000 0.000000
vt 0.625000 0.250000
vt 0.375000 0.250000
vt 0.625000 0.500000
vt 0.375000 0.500000
vt 0.625000 0.750000
vt 0.375000 0.750000
vt 0.625000 1.000000
vt 0.375000 1.000000
vt 0.125000 0.500000
vt 0.125000 0.750000
vt 0.875000 0.500000
vt 0.875000 0.750000
s 0
f 4201/2250/1299 4202/2251/1299 4204/2252/1299 4203/2253/1299
f 4203/2253/1300 4204/2252/1300 4208/2254/1300 4207/2255/1300
f 4207/2255/1301 4208/2254/1301 4206/2256/1301 4205/2257/1301
f 4205/2257/1302 4206/2256/1302 4202/2258/1302 4201/2259/1302
f 4203/2260/1303 4207/2255/1303 4205/2257/1303 4201/2261/1303
f 4208/2254/1304 4204/2262/1304 4202/2263/1304 4206/2256/1304
o Cube.052
v 3.504173 2.463573 17.719921
v 3.227726 2.463573 17.836443
v 4.060944 6.197895 19.040848
v 3.784497 6.197895 19.157370
v 3.721739 2.248552 18.236090
v 3.445292 2.248552 18.352612
v 4.278509 5.982874 19.557016
v 4.002063 5.982874 19.673538
vn -0.3626 0.3584 -0.8603
vn 0.1392 0.9336 0.3302
vn 0.3626 -0.3584 0.8603
vn -0.1392 -0.9336 -0.3302
vn 0.9215 -0.0000 -0.3884
vn -0.9215 -0.0000 0.3884
vt 0.375000 0.000000
vt 0.625000 0.000000
vt 0.625000 0.250000
vt 0.375000 0.250000
vt 0.625000 0.500000
vt 0.375000 0.500000
vt 0.625000 0.750000
vt 0.375000 0.750000
vt 0.625000 1.000000
vt 0.375000 1.000000
vt 0.125000 0.500000
vt 0.125000 0.750000
vt 0.875000 0.500000
vt 0.875000 0.750000
s 0
f 4209/2264/1305 4210/2265/1305 4212/2266/1305 4211/2267/1305
f 4211/2267/1306 4212/2266/1306 4216/2268/1306 4215/2269/1306
f 4215/2269/1307 4216/2268/1307 4214/2270/1307 4213/2271/1307
f 4213/2271/1308 4214/2270/1308 4210/2272/1308 4209/2273/1308
f 4211/2274/1309 4215/2269/1309 4213/2271/1309 4209/2275/1309
f 4216/2268/1310 4212/2276/1310 4210/2277/1310 4214/2270/1310
o Cube.054
v 0.085006 2.463573 18.199810
v -0.213852 2.463573 18.225956
v 0.209941 6.197895 19.627827
v -0.088918 6.197895 19.653973
v 0.133826 2.248552 18.757828
v -0.165032 2.248552 18.783974
v 0.258761 5.982874 20.185844
v -0.040098 5.982874 20.211990
vn -0.0814 0.3584 -0.9300
vn 0.0312 0.9336 0.3570
vn 0.0814 -0.3584 0.9300
vn -0.0312 -0.9336 -0.3570
vn 0.9962 -0.0000 -0.0872
vn -0.9962 -0.0000 0.0872
vt 0.375000 0.000000
vt 0.625000 0.000000
vt 0.625000 0.250000
vt 0.375000 0.250000
vt 0.625000 0.500000
vt 0.375000 0.500000
vt 0.625000 0.750000
vt 0.375000 0.750000
vt 0.625000 1.000000
vt 0.375000 1.000000
vt 0.125000 0.500000
vt 0.125000 0.750000
vt 0.875000 0.500000
vt 0.875000 0.750000
s 0
f 4217/2278/1311 4218/2279/1311 4220/2280/1311 4219/2281/1311
f 4219/2281/1312 4220/2280/1312 4224/2282/1312 4223/2283/1312
f 4223/2283/1313 4224/2282/1313 4222/2284/1313 4221/2285/1313
f 4221/2285/1314 4222/2284/1314 4218/2286/1314 4217/2287/1314
f 4219/2288/1315 4223/2283/1315 4221/2285/1315 4217/2289/1315
f 4224/2282/1316 4220/2290/1316 4218/2291/1316 4222/2284/1316
o Cube.058
v -3.270657 2.463573 17.546484
v -3.569014 2.463573 17.515125
v -3.420497 6.197895 18.972103
v -3.718853 6.197895 18.940744
v -3.329209 2.248552 18.103563
v -3.627566 2.248552 18.072205
v -3.479048 5.982874 19.529182
v -3.777405 5.982874 19.497824
vn 0.0976 0.3584 -0.9285
vn -0.0375 0.9336 0.3564
vn -0.0976 -0.3584 0.9285
vn 0.0375 -0.9336 -0.3564
vn 0.9945 -0.0000 0.1045
vn -0.9945 -0.0000 -0.1045
vt 0.375000 0.000000
vt 0.625000 0.000000
vt 0.625000 0.250000
vt 0.375000 0.250000
vt 0.625000 0.500000
vt 0.375000 0.500000
vt 0.625000 0.750000
vt 0.375000 0.750000
vt 0.625000 1.000000
vt 0.375000 1.000000
vt 0.125000 0.500000
vt 0.125000 0.750000
vt 0.875000 0.500000
vt 0.875000 0.750000
s 0
f 4225/2292/1317 4226/2293/1317 4228/2294/1317 4227/2295/1317
f 4227/2295/1318 4228/2294/1318 4232/2296/1318 4231/2297/1318
f 4231/2297/1319 4232/2296/1319 4230/2298/1319 4229/2299/1319
f 4229/2299/1320 4230/2298/1320 4226/2300/1320 4225/2301/1320
f 4227/2302/1321 4231/2297/1321 4229/2299/1321 4225/2303/1321
f 4232/2296/1322 4228/2304/1322 4226/2305/1322 4230/2298/1322
o Cube.055
v -5.968923 2.463573 15.860736
v -6.184725 2.463573 15.652339
v -6.964695 6.197895 16.891890
v -7.180497 6.197895 16.683493
v -6.358034 2.248552 16.263674
v -6.573836 2.248552 16.055277
v -7.353806 5.982874 17.294828
v -7.569608 5.982874 17.086430
vn 0.6485 0.3584 -0.6716
vn -0.2489 0.9336 0.2578
vn -0.6485 -0.3584 0.6716
vn 0.2489 -0.9336 -0.2578
vn 0.7193 -0.0000 0.6947
vn -0.7193 -0.0000 -0.6947
vt 0.375000 0.000000
vt 0.625000 0.000000
vt 0.625000 0.250000
vt 0.375000 0.250000
vt 0.625000 0.500000
vt 0.375000 0.500000
vt 0.625000 0.750000
vt 0.375000 0.750000
vt 0.625000 1.000000
vt 0.375000 1.000000
vt 0.125000 0.500000
vt 0.125000 0.750000
vt 0.875000 0.500000
vt 0.875000 0.750000
s 0
f 4233/2306/1323 4234/2307/1323 4236/2308/1323 4235/2309/1323
f 4235/2309/1324 4236/2308/1324 4240/2310/1324 4239/2311/1324
f 4239/2311/1325 4240/2310/1325 4238/2312/1325 4237/2313/1325
f 4237/2313/1326 4238/2312/1326 4234/2314/1326 4233/2315/1326
f 4235/2316/1327 4239/2311/1327 4237/2313/1327 4233/2317/1327
f 4240/2310/1328 4236/2318/1328 4234/2319/1328 4238/2312/1328
o Cube.057
v 7.773222 2.463573 14.350925
v 7.553301 2.463573 14.554971
v 8.748199 6.197895 15.401763
v 8.528277 6.197895 15.605808
v 8.154208 2.248552 14.761555
v 7.934286 2.248552 14.965600
v 9.129185 5.982874 15.812392
v 8.909264 5.982874 16.016438
vn -0.6350 0.3584 -0.6844
vn 0.2437 0.9336 0.2627
vn 0.6350 -0.3584 0.6844
vn -0.2437 -0.9336 -0.2627
vn 0.7331 -0.0000 -0.6802
vn -0.7331 -0.0000 0.6802
vt 0.375000 0.000000
vt 0.625000 0.000000
vt 0.625000 0.250000
vt 0.375000 0.250000
vt 0.625000 0.500000
vt 0.375000 0.500000
vt 0.625000 0.750000
vt 0.375000 0.750000
vt 0.625000 1.000000
vt 0.375000 1.000000
vt 0.125000 0.500000
vt 0.125000 0.750000
vt 0.875000 0.500000
vt 0.875000 0.750000
s 0
f 4241/2320/1329 4242/2321/1329 4244/2322/1329 4243/2323/1329
f 4243/2323/1330 4244/2322/1330 4248/2324/1330 4247/2325/1330
f 4247/2325/1331 4248/2324/1331 4246/2326/1331 4245/2327/1331
f 4245/2327/1332 4246/2326/1332 4242/2328/1332 4241/2329/1332
f 4243/2330/1333 4247/2325/1333 4245/2327/1333 4241/2331/1333
f 4248/2324/1334 4244/2332/1334 4242/2333/1334 4246/2326/1334
o Cube.059
v 4.831500 2.463573 17.062193
v 4.611578 2.463573 17.266237
v 5.806477 6.197895 18.113031
v 5.586555 6.197895 18.317076
v 5.212485 2.248552 17.472822
v 4.992564 2.248552 17.676867
v 6.187462 5.982874 18.523661
v 5.967541 5.982874 18.727705
vn -0.6350 0.3584 -0.6844
vn 0.2437 0.9336 0.2627
vn 0.6350 -0.3584 0.6844
vn -0.2437 -0.9336 -0.2627
vn 0.7331 -0.0000 -0.6802
vn -0.7331 -0.0000 0.6802
vt 0.375000 0.000000
vt 0.625000 0.000000
vt 0.625000 0.250000
vt 0.375000 0.250000
vt 0.625000 0.500000
vt 0.375000 0.500000
vt 0.625000 0.750000
vt 0.375000 0.750000
vt 0.625000 1.000000
vt 0.375000 1.000000
vt 0.125000 0.500000
vt 0.125000 0.750000
vt 0.875000 0.500000
vt 0.875000 0.750000
s 0
f 4249/2334/1335 4250/2335/1335 4252/2336/1335 4251/2337/1335
f 4251/2337/1336 4252/2336/1336 4256/2338/1336 4255/2339/1336
f 4255/2339/1337 4256/2338/1337 4254/2340/1337 4253/2341/1337
f 4253/2341/1338 4254/2340/1338 4250/2342/1338 4249/2343/1338
f 4251/2344/1339 4255/2339/1339 4253/2341/1339 4249/2345/1339
f 4256/2338/1340 4252/2346/1340 4250/2347/1340 4254/2340/1340
o Cube.060
v 2.271707 2.463573 18.163858
v 1.972848 2.463573 18.190004
v 2.396641 6.197895 19.591875
v 2.097783 6.197895 19.618023
v 2.320526 2.248552 18.721874
v 2.021668 2.248552 18.748022
v 2.445461 5.982874 20.149893
v 2.146603 5.982874 20.176039
vn -0.0814 0.3584 -0.9300
vn 0.0312 0.9336 0.3570
vn 0.0814 -0.3584 0.9300
vn -0.0312 -0.9336 -0.3570
vn 0.9962 -0.0000 -0.0872
vn -0.9962 -0.0000 0.0872
vt 0.375000 0.000000
vt 0.625000 0.000000
vt 0.625000 0.250000
vt 0.375000 0.250000
vt 0.625000 0.500000
vt 0.375000 0.500000
vt 0.625000 0.750000
vt 0.375000 0.750000
vt 0.625000 1.000000
vt 0.375000 1.000000
vt 0.125000 0.500000
vt 0.125000 0.750000
vt 0.875000 0.500000
vt 0.875000 0.750000
s 0
f 4257/2348/1341 4258/2349/1341 4260/2350/1341 4259/2351/1341
f 4259/2351/1342 4260/2350/1342 4264/2352/1342 4263/2353/1342
f 4263/2353/1343 4264/2352/1343 4262/2354/1343 4261/2355/1343
f 4261/2355/1344 4262/2354/1344 4258/2356/1344 4257/2357/1344
f 4259/2358/1345 4263/2353/1345 4261/2355/1345 4257/2359/1345
f 4264/2352/1346 4260/2360/1346 4258/2361/1346 4262/2354/1346
o Cube.061
v -1.408691 2.463573 18.128971
v -1.707047 2.463573 18.097612
v -1.558530 6.197895 19.554590
v -1.856887 6.197895 19.523232
v -1.467242 2.248552 18.686050
v -1.765599 2.248552 18.654692
v -1.617082 5.982874 20.111670
v -1.915438 5.982874 20.080311
vn 0.0976 0.3584 -0.9285
vn -0.0375 0.9336 0.3564
vn -0.0976 -0.3584 0.9285
vn 0.0375 -0.9336 -0.3564
vn 0.9945 -0.0000 0.1045
vn -0.9945 -0.0000 -0.1045
vt 0.375000 0.000000
vt 0.625000 0.000000
vt 0.625000 0.250000
vt 0.375000 0.250000
vt 0.625000 0.500000
vt 0.375000 0.500000
vt 0.625000 0.750000
vt 0.375000 0.750000
vt 0.625000 1.000000
vt 0.375000 1.000000
vt 0.125000 0.500000
vt 0.125000 0.750000
vt 0.875000 0.500000
vt 0.875000 0.750000
s 0
f 4265/2362/1347 4266/2363/1347 4268/2364/1347 4267/2365/1347
f 4267/2365/1348 4268/2364/1348 4272/2366/1348 4271/2367/1348
f 4271/2367/1349 4272/2366/1349 4270/2368/1349 4269/2369/1349
f 4269/2369/1350 4270/2368/1350 4266/2370/1350 4265/2371/1350
f 4267/2372/1351 4271/2367/1351 4269/2369/1351 4265/2373/1351
f 4272/2366/1352 4268/2374/1352 4266/2375/1352 4270/2368/1352
o Cube.062
v -4.570670 2.463573 17.062872
v -4.822271 2.463573 16.899481
v -5.351395 6.197895 18.265081
v -5.602996 6.197895 18.101690
v -4.875749 2.248552 17.532652
v -5.127350 2.248552 17.369261
v -5.656473 5.982874 18.734861
v -5.908074 5.982874 18.571470
vn 0.5085 0.3584 -0.7830
vn -0.1952 0.9336 0.3006
vn -0.5085 -0.3584 0.7830
vn 0.1952 -0.9336 -0.3006
vn 0.8387 -0.0000 0.5446
vn -0.8387 -0.0000 -0.5446
vt 0.375000 0.000000
vt 0.625000 0.000000
vt 0.625000 0.250000
vt 0.375000 0.250000
vt 0.625000 0.500000
vt 0.375000 0.500000
vt 0.625000 0.750000
vt 0.375000 0.750000
vt 0.625000 1.000000
vt 0.375000 1.000000
vt 0.125000 0.500000
vt 0.125000 0.750000
vt 0.875000 0.500000
vt 0.875000 0.750000
s 0
f 4273/2376/1353 4274/2377/1353 4276/2378/1353 4275/2379/1353
f 4275/2379/1354 4276/2378/1354 4280/2380/1354 4279/2381/1354
f 4279/2381/1355 4280/2380/1355 4278/2382/1355 4277/2383/1355
f 4277/2383/1356 4278/2382/1356 4274/2384/1356 4273/2385/1356
f 4275/2386/1357 4279/2381/1357 4277/2383/1357 4273/2387/1357
f 4280/2380/1358 4276/2388/1358 4274/2389/1358 4278/2382/1358
o Cube.063
v -7.080612 2.463573 14.778172
v -7.216810 2.463573 14.510870
v -8.357842 6.197895 15.428958
v -8.494040 6.197895 15.161656
v -7.579707 2.248552 15.032475
v -7.715905 2.248552 14.765174
v -8.856937 5.982874 15.683262
v -8.993135 5.982874 15.415960
vn 0.8318 0.3584 -0.4238
vn -0.3193 0.9336 0.1627
vn -0.8318 -0.3584 0.4238
vn 0.3193 -0.9336 -0.1627
vn 0.4540 -0.0000 0.8910
vn -0.4540 -0.0000 -0.8910
vt 0.375000 0.000000
vt 0.625000 0.000000
vt 0.625000 0.250000
vt 0.375000 0.250000
vt 0.625000 0.500000
vt 0.375000 0.500000
vt 0.625000 0.750000
vt 0.375000 0.750000
vt 0.625000 1.000000
vt 0.375000 1.000000
vt 0.125000 0.500000
vt 0.125000 0.750000
vt 0.875000 0.500000
vt 0.875000 0.750000
s 0
f 4281/2390/1359 4282/2391/1359 4284/2392/1359 4283/2393/1359
f 4283/2393/1360 4284/2392/1360 4288/2394/1360 4287/2395/1360
f 4287/2395/1361 4288/2394/1361 4286/2396/1361 4285/2397/1361
f 4285/2397/1362 4286/2396/1362 4282/2398/1362 4281/2399/1362
f 4283/2400/1363 4287/2395/1363 4285/2397/1363 4281/2401/1363
f 4288/2394/1364 4284/2402/1364 4282/2403/1364 4286/2396/1364
