# Blender 4.0.2
# www.blender.org
mtllib asmundarsafn_nyasta_utgafa_8.4_12.30.mtl
o v_hlid
v 2.750000 0.000000 2.000000
v 4.139461 4.000000 1.236724
v 2.750000 0.000000 -2.000000
v 4.139461 4.000000 -1.236724
v 10.250000 0.000000 2.000000
v 8.860538 4.000000 1.236724
v 10.250000 0.000000 -2.000000
v 8.860538 4.000000 -1.236724
vn -0.9446 0.3281 -0.0000
vn -0.0000 0.1874 -0.9823
vn 0.9446 0.3281 -0.0000
vn -0.0000 0.1874 0.9823
vn -0.0000 -1.0000 -0.0000
vn -0.0000 1.0000 -0.0000
vt 0.375000 0.000000
vt 0.625000 0.000000
vt 0.625000 0.250000
vt 0.375000 0.250000
vt 0.625000 0.500000
vt 0.375000 0.500000
vt 0.625000 0.750000
vt 0.375000 0.750000
vt 0.625000 1.000000
vt 0.375000 1.000000
vt 0.125000 0.500000
vt 0.125000 0.750000
vt 0.875000 0.500000
vt 0.875000 0.750000
s 0
usemtl Material.003
f 1/1/1 2/2/1 4/3/1 3/4/1
f 3/4/2 4/3/2 8/5/2 7/6/2
f 7/6/3 8/5/3 6/7/3 5/8/3
f 5/8/4 6/7/4 2/9/4 1/10/4
f 3/11/5 7/6/5 5/8/5 1/12/5
f 8/5/6 4/13/6 2/14/6 6/7/6
o adaldyr
v -4.000000 0.000000 1.300000
v -4.000000 2.900000 1.300000
v -4.000000 0.000000 -1.300000
v -4.000000 2.900000 -1.300000
v 4.000000 0.000000 1.300000
v 4.000000 2.900000 1.300000
v 4.000000 0.000000 -1.300000
v 4.000000 2.900000 -1.300000
v 1.389393 1.796256 0.880154
v 1.019795 1.796256 0.880154
v 1.389393 2.271376 0.880154
v 1.019795 2.271376 0.880154
v -4.000000 2.900000 -1.300000
v -4.000000 0.000000 -1.300000
v 4.000000 0.000000 -1.300000
v 4.000000 2.900000 -1.300000
v -4.000000 2.900000 -1.300000
v -4.000000 0.000000 -1.300000
v 4.000000 0.000000 -1.300000
v 4.000000 2.900000 -1.300000
v -4.000000 1.450000 -1.300000
v 0.000000 0.000000 -1.300000
v 0.000000 2.900000 -1.300000
v 4.000000 1.450000 -1.300000
v -2.000000 0.000000 -1.300000
v 2.000000 0.000000 -1.300000
v -3.000000 0.000000 -1.300000
v 1.000000 0.000000 -1.300000
v -1.000000 0.000000 -1.300000
v 3.000000 0.000000 -1.300000
v -3.500000 0.000000 -1.300000
v 0.500000 0.000000 -1.300000
v -1.500000 0.000000 -1.300000
v 2.500000 0.000000 -1.300000
v -2.500000 0.000000 -1.300000
v 1.500000 0.000000 -1.300000
v -0.500000 0.000000 -1.300000
v 3.500000 0.000000 -1.300000
v 2.000000 2.900000 -1.300000
v -2.000000 2.900000 -1.300000
v 3.000000 2.900000 -1.300000
v -1.000000 2.900000 -1.300000
v 1.000000 2.900000 -1.300000
v -3.000000 2.900000 -1.300000
v 3.500000 2.900000 -1.300000
v -0.500000 2.900000 -1.300000
v 1.500000 2.900000 -1.300000
v -2.500000 2.900000 -1.300000
v 2.500000 2.900000 -1.300000
v -1.500000 2.900000 -1.300000
v 0.500000 2.900000 -1.300000
v -3.500000 2.900000 -1.300000
vn -1.0000 -0.0000 -0.0000
vn -0.0000 -0.0000 -1.0000
vn 1.0000 -0.0000 -0.0000
vn -0.0000 -0.0000 1.0000
vn -0.0000 -1.0000 -0.0000
vn -0.0000 1.0000 -0.0000
vt 0.625000 0.000000
vt 0.375000 0.250000
vt 0.375000 0.000000
vt 0.625000 0.250000
vt 0.375000 0.500000
vt 0.625000 0.500000
vt 0.375000 0.750000
vt 0.625000 0.750000
vt 0.375000 1.000000
vt 0.125000 0.750000
vt 0.125000 0.500000
vt 0.875000 0.500000
vt 0.000000 0.000000
vt 0.375000 0.484375
vt 0.625000 0.265625
vt 0.375000 0.265625
vt 0.625000 0.484375
vt 0.625000 1.000000
vt 0.875000 0.750000
vt 0.375000 0.281250
vt 0.375000 0.296875
vt 0.375000 0.312500
vt 0.375000 0.328125
vt 0.375000 0.343750
vt 0.375000 0.359375
vt 0.375000 0.375000
vt 0.375000 0.390625
vt 0.375000 0.406250
vt 0.375000 0.421875
vt 0.375000 0.437500
vt 0.375000 0.453125
vt 0.375000 0.468750
vt 0.625000 0.468750
vt 0.625000 0.453125
vt 0.625000 0.437500
vt 0.625000 0.421875
vt 0.625000 0.406250
vt 0.625000 0.390625
vt 0.625000 0.375000
vt 0.625000 0.359375
vt 0.625000 0.343750
vt 0.625000 0.328125
vt 0.625000 0.312500
vt 0.625000 0.296875
vt 0.625000 0.281250
vt 0.500000 0.250000
vt 0.500000 0.500000
s 0
usemtl Material.004
f 10/15/7 22/16/7 9/17/7
f 12/18/8 15/19/8 11/16/8
f 24/20/9 13/21/9 23/19/9
f 14/22/10 9/23/10 13/21/10
f 23/19/11 9/24/11 22/25/11
f 21/26/12 14/22/12 24/20/12
f 18/26/10 19/22/10 20/20/10
f 29/27/12 26/27/12 21/27/12
f 46/28/12 23/19/12 22/16/12
f 60/29/12 21/18/12 24/20/12
f 32/27/12 28/27/12 23/27/12
f 11/16/12 26/16/12 25/18/12
f 11/16/12 15/19/12 39/30/12
f 16/20/12 12/18/12 53/31/12
f 16/20/12 28/20/12 27/19/12
f 10/15/7 21/18/7 22/16/7
f 12/18/8 16/20/8 15/19/8
f 24/20/9 14/22/9 13/21/9
f 14/22/10 10/32/10 9/23/10
f 23/19/11 13/21/11 9/24/11
f 21/26/12 10/33/12 14/22/12
f 18/26/10 17/33/10 19/22/10
f 21/27/12 25/27/12 29/27/12
f 26/27/12 22/27/12 21/27/12
f 22/16/12 26/16/12 39/30/12
f 35/34/12 43/35/12 33/36/12
f 22/16/12 39/30/12 35/34/12
f 33/36/12 41/37/12 37/38/12
f 22/16/12 35/34/12 33/36/12
f 37/38/12 45/39/12 30/40/12
f 22/16/12 33/36/12 37/38/12
f 30/40/12 40/41/12 36/42/12
f 22/16/12 37/38/12 30/40/12
f 36/42/12 44/43/12 34/44/12
f 22/16/12 30/40/12 36/42/12
f 34/44/12 42/45/12 38/46/12
f 22/16/12 36/42/12 34/44/12
f 34/44/12 38/46/12 46/28/12
f 22/16/12 34/44/12 46/28/12
f 46/28/12 27/19/12 23/19/12
f 24/20/12 28/20/12 53/31/12
f 49/47/12 57/48/12 47/49/12
f 24/20/12 53/31/12 49/47/12
f 47/49/12 55/50/12 51/51/12
f 24/20/12 49/47/12 47/49/12
f 51/51/12 59/52/12 31/53/12
f 24/20/12 47/49/12 51/51/12
f 31/53/12 54/54/12 50/55/12
f 24/20/12 51/51/12 31/53/12
f 50/55/12 58/56/12 48/57/12
f 24/20/12 31/53/12 50/55/12
f 48/57/12 56/58/12 52/59/12
f 24/20/12 50/55/12 48/57/12
f 48/57/12 52/59/12 60/29/12
f 24/20/12 48/57/12 60/29/12
f 60/29/12 25/18/12 21/18/12
f 23/27/12 27/27/12 32/27/12
f 28/27/12 24/27/12 23/27/12
f 25/18/12 12/18/12 11/16/12
f 26/16/12 29/60/12 25/18/12
f 15/19/12 27/19/12 46/28/12
f 15/19/12 46/28/12 38/46/12
f 15/19/12 38/46/12 34/44/12
f 15/19/12 34/44/12 36/42/12
f 15/19/12 36/42/12 30/40/12
f 15/19/12 30/40/12 37/38/12
f 15/19/12 37/38/12 33/36/12
f 33/36/12 35/34/12 39/30/12
f 15/19/12 33/36/12 39/30/12
f 39/30/12 26/16/12 11/16/12
f 12/18/12 25/18/12 60/29/12
f 12/18/12 60/29/12 52/59/12
f 12/18/12 52/59/12 48/57/12
f 12/18/12 48/57/12 50/55/12
f 12/18/12 50/55/12 31/53/12
f 12/18/12 31/53/12 51/51/12
f 12/18/12 51/51/12 47/49/12
f 47/49/12 49/47/12 53/31/12
f 12/18/12 47/49/12 53/31/12
f 53/31/12 28/20/12 16/20/12
f 27/19/12 15/19/12 16/20/12
f 28/20/12 32/61/12 27/19/12
o h_hlid
v -10.250000 0.000000 2.000000
v -8.860538 4.000000 1.236724
v -10.250000 0.000000 -2.000000
v -8.860538 4.000000 -1.236724
v -2.750000 0.000000 2.000000
v -4.139461 4.000000 1.236724
v -2.750000 0.000000 -2.000000
v -4.139461 4.000000 -1.236724
vn -0.9446 0.3281 -0.0000
vn -0.0000 0.1874 -0.9823
vn 0.9446 0.3281 -0.0000
vn -0.0000 0.1874 0.9823
vn -0.0000 -1.0000 -0.0000
vn -0.0000 1.0000 -0.0000
vt 0.375000 0.000000
vt 0.625000 0.000000
vt 0.625000 0.250000
vt 0.375000 0.250000
vt 0.625000 0.500000
vt 0.375000 0.500000
vt 0.625000 0.750000
vt 0.375000 0.750000
vt 0.625000 1.000000
vt 0.375000 1.000000
vt 0.125000 0.500000
vt 0.125000 0.750000
vt 0.875000 0.500000
vt 0.875000 0.750000
s 0
usemtl Material.002
f 61/62/13 62/63/13 64/64/13 63/65/13
f 63/65/14 64/64/14 68/66/14 67/67/14
f 67/67/15 68/66/15 66/68/15 65/69/15
f 65/69/16 66/68/16 62/70/16 61/71/16
f 63/72/17 67/67/17 65/69/17 61/73/17
f 68/66/18 64/74/18 62/75/18 66/68/18
o innanhus
v -4.080000 -0.009000 9.530798
v -4.080000 2.949000 9.530798
v -4.080000 -0.009000 1.289198
v -4.080000 2.949000 1.289198
v 4.080000 -0.009000 9.530798
v 4.080000 2.949000 9.530798
v 4.080000 -0.009000 1.289198
v 4.080000 2.949000 1.289198
vn -1.0000 -0.0000 -0.0000
vn -0.0000 -0.0000 -1.0000
vn 1.0000 -0.0000 -0.0000
vn -0.0000 -0.0000 1.0000
vn -0.0000 -1.0000 -0.0000
vn -0.0000 1.0000 -0.0000
vt 0.625000 0.000000
vt 0.375000 0.250000
vt 0.375000 0.000000
vt 0.625000 0.250000
vt 0.375000 0.500000
vt 0.625000 0.500000
vt 0.375000 0.750000
vt 0.625000 0.750000
vt 0.375000 1.000000
vt 0.125000 0.750000
vt 0.125000 0.500000
vt 0.875000 0.500000
vt 0.625000 1.000000
vt 0.875000 0.750000
s 0
usemtl Material.012
f 70/76/19 71/77/19 69/78/19
f 72/79/20 75/80/20 71/77/20
f 76/81/21 73/82/21 75/80/21
f 74/83/22 69/84/22 73/82/22
f 75/80/23 69/85/23 71/86/23
f 72/87/24 74/83/24 76/81/24
f 70/76/19 72/79/19 71/77/19
f 72/79/20 76/81/20 75/80/20
f 76/81/21 74/83/21 73/82/21
f 74/83/22 70/88/22 69/84/22
f 75/80/23 73/82/23 69/85/23
f 72/87/24 70/89/24 74/83/24
o syningarsalur
v -0.000007 -0.180000 9.232174
v 18.205343 -0.180000 16.700565
v 18.205343 2.520000 16.700565
v 16.384377 -0.180000 20.074596
v 16.384377 2.520000 20.074596
v 13.933763 -0.180000 23.031958
v 13.933763 2.520000 23.031958
v 10.947686 -0.180000 25.459005
v 10.947686 2.520000 25.459005
v 7.540896 -0.180000 27.262463
v 7.540896 2.520000 27.262463
v 3.844311 -0.180000 28.373026
v 3.844311 2.520000 28.373026
v -0.000007 -0.180000 28.748016
v -0.000007 2.520000 28.748016
v -3.844327 -0.180000 28.373026
v -3.844327 2.520000 28.373026
v -7.540917 -0.180000 27.262463
v -7.540917 2.520000 27.262463
v -10.947704 -0.180000 25.459005
v -10.947704 2.520000 25.459005
v -13.933783 -0.180000 23.031958
v -13.933783 2.520000 23.031958
v -16.384394 -0.180000 20.074596
v -16.384394 2.520000 20.074596
v -18.205362 -0.180000 16.700565
v -18.205362 2.520000 16.700565
v -0.000007 2.520000 9.232174
vn 0.8800 -0.0000 0.4749
vn 0.7700 -0.0000 0.6381
vn 0.6307 -0.0000 0.7760
vn 0.4679 -0.0000 0.8838
vn 0.2877 -0.0000 0.9577
vn 0.0971 -0.0000 0.9953
vn -0.0971 -0.0000 0.9953
vn -0.2877 -0.0000 0.9577
vn -0.4679 -0.0000 0.8838
vn -0.6307 -0.0000 0.7760
vn -0.7700 -0.0000 0.6381
vn -0.8800 -0.0000 0.4749
vn -0.3795 -0.0000 -0.9252
vn 0.3795 -0.0000 -0.9252
vn -0.0000 1.0000 -0.0000
vn -0.0000 -1.0000 -0.0000
vt 0.687500 0.500000
vt 0.687500 1.000000
vt 0.656250 1.000000
vt 0.656250 0.500000
vt 0.625000 1.000000
vt 0.625000 0.500000
vt 0.593750 1.000000
vt 0.593750 0.500000
vt 0.562500 1.000000
vt 0.562500 0.500000
vt 0.531250 1.000000
vt 0.531250 0.500000
vt 0.500000 1.000000
vt 0.500000 0.500000
vt 0.468750 1.000000
vt 0.468750 0.500000
vt 0.437500 1.000000
vt 0.437500 0.500000
vt 0.406250 1.000000
vt 0.406250 0.500000
vt 0.375000 1.000000
vt 0.375000 0.500000
vt 0.343750 1.000000
vt 0.343750 0.500000
vt 0.312500 1.000000
vt 0.312500 0.500000
vt 0.000000 0.000000
s 0
usemtl Material.013
f 78/90/25 79/91/25 81/92/25 80/93/25
f 80/93/26 81/92/26 83/94/26 82/95/26
f 82/95/27 83/94/27 85/96/27 84/97/27
f 84/97/28 85/96/28 87/98/28 86/99/28
f 86/99/29 87/98/29 89/100/29 88/101/29
f 88/101/30 89/100/30 91/102/30 90/103/30
f 90/103/31 91/102/31 93/104/31 92/105/31
f 92/105/32 93/104/32 95/106/32 94/107/32
f 94/107/33 95/106/33 97/108/33 96/109/33
f 96/109/34 97/108/34 99/110/34 98/111/34
f 98/111/35 99/110/35 101/112/35 100/113/35
f 100/113/36 101/112/36 103/114/36 102/115/36
f 103/114/37 104/116/37 77/116/37 102/115/37
f 79/91/38 78/90/38 77/116/38 104/116/38
f 81/92/39 79/91/39 104/116/39 91/102/39 89/100/39 87/98/39 85/96/39 83/94/39
f 91/102/39 104/116/39 103/114/39 101/112/39 99/110/39 97/108/39 95/106/39 93/104/39
f 78/90/40 80/93/40 82/95/40 84/97/40 86/99/40 88/101/40 90/103/40 92/105/40 94/107/40 96/109/40 98/111/40 100/113/40 102/115/40 77/116/40
o gluggi_kula_2_hlid_a
o Cube.004
v -5.334224 2.614725 1.557084
v -5.334224 3.658621 1.373017
v -5.334224 2.579995 1.360123
v -5.334224 3.623891 1.176056
v -5.034224 2.614725 1.557084
v -5.034224 3.658621 1.373017
v -5.034224 2.579995 1.360123
v -5.034224 3.623891 1.176056
v -8.261690 2.624547 1.524597
v -8.261690 3.668443 1.340530
v -8.261690 2.589817 1.327635
v -8.261690 3.633713 1.143568
v -7.961690 2.624547 1.524597
v -7.961690 3.668443 1.340530
v -7.961690 2.589817 1.327635
v -7.961690 3.633713 1.143568
v -7.312362 2.590309 1.520045
v -7.312362 3.634205 1.335978
v -7.312362 2.555579 1.323083
v -7.312362 3.599476 1.139016
v -7.012362 2.590309 1.520045
v -7.012362 3.634205 1.335978
v -7.012362 2.555579 1.323083
v -7.012362 3.599476 1.139016
v -6.289774 2.596585 1.537913
v -6.289774 3.640481 1.353846
v -6.289774 2.561855 1.340951
v -6.289774 3.605751 1.156884
v -5.989774 2.596585 1.537913
v -5.989774 3.640481 1.353846
v -5.989774 2.561855 1.340951
v -5.989774 3.605751 1.156884
vn -1.0000 -0.0000 -0.0000
vn -0.0000 -0.1736 -0.9848
vn 1.0000 -0.0000 -0.0000
vn -0.0000 0.1736 0.9848
vn -0.0000 -0.9848 0.1736
vn -0.0000 0.9848 -0.1736
vt 0.375000 0.000000
vt 0.625000 0.000000
vt 0.625000 0.250000
vt 0.375000 0.250000
vt 0.625000 0.500000
vt 0.375000 0.500000
vt 0.625000 0.750000
vt 0.375000 0.750000
vt 0.625000 1.000000
vt 0.375000 1.000000
vt 0.125000 0.500000
vt 0.125000 0.750000
vt 0.875000 0.500000
vt 0.875000 0.750000
s 0
usemtl Material.020
f 105/117/41 106/118/41 108/119/41 107/120/41
f 107/120/42 108/119/42 112/121/42 111/122/42
f 111/122/43 112/121/43 110/123/43 109/124/43
f 109/124/44 110/123/44 106/125/44 105/126/44
f 107/127/45 111/122/45 109/124/45 105/128/45
f 112/121/46 108/129/46 106/130/46 110/123/46
f 113/117/41 114/118/41 116/119/41 115/120/41
f 115/120/42 116/119/42 120/121/42 119/122/42
f 119/122/43 120/121/43 118/123/43 117/124/43
f 117/124/44 118/123/44 114/125/44 113/126/44
f 115/127/45 119/122/45 117/124/45 113/128/45
f 120/121/46 116/129/46 114/130/46 118/123/46
f 121/117/41 122/118/41 124/119/41 123/120/41
f 123/120/42 124/119/42 128/121/42 127/122/42
f 127/122/43 128/121/43 126/123/43 125/124/43
f 125/124/44 126/123/44 122/125/44 121/126/44
f 123/127/45 127/122/45 125/124/45 121/128/45
f 128/121/46 124/129/46 122/130/46 126/123/46
f 129/117/41 130/118/41 132/119/41 131/120/41
f 131/120/42 132/119/42 136/121/42 135/122/42
f 135/122/43 136/121/43 134/123/43 133/124/43
f 133/124/44 134/123/44 130/125/44 129/126/44
f 131/127/45 135/122/45 133/124/45 129/128/45
f 136/121/46 132/129/46 130/130/46 134/123/46
o Cube.001
v 7.857170 2.614417 1.557084
v 7.857170 3.658313 1.373017
v 7.857170 2.579687 1.360123
v 7.857170 3.623583 1.176056
v 8.157169 2.614417 1.557084
v 8.157169 3.658313 1.373017
v 8.157169 2.579687 1.360123
v 8.157169 3.623583 1.176056
v 4.929703 2.624238 1.524597
v 4.929703 3.668135 1.340530
v 4.929703 2.589509 1.327635
v 4.929703 3.633405 1.143568
v 5.229703 2.624238 1.524597
v 5.229703 3.668135 1.340530
v 5.229703 2.589509 1.327635
v 5.229703 3.633405 1.143568
v 5.879031 2.590001 1.520045
v 5.879031 3.633897 1.335978
v 5.879031 2.555271 1.323083
v 5.879031 3.599168 1.139016
v 6.179031 2.590001 1.520045
v 6.179031 3.633897 1.335978
v 6.179031 2.555271 1.323083
v 6.179031 3.599168 1.139016
v 6.901619 2.596277 1.537913
v 6.901619 3.640173 1.353846
v 6.901619 2.561547 1.340951
v 6.901619 3.605443 1.156884
v 7.201620 2.596277 1.537913
v 7.201620 3.640173 1.353846
v 7.201620 2.561547 1.340951
v 7.201620 3.605443 1.156884
vn -1.0000 -0.0000 -0.0000
vn -0.0000 -0.1736 -0.9848
vn 1.0000 -0.0000 -0.0000
vn -0.0000 0.1736 0.9848
vn -0.0000 -0.9848 0.1736
vn -0.0000 0.9848 -0.1736
vt 0.375000 0.000000
vt 0.625000 0.000000
vt 0.625000 0.250000
vt 0.375000 0.250000
vt 0.625000 0.500000
vt 0.375000 0.500000
vt 0.625000 0.750000
vt 0.375000 0.750000
vt 0.625000 1.000000
vt 0.375000 1.000000
vt 0.125000 0.500000
vt 0.125000 0.750000
vt 0.875000 0.500000
vt 0.875000 0.750000
s 0
usemtl Material.052
f 137/131/47 138/132/47 140/133/47 139/134/47
f 139/134/48 140/133/48 144/135/48 143/136/48
f 143/136/49 144/135/49 142/137/49 141/138/49
f 141/138/50 142/137/50 138/139/50 137/140/50
f 139/141/51 143/136/51 141/138/51 137/142/51
f 144/135/52 140/143/52 138/144/52 142/137/52
f 145/131/47 146/132/47 148/133/47 147/134/47
f 147/134/48 148/133/48 152/135/48 151/136/48
f 151/136/49 152/135/49 150/137/49 149/138/49
f 149/138/50 150/137/50 146/139/50 145/140/50
f 147/141/51 151/136/51 149/138/51 145/142/51
f 152/135/52 148/143/52 146/144/52 150/137/52
f 153/131/47 154/132/47 156/133/47 155/134/47
f 155/134/48 156/133/48 160/135/48 159/136/48
f 159/136/49 160/135/49 158/137/49 157/138/49
f 157/138/50 158/137/50 154/139/50 153/140/50
f 155/141/51 159/136/51 157/138/51 153/142/51
f 160/135/52 156/143/52 154/144/52 158/137/52
f 161/131/47 162/132/47 164/133/47 163/134/47
f 163/134/48 164/133/48 168/135/48 167/136/48
f 167/136/49 168/135/49 166/137/49 165/138/49
f 165/138/50 166/137/50 162/139/50 161/140/50
f 163/141/51 167/136/51 165/138/51 161/142/51
f 168/135/52 164/143/52 162/144/52 166/137/52
o Sphere
v -0.084123 6.247382 3.268496
v -0.084123 5.307196 2.234654
v -0.084123 4.078784 1.675143
v -0.084123 3.413971 1.603142
v -0.084123 2.749159 1.675143
v -0.084123 1.520747 2.234654
v 0.058509 6.756207 4.633323
v 0.195659 6.562288 3.943886
v 0.322057 6.247382 3.308498
v 0.432847 5.823589 2.751575
v 0.523769 5.307196 2.294521
v 0.591330 4.718047 1.954899
v 0.632934 4.078784 1.745760
v 0.646982 3.413971 1.675143
v 0.632934 2.749159 1.745760
v 0.591330 2.109896 1.954899
v 0.523769 1.520747 2.294521
v 0.432847 1.004354 2.751575
v 0.322057 0.580561 3.308498
v 0.195659 0.265654 3.943886
v 0.058509 0.071736 4.633323
v 0.195659 6.756207 4.674923
v 0.464689 6.562288 4.025488
v 0.712628 6.247382 3.426965
v 0.929949 5.823589 2.902355
v 1.108300 5.307196 2.471820
v 1.240826 4.718047 2.151902
v 1.322435 4.078784 1.954899
v 1.349991 3.413971 1.888379
v 1.322435 2.749159 1.954899
v 1.240826 2.109896 2.151902
v 1.108300 1.520747 2.471820
v 0.929949 1.004354 2.902355
v 0.712628 0.580561 3.426965
v 0.464689 0.265654 4.025488
v 0.195659 0.071736 4.674923
v 0.322057 6.756207 4.742478
v 0.712628 6.562288 4.158002
v 1.072581 6.247382 3.619346
v 1.388081 5.823589 3.147209
v 1.647006 5.307196 2.759738
v 1.839405 4.718047 2.471820
v 1.957883 4.078784 2.294521
v 1.997888 3.413971 2.234654
v 1.957883 2.749159 2.294521
v 1.839405 2.109896 2.471820
v 1.647006 1.520747 2.759738
v 1.388081 1.004354 3.147209
v 1.072581 0.580561 3.619346
v 0.712628 0.265654 4.158002
v 0.322057 0.071736 4.742478
v 0.432847 6.756207 4.833392
v 0.929949 6.562288 4.336336
v 1.388081 6.247382 3.878246
v 1.789638 5.823589 3.476727
v 2.119186 5.307196 3.147210
v 2.364063 4.718047 2.902355
v 2.514858 4.078784 2.751575
v 2.565775 3.413971 2.700664
v 2.514858 2.749159 2.751575
v 2.364063 2.109896 2.902355
v 2.119186 1.520747 3.147210
v 1.789638 1.004354 3.476727
v 1.388081 0.580561 3.878246
v 0.929949 0.265654 4.336336
v 0.432847 0.071736 4.833392
v 0.523769 6.756207 4.944170
v 1.108300 6.562288 4.553636
v 1.647006 6.247382 4.193717
v 2.119187 5.823589 3.878246
v 2.506695 5.307196 3.619346
v 2.794639 4.718047 3.426965
v 2.971955 4.078784 3.308498
v 3.031827 3.413971 3.268497
v 2.971955 2.749159 3.308498
v 2.794639 2.109896 3.426965
v 2.506695 1.520747 3.619346
v 2.119187 1.004354 3.878246
v 1.647006 0.580561 4.193717
v 1.108300 0.265654 4.553636
v 0.523769 0.071736 4.944170
v -0.084123 6.821685 5.350313
v 0.591330 6.756207 5.070557
v 1.240826 6.562288 4.801552
v 1.839405 6.247382 4.553636
v 2.364064 5.823589 4.336336
v 2.794639 5.307196 4.158002
v 3.114586 4.718047 4.025488
v 3.311609 4.078784 3.943887
v 3.378135 3.413971 3.916333
v 3.311609 2.749159 3.943887
v 3.114586 2.109896 4.025488
v 2.794639 1.520747 4.158002
v 2.364064 1.004354 4.336336
v 1.839405 0.580561 4.553636
v 1.240826 0.265654 4.801552
v 0.591330 0.071736 5.070557
v 0.632934 6.756207 5.207695
v 1.322435 6.562288 5.070557
v 1.957883 6.247382 4.944170
v 2.514858 5.823589 4.833392
v 2.971955 5.307196 4.742478
v 3.311609 4.718047 4.674922
v 3.520766 4.078784 4.633323
v 3.591390 3.413971 4.619277
v 3.520766 2.749159 4.633323
v 3.311609 2.109896 4.674922
v 2.971955 1.520747 4.742478
v 2.514858 1.004354 4.833392
v 1.957883 0.580561 4.944170
v 1.322435 0.265654 5.070557
v 0.632934 0.071736 5.207695
v 0.646982 6.756207 5.350313
v 1.349991 6.562288 5.350313
v 1.997888 6.247382 5.350313
v 2.565775 5.823589 5.350313
v 3.031826 5.307196 5.350313
v 3.378135 4.718047 5.350313
v 3.591390 4.078784 5.350313
v 3.663397 3.413971 5.350313
v 3.591390 2.749159 5.350313
v 3.378135 2.109896 5.350313
v 3.031826 1.520747 5.350313
v 2.565775 1.004354 5.350313
v 1.997888 0.580561 5.350313
v 1.349991 0.265654 5.350313
v 0.646982 0.071736 5.350313
v 0.632934 6.756207 5.492931
v 1.322435 6.562288 5.630068
v 1.957883 6.247382 5.756455
v 2.514858 5.823589 5.867234
v 2.971954 5.307196 5.958148
v 3.311609 4.718047 6.025702
v 3.520766 4.078784 6.067303
v 3.591389 3.413971 6.081350
v 3.520766 2.749159 6.067303
v 3.311609 2.109896 6.025702
v 2.971954 1.520747 5.958148
v 2.514858 1.004354 5.867234
v 1.957883 0.580561 5.756455
v 1.322435 0.265654 5.630068
v 0.632934 0.071736 5.492931
v 0.591330 6.756207 5.630068
v 1.240826 6.562288 5.899073
v 1.839404 6.247382 6.146989
v 2.364063 5.823589 6.364290
v 2.794639 5.307196 6.542624
v 3.114586 4.718047 6.675138
v 3.311608 4.078784 6.756740
v 3.378134 3.413971 6.784293
v 3.311608 2.749159 6.756740
v 3.114586 2.109896 6.675138
v 2.794639 1.520747 6.542624
v 2.364063 1.004354 6.364290
v 1.839404 0.580561 6.146989
v 1.240826 0.265654 5.899073
v 0.591330 0.071736 5.630068
v 0.523769 6.756207 5.756455
v 1.108299 6.562288 6.146989
v 1.647006 6.247382 6.506908
v 2.119186 5.823589 6.822379
v 2.506694 5.307196 7.081280
v 2.794639 4.718047 7.273660
v 2.971954 4.078784 7.392128
v 3.031826 3.413971 7.432129
v 2.971954 2.749159 7.392128
v 2.794639 2.109896 7.273660
v 2.506694 1.520747 7.081280
v 2.119186 1.004354 6.822379
v 1.647006 0.580561 6.506908
v 1.108299 0.265654 6.146989
v 0.523769 0.071736 5.756455
v 0.432846 6.756207 5.867234
v 0.929949 6.562288 6.364290
v 1.388081 6.247382 6.822379
v 1.789638 5.823589 7.223898
v 2.119186 5.307196 7.553415
v 2.364063 4.718047 7.798269
v 2.514857 4.078784 7.949050
v 2.565773 3.413971 7.999962
v 2.514857 2.749159 7.949050
v 2.364063 2.109896 7.798269
v 2.119186 1.520747 7.553415
v 1.789638 1.004354 7.223898
v 1.388081 0.580561 6.822379
v 0.929949 0.265654 6.364290
v 0.432846 0.071736 5.867234
v 0.322057 6.756207 5.958147
v 0.712628 6.562288 6.542624
v 1.072580 6.247382 7.081280
v 1.388081 5.823589 7.553416
v 1.647005 5.307196 7.940887
v 1.839405 4.718047 8.228806
v 1.957882 4.078784 8.406104
v 1.997887 3.413971 8.465971
v 1.957882 2.749159 8.406104
v 1.839405 2.109896 8.228806
v 1.647005 1.520747 7.940887
v 1.388081 1.004354 7.553416
v 1.072580 0.580561 7.081280
v 0.712628 0.265654 6.542624
v 0.322057 0.071736 5.958147
v 0.195659 6.756207 6.025702
v 0.464689 6.562288 6.675138
v 0.712628 6.247382 7.273660
v 0.929949 5.823589 7.798270
v 1.108299 5.307196 8.228806
v 1.240826 4.718047 8.548722
v 1.322434 4.078784 8.745727
v 1.349990 3.413971 8.812246
v 1.322434 2.749159 8.745727
v 1.240826 2.109896 8.548722
v 1.108299 1.520747 8.228806
v 0.929949 1.004354 7.798270
v 0.712628 0.580561 7.273660
v 0.464689 0.265654 6.675138
v 0.195659 0.071736 6.025702
v 0.058509 6.756207 6.067302
v 0.195659 6.562288 6.756739
v 0.322057 6.247382 7.392127
v 0.432846 5.823589 7.949050
v 0.523768 5.307196 8.406104
v 0.591330 4.718047 8.745727
v 0.632934 4.078784 8.954865
v 0.646981 3.413971 9.025481
v 0.632934 2.749159 8.954865
v 0.591330 2.109896 8.745727
v 0.523768 1.520747 8.406104
v 0.432846 1.004354 7.949050
v 0.322057 0.580561 7.392127
v 0.195659 0.265654 6.756739
v 0.058509 0.071736 6.067302
v -0.084123 6.756207 6.081349
v -0.084123 6.562288 6.784293
v -0.084123 6.247382 7.432128
v -0.084123 5.823589 7.999962
v -0.084123 5.307196 8.465970
v -0.084123 4.718047 8.812246
v -0.084123 4.078784 9.025481
v -0.084124 3.413971 9.097481
v -0.084123 2.749159 9.025481
v -0.084123 2.109896 8.812246
v -0.084123 1.520747 8.465970
v -0.084123 1.004354 7.999962
v -0.084123 0.580561 7.432128
v -0.084123 0.265654 6.784293
v -0.084123 0.071736 6.081349
v -0.226754 6.756207 6.067302
v -0.363905 6.562288 6.756739
v -0.490303 6.247382 7.392127
v -0.601092 5.823589 7.949050
v -0.692015 5.307196 8.406103
v -0.759575 4.718047 8.745726
v -0.801180 4.078784 8.954865
v -0.815229 3.413971 9.025480
v -0.801180 2.749159 8.954865
v -0.759575 2.109896 8.745726
v -0.692015 1.520747 8.406103
v -0.601092 1.004354 7.949050
v -0.490303 0.580561 7.392127
v -0.363905 0.265654 6.756739
v -0.226754 0.071736 6.067302
v -0.363904 6.756207 6.025702
v -0.632935 6.562288 6.675138
v -0.880874 6.247382 7.273659
v -1.098194 5.823589 7.798269
v -1.276545 5.307196 8.228805
v -1.409071 4.718047 8.548722
v -1.490681 4.078784 8.745726
v -1.518237 3.413971 8.812244
v -1.490681 2.749159 8.745726
v -1.409071 2.109896 8.548722
v -1.276545 1.520747 8.228805
v -1.098194 1.004354 7.798269
v -0.880874 0.580561 7.273659
v -0.632935 0.265654 6.675138
v -0.363904 0.071736 6.025702
v -0.490303 6.756207 5.958147
v -0.880874 6.562288 6.542624
v -1.240826 6.247382 7.081279
v -1.556327 5.823589 7.553415
v -1.815251 5.307196 7.940887
v -2.007649 4.718047 8.228806
v -2.126128 4.078784 8.406103
v -2.166133 3.413971 8.465968
v -2.126128 2.749159 8.406103
v -2.007649 2.109896 8.228806
v -1.815251 1.520747 7.940887
v -1.556327 1.004354 7.553415
v -1.240826 0.580561 7.081279
v -0.880874 0.265654 6.542624
v -0.490303 0.071736 5.958147
v -0.601092 6.756207 5.867233
v -1.098194 6.562288 6.364289
v -1.556326 6.247382 6.822378
v -1.957883 5.823589 7.223898
v -2.287431 5.307196 7.553414
v -2.532308 4.718047 7.798269
v -2.683103 4.078784 7.949049
v -2.734019 3.413971 7.999959
v -2.683103 2.749159 7.949049
v -2.532308 2.109896 7.798269
v -2.287431 1.520747 7.553414
v -1.957883 1.004354 7.223898
v -1.556326 0.580561 6.822378
v -1.098194 0.265654 6.364289
v -0.601092 0.071736 5.867233
v -0.084123 0.006258 5.350313
v -0.692014 6.756207 5.756454
v -1.276545 6.562288 6.146989
v -1.815251 6.247382 6.506907
v -2.287431 5.823589 6.822379
v -2.674939 5.307196 7.081279
v -2.962884 4.718047 7.273660
v -3.140200 4.078784 7.392126
v -3.200071 3.413971 7.432126
v -3.140200 2.749159 7.392126
v -2.962884 2.109896 7.273660
v -2.674939 1.520747 7.081279
v -2.287431 1.004354 6.822379
v -1.815251 0.580561 6.506907
v -1.276545 0.265654 6.146989
v -0.692014 0.071736 5.756454
v -0.759575 6.756207 5.630068
v -1.409071 6.562288 5.899073
v -2.007649 6.247382 6.146988
v -2.532308 5.823589 6.364289
v -2.962884 5.307196 6.542623
v -3.282831 4.718047 6.675138
v -3.479853 4.078784 6.756738
v -3.546378 3.413971 6.784290
v -3.479853 2.749159 6.756738
v -3.282831 2.109896 6.675138
v -2.962884 1.520747 6.542623
v -2.532308 1.004354 6.364289
v -2.007649 0.580561 6.146988
v -1.409071 0.265654 5.899073
v -0.759575 0.071736 5.630068
v -0.801179 6.756207 5.492931
v -1.490680 6.562288 5.630068
v -2.126127 6.247382 5.756454
v -2.683103 5.823589 5.867234
v -3.140199 5.307196 5.958147
v -3.479853 4.718047 6.025702
v -3.689011 4.078784 6.067302
v -3.759633 3.413971 6.081347
v -3.689011 2.749159 6.067302
v -3.479853 2.109896 6.025702
v -3.140199 1.520747 5.958147
v -2.683103 1.004354 5.867234
v -2.126127 0.580561 5.756454
v -1.490680 0.265654 5.630068
v -0.801179 0.071736 5.492931
v -0.815227 6.756207 5.350313
v -1.518236 6.562288 5.350313
v -2.166132 6.247382 5.350312
v -2.734020 5.823589 5.350313
v -3.200071 5.307196 5.350312
v -3.546379 4.718047 5.350313
v -3.759634 4.078784 5.350312
v -3.831640 3.413971 5.350311
v -3.759634 2.749159 5.350312
v -3.546379 2.109896 5.350313
v -3.200071 1.520747 5.350312
v -2.734020 1.004354 5.350313
v -2.166132 0.580561 5.350312
v -1.518236 0.265654 5.350313
v -0.815227 0.071736 5.350313
v -0.801179 6.756207 5.207695
v -1.490680 6.562288 5.070557
v -2.126127 6.247382 4.944170
v -2.683102 5.823589 4.833392
v -3.140198 5.307196 4.742477
v -3.479853 4.718047 4.674923
v -3.689010 4.078784 4.633322
v -3.759632 3.413971 4.619275
v -3.689010 2.749159 4.633322
v -3.479853 2.109896 4.674923
v -3.140198 1.520747 4.742477
v -2.683102 1.004354 4.833392
v -2.126127 0.580561 4.944170
v -1.490680 0.265654 5.070557
v -0.801179 0.071736 5.207695
v -0.759575 6.756207 5.070557
v -1.409071 6.562288 4.801552
v -2.007648 6.247382 4.553636
v -2.532308 5.823589 4.336336
v -2.962883 5.307196 4.158002
v -3.282830 4.718047 4.025488
v -3.479852 4.078784 3.943886
v -3.546377 3.413971 3.916332
v -3.479852 2.749159 3.943886
v -3.282830 2.109896 4.025488
v -2.962883 1.520747 4.158002
v -2.532308 1.004354 4.336336
v -2.007648 0.580561 4.553636
v -1.409071 0.265654 4.801552
v -0.759575 0.071736 5.070557
v -0.692014 6.756207 4.944171
v -1.276544 6.562288 4.553636
v -1.815250 6.247382 4.193718
v -2.287431 5.823589 3.878246
v -2.674938 5.307196 3.619346
v -2.962884 4.718047 3.426966
v -3.140198 4.078784 3.308498
v -3.200068 3.413971 3.268497
v -3.140198 2.749159 3.308498
v -2.962884 2.109896 3.426966
v -2.674938 1.520747 3.619346
v -2.287431 1.004354 3.878246
v -1.815250 0.580561 4.193718
v -1.276544 0.265654 4.553636
v -0.692014 0.071736 4.944171
v -0.601092 6.756207 4.833392
v -1.098194 6.562288 4.336336
v -1.556325 6.247382 3.878247
v -1.957883 5.823589 3.476728
v -2.287430 5.307196 3.147210
v -2.532308 4.718047 2.902357
v -2.683101 4.078784 2.751576
v -2.734016 3.413971 2.700664
v -2.683101 2.749159 2.751576
v -2.532308 2.109896 2.902357
v -2.287430 1.520747 3.147210
v -1.957883 1.004354 3.476728
v -1.556325 0.580561 3.878247
v -1.098194 0.265654 4.336336
v -0.601092 0.071736 4.833392
v -0.490303 6.756207 4.742478
v -0.880873 6.562288 4.158002
v -1.240824 6.247382 3.619347
v -1.556326 5.823589 3.147210
v -1.815250 5.307196 2.759738
v -2.007649 4.718047 2.471821
v -2.126127 4.078784 2.294522
v -2.166130 3.413971 2.234657
v -2.126127 2.749159 2.294522
v -2.007649 2.109896 2.471821
v -1.815250 1.520747 2.759738
v -1.556326 1.004354 3.147210
v -1.240824 0.580561 3.619347
v -0.880873 0.265654 4.158002
v -0.490303 0.071736 4.742478
v -0.363904 6.756207 4.674923
v -0.632934 6.562288 4.025488
v -0.880872 6.247382 3.426967
v -1.098194 5.823589 2.902356
v -1.276543 5.307196 2.471821
v -1.409071 4.718047 2.151904
v -1.490679 4.078784 1.954900
v -1.518234 3.413971 1.888382
v -1.490679 2.749159 1.954900
v -1.409071 2.109896 2.151904
v -1.276543 1.520747 2.471821
v -1.098194 1.004354 2.902356
v -0.880872 0.580561 3.426967
v -0.632934 0.265654 4.025488
v -0.363904 0.071736 4.674923
v -0.226754 6.756207 4.633323
v -0.363904 6.562288 3.943887
v -0.490302 6.247382 3.308500
v -0.601092 5.823589 2.751575
v -0.692013 5.307196 2.294523
v -0.759575 4.718047 1.954900
v -0.801178 4.078784 1.745762
v -0.815225 3.413971 1.675147
v -0.801178 2.749159 1.745762
v -0.759575 2.109896 1.954900
v -0.692013 1.520747 2.294523
v -0.601092 1.004354 2.751575
v -0.490302 0.580561 3.308500
v -0.363904 0.265654 3.943887
v -0.226754 0.071736 4.633323
v -0.084123 6.756207 4.619277
v -0.084123 6.562288 3.916333
v -0.084122 5.823589 2.700664
v -0.084123 4.718047 1.888380
v -0.084123 2.109896 1.888380
v -0.084122 1.004354 2.700664
v -0.084122 0.580561 3.268499
v -0.084123 0.265654 3.916333
v -0.084123 0.071736 4.619277
vn -0.0000 -0.2124 -0.9772
vn -0.0000 -0.0000 -1.0000
vn 0.1951 -0.0000 -0.9808
vn 0.1906 -0.2124 -0.9584
vn -0.0000 0.9339 -0.3574
vn -0.0000 0.9830 -0.1834
vn 0.0358 0.9830 -0.1799
vn 0.0697 0.9339 -0.3506
vn -0.0000 -0.4122 -0.9111
vn 0.1777 -0.4122 -0.8936
vn -0.0000 0.8521 -0.5234
vn 0.1021 0.8521 -0.5134
vn -0.0000 -0.5893 -0.8079
vn 0.1576 -0.5893 -0.7924
vn -0.0000 0.7369 -0.6760
vn 0.1319 0.7369 -0.6630
vn -0.0000 -0.7369 -0.6760
vn 0.1319 -0.7369 -0.6630
vn -0.0000 0.5893 -0.8079
vn 0.1576 0.5893 -0.7924
vn -0.0000 -0.8521 -0.5234
vn 0.1021 -0.8521 -0.5134
vn -0.0000 0.4122 -0.9111
vn 0.1777 0.4122 -0.8936
vn -0.0000 -0.9339 -0.3574
vn 0.0697 -0.9339 -0.3506
vn -0.0000 0.2124 -0.9772
vn 0.1906 0.2124 -0.9584
vn -0.0000 -0.9830 -0.1834
vn 0.0358 -0.9830 -0.1799
vn -0.0000 1.0000 -0.0000
vn -0.0000 -1.0000 -0.0000
vn 0.1368 -0.9339 -0.3302
vn 0.0702 -0.9830 -0.1694
vn 0.3739 0.2124 -0.9028
vn 0.3827 -0.0000 -0.9239
vn 0.0702 0.9830 -0.1694
vn 0.3739 -0.2124 -0.9028
vn 0.1368 0.9339 -0.3302
vn 0.3486 -0.4123 -0.8417
vn 0.2003 0.8521 -0.4836
vn 0.3092 -0.5893 -0.7464
vn 0.2587 0.7369 -0.6245
vn 0.2587 -0.7369 -0.6245
vn 0.3092 0.5893 -0.7464
vn 0.2003 -0.8521 -0.4836
vn 0.3486 0.4123 -0.8417
vn 0.4488 -0.5893 -0.6718
vn 0.3755 -0.7369 -0.5621
vn 0.3755 0.7369 -0.5621
vn 0.4488 0.5893 -0.6718
vn 0.2908 -0.8521 -0.4352
vn 0.5061 0.4123 -0.7575
vn 0.1986 -0.9339 -0.2972
vn 0.5429 0.2124 -0.8125
vn 0.1019 -0.9830 -0.1525
vn 0.5555 -0.0000 -0.8315
vn 0.1019 0.9830 -0.1525
vn 0.5429 -0.2124 -0.8125
vn 0.1986 0.9339 -0.2972
vn 0.5061 -0.4123 -0.7575
vn 0.2908 0.8521 -0.4352
vn 0.1297 0.9830 -0.1297
vn 0.1297 -0.9830 -0.1297
vn 0.7071 -0.0000 -0.7071
vn 0.6909 -0.2124 -0.6910
vn 0.2527 0.9339 -0.2527
vn 0.6442 -0.4123 -0.6442
vn 0.3701 0.8521 -0.3701
vn 0.5713 -0.5893 -0.5713
vn 0.4779 0.7369 -0.4780
vn 0.4779 -0.7369 -0.4780
vn 0.5713 0.5893 -0.5713
vn 0.3701 -0.8521 -0.3701
vn 0.6442 0.4123 -0.6442
vn 0.2527 -0.9339 -0.2527
vn 0.6909 0.2124 -0.6910
vn 0.5620 0.7370 -0.3756
vn 0.6717 0.5893 -0.4489
vn 0.5620 -0.7370 -0.3756
vn 0.4352 -0.8521 -0.2908
vn 0.7575 0.4123 -0.5062
vn 0.2972 -0.9339 -0.1986
vn 0.8125 0.2124 -0.5429
vn 0.1525 -0.9830 -0.1019
vn 0.8314 -0.0000 -0.5556
vn 0.1525 0.9830 -0.1019
vn 0.8125 -0.2124 -0.5429
vn 0.2972 0.9339 -0.1986
vn 0.7575 -0.4123 -0.5062
vn 0.4352 0.8521 -0.2908
vn 0.6717 -0.5893 -0.4489
vn 0.9239 -0.0000 -0.3827
vn 0.9028 -0.2124 -0.3740
vn 0.1694 0.9830 -0.0702
vn 0.3302 0.9339 -0.1368
vn 0.8417 -0.4123 -0.3487
vn 0.4836 0.8521 -0.2003
vn 0.7464 -0.5893 -0.3092
vn 0.6245 0.7370 -0.2587
vn 0.6245 -0.7370 -0.2587
vn 0.7464 0.5893 -0.3092
vn 0.4836 -0.8521 -0.2003
vn 0.8417 0.4123 -0.3487
vn 0.3302 -0.9339 -0.1368
vn 0.9028 0.2124 -0.3740
vn 0.1694 -0.9830 -0.0702
vn 0.6629 -0.7370 -0.1319
vn 0.5134 -0.8521 -0.1021
vn 0.7924 0.5893 -0.1576
vn 0.8935 0.4123 -0.1778
vn 0.3505 -0.9340 -0.0697
vn 0.9584 0.2124 -0.1907
vn 0.1799 -0.9830 -0.0358
vn 0.9808 -0.0000 -0.1951
vn 0.1799 0.9830 -0.0358
vn 0.9584 -0.2124 -0.1907
vn 0.3505 0.9340 -0.0697
vn 0.8935 -0.4123 -0.1778
vn 0.5134 0.8521 -0.1021
vn 0.7924 -0.5893 -0.1576
vn 0.6629 0.7370 -0.1319
vn 0.1834 0.9830 -0.0000
vn 0.3574 0.9340 -0.0000
vn 0.9772 -0.2124 -0.0000
vn 0.9111 -0.4123 -0.0000
vn 0.5234 0.8521 -0.0000
vn 0.8079 -0.5893 -0.0000
vn 0.6759 0.7370 -0.0000
vn 0.6759 -0.7370 -0.0000
vn 0.8079 0.5893 -0.0000
vn 0.5234 -0.8521 -0.0000
vn 0.9111 0.4123 -0.0000
vn 0.3574 -0.9340 -0.0000
vn 0.9772 0.2124 -0.0000
vn 0.1834 -0.9830 -0.0000
vn 1.0000 -0.0000 -0.0000
vn 0.7924 0.5893 0.1576
vn 0.8935 0.4123 0.1778
vn 0.5134 -0.8521 0.1021
vn 0.3505 -0.9340 0.0697
vn 0.9584 0.2124 0.1907
vn 0.1799 -0.9830 0.0358
vn 0.9808 -0.0000 0.1951
vn 0.1799 0.9830 0.0358
vn 0.9584 -0.2124 0.1907
vn 0.3505 0.9340 0.0697
vn 0.8935 -0.4123 0.1778
vn 0.5134 0.8521 0.1021
vn 0.7924 -0.5893 0.1576
vn 0.6629 0.7370 0.1319
vn 0.6629 -0.7370 0.1319
vn 0.9028 -0.2124 0.3740
vn 0.8417 -0.4123 0.3487
vn 0.3302 0.9339 0.1368
vn 0.4836 0.8521 0.2003
vn 0.7464 -0.5893 0.3092
vn 0.6245 0.7370 0.2587
vn 0.6245 -0.7370 0.2587
vn 0.7464 0.5893 0.3092
vn 0.4836 -0.8521 0.2003
vn 0.8417 0.4123 0.3487
vn 0.3302 -0.9339 0.1368
vn 0.9028 0.2124 0.3740
vn 0.1694 -0.9830 0.0702
vn 0.9239 -0.0000 0.3827
vn 0.1694 0.9830 0.0702
vn 0.4352 -0.8521 0.2908
vn 0.2972 -0.9339 0.1986
vn 0.7575 0.4123 0.5062
vn 0.8125 0.2124 0.5429
vn 0.1525 -0.9830 0.1019
vn 0.8314 -0.0000 0.5556
vn 0.1525 0.9830 0.1019
vn 0.8125 -0.2124 0.5429
vn 0.2972 0.9339 0.1986
vn 0.7575 -0.4123 0.5062
vn 0.4352 0.8521 0.2908
vn 0.6717 -0.5893 0.4489
vn 0.5620 0.7370 0.3756
vn 0.5620 -0.7370 0.3756
vn 0.6717 0.5893 0.4489
vn 0.6442 -0.4123 0.6443
vn 0.5713 -0.5893 0.5713
vn 0.3701 0.8521 0.3701
vn 0.4779 0.7369 0.4780
vn 0.4779 -0.7369 0.4780
vn 0.5713 0.5893 0.5713
vn 0.3701 -0.8521 0.3701
vn 0.6442 0.4123 0.6443
vn 0.2527 -0.9339 0.2527
vn 0.6909 0.2124 0.6910
vn 0.1297 -0.9830 0.1297
vn 0.7071 -0.0000 0.7071
vn 0.1297 0.9830 0.1297
vn 0.6909 -0.2124 0.6910
vn 0.2527 0.9339 0.2527
vn 0.1986 -0.9339 0.2972
vn 0.1019 -0.9830 0.1525
vn 0.5429 0.2124 0.8125
vn 0.5555 -0.0000 0.8315
vn 0.1019 0.9830 0.1525
vn 0.5429 -0.2124 0.8125
vn 0.1986 0.9339 0.2972
vn 0.5061 -0.4123 0.7575
vn 0.2908 0.8521 0.4352
vn 0.4488 -0.5893 0.6718
vn 0.3755 0.7369 0.5621
vn 0.3755 -0.7369 0.5621
vn 0.4488 0.5893 0.6718
vn 0.2908 -0.8521 0.4352
vn 0.5061 0.4123 0.7575
vn 0.2003 0.8521 0.4836
vn 0.2587 0.7369 0.6245
vn 0.3092 -0.5893 0.7464
vn 0.2587 -0.7369 0.6245
vn 0.3092 0.5893 0.7464
vn 0.2003 -0.8521 0.4836
vn 0.3486 0.4123 0.8417
vn 0.1368 -0.9339 0.3302
vn 0.3739 0.2124 0.9028
vn 0.0702 -0.9830 0.1694
vn 0.3827 -0.0000 0.9239
vn 0.0702 0.9830 0.1694
vn 0.3739 -0.2124 0.9028
vn 0.1368 0.9339 0.3302
vn 0.3486 -0.4123 0.8417
vn 0.1906 0.2124 0.9584
vn 0.1951 -0.0000 0.9808
vn 0.0358 0.9830 0.1799
vn 0.0358 -0.9830 0.1799
vn 0.1906 -0.2124 0.9584
vn 0.0697 0.9339 0.3506
vn 0.1777 -0.4122 0.8936
vn 0.1021 0.8521 0.5134
vn 0.1576 -0.5893 0.7924
vn 0.1319 0.7369 0.6630
vn 0.1319 -0.7369 0.6630
vn 0.1576 0.5893 0.7924
vn 0.1021 -0.8521 0.5134
vn 0.1777 0.4122 0.8936
vn 0.0697 -0.9339 0.3506
vn -0.0000 -0.5893 0.8079
vn -0.0000 -0.7369 0.6760
vn -0.0000 0.7369 0.6760
vn -0.0000 0.5893 0.8079
vn -0.0000 -0.8521 0.5234
vn -0.0000 0.4122 0.9111
vn -0.0000 -0.9339 0.3574
vn -0.0000 0.2124 0.9772
vn -0.0000 -0.9830 0.1834
vn -0.0000 -0.0000 1.0000
vn -0.0000 0.9830 0.1834
vn -0.0000 -0.2124 0.9772
vn -0.0000 0.9339 0.3574
vn -0.0000 -0.4122 0.9111
vn -0.0000 0.8521 0.5234
vn -0.0358 0.9830 0.1799
vn -0.0358 -0.9830 0.1799
vn -0.1951 -0.0000 0.9808
vn -0.1906 -0.2124 0.9584
vn -0.0697 0.9339 0.3506
vn -0.1777 -0.4122 0.8936
vn -0.1021 0.8521 0.5134
vn -0.1576 -0.5893 0.7924
vn -0.1319 0.7369 0.6630
vn -0.1319 -0.7369 0.6630
vn -0.1576 0.5893 0.7924
vn -0.1021 -0.8521 0.5134
vn -0.1777 0.4122 0.8936
vn -0.0697 -0.9339 0.3506
vn -0.1906 0.2124 0.9584
vn -0.2587 0.7369 0.6245
vn -0.3092 0.5893 0.7464
vn -0.2587 -0.7369 0.6245
vn -0.2003 -0.8521 0.4836
vn -0.3486 0.4123 0.8417
vn -0.1368 -0.9339 0.3302
vn -0.3739 0.2124 0.9028
vn -0.0702 -0.9830 0.1694
vn -0.3827 -0.0000 0.9239
vn -0.0702 0.9830 0.1694
vn -0.3739 -0.2124 0.9028
vn -0.1368 0.9339 0.3302
vn -0.3486 -0.4123 0.8417
vn -0.2003 0.8521 0.4836
vn -0.3092 -0.5893 0.7464
vn -0.5555 -0.0000 0.8315
vn -0.5429 -0.2124 0.8125
vn -0.1019 0.9830 0.1525
vn -0.1986 0.9339 0.2972
vn -0.5061 -0.4123 0.7575
vn -0.2908 0.8521 0.4352
vn -0.4488 -0.5893 0.6718
vn -0.3755 0.7369 0.5621
vn -0.3755 -0.7369 0.5621
vn -0.4488 0.5893 0.6718
vn -0.2908 -0.8521 0.4352
vn -0.5061 0.4123 0.7575
vn -0.1986 -0.9339 0.2972
vn -0.5429 0.2124 0.8125
vn -0.1019 -0.9830 0.1525
vn -0.4779 -0.7369 0.4780
vn -0.3701 -0.8521 0.3701
vn -0.5713 0.5893 0.5713
vn -0.6442 0.4123 0.6442
vn -0.2527 -0.9339 0.2527
vn -0.6909 0.2124 0.6910
vn -0.1297 -0.9830 0.1297
vn -0.7071 -0.0000 0.7071
vn -0.1297 0.9830 0.1297
vn -0.6909 -0.2124 0.6910
vn -0.2527 0.9339 0.2527
vn -0.6442 -0.4123 0.6442
vn -0.3701 0.8521 0.3701
vn -0.5713 -0.5893 0.5713
vn -0.4779 0.7369 0.4780
vn -0.8125 -0.2124 0.5429
vn -0.7575 -0.4123 0.5062
vn -0.2972 0.9339 0.1986
vn -0.4352 0.8521 0.2908
vn -0.6717 -0.5893 0.4489
vn -0.5620 0.7370 0.3756
vn -0.5620 -0.7370 0.3756
vn -0.6717 0.5893 0.4489
vn -0.4352 -0.8521 0.2908
vn -0.7575 0.4123 0.5062
vn -0.2972 -0.9339 0.1986
vn -0.8125 0.2124 0.5429
vn -0.1525 -0.9830 0.1019
vn -0.8314 -0.0000 0.5556
vn -0.1525 0.9830 0.1019
vn -0.4836 -0.8521 0.2003
vn -0.3302 -0.9339 0.1368
vn -0.8417 0.4123 0.3487
vn -0.9028 0.2124 0.3740
vn -0.1694 -0.9830 0.0702
vn -0.9239 -0.0000 0.3827
vn -0.1694 0.9830 0.0702
vn -0.9028 -0.2124 0.3740
vn -0.3302 0.9339 0.1368
vn -0.8417 -0.4123 0.3487
vn -0.4836 0.8521 0.2003
vn -0.7464 -0.5893 0.3092
vn -0.6245 0.7370 0.2587
vn -0.6245 -0.7370 0.2587
vn -0.7464 0.5893 0.3092
vn -0.3505 0.9340 0.0697
vn -0.5134 0.8521 0.1021
vn -0.8935 -0.4123 0.1778
vn -0.7924 -0.5893 0.1576
vn -0.6629 0.7370 0.1319
vn -0.6629 -0.7370 0.1319
vn -0.7924 0.5893 0.1576
vn -0.5134 -0.8521 0.1021
vn -0.8935 0.4123 0.1778
vn -0.3505 -0.9340 0.0697
vn -0.9584 0.2124 0.1907
vn -0.1799 -0.9830 0.0358
vn -0.9808 -0.0000 0.1951
vn -0.1799 0.9830 0.0358
vn -0.9584 -0.2124 0.1907
vn -0.9111 0.4123 -0.0000
vn -0.9772 0.2124 -0.0000
vn -0.3574 -0.9340 -0.0000
vn -0.1834 -0.9830 -0.0000
vn -1.0000 -0.0000 -0.0000
vn -0.1834 0.9830 -0.0000
vn -0.9772 -0.2124 -0.0000
vn -0.3574 0.9340 -0.0000
vn -0.9111 -0.4123 -0.0000
vn -0.5234 0.8521 -0.0000
vn -0.8079 -0.5893 -0.0000
vn -0.6759 0.7370 -0.0000
vn -0.6759 -0.7370 -0.0000
vn -0.8079 0.5893 -0.0000
vn -0.5234 -0.8521 -0.0000
vn -0.8935 -0.4123 -0.1778
vn -0.7924 -0.5893 -0.1576
vn -0.5134 0.8521 -0.1021
vn -0.6629 0.7370 -0.1319
vn -0.6629 -0.7370 -0.1319
vn -0.7924 0.5893 -0.1576
vn -0.5134 -0.8521 -0.1021
vn -0.8935 0.4123 -0.1778
vn -0.3505 -0.9340 -0.0697
vn -0.9584 0.2124 -0.1907
vn -0.1799 -0.9830 -0.0358
vn -0.9808 -0.0000 -0.1951
vn -0.1799 0.9830 -0.0358
vn -0.9584 -0.2124 -0.1907
vn -0.3505 0.9340 -0.0697
vn -0.3302 -0.9339 -0.1368
vn -0.1694 -0.9830 -0.0702
vn -0.9028 0.2124 -0.3740
vn -0.9239 -0.0000 -0.3827
vn -0.1694 0.9830 -0.0702
vn -0.9028 -0.2124 -0.3740
vn -0.3302 0.9339 -0.1368
vn -0.8417 -0.4123 -0.3487
vn -0.4836 0.8521 -0.2003
vn -0.7464 -0.5893 -0.3092
vn -0.6245 0.7370 -0.2587
vn -0.6245 -0.7370 -0.2587
vn -0.7464 0.5893 -0.3092
vn -0.4836 -0.8521 -0.2003
vn -0.8417 0.4123 -0.3487
vn -0.4352 0.8521 -0.2908
vn -0.5620 0.7370 -0.3756
vn -0.6717 -0.5893 -0.4489
vn -0.5620 -0.7370 -0.3756
vn -0.6717 0.5893 -0.4489
vn -0.4352 -0.8521 -0.2908
vn -0.7575 0.4123 -0.5062
vn -0.2972 -0.9339 -0.1986
vn -0.8125 0.2124 -0.5429
vn -0.1525 -0.9830 -0.1019
vn -0.8314 -0.0000 -0.5556
vn -0.1525 0.9830 -0.1019
vn -0.8125 -0.2124 -0.5429
vn -0.2972 0.9339 -0.1986
vn -0.7575 -0.4123 -0.5062
vn -0.6909 0.2124 -0.6910
vn -0.7071 -0.0000 -0.7071
vn -0.1297 0.9830 -0.1297
vn -0.1297 -0.9830 -0.1297
vn -0.6909 -0.2124 -0.6910
vn -0.2527 0.9339 -0.2527
vn -0.6442 -0.4123 -0.6443
vn -0.3701 0.8521 -0.3701
vn -0.5713 -0.5893 -0.5713
vn -0.4779 0.7369 -0.4780
vn -0.4779 -0.7369 -0.4780
vn -0.5713 0.5893 -0.5713
vn -0.3701 -0.8521 -0.3701
vn -0.6442 0.4123 -0.6443
vn -0.2527 -0.9339 -0.2527
vn -0.4488 -0.5893 -0.6718
vn -0.3755 -0.7369 -0.5621
vn -0.3755 0.7369 -0.5621
vn -0.4488 0.5893 -0.6718
vn -0.2908 -0.8521 -0.4352
vn -0.5061 0.4123 -0.7575
vn -0.1986 -0.9339 -0.2972
vn -0.5429 0.2124 -0.8125
vn -0.1019 -0.9830 -0.1525
vn -0.5555 -0.0000 -0.8315
vn -0.1019 0.9830 -0.1525
vn -0.5429 -0.2124 -0.8125
vn -0.1986 0.9339 -0.2972
vn -0.5061 -0.4123 -0.7575
vn -0.2908 0.8521 -0.4352
vn -0.0702 -0.9830 -0.1694
vn -0.3827 -0.0000 -0.9239
vn -0.3739 -0.2124 -0.9028
vn -0.0702 0.9830 -0.1694
vn -0.1368 0.9339 -0.3302
vn -0.3486 -0.4123 -0.8417
vn -0.2003 0.8521 -0.4836
vn -0.3092 -0.5893 -0.7464
vn -0.2587 0.7369 -0.6245
vn -0.2587 -0.7369 -0.6245
vn -0.3092 0.5893 -0.7464
vn -0.2003 -0.8521 -0.4836
vn -0.3486 0.4123 -0.8417
vn -0.1368 -0.9339 -0.3302
vn -0.3739 0.2124 -0.9028
vn -0.1319 -0.7369 -0.6630
vn -0.1021 -0.8521 -0.5134
vn -0.1576 0.5893 -0.7924
vn -0.1777 0.4122 -0.8936
vn -0.0697 -0.9339 -0.3506
vn -0.1906 0.2124 -0.9584
vn -0.0358 -0.9830 -0.1799
vn -0.1951 -0.0000 -0.9808
vn -0.0358 0.9830 -0.1799
vn -0.1906 -0.2124 -0.9584
vn -0.0697 0.9339 -0.3506
vn -0.1777 -0.4122 -0.8936
vn -0.1021 0.8521 -0.5134
vn -0.1576 -0.5893 -0.7924
vn -0.1319 0.7369 -0.6630
vt 0.750000 0.437500
vt 0.750000 0.500000
vt 0.718750 0.500000
vt 0.718750 0.437500
vt 0.750000 0.875000
vt 0.750000 0.937500
vt 0.718750 0.937500
vt 0.718750 0.875000
vt 0.750000 0.375000
vt 0.718750 0.375000
vt 0.750000 0.812500
vt 0.718750 0.812500
vt 0.750000 0.312500
vt 0.718750 0.312500
vt 0.750000 0.750000
vt 0.718750 0.750000
vt 0.750000 0.250000
vt 0.718750 0.250000
vt 0.750000 0.687500
vt 0.718750 0.687500
vt 0.750000 0.187500
vt 0.718750 0.187500
vt 0.750000 0.625000
vt 0.718750 0.625000
vt 0.750000 0.125000
vt 0.718750 0.125000
vt 0.750000 0.562500
vt 0.718750 0.562500
vt 0.750000 0.062500
vt 0.718750 0.062500
vt 0.734375 1.000000
vt 0.734375 0.000000
vt 0.687500 0.125000
vt 0.687500 0.062500
vt 0.687500 0.562500
vt 0.687500 0.500000
vt 0.703125 1.000000
vt 0.687500 0.937500
vt 0.703125 0.000000
vt 0.687500 0.437500
vt 0.687500 0.875000
vt 0.687500 0.375000
vt 0.687500 0.812500
vt 0.687500 0.312500
vt 0.687500 0.750000
vt 0.687500 0.250000
vt 0.687500 0.687500
vt 0.687500 0.187500
vt 0.687500 0.625000
vt 0.656250 0.312500
vt 0.656250 0.250000
vt 0.656250 0.750000
vt 0.656250 0.687500
vt 0.656250 0.187500
vt 0.656250 0.625000
vt 0.656250 0.125000
vt 0.656250 0.562500
vt 0.656250 0.062500
vt 0.656250 0.500000
vt 0.671875 1.000000
vt 0.656250 0.937500
vt 0.671875 0.000000
vt 0.656250 0.437500
vt 0.656250 0.875000
vt 0.656250 0.375000
vt 0.656250 0.812500
vt 0.640625 1.000000
vt 0.625000 0.937500
vt 0.640625 0.000000
vt 0.625000 0.062500
vt 0.625000 0.500000
vt 0.625000 0.437500
vt 0.625000 0.875000
vt 0.625000 0.375000
vt 0.625000 0.812500
vt 0.625000 0.312500
vt 0.625000 0.750000
vt 0.625000 0.250000
vt 0.625000 0.687500
vt 0.625000 0.187500
vt 0.625000 0.625000
vt 0.625000 0.125000
vt 0.625000 0.562500
vt 0.593750 0.750000
vt 0.593750 0.687500
vt 0.593750 0.250000
vt 0.593750 0.187500
vt 0.593750 0.625000
vt 0.593750 0.125000
vt 0.593750 0.562500
vt 0.593750 0.062500
vt 0.593750 0.500000
vt 0.609375 1.000000
vt 0.593750 0.937500
vt 0.609375 0.000000
vt 0.593750 0.437500
vt 0.593750 0.875000
vt 0.593750 0.375000
vt 0.593750 0.812500
vt 0.593750 0.312500
vt 0.562500 0.500000
vt 0.562500 0.437500
vt 0.562500 0.937500
vt 0.562500 0.875000
vt 0.562500 0.375000
vt 0.562500 0.812500
vt 0.562500 0.312500
vt 0.562500 0.750000
vt 0.562500 0.250000
vt 0.562500 0.687500
vt 0.562500 0.187500
vt 0.562500 0.625000
vt 0.562500 0.125000
vt 0.562500 0.562500
vt 0.562500 0.062500
vt 0.578125 1.000000
vt 0.578125 0.000000
vt 0.531250 0.250000
vt 0.531250 0.187500
vt 0.531250 0.687500
vt 0.531250 0.625000
vt 0.531250 0.125000
vt 0.531250 0.562500
vt 0.531250 0.062500
vt 0.531250 0.500000
vt 0.546875 1.000000
vt 0.531250 0.937500
vt 0.546875 0.000000
vt 0.531250 0.437500
vt 0.531250 0.875000
vt 0.531250 0.375000
vt 0.531250 0.812500
vt 0.531250 0.312500
vt 0.531250 0.750000
vt 0.500000 0.937500
vt 0.500000 0.875000
vt 0.500000 0.437500
vt 0.500000 0.375000
vt 0.500000 0.812500
vt 0.500000 0.312500
vt 0.500000 0.750000
vt 0.500000 0.250000
vt 0.500000 0.687500
vt 0.500000 0.187500
vt 0.500000 0.625000
vt 0.500000 0.125000
vt 0.500000 0.562500
vt 0.500000 0.062500
vt 0.500000 0.500000
vt 0.515625 1.000000
vt 0.515625 0.000000
vt 0.468750 0.687500
vt 0.468750 0.625000
vt 0.468750 0.187500
vt 0.468750 0.125000
vt 0.468750 0.562500
vt 0.468750 0.062500
vt 0.468750 0.500000
vt 0.484375 1.000000
vt 0.468750 0.937500
vt 0.484375 0.000000
vt 0.468750 0.437500
vt 0.468750 0.875000
vt 0.468750 0.375000
vt 0.468750 0.812500
vt 0.468750 0.312500
vt 0.468750 0.750000
vt 0.468750 0.250000
vt 0.437500 0.437500
vt 0.437500 0.375000
vt 0.437500 0.875000
vt 0.437500 0.812500
vt 0.437500 0.312500
vt 0.437500 0.750000
vt 0.437500 0.250000
vt 0.437500 0.687500
vt 0.437500 0.187500
vt 0.437500 0.625000
vt 0.437500 0.125000
vt 0.437500 0.562500
vt 0.437500 0.062500
vt 0.437500 0.500000
vt 0.453125 1.000000
vt 0.437500 0.937500
vt 0.453125 0.000000
vt 0.406250 0.187500
vt 0.406250 0.125000
vt 0.406250 0.625000
vt 0.406250 0.562500
vt 0.406250 0.062500
vt 0.406250 0.500000
vt 0.421875 1.000000
vt 0.406250 0.937500
vt 0.421875 0.000000
vt 0.406250 0.437500
vt 0.406250 0.875000
vt 0.406250 0.375000
vt 0.406250 0.812500
vt 0.406250 0.312500
vt 0.406250 0.750000
vt 0.406250 0.250000
vt 0.406250 0.687500
vt 0.375000 0.375000
vt 0.375000 0.312500
vt 0.375000 0.812500
vt 0.375000 0.750000
vt 0.375000 0.250000
vt 0.375000 0.687500
vt 0.375000 0.187500
vt 0.375000 0.625000
vt 0.375000 0.125000
vt 0.375000 0.562500
vt 0.375000 0.062500
vt 0.375000 0.500000
vt 0.390625 1.000000
vt 0.375000 0.937500
vt 0.390625 0.000000
vt 0.375000 0.437500
vt 0.375000 0.875000
vt 0.343750 0.125000
vt 0.343750 0.062500
vt 0.343750 0.562500
vt 0.343750 0.500000
vt 0.359375 1.000000
vt 0.343750 0.937500
vt 0.359375 0.000000
vt 0.343750 0.437500
vt 0.343750 0.875000
vt 0.343750 0.375000
vt 0.343750 0.812500
vt 0.343750 0.312500
vt 0.343750 0.750000
vt 0.343750 0.250000
vt 0.343750 0.687500
vt 0.343750 0.187500
vt 0.343750 0.625000
vt 0.312500 0.812500
vt 0.312500 0.750000
vt 0.312500 0.312500
vt 0.312500 0.250000
vt 0.312500 0.687500
vt 0.312500 0.187500
vt 0.312500 0.625000
vt 0.312500 0.125000
vt 0.312500 0.562500
vt 0.312500 0.062500
vt 0.312500 0.500000
vt 0.328125 1.000000
vt 0.312500 0.937500
vt 0.328125 0.000000
vt 0.312500 0.437500
vt 0.312500 0.875000
vt 0.312500 0.375000
vt 0.281250 0.562500
vt 0.281250 0.500000
vt 0.296875 1.000000
vt 0.281250 0.937500
vt 0.296875 0.000000
vt 0.281250 0.062500
vt 0.281250 0.437500
vt 0.281250 0.875000
vt 0.281250 0.375000
vt 0.281250 0.812500
vt 0.281250 0.312500
vt 0.281250 0.750000
vt 0.281250 0.250000
vt 0.281250 0.687500
vt 0.281250 0.187500
vt 0.281250 0.625000
vt 0.281250 0.125000
vt 0.250000 0.312500
vt 0.250000 0.250000
vt 0.250000 0.750000
vt 0.250000 0.687500
vt 0.250000 0.187500
vt 0.250000 0.625000
vt 0.250000 0.125000
vt 0.250000 0.562500
vt 0.250000 0.062500
vt 0.250000 0.500000
vt 0.265625 1.000000
vt 0.250000 0.937500
vt 0.265625 0.000000
vt 0.250000 0.437500
vt 0.250000 0.875000
vt 0.250000 0.375000
vt 0.250000 0.812500
vt 0.234375 1.000000
vt 0.218750 0.937500
vt 0.234375 0.000000
vt 0.218750 0.062500
vt 0.218750 0.500000
vt 0.218750 0.437500
vt 0.218750 0.875000
vt 0.218750 0.375000
vt 0.218750 0.812500
vt 0.218750 0.312500
vt 0.218750 0.750000
vt 0.218750 0.250000
vt 0.218750 0.687500
vt 0.218750 0.187500
vt 0.218750 0.625000
vt 0.218750 0.125000
vt 0.218750 0.562500
vt 0.187500 0.750000
vt 0.187500 0.687500
vt 0.187500 0.250000
vt 0.187500 0.187500
vt 0.187500 0.625000
vt 0.187500 0.125000
vt 0.187500 0.562500
vt 0.187500 0.062500
vt 0.187500 0.500000
vt 0.203125 1.000000
vt 0.187500 0.937500
vt 0.203125 0.000000
vt 0.187500 0.437500
vt 0.187500 0.875000
vt 0.187500 0.375000
vt 0.187500 0.812500
vt 0.187500 0.312500
vt 0.156250 0.500000
vt 0.156250 0.437500
vt 0.156250 0.937500
vt 0.156250 0.875000
vt 0.156250 0.375000
vt 0.156250 0.812500
vt 0.156250 0.312500
vt 0.156250 0.750000
vt 0.156250 0.250000
vt 0.156250 0.687500
vt 0.156250 0.187500
vt 0.156250 0.625000
vt 0.156250 0.125000
vt 0.156250 0.562500
vt 0.156250 0.062500
vt 0.171875 1.000000
vt 0.171875 0.000000
vt 0.125000 0.250000
vt 0.125000 0.187500
vt 0.125000 0.687500
vt 0.125000 0.625000
vt 0.125000 0.125000
vt 0.125000 0.562500
vt 0.125000 0.062500
vt 0.125000 0.500000
vt 0.140625 1.000000
vt 0.125000 0.937500
vt 0.140625 0.000000
vt 0.125000 0.437500
vt 0.125000 0.875000
vt 0.125000 0.375000
vt 0.125000 0.812500
vt 0.125000 0.312500
vt 0.125000 0.750000
vt 0.093750 0.437500
vt 0.093750 0.375000
vt 0.093750 0.875000
vt 0.093750 0.812500
vt 0.093750 0.312500
vt 0.093750 0.750000
vt 0.093750 0.250000
vt 0.093750 0.687500
vt 0.093750 0.187500
vt 0.093750 0.625000
vt 0.093750 0.125000
vt 0.093750 0.562500
vt 0.093750 0.062500
vt 0.093750 0.500000
vt 0.109375 1.000000
vt 0.093750 0.937500
vt 0.109375 0.000000
vt 0.062500 0.187500
vt 0.062500 0.125000
vt 0.062500 0.625000
vt 0.062500 0.562500
vt 0.062500 0.062500
vt 0.062500 0.500000
vt 0.078125 1.000000
vt 0.062500 0.937500
vt 0.078125 0.000000
vt 0.062500 0.437500
vt 0.062500 0.875000
vt 0.062500 0.375000
vt 0.062500 0.812500
vt 0.062500 0.312500
vt 0.062500 0.750000
vt 0.062500 0.250000
vt 0.062500 0.687500
vt 0.031250 0.875000
vt 0.031250 0.812500
vt 0.031250 0.375000
vt 0.031250 0.312500
vt 0.031250 0.750000
vt 0.031250 0.250000
vt 0.031250 0.687500
vt 0.031250 0.187500
vt 0.031250 0.625000
vt 0.031250 0.125000
vt 0.031250 0.562500
vt 0.031250 0.062500
vt 0.031250 0.500000
vt 0.046875 1.000000
vt 0.031250 0.937500
vt 0.046875 0.000000
vt 0.031250 0.437500
vt 0.000000 0.625000
vt 0.000000 0.562500
vt 0.000000 0.125000
vt 0.000000 0.062500
vt 0.000000 0.500000
vt 0.015625 1.000000
vt 0.000000 0.937500
vt 0.015625 0.000000
vt 0.000000 0.437500
vt 0.000000 0.875000
vt 0.000000 0.375000
vt 0.000000 0.812500
vt 0.000000 0.312500
vt 0.000000 0.750000
vt 0.000000 0.250000
vt 0.000000 0.687500
vt 0.000000 0.187500
vt 1.000000 0.312500
vt 1.000000 0.375000
vt 0.968750 0.375000
vt 0.968750 0.312500
vt 1.000000 0.750000
vt 1.000000 0.812500
vt 0.968750 0.812500
vt 0.968750 0.750000
vt 1.000000 0.250000
vt 0.968750 0.250000
vt 1.000000 0.687500
vt 0.968750 0.687500
vt 1.000000 0.187500
vt 0.968750 0.187500
vt 1.000000 0.625000
vt 0.968750 0.625000
vt 1.000000 0.125000
vt 0.968750 0.125000
vt 1.000000 0.562500
vt 0.968750 0.562500
vt 1.000000 0.062500
vt 0.968750 0.062500
vt 1.000000 0.500000
vt 0.968750 0.500000
vt 1.000000 0.937500
vt 0.984375 1.000000
vt 0.968750 0.937500
vt 0.984375 0.000000
vt 1.000000 0.437500
vt 0.968750 0.437500
vt 1.000000 0.875000
vt 0.968750 0.875000
vt 0.937500 0.125000
vt 0.937500 0.062500
vt 0.937500 0.562500
vt 0.937500 0.500000
vt 0.953125 1.000000
vt 0.937500 0.937500
vt 0.953125 0.000000
vt 0.937500 0.437500
vt 0.937500 0.875000
vt 0.937500 0.375000
vt 0.937500 0.812500
vt 0.937500 0.312500
vt 0.937500 0.750000
vt 0.937500 0.250000
vt 0.937500 0.687500
vt 0.937500 0.187500
vt 0.937500 0.625000
vt 0.906250 0.812500
vt 0.906250 0.750000
vt 0.906250 0.312500
vt 0.906250 0.250000
vt 0.906250 0.687500
vt 0.906250 0.187500
vt 0.906250 0.625000
vt 0.906250 0.125000
vt 0.906250 0.562500
vt 0.906250 0.062500
vt 0.906250 0.500000
vt 0.921875 1.000000
vt 0.906250 0.937500
vt 0.921875 0.000000
vt 0.906250 0.437500
vt 0.906250 0.875000
vt 0.906250 0.375000
vt 0.875000 0.562500
vt 0.875000 0.500000
vt 0.890625 1.000000
vt 0.875000 0.937500
vt 0.890625 0.000000
vt 0.875000 0.062500
vt 0.875000 0.437500
vt 0.875000 0.875000
vt 0.875000 0.375000
vt 0.875000 0.812500
vt 0.875000 0.312500
vt 0.875000 0.750000
vt 0.875000 0.250000
vt 0.875000 0.687500
vt 0.875000 0.187500
vt 0.875000 0.625000
vt 0.875000 0.125000
vt 0.843750 0.312500
vt 0.843750 0.250000
vt 0.843750 0.750000
vt 0.843750 0.687500
vt 0.843750 0.187500
vt 0.843750 0.625000
vt 0.843750 0.125000
vt 0.843750 0.562500
vt 0.843750 0.062500
vt 0.843750 0.500000
vt 0.859375 1.000000
vt 0.843750 0.937500
vt 0.859375 0.000000
vt 0.843750 0.437500
vt 0.843750 0.875000
vt 0.843750 0.375000
vt 0.843750 0.812500
vt 0.828125 0.000000
vt 0.812500 0.062500
vt 0.812500 0.500000
vt 0.812500 0.437500
vt 0.812500 0.937500
vt 0.812500 0.875000
vt 0.812500 0.375000
vt 0.812500 0.812500
vt 0.812500 0.312500
vt 0.812500 0.750000
vt 0.812500 0.250000
vt 0.812500 0.687500
vt 0.812500 0.187500
vt 0.812500 0.625000
vt 0.812500 0.125000
vt 0.812500 0.562500
vt 0.828125 1.000000
vt 0.781250 0.250000
vt 0.781250 0.187500
vt 0.781250 0.687500
vt 0.781250 0.625000
vt 0.781250 0.125000
vt 0.781250 0.562500
vt 0.781250 0.062500
vt 0.781250 0.500000
vt 0.796875 1.000000
vt 0.781250 0.937500
vt 0.796875 0.000000
vt 0.781250 0.437500
vt 0.781250 0.875000
vt 0.781250 0.375000
vt 0.781250 0.812500
vt 0.781250 0.312500
vt 0.781250 0.750000
vt 0.765625 1.000000
vt 0.765625 0.000000
s 1
usemtl Material.051
f 173/145/53 172/146/54 182/147/55 183/148/56
f 643/149/57 642/150/58 175/151/59 176/152/60
f 646/153/61 173/145/53 183/148/56 184/154/62
f 169/155/63 643/149/57 176/152/60 177/156/64
f 174/157/65 646/153/61 184/154/62 185/158/66
f 644/159/67 169/155/63 177/156/64 178/160/68
f 647/161/69 174/157/65 185/158/66 186/162/70
f 170/163/71 644/159/67 178/160/68 179/164/72
f 648/165/73 647/161/69 186/162/70 187/166/74
f 645/167/75 170/163/71 179/164/72 180/168/76
f 649/169/77 648/165/73 187/166/74 188/170/78
f 171/171/79 645/167/75 180/168/76 181/172/80
f 650/173/81 649/169/77 188/170/78 189/174/82
f 172/146/54 171/171/79 181/172/80 182/147/55
f 642/150/58 250/175/83 175/151/59
f 476/176/84 650/173/81 189/174/82
f 189/174/82 188/170/78 203/177/85 204/178/86
f 182/147/55 181/172/80 196/179/87 197/180/88
f 175/151/59 250/181/83 190/182/89
f 476/183/84 189/174/82 204/178/86
f 183/148/56 182/147/55 197/180/88 198/184/90
f 176/152/60 175/151/59 190/182/89 191/185/91
f 184/154/62 183/148/56 198/184/90 199/186/92
f 177/156/64 176/152/60 191/185/91 192/187/93
f 185/158/66 184/154/62 199/186/92 200/188/94
f 178/160/68 177/156/64 192/187/93 193/189/95
f 186/162/70 185/158/66 200/188/94 201/190/96
f 179/164/72 178/160/68 193/189/95 194/191/97
f 187/166/74 186/162/70 201/190/96 202/192/98
f 180/168/76 179/164/72 194/191/97 195/193/99
f 188/170/78 187/166/74 202/192/98 203/177/85
f 181/172/80 180/168/76 195/193/99 196/179/87
f 201/190/96 200/188/94 215/194/100 216/195/101
f 194/191/97 193/189/95 208/196/102 209/197/103
f 202/192/98 201/190/96 216/195/101 217/198/104
f 195/193/99 194/191/97 209/197/103 210/199/105
f 203/177/85 202/192/98 217/198/104 218/200/106
f 196/179/87 195/193/99 210/199/105 211/201/107
f 204/178/86 203/177/85 218/200/106 219/202/108
f 197/180/88 196/179/87 211/201/107 212/203/109
f 190/182/89 250/204/83 205/205/110
f 476/206/84 204/178/86 219/202/108
f 198/184/90 197/180/88 212/203/109 213/207/111
f 191/185/91 190/182/89 205/205/110 206/208/112
f 199/186/92 198/184/90 213/207/111 214/209/113
f 192/187/93 191/185/91 206/208/112 207/210/114
f 200/188/94 199/186/92 214/209/113 215/194/100
f 193/189/95 192/187/93 207/210/114 208/196/102
f 205/205/110 250/211/83 220/212/115
f 476/213/84 219/202/108 234/214/116
f 213/207/111 212/203/109 227/215/117 228/216/118
f 206/208/112 205/205/110 220/212/115 221/217/119
f 214/209/113 213/207/111 228/216/118 229/218/120
f 207/210/114 206/208/112 221/217/119 222/219/121
f 215/194/100 214/209/113 229/218/120 230/220/122
f 208/196/102 207/210/114 222/219/121 223/221/123
f 216/195/101 215/194/100 230/220/122 231/222/124
f 209/197/103 208/196/102 223/221/123 224/223/125
f 217/198/104 216/195/101 231/222/124 232/224/126
f 210/199/105 209/197/103 224/223/125 225/225/127
f 218/200/106 217/198/104 232/224/126 233/226/128
f 211/201/107 210/199/105 225/225/127 226/227/129
f 219/202/108 218/200/106 233/226/128 234/214/116
f 212/203/109 211/201/107 226/227/129 227/215/117
f 224/223/125 223/221/123 238/228/130 239/229/131
f 232/224/126 231/222/124 246/230/132 247/231/133
f 225/225/127 224/223/125 239/229/131 240/232/134
f 233/226/128 232/224/126 247/231/133 248/233/135
f 226/227/129 225/225/127 240/232/134 241/234/136
f 234/214/116 233/226/128 248/233/135 249/235/137
f 227/215/117 226/227/129 241/234/136 242/236/138
f 220/212/115 250/237/83 235/238/139
f 476/239/84 234/214/116 249/235/137
f 228/216/118 227/215/117 242/236/138 243/240/140
f 221/217/119 220/212/115 235/238/139 236/241/141
f 229/218/120 228/216/118 243/240/140 244/242/142
f 222/219/121 221/217/119 236/241/141 237/243/143
f 230/220/122 229/218/120 244/242/142 245/244/144
f 223/221/123 222/219/121 237/243/143 238/228/130
f 231/222/124 230/220/122 245/244/144 246/230/132
f 243/240/140 242/236/138 258/245/145 259/246/146
f 236/241/141 235/238/139 251/247/147 252/248/148
f 244/242/142 243/240/140 259/246/146 260/249/149
f 237/243/143 236/241/141 252/248/148 253/250/150
f 245/244/144 244/242/142 260/249/149 261/251/151
f 238/228/130 237/243/143 253/250/150 254/252/152
f 246/230/132 245/244/144 261/251/151 262/253/153
f 239/229/131 238/228/130 254/252/152 255/254/154
f 247/231/133 246/230/132 262/253/153 263/255/155
f 240/232/134 239/229/131 255/254/154 256/256/156
f 248/233/135 247/231/133 263/255/155 264/257/157
f 241/234/136 240/232/134 256/256/156 257/258/158
f 249/235/137 248/233/135 264/257/157 265/259/159
f 242/236/138 241/234/136 257/258/158 258/245/145
f 235/238/139 250/260/83 251/247/147
f 476/261/84 249/235/137 265/259/159
f 263/255/155 262/253/153 277/262/160 278/263/161
f 256/256/156 255/254/154 270/264/162 271/265/163
f 264/257/157 263/255/155 278/263/161 279/266/164
f 257/258/158 256/256/156 271/265/163 272/267/165
f 265/259/159 264/257/157 279/266/164 280/268/166
f 258/245/145 257/258/158 272/267/165 273/269/167
f 251/247/147 250/270/83 266/271/168
f 476/272/84 265/259/159 280/268/166
f 259/246/146 258/245/145 273/269/167 274/273/169
f 252/248/148 251/247/147 266/271/168 267/274/170
f 260/249/149 259/246/146 274/273/169 275/275/171
f 253/250/150 252/248/148 267/274/170 268/276/172
f 261/251/151 260/249/149 275/275/171 276/277/173
f 254/252/152 253/250/150 268/276/172 269/278/174
f 262/253/153 261/251/151 276/277/173 277/262/160
f 255/254/154 254/252/152 269/278/174 270/264/162
f 267/274/170 266/271/168 281/279/175 282/280/176
f 275/275/171 274/273/169 289/281/177 290/282/178
f 268/276/172 267/274/170 282/280/176 283/283/179
f 276/277/173 275/275/171 290/282/178 291/284/180
f 269/278/174 268/276/172 283/283/179 284/285/181
f 277/262/160 276/277/173 291/284/180 292/286/182
f 270/264/162 269/278/174 284/285/181 285/287/183
f 278/263/161 277/262/160 292/286/182 293/288/184
f 271/265/163 270/264/162 285/287/183 286/289/185
f 279/266/164 278/263/161 293/288/184 294/290/186
f 272/267/165 271/265/163 286/289/185 287/291/187
f 280/268/166 279/266/164 294/290/186 295/292/188
f 273/269/167 272/267/165 287/291/187 288/293/189
f 266/271/168 250/294/83 281/279/175
f 476/295/84 280/268/166 295/292/188
f 274/273/169 273/269/167 288/293/189 289/281/177
f 286/289/185 285/287/183 300/296/190 301/297/191
f 294/290/186 293/288/184 308/298/192 309/299/193
f 287/291/187 286/289/185 301/297/191 302/300/194
f 295/292/188 294/290/186 309/299/193 310/301/195
f 288/293/189 287/291/187 302/300/194 303/302/196
f 281/279/175 250/303/83 296/304/197
f 476/305/84 295/292/188 310/301/195
f 289/281/177 288/293/189 303/302/196 304/306/198
f 282/280/176 281/279/175 296/304/197 297/307/199
f 290/282/178 289/281/177 304/306/198 305/308/200
f 283/283/179 282/280/176 297/307/199 298/309/201
f 291/284/180 290/282/178 305/308/200 306/310/202
f 284/285/181 283/283/179 298/309/201 299/311/203
f 292/286/182 291/284/180 306/310/202 307/312/204
f 285/287/183 284/285/181 299/311/203 300/296/190
f 293/288/184 292/286/182 307/312/204 308/298/192
f 305/308/200 304/306/198 319/313/205 320/314/206
f 298/309/201 297/307/199 312/315/207 313/316/208
f 306/310/202 305/308/200 320/314/206 321/317/209
f 299/311/203 298/309/201 313/316/208 314/318/210
f 307/312/204 306/310/202 321/317/209 322/319/211
f 300/296/190 299/311/203 314/318/210 315/320/212
f 308/298/192 307/312/204 322/319/211 323/321/213
f 301/297/191 300/296/190 315/320/212 316/322/214
f 309/299/193 308/298/192 323/321/213 324/323/215
f 302/300/194 301/297/191 316/322/214 317/324/216
f 310/301/195 309/299/193 324/323/215 325/325/217
f 303/302/196 302/300/194 317/324/216 318/326/218
f 296/304/197 250/327/83 311/328/219
f 476/329/84 310/301/195 325/325/217
f 304/306/198 303/302/196 318/326/218 319/313/205
f 297/307/199 296/304/197 311/328/219 312/315/207
f 324/323/215 323/321/213 338/330/220 339/331/221
f 317/324/216 316/322/214 331/332/222 332/333/223
f 325/325/217 324/323/215 339/331/221 340/334/224
f 318/326/218 317/324/216 332/333/223 333/335/225
f 311/328/219 250/336/83 326/337/226
f 476/338/84 325/325/217 340/334/224
f 319/313/205 318/326/218 333/335/225 334/339/227
f 312/315/207 311/328/219 326/337/226 327/340/228
f 320/314/206 319/313/205 334/339/227 335/341/229
f 313/316/208 312/315/207 327/340/228 328/342/230
f 321/317/209 320/314/206 335/341/229 336/343/231
f 314/318/210 313/316/208 328/342/230 329/344/232
f 322/319/211 321/317/209 336/343/231 337/345/233
f 315/320/212 314/318/210 329/344/232 330/346/234
f 323/321/213 322/319/211 337/345/233 338/330/220
f 316/322/214 315/320/212 330/346/234 331/332/222
f 336/343/231 335/341/229 350/347/235 351/348/236
f 329/344/232 328/342/230 343/349/237 344/350/238
f 337/345/233 336/343/231 351/348/236 352/351/239
f 330/346/234 329/344/232 344/350/238 345/352/240
f 338/330/220 337/345/233 352/351/239 353/353/241
f 331/332/222 330/346/234 345/352/240 346/354/242
f 339/331/221 338/330/220 353/353/241 354/355/243
f 332/333/223 331/332/222 346/354/242 347/356/244
f 340/334/224 339/331/221 354/355/243 355/357/245
f 333/335/225 332/333/223 347/356/244 348/358/246
f 326/337/226 250/359/83 341/360/247
f 476/361/84 340/334/224 355/357/245
f 334/339/227 333/335/225 348/358/246 349/362/248
f 327/340/228 326/337/226 341/360/247 342/363/249
f 335/341/229 334/339/227 349/362/248 350/347/235
f 328/342/230 327/340/228 342/363/249 343/349/237
f 355/357/245 354/355/243 369/364/250 370/365/251
f 348/358/246 347/356/244 362/366/252 363/367/253
f 341/360/247 250/368/83 356/369/254
f 476/370/84 355/357/245 370/365/251
f 349/362/248 348/358/246 363/367/253 364/371/255
f 342/363/249 341/360/247 356/369/254 357/372/256
f 350/347/235 349/362/248 364/371/255 365/373/257
f 343/349/237 342/363/249 357/372/256 358/374/258
f 351/348/236 350/347/235 365/373/257 366/375/259
f 344/350/238 343/349/237 358/374/258 359/376/260
f 352/351/239 351/348/236 366/375/259 367/377/261
f 345/352/240 344/350/238 359/376/260 360/378/262
f 353/353/241 352/351/239 367/377/261 368/379/263
f 346/354/242 345/352/240 360/378/262 361/380/264
f 354/355/243 353/353/241 368/379/263 369/364/250
f 347/356/244 346/354/242 361/380/264 362/366/252
f 359/376/260 358/374/258 373/381/265 374/382/266
f 367/377/261 366/375/259 381/383/267 382/384/268
f 360/378/262 359/376/260 374/382/266 375/385/269
f 368/379/263 367/377/261 382/384/268 383/386/270
f 361/380/264 360/378/262 375/385/269 376/387/271
f 369/364/250 368/379/263 383/386/270 384/388/272
f 362/366/252 361/380/264 376/387/271 377/389/273
f 370/365/251 369/364/250 384/388/272 385/390/274
f 363/367/253 362/366/252 377/389/273 378/391/275
f 356/369/254 250/392/83 371/393/276
f 476/394/84 370/365/251 385/390/274
f 364/371/255 363/367/253 378/391/275 379/395/277
f 357/372/256 356/369/254 371/393/276 372/396/278
f 365/373/257 364/371/255 379/395/277 380/397/279
f 358/374/258 357/372/256 372/396/278 373/381/265
f 366/375/259 365/373/257 380/397/279 381/383/267
f 378/391/275 377/389/273 392/398/280 393/399/281
f 371/393/276 250/400/83 386/401/282
f 476/402/84 385/390/274 400/403/283
f 379/395/277 378/391/275 393/399/281 394/404/284
f 372/396/278 371/393/276 386/401/282 387/405/285
f 380/397/279 379/395/277 394/404/284 395/406/286
f 373/381/265 372/396/278 387/405/285 388/407/287
f 381/383/267 380/397/279 395/406/286 396/408/288
f 374/382/266 373/381/265 388/407/287 389/409/289
f 382/384/268 381/383/267 396/408/288 397/410/290
f 375/385/269 374/382/266 389/409/289 390/411/291
f 383/386/270 382/384/268 397/410/290 398/412/292
f 376/387/271 375/385/269 390/411/291 391/413/293
f 384/388/272 383/386/270 398/412/292 399/414/294
f 377/389/273 376/387/271 391/413/293 392/398/280
f 385/390/274 384/388/272 399/414/294 400/403/283
f 397/410/290 396/408/288 411/415/295 412/416/296
f 390/411/291 389/409/289 404/417/297 405/418/298
f 398/412/292 397/410/290 412/416/296 413/419/299
f 391/413/293 390/411/291 405/418/298 406/420/300
f 399/414/294 398/412/292 413/419/299 414/421/301
f 392/398/280 391/413/293 406/420/300 407/422/302
f 400/403/283 399/414/294 414/421/301 415/423/303
f 393/399/281 392/398/280 407/422/302 408/424/304
f 386/401/282 250/425/83 401/426/305
f 476/427/84 400/403/283 415/423/303
f 394/404/284 393/399/281 408/424/304 409/428/306
f 387/405/285 386/401/282 401/426/305 402/429/307
f 395/406/286 394/404/284 409/428/306 410/430/308
f 388/407/287 387/405/285 402/429/307 403/431/309
f 396/408/288 395/406/286 410/430/308 411/415/295
f 389/409/289 388/407/287 403/431/309 404/417/297
f 401/426/305 250/432/83 416/433/310
f 476/434/84 415/423/303 430/435/311
f 409/428/306 408/424/304 423/436/312 424/437/313
f 402/429/307 401/426/305 416/433/310 417/438/314
f 410/430/308 409/428/306 424/437/313 425/439/315
f 403/431/309 402/429/307 417/438/314 418/440/316
f 411/415/295 410/430/308 425/439/315 426/441/317
f 404/417/297 403/431/309 418/440/316 419/442/318
f 412/416/296 411/415/295 426/441/317 427/443/319
f 405/418/298 404/417/297 419/442/318 420/444/320
f 413/419/299 412/416/296 427/443/319 428/445/321
f 406/420/300 405/418/298 420/444/320 421/446/322
f 414/421/301 413/419/299 428/445/321 429/447/323
f 407/422/302 406/420/300 421/446/322 422/448/324
f 415/423/303 414/421/301 429/447/323 430/435/311
f 408/424/304 407/422/302 422/448/324 423/436/312
f 420/444/320 419/442/318 434/449/325 435/450/326
f 428/445/321 427/443/319 442/451/327 443/452/328
f 421/446/322 420/444/320 435/450/326 436/453/329
f 429/447/323 428/445/321 443/452/328 444/454/330
f 422/448/324 421/446/322 436/453/329 437/455/331
f 430/435/311 429/447/323 444/454/330 445/456/332
f 423/436/312 422/448/324 437/455/331 438/457/333
f 416/433/310 250/458/83 431/459/334
f 476/460/84 430/435/311 445/456/332
f 424/437/313 423/436/312 438/457/333 439/461/335
f 417/438/314 416/433/310 431/459/334 432/462/336
f 425/439/315 424/437/313 439/461/335 440/463/337
f 418/440/316 417/438/314 432/462/336 433/464/338
f 426/441/317 425/439/315 440/463/337 441/465/339
f 419/442/318 418/440/316 433/464/338 434/449/325
f 427/443/319 426/441/317 441/465/339 442/451/327
f 439/461/335 438/457/333 453/466/340 454/467/341
f 432/462/336 431/459/334 446/468/342 447/469/343
f 440/463/337 439/461/335 454/467/341 455/470/344
f 433/464/338 432/462/336 447/469/343 448/471/345
f 441/465/339 440/463/337 455/470/344 456/472/346
f 434/449/325 433/464/338 448/471/345 449/473/347
f 442/451/327 441/465/339 456/472/346 457/474/348
f 435/450/326 434/449/325 449/473/347 450/475/349
f 443/452/328 442/451/327 457/474/348 458/476/350
f 436/453/329 435/450/326 450/475/349 451/477/351
f 444/454/330 443/452/328 458/476/350 459/478/352
f 437/455/331 436/453/329 451/477/351 452/479/353
f 445/456/332 444/454/330 459/478/352 460/480/354
f 438/457/333 437/455/331 452/479/353 453/466/340
f 431/459/334 250/481/83 446/468/342
f 476/482/84 445/456/332 460/480/354
f 458/476/350 457/474/348 472/483/355 473/484/356
f 451/477/351 450/475/349 465/485/357 466/486/358
f 459/478/352 458/476/350 473/484/356 474/487/359
f 452/479/353 451/477/351 466/486/358 467/488/360
f 460/480/354 459/478/352 474/487/359 475/489/361
f 453/466/340 452/479/353 467/488/360 468/490/362
f 446/468/342 250/491/83 461/492/363
f 476/493/84 460/480/354 475/489/361
f 454/467/341 453/466/340 468/490/362 469/494/364
f 447/469/343 446/468/342 461/492/363 462/495/365
f 455/470/344 454/467/341 469/494/364 470/496/366
f 448/471/345 447/469/343 462/495/365 463/497/367
f 456/472/346 455/470/344 470/496/366 471/498/368
f 449/473/347 448/471/345 463/497/367 464/499/369
f 457/474/348 456/472/346 471/498/368 472/483/355
f 450/475/349 449/473/347 464/499/369 465/485/357
f 470/496/366 469/494/364 485/500/370 486/501/371
f 463/497/367 462/495/365 478/502/372 479/503/373
f 471/498/368 470/496/366 486/501/371 487/504/374
f 464/499/369 463/497/367 479/503/373 480/505/375
f 472/483/355 471/498/368 487/504/374 488/506/376
f 465/485/357 464/499/369 480/505/375 481/507/377
f 473/484/356 472/483/355 488/506/376 489/508/378
f 466/486/358 465/485/357 481/507/377 482/509/379
f 474/487/359 473/484/356 489/508/378 490/510/380
f 467/488/360 466/486/358 482/509/379 483/511/381
f 475/489/361 474/487/359 490/510/380 491/512/382
f 468/490/362 467/488/360 483/511/381 484/513/383
f 461/492/363 250/514/83 477/515/384
f 476/516/84 475/489/361 491/512/382
f 469/494/364 468/490/362 484/513/383 485/500/370
f 462/495/365 461/492/363 477/515/384 478/502/372
f 490/510/380 489/508/378 504/517/385 505/518/386
f 483/511/381 482/509/379 497/519/387 498/520/388
f 491/512/382 490/510/380 505/518/386 506/521/389
f 484/513/383 483/511/381 498/520/388 499/522/390
f 477/515/384 250/523/83 492/524/391
f 476/525/84 491/512/382 506/521/389
f 485/500/370 484/513/383 499/522/390 500/526/392
f 478/502/372 477/515/384 492/524/391 493/527/393
f 486/501/371 485/500/370 500/526/392 501/528/394
f 479/503/373 478/502/372 493/527/393 494/529/395
f 487/504/374 486/501/371 501/528/394 502/530/396
f 480/505/375 479/503/373 494/529/395 495/531/397
f 488/506/376 487/504/374 502/530/396 503/532/398
f 481/507/377 480/505/375 495/531/397 496/533/399
f 489/508/378 488/506/376 503/532/398 504/517/385
f 482/509/379 481/507/377 496/533/399 497/519/387
f 494/529/395 493/527/393 508/534/400 509/535/401
f 502/530/396 501/528/394 516/536/402 517/537/403
f 495/531/397 494/529/395 509/535/401 510/538/404
f 503/532/398 502/530/396 517/537/403 518/539/405
f 496/533/399 495/531/397 510/538/404 511/540/406
f 504/517/385 503/532/398 518/539/405 519/541/407
f 497/519/387 496/533/399 511/540/406 512/542/408
f 505/518/386 504/517/385 519/541/407 520/543/409
f 498/520/388 497/519/387 512/542/408 513/544/410
f 506/521/389 505/518/386 520/543/409 521/545/411
f 499/522/390 498/520/388 513/544/410 514/546/412
f 492/524/391 250/547/83 507/548/413
f 476/549/84 506/521/389 521/545/411
f 500/526/392 499/522/390 514/546/412 515/550/414
f 493/527/393 492/524/391 507/548/413 508/534/400
f 501/528/394 500/526/392 515/550/414 516/536/402
f 513/544/410 512/542/408 527/551/415 528/552/416
f 521/545/411 520/543/409 535/553/417 536/554/418
f 514/546/412 513/544/410 528/552/416 529/555/419
f 507/548/413 250/556/83 522/557/420
f 476/558/84 521/545/411 536/554/418
f 515/550/414 514/546/412 529/555/419 530/559/421
f 508/534/400 507/548/413 522/557/420 523/560/422
f 516/536/402 515/550/414 530/559/421 531/561/423
f 509/535/401 508/534/400 523/560/422 524/562/424
f 517/537/403 516/536/402 531/561/423 532/563/425
f 510/538/404 509/535/401 524/562/424 525/564/426
f 518/539/405 517/537/403 532/563/425 533/565/427
f 511/540/406 510/538/404 525/564/426 526/566/428
f 519/541/407 518/539/405 533/565/427 534/567/429
f 512/542/408 511/540/406 526/566/428 527/551/415
f 520/543/409 519/541/407 534/567/429 535/553/417
f 532/568/425 531/569/423 546/570/430 547/571/431
f 525/572/426 524/573/424 539/574/432 540/575/433
f 533/576/427 532/568/425 547/571/431 548/577/434
f 526/578/428 525/572/426 540/575/433 541/579/435
f 534/580/429 533/576/427 548/577/434 549/581/436
f 527/582/415 526/578/428 541/579/435 542/583/437
f 535/584/417 534/580/429 549/581/436 550/585/438
f 528/586/416 527/582/415 542/583/437 543/587/439
f 536/588/418 535/584/417 550/585/438 551/589/440
f 529/590/419 528/586/416 543/587/439 544/591/441
f 522/592/420 250/593/83 537/594/442
f 476/595/84 536/588/418 551/589/440
f 530/596/421 529/590/419 544/591/441 545/597/443
f 523/598/422 522/592/420 537/594/442 538/599/444
f 531/569/423 530/596/421 545/597/443 546/570/430
f 524/573/424 523/598/422 538/599/444 539/574/432
f 551/589/440 550/585/438 565/600/445 566/601/446
f 544/591/441 543/587/439 558/602/447 559/603/448
f 537/594/442 250/604/83 552/605/449
f 476/606/84 551/589/440 566/601/446
f 545/597/443 544/591/441 559/603/448 560/607/450
f 538/599/444 537/594/442 552/605/449 553/608/451
f 546/570/430 545/597/443 560/607/450 561/609/452
f 539/574/432 538/599/444 553/608/451 554/610/453
f 547/571/431 546/570/430 561/609/452 562/611/454
f 540/575/433 539/574/432 554/610/453 555/612/455
f 548/577/434 547/571/431 562/611/454 563/613/456
f 541/579/435 540/575/433 555/612/455 556/614/457
f 549/581/436 548/577/434 563/613/456 564/615/458
f 542/583/437 541/579/435 556/614/457 557/616/459
f 550/585/438 549/581/436 564/615/458 565/600/445
f 543/587/439 542/583/437 557/616/459 558/602/447
f 555/612/455 554/610/453 569/617/460 570/618/461
f 563/613/456 562/611/454 577/619/462 578/620/463
f 556/614/457 555/612/455 570/618/461 571/621/464
f 564/615/458 563/613/456 578/620/463 579/622/465
f 557/616/459 556/614/457 571/621/464 572/623/466
f 565/600/445 564/615/458 579/622/465 580/624/467
f 558/602/447 557/616/459 572/623/466 573/625/468
f 566/601/446 565/600/445 580/624/467 581/626/469
f 559/603/448 558/602/447 573/625/468 574/627/470
f 552/605/449 250/628/83 567/629/471
f 476/630/84 566/601/446 581/626/469
f 560/607/450 559/603/448 574/627/470 575/631/472
f 553/608/451 552/605/449 567/629/471 568/632/473
f 561/609/452 560/607/450 575/631/472 576/633/474
f 554/610/453 553/608/451 568/632/473 569/617/460
f 562/611/454 561/609/452 576/633/474 577/619/462
f 574/627/470 573/625/468 588/634/475 589/635/476
f 567/629/471 250/636/83 582/637/477
f 476/638/84 581/626/469 596/639/478
f 575/631/472 574/627/470 589/635/476 590/640/479
f 568/632/473 567/629/471 582/637/477 583/641/480
f 576/633/474 575/631/472 590/640/479 591/642/481
f 569/617/460 568/632/473 583/641/480 584/643/482
f 577/619/462 576/633/474 591/642/481 592/644/483
f 570/618/461 569/617/460 584/643/482 585/645/484
f 578/620/463 577/619/462 592/644/483 593/646/485
f 571/621/464 570/618/461 585/645/484 586/647/486
f 579/622/465 578/620/463 593/646/485 594/648/487
f 572/623/466 571/621/464 586/647/486 587/649/488
f 580/624/467 579/622/465 594/648/487 595/650/489
f 573/625/468 572/623/466 587/649/488 588/634/475
f 581/626/469 580/624/467 595/650/489 596/639/478
f 593/646/485 592/644/483 607/651/490 608/652/491
f 586/647/486 585/645/484 600/653/492 601/654/493
f 594/648/487 593/646/485 608/652/491 609/655/494
f 587/649/488 586/647/486 601/654/493 602/656/495
f 595/650/489 594/648/487 609/655/494 610/657/496
f 588/634/475 587/649/488 602/656/495 603/658/497
f 596/639/478 595/650/489 610/657/496 611/659/498
f 589/635/476 588/634/475 603/658/497 604/660/499
f 582/637/477 250/661/83 597/662/500
f 476/663/84 596/639/478 611/659/498
f 590/640/479 589/635/476 604/660/499 605/664/501
f 583/641/480 582/637/477 597/662/500 598/665/502
f 591/642/481 590/640/479 605/664/501 606/666/503
f 584/643/482 583/641/480 598/665/502 599/667/504
f 592/644/483 591/642/481 606/666/503 607/651/490
f 585/645/484 584/643/482 599/667/504 600/653/492
f 476/668/84 611/659/498 626/669/505
f 605/664/501 604/660/499 619/670/506 620/671/507
f 598/665/502 597/662/500 612/672/508 613/673/509
f 606/666/503 605/664/501 620/671/507 621/674/510
f 599/667/504 598/665/502 613/673/509 614/675/511
f 607/651/490 606/666/503 621/674/510 622/676/512
f 600/653/492 599/667/504 614/675/511 615/677/513
f 608/652/491 607/651/490 622/676/512 623/678/514
f 601/654/493 600/653/492 615/677/513 616/679/515
f 609/655/494 608/652/491 623/678/514 624/680/516
f 602/656/495 601/654/493 616/679/515 617/681/517
f 610/657/496 609/655/494 624/680/516 625/682/518
f 603/658/497 602/656/495 617/681/517 618/683/519
f 611/659/498 610/657/496 625/682/518 626/669/505
f 604/660/499 603/658/497 618/683/519 619/670/506
f 597/662/500 250/684/83 612/672/508
f 624/680/516 623/678/514 638/685/520 639/686/521
f 617/681/517 616/679/515 631/687/522 632/688/523
f 625/682/518 624/680/516 639/686/521 640/689/524
f 618/683/519 617/681/517 632/688/523 633/690/525
f 626/669/505 625/682/518 640/689/524 641/691/526
f 619/670/506 618/683/519 633/690/525 634/692/527
f 612/672/508 250/693/83 627/694/528
f 476/695/84 626/669/505 641/691/526
f 620/671/507 619/670/506 634/692/527 635/696/529
f 613/673/509 612/672/508 627/694/528 628/697/530
f 621/674/510 620/671/507 635/696/529 636/698/531
f 614/675/511 613/673/509 628/697/530 629/699/532
f 622/676/512 621/674/510 636/698/531 637/700/533
f 615/677/513 614/675/511 629/699/532 630/701/534
f 623/678/514 622/676/512 637/700/533 638/685/520
f 616/679/515 615/677/513 630/701/534 631/687/522
f 628/697/530 627/694/528 642/150/58 643/149/57
f 636/698/531 635/696/529 173/145/53 646/153/61
f 629/699/532 628/697/530 643/149/57 169/155/63
f 637/700/533 636/698/531 646/153/61 174/157/65
f 630/701/534 629/699/532 169/155/63 644/159/67
f 638/685/520 637/700/533 174/157/65 647/161/69
f 631/687/522 630/701/534 644/159/67 170/163/71
f 639/686/521 638/685/520 647/161/69 648/165/73
f 632/688/523 631/687/522 170/163/71 645/167/75
f 640/689/524 639/686/521 648/165/73 649/169/77
f 633/690/525 632/688/523 645/167/75 171/171/79
f 641/691/526 640/689/524 649/169/77 650/173/81
f 634/692/527 633/690/525 171/171/79 172/146/54
f 627/694/528 250/702/83 642/150/58
f 476/703/84 641/691/526 650/173/81
f 635/696/529 634/692/527 172/146/54 173/145/53
o kula_gluggar_adal_hlid
v 0.116057 5.150284 2.084280
v 0.115562 5.657116 2.396890
v 0.367522 5.161342 2.066751
v 0.367026 5.668174 2.379360
v -0.346242 3.523606 1.527154
v -0.344518 4.118721 1.548098
v -0.094776 3.523606 1.506450
v -0.093052 4.118721 1.527394
v 0.107129 3.523609 1.587642
v 0.108853 4.118724 1.608586
v 0.358595 3.523609 1.566938
v 0.360319 4.118724 1.587882
v 0.110035 4.353204 1.735183
v 0.111760 4.932865 1.871539
v 0.361501 4.357233 1.714874
v 0.363226 4.936894 1.851230
v -0.314087 4.347479 1.692736
v -0.312363 4.927141 1.829092
v -0.062621 4.351508 1.672428
v -0.060897 4.931170 1.808784
v -0.308173 5.143183 2.056988
v -0.308669 5.650015 2.369597
v -0.056709 5.154241 2.039458
v -0.057204 5.661073 2.352068
vn -0.0821 0.5231 -0.8483
vn -0.0820 0.0353 -0.9960
vn -0.0820 0.2284 -0.9701
vt 0.000000 0.000000
vt 1.000000 0.000000
vt 1.000000 1.000000
vt 0.000000 1.000000
s 0
usemtl Material.045
f 651/704/535 652/705/535 654/706/535 653/707/535
usemtl Material.050
f 655/704/536 656/705/536 658/706/536 657/707/536
usemtl Material.049
f 659/704/536 660/705/536 662/706/536 661/707/536
usemtl Material.047
f 663/704/537 664/705/537 666/706/537 665/707/537
usemtl Material.048
f 667/704/537 668/705/537 670/706/537 669/707/537
usemtl Material.046
f 671/704/535 672/705/535 674/706/535 673/707/535
o kula_v_hlid_gluggar
v 3.775041 3.696341 5.062529
v 3.667245 4.281954 5.068997
v 3.851843 3.707827 5.302598
v 3.744047 4.293439 5.309066
v 3.819331 3.702967 5.517721
v 3.711535 4.288579 5.524189
v 3.896132 3.714453 5.757790
v 3.788337 4.300065 5.764258
v 3.557318 4.508926 5.568292
v 3.324174 5.056837 5.574760
v 3.629755 4.536915 5.808362
v 3.396611 5.084826 5.814829
v 3.500820 4.518809 5.144169
v 3.267676 5.066720 5.150637
v 3.573257 4.546798 5.384239
v 3.340113 5.094708 5.390707
v 3.108955 5.276911 5.617419
v 2.750045 5.752038 5.623887
v 3.172456 5.321611 5.857489
v 2.813545 5.796738 5.863956
v 3.051746 5.272815 5.193296
v 2.692835 5.747941 5.199764
v 3.115246 5.317515 5.433365
v 2.756336 5.792642 5.439833
vn 0.9352 0.1755 -0.3076
vn 0.8742 0.3756 -0.3076
vn 0.7572 0.5762 -0.3076
vt 0.000000 0.000000
vt 1.000000 0.000000
vt 1.000000 1.000000
vt 0.000000 1.000000
s 0
usemtl Material.040
f 675/708/538 676/709/538 678/710/538 677/711/538
usemtl Material.039
f 679/708/538 680/709/538 682/710/538 681/711/538
usemtl Material.041
f 683/708/539 684/709/539 686/710/539 685/711/539
usemtl Material.042
f 687/708/539 688/709/539 690/710/539 689/711/539
usemtl Material.043
f 691/708/540 692/709/540 694/710/540 693/711/540
usemtl Material.044
f 695/708/540 696/709/540 698/710/540 697/711/540
o kula_h_hlid_gluggar
v -3.265788 5.302116 5.517615
v -2.946470 5.804748 5.518356
v -3.258112 5.297612 5.265455
v -2.938793 5.800243 5.266197
v -3.832244 3.758083 5.505831
v -3.774305 4.350744 5.506572
v -3.823361 3.757530 5.253671
v -3.765422 4.350191 5.254412
v -3.777591 3.751053 5.062669
v -3.719651 4.343714 5.063410
v -3.768707 3.750500 4.810509
v -3.710768 4.343161 4.811250
v -3.687263 4.542284 5.084245
v -3.394814 5.061011 5.084986
v -3.679360 4.538189 4.832085
v -3.386911 5.056916 4.832827
v -3.709436 4.569817 5.499689
v -3.416987 5.088543 5.500431
v -3.701533 4.565722 5.247529
v -3.409084 5.084448 5.248271
v -3.253549 5.265118 5.102170
v -2.934230 5.767750 5.102911
v -3.245872 5.260613 4.850010
v -2.926554 5.763245 4.850751
vn -0.8435 0.5359 -0.0353
vn -0.9946 0.0973 -0.0353
vn -0.8705 0.4908 -0.0353
vt 0.000000 0.000000
vt 1.000000 0.000000
vt 1.000000 1.000000
vt 0.000000 1.000000
s 0
usemtl Material
f 699/712/541 700/713/541 702/714/541 701/715/541
usemtl Material.032
f 703/712/542 704/713/542 706/714/542 705/715/542
usemtl Material.031
f 707/712/542 708/713/542 710/714/542 709/715/542
usemtl Material.029
f 711/712/543 712/713/543 714/714/543 713/715/543
usemtl Material.028
f 715/712/543 716/713/543 718/714/543 717/715/543
usemtl Material.030
f 719/712/541 720/713/541 722/714/541 721/715/541
o kula_gluggar_aftari_hlid
v 0.627165 3.487611 9.183571
v 0.642031 4.073712 9.079322
v 0.375157 3.491920 9.171861
v 0.390023 4.078021 9.067612
v 0.191361 3.505630 9.184741
v 0.192875 4.090629 9.073484
v -0.060745 3.504340 9.174524
v -0.059231 4.089338 9.063268
v 0.215000 4.261899 8.981603
v 0.216514 4.841390 8.844520
v -0.037107 4.260157 8.971453
v -0.035593 4.839648 8.834370
v 0.629925 4.263091 8.954843
v 0.631439 4.842582 8.817760
v 0.377818 4.261349 8.944694
v 0.379333 4.840840 8.807611
v 0.234842 4.998424 8.727932
v 0.236356 5.516462 8.434268
v -0.017264 4.993913 8.718674
v -0.015750 5.511950 8.425011
v 0.649768 5.024717 8.712857
v 0.651282 5.542755 8.419193
v 0.397661 5.020206 8.703599
v 0.399176 5.538244 8.409936
vn -0.0427 0.1760 0.9835
vn -0.0407 0.1868 0.9816
vn -0.0407 0.2301 0.9723
vn -0.0407 0.4928 0.8692
vt 0.000000 0.000000
vt 1.000000 0.000000
vt 1.000000 1.000000
vt 0.000000 1.000000
s 0
usemtl Material.037
f 723/716/544 724/717/544 726/718/544 725/719/544
usemtl Material.038
f 727/716/545 728/717/545 730/718/545 729/719/545
usemtl Material.035
f 731/716/546 732/717/546 734/718/546 733/719/546
usemtl Material.036
f 735/716/546 736/717/546 738/718/546 737/719/546
usemtl Material.034
f 739/716/547 740/717/547 742/718/547 741/719/547
usemtl Material.033
f 743/716/547 744/717/547 746/718/547 745/719/547
o hurd_v_megin
v 3.973296 0.567052 10.507884
v 3.973296 2.376913 10.507884
v 3.973296 0.567052 9.644748
v 3.973296 2.376913 9.644748
v 4.114088 0.567052 10.507884
v 4.114088 2.376913 10.507884
v 4.114088 0.567052 9.644748
v 4.114088 2.376913 9.644748
vn -1.0000 -0.0000 -0.0000
vn -0.0000 -0.0000 -1.0000
vn 1.0000 -0.0000 -0.0000
vn -0.0000 -0.0000 1.0000
vn -0.0000 -1.0000 -0.0000
vn -0.0000 1.0000 -0.0000
vt 0.375000 0.000000
vt 0.625000 0.000000
vt 0.625000 0.250000
vt 0.375000 0.250000
vt 0.625000 0.500000
vt 0.375000 0.500000
vt 0.625000 0.750000
vt 0.375000 0.750000
vt 0.625000 1.000000
vt 0.375000 1.000000
vt 0.125000 0.500000
vt 0.125000 0.750000
vt 0.875000 0.500000
vt 0.875000 0.750000
s 0
usemtl Material.061
f 747/720/548 748/721/548 750/722/548 749/723/548
f 749/723/549 750/722/549 754/724/549 753/725/549
f 753/725/550 754/724/550 752/726/550 751/727/550
f 751/727/551 752/726/551 748/728/551 747/729/551
f 749/730/552 753/725/552 751/727/552 747/731/552
f 754/724/553 750/732/553 748/733/553 752/726/553
o Cube.009
v 4.093640 -0.016861 9.574154
v 4.093640 0.650053 9.574154
v 4.093640 -0.016861 9.467422
v 4.093640 0.650053 9.467422
v 5.366991 -0.016861 9.574154
v 5.366991 0.650053 9.574154
v 5.366991 -0.016861 9.467422
v 5.366991 0.650053 9.467422
vn -1.0000 -0.0000 -0.0000
vn -0.0000 -0.0000 -1.0000
vn 1.0000 -0.0000 -0.0000
vn -0.0000 -0.0000 1.0000
vn -0.0000 -1.0000 -0.0000
vn -0.0000 1.0000 -0.0000
vt 0.375000 0.000000
vt 0.625000 0.000000
vt 0.625000 0.250000
vt 0.375000 0.250000
vt 0.625000 0.500000
vt 0.375000 0.500000
vt 0.625000 0.750000
vt 0.375000 0.750000
vt 0.625000 1.000000
vt 0.375000 1.000000
vt 0.125000 0.500000
vt 0.125000 0.750000
vt 0.875000 0.500000
vt 0.875000 0.750000
s 0
f 755/734/554 756/735/554 758/736/554 757/737/554
f 757/737/555 758/736/555 762/738/555 761/739/555
f 761/739/556 762/738/556 760/740/556 759/741/556
f 759/741/557 760/740/557 756/742/557 755/743/557
f 757/744/558 761/739/558 759/741/558 755/745/558
f 762/738/559 758/746/559 756/747/559 760/740/559
o hlid_v_minus_90_adal
v 3.740030 1.134178 4.151040
v 3.740030 1.865822 4.151040
v 3.740030 1.134178 3.751040
v 3.740030 1.865822 3.751040
v 4.140030 1.134178 4.151040
v 4.140030 1.865822 4.151040
v 4.140030 1.134178 3.751040
v 4.140030 1.865822 3.751040
v 3.843889 1.134178 5.551626
v 3.843889 1.865822 5.551626
v 3.843889 1.134178 5.151627
v 3.843889 1.865822 5.151627
v 4.136171 1.134178 5.551626
v 4.136171 1.865822 5.551626
v 4.136171 1.134178 5.151627
v 4.136171 1.865822 5.151627
v 3.728928 1.134178 4.867546
v 3.728928 1.865822 4.867546
v 3.728928 1.134178 4.467546
v 3.728928 1.865822 4.467546
v 4.128928 1.134178 4.867546
v 4.128928 1.865822 4.867546
v 4.128928 1.134178 4.467546
v 4.128928 1.865822 4.467546
v 4.008784 1.304708 6.914277
v 4.008784 1.889238 6.914277
v 4.008784 1.304708 6.514277
v 4.008784 1.889238 6.514277
v 4.128339 1.304708 6.914277
v 4.128339 1.889238 6.914277
v 4.128339 1.304708 6.514277
v 4.128339 1.889238 6.514277
v 3.992763 1.312491 7.539871
v 3.992763 1.897021 7.539871
v 3.992763 1.312491 7.139871
v 3.992763 1.897021 7.139871
v 4.120850 1.312491 7.539871
v 4.120850 1.897021 7.539871
v 4.120850 1.312491 7.139871
v 4.120850 1.897021 7.139871
vn -1.0000 -0.0000 -0.0000
vn -0.0000 -0.0000 -1.0000
vn 1.0000 -0.0000 -0.0000
vn -0.0000 -0.0000 1.0000
vn -0.0000 -1.0000 -0.0000
vn -0.0000 1.0000 -0.0000
vt 0.375000 0.000000
vt 0.625000 0.000000
vt 0.625000 0.250000
vt 0.375000 0.250000
vt 0.625000 0.500000
vt 0.375000 0.500000
vt 0.625000 0.750000
vt 0.375000 0.750000
vt 0.625000 1.000000
vt 0.375000 1.000000
vt 0.125000 0.500000
vt 0.125000 0.750000
vt 0.875000 0.500000
vt 0.875000 0.750000
s 0
usemtl Material.024
f 763/748/560 764/749/560 766/750/560 765/751/560
f 765/751/561 766/750/561 770/752/561 769/753/561
f 769/753/562 770/752/562 768/754/562 767/755/562
f 767/755/563 768/754/563 764/756/563 763/757/563
f 765/758/564 769/753/564 767/755/564 763/759/564
f 770/752/565 766/760/565 764/761/565 768/754/565
f 771/748/560 772/749/560 774/750/560 773/751/560
f 773/751/561 774/750/561 778/752/561 777/753/561
f 777/753/562 778/752/562 776/754/562 775/755/562
f 775/755/563 776/754/563 772/756/563 771/757/563
f 773/758/564 777/753/564 775/755/564 771/759/564
f 778/752/565 774/760/565 772/761/565 776/754/565
f 779/748/560 780/749/560 782/750/560 781/751/560
f 781/751/561 782/750/561 786/752/561 785/753/561
f 785/753/562 786/752/562 784/754/562 783/755/562
f 783/755/563 784/754/563 780/756/563 779/757/563
f 781/758/564 785/753/564 783/755/564 779/759/564
f 786/752/565 782/760/565 780/761/565 784/754/565
f 787/748/560 788/749/560 790/750/560 789/751/560
f 789/751/561 790/750/561 794/752/561 793/753/561
f 793/753/562 794/752/562 792/754/562 791/755/562
f 791/755/563 792/754/563 788/756/563 787/757/563
f 789/758/564 793/753/564 791/755/564 787/759/564
f 794/752/565 790/760/565 788/761/565 792/754/565
f 795/748/560 796/749/560 798/750/560 797/751/560
f 797/751/561 798/750/561 802/752/561 801/753/561
f 801/753/562 802/752/562 800/754/562 799/755/562
f 799/755/563 800/754/563 796/756/563 795/757/563
f 797/758/564 801/753/564 799/755/564 795/759/564
f 802/752/565 798/760/565 796/761/565 800/754/565
o Cube.013
v 15.337899 1.055855 15.966616
v 15.339278 1.496666 15.955479
v 14.967739 1.053184 15.815042
v 14.969117 1.493994 15.803906
v 15.383185 1.052921 15.856072
v 15.384563 1.493731 15.844936
v 15.013024 1.050250 15.704500
v 15.014403 1.491060 15.693363
vn -0.3790 0.0246 0.9251
vn -0.9254 -0.0067 -0.3789
vn 0.3790 -0.0246 -0.9251
vn 0.9254 0.0067 0.3789
vn -0.0031 -0.9997 0.0253
vn 0.0031 0.9997 -0.0253
vt 0.375000 0.000000
vt 0.625000 0.000000
vt 0.625000 0.250000
vt 0.375000 0.250000
vt 0.625000 0.500000
vt 0.375000 0.500000
vt 0.625000 0.750000
vt 0.375000 0.750000
vt 0.625000 1.000000
vt 0.375000 1.000000
vt 0.125000 0.500000
vt 0.125000 0.750000
vt 0.875000 0.500000
vt 0.875000 0.750000
s 0
usemtl Material.024
f 803/762/566 804/763/566 806/764/566 805/765/566
f 805/765/567 806/764/567 810/766/567 809/767/567
f 809/767/568 810/766/568 808/768/568 807/769/568
f 807/769/569 808/768/569 804/770/569 803/771/569
f 805/772/570 809/767/570 807/769/570 803/773/570
f 810/766/571 806/774/571 804/775/571 808/768/571
o hlid_h_gluggar
v -4.113368 1.825825 2.906887
v -4.113368 2.410355 2.906887
v -4.113368 1.825825 2.506887
v -4.113368 2.410355 2.506887
v -3.993813 1.825825 2.906887
v -3.993813 2.410355 2.906887
v -3.993813 1.825825 2.506887
v -3.993813 2.410355 2.506887
v -4.133590 1.764686 8.099951
v -4.133590 2.364686 8.099951
v -4.133590 1.764686 7.499951
v -4.133590 2.364686 7.499951
v -3.933589 1.764686 8.099951
v -3.933589 2.364686 8.099951
v -3.933589 1.764686 7.499951
v -3.933589 2.364686 7.499951
v -4.133590 1.771398 7.271305
v -4.133590 2.371398 7.271305
v -4.133590 1.771398 6.671305
v -4.133590 2.371398 6.671305
v -3.933589 1.771398 7.271305
v -3.933589 2.371398 7.271305
v -3.933589 1.771398 6.671305
v -3.933589 2.371398 6.671305
v -4.133590 1.777259 6.456892
v -4.133590 2.377259 6.456892
v -4.133590 1.777259 5.856893
v -4.133590 2.377259 5.856893
v -3.933589 1.777259 6.456892
v -3.933589 2.377259 6.456892
v -3.933589 1.777259 5.856893
v -3.933589 2.377259 5.856893
v -4.117634 1.833608 3.532481
v -4.117634 2.418138 3.532481
v -4.117634 1.833608 3.132481
v -4.117634 2.418138 3.132481
v -3.989547 1.833608 3.532481
v -3.989547 2.418138 3.532481
v -3.989547 1.833608 3.132481
v -3.989547 2.418138 3.132481
vn -1.0000 -0.0000 -0.0000
vn -0.0000 -0.0000 -1.0000
vn 1.0000 -0.0000 -0.0000
vn -0.0000 -0.0000 1.0000
vn -0.0000 -1.0000 -0.0000
vn -0.0000 1.0000 -0.0000
vt 0.375000 0.000000
vt 0.625000 0.000000
vt 0.625000 0.250000
vt 0.375000 0.250000
vt 0.625000 0.500000
vt 0.375000 0.500000
vt 0.625000 0.750000
vt 0.375000 0.750000
vt 0.625000 1.000000
vt 0.375000 1.000000
vt 0.125000 0.500000
vt 0.125000 0.750000
vt 0.875000 0.500000
vt 0.875000 0.750000
s 0
usemtl Material.024
f 811/776/572 812/777/572 814/778/572 813/779/572
f 813/779/573 814/778/573 818/780/573 817/781/573
f 817/781/574 818/780/574 816/782/574 815/783/574
f 815/783/575 816/782/575 812/784/575 811/785/575
f 813/786/576 817/781/576 815/783/576 811/787/576
f 818/780/577 814/788/577 812/789/577 816/782/577
f 843/776/572 844/777/572 846/778/572 845/779/572
f 845/779/573 846/778/573 850/780/573 849/781/573
f 849/781/574 850/780/574 848/782/574 847/783/574
f 847/783/575 848/782/575 844/784/575 843/785/575
f 845/786/576 849/781/576 847/783/576 843/787/576
f 850/780/577 846/788/577 844/789/577 848/782/577
usemtl Material.018
f 819/776/572 820/777/572 822/778/572 821/779/572
f 821/779/573 822/778/573 826/780/573 825/781/573
f 825/781/574 826/780/574 824/782/574 823/783/574
f 823/783/575 824/782/575 820/784/575 819/785/575
f 821/786/576 825/781/576 823/783/576 819/787/576
f 826/780/577 822/788/577 820/789/577 824/782/577
usemtl Material.019
f 827/776/572 828/777/572 830/778/572 829/779/572
f 829/779/573 830/778/573 834/780/573 833/781/573
f 833/781/574 834/780/574 832/782/574 831/783/574
f 831/783/575 832/782/575 828/784/575 827/785/575
f 829/786/576 833/781/576 831/783/576 827/787/576
f 834/780/577 830/788/577 828/789/577 832/782/577
usemtl Material.017
f 835/776/572 836/777/572 838/778/572 837/779/572
f 837/779/573 838/778/573 842/780/573 841/781/573
f 841/781/574 842/780/574 840/782/574 839/783/574
f 839/783/575 840/782/575 836/784/575 835/785/575
f 837/786/576 841/781/576 839/783/576 835/787/576
f 842/780/577 838/788/577 836/789/577 840/782/577
o Plane.032
v -4.752517 0.000000 4.462770
v -4.089740 0.000000 4.462770
v -4.752517 0.000000 2.666030
v -4.089740 0.000000 2.666030
vn -0.0000 1.0000 -0.0000
vt 0.000000 0.000000
vt 1.000000 0.000000
vt 1.000000 1.000000
vt 0.000000 1.000000
s 0
usemtl Material.054
f 851/790/578 852/791/578 854/792/578 853/793/578
o hurdar_komar_her
v -4.017393 -0.010061 10.669404
v -4.017393 2.711388 10.669404
v -4.017393 -0.010061 9.531671
v -4.017393 2.711388 9.531671
v 4.050541 -0.010061 10.669404
v 4.050541 2.711388 10.669404
v 4.050541 -0.010061 9.531671
v 4.050541 2.711388 9.531671
vn -1.0000 -0.0000 -0.0000
vn -0.0000 -0.0000 -1.0000
vn 1.0000 -0.0000 -0.0000
vn -0.0000 -0.0000 1.0000
vn -0.0000 -1.0000 -0.0000
vn -0.0000 1.0000 -0.0000
vt 0.375000 0.000000
vt 0.625000 0.000000
vt 0.625000 0.250000
vt 0.375000 0.250000
vt 0.625000 0.500000
vt 0.375000 0.500000
vt 0.625000 0.750000
vt 0.375000 0.750000
vt 0.625000 1.000000
vt 0.375000 1.000000
vt 0.125000 0.500000
vt 0.125000 0.750000
vt 0.875000 0.500000
vt 0.875000 0.750000
s 0
usemtl Material.060
f 855/794/579 856/795/579 858/796/579 857/797/579
f 857/797/580 858/796/580 862/798/580 861/799/580
f 861/799/581 862/798/581 860/800/581 859/801/581
f 859/801/582 860/800/582 856/802/582 855/803/582
f 857/804/583 861/799/583 859/801/583 855/805/583
f 862/798/584 858/806/584 856/807/584 860/800/584
o stigi_v_megin
v 4.902430 -0.007794 11.508479
v 4.902430 0.153835 11.508479
v 4.902430 -0.007794 9.528769
v 4.902430 0.153835 9.528769
v 5.075305 -0.007794 11.508479
v 5.075305 0.153835 11.508479
v 5.075305 -0.007794 9.528769
v 5.075305 0.153835 9.528769
v 4.067897 -0.014390 11.435333
v 4.067897 0.514390 11.435333
v 4.067897 -0.014390 9.547322
v 4.067897 0.514390 9.547322
v 4.718475 -0.014390 11.435333
v 4.718475 0.514390 11.435333
v 4.718475 -0.014390 9.547322
v 4.718475 0.514390 9.547322
v 4.709007 0.032031 11.207275
v 4.709007 0.312032 11.207275
v 4.709007 0.032031 9.537892
v 4.709007 0.312032 9.537892
v 4.881881 0.032031 11.207275
v 4.881881 0.312032 11.207275
v 4.881881 0.032031 9.537892
v 4.881881 0.312032 9.537892
vn -1.0000 -0.0000 -0.0000
vn -0.0000 -0.0000 -1.0000
vn 1.0000 -0.0000 -0.0000
vn -0.0000 -0.0000 1.0000
vn -0.0000 -1.0000 -0.0000
vn -0.0000 1.0000 -0.0000
vt 0.375000 0.000000
vt 0.625000 0.000000
vt 0.625000 0.250000
vt 0.375000 0.250000
vt 0.625000 0.500000
vt 0.375000 0.500000
vt 0.625000 0.750000
vt 0.375000 0.750000
vt 0.625000 1.000000
vt 0.375000 1.000000
vt 0.125000 0.500000
vt 0.125000 0.750000
vt 0.875000 0.500000
vt 0.875000 0.750000
s 0
usemtl Material.062
f 863/808/585 864/809/585 866/810/585 865/811/585
f 865/811/586 866/810/586 870/812/586 869/813/586
f 869/813/587 870/812/587 868/814/587 867/815/587
f 867/815/588 868/814/588 864/816/588 863/817/588
f 865/818/589 869/813/589 867/815/589 863/819/589
f 870/812/590 866/820/590 864/821/590 868/814/590
f 871/808/585 872/809/585 874/810/585 873/811/585
f 873/811/586 874/810/586 878/812/586 877/813/586
f 877/813/587 878/812/587 876/814/587 875/815/587
f 875/815/588 876/814/588 872/816/588 871/817/588
f 873/818/589 877/813/589 875/815/589 871/819/589
f 878/812/590 874/820/590 872/821/590 876/814/590
f 879/808/585 880/809/585 882/810/585 881/811/585
f 881/811/586 882/810/586 886/812/586 885/813/586
f 885/813/587 886/812/587 884/814/587 883/815/587
f 883/815/588 884/814/588 880/816/588 879/817/588
f 881/818/589 885/813/589 883/815/589 879/819/589
f 886/812/590 882/820/590 880/821/590 884/814/590
o hurdÖh_megin.023
v -4.116315 0.655211 9.669309
v -4.116315 2.388705 9.669309
v -4.057033 0.655211 10.530406
v -4.057033 2.388705 10.530406
v -4.256774 0.655211 9.678979
v -4.256774 2.388705 9.678979
v -4.197493 0.655211 10.540076
v -4.197493 2.388705 10.540076
vn 0.9976 -0.0000 -0.0687
vn 0.0687 -0.0000 0.9976
vn -0.9976 -0.0000 0.0687
vn -0.0687 -0.0000 -0.9976
vn -0.0000 -1.0000 -0.0000
vn -0.0000 1.0000 -0.0000
vt 0.375000 0.000000
vt 0.625000 0.000000
vt 0.625000 0.250000
vt 0.375000 0.250000
vt 0.625000 0.500000
vt 0.375000 0.500000
vt 0.625000 0.750000
vt 0.375000 0.750000
vt 0.625000 1.000000
vt 0.375000 1.000000
vt 0.125000 0.500000
vt 0.125000 0.750000
vt 0.875000 0.500000
vt 0.875000 0.750000
s 0
usemtl Material.059
f 887/822/591 888/823/591 890/824/591 889/825/591
f 889/825/592 890/824/592 894/826/592 893/827/592
f 893/827/593 894/826/593 892/828/593 891/829/593
f 891/829/594 892/828/594 888/830/594 887/831/594
f 889/832/595 893/827/595 891/829/595 887/833/595
f 894/826/596 890/834/596 888/835/596 892/828/596
o Cube.024
v -4.016661 -0.007364 9.392373
v -4.016661 0.659550 9.392373
v -4.009326 -0.007364 9.498907
v -4.009326 0.659550 9.498907
v -5.418638 -0.007364 9.488892
v -5.418638 0.659550 9.488892
v -5.411304 -0.007364 9.595426
v -5.411304 0.659550 9.595426
vn 0.9976 -0.0000 -0.0687
vn 0.0687 -0.0000 0.9976
vn -0.9976 -0.0000 0.0687
vn -0.0687 -0.0000 -0.9976
vn -0.0000 -1.0000 -0.0000
vn -0.0000 1.0000 -0.0000
vt 0.375000 0.000000
vt 0.625000 0.000000
vt 0.625000 0.250000
vt 0.375000 0.250000
vt 0.625000 0.500000
vt 0.375000 0.500000
vt 0.625000 0.750000
vt 0.375000 0.750000
vt 0.625000 1.000000
vt 0.375000 1.000000
vt 0.125000 0.500000
vt 0.125000 0.750000
vt 0.875000 0.500000
vt 0.875000 0.750000
s 0
usemtl Material.057
f 895/836/597 896/837/597 898/838/597 897/839/597
f 897/839/598 898/838/598 902/840/598 901/841/598
f 901/841/599 902/840/599 900/842/599 899/843/599
f 899/843/600 900/842/600 896/844/600 895/845/600
f 897/846/601 901/841/601 899/843/601 895/847/601
f 902/840/602 898/848/602 896/849/602 900/842/602
o stigi_h_megin
v -5.189008 -0.001864 9.557472
v -5.189008 0.159764 9.557472
v -5.008628 -0.001864 12.177578
v -5.008628 0.159764 12.177578
v -5.362229 -0.001864 9.569397
v -5.362229 0.159764 9.569397
v -5.181849 -0.001864 12.189503
v -5.181849 0.159764 12.189503
v -4.300679 -0.001687 9.460071
v -4.300679 0.527093 9.460071
v -4.143656 -0.001687 11.740909
v -4.143656 0.527093 11.740909
v -4.951929 -0.001687 9.504906
v -4.951929 0.527093 9.504906
v -4.794906 -0.001687 11.785744
v -4.794906 0.527093 11.785744
v -4.979023 0.038741 9.515326
v -4.979023 0.324985 9.515326
v -4.817261 0.038741 11.865000
v -4.817261 0.324985 11.865000
v -5.156127 0.038741 9.527519
v -5.156127 0.324985 9.527519
v -4.994365 0.038741 11.877192
v -4.994365 0.324985 11.877192
vn 0.9976 -0.0000 -0.0687
vn 0.0687 -0.0000 0.9976
vn -0.9976 -0.0000 0.0687
vn -0.0687 -0.0000 -0.9976
vn -0.0000 -1.0000 -0.0000
vn -0.0000 1.0000 -0.0000
vt 0.375000 0.000000
vt 0.625000 0.000000
vt 0.625000 0.250000
vt 0.375000 0.250000
vt 0.625000 0.500000
vt 0.375000 0.500000
vt 0.625000 0.750000
vt 0.375000 0.750000
vt 0.625000 1.000000
vt 0.375000 1.000000
vt 0.125000 0.500000
vt 0.125000 0.750000
vt 0.875000 0.500000
vt 0.875000 0.750000
s 0
usemtl Material.058
f 903/850/603 904/851/603 906/852/603 905/853/603
f 905/853/604 906/852/604 910/854/604 909/855/604
f 909/855/605 910/854/605 908/856/605 907/857/605
f 907/857/606 908/856/606 904/858/606 903/859/606
f 905/860/607 909/855/607 907/857/607 903/861/607
f 910/854/608 906/862/608 904/863/608 908/856/608
f 911/850/603 912/851/603 914/852/603 913/853/603
f 913/853/604 914/852/604 918/854/604 917/855/604
f 917/855/605 918/854/605 916/856/605 915/857/605
f 915/857/606 916/856/606 912/858/606 911/859/606
f 913/860/607 917/855/607 915/857/607 911/861/607
f 918/854/608 914/862/608 912/863/608 916/856/608
f 919/850/603 920/851/603 922/852/603 921/853/603
f 921/853/604 922/852/604 926/854/604 925/855/604
f 925/855/605 926/854/605 924/856/605 923/857/605
f 923/857/606 924/856/606 920/858/606 919/859/606
f 921/860/607 925/855/607 923/857/607 919/861/607
f 926/854/608 922/862/608 920/863/608 924/856/608
o Cube.028
v -7.665138 0.642074 12.855407
v -7.665138 1.042074 12.855407
v -7.719456 0.642074 12.662924
v -7.719456 1.042074 12.662924
v -7.280173 0.642074 12.746771
v -7.280173 1.042074 12.746771
v -7.334491 0.642074 12.554288
v -7.334491 1.042074 12.554288
vn -0.9624 -0.0000 0.2716
vn -0.2716 -0.0000 -0.9624
vn 0.9624 -0.0000 -0.2716
vn 0.2716 -0.0000 0.9624
vn -0.0000 -1.0000 -0.0000
vn -0.0000 1.0000 -0.0000
vt 0.375000 0.000000
vt 0.625000 0.000000
vt 0.625000 0.250000
vt 0.375000 0.250000
vt 0.625000 0.500000
vt 0.375000 0.500000
vt 0.625000 0.750000
vt 0.375000 0.750000
vt 0.625000 1.000000
vt 0.375000 1.000000
vt 0.125000 0.500000
vt 0.125000 0.750000
vt 0.875000 0.500000
vt 0.875000 0.750000
s 0
f 927/864/609 928/865/609 930/866/609 929/867/609
f 929/867/610 930/866/610 934/868/610 933/869/610
f 933/869/611 934/868/611 932/870/611 931/871/611
f 931/871/612 932/870/612 928/872/612 927/873/612
f 929/874/613 933/869/613 931/871/613 927/875/613
f 934/868/614 930/876/614 928/877/614 932/870/614
o thak
v -7.649642 4.052438 12.762765
v -4.125418 2.886469 11.272675
v -8.186602 2.139291 12.989799
v -4.662378 0.973323 11.499708
v -6.870772 4.052438 14.604874
v -3.346549 2.886469 13.114782
v -7.407732 2.139291 14.831907
v -3.883509 0.973323 13.341817
v -17.401051 2.549765 16.793297
v -9.309703 5.940474 13.417922
v -15.736509 -2.113618 16.098919
v -7.645162 1.277091 12.723544
v -16.631046 2.549765 18.639128
v -8.539699 5.940474 15.263753
v -14.966505 -2.113617 17.944752
v -6.875157 1.277091 14.569376
v 7.410587 4.003609 14.603638
v 3.796176 2.856801 13.330504
v 7.823267 2.139290 14.924553
v 4.307439 0.973322 13.414763
v 8.052332 4.082105 12.711020
v 4.437922 2.935297 11.437888
v 8.612432 2.139291 13.086832
v 5.096605 0.973322 11.577043
v 16.949053 2.549765 18.936127
v 8.753939 5.957219 15.438068
v 15.295269 -2.113618 18.216509
v 7.134187 1.290662 14.718452
v 17.747046 2.549765 17.102219
v 9.707973 5.940474 13.604162
v 16.093258 -2.113618 16.382603
v 8.054186 1.277090 12.884547
v 0.132476 4.052437 18.005955
v -0.235560 2.886469 14.197403
v 0.188551 2.139291 18.586235
v -0.179485 0.973322 14.777684
v 2.123203 4.052437 17.813583
v 1.755167 2.886469 14.005031
v 2.179278 2.139291 18.393864
v 1.811242 0.973322 14.585312
v 1.062553 2.549765 28.516434
v 0.261236 5.940474 19.785971
v 0.897707 -2.113618 26.720413
v 0.096390 1.277090 17.989952
v 3.054183 2.549765 28.333633
v 2.252864 5.940474 19.603170
v 2.889336 -2.113618 26.537613
v 2.088018 1.277090 17.807152
v -2.938470 4.052437 17.375074
v -1.760484 2.886469 13.734625
v -3.117950 2.139291 17.929743
v -1.939965 0.973323 14.289293
v -1.035610 4.052437 17.990807
v 0.142375 2.886469 14.350356
v -1.215090 2.139291 18.545475
v -0.037106 0.973322 14.905025
v -6.267883 2.549765 27.387575
v -3.528707 5.940474 19.059311
v -5.704384 -2.113617 25.674297
v -2.965206 1.277090 17.346031
v -4.368006 2.549766 28.012447
v -1.628829 5.940474 19.684183
v -3.804507 -2.113617 26.299170
v -1.065329 1.277090 17.970903
v 3.343763 4.052437 17.532566
v 1.612669 2.886469 14.120260
v 3.607517 2.139291 18.052475
v 1.876423 0.973322 14.640169
v 5.127372 4.052437 16.627724
v 3.414045 2.862543 13.335300
v 5.391126 2.139291 17.147633
v 3.660032 0.973322 13.735328
v 8.041367 2.549766 26.980722
v 4.112556 5.940474 19.143154
v 7.233137 -2.113618 25.368393
v 3.304327 1.277090 17.530819
v 9.829306 2.549765 26.084469
v 6.006509 5.940474 18.246899
v 9.021076 -2.113618 24.472134
v 5.144451 1.277090 16.634563
v 6.227947 4.052437 15.994934
v 3.215110 2.880447 13.683601
v 6.688457 2.139291 16.352428
v 3.665998 0.973322 14.006098
v 7.531788 4.022608 14.338017
v 4.417270 2.895372 12.086594
v 7.914881 2.139291 14.772593
v 4.892423 0.973323 12.426262
v 14.346825 2.567357 22.532364
v 7.543883 5.958064 17.123003
v 13.090954 -2.113618 21.419556
v 6.109476 1.294682 16.010195
v 15.580830 2.567357 20.958441
v 8.681416 5.958066 15.549080
v 14.324959 -2.113618 19.845634
v 7.262078 1.294682 14.436274
v -4.402554 4.052437 16.658251
v -2.518804 2.886469 13.327784
v -4.689567 2.139291 17.165689
v -2.805817 0.973322 13.835222
v -2.661722 4.052437 17.642883
v -0.777972 2.886469 14.312418
v -2.948735 2.139291 18.150322
v -1.064986 0.973323 14.819857
v -9.671250 2.549766 25.800243
v -5.318391 5.940473 18.190006
v -8.775785 -2.113617 24.234676
v -4.422927 1.277090 16.624437
v -7.935170 2.549765 26.793236
v -3.582314 5.940474 19.182999
v -7.039707 -2.113618 25.227667
v -2.686849 1.277090 17.617430
v -5.806187 4.052438 15.592148
v -3.283796 2.886469 12.714985
v -6.190504 2.139291 16.030519
v -3.668114 0.973322 13.153357
v -4.302296 4.052438 16.910599
v -1.779906 2.886469 14.033436
v -4.686614 2.139291 17.348972
v -2.164224 0.973322 14.471808
v -12.825876 2.549766 23.469913
v -7.014713 5.940474 16.905350
v -11.630409 -2.113618 22.119459
v -5.819249 1.277090 15.554895
v -11.328341 2.549765 24.795578
v -5.517179 5.940474 18.231014
v -10.132876 -2.113618 23.445126
v -4.321714 1.277090 16.880562
v -1.380369 4.052437 17.770554
v -0.903767 2.886469 13.974060
v -1.452986 2.139291 18.348999
v -0.976384 0.973322 14.552504
v 0.604055 4.052437 18.019674
v 1.080657 2.886469 14.223179
v 0.531438 2.139291 18.598118
v 1.008041 0.973322 14.801623
v -2.779159 2.549765 28.228973
v -1.645318 5.940474 19.535444
v -2.545906 -2.113619 26.440556
v -1.412065 1.277090 17.747023
v -0.795956 2.549765 28.487631
v 0.337886 5.940474 19.794102
v -0.562703 -2.113617 26.699211
v 0.571139 1.277090 18.005678
v 4.710717 4.052437 16.934277
v 2.281449 2.886468 13.978067
v 5.080846 2.139291 17.384693
v 2.651578 0.973322 14.428482
v 6.255926 4.052437 15.664501
v 3.819827 2.875760 12.783421
v 6.625654 2.139291 16.114916
v 4.196787 0.973322 13.158707
v 11.454868 2.549765 25.140274
v 5.921332 5.940473 18.340048
v 10.205376 -2.113618 23.741341
v 4.782979 1.277090 16.941114
v 13.006165 2.549766 23.877941
v 7.335342 5.956003 17.077717
v 11.756670 -2.113618 22.479008
v 6.213096 1.289792 15.678782
v -6.930485 4.052439 14.312207
v -3.940605 2.886471 11.924501
v -7.386031 2.139292 14.676004
v -4.396151 0.973324 12.288299
v -5.682433 4.052439 15.875015
v -2.692553 2.886470 13.487309
v -6.137979 2.139292 16.238811
v -3.148099 0.973324 13.851107
v -15.228401 2.549766 20.829857
v -8.351488 5.940475 15.391921
v -13.813694 -2.113617 19.711174
v -6.936779 1.277092 14.273236
v -13.987877 2.549766 22.398647
v -7.110965 5.940475 16.960711
v -12.573168 -2.113617 21.279963
v -5.696255 1.277092 15.842026
v 1.610278 4.052437 18.026474
v 0.516910 2.886469 14.359722
v 1.776866 2.139291 18.585150
v 0.683498 0.973322 14.918398
v 3.526886 4.052437 17.454971
v 2.433518 2.886469 13.788219
v 3.693473 2.139291 18.013647
v 2.600106 0.973323 14.346895
v 4.543653 2.549765 28.162079
v 2.078846 5.940474 19.748531
v 4.036596 -2.113618 26.431257
v 1.571788 1.277090 18.017706
v 6.462986 2.549765 27.599796
v 3.998178 5.940474 19.186249
v 5.955928 -2.113618 25.868973
v 3.491121 1.277090 17.455423
vn -0.3894 -0.0000 -0.9211
vn -0.2685 -0.9566 0.1135
vn 0.3894 -0.0000 0.9211
vn 0.2685 0.9566 -0.1135
vn -0.8811 0.2915 0.3725
vn 0.8811 -0.2915 -0.3725
vn -0.3850 -0.0000 -0.9229
vn 0.3329 -0.9327 -0.1389
vn 0.3850 -0.0000 0.9229
vn -0.3329 0.9327 0.1389
vn -0.8608 -0.3607 0.3591
vn 0.8608 0.3607 -0.3591
vn -0.3664 0.0102 0.9304
vn 0.2678 -0.9566 0.1150
vn 0.3660 -0.0085 -0.9306
vn -0.2838 0.9572 -0.0565
vn 0.8911 0.2914 0.3479
vn -0.8911 -0.2913 -0.3479
vn -0.3944 -0.0034 0.9189
vn -0.3268 -0.9332 -0.1496
vn 0.3990 -0.0000 -0.9170
vn 0.3256 0.9333 0.1513
vn 0.8552 -0.3607 0.3721
vn -0.8305 0.3573 -0.4273
vn -0.9954 -0.0000 0.0962
vn 0.0280 -0.9566 0.2901
vn 0.9954 -0.0000 -0.0962
vn -0.0280 0.9566 -0.2901
vn 0.0920 0.2915 0.9521
vn -0.0920 -0.2915 -0.9521
vn -0.9958 -0.0000 0.0914
vn -0.0330 -0.9327 -0.3592
vn 0.9958 -0.0000 -0.0914
vn 0.0330 0.9327 0.3592
vn 0.0852 -0.3607 0.9288
vn -0.0852 0.3607 -0.9288
vn -0.9514 -0.0000 -0.3079
vn -0.0897 -0.9566 0.2773
vn 0.9514 -0.0000 0.3079
vn 0.0897 0.9566 -0.2773
vn -0.2945 0.2915 0.9101
vn 0.2945 -0.2915 -0.9101
vn -0.9499 -0.0000 -0.3124
vn 0.1127 -0.9327 -0.3427
vn 0.9499 -0.0000 0.3124
vn -0.1127 0.9327 0.3427
vn -0.2914 -0.3607 0.8860
vn 0.2914 0.3607 -0.8860
vn -0.8918 -0.0000 0.4524
vn 0.1319 -0.9566 0.2600
vn 0.8883 0.0080 -0.4592
vn -0.1221 0.9543 -0.2726
vn 0.4328 0.2915 0.8531
vn -0.4124 -0.2661 -0.8713
vn -0.8940 -0.0000 0.4481
vn -0.1600 -0.9325 -0.3238
vn 0.8963 -0.0072 -0.4434
vn 0.1583 0.9323 0.3251
vn 0.4180 -0.3607 0.8338
vn -0.4033 0.3627 -0.8401
vn -0.6099 -0.0044 0.7925
vn 0.2303 -0.9566 0.1787
vn 0.6054 -0.0253 -0.7955
vn -0.2263 0.9575 -0.1787
vn 0.7552 0.2904 0.5877
vn -0.7609 -0.2848 -0.5830
vn -0.6199 -0.0084 0.7846
vn -0.2860 -0.9334 -0.2168
vn 0.6159 0.0113 -0.7877
vn 0.2893 0.9321 0.2179
vn 0.7410 -0.3369 0.5809
vn -0.7539 0.3616 -0.5485
vn -0.8704 -0.0000 -0.4923
vn -0.1435 -0.9566 0.2537
vn 0.8704 -0.0000 0.4923
vn 0.1435 0.9566 -0.2537
vn -0.4709 0.2915 0.8326
vn 0.4709 -0.2915 -0.8326
vn -0.8680 -0.0000 -0.4965
vn 0.1791 -0.9327 -0.3131
vn 0.8680 -0.0000 0.4965
vn -0.1791 0.9327 0.3131
vn -0.4631 -0.3607 0.8096
vn 0.4631 0.3607 -0.8096
vn -0.7519 -0.0000 -0.6592
vn -0.1922 -0.9566 0.2192
vn 0.7519 -0.0000 0.6592
vn 0.1922 0.9566 -0.2192
vn -0.6306 0.2915 0.7193
vn 0.6306 -0.2915 -0.7193
vn -0.7488 -0.0000 -0.6628
vn 0.2391 -0.9327 -0.2701
vn 0.7488 -0.0000 0.6628
vn -0.2391 0.9327 0.2701
vn -0.6182 -0.3607 0.6984
vn 0.6182 0.3607 -0.6984
vn -0.9922 -0.0000 -0.1246
vn -0.0363 -0.9566 0.2892
vn 0.9922 -0.0000 0.1246
vn 0.0363 0.9566 -0.2892
vn -0.1192 0.2915 0.9491
vn 0.1192 -0.2915 -0.9491
vn -0.9916 -0.0000 -0.1293
vn 0.0467 -0.9327 -0.3577
vn 0.9916 -0.0000 0.1293
vn -0.0467 0.9327 0.3577
vn -0.1206 -0.3607 0.9248
vn 0.1206 0.3607 -0.9248
vn -0.7726 -0.0000 0.6349
vn 0.1851 -0.9566 0.2252
vn 0.7660 0.0108 -0.6427
vn -0.1820 0.9556 -0.2318
vn 0.6074 0.2914 0.7390
vn -0.6000 -0.2797 -0.7495
vn -0.7763 0.0097 0.6302
vn -0.2319 -0.9320 -0.2786
vn 0.7704 -0.0046 -0.6376
vn 0.2305 0.9330 0.2764
vn 0.5857 -0.3728 0.7197
vn -0.6215 0.3594 -0.6961
vn -0.6240 -0.0000 -0.7814
vn -0.2278 -0.9566 0.1819
vn 0.6240 -0.0000 0.7814
vn 0.2278 0.9566 -0.1819
vn -0.7475 0.2915 0.5969
vn 0.7475 -0.2915 -0.5969
vn -0.6203 -0.0000 -0.7844
vn 0.2829 -0.9327 -0.2237
vn 0.6203 -0.0000 0.7844
vn -0.2829 0.9327 0.2237
vn -0.7316 -0.3607 0.5785
vn 0.7316 0.3607 -0.5785
vn -0.9583 -0.0000 0.2858
vn 0.0833 -0.9566 0.2793
vn 0.9583 -0.0000 -0.2858
vn -0.0833 0.9566 -0.2793
vn 0.2733 0.2915 0.9167
vn -0.2733 -0.2915 -0.9167
vn -0.9597 -0.0000 0.2811
vn -0.1014 -0.9327 -0.3462
vn 0.9597 -0.0000 -0.2811
vn 0.1014 0.9327 0.3462
vn 0.2622 -0.3607 0.8951
vn -0.2622 0.3607 -0.8951
vt 0.375000 0.000000
vt 0.625000 0.000000
vt 0.625000 0.250000
vt 0.375000 0.250000
vt 0.625000 0.500000
vt 0.375000 0.500000
vt 0.625000 0.750000
vt 0.375000 0.750000
vt 0.625000 1.000000
vt 0.375000 1.000000
vt 0.125000 0.500000
vt 0.125000 0.750000
vt 0.875000 0.500000
vt 0.875000 0.750000
s 0
usemtl Material.055
f 935/878/615 936/879/615 938/880/615 937/881/615
f 937/881/616 938/880/616 942/882/616 941/883/616
f 941/883/617 942/882/617 940/884/617 939/885/617
f 939/885/618 940/884/618 936/886/618 935/887/618
f 937/888/619 941/883/619 939/885/619 935/889/619
f 942/882/620 938/890/620 936/891/620 940/884/620
f 943/878/621 944/879/621 946/880/621 945/881/621
f 945/881/622 946/880/622 950/882/622 949/883/622
f 949/883/623 950/882/623 948/884/623 947/885/623
f 947/885/624 948/884/624 944/886/624 943/887/624
f 945/888/625 949/883/625 947/885/625 943/889/625
f 950/882/626 946/890/626 944/891/626 948/884/626
f 951/878/627 952/879/627 954/880/627 953/881/627
f 953/881/628 954/880/628 958/882/628 957/883/628
f 957/883/629 958/882/629 956/884/629 955/885/629
f 955/885/630 956/884/630 952/886/630 951/887/630
f 953/888/631 957/883/631 955/885/631 951/889/631
f 958/882/632 954/890/632 952/891/632 956/884/632
f 959/878/633 960/879/633 962/880/633 961/881/633
f 961/881/634 962/880/634 966/882/634 965/883/634
f 965/883/635 966/882/635 964/884/635 963/885/635
f 963/885/636 964/884/636 960/886/636 959/887/636
f 961/888/637 965/883/637 963/885/637 959/889/637
f 966/882/638 962/890/638 960/891/638 964/884/638
f 967/878/639 968/879/639 970/880/639 969/881/639
f 969/881/640 970/880/640 974/882/640 973/883/640
f 973/883/641 974/882/641 972/884/641 971/885/641
f 971/885/642 972/884/642 968/886/642 967/887/642
f 969/888/643 973/883/643 971/885/643 967/889/643
f 974/882/644 970/890/644 968/891/644 972/884/644
f 975/878/645 976/879/645 978/880/645 977/881/645
f 977/881/646 978/880/646 982/882/646 981/883/646
f 981/883/647 982/882/647 980/884/647 979/885/647
f 979/885/648 980/884/648 976/886/648 975/887/648
f 977/888/649 981/883/649 979/885/649 975/889/649
f 982/882/650 978/890/650 976/891/650 980/884/650
f 983/878/651 984/879/651 986/880/651 985/881/651
f 985/881/652 986/880/652 990/882/652 989/883/652
f 989/883/653 990/882/653 988/884/653 987/885/653
f 987/885/654 988/884/654 984/886/654 983/887/654
f 985/888/655 989/883/655 987/885/655 983/889/655
f 990/882/656 986/890/656 984/891/656 988/884/656
f 991/878/657 992/879/657 994/880/657 993/881/657
f 993/881/658 994/880/658 998/882/658 997/883/658
f 997/883/659 998/882/659 996/884/659 995/885/659
f 995/885/660 996/884/660 992/886/660 991/887/660
f 993/888/661 997/883/661 995/885/661 991/889/661
f 998/882/662 994/890/662 992/891/662 996/884/662
f 999/878/663 1000/879/663 1002/880/663 1001/881/663
f 1001/881/664 1002/880/664 1006/882/664 1005/883/664
f 1005/883/665 1006/882/665 1004/884/665 1003/885/665
f 1003/885/666 1004/884/666 1000/886/666 999/887/666
f 1001/888/667 1005/883/667 1003/885/667 999/889/667
f 1006/882/668 1002/890/668 1000/891/668 1004/884/668
f 1007/878/669 1008/879/669 1010/880/669 1009/881/669
f 1009/881/670 1010/880/670 1014/882/670 1013/883/670
f 1013/883/671 1014/882/671 1012/884/671 1011/885/671
f 1011/885/672 1012/884/672 1008/886/672 1007/887/672
f 1009/888/673 1013/883/673 1011/885/673 1007/889/673
f 1014/882/674 1010/890/674 1008/891/674 1012/884/674
f 1015/878/675 1016/879/675 1018/880/675 1017/881/675
f 1017/881/676 1018/880/676 1022/882/676 1021/883/676
f 1021/883/677 1022/882/677 1020/884/677 1019/885/677
f 1019/885/678 1020/884/678 1016/886/678 1015/887/678
f 1017/888/679 1021/883/679 1019/885/679 1015/889/679
f 1022/882/680 1018/890/680 1016/891/680 1020/884/680
f 1023/878/681 1024/879/681 1026/880/681 1025/881/681
f 1025/881/682 1026/880/682 1030/882/682 1029/883/682
f 1029/883/683 1030/882/683 1028/884/683 1027/885/683
f 1027/885/684 1028/884/684 1024/886/684 1023/887/684
f 1025/888/685 1029/883/685 1027/885/685 1023/889/685
f 1030/882/686 1026/890/686 1024/891/686 1028/884/686
f 1031/878/687 1032/879/687 1034/880/687 1033/881/687
f 1033/881/688 1034/880/688 1038/882/688 1037/883/688
f 1037/883/689 1038/882/689 1036/884/689 1035/885/689
f 1035/885/690 1036/884/690 1032/886/690 1031/887/690
f 1033/888/691 1037/883/691 1035/885/691 1031/889/691
f 1038/882/692 1034/890/692 1032/891/692 1036/884/692
f 1039/878/693 1040/879/693 1042/880/693 1041/881/693
f 1041/881/694 1042/880/694 1046/882/694 1045/883/694
f 1045/883/695 1046/882/695 1044/884/695 1043/885/695
f 1043/885/696 1044/884/696 1040/886/696 1039/887/696
f 1041/888/697 1045/883/697 1043/885/697 1039/889/697
f 1046/882/698 1042/890/698 1040/891/698 1044/884/698
f 1047/878/699 1048/879/699 1050/880/699 1049/881/699
f 1049/881/700 1050/880/700 1054/882/700 1053/883/700
f 1053/883/701 1054/882/701 1052/884/701 1051/885/701
f 1051/885/702 1052/884/702 1048/886/702 1047/887/702
f 1049/888/703 1053/883/703 1051/885/703 1047/889/703
f 1054/882/704 1050/890/704 1048/891/704 1052/884/704
f 1055/878/705 1056/879/705 1058/880/705 1057/881/705
f 1057/881/706 1058/880/706 1062/882/706 1061/883/706
f 1061/883/707 1062/882/707 1060/884/707 1059/885/707
f 1059/885/708 1060/884/708 1056/886/708 1055/887/708
f 1057/888/709 1061/883/709 1059/885/709 1055/889/709
f 1062/882/710 1058/890/710 1056/891/710 1060/884/710
f 1063/878/711 1064/879/711 1066/880/711 1065/881/711
f 1065/881/712 1066/880/712 1070/882/712 1069/883/712
f 1069/883/713 1070/882/713 1068/884/713 1067/885/713
f 1067/885/714 1068/884/714 1064/886/714 1063/887/714
f 1065/888/715 1069/883/715 1067/885/715 1063/889/715
f 1070/882/716 1066/890/716 1064/891/716 1068/884/716
f 1071/878/717 1072/879/717 1074/880/717 1073/881/717
f 1073/881/718 1074/880/718 1078/882/718 1077/883/718
f 1077/883/719 1078/882/719 1076/884/719 1075/885/719
f 1075/885/720 1076/884/720 1072/886/720 1071/887/720
f 1073/888/721 1077/883/721 1075/885/721 1071/889/721
f 1078/882/722 1074/890/722 1072/891/722 1076/884/722
f 1079/878/723 1080/879/723 1082/880/723 1081/881/723
f 1081/881/724 1082/880/724 1086/882/724 1085/883/724
f 1085/883/725 1086/882/725 1084/884/725 1083/885/725
f 1083/885/726 1084/884/726 1080/886/726 1079/887/726
f 1081/888/727 1085/883/727 1083/885/727 1079/889/727
f 1086/882/728 1082/890/728 1080/891/728 1084/884/728
f 1087/878/729 1088/879/729 1090/880/729 1089/881/729
f 1089/881/730 1090/880/730 1094/882/730 1093/883/730
f 1093/883/731 1094/882/731 1092/884/731 1091/885/731
f 1091/885/732 1092/884/732 1088/886/732 1087/887/732
f 1089/888/733 1093/883/733 1091/885/733 1087/889/733
f 1094/882/734 1090/890/734 1088/891/734 1092/884/734
f 1095/878/735 1096/879/735 1098/880/735 1097/881/735
f 1097/881/736 1098/880/736 1102/882/736 1101/883/736
f 1101/883/737 1102/882/737 1100/884/737 1099/885/737
f 1099/885/738 1100/884/738 1096/886/738 1095/887/738
f 1097/888/739 1101/883/739 1099/885/739 1095/889/739
f 1102/882/740 1098/890/740 1096/891/740 1100/884/740
f 1103/878/741 1104/879/741 1106/880/741 1105/881/741
f 1105/881/742 1106/880/742 1110/882/742 1109/883/742
f 1109/883/743 1110/882/743 1108/884/743 1107/885/743
f 1107/885/744 1108/884/744 1104/886/744 1103/887/744
f 1105/888/745 1109/883/745 1107/885/745 1103/889/745
f 1110/882/746 1106/890/746 1104/891/746 1108/884/746
f 1111/878/747 1112/879/747 1114/880/747 1113/881/747
f 1113/881/748 1114/880/748 1118/882/748 1117/883/748
f 1117/883/749 1118/882/749 1116/884/749 1115/885/749
f 1115/885/750 1116/884/750 1112/886/750 1111/887/750
f 1113/888/751 1117/883/751 1115/885/751 1111/889/751
f 1118/882/752 1114/890/752 1112/891/752 1116/884/752
f 1119/878/753 1120/879/753 1122/880/753 1121/881/753
f 1121/881/754 1122/880/754 1126/882/754 1125/883/754
f 1125/883/755 1126/882/755 1124/884/755 1123/885/755
f 1123/885/756 1124/884/756 1120/886/756 1119/887/756
f 1121/888/757 1125/883/757 1123/885/757 1119/889/757
f 1126/882/758 1122/890/758 1120/891/758 1124/884/758
o der_yfir_thaki
v 20.002298 1.803890 17.393864
v 20.069889 1.989664 17.424187
v 18.364958 1.803890 21.043400
v 18.432547 1.989664 21.073723
v 15.764860 3.655899 15.492764
v 15.832450 3.841673 15.523087
v 14.127519 3.655899 19.142300
v 14.195108 3.841673 19.172623
v -17.763201 1.803890 20.799564
v -17.831022 1.989664 20.829365
v -19.372118 1.803888 17.137409
v -19.439943 1.989664 17.167206
v -13.511110 3.655898 18.931469
v -13.578934 3.841673 18.961264
v -15.120028 3.655899 15.269312
v -15.187849 3.841673 15.299109
v -10.265812 1.803890 27.888910
v -10.307575 1.989664 27.950096
v -13.569639 1.803890 25.633978
v -13.611401 1.989664 25.695164
v -7.647633 3.655899 24.052870
v -7.689396 3.841673 24.114058
v -10.951460 3.655898 21.797937
v -10.993223 3.841673 21.859125
v -7.383198 1.803890 29.091610
v -7.411322 1.989663 29.160145
v -11.083746 1.803890 27.573071
v -11.111868 1.989662 27.641605
v -5.620037 3.655898 24.794945
v -5.648163 3.841673 24.863480
v -9.320585 3.655899 23.276405
v -9.348707 3.841672 23.344940
v 5.537516 1.803890 30.696144
v 5.540500 1.989664 30.770164
v 1.540760 1.803890 30.857197
v 1.543742 1.989664 30.931217
v 5.350519 3.655899 26.055553
v 5.353502 3.841673 26.129572
v 1.353763 3.655899 26.216606
v 1.356747 3.841673 26.290627
v 8.533785 1.803889 29.569698
v 8.557033 1.989664 29.640036
v 4.735861 1.803889 30.824999
v 4.759109 1.989664 30.895332
v 7.076270 3.655898 25.159967
v 7.099518 3.841672 25.230307
v 3.278345 3.655898 26.415268
v 3.301594 3.841673 26.485607
v 11.689270 1.803890 28.023985
v 11.720249 1.989664 28.091278
v 8.055806 1.803889 29.696690
v 8.086784 1.989664 29.763983
v 9.747110 3.655899 23.805208
v 9.778088 3.841673 23.872501
v 6.113647 3.655899 25.477913
v 6.144624 3.841673 25.545206
v 14.142308 1.803889 25.643087
v 14.191319 1.989664 25.698639
v 11.142826 1.803889 28.289425
v 11.191836 1.989663 28.344978
v 11.069672 3.655898 22.160419
v 11.118682 3.841673 22.215971
v 8.070190 3.655898 24.806759
v 8.119200 3.841672 24.862309
v -13.220438 1.803889 25.912224
v -13.271019 1.989665 25.966347
v -16.142904 1.803890 23.181072
v -16.193487 1.989664 23.235195
v -10.049326 3.655898 22.518976
v -10.099909 3.841674 22.573101
v -12.971794 3.655899 19.787825
v -13.022377 3.841674 19.841949
v -4.362415 1.803889 30.143019
v -4.386171 1.989664 30.213188
v -8.151131 1.803890 28.860201
v -8.174889 1.989664 28.930367
v -2.872946 3.655899 25.743979
v -2.896704 3.841674 25.814146
v -6.661663 3.655899 24.461161
v -6.685421 3.841673 24.531328
v -0.631674 1.803889 30.800465
v -0.647055 1.989663 30.872931
v -4.544518 1.803890 29.970005
v -4.559898 1.989664 30.042471
v 0.332563 3.655898 26.257303
v 0.317183 3.841673 26.329769
v -3.580280 3.655899 25.426846
v -3.595661 3.841673 25.499310
v 1.736946 1.803890 30.771109
v 1.731243 1.989664 30.844969
v -2.251186 1.803890 30.463219
v -2.256889 1.989664 30.537079
v 2.094435 3.655899 26.140530
v 2.088734 3.841673 26.214390
v -1.893700 3.655898 25.832640
v -1.899401 3.841673 25.906502
v 16.310762 1.803890 23.620487
v 16.360949 1.989664 23.674980
v 13.368426 1.803890 26.330221
v 13.418612 1.989664 26.384712
v 13.164521 3.655899 20.204170
v 13.214705 3.841673 20.258663
v 10.222183 3.655899 22.913904
v 10.272368 3.841673 22.968397
v -15.764620 1.803890 23.599741
v -15.825598 1.989665 23.641809
v -18.035975 1.803890 20.307184
v -18.096952 1.989664 20.349249
v -11.941664 3.655899 20.962494
v -12.002640 3.841673 21.004560
v -14.213018 3.655899 17.669935
v -14.273998 3.841673 17.712002
v 18.722563 1.803890 20.604523
v 18.779737 1.989664 20.651628
v 16.179047 1.803890 23.691677
v 16.236221 1.989664 23.738783
v 15.138098 3.655899 17.651272
v 15.195272 3.841673 17.698380
v 12.594583 3.655899 20.738428
v 12.651756 3.841673 20.785534
vn 0.8475 -0.3704 0.3802
vn -0.4093 -0.0000 0.9124
vn -0.8475 0.3704 -0.3802
vn 0.4093 -0.0000 -0.9124
vn -0.3379 -0.9289 -0.1516
vn 0.3379 0.9289 0.1516
vn -0.8504 -0.3704 0.3736
vn -0.4022 -0.0000 -0.9155
vn 0.8504 0.3704 -0.3736
vn 0.4022 -0.0000 0.9155
vn 0.3391 -0.9289 -0.1490
vn -0.3391 0.9289 0.1490
vn -0.5236 -0.3704 0.7672
vn -0.8260 -0.0000 -0.5637
vn 0.5236 0.3704 -0.7672
vn 0.8260 -0.0000 0.5637
vn 0.2088 -0.9289 -0.3059
vn -0.2088 0.9289 0.3059
vn -0.3526 -0.3704 0.8593
vn -0.9251 -0.0000 -0.3796
vn 0.3526 0.3704 -0.8593
vn 0.9251 -0.0000 0.3796
vn 0.1406 -0.9289 -0.3427
vn -0.1406 0.9289 0.3427
vn 0.0374 -0.3704 0.9281
vn -0.9992 -0.0000 0.0403
vn -0.0374 0.3704 -0.9281
vn 0.9992 -0.0000 -0.0403
vn -0.0149 -0.9289 -0.3701
vn 0.0149 0.9289 0.3701
vn 0.2915 -0.3704 0.8819
vn -0.9495 -0.0000 0.3138
vn -0.2915 0.3704 -0.8819
vn 0.9495 -0.0000 -0.3138
vn -0.1162 -0.9289 -0.3517
vn 0.1162 0.9289 0.3517
vn 0.3884 -0.3704 0.8438
vn -0.9084 -0.0000 0.4182
vn -0.3884 0.3704 -0.8438
vn 0.9084 -0.0000 -0.4182
vn -0.1549 -0.9289 -0.3365
vn 0.1549 0.9289 0.3365
vn 0.6145 -0.3704 0.6965
vn -0.7499 -0.0000 0.6616
vn -0.6145 0.3704 -0.6965
vn 0.7499 -0.0000 -0.6616
vn -0.2451 -0.9289 -0.2778
vn 0.2451 0.9289 0.2778
vn -0.6342 -0.3704 0.6787
vn -0.7306 -0.0000 -0.6828
vn 0.6342 0.3704 -0.6786
vn 0.7306 -0.0000 0.6828
vn 0.2529 -0.9289 -0.2706
vn -0.2529 0.9289 0.2706
vn -0.2979 -0.3704 0.8798
vn -0.9472 -0.0000 -0.3207
vn 0.2979 0.3704 -0.8798
vn 0.9472 -0.0000 0.3207
vn 0.1188 -0.9289 -0.3508
vn -0.1188 0.9289 0.3508
vn -0.1928 -0.3704 0.9086
vn -0.9782 -0.0000 -0.2076
vn 0.1928 0.3704 -0.9086
vn 0.9782 -0.0000 0.2076
vn 0.0769 -0.9289 -0.3623
vn -0.0769 0.9289 0.3623
vn -0.0715 -0.3704 0.9261
vn -0.9970 -0.0000 -0.0770
vn 0.0715 0.3704 -0.9261
vn 0.9970 -0.0000 0.0770
vn 0.0285 -0.9289 -0.3693
vn -0.0285 0.9289 0.3693
vn 0.6292 -0.3704 0.6833
vn -0.7356 -0.0000 0.6774
vn -0.6292 0.3704 -0.6833
vn 0.7356 -0.0000 -0.6774
vn -0.2509 -0.9289 -0.2725
vn 0.2509 0.9289 0.2725
vn -0.7646 -0.3704 0.5274
vn -0.5678 -0.0000 -0.8231
vn 0.7646 0.3704 -0.5275
vn 0.5678 -0.0000 0.8231
vn 0.3049 -0.9289 -0.2103
vn -0.3049 0.9289 0.2103
vn 0.7169 -0.3704 0.5906
vn -0.6359 -0.0000 0.7718
vn -0.7169 0.3704 -0.5906
vn 0.6359 -0.0000 -0.7718
vn -0.2859 -0.9289 -0.2355
vn 0.2859 0.9289 0.2355
vt 0.375000 0.000000
vt 0.625000 0.000000
vt 0.625000 0.250000
vt 0.375000 0.250000
vt 0.625000 0.500000
vt 0.375000 0.500000
vt 0.625000 0.750000
vt 0.375000 0.750000
vt 0.625000 1.000000
vt 0.375000 1.000000
vt 0.125000 0.500000
vt 0.125000 0.750000
vt 0.875000 0.500000
vt 0.875000 0.750000
s 0
usemtl Material.056
f 1127/892/759 1128/893/759 1130/894/759 1129/895/759
f 1129/895/760 1130/894/760 1134/896/760 1133/897/760
f 1133/897/761 1134/896/761 1132/898/761 1131/899/761
f 1131/899/762 1132/898/762 1128/900/762 1127/901/762
f 1129/902/763 1133/897/763 1131/899/763 1127/903/763
f 1134/896/764 1130/904/764 1128/905/764 1132/898/764
f 1135/892/765 1136/893/765 1138/894/765 1137/895/765
f 1137/895/766 1138/894/766 1142/896/766 1141/897/766
f 1141/897/767 1142/896/767 1140/898/767 1139/899/767
f 1139/899/768 1140/898/768 1136/900/768 1135/901/768
f 1137/902/769 1141/897/769 1139/899/769 1135/903/769
f 1142/896/770 1138/904/770 1136/905/770 1140/898/770
f 1143/892/771 1144/893/771 1146/894/771 1145/895/771
f 1145/895/772 1146/894/772 1150/896/772 1149/897/772
f 1149/897/773 1150/896/773 1148/898/773 1147/899/773
f 1147/899/774 1148/898/774 1144/900/774 1143/901/774
f 1145/902/775 1149/897/775 1147/899/775 1143/903/775
f 1150/896/776 1146/904/776 1144/905/776 1148/898/776
f 1151/892/777 1152/893/777 1154/894/777 1153/895/777
f 1153/895/778 1154/894/778 1158/896/778 1157/897/778
f 1157/897/779 1158/896/779 1156/898/779 1155/899/779
f 1155/899/780 1156/898/780 1152/900/780 1151/901/780
f 1153/902/781 1157/897/781 1155/899/781 1151/903/781
f 1158/896/782 1154/904/782 1152/905/782 1156/898/782
f 1159/892/783 1160/893/783 1162/894/783 1161/895/783
f 1161/895/784 1162/894/784 1166/896/784 1165/897/784
f 1165/897/785 1166/896/785 1164/898/785 1163/899/785
f 1163/899/786 1164/898/786 1160/900/786 1159/901/786
f 1161/902/787 1165/897/787 1163/899/787 1159/903/787
f 1166/896/788 1162/904/788 1160/905/788 1164/898/788
f 1167/892/789 1168/893/789 1170/894/789 1169/895/789
f 1169/895/790 1170/894/790 1174/896/790 1173/897/790
f 1173/897/791 1174/896/791 1172/898/791 1171/899/791
f 1171/899/792 1172/898/792 1168/900/792 1167/901/792
f 1169/902/793 1173/897/793 1171/899/793 1167/903/793
f 1174/896/794 1170/904/794 1168/905/794 1172/898/794
f 1175/892/795 1176/893/795 1178/894/795 1177/895/795
f 1177/895/796 1178/894/796 1182/896/796 1181/897/796
f 1181/897/797 1182/896/797 1180/898/797 1179/899/797
f 1179/899/798 1180/898/798 1176/900/798 1175/901/798
f 1177/902/799 1181/897/799 1179/899/799 1175/903/799
f 1182/896/800 1178/904/800 1176/905/800 1180/898/800
f 1183/892/801 1184/893/801 1186/894/801 1185/895/801
f 1185/895/802 1186/894/802 1190/896/802 1189/897/802
f 1189/897/803 1190/896/803 1188/898/803 1187/899/803
f 1187/899/804 1188/898/804 1184/900/804 1183/901/804
f 1185/902/805 1189/897/805 1187/899/805 1183/903/805
f 1190/896/806 1186/904/806 1184/905/806 1188/898/806
f 1191/892/807 1192/893/807 1194/894/807 1193/895/807
f 1193/895/808 1194/894/808 1198/896/808 1197/897/808
f 1197/897/809 1198/896/809 1196/898/809 1195/899/809
f 1195/899/810 1196/898/810 1192/900/810 1191/901/810
f 1193/902/811 1197/897/811 1195/899/811 1191/903/811
f 1198/896/812 1194/904/812 1192/905/812 1196/898/812
f 1199/892/813 1200/893/813 1202/894/813 1201/895/813
f 1201/895/814 1202/894/814 1206/896/814 1205/897/814
f 1205/897/815 1206/896/815 1204/898/815 1203/899/815
f 1203/899/816 1204/898/816 1200/900/816 1199/901/816
f 1201/902/817 1205/897/817 1203/899/817 1199/903/817
f 1206/896/818 1202/904/818 1200/905/818 1204/898/818
f 1207/892/819 1208/893/819 1210/894/819 1209/895/819
f 1209/895/820 1210/894/820 1214/896/820 1213/897/820
f 1213/897/821 1214/896/821 1212/898/821 1211/899/821
f 1211/899/822 1212/898/822 1208/900/822 1207/901/822
f 1209/902/823 1213/897/823 1211/899/823 1207/903/823
f 1214/896/824 1210/904/824 1208/905/824 1212/898/824
f 1215/892/825 1216/893/825 1218/894/825 1217/895/825
f 1217/895/826 1218/894/826 1222/896/826 1221/897/826
f 1221/897/827 1222/896/827 1220/898/827 1219/899/827
f 1219/899/828 1220/898/828 1216/900/828 1215/901/828
f 1217/902/829 1221/897/829 1219/899/829 1215/903/829
f 1222/896/830 1218/904/830 1216/905/830 1220/898/830
f 1223/892/831 1224/893/831 1226/894/831 1225/895/831
f 1225/895/832 1226/894/832 1230/896/832 1229/897/832
f 1229/897/833 1230/896/833 1228/898/833 1227/899/833
f 1227/899/834 1228/898/834 1224/900/834 1223/901/834
f 1225/902/835 1229/897/835 1227/899/835 1223/903/835
f 1230/896/836 1226/904/836 1224/905/836 1228/898/836
f 1231/892/837 1232/893/837 1234/894/837 1233/895/837
f 1233/895/838 1234/894/838 1238/896/838 1237/897/838
f 1237/897/839 1238/896/839 1236/898/839 1235/899/839
f 1235/899/840 1236/898/840 1232/900/840 1231/901/840
f 1233/902/841 1237/897/841 1235/899/841 1231/903/841
f 1238/896/842 1234/904/842 1232/905/842 1236/898/842
f 1239/892/843 1240/893/843 1242/894/843 1241/895/843
f 1241/895/844 1242/894/844 1246/896/844 1245/897/844
f 1245/897/845 1246/896/845 1244/898/845 1243/899/845
f 1243/899/846 1244/898/846 1240/900/846 1239/901/846
f 1241/902/847 1245/897/847 1243/899/847 1239/903/847
f 1246/896/848 1242/904/848 1240/905/848 1244/898/848
o stigi_nidur
v -4.882408 -0.005048 4.438640
v -4.882408 0.108232 4.438640
v -4.882408 -0.005048 2.543601
v -4.882408 0.108232 2.543601
v -4.755649 -0.005048 4.438640
v -4.755649 0.108232 4.438640
v -4.755649 -0.005048 2.543601
v -4.755649 0.108232 2.543601
vn -1.0000 -0.0000 -0.0000
vn -0.0000 -0.0000 -1.0000
vn 1.0000 -0.0000 -0.0000
vn -0.0000 -0.0000 1.0000
vn -0.0000 -1.0000 -0.0000
vn -0.0000 1.0000 -0.0000
vt 0.375000 0.000000
vt 0.625000 0.000000
vt 0.625000 0.250000
vt 0.375000 0.250000
vt 0.625000 0.500000
vt 0.375000 0.500000
vt 0.625000 0.750000
vt 0.375000 0.750000
vt 0.625000 1.000000
vt 0.375000 1.000000
vt 0.125000 0.500000
vt 0.125000 0.750000
vt 0.875000 0.500000
vt 0.875000 0.750000
s 0
usemtl Material.070
f 1247/906/849 1248/907/849 1250/908/849 1249/909/849
f 1249/909/850 1250/908/850 1254/910/850 1253/911/850
f 1253/911/851 1254/910/851 1252/912/851 1251/913/851
f 1251/913/852 1252/912/852 1248/914/852 1247/915/852
f 1249/916/853 1253/911/853 1251/913/853 1247/917/853
f 1254/910/854 1250/918/854 1248/919/854 1252/912/854
o Cube.056
v -4.753704 -0.022312 2.669570
v -4.753704 0.090968 2.669570
v -4.753704 -0.022312 2.542810
v -4.753704 0.090968 2.542810
v -4.094069 -0.022312 2.669570
v -4.094069 0.090968 2.669570
v -4.094069 -0.022312 2.542810
v -4.094069 0.090968 2.542810
vn -1.0000 -0.0000 -0.0000
vn -0.0000 -0.0000 -1.0000
vn 1.0000 -0.0000 -0.0000
vn -0.0000 -0.0000 1.0000
vn -0.0000 -1.0000 -0.0000
vn -0.0000 1.0000 -0.0000
vt 0.375000 0.000000
vt 0.625000 0.000000
vt 0.625000 0.250000
vt 0.375000 0.250000
vt 0.625000 0.500000
vt 0.375000 0.500000
vt 0.625000 0.750000
vt 0.375000 0.750000
vt 0.625000 1.000000
vt 0.375000 1.000000
vt 0.125000 0.500000
vt 0.125000 0.750000
vt 0.875000 0.500000
vt 0.875000 0.750000
s 0
usemtl Material.071
f 1255/920/855 1256/921/855 1258/922/855 1257/923/855
f 1257/923/856 1258/922/856 1262/924/856 1261/925/856
f 1261/925/857 1262/924/857 1260/926/857 1259/927/857
f 1259/927/858 1260/926/858 1256/928/858 1255/929/858
f 1257/930/859 1261/925/859 1259/927/859 1255/931/859
f 1262/924/860 1258/932/860 1256/933/860 1260/926/860
o Plane.001
v 4.367372 0.000000 13.051883
v 8.367372 0.000000 13.051883
v 4.367372 0.000000 2.222157
v 8.367372 0.000000 2.222157
v 10.535965 -0.118053 57.260281
v 10.535965 0.169117 57.260281
v 10.152054 -0.118053 56.562786
v 10.152054 0.169117 56.562786
v 13.105278 -0.118053 55.846092
v 13.105278 0.169117 55.846092
v 12.721367 -0.118053 55.148602
v 12.721367 0.169117 55.148602
v 10.835606 -0.126931 58.149464
v 10.835606 0.268672 58.149464
v 10.405537 -0.126931 57.368107
v 10.405537 0.268672 57.368107
v 13.713841 -0.126931 56.565239
v 13.713841 0.268672 56.565239
v 13.283772 -0.126931 55.783882
v 13.283772 0.268672 55.783882
v 11.223884 -0.110392 59.027813
v 11.223884 0.405069 59.027813
v 10.774013 -0.110392 58.210484
v 10.774013 0.405069 58.210484
v 14.234637 -0.110392 57.370655
v 14.234637 0.405069 57.370655
v 13.784765 -0.110392 56.553322
v 13.784765 0.405069 56.553322
v 12.412422 0.071188 61.928562
v 12.412422 0.493837 61.928562
v 10.889884 0.071188 59.230885
v 10.889884 0.493837 59.230885
v 16.230413 0.071188 59.773735
v 16.230413 0.493837 59.773735
v 14.707875 0.071188 57.076054
v 14.707875 0.493837 57.076054
v -65.885818 -0.422793 38.673855
v -65.885818 -0.217207 38.673855
v -65.495636 -0.422793 38.712288
v -65.495636 -0.217207 38.712288
v -65.120453 -0.422793 38.826096
v -65.120453 -0.217207 38.826096
v -64.774681 -0.422793 39.010918
v -64.774681 -0.217207 39.010918
v -64.471603 -0.422793 39.259640
v -64.471603 -0.217207 39.259640
v -64.222878 -0.422793 39.562714
v -64.222878 -0.217207 39.562714
v -64.038063 -0.422793 39.908489
v -64.038063 -0.217207 39.908489
v -63.924248 -0.422793 40.283676
v -63.924248 -0.217207 40.283676
v -63.885818 -0.422793 40.673855
v -63.885818 -0.217207 40.673855
v -63.924248 -0.422793 41.064034
v -63.924248 -0.217207 41.064034
v -64.038063 -0.422793 41.439220
v -64.038063 -0.217207 41.439220
v -64.222878 -0.422793 41.784996
v -64.222878 -0.217207 41.784996
v -64.471603 -0.422793 42.088070
v -64.471603 -0.217207 42.088070
v -64.774681 -0.422793 42.336796
v -64.774681 -0.217207 42.336796
v -65.120453 -0.422793 42.521614
v -65.120453 -0.217207 42.521614
v -65.495636 -0.422793 42.635426
v -65.495636 -0.217207 42.635426
v -65.885818 -0.422793 42.673855
v -65.885818 -0.217207 42.673855
v -66.276001 -0.422793 42.635426
v -66.276001 -0.217207 42.635426
v -66.651184 -0.422793 42.521614
v -66.651184 -0.217207 42.521614
v -66.996956 -0.422793 42.336796
v -66.996956 -0.217207 42.336796
v -67.300034 -0.422793 42.088070
v -67.300034 -0.217207 42.088070
v -67.548759 -0.422793 41.784996
v -67.548759 -0.217207 41.784996
v -67.733574 -0.422793 41.439220
v -67.733574 -0.217207 41.439220
v -67.847389 -0.422793 41.064034
v -67.847389 -0.217207 41.064034
v -67.885818 -0.422793 40.673855
v -67.885818 -0.217207 40.673855
v -67.847389 -0.422793 40.283676
v -67.847389 -0.217207 40.283676
v -67.733574 -0.422793 39.908489
v -67.733574 -0.217207 39.908489
v -67.548759 -0.422793 39.562714
v -67.548759 -0.217207 39.562714
v -67.300034 -0.422793 39.259640
v -67.300034 -0.217207 39.259640
v -66.996956 -0.422793 39.010918
v -66.996956 -0.217207 39.010918
v -66.651184 -0.422793 38.826096
v -66.651184 -0.217207 38.826096
v -66.276001 -0.422793 38.712288
v -66.276001 -0.217207 38.712288
vn -0.0000 1.0000 -0.0000
vn -0.8761 -0.0000 0.4822
vn -0.4822 -0.0000 -0.8761
vn 0.8761 -0.0000 -0.4822
vn 0.4822 -0.0000 0.8761
vn -0.0000 -1.0000 -0.0000
vn -0.8709 -0.0000 0.4915
vn -0.4915 -0.0000 -0.8709
vn 0.8709 -0.0000 -0.4915
vn 0.4915 -0.0000 0.8709
vn 0.0980 -0.0000 -0.9952
vn 0.2903 -0.0000 -0.9569
vn 0.4714 -0.0000 -0.8819
vn 0.6344 -0.0000 -0.7730
vn 0.7730 -0.0000 -0.6344
vn 0.8819 -0.0000 -0.4714
vn 0.9569 -0.0000 -0.2903
vn 0.9952 -0.0000 -0.0980
vn 0.9952 -0.0000 0.0980
vn 0.9569 -0.0000 0.2903
vn 0.8819 -0.0000 0.4714
vn 0.7730 -0.0000 0.6344
vn 0.6344 -0.0000 0.7730
vn 0.4714 -0.0000 0.8819
vn 0.2903 -0.0000 0.9569
vn 0.0980 -0.0000 0.9952
vn -0.0980 -0.0000 0.9952
vn -0.2903 -0.0000 0.9569
vn -0.4714 -0.0000 0.8819
vn -0.6344 -0.0000 0.7730
vn -0.7730 -0.0000 0.6344
vn -0.8819 -0.0000 0.4714
vn -0.9569 -0.0000 0.2903
vn -0.9952 -0.0000 0.0980
vn -0.9952 -0.0000 -0.0980
vn -0.9569 -0.0000 -0.2903
vn -0.8819 -0.0000 -0.4714
vn -0.7730 -0.0000 -0.6344
vn -0.6344 -0.0000 -0.7730
vn -0.4714 -0.0000 -0.8819
vn -0.2903 -0.0000 -0.9569
vn -0.0980 -0.0000 -0.9952
vt 0.000000 0.000000
vt 1.000000 0.000000
vt 1.000000 1.000000
vt 0.000000 1.000000
vt 0.375000 0.000000
vt 0.625000 0.000000
vt 0.625000 0.250000
vt 0.375000 0.250000
vt 0.625000 0.500000
vt 0.375000 0.500000
vt 0.625000 0.750000
vt 0.375000 0.750000
vt 0.625000 1.000000
vt 0.375000 1.000000
vt 0.125000 0.500000
vt 0.125000 0.750000
vt 0.875000 0.500000
vt 0.875000 0.750000
vt 1.000000 0.500000
vt 0.968750 1.000000
vt 0.968750 0.500000
vt 0.937500 1.000000
vt 0.937500 0.500000
vt 0.906250 1.000000
vt 0.906250 0.500000
vt 0.875000 1.000000
vt 0.843750 1.000000
vt 0.843750 0.500000
vt 0.812500 1.000000
vt 0.812500 0.500000
vt 0.781250 1.000000
vt 0.781250 0.500000
vt 0.750000 1.000000
vt 0.750000 0.500000
vt 0.718750 1.000000
vt 0.718750 0.500000
vt 0.687500 1.000000
vt 0.687500 0.500000
vt 0.656250 1.000000
vt 0.656250 0.500000
vt 0.593750 1.000000
vt 0.593750 0.500000
vt 0.562500 1.000000
vt 0.562500 0.500000
vt 0.531250 1.000000
vt 0.531250 0.500000
vt 0.500000 1.000000
vt 0.500000 0.500000
vt 0.468750 1.000000
vt 0.468750 0.500000
vt 0.437500 1.000000
vt 0.437500 0.500000
vt 0.406250 1.000000
vt 0.406250 0.500000
vt 0.343750 1.000000
vt 0.343750 0.500000
vt 0.312500 1.000000
vt 0.312500 0.500000
vt 0.281250 1.000000
vt 0.281250 0.500000
vt 0.250000 1.000000
vt 0.250000 0.500000
vt 0.218750 1.000000
vt 0.218750 0.500000
vt 0.187500 1.000000
vt 0.187500 0.500000
vt 0.156250 1.000000
vt 0.156250 0.500000
vt 0.125000 1.000000
vt 0.093750 1.000000
vt 0.093750 0.500000
vt 0.062500 1.000000
vt 0.062500 0.500000
vt 0.296822 0.485388
vt 0.250000 0.490000
vt 0.203178 0.485388
vt 0.158156 0.471731
vt 0.116663 0.449553
vt 0.080294 0.419706
vt 0.050447 0.383337
vt 0.028269 0.341844
vt 0.014612 0.296822
vt 0.010000 0.250000
vt 0.014612 0.203178
vt 0.028269 0.158156
vt 0.050447 0.116663
vt 0.080294 0.080294
vt 0.116663 0.050447
vt 0.158156 0.028269
vt 0.203178 0.014612
vt 0.250000 0.010000
vt 0.296822 0.014612
vt 0.341844 0.028269
vt 0.383337 0.050447
vt 0.419706 0.080294
vt 0.449553 0.116663
vt 0.471731 0.158156
vt 0.485388 0.203178
vt 0.490000 0.250000
vt 0.485388 0.296822
vt 0.471731 0.341844
vt 0.449553 0.383337
vt 0.419706 0.419706
vt 0.383337 0.449553
vt 0.341844 0.471731
vt 0.031250 1.000000
vt 0.031250 0.500000
vt 0.000000 0.500000
vt 0.750000 0.490000
vt 0.796822 0.485388
vt 0.841844 0.471731
vt 0.883337 0.449553
vt 0.919706 0.419706
vt 0.949553 0.383337
vt 0.971731 0.341844
vt 0.985388 0.296822
vt 0.990000 0.250000
vt 0.985388 0.203178
vt 0.971731 0.158156
vt 0.949553 0.116663
vt 0.919706 0.080294
vt 0.883337 0.050447
vt 0.841844 0.028269
vt 0.796822 0.014612
vt 0.750000 0.010000
vt 0.703178 0.014612
vt 0.658156 0.028269
vt 0.616663 0.050447
vt 0.580294 0.080294
vt 0.550447 0.116663
vt 0.528269 0.158156
vt 0.514612 0.203178
vt 0.510000 0.250000
vt 0.514612 0.296822
vt 0.528269 0.341844
vt 0.550447 0.383337
vt 0.580294 0.419706
vt 0.616663 0.449553
vt 0.658156 0.471731
vt 0.703178 0.485388
s 0
usemtl Material.022
f 1263/934/861 1264/935/861 1266/936/861 1265/937/861
usemtl Material.067
f 1267/938/862 1268/939/862 1270/940/862 1269/941/862
f 1269/941/863 1270/940/863 1274/942/863 1273/943/863
f 1273/943/864 1274/942/864 1272/944/864 1271/945/864
f 1271/945/865 1272/944/865 1268/946/865 1267/947/865
f 1269/948/866 1273/943/866 1271/945/866 1267/949/866
f 1274/942/861 1270/950/861 1268/951/861 1272/944/861
f 1275/938/862 1276/939/862 1278/940/862 1277/941/862
f 1277/941/863 1278/940/863 1282/942/863 1281/943/863
f 1281/943/864 1282/942/864 1280/944/864 1279/945/864
f 1279/945/865 1280/944/865 1276/946/865 1275/947/865
f 1277/948/866 1281/943/866 1279/945/866 1275/949/866
f 1282/942/861 1278/950/861 1276/951/861 1280/944/861
f 1283/938/862 1284/939/862 1286/940/862 1285/941/862
f 1285/941/863 1286/940/863 1290/942/863 1289/943/863
f 1289/943/864 1290/942/864 1288/944/864 1287/945/864
f 1287/945/865 1288/944/865 1284/946/865 1283/947/865
f 1285/948/866 1289/943/866 1287/945/866 1283/949/866
f 1290/942/861 1286/950/861 1284/951/861 1288/944/861
f 1291/938/867 1292/939/867 1294/940/867 1293/941/867
f 1293/941/868 1294/940/868 1298/942/868 1297/943/868
f 1297/943/869 1298/942/869 1296/944/869 1295/945/869
f 1295/945/870 1296/944/870 1292/946/870 1291/947/870
f 1293/948/866 1297/943/866 1295/945/866 1291/949/866
f 1298/942/861 1294/950/861 1292/951/861 1296/944/861
usemtl Material.068
f 1299/952/871 1300/936/871 1302/953/871 1301/954/871
f 1301/954/872 1302/953/872 1304/955/872 1303/956/872
f 1303/956/873 1304/955/873 1306/957/873 1305/958/873
f 1305/958/874 1306/957/874 1308/959/874 1307/950/874
f 1307/950/875 1308/959/875 1310/960/875 1309/961/875
f 1309/961/876 1310/960/876 1312/962/876 1311/963/876
f 1311/963/877 1312/962/877 1314/964/877 1313/965/877
f 1313/965/878 1314/964/878 1316/966/878 1315/967/878
f 1315/967/879 1316/966/879 1318/968/879 1317/969/879
f 1317/969/880 1318/968/880 1320/970/880 1319/971/880
f 1319/971/881 1320/970/881 1322/972/881 1321/973/881
f 1321/973/882 1322/972/882 1324/946/882 1323/942/882
f 1323/942/883 1324/946/883 1326/974/883 1325/975/883
f 1325/975/884 1326/974/884 1328/976/884 1327/977/884
f 1327/977/885 1328/976/885 1330/978/885 1329/979/885
f 1329/979/886 1330/978/886 1332/980/886 1331/981/886
f 1331/981/887 1332/980/887 1334/982/887 1333/983/887
f 1333/983/888 1334/982/888 1336/984/888 1335/985/888
f 1335/985/889 1336/984/889 1338/986/889 1337/987/889
f 1337/987/890 1338/986/890 1340/947/890 1339/943/890
f 1339/943/891 1340/947/891 1342/988/891 1341/989/891
f 1341/989/892 1342/988/892 1344/990/892 1343/991/892
f 1343/991/893 1344/990/893 1346/992/893 1345/993/893
f 1345/993/894 1346/992/894 1348/994/894 1347/995/894
f 1347/995/895 1348/994/895 1350/996/895 1349/997/895
f 1349/997/896 1350/996/896 1352/998/896 1351/999/896
f 1351/999/897 1352/998/897 1354/1000/897 1353/1001/897
f 1353/1001/898 1354/1000/898 1356/1002/898 1355/948/898
f 1355/948/899 1356/1002/899 1358/1003/899 1357/1004/899
f 1357/1004/900 1358/1003/900 1360/1005/900 1359/1006/900
f 1302/1007/861 1300/1008/861 1362/1009/861 1360/1010/861 1358/1011/861 1356/1012/861 1354/1013/861 1352/1014/861 1350/1015/861 1348/1016/861 1346/1017/861 1344/1018/861 1342/1019/861 1340/1020/861 1338/1021/861 1336/1022/861 1334/1023/861 1332/1024/861 1330/1025/861 1328/1026/861 1326/1027/861 1324/1028/861 1322/1029/861 1320/1030/861 1318/1031/861 1316/1032/861 1314/1033/861 1312/1034/861 1310/1035/861 1308/1036/861 1306/1037/861 1304/1038/861
f 1359/1006/901 1360/1005/901 1362/1039/901 1361/1040/901
f 1361/1040/902 1362/1039/902 1300/937/902 1299/1041/902
f 1299/1042/866 1301/1043/866 1303/1044/866 1305/1045/866 1307/1046/866 1309/1047/866 1311/1048/866 1313/1049/866 1315/1050/866 1317/1051/866 1319/1052/866 1321/1053/866 1323/1054/866 1325/1055/866 1327/1056/866 1329/1057/866 1331/1058/866 1333/1059/866 1335/1060/866 1337/1061/866 1339/1062/866 1341/1063/866 1343/1064/866 1345/1065/866 1347/1066/866 1349/1067/866 1351/1068/866 1353/1069/866 1355/1070/866 1357/1071/866 1359/1072/866 1361/1073/866
o Plane.029
v -71.177727 0.000000 8.350033
v -70.178032 0.000000 8.374784
v -71.044075 0.000000 2.951687
v -70.044380 0.000000 2.976437
v -71.177727 0.000000 8.350033
v -70.178032 0.000000 8.374784
v -70.178032 0.000000 8.374784
v -70.178032 0.000000 8.374784
v -70.178032 0.000000 8.374784
v -70.178032 0.000000 8.374784
vn -0.0000 1.0000 -0.0000
vt 0.000000 0.000000
vt 1.000000 0.000000
vt 1.000000 1.000000
vt 0.000000 1.000000
s 0
f 1363/1074/903 1364/1075/903 1366/1076/903 1365/1077/903
f 1364/1075/903 1363/1074/903 1367/1074/903 1368/1075/903
f 1364/1075/903 1368/1075/903 1370/1075/903 1369/1075/903
f 1369/1075/903 1370/1075/903 1372/1075/903 1371/1075/903
o Plane.031
v -30.673283 0.000000 -3.823251
v -30.600872 0.000000 -4.820626
v -44.636532 0.000000 -4.836982
v -44.564121 0.000000 -5.834357
v -30.673283 0.000000 -3.823251
v -30.600872 0.000000 -4.820626
v -30.600872 0.000000 -4.820626
v -30.600872 0.000000 -4.820626
v -30.600872 0.000000 -4.820626
v -30.600872 0.000000 -4.820626
vn -0.0000 1.0000 -0.0000
vt 0.000000 0.000000
vt 1.000000 0.000000
vt 1.000000 1.000000
vt 0.000000 1.000000
s 0
f 1373/1078/904 1374/1079/904 1376/1080/904 1375/1081/904
f 1374/1079/904 1373/1078/904 1377/1078/904 1378/1079/904
f 1374/1079/904 1378/1079/904 1380/1079/904 1379/1079/904
f 1379/1079/904 1380/1079/904 1382/1079/904 1381/1079/904
o Plane.033
v -16.540020 0.000000 -4.791835
v -16.610641 0.000000 -5.789381
v -30.621830 0.000000 -3.794907
v -30.692451 0.000000 -4.792452
v -16.540020 0.000000 -4.791835
v -16.610641 0.000000 -5.789381
v -16.610641 0.000000 -5.789381
v -16.610641 0.000000 -5.789381
v -16.610641 0.000000 -5.789381
v -16.610641 0.000000 -5.789381
vn -0.0000 1.0000 -0.0000
vt 0.000000 0.000000
vt 1.000000 0.000000
vt 1.000000 1.000000
vt 0.000000 1.000000
s 0
f 1383/1082/905 1384/1083/905 1386/1084/905 1385/1085/905
f 1384/1083/905 1383/1082/905 1387/1082/905 1388/1083/905
f 1384/1083/905 1388/1083/905 1390/1083/905 1389/1083/905
f 1389/1083/905 1390/1083/905 1392/1083/905 1391/1083/905
o Plane.034
v -7.075162 0.000000 -9.148191
v -7.483843 0.000000 -10.053978
v -16.435106 0.000000 -4.925080
v -16.843786 0.000000 -5.830866
v -7.075162 0.000000 -9.148191
v -7.483843 0.000000 -10.053978
v -7.483843 0.000000 -10.053978
v -7.483843 0.000000 -10.053978
v -7.483843 0.000000 -10.053978
v -7.483843 0.000000 -10.053978
vn -0.0000 1.0000 -0.0000
vt 0.000000 0.000000
vt 1.000000 0.000000
vt 1.000000 1.000000
vt 0.000000 1.000000
s 0
f 1393/1086/906 1394/1087/906 1396/1088/906 1395/1089/906
f 1394/1087/906 1393/1086/906 1397/1086/906 1398/1087/906
f 1394/1087/906 1398/1087/906 1400/1087/906 1399/1087/906
f 1399/1087/906 1400/1087/906 1402/1087/906 1401/1087/906
o Plane.035
v 7.382256 0.000000 -10.150221
v 7.122032 0.000000 -9.187590
v 18.500845 0.000000 -7.144573
v 18.240622 0.000000 -6.181942
v 7.382256 0.000000 -10.150221
v 7.122032 0.000000 -9.187590
v 7.122032 0.000000 -9.187590
v 7.122032 0.000000 -9.187590
v 7.122032 0.000000 -9.187590
v 7.122032 0.000000 -9.187590
vn -0.0000 1.0000 -0.0000
vt 0.000000 0.000000
vt 1.000000 0.000000
vt 1.000000 1.000000
vt 0.000000 1.000000
s 0
f 1403/1090/907 1404/1091/907 1406/1092/907 1405/1093/907
f 1404/1091/907 1403/1090/907 1407/1090/907 1408/1091/907
f 1404/1091/907 1408/1091/907 1410/1091/907 1409/1091/907
f 1409/1091/907 1410/1091/907 1412/1091/907 1411/1091/907
o Plane.036
v 30.141151 0.000000 -5.456006
v 30.205875 0.000000 -6.453909
v 18.166313 0.000000 -6.232693
v 18.231037 0.000000 -7.230597
v 30.141151 0.000000 -5.456006
v 30.205875 0.000000 -6.453909
v 30.205875 0.000000 -6.453909
v 30.205875 0.000000 -6.453909
v 30.205875 0.000000 -6.453909
v 30.205875 0.000000 -6.453909
vn -0.0000 1.0000 -0.0000
vt 0.000000 0.000000
vt 1.000000 0.000000
vt 1.000000 1.000000
vt 0.000000 1.000000
s 0
f 1413/1094/908 1414/1095/908 1416/1096/908 1415/1097/908
f 1414/1095/908 1413/1094/908 1417/1094/908 1418/1095/908
f 1414/1095/908 1418/1095/908 1420/1095/908 1419/1095/908
f 1419/1095/908 1420/1095/908 1422/1095/908 1421/1095/908
o Plane.037
v 42.383324 0.000000 -5.657141
v 42.371498 0.000000 -6.657071
v 29.936424 0.000000 -5.509939
v 29.924599 0.000000 -6.509869
v 42.383324 0.000000 -5.657141
v 42.371498 0.000000 -6.657071
v 42.371498 0.000000 -6.657071
v 42.371498 0.000000 -6.657071
v 42.371498 0.000000 -6.657071
v 42.371498 0.000000 -6.657071
vn -0.0000 1.0000 -0.0000
vt 0.000000 0.000000
vt 1.000000 0.000000
vt 1.000000 1.000000
vt 0.000000 1.000000
s 0
f 1423/1098/909 1424/1099/909 1426/1100/909 1425/1101/909
f 1424/1099/909 1423/1098/909 1427/1098/909 1428/1099/909
f 1424/1099/909 1428/1099/909 1430/1099/909 1429/1099/909
f 1429/1099/909 1430/1099/909 1432/1099/909 1431/1099/909
o Plane.038
v 47.867428 0.000000 -4.261572
v 48.113029 0.000000 -5.230943
v 42.051201 0.000000 -5.735175
v 42.296803 0.000000 -6.704546
v 47.867428 0.000000 -4.261572
v 48.113029 0.000000 -5.230943
v 48.113029 0.000000 -5.230943
v 48.113029 0.000000 -5.230943
v 48.113029 0.000000 -5.230943
v 48.113029 0.000000 -5.230943
vn -0.0000 1.0000 -0.0000
vt 0.000000 0.000000
vt 1.000000 0.000000
vt 1.000000 1.000000
vt 0.000000 1.000000
s 0
f 1433/1102/910 1434/1103/910 1436/1104/910 1435/1105/910
f 1434/1103/910 1433/1102/910 1437/1102/910 1438/1103/910
f 1434/1103/910 1438/1103/910 1440/1103/910 1439/1103/910
f 1439/1103/910 1440/1103/910 1442/1103/910 1441/1103/910
o Plane.039
v 48.047665 0.000000 -5.203293
v 47.799545 0.000000 -4.231052
v 54.157913 0.000000 -3.643935
v 53.909794 0.000000 -2.671695
v 48.047665 0.000000 -5.203293
v 47.799545 0.000000 -4.231052
v 47.799545 0.000000 -4.231052
v 47.799545 0.000000 -4.231052
v 47.799545 0.000000 -4.231052
v 47.799545 0.000000 -4.231052
vn -0.0000 1.0000 -0.0000
vt 0.000000 0.000000
vt 1.000000 0.000000
vt 1.000000 1.000000
vt 0.000000 1.000000
s 0
f 1443/1106/911 1444/1107/911 1446/1108/911 1445/1109/911
f 1444/1107/911 1443/1106/911 1447/1106/911 1448/1107/911
f 1444/1107/911 1448/1107/911 1450/1107/911 1449/1107/911
f 1449/1107/911 1450/1107/911 1452/1107/911 1451/1107/911
o Plane.040
v 59.734428 0.000000 -1.047587
v 59.981102 0.000000 -2.021205
v 53.533203 0.000000 -2.618732
v 53.779877 0.000000 -3.592349
v 59.734428 0.000000 -1.047587
v 59.981102 0.000000 -2.021205
v 59.981102 0.000000 -2.021205
v 59.981102 0.000000 -2.021205
v 59.981102 0.000000 -2.021205
v 59.981102 0.000000 -2.021205
vn -0.0000 1.0000 -0.0000
vt 0.000000 0.000000
vt 1.000000 0.000000
vt 1.000000 1.000000
vt 0.000000 1.000000
s 0
f 1453/1110/912 1454/1111/912 1456/1112/912 1455/1113/912
f 1454/1111/912 1453/1110/912 1457/1110/912 1458/1111/912
f 1454/1111/912 1458/1111/912 1460/1111/912 1459/1111/912
f 1459/1111/912 1460/1111/912 1462/1111/912 1461/1111/912
o Plane.041
v 65.823814 0.000000 -1.094002
v 65.823814 0.000000 -2.094002
v 59.823814 0.000000 -1.094002
v 59.823814 0.000000 -2.094002
v 65.823814 0.000000 -1.094002
v 65.823814 0.000000 -2.094002
v 65.823814 0.000000 -2.094002
v 65.823814 0.000000 -2.094002
v 65.823814 0.000000 -2.094002
v 65.823814 0.000000 -2.094002
vn -0.0000 1.0000 -0.0000
vt 0.000000 0.000000
vt 1.000000 0.000000
vt 1.000000 1.000000
vt 0.000000 1.000000
s 0
f 1463/1114/913 1464/1115/913 1466/1116/913 1465/1117/913
f 1464/1115/913 1463/1114/913 1467/1114/913 1468/1115/913
f 1464/1115/913 1468/1115/913 1470/1115/913 1469/1115/913
f 1469/1115/913 1470/1115/913 1472/1115/913 1471/1115/913
o Plane.042
v 70.412186 0.000000 0.251691
v 70.719658 0.000000 -0.699865
v 65.654411 0.000000 -1.285701
v 65.961884 0.000000 -2.237257
v 70.412186 0.000000 0.251691
v 70.719658 0.000000 -0.699865
v 70.719658 0.000000 -0.699865
v 70.719658 0.000000 -0.699865
v 70.719658 0.000000 -0.699865
v 70.719658 0.000000 -0.699865
vn -0.0000 1.0000 -0.0000
vt 0.000000 0.000000
vt 1.000000 0.000000
vt 1.000000 1.000000
vt 0.000000 1.000000
s 0
f 1473/1118/914 1474/1119/914 1476/1120/914 1475/1121/914
f 1474/1119/914 1473/1118/914 1477/1118/914 1478/1119/914
f 1474/1119/914 1478/1119/914 1480/1119/914 1479/1119/914
f 1479/1119/914 1480/1119/914 1482/1119/914 1481/1119/914
o Plane.043
v 73.032600 0.000000 2.641150
v 73.731438 0.000000 1.925875
v 70.171501 0.000000 -0.154221
v 70.870338 0.000000 -0.869496
v 73.032600 0.000000 2.641150
v 73.731438 0.000000 1.925875
v 73.731438 0.000000 1.925875
v 73.731438 0.000000 1.925875
v 73.731438 0.000000 1.925875
v 73.731438 0.000000 1.925875
vn -0.0000 1.0000 -0.0000
vt 0.000000 0.000000
vt 1.000000 0.000000
vt 1.000000 1.000000
vt 0.000000 1.000000
s 0
f 1483/1122/915 1484/1123/915 1486/1124/915 1485/1125/915
f 1484/1123/915 1483/1122/915 1487/1122/915 1488/1123/915
f 1484/1123/915 1488/1123/915 1490/1123/915 1489/1123/915
f 1489/1123/915 1490/1123/915 1492/1123/915 1491/1123/915
o Plane.044
v 75.460579 0.000000 6.268583
v 76.357307 0.000000 5.702947
v 73.016365 0.000000 2.393651
v 73.913094 0.000000 1.828014
v 75.460579 0.000000 6.268583
v 76.357307 0.000000 5.702947
v 76.357307 0.000000 5.702947
v 76.357307 0.000000 5.702947
v 76.357307 0.000000 5.702947
v 76.357307 0.000000 5.702947
vn -0.0000 1.0000 -0.0000
vt 0.000000 0.000000
vt 1.000000 0.000000
vt 1.000000 1.000000
vt 0.000000 1.000000
s 0
f 1493/1126/916 1494/1127/916 1496/1128/916 1495/1129/916
f 1494/1127/916 1493/1126/916 1497/1126/916 1498/1127/916
f 1494/1127/916 1498/1127/916 1500/1127/916 1499/1127/916
f 1499/1127/916 1500/1127/916 1502/1127/916 1501/1127/916
o Plane.045
v 75.205589 0.000000 12.196846
v 76.205589 0.000000 12.196846
v 75.205589 0.000000 5.809146
v 76.205589 0.000000 5.809146
v 75.205589 0.000000 12.196846
v 76.205589 0.000000 12.196846
v 76.205589 0.000000 12.196846
v 76.205589 0.000000 12.196846
v 76.205589 0.000000 12.196846
v 76.205589 0.000000 12.196846
vn -0.0000 1.0000 -0.0000
vt 0.000000 0.000000
vt 1.000000 0.000000
vt 1.000000 1.000000
vt 0.000000 1.000000
s 0
f 1503/1130/917 1504/1131/917 1506/1132/917 1505/1133/917
f 1504/1131/917 1503/1130/917 1507/1130/917 1508/1131/917
f 1504/1131/917 1508/1131/917 1510/1131/917 1509/1131/917
f 1509/1131/917 1510/1131/917 1512/1131/917 1511/1131/917
o Plane.046
v 73.517883 0.000000 17.091949
v 74.465431 0.000000 17.411549
v 75.243721 0.000000 11.975164
v 76.191269 0.000000 12.294764
v 73.517883 0.000000 17.091949
v 74.465431 0.000000 17.411549
v 74.465431 0.000000 17.411549
v 74.465431 0.000000 17.411549
v 74.465431 0.000000 17.411549
v 74.465431 0.000000 17.411549
vn -0.0000 1.0000 -0.0000
vt 0.000000 0.000000
vt 1.000000 0.000000
vt 1.000000 1.000000
vt 0.000000 1.000000
s 0
f 1513/1134/918 1514/1135/918 1516/1136/918 1515/1137/918
f 1514/1135/918 1513/1134/918 1517/1134/918 1518/1135/918
f 1514/1135/918 1518/1135/918 1520/1135/918 1519/1135/918
f 1519/1135/918 1520/1135/918 1522/1135/918 1521/1135/918
o Plane.048
v 70.174942 0.000000 22.094372
v 71.021408 0.000000 22.626820
v 73.476120 0.000000 16.846302
v 74.322586 0.000000 17.378750
v 70.174942 0.000000 22.094372
v 71.021408 0.000000 22.626820
v 71.021408 0.000000 22.626820
v 71.021408 0.000000 22.626820
v 71.021408 0.000000 22.626820
v 71.021408 0.000000 22.626820
vn -0.0000 1.0000 -0.0000
vt 0.000000 0.000000
vt 1.000000 0.000000
vt 1.000000 1.000000
vt 0.000000 1.000000
s 0
f 1523/1138/919 1524/1139/919 1526/1140/919 1525/1141/919
f 1524/1139/919 1523/1138/919 1527/1138/919 1528/1139/919
f 1524/1139/919 1528/1139/919 1530/1139/919 1529/1139/919
f 1529/1139/919 1530/1139/919 1532/1139/919 1531/1139/919
o Plane.027
v -69.425705 0.000000 14.040555
v -68.469238 0.000000 13.748735
v -71.176620 0.000000 8.301714
v -70.220154 0.000000 8.009894
v -69.425705 0.000000 14.040555
v -68.469238 0.000000 13.748735
v -68.469238 0.000000 13.748735
v -68.469238 0.000000 13.748735
v -68.469238 0.000000 13.748735
v -68.469238 0.000000 13.748735
vn -0.0000 1.0000 -0.0000
vt 0.000000 0.000000
vt 1.000000 0.000000
vt 1.000000 1.000000
vt 0.000000 1.000000
s 0
f 1533/1142/920 1534/1143/920 1536/1144/920 1535/1145/920
f 1534/1143/920 1533/1142/920 1537/1142/920 1538/1143/920
f 1534/1143/920 1538/1143/920 1540/1143/920 1539/1143/920
f 1539/1143/920 1540/1143/920 1542/1143/920 1541/1143/920
o Plane.054
v -49.256580 0.000000 51.054482
v -48.833710 0.000000 50.148289
v -54.693726 0.000000 48.517262
v -54.270855 0.000000 47.611069
v -49.256580 0.000000 51.054482
v -48.833710 0.000000 50.148289
v -48.833710 0.000000 50.148289
v -48.833710 0.000000 50.148289
v -48.833710 0.000000 50.148289
v -48.833710 0.000000 50.148289
vn -0.0000 1.0000 -0.0000
vt 0.000000 0.000000
vt 1.000000 0.000000
vt 1.000000 1.000000
vt 0.000000 1.000000
s 0
f 1543/1146/921 1544/1147/921 1546/1148/921 1545/1149/921
f 1544/1147/921 1543/1146/921 1547/1146/921 1548/1147/921
f 1544/1147/921 1548/1147/921 1550/1147/921 1549/1147/921
f 1549/1147/921 1550/1147/921 1552/1147/921 1551/1147/921
o Plane.068
v 40.065060 0.000000 49.859520
v 40.446972 0.000000 48.935318
v 34.519871 0.000000 47.568047
v 34.901783 0.000000 46.643845
v 40.065060 0.000000 49.859520
v 40.446972 0.000000 48.935318
v 40.446972 0.000000 48.935318
v 40.446972 0.000000 48.935318
v 40.446972 0.000000 48.935318
v 40.446972 0.000000 48.935318
vn -0.0000 1.0000 -0.0000
vt 0.000000 0.000000
vt 1.000000 0.000000
vt 1.000000 1.000000
vt 0.000000 1.000000
s 0
f 1553/1150/922 1554/1151/922 1556/1152/922 1555/1153/922
f 1554/1151/922 1553/1150/922 1557/1150/922 1558/1151/922
f 1554/1151/922 1558/1151/922 1560/1151/922 1559/1151/922
f 1559/1151/922 1560/1151/922 1562/1151/922 1561/1151/922
o Plane.069
v 66.624619 0.000000 26.866497
v 67.437370 0.000000 27.449110
v 70.120293 0.000000 21.990000
v 70.933044 0.000000 22.572613
v 66.624619 0.000000 26.866497
v 67.437370 0.000000 27.449110
v 67.437370 0.000000 27.449110
v 67.437370 0.000000 27.449110
v 67.437370 0.000000 27.449110
v 67.437370 0.000000 27.449110
vn -0.0000 1.0000 -0.0000
vt 0.000000 0.000000
vt 1.000000 0.000000
vt 1.000000 1.000000
vt 0.000000 1.000000
s 0
f 1563/1154/923 1564/1155/923 1566/1156/923 1565/1157/923
f 1564/1155/923 1563/1154/923 1567/1154/923 1568/1155/923
f 1564/1155/923 1568/1155/923 1570/1155/923 1569/1155/923
f 1569/1155/923 1570/1155/923 1572/1155/923 1571/1155/923
o Plane.070
v 62.406784 0.000000 31.905346
v 63.235119 0.000000 32.579929
v 66.579506 0.000000 26.781599
v 67.407837 0.000000 27.456184
v 62.406784 0.000000 31.905346
v 63.235119 0.000000 32.579929
v 63.235119 0.000000 32.579929
v 63.235119 0.000000 32.579929
v 63.235119 0.000000 32.579929
v 63.235119 0.000000 32.579929
vn -0.0000 1.0000 -0.0000
vt 0.000000 0.000000
vt 1.000000 0.000000
vt 1.000000 1.000000
vt 0.000000 1.000000
s 0
f 1573/1158/924 1574/1159/924 1576/1160/924 1575/1161/924
f 1574/1159/924 1573/1158/924 1577/1158/924 1578/1159/924
f 1574/1159/924 1578/1159/924 1580/1159/924 1579/1159/924
f 1579/1159/924 1580/1159/924 1582/1159/924 1581/1159/924
o Plane.071
v 59.988342 0.000000 37.428299
v 60.895039 0.000000 37.850082
v 62.519062 0.000000 31.988127
v 63.425758 0.000000 32.409912
v 59.988342 0.000000 37.428299
v 60.895039 0.000000 37.850082
v 60.895039 0.000000 37.850082
v 60.895039 0.000000 37.850082
v 60.895039 0.000000 37.850082
v 60.895039 0.000000 37.850082
vn -0.0000 1.0000 -0.0000
vt 0.000000 0.000000
vt 1.000000 0.000000
vt 1.000000 1.000000
vt 0.000000 1.000000
s 0
f 1583/1162/925 1584/1163/925 1586/1164/925 1585/1165/925
f 1584/1163/925 1583/1162/925 1587/1162/925 1588/1163/925
f 1584/1163/925 1588/1163/925 1590/1163/925 1589/1163/925
f 1589/1163/925 1590/1163/925 1592/1163/925 1591/1163/925
o Plane.073
v 49.359825 0.000000 43.347813
v 49.757038 0.000000 44.199696
v 55.076153 0.000000 40.682415
v 55.473366 0.000000 41.534298
v 49.359825 0.000000 43.347813
v 49.757038 0.000000 44.199696
v 49.757038 0.000000 44.199696
v 49.757038 0.000000 44.199696
v 49.757038 0.000000 44.199696
v 49.757038 0.000000 44.199696
vn -0.0000 1.0000 -0.0000
vt 0.000000 0.000000
vt 1.000000 0.000000
vt 1.000000 1.000000
vt 0.000000 1.000000
s 0
f 1593/1166/926 1594/1167/926 1596/1168/926 1595/1169/926
f 1594/1167/926 1593/1166/926 1597/1166/926 1598/1167/926
f 1594/1167/926 1598/1167/926 1600/1167/926 1599/1167/926
f 1599/1167/926 1600/1167/926 1602/1167/926 1601/1167/926
o Plane.074
v 45.040901 0.000000 47.042545
v 45.797382 0.000000 47.891972
v 49.309711 0.000000 43.240826
v 50.066193 0.000000 44.090252
v 45.040901 0.000000 47.042545
v 45.797382 0.000000 47.891972
v 45.797382 0.000000 47.891972
v 45.797382 0.000000 47.891972
v 45.797382 0.000000 47.891972
v 45.797382 0.000000 47.891972
vn -0.0000 1.0000 -0.0000
vt 0.000000 0.000000
vt 1.000000 0.000000
vt 1.000000 1.000000
vt 0.000000 1.000000
s 0
f 1603/1170/927 1604/1171/927 1606/1172/927 1605/1173/927
f 1604/1171/927 1603/1170/927 1607/1170/927 1608/1171/927
f 1604/1171/927 1608/1171/927 1610/1171/927 1609/1171/927
f 1609/1171/927 1610/1171/927 1612/1171/927 1611/1171/927
o Plane.076
v 39.698704 0.000000 48.881771
v 40.037106 0.000000 49.822773
v 45.344715 0.000000 46.851368
v 45.683117 0.000000 47.792370
v 39.698704 0.000000 48.881771
v 40.037106 0.000000 49.822773
v 40.037106 0.000000 49.822773
v 40.037106 0.000000 49.822773
v 40.037106 0.000000 49.822773
v 40.037106 0.000000 49.822773
vn -0.0000 1.0000 -0.0000
vt 0.000000 0.000000
vt 1.000000 0.000000
vt 1.000000 1.000000
vt 0.000000 1.000000
s 0
f 1613/1174/928 1614/1175/928 1616/1176/928 1615/1177/928
f 1614/1175/928 1613/1174/928 1617/1174/928 1618/1175/928
f 1614/1175/928 1618/1175/928 1620/1175/928 1619/1175/928
f 1619/1175/928 1620/1175/928 1622/1175/928 1621/1175/928
o Plane.072
v 61.070782 0.000000 38.069550
v 60.425949 0.000000 37.099556
v 55.542221 0.000000 41.744827
v 54.897388 0.000000 40.774834
v 61.070782 0.000000 38.069550
v 60.425949 0.000000 37.099556
v 60.425949 0.000000 37.099556
v 60.425949 0.000000 37.099556
v 60.425949 0.000000 37.099556
v 60.425949 0.000000 37.099556
vn -0.0000 1.0000 -0.0000
vt 0.000000 0.000000
vt 1.000000 0.000000
vt 1.000000 1.000000
vt 0.000000 1.000000
s 0
f 1623/1178/929 1624/1179/929 1626/1180/929 1625/1181/929
f 1624/1179/929 1623/1178/929 1627/1178/929 1628/1179/929
f 1624/1179/929 1628/1179/929 1630/1179/929 1629/1179/929
f 1629/1179/929 1630/1179/929 1632/1179/929 1631/1179/929
o Plane.077
v 28.945175 0.000000 47.408890
v 29.093472 0.000000 48.397835
v 34.878834 0.000000 46.519112
v 35.027130 0.000000 47.508057
v 28.945175 0.000000 47.408890
v 29.093472 0.000000 48.397835
v 29.093472 0.000000 48.397835
v 29.093472 0.000000 48.397835
v 29.093472 0.000000 48.397835
v 29.093472 0.000000 48.397835
vn -0.0000 1.0000 -0.0000
vt 0.000000 0.000000
vt 1.000000 0.000000
vt 1.000000 1.000000
vt 0.000000 1.000000
s 0
f 1633/1182/930 1634/1183/930 1636/1184/930 1635/1185/930
f 1634/1183/930 1633/1182/930 1637/1182/930 1638/1183/930
f 1634/1183/930 1638/1183/930 1640/1183/930 1639/1183/930
f 1639/1183/930 1640/1183/930 1642/1183/930 1641/1183/930
o Plane.078
v 23.942430 0.000000 50.578426
v 24.480534 0.000000 51.421307
v 28.999702 0.000000 47.349804
v 29.537806 0.000000 48.192684
v 23.942430 0.000000 50.578426
v 24.480534 0.000000 51.421307
v 24.480534 0.000000 51.421307
v 24.480534 0.000000 51.421307
v 24.480534 0.000000 51.421307
v 24.480534 0.000000 51.421307
vn -0.0000 1.0000 -0.0000
vt 0.000000 0.000000
vt 1.000000 0.000000
vt 1.000000 1.000000
vt 0.000000 1.000000
s 0
f 1643/1186/931 1644/1187/931 1646/1188/931 1645/1189/931
f 1644/1187/931 1643/1186/931 1647/1186/931 1648/1187/931
f 1644/1187/931 1648/1187/931 1650/1187/931 1649/1187/931
f 1649/1187/931 1650/1187/931 1652/1187/931 1651/1187/931
o Plane.067
v 18.497610 0.000000 51.025616
v 18.606133 0.000000 52.019711
v 24.462173 0.000000 50.374477
v 24.570696 0.000000 51.368572
v 18.497610 0.000000 51.025616
v 18.606133 0.000000 52.019711
v 18.606133 0.000000 52.019711
v 18.606133 0.000000 52.019711
v 18.606133 0.000000 52.019711
v 18.606133 0.000000 52.019711
vn -0.0000 1.0000 -0.0000
vt 0.000000 0.000000
vt 1.000000 0.000000
vt 1.000000 1.000000
vt 0.000000 1.000000
s 0
f 1653/1190/932 1654/1191/932 1656/1192/932 1655/1193/932
f 1654/1191/932 1653/1190/932 1657/1190/932 1658/1191/932
f 1654/1191/932 1658/1191/932 1660/1191/932 1659/1191/932
f 1659/1191/932 1660/1191/932 1662/1191/932 1661/1191/932
o Plane.079
v 13.164769 0.000000 53.384460
v 13.563139 0.000000 54.301685
v 18.668119 0.000000 50.994244
v 19.066488 0.000000 51.911469
v 13.164769 0.000000 53.384460
v 13.563139 0.000000 54.301685
v 13.563139 0.000000 54.301685
v 13.563139 0.000000 54.301685
v 13.563139 0.000000 54.301685
v 13.563139 0.000000 54.301685
vn -0.0000 1.0000 -0.0000
vt 0.000000 0.000000
vt 1.000000 0.000000
vt 1.000000 1.000000
vt 0.000000 1.000000
s 0
f 1663/1194/933 1664/1195/933 1666/1196/933 1665/1197/933
f 1664/1195/933 1663/1194/933 1667/1194/933 1668/1195/933
f 1664/1195/933 1668/1195/933 1670/1195/933 1669/1195/933
f 1669/1195/933 1670/1195/933 1672/1195/933 1671/1195/933
o Plane.080
v 7.989999 0.000000 56.460732
v 8.484344 0.000000 57.329994
v 13.205593 0.000000 53.494659
v 13.699938 0.000000 54.363922
v 7.989999 0.000000 56.460732
v 8.484344 0.000000 57.329994
v 8.484344 0.000000 57.329994
v 8.484344 0.000000 57.329994
v 8.484344 0.000000 57.329994
v 8.484344 0.000000 57.329994
vn -0.0000 1.0000 -0.0000
vt 0.000000 0.000000
vt 1.000000 0.000000
vt 1.000000 1.000000
vt 0.000000 1.000000
s 0
f 1673/1198/934 1674/1199/934 1676/1200/934 1675/1201/934
f 1674/1199/934 1673/1198/934 1677/1198/934 1678/1199/934
f 1674/1199/934 1678/1199/934 1680/1199/934 1679/1199/934
f 1679/1199/934 1680/1199/934 1682/1199/934 1681/1199/934
o Plane.081
v 2.169986 0.000000 58.709679
v 2.525246 0.000000 59.659195
v 8.322189 0.000000 56.407845
v 8.677450 0.000000 57.357361
v 2.169986 0.000000 58.709679
v 2.525246 0.000000 59.659195
v 2.525246 0.000000 59.659195
v 2.525246 0.000000 59.659195
v 2.525246 0.000000 59.659195
v 2.525246 0.000000 59.659195
vn -0.0000 1.0000 -0.0000
vt 0.000000 0.000000
vt 1.000000 0.000000
vt 1.000000 1.000000
vt 0.000000 1.000000
s 0
f 1683/1202/935 1684/1203/935 1686/1204/935 1685/1205/935
f 1684/1203/935 1683/1202/935 1687/1202/935 1688/1203/935
f 1684/1203/935 1688/1203/935 1690/1203/935 1689/1203/935
f 1689/1203/935 1690/1203/935 1692/1203/935 1691/1203/935
o Plane.082
v 2.799270 0.000000 59.706745
v 2.935996 0.000000 58.714996
v -3.488269 0.000000 58.839920
v -3.351542 0.000000 57.848171
v 2.799270 0.000000 59.706745
v 2.935996 0.000000 58.714996
v 2.935996 0.000000 58.714996
v 2.935996 0.000000 58.714996
v 2.935996 0.000000 58.714996
v 2.935996 0.000000 58.714996
vn -0.0000 1.0000 -0.0000
vt 0.000000 0.000000
vt 1.000000 0.000000
vt 1.000000 1.000000
vt 0.000000 1.000000
s 0
f 1693/1206/936 1694/1207/936 1696/1208/936 1695/1209/936
f 1694/1207/936 1693/1206/936 1697/1206/936 1698/1207/936
f 1694/1207/936 1698/1207/936 1700/1207/936 1699/1207/936
f 1699/1207/936 1700/1207/936 1702/1207/936 1701/1207/936
o Plane.065
v -3.301272 0.000000 58.938747
v -3.285615 0.000000 57.938873
v -9.300536 0.000000 58.844803
v -9.284879 0.000000 57.844929
v -3.301272 0.000000 58.938747
v -3.285615 0.000000 57.938873
v -3.285615 0.000000 57.938873
v -3.285615 0.000000 57.938873
v -3.285615 0.000000 57.938873
v -3.285615 0.000000 57.938873
vn -0.0000 1.0000 -0.0000
vt 0.000000 0.000000
vt 1.000000 0.000000
vt 1.000000 1.000000
vt 0.000000 1.000000
s 0
f 1703/1210/937 1704/1211/937 1706/1212/937 1705/1213/937
f 1704/1211/937 1703/1210/937 1707/1210/937 1708/1211/937
f 1704/1211/937 1708/1211/937 1710/1211/937 1709/1211/937
f 1709/1211/937 1710/1211/937 1712/1211/937 1711/1211/937
o Plane.061
v -9.252225 0.000000 58.892391
v -9.194550 0.000000 57.894054
v -15.242237 0.000000 58.546337
v -15.184562 0.000000 57.548000
v -9.252225 0.000000 58.892391
v -9.194550 0.000000 57.894054
v -9.194550 0.000000 57.894054
v -9.194550 0.000000 57.894054
v -9.194550 0.000000 57.894054
v -9.194550 0.000000 57.894054
vn -0.0000 1.0000 -0.0000
vt 0.000000 0.000000
vt 1.000000 0.000000
vt 1.000000 1.000000
vt 0.000000 1.000000
s 0
f 1713/1214/938 1714/1215/938 1716/1216/938 1715/1217/938
f 1714/1215/938 1713/1214/938 1717/1214/938 1718/1215/938
f 1714/1215/938 1718/1215/938 1720/1215/938 1719/1215/938
f 1719/1215/938 1720/1215/938 1722/1215/938 1721/1215/938
o Plane.062
v -15.139543 0.000000 58.624886
v -15.132250 0.000000 57.624912
v -21.139383 0.000000 58.581127
v -21.132092 0.000000 57.581154
v -15.139543 0.000000 58.624886
v -15.132250 0.000000 57.624912
v -15.132250 0.000000 57.624912
v -15.132250 0.000000 57.624912
v -15.132250 0.000000 57.624912
v -15.132250 0.000000 57.624912
vn -0.0000 1.0000 -0.0000
vt 0.000000 0.000000
vt 1.000000 0.000000
vt 1.000000 1.000000
vt 0.000000 1.000000
s 0
f 1723/1218/939 1724/1219/939 1726/1220/939 1725/1221/939
f 1724/1219/939 1723/1218/939 1727/1218/939 1728/1219/939
f 1724/1219/939 1728/1219/939 1730/1219/939 1729/1219/939
f 1729/1219/939 1730/1219/939 1732/1219/939 1731/1219/939
o Plane.063
v -21.110651 0.000000 58.549164
v -21.052969 0.000000 57.550709
v -27.306974 0.000000 58.191189
v -27.249292 0.000000 57.192734
v -21.110651 0.000000 58.549164
v -21.052969 0.000000 57.550709
v -21.052969 0.000000 57.550709
v -21.052969 0.000000 57.550709
v -21.052969 0.000000 57.550709
v -21.052969 0.000000 57.550709
vn -0.0000 1.0000 -0.0000
vt 0.000000 0.000000
vt 1.000000 0.000000
vt 1.000000 1.000000
vt 0.000000 1.000000
s 0
f 1733/1222/940 1734/1223/940 1736/1224/940 1735/1225/940
f 1734/1223/940 1733/1222/940 1737/1222/940 1738/1223/940
f 1734/1223/940 1738/1223/940 1740/1223/940 1739/1223/940
f 1739/1223/940 1740/1223/940 1742/1223/940 1741/1223/940
o Plane.064
v -27.124481 0.000000 58.140629
v -27.066799 0.000000 57.142193
v -33.293682 0.000000 57.784222
v -33.236000 0.000000 56.785786
v -27.124481 0.000000 58.140629
v -27.066799 0.000000 57.142193
v -27.066799 0.000000 57.142193
v -27.066799 0.000000 57.142193
v -27.066799 0.000000 57.142193
v -27.066799 0.000000 57.142193
vn -0.0000 1.0000 -0.0000
vt 0.000000 0.000000
vt 1.000000 0.000000
vt 1.000000 1.000000
vt 0.000000 1.000000
s 0
f 1743/1226/941 1744/1227/941 1746/1228/941 1745/1229/941
f 1744/1227/941 1743/1226/941 1747/1226/941 1748/1227/941
f 1744/1227/941 1748/1227/941 1750/1227/941 1749/1227/941
f 1749/1227/941 1750/1227/941 1752/1227/941 1751/1227/941
o Plane.066
v -33.291824 0.000000 57.760872
v -33.234146 0.000000 56.762535
v -39.281837 0.000000 57.414818
v -39.224159 0.000000 56.416481
v -33.291824 0.000000 57.760872
v -33.234146 0.000000 56.762535
v -33.234146 0.000000 56.762535
v -33.234146 0.000000 56.762535
v -33.234146 0.000000 56.762535
v -33.234146 0.000000 56.762535
vn -0.0000 1.0000 -0.0000
vt 0.000000 0.000000
vt 1.000000 0.000000
vt 1.000000 1.000000
vt 0.000000 1.000000
s 0
f 1753/1230/942 1754/1231/942 1756/1232/942 1755/1233/942
f 1754/1231/942 1753/1230/942 1757/1230/942 1758/1231/942
f 1754/1231/942 1758/1231/942 1760/1231/942 1759/1231/942
f 1759/1231/942 1760/1231/942 1762/1231/942 1761/1231/942
o Plane.083
v -39.272472 0.000000 57.597485
v -38.871502 0.000000 56.668255
v -45.129093 0.000000 55.070316
v -44.728123 0.000000 54.141087
v -39.272472 0.000000 57.597485
v -38.871502 0.000000 56.668255
v -38.871502 0.000000 56.668255
v -38.871502 0.000000 56.668255
v -38.871502 0.000000 56.668255
v -38.871502 0.000000 56.668255
vn -0.0000 1.0000 -0.0000
vt 0.000000 0.000000
vt 1.000000 0.000000
vt 1.000000 1.000000
vt 0.000000 1.000000
s 0
f 1763/1234/943 1764/1235/943 1766/1236/943 1765/1237/943
f 1764/1235/943 1763/1234/943 1767/1234/943 1768/1235/943
f 1764/1235/943 1768/1235/943 1770/1235/943 1769/1235/943
f 1769/1235/943 1770/1235/943 1772/1235/943 1771/1235/943
o Plane.084
v -45.037045 0.000000 55.366657
v -44.288239 0.000000 54.703869
v -49.013771 0.000000 50.873814
v -48.264965 0.000000 50.211025
v -45.037045 0.000000 55.366657
v -44.288239 0.000000 54.703869
v -44.288239 0.000000 54.703869
v -44.288239 0.000000 54.703869
v -44.288239 0.000000 54.703869
v -44.288239 0.000000 54.703869
vn -0.0000 1.0000 -0.0000
vt 0.000000 0.000000
vt 1.000000 0.000000
vt 1.000000 1.000000
vt 0.000000 1.000000
s 0
f 1773/1238/944 1774/1239/944 1776/1240/944 1775/1241/944
f 1774/1239/944 1773/1238/944 1777/1238/944 1778/1239/944
f 1774/1239/944 1778/1239/944 1780/1239/944 1779/1239/944
f 1779/1239/944 1780/1239/944 1782/1239/944 1781/1239/944
o Plane.058
v -51.615452 0.000000 42.544281
v -50.648830 0.000000 42.288067
v -53.152729 0.000000 36.744556
v -52.186108 0.000000 36.488342
v -51.615452 0.000000 42.544281
v -50.648830 0.000000 42.288067
v -50.648830 0.000000 42.288067
v -50.648830 0.000000 42.288067
v -50.648830 0.000000 42.288067
v -50.648830 0.000000 42.288067
vn -0.0000 1.0000 -0.0000
vt 0.000000 0.000000
vt 1.000000 0.000000
vt 1.000000 1.000000
vt 0.000000 1.000000
s 0
f 1783/1242/945 1784/1243/945 1786/1244/945 1785/1245/945
f 1784/1243/945 1783/1242/945 1787/1242/945 1788/1243/945
f 1784/1243/945 1788/1243/945 1790/1243/945 1789/1243/945
f 1789/1243/945 1790/1243/945 1792/1243/945 1791/1243/945
o Plane.059
v -52.770294 0.000000 37.590691
v -51.899788 0.000000 37.098537
v -55.723213 0.000000 32.367641
v -54.852707 0.000000 31.875488
v -52.770294 0.000000 37.590691
v -51.899788 0.000000 37.098537
v -51.899788 0.000000 37.098537
v -51.899788 0.000000 37.098537
v -51.899788 0.000000 37.098537
v -51.899788 0.000000 37.098537
vn -0.0000 1.0000 -0.0000
vt 0.000000 0.000000
vt 1.000000 0.000000
vt 1.000000 1.000000
vt 0.000000 1.000000
s 0
f 1793/1246/946 1794/1247/946 1796/1248/946 1795/1249/946
f 1794/1247/946 1793/1246/946 1797/1246/946 1798/1247/946
f 1794/1247/946 1798/1247/946 1800/1247/946 1799/1247/946
f 1799/1247/946 1800/1247/946 1802/1247/946 1801/1247/946
o Plane.060
v -55.484985 0.000000 32.796204
v -54.697094 0.000000 32.180386
v -59.179874 0.000000 28.068859
v -58.391983 0.000000 27.453043
v -55.484985 0.000000 32.796204
v -54.697094 0.000000 32.180386
v -54.697094 0.000000 32.180386
v -54.697094 0.000000 32.180386
v -54.697094 0.000000 32.180386
v -54.697094 0.000000 32.180386
vn -0.0000 1.0000 -0.0000
vt 0.000000 0.000000
vt 1.000000 0.000000
vt 1.000000 1.000000
vt 0.000000 1.000000
s 0
f 1803/1250/947 1804/1251/947 1806/1252/947 1805/1253/947
f 1804/1251/947 1803/1250/947 1807/1250/947 1808/1251/947
f 1804/1251/947 1808/1251/947 1810/1251/947 1809/1251/947
f 1809/1251/947 1810/1251/947 1812/1251/947 1811/1251/947
o Plane.085
v -59.104507 0.000000 28.257992
v -58.340073 0.000000 27.613291
v -62.972717 0.000000 23.671385
v -62.208282 0.000000 23.026684
v -59.104507 0.000000 28.257992
v -58.340073 0.000000 27.613291
v -58.340073 0.000000 27.613291
v -58.340073 0.000000 27.613291
v -58.340073 0.000000 27.613291
v -58.340073 0.000000 27.613291
vn -0.0000 1.0000 -0.0000
vt 0.000000 0.000000
vt 1.000000 0.000000
vt 1.000000 1.000000
vt 0.000000 1.000000
s 0
f 1813/1254/948 1814/1255/948 1816/1256/948 1815/1257/948
f 1814/1255/948 1813/1254/948 1817/1254/948 1818/1255/948
f 1814/1255/948 1818/1255/948 1820/1255/948 1819/1255/948
f 1819/1255/948 1820/1255/948 1822/1255/948 1821/1255/948
o Plane.049
v -66.672470 0.000000 34.541607
v -65.691978 0.000000 34.755276
v -65.440742 0.000000 28.889402
v -64.460251 0.000000 29.103069
v -66.672470 0.000000 34.541607
v -65.691978 0.000000 34.755276
v -65.691978 0.000000 34.755276
v -65.691978 0.000000 34.755276
v -65.691978 0.000000 34.755276
v -65.691978 0.000000 34.755276
vn -0.0000 1.0000 -0.0000
vt 0.000000 0.000000
vt 1.000000 0.000000
vt 1.000000 1.000000
vt 0.000000 1.000000
s 0
f 1823/1258/949 1824/1259/949 1826/1260/949 1825/1261/949
f 1824/1259/949 1823/1258/949 1827/1258/949 1828/1259/949
f 1824/1259/949 1828/1259/949 1830/1259/949 1829/1259/949
f 1829/1259/949 1830/1259/949 1832/1259/949 1831/1259/949
o Plane.086
v -65.422173 0.000000 28.985067
v -64.472733 0.000000 29.299006
v -63.538544 0.000000 23.288408
v -62.589100 0.000000 23.602346
v -65.422173 0.000000 28.985067
v -64.472733 0.000000 29.299006
v -64.472733 0.000000 29.299006
v -64.472733 0.000000 29.299006
v -64.472733 0.000000 29.299006
v -64.472733 0.000000 29.299006
vn -0.0000 1.0000 -0.0000
vt 0.000000 0.000000
vt 1.000000 0.000000
vt 1.000000 1.000000
vt 0.000000 1.000000
s 0
f 1833/1262/950 1834/1263/950 1836/1264/950 1835/1265/950
f 1834/1263/950 1833/1262/950 1837/1262/950 1838/1263/950
f 1834/1263/950 1838/1263/950 1840/1263/950 1839/1263/950
f 1839/1263/950 1840/1263/950 1842/1263/950 1841/1263/950
o Plane.051
v -63.168259 0.000000 23.779043
v -62.380367 0.000000 23.163227
v -66.863152 0.000000 19.051701
v -66.075256 0.000000 18.435884
v -63.168259 0.000000 23.779043
v -62.380367 0.000000 23.163227
v -62.380367 0.000000 23.163227
v -62.380367 0.000000 23.163227
v -62.380367 0.000000 23.163227
v -62.380367 0.000000 23.163227
vn -0.0000 1.0000 -0.0000
vt 0.000000 0.000000
vt 1.000000 0.000000
vt 1.000000 1.000000
vt 0.000000 1.000000
s 0
f 1843/1266/951 1844/1267/951 1846/1268/951 1845/1269/951
f 1844/1267/951 1843/1266/951 1847/1266/951 1848/1267/951
f 1844/1267/951 1848/1267/951 1850/1267/951 1849/1267/951
f 1849/1267/951 1850/1267/951 1852/1267/951 1851/1267/951
o Plane.050
v -66.867035 0.000000 19.230808
v -65.962166 0.000000 18.805124
v -69.421135 0.000000 13.801576
v -68.516266 0.000000 13.375893
v -66.867035 0.000000 19.230808
v -65.962166 0.000000 18.805124
v -65.962166 0.000000 18.805124
v -65.962166 0.000000 18.805124
v -65.962166 0.000000 18.805124
v -65.962166 0.000000 18.805124
vn -0.0000 1.0000 -0.0000
vt 0.000000 0.000000
vt 1.000000 0.000000
vt 1.000000 1.000000
vt 0.000000 1.000000
s 0
f 1853/1270/952 1854/1271/952 1856/1272/952 1855/1273/952
f 1854/1271/952 1853/1270/952 1857/1270/952 1858/1271/952
f 1854/1271/952 1858/1271/952 1860/1271/952 1859/1271/952
f 1859/1271/952 1860/1271/952 1862/1271/952 1861/1271/952
o Plane.028
v -70.918015 0.000000 3.151322
v -69.994904 0.000000 3.577685
v -68.209488 0.000000 -2.712884
v -67.286377 0.000000 -2.286520
v -70.918015 0.000000 3.151322
v -69.994904 0.000000 3.577685
v -69.994904 0.000000 3.577685
v -69.994904 0.000000 3.577685
v -69.994904 0.000000 3.577685
v -69.994904 0.000000 3.577685
vn -0.0000 1.0000 -0.0000
vt 0.000000 0.000000
vt 1.000000 0.000000
vt 1.000000 1.000000
vt 0.000000 1.000000
s 0
f 1863/1274/953 1864/1275/953 1866/1276/953 1865/1277/953
f 1864/1275/953 1863/1274/953 1867/1274/953 1868/1275/953
f 1864/1275/953 1868/1275/953 1870/1275/953 1869/1275/953
f 1869/1275/953 1870/1275/953 1872/1275/953 1871/1275/953
o Plane.087
v -67.995239 0.000000 -2.720957
v -67.809532 0.000000 -1.738351
v -62.099598 0.000000 -3.835169
v -61.913898 0.000000 -2.852562
v -67.995239 0.000000 -2.720957
v -67.809532 0.000000 -1.738351
v -67.809532 0.000000 -1.738351
v -67.809532 0.000000 -1.738351
v -67.809532 0.000000 -1.738351
v -67.809532 0.000000 -1.738351
vn -0.0000 1.0000 -0.0000
vt 0.000000 0.000000
vt 1.000000 0.000000
vt 1.000000 1.000000
vt 0.000000 1.000000
s 0
f 1873/1278/954 1874/1279/954 1876/1280/954 1875/1281/954
f 1874/1279/954 1873/1278/954 1877/1278/954 1878/1279/954
f 1874/1279/954 1878/1279/954 1880/1279/954 1879/1279/954
f 1879/1279/954 1880/1279/954 1882/1279/954 1881/1279/954
o Plane.088
v -62.255417 0.000000 -3.874490
v -62.080223 0.000000 -2.889956
v -56.348213 0.000000 -4.925664
v -56.173019 0.000000 -3.941130
v -62.255417 0.000000 -3.874490
v -62.080223 0.000000 -2.889956
v -62.080223 0.000000 -2.889956
v -62.080223 0.000000 -2.889956
v -62.080223 0.000000 -2.889956
v -62.080223 0.000000 -2.889956
vn -0.0000 1.0000 -0.0000
vt 0.000000 0.000000
vt 1.000000 0.000000
vt 1.000000 1.000000
vt 0.000000 1.000000
s 0
f 1883/1282/955 1884/1283/955 1886/1284/955 1885/1285/955
f 1884/1283/955 1883/1282/955 1887/1282/955 1888/1283/955
f 1884/1283/955 1888/1283/955 1890/1283/955 1889/1283/955
f 1889/1283/955 1890/1283/955 1892/1283/955 1891/1283/955
o Plane.030
v -56.457466 0.000000 -5.075376
v -56.408474 0.000000 -4.076577
v -50.464672 0.000000 -5.369325
v -50.415680 0.000000 -4.370526
v -56.457466 0.000000 -5.075376
v -56.408474 0.000000 -4.076577
v -56.408474 0.000000 -4.076577
v -56.408474 0.000000 -4.076577
v -56.408474 0.000000 -4.076577
v -56.408474 0.000000 -4.076577
vn -0.0000 1.0000 -0.0000
vt 0.000000 0.000000
vt 1.000000 0.000000
vt 1.000000 1.000000
vt 0.000000 1.000000
s 0
f 1893/1286/956 1894/1287/956 1896/1288/956 1895/1289/956
f 1894/1287/956 1893/1286/956 1897/1286/956 1898/1287/956
f 1894/1287/956 1898/1287/956 1900/1287/956 1899/1287/956
f 1899/1287/956 1900/1287/956 1902/1287/956 1901/1287/956
o Plane.089
v -50.469124 0.000000 -5.561303
v -50.437748 0.000000 -4.561796
v -44.472080 0.000000 -5.749568
v -44.440704 0.000000 -4.750060
v -50.469124 0.000000 -5.561303
v -50.437748 0.000000 -4.561796
v -50.437748 0.000000 -4.561796
v -50.437748 0.000000 -4.561796
v -50.437748 0.000000 -4.561796
v -50.437748 0.000000 -4.561796
vn -0.0000 1.0000 -0.0000
vt 0.000000 0.000000
vt 1.000000 0.000000
vt 1.000000 1.000000
vt 0.000000 1.000000
s 0
f 1903/1290/957 1904/1291/957 1906/1292/957 1905/1293/957
f 1904/1291/957 1903/1290/957 1907/1290/957 1908/1291/957
f 1904/1291/957 1908/1291/957 1910/1291/957 1909/1291/957
f 1909/1291/957 1910/1291/957 1912/1291/957 1911/1291/957
o gangstett_h_megin
v -20.183809 0.000000 1.380469
v -20.446737 0.000000 0.731724
v -20.554522 0.000000 1.530713
v -20.817450 0.000000 0.881969
v -20.183809 0.000000 1.380469
v -20.446737 0.000000 0.731724
v -20.446737 0.000000 0.731724
v -20.446737 0.000000 0.731724
v -20.446737 0.000000 0.731724
v -20.446737 0.000000 0.731724
v -19.577789 0.000000 1.134856
v -19.840717 0.000000 0.486112
v -19.948500 0.000000 1.285100
v -20.211428 0.000000 0.636356
v -19.577789 0.000000 1.134856
v -19.840717 0.000000 0.486112
v -19.840717 0.000000 0.486112
v -19.840717 0.000000 0.486112
v -19.840717 0.000000 0.486112
v -19.840717 0.000000 0.486112
v -19.820385 0.000000 2.287067
v -20.083313 0.000000 1.638323
v -20.191095 0.000000 2.437312
v -20.454023 0.000000 1.788568
v -19.820385 0.000000 2.287067
v -20.083313 0.000000 1.638323
v -20.083313 0.000000 1.638323
v -20.083313 0.000000 1.638323
v -20.083313 0.000000 1.638323
v -20.083313 0.000000 1.638323
v -19.214363 0.000000 2.041455
v -19.477291 0.000000 1.392711
v -19.585073 0.000000 2.191699
v -19.848001 0.000000 1.542955
v -19.214363 0.000000 2.041455
v -19.477291 0.000000 1.392711
v -19.477291 0.000000 1.392711
v -19.477291 0.000000 1.392711
v -19.477291 0.000000 1.392711
v -19.477291 0.000000 1.392711
v -15.976746 0.000000 12.231015
v -16.239674 0.000000 11.582271
v -16.347456 0.000000 12.381259
v -16.610384 0.000000 11.732514
v -15.976746 0.000000 12.231015
v -16.239674 0.000000 11.582271
v -16.239674 0.000000 11.582271
v -16.239674 0.000000 11.582271
v -16.239674 0.000000 11.582271
v -16.239674 0.000000 11.582271
v -15.370724 0.000000 11.985402
v -15.633652 0.000000 11.336658
v -15.741435 0.000000 12.135647
v -16.004362 0.000000 11.486902
v -15.370724 0.000000 11.985402
v -15.633652 0.000000 11.336658
v -15.633652 0.000000 11.336658
v -15.633652 0.000000 11.336658
v -15.633652 0.000000 11.336658
v -15.633652 0.000000 11.336658
v -15.613319 0.000000 13.137613
v -15.876247 0.000000 12.488869
v -15.984032 0.000000 13.287858
v -16.246960 0.000000 12.639113
v -15.613319 0.000000 13.137613
v -15.876247 0.000000 12.488869
v -15.876247 0.000000 12.488869
v -15.876247 0.000000 12.488869
v -15.876247 0.000000 12.488869
v -15.876247 0.000000 12.488869
v -15.007298 0.000000 12.892001
v -15.270226 0.000000 12.243257
v -15.378010 0.000000 13.042245
v -15.640938 0.000000 12.393500
v -15.007298 0.000000 12.892001
v -15.270226 0.000000 12.243257
v -15.270226 0.000000 12.243257
v -15.270226 0.000000 12.243257
v -15.270226 0.000000 12.243257
v -15.270226 0.000000 12.243257
v -17.387760 0.000000 8.598169
v -17.650688 0.000000 7.949426
v -17.758472 0.000000 8.748414
v -18.021400 0.000000 8.099670
v -17.387760 0.000000 8.598169
v -17.650688 0.000000 7.949426
v -17.650688 0.000000 7.949426
v -17.650688 0.000000 7.949426
v -17.650688 0.000000 7.949426
v -17.650688 0.000000 7.949426
v -16.781740 0.000000 8.352557
v -17.044666 0.000000 7.703813
v -17.152451 0.000000 8.502802
v -17.415379 0.000000 7.854057
v -16.781740 0.000000 8.352557
v -17.044666 0.000000 7.703813
v -17.044666 0.000000 7.703813
v -17.044666 0.000000 7.703813
v -17.044666 0.000000 7.703813
v -17.044666 0.000000 7.703813
v -17.024336 0.000000 9.504768
v -17.287264 0.000000 8.856025
v -17.395046 0.000000 9.655013
v -17.657974 0.000000 9.006269
v -17.024336 0.000000 9.504768
v -17.287264 0.000000 8.856025
v -17.287264 0.000000 8.856025
v -17.287264 0.000000 8.856025
v -17.287264 0.000000 8.856025
v -17.287264 0.000000 8.856025
v -16.418314 0.000000 9.259155
v -16.681242 0.000000 8.610412
v -16.789024 0.000000 9.409400
v -17.051952 0.000000 8.760656
v -16.418314 0.000000 9.259155
v -16.681242 0.000000 8.610412
v -16.681242 0.000000 8.610412
v -16.681242 0.000000 8.610412
v -16.681242 0.000000 8.610412
v -16.681242 0.000000 8.610412
v -18.736261 0.000000 4.960885
v -18.999189 0.000000 4.312141
v -19.106972 0.000000 5.111130
v -19.369900 0.000000 4.462386
v -18.736261 0.000000 4.960885
v -18.999189 0.000000 4.312141
v -18.999189 0.000000 4.312141
v -18.999189 0.000000 4.312141
v -18.999189 0.000000 4.312141
v -18.999189 0.000000 4.312141
v -18.130239 0.000000 4.715273
v -18.393167 0.000000 4.066528
v -18.500950 0.000000 4.865517
v -18.763878 0.000000 4.216773
v -18.130239 0.000000 4.715273
v -18.393167 0.000000 4.066528
v -18.393167 0.000000 4.066528
v -18.393167 0.000000 4.066528
v -18.393167 0.000000 4.066528
v -18.393167 0.000000 4.066528
v -18.372835 0.000000 5.867484
v -18.635763 0.000000 5.218740
v -18.743547 0.000000 6.017729
v -19.006474 0.000000 5.368984
v -18.372835 0.000000 5.867484
v -18.635763 0.000000 5.218740
v -18.635763 0.000000 5.218740
v -18.635763 0.000000 5.218740
v -18.635763 0.000000 5.218740
v -18.635763 0.000000 5.218740
v -17.766815 0.000000 5.621872
v -18.029743 0.000000 4.973127
v -18.137526 0.000000 5.772116
v -18.400454 0.000000 5.123372
v -17.766815 0.000000 5.621872
v -18.029743 0.000000 4.973127
v -18.029743 0.000000 4.973127
v -18.029743 0.000000 4.973127
v -18.029743 0.000000 4.973127
v -18.029743 0.000000 4.973127
v -19.514915 0.000000 3.223142
v -19.777843 0.000000 2.574398
v -19.885628 0.000000 3.373386
v -20.148554 0.000000 2.724642
v -19.514915 0.000000 3.223142
v -19.777843 0.000000 2.574398
v -19.777843 0.000000 2.574398
v -19.777843 0.000000 2.574398
v -19.777843 0.000000 2.574398
v -19.777843 0.000000 2.574398
v -18.908894 0.000000 2.977529
v -19.171822 0.000000 2.328785
v -19.279606 0.000000 3.127774
v -19.542534 0.000000 2.479029
v -18.908894 0.000000 2.977529
v -19.171822 0.000000 2.328785
v -19.171822 0.000000 2.328785
v -19.171822 0.000000 2.328785
v -19.171822 0.000000 2.328785
v -19.171822 0.000000 2.328785
v -19.151491 0.000000 4.129741
v -19.414417 0.000000 3.480997
v -19.522202 0.000000 4.279985
v -19.785130 0.000000 3.631241
v -19.151491 0.000000 4.129741
v -19.414417 0.000000 3.480997
v -19.414417 0.000000 3.480997
v -19.414417 0.000000 3.480997
v -19.414417 0.000000 3.480997
v -19.414417 0.000000 3.480997
v -18.545469 0.000000 3.884128
v -18.808397 0.000000 3.235384
v -18.916180 0.000000 4.034372
v -19.179108 0.000000 3.385628
v -18.545469 0.000000 3.884128
v -18.808397 0.000000 3.235384
v -18.808397 0.000000 3.235384
v -18.808397 0.000000 3.235384
v -18.808397 0.000000 3.235384
v -18.808397 0.000000 3.235384
v -18.051945 0.000000 6.770209
v -18.314873 0.000000 6.121466
v -18.422657 0.000000 6.920454
v -18.685583 0.000000 6.271709
v -18.051945 0.000000 6.770209
v -18.314873 0.000000 6.121466
v -18.314873 0.000000 6.121466
v -18.314873 0.000000 6.121466
v -18.314873 0.000000 6.121466
v -18.314873 0.000000 6.121466
v -17.445925 0.000000 6.524596
v -17.708851 0.000000 5.875853
v -17.816635 0.000000 6.674841
v -18.079563 0.000000 6.026097
v -17.445925 0.000000 6.524596
v -17.708851 0.000000 5.875853
v -17.708851 0.000000 5.875853
v -17.708851 0.000000 5.875853
v -17.708851 0.000000 5.875853
v -17.708851 0.000000 5.875853
v -17.688520 0.000000 7.676808
v -17.951447 0.000000 7.028064
v -18.059231 0.000000 7.827052
v -18.322159 0.000000 7.178308
v -17.688520 0.000000 7.676808
v -17.951447 0.000000 7.028064
v -17.951447 0.000000 7.028064
v -17.951447 0.000000 7.028064
v -17.951447 0.000000 7.028064
v -17.951447 0.000000 7.028064
v -17.082499 0.000000 7.431195
v -17.345427 0.000000 6.782452
v -17.453209 0.000000 7.581440
v -17.716137 0.000000 6.932695
v -17.082499 0.000000 7.431195
v -17.345427 0.000000 6.782452
v -17.345427 0.000000 6.782452
v -17.345427 0.000000 6.782452
v -17.345427 0.000000 6.782452
v -17.345427 0.000000 6.782452
v -16.749868 0.000000 10.419022
v -17.012796 0.000000 9.770277
v -17.120579 0.000000 10.569266
v -17.383507 0.000000 9.920522
v -16.749868 0.000000 10.419022
v -17.012796 0.000000 9.770277
v -17.012796 0.000000 9.770277
v -17.012796 0.000000 9.770277
v -17.012796 0.000000 9.770277
v -17.012796 0.000000 9.770277
v -16.143847 0.000000 10.173409
v -16.406775 0.000000 9.524665
v -16.514559 0.000000 10.323654
v -16.777485 0.000000 9.674910
v -16.143847 0.000000 10.173409
v -16.406775 0.000000 9.524665
v -16.406775 0.000000 9.524665
v -16.406775 0.000000 9.524665
v -16.406775 0.000000 9.524665
v -16.406775 0.000000 9.524665
v -16.386444 0.000000 11.325621
v -16.649370 0.000000 10.676876
v -16.757154 0.000000 11.475865
v -17.020081 0.000000 10.827121
v -16.386444 0.000000 11.325621
v -16.649370 0.000000 10.676876
v -16.649370 0.000000 10.676876
v -16.649370 0.000000 10.676876
v -16.649370 0.000000 10.676876
v -16.649370 0.000000 10.676876
v -15.780422 0.000000 11.080009
v -16.043350 0.000000 10.431264
v -16.151133 0.000000 11.230252
v -16.414061 0.000000 10.581508
v -15.780422 0.000000 11.080009
v -16.043350 0.000000 10.431264
v -16.043350 0.000000 10.431264
v -16.043350 0.000000 10.431264
v -16.043350 0.000000 10.431264
v -16.043350 0.000000 10.431264
vn -0.0000 1.0000 -0.0000
vt 0.000000 0.000000
vt 1.000000 0.000000
vt 1.000000 1.000000
vt 0.000000 1.000000
s 0
f 1913/1294/958 1914/1295/958 1916/1296/958 1915/1297/958
f 1914/1295/958 1913/1294/958 1917/1294/958 1918/1295/958
f 1914/1295/958 1918/1295/958 1920/1295/958 1919/1295/958
f 1919/1295/958 1920/1295/958 1922/1295/958 1921/1295/958
f 1923/1294/958 1924/1295/958 1926/1296/958 1925/1297/958
f 1924/1295/958 1923/1294/958 1927/1294/958 1928/1295/958
f 1924/1295/958 1928/1295/958 1930/1295/958 1929/1295/958
f 1929/1295/958 1930/1295/958 1932/1295/958 1931/1295/958
f 1933/1294/958 1934/1295/958 1936/1296/958 1935/1297/958
f 1934/1295/958 1933/1294/958 1937/1294/958 1938/1295/958
f 1934/1295/958 1938/1295/958 1940/1295/958 1939/1295/958
f 1939/1295/958 1940/1295/958 1942/1295/958 1941/1295/958
f 1943/1294/958 1944/1295/958 1946/1296/958 1945/1297/958
f 1944/1295/958 1943/1294/958 1947/1294/958 1948/1295/958
f 1944/1295/958 1948/1295/958 1950/1295/958 1949/1295/958
f 1949/1295/958 1950/1295/958 1952/1295/958 1951/1295/958
f 1953/1294/958 1954/1295/958 1956/1296/958 1955/1297/958
f 1954/1295/958 1953/1294/958 1957/1294/958 1958/1295/958
f 1954/1295/958 1958/1295/958 1960/1295/958 1959/1295/958
f 1959/1295/958 1960/1295/958 1962/1295/958 1961/1295/958
f 1963/1294/958 1964/1295/958 1966/1296/958 1965/1297/958
f 1964/1295/958 1963/1294/958 1967/1294/958 1968/1295/958
f 1964/1295/958 1968/1295/958 1970/1295/958 1969/1295/958
f 1969/1295/958 1970/1295/958 1972/1295/958 1971/1295/958
f 1973/1294/958 1974/1295/958 1976/1296/958 1975/1297/958
f 1974/1295/958 1973/1294/958 1977/1294/958 1978/1295/958
f 1974/1295/958 1978/1295/958 1980/1295/958 1979/1295/958
f 1979/1295/958 1980/1295/958 1982/1295/958 1981/1295/958
f 1983/1294/958 1984/1295/958 1986/1296/958 1985/1297/958
f 1984/1295/958 1983/1294/958 1987/1294/958 1988/1295/958
f 1984/1295/958 1988/1295/958 1990/1295/958 1989/1295/958
f 1989/1295/958 1990/1295/958 1992/1295/958 1991/1295/958
f 1993/1294/958 1994/1295/958 1996/1296/958 1995/1297/958
f 1994/1295/958 1993/1294/958 1997/1294/958 1998/1295/958
f 1994/1295/958 1998/1295/958 2000/1295/958 1999/1295/958
f 1999/1295/958 2000/1295/958 2002/1295/958 2001/1295/958
f 2003/1294/958 2004/1295/958 2006/1296/958 2005/1297/958
f 2004/1295/958 2003/1294/958 2007/1294/958 2008/1295/958
f 2004/1295/958 2008/1295/958 2010/1295/958 2009/1295/958
f 2009/1295/958 2010/1295/958 2012/1295/958 2011/1295/958
f 2013/1294/958 2014/1295/958 2016/1296/958 2015/1297/958
f 2014/1295/958 2013/1294/958 2017/1294/958 2018/1295/958
f 2014/1295/958 2018/1295/958 2020/1295/958 2019/1295/958
f 2019/1295/958 2020/1295/958 2022/1295/958 2021/1295/958
f 2023/1294/958 2024/1295/958 2026/1296/958 2025/1297/958
f 2024/1295/958 2023/1294/958 2027/1294/958 2028/1295/958
f 2024/1295/958 2028/1295/958 2030/1295/958 2029/1295/958
f 2029/1295/958 2030/1295/958 2032/1295/958 2031/1295/958
f 2033/1294/958 2034/1295/958 2036/1296/958 2035/1297/958
f 2034/1295/958 2033/1294/958 2037/1294/958 2038/1295/958
f 2034/1295/958 2038/1295/958 2040/1295/958 2039/1295/958
f 2039/1295/958 2040/1295/958 2042/1295/958 2041/1295/958
f 2043/1294/958 2044/1295/958 2046/1296/958 2045/1297/958
f 2044/1295/958 2043/1294/958 2047/1294/958 2048/1295/958
f 2044/1295/958 2048/1295/958 2050/1295/958 2049/1295/958
f 2049/1295/958 2050/1295/958 2052/1295/958 2051/1295/958
f 2053/1294/958 2054/1295/958 2056/1296/958 2055/1297/958
f 2054/1295/958 2053/1294/958 2057/1294/958 2058/1295/958
f 2054/1295/958 2058/1295/958 2060/1295/958 2059/1295/958
f 2059/1295/958 2060/1295/958 2062/1295/958 2061/1295/958
f 2063/1294/958 2064/1295/958 2066/1296/958 2065/1297/958
f 2064/1295/958 2063/1294/958 2067/1294/958 2068/1295/958
f 2064/1295/958 2068/1295/958 2070/1295/958 2069/1295/958
f 2069/1295/958 2070/1295/958 2072/1295/958 2071/1295/958
f 2073/1294/958 2074/1295/958 2076/1296/958 2075/1297/958
f 2074/1295/958 2073/1294/958 2077/1294/958 2078/1295/958
f 2074/1295/958 2078/1295/958 2080/1295/958 2079/1295/958
f 2079/1295/958 2080/1295/958 2082/1295/958 2081/1295/958
f 2083/1294/958 2084/1295/958 2086/1296/958 2085/1297/958
f 2084/1295/958 2083/1294/958 2087/1294/958 2088/1295/958
f 2084/1295/958 2088/1295/958 2090/1295/958 2089/1295/958
f 2089/1295/958 2090/1295/958 2092/1295/958 2091/1295/958
f 2093/1294/958 2094/1295/958 2096/1296/958 2095/1297/958
f 2094/1295/958 2093/1294/958 2097/1294/958 2098/1295/958
f 2094/1295/958 2098/1295/958 2100/1295/958 2099/1295/958
f 2099/1295/958 2100/1295/958 2102/1295/958 2101/1295/958
f 2103/1294/958 2104/1295/958 2106/1296/958 2105/1297/958
f 2104/1295/958 2103/1294/958 2107/1294/958 2108/1295/958
f 2104/1295/958 2108/1295/958 2110/1295/958 2109/1295/958
f 2109/1295/958 2110/1295/958 2112/1295/958 2111/1295/958
f 2113/1294/958 2114/1295/958 2116/1296/958 2115/1297/958
f 2114/1295/958 2113/1294/958 2117/1294/958 2118/1295/958
f 2114/1295/958 2118/1295/958 2120/1295/958 2119/1295/958
f 2119/1295/958 2120/1295/958 2122/1295/958 2121/1295/958
f 2123/1294/958 2124/1295/958 2126/1296/958 2125/1297/958
f 2124/1295/958 2123/1294/958 2127/1294/958 2128/1295/958
f 2124/1295/958 2128/1295/958 2130/1295/958 2129/1295/958
f 2129/1295/958 2130/1295/958 2132/1295/958 2131/1295/958
f 2133/1294/958 2134/1295/958 2136/1296/958 2135/1297/958
f 2134/1295/958 2133/1294/958 2137/1294/958 2138/1295/958
f 2134/1295/958 2138/1295/958 2140/1295/958 2139/1295/958
f 2139/1295/958 2140/1295/958 2142/1295/958 2141/1295/958
f 2143/1294/958 2144/1295/958 2146/1296/958 2145/1297/958
f 2144/1295/958 2143/1294/958 2147/1294/958 2148/1295/958
f 2144/1295/958 2148/1295/958 2150/1295/958 2149/1295/958
f 2149/1295/958 2150/1295/958 2152/1295/958 2151/1295/958
f 2153/1294/958 2154/1295/958 2156/1296/958 2155/1297/958
f 2154/1295/958 2153/1294/958 2157/1294/958 2158/1295/958
f 2154/1295/958 2158/1295/958 2160/1295/958 2159/1295/958
f 2159/1295/958 2160/1295/958 2162/1295/958 2161/1295/958
f 2163/1294/958 2164/1295/958 2166/1296/958 2165/1297/958
f 2164/1295/958 2163/1294/958 2167/1294/958 2168/1295/958
f 2164/1295/958 2168/1295/958 2170/1295/958 2169/1295/958
f 2169/1295/958 2170/1295/958 2172/1295/958 2171/1295/958
f 2173/1294/958 2174/1295/958 2176/1296/958 2175/1297/958
f 2174/1295/958 2173/1294/958 2177/1294/958 2178/1295/958
f 2174/1295/958 2178/1295/958 2180/1295/958 2179/1295/958
f 2179/1295/958 2180/1295/958 2182/1295/958 2181/1295/958
f 2183/1294/958 2184/1295/958 2186/1296/958 2185/1297/958
f 2184/1295/958 2183/1294/958 2187/1294/958 2188/1295/958
f 2184/1295/958 2188/1295/958 2190/1295/958 2189/1295/958
f 2189/1295/958 2190/1295/958 2192/1295/958 2191/1295/958
o gangstett_ad_vatnsbera
v 9.541564 0.000000 52.479523
v 8.871974 0.000000 51.250031
v 8.838998 0.000000 52.862144
v 8.169408 0.000000 51.632652
v 9.541564 0.000000 52.479523
v 8.871974 0.000000 51.250031
v 8.871974 0.000000 51.250031
v 8.871974 0.000000 51.250031
v 8.871974 0.000000 51.250031
v 8.871974 0.000000 51.250031
v 10.690088 0.000000 51.854027
v 10.020497 0.000000 50.624535
v 9.987521 0.000000 52.236649
v 9.317931 0.000000 51.007160
v 10.690088 0.000000 51.854027
v 10.020497 0.000000 50.624535
v 10.020497 0.000000 50.624535
v 10.020497 0.000000 50.624535
v 10.020497 0.000000 50.624535
v 10.020497 0.000000 50.624535
v 10.469332 0.000000 54.198605
v 9.799742 0.000000 52.969112
v 9.766765 0.000000 54.581226
v 9.097175 0.000000 53.351738
v 10.469332 0.000000 54.198605
v 9.799742 0.000000 52.969112
v 9.799742 0.000000 52.969112
v 9.799742 0.000000 52.969112
v 9.799742 0.000000 52.969112
v 9.799742 0.000000 52.969112
v 11.617855 0.000000 53.573109
v 10.948265 0.000000 52.343620
v 10.915289 0.000000 53.955734
v 10.245698 0.000000 52.726242
v 11.617855 0.000000 53.573109
v 10.948265 0.000000 52.343620
v 10.948265 0.000000 52.343620
v 10.948265 0.000000 52.343620
v 10.948265 0.000000 52.343620
v 10.948265 0.000000 52.343620
v 7.659685 0.000000 48.983402
v 6.990095 0.000000 47.753914
v 6.957118 0.000000 49.366028
v 6.287528 0.000000 48.136536
v 7.659685 0.000000 48.983402
v 6.990095 0.000000 47.753914
v 6.990095 0.000000 47.753914
v 6.990095 0.000000 47.753914
v 6.990095 0.000000 47.753914
v 6.990095 0.000000 47.753914
v 8.808208 0.000000 48.357910
v 8.138618 0.000000 47.128418
v 8.105641 0.000000 48.740532
v 7.436051 0.000000 47.511040
v 8.808208 0.000000 48.357910
v 8.138618 0.000000 47.128418
v 8.138618 0.000000 47.128418
v 8.138618 0.000000 47.128418
v 8.138618 0.000000 47.128418
v 8.138618 0.000000 47.128418
v 8.587452 0.000000 50.702488
v 7.917862 0.000000 49.472996
v 7.884885 0.000000 51.085110
v 7.215295 0.000000 49.855618
v 8.587452 0.000000 50.702488
v 7.917862 0.000000 49.472996
v 7.917862 0.000000 49.472996
v 7.917862 0.000000 49.472996
v 7.917862 0.000000 49.472996
v 7.917862 0.000000 49.472996
v 9.735975 0.000000 50.076992
v 9.066385 0.000000 48.847500
v 9.033409 0.000000 50.459614
v 8.363819 0.000000 49.230125
v 9.735975 0.000000 50.076992
v 9.066385 0.000000 48.847500
v 9.066385 0.000000 48.847500
v 9.066385 0.000000 48.847500
v 9.066385 0.000000 48.847500
v 9.066385 0.000000 48.847500
v 5.900911 0.000000 45.616360
v 5.231321 0.000000 44.386871
v 5.198345 0.000000 45.998985
v 4.528755 0.000000 44.769493
v 5.900911 0.000000 45.616360
v 5.231321 0.000000 44.386871
v 5.231321 0.000000 44.386871
v 5.231321 0.000000 44.386871
v 5.231321 0.000000 44.386871
v 5.231321 0.000000 44.386871
v 7.049435 0.000000 44.990868
v 6.379845 0.000000 43.761375
v 6.346869 0.000000 45.373489
v 5.677278 0.000000 44.143997
v 7.049435 0.000000 44.990868
v 6.379845 0.000000 43.761375
v 6.379845 0.000000 43.761375
v 6.379845 0.000000 43.761375
v 6.379845 0.000000 43.761375
v 6.379845 0.000000 43.761375
v 6.828679 0.000000 47.335445
v 6.159089 0.000000 46.105953
v 6.126112 0.000000 47.718067
v 5.456522 0.000000 46.488575
v 6.828679 0.000000 47.335445
v 6.159089 0.000000 46.105953
v 6.159089 0.000000 46.105953
v 6.159089 0.000000 46.105953
v 6.159089 0.000000 46.105953
v 6.159089 0.000000 46.105953
v 7.977202 0.000000 46.709949
v 7.307612 0.000000 45.480457
v 7.274635 0.000000 47.092571
v 6.605045 0.000000 45.863083
v 7.977202 0.000000 46.709949
v 7.307612 0.000000 45.480457
v 7.307612 0.000000 45.480457
v 7.307612 0.000000 45.480457
v 7.307612 0.000000 45.480457
v 7.307612 0.000000 45.480457
v 5.005795 0.000000 43.910919
v 4.444901 0.000000 42.628189
v 4.272806 0.000000 44.231430
v 3.711912 0.000000 42.948700
v 5.005795 0.000000 43.910919
v 4.444901 0.000000 42.628189
v 4.444901 0.000000 42.628189
v 4.444901 0.000000 42.628189
v 4.444901 0.000000 42.628189
v 4.444901 0.000000 42.628189
v 6.204051 0.000000 43.386963
v 5.643157 0.000000 42.104233
v 5.471063 0.000000 43.707474
v 4.910169 0.000000 42.424744
v 6.204051 0.000000 43.386963
v 5.643157 0.000000 42.104233
v 5.643157 0.000000 42.104233
v 5.643157 0.000000 42.104233
v 5.643157 0.000000 42.104233
v 5.643157 0.000000 42.104233
v 4.234822 0.000000 42.277264
v 3.673928 0.000000 40.994534
v 3.501832 0.000000 42.597775
v 2.940939 0.000000 41.315044
v 4.234822 0.000000 42.277264
v 3.673928 0.000000 40.994534
v 3.673928 0.000000 40.994534
v 3.673928 0.000000 40.994534
v 3.673928 0.000000 40.994534
v 3.673928 0.000000 40.994534
v 5.433078 0.000000 41.753307
v 4.872185 0.000000 40.470577
v 4.700089 0.000000 42.073818
v 4.139195 0.000000 40.791088
v 5.433078 0.000000 41.753307
v 4.872185 0.000000 40.470577
v 4.872185 0.000000 40.470577
v 4.872185 0.000000 40.470577
v 4.872185 0.000000 40.470577
v 4.872185 0.000000 40.470577
v 3.441080 0.000000 40.591671
v 2.880187 0.000000 39.308941
v 2.708091 0.000000 40.912182
v 2.147197 0.000000 39.629452
v 3.441080 0.000000 40.591671
v 2.880187 0.000000 39.308941
v 2.880187 0.000000 39.308941
v 2.880187 0.000000 39.308941
v 2.880187 0.000000 39.308941
v 2.880187 0.000000 39.308941
v 4.639338 0.000000 40.067715
v 4.078443 0.000000 38.784985
v 3.906348 0.000000 40.388229
v 3.345454 0.000000 39.105495
v 4.639338 0.000000 40.067715
v 4.078443 0.000000 38.784985
v 4.078443 0.000000 38.784985
v 4.078443 0.000000 38.784985
v 4.078443 0.000000 38.784985
v 4.078443 0.000000 38.784985
v 2.732760 0.000000 38.968910
v 2.171867 0.000000 37.686180
v 1.999772 0.000000 39.289421
v 1.438878 0.000000 38.006691
v 2.732760 0.000000 38.968910
v 2.171867 0.000000 37.686180
v 2.171867 0.000000 37.686180
v 2.171867 0.000000 37.686180
v 2.171867 0.000000 37.686180
v 2.171867 0.000000 37.686180
v 3.931018 0.000000 38.444954
v 3.370123 0.000000 37.162224
v 3.198029 0.000000 38.765465
v 2.637135 0.000000 37.482735
v 3.931018 0.000000 38.444954
v 3.370123 0.000000 37.162224
v 3.370123 0.000000 37.162224
v 3.370123 0.000000 37.162224
v 3.370123 0.000000 37.162224
v 3.370123 0.000000 37.162224
vn -0.0000 1.0000 -0.0000
vt 0.000000 0.000000
vt 1.000000 0.000000
vt 1.000000 1.000000
vt 0.000000 1.000000
s 0
f 2193/1298/959 2194/1299/959 2196/1300/959 2195/1301/959
f 2194/1299/959 2193/1298/959 2197/1298/959 2198/1299/959
f 2194/1299/959 2198/1299/959 2200/1299/959 2199/1299/959
f 2199/1299/959 2200/1299/959 2202/1299/959 2201/1299/959
f 2203/1298/959 2204/1299/959 2206/1300/959 2205/1301/959
f 2204/1299/959 2203/1298/959 2207/1298/959 2208/1299/959
f 2204/1299/959 2208/1299/959 2210/1299/959 2209/1299/959
f 2209/1299/959 2210/1299/959 2212/1299/959 2211/1299/959
f 2213/1298/959 2214/1299/959 2216/1300/959 2215/1301/959
f 2214/1299/959 2213/1298/959 2217/1298/959 2218/1299/959
f 2214/1299/959 2218/1299/959 2220/1299/959 2219/1299/959
f 2219/1299/959 2220/1299/959 2222/1299/959 2221/1299/959
f 2223/1298/959 2224/1299/959 2226/1300/959 2225/1301/959
f 2224/1299/959 2223/1298/959 2227/1298/959 2228/1299/959
f 2224/1299/959 2228/1299/959 2230/1299/959 2229/1299/959
f 2229/1299/959 2230/1299/959 2232/1299/959 2231/1299/959
f 2233/1298/959 2234/1299/959 2236/1300/959 2235/1301/959
f 2234/1299/959 2233/1298/959 2237/1298/959 2238/1299/959
f 2234/1299/959 2238/1299/959 2240/1299/959 2239/1299/959
f 2239/1299/959 2240/1299/959 2242/1299/959 2241/1299/959
f 2243/1298/959 2244/1299/959 2246/1300/959 2245/1301/959
f 2244/1299/959 2243/1298/959 2247/1298/959 2248/1299/959
f 2244/1299/959 2248/1299/959 2250/1299/959 2249/1299/959
f 2249/1299/959 2250/1299/959 2252/1299/959 2251/1299/959
f 2253/1298/959 2254/1299/959 2256/1300/959 2255/1301/959
f 2254/1299/959 2253/1298/959 2257/1298/959 2258/1299/959
f 2254/1299/959 2258/1299/959 2260/1299/959 2259/1299/959
f 2259/1299/959 2260/1299/959 2262/1299/959 2261/1299/959
f 2263/1298/959 2264/1299/959 2266/1300/959 2265/1301/959
f 2264/1299/959 2263/1298/959 2267/1298/959 2268/1299/959
f 2264/1299/959 2268/1299/959 2270/1299/959 2269/1299/959
f 2269/1299/959 2270/1299/959 2272/1299/959 2271/1299/959
f 2273/1298/959 2274/1299/959 2276/1300/959 2275/1301/959
f 2274/1299/959 2273/1298/959 2277/1298/959 2278/1299/959
f 2274/1299/959 2278/1299/959 2280/1299/959 2279/1299/959
f 2279/1299/959 2280/1299/959 2282/1299/959 2281/1299/959
f 2283/1298/959 2284/1299/959 2286/1300/959 2285/1301/959
f 2284/1299/959 2283/1298/959 2287/1298/959 2288/1299/959
f 2284/1299/959 2288/1299/959 2290/1299/959 2289/1299/959
f 2289/1299/959 2290/1299/959 2292/1299/959 2291/1299/959
f 2293/1298/959 2294/1299/959 2296/1300/959 2295/1301/959
f 2294/1299/959 2293/1298/959 2297/1298/959 2298/1299/959
f 2294/1299/959 2298/1299/959 2300/1299/959 2299/1299/959
f 2299/1299/959 2300/1299/959 2302/1299/959 2301/1299/959
f 2303/1298/959 2304/1299/959 2306/1300/959 2305/1301/959
f 2304/1299/959 2303/1298/959 2307/1298/959 2308/1299/959
f 2304/1299/959 2308/1299/959 2310/1299/959 2309/1299/959
f 2309/1299/959 2310/1299/959 2312/1299/959 2311/1299/959
f 2313/1298/959 2314/1299/959 2316/1300/959 2315/1301/959
f 2314/1299/959 2313/1298/959 2317/1298/959 2318/1299/959
f 2314/1299/959 2318/1299/959 2320/1299/959 2319/1299/959
f 2319/1299/959 2320/1299/959 2322/1299/959 2321/1299/959
f 2323/1298/959 2324/1299/959 2326/1300/959 2325/1301/959
f 2324/1299/959 2323/1298/959 2327/1298/959 2328/1299/959
f 2324/1299/959 2328/1299/959 2330/1299/959 2329/1299/959
f 2329/1299/959 2330/1299/959 2332/1299/959 2331/1299/959
f 2333/1298/959 2334/1299/959 2336/1300/959 2335/1301/959
f 2334/1299/959 2333/1298/959 2337/1298/959 2338/1299/959
f 2334/1299/959 2338/1299/959 2340/1299/959 2339/1299/959
f 2339/1299/959 2340/1299/959 2342/1299/959 2341/1299/959
f 2343/1298/959 2344/1299/959 2346/1300/959 2345/1301/959
f 2344/1299/959 2343/1298/959 2347/1298/959 2348/1299/959
f 2344/1299/959 2348/1299/959 2350/1299/959 2349/1299/959
f 2349/1299/959 2350/1299/959 2352/1299/959 2351/1299/959
f 2353/1298/959 2354/1299/959 2356/1300/959 2355/1301/959
f 2354/1299/959 2353/1298/959 2357/1298/959 2358/1299/959
f 2354/1299/959 2358/1299/959 2360/1299/959 2359/1299/959
f 2359/1299/959 2360/1299/959 2362/1299/959 2361/1299/959
f 2363/1298/959 2364/1299/959 2366/1300/959 2365/1301/959
f 2364/1299/959 2363/1298/959 2367/1298/959 2368/1299/959
f 2364/1299/959 2368/1299/959 2370/1299/959 2369/1299/959
f 2369/1299/959 2370/1299/959 2372/1299/959 2371/1299/959
f 2373/1298/959 2374/1299/959 2376/1300/959 2375/1301/959
f 2374/1299/959 2373/1298/959 2377/1298/959 2378/1299/959
f 2374/1299/959 2378/1299/959 2380/1299/959 2379/1299/959
f 2379/1299/959 2380/1299/959 2382/1299/959 2381/1299/959
f 2383/1298/959 2384/1299/959 2386/1300/959 2385/1301/959
f 2384/1299/959 2383/1298/959 2387/1298/959 2388/1299/959
f 2384/1299/959 2388/1299/959 2390/1299/959 2389/1299/959
f 2389/1299/959 2390/1299/959 2392/1299/959 2391/1299/959
o Plane.003
v -66.821297 0.000000 38.794250
v -65.822075 0.000000 38.833611
v -66.648109 0.000000 34.397659
v -65.648888 0.000000 34.437019
v -66.821297 0.000000 38.794250
v -65.822075 0.000000 38.833611
v -65.822075 0.000000 38.833611
v -65.822075 0.000000 38.833611
v -65.822075 0.000000 38.833611
v -65.822075 0.000000 38.833611
vn -0.0000 1.0000 -0.0000
vt 0.000000 0.000000
vt 1.000000 0.000000
vt 1.000000 1.000000
vt 0.000000 1.000000
s 0
f 2393/1302/960 2394/1303/960 2396/1304/960 2395/1305/960
f 2394/1303/960 2393/1302/960 2397/1302/960 2398/1303/960
f 2394/1303/960 2398/1303/960 2400/1303/960 2399/1303/960
f 2399/1303/960 2400/1303/960 2402/1303/960 2401/1303/960
o Plane.047
v -50.028996 0.000000 48.565529
v -49.108559 0.000000 48.321556
v -51.657433 0.000000 42.421890
v -50.736996 0.000000 42.177917
v -50.028996 0.000000 48.565529
v -49.108559 0.000000 48.321556
v -49.108559 0.000000 48.321556
v -49.108559 0.000000 48.321556
v -49.108559 0.000000 48.321556
v -49.108559 0.000000 48.321556
vn -0.0000 1.0000 -0.0000
vt 0.000000 0.000000
vt 1.000000 0.000000
vt 1.000000 1.000000
vt 0.000000 1.000000
s 0
f 2403/1306/961 2404/1307/961 2406/1308/961 2405/1309/961
f 2404/1307/961 2403/1306/961 2407/1306/961 2408/1307/961
f 2404/1307/961 2408/1307/961 2410/1307/961 2409/1307/961
f 2409/1307/961 2410/1307/961 2412/1307/961 2411/1307/961
o Plane.055
v -49.260597 0.000000 51.232197
v -48.293976 0.000000 50.975983
v -50.285446 0.000000 47.365715
v -49.318825 0.000000 47.109501
v -49.260597 0.000000 51.232197
v -48.293976 0.000000 50.975983
v -48.293976 0.000000 50.975983
v -48.293976 0.000000 50.975983
v -48.293976 0.000000 50.975983
v -48.293976 0.000000 50.975983
vn -0.0000 1.0000 -0.0000
vt 0.000000 0.000000
vt 1.000000 0.000000
vt 1.000000 1.000000
vt 0.000000 1.000000
s 0
f 2413/1310/962 2414/1311/962 2416/1312/962 2415/1313/962
f 2414/1311/962 2413/1310/962 2417/1310/962 2418/1311/962
f 2414/1311/962 2418/1311/962 2420/1311/962 2419/1311/962
f 2419/1311/962 2420/1311/962 2422/1311/962 2421/1311/962
o Plane.052
v -54.729126 0.000000 48.537022
v -54.165916 0.000000 47.672359
v -58.209160 0.000000 46.270252
v -57.645950 0.000000 45.405590
v -54.729126 0.000000 48.537022
v -54.165916 0.000000 47.672359
v -54.165916 0.000000 47.672359
v -54.165916 0.000000 47.672359
v -54.165916 0.000000 47.672359
v -54.165916 0.000000 47.672359
vn -0.0000 1.0000 -0.0000
vt 0.000000 0.000000
vt 1.000000 0.000000
vt 1.000000 1.000000
vt 0.000000 1.000000
s 0
f 2423/1314/963 2424/1315/963 2426/1316/963 2425/1317/963
f 2424/1315/963 2423/1314/963 2427/1314/963 2428/1315/963
f 2424/1315/963 2428/1315/963 2430/1315/963 2429/1315/963
f 2429/1315/963 2430/1315/963 2432/1315/963 2431/1315/963
o Plane.053
v -57.932854 0.000000 46.383900
v -57.387062 0.000000 45.545979
v -61.284538 0.000000 44.200733
v -60.738747 0.000000 43.362812
v -57.932854 0.000000 46.383900
v -57.387062 0.000000 45.545979
v -57.387062 0.000000 45.545979
v -57.387062 0.000000 45.545979
v -57.387062 0.000000 45.545979
v -57.387062 0.000000 45.545979
vn -0.0000 1.0000 -0.0000
vt 0.000000 0.000000
vt 1.000000 0.000000
vt 1.000000 1.000000
vt 0.000000 1.000000
s 0
f 2433/1318/964 2434/1319/964 2436/1320/964 2435/1321/964
f 2434/1319/964 2433/1318/964 2437/1318/964 2438/1319/964
f 2434/1319/964 2438/1319/964 2440/1319/964 2439/1319/964
f 2439/1319/964 2440/1319/964 2442/1319/964 2441/1319/964
o Plane.056
v -61.191452 0.000000 44.122570
v -60.645660 0.000000 43.284649
v -64.543137 0.000000 41.939404
v -63.997345 0.000000 41.101482
v -61.191452 0.000000 44.122570
v -60.645660 0.000000 43.284649
v -60.645660 0.000000 43.284649
v -60.645660 0.000000 43.284649
v -60.645660 0.000000 43.284649
v -60.645660 0.000000 43.284649
vn -0.0000 1.0000 -0.0000
vt 0.000000 0.000000
vt 1.000000 0.000000
vt 1.000000 1.000000
vt 0.000000 1.000000
s 0
f 2443/1322/965 2444/1323/965 2446/1324/965 2445/1325/965
f 2444/1323/965 2443/1322/965 2447/1322/965 2448/1323/965
f 2444/1323/965 2448/1323/965 2450/1323/965 2449/1323/965
f 2449/1323/965 2450/1323/965 2452/1323/965 2451/1323/965
o litil_stett_ad_tonum_hafsins
v 36.144588 0.000000 -1.528498
v 36.144588 0.000000 -2.228498
v 35.744587 0.000000 -1.528498
v 35.744587 0.000000 -2.228498
v 36.144588 0.000000 -1.528498
v 36.144588 0.000000 -2.228498
v 36.144588 0.000000 -2.228498
v 36.144588 0.000000 -2.228498
v 36.144588 0.000000 -2.228498
v 36.144588 0.000000 -2.228498
v 36.798489 0.000000 -1.528498
v 36.798489 0.000000 -2.228498
v 36.398491 0.000000 -1.528498
v 36.398491 0.000000 -2.228498
v 36.798489 0.000000 -1.528498
v 36.798489 0.000000 -2.228498
v 36.798489 0.000000 -2.228498
v 36.798489 0.000000 -2.228498
v 36.798489 0.000000 -2.228498
v 36.798489 0.000000 -2.228498
v 36.118866 0.000000 -0.628175
v 36.118866 0.000000 -1.328175
v 35.718868 0.000000 -0.628175
v 35.718868 0.000000 -1.328175
v 36.118866 0.000000 -0.628175
v 36.118866 0.000000 -1.328175
v 36.118866 0.000000 -1.328175
v 36.118866 0.000000 -1.328175
v 36.118866 0.000000 -1.328175
v 36.118866 0.000000 -1.328175
v 36.772770 0.000000 -0.628175
v 36.772770 0.000000 -1.328176
v 36.372768 0.000000 -0.628175
v 36.372768 0.000000 -1.328175
v 36.772770 0.000000 -0.628175
v 36.772770 0.000000 -1.328176
v 36.772770 0.000000 -1.328176
v 36.772770 0.000000 -1.328176
v 36.772770 0.000000 -1.328176
v 36.772770 0.000000 -1.328176
v 36.142883 0.000000 1.244551
v 36.142883 0.000000 0.544551
v 35.742886 0.000000 1.244551
v 35.742886 0.000000 0.544551
v 36.142883 0.000000 1.244551
v 36.142883 0.000000 0.544551
v 36.142883 0.000000 0.544551
v 36.142883 0.000000 0.544551
v 36.142883 0.000000 0.544551
v 36.142883 0.000000 0.544551
v 36.796787 0.000000 1.244551
v 36.796787 0.000000 0.544551
v 36.396786 0.000000 1.244551
v 36.396786 0.000000 0.544551
v 36.796787 0.000000 1.244551
v 36.796787 0.000000 0.544551
v 36.796787 0.000000 0.544551
v 36.796787 0.000000 0.544551
v 36.796787 0.000000 0.544551
v 36.796787 0.000000 0.544551
v 36.161613 0.000000 3.167514
v 36.161613 0.000000 2.467514
v 35.761612 0.000000 3.167514
v 35.761612 0.000000 2.467514
v 36.161613 0.000000 3.167514
v 36.161613 0.000000 2.467514
v 36.161613 0.000000 2.467514
v 36.161613 0.000000 2.467514
v 36.161613 0.000000 2.467514
v 36.161613 0.000000 2.467514
v 36.815514 0.000000 3.167514
v 36.815514 0.000000 2.467514
v 36.415516 0.000000 3.167514
v 36.415516 0.000000 2.467514
v 36.815514 0.000000 3.167514
v 36.815514 0.000000 2.467514
v 36.815514 0.000000 2.467514
v 36.815514 0.000000 2.467514
v 36.815514 0.000000 2.467514
v 36.815514 0.000000 2.467514
v 36.177162 0.000000 5.125030
v 36.177162 0.000000 4.425030
v 35.777161 0.000000 5.125030
v 35.777161 0.000000 4.425030
v 36.177162 0.000000 5.125030
v 36.177162 0.000000 4.425030
v 36.177162 0.000000 4.425030
v 36.177162 0.000000 4.425030
v 36.177162 0.000000 4.425030
v 36.177162 0.000000 4.425030
v 36.831062 0.000000 5.125030
v 36.831062 0.000000 4.425030
v 36.431065 0.000000 5.125030
v 36.431065 0.000000 4.425030
v 36.831062 0.000000 5.125030
v 36.831062 0.000000 4.425030
v 36.831062 0.000000 4.425030
v 36.831062 0.000000 4.425030
v 36.831062 0.000000 4.425030
v 36.831062 0.000000 4.425030
v 36.149784 0.000000 7.090424
v 36.149780 0.000000 6.390424
v 35.749783 0.000000 7.090424
v 35.749783 0.000000 6.390424
v 36.149784 0.000000 7.090424
v 36.149780 0.000000 6.390424
v 36.149780 0.000000 6.390424
v 36.149780 0.000000 6.390424
v 36.149780 0.000000 6.390424
v 36.149780 0.000000 6.390424
v 36.803684 0.000000 7.090424
v 36.803684 0.000000 6.390424
v 36.403683 0.000000 7.090424
v 36.403683 0.000000 6.390424
v 36.803684 0.000000 7.090424
v 36.803684 0.000000 6.390424
v 36.803684 0.000000 6.390424
v 36.803684 0.000000 6.390424
v 36.803684 0.000000 6.390424
v 36.803684 0.000000 6.390424
v 36.173618 0.000000 9.047458
v 36.173618 0.000000 8.347458
v 35.773617 0.000000 9.047458
v 35.773617 0.000000 8.347458
v 36.173618 0.000000 9.047458
v 36.173618 0.000000 8.347458
v 36.173618 0.000000 8.347458
v 36.173618 0.000000 8.347458
v 36.173618 0.000000 8.347458
v 36.173618 0.000000 8.347458
v 36.827518 0.000000 9.047458
v 36.827518 0.000000 8.347458
v 36.427517 0.000000 9.047458
v 36.427517 0.000000 8.347458
v 36.827518 0.000000 9.047458
v 36.827518 0.000000 8.347458
v 36.827518 0.000000 8.347458
v 36.827518 0.000000 8.347458
v 36.827518 0.000000 8.347458
v 36.827518 0.000000 8.347458
v 36.090248 0.000000 0.310031
v 36.090248 0.000000 -0.389969
v 35.690247 0.000000 0.310031
v 35.690247 0.000000 -0.389969
v 36.090248 0.000000 0.310031
v 36.090248 0.000000 -0.389969
v 36.090248 0.000000 -0.389969
v 36.090248 0.000000 -0.389969
v 36.090248 0.000000 -0.389969
v 36.090248 0.000000 -0.389969
v 36.744148 0.000000 0.310031
v 36.744148 0.000000 -0.389969
v 36.344151 0.000000 0.310031
v 36.344151 0.000000 -0.389969
v 36.744148 0.000000 0.310031
v 36.744148 0.000000 -0.389969
v 36.744148 0.000000 -0.389969
v 36.744148 0.000000 -0.389969
v 36.744148 0.000000 -0.389969
v 36.744148 0.000000 -0.389969
v 36.083584 0.000000 2.214730
v 36.083584 0.000000 1.514730
v 35.683582 0.000000 2.214730
v 35.683582 0.000000 1.514730
v 36.083584 0.000000 2.214730
v 36.083584 0.000000 1.514730
v 36.083584 0.000000 1.514730
v 36.083584 0.000000 1.514730
v 36.083584 0.000000 1.514730
v 36.083584 0.000000 1.514730
v 36.737484 0.000000 2.214730
v 36.737484 0.000000 1.514730
v 36.337486 0.000000 2.214730
v 36.337486 0.000000 1.514730
v 36.737484 0.000000 2.214730
v 36.737484 0.000000 1.514730
v 36.737484 0.000000 1.514730
v 36.737484 0.000000 1.514730
v 36.737484 0.000000 1.514730
v 36.737484 0.000000 1.514730
v 36.161274 0.000000 4.185883
v 36.161274 0.000000 3.485883
v 35.761276 0.000000 4.185883
v 35.761276 0.000000 3.485883
v 36.161274 0.000000 4.185883
v 36.161274 0.000000 3.485883
v 36.161274 0.000000 3.485883
v 36.161274 0.000000 3.485883
v 36.161274 0.000000 3.485883
v 36.161274 0.000000 3.485883
v 36.815178 0.000000 4.185883
v 36.815178 0.000000 3.485883
v 36.415176 0.000000 4.185883
v 36.415176 0.000000 3.485883
v 36.815178 0.000000 4.185883
v 36.815178 0.000000 3.485883
v 36.815178 0.000000 3.485883
v 36.815178 0.000000 3.485883
v 36.815178 0.000000 3.485883
v 36.815178 0.000000 3.485883
v 36.142776 0.000000 6.128450
v 36.142776 0.000000 5.428451
v 35.742779 0.000000 6.128450
v 35.742779 0.000000 5.428451
v 36.142776 0.000000 6.128450
v 36.142776 0.000000 5.428451
v 36.142776 0.000000 5.428451
v 36.142776 0.000000 5.428451
v 36.142776 0.000000 5.428451
v 36.142776 0.000000 5.428451
v 36.796680 0.000000 6.128450
v 36.796680 0.000000 5.428451
v 36.396679 0.000000 6.128450
v 36.396679 0.000000 5.428451
v 36.796680 0.000000 6.128450
v 36.796680 0.000000 5.428451
v 36.796680 0.000000 5.428451
v 36.796680 0.000000 5.428451
v 36.796680 0.000000 5.428451
v 36.796680 0.000000 5.428451
v 36.156254 0.000000 8.123202
v 36.156254 0.000000 7.423203
v 35.756256 0.000000 8.123202
v 35.756256 0.000000 7.423203
v 36.156254 0.000000 8.123202
v 36.156254 0.000000 7.423203
v 36.156254 0.000000 7.423203
v 36.156254 0.000000 7.423203
v 36.156254 0.000000 7.423203
v 36.156254 0.000000 7.423203
v 36.810158 0.000000 8.123202
v 36.810158 0.000000 7.423203
v 36.410156 0.000000 8.123202
v 36.410156 0.000000 7.423203
v 36.810158 0.000000 8.123202
v 36.810158 0.000000 7.423203
v 36.810158 0.000000 7.423203
v 36.810158 0.000000 7.423203
v 36.810158 0.000000 7.423203
v 36.810158 0.000000 7.423203
vn -0.0000 1.0000 -0.0000
vt 0.000000 0.000000
vt 1.000000 0.000000
vt 1.000000 1.000000
vt 0.000000 1.000000
s 0
f 2453/1326/966 2454/1327/966 2456/1328/966 2455/1329/966
f 2454/1327/966 2453/1326/966 2457/1326/966 2458/1327/966
f 2454/1327/966 2458/1327/966 2460/1327/966 2459/1327/966
f 2459/1327/966 2460/1327/966 2462/1327/966 2461/1327/966
f 2463/1326/966 2464/1327/966 2466/1328/966 2465/1329/966
f 2464/1327/966 2463/1326/966 2467/1326/966 2468/1327/966
f 2464/1327/966 2468/1327/966 2470/1327/966 2469/1327/966
f 2469/1327/966 2470/1327/966 2472/1327/966 2471/1327/966
f 2473/1326/966 2474/1327/966 2476/1328/966 2475/1329/966
f 2474/1327/966 2473/1326/966 2477/1326/966 2478/1327/966
f 2474/1327/966 2478/1327/966 2480/1327/966 2479/1327/966
f 2479/1327/966 2480/1327/966 2482/1327/966 2481/1327/966
f 2483/1326/966 2484/1327/966 2486/1328/966 2485/1329/966
f 2484/1327/966 2483/1326/966 2487/1326/966 2488/1327/966
f 2484/1327/966 2488/1327/966 2490/1327/966 2489/1327/966
f 2489/1327/966 2490/1327/966 2492/1327/966 2491/1327/966
f 2493/1326/966 2494/1327/966 2496/1328/966 2495/1329/966
f 2494/1327/966 2493/1326/966 2497/1326/966 2498/1327/966
f 2494/1327/966 2498/1327/966 2500/1327/966 2499/1327/966
f 2499/1327/966 2500/1327/966 2502/1327/966 2501/1327/966
f 2503/1326/966 2504/1327/966 2506/1328/966 2505/1329/966
f 2504/1327/966 2503/1326/966 2507/1326/966 2508/1327/966
f 2504/1327/966 2508/1327/966 2510/1327/966 2509/1327/966
f 2509/1327/966 2510/1327/966 2512/1327/966 2511/1327/966
f 2513/1326/966 2514/1327/966 2516/1328/966 2515/1329/966
f 2514/1327/966 2513/1326/966 2517/1326/966 2518/1327/966
f 2514/1327/966 2518/1327/966 2520/1327/966 2519/1327/966
f 2519/1327/966 2520/1327/966 2522/1327/966 2521/1327/966
f 2523/1326/966 2524/1327/966 2526/1328/966 2525/1329/966
f 2524/1327/966 2523/1326/966 2527/1326/966 2528/1327/966
f 2524/1327/966 2528/1327/966 2530/1327/966 2529/1327/966
f 2529/1327/966 2530/1327/966 2532/1327/966 2531/1327/966
f 2533/1326/966 2534/1327/966 2536/1328/966 2535/1329/966
f 2534/1327/966 2533/1326/966 2537/1326/966 2538/1327/966
f 2534/1327/966 2538/1327/966 2540/1327/966 2539/1327/966
f 2539/1327/966 2540/1327/966 2542/1327/966 2541/1327/966
f 2543/1326/966 2544/1327/966 2546/1328/966 2545/1329/966
f 2544/1327/966 2543/1326/966 2547/1326/966 2548/1327/966
f 2544/1327/966 2548/1327/966 2550/1327/966 2549/1327/966
f 2549/1327/966 2550/1327/966 2552/1327/966 2551/1327/966
f 2553/1326/966 2554/1327/966 2556/1328/966 2555/1329/966
f 2554/1327/966 2553/1326/966 2557/1326/966 2558/1327/966
f 2554/1327/966 2558/1327/966 2560/1327/966 2559/1327/966
f 2559/1327/966 2560/1327/966 2562/1327/966 2561/1327/966
f 2563/1326/966 2564/1327/966 2566/1328/966 2565/1329/966
f 2564/1327/966 2563/1326/966 2567/1326/966 2568/1327/966
f 2564/1327/966 2568/1327/966 2570/1327/966 2569/1327/966
f 2569/1327/966 2570/1327/966 2572/1327/966 2571/1327/966
f 2573/1326/966 2574/1327/966 2576/1328/966 2575/1329/966
f 2574/1327/966 2573/1326/966 2577/1326/966 2578/1327/966
f 2574/1327/966 2578/1327/966 2580/1327/966 2579/1327/966
f 2579/1327/966 2580/1327/966 2582/1327/966 2581/1327/966
f 2583/1326/966 2584/1327/966 2586/1328/966 2585/1329/966
f 2584/1327/966 2583/1326/966 2587/1326/966 2588/1327/966
f 2584/1327/966 2588/1327/966 2590/1327/966 2589/1327/966
f 2589/1327/966 2590/1327/966 2592/1327/966 2591/1327/966
f 2593/1326/966 2594/1327/966 2596/1328/966 2595/1329/966
f 2594/1327/966 2593/1326/966 2597/1326/966 2598/1327/966
f 2594/1327/966 2598/1327/966 2600/1327/966 2599/1327/966
f 2599/1327/966 2600/1327/966 2602/1327/966 2601/1327/966
f 2603/1326/966 2604/1327/966 2606/1328/966 2605/1329/966
f 2604/1327/966 2603/1326/966 2607/1326/966 2608/1327/966
f 2604/1327/966 2608/1327/966 2610/1327/966 2609/1327/966
f 2609/1327/966 2610/1327/966 2612/1327/966 2611/1327/966
f 2613/1326/966 2614/1327/966 2616/1328/966 2615/1329/966
f 2614/1327/966 2613/1326/966 2617/1326/966 2618/1327/966
f 2614/1327/966 2618/1327/966 2620/1327/966 2619/1327/966
f 2619/1327/966 2620/1327/966 2622/1327/966 2621/1327/966
f 2623/1326/966 2624/1327/966 2626/1328/966 2625/1329/966
f 2624/1327/966 2623/1326/966 2627/1326/966 2628/1327/966
f 2624/1327/966 2628/1327/966 2630/1327/966 2629/1327/966
f 2629/1327/966 2630/1327/966 2632/1327/966 2631/1327/966
f 2633/1326/966 2634/1327/966 2636/1328/966 2635/1329/966
f 2634/1327/966 2633/1326/966 2637/1326/966 2638/1327/966
f 2634/1327/966 2638/1327/966 2640/1327/966 2639/1327/966
f 2639/1327/966 2640/1327/966 2642/1327/966 2641/1327/966
f 2643/1326/966 2644/1327/966 2646/1328/966 2645/1329/966
f 2644/1327/966 2643/1326/966 2647/1326/966 2648/1327/966
f 2644/1327/966 2648/1327/966 2650/1327/966 2649/1327/966
f 2649/1327/966 2650/1327/966 2652/1327/966 2651/1327/966
f 2653/1326/966 2654/1327/966 2656/1328/966 2655/1329/966
f 2654/1327/966 2653/1326/966 2657/1326/966 2658/1327/966
f 2654/1327/966 2658/1327/966 2660/1327/966 2659/1327/966
f 2659/1327/966 2660/1327/966 2662/1327/966 2661/1327/966
f 2663/1326/966 2664/1327/966 2666/1328/966 2665/1329/966
f 2664/1327/966 2663/1326/966 2667/1326/966 2668/1327/966
f 2664/1327/966 2668/1327/966 2670/1327/966 2669/1327/966
f 2669/1327/966 2670/1327/966 2672/1327/966 2671/1327/966
f 2673/1326/966 2674/1327/966 2676/1328/966 2675/1329/966
f 2674/1327/966 2673/1326/966 2677/1326/966 2678/1327/966
f 2674/1327/966 2678/1327/966 2680/1327/966 2679/1327/966
f 2679/1327/966 2680/1327/966 2682/1327/966 2681/1327/966
f 2683/1326/966 2684/1327/966 2686/1328/966 2685/1329/966
f 2684/1327/966 2683/1326/966 2687/1326/966 2688/1327/966
f 2684/1327/966 2688/1327/966 2690/1327/966 2689/1327/966
f 2689/1327/966 2690/1327/966 2692/1327/966 2691/1327/966
o gangstett_i_kringum_hring
v -4.807088 0.000000 33.229908
v -4.429900 0.000000 31.881678
v -5.577506 0.000000 33.014374
v -5.200318 0.000000 31.666142
v -4.807088 0.000000 33.229908
v -4.429900 0.000000 31.881678
v -4.429900 0.000000 31.881678
v -4.429900 0.000000 31.881678
v -4.429900 0.000000 31.881678
v -4.429900 0.000000 31.881678
v -3.547644 0.000000 33.582256
v -3.170456 0.000000 32.234024
v -4.318062 0.000000 33.366722
v -3.940874 0.000000 32.018490
v -3.547644 0.000000 33.582256
v -3.170456 0.000000 32.234024
v -3.170456 0.000000 32.234024
v -3.170456 0.000000 32.234024
v -3.170456 0.000000 32.234024
v -3.170456 0.000000 32.234024
v -5.340538 0.000000 35.109119
v -4.963350 0.000000 33.760887
v -6.110956 0.000000 34.893581
v -5.733768 0.000000 33.545349
v -5.340538 0.000000 35.109119
v -4.963350 0.000000 33.760887
v -4.963350 0.000000 33.760887
v -4.963350 0.000000 33.760887
v -4.963350 0.000000 33.760887
v -4.963350 0.000000 33.760887
v -4.081094 0.000000 35.461468
v -3.703906 0.000000 34.113235
v -4.851512 0.000000 35.245930
v -4.474324 0.000000 33.897697
v -4.081094 0.000000 35.461468
v -3.703906 0.000000 34.113235
v -3.703906 0.000000 34.113235
v -3.703906 0.000000 34.113235
v -3.703906 0.000000 34.113235
v -3.703906 0.000000 34.113235
v 19.301952 0.000000 17.080345
v 18.017113 0.000000 16.524292
v 18.984207 0.000000 17.814537
v 17.699368 0.000000 17.258484
v 19.301952 0.000000 17.080345
v 18.017113 0.000000 16.524292
v 18.017113 0.000000 16.524292
v 18.017113 0.000000 16.524292
v 18.017113 0.000000 16.524292
v 18.017113 0.000000 16.524292
v 19.821388 0.000000 15.880123
v 18.536549 0.000000 15.324068
v 19.503643 0.000000 16.614313
v 18.218803 0.000000 16.058260
v 19.821388 0.000000 15.880123
v 18.536549 0.000000 15.324068
v 18.536549 0.000000 15.324068
v 18.536549 0.000000 15.324068
v 18.536549 0.000000 15.324068
v 18.536549 0.000000 15.324068
v 21.091755 0.000000 17.863033
v 19.806919 0.000000 17.306980
v 20.774010 0.000000 18.597227
v 19.489174 0.000000 18.041172
v 21.091755 0.000000 17.863033
v 19.806919 0.000000 17.306980
v 19.806919 0.000000 17.306980
v 19.806919 0.000000 17.306980
v 19.806919 0.000000 17.306980
v 19.806919 0.000000 17.306980
v 21.611191 0.000000 16.662811
v 20.326351 0.000000 16.106756
v 21.293446 0.000000 17.397001
v 20.008610 0.000000 16.840948
v 21.611191 0.000000 16.662811
v 20.326351 0.000000 16.106756
v 20.326351 0.000000 16.106756
v 20.326351 0.000000 16.106756
v 20.326351 0.000000 16.106756
v 20.326351 0.000000 16.106756
v 18.124035 0.000000 19.350689
v 16.878582 0.000000 18.711277
v 17.758659 0.000000 20.062374
v 16.513203 0.000000 19.422962
v 18.124035 0.000000 19.350689
v 16.878582 0.000000 18.711277
v 16.878582 0.000000 18.711277
v 16.878582 0.000000 18.711277
v 16.878582 0.000000 18.711277
v 16.878582 0.000000 18.711277
v 18.721340 0.000000 18.187256
v 17.475887 0.000000 17.547844
v 18.355965 0.000000 18.898943
v 17.110508 0.000000 18.259529
v 18.721340 0.000000 18.187256
v 17.475887 0.000000 17.547844
v 17.475887 0.000000 17.547844
v 17.475887 0.000000 17.547844
v 17.475887 0.000000 17.547844
v 17.475887 0.000000 17.547844
v 19.858444 0.000000 20.249481
v 18.612991 0.000000 19.610067
v 19.493065 0.000000 20.961168
v 18.247616 0.000000 20.321754
v 19.858444 0.000000 20.249481
v 18.612991 0.000000 19.610067
v 18.612991 0.000000 19.610067
v 18.612991 0.000000 19.610067
v 18.612991 0.000000 19.610067
v 18.612991 0.000000 19.610067
v 20.455750 0.000000 19.086048
v 19.210297 0.000000 18.446634
v 20.090370 0.000000 19.797733
v 18.844917 0.000000 19.158321
v 20.455750 0.000000 19.086048
v 19.210297 0.000000 18.446634
v 19.210297 0.000000 18.446634
v 19.210297 0.000000 18.446634
v 19.210297 0.000000 18.446634
v 19.210297 0.000000 18.446634
v 16.751019 0.000000 21.583723
v 15.572318 0.000000 20.828299
v 16.319347 0.000000 22.257267
v 15.140645 0.000000 21.501842
v 16.751019 0.000000 21.583723
v 15.572318 0.000000 20.828299
v 15.572318 0.000000 20.828299
v 15.572318 0.000000 20.828299
v 15.572318 0.000000 20.828299
v 15.572318 0.000000 20.828299
v 17.456696 0.000000 20.482647
v 16.277992 0.000000 19.727222
v 17.025021 0.000000 21.156191
v 15.846322 0.000000 20.400766
v 17.456696 0.000000 20.482647
v 16.277992 0.000000 19.727222
v 16.277992 0.000000 19.727222
v 16.277992 0.000000 19.727222
v 16.277992 0.000000 19.727222
v 16.277992 0.000000 19.727222
v 18.391670 0.000000 22.644035
v 17.212971 0.000000 21.888611
v 17.959999 0.000000 23.317577
v 16.781296 0.000000 22.562153
v 18.391670 0.000000 22.644035
v 17.212971 0.000000 21.888611
v 17.212971 0.000000 21.888611
v 17.212971 0.000000 21.888611
v 17.212971 0.000000 21.888611
v 17.212971 0.000000 21.888611
v 19.097347 0.000000 21.542957
v 17.918644 0.000000 20.787533
v 18.665672 0.000000 22.216501
v 17.486977 0.000000 21.461075
v 19.097347 0.000000 21.542957
v 17.918644 0.000000 20.787533
v 17.918644 0.000000 20.787533
v 17.918644 0.000000 20.787533
v 17.918644 0.000000 20.787533
v 17.918644 0.000000 20.787533
v 11.168975 0.000000 26.913107
v 10.516829 0.000000 25.674276
v 10.461071 0.000000 27.285763
v 9.808924 0.000000 26.046932
v 11.168975 0.000000 26.913107
v 10.516829 0.000000 25.674276
v 10.516829 0.000000 25.674276
v 10.516829 0.000000 25.674276
v 10.516829 0.000000 25.674276
v 10.516829 0.000000 25.674276
v 12.326224 0.000000 26.303907
v 11.674077 0.000000 25.065075
v 11.618321 0.000000 26.676563
v 10.966172 0.000000 25.437731
v 12.326224 0.000000 26.303907
v 11.674077 0.000000 25.065075
v 11.674077 0.000000 25.065075
v 11.674077 0.000000 25.065075
v 11.674077 0.000000 25.065075
v 11.674077 0.000000 25.065075
v 12.072356 0.000000 28.645130
v 11.420209 0.000000 27.406300
v 11.364453 0.000000 29.017786
v 10.712304 0.000000 27.778954
v 12.072356 0.000000 28.645130
v 11.420209 0.000000 27.406300
v 11.420209 0.000000 27.406300
v 11.420209 0.000000 27.406300
v 11.420209 0.000000 27.406300
v 11.420209 0.000000 27.406300
v 13.229604 0.000000 28.035929
v 12.577455 0.000000 26.797096
v 12.521701 0.000000 28.408585
v 11.869552 0.000000 27.169754
v 13.229604 0.000000 28.035929
v 12.577455 0.000000 26.797096
v 12.577455 0.000000 26.797096
v 12.577455 0.000000 26.797096
v 12.577455 0.000000 26.797096
v 12.577455 0.000000 26.797096
v 15.018106 0.000000 23.580822
v 13.965819 0.000000 22.657406
v 14.490441 0.000000 24.182127
v 13.438155 0.000000 23.258713
v 15.018106 0.000000 23.580822
v 13.965819 0.000000 22.657406
v 13.965819 0.000000 22.657406
v 13.965819 0.000000 22.657406
v 13.965819 0.000000 22.657406
v 13.965819 0.000000 22.657406
v 15.880708 0.000000 22.597832
v 14.828424 0.000000 21.674419
v 15.353044 0.000000 23.199139
v 14.300757 0.000000 22.275724
v 15.880708 0.000000 22.597832
v 14.828424 0.000000 21.674419
v 14.828424 0.000000 21.674419
v 14.828424 0.000000 21.674419
v 14.828424 0.000000 21.674419
v 14.828424 0.000000 21.674419
v 16.481480 0.000000 24.874861
v 15.429193 0.000000 23.951447
v 15.953813 0.000000 25.476168
v 14.901528 0.000000 24.552753
v 16.481480 0.000000 24.874861
v 15.429193 0.000000 23.951447
v 15.429193 0.000000 23.951447
v 15.429193 0.000000 23.951447
v 15.429193 0.000000 23.951447
v 15.429193 0.000000 23.951447
v 17.344082 0.000000 23.891872
v 16.291798 0.000000 22.968458
v 16.816418 0.000000 24.493179
v 15.764131 0.000000 23.569763
v 17.344082 0.000000 23.891872
v 16.291798 0.000000 22.968458
v 16.291798 0.000000 22.968458
v 16.291798 0.000000 22.968458
v 16.291798 0.000000 22.968458
v 16.291798 0.000000 22.968458
v 13.052392 0.000000 25.435587
v 12.234208 0.000000 24.299555
v 12.403230 0.000000 25.903122
v 11.585046 0.000000 24.767088
v 13.052392 0.000000 25.435587
v 12.234208 0.000000 24.299555
v 12.234208 0.000000 24.299555
v 12.234208 0.000000 24.299555
v 12.234208 0.000000 24.299555
v 12.234208 0.000000 24.299555
v 14.113612 0.000000 24.671284
v 13.295428 0.000000 23.535250
v 13.464452 0.000000 25.138819
v 12.646266 0.000000 24.002785
v 14.113612 0.000000 24.671284
v 13.295428 0.000000 23.535250
v 13.295428 0.000000 23.535250
v 13.295428 0.000000 23.535250
v 13.295428 0.000000 23.535250
v 13.295428 0.000000 23.535250
v 14.187993 0.000000 27.025055
v 13.369807 0.000000 25.889023
v 13.538831 0.000000 27.492590
v 12.720645 0.000000 26.356556
v 14.187993 0.000000 27.025055
v 13.369807 0.000000 25.889023
v 13.369807 0.000000 25.889023
v 13.369807 0.000000 25.889023
v 13.369807 0.000000 25.889023
v 13.369807 0.000000 25.889023
v 15.249211 0.000000 26.260752
v 14.431027 0.000000 25.124718
v 14.600051 0.000000 26.728287
v 13.781867 0.000000 25.592253
v 15.249211 0.000000 26.260752
v 14.431027 0.000000 25.124718
v 14.431027 0.000000 25.124718
v 14.431027 0.000000 25.124718
v 14.431027 0.000000 25.124718
v 14.431027 0.000000 25.124718
v 8.969086 0.000000 28.061411
v 8.385903 0.000000 26.788658
v 8.241799 0.000000 28.394657
v 7.658616 0.000000 27.121906
v 8.969086 0.000000 28.061411
v 8.385903 0.000000 26.788658
v 8.385903 0.000000 26.788658
v 8.385903 0.000000 26.788658
v 8.385903 0.000000 26.788658
v 8.385903 0.000000 26.788658
v 10.158021 0.000000 27.516634
v 9.574839 0.000000 26.243881
v 9.430735 0.000000 27.849880
v 8.847551 0.000000 26.577129
v 10.158021 0.000000 27.516634
v 9.574839 0.000000 26.243881
v 9.574839 0.000000 26.243881
v 9.574839 0.000000 26.243881
v 9.574839 0.000000 26.243881
v 9.574839 0.000000 26.243881
v 9.776058 0.000000 29.840397
v 9.192875 0.000000 28.567646
v 9.048772 0.000000 30.173645
v 8.465589 0.000000 28.900892
v 9.776058 0.000000 29.840397
v 9.192875 0.000000 28.567646
v 9.192875 0.000000 28.567646
v 9.192875 0.000000 28.567646
v 9.192875 0.000000 28.567646
v 9.192875 0.000000 28.567646
v 10.964993 0.000000 29.295620
v 10.381809 0.000000 28.022867
v 10.237707 0.000000 29.628868
v 9.654523 0.000000 28.356115
v 10.964993 0.000000 29.295620
v 10.381809 0.000000 28.022867
v 10.381809 0.000000 28.022867
v 10.381809 0.000000 28.022867
v 10.381809 0.000000 28.022867
v 10.381809 0.000000 28.022867
v 6.551991 0.000000 29.001930
v 6.169455 0.000000 27.655205
v 5.782435 0.000000 29.220522
v 5.399898 0.000000 27.873798
v 6.551991 0.000000 29.001930
v 6.169455 0.000000 27.655205
v 6.169455 0.000000 27.655205
v 6.169455 0.000000 27.655205
v 6.169455 0.000000 27.655205
v 6.169455 0.000000 27.655205
v 7.810027 0.000000 28.644585
v 7.427490 0.000000 27.297859
v 7.040471 0.000000 28.863178
v 6.657934 0.000000 27.516453
v 7.810027 0.000000 28.644585
v 7.427490 0.000000 27.297859
v 7.427490 0.000000 27.297859
v 7.427490 0.000000 27.297859
v 7.427490 0.000000 27.297859
v 7.427490 0.000000 27.297859
v 7.078607 0.000000 30.883066
v 6.696070 0.000000 29.536343
v 6.309050 0.000000 31.101660
v 5.926513 0.000000 29.754934
v 7.078607 0.000000 30.883066
v 6.696070 0.000000 29.536343
v 6.696070 0.000000 29.536343
v 6.696070 0.000000 29.536343
v 6.696070 0.000000 29.536343
v 6.696070 0.000000 29.536343
v 8.336642 0.000000 30.525723
v 7.954105 0.000000 29.178997
v 7.567086 0.000000 30.744314
v 7.184548 0.000000 29.397591
v 8.336642 0.000000 30.525723
v 7.954105 0.000000 29.178997
v 7.954105 0.000000 29.178997
v 7.954105 0.000000 29.178997
v 7.954105 0.000000 29.178997
v 7.954105 0.000000 29.178997
v 4.190976 0.000000 29.629391
v 3.905080 0.000000 28.258896
v 3.407836 0.000000 29.792761
v 3.121939 0.000000 28.422264
v 4.190976 0.000000 29.629391
v 3.905080 0.000000 28.258896
v 3.905080 0.000000 28.258896
v 3.905080 0.000000 28.258896
v 3.905080 0.000000 28.258896
v 3.905080 0.000000 28.258896
v 5.471221 0.000000 29.362322
v 5.185324 0.000000 27.991825
v 4.688079 0.000000 29.525692
v 4.402183 0.000000 28.155193
v 5.471221 0.000000 29.362322
v 5.185324 0.000000 27.991825
v 5.185324 0.000000 27.991825
v 5.185324 0.000000 27.991825
v 5.185324 0.000000 27.991825
v 5.185324 0.000000 27.991825
v 4.582623 0.000000 31.543186
v 4.296724 0.000000 30.172689
v 3.799480 0.000000 31.706556
v 3.513583 0.000000 30.336060
v 4.582623 0.000000 31.543186
v 4.296724 0.000000 30.172689
v 4.296724 0.000000 30.172689
v 4.296724 0.000000 30.172689
v 4.296724 0.000000 30.172689
v 4.296724 0.000000 30.172689
v 5.862865 0.000000 31.276117
v 5.576968 0.000000 29.905621
v 5.079723 0.000000 31.439487
v 4.793828 0.000000 30.068989
v 5.862865 0.000000 31.276117
v 5.576968 0.000000 29.905621
v 5.576968 0.000000 29.905621
v 5.576968 0.000000 29.905621
v 5.576968 0.000000 29.905621
v 5.576968 0.000000 29.905621
v 1.754755 0.000000 29.938858
v 1.595660 0.000000 28.547928
v 0.959937 0.000000 30.029770
v 0.800843 0.000000 28.638840
v 1.754755 0.000000 29.938858
v 1.595660 0.000000 28.547928
v 1.595660 0.000000 28.547928
v 1.595660 0.000000 28.547928
v 1.595660 0.000000 28.547928
v 1.595660 0.000000 28.547928
v 3.054087 0.000000 29.790243
v 2.894993 0.000000 28.399311
v 2.259269 0.000000 29.881153
v 2.100175 0.000000 28.490223
v 3.054087 0.000000 29.790243
v 2.894993 0.000000 28.399311
v 2.894993 0.000000 28.399311
v 2.894993 0.000000 28.399311
v 2.894993 0.000000 28.399311
v 2.894993 0.000000 28.399311
v 1.969361 0.000000 31.880493
v 1.810268 0.000000 30.489563
v 1.174544 0.000000 31.971405
v 1.015450 0.000000 30.580473
v 1.969361 0.000000 31.880493
v 1.810268 0.000000 30.489563
v 1.810268 0.000000 30.489563
v 1.810268 0.000000 30.489563
v 1.810268 0.000000 30.489563
v 1.810268 0.000000 30.489563
v 3.268694 0.000000 31.731876
v 3.109599 0.000000 30.340944
v 2.473876 0.000000 31.822786
v 2.314781 0.000000 30.431856
v 3.268694 0.000000 31.731876
v 3.109599 0.000000 30.340944
v 3.109599 0.000000 30.340944
v 3.109599 0.000000 30.340944
v 3.109599 0.000000 30.340944
v 3.109599 0.000000 30.340944
v -0.747945 0.000000 30.035915
v -0.791447 0.000000 28.636591
v -1.547559 0.000000 30.060772
v -1.591061 0.000000 28.661449
v -0.747945 0.000000 30.035915
v -0.791447 0.000000 28.636591
v -0.791447 0.000000 28.636591
v -0.791447 0.000000 28.636591
v -0.791447 0.000000 28.636591
v -0.791447 0.000000 28.636591
v 0.559226 0.000000 29.995277
v 0.515725 0.000000 28.595955
v -0.240387 0.000000 30.020136
v -0.283889 0.000000 28.620811
v 0.559226 0.000000 29.995277
v 0.515725 0.000000 28.595955
v 0.515725 0.000000 28.595955
v 0.515725 0.000000 28.595955
v 0.515725 0.000000 28.595955
v 0.515725 0.000000 28.595955
v -0.694672 0.000000 31.988646
v -0.738173 0.000000 30.589323
v -1.494286 0.000000 32.013504
v -1.537787 0.000000 30.614180
v -0.694672 0.000000 31.988646
v -0.738173 0.000000 30.589323
v -0.738173 0.000000 30.589323
v -0.738173 0.000000 30.589323
v -0.738173 0.000000 30.589323
v -0.738173 0.000000 30.589323
v 0.612500 0.000000 31.948009
v 0.568999 0.000000 30.548685
v -0.187113 0.000000 31.972868
v -0.230615 0.000000 30.573544
v 0.612500 0.000000 31.948009
v 0.568999 0.000000 30.548685
v 0.568999 0.000000 30.548685
v 0.568999 0.000000 30.548685
v 0.568999 0.000000 30.548685
v 0.568999 0.000000 30.548685
v -3.295261 0.000000 29.794640
v -3.097491 0.000000 28.408680
v -4.087238 0.000000 29.681627
v -3.889468 0.000000 28.295668
v -3.295261 0.000000 29.794640
v -3.097491 0.000000 28.408680
v -3.097491 0.000000 28.408680
v -3.097491 0.000000 28.408680
v -3.097491 0.000000 28.408680
v -3.097491 0.000000 28.408680
v -2.000573 0.000000 29.979385
v -1.802802 0.000000 28.593426
v -2.792550 0.000000 29.866375
v -2.594779 0.000000 28.480413
v -2.000573 0.000000 29.979385
v -1.802802 0.000000 28.593426
v -1.802802 0.000000 28.593426
v -1.802802 0.000000 28.593426
v -1.802802 0.000000 28.593426
v -1.802802 0.000000 28.593426
v -3.578567 0.000000 31.727444
v -3.380796 0.000000 30.341484
v -4.370544 0.000000 31.614433
v -4.172774 0.000000 30.228472
v -3.578567 0.000000 31.727444
v -3.380796 0.000000 30.341484
v -3.380796 0.000000 30.341484
v -3.380796 0.000000 30.341484
v -3.380796 0.000000 30.341484
v -3.380796 0.000000 30.341484
v -2.283878 0.000000 31.912191
v -2.086108 0.000000 30.526230
v -3.075856 0.000000 31.799179
v -2.878086 0.000000 30.413219
v -2.283878 0.000000 31.912191
v -2.086108 0.000000 30.526230
v -2.086108 0.000000 30.526230
v -2.086108 0.000000 30.526230
v -2.086108 0.000000 30.526230
v -2.086108 0.000000 30.526230
v -5.748012 0.000000 29.225391
v -5.370824 0.000000 27.877159
v -6.518430 0.000000 29.009857
v -6.141242 0.000000 27.661625
v -5.748012 0.000000 29.225391
v -5.370824 0.000000 27.877159
v -5.370824 0.000000 27.877159
v -5.370824 0.000000 27.877159
v -5.370824 0.000000 27.877159
v -5.370824 0.000000 27.877159
v -4.488567 0.000000 29.577740
v -4.111380 0.000000 28.229507
v -5.258986 0.000000 29.362206
v -4.881798 0.000000 28.013973
v -4.488567 0.000000 29.577740
v -4.111380 0.000000 28.229507
v -4.111380 0.000000 28.229507
v -4.111380 0.000000 28.229507
v -4.111380 0.000000 28.229507
v -4.111380 0.000000 28.229507
v -6.281462 0.000000 31.104603
v -5.904274 0.000000 29.756371
v -7.051880 0.000000 30.889067
v -6.674692 0.000000 29.540834
v -6.281462 0.000000 31.104603
v -5.904274 0.000000 29.756371
v -5.904274 0.000000 29.756371
v -5.904274 0.000000 29.756371
v -5.904274 0.000000 29.756371
v -5.904274 0.000000 29.756371
v -5.022017 0.000000 31.456951
v -4.644830 0.000000 30.108719
v -5.792436 0.000000 31.241415
v -5.415248 0.000000 29.893183
v -5.022017 0.000000 31.456951
v -4.644830 0.000000 30.108719
v -4.644830 0.000000 30.108719
v -4.644830 0.000000 30.108719
v -4.644830 0.000000 30.108719
v -4.644830 0.000000 30.108719
v -8.152930 0.000000 28.412506
v -7.593097 0.000000 27.129313
v -8.886184 0.000000 28.092602
v -8.326351 0.000000 26.809408
v -8.152930 0.000000 28.412506
v -7.593097 0.000000 27.129313
v -7.593097 0.000000 27.129313
v -7.593097 0.000000 27.129313
v -7.593097 0.000000 27.129313
v -7.593097 0.000000 27.129313
v -6.954241 0.000000 28.935472
v -6.394408 0.000000 27.652277
v -7.687494 0.000000 28.615566
v -7.127661 0.000000 27.332373
v -6.954241 0.000000 28.935472
v -6.394408 0.000000 27.652277
v -6.394408 0.000000 27.652277
v -6.394408 0.000000 27.652277
v -6.394408 0.000000 27.652277
v -6.394408 0.000000 27.652277
v -8.940883 0.000000 30.199999
v -8.381050 0.000000 28.916805
v -9.674137 0.000000 29.880095
v -9.114304 0.000000 28.596901
v -8.940883 0.000000 30.199999
v -8.381050 0.000000 28.916805
v -8.381050 0.000000 28.916805
v -8.381050 0.000000 28.916805
v -8.381050 0.000000 28.916805
v -8.381050 0.000000 28.916805
v -7.742193 0.000000 30.722965
v -7.182361 0.000000 29.439770
v -8.475447 0.000000 30.403059
v -7.915614 0.000000 29.119865
v -7.742193 0.000000 30.722965
v -7.182361 0.000000 29.439770
v -7.182361 0.000000 29.439770
v -7.182361 0.000000 29.439770
v -7.182361 0.000000 29.439770
v -7.182361 0.000000 29.439770
v -10.364597 0.000000 27.224621
v -9.651352 0.000000 26.019928
v -11.052992 0.000000 26.817051
v -10.339746 0.000000 25.612360
v -10.364597 0.000000 27.224621
v -9.651352 0.000000 26.019928
v -9.651352 0.000000 26.019928
v -9.651352 0.000000 26.019928
v -9.651352 0.000000 26.019928
v -9.651352 0.000000 26.019928
v -9.239242 0.000000 27.890896
v -8.525995 0.000000 26.686205
v -9.927637 0.000000 27.483326
v -9.214390 0.000000 26.278635
v -9.239242 0.000000 27.890896
v -8.525995 0.000000 26.686205
v -8.525995 0.000000 26.686205
v -8.525995 0.000000 26.686205
v -8.525995 0.000000 26.686205
v -8.525995 0.000000 26.686205
v -11.366194 0.000000 28.901762
v -10.652948 0.000000 27.697071
v -12.054588 0.000000 28.494192
v -11.341343 0.000000 27.289501
v -11.366194 0.000000 28.901762
v -10.652948 0.000000 27.697071
v -10.652948 0.000000 27.697071
v -10.652948 0.000000 27.697071
v -10.652948 0.000000 27.697071
v -10.652948 0.000000 27.697071
v -10.240838 0.000000 29.568037
v -9.527592 0.000000 28.363346
v -10.929233 0.000000 29.160469
v -10.215986 0.000000 27.955776
v -10.240838 0.000000 29.568037
v -9.527592 0.000000 28.363346
v -9.527592 0.000000 28.363346
v -9.527592 0.000000 28.363346
v -9.527592 0.000000 28.363346
v -9.527592 0.000000 28.363346
v -12.430031 0.000000 25.891052
v -11.622505 0.000000 24.747419
v -13.083537 0.000000 25.429611
v -12.276011 0.000000 24.285975
v -12.430031 0.000000 25.891052
v -11.622505 0.000000 24.747419
v -11.622505 0.000000 24.747419
v -11.622505 0.000000 24.747419
v -11.622505 0.000000 24.747419
v -11.622505 0.000000 24.747419
v -11.361710 0.000000 26.645401
v -10.554183 0.000000 25.501764
v -12.015215 0.000000 26.183956
v -11.207689 0.000000 25.040321
v -11.361710 0.000000 26.645401
v -10.554183 0.000000 25.501764
v -10.554183 0.000000 25.501764
v -10.554183 0.000000 25.501764
v -10.554183 0.000000 25.501764
v -10.554183 0.000000 25.501764
v -13.562854 0.000000 27.482502
v -12.755327 0.000000 26.338867
v -14.216359 0.000000 27.021059
v -13.408834 0.000000 25.877424
v -13.562854 0.000000 27.482502
v -12.755327 0.000000 26.338867
v -12.755327 0.000000 26.338867
v -12.755327 0.000000 26.338867
v -12.755327 0.000000 26.338867
v -12.755327 0.000000 26.338867
v -12.494532 0.000000 28.236851
v -11.687005 0.000000 27.093214
v -13.148038 0.000000 27.775406
v -12.340511 0.000000 26.631771
v -12.494532 0.000000 28.236851
v -11.687005 0.000000 27.093214
v -11.687005 0.000000 27.093214
v -11.687005 0.000000 27.093214
v -11.687005 0.000000 27.093214
v -11.687005 0.000000 27.093214
v -14.450570 0.000000 24.294250
v -13.498876 0.000000 23.267471
v -15.037301 0.000000 23.750425
v -14.085607 0.000000 22.723644
v -14.450570 0.000000 24.294250
v -13.498876 0.000000 23.267471
v -13.498876 0.000000 23.267471
v -13.498876 0.000000 23.267471
v -13.498876 0.000000 23.267471
v -13.498876 0.000000 23.267471
v -13.491408 0.000000 25.183273
v -12.539715 0.000000 24.156494
v -14.078141 0.000000 24.639446
v -13.126445 0.000000 23.612667
v -13.491408 0.000000 25.183273
v -12.539715 0.000000 24.156494
v -12.539715 0.000000 24.156494
v -12.539715 0.000000 24.156494
v -12.539715 0.000000 24.156494
v -12.539715 0.000000 24.156494
v -15.783936 0.000000 25.721886
v -14.832240 0.000000 24.695105
v -16.370667 0.000000 25.178059
v -15.418971 0.000000 24.151279
v -15.783936 0.000000 25.721886
v -14.832240 0.000000 24.695105
v -14.832240 0.000000 24.695105
v -14.832240 0.000000 24.695105
v -14.832240 0.000000 24.695105
v -14.832240 0.000000 24.695105
v -14.824774 0.000000 26.610907
v -13.873078 0.000000 25.584127
v -15.411505 0.000000 26.067081
v -14.459809 0.000000 25.040300
v -14.824774 0.000000 26.610907
v -13.873078 0.000000 25.584127
v -13.873078 0.000000 25.584127
v -13.873078 0.000000 25.584127
v -13.873078 0.000000 25.584127
v -13.873078 0.000000 25.584127
v -16.187141 0.000000 22.452898
v -15.102423 0.000000 21.567806
v -16.692907 0.000000 21.833061
v -15.608190 0.000000 20.947968
v -16.187141 0.000000 22.452898
v -15.102423 0.000000 21.567806
v -15.102423 0.000000 21.567806
v -15.102423 0.000000 21.567806
v -15.102423 0.000000 21.567806
v -15.102423 0.000000 21.567806
v -15.360336 0.000000 23.466183
v -14.275619 0.000000 22.581089
v -15.866102 0.000000 22.846344
v -14.781384 0.000000 21.961250
v -15.360336 0.000000 23.466183
v -14.275619 0.000000 22.581089
v -14.275619 0.000000 22.581089
v -14.275619 0.000000 22.581089
v -14.275619 0.000000 22.581089
v -14.275619 0.000000 22.581089
v -17.705360 0.000000 23.682129
v -16.620644 0.000000 22.797035
v -18.211128 0.000000 23.062290
v -17.126411 0.000000 22.177197
v -17.705360 0.000000 23.682129
v -16.620644 0.000000 22.797035
v -16.620644 0.000000 22.797035
v -16.620644 0.000000 22.797035
v -16.620644 0.000000 22.797035
v -16.620644 0.000000 22.797035
v -16.878555 0.000000 24.695412
v -15.793839 0.000000 23.810318
v -17.384323 0.000000 24.075573
v -16.299606 0.000000 23.190479
v -16.878555 0.000000 24.695412
v -15.793839 0.000000 23.810318
v -15.793839 0.000000 23.810318
v -15.793839 0.000000 23.810318
v -15.793839 0.000000 23.810318
v -15.793839 0.000000 23.810318
v -17.647617 0.000000 20.397232
v -16.468513 0.000000 19.642435
v -18.078930 0.000000 19.723457
v -16.899828 0.000000 18.968662
v -17.647617 0.000000 20.397232
v -16.468513 0.000000 19.642435
v -16.468513 0.000000 19.642435
v -16.468513 0.000000 19.642435
v -16.468513 0.000000 19.642435
v -16.468513 0.000000 19.642435
v -16.942530 0.000000 21.498684
v -15.763425 0.000000 20.743889
v -17.373840 0.000000 20.824911
v -16.194738 0.000000 20.070116
v -16.942530 0.000000 21.498684
v -15.763425 0.000000 20.743889
v -15.763425 0.000000 20.743889
v -15.763425 0.000000 20.743889
v -15.763425 0.000000 20.743889
v -15.763425 0.000000 20.743889
v -19.296844 0.000000 21.444155
v -18.117741 0.000000 20.689358
v -19.728157 0.000000 20.770382
v -18.549053 0.000000 20.015585
v -19.296844 0.000000 21.444155
v -18.117741 0.000000 20.689358
v -18.117741 0.000000 20.689358
v -18.117741 0.000000 20.689358
v -18.117741 0.000000 20.689358
v -18.117741 0.000000 20.689358
v -18.591757 0.000000 22.545609
v -17.412651 0.000000 21.790812
v -19.023067 0.000000 21.871834
v -17.843964 0.000000 21.117039
v -18.591757 0.000000 22.545609
v -17.412651 0.000000 21.790812
v -17.412651 0.000000 21.790812
v -17.412651 0.000000 21.790812
v -17.412651 0.000000 21.790812
v -17.412651 0.000000 21.790812
v -18.832062 0.000000 18.276918
v -17.587658 0.000000 17.635468
v -19.198608 0.000000 17.565830
v -17.954205 0.000000 16.924379
v -18.832062 0.000000 18.276918
v -17.587658 0.000000 17.635468
v -17.587658 0.000000 17.635468
v -17.587658 0.000000 17.635468
v -17.587658 0.000000 17.635468
v -17.587658 0.000000 17.635468
v -18.232853 0.000000 19.439371
v -16.988451 0.000000 18.797920
v -18.599398 0.000000 18.728283
v -17.354996 0.000000 18.086832
v -18.232853 0.000000 19.439371
v -16.988451 0.000000 18.797920
v -16.988451 0.000000 18.797920
v -16.988451 0.000000 18.797920
v -16.988451 0.000000 18.797920
v -16.988451 0.000000 18.797920
v -20.571804 0.000000 19.165344
v -19.327400 0.000000 18.523891
v -20.938347 0.000000 18.454256
v -19.693943 0.000000 17.812805
v -20.571804 0.000000 19.165344
v -19.327400 0.000000 18.523891
v -19.327400 0.000000 18.523891
v -19.327400 0.000000 18.523891
v -19.327400 0.000000 18.523891
v -19.327400 0.000000 18.523891
v -19.972595 0.000000 20.327797
v -18.728191 0.000000 19.686346
v -20.339138 0.000000 19.616711
v -19.094734 0.000000 18.975258
v -19.972595 0.000000 20.327797
v -18.728191 0.000000 19.686346
v -18.728191 0.000000 19.686346
v -18.728191 0.000000 19.686346
v -18.728191 0.000000 19.686346
v -18.728191 0.000000 19.686346
v 12.478139 0.000000 30.877888
v 11.825994 0.000000 29.639057
v 11.770236 0.000000 31.250546
v 11.118089 0.000000 30.011715
v 12.478139 0.000000 30.877888
v 11.825994 0.000000 29.639057
v 11.825994 0.000000 29.639057
v 11.825994 0.000000 29.639057
v 11.825994 0.000000 29.639057
v 11.825994 0.000000 29.639057
v 13.635388 0.000000 30.268688
v 12.983239 0.000000 29.029856
v 12.927485 0.000000 30.641344
v 12.275336 0.000000 29.402512
v 13.635388 0.000000 30.268688
v 12.983239 0.000000 29.029856
v 12.983239 0.000000 29.029856
v 12.983239 0.000000 29.029856
v 12.983239 0.000000 29.029856
v 12.983239 0.000000 29.029856
v 13.381520 0.000000 32.609909
v 12.729373 0.000000 31.371080
v 12.673617 0.000000 32.982567
v 12.021468 0.000000 31.743736
v 13.381520 0.000000 32.609909
v 12.729373 0.000000 31.371080
v 12.729373 0.000000 31.371080
v 12.729373 0.000000 31.371080
v 12.729373 0.000000 31.371080
v 12.729373 0.000000 31.371080
v 14.538768 0.000000 32.000710
v 13.886621 0.000000 30.761879
v 13.830863 0.000000 32.373367
v 13.178718 0.000000 31.134535
v 14.538768 0.000000 32.000710
v 13.886621 0.000000 30.761879
v 13.886621 0.000000 30.761879
v 13.886621 0.000000 30.761879
v 13.886621 0.000000 30.761879
v 13.886621 0.000000 30.761879
v 10.278254 0.000000 32.026192
v 9.695071 0.000000 30.753441
v 9.550965 0.000000 32.359440
v 8.967783 0.000000 31.086689
v 10.278254 0.000000 32.026192
v 9.695071 0.000000 30.753441
v 9.695071 0.000000 30.753441
v 9.695071 0.000000 30.753441
v 9.695071 0.000000 30.753441
v 9.695071 0.000000 30.753441
v 11.467189 0.000000 31.481415
v 10.884005 0.000000 30.208662
v 10.739901 0.000000 31.814663
v 10.156719 0.000000 30.541910
v 11.467189 0.000000 31.481415
v 10.884005 0.000000 30.208662
v 10.884005 0.000000 30.208662
v 10.884005 0.000000 30.208662
v 10.884005 0.000000 30.208662
v 10.884005 0.000000 30.208662
v 11.085225 0.000000 33.805180
v 10.502044 0.000000 32.532425
v 10.357940 0.000000 34.138428
v 9.774755 0.000000 32.865673
v 11.085225 0.000000 33.805180
v 10.502044 0.000000 32.532425
v 10.502044 0.000000 32.532425
v 10.502044 0.000000 32.532425
v 10.502044 0.000000 32.532425
v 10.502044 0.000000 32.532425
v 12.274161 0.000000 33.260403
v 11.690976 0.000000 31.987650
v 11.546874 0.000000 33.593651
v 10.963691 0.000000 32.320896
v 12.274161 0.000000 33.260403
v 11.690976 0.000000 31.987650
v 11.690976 0.000000 31.987650
v 11.690976 0.000000 31.987650
v 11.690976 0.000000 31.987650
v 11.690976 0.000000 31.987650
v 7.861157 0.000000 32.966713
v 7.478621 0.000000 31.619987
v 7.091600 0.000000 33.185303
v 6.709064 0.000000 31.838579
v 7.861157 0.000000 32.966713
v 7.478621 0.000000 31.619987
v 7.478621 0.000000 31.619987
v 7.478621 0.000000 31.619987
v 7.478621 0.000000 31.619987
v 7.478621 0.000000 31.619987
v 9.119193 0.000000 32.609367
v 8.736655 0.000000 31.262642
v 8.349637 0.000000 32.827957
v 7.967099 0.000000 31.481236
v 9.119193 0.000000 32.609367
v 8.736655 0.000000 31.262642
v 8.736655 0.000000 31.262642
v 8.736655 0.000000 31.262642
v 8.736655 0.000000 31.262642
v 8.736655 0.000000 31.262642
v 8.387772 0.000000 34.847847
v 8.005235 0.000000 33.501125
v 7.618216 0.000000 35.066441
v 7.235678 0.000000 33.719715
v 8.387772 0.000000 34.847847
v 8.005235 0.000000 33.501125
v 8.005235 0.000000 33.501125
v 8.005235 0.000000 33.501125
v 8.005235 0.000000 33.501125
v 8.005235 0.000000 33.501125
v 9.645808 0.000000 34.490501
v 9.263270 0.000000 33.143780
v 8.876252 0.000000 34.709095
v 8.493714 0.000000 33.362373
v 9.645808 0.000000 34.490501
v 9.263270 0.000000 33.143780
v 9.263270 0.000000 33.143780
v 9.263270 0.000000 33.143780
v 9.263270 0.000000 33.143780
v 9.263270 0.000000 33.143780
v 5.500144 0.000000 33.594173
v 5.214247 0.000000 32.223675
v 4.717003 0.000000 33.757542
v 4.431106 0.000000 32.387047
v 5.500144 0.000000 33.594173
v 5.214247 0.000000 32.223675
v 5.214247 0.000000 32.223675
v 5.214247 0.000000 32.223675
v 5.214247 0.000000 32.223675
v 5.214247 0.000000 32.223675
v 6.780388 0.000000 33.327103
v 6.494491 0.000000 31.956608
v 5.997246 0.000000 33.490475
v 5.711349 0.000000 32.119976
v 6.780388 0.000000 33.327103
v 6.494491 0.000000 31.956608
v 6.494491 0.000000 31.956608
v 6.494491 0.000000 31.956608
v 6.494491 0.000000 31.956608
v 6.494491 0.000000 31.956608
v 5.891788 0.000000 35.507969
v 5.605892 0.000000 34.137470
v 5.108647 0.000000 35.671337
v 4.822751 0.000000 34.300842
v 5.891788 0.000000 35.507969
v 5.605892 0.000000 34.137470
v 5.605892 0.000000 34.137470
v 5.605892 0.000000 34.137470
v 5.605892 0.000000 34.137470
v 5.605892 0.000000 34.137470
v 7.172032 0.000000 35.240898
v 6.886136 0.000000 33.870403
v 6.388891 0.000000 35.404270
v 6.102995 0.000000 34.033772
v 7.172032 0.000000 35.240898
v 6.886136 0.000000 33.870403
v 6.886136 0.000000 33.870403
v 6.886136 0.000000 33.870403
v 6.886136 0.000000 33.870403
v 6.886136 0.000000 33.870403
v 2.695678 0.000000 33.943375
v 2.536585 0.000000 32.552444
v 1.900861 0.000000 34.034286
v 1.741766 0.000000 32.643356
v 2.695678 0.000000 33.943375
v 2.536585 0.000000 32.552444
v 2.536585 0.000000 32.552444
v 2.536585 0.000000 32.552444
v 2.536585 0.000000 32.552444
v 2.536585 0.000000 32.552444
v 3.995010 0.000000 33.794758
v 3.835916 0.000000 32.403828
v 3.200192 0.000000 33.885670
v 3.041099 0.000000 32.494740
v 3.995010 0.000000 33.794758
v 3.835916 0.000000 32.403828
v 3.835916 0.000000 32.403828
v 3.835916 0.000000 32.403828
v 3.835916 0.000000 32.403828
v 3.835916 0.000000 32.403828
v 2.910285 0.000000 35.885010
v 2.751191 0.000000 34.494080
v 2.115468 0.000000 35.975922
v 1.956373 0.000000 34.584988
v 2.910285 0.000000 35.885010
v 2.751191 0.000000 34.494080
v 2.751191 0.000000 34.494080
v 2.751191 0.000000 34.494080
v 2.751191 0.000000 34.494080
v 2.751191 0.000000 34.494080
v 4.209618 0.000000 35.736393
v 4.050524 0.000000 34.345463
v 3.414799 0.000000 35.827305
v 3.255705 0.000000 34.436371
v 4.209618 0.000000 35.736393
v 4.050524 0.000000 34.345463
v 4.050524 0.000000 34.345463
v 4.050524 0.000000 34.345463
v 4.050524 0.000000 34.345463
v 4.050524 0.000000 34.345463
v 0.192977 0.000000 34.040436
v 0.149476 0.000000 32.641109
v -0.606637 0.000000 34.065292
v -0.650138 0.000000 32.665966
v 0.192977 0.000000 34.040436
v 0.149476 0.000000 32.641109
v 0.149476 0.000000 32.641109
v 0.149476 0.000000 32.641109
v 0.149476 0.000000 32.641109
v 0.149476 0.000000 32.641109
v 1.500149 0.000000 33.999798
v 1.456648 0.000000 32.600475
v 0.700536 0.000000 34.024654
v 0.657034 0.000000 32.625332
v 1.500149 0.000000 33.999798
v 1.456648 0.000000 32.600475
v 1.456648 0.000000 32.600475
v 1.456648 0.000000 32.600475
v 1.456648 0.000000 32.600475
v 1.456648 0.000000 32.600475
v 0.246251 0.000000 35.993164
v 0.202750 0.000000 34.593842
v -0.553362 0.000000 36.018024
v -0.596864 0.000000 34.618698
v 0.246251 0.000000 35.993164
v 0.202750 0.000000 34.593842
v 0.202750 0.000000 34.593842
v 0.202750 0.000000 34.593842
v 0.202750 0.000000 34.593842
v 0.202750 0.000000 34.593842
v 1.553423 0.000000 35.952530
v 1.509922 0.000000 34.553204
v 0.753809 0.000000 35.977386
v 0.710308 0.000000 34.578064
v 1.553423 0.000000 35.952530
v 1.509922 0.000000 34.553204
v 1.509922 0.000000 34.553204
v 1.509922 0.000000 34.553204
v 1.509922 0.000000 34.553204
v 1.509922 0.000000 34.553204
v -2.354337 0.000000 33.799156
v -2.156566 0.000000 32.413197
v -3.146314 0.000000 33.686146
v -2.948544 0.000000 32.300182
v -2.354337 0.000000 33.799156
v -2.156566 0.000000 32.413197
v -2.156566 0.000000 32.413197
v -2.156566 0.000000 32.413197
v -2.156566 0.000000 32.413197
v -2.156566 0.000000 32.413197
v -1.059648 0.000000 33.983902
v -0.861878 0.000000 32.597942
v -1.851626 0.000000 33.870892
v -1.653855 0.000000 32.484932
v -1.059648 0.000000 33.983902
v -0.861878 0.000000 32.597942
v -0.861878 0.000000 32.597942
v -0.861878 0.000000 32.597942
v -0.861878 0.000000 32.597942
v -0.861878 0.000000 32.597942
v -2.637642 0.000000 35.731960
v -2.439872 0.000000 34.346001
v -3.429620 0.000000 35.618950
v -3.231850 0.000000 34.232990
v -2.637642 0.000000 35.731960
v -2.439872 0.000000 34.346001
v -2.439872 0.000000 34.346001
v -2.439872 0.000000 34.346001
v -2.439872 0.000000 34.346001
v -2.439872 0.000000 34.346001
v -1.342954 0.000000 35.916706
v -1.145184 0.000000 34.530746
v -2.134932 0.000000 35.803696
v -1.937161 0.000000 34.417736
v -1.342954 0.000000 35.916706
v -1.145184 0.000000 34.530746
v -1.145184 0.000000 34.530746
v -1.145184 0.000000 34.530746
v -1.145184 0.000000 34.530746
v -1.145184 0.000000 34.530746
vn -0.0000 1.0000 -0.0000
vt 0.000000 0.000000
vt 1.000000 0.000000
vt 1.000000 1.000000
vt 0.000000 1.000000
s 0
f 2693/1330/967 2694/1331/967 2696/1332/967 2695/1333/967
f 2694/1331/967 2693/1330/967 2697/1330/967 2698/1331/967
f 2694/1331/967 2698/1331/967 2700/1331/967 2699/1331/967
f 2699/1331/967 2700/1331/967 2702/1331/967 2701/1331/967
f 2703/1330/967 2704/1331/967 2706/1332/967 2705/1333/967
f 2704/1331/967 2703/1330/967 2707/1330/967 2708/1331/967
f 2704/1331/967 2708/1331/967 2710/1331/967 2709/1331/967
f 2709/1331/967 2710/1331/967 2712/1331/967 2711/1331/967
f 2713/1330/967 2714/1331/967 2716/1332/967 2715/1333/967
f 2714/1331/967 2713/1330/967 2717/1330/967 2718/1331/967
f 2714/1331/967 2718/1331/967 2720/1331/967 2719/1331/967
f 2719/1331/967 2720/1331/967 2722/1331/967 2721/1331/967
f 2723/1330/967 2724/1331/967 2726/1332/967 2725/1333/967
f 2724/1331/967 2723/1330/967 2727/1330/967 2728/1331/967
f 2724/1331/967 2728/1331/967 2730/1331/967 2729/1331/967
f 2729/1331/967 2730/1331/967 2732/1331/967 2731/1331/967
f 2733/1330/967 2734/1331/967 2736/1332/967 2735/1333/967
f 2734/1331/967 2733/1330/967 2737/1330/967 2738/1331/967
f 2734/1331/967 2738/1331/967 2740/1331/967 2739/1331/967
f 2739/1331/967 2740/1331/967 2742/1331/967 2741/1331/967
f 2743/1330/967 2744/1331/967 2746/1332/967 2745/1333/967
f 2744/1331/967 2743/1330/967 2747/1330/967 2748/1331/967
f 2744/1331/967 2748/1331/967 2750/1331/967 2749/1331/967
f 2749/1331/967 2750/1331/967 2752/1331/967 2751/1331/967
f 2753/1330/967 2754/1331/967 2756/1332/967 2755/1333/967
f 2754/1331/967 2753/1330/967 2757/1330/967 2758/1331/967
f 2754/1331/967 2758/1331/967 2760/1331/967 2759/1331/967
f 2759/1331/967 2760/1331/967 2762/1331/967 2761/1331/967
f 2763/1330/967 2764/1331/967 2766/1332/967 2765/1333/967
f 2764/1331/967 2763/1330/967 2767/1330/967 2768/1331/967
f 2764/1331/967 2768/1331/967 2770/1331/967 2769/1331/967
f 2769/1331/967 2770/1331/967 2772/1331/967 2771/1331/967
f 2773/1330/967 2774/1331/967 2776/1332/967 2775/1333/967
f 2774/1331/967 2773/1330/967 2777/1330/967 2778/1331/967
f 2774/1331/967 2778/1331/967 2780/1331/967 2779/1331/967
f 2779/1331/967 2780/1331/967 2782/1331/967 2781/1331/967
f 2783/1330/967 2784/1331/967 2786/1332/967 2785/1333/967
f 2784/1331/967 2783/1330/967 2787/1330/967 2788/1331/967
f 2784/1331/967 2788/1331/967 2790/1331/967 2789/1331/967
f 2789/1331/967 2790/1331/967 2792/1331/967 2791/1331/967
f 2793/1330/967 2794/1331/967 2796/1332/967 2795/1333/967
f 2794/1331/967 2793/1330/967 2797/1330/967 2798/1331/967
f 2794/1331/967 2798/1331/967 2800/1331/967 2799/1331/967
f 2799/1331/967 2800/1331/967 2802/1331/967 2801/1331/967
f 2803/1330/967 2804/1331/967 2806/1332/967 2805/1333/967
f 2804/1331/967 2803/1330/967 2807/1330/967 2808/1331/967
f 2804/1331/967 2808/1331/967 2810/1331/967 2809/1331/967
f 2809/1331/967 2810/1331/967 2812/1331/967 2811/1331/967
f 2813/1330/967 2814/1331/967 2816/1332/967 2815/1333/967
f 2814/1331/967 2813/1330/967 2817/1330/967 2818/1331/967
f 2814/1331/967 2818/1331/967 2820/1331/967 2819/1331/967
f 2819/1331/967 2820/1331/967 2822/1331/967 2821/1331/967
f 2823/1330/967 2824/1331/967 2826/1332/967 2825/1333/967
f 2824/1331/967 2823/1330/967 2827/1330/967 2828/1331/967
f 2824/1331/967 2828/1331/967 2830/1331/967 2829/1331/967
f 2829/1331/967 2830/1331/967 2832/1331/967 2831/1331/967
f 2833/1330/967 2834/1331/967 2836/1332/967 2835/1333/967
f 2834/1331/967 2833/1330/967 2837/1330/967 2838/1331/967
f 2834/1331/967 2838/1331/967 2840/1331/967 2839/1331/967
f 2839/1331/967 2840/1331/967 2842/1331/967 2841/1331/967
f 2843/1330/967 2844/1331/967 2846/1332/967 2845/1333/967
f 2844/1331/967 2843/1330/967 2847/1330/967 2848/1331/967
f 2844/1331/967 2848/1331/967 2850/1331/967 2849/1331/967
f 2849/1331/967 2850/1331/967 2852/1331/967 2851/1331/967
f 2853/1330/967 2854/1331/967 2856/1332/967 2855/1333/967
f 2854/1331/967 2853/1330/967 2857/1330/967 2858/1331/967
f 2854/1331/967 2858/1331/967 2860/1331/967 2859/1331/967
f 2859/1331/967 2860/1331/967 2862/1331/967 2861/1331/967
f 2863/1330/967 2864/1331/967 2866/1332/967 2865/1333/967
f 2864/1331/967 2863/1330/967 2867/1330/967 2868/1331/967
f 2864/1331/967 2868/1331/967 2870/1331/967 2869/1331/967
f 2869/1331/967 2870/1331/967 2872/1331/967 2871/1331/967
f 2873/1330/967 2874/1331/967 2876/1332/967 2875/1333/967
f 2874/1331/967 2873/1330/967 2877/1330/967 2878/1331/967
f 2874/1331/967 2878/1331/967 2880/1331/967 2879/1331/967
f 2879/1331/967 2880/1331/967 2882/1331/967 2881/1331/967
f 2883/1330/967 2884/1331/967 2886/1332/967 2885/1333/967
f 2884/1331/967 2883/1330/967 2887/1330/967 2888/1331/967
f 2884/1331/967 2888/1331/967 2890/1331/967 2889/1331/967
f 2889/1331/967 2890/1331/967 2892/1331/967 2891/1331/967
f 2893/1330/967 2894/1331/967 2896/1332/967 2895/1333/967
f 2894/1331/967 2893/1330/967 2897/1330/967 2898/1331/967
f 2894/1331/967 2898/1331/967 2900/1331/967 2899/1331/967
f 2899/1331/967 2900/1331/967 2902/1331/967 2901/1331/967
f 2903/1330/967 2904/1331/967 2906/1332/967 2905/1333/967
f 2904/1331/967 2903/1330/967 2907/1330/967 2908/1331/967
f 2904/1331/967 2908/1331/967 2910/1331/967 2909/1331/967
f 2909/1331/967 2910/1331/967 2912/1331/967 2911/1331/967
f 2913/1330/967 2914/1331/967 2916/1332/967 2915/1333/967
f 2914/1331/967 2913/1330/967 2917/1330/967 2918/1331/967
f 2914/1331/967 2918/1331/967 2920/1331/967 2919/1331/967
f 2919/1331/967 2920/1331/967 2922/1331/967 2921/1331/967
f 2923/1330/967 2924/1331/967 2926/1332/967 2925/1333/967
f 2924/1331/967 2923/1330/967 2927/1330/967 2928/1331/967
f 2924/1331/967 2928/1331/967 2930/1331/967 2929/1331/967
f 2929/1331/967 2930/1331/967 2932/1331/967 2931/1331/967
f 2933/1330/967 2934/1331/967 2936/1332/967 2935/1333/967
f 2934/1331/967 2933/1330/967 2937/1330/967 2938/1331/967
f 2934/1331/967 2938/1331/967 2940/1331/967 2939/1331/967
f 2939/1331/967 2940/1331/967 2942/1331/967 2941/1331/967
f 2943/1330/967 2944/1331/967 2946/1332/967 2945/1333/967
f 2944/1331/967 2943/1330/967 2947/1330/967 2948/1331/967
f 2944/1331/967 2948/1331/967 2950/1331/967 2949/1331/967
f 2949/1331/967 2950/1331/967 2952/1331/967 2951/1331/967
f 2953/1330/967 2954/1331/967 2956/1332/967 2955/1333/967
f 2954/1331/967 2953/1330/967 2957/1330/967 2958/1331/967
f 2954/1331/967 2958/1331/967 2960/1331/967 2959/1331/967
f 2959/1331/967 2960/1331/967 2962/1331/967 2961/1331/967
f 2963/1330/967 2964/1331/967 2966/1332/967 2965/1333/967
f 2964/1331/967 2963/1330/967 2967/1330/967 2968/1331/967
f 2964/1331/967 2968/1331/967 2970/1331/967 2969/1331/967
f 2969/1331/967 2970/1331/967 2972/1331/967 2971/1331/967
f 2973/1330/967 2974/1331/967 2976/1332/967 2975/1333/967
f 2974/1331/967 2973/1330/967 2977/1330/967 2978/1331/967
f 2974/1331/967 2978/1331/967 2980/1331/967 2979/1331/967
f 2979/1331/967 2980/1331/967 2982/1331/967 2981/1331/967
f 2983/1330/967 2984/1331/967 2986/1332/967 2985/1333/967
f 2984/1331/967 2983/1330/967 2987/1330/967 2988/1331/967
f 2984/1331/967 2988/1331/967 2990/1331/967 2989/1331/967
f 2989/1331/967 2990/1331/967 2992/1331/967 2991/1331/967
f 2993/1330/967 2994/1331/967 2996/1332/967 2995/1333/967
f 2994/1331/967 2993/1330/967 2997/1330/967 2998/1331/967
f 2994/1331/967 2998/1331/967 3000/1331/967 2999/1331/967
f 2999/1331/967 3000/1331/967 3002/1331/967 3001/1331/967
f 3003/1330/967 3004/1331/967 3006/1332/967 3005/1333/967
f 3004/1331/967 3003/1330/967 3007/1330/967 3008/1331/967
f 3004/1331/967 3008/1331/967 3010/1331/967 3009/1331/967
f 3009/1331/967 3010/1331/967 3012/1331/967 3011/1331/967
f 3013/1330/967 3014/1331/967 3016/1332/967 3015/1333/967
f 3014/1331/967 3013/1330/967 3017/1330/967 3018/1331/967
f 3014/1331/967 3018/1331/967 3020/1331/967 3019/1331/967
f 3019/1331/967 3020/1331/967 3022/1331/967 3021/1331/967
f 3023/1330/967 3024/1331/967 3026/1332/967 3025/1333/967
f 3024/1331/967 3023/1330/967 3027/1330/967 3028/1331/967
f 3024/1331/967 3028/1331/967 3030/1331/967 3029/1331/967
f 3029/1331/967 3030/1331/967 3032/1331/967 3031/1331/967
f 3033/1330/967 3034/1331/967 3036/1332/967 3035/1333/967
f 3034/1331/967 3033/1330/967 3037/1330/967 3038/1331/967
f 3034/1331/967 3038/1331/967 3040/1331/967 3039/1331/967
f 3039/1331/967 3040/1331/967 3042/1331/967 3041/1331/967
f 3043/1330/967 3044/1331/967 3046/1332/967 3045/1333/967
f 3044/1331/967 3043/1330/967 3047/1330/967 3048/1331/967
f 3044/1331/967 3048/1331/967 3050/1331/967 3049/1331/967
f 3049/1331/967 3050/1331/967 3052/1331/967 3051/1331/967
f 3053/1330/967 3054/1331/967 3056/1332/967 3055/1333/967
f 3054/1331/967 3053/1330/967 3057/1330/967 3058/1331/967
f 3054/1331/967 3058/1331/967 3060/1331/967 3059/1331/967
f 3059/1331/967 3060/1331/967 3062/1331/967 3061/1331/967
f 3063/1330/967 3064/1331/967 3066/1332/967 3065/1333/967
f 3064/1331/967 3063/1330/967 3067/1330/967 3068/1331/967
f 3064/1331/967 3068/1331/967 3070/1331/967 3069/1331/967
f 3069/1331/967 3070/1331/967 3072/1331/967 3071/1331/967
f 3073/1330/967 3074/1331/967 3076/1332/967 3075/1333/967
f 3074/1331/967 3073/1330/967 3077/1330/967 3078/1331/967
f 3074/1331/967 3078/1331/967 3080/1331/967 3079/1331/967
f 3079/1331/967 3080/1331/967 3082/1331/967 3081/1331/967
f 3083/1330/967 3084/1331/967 3086/1332/967 3085/1333/967
f 3084/1331/967 3083/1330/967 3087/1330/967 3088/1331/967
f 3084/1331/967 3088/1331/967 3090/1331/967 3089/1331/967
f 3089/1331/967 3090/1331/967 3092/1331/967 3091/1331/967
f 3093/1330/967 3094/1331/967 3096/1332/967 3095/1333/967
f 3094/1331/967 3093/1330/967 3097/1330/967 3098/1331/967
f 3094/1331/967 3098/1331/967 3100/1331/967 3099/1331/967
f 3099/1331/967 3100/1331/967 3102/1331/967 3101/1331/967
f 3103/1330/967 3104/1331/967 3106/1332/967 3105/1333/967
f 3104/1331/967 3103/1330/967 3107/1330/967 3108/1331/967
f 3104/1331/967 3108/1331/967 3110/1331/967 3109/1331/967
f 3109/1331/967 3110/1331/967 3112/1331/967 3111/1331/967
f 3113/1330/967 3114/1331/967 3116/1332/967 3115/1333/967
f 3114/1331/967 3113/1330/967 3117/1330/967 3118/1331/967
f 3114/1331/967 3118/1331/967 3120/1331/967 3119/1331/967
f 3119/1331/967 3120/1331/967 3122/1331/967 3121/1331/967
f 3123/1330/967 3124/1331/967 3126/1332/967 3125/1333/967
f 3124/1331/967 3123/1330/967 3127/1330/967 3128/1331/967
f 3124/1331/967 3128/1331/967 3130/1331/967 3129/1331/967
f 3129/1331/967 3130/1331/967 3132/1331/967 3131/1331/967
f 3133/1330/967 3134/1331/967 3136/1332/967 3135/1333/967
f 3134/1331/967 3133/1330/967 3137/1330/967 3138/1331/967
f 3134/1331/967 3138/1331/967 3140/1331/967 3139/1331/967
f 3139/1331/967 3140/1331/967 3142/1331/967 3141/1331/967
f 3143/1330/967 3144/1331/967 3146/1332/967 3145/1333/967
f 3144/1331/967 3143/1330/967 3147/1330/967 3148/1331/967
f 3144/1331/967 3148/1331/967 3150/1331/967 3149/1331/967
f 3149/1331/967 3150/1331/967 3152/1331/967 3151/1331/967
f 3153/1330/967 3154/1331/967 3156/1332/967 3155/1333/967
f 3154/1331/967 3153/1330/967 3157/1330/967 3158/1331/967
f 3154/1331/967 3158/1331/967 3160/1331/967 3159/1331/967
f 3159/1331/967 3160/1331/967 3162/1331/967 3161/1331/967
f 3163/1330/967 3164/1331/967 3166/1332/967 3165/1333/967
f 3164/1331/967 3163/1330/967 3167/1330/967 3168/1331/967
f 3164/1331/967 3168/1331/967 3170/1331/967 3169/1331/967
f 3169/1331/967 3170/1331/967 3172/1331/967 3171/1331/967
f 3173/1330/967 3174/1331/967 3176/1332/967 3175/1333/967
f 3174/1331/967 3173/1330/967 3177/1330/967 3178/1331/967
f 3174/1331/967 3178/1331/967 3180/1331/967 3179/1331/967
f 3179/1331/967 3180/1331/967 3182/1331/967 3181/1331/967
f 3183/1330/967 3184/1331/967 3186/1332/967 3185/1333/967
f 3184/1331/967 3183/1330/967 3187/1330/967 3188/1331/967
f 3184/1331/967 3188/1331/967 3190/1331/967 3189/1331/967
f 3189/1331/967 3190/1331/967 3192/1331/967 3191/1331/967
f 3193/1330/967 3194/1331/967 3196/1332/967 3195/1333/967
f 3194/1331/967 3193/1330/967 3197/1330/967 3198/1331/967
f 3194/1331/967 3198/1331/967 3200/1331/967 3199/1331/967
f 3199/1331/967 3200/1331/967 3202/1331/967 3201/1331/967
f 3203/1330/967 3204/1331/967 3206/1332/967 3205/1333/967
f 3204/1331/967 3203/1330/967 3207/1330/967 3208/1331/967
f 3204/1331/967 3208/1331/967 3210/1331/967 3209/1331/967
f 3209/1331/967 3210/1331/967 3212/1331/967 3211/1331/967
f 3213/1330/967 3214/1331/967 3216/1332/967 3215/1333/967
f 3214/1331/967 3213/1330/967 3217/1330/967 3218/1331/967
f 3214/1331/967 3218/1331/967 3220/1331/967 3219/1331/967
f 3219/1331/967 3220/1331/967 3222/1331/967 3221/1331/967
f 3223/1330/967 3224/1331/967 3226/1332/967 3225/1333/967
f 3224/1331/967 3223/1330/967 3227/1330/967 3228/1331/967
f 3224/1331/967 3228/1331/967 3230/1331/967 3229/1331/967
f 3229/1331/967 3230/1331/967 3232/1331/967 3231/1331/967
f 3233/1330/967 3234/1331/967 3236/1332/967 3235/1333/967
f 3234/1331/967 3233/1330/967 3237/1330/967 3238/1331/967
f 3234/1331/967 3238/1331/967 3240/1331/967 3239/1331/967
f 3239/1331/967 3240/1331/967 3242/1331/967 3241/1331/967
f 3243/1330/967 3244/1331/967 3246/1332/967 3245/1333/967
f 3244/1331/967 3243/1330/967 3247/1330/967 3248/1331/967
f 3244/1331/967 3248/1331/967 3250/1331/967 3249/1331/967
f 3249/1331/967 3250/1331/967 3252/1331/967 3251/1331/967
f 3253/1330/967 3254/1331/967 3256/1332/967 3255/1333/967
f 3254/1331/967 3253/1330/967 3257/1330/967 3258/1331/967
f 3254/1331/967 3258/1331/967 3260/1331/967 3259/1331/967
f 3259/1331/967 3260/1331/967 3262/1331/967 3261/1331/967
f 3263/1330/967 3264/1331/967 3266/1332/967 3265/1333/967
f 3264/1331/967 3263/1330/967 3267/1330/967 3268/1331/967
f 3264/1331/967 3268/1331/967 3270/1331/967 3269/1331/967
f 3269/1331/967 3270/1331/967 3272/1331/967 3271/1331/967
f 3273/1330/967 3274/1331/967 3276/1332/967 3275/1333/967
f 3274/1331/967 3273/1330/967 3277/1330/967 3278/1331/967
f 3274/1331/967 3278/1331/967 3280/1331/967 3279/1331/967
f 3279/1331/967 3280/1331/967 3282/1331/967 3281/1331/967
f 3283/1330/967 3284/1331/967 3286/1332/967 3285/1333/967
f 3284/1331/967 3283/1330/967 3287/1330/967 3288/1331/967
f 3284/1331/967 3288/1331/967 3290/1331/967 3289/1331/967
f 3289/1331/967 3290/1331/967 3292/1331/967 3291/1331/967
f 3293/1330/967 3294/1331/967 3296/1332/967 3295/1333/967
f 3294/1331/967 3293/1330/967 3297/1330/967 3298/1331/967
f 3294/1331/967 3298/1331/967 3300/1331/967 3299/1331/967
f 3299/1331/967 3300/1331/967 3302/1331/967 3301/1331/967
f 3303/1330/967 3304/1331/967 3306/1332/967 3305/1333/967
f 3304/1331/967 3303/1330/967 3307/1330/967 3308/1331/967
f 3304/1331/967 3308/1331/967 3310/1331/967 3309/1331/967
f 3309/1331/967 3310/1331/967 3312/1331/967 3311/1331/967
f 3313/1330/967 3314/1331/967 3316/1332/967 3315/1333/967
f 3314/1331/967 3313/1330/967 3317/1330/967 3318/1331/967
f 3314/1331/967 3318/1331/967 3320/1331/967 3319/1331/967
f 3319/1331/967 3320/1331/967 3322/1331/967 3321/1331/967
f 3323/1330/967 3324/1331/967 3326/1332/967 3325/1333/967
f 3324/1331/967 3323/1330/967 3327/1330/967 3328/1331/967
f 3324/1331/967 3328/1331/967 3330/1331/967 3329/1331/967
f 3329/1331/967 3330/1331/967 3332/1331/967 3331/1331/967
f 3333/1330/967 3334/1331/967 3336/1332/967 3335/1333/967
f 3334/1331/967 3333/1330/967 3337/1330/967 3338/1331/967
f 3334/1331/967 3338/1331/967 3340/1331/967 3339/1331/967
f 3339/1331/967 3340/1331/967 3342/1331/967 3341/1331/967
f 3343/1330/967 3344/1331/967 3346/1332/967 3345/1333/967
f 3344/1331/967 3343/1330/967 3347/1330/967 3348/1331/967
f 3344/1331/967 3348/1331/967 3350/1331/967 3349/1331/967
f 3349/1331/967 3350/1331/967 3352/1331/967 3351/1331/967
f 3353/1330/967 3354/1331/967 3356/1332/967 3355/1333/967
f 3354/1331/967 3353/1330/967 3357/1330/967 3358/1331/967
f 3354/1331/967 3358/1331/967 3360/1331/967 3359/1331/967
f 3359/1331/967 3360/1331/967 3362/1331/967 3361/1331/967
f 3363/1330/967 3364/1331/967 3366/1332/967 3365/1333/967
f 3364/1331/967 3363/1330/967 3367/1330/967 3368/1331/967
f 3364/1331/967 3368/1331/967 3370/1331/967 3369/1331/967
f 3369/1331/967 3370/1331/967 3372/1331/967 3371/1331/967
f 3373/1330/967 3374/1331/967 3376/1332/967 3375/1333/967
f 3374/1331/967 3373/1330/967 3377/1330/967 3378/1331/967
f 3374/1331/967 3378/1331/967 3380/1331/967 3379/1331/967
f 3379/1331/967 3380/1331/967 3382/1331/967 3381/1331/967
f 3383/1330/967 3384/1331/967 3386/1332/967 3385/1333/967
f 3384/1331/967 3383/1330/967 3387/1330/967 3388/1331/967
f 3384/1331/967 3388/1331/967 3390/1331/967 3389/1331/967
f 3389/1331/967 3390/1331/967 3392/1331/967 3391/1331/967
f 3393/1330/967 3394/1331/967 3396/1332/967 3395/1333/967
f 3394/1331/967 3393/1330/967 3397/1330/967 3398/1331/967
f 3394/1331/967 3398/1331/967 3400/1331/967 3399/1331/967
f 3399/1331/967 3400/1331/967 3402/1331/967 3401/1331/967
f 3403/1330/967 3404/1331/967 3406/1332/967 3405/1333/967
f 3404/1331/967 3403/1330/967 3407/1330/967 3408/1331/967
f 3404/1331/967 3408/1331/967 3410/1331/967 3409/1331/967
f 3409/1331/967 3410/1331/967 3412/1331/967 3411/1331/967
f 3413/1330/967 3414/1331/967 3416/1332/967 3415/1333/967
f 3414/1331/967 3413/1330/967 3417/1330/967 3418/1331/967
f 3414/1331/967 3418/1331/967 3420/1331/967 3419/1331/967
f 3419/1331/967 3420/1331/967 3422/1331/967 3421/1331/967
f 3423/1330/967 3424/1331/967 3426/1332/967 3425/1333/967
f 3424/1331/967 3423/1330/967 3427/1330/967 3428/1331/967
f 3424/1331/967 3428/1331/967 3430/1331/967 3429/1331/967
f 3429/1331/967 3430/1331/967 3432/1331/967 3431/1331/967
f 3433/1330/967 3434/1331/967 3436/1332/967 3435/1333/967
f 3434/1331/967 3433/1330/967 3437/1330/967 3438/1331/967
f 3434/1331/967 3438/1331/967 3440/1331/967 3439/1331/967
f 3439/1331/967 3440/1331/967 3442/1331/967 3441/1331/967
f 3443/1330/967 3444/1331/967 3446/1332/967 3445/1333/967
f 3444/1331/967 3443/1330/967 3447/1330/967 3448/1331/967
f 3444/1331/967 3448/1331/967 3450/1331/967 3449/1331/967
f 3449/1331/967 3450/1331/967 3452/1331/967 3451/1331/967
f 3453/1330/967 3454/1331/967 3456/1332/967 3455/1333/967
f 3454/1331/967 3453/1330/967 3457/1330/967 3458/1331/967
f 3454/1331/967 3458/1331/967 3460/1331/967 3459/1331/967
f 3459/1331/967 3460/1331/967 3462/1331/967 3461/1331/967
f 3463/1330/967 3464/1331/967 3466/1332/967 3465/1333/967
f 3464/1331/967 3463/1330/967 3467/1330/967 3468/1331/967
f 3464/1331/967 3468/1331/967 3470/1331/967 3469/1331/967
f 3469/1331/967 3470/1331/967 3472/1331/967 3471/1331/967
f 3473/1330/967 3474/1331/967 3476/1332/967 3475/1333/967
f 3474/1331/967 3473/1330/967 3477/1330/967 3478/1331/967
f 3474/1331/967 3478/1331/967 3480/1331/967 3479/1331/967
f 3479/1331/967 3480/1331/967 3482/1331/967 3481/1331/967
f 3483/1330/967 3484/1331/967 3486/1332/967 3485/1333/967
f 3484/1331/967 3483/1330/967 3487/1330/967 3488/1331/967
f 3484/1331/967 3488/1331/967 3490/1331/967 3489/1331/967
f 3489/1331/967 3490/1331/967 3492/1331/967 3491/1331/967
f 3493/1330/967 3494/1331/967 3496/1332/967 3495/1333/967
f 3494/1331/967 3493/1330/967 3497/1330/967 3498/1331/967
f 3494/1331/967 3498/1331/967 3500/1331/967 3499/1331/967
f 3499/1331/967 3500/1331/967 3502/1331/967 3501/1331/967
f 3503/1330/967 3504/1331/967 3506/1332/967 3505/1333/967
f 3504/1331/967 3503/1330/967 3507/1330/967 3508/1331/967
f 3504/1331/967 3508/1331/967 3510/1331/967 3509/1331/967
f 3509/1331/967 3510/1331/967 3512/1331/967 3511/1331/967
f 3513/1330/967 3514/1331/967 3516/1332/967 3515/1333/967
f 3514/1331/967 3513/1330/967 3517/1330/967 3518/1331/967
f 3514/1331/967 3518/1331/967 3520/1331/967 3519/1331/967
f 3519/1331/967 3520/1331/967 3522/1331/967 3521/1331/967
f 3523/1330/967 3524/1331/967 3526/1332/967 3525/1333/967
f 3524/1331/967 3523/1330/967 3527/1330/967 3528/1331/967
f 3524/1331/967 3528/1331/967 3530/1331/967 3529/1331/967
f 3529/1331/967 3530/1331/967 3532/1331/967 3531/1331/967
f 3533/1330/967 3534/1331/967 3536/1332/967 3535/1333/967
f 3534/1331/967 3533/1330/967 3537/1330/967 3538/1331/967
f 3534/1331/967 3538/1331/967 3540/1331/967 3539/1331/967
f 3539/1331/967 3540/1331/967 3542/1331/967 3541/1331/967
f 3543/1330/967 3544/1331/967 3546/1332/967 3545/1333/967
f 3544/1331/967 3543/1330/967 3547/1330/967 3548/1331/967
f 3544/1331/967 3548/1331/967 3550/1331/967 3549/1331/967
f 3549/1331/967 3550/1331/967 3552/1331/967 3551/1331/967
f 3553/1330/967 3554/1331/967 3556/1332/967 3555/1333/967
f 3554/1331/967 3553/1330/967 3557/1330/967 3558/1331/967
f 3554/1331/967 3558/1331/967 3560/1331/967 3559/1331/967
f 3559/1331/967 3560/1331/967 3562/1331/967 3561/1331/967
f 3563/1330/967 3564/1331/967 3566/1332/967 3565/1333/967
f 3564/1331/967 3563/1330/967 3567/1330/967 3568/1331/967
f 3564/1331/967 3568/1331/967 3570/1331/967 3569/1331/967
f 3569/1331/967 3570/1331/967 3572/1331/967 3571/1331/967
f 3573/1330/967 3574/1331/967 3576/1332/967 3575/1333/967
f 3574/1331/967 3573/1330/967 3577/1330/967 3578/1331/967
f 3574/1331/967 3578/1331/967 3580/1331/967 3579/1331/967
f 3579/1331/967 3580/1331/967 3582/1331/967 3581/1331/967
f 3583/1330/967 3584/1331/967 3586/1332/967 3585/1333/967
f 3584/1331/967 3583/1330/967 3587/1330/967 3588/1331/967
f 3584/1331/967 3588/1331/967 3590/1331/967 3589/1331/967
f 3589/1331/967 3590/1331/967 3592/1331/967 3591/1331/967
f 3593/1330/967 3594/1331/967 3596/1332/967 3595/1333/967
f 3594/1331/967 3593/1330/967 3597/1330/967 3598/1331/967
f 3594/1331/967 3598/1331/967 3600/1331/967 3599/1331/967
f 3599/1331/967 3600/1331/967 3602/1331/967 3601/1331/967
f 3603/1330/967 3604/1331/967 3606/1332/967 3605/1333/967
f 3604/1331/967 3603/1330/967 3607/1330/967 3608/1331/967
f 3604/1331/967 3608/1331/967 3610/1331/967 3609/1331/967
f 3609/1331/967 3610/1331/967 3612/1331/967 3611/1331/967
f 3613/1330/967 3614/1331/967 3616/1332/967 3615/1333/967
f 3614/1331/967 3613/1330/967 3617/1330/967 3618/1331/967
f 3614/1331/967 3618/1331/967 3620/1331/967 3619/1331/967
f 3619/1331/967 3620/1331/967 3622/1331/967 3621/1331/967
f 3623/1330/967 3624/1331/967 3626/1332/967 3625/1333/967
f 3624/1331/967 3623/1330/967 3627/1330/967 3628/1331/967
f 3624/1331/967 3628/1331/967 3630/1331/967 3629/1331/967
f 3629/1331/967 3630/1331/967 3632/1331/967 3631/1331/967
f 3633/1330/967 3634/1331/967 3636/1332/967 3635/1333/967
f 3634/1331/967 3633/1330/967 3637/1330/967 3638/1331/967
f 3634/1331/967 3638/1331/967 3640/1331/967 3639/1331/967
f 3639/1331/967 3640/1331/967 3642/1331/967 3641/1331/967
f 3643/1330/967 3644/1331/967 3646/1332/967 3645/1333/967
f 3644/1331/967 3643/1330/967 3647/1330/967 3648/1331/967
f 3644/1331/967 3648/1331/967 3650/1331/967 3649/1331/967
f 3649/1331/967 3650/1331/967 3652/1331/967 3651/1331/967
f 3653/1330/967 3654/1331/967 3656/1332/967 3655/1333/967
f 3654/1331/967 3653/1330/967 3657/1330/967 3658/1331/967
f 3654/1331/967 3658/1331/967 3660/1331/967 3659/1331/967
f 3659/1331/967 3660/1331/967 3662/1331/967 3661/1331/967
f 3663/1330/967 3664/1331/967 3666/1332/967 3665/1333/967
f 3664/1331/967 3663/1330/967 3667/1330/967 3668/1331/967
f 3664/1331/967 3668/1331/967 3670/1331/967 3669/1331/967
f 3669/1331/967 3670/1331/967 3672/1331/967 3671/1331/967
f 3673/1330/967 3674/1331/967 3676/1332/967 3675/1333/967
f 3674/1331/967 3673/1330/967 3677/1330/967 3678/1331/967
f 3674/1331/967 3678/1331/967 3680/1331/967 3679/1331/967
f 3679/1331/967 3680/1331/967 3682/1331/967 3681/1331/967
f 3683/1330/967 3684/1331/967 3686/1332/967 3685/1333/967
f 3684/1331/967 3683/1330/967 3687/1330/967 3688/1331/967
f 3684/1331/967 3688/1331/967 3690/1331/967 3689/1331/967
f 3689/1331/967 3690/1331/967 3692/1331/967 3691/1331/967
f 3693/1330/967 3694/1331/967 3696/1332/967 3695/1333/967
f 3694/1331/967 3693/1330/967 3697/1330/967 3698/1331/967
f 3694/1331/967 3698/1331/967 3700/1331/967 3699/1331/967
f 3699/1331/967 3700/1331/967 3702/1331/967 3701/1331/967
f 3703/1330/967 3704/1331/967 3706/1332/967 3705/1333/967
f 3704/1331/967 3703/1330/967 3707/1330/967 3708/1331/967
f 3704/1331/967 3708/1331/967 3710/1331/967 3709/1331/967
f 3709/1331/967 3710/1331/967 3712/1331/967 3711/1331/967
f 3713/1330/967 3714/1331/967 3716/1332/967 3715/1333/967
f 3714/1331/967 3713/1330/967 3717/1330/967 3718/1331/967
f 3714/1331/967 3718/1331/967 3720/1331/967 3719/1331/967
f 3719/1331/967 3720/1331/967 3722/1331/967 3721/1331/967
f 3723/1330/967 3724/1331/967 3726/1332/967 3725/1333/967
f 3724/1331/967 3723/1330/967 3727/1330/967 3728/1331/967
f 3724/1331/967 3728/1331/967 3730/1331/967 3729/1331/967
f 3729/1331/967 3730/1331/967 3732/1331/967 3731/1331/967
f 3733/1330/967 3734/1331/967 3736/1332/967 3735/1333/967
f 3734/1331/967 3733/1330/967 3737/1330/967 3738/1331/967
f 3734/1331/967 3738/1331/967 3740/1331/967 3739/1331/967
f 3739/1331/967 3740/1331/967 3742/1331/967 3741/1331/967
f 3743/1330/967 3744/1331/967 3746/1332/967 3745/1333/967
f 3744/1331/967 3743/1330/967 3747/1330/967 3748/1331/967
f 3744/1331/967 3748/1331/967 3750/1331/967 3749/1331/967
f 3749/1331/967 3750/1331/967 3752/1331/967 3751/1331/967
f 3753/1330/967 3754/1331/967 3756/1332/967 3755/1333/967
f 3754/1331/967 3753/1330/967 3757/1330/967 3758/1331/967
f 3754/1331/967 3758/1331/967 3760/1331/967 3759/1331/967
f 3759/1331/967 3760/1331/967 3762/1331/967 3761/1331/967
f 3763/1330/967 3764/1331/967 3766/1332/967 3765/1333/967
f 3764/1331/967 3763/1330/967 3767/1330/967 3768/1331/967
f 3764/1331/967 3768/1331/967 3770/1331/967 3769/1331/967
f 3769/1331/967 3770/1331/967 3772/1331/967 3771/1331/967
f 3773/1330/967 3774/1331/967 3776/1332/967 3775/1333/967
f 3774/1331/967 3773/1330/967 3777/1330/967 3778/1331/967
f 3774/1331/967 3778/1331/967 3780/1331/967 3779/1331/967
f 3779/1331/967 3780/1331/967 3782/1331/967 3781/1331/967
f 3783/1330/967 3784/1331/967 3786/1332/967 3785/1333/967
f 3784/1331/967 3783/1330/967 3787/1330/967 3788/1331/967
f 3784/1331/967 3788/1331/967 3790/1331/967 3789/1331/967
f 3789/1331/967 3790/1331/967 3792/1331/967 3791/1331/967
f 3793/1330/967 3794/1331/967 3796/1332/967 3795/1333/967
f 3794/1331/967 3793/1330/967 3797/1330/967 3798/1331/967
f 3794/1331/967 3798/1331/967 3800/1331/967 3799/1331/967
f 3799/1331/967 3800/1331/967 3802/1331/967 3801/1331/967
f 3803/1330/967 3804/1331/967 3806/1332/967 3805/1333/967
f 3804/1331/967 3803/1330/967 3807/1330/967 3808/1331/967
f 3804/1331/967 3808/1331/967 3810/1331/967 3809/1331/967
f 3809/1331/967 3810/1331/967 3812/1331/967 3811/1331/967
o v_hlid.001
v -0.897838 -0.042709 -1.107179
v -0.565168 2.857426 -1.020996
v -0.897838 -0.013790 -1.581135
v -0.565168 2.875309 -1.314072
v 0.897838 -0.042709 -1.107179
v 0.565168 2.857426 -1.020996
v 0.897838 -0.013790 -1.581135
v 0.565168 2.875309 -1.314072
vn -0.9935 0.1138 0.0069
vn -0.0000 0.0920 -0.9958
vn 0.9935 0.1138 0.0069
vn -0.0000 -0.0297 0.9996
vn -0.0000 -0.9981 -0.0609
vn -0.0000 0.9981 0.0609
vt 0.375000 0.000000
vt 0.625000 0.000000
vt 0.625000 0.250000
vt 0.375000 0.250000
vt 0.625000 0.500000
vt 0.375000 0.500000
vt 0.625000 0.750000
vt 0.375000 0.750000
vt 0.625000 1.000000
vt 0.375000 1.000000
vt 0.125000 0.500000
vt 0.125000 0.750000
vt 0.875000 0.500000
vt 0.875000 0.750000
s 0
usemtl Material.003
f 3813/1334/968 3814/1335/968 3816/1336/968 3815/1337/968
f 3815/1337/969 3816/1336/969 3820/1338/969 3819/1339/969
f 3819/1339/970 3820/1338/970 3818/1340/970 3817/1341/970
f 3817/1341/971 3818/1340/971 3814/1342/971 3813/1343/971
f 3815/1344/972 3819/1339/972 3817/1341/972 3813/1345/972
f 3820/1338/973 3816/1346/973 3814/1347/973 3818/1340/973
o Cube
v 1.141584 1.914066 -1.250000
v 1.141584 2.274066 -1.250000
v 1.141584 1.914066 -1.350000
v 1.141584 2.274066 -1.350000
v 1.441584 1.914066 -1.250000
v 1.441584 2.274066 -1.250000
v 1.441584 1.914066 -1.350000
v 1.441584 2.274066 -1.350000
vn -1.0000 -0.0000 -0.0000
vn -0.0000 -0.0000 -1.0000
vn 1.0000 -0.0000 -0.0000
vn -0.0000 -0.0000 1.0000
vn -0.0000 -1.0000 -0.0000
vn -0.0000 1.0000 -0.0000
vt 0.375000 0.000000
vt 0.625000 0.000000
vt 0.625000 0.250000
vt 0.375000 0.250000
vt 0.625000 0.500000
vt 0.375000 0.500000
vt 0.625000 0.750000
vt 0.375000 0.750000
vt 0.625000 1.000000
vt 0.375000 1.000000
vt 0.125000 0.500000
vt 0.125000 0.750000
vt 0.875000 0.500000
vt 0.875000 0.750000
s 0
f 3821/1348/974 3822/1349/974 3824/1350/974 3823/1351/974
f 3823/1351/975 3824/1350/975 3828/1352/975 3827/1353/975
f 3827/1353/976 3828/1352/976 3826/1354/976 3825/1355/976
f 3825/1355/977 3826/1354/977 3822/1356/977 3821/1357/977
f 3823/1358/978 3827/1353/978 3825/1355/978 3821/1359/978
f 3828/1352/979 3824/1360/979 3822/1361/979 3826/1354/979
o Cube.002
v 1.613784 1.914066 -1.250000
v 1.613784 2.274066 -1.250000
v 1.613784 1.914066 -1.350000
v 1.613784 2.274066 -1.350000
v 1.913784 1.914066 -1.250000
v 1.913784 2.274066 -1.250000
v 1.913784 1.914066 -1.350000
v 1.913784 2.274066 -1.350000
vn -1.0000 -0.0000 -0.0000
vn -0.0000 -0.0000 -1.0000
vn 1.0000 -0.0000 -0.0000
vn -0.0000 -0.0000 1.0000
vn -0.0000 -1.0000 -0.0000
vn -0.0000 1.0000 -0.0000
vt 0.375000 0.000000
vt 0.625000 0.000000
vt 0.625000 0.250000
vt 0.375000 0.250000
vt 0.625000 0.500000
vt 0.375000 0.500000
vt 0.625000 0.750000
vt 0.375000 0.750000
vt 0.625000 1.000000
vt 0.375000 1.000000
vt 0.125000 0.500000
vt 0.125000 0.750000
vt 0.875000 0.500000
vt 0.875000 0.750000
s 0
f 3829/1362/980 3830/1363/980 3832/1364/980 3831/1365/980
f 3831/1365/981 3832/1364/981 3836/1366/981 3835/1367/981
f 3835/1367/982 3836/1366/982 3834/1368/982 3833/1369/982
f 3833/1369/983 3834/1368/983 3830/1370/983 3829/1371/983
f 3831/1372/984 3835/1367/984 3833/1369/984 3829/1373/984
f 3836/1366/985 3832/1374/985 3830/1375/985 3834/1368/985
o Cube.003
v 2.090915 1.914066 -1.250000
v 2.090915 2.274066 -1.250000
v 2.090915 1.914066 -1.350000
v 2.090915 2.274066 -1.350000
v 2.390915 1.914066 -1.250000
v 2.390915 2.274066 -1.250000
v 2.390915 1.914066 -1.350000
v 2.390915 2.274066 -1.350000
vn -1.0000 -0.0000 -0.0000
vn -0.0000 -0.0000 -1.0000
vn 1.0000 -0.0000 -0.0000
vn -0.0000 -0.0000 1.0000
vn -0.0000 -1.0000 -0.0000
vn -0.0000 1.0000 -0.0000
vt 0.375000 0.000000
vt 0.625000 0.000000
vt 0.625000 0.250000
vt 0.375000 0.250000
vt 0.625000 0.500000
vt 0.375000 0.500000
vt 0.625000 0.750000
vt 0.375000 0.750000
vt 0.625000 1.000000
vt 0.375000 1.000000
vt 0.125000 0.500000
vt 0.125000 0.750000
vt 0.875000 0.500000
vt 0.875000 0.750000
s 0
f 3837/1376/986 3838/1377/986 3840/1378/986 3839/1379/986
f 3839/1379/987 3840/1378/987 3844/1380/987 3843/1381/987
f 3843/1381/988 3844/1380/988 3842/1382/988 3841/1383/988
f 3841/1383/989 3842/1382/989 3838/1384/989 3837/1385/989
f 3839/1386/990 3843/1381/990 3841/1383/990 3837/1387/990
f 3844/1380/991 3840/1388/991 3838/1389/991 3842/1382/991
o Cube.005
v -0.418295 -0.013630 -1.490021
v -0.418295 1.660993 -1.310701
v -0.418295 0.007274 -1.685235
v -0.418295 1.681896 -1.505915
v 0.418295 -0.013630 -1.490021
v 0.418295 1.660993 -1.310701
v 0.418295 0.007274 -1.685235
v 0.418295 1.681896 -1.505915
vn -1.0000 -0.0000 -0.0000
vn -0.0000 0.1065 -0.9943
vn 1.0000 -0.0000 -0.0000
vn -0.0000 -0.1065 0.9943
vn -0.0000 -0.9943 -0.1065
vn -0.0000 0.9943 0.1065
vt 0.375000 0.000000
vt 0.625000 0.000000
vt 0.625000 0.250000
vt 0.375000 0.250000
vt 0.625000 0.500000
vt 0.375000 0.500000
vt 0.625000 0.750000
vt 0.375000 0.750000
vt 0.625000 1.000000
vt 0.375000 1.000000
vt 0.125000 0.500000
vt 0.125000 0.750000
vt 0.875000 0.500000
vt 0.875000 0.750000
s 0
f 3845/1390/992 3846/1391/992 3848/1392/992 3847/1393/992
f 3847/1393/993 3848/1392/993 3852/1394/993 3851/1395/993
f 3851/1395/994 3852/1394/994 3850/1396/994 3849/1397/994
f 3849/1397/995 3850/1396/995 3846/1398/995 3845/1399/995
f 3847/1400/996 3851/1395/996 3849/1397/996 3845/1401/996
f 3852/1394/997 3848/1402/997 3846/1403/997 3850/1396/997
o Cube.006
v -0.418295 1.844291 -1.338594
v -0.418295 2.528927 -1.255308
v -0.418295 1.861172 -1.477361
v -0.418295 2.545808 -1.394074
v 0.418295 1.844291 -1.338594
v 0.418295 2.528927 -1.255308
v 0.418295 1.861172 -1.477361
v 0.418295 2.545808 -1.394074
vn -1.0000 -0.0000 -0.0000
vn -0.0000 0.1208 -0.9927
vn 1.0000 -0.0000 -0.0000
vn -0.0000 -0.1208 0.9927
vn -0.0000 -0.9927 -0.1208
vn -0.0000 0.9927 0.1208
vt 0.375000 0.000000
vt 0.625000 0.000000
vt 0.625000 0.250000
vt 0.375000 0.250000
vt 0.625000 0.500000
vt 0.375000 0.500000
vt 0.625000 0.750000
vt 0.375000 0.750000
vt 0.625000 1.000000
vt 0.375000 1.000000
vt 0.125000 0.500000
vt 0.125000 0.750000
vt 0.875000 0.500000
vt 0.875000 0.750000
s 0
f 3853/1404/998 3854/1405/998 3856/1406/998 3855/1407/998
f 3855/1407/999 3856/1406/999 3860/1408/999 3859/1409/999
f 3859/1409/1000 3860/1408/1000 3858/1410/1000 3857/1411/1000
f 3857/1411/1001 3858/1410/1001 3854/1412/1001 3853/1413/1001
f 3855/1414/1002 3859/1409/1002 3857/1411/1002 3853/1415/1002
f 3860/1408/1003 3856/1416/1003 3854/1417/1003 3858/1410/1003
o Cube.007
v -2.350952 1.914066 -1.250000
v -2.350952 2.274066 -1.250000
v -2.350952 1.914066 -1.350000
v -2.350952 2.274066 -1.350000
v -2.050952 1.914066 -1.250000
v -2.050952 2.274066 -1.250000
v -2.050952 1.914066 -1.350000
v -2.050952 2.274066 -1.350000
vn -1.0000 -0.0000 -0.0000
vn -0.0000 -0.0000 -1.0000
vn 1.0000 -0.0000 -0.0000
vn -0.0000 -0.0000 1.0000
vn -0.0000 -1.0000 -0.0000
vn -0.0000 1.0000 -0.0000
vt 0.375000 0.000000
vt 0.625000 0.000000
vt 0.625000 0.250000
vt 0.375000 0.250000
vt 0.625000 0.500000
vt 0.375000 0.500000
vt 0.625000 0.750000
vt 0.375000 0.750000
vt 0.625000 1.000000
vt 0.375000 1.000000
vt 0.125000 0.500000
vt 0.125000 0.750000
vt 0.875000 0.500000
vt 0.875000 0.750000
s 0
f 3861/1418/1004 3862/1419/1004 3864/1420/1004 3863/1421/1004
f 3863/1421/1005 3864/1420/1005 3868/1422/1005 3867/1423/1005
f 3867/1423/1006 3868/1422/1006 3866/1424/1006 3865/1425/1006
f 3865/1425/1007 3866/1424/1007 3862/1426/1007 3861/1427/1007
f 3863/1428/1008 3867/1423/1008 3865/1425/1008 3861/1429/1008
f 3868/1422/1009 3864/1430/1009 3862/1431/1009 3866/1424/1009
o Cube.008
v -1.878752 1.914066 -1.250000
v -1.878752 2.274066 -1.250000
v -1.878752 1.914066 -1.350000
v -1.878752 2.274066 -1.350000
v -1.578752 1.914066 -1.250000
v -1.578752 2.274066 -1.250000
v -1.578752 1.914066 -1.350000
v -1.578752 2.274066 -1.350000
vn -1.0000 -0.0000 -0.0000
vn -0.0000 -0.0000 -1.0000
vn 1.0000 -0.0000 -0.0000
vn -0.0000 -0.0000 1.0000
vn -0.0000 -1.0000 -0.0000
vn -0.0000 1.0000 -0.0000
vt 0.375000 0.000000
vt 0.625000 0.000000
vt 0.625000 0.250000
vt 0.375000 0.250000
vt 0.625000 0.500000
vt 0.375000 0.500000
vt 0.625000 0.750000
vt 0.375000 0.750000
vt 0.625000 1.000000
vt 0.375000 1.000000
vt 0.125000 0.500000
vt 0.125000 0.750000
vt 0.875000 0.500000
vt 0.875000 0.750000
s 0
f 3869/1432/1010 3870/1433/1010 3872/1434/1010 3871/1435/1010
f 3871/1435/1011 3872/1434/1011 3876/1436/1011 3875/1437/1011
f 3875/1437/1012 3876/1436/1012 3874/1438/1012 3873/1439/1012
f 3873/1439/1013 3874/1438/1013 3870/1440/1013 3869/1441/1013
f 3871/1442/1014 3875/1437/1014 3873/1439/1014 3869/1443/1014
f 3876/1436/1015 3872/1444/1015 3870/1445/1015 3874/1438/1015
o Cube.010
v -1.401621 1.914066 -1.250000
v -1.401621 2.274066 -1.250000
v -1.401621 1.914066 -1.350000
v -1.401621 2.274066 -1.350000
v -1.101621 1.914066 -1.250000
v -1.101621 2.274066 -1.250000
v -1.101621 1.914066 -1.350000
v -1.101621 2.274066 -1.350000
vn -1.0000 -0.0000 -0.0000
vn -0.0000 -0.0000 -1.0000
vn 1.0000 -0.0000 -0.0000
vn -0.0000 -0.0000 1.0000
vn -0.0000 -1.0000 -0.0000
vn -0.0000 1.0000 -0.0000
vt 0.375000 0.000000
vt 0.625000 0.000000
vt 0.625000 0.250000
vt 0.375000 0.250000
vt 0.625000 0.500000
vt 0.375000 0.500000
vt 0.625000 0.750000
vt 0.375000 0.750000
vt 0.625000 1.000000
vt 0.375000 1.000000
vt 0.125000 0.500000
vt 0.125000 0.750000
vt 0.875000 0.500000
vt 0.875000 0.750000
s 0
f 3877/1446/1016 3878/1447/1016 3880/1448/1016 3879/1449/1016
f 3879/1449/1017 3880/1448/1017 3884/1450/1017 3883/1451/1017
f 3883/1451/1018 3884/1450/1018 3882/1452/1018 3881/1453/1018
f 3881/1453/1019 3882/1452/1019 3878/1454/1019 3877/1455/1019
f 3879/1456/1020 3883/1451/1020 3881/1453/1020 3877/1457/1020
f 3884/1450/1021 3880/1458/1021 3878/1459/1021 3882/1452/1021
o Plane
v -2.733613 0.050000 -0.941615
v 2.733613 0.050000 -0.941615
v -2.733613 0.050000 -11.003165
v 2.733613 0.050000 -11.003165
vn -0.0000 1.0000 -0.0000
vt 0.000000 0.000000
vt 1.000000 0.000000
vt 1.000000 1.000000
vt 0.000000 1.000000
s 0
f 3885/1460/1022 3886/1461/1022 3888/1462/1022 3887/1463/1022
o Plane.002
v 2.724288 0.050000 -1.912452
v 2.724288 0.050000 -10.983948
v 8.191514 0.050000 -10.983948
vn -0.0000 -1.0000 -0.0000
vt 0.000000 1.000000
vt 1.000000 1.000000
vt 0.000000 0.000000
s 0
f 3890/1464/1023 3891/1465/1023 3889/1466/1023
o Plane.005
v -2.732550 0.050000 -1.912452
v -2.732550 0.050000 -10.983948
v -8.199776 0.050000 -10.983948
vn -0.0000 1.0000 -0.0000
vt 0.000000 1.000000
vt 1.000000 1.000000
vt 0.000000 0.000000
s 0
f 3893/1467/1024 3894/1468/1024 3892/1469/1024
