# Blender 4.0.2
# www.blender.org
mtllib nyasta_asmundarsafn.mtl
o v_hlid
v 2.750000 0.000000 2.000000
v 4.139461 4.000000 1.236724
v 2.750000 0.000000 -2.000000
v 4.139461 4.000000 -1.236724
v 10.250000 0.000000 2.000000
v 8.860538 4.000000 1.236724
v 10.250000 0.000000 -2.000000
v 8.860538 4.000000 -1.236724
vn -0.9446 0.3281 -0.0000
vn -0.0000 0.1874 -0.9823
vn 0.9446 0.3281 -0.0000
vn -0.0000 0.1874 0.9823
vn -0.0000 -1.0000 -0.0000
vn -0.0000 1.0000 -0.0000
vt 0.375000 0.000000
vt 0.625000 0.000000
vt 0.625000 0.250000
vt 0.375000 0.250000
vt 0.625000 0.500000
vt 0.375000 0.500000
vt 0.625000 0.750000
vt 0.375000 0.750000
vt 0.625000 1.000000
vt 0.375000 1.000000
vt 0.125000 0.500000
vt 0.125000 0.750000
vt 0.875000 0.500000
vt 0.875000 0.750000
s 0
usemtl Material.003
f 1/1/1 2/2/1 4/3/1 3/4/1
f 3/4/2 4/3/2 8/5/2 7/6/2
f 7/6/3 8/5/3 6/7/3 5/8/3
f 5/8/4 6/7/4 2/9/4 1/10/4
f 3/11/5 7/6/5 5/8/5 1/12/5
f 8/5/6 4/13/6 2/14/6 6/7/6
o adaldyr
v -4.000000 0.000000 1.300000
v -4.000000 2.900000 1.300000
v -4.000000 0.000000 -1.300000
v -4.000000 2.900000 -1.300000
v 4.000000 0.000000 1.300000
v 4.000000 2.900000 1.300000
v 4.000000 0.000000 -1.300000
v 4.000000 2.900000 -1.300000
v 1.389393 1.796256 0.880154
v 1.019795 1.796256 0.880154
v 1.389393 2.271376 0.880154
v 1.019795 2.271376 0.880154
v -4.000000 2.900000 -1.300000
v -4.000000 0.000000 -1.300000
v 4.000000 0.000000 -1.300000
v 4.000000 2.900000 -1.300000
v -4.000000 2.900000 -1.300000
v -4.000000 0.000000 -1.300000
v 4.000000 0.000000 -1.300000
v 4.000000 2.900000 -1.300000
v -4.000000 1.450000 -1.300000
v 0.000000 0.000000 -1.300000
v 0.000000 2.900000 -1.300000
v 4.000000 1.450000 -1.300000
v -2.000000 0.000000 -1.300000
v 2.000000 0.000000 -1.300000
v -3.000000 0.000000 -1.300000
v 1.000000 0.000000 -1.300000
v -1.000000 0.000000 -1.300000
v 3.000000 0.000000 -1.300000
v -3.500000 0.000000 -1.300000
v 0.500000 0.000000 -1.300000
v -1.500000 0.000000 -1.300000
v 2.500000 0.000000 -1.300000
v -2.500000 0.000000 -1.300000
v 1.500000 0.000000 -1.300000
v -0.500000 0.000000 -1.300000
v 3.500000 0.000000 -1.300000
v 2.000000 2.900000 -1.300000
v -2.000000 2.900000 -1.300000
v 3.000000 2.900000 -1.300000
v -1.000000 2.900000 -1.300000
v 1.000000 2.900000 -1.300000
v -3.000000 2.900000 -1.300000
v 3.500000 2.900000 -1.300000
v -0.500000 2.900000 -1.300000
v 1.500000 2.900000 -1.300000
v -2.500000 2.900000 -1.300000
v 2.500000 2.900000 -1.300000
v -1.500000 2.900000 -1.300000
v 0.500000 2.900000 -1.300000
v -3.500000 2.900000 -1.300000
vn -1.0000 -0.0000 -0.0000
vn -0.0000 -0.0000 -1.0000
vn 1.0000 -0.0000 -0.0000
vn -0.0000 -0.0000 1.0000
vn -0.0000 -1.0000 -0.0000
vn -0.0000 1.0000 -0.0000
vt 0.625000 0.000000
vt 0.375000 0.250000
vt 0.375000 0.000000
vt 0.625000 0.250000
vt 0.375000 0.500000
vt 0.625000 0.500000
vt 0.375000 0.750000
vt 0.625000 0.750000
vt 0.375000 1.000000
vt 0.125000 0.750000
vt 0.125000 0.500000
vt 0.875000 0.500000
vt 0.000000 0.000000
vt 0.375000 0.484375
vt 0.625000 0.265625
vt 0.375000 0.265625
vt 0.625000 0.484375
vt 0.625000 1.000000
vt 0.875000 0.750000
vt 0.375000 0.281250
vt 0.375000 0.296875
vt 0.375000 0.312500
vt 0.375000 0.328125
vt 0.375000 0.343750
vt 0.375000 0.359375
vt 0.375000 0.375000
vt 0.375000 0.390625
vt 0.375000 0.406250
vt 0.375000 0.421875
vt 0.375000 0.437500
vt 0.375000 0.453125
vt 0.375000 0.468750
vt 0.625000 0.468750
vt 0.625000 0.453125
vt 0.625000 0.437500
vt 0.625000 0.421875
vt 0.625000 0.406250
vt 0.625000 0.390625
vt 0.625000 0.375000
vt 0.625000 0.359375
vt 0.625000 0.343750
vt 0.625000 0.328125
vt 0.625000 0.312500
vt 0.625000 0.296875
vt 0.625000 0.281250
vt 0.500000 0.250000
vt 0.500000 0.500000
s 0
usemtl Material.004
f 10/15/7 22/16/7 9/17/7
f 12/18/8 15/19/8 11/16/8
f 24/20/9 13/21/9 23/19/9
f 14/22/10 9/23/10 13/21/10
f 23/19/11 9/24/11 22/25/11
f 21/26/12 14/22/12 24/20/12
f 18/26/10 19/22/10 20/20/10
f 29/27/12 26/27/12 21/27/12
f 46/28/12 23/19/12 22/16/12
f 60/29/12 21/18/12 24/20/12
f 32/27/12 28/27/12 23/27/12
f 11/16/12 26/16/12 25/18/12
f 11/16/12 15/19/12 39/30/12
f 16/20/12 12/18/12 53/31/12
f 16/20/12 28/20/12 27/19/12
f 10/15/7 21/18/7 22/16/7
f 12/18/8 16/20/8 15/19/8
f 24/20/9 14/22/9 13/21/9
f 14/22/10 10/32/10 9/23/10
f 23/19/11 13/21/11 9/24/11
f 21/26/12 10/33/12 14/22/12
f 18/26/10 17/33/10 19/22/10
f 21/27/12 25/27/12 29/27/12
f 26/27/12 22/27/12 21/27/12
f 22/16/12 26/16/12 39/30/12
f 35/34/12 43/35/12 33/36/12
f 22/16/12 39/30/12 35/34/12
f 33/36/12 41/37/12 37/38/12
f 22/16/12 35/34/12 33/36/12
f 37/38/12 45/39/12 30/40/12
f 22/16/12 33/36/12 37/38/12
f 30/40/12 40/41/12 36/42/12
f 22/16/12 37/38/12 30/40/12
f 36/42/12 44/43/12 34/44/12
f 22/16/12 30/40/12 36/42/12
f 34/44/12 42/45/12 38/46/12
f 22/16/12 36/42/12 34/44/12
f 34/44/12 38/46/12 46/28/12
f 22/16/12 34/44/12 46/28/12
f 46/28/12 27/19/12 23/19/12
f 24/20/12 28/20/12 53/31/12
f 49/47/12 57/48/12 47/49/12
f 24/20/12 53/31/12 49/47/12
f 47/49/12 55/50/12 51/51/12
f 24/20/12 49/47/12 47/49/12
f 51/51/12 59/52/12 31/53/12
f 24/20/12 47/49/12 51/51/12
f 31/53/12 54/54/12 50/55/12
f 24/20/12 51/51/12 31/53/12
f 50/55/12 58/56/12 48/57/12
f 24/20/12 31/53/12 50/55/12
f 48/57/12 56/58/12 52/59/12
f 24/20/12 50/55/12 48/57/12
f 48/57/12 52/59/12 60/29/12
f 24/20/12 48/57/12 60/29/12
f 60/29/12 25/18/12 21/18/12
f 23/27/12 27/27/12 32/27/12
f 28/27/12 24/27/12 23/27/12
f 25/18/12 12/18/12 11/16/12
f 26/16/12 29/60/12 25/18/12
f 15/19/12 27/19/12 46/28/12
f 15/19/12 46/28/12 38/46/12
f 15/19/12 38/46/12 34/44/12
f 15/19/12 34/44/12 36/42/12
f 15/19/12 36/42/12 30/40/12
f 15/19/12 30/40/12 37/38/12
f 15/19/12 37/38/12 33/36/12
f 33/36/12 35/34/12 39/30/12
f 15/19/12 33/36/12 39/30/12
f 39/30/12 26/16/12 11/16/12
f 12/18/12 25/18/12 60/29/12
f 12/18/12 60/29/12 52/59/12
f 12/18/12 52/59/12 48/57/12
f 12/18/12 48/57/12 50/55/12
f 12/18/12 50/55/12 31/53/12
f 12/18/12 31/53/12 51/51/12
f 12/18/12 51/51/12 47/49/12
f 47/49/12 49/47/12 53/31/12
f 12/18/12 47/49/12 53/31/12
f 53/31/12 28/20/12 16/20/12
f 27/19/12 15/19/12 16/20/12
f 28/20/12 32/61/12 27/19/12
o h_hlid
v -10.250000 0.000000 2.000000
v -8.860538 4.000000 1.236724
v -10.250000 0.000000 -2.000000
v -8.860538 4.000000 -1.236724
v -2.750000 0.000000 2.000000
v -4.139461 4.000000 1.236724
v -2.750000 0.000000 -2.000000
v -4.139461 4.000000 -1.236724
vn -0.9446 0.3281 -0.0000
vn -0.0000 0.1874 -0.9823
vn 0.9446 0.3281 -0.0000
vn -0.0000 0.1874 0.9823
vn -0.0000 -1.0000 -0.0000
vn -0.0000 1.0000 -0.0000
vt 0.375000 0.000000
vt 0.625000 0.000000
vt 0.625000 0.250000
vt 0.375000 0.250000
vt 0.625000 0.500000
vt 0.375000 0.500000
vt 0.625000 0.750000
vt 0.375000 0.750000
vt 0.625000 1.000000
vt 0.375000 1.000000
vt 0.125000 0.500000
vt 0.125000 0.750000
vt 0.875000 0.500000
vt 0.875000 0.750000
s 0
usemtl Material.002
f 61/62/13 62/63/13 64/64/13 63/65/13
f 63/65/14 64/64/14 68/66/14 67/67/14
f 67/67/15 68/66/15 66/68/15 65/69/15
f 65/69/16 66/68/16 62/70/16 61/71/16
f 63/72/17 67/67/17 65/69/17 61/73/17
f 68/66/18 64/74/18 62/75/18 66/68/18
o innanhus
v -4.080000 -0.009000 9.530798
v -4.080000 2.949000 9.530798
v -4.080000 -0.009000 1.289198
v -4.080000 2.949000 1.289198
v 4.080000 -0.009000 9.530798
v 4.080000 2.949000 9.530798
v 4.080000 -0.009000 1.289198
v 4.080000 2.949000 1.289198
vn -1.0000 -0.0000 -0.0000
vn -0.0000 -0.0000 -1.0000
vn 1.0000 -0.0000 -0.0000
vn -0.0000 -0.0000 1.0000
vn -0.0000 -1.0000 -0.0000
vn -0.0000 1.0000 -0.0000
vt 0.625000 0.000000
vt 0.375000 0.250000
vt 0.375000 0.000000
vt 0.625000 0.250000
vt 0.375000 0.500000
vt 0.625000 0.500000
vt 0.375000 0.750000
vt 0.625000 0.750000
vt 0.375000 1.000000
vt 0.125000 0.750000
vt 0.125000 0.500000
vt 0.875000 0.500000
vt 0.625000 1.000000
vt 0.875000 0.750000
s 0
usemtl Material.012
f 70/76/19 71/77/19 69/78/19
f 72/79/20 75/80/20 71/77/20
f 76/81/21 73/82/21 75/80/21
f 74/83/22 69/84/22 73/82/22
f 75/80/23 69/85/23 71/86/23
f 72/87/24 74/83/24 76/81/24
f 70/76/19 72/79/19 71/77/19
f 72/79/20 76/81/20 75/80/20
f 76/81/21 74/83/21 73/82/21
f 74/83/22 70/88/22 69/84/22
f 75/80/23 73/82/23 69/85/23
f 72/87/24 70/89/24 74/83/24
o syningarsalur
v -0.000007 -2.303517 9.232174
v 17.715675 -2.303517 16.503159
v 17.715675 1.976482 16.503159
v 15.943687 -2.303517 19.788010
v 15.943687 1.976482 19.788010
v 13.558987 -2.303517 22.667198
v 13.558987 1.976482 22.667198
v 10.653228 -2.303517 25.030094
v 10.653228 1.976482 25.030094
v 7.338069 -2.303517 26.785883
v 7.338069 1.976482 26.785883
v 3.740911 -2.303517 27.867092
v 3.740911 1.976482 27.867092
v -0.000007 -2.303517 28.232170
v -0.000007 1.976482 28.232170
v -3.740927 -2.303517 27.867092
v -3.740927 1.976482 27.867092
v -7.338090 -2.303517 26.785883
v -7.338090 1.976482 26.785883
v -10.653245 -2.303517 25.030094
v -10.653245 1.976482 25.030094
v -13.559007 -2.303517 22.667198
v -13.559007 1.976482 22.667198
v -15.943704 -2.303517 19.788010
v -15.943704 1.976482 19.788010
v -17.715694 -2.303517 16.503159
v -17.715694 1.976482 16.503159
v -0.000007 1.976482 9.232174
vn 0.8801 -0.0000 0.4748
vn 0.7701 -0.0000 0.6379
vn 0.6309 -0.0000 0.7759
vn 0.4680 -0.0000 0.8837
vn 0.2879 -0.0000 0.9577
vn 0.0971 -0.0000 0.9953
vn -0.0971 -0.0000 0.9953
vn -0.2879 -0.0000 0.9577
vn -0.4680 -0.0000 0.8837
vn -0.6309 -0.0000 0.7759
vn -0.7701 -0.0000 0.6379
vn -0.8801 -0.0000 0.4748
vn -0.3797 -0.0000 -0.9251
vn 0.3797 -0.0000 -0.9251
vn -0.0000 1.0000 -0.0000
vn -0.0000 -1.0000 -0.0000
vt 0.687500 0.500000
vt 0.687500 1.000000
vt 0.656250 1.000000
vt 0.656250 0.500000
vt 0.625000 1.000000
vt 0.625000 0.500000
vt 0.593750 1.000000
vt 0.593750 0.500000
vt 0.562500 1.000000
vt 0.562500 0.500000
vt 0.531250 1.000000
vt 0.531250 0.500000
vt 0.500000 1.000000
vt 0.500000 0.500000
vt 0.468750 1.000000
vt 0.468750 0.500000
vt 0.437500 1.000000
vt 0.437500 0.500000
vt 0.406250 1.000000
vt 0.406250 0.500000
vt 0.375000 1.000000
vt 0.375000 0.500000
vt 0.343750 1.000000
vt 0.343750 0.500000
vt 0.312500 1.000000
vt 0.312500 0.500000
vt 0.000000 0.000000
s 0
usemtl Material.013
f 78/90/25 79/91/25 81/92/25 80/93/25
f 80/93/26 81/92/26 83/94/26 82/95/26
f 82/95/27 83/94/27 85/96/27 84/97/27
f 84/97/28 85/96/28 87/98/28 86/99/28
f 86/99/29 87/98/29 89/100/29 88/101/29
f 88/101/30 89/100/30 91/102/30 90/103/30
f 90/103/31 91/102/31 93/104/31 92/105/31
f 92/105/32 93/104/32 95/106/32 94/107/32
f 94/107/33 95/106/33 97/108/33 96/109/33
f 96/109/34 97/108/34 99/110/34 98/111/34
f 98/111/35 99/110/35 101/112/35 100/113/35
f 100/113/36 101/112/36 103/114/36 102/115/36
f 103/114/37 104/116/37 77/116/37 102/115/37
f 79/91/38 78/90/38 77/116/38 104/116/38
f 81/92/39 79/91/39 104/116/39 91/102/39 89/100/39 87/98/39 85/96/39 83/94/39
f 91/102/39 104/116/39 103/114/39 101/112/39 99/110/39 97/108/39 95/106/39 93/104/39
f 78/90/40 80/93/40 82/95/40 84/97/40 86/99/40 88/101/40 90/103/40 92/105/40 94/107/40 96/109/40 98/111/40 100/113/40 102/115/40 77/116/40
o dyr
v -0.481908 1.425380 -1.425713
v -0.481908 1.425380 -1.299999
v 0.582861 -0.001031 -1.425713
v 0.582861 -0.001031 -1.299999
v -0.481908 -0.001031 -1.425713
v -0.481908 -0.001031 -1.299999
v 0.582861 1.425380 -1.425713
v 0.582861 1.425380 -1.299999
v 0.050477 -0.001031 -1.425713
v -0.481908 0.712174 -1.425713
v 0.050477 1.425380 -1.425713
v 0.582861 0.712174 -1.425713
v 0.050477 0.712174 -1.425713
vn -0.0000 -0.0000 -1.0000
vn -0.0000 -0.0000 1.0000
vn -1.0000 -0.0000 -0.0000
vn -0.0000 1.0000 -0.0000
vn 1.0000 -0.0000 -0.0000
vn -0.0000 -1.0000 -0.0000
vt 0.500000 0.125000
vt 0.625000 0.125000
vt 0.625000 0.250000
vt 0.500000 0.250000
vt 0.375000 0.250000
vt 0.625000 0.500000
vt 0.375000 0.500000
vt 0.625000 0.625000
vt 0.625000 0.750000
vt 0.375000 0.750000
vt 0.125000 0.750000
vt 0.375000 0.125000
vt 0.125000 0.500000
vt 0.375000 0.625000
vt 0.875000 0.500000
vt 0.875000 0.625000
vt 0.875000 0.750000
vt 0.375000 0.000000
vt 0.500000 0.000000
vt 0.625000 0.000000
s 0
usemtl Material.001
f 117/117/41 113/118/41 109/119/41 114/120/41
f 108/121/42 112/119/42 106/122/42 110/123/42
f 106/123/43 105/122/43 114/124/43 109/125/43 110/126/43
f 112/127/44 111/126/44 115/128/44 105/121/44 106/123/44
f 108/129/45 107/123/45 116/130/45 111/126/45 112/127/45
f 110/122/46 109/131/46 113/132/46 107/133/46 108/125/46
f 115/128/41 117/117/41 114/120/41 105/121/41
f 111/134/41 116/135/41 117/117/41 115/128/41
f 116/135/41 107/136/41 113/118/41 117/117/41
o gluggi_1
v 1.826531 1.589419 -1.261336
v 1.826531 1.589419 -1.338664
v 2.173469 1.589419 -1.261336
v 2.173469 1.589419 -1.338664
v 1.826531 2.010581 -1.261336
v 1.826531 2.010581 -1.338664
v 2.173469 2.010581 -1.261336
v 2.173469 2.010581 -1.338664
vn -0.0000 -1.0000 -0.0000
vn 1.0000 -0.0000 -0.0000
vn -0.0000 1.0000 -0.0000
vn -1.0000 -0.0000 -0.0000
vn -0.0000 -0.0000 1.0000
vn -0.0000 -0.0000 -1.0000
vt 0.375000 0.000000
vt 0.625000 0.000000
vt 0.625000 0.250000
vt 0.375000 0.250000
vt 0.625000 0.500000
vt 0.375000 0.500000
vt 0.625000 0.750000
vt 0.375000 0.750000
vt 0.625000 1.000000
vt 0.375000 1.000000
vt 0.125000 0.500000
vt 0.125000 0.750000
vt 0.875000 0.500000
vt 0.875000 0.750000
s 0
usemtl Material.005
f 118/137/47 119/138/47 121/139/47 120/140/47
f 120/140/48 121/139/48 125/141/48 124/142/48
f 124/142/49 125/141/49 123/143/49 122/144/49
f 122/144/50 123/143/50 119/145/50 118/146/50
f 120/147/51 124/142/51 122/144/51 118/148/51
f 125/141/52 121/149/52 119/150/52 123/143/52
o gluggi_2
v 1.326531 1.589419 -1.261336
v 1.326531 1.589419 -1.338664
v 1.673469 1.589419 -1.261336
v 1.673469 1.589419 -1.338664
v 1.326531 2.010581 -1.261336
v 1.326531 2.010581 -1.338664
v 1.673469 2.010581 -1.261336
v 1.673469 2.010581 -1.338664
vn -0.0000 -1.0000 -0.0000
vn 1.0000 -0.0000 -0.0000
vn -0.0000 1.0000 -0.0000
vn -1.0000 -0.0000 -0.0000
vn -0.0000 -0.0000 1.0000
vn -0.0000 -0.0000 -1.0000
vt 0.375000 0.000000
vt 0.625000 0.000000
vt 0.625000 0.250000
vt 0.375000 0.250000
vt 0.625000 0.500000
vt 0.375000 0.500000
vt 0.625000 0.750000
vt 0.375000 0.750000
vt 0.625000 1.000000
vt 0.375000 1.000000
vt 0.125000 0.500000
vt 0.125000 0.750000
vt 0.875000 0.500000
vt 0.875000 0.750000
s 0
usemtl Material.006
f 126/151/53 127/152/53 129/153/53 128/154/53
f 128/154/54 129/153/54 133/155/54 132/156/54
f 132/156/55 133/155/55 131/157/55 130/158/55
f 130/158/56 131/157/56 127/159/56 126/160/56
f 128/161/57 132/156/57 130/158/57 126/162/57
f 133/155/58 129/163/58 127/164/58 131/157/58
o gluggi_3
v 0.826531 1.589419 -1.261336
v 0.826531 1.589419 -1.338664
v 1.173469 1.589419 -1.261336
v 1.173469 1.589419 -1.338664
v 0.826531 2.010581 -1.261336
v 0.826531 2.010581 -1.338664
v 1.173469 2.010581 -1.261336
v 1.173469 2.010581 -1.338664
vn -0.0000 -1.0000 -0.0000
vn 1.0000 -0.0000 -0.0000
vn -0.0000 1.0000 -0.0000
vn -1.0000 -0.0000 -0.0000
vn -0.0000 -0.0000 1.0000
vn -0.0000 -0.0000 -1.0000
vt 0.375000 0.000000
vt 0.625000 0.000000
vt 0.625000 0.250000
vt 0.375000 0.250000
vt 0.625000 0.500000
vt 0.375000 0.500000
vt 0.625000 0.750000
vt 0.375000 0.750000
vt 0.625000 1.000000
vt 0.375000 1.000000
vt 0.125000 0.500000
vt 0.125000 0.750000
vt 0.875000 0.500000
vt 0.875000 0.750000
s 0
usemtl Material.007
f 134/165/59 135/166/59 137/167/59 136/168/59
f 136/168/60 137/167/60 141/169/60 140/170/60
f 140/170/61 141/169/61 139/171/61 138/172/61
f 138/172/62 139/171/62 135/173/62 134/174/62
f 136/175/63 140/170/63 138/172/63 134/176/63
f 141/169/64 137/177/64 135/178/64 139/171/64
o gluggi_4
v -1.173469 1.589419 -1.261336
v -1.173469 1.589419 -1.338664
v -0.826531 1.589419 -1.261336
v -0.826531 1.589419 -1.338664
v -1.173469 2.010581 -1.261336
v -1.173469 2.010581 -1.338664
v -0.826531 2.010581 -1.261336
v -0.826531 2.010581 -1.338664
vn -0.0000 -1.0000 -0.0000
vn 1.0000 -0.0000 -0.0000
vn -0.0000 1.0000 -0.0000
vn -1.0000 -0.0000 -0.0000
vn -0.0000 -0.0000 1.0000
vn -0.0000 -0.0000 -1.0000
vt 0.375000 0.000000
vt 0.625000 0.000000
vt 0.625000 0.250000
vt 0.375000 0.250000
vt 0.625000 0.500000
vt 0.375000 0.500000
vt 0.625000 0.750000
vt 0.375000 0.750000
vt 0.625000 1.000000
vt 0.375000 1.000000
vt 0.125000 0.500000
vt 0.125000 0.750000
vt 0.875000 0.500000
vt 0.875000 0.750000
s 0
usemtl Material.008
f 142/179/65 143/180/65 145/181/65 144/182/65
f 144/182/66 145/181/66 149/183/66 148/184/66
f 148/184/67 149/183/67 147/185/67 146/186/67
f 146/186/68 147/185/68 143/187/68 142/188/68
f 144/189/69 148/184/69 146/186/69 142/190/69
f 149/183/70 145/191/70 143/192/70 147/185/70
o gluggi_5
v -1.673469 1.589419 -1.261336
v -1.673469 1.589419 -1.338664
v -1.326531 1.589419 -1.261336
v -1.326531 1.589419 -1.338664
v -1.673469 2.010581 -1.261336
v -1.673469 2.010581 -1.338664
v -1.326531 2.010581 -1.261336
v -1.326531 2.010581 -1.338664
vn -0.0000 -1.0000 -0.0000
vn 1.0000 -0.0000 -0.0000
vn -0.0000 1.0000 -0.0000
vn -1.0000 -0.0000 -0.0000
vn -0.0000 -0.0000 1.0000
vn -0.0000 -0.0000 -1.0000
vt 0.375000 0.000000
vt 0.625000 0.000000
vt 0.625000 0.250000
vt 0.375000 0.250000
vt 0.625000 0.500000
vt 0.375000 0.500000
vt 0.625000 0.750000
vt 0.375000 0.750000
vt 0.625000 1.000000
vt 0.375000 1.000000
vt 0.125000 0.500000
vt 0.125000 0.750000
vt 0.875000 0.500000
vt 0.875000 0.750000
s 0
usemtl Material.009
f 150/193/71 151/194/71 153/195/71 152/196/71
f 152/196/72 153/195/72 157/197/72 156/198/72
f 156/198/73 157/197/73 155/199/73 154/200/73
f 154/200/74 155/199/74 151/201/74 150/202/74
f 152/203/75 156/198/75 154/200/75 150/204/75
f 157/197/76 153/205/76 151/206/76 155/199/76
o gluggi_6
v -2.173469 1.589419 -1.261336
v -2.173469 1.589419 -1.338664
v -1.826531 1.589419 -1.261336
v -1.826531 1.589419 -1.338664
v -2.173469 2.010581 -1.261336
v -2.173469 2.010581 -1.338664
v -1.826531 2.010581 -1.261336
v -1.826531 2.010581 -1.338664
vn -0.0000 -1.0000 -0.0000
vn 1.0000 -0.0000 -0.0000
vn -0.0000 1.0000 -0.0000
vn -1.0000 -0.0000 -0.0000
vn -0.0000 -0.0000 1.0000
vn -0.0000 -0.0000 -1.0000
vt 0.375000 0.000000
vt 0.625000 0.000000
vt 0.625000 0.250000
vt 0.375000 0.250000
vt 0.625000 0.500000
vt 0.375000 0.500000
vt 0.625000 0.750000
vt 0.375000 0.750000
vt 0.625000 1.000000
vt 0.375000 1.000000
vt 0.125000 0.500000
vt 0.125000 0.750000
vt 0.875000 0.500000
vt 0.875000 0.750000
s 0
usemtl Material.010
f 158/207/77 159/208/77 161/209/77 160/210/77
f 160/210/78 161/209/78 165/211/78 164/212/78
f 164/212/79 165/211/79 163/213/79 162/214/79
f 162/214/80 163/213/80 159/215/80 158/216/80
f 160/217/81 164/212/81 162/214/81 158/218/81
f 165/211/82 161/219/82 159/220/82 163/213/82
o gluggi_kula_2_hlid_a
o Cube.004
v -5.334224 2.614725 1.557084
v -5.334224 3.658621 1.373017
v -5.334224 2.579995 1.360123
v -5.334224 3.623891 1.176056
v -5.034224 2.614725 1.557084
v -5.034224 3.658621 1.373017
v -5.034224 2.579995 1.360123
v -5.034224 3.623891 1.176056
v -8.261690 2.624547 1.524597
v -8.261690 3.668443 1.340530
v -8.261690 2.589817 1.327635
v -8.261690 3.633713 1.143568
v -7.961690 2.624547 1.524597
v -7.961690 3.668443 1.340530
v -7.961690 2.589817 1.327635
v -7.961690 3.633713 1.143568
v -7.312362 2.590309 1.520045
v -7.312362 3.634205 1.335978
v -7.312362 2.555579 1.323083
v -7.312362 3.599476 1.139016
v -7.012362 2.590309 1.520045
v -7.012362 3.634205 1.335978
v -7.012362 2.555579 1.323083
v -7.012362 3.599476 1.139016
v -6.289774 2.596585 1.537913
v -6.289774 3.640481 1.353846
v -6.289774 2.561855 1.340951
v -6.289774 3.605751 1.156884
v -5.989774 2.596585 1.537913
v -5.989774 3.640481 1.353846
v -5.989774 2.561855 1.340951
v -5.989774 3.605751 1.156884
vn -1.0000 -0.0000 -0.0000
vn -0.0000 -0.1736 -0.9848
vn 1.0000 -0.0000 -0.0000
vn -0.0000 0.1736 0.9848
vn -0.0000 -0.9848 0.1736
vn -0.0000 0.9848 -0.1736
vt 0.375000 0.000000
vt 0.625000 0.000000
vt 0.625000 0.250000
vt 0.375000 0.250000
vt 0.625000 0.500000
vt 0.375000 0.500000
vt 0.625000 0.750000
vt 0.375000 0.750000
vt 0.625000 1.000000
vt 0.375000 1.000000
vt 0.125000 0.500000
vt 0.125000 0.750000
vt 0.875000 0.500000
vt 0.875000 0.750000
s 0
usemtl Material.020
f 166/221/83 167/222/83 169/223/83 168/224/83
f 168/224/84 169/223/84 173/225/84 172/226/84
f 172/226/85 173/225/85 171/227/85 170/228/85
f 170/228/86 171/227/86 167/229/86 166/230/86
f 168/231/87 172/226/87 170/228/87 166/232/87
f 173/225/88 169/233/88 167/234/88 171/227/88
f 174/221/83 175/222/83 177/223/83 176/224/83
f 176/224/84 177/223/84 181/225/84 180/226/84
f 180/226/85 181/225/85 179/227/85 178/228/85
f 178/228/86 179/227/86 175/229/86 174/230/86
f 176/231/87 180/226/87 178/228/87 174/232/87
f 181/225/88 177/233/88 175/234/88 179/227/88
f 182/221/83 183/222/83 185/223/83 184/224/83
f 184/224/84 185/223/84 189/225/84 188/226/84
f 188/226/85 189/225/85 187/227/85 186/228/85
f 186/228/86 187/227/86 183/229/86 182/230/86
f 184/231/87 188/226/87 186/228/87 182/232/87
f 189/225/88 185/233/88 183/234/88 187/227/88
f 190/221/83 191/222/83 193/223/83 192/224/83
f 192/224/84 193/223/84 197/225/84 196/226/84
f 196/226/85 197/225/85 195/227/85 194/228/85
f 194/228/86 195/227/86 191/229/86 190/230/86
f 192/231/87 196/226/87 194/228/87 190/232/87
f 197/225/88 193/233/88 191/234/88 195/227/88
o Cube.001
v 7.857170 2.614417 1.557084
v 7.857170 3.658313 1.373017
v 7.857170 2.579687 1.360123
v 7.857170 3.623583 1.176056
v 8.157169 2.614417 1.557084
v 8.157169 3.658313 1.373017
v 8.157169 2.579687 1.360123
v 8.157169 3.623583 1.176056
v 4.929703 2.624238 1.524597
v 4.929703 3.668135 1.340530
v 4.929703 2.589509 1.327635
v 4.929703 3.633405 1.143568
v 5.229703 2.624238 1.524597
v 5.229703 3.668135 1.340530
v 5.229703 2.589509 1.327635
v 5.229703 3.633405 1.143568
v 5.879031 2.590001 1.520045
v 5.879031 3.633897 1.335978
v 5.879031 2.555271 1.323083
v 5.879031 3.599168 1.139016
v 6.179031 2.590001 1.520045
v 6.179031 3.633897 1.335978
v 6.179031 2.555271 1.323083
v 6.179031 3.599168 1.139016
v 6.901619 2.596277 1.537913
v 6.901619 3.640173 1.353846
v 6.901619 2.561547 1.340951
v 6.901619 3.605443 1.156884
v 7.201620 2.596277 1.537913
v 7.201620 3.640173 1.353846
v 7.201620 2.561547 1.340951
v 7.201620 3.605443 1.156884
vn -1.0000 -0.0000 -0.0000
vn -0.0000 -0.1736 -0.9848
vn 1.0000 -0.0000 -0.0000
vn -0.0000 0.1736 0.9848
vn -0.0000 -0.9848 0.1736
vn -0.0000 0.9848 -0.1736
vt 0.375000 0.000000
vt 0.625000 0.000000
vt 0.625000 0.250000
vt 0.375000 0.250000
vt 0.625000 0.500000
vt 0.375000 0.500000
vt 0.625000 0.750000
vt 0.375000 0.750000
vt 0.625000 1.000000
vt 0.375000 1.000000
vt 0.125000 0.500000
vt 0.125000 0.750000
vt 0.875000 0.500000
vt 0.875000 0.750000
s 0
usemtl Material.052
f 198/235/89 199/236/89 201/237/89 200/238/89
f 200/238/90 201/237/90 205/239/90 204/240/90
f 204/240/91 205/239/91 203/241/91 202/242/91
f 202/242/92 203/241/92 199/243/92 198/244/92
f 200/245/93 204/240/93 202/242/93 198/246/93
f 205/239/94 201/247/94 199/248/94 203/241/94
f 206/235/89 207/236/89 209/237/89 208/238/89
f 208/238/90 209/237/90 213/239/90 212/240/90
f 212/240/91 213/239/91 211/241/91 210/242/91
f 210/242/92 211/241/92 207/243/92 206/244/92
f 208/245/93 212/240/93 210/242/93 206/246/93
f 213/239/94 209/247/94 207/248/94 211/241/94
f 214/235/89 215/236/89 217/237/89 216/238/89
f 216/238/90 217/237/90 221/239/90 220/240/90
f 220/240/91 221/239/91 219/241/91 218/242/91
f 218/242/92 219/241/92 215/243/92 214/244/92
f 216/245/93 220/240/93 218/242/93 214/246/93
f 221/239/94 217/247/94 215/248/94 219/241/94
f 222/235/89 223/236/89 225/237/89 224/238/89
f 224/238/90 225/237/90 229/239/90 228/240/90
f 228/240/91 229/239/91 227/241/91 226/242/91
f 226/242/92 227/241/92 223/243/92 222/244/92
f 224/245/93 228/240/93 226/242/93 222/246/93
f 229/239/94 225/247/94 223/248/94 227/241/94
o Cube.005
v 3.843889 1.134178 5.551627
v 3.843889 1.865822 5.551627
v 3.843889 1.134178 5.151627
v 3.843889 1.865822 5.151627
v 4.136171 1.134178 5.551627
v 4.136171 1.865822 5.551627
v 4.136171 1.134178 5.151627
v 4.136171 1.865822 5.151627
vn -1.0000 -0.0000 -0.0000
vn -0.0000 -0.0000 -1.0000
vn 1.0000 -0.0000 -0.0000
vn -0.0000 -0.0000 1.0000
vn -0.0000 -1.0000 -0.0000
vn -0.0000 1.0000 -0.0000
vt 0.375000 0.000000
vt 0.625000 0.000000
vt 0.625000 0.250000
vt 0.375000 0.250000
vt 0.625000 0.500000
vt 0.375000 0.500000
vt 0.625000 0.750000
vt 0.375000 0.750000
vt 0.625000 1.000000
vt 0.375000 1.000000
vt 0.125000 0.500000
vt 0.125000 0.750000
vt 0.875000 0.500000
vt 0.875000 0.750000
s 0
usemtl Material.024
f 230/249/95 231/250/95 233/251/95 232/252/95
f 232/252/96 233/251/96 237/253/96 236/254/96
f 236/254/97 237/253/97 235/255/97 234/256/97
f 234/256/98 235/255/98 231/257/98 230/258/98
f 232/259/99 236/254/99 234/256/99 230/260/99
f 237/253/100 233/261/100 231/262/100 235/255/100
o Cube.006
v -4.133590 1.764686 8.099952
v -4.133590 2.364686 8.099952
v -4.133590 1.764686 7.499951
v -4.133590 2.364686 7.499951
v -3.933590 1.764686 8.099952
v -3.933590 2.364686 8.099952
v -3.933590 1.764686 7.499951
v -3.933590 2.364686 7.499951
vn -1.0000 -0.0000 -0.0000
vn -0.0000 -0.0000 -1.0000
vn 1.0000 -0.0000 -0.0000
vn -0.0000 -0.0000 1.0000
vn -0.0000 -1.0000 -0.0000
vn -0.0000 1.0000 -0.0000
vt 0.375000 0.000000
vt 0.625000 0.000000
vt 0.625000 0.250000
vt 0.375000 0.250000
vt 0.625000 0.500000
vt 0.375000 0.500000
vt 0.625000 0.750000
vt 0.375000 0.750000
vt 0.625000 1.000000
vt 0.375000 1.000000
vt 0.125000 0.500000
vt 0.125000 0.750000
vt 0.875000 0.500000
vt 0.875000 0.750000
s 0
usemtl Material.018
f 238/263/101 239/264/101 241/265/101 240/266/101
f 240/266/102 241/265/102 245/267/102 244/268/102
f 244/268/103 245/267/103 243/269/103 242/270/103
f 242/270/104 243/269/104 239/271/104 238/272/104
f 240/273/105 244/268/105 242/270/105 238/274/105
f 245/267/106 241/275/106 239/276/106 243/269/106
o Cube.007
v -4.133590 1.771398 7.271305
v -4.133590 2.371398 7.271305
v -4.133590 1.771398 6.671304
v -4.133590 2.371398 6.671304
v -3.933590 1.771398 7.271305
v -3.933590 2.371398 7.271305
v -3.933590 1.771398 6.671304
v -3.933590 2.371398 6.671304
vn -1.0000 -0.0000 -0.0000
vn -0.0000 -0.0000 -1.0000
vn 1.0000 -0.0000 -0.0000
vn -0.0000 -0.0000 1.0000
vn -0.0000 -1.0000 -0.0000
vn -0.0000 1.0000 -0.0000
vt 0.375000 0.000000
vt 0.625000 0.000000
vt 0.625000 0.250000
vt 0.375000 0.250000
vt 0.625000 0.500000
vt 0.375000 0.500000
vt 0.625000 0.750000
vt 0.375000 0.750000
vt 0.625000 1.000000
vt 0.375000 1.000000
vt 0.125000 0.500000
vt 0.125000 0.750000
vt 0.875000 0.500000
vt 0.875000 0.750000
s 0
usemtl Material.019
f 246/277/107 247/278/107 249/279/107 248/280/107
f 248/280/108 249/279/108 253/281/108 252/282/108
f 252/282/109 253/281/109 251/283/109 250/284/109
f 250/284/110 251/283/110 247/285/110 246/286/110
f 248/287/111 252/282/111 250/284/111 246/288/111
f 253/281/112 249/289/112 247/290/112 251/283/112
o Cube.008
v -4.133590 1.777259 6.456892
v -4.133590 2.377259 6.456892
v -4.133590 1.777259 5.856892
v -4.133590 2.377259 5.856892
v -3.933590 1.777259 6.456892
v -3.933590 2.377259 6.456892
v -3.933590 1.777259 5.856892
v -3.933590 2.377259 5.856892
vn -1.0000 -0.0000 -0.0000
vn -0.0000 -0.0000 -1.0000
vn 1.0000 -0.0000 -0.0000
vn -0.0000 -0.0000 1.0000
vn -0.0000 -1.0000 -0.0000
vn -0.0000 1.0000 -0.0000
vt 0.375000 0.000000
vt 0.625000 0.000000
vt 0.625000 0.250000
vt 0.375000 0.250000
vt 0.625000 0.500000
vt 0.375000 0.500000
vt 0.625000 0.750000
vt 0.375000 0.750000
vt 0.625000 1.000000
vt 0.375000 1.000000
vt 0.125000 0.500000
vt 0.125000 0.750000
vt 0.875000 0.500000
vt 0.875000 0.750000
s 0
usemtl Material.017
f 254/291/113 255/292/113 257/293/113 256/294/113
f 256/294/114 257/293/114 261/295/114 260/296/114
f 260/296/115 261/295/115 259/297/115 258/298/115
f 258/298/116 259/297/116 255/299/116 254/300/116
f 256/301/117 260/296/117 258/298/117 254/302/117
f 261/295/118 257/303/118 255/304/118 259/297/118
o Sphere
v -0.084123 6.247382 3.268496
v -0.084123 5.307196 2.234654
v -0.084123 4.078784 1.675143
v -0.084123 3.413971 1.603142
v -0.084123 2.749159 1.675143
v -0.084123 1.520747 2.234654
v 0.058509 6.756207 4.633323
v 0.195659 6.562288 3.943886
v 0.322057 6.247382 3.308498
v 0.432847 5.823589 2.751575
v 0.523769 5.307196 2.294521
v 0.591330 4.718047 1.954899
v 0.632934 4.078784 1.745760
v 0.646982 3.413971 1.675143
v 0.632934 2.749159 1.745760
v 0.591330 2.109896 1.954899
v 0.523769 1.520747 2.294521
v 0.432847 1.004354 2.751575
v 0.322057 0.580561 3.308498
v 0.195659 0.265654 3.943886
v 0.058509 0.071736 4.633323
v 0.195659 6.756207 4.674923
v 0.464689 6.562288 4.025488
v 0.712628 6.247382 3.426965
v 0.929949 5.823589 2.902355
v 1.108300 5.307196 2.471820
v 1.240826 4.718047 2.151902
v 1.322435 4.078784 1.954899
v 1.349991 3.413971 1.888379
v 1.322435 2.749159 1.954899
v 1.240826 2.109896 2.151902
v 1.108300 1.520747 2.471820
v 0.929949 1.004354 2.902355
v 0.712628 0.580561 3.426965
v 0.464689 0.265654 4.025488
v 0.195659 0.071736 4.674923
v 0.322057 6.756207 4.742478
v 0.712628 6.562288 4.158002
v 1.072581 6.247382 3.619346
v 1.388081 5.823589 3.147209
v 1.647006 5.307196 2.759738
v 1.839405 4.718047 2.471820
v 1.957883 4.078784 2.294521
v 1.997888 3.413971 2.234654
v 1.957883 2.749159 2.294521
v 1.839405 2.109896 2.471820
v 1.647006 1.520747 2.759738
v 1.388081 1.004354 3.147209
v 1.072581 0.580561 3.619346
v 0.712628 0.265654 4.158002
v 0.322057 0.071736 4.742478
v 0.432847 6.756207 4.833392
v 0.929949 6.562288 4.336336
v 1.388081 6.247382 3.878246
v 1.789638 5.823589 3.476727
v 2.119186 5.307196 3.147210
v 2.364063 4.718047 2.902355
v 2.514858 4.078784 2.751575
v 2.565775 3.413971 2.700664
v 2.514858 2.749159 2.751575
v 2.364063 2.109896 2.902355
v 2.119186 1.520747 3.147210
v 1.789638 1.004354 3.476727
v 1.388081 0.580561 3.878246
v 0.929949 0.265654 4.336336
v 0.432847 0.071736 4.833392
v 0.523769 6.756207 4.944170
v 1.108300 6.562288 4.553636
v 1.647006 6.247382 4.193717
v 2.119187 5.823589 3.878246
v 2.506695 5.307196 3.619346
v 2.794639 4.718047 3.426965
v 2.971955 4.078784 3.308498
v 3.031827 3.413971 3.268497
v 2.971955 2.749159 3.308498
v 2.794639 2.109896 3.426965
v 2.506695 1.520747 3.619346
v 2.119187 1.004354 3.878246
v 1.647006 0.580561 4.193717
v 1.108300 0.265654 4.553636
v 0.523769 0.071736 4.944170
v -0.084123 6.821685 5.350313
v 0.591330 6.756207 5.070557
v 1.240826 6.562288 4.801552
v 1.839405 6.247382 4.553636
v 2.364064 5.823589 4.336336
v 2.794639 5.307196 4.158002
v 3.114586 4.718047 4.025488
v 3.311609 4.078784 3.943887
v 3.378135 3.413971 3.916333
v 3.311609 2.749159 3.943887
v 3.114586 2.109896 4.025488
v 2.794639 1.520747 4.158002
v 2.364064 1.004354 4.336336
v 1.839405 0.580561 4.553636
v 1.240826 0.265654 4.801552
v 0.591330 0.071736 5.070557
v 0.632934 6.756207 5.207695
v 1.322435 6.562288 5.070557
v 1.957883 6.247382 4.944170
v 2.514858 5.823589 4.833392
v 2.971955 5.307196 4.742478
v 3.311609 4.718047 4.674922
v 3.520766 4.078784 4.633323
v 3.591390 3.413971 4.619277
v 3.520766 2.749159 4.633323
v 3.311609 2.109896 4.674922
v 2.971955 1.520747 4.742478
v 2.514858 1.004354 4.833392
v 1.957883 0.580561 4.944170
v 1.322435 0.265654 5.070557
v 0.632934 0.071736 5.207695
v 0.646982 6.756207 5.350313
v 1.349991 6.562288 5.350313
v 1.997888 6.247382 5.350313
v 2.565775 5.823589 5.350313
v 3.031826 5.307196 5.350313
v 3.378135 4.718047 5.350313
v 3.591390 4.078784 5.350313
v 3.663397 3.413971 5.350313
v 3.591390 2.749159 5.350313
v 3.378135 2.109896 5.350313
v 3.031826 1.520747 5.350313
v 2.565775 1.004354 5.350313
v 1.997888 0.580561 5.350313
v 1.349991 0.265654 5.350313
v 0.646982 0.071736 5.350313
v 0.632934 6.756207 5.492931
v 1.322435 6.562288 5.630068
v 1.957883 6.247382 5.756455
v 2.514858 5.823589 5.867234
v 2.971954 5.307196 5.958148
v 3.311609 4.718047 6.025702
v 3.520766 4.078784 6.067303
v 3.591389 3.413971 6.081350
v 3.520766 2.749159 6.067303
v 3.311609 2.109896 6.025702
v 2.971954 1.520747 5.958148
v 2.514858 1.004354 5.867234
v 1.957883 0.580561 5.756455
v 1.322435 0.265654 5.630068
v 0.632934 0.071736 5.492931
v 0.591330 6.756207 5.630068
v 1.240826 6.562288 5.899073
v 1.839404 6.247382 6.146989
v 2.364063 5.823589 6.364290
v 2.794639 5.307196 6.542624
v 3.114586 4.718047 6.675138
v 3.311608 4.078784 6.756740
v 3.378134 3.413971 6.784293
v 3.311608 2.749159 6.756740
v 3.114586 2.109896 6.675138
v 2.794639 1.520747 6.542624
v 2.364063 1.004354 6.364290
v 1.839404 0.580561 6.146989
v 1.240826 0.265654 5.899073
v 0.591330 0.071736 5.630068
v 0.523769 6.756207 5.756455
v 1.108299 6.562288 6.146989
v 1.647006 6.247382 6.506908
v 2.119186 5.823589 6.822379
v 2.506694 5.307196 7.081280
v 2.794639 4.718047 7.273660
v 2.971954 4.078784 7.392128
v 3.031826 3.413971 7.432129
v 2.971954 2.749159 7.392128
v 2.794639 2.109896 7.273660
v 2.506694 1.520747 7.081280
v 2.119186 1.004354 6.822379
v 1.647006 0.580561 6.506908
v 1.108299 0.265654 6.146989
v 0.523769 0.071736 5.756455
v 0.432846 6.756207 5.867234
v 0.929949 6.562288 6.364290
v 1.388081 6.247382 6.822379
v 1.789638 5.823589 7.223898
v 2.119186 5.307196 7.553415
v 2.364063 4.718047 7.798269
v 2.514857 4.078784 7.949050
v 2.565773 3.413971 7.999962
v 2.514857 2.749159 7.949050
v 2.364063 2.109896 7.798269
v 2.119186 1.520747 7.553415
v 1.789638 1.004354 7.223898
v 1.388081 0.580561 6.822379
v 0.929949 0.265654 6.364290
v 0.432846 0.071736 5.867234
v 0.322057 6.756207 5.958147
v 0.712628 6.562288 6.542624
v 1.072580 6.247382 7.081280
v 1.388081 5.823589 7.553416
v 1.647005 5.307196 7.940887
v 1.839405 4.718047 8.228806
v 1.957882 4.078784 8.406104
v 1.997887 3.413971 8.465971
v 1.957882 2.749159 8.406104
v 1.839405 2.109896 8.228806
v 1.647005 1.520747 7.940887
v 1.388081 1.004354 7.553416
v 1.072580 0.580561 7.081280
v 0.712628 0.265654 6.542624
v 0.322057 0.071736 5.958147
v 0.195659 6.756207 6.025702
v 0.464689 6.562288 6.675138
v 0.712628 6.247382 7.273660
v 0.929949 5.823589 7.798270
v 1.108299 5.307196 8.228806
v 1.240826 4.718047 8.548722
v 1.322434 4.078784 8.745727
v 1.349990 3.413971 8.812246
v 1.322434 2.749159 8.745727
v 1.240826 2.109896 8.548722
v 1.108299 1.520747 8.228806
v 0.929949 1.004354 7.798270
v 0.712628 0.580561 7.273660
v 0.464689 0.265654 6.675138
v 0.195659 0.071736 6.025702
v 0.058509 6.756207 6.067302
v 0.195659 6.562288 6.756739
v 0.322057 6.247382 7.392127
v 0.432846 5.823589 7.949050
v 0.523768 5.307196 8.406104
v 0.591330 4.718047 8.745727
v 0.632934 4.078784 8.954865
v 0.646981 3.413971 9.025481
v 0.632934 2.749159 8.954865
v 0.591330 2.109896 8.745727
v 0.523768 1.520747 8.406104
v 0.432846 1.004354 7.949050
v 0.322057 0.580561 7.392127
v 0.195659 0.265654 6.756739
v 0.058509 0.071736 6.067302
v -0.084123 6.756207 6.081349
v -0.084123 6.562288 6.784293
v -0.084123 6.247382 7.432128
v -0.084123 5.823589 7.999962
v -0.084123 5.307196 8.465970
v -0.084123 4.718047 8.812246
v -0.084123 4.078784 9.025481
v -0.084124 3.413971 9.097481
v -0.084123 2.749159 9.025481
v -0.084123 2.109896 8.812246
v -0.084123 1.520747 8.465970
v -0.084123 1.004354 7.999962
v -0.084123 0.580561 7.432128
v -0.084123 0.265654 6.784293
v -0.084123 0.071736 6.081349
v -0.226754 6.756207 6.067302
v -0.363905 6.562288 6.756739
v -0.490303 6.247382 7.392127
v -0.601092 5.823589 7.949050
v -0.692015 5.307196 8.406103
v -0.759575 4.718047 8.745726
v -0.801180 4.078784 8.954865
v -0.815229 3.413971 9.025480
v -0.801180 2.749159 8.954865
v -0.759575 2.109896 8.745726
v -0.692015 1.520747 8.406103
v -0.601092 1.004354 7.949050
v -0.490303 0.580561 7.392127
v -0.363905 0.265654 6.756739
v -0.226754 0.071736 6.067302
v -0.363904 6.756207 6.025702
v -0.632935 6.562288 6.675138
v -0.880874 6.247382 7.273659
v -1.098194 5.823589 7.798269
v -1.276545 5.307196 8.228805
v -1.409071 4.718047 8.548722
v -1.490681 4.078784 8.745726
v -1.518237 3.413971 8.812244
v -1.490681 2.749159 8.745726
v -1.409071 2.109896 8.548722
v -1.276545 1.520747 8.228805
v -1.098194 1.004354 7.798269
v -0.880874 0.580561 7.273659
v -0.632935 0.265654 6.675138
v -0.363904 0.071736 6.025702
v -0.490303 6.756207 5.958147
v -0.880874 6.562288 6.542624
v -1.240826 6.247382 7.081279
v -1.556327 5.823589 7.553415
v -1.815251 5.307196 7.940887
v -2.007649 4.718047 8.228806
v -2.126128 4.078784 8.406103
v -2.166133 3.413971 8.465968
v -2.126128 2.749159 8.406103
v -2.007649 2.109896 8.228806
v -1.815251 1.520747 7.940887
v -1.556327 1.004354 7.553415
v -1.240826 0.580561 7.081279
v -0.880874 0.265654 6.542624
v -0.490303 0.071736 5.958147
v -0.601092 6.756207 5.867233
v -1.098194 6.562288 6.364289
v -1.556326 6.247382 6.822378
v -1.957883 5.823589 7.223898
v -2.287431 5.307196 7.553414
v -2.532308 4.718047 7.798269
v -2.683103 4.078784 7.949049
v -2.734019 3.413971 7.999959
v -2.683103 2.749159 7.949049
v -2.532308 2.109896 7.798269
v -2.287431 1.520747 7.553414
v -1.957883 1.004354 7.223898
v -1.556326 0.580561 6.822378
v -1.098194 0.265654 6.364289
v -0.601092 0.071736 5.867233
v -0.084123 0.006258 5.350313
v -0.692014 6.756207 5.756454
v -1.276545 6.562288 6.146989
v -1.815251 6.247382 6.506907
v -2.287431 5.823589 6.822379
v -2.674939 5.307196 7.081279
v -2.962884 4.718047 7.273660
v -3.140200 4.078784 7.392126
v -3.200071 3.413971 7.432126
v -3.140200 2.749159 7.392126
v -2.962884 2.109896 7.273660
v -2.674939 1.520747 7.081279
v -2.287431 1.004354 6.822379
v -1.815251 0.580561 6.506907
v -1.276545 0.265654 6.146989
v -0.692014 0.071736 5.756454
v -0.759575 6.756207 5.630068
v -1.409071 6.562288 5.899073
v -2.007649 6.247382 6.146988
v -2.532308 5.823589 6.364289
v -2.962884 5.307196 6.542623
v -3.282831 4.718047 6.675138
v -3.479853 4.078784 6.756738
v -3.546378 3.413971 6.784290
v -3.479853 2.749159 6.756738
v -3.282831 2.109896 6.675138
v -2.962884 1.520747 6.542623
v -2.532308 1.004354 6.364289
v -2.007649 0.580561 6.146988
v -1.409071 0.265654 5.899073
v -0.759575 0.071736 5.630068
v -0.801179 6.756207 5.492931
v -1.490680 6.562288 5.630068
v -2.126127 6.247382 5.756454
v -2.683103 5.823589 5.867234
v -3.140199 5.307196 5.958147
v -3.479853 4.718047 6.025702
v -3.689011 4.078784 6.067302
v -3.759633 3.413971 6.081347
v -3.689011 2.749159 6.067302
v -3.479853 2.109896 6.025702
v -3.140199 1.520747 5.958147
v -2.683103 1.004354 5.867234
v -2.126127 0.580561 5.756454
v -1.490680 0.265654 5.630068
v -0.801179 0.071736 5.492931
v -0.815227 6.756207 5.350313
v -1.518236 6.562288 5.350313
v -2.166132 6.247382 5.350312
v -2.734020 5.823589 5.350313
v -3.200071 5.307196 5.350312
v -3.546379 4.718047 5.350313
v -3.759634 4.078784 5.350312
v -3.831640 3.413971 5.350311
v -3.759634 2.749159 5.350312
v -3.546379 2.109896 5.350313
v -3.200071 1.520747 5.350312
v -2.734020 1.004354 5.350313
v -2.166132 0.580561 5.350312
v -1.518236 0.265654 5.350313
v -0.815227 0.071736 5.350313
v -0.801179 6.756207 5.207695
v -1.490680 6.562288 5.070557
v -2.126127 6.247382 4.944170
v -2.683102 5.823589 4.833392
v -3.140198 5.307196 4.742477
v -3.479853 4.718047 4.674923
v -3.689010 4.078784 4.633322
v -3.759632 3.413971 4.619275
v -3.689010 2.749159 4.633322
v -3.479853 2.109896 4.674923
v -3.140198 1.520747 4.742477
v -2.683102 1.004354 4.833392
v -2.126127 0.580561 4.944170
v -1.490680 0.265654 5.070557
v -0.801179 0.071736 5.207695
v -0.759575 6.756207 5.070557
v -1.409071 6.562288 4.801552
v -2.007648 6.247382 4.553636
v -2.532308 5.823589 4.336336
v -2.962883 5.307196 4.158002
v -3.282830 4.718047 4.025488
v -3.479852 4.078784 3.943886
v -3.546377 3.413971 3.916332
v -3.479852 2.749159 3.943886
v -3.282830 2.109896 4.025488
v -2.962883 1.520747 4.158002
v -2.532308 1.004354 4.336336
v -2.007648 0.580561 4.553636
v -1.409071 0.265654 4.801552
v -0.759575 0.071736 5.070557
v -0.692014 6.756207 4.944171
v -1.276544 6.562288 4.553636
v -1.815250 6.247382 4.193718
v -2.287431 5.823589 3.878246
v -2.674938 5.307196 3.619346
v -2.962884 4.718047 3.426966
v -3.140198 4.078784 3.308498
v -3.200068 3.413971 3.268497
v -3.140198 2.749159 3.308498
v -2.962884 2.109896 3.426966
v -2.674938 1.520747 3.619346
v -2.287431 1.004354 3.878246
v -1.815250 0.580561 4.193718
v -1.276544 0.265654 4.553636
v -0.692014 0.071736 4.944171
v -0.601092 6.756207 4.833392
v -1.098194 6.562288 4.336336
v -1.556325 6.247382 3.878247
v -1.957883 5.823589 3.476728
v -2.287430 5.307196 3.147210
v -2.532308 4.718047 2.902357
v -2.683101 4.078784 2.751576
v -2.734016 3.413971 2.700664
v -2.683101 2.749159 2.751576
v -2.532308 2.109896 2.902357
v -2.287430 1.520747 3.147210
v -1.957883 1.004354 3.476728
v -1.556325 0.580561 3.878247
v -1.098194 0.265654 4.336336
v -0.601092 0.071736 4.833392
v -0.490303 6.756207 4.742478
v -0.880873 6.562288 4.158002
v -1.240824 6.247382 3.619347
v -1.556326 5.823589 3.147210
v -1.815250 5.307196 2.759738
v -2.007649 4.718047 2.471821
v -2.126127 4.078784 2.294522
v -2.166130 3.413971 2.234657
v -2.126127 2.749159 2.294522
v -2.007649 2.109896 2.471821
v -1.815250 1.520747 2.759738
v -1.556326 1.004354 3.147210
v -1.240824 0.580561 3.619347
v -0.880873 0.265654 4.158002
v -0.490303 0.071736 4.742478
v -0.363904 6.756207 4.674923
v -0.632934 6.562288 4.025488
v -0.880872 6.247382 3.426967
v -1.098194 5.823589 2.902356
v -1.276543 5.307196 2.471821
v -1.409071 4.718047 2.151904
v -1.490679 4.078784 1.954900
v -1.518234 3.413971 1.888382
v -1.490679 2.749159 1.954900
v -1.409071 2.109896 2.151904
v -1.276543 1.520747 2.471821
v -1.098194 1.004354 2.902356
v -0.880872 0.580561 3.426967
v -0.632934 0.265654 4.025488
v -0.363904 0.071736 4.674923
v -0.226754 6.756207 4.633323
v -0.363904 6.562288 3.943887
v -0.490302 6.247382 3.308500
v -0.601092 5.823589 2.751575
v -0.692013 5.307196 2.294523
v -0.759575 4.718047 1.954900
v -0.801178 4.078784 1.745762
v -0.815225 3.413971 1.675147
v -0.801178 2.749159 1.745762
v -0.759575 2.109896 1.954900
v -0.692013 1.520747 2.294523
v -0.601092 1.004354 2.751575
v -0.490302 0.580561 3.308500
v -0.363904 0.265654 3.943887
v -0.226754 0.071736 4.633323
v -0.084123 6.756207 4.619277
v -0.084123 6.562288 3.916333
v -0.084122 5.823589 2.700664
v -0.084123 4.718047 1.888380
v -0.084123 2.109896 1.888380
v -0.084122 1.004354 2.700664
v -0.084122 0.580561 3.268499
v -0.084123 0.265654 3.916333
v -0.084123 0.071736 4.619277
vn -0.0000 -0.2124 -0.9772
vn -0.0000 -0.0000 -1.0000
vn 0.1951 -0.0000 -0.9808
vn 0.1906 -0.2124 -0.9584
vn -0.0000 0.9339 -0.3574
vn -0.0000 0.9830 -0.1834
vn 0.0358 0.9830 -0.1799
vn 0.0697 0.9339 -0.3506
vn -0.0000 -0.4122 -0.9111
vn 0.1777 -0.4122 -0.8936
vn -0.0000 0.8521 -0.5234
vn 0.1021 0.8521 -0.5134
vn -0.0000 -0.5893 -0.8079
vn 0.1576 -0.5893 -0.7924
vn -0.0000 0.7369 -0.6760
vn 0.1319 0.7369 -0.6630
vn -0.0000 -0.7369 -0.6760
vn 0.1319 -0.7369 -0.6630
vn -0.0000 0.5893 -0.8079
vn 0.1576 0.5893 -0.7924
vn -0.0000 -0.8521 -0.5234
vn 0.1021 -0.8521 -0.5134
vn -0.0000 0.4122 -0.9111
vn 0.1777 0.4122 -0.8936
vn -0.0000 -0.9339 -0.3574
vn 0.0697 -0.9339 -0.3506
vn -0.0000 0.2124 -0.9772
vn 0.1906 0.2124 -0.9584
vn -0.0000 -0.9830 -0.1834
vn 0.0358 -0.9830 -0.1799
vn -0.0000 1.0000 -0.0000
vn -0.0000 -1.0000 -0.0000
vn 0.1368 -0.9339 -0.3302
vn 0.0702 -0.9830 -0.1694
vn 0.3739 0.2124 -0.9028
vn 0.3827 -0.0000 -0.9239
vn 0.0702 0.9830 -0.1694
vn 0.3739 -0.2124 -0.9028
vn 0.1368 0.9339 -0.3302
vn 0.3486 -0.4123 -0.8417
vn 0.2003 0.8521 -0.4836
vn 0.3092 -0.5893 -0.7464
vn 0.2587 0.7369 -0.6245
vn 0.2587 -0.7369 -0.6245
vn 0.3092 0.5893 -0.7464
vn 0.2003 -0.8521 -0.4836
vn 0.3486 0.4123 -0.8417
vn 0.4488 -0.5893 -0.6718
vn 0.3755 -0.7369 -0.5621
vn 0.3755 0.7369 -0.5621
vn 0.4488 0.5893 -0.6718
vn 0.2908 -0.8521 -0.4352
vn 0.5061 0.4123 -0.7575
vn 0.1986 -0.9339 -0.2972
vn 0.5429 0.2124 -0.8125
vn 0.1019 -0.9830 -0.1525
vn 0.5555 -0.0000 -0.8315
vn 0.1019 0.9830 -0.1525
vn 0.5429 -0.2124 -0.8125
vn 0.1986 0.9339 -0.2972
vn 0.5061 -0.4123 -0.7575
vn 0.2908 0.8521 -0.4352
vn 0.1297 0.9830 -0.1297
vn 0.1297 -0.9830 -0.1297
vn 0.7071 -0.0000 -0.7071
vn 0.6909 -0.2124 -0.6910
vn 0.2527 0.9339 -0.2527
vn 0.6442 -0.4123 -0.6442
vn 0.3701 0.8521 -0.3701
vn 0.5713 -0.5893 -0.5713
vn 0.4779 0.7369 -0.4780
vn 0.4779 -0.7369 -0.4780
vn 0.5713 0.5893 -0.5713
vn 0.3701 -0.8521 -0.3701
vn 0.6442 0.4123 -0.6442
vn 0.2527 -0.9339 -0.2527
vn 0.6909 0.2124 -0.6910
vn 0.5620 0.7370 -0.3756
vn 0.6717 0.5893 -0.4489
vn 0.5620 -0.7370 -0.3756
vn 0.4352 -0.8521 -0.2908
vn 0.7575 0.4123 -0.5062
vn 0.2972 -0.9339 -0.1986
vn 0.8125 0.2124 -0.5429
vn 0.1525 -0.9830 -0.1019
vn 0.8314 -0.0000 -0.5556
vn 0.1525 0.9830 -0.1019
vn 0.8125 -0.2124 -0.5429
vn 0.2972 0.9339 -0.1986
vn 0.7575 -0.4123 -0.5062
vn 0.4352 0.8521 -0.2908
vn 0.6717 -0.5893 -0.4489
vn 0.9239 -0.0000 -0.3827
vn 0.9028 -0.2124 -0.3740
vn 0.1694 0.9830 -0.0702
vn 0.3302 0.9339 -0.1368
vn 0.8417 -0.4123 -0.3487
vn 0.4836 0.8521 -0.2003
vn 0.7464 -0.5893 -0.3092
vn 0.6245 0.7370 -0.2587
vn 0.6245 -0.7370 -0.2587
vn 0.7464 0.5893 -0.3092
vn 0.4836 -0.8521 -0.2003
vn 0.8417 0.4123 -0.3487
vn 0.3302 -0.9339 -0.1368
vn 0.9028 0.2124 -0.3740
vn 0.1694 -0.9830 -0.0702
vn 0.6629 -0.7370 -0.1319
vn 0.5134 -0.8521 -0.1021
vn 0.7924 0.5893 -0.1576
vn 0.8935 0.4123 -0.1778
vn 0.3505 -0.9340 -0.0697
vn 0.9584 0.2124 -0.1907
vn 0.1799 -0.9830 -0.0358
vn 0.9808 -0.0000 -0.1951
vn 0.1799 0.9830 -0.0358
vn 0.9584 -0.2124 -0.1907
vn 0.3505 0.9340 -0.0697
vn 0.8935 -0.4123 -0.1778
vn 0.5134 0.8521 -0.1021
vn 0.7924 -0.5893 -0.1576
vn 0.6629 0.7370 -0.1319
vn 0.1834 0.9830 -0.0000
vn 0.3574 0.9340 -0.0000
vn 0.9772 -0.2124 -0.0000
vn 0.9111 -0.4123 -0.0000
vn 0.5234 0.8521 -0.0000
vn 0.8079 -0.5893 -0.0000
vn 0.6759 0.7370 -0.0000
vn 0.6759 -0.7370 -0.0000
vn 0.8079 0.5893 -0.0000
vn 0.5234 -0.8521 -0.0000
vn 0.9111 0.4123 -0.0000
vn 0.3574 -0.9340 -0.0000
vn 0.9772 0.2124 -0.0000
vn 0.1834 -0.9830 -0.0000
vn 1.0000 -0.0000 -0.0000
vn 0.7924 0.5893 0.1576
vn 0.8935 0.4123 0.1778
vn 0.5134 -0.8521 0.1021
vn 0.3505 -0.9340 0.0697
vn 0.9584 0.2124 0.1907
vn 0.1799 -0.9830 0.0358
vn 0.9808 -0.0000 0.1951
vn 0.1799 0.9830 0.0358
vn 0.9584 -0.2124 0.1907
vn 0.3505 0.9340 0.0697
vn 0.8935 -0.4123 0.1778
vn 0.5134 0.8521 0.1021
vn 0.7924 -0.5893 0.1576
vn 0.6629 0.7370 0.1319
vn 0.6629 -0.7370 0.1319
vn 0.9028 -0.2124 0.3740
vn 0.8417 -0.4123 0.3487
vn 0.3302 0.9339 0.1368
vn 0.4836 0.8521 0.2003
vn 0.7464 -0.5893 0.3092
vn 0.6245 0.7370 0.2587
vn 0.6245 -0.7370 0.2587
vn 0.7464 0.5893 0.3092
vn 0.4836 -0.8521 0.2003
vn 0.8417 0.4123 0.3487
vn 0.3302 -0.9339 0.1368
vn 0.9028 0.2124 0.3740
vn 0.1694 -0.9830 0.0702
vn 0.9239 -0.0000 0.3827
vn 0.1694 0.9830 0.0702
vn 0.4352 -0.8521 0.2908
vn 0.2972 -0.9339 0.1986
vn 0.7575 0.4123 0.5062
vn 0.8125 0.2124 0.5429
vn 0.1525 -0.9830 0.1019
vn 0.8314 -0.0000 0.5556
vn 0.1525 0.9830 0.1019
vn 0.8125 -0.2124 0.5429
vn 0.2972 0.9339 0.1986
vn 0.7575 -0.4123 0.5062
vn 0.4352 0.8521 0.2908
vn 0.6717 -0.5893 0.4489
vn 0.5620 0.7370 0.3756
vn 0.5620 -0.7370 0.3756
vn 0.6717 0.5893 0.4489
vn 0.6442 -0.4123 0.6443
vn 0.5713 -0.5893 0.5713
vn 0.3701 0.8521 0.3701
vn 0.4779 0.7369 0.4780
vn 0.4779 -0.7369 0.4780
vn 0.5713 0.5893 0.5713
vn 0.3701 -0.8521 0.3701
vn 0.6442 0.4123 0.6443
vn 0.2527 -0.9339 0.2527
vn 0.6909 0.2124 0.6910
vn 0.1297 -0.9830 0.1297
vn 0.7071 -0.0000 0.7071
vn 0.1297 0.9830 0.1297
vn 0.6909 -0.2124 0.6910
vn 0.2527 0.9339 0.2527
vn 0.1986 -0.9339 0.2972
vn 0.1019 -0.9830 0.1525
vn 0.5429 0.2124 0.8125
vn 0.5555 -0.0000 0.8315
vn 0.1019 0.9830 0.1525
vn 0.5429 -0.2124 0.8125
vn 0.1986 0.9339 0.2972
vn 0.5061 -0.4123 0.7575
vn 0.2908 0.8521 0.4352
vn 0.4488 -0.5893 0.6718
vn 0.3755 0.7369 0.5621
vn 0.3755 -0.7369 0.5621
vn 0.4488 0.5893 0.6718
vn 0.2908 -0.8521 0.4352
vn 0.5061 0.4123 0.7575
vn 0.2003 0.8521 0.4836
vn 0.2587 0.7369 0.6245
vn 0.3092 -0.5893 0.7464
vn 0.2587 -0.7369 0.6245
vn 0.3092 0.5893 0.7464
vn 0.2003 -0.8521 0.4836
vn 0.3486 0.4123 0.8417
vn 0.1368 -0.9339 0.3302
vn 0.3739 0.2124 0.9028
vn 0.0702 -0.9830 0.1694
vn 0.3827 -0.0000 0.9239
vn 0.0702 0.9830 0.1694
vn 0.3739 -0.2124 0.9028
vn 0.1368 0.9339 0.3302
vn 0.3486 -0.4123 0.8417
vn 0.1906 0.2124 0.9584
vn 0.1951 -0.0000 0.9808
vn 0.0358 0.9830 0.1799
vn 0.0358 -0.9830 0.1799
vn 0.1906 -0.2124 0.9584
vn 0.0697 0.9339 0.3506
vn 0.1777 -0.4122 0.8936
vn 0.1021 0.8521 0.5134
vn 0.1576 -0.5893 0.7924
vn 0.1319 0.7369 0.6630
vn 0.1319 -0.7369 0.6630
vn 0.1576 0.5893 0.7924
vn 0.1021 -0.8521 0.5134
vn 0.1777 0.4122 0.8936
vn 0.0697 -0.9339 0.3506
vn -0.0000 -0.5893 0.8079
vn -0.0000 -0.7369 0.6760
vn -0.0000 0.7369 0.6760
vn -0.0000 0.5893 0.8079
vn -0.0000 -0.8521 0.5234
vn -0.0000 0.4122 0.9111
vn -0.0000 -0.9339 0.3574
vn -0.0000 0.2124 0.9772
vn -0.0000 -0.9830 0.1834
vn -0.0000 -0.0000 1.0000
vn -0.0000 0.9830 0.1834
vn -0.0000 -0.2124 0.9772
vn -0.0000 0.9339 0.3574
vn -0.0000 -0.4122 0.9111
vn -0.0000 0.8521 0.5234
vn -0.0358 0.9830 0.1799
vn -0.0358 -0.9830 0.1799
vn -0.1951 -0.0000 0.9808
vn -0.1906 -0.2124 0.9584
vn -0.0697 0.9339 0.3506
vn -0.1777 -0.4122 0.8936
vn -0.1021 0.8521 0.5134
vn -0.1576 -0.5893 0.7924
vn -0.1319 0.7369 0.6630
vn -0.1319 -0.7369 0.6630
vn -0.1576 0.5893 0.7924
vn -0.1021 -0.8521 0.5134
vn -0.1777 0.4122 0.8936
vn -0.0697 -0.9339 0.3506
vn -0.1906 0.2124 0.9584
vn -0.2587 0.7369 0.6245
vn -0.3092 0.5893 0.7464
vn -0.2587 -0.7369 0.6245
vn -0.2003 -0.8521 0.4836
vn -0.3486 0.4123 0.8417
vn -0.1368 -0.9339 0.3302
vn -0.3739 0.2124 0.9028
vn -0.0702 -0.9830 0.1694
vn -0.3827 -0.0000 0.9239
vn -0.0702 0.9830 0.1694
vn -0.3739 -0.2124 0.9028
vn -0.1368 0.9339 0.3302
vn -0.3486 -0.4123 0.8417
vn -0.2003 0.8521 0.4836
vn -0.3092 -0.5893 0.7464
vn -0.5555 -0.0000 0.8315
vn -0.5429 -0.2124 0.8125
vn -0.1019 0.9830 0.1525
vn -0.1986 0.9339 0.2972
vn -0.5061 -0.4123 0.7575
vn -0.2908 0.8521 0.4352
vn -0.4488 -0.5893 0.6718
vn -0.3755 0.7369 0.5621
vn -0.3755 -0.7369 0.5621
vn -0.4488 0.5893 0.6718
vn -0.2908 -0.8521 0.4352
vn -0.5061 0.4123 0.7575
vn -0.1986 -0.9339 0.2972
vn -0.5429 0.2124 0.8125
vn -0.1019 -0.9830 0.1525
vn -0.4779 -0.7369 0.4780
vn -0.3701 -0.8521 0.3701
vn -0.5713 0.5893 0.5713
vn -0.6442 0.4123 0.6442
vn -0.2527 -0.9339 0.2527
vn -0.6909 0.2124 0.6910
vn -0.1297 -0.9830 0.1297
vn -0.7071 -0.0000 0.7071
vn -0.1297 0.9830 0.1297
vn -0.6909 -0.2124 0.6910
vn -0.2527 0.9339 0.2527
vn -0.6442 -0.4123 0.6442
vn -0.3701 0.8521 0.3701
vn -0.5713 -0.5893 0.5713
vn -0.4779 0.7369 0.4780
vn -0.8125 -0.2124 0.5429
vn -0.7575 -0.4123 0.5062
vn -0.2972 0.9339 0.1986
vn -0.4352 0.8521 0.2908
vn -0.6717 -0.5893 0.4489
vn -0.5620 0.7370 0.3756
vn -0.5620 -0.7370 0.3756
vn -0.6717 0.5893 0.4489
vn -0.4352 -0.8521 0.2908
vn -0.7575 0.4123 0.5062
vn -0.2972 -0.9339 0.1986
vn -0.8125 0.2124 0.5429
vn -0.1525 -0.9830 0.1019
vn -0.8314 -0.0000 0.5556
vn -0.1525 0.9830 0.1019
vn -0.4836 -0.8521 0.2003
vn -0.3302 -0.9339 0.1368
vn -0.8417 0.4123 0.3487
vn -0.9028 0.2124 0.3740
vn -0.1694 -0.9830 0.0702
vn -0.9239 -0.0000 0.3827
vn -0.1694 0.9830 0.0702
vn -0.9028 -0.2124 0.3740
vn -0.3302 0.9339 0.1368
vn -0.8417 -0.4123 0.3487
vn -0.4836 0.8521 0.2003
vn -0.7464 -0.5893 0.3092
vn -0.6245 0.7370 0.2587
vn -0.6245 -0.7370 0.2587
vn -0.7464 0.5893 0.3092
vn -0.3505 0.9340 0.0697
vn -0.5134 0.8521 0.1021
vn -0.8935 -0.4123 0.1778
vn -0.7924 -0.5893 0.1576
vn -0.6629 0.7370 0.1319
vn -0.6629 -0.7370 0.1319
vn -0.7924 0.5893 0.1576
vn -0.5134 -0.8521 0.1021
vn -0.8935 0.4123 0.1778
vn -0.3505 -0.9340 0.0697
vn -0.9584 0.2124 0.1907
vn -0.1799 -0.9830 0.0358
vn -0.9808 -0.0000 0.1951
vn -0.1799 0.9830 0.0358
vn -0.9584 -0.2124 0.1907
vn -0.9111 0.4123 -0.0000
vn -0.9772 0.2124 -0.0000
vn -0.3574 -0.9340 -0.0000
vn -0.1834 -0.9830 -0.0000
vn -1.0000 -0.0000 -0.0000
vn -0.1834 0.9830 -0.0000
vn -0.9772 -0.2124 -0.0000
vn -0.3574 0.9340 -0.0000
vn -0.9111 -0.4123 -0.0000
vn -0.5234 0.8521 -0.0000
vn -0.8079 -0.5893 -0.0000
vn -0.6759 0.7370 -0.0000
vn -0.6759 -0.7370 -0.0000
vn -0.8079 0.5893 -0.0000
vn -0.5234 -0.8521 -0.0000
vn -0.8935 -0.4123 -0.1778
vn -0.7924 -0.5893 -0.1576
vn -0.5134 0.8521 -0.1021
vn -0.6629 0.7370 -0.1319
vn -0.6629 -0.7370 -0.1319
vn -0.7924 0.5893 -0.1576
vn -0.5134 -0.8521 -0.1021
vn -0.8935 0.4123 -0.1778
vn -0.3505 -0.9340 -0.0697
vn -0.9584 0.2124 -0.1907
vn -0.1799 -0.9830 -0.0358
vn -0.9808 -0.0000 -0.1951
vn -0.1799 0.9830 -0.0358
vn -0.9584 -0.2124 -0.1907
vn -0.3505 0.9340 -0.0697
vn -0.3302 -0.9339 -0.1368
vn -0.1694 -0.9830 -0.0702
vn -0.9028 0.2124 -0.3740
vn -0.9239 -0.0000 -0.3827
vn -0.1694 0.9830 -0.0702
vn -0.9028 -0.2124 -0.3740
vn -0.3302 0.9339 -0.1368
vn -0.8417 -0.4123 -0.3487
vn -0.4836 0.8521 -0.2003
vn -0.7464 -0.5893 -0.3092
vn -0.6245 0.7370 -0.2587
vn -0.6245 -0.7370 -0.2587
vn -0.7464 0.5893 -0.3092
vn -0.4836 -0.8521 -0.2003
vn -0.8417 0.4123 -0.3487
vn -0.4352 0.8521 -0.2908
vn -0.5620 0.7370 -0.3756
vn -0.6717 -0.5893 -0.4489
vn -0.5620 -0.7370 -0.3756
vn -0.6717 0.5893 -0.4489
vn -0.4352 -0.8521 -0.2908
vn -0.7575 0.4123 -0.5062
vn -0.2972 -0.9339 -0.1986
vn -0.8125 0.2124 -0.5429
vn -0.1525 -0.9830 -0.1019
vn -0.8314 -0.0000 -0.5556
vn -0.1525 0.9830 -0.1019
vn -0.8125 -0.2124 -0.5429
vn -0.2972 0.9339 -0.1986
vn -0.7575 -0.4123 -0.5062
vn -0.6909 0.2124 -0.6910
vn -0.7071 -0.0000 -0.7071
vn -0.1297 0.9830 -0.1297
vn -0.1297 -0.9830 -0.1297
vn -0.6909 -0.2124 -0.6910
vn -0.2527 0.9339 -0.2527
vn -0.6442 -0.4123 -0.6443
vn -0.3701 0.8521 -0.3701
vn -0.5713 -0.5893 -0.5713
vn -0.4779 0.7369 -0.4780
vn -0.4779 -0.7369 -0.4780
vn -0.5713 0.5893 -0.5713
vn -0.3701 -0.8521 -0.3701
vn -0.6442 0.4123 -0.6443
vn -0.2527 -0.9339 -0.2527
vn -0.4488 -0.5893 -0.6718
vn -0.3755 -0.7369 -0.5621
vn -0.3755 0.7369 -0.5621
vn -0.4488 0.5893 -0.6718
vn -0.2908 -0.8521 -0.4352
vn -0.5061 0.4123 -0.7575
vn -0.1986 -0.9339 -0.2972
vn -0.5429 0.2124 -0.8125
vn -0.1019 -0.9830 -0.1525
vn -0.5555 -0.0000 -0.8315
vn -0.1019 0.9830 -0.1525
vn -0.5429 -0.2124 -0.8125
vn -0.1986 0.9339 -0.2972
vn -0.5061 -0.4123 -0.7575
vn -0.2908 0.8521 -0.4352
vn -0.0702 -0.9830 -0.1694
vn -0.3827 -0.0000 -0.9239
vn -0.3739 -0.2124 -0.9028
vn -0.0702 0.9830 -0.1694
vn -0.1368 0.9339 -0.3302
vn -0.3486 -0.4123 -0.8417
vn -0.2003 0.8521 -0.4836
vn -0.3092 -0.5893 -0.7464
vn -0.2587 0.7369 -0.6245
vn -0.2587 -0.7369 -0.6245
vn -0.3092 0.5893 -0.7464
vn -0.2003 -0.8521 -0.4836
vn -0.3486 0.4123 -0.8417
vn -0.1368 -0.9339 -0.3302
vn -0.3739 0.2124 -0.9028
vn -0.1319 -0.7369 -0.6630
vn -0.1021 -0.8521 -0.5134
vn -0.1576 0.5893 -0.7924
vn -0.1777 0.4122 -0.8936
vn -0.0697 -0.9339 -0.3506
vn -0.1906 0.2124 -0.9584
vn -0.0358 -0.9830 -0.1799
vn -0.1951 -0.0000 -0.9808
vn -0.0358 0.9830 -0.1799
vn -0.1906 -0.2124 -0.9584
vn -0.0697 0.9339 -0.3506
vn -0.1777 -0.4122 -0.8936
vn -0.1021 0.8521 -0.5134
vn -0.1576 -0.5893 -0.7924
vn -0.1319 0.7369 -0.6630
vt 0.750000 0.437500
vt 0.750000 0.500000
vt 0.718750 0.500000
vt 0.718750 0.437500
vt 0.750000 0.875000
vt 0.750000 0.937500
vt 0.718750 0.937500
vt 0.718750 0.875000
vt 0.750000 0.375000
vt 0.718750 0.375000
vt 0.750000 0.812500
vt 0.718750 0.812500
vt 0.750000 0.312500
vt 0.718750 0.312500
vt 0.750000 0.750000
vt 0.718750 0.750000
vt 0.750000 0.250000
vt 0.718750 0.250000
vt 0.750000 0.687500
vt 0.718750 0.687500
vt 0.750000 0.187500
vt 0.718750 0.187500
vt 0.750000 0.625000
vt 0.718750 0.625000
vt 0.750000 0.125000
vt 0.718750 0.125000
vt 0.750000 0.562500
vt 0.718750 0.562500
vt 0.750000 0.062500
vt 0.718750 0.062500
vt 0.734375 1.000000
vt 0.734375 0.000000
vt 0.687500 0.125000
vt 0.687500 0.062500
vt 0.687500 0.562500
vt 0.687500 0.500000
vt 0.703125 1.000000
vt 0.687500 0.937500
vt 0.703125 0.000000
vt 0.687500 0.437500
vt 0.687500 0.875000
vt 0.687500 0.375000
vt 0.687500 0.812500
vt 0.687500 0.312500
vt 0.687500 0.750000
vt 0.687500 0.250000
vt 0.687500 0.687500
vt 0.687500 0.187500
vt 0.687500 0.625000
vt 0.656250 0.312500
vt 0.656250 0.250000
vt 0.656250 0.750000
vt 0.656250 0.687500
vt 0.656250 0.187500
vt 0.656250 0.625000
vt 0.656250 0.125000
vt 0.656250 0.562500
vt 0.656250 0.062500
vt 0.656250 0.500000
vt 0.671875 1.000000
vt 0.656250 0.937500
vt 0.671875 0.000000
vt 0.656250 0.437500
vt 0.656250 0.875000
vt 0.656250 0.375000
vt 0.656250 0.812500
vt 0.640625 1.000000
vt 0.625000 0.937500
vt 0.640625 0.000000
vt 0.625000 0.062500
vt 0.625000 0.500000
vt 0.625000 0.437500
vt 0.625000 0.875000
vt 0.625000 0.375000
vt 0.625000 0.812500
vt 0.625000 0.312500
vt 0.625000 0.750000
vt 0.625000 0.250000
vt 0.625000 0.687500
vt 0.625000 0.187500
vt 0.625000 0.625000
vt 0.625000 0.125000
vt 0.625000 0.562500
vt 0.593750 0.750000
vt 0.593750 0.687500
vt 0.593750 0.250000
vt 0.593750 0.187500
vt 0.593750 0.625000
vt 0.593750 0.125000
vt 0.593750 0.562500
vt 0.593750 0.062500
vt 0.593750 0.500000
vt 0.609375 1.000000
vt 0.593750 0.937500
vt 0.609375 0.000000
vt 0.593750 0.437500
vt 0.593750 0.875000
vt 0.593750 0.375000
vt 0.593750 0.812500
vt 0.593750 0.312500
vt 0.562500 0.500000
vt 0.562500 0.437500
vt 0.562500 0.937500
vt 0.562500 0.875000
vt 0.562500 0.375000
vt 0.562500 0.812500
vt 0.562500 0.312500
vt 0.562500 0.750000
vt 0.562500 0.250000
vt 0.562500 0.687500
vt 0.562500 0.187500
vt 0.562500 0.625000
vt 0.562500 0.125000
vt 0.562500 0.562500
vt 0.562500 0.062500
vt 0.578125 1.000000
vt 0.578125 0.000000
vt 0.531250 0.250000
vt 0.531250 0.187500
vt 0.531250 0.687500
vt 0.531250 0.625000
vt 0.531250 0.125000
vt 0.531250 0.562500
vt 0.531250 0.062500
vt 0.531250 0.500000
vt 0.546875 1.000000
vt 0.531250 0.937500
vt 0.546875 0.000000
vt 0.531250 0.437500
vt 0.531250 0.875000
vt 0.531250 0.375000
vt 0.531250 0.812500
vt 0.531250 0.312500
vt 0.531250 0.750000
vt 0.500000 0.937500
vt 0.500000 0.875000
vt 0.500000 0.437500
vt 0.500000 0.375000
vt 0.500000 0.812500
vt 0.500000 0.312500
vt 0.500000 0.750000
vt 0.500000 0.250000
vt 0.500000 0.687500
vt 0.500000 0.187500
vt 0.500000 0.625000
vt 0.500000 0.125000
vt 0.500000 0.562500
vt 0.500000 0.062500
vt 0.500000 0.500000
vt 0.515625 1.000000
vt 0.515625 0.000000
vt 0.468750 0.687500
vt 0.468750 0.625000
vt 0.468750 0.187500
vt 0.468750 0.125000
vt 0.468750 0.562500
vt 0.468750 0.062500
vt 0.468750 0.500000
vt 0.484375 1.000000
vt 0.468750 0.937500
vt 0.484375 0.000000
vt 0.468750 0.437500
vt 0.468750 0.875000
vt 0.468750 0.375000
vt 0.468750 0.812500
vt 0.468750 0.312500
vt 0.468750 0.750000
vt 0.468750 0.250000
vt 0.437500 0.437500
vt 0.437500 0.375000
vt 0.437500 0.875000
vt 0.437500 0.812500
vt 0.437500 0.312500
vt 0.437500 0.750000
vt 0.437500 0.250000
vt 0.437500 0.687500
vt 0.437500 0.187500
vt 0.437500 0.625000
vt 0.437500 0.125000
vt 0.437500 0.562500
vt 0.437500 0.062500
vt 0.437500 0.500000
vt 0.453125 1.000000
vt 0.437500 0.937500
vt 0.453125 0.000000
vt 0.406250 0.187500
vt 0.406250 0.125000
vt 0.406250 0.625000
vt 0.406250 0.562500
vt 0.406250 0.062500
vt 0.406250 0.500000
vt 0.421875 1.000000
vt 0.406250 0.937500
vt 0.421875 0.000000
vt 0.406250 0.437500
vt 0.406250 0.875000
vt 0.406250 0.375000
vt 0.406250 0.812500
vt 0.406250 0.312500
vt 0.406250 0.750000
vt 0.406250 0.250000
vt 0.406250 0.687500
vt 0.375000 0.375000
vt 0.375000 0.312500
vt 0.375000 0.812500
vt 0.375000 0.750000
vt 0.375000 0.250000
vt 0.375000 0.687500
vt 0.375000 0.187500
vt 0.375000 0.625000
vt 0.375000 0.125000
vt 0.375000 0.562500
vt 0.375000 0.062500
vt 0.375000 0.500000
vt 0.390625 1.000000
vt 0.375000 0.937500
vt 0.390625 0.000000
vt 0.375000 0.437500
vt 0.375000 0.875000
vt 0.343750 0.125000
vt 0.343750 0.062500
vt 0.343750 0.562500
vt 0.343750 0.500000
vt 0.359375 1.000000
vt 0.343750 0.937500
vt 0.359375 0.000000
vt 0.343750 0.437500
vt 0.343750 0.875000
vt 0.343750 0.375000
vt 0.343750 0.812500
vt 0.343750 0.312500
vt 0.343750 0.750000
vt 0.343750 0.250000
vt 0.343750 0.687500
vt 0.343750 0.187500
vt 0.343750 0.625000
vt 0.312500 0.812500
vt 0.312500 0.750000
vt 0.312500 0.312500
vt 0.312500 0.250000
vt 0.312500 0.687500
vt 0.312500 0.187500
vt 0.312500 0.625000
vt 0.312500 0.125000
vt 0.312500 0.562500
vt 0.312500 0.062500
vt 0.312500 0.500000
vt 0.328125 1.000000
vt 0.312500 0.937500
vt 0.328125 0.000000
vt 0.312500 0.437500
vt 0.312500 0.875000
vt 0.312500 0.375000
vt 0.281250 0.562500
vt 0.281250 0.500000
vt 0.296875 1.000000
vt 0.281250 0.937500
vt 0.296875 0.000000
vt 0.281250 0.062500
vt 0.281250 0.437500
vt 0.281250 0.875000
vt 0.281250 0.375000
vt 0.281250 0.812500
vt 0.281250 0.312500
vt 0.281250 0.750000
vt 0.281250 0.250000
vt 0.281250 0.687500
vt 0.281250 0.187500
vt 0.281250 0.625000
vt 0.281250 0.125000
vt 0.250000 0.312500
vt 0.250000 0.250000
vt 0.250000 0.750000
vt 0.250000 0.687500
vt 0.250000 0.187500
vt 0.250000 0.625000
vt 0.250000 0.125000
vt 0.250000 0.562500
vt 0.250000 0.062500
vt 0.250000 0.500000
vt 0.265625 1.000000
vt 0.250000 0.937500
vt 0.265625 0.000000
vt 0.250000 0.437500
vt 0.250000 0.875000
vt 0.250000 0.375000
vt 0.250000 0.812500
vt 0.234375 1.000000
vt 0.218750 0.937500
vt 0.234375 0.000000
vt 0.218750 0.062500
vt 0.218750 0.500000
vt 0.218750 0.437500
vt 0.218750 0.875000
vt 0.218750 0.375000
vt 0.218750 0.812500
vt 0.218750 0.312500
vt 0.218750 0.750000
vt 0.218750 0.250000
vt 0.218750 0.687500
vt 0.218750 0.187500
vt 0.218750 0.625000
vt 0.218750 0.125000
vt 0.218750 0.562500
vt 0.187500 0.750000
vt 0.187500 0.687500
vt 0.187500 0.250000
vt 0.187500 0.187500
vt 0.187500 0.625000
vt 0.187500 0.125000
vt 0.187500 0.562500
vt 0.187500 0.062500
vt 0.187500 0.500000
vt 0.203125 1.000000
vt 0.187500 0.937500
vt 0.203125 0.000000
vt 0.187500 0.437500
vt 0.187500 0.875000
vt 0.187500 0.375000
vt 0.187500 0.812500
vt 0.187500 0.312500
vt 0.156250 0.500000
vt 0.156250 0.437500
vt 0.156250 0.937500
vt 0.156250 0.875000
vt 0.156250 0.375000
vt 0.156250 0.812500
vt 0.156250 0.312500
vt 0.156250 0.750000
vt 0.156250 0.250000
vt 0.156250 0.687500
vt 0.156250 0.187500
vt 0.156250 0.625000
vt 0.156250 0.125000
vt 0.156250 0.562500
vt 0.156250 0.062500
vt 0.171875 1.000000
vt 0.171875 0.000000
vt 0.125000 0.250000
vt 0.125000 0.187500
vt 0.125000 0.687500
vt 0.125000 0.625000
vt 0.125000 0.125000
vt 0.125000 0.562500
vt 0.125000 0.062500
vt 0.125000 0.500000
vt 0.140625 1.000000
vt 0.125000 0.937500
vt 0.140625 0.000000
vt 0.125000 0.437500
vt 0.125000 0.875000
vt 0.125000 0.375000
vt 0.125000 0.812500
vt 0.125000 0.312500
vt 0.125000 0.750000
vt 0.093750 0.437500
vt 0.093750 0.375000
vt 0.093750 0.875000
vt 0.093750 0.812500
vt 0.093750 0.312500
vt 0.093750 0.750000
vt 0.093750 0.250000
vt 0.093750 0.687500
vt 0.093750 0.187500
vt 0.093750 0.625000
vt 0.093750 0.125000
vt 0.093750 0.562500
vt 0.093750 0.062500
vt 0.093750 0.500000
vt 0.109375 1.000000
vt 0.093750 0.937500
vt 0.109375 0.000000
vt 0.062500 0.187500
vt 0.062500 0.125000
vt 0.062500 0.625000
vt 0.062500 0.562500
vt 0.062500 0.062500
vt 0.062500 0.500000
vt 0.078125 1.000000
vt 0.062500 0.937500
vt 0.078125 0.000000
vt 0.062500 0.437500
vt 0.062500 0.875000
vt 0.062500 0.375000
vt 0.062500 0.812500
vt 0.062500 0.312500
vt 0.062500 0.750000
vt 0.062500 0.250000
vt 0.062500 0.687500
vt 0.031250 0.875000
vt 0.031250 0.812500
vt 0.031250 0.375000
vt 0.031250 0.312500
vt 0.031250 0.750000
vt 0.031250 0.250000
vt 0.031250 0.687500
vt 0.031250 0.187500
vt 0.031250 0.625000
vt 0.031250 0.125000
vt 0.031250 0.562500
vt 0.031250 0.062500
vt 0.031250 0.500000
vt 0.046875 1.000000
vt 0.031250 0.937500
vt 0.046875 0.000000
vt 0.031250 0.437500
vt 0.000000 0.625000
vt 0.000000 0.562500
vt 0.000000 0.125000
vt 0.000000 0.062500
vt 0.000000 0.500000
vt 0.015625 1.000000
vt 0.000000 0.937500
vt 0.015625 0.000000
vt 0.000000 0.437500
vt 0.000000 0.875000
vt 0.000000 0.375000
vt 0.000000 0.812500
vt 0.000000 0.312500
vt 0.000000 0.750000
vt 0.000000 0.250000
vt 0.000000 0.687500
vt 0.000000 0.187500
vt 1.000000 0.312500
vt 1.000000 0.375000
vt 0.968750 0.375000
vt 0.968750 0.312500
vt 1.000000 0.750000
vt 1.000000 0.812500
vt 0.968750 0.812500
vt 0.968750 0.750000
vt 1.000000 0.250000
vt 0.968750 0.250000
vt 1.000000 0.687500
vt 0.968750 0.687500
vt 1.000000 0.187500
vt 0.968750 0.187500
vt 1.000000 0.625000
vt 0.968750 0.625000
vt 1.000000 0.125000
vt 0.968750 0.125000
vt 1.000000 0.562500
vt 0.968750 0.562500
vt 1.000000 0.062500
vt 0.968750 0.062500
vt 1.000000 0.500000
vt 0.968750 0.500000
vt 1.000000 0.937500
vt 0.984375 1.000000
vt 0.968750 0.937500
vt 0.984375 0.000000
vt 1.000000 0.437500
vt 0.968750 0.437500
vt 1.000000 0.875000
vt 0.968750 0.875000
vt 0.937500 0.125000
vt 0.937500 0.062500
vt 0.937500 0.562500
vt 0.937500 0.500000
vt 0.953125 1.000000
vt 0.937500 0.937500
vt 0.953125 0.000000
vt 0.937500 0.437500
vt 0.937500 0.875000
vt 0.937500 0.375000
vt 0.937500 0.812500
vt 0.937500 0.312500
vt 0.937500 0.750000
vt 0.937500 0.250000
vt 0.937500 0.687500
vt 0.937500 0.187500
vt 0.937500 0.625000
vt 0.906250 0.812500
vt 0.906250 0.750000
vt 0.906250 0.312500
vt 0.906250 0.250000
vt 0.906250 0.687500
vt 0.906250 0.187500
vt 0.906250 0.625000
vt 0.906250 0.125000
vt 0.906250 0.562500
vt 0.906250 0.062500
vt 0.906250 0.500000
vt 0.921875 1.000000
vt 0.906250 0.937500
vt 0.921875 0.000000
vt 0.906250 0.437500
vt 0.906250 0.875000
vt 0.906250 0.375000
vt 0.875000 0.562500
vt 0.875000 0.500000
vt 0.890625 1.000000
vt 0.875000 0.937500
vt 0.890625 0.000000
vt 0.875000 0.062500
vt 0.875000 0.437500
vt 0.875000 0.875000
vt 0.875000 0.375000
vt 0.875000 0.812500
vt 0.875000 0.312500
vt 0.875000 0.750000
vt 0.875000 0.250000
vt 0.875000 0.687500
vt 0.875000 0.187500
vt 0.875000 0.625000
vt 0.875000 0.125000
vt 0.843750 0.312500
vt 0.843750 0.250000
vt 0.843750 0.750000
vt 0.843750 0.687500
vt 0.843750 0.187500
vt 0.843750 0.625000
vt 0.843750 0.125000
vt 0.843750 0.562500
vt 0.843750 0.062500
vt 0.843750 0.500000
vt 0.859375 1.000000
vt 0.843750 0.937500
vt 0.859375 0.000000
vt 0.843750 0.437500
vt 0.843750 0.875000
vt 0.843750 0.375000
vt 0.843750 0.812500
vt 0.828125 0.000000
vt 0.812500 0.062500
vt 0.812500 0.500000
vt 0.812500 0.437500
vt 0.812500 0.937500
vt 0.812500 0.875000
vt 0.812500 0.375000
vt 0.812500 0.812500
vt 0.812500 0.312500
vt 0.812500 0.750000
vt 0.812500 0.250000
vt 0.812500 0.687500
vt 0.812500 0.187500
vt 0.812500 0.625000
vt 0.812500 0.125000
vt 0.812500 0.562500
vt 0.828125 1.000000
vt 0.781250 0.250000
vt 0.781250 0.187500
vt 0.781250 0.687500
vt 0.781250 0.625000
vt 0.781250 0.125000
vt 0.781250 0.562500
vt 0.781250 0.062500
vt 0.781250 0.500000
vt 0.796875 1.000000
vt 0.781250 0.937500
vt 0.796875 0.000000
vt 0.781250 0.437500
vt 0.781250 0.875000
vt 0.781250 0.375000
vt 0.781250 0.812500
vt 0.781250 0.312500
vt 0.781250 0.750000
vt 0.765625 1.000000
vt 0.765625 0.000000
s 1
usemtl Material.051
f 266/305/119 265/306/120 275/307/121 276/308/122
f 736/309/123 735/310/124 268/311/125 269/312/126
f 739/313/127 266/305/119 276/308/122 277/314/128
f 262/315/129 736/309/123 269/312/126 270/316/130
f 267/317/131 739/313/127 277/314/128 278/318/132
f 737/319/133 262/315/129 270/316/130 271/320/134
f 740/321/135 267/317/131 278/318/132 279/322/136
f 263/323/137 737/319/133 271/320/134 272/324/138
f 741/325/139 740/321/135 279/322/136 280/326/140
f 738/327/141 263/323/137 272/324/138 273/328/142
f 742/329/143 741/325/139 280/326/140 281/330/144
f 264/331/145 738/327/141 273/328/142 274/332/146
f 743/333/147 742/329/143 281/330/144 282/334/148
f 265/306/120 264/331/145 274/332/146 275/307/121
f 735/310/124 343/335/149 268/311/125
f 569/336/150 743/333/147 282/334/148
f 282/334/148 281/330/144 296/337/151 297/338/152
f 275/307/121 274/332/146 289/339/153 290/340/154
f 268/311/125 343/341/149 283/342/155
f 569/343/150 282/334/148 297/338/152
f 276/308/122 275/307/121 290/340/154 291/344/156
f 269/312/126 268/311/125 283/342/155 284/345/157
f 277/314/128 276/308/122 291/344/156 292/346/158
f 270/316/130 269/312/126 284/345/157 285/347/159
f 278/318/132 277/314/128 292/346/158 293/348/160
f 271/320/134 270/316/130 285/347/159 286/349/161
f 279/322/136 278/318/132 293/348/160 294/350/162
f 272/324/138 271/320/134 286/349/161 287/351/163
f 280/326/140 279/322/136 294/350/162 295/352/164
f 273/328/142 272/324/138 287/351/163 288/353/165
f 281/330/144 280/326/140 295/352/164 296/337/151
f 274/332/146 273/328/142 288/353/165 289/339/153
f 294/350/162 293/348/160 308/354/166 309/355/167
f 287/351/163 286/349/161 301/356/168 302/357/169
f 295/352/164 294/350/162 309/355/167 310/358/170
f 288/353/165 287/351/163 302/357/169 303/359/171
f 296/337/151 295/352/164 310/358/170 311/360/172
f 289/339/153 288/353/165 303/359/171 304/361/173
f 297/338/152 296/337/151 311/360/172 312/362/174
f 290/340/154 289/339/153 304/361/173 305/363/175
f 283/342/155 343/364/149 298/365/176
f 569/366/150 297/338/152 312/362/174
f 291/344/156 290/340/154 305/363/175 306/367/177
f 284/345/157 283/342/155 298/365/176 299/368/178
f 292/346/158 291/344/156 306/367/177 307/369/179
f 285/347/159 284/345/157 299/368/178 300/370/180
f 293/348/160 292/346/158 307/369/179 308/354/166
f 286/349/161 285/347/159 300/370/180 301/356/168
f 298/365/176 343/371/149 313/372/181
f 569/373/150 312/362/174 327/374/182
f 306/367/177 305/363/175 320/375/183 321/376/184
f 299/368/178 298/365/176 313/372/181 314/377/185
f 307/369/179 306/367/177 321/376/184 322/378/186
f 300/370/180 299/368/178 314/377/185 315/379/187
f 308/354/166 307/369/179 322/378/186 323/380/188
f 301/356/168 300/370/180 315/379/187 316/381/189
f 309/355/167 308/354/166 323/380/188 324/382/190
f 302/357/169 301/356/168 316/381/189 317/383/191
f 310/358/170 309/355/167 324/382/190 325/384/192
f 303/359/171 302/357/169 317/383/191 318/385/193
f 311/360/172 310/358/170 325/384/192 326/386/194
f 304/361/173 303/359/171 318/385/193 319/387/195
f 312/362/174 311/360/172 326/386/194 327/374/182
f 305/363/175 304/361/173 319/387/195 320/375/183
f 317/383/191 316/381/189 331/388/196 332/389/197
f 325/384/192 324/382/190 339/390/198 340/391/199
f 318/385/193 317/383/191 332/389/197 333/392/200
f 326/386/194 325/384/192 340/391/199 341/393/201
f 319/387/195 318/385/193 333/392/200 334/394/202
f 327/374/182 326/386/194 341/393/201 342/395/203
f 320/375/183 319/387/195 334/394/202 335/396/204
f 313/372/181 343/397/149 328/398/205
f 569/399/150 327/374/182 342/395/203
f 321/376/184 320/375/183 335/396/204 336/400/206
f 314/377/185 313/372/181 328/398/205 329/401/207
f 322/378/186 321/376/184 336/400/206 337/402/208
f 315/379/187 314/377/185 329/401/207 330/403/209
f 323/380/188 322/378/186 337/402/208 338/404/210
f 316/381/189 315/379/187 330/403/209 331/388/196
f 324/382/190 323/380/188 338/404/210 339/390/198
f 336/400/206 335/396/204 351/405/211 352/406/212
f 329/401/207 328/398/205 344/407/213 345/408/214
f 337/402/208 336/400/206 352/406/212 353/409/215
f 330/403/209 329/401/207 345/408/214 346/410/216
f 338/404/210 337/402/208 353/409/215 354/411/217
f 331/388/196 330/403/209 346/410/216 347/412/218
f 339/390/198 338/404/210 354/411/217 355/413/219
f 332/389/197 331/388/196 347/412/218 348/414/220
f 340/391/199 339/390/198 355/413/219 356/415/221
f 333/392/200 332/389/197 348/414/220 349/416/222
f 341/393/201 340/391/199 356/415/221 357/417/223
f 334/394/202 333/392/200 349/416/222 350/418/224
f 342/395/203 341/393/201 357/417/223 358/419/225
f 335/396/204 334/394/202 350/418/224 351/405/211
f 328/398/205 343/420/149 344/407/213
f 569/421/150 342/395/203 358/419/225
f 356/415/221 355/413/219 370/422/226 371/423/227
f 349/416/222 348/414/220 363/424/228 364/425/229
f 357/417/223 356/415/221 371/423/227 372/426/230
f 350/418/224 349/416/222 364/425/229 365/427/231
f 358/419/225 357/417/223 372/426/230 373/428/232
f 351/405/211 350/418/224 365/427/231 366/429/233
f 344/407/213 343/430/149 359/431/234
f 569/432/150 358/419/225 373/428/232
f 352/406/212 351/405/211 366/429/233 367/433/235
f 345/408/214 344/407/213 359/431/234 360/434/236
f 353/409/215 352/406/212 367/433/235 368/435/237
f 346/410/216 345/408/214 360/434/236 361/436/238
f 354/411/217 353/409/215 368/435/237 369/437/239
f 347/412/218 346/410/216 361/436/238 362/438/240
f 355/413/219 354/411/217 369/437/239 370/422/226
f 348/414/220 347/412/218 362/438/240 363/424/228
f 360/434/236 359/431/234 374/439/241 375/440/242
f 368/435/237 367/433/235 382/441/243 383/442/244
f 361/436/238 360/434/236 375/440/242 376/443/245
f 369/437/239 368/435/237 383/442/244 384/444/246
f 362/438/240 361/436/238 376/443/245 377/445/247
f 370/422/226 369/437/239 384/444/246 385/446/248
f 363/424/228 362/438/240 377/445/247 378/447/249
f 371/423/227 370/422/226 385/446/248 386/448/250
f 364/425/229 363/424/228 378/447/249 379/449/251
f 372/426/230 371/423/227 386/448/250 387/450/252
f 365/427/231 364/425/229 379/449/251 380/451/253
f 373/428/232 372/426/230 387/450/252 388/452/254
f 366/429/233 365/427/231 380/451/253 381/453/255
f 359/431/234 343/454/149 374/439/241
f 569/455/150 373/428/232 388/452/254
f 367/433/235 366/429/233 381/453/255 382/441/243
f 379/449/251 378/447/249 393/456/256 394/457/257
f 387/450/252 386/448/250 401/458/258 402/459/259
f 380/451/253 379/449/251 394/457/257 395/460/260
f 388/452/254 387/450/252 402/459/259 403/461/261
f 381/453/255 380/451/253 395/460/260 396/462/262
f 374/439/241 343/463/149 389/464/263
f 569/465/150 388/452/254 403/461/261
f 382/441/243 381/453/255 396/462/262 397/466/264
f 375/440/242 374/439/241 389/464/263 390/467/265
f 383/442/244 382/441/243 397/466/264 398/468/266
f 376/443/245 375/440/242 390/467/265 391/469/267
f 384/444/246 383/442/244 398/468/266 399/470/268
f 377/445/247 376/443/245 391/469/267 392/471/269
f 385/446/248 384/444/246 399/470/268 400/472/270
f 378/447/249 377/445/247 392/471/269 393/456/256
f 386/448/250 385/446/248 400/472/270 401/458/258
f 398/468/266 397/466/264 412/473/271 413/474/272
f 391/469/267 390/467/265 405/475/273 406/476/274
f 399/470/268 398/468/266 413/474/272 414/477/275
f 392/471/269 391/469/267 406/476/274 407/478/276
f 400/472/270 399/470/268 414/477/275 415/479/277
f 393/456/256 392/471/269 407/478/276 408/480/278
f 401/458/258 400/472/270 415/479/277 416/481/279
f 394/457/257 393/456/256 408/480/278 409/482/280
f 402/459/259 401/458/258 416/481/279 417/483/281
f 395/460/260 394/457/257 409/482/280 410/484/282
f 403/461/261 402/459/259 417/483/281 418/485/283
f 396/462/262 395/460/260 410/484/282 411/486/284
f 389/464/263 343/487/149 404/488/285
f 569/489/150 403/461/261 418/485/283
f 397/466/264 396/462/262 411/486/284 412/473/271
f 390/467/265 389/464/263 404/488/285 405/475/273
f 417/483/281 416/481/279 431/490/286 432/491/287
f 410/484/282 409/482/280 424/492/288 425/493/289
f 418/485/283 417/483/281 432/491/287 433/494/290
f 411/486/284 410/484/282 425/493/289 426/495/291
f 404/488/285 343/496/149 419/497/292
f 569/498/150 418/485/283 433/494/290
f 412/473/271 411/486/284 426/495/291 427/499/293
f 405/475/273 404/488/285 419/497/292 420/500/294
f 413/474/272 412/473/271 427/499/293 428/501/295
f 406/476/274 405/475/273 420/500/294 421/502/296
f 414/477/275 413/474/272 428/501/295 429/503/297
f 407/478/276 406/476/274 421/502/296 422/504/298
f 415/479/277 414/477/275 429/503/297 430/505/299
f 408/480/278 407/478/276 422/504/298 423/506/300
f 416/481/279 415/479/277 430/505/299 431/490/286
f 409/482/280 408/480/278 423/506/300 424/492/288
f 429/503/297 428/501/295 443/507/301 444/508/302
f 422/504/298 421/502/296 436/509/303 437/510/304
f 430/505/299 429/503/297 444/508/302 445/511/305
f 423/506/300 422/504/298 437/510/304 438/512/306
f 431/490/286 430/505/299 445/511/305 446/513/307
f 424/492/288 423/506/300 438/512/306 439/514/308
f 432/491/287 431/490/286 446/513/307 447/515/309
f 425/493/289 424/492/288 439/514/308 440/516/310
f 433/494/290 432/491/287 447/515/309 448/517/311
f 426/495/291 425/493/289 440/516/310 441/518/312
f 419/497/292 343/519/149 434/520/313
f 569/521/150 433/494/290 448/517/311
f 427/499/293 426/495/291 441/518/312 442/522/314
f 420/500/294 419/497/292 434/520/313 435/523/315
f 428/501/295 427/499/293 442/522/314 443/507/301
f 421/502/296 420/500/294 435/523/315 436/509/303
f 448/517/311 447/515/309 462/524/316 463/525/317
f 441/518/312 440/516/310 455/526/318 456/527/319
f 434/520/313 343/528/149 449/529/320
f 569/530/150 448/517/311 463/525/317
f 442/522/314 441/518/312 456/527/319 457/531/321
f 435/523/315 434/520/313 449/529/320 450/532/322
f 443/507/301 442/522/314 457/531/321 458/533/323
f 436/509/303 435/523/315 450/532/322 451/534/324
f 444/508/302 443/507/301 458/533/323 459/535/325
f 437/510/304 436/509/303 451/534/324 452/536/326
f 445/511/305 444/508/302 459/535/325 460/537/327
f 438/512/306 437/510/304 452/536/326 453/538/328
f 446/513/307 445/511/305 460/537/327 461/539/329
f 439/514/308 438/512/306 453/538/328 454/540/330
f 447/515/309 446/513/307 461/539/329 462/524/316
f 440/516/310 439/514/308 454/540/330 455/526/318
f 452/536/326 451/534/324 466/541/331 467/542/332
f 460/537/327 459/535/325 474/543/333 475/544/334
f 453/538/328 452/536/326 467/542/332 468/545/335
f 461/539/329 460/537/327 475/544/334 476/546/336
f 454/540/330 453/538/328 468/545/335 469/547/337
f 462/524/316 461/539/329 476/546/336 477/548/338
f 455/526/318 454/540/330 469/547/337 470/549/339
f 463/525/317 462/524/316 477/548/338 478/550/340
f 456/527/319 455/526/318 470/549/339 471/551/341
f 449/529/320 343/552/149 464/553/342
f 569/554/150 463/525/317 478/550/340
f 457/531/321 456/527/319 471/551/341 472/555/343
f 450/532/322 449/529/320 464/553/342 465/556/344
f 458/533/323 457/531/321 472/555/343 473/557/345
f 451/534/324 450/532/322 465/556/344 466/541/331
f 459/535/325 458/533/323 473/557/345 474/543/333
f 471/551/341 470/549/339 485/558/346 486/559/347
f 464/553/342 343/560/149 479/561/348
f 569/562/150 478/550/340 493/563/349
f 472/555/343 471/551/341 486/559/347 487/564/350
f 465/556/344 464/553/342 479/561/348 480/565/351
f 473/557/345 472/555/343 487/564/350 488/566/352
f 466/541/331 465/556/344 480/565/351 481/567/353
f 474/543/333 473/557/345 488/566/352 489/568/354
f 467/542/332 466/541/331 481/567/353 482/569/355
f 475/544/334 474/543/333 489/568/354 490/570/356
f 468/545/335 467/542/332 482/569/355 483/571/357
f 476/546/336 475/544/334 490/570/356 491/572/358
f 469/547/337 468/545/335 483/571/357 484/573/359
f 477/548/338 476/546/336 491/572/358 492/574/360
f 470/549/339 469/547/337 484/573/359 485/558/346
f 478/550/340 477/548/338 492/574/360 493/563/349
f 490/570/356 489/568/354 504/575/361 505/576/362
f 483/571/357 482/569/355 497/577/363 498/578/364
f 491/572/358 490/570/356 505/576/362 506/579/365
f 484/573/359 483/571/357 498/578/364 499/580/366
f 492/574/360 491/572/358 506/579/365 507/581/367
f 485/558/346 484/573/359 499/580/366 500/582/368
f 493/563/349 492/574/360 507/581/367 508/583/369
f 486/559/347 485/558/346 500/582/368 501/584/370
f 479/561/348 343/585/149 494/586/371
f 569/587/150 493/563/349 508/583/369
f 487/564/350 486/559/347 501/584/370 502/588/372
f 480/565/351 479/561/348 494/586/371 495/589/373
f 488/566/352 487/564/350 502/588/372 503/590/374
f 481/567/353 480/565/351 495/589/373 496/591/375
f 489/568/354 488/566/352 503/590/374 504/575/361
f 482/569/355 481/567/353 496/591/375 497/577/363
f 494/586/371 343/592/149 509/593/376
f 569/594/150 508/583/369 523/595/377
f 502/588/372 501/584/370 516/596/378 517/597/379
f 495/589/373 494/586/371 509/593/376 510/598/380
f 503/590/374 502/588/372 517/597/379 518/599/381
f 496/591/375 495/589/373 510/598/380 511/600/382
f 504/575/361 503/590/374 518/599/381 519/601/383
f 497/577/363 496/591/375 511/600/382 512/602/384
f 505/576/362 504/575/361 519/601/383 520/603/385
f 498/578/364 497/577/363 512/602/384 513/604/386
f 506/579/365 505/576/362 520/603/385 521/605/387
f 499/580/366 498/578/364 513/604/386 514/606/388
f 507/581/367 506/579/365 521/605/387 522/607/389
f 500/582/368 499/580/366 514/606/388 515/608/390
f 508/583/369 507/581/367 522/607/389 523/595/377
f 501/584/370 500/582/368 515/608/390 516/596/378
f 513/604/386 512/602/384 527/609/391 528/610/392
f 521/605/387 520/603/385 535/611/393 536/612/394
f 514/606/388 513/604/386 528/610/392 529/613/395
f 522/607/389 521/605/387 536/612/394 537/614/396
f 515/608/390 514/606/388 529/613/395 530/615/397
f 523/595/377 522/607/389 537/614/396 538/616/398
f 516/596/378 515/608/390 530/615/397 531/617/399
f 509/593/376 343/618/149 524/619/400
f 569/620/150 523/595/377 538/616/398
f 517/597/379 516/596/378 531/617/399 532/621/401
f 510/598/380 509/593/376 524/619/400 525/622/402
f 518/599/381 517/597/379 532/621/401 533/623/403
f 511/600/382 510/598/380 525/622/402 526/624/404
f 519/601/383 518/599/381 533/623/403 534/625/405
f 512/602/384 511/600/382 526/624/404 527/609/391
f 520/603/385 519/601/383 534/625/405 535/611/393
f 532/621/401 531/617/399 546/626/406 547/627/407
f 525/622/402 524/619/400 539/628/408 540/629/409
f 533/623/403 532/621/401 547/627/407 548/630/410
f 526/624/404 525/622/402 540/629/409 541/631/411
f 534/625/405 533/623/403 548/630/410 549/632/412
f 527/609/391 526/624/404 541/631/411 542/633/413
f 535/611/393 534/625/405 549/632/412 550/634/414
f 528/610/392 527/609/391 542/633/413 543/635/415
f 536/612/394 535/611/393 550/634/414 551/636/416
f 529/613/395 528/610/392 543/635/415 544/637/417
f 537/614/396 536/612/394 551/636/416 552/638/418
f 530/615/397 529/613/395 544/637/417 545/639/419
f 538/616/398 537/614/396 552/638/418 553/640/420
f 531/617/399 530/615/397 545/639/419 546/626/406
f 524/619/400 343/641/149 539/628/408
f 569/642/150 538/616/398 553/640/420
f 551/636/416 550/634/414 565/643/421 566/644/422
f 544/637/417 543/635/415 558/645/423 559/646/424
f 552/638/418 551/636/416 566/644/422 567/647/425
f 545/639/419 544/637/417 559/646/424 560/648/426
f 553/640/420 552/638/418 567/647/425 568/649/427
f 546/626/406 545/639/419 560/648/426 561/650/428
f 539/628/408 343/651/149 554/652/429
f 569/653/150 553/640/420 568/649/427
f 547/627/407 546/626/406 561/650/428 562/654/430
f 540/629/409 539/628/408 554/652/429 555/655/431
f 548/630/410 547/627/407 562/654/430 563/656/432
f 541/631/411 540/629/409 555/655/431 556/657/433
f 549/632/412 548/630/410 563/656/432 564/658/434
f 542/633/413 541/631/411 556/657/433 557/659/435
f 550/634/414 549/632/412 564/658/434 565/643/421
f 543/635/415 542/633/413 557/659/435 558/645/423
f 563/656/432 562/654/430 578/660/436 579/661/437
f 556/657/433 555/655/431 571/662/438 572/663/439
f 564/658/434 563/656/432 579/661/437 580/664/440
f 557/659/435 556/657/433 572/663/439 573/665/441
f 565/643/421 564/658/434 580/664/440 581/666/442
f 558/645/423 557/659/435 573/665/441 574/667/443
f 566/644/422 565/643/421 581/666/442 582/668/444
f 559/646/424 558/645/423 574/667/443 575/669/445
f 567/647/425 566/644/422 582/668/444 583/670/446
f 560/648/426 559/646/424 575/669/445 576/671/447
f 568/649/427 567/647/425 583/670/446 584/672/448
f 561/650/428 560/648/426 576/671/447 577/673/449
f 554/652/429 343/674/149 570/675/450
f 569/676/150 568/649/427 584/672/448
f 562/654/430 561/650/428 577/673/449 578/660/436
f 555/655/431 554/652/429 570/675/450 571/662/438
f 583/670/446 582/668/444 597/677/451 598/678/452
f 576/671/447 575/669/445 590/679/453 591/680/454
f 584/672/448 583/670/446 598/678/452 599/681/455
f 577/673/449 576/671/447 591/680/454 592/682/456
f 570/675/450 343/683/149 585/684/457
f 569/685/150 584/672/448 599/681/455
f 578/660/436 577/673/449 592/682/456 593/686/458
f 571/662/438 570/675/450 585/684/457 586/687/459
f 579/661/437 578/660/436 593/686/458 594/688/460
f 572/663/439 571/662/438 586/687/459 587/689/461
f 580/664/440 579/661/437 594/688/460 595/690/462
f 573/665/441 572/663/439 587/689/461 588/691/463
f 581/666/442 580/664/440 595/690/462 596/692/464
f 574/667/443 573/665/441 588/691/463 589/693/465
f 582/668/444 581/666/442 596/692/464 597/677/451
f 575/669/445 574/667/443 589/693/465 590/679/453
f 587/689/461 586/687/459 601/694/466 602/695/467
f 595/690/462 594/688/460 609/696/468 610/697/469
f 588/691/463 587/689/461 602/695/467 603/698/470
f 596/692/464 595/690/462 610/697/469 611/699/471
f 589/693/465 588/691/463 603/698/470 604/700/472
f 597/677/451 596/692/464 611/699/471 612/701/473
f 590/679/453 589/693/465 604/700/472 605/702/474
f 598/678/452 597/677/451 612/701/473 613/703/475
f 591/680/454 590/679/453 605/702/474 606/704/476
f 599/681/455 598/678/452 613/703/475 614/705/477
f 592/682/456 591/680/454 606/704/476 607/706/478
f 585/684/457 343/707/149 600/708/479
f 569/709/150 599/681/455 614/705/477
f 593/686/458 592/682/456 607/706/478 608/710/480
f 586/687/459 585/684/457 600/708/479 601/694/466
f 594/688/460 593/686/458 608/710/480 609/696/468
f 606/704/476 605/702/474 620/711/481 621/712/482
f 614/705/477 613/703/475 628/713/483 629/714/484
f 607/706/478 606/704/476 621/712/482 622/715/485
f 600/708/479 343/716/149 615/717/486
f 569/718/150 614/705/477 629/714/484
f 608/710/480 607/706/478 622/715/485 623/719/487
f 601/694/466 600/708/479 615/717/486 616/720/488
f 609/696/468 608/710/480 623/719/487 624/721/489
f 602/695/467 601/694/466 616/720/488 617/722/490
f 610/697/469 609/696/468 624/721/489 625/723/491
f 603/698/470 602/695/467 617/722/490 618/724/492
f 611/699/471 610/697/469 625/723/491 626/725/493
f 604/700/472 603/698/470 618/724/492 619/726/494
f 612/701/473 611/699/471 626/725/493 627/727/495
f 605/702/474 604/700/472 619/726/494 620/711/481
f 613/703/475 612/701/473 627/727/495 628/713/483
f 625/728/491 624/729/489 639/730/496 640/731/497
f 618/732/492 617/733/490 632/734/498 633/735/499
f 626/736/493 625/728/491 640/731/497 641/737/500
f 619/738/494 618/732/492 633/735/499 634/739/501
f 627/740/495 626/736/493 641/737/500 642/741/502
f 620/742/481 619/738/494 634/739/501 635/743/503
f 628/744/483 627/740/495 642/741/502 643/745/504
f 621/746/482 620/742/481 635/743/503 636/747/505
f 629/748/484 628/744/483 643/745/504 644/749/506
f 622/750/485 621/746/482 636/747/505 637/751/507
f 615/752/486 343/753/149 630/754/508
f 569/755/150 629/748/484 644/749/506
f 623/756/487 622/750/485 637/751/507 638/757/509
f 616/758/488 615/752/486 630/754/508 631/759/510
f 624/729/489 623/756/487 638/757/509 639/730/496
f 617/733/490 616/758/488 631/759/510 632/734/498
f 644/749/506 643/745/504 658/760/511 659/761/512
f 637/751/507 636/747/505 651/762/513 652/763/514
f 630/754/508 343/764/149 645/765/515
f 569/766/150 644/749/506 659/761/512
f 638/757/509 637/751/507 652/763/514 653/767/516
f 631/759/510 630/754/508 645/765/515 646/768/517
f 639/730/496 638/757/509 653/767/516 654/769/518
f 632/734/498 631/759/510 646/768/517 647/770/519
f 640/731/497 639/730/496 654/769/518 655/771/520
f 633/735/499 632/734/498 647/770/519 648/772/521
f 641/737/500 640/731/497 655/771/520 656/773/522
f 634/739/501 633/735/499 648/772/521 649/774/523
f 642/741/502 641/737/500 656/773/522 657/775/524
f 635/743/503 634/739/501 649/774/523 650/776/525
f 643/745/504 642/741/502 657/775/524 658/760/511
f 636/747/505 635/743/503 650/776/525 651/762/513
f 648/772/521 647/770/519 662/777/526 663/778/527
f 656/773/522 655/771/520 670/779/528 671/780/529
f 649/774/523 648/772/521 663/778/527 664/781/530
f 657/775/524 656/773/522 671/780/529 672/782/531
f 650/776/525 649/774/523 664/781/530 665/783/532
f 658/760/511 657/775/524 672/782/531 673/784/533
f 651/762/513 650/776/525 665/783/532 666/785/534
f 659/761/512 658/760/511 673/784/533 674/786/535
f 652/763/514 651/762/513 666/785/534 667/787/536
f 645/765/515 343/788/149 660/789/537
f 569/790/150 659/761/512 674/786/535
f 653/767/516 652/763/514 667/787/536 668/791/538
f 646/768/517 645/765/515 660/789/537 661/792/539
f 654/769/518 653/767/516 668/791/538 669/793/540
f 647/770/519 646/768/517 661/792/539 662/777/526
f 655/771/520 654/769/518 669/793/540 670/779/528
f 667/787/536 666/785/534 681/794/541 682/795/542
f 660/789/537 343/796/149 675/797/543
f 569/798/150 674/786/535 689/799/544
f 668/791/538 667/787/536 682/795/542 683/800/545
f 661/792/539 660/789/537 675/797/543 676/801/546
f 669/793/540 668/791/538 683/800/545 684/802/547
f 662/777/526 661/792/539 676/801/546 677/803/548
f 670/779/528 669/793/540 684/802/547 685/804/549
f 663/778/527 662/777/526 677/803/548 678/805/550
f 671/780/529 670/779/528 685/804/549 686/806/551
f 664/781/530 663/778/527 678/805/550 679/807/552
f 672/782/531 671/780/529 686/806/551 687/808/553
f 665/783/532 664/781/530 679/807/552 680/809/554
f 673/784/533 672/782/531 687/808/553 688/810/555
f 666/785/534 665/783/532 680/809/554 681/794/541
f 674/786/535 673/784/533 688/810/555 689/799/544
f 686/806/551 685/804/549 700/811/556 701/812/557
f 679/807/552 678/805/550 693/813/558 694/814/559
f 687/808/553 686/806/551 701/812/557 702/815/560
f 680/809/554 679/807/552 694/814/559 695/816/561
f 688/810/555 687/808/553 702/815/560 703/817/562
f 681/794/541 680/809/554 695/816/561 696/818/563
f 689/799/544 688/810/555 703/817/562 704/819/564
f 682/795/542 681/794/541 696/818/563 697/820/565
f 675/797/543 343/821/149 690/822/566
f 569/823/150 689/799/544 704/819/564
f 683/800/545 682/795/542 697/820/565 698/824/567
f 676/801/546 675/797/543 690/822/566 691/825/568
f 684/802/547 683/800/545 698/824/567 699/826/569
f 677/803/548 676/801/546 691/825/568 692/827/570
f 685/804/549 684/802/547 699/826/569 700/811/556
f 678/805/550 677/803/548 692/827/570 693/813/558
f 569/828/150 704/819/564 719/829/571
f 698/824/567 697/820/565 712/830/572 713/831/573
f 691/825/568 690/822/566 705/832/574 706/833/575
f 699/826/569 698/824/567 713/831/573 714/834/576
f 692/827/570 691/825/568 706/833/575 707/835/577
f 700/811/556 699/826/569 714/834/576 715/836/578
f 693/813/558 692/827/570 707/835/577 708/837/579
f 701/812/557 700/811/556 715/836/578 716/838/580
f 694/814/559 693/813/558 708/837/579 709/839/581
f 702/815/560 701/812/557 716/838/580 717/840/582
f 695/816/561 694/814/559 709/839/581 710/841/583
f 703/817/562 702/815/560 717/840/582 718/842/584
f 696/818/563 695/816/561 710/841/583 711/843/585
f 704/819/564 703/817/562 718/842/584 719/829/571
f 697/820/565 696/818/563 711/843/585 712/830/572
f 690/822/566 343/844/149 705/832/574
f 717/840/582 716/838/580 731/845/586 732/846/587
f 710/841/583 709/839/581 724/847/588 725/848/589
f 718/842/584 717/840/582 732/846/587 733/849/590
f 711/843/585 710/841/583 725/848/589 726/850/591
f 719/829/571 718/842/584 733/849/590 734/851/592
f 712/830/572 711/843/585 726/850/591 727/852/593
f 705/832/574 343/853/149 720/854/594
f 569/855/150 719/829/571 734/851/592
f 713/831/573 712/830/572 727/852/593 728/856/595
f 706/833/575 705/832/574 720/854/594 721/857/596
f 714/834/576 713/831/573 728/856/595 729/858/597
f 707/835/577 706/833/575 721/857/596 722/859/598
f 715/836/578 714/834/576 729/858/597 730/860/599
f 708/837/579 707/835/577 722/859/598 723/861/600
f 716/838/580 715/836/578 730/860/599 731/845/586
f 709/839/581 708/837/579 723/861/600 724/847/588
f 721/857/596 720/854/594 735/310/124 736/309/123
f 729/858/597 728/856/595 266/305/119 739/313/127
f 722/859/598 721/857/596 736/309/123 262/315/129
f 730/860/599 729/858/597 739/313/127 267/317/131
f 723/861/600 722/859/598 262/315/129 737/319/133
f 731/845/586 730/860/599 267/317/131 740/321/135
f 724/847/588 723/861/600 737/319/133 263/323/137
f 732/846/587 731/845/586 740/321/135 741/325/139
f 725/848/589 724/847/588 263/323/137 738/327/141
f 733/849/590 732/846/587 741/325/139 742/329/143
f 726/850/591 725/848/589 738/327/141 264/331/145
f 734/851/592 733/849/590 742/329/143 743/333/147
f 727/852/593 726/850/591 264/331/145 265/306/120
f 720/854/594 343/862/149 735/310/124
f 569/863/150 734/851/592 743/333/147
f 728/856/595 727/852/593 265/306/120 266/305/119
o Plane.002
v -0.346242 3.523605 1.527154
v -0.344518 4.118721 1.548098
v -0.094776 3.523605 1.506450
v -0.093052 4.118721 1.527394
vn -0.0820 0.0353 -0.9960
vt 0.000000 0.000000
vt 1.000000 0.000000
vt 1.000000 1.000000
vt 0.000000 1.000000
s 0
usemtl Material.050
f 744/864/601 745/865/601 747/866/601 746/867/601
o Plane.004
v 0.107129 3.523608 1.587642
v 0.108854 4.118723 1.608586
v 0.358595 3.523608 1.566938
v 0.360319 4.118723 1.587882
vn -0.0820 0.0353 -0.9960
vt 0.000000 0.000000
vt 1.000000 0.000000
vt 1.000000 1.000000
vt 0.000000 1.000000
s 0
usemtl Material.049
f 748/868/602 749/869/602 751/870/602 750/871/602
o Plane.005
v 0.110035 4.353203 1.735182
v 0.111760 4.932865 1.871539
v 0.361501 4.357232 1.714874
v 0.363226 4.936894 1.851230
vn -0.0820 0.2284 -0.9701
vt 0.000000 0.000000
vt 1.000000 0.000000
vt 1.000000 1.000000
vt 0.000000 1.000000
s 0
usemtl Material.047
f 752/872/603 753/873/603 755/874/603 754/875/603
o Plane.006
v -0.314087 4.347478 1.692736
v -0.312363 4.927140 1.829092
v -0.062621 4.351507 1.672427
v -0.060897 4.931169 1.808784
vn -0.0820 0.2284 -0.9701
vt 0.000000 0.000000
vt 1.000000 0.000000
vt 1.000000 1.000000
vt 0.000000 1.000000
s 0
usemtl Material.048
f 756/876/604 757/877/604 759/878/604 758/879/604
o Plane.007
v 0.116057 5.150284 2.084280
v 0.115562 5.657116 2.396890
v 0.367522 5.161342 2.066751
v 0.367026 5.668174 2.379360
vn -0.0821 0.5231 -0.8483
vt 0.000000 0.000000
vt 1.000000 0.000000
vt 1.000000 1.000000
vt 0.000000 1.000000
s 0
usemtl Material.045
f 760/880/605 761/881/605 763/882/605 762/883/605
o Plane.008
v -0.308173 5.143182 2.056988
v -0.308669 5.650014 2.369597
v -0.056709 5.154240 2.039458
v -0.057204 5.661072 2.352068
vn -0.0821 0.5231 -0.8483
vt 0.000000 0.000000
vt 1.000000 0.000000
vt 1.000000 1.000000
vt 0.000000 1.000000
s 0
usemtl Material.046
f 764/884/606 765/885/606 767/886/606 766/887/606
o Plane.009
v 3.775041 3.696341 5.062529
v 3.667245 4.281954 5.068997
v 3.851843 3.707827 5.302598
v 3.744047 4.293439 5.309066
vn 0.9352 0.1755 -0.3076
vt 0.000000 0.000000
vt 1.000000 0.000000
vt 1.000000 1.000000
vt 0.000000 1.000000
s 0
usemtl Material.040
f 768/888/607 769/889/607 771/890/607 770/891/607
o Plane.010
v 3.819330 3.702967 5.517720
v 3.711535 4.288580 5.524188
v 3.896132 3.714453 5.757790
v 3.788337 4.300066 5.764257
vn 0.9352 0.1755 -0.3076
vt 0.000000 0.000000
vt 1.000000 0.000000
vt 1.000000 1.000000
vt 0.000000 1.000000
s 0
usemtl Material.039
f 772/892/608 773/893/608 775/894/608 774/895/608
o Plane.011
v 3.557317 4.508927 5.568292
v 3.324174 5.056837 5.574759
v 3.629754 4.536916 5.808361
v 3.396610 5.084826 5.814829
vn 0.8742 0.3756 -0.3076
vt 0.000000 0.000000
vt 1.000000 0.000000
vt 1.000000 1.000000
vt 0.000000 1.000000
s 0
usemtl Material.041
f 776/896/609 777/897/609 779/898/609 778/899/609
o Plane.012
v 3.500820 4.518810 5.144169
v 3.267676 5.066720 5.150637
v 3.573256 4.546799 5.384238
v 3.340113 5.094709 5.390706
vn 0.8742 0.3756 -0.3076
vt 0.000000 0.000000
vt 1.000000 0.000000
vt 1.000000 1.000000
vt 0.000000 1.000000
s 0
usemtl Material.042
f 780/900/610 781/901/610 783/902/610 782/903/610
o Plane.013
v 3.108955 5.276912 5.617419
v 2.750044 5.752038 5.623887
v 3.172456 5.321612 5.857488
v 2.813545 5.796739 5.863956
vn 0.7572 0.5762 -0.3076
vt 0.000000 0.000000
vt 1.000000 0.000000
vt 1.000000 1.000000
vt 0.000000 1.000000
s 0
usemtl Material.043
f 784/904/611 785/905/611 787/906/611 786/907/611
o Plane.014
v 3.051745 5.272816 5.193295
v 2.692834 5.747942 5.199763
v 3.115246 5.317516 5.433365
v 2.756335 5.792643 5.439833
vn 0.7572 0.5762 -0.3076
vt 0.000000 0.000000
vt 1.000000 0.000000
vt 1.000000 1.000000
vt 0.000000 1.000000
s 0
usemtl Material.044
f 788/908/612 789/909/612 791/910/612 790/911/612
o Plane.015
v -3.832244 3.758084 5.505831
v -3.774305 4.350744 5.506573
v -3.823361 3.757530 5.253672
v -3.765422 4.350191 5.254413
vn -0.9946 0.0973 -0.0353
vt 0.000000 0.000000
vt 1.000000 0.000000
vt 1.000000 1.000000
vt 0.000000 1.000000
s 0
usemtl Material.032
f 792/912/613 793/913/613 795/914/613 794/915/613
o Plane.016
v -3.777591 3.751053 5.062669
v -3.719652 4.343713 5.063411
v -3.768708 3.750500 4.810510
v -3.710768 4.343161 4.811251
vn -0.9946 0.0973 -0.0353
vt 0.000000 0.000000
vt 1.000000 0.000000
vt 1.000000 1.000000
vt 0.000000 1.000000
s 0
usemtl Material.031
f 796/916/614 797/917/614 799/918/614 798/919/614
o Plane.017
v -3.687263 4.542284 5.084246
v -3.394814 5.061010 5.084987
v -3.679360 4.538189 4.832086
v -3.386911 5.056915 4.832828
vn -0.8705 0.4908 -0.0353
vt 0.000000 0.000000
vt 1.000000 0.000000
vt 1.000000 1.000000
vt 0.000000 1.000000
s 0
usemtl Material.029
f 800/920/615 801/921/615 803/922/615 802/923/615
o Plane.018
v -3.709436 4.569816 5.499690
v -3.416987 5.088542 5.500431
v -3.701533 4.565721 5.247530
v -3.409084 5.084447 5.248271
vn -0.8705 0.4908 -0.0353
vt 0.000000 0.000000
vt 1.000000 0.000000
vt 1.000000 1.000000
vt 0.000000 1.000000
s 0
usemtl Material.028
f 804/924/616 805/925/616 807/926/616 806/927/616
o Plane.019
v -3.253549 5.265118 5.102170
v -2.934230 5.767749 5.102912
v -3.245872 5.260613 4.850011
v -2.926554 5.763245 4.850752
vn -0.8435 0.5359 -0.0353
vt 0.000000 0.000000
vt 1.000000 0.000000
vt 1.000000 1.000000
vt 0.000000 1.000000
s 0
usemtl Material.030
f 808/928/617 809/929/617 811/930/617 810/931/617
o Plane.020
v -3.265788 5.302116 5.517615
v -2.946470 5.804748 5.518356
v -3.258112 5.297612 5.265455
v -2.938793 5.800243 5.266197
vn -0.8435 0.5359 -0.0353
vt 0.000000 0.000000
vt 1.000000 0.000000
vt 1.000000 1.000000
vt 0.000000 1.000000
s 0
usemtl Material
f 812/932/618 813/933/618 815/934/618 814/935/618
o Plane.021
v 0.627165 3.487611 9.183571
v 0.642031 4.073712 9.079322
v 0.375157 3.491920 9.171861
v 0.390023 4.078021 9.067612
vn -0.0427 0.1760 0.9835
vt 0.000000 0.000000
vt 1.000000 0.000000
vt 1.000000 1.000000
vt 0.000000 1.000000
s 0
usemtl Material.037
f 816/936/619 817/937/619 819/938/619 818/939/619
o Plane.022
v 0.191361 3.505630 9.184740
v 0.192875 4.090629 9.073483
v -0.060746 3.504340 9.174523
v -0.059231 4.089338 9.063267
vn -0.0407 0.1868 0.9816
vt 0.000000 0.000000
vt 1.000000 0.000000
vt 1.000000 1.000000
vt 0.000000 1.000000
s 0
usemtl Material.038
f 820/940/620 821/941/620 823/942/620 822/943/620
o Plane.023
v 0.215000 4.261899 8.981602
v 0.216514 4.841390 8.844520
v -0.037107 4.260157 8.971452
v -0.035593 4.839648 8.834370
vn -0.0407 0.2301 0.9723
vt 0.000000 0.000000
vt 1.000000 0.000000
vt 1.000000 1.000000
vt 0.000000 1.000000
s 0
usemtl Material.035
f 824/944/621 825/945/621 827/946/621 826/947/621
o Plane.024
v 0.629925 4.263091 8.954844
v 0.631439 4.842582 8.817761
v 0.377818 4.261349 8.944694
v 0.379332 4.840840 8.807611
vn -0.0407 0.2301 0.9723
vt 0.000000 0.000000
vt 1.000000 0.000000
vt 1.000000 1.000000
vt 0.000000 1.000000
s 0
usemtl Material.036
f 828/948/622 829/949/622 831/950/622 830/951/622
o Plane.025
v 0.234842 4.998424 8.727932
v 0.236356 5.516461 8.434269
v -0.017265 4.993913 8.718674
v -0.015750 5.511950 8.425011
vn -0.0407 0.4928 0.8692
vt 0.000000 0.000000
vt 1.000000 0.000000
vt 1.000000 1.000000
vt 0.000000 1.000000
s 0
usemtl Material.034
f 832/952/623 833/953/623 835/954/623 834/955/623
o Plane.026
v 0.649768 5.024717 8.712856
v 0.651282 5.542755 8.419193
v 0.397661 5.020206 8.703598
v 0.399175 5.538244 8.409935
vn -0.0407 0.4928 0.8692
vt 0.000000 0.000000
vt 1.000000 0.000000
vt 1.000000 1.000000
vt 0.000000 1.000000
s 0
usemtl Material.033
f 836/956/624 837/957/624 839/958/624 838/959/624
o Cube.003
v 3.973296 0.567052 10.507884
v 3.973296 2.376913 10.507884
v 3.973296 0.567052 9.644748
v 3.973296 2.376913 9.644748
v 4.114088 0.567052 10.507884
v 4.114088 2.376913 10.507884
v 4.114088 0.567052 9.644748
v 4.114088 2.376913 9.644748
vn -1.0000 -0.0000 -0.0000
vn -0.0000 -0.0000 -1.0000
vn 1.0000 -0.0000 -0.0000
vn -0.0000 -0.0000 1.0000
vn -0.0000 -1.0000 -0.0000
vn -0.0000 1.0000 -0.0000
vt 0.375000 0.000000
vt 0.625000 0.000000
vt 0.625000 0.250000
vt 0.375000 0.250000
vt 0.625000 0.500000
vt 0.375000 0.500000
vt 0.625000 0.750000
vt 0.375000 0.750000
vt 0.625000 1.000000
vt 0.375000 1.000000
vt 0.125000 0.500000
vt 0.125000 0.750000
vt 0.875000 0.500000
vt 0.875000 0.750000
s 0
usemtl Material.061
f 840/960/625 841/961/625 843/962/625 842/963/625
f 842/963/626 843/962/626 847/964/626 846/965/626
f 846/965/627 847/964/627 845/966/627 844/967/627
f 844/967/628 845/966/628 841/968/628 840/969/628
f 842/970/629 846/965/629 844/967/629 840/971/629
f 847/964/630 843/972/630 841/973/630 845/966/630
o Cube.009
v 4.093640 -0.016861 9.574154
v 4.093640 0.650053 9.574154
v 4.093640 -0.016861 9.467422
v 4.093640 0.650053 9.467422
v 5.366991 -0.016861 9.574154
v 5.366991 0.650053 9.574154
v 5.366991 -0.016861 9.467422
v 5.366991 0.650053 9.467422
vn -1.0000 -0.0000 -0.0000
vn -0.0000 -0.0000 -1.0000
vn 1.0000 -0.0000 -0.0000
vn -0.0000 -0.0000 1.0000
vn -0.0000 -1.0000 -0.0000
vn -0.0000 1.0000 -0.0000
vt 0.375000 0.000000
vt 0.625000 0.000000
vt 0.625000 0.250000
vt 0.375000 0.250000
vt 0.625000 0.500000
vt 0.375000 0.500000
vt 0.625000 0.750000
vt 0.375000 0.750000
vt 0.625000 1.000000
vt 0.375000 1.000000
vt 0.125000 0.500000
vt 0.125000 0.750000
vt 0.875000 0.500000
vt 0.875000 0.750000
s 0
f 848/974/631 849/975/631 851/976/631 850/977/631
f 850/977/632 851/976/632 855/978/632 854/979/632
f 854/979/633 855/978/633 853/980/633 852/981/633
f 852/981/634 853/980/634 849/982/634 848/983/634
f 850/984/635 854/979/635 852/981/635 848/985/635
f 855/978/636 851/986/636 849/987/636 853/980/636
o Cube.002
v 3.728927 1.134178 4.867546
v 3.728927 1.865822 4.867546
v 3.728927 1.134178 4.467546
v 3.728927 1.865822 4.467546
v 4.128927 1.134178 4.867546
v 4.128927 1.865822 4.867546
v 4.128927 1.134178 4.467546
v 4.128927 1.865822 4.467546
vn -1.0000 -0.0000 -0.0000
vn -0.0000 -0.0000 -1.0000
vn 1.0000 -0.0000 -0.0000
vn -0.0000 -0.0000 1.0000
vn -0.0000 -1.0000 -0.0000
vn -0.0000 1.0000 -0.0000
vt 0.375000 0.000000
vt 0.625000 0.000000
vt 0.625000 0.250000
vt 0.375000 0.250000
vt 0.625000 0.500000
vt 0.375000 0.500000
vt 0.625000 0.750000
vt 0.375000 0.750000
vt 0.625000 1.000000
vt 0.375000 1.000000
vt 0.125000 0.500000
vt 0.125000 0.750000
vt 0.875000 0.500000
vt 0.875000 0.750000
s 0
usemtl Material.024
f 856/988/637 857/989/637 859/990/637 858/991/637
f 858/991/638 859/990/638 863/992/638 862/993/638
f 862/993/639 863/992/639 861/994/639 860/995/639
f 860/995/640 861/994/640 857/996/640 856/997/640
f 858/998/641 862/993/641 860/995/641 856/999/641
f 863/992/642 859/1000/642 857/1001/642 861/994/642
o Cube.010
v 3.740030 1.134178 4.151040
v 3.740030 1.865822 4.151040
v 3.740030 1.134178 3.751040
v 3.740030 1.865822 3.751040
v 4.140030 1.134178 4.151040
v 4.140030 1.865822 4.151040
v 4.140030 1.134178 3.751040
v 4.140030 1.865822 3.751040
vn -1.0000 -0.0000 -0.0000
vn -0.0000 -0.0000 -1.0000
vn 1.0000 -0.0000 -0.0000
vn -0.0000 -0.0000 1.0000
vn -0.0000 -1.0000 -0.0000
vn -0.0000 1.0000 -0.0000
vt 0.375000 0.000000
vt 0.625000 0.000000
vt 0.625000 0.250000
vt 0.375000 0.250000
vt 0.625000 0.500000
vt 0.375000 0.500000
vt 0.625000 0.750000
vt 0.375000 0.750000
vt 0.625000 1.000000
vt 0.375000 1.000000
vt 0.125000 0.500000
vt 0.125000 0.750000
vt 0.875000 0.500000
vt 0.875000 0.750000
s 0
usemtl Material.024
f 864/1002/643 865/1003/643 867/1004/643 866/1005/643
f 866/1005/644 867/1004/644 871/1006/644 870/1007/644
f 870/1007/645 871/1006/645 869/1008/645 868/1009/645
f 868/1009/646 869/1008/646 865/1010/646 864/1011/646
f 866/1012/647 870/1007/647 868/1009/647 864/1013/647
f 871/1006/648 867/1014/648 865/1015/648 869/1008/648
o Cube.011
v 4.008784 1.304708 6.914277
v 4.008784 1.889238 6.914277
v 4.008784 1.304708 6.514277
v 4.008784 1.889238 6.514277
v 4.128339 1.304708 6.914277
v 4.128339 1.889238 6.914277
v 4.128339 1.304708 6.514277
v 4.128339 1.889238 6.514277
vn -1.0000 -0.0000 -0.0000
vn -0.0000 -0.0000 -1.0000
vn 1.0000 -0.0000 -0.0000
vn -0.0000 -0.0000 1.0000
vn -0.0000 -1.0000 -0.0000
vn -0.0000 1.0000 -0.0000
vt 0.375000 0.000000
vt 0.625000 0.000000
vt 0.625000 0.250000
vt 0.375000 0.250000
vt 0.625000 0.500000
vt 0.375000 0.500000
vt 0.625000 0.750000
vt 0.375000 0.750000
vt 0.625000 1.000000
vt 0.375000 1.000000
vt 0.125000 0.500000
vt 0.125000 0.750000
vt 0.875000 0.500000
vt 0.875000 0.750000
s 0
usemtl Material.024
f 872/1016/649 873/1017/649 875/1018/649 874/1019/649
f 874/1019/650 875/1018/650 879/1020/650 878/1021/650
f 878/1021/651 879/1020/651 877/1022/651 876/1023/651
f 876/1023/652 877/1022/652 873/1024/652 872/1025/652
f 874/1026/653 878/1021/653 876/1023/653 872/1027/653
f 879/1020/654 875/1028/654 873/1029/654 877/1022/654
o Cube.012
v 3.992763 1.312491 7.539871
v 3.992763 1.897022 7.539871
v 3.992763 1.312491 7.139872
v 3.992763 1.897022 7.139872
v 4.120850 1.312491 7.539871
v 4.120850 1.897022 7.539871
v 4.120850 1.312491 7.139872
v 4.120850 1.897022 7.139872
vn -1.0000 -0.0000 -0.0000
vn -0.0000 -0.0000 -1.0000
vn 1.0000 -0.0000 -0.0000
vn -0.0000 -0.0000 1.0000
vn -0.0000 -1.0000 -0.0000
vn -0.0000 1.0000 -0.0000
vt 0.375000 0.000000
vt 0.625000 0.000000
vt 0.625000 0.250000
vt 0.375000 0.250000
vt 0.625000 0.500000
vt 0.375000 0.500000
vt 0.625000 0.750000
vt 0.375000 0.750000
vt 0.625000 1.000000
vt 0.375000 1.000000
vt 0.125000 0.500000
vt 0.125000 0.750000
vt 0.875000 0.500000
vt 0.875000 0.750000
s 0
usemtl Material.024
f 880/1030/655 881/1031/655 883/1032/655 882/1033/655
f 882/1033/656 883/1032/656 887/1034/656 886/1035/656
f 886/1035/657 887/1034/657 885/1036/657 884/1037/657
f 884/1037/658 885/1036/658 881/1038/658 880/1039/658
f 882/1040/659 886/1035/659 884/1037/659 880/1041/659
f 887/1034/660 883/1042/660 881/1043/660 885/1036/660
o Cube.013
v 15.337899 1.055855 15.966616
v 15.339278 1.496666 15.955479
v 14.967739 1.053184 15.815042
v 14.969117 1.493994 15.803906
v 15.383185 1.052921 15.856072
v 15.384563 1.493731 15.844936
v 15.013024 1.050250 15.704500
v 15.014403 1.491060 15.693363
vn -0.3790 0.0246 0.9251
vn -0.9254 -0.0067 -0.3789
vn 0.3790 -0.0246 -0.9251
vn 0.9254 0.0067 0.3789
vn -0.0031 -0.9997 0.0253
vn 0.0031 0.9997 -0.0253
vt 0.375000 0.000000
vt 0.625000 0.000000
vt 0.625000 0.250000
vt 0.375000 0.250000
vt 0.625000 0.500000
vt 0.375000 0.500000
vt 0.625000 0.750000
vt 0.375000 0.750000
vt 0.625000 1.000000
vt 0.375000 1.000000
vt 0.125000 0.500000
vt 0.125000 0.750000
vt 0.875000 0.500000
vt 0.875000 0.750000
s 0
usemtl Material.024
f 888/1044/661 889/1045/661 891/1046/661 890/1047/661
f 890/1047/662 891/1046/662 895/1048/662 894/1049/662
f 894/1049/663 895/1048/663 893/1050/663 892/1051/663
f 892/1051/664 893/1050/664 889/1052/664 888/1053/664
f 890/1054/665 894/1049/665 892/1051/665 888/1055/665
f 895/1048/666 891/1056/666 889/1057/666 893/1050/666
o Cube.014
v -4.113368 1.825825 2.906887
v -4.113368 2.410355 2.906887
v -4.113368 1.825825 2.506887
v -4.113368 2.410355 2.506887
v -3.993813 1.825825 2.906887
v -3.993813 2.410355 2.906887
v -3.993813 1.825825 2.506887
v -3.993813 2.410355 2.506887
vn -1.0000 -0.0000 -0.0000
vn -0.0000 -0.0000 -1.0000
vn 1.0000 -0.0000 -0.0000
vn -0.0000 -0.0000 1.0000
vn -0.0000 -1.0000 -0.0000
vn -0.0000 1.0000 -0.0000
vt 0.375000 0.000000
vt 0.625000 0.000000
vt 0.625000 0.250000
vt 0.375000 0.250000
vt 0.625000 0.500000
vt 0.375000 0.500000
vt 0.625000 0.750000
vt 0.375000 0.750000
vt 0.625000 1.000000
vt 0.375000 1.000000
vt 0.125000 0.500000
vt 0.125000 0.750000
vt 0.875000 0.500000
vt 0.875000 0.750000
s 0
usemtl Material.024
f 896/1058/667 897/1059/667 899/1060/667 898/1061/667
f 898/1061/668 899/1060/668 903/1062/668 902/1063/668
f 902/1063/669 903/1062/669 901/1064/669 900/1065/669
f 900/1065/670 901/1064/670 897/1066/670 896/1067/670
f 898/1068/671 902/1063/671 900/1065/671 896/1069/671
f 903/1062/672 899/1070/672 897/1071/672 901/1064/672
o Cube.015
v -4.117634 1.833608 3.532481
v -4.117634 2.418138 3.532481
v -4.117634 1.833608 3.132481
v -4.117634 2.418138 3.132481
v -3.989547 1.833608 3.532481
v -3.989547 2.418138 3.532481
v -3.989547 1.833608 3.132481
v -3.989547 2.418138 3.132481
vn -1.0000 -0.0000 -0.0000
vn -0.0000 -0.0000 -1.0000
vn 1.0000 -0.0000 -0.0000
vn -0.0000 -0.0000 1.0000
vn -0.0000 -1.0000 -0.0000
vn -0.0000 1.0000 -0.0000
vt 0.375000 0.000000
vt 0.625000 0.000000
vt 0.625000 0.250000
vt 0.375000 0.250000
vt 0.625000 0.500000
vt 0.375000 0.500000
vt 0.625000 0.750000
vt 0.375000 0.750000
vt 0.625000 1.000000
vt 0.375000 1.000000
vt 0.125000 0.500000
vt 0.125000 0.750000
vt 0.875000 0.500000
vt 0.875000 0.750000
s 0
usemtl Material.024
f 904/1072/673 905/1073/673 907/1074/673 906/1075/673
f 906/1075/674 907/1074/674 911/1076/674 910/1077/674
f 910/1077/675 911/1076/675 909/1078/675 908/1079/675
f 908/1079/676 909/1078/676 905/1080/676 904/1081/676
f 906/1082/677 910/1077/677 908/1079/677 904/1083/677
f 911/1076/678 907/1084/678 905/1085/678 909/1078/678
o Plane.032
v -4.752517 0.000000 4.462770
v -4.089740 0.000000 4.462770
v -4.752517 0.000000 2.666030
v -4.089740 0.000000 2.666030
vn -0.0000 1.0000 -0.0000
vt 0.000000 0.000000
vt 1.000000 0.000000
vt 1.000000 1.000000
vt 0.000000 1.000000
s 0
usemtl Material.054
f 912/1086/679 913/1087/679 915/1088/679 914/1089/679
o Cube
v 10.535966 -0.118053 57.260284
v 10.535966 0.169117 57.260284
v 10.152056 -0.118053 56.562790
v 10.152056 0.169117 56.562790
v 13.105278 -0.118053 55.846100
v 13.105278 0.169117 55.846100
v 12.721368 -0.118053 55.148605
v 12.721368 0.169117 55.148605
v 10.835608 -0.126931 58.149464
v 10.835608 0.268672 58.149464
v 10.405537 -0.126931 57.368107
v 10.405537 0.268672 57.368107
v 13.713842 -0.126931 56.565243
v 13.713842 0.268672 56.565243
v 13.283772 -0.126931 55.783886
v 13.283772 0.268672 55.783886
v 11.223885 -0.110392 59.027821
v 11.223885 0.405069 59.027821
v 10.774014 -0.110392 58.210487
v 10.774014 0.405069 58.210487
v 14.234638 -0.110392 57.370659
v 14.234638 0.405069 57.370659
v 13.784767 -0.110392 56.553326
v 13.784767 0.405069 56.553326
v 12.412422 0.071188 61.928566
v 12.412422 0.493837 61.928566
v 10.889885 0.071188 59.230888
v 10.889885 0.493837 59.230888
v 16.230415 0.071188 59.773739
v 16.230415 0.493837 59.773739
v 14.707877 0.071188 57.076057
v 14.707877 0.493837 57.076057
vn -0.8761 -0.0000 0.4822
vn -0.4822 -0.0000 -0.8761
vn 0.8761 -0.0000 -0.4822
vn 0.4822 -0.0000 0.8761
vn -0.0000 -1.0000 -0.0000
vn -0.0000 1.0000 -0.0000
vn -0.8709 -0.0000 0.4915
vn -0.4915 -0.0000 -0.8709
vn 0.8709 -0.0000 -0.4915
vn 0.4915 -0.0000 0.8709
vt 0.375000 0.000000
vt 0.625000 0.000000
vt 0.625000 0.250000
vt 0.375000 0.250000
vt 0.625000 0.500000
vt 0.375000 0.500000
vt 0.625000 0.750000
vt 0.375000 0.750000
vt 0.625000 1.000000
vt 0.375000 1.000000
vt 0.125000 0.500000
vt 0.125000 0.750000
vt 0.875000 0.500000
vt 0.875000 0.750000
s 0
usemtl Material.067
f 916/1090/680 917/1091/680 919/1092/680 918/1093/680
f 918/1093/681 919/1092/681 923/1094/681 922/1095/681
f 922/1095/682 923/1094/682 921/1096/682 920/1097/682
f 920/1097/683 921/1096/683 917/1098/683 916/1099/683
f 918/1100/684 922/1095/684 920/1097/684 916/1101/684
f 923/1094/685 919/1102/685 917/1103/685 921/1096/685
f 924/1090/680 925/1091/680 927/1092/680 926/1093/680
f 926/1093/681 927/1092/681 931/1094/681 930/1095/681
f 930/1095/682 931/1094/682 929/1096/682 928/1097/682
f 928/1097/683 929/1096/683 925/1098/683 924/1099/683
f 926/1100/684 930/1095/684 928/1097/684 924/1101/684
f 931/1094/685 927/1102/685 925/1103/685 929/1096/685
f 932/1090/680 933/1091/680 935/1092/680 934/1093/680
f 934/1093/681 935/1092/681 939/1094/681 938/1095/681
f 938/1095/682 939/1094/682 937/1096/682 936/1097/682
f 936/1097/683 937/1096/683 933/1098/683 932/1099/683
f 934/1100/684 938/1095/684 936/1097/684 932/1101/684
f 939/1094/685 935/1102/685 933/1103/685 937/1096/685
f 940/1090/686 941/1091/686 943/1092/686 942/1093/686
f 942/1093/687 943/1092/687 947/1094/687 946/1095/687
f 946/1095/688 947/1094/688 945/1096/688 944/1097/688
f 944/1097/689 945/1096/689 941/1098/689 940/1099/689
f 942/1100/684 946/1095/684 944/1097/684 940/1101/684
f 947/1094/685 943/1102/685 941/1103/685 945/1096/685
o Cylinder
v -46.806488 -0.102793 40.628304
v -46.806488 0.102793 40.628304
v -46.416306 -0.102793 40.666733
v -46.416306 0.102793 40.666733
v -46.041122 -0.102793 40.780544
v -46.041122 0.102793 40.780544
v -45.695347 -0.102793 40.965363
v -45.695347 0.102793 40.965363
v -45.392273 -0.102793 41.214088
v -45.392273 0.102793 41.214088
v -45.143547 -0.102793 41.517162
v -45.143547 0.102793 41.517162
v -44.958729 -0.102793 41.862938
v -44.958729 0.102793 41.862938
v -44.844917 -0.102793 42.238121
v -44.844917 0.102793 42.238121
v -44.806488 -0.102793 42.628304
v -44.806488 0.102793 42.628304
v -44.844917 -0.102793 43.018486
v -44.844917 0.102793 43.018486
v -44.958729 -0.102793 43.393669
v -44.958729 0.102793 43.393669
v -45.143547 -0.102793 43.739445
v -45.143547 0.102793 43.739445
v -45.392273 -0.102793 44.042519
v -45.392273 0.102793 44.042519
v -45.695347 -0.102793 44.291245
v -45.695347 0.102793 44.291245
v -46.041122 -0.102793 44.476063
v -46.041122 0.102793 44.476063
v -46.416306 -0.102793 44.589874
v -46.416306 0.102793 44.589874
v -46.806488 -0.102793 44.628304
v -46.806488 0.102793 44.628304
v -47.196671 -0.102793 44.589874
v -47.196671 0.102793 44.589874
v -47.571854 -0.102793 44.476063
v -47.571854 0.102793 44.476063
v -47.917629 -0.102793 44.291245
v -47.917629 0.102793 44.291245
v -48.220703 -0.102793 44.042519
v -48.220703 0.102793 44.042519
v -48.469429 -0.102793 43.739445
v -48.469429 0.102793 43.739445
v -48.654247 -0.102793 43.393669
v -48.654247 0.102793 43.393669
v -48.768059 -0.102793 43.018486
v -48.768059 0.102793 43.018486
v -48.806488 -0.102793 42.628304
v -48.806488 0.102793 42.628304
v -48.768059 -0.102793 42.238121
v -48.768059 0.102793 42.238121
v -48.654247 -0.102793 41.862938
v -48.654247 0.102793 41.862938
v -48.469429 -0.102793 41.517162
v -48.469429 0.102793 41.517162
v -48.220703 -0.102793 41.214088
v -48.220703 0.102793 41.214088
v -47.917629 -0.102793 40.965363
v -47.917629 0.102793 40.965363
v -47.571854 -0.102793 40.780544
v -47.571854 0.102793 40.780544
v -47.196671 -0.102793 40.666733
v -47.196671 0.102793 40.666733
vn 0.0980 -0.0000 -0.9952
vn 0.2903 -0.0000 -0.9569
vn 0.4714 -0.0000 -0.8819
vn 0.6344 -0.0000 -0.7730
vn 0.7730 -0.0000 -0.6344
vn 0.8819 -0.0000 -0.4714
vn 0.9569 -0.0000 -0.2903
vn 0.9952 -0.0000 -0.0980
vn 0.9952 -0.0000 0.0980
vn 0.9569 -0.0000 0.2903
vn 0.8819 -0.0000 0.4714
vn 0.7730 -0.0000 0.6344
vn 0.6344 -0.0000 0.7730
vn 0.4714 -0.0000 0.8819
vn 0.2903 -0.0000 0.9569
vn 0.0980 -0.0000 0.9952
vn -0.0980 -0.0000 0.9952
vn -0.2903 -0.0000 0.9569
vn -0.4714 -0.0000 0.8819
vn -0.6344 -0.0000 0.7730
vn -0.7730 -0.0000 0.6344
vn -0.8819 -0.0000 0.4714
vn -0.9569 -0.0000 0.2903
vn -0.9952 -0.0000 0.0980
vn -0.9952 -0.0000 -0.0980
vn -0.9569 -0.0000 -0.2903
vn -0.8819 -0.0000 -0.4714
vn -0.7730 -0.0000 -0.6344
vn -0.6344 -0.0000 -0.7730
vn -0.4714 -0.0000 -0.8819
vn -0.0000 1.0000 -0.0000
vn -0.2903 -0.0000 -0.9569
vn -0.0980 -0.0000 -0.9952
vn -0.0000 -1.0000 -0.0000
vt 1.000000 0.500000
vt 1.000000 1.000000
vt 0.968750 1.000000
vt 0.968750 0.500000
vt 0.937500 1.000000
vt 0.937500 0.500000
vt 0.906250 1.000000
vt 0.906250 0.500000
vt 0.875000 1.000000
vt 0.875000 0.500000
vt 0.843750 1.000000
vt 0.843750 0.500000
vt 0.812500 1.000000
vt 0.812500 0.500000
vt 0.781250 1.000000
vt 0.781250 0.500000
vt 0.750000 1.000000
vt 0.750000 0.500000
vt 0.718750 1.000000
vt 0.718750 0.500000
vt 0.687500 1.000000
vt 0.687500 0.500000
vt 0.656250 1.000000
vt 0.656250 0.500000
vt 0.625000 1.000000
vt 0.625000 0.500000
vt 0.593750 1.000000
vt 0.593750 0.500000
vt 0.562500 1.000000
vt 0.562500 0.500000
vt 0.531250 1.000000
vt 0.531250 0.500000
vt 0.500000 1.000000
vt 0.500000 0.500000
vt 0.468750 1.000000
vt 0.468750 0.500000
vt 0.437500 1.000000
vt 0.437500 0.500000
vt 0.406250 1.000000
vt 0.406250 0.500000
vt 0.375000 1.000000
vt 0.375000 0.500000
vt 0.343750 1.000000
vt 0.343750 0.500000
vt 0.312500 1.000000
vt 0.312500 0.500000
vt 0.281250 1.000000
vt 0.281250 0.500000
vt 0.250000 1.000000
vt 0.250000 0.500000
vt 0.218750 1.000000
vt 0.218750 0.500000
vt 0.187500 1.000000
vt 0.187500 0.500000
vt 0.156250 1.000000
vt 0.156250 0.500000
vt 0.125000 1.000000
vt 0.125000 0.500000
vt 0.093750 1.000000
vt 0.093750 0.500000
vt 0.062500 1.000000
vt 0.062500 0.500000
vt 0.296822 0.485388
vt 0.250000 0.490000
vt 0.203178 0.485388
vt 0.158156 0.471731
vt 0.116663 0.449553
vt 0.080294 0.419706
vt 0.050447 0.383337
vt 0.028269 0.341844
vt 0.014612 0.296822
vt 0.010000 0.250000
vt 0.014612 0.203178
vt 0.028269 0.158156
vt 0.050447 0.116663
vt 0.080294 0.080294
vt 0.116663 0.050447
vt 0.158156 0.028269
vt 0.203178 0.014612
vt 0.250000 0.010000
vt 0.296822 0.014612
vt 0.341844 0.028269
vt 0.383337 0.050447
vt 0.419706 0.080294
vt 0.449553 0.116663
vt 0.471731 0.158156
vt 0.485388 0.203178
vt 0.490000 0.250000
vt 0.485388 0.296822
vt 0.471731 0.341844
vt 0.449553 0.383337
vt 0.419706 0.419706
vt 0.383337 0.449553
vt 0.341844 0.471731
vt 0.031250 1.000000
vt 0.031250 0.500000
vt 0.000000 1.000000
vt 0.000000 0.500000
vt 0.750000 0.490000
vt 0.796822 0.485388
vt 0.841844 0.471731
vt 0.883337 0.449553
vt 0.919706 0.419706
vt 0.949553 0.383337
vt 0.971731 0.341844
vt 0.985388 0.296822
vt 0.990000 0.250000
vt 0.985388 0.203178
vt 0.971731 0.158156
vt 0.949553 0.116663
vt 0.919706 0.080294
vt 0.883337 0.050447
vt 0.841844 0.028269
vt 0.796822 0.014612
vt 0.750000 0.010000
vt 0.703178 0.014612
vt 0.658156 0.028269
vt 0.616663 0.050447
vt 0.580294 0.080294
vt 0.550447 0.116663
vt 0.528269 0.158156
vt 0.514612 0.203178
vt 0.510000 0.250000
vt 0.514612 0.296822
vt 0.528269 0.341844
vt 0.550447 0.383337
vt 0.580294 0.419706
vt 0.616663 0.449553
vt 0.658156 0.471731
vt 0.703178 0.485388
s 0
usemtl Material.068
f 948/1104/690 949/1105/690 951/1106/690 950/1107/690
f 950/1107/691 951/1106/691 953/1108/691 952/1109/691
f 952/1109/692 953/1108/692 955/1110/692 954/1111/692
f 954/1111/693 955/1110/693 957/1112/693 956/1113/693
f 956/1113/694 957/1112/694 959/1114/694 958/1115/694
f 958/1115/695 959/1114/695 961/1116/695 960/1117/695
f 960/1117/696 961/1116/696 963/1118/696 962/1119/696
f 962/1119/697 963/1118/697 965/1120/697 964/1121/697
f 964/1121/698 965/1120/698 967/1122/698 966/1123/698
f 966/1123/699 967/1122/699 969/1124/699 968/1125/699
f 968/1125/700 969/1124/700 971/1126/700 970/1127/700
f 970/1127/701 971/1126/701 973/1128/701 972/1129/701
f 972/1129/702 973/1128/702 975/1130/702 974/1131/702
f 974/1131/703 975/1130/703 977/1132/703 976/1133/703
f 976/1133/704 977/1132/704 979/1134/704 978/1135/704
f 978/1135/705 979/1134/705 981/1136/705 980/1137/705
f 980/1137/706 981/1136/706 983/1138/706 982/1139/706
f 982/1139/707 983/1138/707 985/1140/707 984/1141/707
f 984/1141/708 985/1140/708 987/1142/708 986/1143/708
f 986/1143/709 987/1142/709 989/1144/709 988/1145/709
f 988/1145/710 989/1144/710 991/1146/710 990/1147/710
f 990/1147/711 991/1146/711 993/1148/711 992/1149/711
f 992/1149/712 993/1148/712 995/1150/712 994/1151/712
f 994/1151/713 995/1150/713 997/1152/713 996/1153/713
f 996/1153/714 997/1152/714 999/1154/714 998/1155/714
f 998/1155/715 999/1154/715 1001/1156/715 1000/1157/715
f 1000/1157/716 1001/1156/716 1003/1158/716 1002/1159/716
f 1002/1159/717 1003/1158/717 1005/1160/717 1004/1161/717
f 1004/1161/718 1005/1160/718 1007/1162/718 1006/1163/718
f 1006/1163/719 1007/1162/719 1009/1164/719 1008/1165/719
f 951/1166/720 949/1167/720 1011/1168/720 1009/1169/720 1007/1170/720 1005/1171/720 1003/1172/720 1001/1173/720 999/1174/720 997/1175/720 995/1176/720 993/1177/720 991/1178/720 989/1179/720 987/1180/720 985/1181/720 983/1182/720 981/1183/720 979/1184/720 977/1185/720 975/1186/720 973/1187/720 971/1188/720 969/1189/720 967/1190/720 965/1191/720 963/1192/720 961/1193/720 959/1194/720 957/1195/720 955/1196/720 953/1197/720
f 1008/1165/721 1009/1164/721 1011/1198/721 1010/1199/721
f 1010/1199/722 1011/1198/722 949/1200/722 948/1201/722
f 948/1202/723 950/1203/723 952/1204/723 954/1205/723 956/1206/723 958/1207/723 960/1208/723 962/1209/723 964/1210/723 966/1211/723 968/1212/723 970/1213/723 972/1214/723 974/1215/723 976/1216/723 978/1217/723 980/1218/723 982/1219/723 984/1220/723 986/1221/723 988/1222/723 990/1223/723 992/1224/723 994/1225/723 996/1226/723 998/1227/723 1000/1228/723 1002/1229/723 1004/1230/723 1006/1231/723 1008/1232/723 1010/1233/723
o Cube.019
v -4.017393 -0.010061 10.669404
v -4.017393 2.711388 10.669404
v -4.017393 -0.010061 9.531671
v -4.017393 2.711388 9.531671
v 4.050541 -0.010061 10.669404
v 4.050541 2.711388 10.669404
v 4.050541 -0.010061 9.531671
v 4.050541 2.711388 9.531671
vn -1.0000 -0.0000 -0.0000
vn -0.0000 -0.0000 -1.0000
vn 1.0000 -0.0000 -0.0000
vn -0.0000 -0.0000 1.0000
vn -0.0000 -1.0000 -0.0000
vn -0.0000 1.0000 -0.0000
vt 0.375000 0.000000
vt 0.625000 0.000000
vt 0.625000 0.250000
vt 0.375000 0.250000
vt 0.625000 0.500000
vt 0.375000 0.500000
vt 0.625000 0.750000
vt 0.375000 0.750000
vt 0.625000 1.000000
vt 0.375000 1.000000
vt 0.125000 0.500000
vt 0.125000 0.750000
vt 0.875000 0.500000
vt 0.875000 0.750000
s 0
usemtl Material.060
f 1012/1234/724 1013/1235/724 1015/1236/724 1014/1237/724
f 1014/1237/725 1015/1236/725 1019/1238/725 1018/1239/725
f 1018/1239/726 1019/1238/726 1017/1240/726 1016/1241/726
f 1016/1241/727 1017/1240/727 1013/1242/727 1012/1243/727
f 1014/1244/728 1018/1239/728 1016/1241/728 1012/1245/728
f 1019/1238/729 1015/1246/729 1013/1247/729 1017/1240/729
o Cube.022
v 4.902430 -0.007794 11.508479
v 4.902430 0.153835 11.508479
v 4.902430 -0.007794 9.528769
v 4.902430 0.153835 9.528769
v 5.075305 -0.007794 11.508479
v 5.075305 0.153835 11.508479
v 5.075305 -0.007794 9.528769
v 5.075305 0.153835 9.528769
v 4.067897 -0.014390 11.435333
v 4.067897 0.514390 11.435333
v 4.067897 -0.014390 9.547322
v 4.067897 0.514390 9.547322
v 4.718475 -0.014390 11.435333
v 4.718475 0.514390 11.435333
v 4.718475 -0.014390 9.547322
v 4.718475 0.514390 9.547322
v 4.709007 0.032031 11.207275
v 4.709007 0.312032 11.207275
v 4.709007 0.032031 9.537892
v 4.709007 0.312032 9.537892
v 4.881881 0.032031 11.207275
v 4.881881 0.312032 11.207275
v 4.881881 0.032031 9.537892
v 4.881881 0.312032 9.537892
vn -1.0000 -0.0000 -0.0000
vn -0.0000 -0.0000 -1.0000
vn 1.0000 -0.0000 -0.0000
vn -0.0000 -0.0000 1.0000
vn -0.0000 -1.0000 -0.0000
vn -0.0000 1.0000 -0.0000
vt 0.375000 0.000000
vt 0.625000 0.000000
vt 0.625000 0.250000
vt 0.375000 0.250000
vt 0.625000 0.500000
vt 0.375000 0.500000
vt 0.625000 0.750000
vt 0.375000 0.750000
vt 0.625000 1.000000
vt 0.375000 1.000000
vt 0.125000 0.500000
vt 0.125000 0.750000
vt 0.875000 0.500000
vt 0.875000 0.750000
s 0
usemtl Material.062
f 1020/1248/730 1021/1249/730 1023/1250/730 1022/1251/730
f 1022/1251/731 1023/1250/731 1027/1252/731 1026/1253/731
f 1026/1253/732 1027/1252/732 1025/1254/732 1024/1255/732
f 1024/1255/733 1025/1254/733 1021/1256/733 1020/1257/733
f 1022/1258/734 1026/1253/734 1024/1255/734 1020/1259/734
f 1027/1252/735 1023/1260/735 1021/1261/735 1025/1254/735
f 1028/1248/730 1029/1249/730 1031/1250/730 1030/1251/730
f 1030/1251/731 1031/1250/731 1035/1252/731 1034/1253/731
f 1034/1253/732 1035/1252/732 1033/1254/732 1032/1255/732
f 1032/1255/733 1033/1254/733 1029/1256/733 1028/1257/733
f 1030/1258/734 1034/1253/734 1032/1255/734 1028/1259/734
f 1035/1252/735 1031/1260/735 1029/1261/735 1033/1254/735
f 1036/1248/730 1037/1249/730 1039/1250/730 1038/1251/730
f 1038/1251/731 1039/1250/731 1043/1252/731 1042/1253/731
f 1042/1253/732 1043/1252/732 1041/1254/732 1040/1255/732
f 1040/1255/733 1041/1254/733 1037/1256/733 1036/1257/733
f 1038/1258/734 1042/1253/734 1040/1255/734 1036/1259/734
f 1043/1252/735 1039/1260/735 1037/1261/735 1041/1254/735
o Cube.023
v -4.116315 0.655211 9.669309
v -4.116315 2.388705 9.669309
v -4.057033 0.655211 10.530406
v -4.057033 2.388705 10.530406
v -4.256774 0.655211 9.678979
v -4.256774 2.388705 9.678979
v -4.197493 0.655211 10.540076
v -4.197493 2.388705 10.540076
vn 0.9976 -0.0000 -0.0687
vn 0.0687 -0.0000 0.9976
vn -0.9976 -0.0000 0.0687
vn -0.0687 -0.0000 -0.9976
vn -0.0000 -1.0000 -0.0000
vn -0.0000 1.0000 -0.0000
vt 0.375000 0.000000
vt 0.625000 0.000000
vt 0.625000 0.250000
vt 0.375000 0.250000
vt 0.625000 0.500000
vt 0.375000 0.500000
vt 0.625000 0.750000
vt 0.375000 0.750000
vt 0.625000 1.000000
vt 0.375000 1.000000
vt 0.125000 0.500000
vt 0.125000 0.750000
vt 0.875000 0.500000
vt 0.875000 0.750000
s 0
usemtl Material.059
f 1044/1262/736 1045/1263/736 1047/1264/736 1046/1265/736
f 1046/1265/737 1047/1264/737 1051/1266/737 1050/1267/737
f 1050/1267/738 1051/1266/738 1049/1268/738 1048/1269/738
f 1048/1269/739 1049/1268/739 1045/1270/739 1044/1271/739
f 1046/1272/740 1050/1267/740 1048/1269/740 1044/1273/740
f 1051/1266/741 1047/1274/741 1045/1275/741 1049/1268/741
o Cube.024
v -4.016661 -0.007364 9.392373
v -4.016661 0.659550 9.392373
v -4.009326 -0.007364 9.498907
v -4.009326 0.659550 9.498907
v -5.418638 -0.007364 9.488892
v -5.418638 0.659550 9.488892
v -5.411304 -0.007364 9.595426
v -5.411304 0.659550 9.595426
vn 0.9976 -0.0000 -0.0687
vn 0.0687 -0.0000 0.9976
vn -0.9976 -0.0000 0.0687
vn -0.0687 -0.0000 -0.9976
vn -0.0000 -1.0000 -0.0000
vn -0.0000 1.0000 -0.0000
vt 0.375000 0.000000
vt 0.625000 0.000000
vt 0.625000 0.250000
vt 0.375000 0.250000
vt 0.625000 0.500000
vt 0.375000 0.500000
vt 0.625000 0.750000
vt 0.375000 0.750000
vt 0.625000 1.000000
vt 0.375000 1.000000
vt 0.125000 0.500000
vt 0.125000 0.750000
vt 0.875000 0.500000
vt 0.875000 0.750000
s 0
usemtl Material.057
f 1052/1276/742 1053/1277/742 1055/1278/742 1054/1279/742
f 1054/1279/743 1055/1278/743 1059/1280/743 1058/1281/743
f 1058/1281/744 1059/1280/744 1057/1282/744 1056/1283/744
f 1056/1283/745 1057/1282/745 1053/1284/745 1052/1285/745
f 1054/1286/746 1058/1281/746 1056/1283/746 1052/1287/746
f 1059/1280/747 1055/1288/747 1053/1289/747 1057/1282/747
o Cube.027
v -5.189008 -0.001864 9.557472
v -5.189008 0.159764 9.557472
v -5.008628 -0.001864 12.177578
v -5.008628 0.159764 12.177578
v -5.362229 -0.001864 9.569397
v -5.362229 0.159764 9.569397
v -5.181849 -0.001864 12.189503
v -5.181849 0.159764 12.189503
v -4.300679 -0.001687 9.460071
v -4.300679 0.527093 9.460071
v -4.143656 -0.001687 11.740909
v -4.143656 0.527093 11.740909
v -4.951929 -0.001687 9.504906
v -4.951929 0.527093 9.504906
v -4.794906 -0.001687 11.785744
v -4.794906 0.527093 11.785744
v -4.979023 0.038741 9.515326
v -4.979023 0.324985 9.515326
v -4.817261 0.038741 11.865000
v -4.817261 0.324985 11.865000
v -5.156127 0.038741 9.527519
v -5.156127 0.324985 9.527519
v -4.994365 0.038741 11.877192
v -4.994365 0.324985 11.877192
vn 0.9976 -0.0000 -0.0687
vn 0.0687 -0.0000 0.9976
vn -0.9976 -0.0000 0.0687
vn -0.0687 -0.0000 -0.9976
vn -0.0000 -1.0000 -0.0000
vn -0.0000 1.0000 -0.0000
vt 0.375000 0.000000
vt 0.625000 0.000000
vt 0.625000 0.250000
vt 0.375000 0.250000
vt 0.625000 0.500000
vt 0.375000 0.500000
vt 0.625000 0.750000
vt 0.375000 0.750000
vt 0.625000 1.000000
vt 0.375000 1.000000
vt 0.125000 0.500000
vt 0.125000 0.750000
vt 0.875000 0.500000
vt 0.875000 0.750000
s 0
usemtl Material.058
f 1060/1290/748 1061/1291/748 1063/1292/748 1062/1293/748
f 1062/1293/749 1063/1292/749 1067/1294/749 1066/1295/749
f 1066/1295/750 1067/1294/750 1065/1296/750 1064/1297/750
f 1064/1297/751 1065/1296/751 1061/1298/751 1060/1299/751
f 1062/1300/752 1066/1295/752 1064/1297/752 1060/1301/752
f 1067/1294/753 1063/1302/753 1061/1303/753 1065/1296/753
f 1068/1290/748 1069/1291/748 1071/1292/748 1070/1293/748
f 1070/1293/749 1071/1292/749 1075/1294/749 1074/1295/749
f 1074/1295/750 1075/1294/750 1073/1296/750 1072/1297/750
f 1072/1297/751 1073/1296/751 1069/1298/751 1068/1299/751
f 1070/1300/752 1074/1295/752 1072/1297/752 1068/1301/752
f 1075/1294/753 1071/1302/753 1069/1303/753 1073/1296/753
f 1076/1290/748 1077/1291/748 1079/1292/748 1078/1293/748
f 1078/1293/749 1079/1292/749 1083/1294/749 1082/1295/749
f 1082/1295/750 1083/1294/750 1081/1296/750 1080/1297/750
f 1080/1297/751 1081/1296/751 1077/1298/751 1076/1299/751
f 1078/1300/752 1082/1295/752 1080/1297/752 1076/1301/752
f 1083/1294/753 1079/1302/753 1077/1303/753 1081/1296/753
o Cube.028
v -7.665138 0.642074 12.855407
v -7.665138 1.042074 12.855407
v -7.719456 0.642074 12.662924
v -7.719456 1.042074 12.662924
v -7.280173 0.642074 12.746771
v -7.280173 1.042074 12.746771
v -7.334491 0.642074 12.554288
v -7.334491 1.042074 12.554288
vn -0.9624 -0.0000 0.2716
vn -0.2716 -0.0000 -0.9624
vn 0.9624 -0.0000 -0.2716
vn 0.2716 -0.0000 0.9624
vn -0.0000 -1.0000 -0.0000
vn -0.0000 1.0000 -0.0000
vt 0.375000 0.000000
vt 0.625000 0.000000
vt 0.625000 0.250000
vt 0.375000 0.250000
vt 0.625000 0.500000
vt 0.375000 0.500000
vt 0.625000 0.750000
vt 0.375000 0.750000
vt 0.625000 1.000000
vt 0.375000 1.000000
vt 0.125000 0.500000
vt 0.125000 0.750000
vt 0.875000 0.500000
vt 0.875000 0.750000
s 0
f 1084/1304/754 1085/1305/754 1087/1306/754 1086/1307/754
f 1086/1307/755 1087/1306/755 1091/1308/755 1090/1309/755
f 1090/1309/756 1091/1308/756 1089/1310/756 1088/1311/756
f 1088/1311/757 1089/1310/757 1085/1312/757 1084/1313/757
f 1086/1314/758 1090/1309/758 1088/1311/758 1084/1315/758
f 1091/1308/759 1087/1316/759 1085/1317/759 1089/1310/759
o Cube.033
v -7.899027 4.052438 12.659567
v -4.389520 2.886469 11.135139
v -8.433744 2.139291 12.891832
v -4.924238 0.973323 11.367405
v -7.102210 4.052438 14.493982
v -3.592703 2.886469 12.969555
v -7.636927 2.139291 14.726249
v -4.127420 0.973323 13.201820
v -17.610620 2.549766 16.785114
v -9.552612 5.940474 13.330900
v -15.952938 -2.113618 16.074518
v -7.894930 1.277091 12.620304
v -16.822632 2.549765 18.623341
v -8.764624 5.940474 15.169126
v -15.164948 -2.113617 17.912743
v -7.106941 1.277091 14.458529
v 7.056349 4.052437 14.445389
v 3.525948 2.886468 12.969997
v 7.594252 2.139290 14.670182
v 4.063849 0.973322 13.194792
v 7.827535 4.052437 12.600050
v 4.297132 2.886469 11.124660
v 8.365437 2.139291 12.824844
v 4.835034 0.973322 11.349454
v 16.758768 2.549765 18.592464
v 8.685927 5.940474 15.173063
v 15.098036 -2.113618 17.889030
v 7.025193 1.277090 14.469629
v 17.538816 2.549765 16.750854
v 9.465975 5.940474 13.331453
v 15.878084 -2.113618 16.047421
v 7.805242 1.277090 12.628019
v -0.066089 4.052437 17.826527
v -0.471292 2.886469 14.021749
v -0.004351 2.139291 18.406233
v -0.409554 0.973322 14.601456
v 1.922666 4.052437 17.614727
v 1.517462 2.886469 13.809950
v 1.984403 2.139291 18.194431
v 1.579200 0.973322 14.389656
v 0.966563 2.549765 28.327423
v 0.080045 5.940474 19.605202
v 0.784189 -2.113618 26.533100
v -0.102329 1.277090 17.810875
v 2.956312 2.549765 28.125187
v 2.069794 5.940474 19.402964
v 2.773938 -2.113618 26.330864
v 1.887420 1.277090 17.608641
v -3.143047 4.052437 17.225658
v -2.000662 2.886469 13.573882
v -3.317104 2.139291 17.782053
v -2.174718 0.973322 14.130277
v -1.234266 4.052437 17.822783
v -0.091881 2.886469 14.171005
v -1.408323 2.139291 18.379177
v -0.265938 0.973322 14.727400
v -6.374547 2.549765 27.270189
v -3.716812 5.940473 18.915579
v -5.827801 -2.113617 25.551491
v -3.170066 1.277090 17.196878
v -4.468658 2.549765 27.876484
v -1.810925 5.940474 19.521872
v -3.921913 -2.113618 26.157784
v -1.264179 1.277091 17.803171
v 3.140424 4.052437 17.321808
v 1.376096 2.886469 13.926566
v 3.409241 2.139291 17.839115
v 1.644914 0.973322 14.443873
v 4.915113 4.052437 16.399595
v 3.150785 2.886469 13.004354
v 5.183931 2.139291 16.916903
v 3.419603 0.973322 13.521662
v 7.930050 2.549765 26.723648
v 3.924904 5.940474 18.924812
v 7.106116 -2.113618 25.119286
v 3.100971 1.277090 17.320446
v 9.709152 2.549765 25.809978
v 5.704008 5.940474 18.011143
v 8.885219 -2.113618 24.205612
v 4.880074 1.277090 16.406775
v 6.009458 4.052437 15.756089
v 2.964235 2.886469 13.439381
v 6.473436 2.139291 16.109070
v 3.428213 0.973322 13.792360
v 7.220400 4.052437 14.164354
v 4.175177 2.886469 11.847646
v 7.684377 2.139291 14.517335
v 4.639155 0.973323 12.200626
v 14.355234 2.549765 22.212341
v 7.403337 5.940473 16.870602
v 12.925100 -2.113618 21.113447
v 5.973202 1.277090 15.771705
v 15.573814 2.549765 20.626446
v 8.621917 5.940474 15.284706
v 14.143679 -2.113618 19.527552
v 7.191782 1.277090 14.185810
v -4.614060 4.052437 16.523163
v -2.762918 2.886469 13.174464
v -4.896105 2.139291 17.033381
v -3.044963 0.973322 13.684681
v -2.863698 4.052437 17.490753
v -1.012555 2.886469 14.142055
v -3.145743 2.139291 18.000971
v -1.294600 0.973322 14.652271
v -9.793248 2.549765 25.716162
v -5.514899 5.940474 18.063789
v -8.913111 -2.113618 24.141926
v -4.634763 1.277090 16.489552
v -8.047558 2.549765 26.692158
v -3.769209 5.940474 19.039783
v -7.167420 -2.113618 25.117920
v -2.889073 1.277090 17.465546
v -6.028035 4.052437 15.470816
v -3.533856 2.886469 12.569163
v -6.408055 2.139291 15.912920
v -3.913876 0.973322 13.011267
v -4.511343 4.052437 16.774521
v -2.017165 2.886469 13.872869
v -4.891363 2.139291 17.216625
v -2.397184 0.973322 14.314972
v -12.970476 2.549765 23.416744
v -7.223683 5.940474 16.795755
v -11.788254 -2.113618 22.054682
v -6.041461 1.277090 15.433694
v -11.460068 2.549765 24.727722
v -5.713277 5.940474 18.106735
v -10.277846 -2.113617 23.365662
v -4.531054 1.277090 16.744675
v -1.581160 4.052437 17.605907
v -1.141648 2.886469 13.804941
v -1.648126 2.139291 18.185032
v -1.208613 0.973322 14.384067
v 0.405602 4.052437 17.835640
v 0.845114 2.886469 14.034674
v 0.338636 2.139291 18.414766
v 0.778149 0.973322 14.613799
v -2.877773 2.549765 28.077488
v -1.828864 5.940473 19.373301
v -2.661993 -2.113618 26.286873
v -1.613084 1.277090 17.582687
v -0.892138 2.549765 28.316769
v 0.156771 5.940474 19.612581
v -0.676358 -2.113617 26.526154
v 0.372550 1.277090 17.821968
v 4.501471 4.052437 16.710201
v 2.043456 2.886468 13.777849
v 4.875980 2.139291 17.156981
v 2.417966 0.973322 14.224630
v 6.034208 4.052437 15.425398
v 3.576193 2.886469 12.493048
v 6.408717 2.139291 15.872179
v 3.950704 0.973322 12.939828
v 11.214283 2.549765 24.851044
v 5.614616 5.940473 18.105169
v 10.062326 -2.113618 23.463291
v 4.462660 1.277090 16.717419
v 12.753180 2.549765 23.573626
v 7.153513 5.940474 16.827751
v 11.601223 -2.113618 22.185875
v 6.001556 1.277090 15.440000
v -7.164777 4.052439 14.201914
v -4.198351 2.886470 11.785131
v -7.616749 2.139292 14.570141
v -4.650324 0.973324 12.153358
v -5.901526 4.052439 15.752461
v -2.935101 2.886470 13.335678
v -6.353498 2.139292 16.120689
v -3.387073 0.973324 13.703905
v -15.398664 2.549767 20.800270
v -8.575171 5.940475 15.295450
v -13.994945 -2.113617 19.667826
v -7.171451 1.277092 14.163006
v -14.142881 2.549766 22.356873
v -7.319389 5.940475 16.852053
v -12.739162 -2.113616 21.224430
v -5.915669 1.277092 15.719608
v 1.411843 4.052437 17.832615
v 0.282727 2.886469 14.176714
v 1.583878 2.139291 18.389639
v 0.454762 0.973322 14.733737
v 3.322780 4.052437 17.242428
v 2.193664 2.886469 13.586526
v 3.494815 2.139291 17.799450
v 2.365699 0.973323 14.143549
v 4.444036 2.549766 27.939098
v 1.897202 5.940474 19.550016
v 3.920106 -2.113618 26.213308
v 1.373269 1.277090 17.824224
v 6.357788 2.549766 27.358105
v 3.810953 5.940474 18.969021
v 5.833857 -2.113618 25.632313
v 3.287021 1.277090 17.243229
vn -0.3984 -0.0000 -0.9172
vn -0.2674 -0.9566 0.1161
vn 0.3984 -0.0000 0.9172
vn 0.2674 0.9566 -0.1161
vn -0.8774 0.2915 0.3811
vn 0.8774 -0.2915 -0.3811
vn -0.3940 -0.0000 -0.9191
vn 0.3315 -0.9327 -0.1421
vn 0.3940 -0.0000 0.9191
vn -0.3315 0.9327 0.1421
vn -0.8572 -0.3607 0.3675
vn 0.8572 0.3607 -0.3675
vn -0.3856 -0.0000 0.9227
vn 0.2690 -0.9566 0.1124
vn 0.3856 -0.0000 -0.9227
vn -0.2690 0.9566 -0.1124
vn 0.8826 0.2915 0.3688
vn -0.8826 -0.2915 -0.3688
vn -0.3900 -0.0000 0.9208
vn -0.3321 -0.9327 -0.1407
vn 0.3900 -0.0000 -0.9208
vn 0.3321 0.9327 0.1407
vn 0.8588 -0.3607 0.3638
vn -0.8588 0.3607 -0.3638
vn -0.9944 -0.0000 0.1059
vn 0.0309 -0.9566 0.2899
vn 0.9944 -0.0000 -0.1059
vn -0.0309 0.9566 -0.2899
vn 0.1013 0.2915 0.9512
vn -0.1013 -0.2915 -0.9512
vn -0.9949 -0.0000 0.1011
vn -0.0365 -0.9327 -0.3589
vn 0.9949 -0.0000 -0.1011
vn 0.0365 0.9327 0.3589
vn 0.0943 -0.3607 0.9279
vn -0.0943 0.3607 -0.9279
vn -0.9544 -0.0000 -0.2986
vn -0.0870 -0.9566 0.2782
vn 0.9544 -0.0000 0.2986
vn 0.0870 0.9566 -0.2782
vn -0.2856 0.2915 0.9129
vn 0.2856 -0.2915 -0.9129
vn -0.9529 -0.0000 -0.3031
vn 0.1093 -0.9327 -0.3437
vn 0.9529 -0.0000 0.3031
vn -0.1093 0.9327 0.3437
vn -0.2827 -0.3607 0.8888
vn 0.2827 0.3607 -0.8888
vn -0.8873 -0.0000 0.4611
vn 0.1344 -0.9566 0.2587
vn 0.8873 -0.0000 -0.4611
vn -0.1344 0.9566 -0.2587
vn 0.4411 0.2915 0.8488
vn -0.4411 -0.2915 -0.8488
vn -0.8896 -0.0000 0.4568
vn -0.1648 -0.9327 -0.3209
vn 0.8896 -0.0000 -0.4568
vn 0.1648 0.9327 0.3209
vn 0.4261 -0.3607 0.8297
vn -0.4261 0.3607 -0.8297
vn -0.6055 -0.0000 0.7959
vn 0.2320 -0.9566 0.1765
vn 0.6055 -0.0000 -0.7959
vn -0.2320 0.9566 -0.1765
vn 0.7613 0.2915 0.5792
vn -0.7613 -0.2915 -0.5792
vn -0.6093 -0.0000 0.7929
vn -0.2860 -0.9327 -0.2198
vn 0.6093 -0.0000 -0.7929
vn 0.2860 0.9327 0.2198
vn 0.7396 -0.3607 0.5683
vn -0.7396 0.3607 -0.5683
vn -0.8752 -0.0000 -0.4838
vn -0.1410 -0.9566 0.2551
vn 0.8752 -0.0000 0.4838
vn 0.1410 0.9566 -0.2551
vn -0.4628 0.2915 0.8372
vn 0.4628 -0.2915 -0.8372
vn -0.8728 -0.0000 -0.4880
vn 0.1760 -0.9327 -0.3148
vn 0.8728 -0.0000 0.4880
vn -0.1760 0.9327 0.3148
vn -0.4551 -0.3607 0.8141
vn 0.4551 0.3607 -0.8141
vn -0.7583 -0.0000 -0.6519
vn -0.1900 -0.9566 0.2211
vn 0.7583 -0.0000 0.6519
vn 0.1900 0.9566 -0.2211
vn -0.6235 0.2915 0.7254
vn 0.6235 -0.2915 -0.7254
vn -0.7552 -0.0000 -0.6555
vn 0.2364 -0.9327 -0.2724
vn 0.7552 -0.0000 0.6555
vn -0.2364 0.9327 0.2724
vn -0.6114 -0.3607 0.7044
vn 0.6114 0.3607 -0.7044
vn -0.9934 -0.0000 -0.1149
vn -0.0335 -0.9566 0.2896
vn 0.9934 -0.0000 0.1149
vn 0.0335 0.9566 -0.2896
vn -0.1099 0.2915 0.9502
vn 0.1099 -0.2915 -0.9502
vn -0.9928 -0.0000 -0.1196
vn 0.0432 -0.9327 -0.3581
vn 0.9928 -0.0000 0.1196
vn -0.0432 0.9327 0.3581
vn -0.1116 -0.3607 0.9260
vn 0.1116 0.3607 -0.9260
vn -0.7664 -0.0000 0.6424
vn 0.1873 -0.9566 0.2234
vn 0.7664 -0.0000 -0.6424
vn -0.1873 0.9566 -0.2234
vn 0.6145 0.2915 0.7331
vn -0.6145 -0.2915 -0.7331
vn -0.7694 -0.0000 0.6387
vn -0.2304 -0.9327 -0.2776
vn 0.7694 -0.0000 -0.6387
vn 0.2304 0.9327 0.2776
vn 0.5957 -0.3607 0.7176
vn -0.5957 0.3607 -0.7176
vn -0.6316 -0.0000 -0.7753
vn -0.2260 -0.9566 0.1841
vn 0.6316 -0.0000 0.7753
vn 0.2260 0.9566 -0.1841
vn -0.7416 0.2915 0.6042
vn 0.7416 -0.2915 -0.6042
vn -0.6279 -0.0000 -0.7783
vn 0.2807 -0.9327 -0.2265
vn 0.6279 -0.0000 0.7783
vn -0.2807 0.9327 0.2265
vn -0.7259 -0.3607 0.5856
vn 0.7259 0.3607 -0.5856
vn -0.9555 -0.0000 0.2951
vn 0.0860 -0.9566 0.2785
vn 0.9555 -0.0000 -0.2951
vn -0.0860 0.9566 -0.2785
vn 0.2823 0.2915 0.9140
vn -0.2823 -0.2915 -0.9140
vn -0.9569 -0.0000 0.2905
vn -0.1048 -0.9327 -0.3452
vn 0.9569 -0.0000 -0.2905
vn 0.1048 0.9327 0.3452
vn 0.2709 -0.3607 0.8925
vn -0.2709 0.3607 -0.8925
vt 0.375000 0.000000
vt 0.625000 0.000000
vt 0.625000 0.250000
vt 0.375000 0.250000
vt 0.625000 0.500000
vt 0.375000 0.500000
vt 0.625000 0.750000
vt 0.375000 0.750000
vt 0.625000 1.000000
vt 0.375000 1.000000
vt 0.125000 0.500000
vt 0.125000 0.750000
vt 0.875000 0.500000
vt 0.875000 0.750000
s 0
usemtl Material.055
f 1092/1318/760 1093/1319/760 1095/1320/760 1094/1321/760
f 1094/1321/761 1095/1320/761 1099/1322/761 1098/1323/761
f 1098/1323/762 1099/1322/762 1097/1324/762 1096/1325/762
f 1096/1325/763 1097/1324/763 1093/1326/763 1092/1327/763
f 1094/1328/764 1098/1323/764 1096/1325/764 1092/1329/764
f 1099/1322/765 1095/1330/765 1093/1331/765 1097/1324/765
f 1100/1318/766 1101/1319/766 1103/1320/766 1102/1321/766
f 1102/1321/767 1103/1320/767 1107/1322/767 1106/1323/767
f 1106/1323/768 1107/1322/768 1105/1324/768 1104/1325/768
f 1104/1325/769 1105/1324/769 1101/1326/769 1100/1327/769
f 1102/1328/770 1106/1323/770 1104/1325/770 1100/1329/770
f 1107/1322/771 1103/1330/771 1101/1331/771 1105/1324/771
f 1108/1318/772 1109/1319/772 1111/1320/772 1110/1321/772
f 1110/1321/773 1111/1320/773 1115/1322/773 1114/1323/773
f 1114/1323/774 1115/1322/774 1113/1324/774 1112/1325/774
f 1112/1325/775 1113/1324/775 1109/1326/775 1108/1327/775
f 1110/1328/776 1114/1323/776 1112/1325/776 1108/1329/776
f 1115/1322/777 1111/1330/777 1109/1331/777 1113/1324/777
f 1116/1318/778 1117/1319/778 1119/1320/778 1118/1321/778
f 1118/1321/779 1119/1320/779 1123/1322/779 1122/1323/779
f 1122/1323/780 1123/1322/780 1121/1324/780 1120/1325/780
f 1120/1325/781 1121/1324/781 1117/1326/781 1116/1327/781
f 1118/1328/782 1122/1323/782 1120/1325/782 1116/1329/782
f 1123/1322/783 1119/1330/783 1117/1331/783 1121/1324/783
f 1124/1318/784 1125/1319/784 1127/1320/784 1126/1321/784
f 1126/1321/785 1127/1320/785 1131/1322/785 1130/1323/785
f 1130/1323/786 1131/1322/786 1129/1324/786 1128/1325/786
f 1128/1325/787 1129/1324/787 1125/1326/787 1124/1327/787
f 1126/1328/788 1130/1323/788 1128/1325/788 1124/1329/788
f 1131/1322/789 1127/1330/789 1125/1331/789 1129/1324/789
f 1132/1318/790 1133/1319/790 1135/1320/790 1134/1321/790
f 1134/1321/791 1135/1320/791 1139/1322/791 1138/1323/791
f 1138/1323/792 1139/1322/792 1137/1324/792 1136/1325/792
f 1136/1325/793 1137/1324/793 1133/1326/793 1132/1327/793
f 1134/1328/794 1138/1323/794 1136/1325/794 1132/1329/794
f 1139/1322/795 1135/1330/795 1133/1331/795 1137/1324/795
f 1140/1318/796 1141/1319/796 1143/1320/796 1142/1321/796
f 1142/1321/797 1143/1320/797 1147/1322/797 1146/1323/797
f 1146/1323/798 1147/1322/798 1145/1324/798 1144/1325/798
f 1144/1325/799 1145/1324/799 1141/1326/799 1140/1327/799
f 1142/1328/800 1146/1323/800 1144/1325/800 1140/1329/800
f 1147/1322/801 1143/1330/801 1141/1331/801 1145/1324/801
f 1148/1318/802 1149/1319/802 1151/1320/802 1150/1321/802
f 1150/1321/803 1151/1320/803 1155/1322/803 1154/1323/803
f 1154/1323/804 1155/1322/804 1153/1324/804 1152/1325/804
f 1152/1325/805 1153/1324/805 1149/1326/805 1148/1327/805
f 1150/1328/806 1154/1323/806 1152/1325/806 1148/1329/806
f 1155/1322/807 1151/1330/807 1149/1331/807 1153/1324/807
f 1156/1318/808 1157/1319/808 1159/1320/808 1158/1321/808
f 1158/1321/809 1159/1320/809 1163/1322/809 1162/1323/809
f 1162/1323/810 1163/1322/810 1161/1324/810 1160/1325/810
f 1160/1325/811 1161/1324/811 1157/1326/811 1156/1327/811
f 1158/1328/812 1162/1323/812 1160/1325/812 1156/1329/812
f 1163/1322/813 1159/1330/813 1157/1331/813 1161/1324/813
f 1164/1318/814 1165/1319/814 1167/1320/814 1166/1321/814
f 1166/1321/815 1167/1320/815 1171/1322/815 1170/1323/815
f 1170/1323/816 1171/1322/816 1169/1324/816 1168/1325/816
f 1168/1325/817 1169/1324/817 1165/1326/817 1164/1327/817
f 1166/1328/818 1170/1323/818 1168/1325/818 1164/1329/818
f 1171/1322/819 1167/1330/819 1165/1331/819 1169/1324/819
f 1172/1318/820 1173/1319/820 1175/1320/820 1174/1321/820
f 1174/1321/821 1175/1320/821 1179/1322/821 1178/1323/821
f 1178/1323/822 1179/1322/822 1177/1324/822 1176/1325/822
f 1176/1325/823 1177/1324/823 1173/1326/823 1172/1327/823
f 1174/1328/824 1178/1323/824 1176/1325/824 1172/1329/824
f 1179/1322/825 1175/1330/825 1173/1331/825 1177/1324/825
f 1180/1318/826 1181/1319/826 1183/1320/826 1182/1321/826
f 1182/1321/827 1183/1320/827 1187/1322/827 1186/1323/827
f 1186/1323/828 1187/1322/828 1185/1324/828 1184/1325/828
f 1184/1325/829 1185/1324/829 1181/1326/829 1180/1327/829
f 1182/1328/830 1186/1323/830 1184/1325/830 1180/1329/830
f 1187/1322/831 1183/1330/831 1181/1331/831 1185/1324/831
f 1188/1318/832 1189/1319/832 1191/1320/832 1190/1321/832
f 1190/1321/833 1191/1320/833 1195/1322/833 1194/1323/833
f 1194/1323/834 1195/1322/834 1193/1324/834 1192/1325/834
f 1192/1325/835 1193/1324/835 1189/1326/835 1188/1327/835
f 1190/1328/836 1194/1323/836 1192/1325/836 1188/1329/836
f 1195/1322/837 1191/1330/837 1189/1331/837 1193/1324/837
f 1196/1318/838 1197/1319/838 1199/1320/838 1198/1321/838
f 1198/1321/839 1199/1320/839 1203/1322/839 1202/1323/839
f 1202/1323/840 1203/1322/840 1201/1324/840 1200/1325/840
f 1200/1325/841 1201/1324/841 1197/1326/841 1196/1327/841
f 1198/1328/842 1202/1323/842 1200/1325/842 1196/1329/842
f 1203/1322/843 1199/1330/843 1197/1331/843 1201/1324/843
f 1204/1318/844 1205/1319/844 1207/1320/844 1206/1321/844
f 1206/1321/845 1207/1320/845 1211/1322/845 1210/1323/845
f 1210/1323/846 1211/1322/846 1209/1324/846 1208/1325/846
f 1208/1325/847 1209/1324/847 1205/1326/847 1204/1327/847
f 1206/1328/848 1210/1323/848 1208/1325/848 1204/1329/848
f 1211/1322/849 1207/1330/849 1205/1331/849 1209/1324/849
f 1212/1318/850 1213/1319/850 1215/1320/850 1214/1321/850
f 1214/1321/851 1215/1320/851 1219/1322/851 1218/1323/851
f 1218/1323/852 1219/1322/852 1217/1324/852 1216/1325/852
f 1216/1325/853 1217/1324/853 1213/1326/853 1212/1327/853
f 1214/1328/854 1218/1323/854 1216/1325/854 1212/1329/854
f 1219/1322/855 1215/1330/855 1213/1331/855 1217/1324/855
f 1220/1318/856 1221/1319/856 1223/1320/856 1222/1321/856
f 1222/1321/857 1223/1320/857 1227/1322/857 1226/1323/857
f 1226/1323/858 1227/1322/858 1225/1324/858 1224/1325/858
f 1224/1325/859 1225/1324/859 1221/1326/859 1220/1327/859
f 1222/1328/860 1226/1323/860 1224/1325/860 1220/1329/860
f 1227/1322/861 1223/1330/861 1221/1331/861 1225/1324/861
f 1228/1318/862 1229/1319/862 1231/1320/862 1230/1321/862
f 1230/1321/863 1231/1320/863 1235/1322/863 1234/1323/863
f 1234/1323/864 1235/1322/864 1233/1324/864 1232/1325/864
f 1232/1325/865 1233/1324/865 1229/1326/865 1228/1327/865
f 1230/1328/866 1234/1323/866 1232/1325/866 1228/1329/866
f 1235/1322/867 1231/1330/867 1229/1331/867 1233/1324/867
f 1236/1318/868 1237/1319/868 1239/1320/868 1238/1321/868
f 1238/1321/869 1239/1320/869 1243/1322/869 1242/1323/869
f 1242/1323/870 1243/1322/870 1241/1324/870 1240/1325/870
f 1240/1325/871 1241/1324/871 1237/1326/871 1236/1327/871
f 1238/1328/872 1242/1323/872 1240/1325/872 1236/1329/872
f 1243/1322/873 1239/1330/873 1237/1331/873 1241/1324/873
f 1244/1318/874 1245/1319/874 1247/1320/874 1246/1321/874
f 1246/1321/875 1247/1320/875 1251/1322/875 1250/1323/875
f 1250/1323/876 1251/1322/876 1249/1324/876 1248/1325/876
f 1248/1325/877 1249/1324/877 1245/1326/877 1244/1327/877
f 1246/1328/878 1250/1323/878 1248/1325/878 1244/1329/878
f 1251/1322/879 1247/1330/879 1245/1331/879 1249/1324/879
f 1252/1318/880 1253/1319/880 1255/1320/880 1254/1321/880
f 1254/1321/881 1255/1320/881 1259/1322/881 1258/1323/881
f 1258/1323/882 1259/1322/882 1257/1324/882 1256/1325/882
f 1256/1325/883 1257/1324/883 1253/1326/883 1252/1327/883
f 1254/1328/884 1258/1323/884 1256/1325/884 1252/1329/884
f 1259/1322/885 1255/1330/885 1253/1331/885 1257/1324/885
f 1260/1318/886 1261/1319/886 1263/1320/886 1262/1321/886
f 1262/1321/887 1263/1320/887 1267/1322/887 1266/1323/887
f 1266/1323/888 1267/1322/888 1265/1324/888 1264/1325/888
f 1264/1325/889 1265/1324/889 1261/1326/889 1260/1327/889
f 1262/1328/890 1266/1323/890 1264/1325/890 1260/1329/890
f 1267/1322/891 1263/1330/891 1261/1331/891 1265/1324/891
f 1268/1318/892 1269/1319/892 1271/1320/892 1270/1321/892
f 1270/1321/893 1271/1320/893 1275/1322/893 1274/1323/893
f 1274/1323/894 1275/1322/894 1273/1324/894 1272/1325/894
f 1272/1325/895 1273/1324/895 1269/1326/895 1268/1327/895
f 1270/1328/896 1274/1323/896 1272/1325/896 1268/1329/896
f 1275/1322/897 1271/1330/897 1269/1331/897 1273/1324/897
f 1276/1318/898 1277/1319/898 1279/1320/898 1278/1321/898
f 1278/1321/899 1279/1320/899 1283/1322/899 1282/1323/899
f 1282/1323/900 1283/1322/900 1281/1324/900 1280/1325/900
f 1280/1325/901 1281/1324/901 1277/1326/901 1276/1327/901
f 1278/1328/902 1282/1323/902 1280/1325/902 1276/1329/902
f 1283/1322/903 1279/1330/903 1277/1331/903 1281/1324/903
o Cube.047
v 20.007286 1.643898 17.965677
v 20.074703 1.829673 17.996384
v 18.349310 1.643898 21.605885
v 18.416727 1.829673 21.636591
v 15.780681 3.495907 16.040617
v 15.848097 3.681682 16.071323
v 14.122703 3.495907 19.680824
v 14.190120 3.681682 19.711531
v -17.776888 1.643899 21.157509
v -17.844881 1.829673 21.186922
v -19.365046 1.643897 17.486301
v -19.433039 1.829673 17.515713
v -13.514288 3.495907 19.313515
v -13.582281 3.681681 19.342926
v -15.102446 3.495908 15.642308
v -15.170439 3.681681 15.671721
v -10.319761 1.643898 28.289188
v -10.361866 1.829673 28.350136
v -13.610767 1.643899 26.015587
v -13.652874 1.829673 26.076534
v -7.679903 3.495908 24.468033
v -7.722010 3.681682 24.528980
v -10.970911 3.495907 22.194429
v -11.013016 3.681681 22.255379
v -7.444000 1.643898 29.508190
v -7.472511 1.829672 29.576563
v -11.135889 1.643899 27.968723
v -11.164398 1.829671 28.037098
v -5.656542 3.495907 25.221573
v -5.685053 3.681681 25.289948
v -9.348433 3.495908 23.682108
v -9.376942 3.681681 23.750483
v 5.467423 1.643898 31.185852
v 5.469987 1.829672 31.259886
v 1.469819 1.643898 31.324272
v 1.472383 1.829672 31.398310
v 5.306704 3.495907 26.544273
v 5.309267 3.681682 26.618309
v 1.309099 3.495907 26.682695
v 1.311664 3.681681 26.756731
v 8.470021 1.643898 30.076385
v 8.492871 1.829672 30.146854
v 4.665051 1.643898 31.310163
v 4.687901 1.829673 31.380630
v 7.037497 3.495907 25.658474
v 7.060346 3.681681 25.728943
v 3.232526 3.495907 26.892250
v 3.255375 3.681681 26.962719
v 11.634207 1.643898 28.548561
v 11.664804 1.829673 28.616030
v 7.991331 1.643898 30.200668
v 8.021929 1.829672 30.268135
v 9.715963 3.495907 24.318859
v 9.746561 3.681682 24.386324
v 6.073088 3.495907 25.970964
v 6.103685 3.681682 26.038431
v 14.100686 1.643898 26.181591
v 14.149382 1.829672 26.237419
v 11.086269 1.643898 28.810905
v 11.134965 1.829672 28.866734
v 11.047817 3.495907 22.681585
v 11.096512 3.681681 22.737411
v 8.033401 3.495907 25.310898
v 8.082096 3.681681 25.366726
v -13.263145 1.643898 26.295803
v -13.314032 1.829674 26.349638
v -16.170103 1.643899 23.548149
v -16.220991 1.829673 23.601986
v -10.072872 3.495907 22.920567
v -10.123758 3.681683 22.974401
v -12.979830 3.495908 20.172913
v -13.030718 3.681682 20.226748
v -4.429216 1.643898 30.576683
v -4.453373 1.829673 30.646717
v -8.210609 1.643898 29.272434
v -8.234766 1.829673 29.342464
v -2.914865 3.495908 26.186148
v -2.939022 3.681682 26.256180
v -6.696260 3.495908 24.881897
v -6.720415 3.681682 24.951929
v -0.702257 1.643898 31.255241
v -0.718050 1.829672 31.327620
v -4.610338 1.643899 30.402641
v -4.626129 1.829673 30.475021
v 0.287685 3.495907 26.717611
v 0.271894 3.681681 26.789989
v -3.620394 3.495908 25.865013
v -3.636183 3.681681 25.937389
v 1.666489 1.643898 31.239296
v 1.660369 1.829673 31.313122
v -2.319836 1.643898 30.908833
v -2.325956 1.829673 30.982658
v 2.050190 3.495908 26.610817
v 2.044069 3.681682 26.684643
v -1.936136 3.495907 26.280350
v -1.942257 3.681681 26.354177
v 16.280558 1.643898 24.171301
v 16.330433 1.829673 24.226078
v 13.322927 1.643898 26.864334
v 13.372802 1.829673 26.919107
v 13.153708 3.495907 20.737226
v 13.203584 3.681682 20.792002
v 10.196077 3.495907 23.430258
v 10.245953 3.681682 23.485033
v -15.794191 1.643899 23.968956
v -15.855406 1.829674 24.010675
v -18.046869 1.643899 20.663589
v -18.108088 1.829673 20.705311
v -11.956366 3.495908 21.353394
v -12.017584 3.681682 21.395115
v -14.209045 3.495908 18.048027
v -14.270260 3.681681 18.089748
v 18.709394 1.643899 21.169039
v 18.766300 1.829673 21.216469
v 16.148441 1.643899 24.241745
v 16.205347 1.829673 24.289173
v 15.141707 3.495908 18.195543
v 15.198614 3.681682 18.242973
v 12.580753 3.495908 21.268250
v 12.637661 3.681682 21.315678
vn 0.8453 -0.3704 0.3850
vn -0.4145 -0.0000 0.9101
vn -0.8453 0.3704 -0.3850
vn 0.4145 -0.0000 -0.9101
vn -0.3371 -0.9289 -0.1535
vn 0.3371 0.9289 0.1535
vn -0.8525 -0.3704 0.3688
vn -0.3970 -0.0000 -0.9178
vn 0.8525 0.3704 -0.3688
vn 0.3970 -0.0000 0.9178
vn 0.3400 -0.9289 -0.1471
vn -0.3400 0.9289 0.1471
vn -0.5280 -0.3704 0.7642
vn -0.8228 -0.0000 -0.5684
vn 0.5280 0.3704 -0.7642
vn 0.8228 -0.0000 0.5684
vn 0.2105 -0.9289 -0.3047
vn -0.2105 0.9289 0.3047
vn -0.3575 -0.3704 0.8573
vn -0.9230 -0.0000 -0.3849
vn 0.3575 0.3704 -0.8573
vn 0.9230 -0.0000 0.3849
vn 0.1426 -0.9289 -0.3419
vn -0.1426 0.9289 0.3419
vn 0.0321 -0.3704 0.9283
vn -0.9994 -0.0000 0.0346
vn -0.0321 0.3704 -0.9283
vn 0.9994 -0.0000 -0.0346
vn -0.0128 -0.9289 -0.3702
vn 0.0128 0.9289 0.3702
vn 0.2865 -0.3704 0.8836
vn -0.9512 -0.0000 0.3084
vn -0.2865 0.3704 -0.8836
vn 0.9512 -0.0000 -0.3084
vn -0.1142 -0.9289 -0.3523
vn 0.1142 0.9289 0.3523
vn 0.3836 -0.3704 0.8459
vn -0.9107 -0.0000 0.4130
vn -0.3836 0.3704 -0.8459
vn 0.9107 -0.0000 -0.4130
vn -0.1530 -0.9289 -0.3373
vn 0.1530 0.9289 0.3373
vn 0.6106 -0.3704 0.7000
vn -0.7536 -0.0000 0.6573
vn -0.6106 0.3704 -0.7000
vn 0.7536 -0.0000 -0.6573
vn -0.2435 -0.9289 -0.2791
vn 0.2435 0.9289 0.2791
vn -0.6381 -0.3704 0.6751
vn -0.7267 -0.0000 -0.6869
vn 0.6381 0.3704 -0.6750
vn 0.7267 -0.0000 0.6869
vn 0.2544 -0.9289 -0.2692
vn -0.2544 0.9289 0.2692
vn -0.3029 -0.3704 0.8781
vn -0.9453 -0.0000 -0.3261
vn 0.3029 0.3704 -0.8781
vn 0.9453 -0.0000 0.3261
vn 0.1208 -0.9289 -0.3502
vn -0.1208 0.9289 0.3502
vn -0.1980 -0.3704 0.9075
vn -0.9770 -0.0000 -0.2132
vn 0.1980 0.3704 -0.9075
vn 0.9770 -0.0000 0.2131
vn 0.0790 -0.9289 -0.3619
vn -0.0790 0.9289 0.3619
vn -0.0767 -0.3704 0.9257
vn -0.9966 -0.0000 -0.0826
vn 0.0767 0.3704 -0.9257
vn 0.9966 -0.0000 0.0826
vn 0.0306 -0.9289 -0.3691
vn -0.0306 0.9289 0.3691
vn 0.6254 -0.3704 0.6868
vn -0.7394 -0.0000 0.6733
vn -0.6254 0.3704 -0.6868
vn 0.7394 -0.0000 -0.6733
vn -0.2494 -0.9289 -0.2739
vn 0.2494 0.9289 0.2739
vn -0.7676 -0.3704 0.5231
vn -0.5632 -0.0000 -0.8263
vn 0.7676 0.3704 -0.5231
vn 0.5632 -0.0000 0.8263
vn 0.3061 -0.9289 -0.2086
vn -0.3061 0.9289 0.2086
vn 0.7135 -0.3704 0.5947
vn -0.6402 -0.0000 0.7682
vn -0.7135 0.3704 -0.5947
vn 0.6402 -0.0000 -0.7682
vn -0.2845 -0.9289 -0.2371
vn 0.2845 0.9289 0.2371
vt 0.375000 0.000000
vt 0.625000 0.000000
vt 0.625000 0.250000
vt 0.375000 0.250000
vt 0.625000 0.500000
vt 0.375000 0.500000
vt 0.625000 0.750000
vt 0.375000 0.750000
vt 0.625000 1.000000
vt 0.375000 1.000000
vt 0.125000 0.500000
vt 0.125000 0.750000
vt 0.875000 0.500000
vt 0.875000 0.750000
s 0
usemtl Material.056
f 1284/1332/904 1285/1333/904 1287/1334/904 1286/1335/904
f 1286/1335/905 1287/1334/905 1291/1336/905 1290/1337/905
f 1290/1337/906 1291/1336/906 1289/1338/906 1288/1339/906
f 1288/1339/907 1289/1338/907 1285/1340/907 1284/1341/907
f 1286/1342/908 1290/1337/908 1288/1339/908 1284/1343/908
f 1291/1336/909 1287/1344/909 1285/1345/909 1289/1338/909
f 1292/1332/910 1293/1333/910 1295/1334/910 1294/1335/910
f 1294/1335/911 1295/1334/911 1299/1336/911 1298/1337/911
f 1298/1337/912 1299/1336/912 1297/1338/912 1296/1339/912
f 1296/1339/913 1297/1338/913 1293/1340/913 1292/1341/913
f 1294/1342/914 1298/1337/914 1296/1339/914 1292/1343/914
f 1299/1336/915 1295/1344/915 1293/1345/915 1297/1338/915
f 1300/1332/916 1301/1333/916 1303/1334/916 1302/1335/916
f 1302/1335/917 1303/1334/917 1307/1336/917 1306/1337/917
f 1306/1337/918 1307/1336/918 1305/1338/918 1304/1339/918
f 1304/1339/919 1305/1338/919 1301/1340/919 1300/1341/919
f 1302/1342/920 1306/1337/920 1304/1339/920 1300/1343/920
f 1307/1336/921 1303/1344/921 1301/1345/921 1305/1338/921
f 1308/1332/922 1309/1333/922 1311/1334/922 1310/1335/922
f 1310/1335/923 1311/1334/923 1315/1336/923 1314/1337/923
f 1314/1337/924 1315/1336/924 1313/1338/924 1312/1339/924
f 1312/1339/925 1313/1338/925 1309/1340/925 1308/1341/925
f 1310/1342/926 1314/1337/926 1312/1339/926 1308/1343/926
f 1315/1336/927 1311/1344/927 1309/1345/927 1313/1338/927
f 1316/1332/928 1317/1333/928 1319/1334/928 1318/1335/928
f 1318/1335/929 1319/1334/929 1323/1336/929 1322/1337/929
f 1322/1337/930 1323/1336/930 1321/1338/930 1320/1339/930
f 1320/1339/931 1321/1338/931 1317/1340/931 1316/1341/931
f 1318/1342/932 1322/1337/932 1320/1339/932 1316/1343/932
f 1323/1336/933 1319/1344/933 1317/1345/933 1321/1338/933
f 1324/1332/934 1325/1333/934 1327/1334/934 1326/1335/934
f 1326/1335/935 1327/1334/935 1331/1336/935 1330/1337/935
f 1330/1337/936 1331/1336/936 1329/1338/936 1328/1339/936
f 1328/1339/937 1329/1338/937 1325/1340/937 1324/1341/937
f 1326/1342/938 1330/1337/938 1328/1339/938 1324/1343/938
f 1331/1336/939 1327/1344/939 1325/1345/939 1329/1338/939
f 1332/1332/940 1333/1333/940 1335/1334/940 1334/1335/940
f 1334/1335/941 1335/1334/941 1339/1336/941 1338/1337/941
f 1338/1337/942 1339/1336/942 1337/1338/942 1336/1339/942
f 1336/1339/943 1337/1338/943 1333/1340/943 1332/1341/943
f 1334/1342/944 1338/1337/944 1336/1339/944 1332/1343/944
f 1339/1336/945 1335/1344/945 1333/1345/945 1337/1338/945
f 1340/1332/946 1341/1333/946 1343/1334/946 1342/1335/946
f 1342/1335/947 1343/1334/947 1347/1336/947 1346/1337/947
f 1346/1337/948 1347/1336/948 1345/1338/948 1344/1339/948
f 1344/1339/949 1345/1338/949 1341/1340/949 1340/1341/949
f 1342/1342/950 1346/1337/950 1344/1339/950 1340/1343/950
f 1347/1336/951 1343/1344/951 1341/1345/951 1345/1338/951
f 1348/1332/952 1349/1333/952 1351/1334/952 1350/1335/952
f 1350/1335/953 1351/1334/953 1355/1336/953 1354/1337/953
f 1354/1337/954 1355/1336/954 1353/1338/954 1352/1339/954
f 1352/1339/955 1353/1338/955 1349/1340/955 1348/1341/955
f 1350/1342/956 1354/1337/956 1352/1339/956 1348/1343/956
f 1355/1336/957 1351/1344/957 1349/1345/957 1353/1338/957
f 1356/1332/958 1357/1333/958 1359/1334/958 1358/1335/958
f 1358/1335/959 1359/1334/959 1363/1336/959 1362/1337/959
f 1362/1337/960 1363/1336/960 1361/1338/960 1360/1339/960
f 1360/1339/961 1361/1338/961 1357/1340/961 1356/1341/961
f 1358/1342/962 1362/1337/962 1360/1339/962 1356/1343/962
f 1363/1336/963 1359/1344/963 1357/1345/963 1361/1338/963
f 1364/1332/964 1365/1333/964 1367/1334/964 1366/1335/964
f 1366/1335/965 1367/1334/965 1371/1336/965 1370/1337/965
f 1370/1337/966 1371/1336/966 1369/1338/966 1368/1339/966
f 1368/1339/967 1369/1338/967 1365/1340/967 1364/1341/967
f 1366/1342/968 1370/1337/968 1368/1339/968 1364/1343/968
f 1371/1336/969 1367/1344/969 1365/1345/969 1369/1338/969
f 1372/1332/970 1373/1333/970 1375/1334/970 1374/1335/970
f 1374/1335/971 1375/1334/971 1379/1336/971 1378/1337/971
f 1378/1337/972 1379/1336/972 1377/1338/972 1376/1339/972
f 1376/1339/973 1377/1338/973 1373/1340/973 1372/1341/973
f 1374/1342/974 1378/1337/974 1376/1339/974 1372/1343/974
f 1379/1336/975 1375/1344/975 1373/1345/975 1377/1338/975
f 1380/1332/976 1381/1333/976 1383/1334/976 1382/1335/976
f 1382/1335/977 1383/1334/977 1387/1336/977 1386/1337/977
f 1386/1337/978 1387/1336/978 1385/1338/978 1384/1339/978
f 1384/1339/979 1385/1338/979 1381/1340/979 1380/1341/979
f 1382/1342/980 1386/1337/980 1384/1339/980 1380/1343/980
f 1387/1336/981 1383/1344/981 1381/1345/981 1385/1338/981
f 1388/1332/982 1389/1333/982 1391/1334/982 1390/1335/982
f 1390/1335/983 1391/1334/983 1395/1336/983 1394/1337/983
f 1394/1337/984 1395/1336/984 1393/1338/984 1392/1339/984
f 1392/1339/985 1393/1338/985 1389/1340/985 1388/1341/985
f 1390/1342/986 1394/1337/986 1392/1339/986 1388/1343/986
f 1395/1336/987 1391/1344/987 1389/1345/987 1393/1338/987
f 1396/1332/988 1397/1333/988 1399/1334/988 1398/1335/988
f 1398/1335/989 1399/1334/989 1403/1336/989 1402/1337/989
f 1402/1337/990 1403/1336/990 1401/1338/990 1400/1339/990
f 1400/1339/991 1401/1338/991 1397/1340/991 1396/1341/991
f 1398/1342/992 1402/1337/992 1400/1339/992 1396/1343/992
f 1403/1336/993 1399/1344/993 1397/1345/993 1401/1338/993
o Cube.053
v -4.882408 -0.005048 4.438640
v -4.882408 0.108232 4.438640
v -4.882408 -0.005048 2.543601
v -4.882408 0.108232 2.543601
v -4.755649 -0.005048 4.438640
v -4.755649 0.108232 4.438640
v -4.755649 -0.005048 2.543601
v -4.755649 0.108232 2.543601
vn -1.0000 -0.0000 -0.0000
vn -0.0000 -0.0000 -1.0000
vn 1.0000 -0.0000 -0.0000
vn -0.0000 -0.0000 1.0000
vn -0.0000 -1.0000 -0.0000
vn -0.0000 1.0000 -0.0000
vt 0.375000 0.000000
vt 0.625000 0.000000
vt 0.625000 0.250000
vt 0.375000 0.250000
vt 0.625000 0.500000
vt 0.375000 0.500000
vt 0.625000 0.750000
vt 0.375000 0.750000
vt 0.625000 1.000000
vt 0.375000 1.000000
vt 0.125000 0.500000
vt 0.125000 0.750000
vt 0.875000 0.500000
vt 0.875000 0.750000
s 0
usemtl Material.070
f 1404/1346/994 1405/1347/994 1407/1348/994 1406/1349/994
f 1406/1349/995 1407/1348/995 1411/1350/995 1410/1351/995
f 1410/1351/996 1411/1350/996 1409/1352/996 1408/1353/996
f 1408/1353/997 1409/1352/997 1405/1354/997 1404/1355/997
f 1406/1356/998 1410/1351/998 1408/1353/998 1404/1357/998
f 1411/1350/999 1407/1358/999 1405/1359/999 1409/1352/999
o Cube.056
v -4.753704 -0.022312 2.669570
v -4.753704 0.090968 2.669570
v -4.753704 -0.022312 2.542810
v -4.753704 0.090968 2.542810
v -4.094069 -0.022312 2.669570
v -4.094069 0.090968 2.669570
v -4.094069 -0.022312 2.542810
v -4.094069 0.090968 2.542810
vn -1.0000 -0.0000 -0.0000
vn -0.0000 -0.0000 -1.0000
vn 1.0000 -0.0000 -0.0000
vn -0.0000 -0.0000 1.0000
vn -0.0000 -1.0000 -0.0000
vn -0.0000 1.0000 -0.0000
vt 0.375000 0.000000
vt 0.625000 0.000000
vt 0.625000 0.250000
vt 0.375000 0.250000
vt 0.625000 0.500000
vt 0.375000 0.500000
vt 0.625000 0.750000
vt 0.375000 0.750000
vt 0.625000 1.000000
vt 0.375000 1.000000
vt 0.125000 0.500000
vt 0.125000 0.750000
vt 0.875000 0.500000
vt 0.875000 0.750000
s 0
usemtl Material.071
f 1412/1360/1000 1413/1361/1000 1415/1362/1000 1414/1363/1000
f 1414/1363/1001 1415/1362/1001 1419/1364/1001 1418/1365/1001
f 1418/1365/1002 1419/1364/1002 1417/1366/1002 1416/1367/1002
f 1416/1367/1003 1417/1366/1003 1413/1368/1003 1412/1369/1003
f 1414/1370/1004 1418/1365/1004 1416/1367/1004 1412/1371/1004
f 1419/1364/1005 1415/1372/1005 1413/1373/1005 1417/1366/1005
o Cylinder.001
v 0.140776 -0.520000 7.792414
v 22.388750 -0.520000 17.598118
v 22.388750 -0.120000 17.598118
v 20.185740 -0.520000 21.888489
v 20.185740 -0.120000 21.888489
v 17.212414 -0.520000 25.637157
v 17.212414 -0.120000 25.637157
v 13.583033 -0.520000 28.700062
v 13.583033 -0.120000 28.700062
v 9.437073 -0.520000 30.959499
v 9.437073 -0.120000 30.959499
v 4.933862 -0.520000 32.328640
v 4.933862 -0.120000 32.328640
v 0.246456 -0.520000 32.754864
v 0.246456 -0.120000 32.754864
v -4.445013 -0.520000 32.221794
v -4.445013 -0.120000 32.221794
v -8.960251 -0.520000 30.749920
v -8.960251 -0.120000 30.749920
v -13.125741 -0.520000 28.395798
v -13.125741 -0.120000 28.395798
v -16.781408 -0.520000 25.249905
v -16.781408 -0.120000 25.249905
v -19.786764 -0.520000 21.433126
v -19.786764 -0.120000 21.433126
v -22.026316 -0.520000 17.092142
v -22.026316 -0.120000 17.092142
v 0.140776 -0.120000 7.792414
vn -0.0000 -1.0000 -0.0000
vn 0.8896 -0.0000 0.4568
vn 0.7835 -0.0000 0.6214
vn 0.6449 -0.0000 0.7642
vn 0.4785 -0.0000 0.8781
vn 0.2909 -0.0000 0.9568
vn 0.0906 -0.0000 0.9959
vn -0.1129 -0.0000 0.9936
vn -0.3099 -0.0000 0.9508
vn -0.4920 -0.0000 0.8706
vn -0.6523 -0.0000 0.7580
vn -0.7857 -0.0000 0.6186
vn -0.8887 -0.0000 0.4585
vn -0.0000 1.0000 -0.0000
vn 0.4033 -0.0000 -0.9151
vn 0.3869 -0.0000 0.9221
vt 0.656250 0.500000
vt 0.625000 0.500000
vt 0.593750 0.500000
vt 0.562500 0.500000
vt 0.531250 0.500000
vt 0.500000 0.500000
vt 0.468750 0.500000
vt 0.437500 0.500000
vt 0.406250 0.500000
vt 0.375000 0.500000
vt 0.343750 0.500000
vt 0.312500 0.500000
vt 0.281250 0.500000
vt 0.000000 0.000000
vt 0.656250 1.000000
vt 0.625000 1.000000
vt 0.593750 1.000000
vt 0.562500 1.000000
vt 0.531250 1.000000
vt 0.500000 1.000000
vt 0.468750 1.000000
vt 0.437500 1.000000
vt 0.406250 1.000000
vt 0.375000 1.000000
vt 0.343750 1.000000
vt 0.312500 1.000000
vt 0.281250 1.000000
s 0
f 1421/1374/1006 1423/1375/1006 1425/1376/1006 1427/1377/1006 1429/1378/1006 1431/1379/1006 1433/1380/1006 1435/1381/1006 1437/1382/1006 1439/1383/1006 1441/1384/1006 1443/1385/1006 1445/1386/1006 1420/1387/1006
f 1421/1374/1007 1422/1388/1007 1424/1389/1007 1423/1375/1007
f 1423/1375/1008 1424/1389/1008 1426/1390/1008 1425/1376/1008
f 1425/1376/1009 1426/1390/1009 1428/1391/1009 1427/1377/1009
f 1427/1377/1010 1428/1391/1010 1430/1392/1010 1429/1378/1010
f 1429/1378/1011 1430/1392/1011 1432/1393/1011 1431/1379/1011
f 1431/1379/1012 1432/1393/1012 1434/1394/1012 1433/1380/1012
f 1433/1380/1013 1434/1394/1013 1436/1395/1013 1435/1381/1013
f 1435/1381/1014 1436/1395/1014 1438/1396/1014 1437/1382/1014
f 1437/1382/1015 1438/1396/1015 1440/1397/1015 1439/1383/1015
f 1439/1383/1016 1440/1397/1016 1442/1398/1016 1441/1384/1016
f 1441/1384/1017 1442/1398/1017 1444/1399/1017 1443/1385/1017
f 1443/1385/1018 1444/1399/1018 1446/1400/1018 1445/1386/1018
f 1424/1389/1019 1422/1388/1019 1447/1387/1019 1446/1400/1019 1444/1399/1019 1442/1398/1019 1440/1397/1019 1438/1396/1019 1436/1395/1019 1434/1394/1019 1432/1393/1019 1430/1392/1019 1428/1391/1019 1426/1390/1019
f 1421/1374/1020 1420/1387/1020 1447/1387/1020 1422/1388/1020
f 1445/1386/1021 1420/1387/1021 1447/1387/1021 1446/1400/1021
o Plane.001
v 4.367372 0.000000 13.051883
v 8.367372 0.000000 13.051883
v 4.367372 0.000000 2.222157
v 8.367372 0.000000 2.222157
vn -0.0000 1.0000 -0.0000
vt 0.000000 0.000000
vt 1.000000 0.000000
vt 1.000000 1.000000
vt 0.000000 1.000000
s 0
f 1448/1401/1022 1449/1402/1022 1451/1403/1022 1450/1404/1022
o Cylinder.002
v 12.130356 -0.871712 36.193169
v 12.130356 -0.471712 36.193169
v 9.208515 -0.871712 37.699093
v 9.208515 -0.471712 37.699093
v 6.041755 -0.871712 38.720562
v 6.041755 -0.471712 38.720562
v 2.751768 -0.871712 39.218319
v 2.751768 -0.471712 39.218319
v -0.535011 -0.871712 39.173241
v -0.535011 -0.471712 39.173241
v -3.692274 -0.871712 38.587051
v -3.692274 -0.471712 38.587051
v -6.598689 -0.871712 37.482285
v -6.598689 -0.471712 37.482285
v 7.482789 -0.471712 30.642944
v 7.482789 -0.871712 30.642944
v -1.881733 -0.471712 31.287500
v -1.881733 -0.871712 31.287500
vn -0.7956 -0.0000 -0.6058
vn -0.0000 -1.0000 -0.0000
vn 0.4581 -0.0000 0.8889
vn 0.3070 -0.0000 0.9517
vn 0.1496 -0.0000 0.9887
vn -0.0137 -0.0000 0.9999
vn -0.1825 -0.0000 0.9832
vn -0.3553 -0.0000 0.9347
vn 0.7667 -0.0000 -0.6420
vn -0.0687 -0.0000 -0.9976
vn -0.0000 1.0000 -0.0000
vt 0.375000 0.500000
vt 0.375000 1.000000
vt 0.000000 0.000000
vt 0.562500 0.500000
vt 0.531250 0.500000
vt 0.500000 0.500000
vt 0.468750 0.500000
vt 0.437500 0.500000
vt 0.406250 0.500000
vt 0.562500 1.000000
vt 0.531250 1.000000
vt 0.500000 1.000000
vt 0.468750 1.000000
vt 0.437500 1.000000
vt 0.406250 1.000000
s 0
f 1464/1405/1023 1465/1406/1023 1468/1407/1023 1469/1407/1023
f 1452/1408/1024 1454/1409/1024 1456/1410/1024 1458/1411/1024 1460/1412/1024 1462/1413/1024 1464/1405/1024 1469/1407/1024 1467/1407/1024
f 1452/1408/1025 1453/1414/1025 1455/1415/1025 1454/1409/1025
f 1454/1409/1026 1455/1415/1026 1457/1416/1026 1456/1410/1026
f 1456/1410/1027 1457/1416/1027 1459/1417/1027 1458/1411/1027
f 1458/1411/1028 1459/1417/1028 1461/1418/1028 1460/1412/1028
f 1460/1412/1029 1461/1418/1029 1463/1419/1029 1462/1413/1029
f 1462/1413/1030 1463/1419/1030 1465/1406/1030 1464/1405/1030
f 1452/1408/1031 1467/1407/1031 1466/1407/1031 1453/1414/1031
f 1468/1407/1032 1466/1407/1032 1467/1407/1032 1469/1407/1032
f 1455/1415/1033 1453/1414/1033 1466/1407/1033 1468/1407/1033 1465/1406/1033 1463/1419/1033 1461/1418/1033 1459/1417/1033 1457/1416/1033
o Plane
v -2.000000 0.000000 -0.261121
v 2.000000 0.000000 -0.261121
v -2.000000 0.000000 -2.261121
v 2.000000 0.000000 -2.261121
v -0.230662 -0.100000 -0.046808
v 12.978552 -0.100000 -11.921501
v -10.895376 -0.100000 -11.910063
vn -0.0000 1.0000 -0.0000
vt 0.000000 0.000000
vt 1.000000 0.000000
vt 1.000000 1.000000
vt 0.000000 1.000000
s 0
usemtl Material.063
f 1470/1420/1034 1471/1421/1034 1473/1422/1034 1472/1423/1034
f 1474/1420/1034 1475/1421/1034 1476/1423/1034
