# Blender 4.0.2
# www.blender.org
mtllib nyasta_as_1.mtl
o innanhus
v -4.080000 -0.009000 9.530798
v -4.080000 2.949000 9.530798
v -4.080000 -0.009000 1.289198
v -4.080000 2.949000 1.289198
v 4.080000 -0.009000 9.530798
v 4.080000 2.949000 9.530798
v 4.080000 -0.009000 1.289198
v 4.080000 2.949000 1.289198
v -10.250000 0.000000 2.000000
v -8.860538 4.000000 1.236724
v -10.250000 0.000000 -2.000000
v -8.860538 4.000000 -1.236724
v -2.750000 0.000000 2.000000
v -4.139461 4.000000 1.236724
v -2.750000 0.000000 -2.000000
v -4.139461 4.000000 -1.236724
v 2.750001 0.000000 2.000000
v 4.139462 4.000000 1.236724
v 2.750001 0.000000 -2.000000
v 4.139462 4.000000 -1.236724
v 10.250002 0.000000 2.000000
v 8.860538 4.000000 1.236724
v 10.250002 0.000000 -2.000000
v 8.860538 4.000000 -1.236724
v -4.000000 0.000000 1.300001
v -4.000000 2.900000 1.300001
v -4.000000 0.000000 -1.300000
v -4.000000 2.900000 -1.300000
v 4.000001 0.000000 1.300001
v 4.000001 2.900000 1.300001
v 4.000001 0.000000 -1.300000
v 4.000001 2.900000 -1.300000
v 1.389393 1.796256 0.880155
v 1.019795 1.796256 0.880155
v 1.389393 2.271376 0.880155
v 1.019795 2.271376 0.880155
v -4.000000 2.900000 -1.300000
v -4.000000 0.000000 -1.300000
v 4.000001 0.000000 -1.300000
v 4.000001 2.900000 -1.300000
v -4.000000 2.900000 -1.300000
v -4.000000 0.000000 -1.300000
v 4.000001 0.000000 -1.300000
v 4.000001 2.900000 -1.300000
v -4.000000 1.450000 -1.300000
v 0.000000 0.000000 -1.300000
v 0.000000 2.900000 -1.300000
v 4.000001 1.450000 -1.300000
v -2.000000 0.000000 -1.300000
v 2.000001 0.000000 -1.300000
v -3.000000 0.000000 -1.300000
v 1.000001 0.000000 -1.300000
v -1.000000 0.000000 -1.300000
v 3.000001 0.000000 -1.300000
v -3.500000 0.000000 -1.300000
v 0.500000 0.000000 -1.300000
v -1.500000 0.000000 -1.300000
v 2.500000 0.000000 -1.300000
v -2.500000 0.000000 -1.300000
v 1.500000 0.000000 -1.300000
v -0.500000 0.000000 -1.300000
v 3.500001 0.000000 -1.300000
v 2.000001 2.900000 -1.300000
v -2.000000 2.900000 -1.300000
v 3.000001 2.900000 -1.300000
v -1.000000 2.900000 -1.300000
v 1.000001 2.900000 -1.300000
v -3.000000 2.900000 -1.300000
v 3.500001 2.900000 -1.300000
v -0.500000 2.900000 -1.300000
v 1.500000 2.900000 -1.300000
v -2.500000 2.900000 -1.300000
v 2.500000 2.900000 -1.300000
v -1.500000 2.900000 -1.300000
v 0.500000 2.900000 -1.300000
v -3.500000 2.900000 -1.300000
v -0.084123 6.247382 3.268496
v -0.084123 5.307196 2.234654
v -0.084123 4.078783 1.675143
v -0.084123 3.413971 1.603142
v -0.084123 2.749159 1.675143
v -0.084123 1.520747 2.234654
v 0.058509 6.756207 4.633323
v 0.195659 6.562288 3.943886
v 0.322057 6.247382 3.308498
v 0.432847 5.823588 2.751576
v 0.523769 5.307196 2.294521
v 0.591330 4.718047 1.954899
v 0.632934 4.078783 1.745761
v 0.646982 3.413971 1.675143
v 0.632934 2.749159 1.745761
v 0.591330 2.109896 1.954899
v 0.523769 1.520747 2.294521
v 0.432847 1.004354 2.751576
v 0.322057 0.580561 3.308498
v 0.195659 0.265654 3.943886
v 0.058509 0.071736 4.633323
v 0.195659 6.756207 4.674923
v 0.464689 6.562288 4.025488
v 0.712628 6.247382 3.426965
v 0.929949 5.823588 2.902356
v 1.108300 5.307196 2.471820
v 1.240826 4.718047 2.151903
v 1.322435 4.078783 1.954899
v 1.349991 3.413971 1.888379
v 1.322435 2.749159 1.954899
v 1.240826 2.109896 2.151903
v 1.108300 1.520747 2.471820
v 0.929949 1.004354 2.902356
v 0.712628 0.580561 3.426965
v 0.464689 0.265654 4.025488
v 0.195659 0.071736 4.674923
v 0.322057 6.756207 4.742478
v 0.712628 6.562288 4.158002
v 1.072581 6.247382 3.619346
v 1.388081 5.823588 3.147210
v 1.647006 5.307196 2.759738
v 1.839405 4.718047 2.471820
v 1.957883 4.078783 2.294521
v 1.997888 3.413971 2.234655
v 1.957883 2.749159 2.294521
v 1.839405 2.109896 2.471820
v 1.647006 1.520747 2.759738
v 1.388081 1.004354 3.147210
v 1.072581 0.580561 3.619346
v 0.712628 0.265654 4.158002
v 0.322057 0.071736 4.742478
v 0.432847 6.756207 4.833392
v 0.929949 6.562288 4.336336
v 1.388081 6.247382 3.878247
v 1.789638 5.823588 3.476727
v 2.119186 5.307196 3.147210
v 2.364063 4.718047 2.902356
v 2.514858 4.078783 2.751576
v 2.565775 3.413971 2.700664
v 2.514858 2.749159 2.751576
v 2.364063 2.109896 2.902356
v 2.119186 1.520747 3.147210
v 1.789638 1.004354 3.476727
v 1.388081 0.580561 3.878247
v 0.929949 0.265654 4.336336
v 0.432847 0.071736 4.833392
v 0.523769 6.756207 4.944171
v 1.108300 6.562288 4.553637
v 1.647006 6.247382 4.193718
v 2.119187 5.823588 3.878246
v 2.506695 5.307196 3.619346
v 2.794639 4.718047 3.426965
v 2.971955 4.078783 3.308499
v 3.031827 3.413971 3.268497
v 2.971955 2.749159 3.308499
v 2.794639 2.109896 3.426965
v 2.506695 1.520747 3.619346
v 2.119187 1.004354 3.878246
v 1.647006 0.580561 4.193718
v 1.108300 0.265654 4.553637
v 0.523769 0.071736 4.944171
v -0.084123 6.821685 5.350313
v 0.591330 6.756207 5.070558
v 1.240826 6.562288 4.801553
v 1.839405 6.247382 4.553637
v 2.364064 5.823588 4.336336
v 2.794639 5.307196 4.158003
v 3.114586 4.718047 4.025488
v 3.311609 4.078783 3.943887
v 3.378135 3.413971 3.916334
v 3.311609 2.749159 3.943887
v 3.114586 2.109896 4.025488
v 2.794639 1.520747 4.158003
v 2.364064 1.004354 4.336336
v 1.839405 0.580561 4.553637
v 1.240826 0.265654 4.801553
v 0.591330 0.071736 5.070558
v 0.632934 6.756207 5.207695
v 1.322435 6.562288 5.070558
v 1.957883 6.247382 4.944171
v 2.514858 5.823588 4.833392
v 2.971955 5.307196 4.742478
v 3.311609 4.718047 4.674923
v 3.520766 4.078783 4.633323
v 3.591390 3.413971 4.619277
v 3.520766 2.749159 4.633323
v 3.311609 2.109896 4.674923
v 2.971955 1.520747 4.742478
v 2.514858 1.004354 4.833392
v 1.957883 0.580561 4.944171
v 1.322435 0.265654 5.070558
v 0.632934 0.071736 5.207695
v 0.646982 6.756207 5.350313
v 1.349991 6.562288 5.350313
v 1.997888 6.247382 5.350313
v 2.565775 5.823588 5.350313
v 3.031826 5.307196 5.350313
v 3.378135 4.718047 5.350313
v 3.591390 4.078783 5.350313
v 3.663397 3.413971 5.350314
v 3.591390 2.749159 5.350313
v 3.378135 2.109896 5.350313
v 3.031826 1.520747 5.350313
v 2.565775 1.004354 5.350313
v 1.997888 0.580561 5.350313
v 1.349991 0.265654 5.350313
v 0.646982 0.071736 5.350313
v 0.632934 6.756207 5.492931
v 1.322435 6.562288 5.630069
v 1.957883 6.247382 5.756455
v 2.514858 5.823588 5.867234
v 2.971954 5.307196 5.958148
v 3.311609 4.718047 6.025702
v 3.520766 4.078783 6.067303
v 3.591389 3.413971 6.081350
v 3.520766 2.749159 6.067303
v 3.311609 2.109896 6.025702
v 2.971954 1.520747 5.958148
v 2.514858 1.004354 5.867234
v 1.957883 0.580561 5.756455
v 1.322435 0.265654 5.630069
v 0.632934 0.071736 5.492931
v 0.591330 6.756207 5.630069
v 1.240826 6.562288 5.899074
v 1.839404 6.247382 6.146990
v 2.364063 5.823588 6.364290
v 2.794639 5.307196 6.542624
v 3.114586 4.718047 6.675138
v 3.311608 4.078783 6.756740
v 3.378134 3.413971 6.784293
v 3.311608 2.749159 6.756740
v 3.114586 2.109896 6.675138
v 2.794639 1.520747 6.542624
v 2.364063 1.004354 6.364290
v 1.839404 0.580561 6.146990
v 1.240826 0.265654 5.899074
v 0.591330 0.071736 5.630069
v 0.523769 6.756207 5.756455
v 1.108299 6.562288 6.146990
v 1.647006 6.247382 6.506908
v 2.119186 5.823588 6.822380
v 2.506694 5.307196 7.081280
v 2.794639 4.718047 7.273660
v 2.971954 4.078783 7.392128
v 3.031826 3.413971 7.432130
v 2.971954 2.749159 7.392128
v 2.794639 2.109896 7.273660
v 2.506694 1.520747 7.081280
v 2.119186 1.004354 6.822380
v 1.647006 0.580561 6.506908
v 1.108299 0.265654 6.146990
v 0.523769 0.071736 5.756455
v 0.432846 6.756207 5.867234
v 0.929949 6.562288 6.364290
v 1.388081 6.247382 6.822380
v 1.789638 5.823588 7.223898
v 2.119186 5.307196 7.553416
v 2.364063 4.718047 7.798270
v 2.514857 4.078783 7.949050
v 2.565773 3.413971 7.999962
v 2.514857 2.749159 7.949050
v 2.364063 2.109896 7.798270
v 2.119186 1.520747 7.553416
v 1.789638 1.004354 7.223898
v 1.388081 0.580561 6.822380
v 0.929949 0.265654 6.364290
v 0.432846 0.071736 5.867234
v 0.322057 6.756207 5.958148
v 0.712628 6.562288 6.542624
v 1.072580 6.247382 7.081280
v 1.388081 5.823588 7.553416
v 1.647005 5.307196 7.940887
v 1.839405 4.718047 8.228806
v 1.957882 4.078783 8.406104
v 1.997887 3.413971 8.465971
v 1.957882 2.749159 8.406104
v 1.839405 2.109896 8.228806
v 1.647005 1.520747 7.940887
v 1.388081 1.004354 7.553416
v 1.072580 0.580561 7.081280
v 0.712628 0.265654 6.542624
v 0.322057 0.071736 5.958148
v 0.195659 6.756207 6.025702
v 0.464689 6.562288 6.675138
v 0.712628 6.247382 7.273660
v 0.929949 5.823588 7.798270
v 1.108299 5.307196 8.228806
v 1.240826 4.718047 8.548722
v 1.322434 4.078783 8.745727
v 1.349990 3.413971 8.812246
v 1.322434 2.749159 8.745727
v 1.240826 2.109896 8.548722
v 1.108299 1.520747 8.228806
v 0.929949 1.004354 7.798270
v 0.712628 0.580561 7.273660
v 0.464689 0.265654 6.675138
v 0.195659 0.071736 6.025702
v 0.058509 6.756207 6.067303
v 0.195659 6.562288 6.756739
v 0.322057 6.247382 7.392127
v 0.432846 5.823588 7.949050
v 0.523768 5.307196 8.406104
v 0.591330 4.718047 8.745727
v 0.632934 4.078783 8.954865
v 0.646981 3.413971 9.025481
v 0.632934 2.749159 8.954865
v 0.591330 2.109896 8.745727
v 0.523768 1.520747 8.406104
v 0.432846 1.004354 7.949050
v 0.322057 0.580561 7.392127
v 0.195659 0.265654 6.756739
v 0.058509 0.071736 6.067303
v -0.084123 6.756207 6.081349
v -0.084123 6.562288 6.784293
v -0.084123 6.247382 7.432128
v -0.084123 5.823588 7.999962
v -0.084123 5.307196 8.465971
v -0.084123 4.718047 8.812246
v -0.084123 4.078783 9.025482
v -0.084124 3.413971 9.097482
v -0.084123 2.749159 9.025482
v -0.084123 2.109896 8.812246
v -0.084123 1.520747 8.465971
v -0.084123 1.004354 7.999962
v -0.084123 0.580561 7.432128
v -0.084123 0.265654 6.784293
v -0.084123 0.071736 6.081349
v -0.226754 6.756207 6.067303
v -0.363905 6.562288 6.756739
v -0.490303 6.247382 7.392127
v -0.601092 5.823588 7.949050
v -0.692015 5.307196 8.406104
v -0.759575 4.718047 8.745726
v -0.801180 4.078783 8.954865
v -0.815229 3.413971 9.025480
v -0.801180 2.749159 8.954865
v -0.759575 2.109896 8.745726
v -0.692015 1.520747 8.406104
v -0.601092 1.004354 7.949050
v -0.490303 0.580561 7.392127
v -0.363905 0.265654 6.756739
v -0.226754 0.071736 6.067303
v -0.363904 6.756207 6.025702
v -0.632935 6.562288 6.675138
v -0.880874 6.247382 7.273660
v -1.098194 5.823588 7.798270
v -1.276545 5.307196 8.228806
v -1.409071 4.718047 8.548722
v -1.490681 4.078783 8.745726
v -1.518237 3.413971 8.812244
v -1.490681 2.749159 8.745726
v -1.409071 2.109896 8.548722
v -1.276545 1.520747 8.228806
v -1.098194 1.004354 7.798270
v -0.880874 0.580561 7.273660
v -0.632935 0.265654 6.675138
v -0.363904 0.071736 6.025702
v -0.490303 6.756207 5.958148
v -0.880874 6.562288 6.542624
v -1.240826 6.247382 7.081279
v -1.556327 5.823588 7.553416
v -1.815251 5.307196 7.940887
v -2.007649 4.718047 8.228806
v -2.126128 4.078783 8.406103
v -2.166133 3.413971 8.465968
v -2.126128 2.749159 8.406103
v -2.007649 2.109896 8.228806
v -1.815251 1.520747 7.940887
v -1.556327 1.004354 7.553416
v -1.240826 0.580561 7.081279
v -0.880874 0.265654 6.542624
v -0.490303 0.071736 5.958148
v -0.601092 6.756207 5.867234
v -1.098194 6.562288 6.364290
v -1.556326 6.247382 6.822378
v -1.957883 5.823588 7.223898
v -2.287431 5.307196 7.553415
v -2.532308 4.718047 7.798269
v -2.683103 4.078783 7.949049
v -2.734019 3.413971 7.999960
v -2.683103 2.749159 7.949049
v -2.532308 2.109896 7.798269
v -2.287431 1.520747 7.553415
v -1.957883 1.004354 7.223898
v -1.556326 0.580561 6.822378
v -1.098194 0.265654 6.364290
v -0.601092 0.071736 5.867234
v -0.084123 0.006258 5.350313
v -0.692014 6.756207 5.756455
v -1.276545 6.562288 6.146989
v -1.815251 6.247382 6.506907
v -2.287431 5.823588 6.822379
v -2.674939 5.307196 7.081279
v -2.962884 4.718047 7.273660
v -3.140200 4.078783 7.392127
v -3.200071 3.413971 7.432127
v -3.140200 2.749159 7.392127
v -2.962884 2.109896 7.273660
v -2.674939 1.520747 7.081279
v -2.287431 1.004354 6.822379
v -1.815251 0.580561 6.506907
v -1.276545 0.265654 6.146989
v -0.692014 0.071736 5.756455
v -0.759575 6.756207 5.630068
v -1.409071 6.562288 5.899073
v -2.007649 6.247382 6.146989
v -2.532308 5.823588 6.364290
v -2.962884 5.307196 6.542623
v -3.282831 4.718047 6.675138
v -3.479853 4.078783 6.756738
v -3.546378 3.413971 6.784290
v -3.479853 2.749159 6.756738
v -3.282831 2.109896 6.675138
v -2.962884 1.520747 6.542623
v -2.532308 1.004354 6.364290
v -2.007649 0.580561 6.146989
v -1.409071 0.265654 5.899073
v -0.759575 0.071736 5.630068
v -0.801179 6.756207 5.492931
v -1.490680 6.562288 5.630068
v -2.126127 6.247382 5.756454
v -2.683103 5.823588 5.867234
v -3.140199 5.307196 5.958147
v -3.479853 4.718047 6.025702
v -3.689011 4.078783 6.067302
v -3.759633 3.413971 6.081347
v -3.689011 2.749159 6.067302
v -3.479853 2.109896 6.025702
v -3.140199 1.520747 5.958147
v -2.683103 1.004354 5.867234
v -2.126127 0.580561 5.756454
v -1.490680 0.265654 5.630068
v -0.801179 0.071736 5.492931
v -0.815227 6.756207 5.350313
v -1.518236 6.562288 5.350313
v -2.166132 6.247382 5.350313
v -2.734020 5.823588 5.350313
v -3.200071 5.307196 5.350312
v -3.546379 4.718047 5.350313
v -3.759634 4.078783 5.350312
v -3.831640 3.413971 5.350311
v -3.759634 2.749159 5.350312
v -3.546379 2.109896 5.350313
v -3.200071 1.520747 5.350312
v -2.734020 1.004354 5.350313
v -2.166132 0.580561 5.350313
v -1.518236 0.265654 5.350313
v -0.815227 0.071736 5.350313
v -0.801179 6.756207 5.207695
v -1.490680 6.562288 5.070557
v -2.126127 6.247382 4.944170
v -2.683102 5.823588 4.833392
v -3.140198 5.307196 4.742478
v -3.479853 4.718047 4.674923
v -3.689010 4.078783 4.633322
v -3.759632 3.413971 4.619275
v -3.689010 2.749159 4.633322
v -3.479853 2.109896 4.674923
v -3.140198 1.520747 4.742478
v -2.683102 1.004354 4.833392
v -2.126127 0.580561 4.944170
v -1.490680 0.265654 5.070557
v -0.801179 0.071736 5.207695
v -0.759575 6.756207 5.070558
v -1.409071 6.562288 4.801553
v -2.007648 6.247382 4.553637
v -2.532308 5.823588 4.336336
v -2.962883 5.307196 4.158002
v -3.282830 4.718047 4.025489
v -3.479852 4.078783 3.943886
v -3.546377 3.413971 3.916333
v -3.479852 2.749159 3.943886
v -3.282830 2.109896 4.025489
v -2.962883 1.520747 4.158002
v -2.532308 1.004354 4.336336
v -2.007648 0.580561 4.553637
v -1.409071 0.265654 4.801553
v -0.759575 0.071736 5.070558
v -0.692014 6.756207 4.944171
v -1.276544 6.562288 4.553637
v -1.815250 6.247382 4.193718
v -2.287431 5.823588 3.878247
v -2.674938 5.307196 3.619346
v -2.962884 4.718047 3.426966
v -3.140198 4.078783 3.308498
v -3.200068 3.413971 3.268497
v -3.140198 2.749159 3.308498
v -2.962884 2.109896 3.426966
v -2.674938 1.520747 3.619346
v -2.287431 1.004354 3.878247
v -1.815250 0.580561 4.193718
v -1.276544 0.265654 4.553637
v -0.692014 0.071736 4.944171
v -0.601092 6.756207 4.833393
v -1.098194 6.562288 4.336336
v -1.556325 6.247382 3.878247
v -1.957883 5.823588 3.476728
v -2.287430 5.307196 3.147211
v -2.532308 4.718047 2.902357
v -2.683101 4.078783 2.751576
v -2.734016 3.413971 2.700665
v -2.683101 2.749159 2.751576
v -2.532308 2.109896 2.902357
v -2.287430 1.520747 3.147211
v -1.957883 1.004354 3.476728
v -1.556325 0.580561 3.878247
v -1.098194 0.265654 4.336336
v -0.601092 0.071736 4.833393
v -0.490303 6.756207 4.742479
v -0.880873 6.562288 4.158003
v -1.240824 6.247382 3.619347
v -1.556326 5.823588 3.147210
v -1.815250 5.307196 2.759739
v -2.007649 4.718047 2.471821
v -2.126127 4.078783 2.294522
v -2.166130 3.413971 2.234657
v -2.126127 2.749159 2.294522
v -2.007649 2.109896 2.471821
v -1.815250 1.520747 2.759739
v -1.556326 1.004354 3.147210
v -1.240824 0.580561 3.619347
v -0.880873 0.265654 4.158003
v -0.490303 0.071736 4.742479
v -0.363904 6.756207 4.674924
v -0.632934 6.562288 4.025489
v -0.880872 6.247382 3.426967
v -1.098194 5.823588 2.902356
v -1.276543 5.307196 2.471822
v -1.409071 4.718047 2.151904
v -1.490679 4.078783 1.954901
v -1.518234 3.413971 1.888382
v -1.490679 2.749159 1.954901
v -1.409071 2.109896 2.151904
v -1.276543 1.520747 2.471822
v -1.098194 1.004354 2.902356
v -0.880872 0.580561 3.426967
v -0.632934 0.265654 4.025489
v -0.363904 0.071736 4.674924
v -0.226754 6.756207 4.633324
v -0.363904 6.562288 3.943887
v -0.490302 6.247382 3.308500
v -0.601092 5.823588 2.751576
v -0.692013 5.307196 2.294523
v -0.759575 4.718047 1.954901
v -0.801178 4.078783 1.745763
v -0.815225 3.413971 1.675147
v -0.801178 2.749159 1.745763
v -0.759575 2.109896 1.954901
v -0.692013 1.520747 2.294523
v -0.601092 1.004354 2.751576
v -0.490302 0.580561 3.308500
v -0.363904 0.265654 3.943887
v -0.226754 0.071736 4.633324
v -0.084123 6.756207 4.619277
v -0.084123 6.562288 3.916334
v -0.084122 5.823588 2.700664
v -0.084123 4.718047 1.888381
v -0.084123 2.109896 1.888381
v -0.084122 1.004354 2.700664
v -0.084122 0.580561 3.268499
v -0.084123 0.265654 3.916334
v -0.084123 0.071736 4.619277
vn -1.0000 -0.0000 -0.0000
vn -0.0000 -0.0000 -1.0000
vn 1.0000 -0.0000 -0.0000
vn -0.0000 -0.0000 1.0000
vn -0.0000 -1.0000 -0.0000
vn -0.0000 1.0000 -0.0000
vn -0.9446 0.3281 -0.0000
vn -0.0000 0.1874 -0.9823
vn 0.9446 0.3281 -0.0000
vn -0.0000 0.1874 0.9823
vn 0.1906 -0.2149 -0.9579
vn -0.0000 -0.2149 -0.9766
vn -0.0000 0.9378 -0.3473
vn 0.0342 0.9845 -0.1722
vn 0.0677 0.9378 -0.3406
vn 0.1774 -0.4167 -0.8916
vn -0.0000 -0.4167 -0.9090
vn -0.0000 0.8575 -0.5144
vn 0.1004 0.8575 -0.5045
vn 0.1568 -0.5950 -0.7882
vn -0.0000 -0.5950 -0.8037
vn -0.0000 0.7430 -0.6692
vn 0.1306 0.7430 -0.6564
vn 0.1306 -0.7430 -0.6564
vn -0.0000 -0.7430 -0.6692
vn -0.0000 0.5950 -0.8037
vn 0.1568 0.5950 -0.7882
vn 0.1004 -0.8575 -0.5045
vn -0.0000 -0.8575 -0.5144
vn -0.0000 0.4167 -0.9090
vn 0.1774 0.4167 -0.8916
vn 0.0677 -0.9378 -0.3406
vn -0.0000 -0.9378 -0.3473
vn -0.0000 0.2149 -0.9766
vn 0.1906 0.2149 -0.9579
vn 0.0342 -0.9845 -0.1722
vn -0.0000 -0.9845 -0.1756
vn 0.1951 -0.0000 -0.9808
vn -0.0000 0.9845 -0.1756
vn 0.0672 -0.9845 -0.1623
vn 0.3738 0.2149 -0.9023
vn 0.3827 -0.0000 -0.9239
vn 0.0672 0.9845 -0.1623
vn 0.3738 -0.2149 -0.9023
vn 0.1329 0.9378 -0.3209
vn 0.3479 -0.4167 -0.8398
vn 0.1969 0.8575 -0.4753
vn 0.3076 -0.5950 -0.7425
vn 0.2561 0.7430 -0.6183
vn 0.2561 -0.7430 -0.6183
vn 0.3076 0.5950 -0.7425
vn 0.1969 -0.8575 -0.4753
vn 0.3479 0.4167 -0.8398
vn 0.1329 -0.9378 -0.3209
vn 0.3719 -0.7430 -0.5564
vn 0.3719 0.7430 -0.5564
vn 0.4466 0.5950 -0.6682
vn 0.2858 -0.8575 -0.4277
vn 0.5051 0.4167 -0.7558
vn 0.1930 -0.9377 -0.2888
vn 0.5426 0.2149 -0.8120
vn 0.0976 -0.9845 -0.1461
vn 0.5556 -0.0000 -0.8314
vn 0.0976 0.9845 -0.1461
vn 0.5426 -0.2149 -0.8120
vn 0.1930 0.9377 -0.2888
vn 0.5051 -0.4167 -0.7558
vn 0.2858 0.8575 -0.4277
vn 0.4466 -0.5950 -0.6682
vn 0.1242 0.9844 -0.1243
vn 0.1242 -0.9844 -0.1243
vn 0.6906 -0.2149 -0.6905
vn 0.2456 0.9377 -0.2456
vn 0.6428 -0.4167 -0.6427
vn 0.3638 0.8575 -0.3638
vn 0.5683 -0.5950 -0.5683
vn 0.4733 0.7430 -0.4732
vn 0.4733 -0.7430 -0.4732
vn 0.5683 0.5950 -0.5683
vn 0.3638 -0.8575 -0.3638
vn 0.6428 0.4167 -0.6427
vn 0.2456 -0.9377 -0.2456
vn 0.6906 0.2149 -0.6905
vn 0.7072 -0.0000 -0.7071
vn 0.5565 0.7430 -0.3718
vn 0.6683 0.5950 -0.4465
vn 0.4278 -0.8575 -0.2858
vn 0.7559 0.4167 -0.5050
vn 0.2888 -0.9377 -0.1930
vn 0.8121 0.2149 -0.5425
vn 0.1461 -0.9844 -0.0977
vn 0.8315 -0.0000 -0.5555
vn 0.1461 0.9844 -0.0977
vn 0.8121 -0.2149 -0.5425
vn 0.2888 0.9377 -0.1930
vn 0.7559 -0.4167 -0.5050
vn 0.4278 0.8575 -0.2858
vn 0.6683 -0.5950 -0.4465
vn 0.5565 -0.7430 -0.3718
vn 0.9023 -0.2149 -0.3737
vn 0.1624 0.9844 -0.0673
vn 0.3210 0.9377 -0.1329
vn 0.8398 -0.4167 -0.3478
vn 0.4754 0.8575 -0.1969
vn 0.7425 -0.5950 -0.3075
vn 0.6184 0.7430 -0.2561
vn 0.6184 -0.7430 -0.2561
vn 0.7425 0.5950 -0.3075
vn 0.4754 -0.8575 -0.1969
vn 0.8398 0.4167 -0.3478
vn 0.3210 -0.9377 -0.1329
vn 0.9023 0.2149 -0.3737
vn 0.1624 -0.9844 -0.0673
vn 0.9239 -0.0000 -0.3826
vn 0.5046 -0.8575 -0.1004
vn 0.7883 0.5950 -0.1568
vn 0.8916 0.4167 -0.1773
vn 0.3408 -0.9377 -0.0678
vn 0.9579 0.2149 -0.1905
vn 0.1724 -0.9844 -0.0343
vn 0.9808 -0.0000 -0.1951
vn 0.1724 0.9844 -0.0343
vn 0.9579 -0.2149 -0.1905
vn 0.3408 0.9377 -0.0678
vn 0.8916 -0.4167 -0.1773
vn 0.5046 0.8575 -0.1004
vn 0.7883 -0.5950 -0.1568
vn 0.6564 0.7430 -0.1306
vn 0.6564 -0.7430 -0.1306
vn 0.1758 0.9844 -0.0000
vn 0.3474 0.9377 -0.0000
vn 0.9090 -0.4167 -0.0000
vn 0.5145 0.8575 -0.0000
vn 0.8037 -0.5950 -0.0000
vn 0.6693 0.7430 -0.0000
vn 0.6693 -0.7430 -0.0000
vn 0.8037 0.5950 -0.0000
vn 0.5145 -0.8575 -0.0000
vn 0.9090 0.4167 -0.0000
vn 0.3474 -0.9377 -0.0000
vn 0.9766 0.2149 -0.0000
vn 0.1758 -0.9844 -0.0000
vn 0.9766 -0.2149 -0.0000
vn 0.8916 0.4167 0.1773
vn 0.5046 -0.8575 0.1004
vn 0.3408 -0.9377 0.0678
vn 0.9579 0.2149 0.1905
vn 0.1724 -0.9844 0.0343
vn 0.9808 -0.0000 0.1951
vn 0.1724 0.9844 0.0343
vn 0.9579 -0.2149 0.1905
vn 0.3408 0.9377 0.0678
vn 0.8916 -0.4167 0.1773
vn 0.5046 0.8575 0.1004
vn 0.7883 -0.5950 0.1568
vn 0.6564 0.7430 0.1306
vn 0.6564 -0.7430 0.1306
vn 0.7883 0.5950 0.1568
vn 0.9023 -0.2149 0.3737
vn 0.8398 -0.4167 0.3478
vn 0.4754 0.8575 0.1969
vn 0.7425 -0.5950 0.3075
vn 0.6184 0.7430 0.2561
vn 0.6184 -0.7430 0.2561
vn 0.7425 0.5950 0.3075
vn 0.4754 -0.8575 0.1969
vn 0.8398 0.4167 0.3478
vn 0.3210 -0.9377 0.1329
vn 0.9023 0.2149 0.3737
vn 0.1624 -0.9844 0.0673
vn 0.9239 -0.0000 0.3826
vn 0.1624 0.9844 0.0673
vn 0.3210 0.9377 0.1329
vn 0.4278 -0.8575 0.2858
vn 0.2888 -0.9377 0.1930
vn 0.8121 0.2149 0.5425
vn 0.1461 -0.9844 0.0977
vn 0.8315 -0.0000 0.5555
vn 0.1461 0.9844 0.0977
vn 0.8121 -0.2149 0.5425
vn 0.2888 0.9377 0.1930
vn 0.7559 -0.4167 0.5050
vn 0.4278 0.8575 0.2858
vn 0.6683 -0.5950 0.4465
vn 0.5565 0.7430 0.3718
vn 0.5565 -0.7430 0.3718
vn 0.6683 0.5950 0.4465
vn 0.7559 0.4167 0.5050
vn 0.6428 -0.4167 0.6427
vn 0.5683 -0.5950 0.5683
vn 0.4733 0.7430 0.4732
vn 0.4733 -0.7430 0.4732
vn 0.5683 0.5950 0.5683
vn 0.3638 -0.8575 0.3638
vn 0.6428 0.4167 0.6427
vn 0.2456 -0.9377 0.2456
vn 0.6906 0.2149 0.6905
vn 0.1242 -0.9844 0.1243
vn 0.7072 -0.0000 0.7071
vn 0.1242 0.9844 0.1243
vn 0.6906 -0.2149 0.6905
vn 0.2456 0.9377 0.2456
vn 0.3638 0.8575 0.3638
vn 0.1930 -0.9377 0.2888
vn 0.0976 -0.9845 0.1461
vn 0.5556 -0.0000 0.8314
vn 0.0976 0.9845 0.1461
vn 0.5426 -0.2149 0.8120
vn 0.1930 0.9377 0.2888
vn 0.5051 -0.4167 0.7558
vn 0.2858 0.8575 0.4277
vn 0.4466 -0.5950 0.6682
vn 0.3719 0.7430 0.5564
vn 0.3719 -0.7430 0.5564
vn 0.4466 0.5950 0.6682
vn 0.2858 -0.8575 0.4277
vn 0.5051 0.4167 0.7558
vn 0.5426 0.2149 0.8120
vn 0.2561 0.7430 0.6183
vn 0.3076 -0.5950 0.7425
vn 0.2561 -0.7430 0.6183
vn 0.3076 0.5950 0.7425
vn 0.1969 -0.8575 0.4753
vn 0.3479 0.4167 0.8398
vn 0.1329 -0.9378 0.3209
vn 0.3738 0.2149 0.9023
vn 0.0672 -0.9845 0.1623
vn 0.3827 -0.0000 0.9239
vn 0.0672 0.9845 0.1623
vn 0.3738 -0.2149 0.9023
vn 0.1329 0.9378 0.3209
vn 0.3479 -0.4167 0.8398
vn 0.1969 0.8575 0.4753
vn 0.1951 -0.0000 0.9808
vn 0.0342 0.9845 0.1722
vn 0.0342 -0.9845 0.1722
vn 0.1906 -0.2149 0.9579
vn 0.0678 0.9378 0.3406
vn 0.1774 -0.4167 0.8916
vn 0.1004 0.8575 0.5045
vn 0.1568 -0.5950 0.7882
vn 0.1306 0.7430 0.6564
vn 0.1306 -0.7430 0.6564
vn 0.1568 0.5950 0.7882
vn 0.1004 -0.8575 0.5045
vn 0.1774 0.4167 0.8916
vn 0.0677 -0.9378 0.3406
vn 0.1906 0.2149 0.9579
vn -0.0000 -0.5950 0.8037
vn -0.0000 -0.7430 0.6692
vn -0.0000 0.5950 0.8037
vn -0.0000 -0.8575 0.5144
vn -0.0000 0.4167 0.9090
vn -0.0000 -0.9378 0.3473
vn -0.0000 0.2149 0.9766
vn -0.0000 -0.9845 0.1756
vn -0.0000 0.9845 0.1756
vn -0.0000 -0.2149 0.9766
vn -0.0000 0.9378 0.3473
vn -0.0000 -0.4167 0.9090
vn -0.0000 0.8575 0.5144
vn -0.0000 0.7430 0.6692
vn -0.0342 0.9845 0.1722
vn -0.0342 -0.9845 0.1722
vn -0.1906 -0.2149 0.9579
vn -0.0678 0.9378 0.3406
vn -0.1774 -0.4167 0.8916
vn -0.1004 0.8575 0.5045
vn -0.1568 -0.5950 0.7882
vn -0.1306 0.7430 0.6564
vn -0.1306 -0.7430 0.6564
vn -0.1568 0.5950 0.7882
vn -0.1004 -0.8575 0.5045
vn -0.1774 0.4167 0.8916
vn -0.0677 -0.9378 0.3406
vn -0.1906 0.2149 0.9579
vn -0.1951 -0.0000 0.9808
vn -0.2561 0.7430 0.6183
vn -0.3076 0.5950 0.7425
vn -0.1969 -0.8575 0.4753
vn -0.3479 0.4167 0.8398
vn -0.1329 -0.9378 0.3209
vn -0.3738 0.2149 0.9023
vn -0.0672 -0.9845 0.1623
vn -0.3827 -0.0000 0.9239
vn -0.0672 0.9845 0.1623
vn -0.3738 -0.2149 0.9023
vn -0.1329 0.9378 0.3209
vn -0.3479 -0.4167 0.8398
vn -0.1969 0.8575 0.4753
vn -0.3076 -0.5950 0.7425
vn -0.2561 -0.7430 0.6183
vn -0.5426 -0.2149 0.8120
vn -0.0976 0.9845 0.1461
vn -0.1930 0.9377 0.2888
vn -0.5051 -0.4167 0.7558
vn -0.2858 0.8575 0.4277
vn -0.4466 -0.5950 0.6682
vn -0.3719 0.7430 0.5564
vn -0.3719 -0.7430 0.5564
vn -0.4466 0.5950 0.6682
vn -0.2858 -0.8575 0.4277
vn -0.5051 0.4167 0.7558
vn -0.1930 -0.9377 0.2888
vn -0.5426 0.2149 0.8120
vn -0.0976 -0.9845 0.1461
vn -0.5556 -0.0000 0.8314
vn -0.3638 -0.8575 0.3638
vn -0.5683 0.5950 0.5683
vn -0.6428 0.4167 0.6427
vn -0.2456 -0.9377 0.2456
vn -0.6906 0.2149 0.6905
vn -0.1242 -0.9844 0.1243
vn -0.7072 -0.0000 0.7071
vn -0.1242 0.9844 0.1243
vn -0.6906 -0.2149 0.6905
vn -0.2456 0.9377 0.2456
vn -0.6428 -0.4167 0.6427
vn -0.3638 0.8575 0.3638
vn -0.5683 -0.5950 0.5683
vn -0.4733 0.7430 0.4732
vn -0.4733 -0.7430 0.4732
vn -0.7559 -0.4167 0.5050
vn -0.2888 0.9377 0.1930
vn -0.4278 0.8575 0.2858
vn -0.6683 -0.5950 0.4465
vn -0.5565 0.7430 0.3718
vn -0.5565 -0.7430 0.3718
vn -0.6683 0.5950 0.4465
vn -0.4278 -0.8575 0.2858
vn -0.7559 0.4167 0.5050
vn -0.2888 -0.9377 0.1930
vn -0.8121 0.2149 0.5425
vn -0.1461 -0.9844 0.0977
vn -0.8315 -0.0000 0.5555
vn -0.1461 0.9844 0.0977
vn -0.8121 -0.2149 0.5425
vn -0.3210 -0.9377 0.1329
vn -0.8398 0.4167 0.3478
vn -0.9023 0.2149 0.3737
vn -0.1624 -0.9844 0.0673
vn -0.9239 -0.0000 0.3826
vn -0.1624 0.9844 0.0673
vn -0.9023 -0.2149 0.3737
vn -0.3210 0.9377 0.1329
vn -0.8398 -0.4167 0.3478
vn -0.4754 0.8575 0.1969
vn -0.7425 -0.5950 0.3075
vn -0.6184 0.7430 0.2561
vn -0.6184 -0.7430 0.2561
vn -0.7425 0.5950 0.3075
vn -0.4754 -0.8575 0.1969
vn -0.3408 0.9377 0.0678
vn -0.5046 0.8575 0.1004
vn -0.7883 -0.5950 0.1568
vn -0.6564 0.7430 0.1306
vn -0.6564 -0.7430 0.1306
vn -0.7883 0.5950 0.1568
vn -0.5046 -0.8575 0.1004
vn -0.8916 0.4167 0.1773
vn -0.3408 -0.9377 0.0678
vn -0.9579 0.2149 0.1905
vn -0.1724 -0.9844 0.0343
vn -0.9808 -0.0000 0.1951
vn -0.1724 0.9844 0.0343
vn -0.9579 -0.2149 0.1905
vn -0.8916 -0.4167 0.1773
vn -0.9090 0.4167 -0.0000
vn -0.9766 0.2149 -0.0000
vn -0.1758 -0.9844 -0.0000
vn -0.1758 0.9844 -0.0000
vn -0.9766 -0.2149 -0.0000
vn -0.3474 0.9377 -0.0000
vn -0.9090 -0.4167 -0.0000
vn -0.5145 0.8575 -0.0000
vn -0.8037 -0.5950 -0.0000
vn -0.6693 0.7430 -0.0000
vn -0.6693 -0.7430 -0.0000
vn -0.8037 0.5950 -0.0000
vn -0.5145 -0.8575 -0.0000
vn -0.3474 -0.9377 -0.0000
vn -0.8916 -0.4167 -0.1773
vn -0.7883 -0.5950 -0.1568
vn -0.6564 0.7430 -0.1306
vn -0.6564 -0.7430 -0.1306
vn -0.7883 0.5950 -0.1568
vn -0.5046 -0.8575 -0.1004
vn -0.8916 0.4167 -0.1773
vn -0.3408 -0.9377 -0.0678
vn -0.9579 0.2149 -0.1905
vn -0.1724 -0.9844 -0.0343
vn -0.9808 -0.0000 -0.1951
vn -0.1724 0.9844 -0.0343
vn -0.9579 -0.2149 -0.1905
vn -0.3408 0.9377 -0.0678
vn -0.5046 0.8575 -0.1004
vn -0.3210 -0.9377 -0.1329
vn -0.1624 -0.9844 -0.0673
vn -0.9239 -0.0000 -0.3826
vn -0.1624 0.9844 -0.0673
vn -0.9023 -0.2149 -0.3737
vn -0.3210 0.9377 -0.1329
vn -0.8398 -0.4167 -0.3478
vn -0.4754 0.8575 -0.1969
vn -0.7425 -0.5950 -0.3075
vn -0.6184 0.7430 -0.2561
vn -0.6184 -0.7430 -0.2561
vn -0.7425 0.5950 -0.3075
vn -0.4754 -0.8575 -0.1969
vn -0.8398 0.4167 -0.3478
vn -0.9023 0.2149 -0.3737
vn -0.5565 0.7430 -0.3718
vn -0.6683 -0.5950 -0.4465
vn -0.5565 -0.7430 -0.3718
vn -0.6683 0.5950 -0.4465
vn -0.4278 -0.8575 -0.2858
vn -0.7559 0.4167 -0.5050
vn -0.2888 -0.9377 -0.1930
vn -0.8121 0.2149 -0.5425
vn -0.1461 -0.9844 -0.0977
vn -0.8315 -0.0000 -0.5555
vn -0.1461 0.9844 -0.0977
vn -0.8121 -0.2149 -0.5425
vn -0.2888 0.9377 -0.1930
vn -0.7559 -0.4167 -0.5050
vn -0.4278 0.8575 -0.2858
vn -0.7072 -0.0000 -0.7071
vn -0.1242 0.9844 -0.1243
vn -0.1242 -0.9844 -0.1243
vn -0.6906 -0.2149 -0.6905
vn -0.2456 0.9377 -0.2456
vn -0.6428 -0.4167 -0.6427
vn -0.3638 0.8575 -0.3638
vn -0.5683 -0.5950 -0.5683
vn -0.4733 0.7430 -0.4732
vn -0.4733 -0.7430 -0.4732
vn -0.5683 0.5950 -0.5683
vn -0.3638 -0.8575 -0.3638
vn -0.6428 0.4167 -0.6427
vn -0.2456 -0.9377 -0.2456
vn -0.6906 0.2149 -0.6905
vn -0.4466 -0.5950 -0.6682
vn -0.3719 -0.7430 -0.5564
vn -0.4466 0.5950 -0.6682
vn -0.2858 -0.8575 -0.4277
vn -0.5051 0.4167 -0.7558
vn -0.1930 -0.9377 -0.2888
vn -0.5426 0.2149 -0.8120
vn -0.0976 -0.9845 -0.1461
vn -0.5556 -0.0000 -0.8314
vn -0.0976 0.9845 -0.1461
vn -0.5426 -0.2149 -0.8120
vn -0.1930 0.9377 -0.2888
vn -0.5051 -0.4167 -0.7558
vn -0.2858 0.8575 -0.4277
vn -0.3719 0.7430 -0.5564
vn -0.0672 -0.9845 -0.1623
vn -0.3827 -0.0000 -0.9239
vn -0.3738 -0.2149 -0.9023
vn -0.1329 0.9378 -0.3209
vn -0.3479 -0.4167 -0.8398
vn -0.1969 0.8575 -0.4753
vn -0.3076 -0.5950 -0.7425
vn -0.2561 0.7430 -0.6183
vn -0.2561 -0.7430 -0.6183
vn -0.3076 0.5950 -0.7425
vn -0.1969 -0.8575 -0.4753
vn -0.3479 0.4167 -0.8398
vn -0.1329 -0.9378 -0.3209
vn -0.3738 0.2149 -0.9023
vn -0.0672 0.9845 -0.1623
vn -0.1306 -0.7430 -0.6564
vn -0.1004 -0.8575 -0.5045
vn -0.1774 0.4167 -0.8916
vn -0.0677 -0.9378 -0.3406
vn -0.1906 0.2149 -0.9579
vn -0.0342 -0.9845 -0.1722
vn -0.1951 -0.0000 -0.9808
vn -0.0342 0.9845 -0.1722
vn -0.1906 -0.2149 -0.9579
vn -0.0678 0.9378 -0.3406
vn -0.1774 -0.4167 -0.8916
vn -0.1004 0.8575 -0.5045
vn -0.1568 -0.5950 -0.7882
vn -0.1306 0.7430 -0.6564
vn -0.1568 0.5950 -0.7882
vt 0.625000 0.000000
vt 0.375000 0.250000
vt 0.375000 0.000000
vt 0.625000 0.250000
vt 0.375000 0.500000
vt 0.625000 0.500000
vt 0.375000 0.750000
vt 0.625000 0.750000
vt 0.375000 1.000000
vt 0.125000 0.750000
vt 0.125000 0.500000
vt 0.875000 0.500000
vt 0.000000 0.000000
vt 0.375000 0.484375
vt 0.625000 0.265625
vt 0.375000 0.265625
vt 0.625000 0.484375
vt 0.750000 0.500000
vt 0.718750 0.437500
vt 0.750000 0.437500
vt 0.750000 0.875000
vt 0.718750 0.937500
vt 0.718750 0.875000
vt 0.718750 0.375000
vt 0.750000 0.375000
vt 0.750000 0.812500
vt 0.718750 0.812500
vt 0.718750 0.312500
vt 0.750000 0.312500
vt 0.750000 0.750000
vt 0.718750 0.750000
vt 0.718750 0.250000
vt 0.750000 0.250000
vt 0.750000 0.687500
vt 0.718750 0.687500
vt 0.718750 0.187500
vt 0.750000 0.187500
vt 0.750000 0.625000
vt 0.718750 0.625000
vt 0.718750 0.125000
vt 0.750000 0.125000
vt 0.750000 0.562500
vt 0.718750 0.562500
vt 0.718750 0.062500
vt 0.750000 0.062500
vt 0.718750 0.500000
vt 0.750000 0.937500
vt 0.734375 1.000000
vt 0.734375 0.000000
vt 0.687500 0.062500
vt 0.687500 0.562500
vt 0.687500 0.500000
vt 0.703125 1.000000
vt 0.687500 0.937500
vt 0.703125 0.000000
vt 0.687500 0.437500
vt 0.687500 0.875000
vt 0.687500 0.375000
vt 0.687500 0.812500
vt 0.687500 0.312500
vt 0.687500 0.750000
vt 0.687500 0.250000
vt 0.687500 0.687500
vt 0.687500 0.187500
vt 0.687500 0.625000
vt 0.687500 0.125000
vt 0.656250 0.250000
vt 0.656250 0.750000
vt 0.656250 0.687500
vt 0.656250 0.187500
vt 0.656250 0.625000
vt 0.656250 0.125000
vt 0.656250 0.562500
vt 0.656250 0.062500
vt 0.656250 0.500000
vt 0.671875 1.000000
vt 0.656250 0.937500
vt 0.671875 0.000000
vt 0.656250 0.437500
vt 0.656250 0.875000
vt 0.656250 0.375000
vt 0.656250 0.812500
vt 0.656250 0.312500
vt 0.640625 1.000000
vt 0.625000 0.937500
vt 0.640625 0.000000
vt 0.625000 0.062500
vt 0.625000 0.437500
vt 0.625000 0.875000
vt 0.625000 0.375000
vt 0.625000 0.812500
vt 0.625000 0.312500
vt 0.625000 0.687500
vt 0.625000 0.187500
vt 0.625000 0.625000
vt 0.625000 0.125000
vt 0.625000 0.562500
vt 0.593750 0.750000
vt 0.593750 0.687500
vt 0.593750 0.187500
vt 0.593750 0.625000
vt 0.593750 0.125000
vt 0.593750 0.562500
vt 0.593750 0.062500
vt 0.593750 0.500000
vt 0.609375 1.000000
vt 0.593750 0.937500
vt 0.609375 0.000000
vt 0.593750 0.437500
vt 0.593750 0.875000
vt 0.593750 0.375000
vt 0.593750 0.812500
vt 0.593750 0.312500
vt 0.593750 0.250000
vt 0.562500 0.437500
vt 0.562500 0.937500
vt 0.562500 0.875000
vt 0.562500 0.375000
vt 0.562500 0.812500
vt 0.562500 0.312500
vt 0.562500 0.750000
vt 0.562500 0.250000
vt 0.562500 0.687500
vt 0.562500 0.187500
vt 0.562500 0.625000
vt 0.562500 0.125000
vt 0.562500 0.562500
vt 0.562500 0.062500
vt 0.562500 0.500000
vt 0.578125 1.000000
vt 0.578125 0.000000
vt 0.531250 0.187500
vt 0.531250 0.687500
vt 0.531250 0.625000
vt 0.531250 0.125000
vt 0.531250 0.562500
vt 0.531250 0.062500
vt 0.531250 0.500000
vt 0.546875 1.000000
vt 0.531250 0.937500
vt 0.546875 0.000000
vt 0.531250 0.437500
vt 0.531250 0.875000
vt 0.531250 0.375000
vt 0.531250 0.812500
vt 0.531250 0.312500
vt 0.531250 0.750000
vt 0.531250 0.250000
vt 0.500000 0.937500
vt 0.500000 0.875000
vt 0.500000 0.375000
vt 0.500000 0.812500
vt 0.500000 0.312500
vt 0.500000 0.750000
vt 0.500000 0.250000
vt 0.500000 0.687500
vt 0.500000 0.187500
vt 0.500000 0.625000
vt 0.500000 0.125000
vt 0.500000 0.562500
vt 0.500000 0.062500
vt 0.500000 0.500000
vt 0.515625 1.000000
vt 0.515625 0.000000
vt 0.500000 0.437500
vt 0.468750 0.625000
vt 0.468750 0.187500
vt 0.468750 0.125000
vt 0.468750 0.562500
vt 0.468750 0.062500
vt 0.468750 0.500000
vt 0.484375 1.000000
vt 0.468750 0.937500
vt 0.484375 0.000000
vt 0.468750 0.437500
vt 0.468750 0.875000
vt 0.468750 0.375000
vt 0.468750 0.812500
vt 0.468750 0.312500
vt 0.468750 0.750000
vt 0.468750 0.250000
vt 0.468750 0.687500
vt 0.437500 0.437500
vt 0.437500 0.375000
vt 0.437500 0.812500
vt 0.437500 0.312500
vt 0.437500 0.750000
vt 0.437500 0.250000
vt 0.437500 0.687500
vt 0.437500 0.187500
vt 0.437500 0.625000
vt 0.437500 0.125000
vt 0.437500 0.562500
vt 0.437500 0.062500
vt 0.437500 0.500000
vt 0.453125 1.000000
vt 0.437500 0.937500
vt 0.453125 0.000000
vt 0.437500 0.875000
vt 0.406250 0.187500
vt 0.406250 0.125000
vt 0.406250 0.562500
vt 0.406250 0.062500
vt 0.406250 0.500000
vt 0.421875 1.000000
vt 0.406250 0.937500
vt 0.421875 0.000000
vt 0.406250 0.437500
vt 0.406250 0.875000
vt 0.406250 0.375000
vt 0.406250 0.812500
vt 0.406250 0.312500
vt 0.406250 0.750000
vt 0.406250 0.250000
vt 0.406250 0.687500
vt 0.406250 0.625000
vt 0.375000 0.375000
vt 0.375000 0.312500
vt 0.375000 0.750000
vt 0.375000 0.687500
vt 0.375000 0.187500
vt 0.375000 0.625000
vt 0.375000 0.125000
vt 0.375000 0.562500
vt 0.375000 0.062500
vt 0.375000 0.500000
vt 0.390625 1.000000
vt 0.375000 0.937500
vt 0.390625 0.000000
vt 0.375000 0.437500
vt 0.375000 0.875000
vt 0.375000 0.812500
vt 0.343750 0.125000
vt 0.343750 0.062500
vt 0.343750 0.500000
vt 0.359375 1.000000
vt 0.343750 0.937500
vt 0.359375 0.000000
vt 0.343750 0.437500
vt 0.343750 0.875000
vt 0.343750 0.375000
vt 0.343750 0.812500
vt 0.343750 0.312500
vt 0.343750 0.750000
vt 0.343750 0.250000
vt 0.343750 0.687500
vt 0.343750 0.187500
vt 0.343750 0.625000
vt 0.343750 0.562500
vt 0.312500 0.750000
vt 0.312500 0.312500
vt 0.312500 0.250000
vt 0.312500 0.687500
vt 0.312500 0.187500
vt 0.312500 0.625000
vt 0.312500 0.125000
vt 0.312500 0.562500
vt 0.312500 0.062500
vt 0.312500 0.500000
vt 0.328125 1.000000
vt 0.312500 0.937500
vt 0.328125 0.000000
vt 0.312500 0.437500
vt 0.312500 0.875000
vt 0.312500 0.375000
vt 0.312500 0.812500
vt 0.281250 0.500000
vt 0.296875 1.000000
vt 0.281250 0.937500
vt 0.296875 0.000000
vt 0.281250 0.062500
vt 0.281250 0.437500
vt 0.281250 0.875000
vt 0.281250 0.375000
vt 0.281250 0.812500
vt 0.281250 0.312500
vt 0.281250 0.750000
vt 0.281250 0.250000
vt 0.281250 0.687500
vt 0.281250 0.187500
vt 0.281250 0.625000
vt 0.281250 0.125000
vt 0.281250 0.562500
vt 0.250000 0.312500
vt 0.250000 0.250000
vt 0.250000 0.687500
vt 0.250000 0.187500
vt 0.250000 0.625000
vt 0.250000 0.125000
vt 0.250000 0.562500
vt 0.250000 0.062500
vt 0.250000 0.500000
vt 0.265625 1.000000
vt 0.250000 0.937500
vt 0.265625 0.000000
vt 0.250000 0.437500
vt 0.250000 0.875000
vt 0.250000 0.375000
vt 0.250000 0.812500
vt 0.250000 0.750000
vt 0.234375 1.000000
vt 0.218750 0.937500
vt 0.234375 0.000000
vt 0.218750 0.062500
vt 0.218750 0.437500
vt 0.218750 0.875000
vt 0.218750 0.375000
vt 0.218750 0.812500
vt 0.218750 0.312500
vt 0.218750 0.750000
vt 0.218750 0.250000
vt 0.218750 0.687500
vt 0.218750 0.187500
vt 0.218750 0.625000
vt 0.218750 0.125000
vt 0.218750 0.562500
vt 0.218750 0.500000
vt 0.187500 0.750000
vt 0.187500 0.687500
vt 0.187500 0.187500
vt 0.187500 0.625000
vt 0.187500 0.125000
vt 0.187500 0.562500
vt 0.187500 0.062500
vt 0.187500 0.500000
vt 0.203125 1.000000
vt 0.187500 0.937500
vt 0.203125 0.000000
vt 0.187500 0.437500
vt 0.187500 0.875000
vt 0.187500 0.375000
vt 0.187500 0.812500
vt 0.187500 0.312500
vt 0.187500 0.250000
vt 0.156250 0.437500
vt 0.156250 0.937500
vt 0.156250 0.875000
vt 0.156250 0.375000
vt 0.156250 0.812500
vt 0.156250 0.312500
vt 0.156250 0.750000
vt 0.156250 0.250000
vt 0.156250 0.687500
vt 0.156250 0.187500
vt 0.156250 0.625000
vt 0.156250 0.125000
vt 0.156250 0.562500
vt 0.156250 0.062500
vt 0.156250 0.500000
vt 0.171875 1.000000
vt 0.171875 0.000000
vt 0.125000 0.187500
vt 0.125000 0.687500
vt 0.125000 0.625000
vt 0.125000 0.125000
vt 0.125000 0.562500
vt 0.125000 0.062500
vt 0.125000 0.500000
vt 0.140625 1.000000
vt 0.125000 0.937500
vt 0.140625 0.000000
vt 0.125000 0.437500
vt 0.125000 0.875000
vt 0.125000 0.375000
vt 0.125000 0.812500
vt 0.125000 0.312500
vt 0.125000 0.750000
vt 0.125000 0.250000
vt 0.093750 0.375000
vt 0.093750 0.875000
vt 0.093750 0.812500
vt 0.093750 0.312500
vt 0.093750 0.750000
vt 0.093750 0.250000
vt 0.093750 0.687500
vt 0.093750 0.187500
vt 0.093750 0.625000
vt 0.093750 0.125000
vt 0.093750 0.562500
vt 0.093750 0.062500
vt 0.093750 0.500000
vt 0.109375 1.000000
vt 0.093750 0.937500
vt 0.109375 0.000000
vt 0.093750 0.437500
vt 0.062500 0.125000
vt 0.062500 0.625000
vt 0.062500 0.562500
vt 0.062500 0.062500
vt 0.062500 0.500000
vt 0.078125 1.000000
vt 0.062500 0.937500
vt 0.078125 0.000000
vt 0.062500 0.437500
vt 0.062500 0.875000
vt 0.062500 0.375000
vt 0.062500 0.812500
vt 0.062500 0.312500
vt 0.062500 0.750000
vt 0.062500 0.250000
vt 0.062500 0.687500
vt 0.062500 0.187500
vt 0.031250 0.875000
vt 0.031250 0.812500
vt 0.031250 0.312500
vt 0.031250 0.750000
vt 0.031250 0.250000
vt 0.031250 0.687500
vt 0.031250 0.187500
vt 0.031250 0.625000
vt 0.031250 0.125000
vt 0.031250 0.562500
vt 0.031250 0.062500
vt 0.031250 0.500000
vt 0.046875 1.000000
vt 0.031250 0.937500
vt 0.046875 0.000000
vt 0.031250 0.437500
vt 0.031250 0.375000
vt 0.000000 0.625000
vt 0.000000 0.562500
vt 0.000000 0.062500
vt 0.000000 0.500000
vt 0.015625 1.000000
vt 0.000000 0.937500
vt 0.015625 0.000000
vt 0.000000 0.437500
vt 0.000000 0.875000
vt 0.000000 0.375000
vt 0.000000 0.812500
vt 0.000000 0.312500
vt 0.000000 0.750000
vt 0.000000 0.250000
vt 0.000000 0.687500
vt 0.000000 0.187500
vt 0.000000 0.125000
vt 1.000000 0.312500
vt 0.968750 0.375000
vt 0.968750 0.312500
vt 1.000000 0.812500
vt 0.968750 0.750000
vt 1.000000 0.750000
vt 1.000000 0.250000
vt 0.968750 0.250000
vt 0.968750 0.687500
vt 1.000000 0.687500
vt 1.000000 0.187500
vt 0.968750 0.187500
vt 0.968750 0.625000
vt 1.000000 0.625000
vt 1.000000 0.125000
vt 0.968750 0.125000
vt 0.968750 0.562500
vt 1.000000 0.562500
vt 1.000000 0.062500
vt 0.968750 0.062500
vt 0.968750 0.500000
vt 1.000000 0.500000
vt 1.000000 0.937500
vt 0.984375 1.000000
vt 0.968750 0.937500
vt 0.984375 0.000000
vt 1.000000 0.437500
vt 0.968750 0.437500
vt 0.968750 0.875000
vt 1.000000 0.875000
vt 1.000000 0.375000
vt 0.968750 0.812500
vt 0.937500 0.125000
vt 0.937500 0.062500
vt 0.937500 0.500000
vt 0.953125 1.000000
vt 0.937500 0.937500
vt 0.953125 0.000000
vt 0.937500 0.437500
vt 0.937500 0.875000
vt 0.937500 0.375000
vt 0.937500 0.812500
vt 0.937500 0.312500
vt 0.937500 0.750000
vt 0.937500 0.250000
vt 0.937500 0.687500
vt 0.937500 0.187500
vt 0.937500 0.625000
vt 0.937500 0.562500
vt 0.906250 0.750000
vt 0.906250 0.312500
vt 0.906250 0.250000
vt 0.906250 0.687500
vt 0.906250 0.187500
vt 0.906250 0.625000
vt 0.906250 0.125000
vt 0.906250 0.562500
vt 0.906250 0.062500
vt 0.906250 0.500000
vt 0.921875 1.000000
vt 0.906250 0.937500
vt 0.921875 0.000000
vt 0.906250 0.437500
vt 0.906250 0.875000
vt 0.906250 0.375000
vt 0.906250 0.812500
vt 0.875000 0.500000
vt 0.890625 1.000000
vt 0.875000 0.937500
vt 0.890625 0.000000
vt 0.875000 0.062500
vt 0.875000 0.437500
vt 0.875000 0.875000
vt 0.875000 0.375000
vt 0.875000 0.812500
vt 0.875000 0.312500
vt 0.875000 0.750000
vt 0.875000 0.250000
vt 0.875000 0.687500
vt 0.875000 0.187500
vt 0.875000 0.625000
vt 0.875000 0.125000
vt 0.875000 0.562500
vt 0.843750 0.312500
vt 0.843750 0.250000
vt 0.843750 0.687500
vt 0.843750 0.187500
vt 0.843750 0.625000
vt 0.843750 0.125000
vt 0.843750 0.562500
vt 0.843750 0.062500
vt 0.843750 0.500000
vt 0.859375 1.000000
vt 0.843750 0.937500
vt 0.859375 0.000000
vt 0.843750 0.437500
vt 0.843750 0.875000
vt 0.843750 0.375000
vt 0.843750 0.812500
vt 0.843750 0.750000
vt 0.828125 0.000000
vt 0.812500 0.062500
vt 0.812500 0.500000
vt 0.812500 0.437500
vt 0.812500 0.875000
vt 0.812500 0.375000
vt 0.812500 0.812500
vt 0.812500 0.312500
vt 0.812500 0.750000
vt 0.812500 0.250000
vt 0.812500 0.687500
vt 0.812500 0.187500
vt 0.812500 0.625000
vt 0.812500 0.125000
vt 0.812500 0.562500
vt 0.828125 1.000000
vt 0.812500 0.937500
vt 0.781250 0.250000
vt 0.781250 0.187500
vt 0.781250 0.625000
vt 0.781250 0.125000
vt 0.781250 0.562500
vt 0.781250 0.062500
vt 0.781250 0.500000
vt 0.796875 1.000000
vt 0.781250 0.937500
vt 0.796875 0.000000
vt 0.781250 0.437500
vt 0.781250 0.875000
vt 0.781250 0.375000
vt 0.781250 0.812500
vt 0.781250 0.312500
vt 0.781250 0.750000
vt 0.781250 0.687500
vt 0.765625 1.000000
vt 0.765625 0.000000
vt 0.625000 1.000000
vt 0.875000 0.750000
vt 0.375000 0.281250
vt 0.375000 0.296875
vt 0.375000 0.312500
vt 0.375000 0.328125
vt 0.375000 0.343750
vt 0.375000 0.359375
vt 0.375000 0.390625
vt 0.375000 0.406250
vt 0.375000 0.421875
vt 0.375000 0.453125
vt 0.375000 0.468750
vt 0.625000 0.468750
vt 0.625000 0.453125
vt 0.625000 0.421875
vt 0.625000 0.406250
vt 0.625000 0.390625
vt 0.625000 0.359375
vt 0.625000 0.343750
vt 0.625000 0.328125
vt 0.625000 0.312500
vt 0.625000 0.296875
vt 0.625000 0.281250
vt 0.500000 0.500000
s 0
usemtl Material.012
f 2/1/1 3/2/1 1/3/1
f 4/4/2 7/5/2 3/2/2
f 8/6/3 5/7/3 7/5/3
f 6/8/4 1/9/4 5/7/4
f 7/5/5 1/10/5 3/11/5
f 4/12/6 6/8/6 8/6/6
f 2/1/1 4/4/1 3/2/1
f 4/4/2 8/6/2 7/5/2
f 8/6/3 6/8/3 5/7/3
f 6/8/4 2/573/4 1/9/4
f 7/5/5 5/7/5 1/10/5
f 4/12/6 2/574/6 6/8/6
usemtl Material.002
f 10/1/7 11/2/7 9/3/7
f 12/4/8 15/5/8 11/2/8
f 16/6/9 13/7/9 15/5/9
f 14/8/10 9/9/10 13/7/10
f 15/5/5 9/10/5 11/11/5
f 12/12/6 14/8/6 16/6/6
f 10/1/7 12/4/7 11/2/7
f 12/4/8 16/6/8 15/5/8
f 16/6/9 14/8/9 13/7/9
f 14/8/10 10/573/10 9/9/10
f 15/5/5 13/7/5 9/10/5
f 12/12/6 10/574/6 14/8/6
usemtl Material.003
f 18/1/7 19/2/7 17/3/7
f 19/2/8 24/6/8 23/5/8
f 24/6/9 21/7/9 23/5/9
f 22/8/10 17/9/10 21/7/10
f 23/5/5 17/10/5 19/11/5
f 20/12/6 22/8/6 24/6/6
f 18/1/7 20/4/7 19/2/7
f 19/2/8 20/4/8 24/6/8
f 24/6/9 22/8/9 21/7/9
f 22/8/10 18/573/10 17/9/10
f 23/5/5 21/7/5 17/10/5
f 20/12/6 18/574/6 22/8/6
usemtl Material.004
f 26/1/1 38/2/1 25/3/1
f 28/4/2 31/5/2 27/2/2
f 40/6/3 29/7/3 39/5/3
f 30/8/4 25/9/4 29/7/4
f 39/5/5 25/10/5 38/11/5
f 37/12/6 30/8/6 40/6/6
f 34/12/4 35/8/4 36/6/4
f 45/13/6 42/13/6 37/13/6
f 62/14/6 39/5/6 38/2/6
f 76/15/6 37/4/6 40/6/6
f 48/13/6 44/13/6 39/13/6
f 27/2/6 42/2/6 41/4/6
f 27/2/6 31/5/6 55/16/6
f 32/6/6 28/4/6 69/17/6
f 32/6/6 44/6/6 43/5/6
f 26/1/1 37/4/1 38/2/1
f 28/4/2 32/6/2 31/5/2
f 40/6/3 30/8/3 29/7/3
f 30/8/4 26/573/4 25/9/4
f 39/5/5 29/7/5 25/10/5
f 37/12/6 26/574/6 30/8/6
f 34/12/4 33/574/4 35/8/4
f 37/13/6 41/13/6 45/13/6
f 42/13/6 38/13/6 37/13/6
f 38/2/6 42/2/6 55/16/6
f 51/575/6 59/576/6 49/577/6
f 38/2/6 55/16/6 51/575/6
f 49/577/6 57/578/6 53/579/6
f 38/2/5 51/575/5 49/577/5
f 53/579/6 61/580/6 46/217/6
f 38/2/6 49/577/6 53/579/6
f 46/217/6 56/581/6 52/582/6
f 38/2/5 53/579/5 46/217/5
f 52/582/6 60/583/6 50/230/6
f 38/2/6 46/217/6 52/582/6
f 50/230/6 58/584/6 54/585/6
f 38/2/6 52/582/6 50/230/6
f 50/230/6 54/585/6 62/14/6
f 38/2/6 50/230/6 62/14/6
f 62/14/6 43/5/6 39/5/6
f 40/6/6 44/6/6 69/17/6
f 65/586/6 73/587/6 63/88/6
f 40/6/6 69/17/6 65/586/6
f 63/88/6 71/588/6 67/589/6
f 40/6/6 65/586/6 63/88/6
f 67/589/5 75/590/5 47/90/5
f 40/6/6 63/88/6 67/589/6
f 47/90/6 70/591/6 66/592/6
f 40/6/5 67/589/5 47/90/5
f 66/592/5 74/593/5 64/594/5
f 40/6/6 47/90/6 66/592/6
f 64/594/6 72/595/6 68/596/6
f 40/6/5 66/592/5 64/594/5
f 64/594/6 68/596/6 76/15/6
f 40/6/5 64/594/5 76/15/5
f 76/15/6 41/4/6 37/4/6
f 39/13/6 43/13/6 48/13/6
f 44/13/6 40/13/6 39/13/6
f 41/4/6 28/4/6 27/2/6
f 42/2/6 45/155/6 41/4/6
f 31/5/6 43/5/6 62/14/6
f 31/5/6 62/14/6 54/585/6
f 31/5/6 54/585/6 50/230/6
f 31/5/6 50/230/6 52/582/6
f 31/5/5 52/582/5 46/217/5
f 31/5/6 46/217/6 53/579/6
f 31/5/5 53/579/5 49/577/5
f 49/577/6 51/575/6 55/16/6
f 31/5/5 49/577/5 55/16/5
f 55/16/6 42/2/6 27/2/6
f 28/4/6 41/4/6 76/15/6
f 28/4/6 76/15/6 68/596/6
f 28/4/5 68/596/5 64/594/5
f 28/4/6 64/594/6 66/592/6
f 28/4/5 66/592/5 47/90/5
f 28/4/6 47/90/6 67/589/6
f 28/4/6 67/589/6 63/88/6
f 63/88/6 65/586/6 69/17/6
f 28/4/6 63/88/6 69/17/6
f 69/17/6 44/6/6 32/6/6
f 43/5/6 31/5/6 32/6/6
f 44/6/6 48/597/6 43/5/6
s 1
usemtl Material.051
f 80/18/2 91/19/11 81/20/12
f 551/21/13 83/22/14 84/23/15
f 81/20/12 92/24/16 554/25/17
f 77/26/18 84/23/15 85/27/19
f 554/25/17 93/28/20 82/29/21
f 552/30/22 85/27/19 86/31/23
f 82/29/21 94/32/24 555/33/25
f 78/34/26 86/31/23 87/35/27
f 555/33/25 95/36/28 556/37/29
f 553/38/30 87/35/27 88/39/31
f 556/37/29 96/40/32 557/41/33
f 79/42/34 88/39/31 89/43/35
f 557/41/33 97/44/36 558/45/37
f 80/18/2 89/43/35 90/46/38
f 550/47/39 158/48/6 83/22/14
f 384/49/5 558/45/37 97/44/36
f 96/40/32 112/50/40 97/44/36
f 90/46/38 104/51/41 105/52/42
f 83/22/14 158/53/6 98/54/43
f 384/55/5 97/44/36 112/50/40
f 90/46/38 106/56/44 91/19/11
f 84/23/15 98/54/43 99/57/45
f 91/19/11 107/58/46 92/24/16
f 85/27/19 99/57/45 100/59/47
f 92/24/16 108/60/48 93/28/20
f 86/31/23 100/59/47 101/61/49
f 93/28/20 109/62/50 94/32/24
f 87/35/27 101/61/49 102/63/51
f 94/32/24 110/64/52 95/36/28
f 88/39/31 102/63/51 103/65/53
f 95/36/28 111/66/54 96/40/32
f 89/43/35 103/65/53 104/51/41
f 108/60/48 124/67/55 109/62/50
f 102/63/51 116/68/56 117/69/57
f 109/62/50 125/70/58 110/64/52
f 103/65/53 117/69/57 118/71/59
f 110/64/52 126/72/60 111/66/54
f 104/51/41 118/71/59 119/73/61
f 111/66/54 127/74/62 112/50/40
f 105/52/42 119/73/61 120/75/63
f 98/54/43 158/76/6 113/77/64
f 384/78/5 112/50/40 127/74/62
f 105/52/42 121/79/65 106/56/44
f 99/57/45 113/77/64 114/80/66
f 106/56/44 122/81/67 107/58/46
f 100/59/47 114/80/66 115/82/68
f 107/58/46 123/83/69 108/60/48
f 101/61/49 115/82/68 116/68/56
f 113/77/64 158/84/6 128/85/70
f 384/86/5 127/74/62 142/87/71
f 120/75/63 136/88/72 121/79/65
f 114/80/66 128/85/70 129/89/73
f 121/79/65 137/90/74 122/81/67
f 115/82/68 129/89/73 130/91/75
f 122/81/67 138/92/76 123/83/69
f 116/68/56 130/91/75 131/8/77
f 123/83/69 139/4/78 124/67/55
f 117/69/57 131/8/77 132/93/79
f 124/67/55 140/94/80 125/70/58
f 118/71/59 132/93/79 133/95/81
f 125/70/58 141/96/82 126/72/60
f 119/73/61 133/95/81 134/97/83
f 126/72/60 142/87/71 127/74/62
f 120/75/63 134/97/83 135/6/84
f 132/93/79 146/98/85 147/99/86
f 139/4/78 155/100/87 140/94/80
f 133/95/81 147/99/86 148/101/88
f 140/94/80 156/102/89 141/96/82
f 134/97/83 148/101/88 149/103/90
f 141/96/82 157/104/91 142/87/71
f 135/6/84 149/103/90 150/105/92
f 128/85/70 158/106/6 143/107/93
f 384/108/5 142/87/71 157/104/91
f 135/6/84 151/109/94 136/88/72
f 129/89/73 143/107/93 144/110/95
f 136/88/72 152/111/96 137/90/74
f 130/91/75 144/110/95 145/112/97
f 137/90/74 153/113/98 138/92/76
f 131/8/77 145/112/97 146/98/85
f 138/92/76 154/114/99 139/4/78
f 150/105/92 167/115/100 151/109/94
f 144/110/95 159/116/101 160/117/102
f 151/109/94 168/118/103 152/111/96
f 145/112/97 160/117/102 161/119/104
f 152/111/96 169/120/105 153/113/98
f 146/98/85 161/119/104 162/121/106
f 153/113/98 170/122/107 154/114/99
f 147/99/86 162/121/106 163/123/108
f 154/114/99 171/124/109 155/100/87
f 148/101/88 163/123/108 164/125/110
f 155/100/87 172/126/111 156/102/89
f 149/103/90 164/125/110 165/127/112
f 156/102/89 173/128/113 157/104/91
f 150/105/92 165/127/112 166/129/114
f 143/107/93 158/130/6 159/116/101
f 384/131/5 157/104/91 173/128/113
f 170/122/107 186/132/115 171/124/109
f 164/125/110 178/133/116 179/134/117
f 171/124/109 187/135/118 172/126/111
f 165/127/112 179/134/117 180/136/119
f 172/126/111 188/137/120 173/128/113
f 166/129/114 180/136/119 181/138/121
f 159/116/101 158/139/6 174/140/122
f 384/141/5 173/128/113 188/137/120
f 166/129/114 182/142/123 167/115/100
f 160/117/102 174/140/122 175/143/124
f 167/115/100 183/144/125 168/118/103
f 161/119/104 175/143/124 176/145/126
f 168/118/103 184/146/127 169/120/105
f 162/121/106 176/145/126 177/147/128
f 169/120/105 185/148/129 170/122/107
f 163/123/108 177/147/128 178/133/116
f 175/143/124 189/149/130 190/150/131
f 182/142/123 198/151/132 183/144/125
f 176/145/126 190/150/131 191/152/133
f 183/144/125 199/153/134 184/146/127
f 177/147/128 191/152/133 192/154/135
f 184/146/127 200/155/136 185/148/129
f 178/133/116 192/154/135 193/156/137
f 185/148/129 201/157/138 186/132/115
f 179/134/117 193/156/137 194/158/139
f 186/132/115 202/159/140 187/135/118
f 180/136/119 194/158/139 195/160/141
f 187/135/118 203/161/142 188/137/120
f 181/138/121 195/160/141 196/162/3
f 174/140/122 158/163/6 189/149/130
f 384/164/5 188/137/120 203/161/142
f 181/138/121 197/165/143 182/142/123
f 193/156/137 209/166/144 194/158/139
f 202/159/140 216/167/145 217/168/146
f 194/158/139 210/169/147 195/160/141
f 203/161/142 217/168/146 218/170/148
f 195/160/141 211/171/149 196/162/3
f 189/149/130 158/172/6 204/173/150
f 384/174/5 203/161/142 218/170/148
f 197/165/143 211/171/149 212/175/151
f 189/149/130 205/176/152 190/150/131
f 198/151/132 212/175/151 213/177/153
f 190/150/131 206/178/154 191/152/133
f 199/153/134 213/177/153 214/179/155
f 191/152/133 207/180/156 192/154/135
f 200/155/136 214/179/155 215/181/157
f 192/154/135 208/182/158 193/156/137
f 201/157/138 215/181/157 216/167/145
f 213/177/153 227/183/159 228/184/160
f 205/176/152 221/185/161 206/178/154
f 214/179/155 228/184/160 229/186/162
f 206/178/154 222/187/163 207/180/156
f 215/181/157 229/186/162 230/188/164
f 207/180/156 223/189/165 208/182/158
f 216/167/145 230/188/164 231/190/166
f 208/182/158 224/191/167 209/166/144
f 217/168/146 231/190/166 232/192/168
f 209/166/144 225/193/169 210/169/147
f 218/170/148 232/192/168 233/194/170
f 210/169/147 226/195/171 211/171/149
f 204/173/150 158/196/6 219/197/172
f 384/198/5 218/170/148 233/194/170
f 212/175/151 226/195/171 227/183/159
f 204/173/150 220/199/173 205/176/152
f 232/192/168 246/200/174 247/201/175
f 224/191/167 240/202/176 225/193/169
f 233/194/170 247/201/175 248/203/177
f 225/193/169 241/204/178 226/195/171
f 219/197/172 158/205/6 234/206/179
f 384/207/5 233/194/170 248/203/177
f 227/183/159 241/204/178 242/208/180
f 219/197/172 235/209/181 220/199/173
f 228/184/160 242/208/180 243/210/182
f 220/199/173 236/211/183 221/185/161
f 229/186/162 243/210/182 244/212/184
f 221/185/161 237/213/185 222/187/163
f 230/188/164 244/212/184 245/214/186
f 222/187/163 238/215/187 223/189/165
f 231/190/166 245/214/186 246/200/174
f 223/189/165 239/216/188 224/191/167
f 244/212/184 258/217/189 259/218/190
f 236/211/183 252/219/191 237/213/185
f 245/214/186 259/218/190 260/2/192
f 237/213/185 253/220/193 238/215/187
f 246/200/174 260/2/192 261/221/194
f 238/215/187 254/222/195 239/216/188
f 247/201/175 261/221/194 262/223/196
f 239/216/188 255/224/197 240/202/176
f 248/203/177 262/223/196 263/225/198
f 240/202/176 256/226/199 241/204/178
f 234/206/179 158/227/6 249/228/200
f 384/229/5 248/203/177 263/225/198
f 242/208/180 256/226/199 257/230/201
f 234/206/179 250/231/202 235/209/181
f 243/210/182 257/230/201 258/217/189
f 235/209/181 251/232/203 236/211/183
f 263/225/198 277/233/204 278/234/205
f 255/224/197 271/235/206 256/226/199
f 249/228/200 158/236/6 264/237/207
f 384/238/5 263/225/198 278/234/205
f 257/230/201 271/235/206 272/239/208
f 249/228/200 265/240/209 250/231/202
f 258/217/189 272/239/208 273/241/210
f 250/231/202 266/242/211 251/232/203
f 259/218/190 273/241/210 274/243/212
f 251/232/203 267/244/213 252/219/191
f 260/2/192 274/243/212 275/245/214
f 252/219/191 268/246/215 253/220/193
f 261/221/194 275/245/214 276/247/216
f 253/220/193 269/248/217 254/222/195
f 262/223/196 276/247/216 277/233/204
f 254/222/195 270/249/218 255/224/197
f 266/242/211 282/250/219 267/244/213
f 275/245/214 289/251/220 290/252/221
f 267/244/213 283/253/222 268/246/215
f 276/247/216 290/252/221 291/254/223
f 268/246/215 284/255/224 269/248/217
f 277/233/204 291/254/223 292/256/225
f 269/248/217 285/257/226 270/249/218
f 278/234/205 292/256/225 293/258/227
f 270/249/218 286/259/228 271/235/206
f 264/237/207 158/260/6 279/261/229
f 384/262/5 278/234/205 293/258/227
f 272/239/208 286/259/228 287/263/230
f 264/237/207 280/264/231 265/240/209
f 273/241/210 287/263/230 288/265/232
f 265/240/209 281/266/233 266/242/211
f 274/243/212 288/265/232 289/251/220
f 285/257/226 301/267/234 286/259/228
f 279/261/229 158/268/6 294/269/235
f 384/270/5 293/258/227 308/271/236
f 287/263/230 301/267/234 302/272/237
f 279/261/229 295/273/238 280/264/231
f 288/265/232 302/272/237 303/274/239
f 280/264/231 296/275/240 281/266/233
f 289/251/220 303/274/239 304/276/241
f 281/266/233 297/277/242 282/250/219
f 290/252/221 304/276/241 305/278/243
f 282/250/219 298/279/244 283/253/222
f 291/254/223 305/278/243 306/280/245
f 283/253/222 299/281/246 284/255/224
f 292/256/225 306/280/245 307/282/247
f 284/255/224 300/283/248 285/257/226
f 293/258/227 307/282/247 308/271/236
f 305/278/243 319/284/249 320/285/250
f 297/277/242 313/286/251 298/279/244
f 306/280/245 320/285/250 321/287/252
f 298/279/244 314/288/253 299/281/246
f 307/282/247 321/287/252 322/289/254
f 299/281/246 315/290/255 300/283/248
f 308/271/236 322/289/254 323/291/256
f 300/283/248 316/292/4 301/267/234
f 294/269/235 158/293/6 309/294/257
f 384/295/5 308/271/236 323/291/256
f 302/272/237 316/292/4 317/296/258
f 294/269/235 310/297/259 295/273/238
f 303/274/239 317/296/258 318/298/260
f 295/273/238 311/299/261 296/275/240
f 304/276/241 318/298/260 319/284/249
f 296/275/240 312/300/262 297/277/242
f 309/294/257 158/301/6 324/302/263
f 384/303/5 323/291/256 338/304/264
f 316/292/4 332/305/265 317/296/258
f 310/297/259 324/302/263 325/306/266
f 317/296/258 333/307/267 318/298/260
f 311/299/261 325/306/266 326/308/268
f 318/298/260 334/309/269 319/284/249
f 312/300/262 326/308/268 327/310/270
f 319/284/249 335/311/271 320/285/250
f 313/286/251 327/310/270 328/312/272
f 320/285/250 336/313/273 321/287/252
f 314/288/253 328/312/272 329/314/274
f 321/287/252 337/315/275 322/289/254
f 315/290/255 329/314/274 330/316/276
f 322/289/254 338/304/264 323/291/256
f 316/292/4 330/316/276 331/317/277
f 328/312/272 342/318/278 343/319/279
f 335/311/271 351/320/280 336/313/273
f 329/314/274 343/319/279 344/321/281
f 336/313/273 352/322/282 337/315/275
f 330/316/276 344/321/281 345/323/283
f 337/315/275 353/324/284 338/304/264
f 331/317/277 345/323/283 346/325/285
f 324/302/263 158/326/6 339/327/286
f 384/328/5 338/304/264 353/324/284
f 331/317/277 347/329/287 332/305/265
f 325/306/266 339/327/286 340/330/288
f 332/305/265 348/331/289 333/307/267
f 326/308/268 340/330/288 341/332/290
f 333/307/267 349/333/291 334/309/269
f 327/310/270 341/332/290 342/318/278
f 334/309/269 350/334/292 335/311/271
f 346/325/285 362/335/293 347/329/287
f 340/330/288 354/336/294 355/337/295
f 347/329/287 363/338/296 348/331/289
f 341/332/290 355/337/295 356/339/297
f 348/331/289 364/340/298 349/333/291
f 342/318/278 356/339/297 357/341/299
f 349/333/291 365/342/300 350/334/292
f 343/319/279 357/341/299 358/343/301
f 350/334/292 366/344/302 351/320/280
f 344/321/281 358/343/301 359/345/303
f 351/320/280 367/346/304 352/322/282
f 345/323/283 359/345/303 360/347/305
f 352/322/282 368/348/306 353/324/284
f 346/325/285 360/347/305 361/349/307
f 339/327/286 158/350/6 354/336/294
f 384/351/5 353/324/284 368/348/306
f 365/342/300 381/352/308 366/344/302
f 359/345/303 373/353/309 374/354/310
f 366/344/302 382/355/311 367/346/304
f 360/347/305 374/354/310 375/356/312
f 367/346/304 383/357/313 368/348/306
f 361/349/307 375/356/312 376/358/314
f 354/336/294 158/359/6 369/360/315
f 384/361/5 368/348/306 383/357/313
f 361/349/307 377/362/316 362/335/293
f 355/337/295 369/360/315 370/363/317
f 362/335/293 378/364/318 363/338/296
f 356/339/297 370/363/317 371/365/319
f 363/338/296 379/366/320 364/340/298
f 357/341/299 371/365/319 372/367/321
f 364/340/298 380/368/322 365/342/300
f 358/343/301 372/367/321 373/353/309
f 377/362/316 394/369/323 378/364/318
f 371/365/319 386/370/324 387/371/325
f 378/364/318 395/372/326 379/366/320
f 372/367/321 387/371/325 388/373/327
f 379/366/320 396/374/328 380/368/322
f 373/353/309 388/373/327 389/375/329
f 380/368/322 397/376/330 381/352/308
f 374/354/310 389/375/329 390/377/331
f 381/352/308 398/378/332 382/355/311
f 375/356/312 390/377/331 391/379/333
f 382/355/311 399/380/334 383/357/313
f 376/358/314 391/379/333 392/381/335
f 369/360/315 158/382/6 385/383/336
f 384/384/5 383/357/313 399/380/334
f 376/358/314 393/385/337 377/362/316
f 370/363/317 385/383/336 386/370/324
f 397/376/330 413/386/338 398/378/332
f 391/379/333 405/387/339 406/388/340
f 398/378/332 414/389/341 399/380/334
f 392/381/335 406/388/340 407/390/342
f 385/383/336 158/391/6 400/392/343
f 384/393/5 399/380/334 414/389/341
f 392/381/335 408/394/344 393/385/337
f 386/370/324 400/392/343 401/395/345
f 393/385/337 409/396/346 394/369/323
f 387/371/325 401/395/345 402/397/347
f 394/369/323 410/398/348 395/372/326
f 388/373/327 402/397/347 403/399/349
f 395/372/326 411/400/350 396/374/328
f 389/375/329 403/399/349 404/401/351
f 396/374/328 412/402/352 397/376/330
f 390/377/331 404/401/351 405/387/339
f 402/397/347 416/403/353 417/404/354
f 409/396/346 425/405/355 410/398/348
f 403/399/349 417/404/354 418/406/356
f 410/398/348 426/407/357 411/400/350
f 404/401/351 418/406/356 419/408/358
f 411/400/350 427/409/359 412/402/352
f 405/387/339 419/408/358 420/410/360
f 412/402/352 428/411/361 413/386/338
f 406/388/340 420/410/360 421/412/362
f 413/386/338 429/413/363 414/389/341
f 407/390/342 421/412/362 422/414/364
f 400/392/343 158/415/6 415/416/365
f 384/417/5 414/389/341 429/413/363
f 407/390/342 423/418/366 408/394/344
f 401/395/345 415/416/365 416/403/353
f 408/394/344 424/419/367 409/396/346
f 421/412/362 435/420/368 436/421/369
f 428/411/361 444/422/370 429/413/363
f 422/414/364 436/421/369 437/423/1
f 415/416/365 158/424/6 430/425/371
f 384/426/5 429/413/363 444/422/370
f 422/414/364 438/427/372 423/418/366
f 416/403/353 430/425/371 431/428/373
f 423/418/366 439/429/374 424/419/367
f 417/404/354 431/428/373 432/430/375
f 424/419/367 440/431/376 425/405/355
f 418/406/356 432/430/375 433/432/377
f 425/405/355 441/433/378 426/407/357
f 419/408/358 433/432/377 434/434/379
f 426/407/357 442/435/380 427/409/359
f 420/410/360 434/434/379 435/420/368
f 427/409/359 443/436/381 428/411/361
f 440/437/376 454/438/382 455/439/383
f 432/440/375 448/441/384 433/442/377
f 441/443/378 455/439/383 456/444/385
f 433/442/377 449/445/386 434/446/379
f 442/447/380 456/444/385 457/448/387
f 434/446/379 450/449/388 435/450/368
f 443/451/381 457/448/387 458/452/389
f 435/450/368 451/453/390 436/454/369
f 444/455/370 458/452/389 459/456/391
f 436/454/369 452/457/392 437/458/1
f 430/459/371 158/460/6 445/461/393
f 384/462/5 444/455/370 459/456/391
f 438/463/372 452/457/392 453/464/394
f 430/459/371 446/465/395 431/466/373
f 439/467/374 453/464/394 454/438/382
f 431/466/373 447/468/396 432/440/375
f 459/456/391 473/469/397 474/470/398
f 451/453/390 467/471/399 452/457/392
f 445/461/393 158/472/6 460/473/400
f 384/474/5 459/456/391 474/470/398
f 453/464/394 467/471/399 468/475/401
f 445/461/393 461/476/402 446/465/395
f 454/438/382 468/475/401 469/477/403
f 446/465/395 462/478/404 447/468/396
f 455/439/383 469/477/403 470/479/405
f 447/468/396 463/480/406 448/441/384
f 456/444/385 470/479/405 471/481/407
f 448/441/384 464/482/408 449/445/386
f 457/448/387 471/481/407 472/483/409
f 449/445/386 465/484/410 450/449/388
f 458/452/389 472/483/409 473/469/397
f 450/449/388 466/485/411 451/453/390
f 462/478/404 478/486/412 463/480/406
f 471/481/407 485/487/413 486/488/414
f 463/480/406 479/489/415 464/482/408
f 472/483/409 486/488/414 487/490/416
f 464/482/408 480/491/417 465/484/410
f 473/469/397 487/490/416 488/492/418
f 465/484/410 481/493/419 466/485/411
f 474/470/398 488/492/418 489/494/420
f 466/485/411 482/495/421 467/471/399
f 460/473/400 158/496/6 475/497/422
f 384/498/5 474/470/398 489/494/420
f 468/475/401 482/495/421 483/499/423
f 460/473/400 476/500/424 461/476/402
f 469/477/403 483/499/423 484/501/425
f 461/476/402 477/502/426 462/478/404
f 470/479/405 484/501/425 485/487/413
f 481/493/419 497/503/427 482/495/421
f 475/497/422 158/504/6 490/505/428
f 384/506/5 489/494/420 504/507/429
f 483/499/423 497/503/427 498/508/430
f 475/497/422 491/509/431 476/500/424
f 484/501/425 498/508/430 499/510/432
f 476/500/424 492/511/433 477/502/426
f 485/487/413 499/510/432 500/512/434
f 477/502/426 493/513/435 478/486/412
f 486/488/414 500/512/434 501/514/436
f 478/486/412 494/515/437 479/489/415
f 487/490/416 501/514/436 502/516/438
f 479/489/415 495/517/439 480/491/417
f 488/492/418 502/516/438 503/518/440
f 480/491/417 496/519/441 481/493/419
f 489/494/420 503/518/440 504/507/429
f 501/514/436 515/520/442 516/521/443
f 493/513/435 509/522/444 494/515/437
f 502/516/438 516/521/443 517/523/445
f 494/515/437 510/524/446 495/517/439
f 503/518/440 517/523/445 518/525/447
f 495/517/439 511/526/448 496/519/441
f 504/507/429 518/525/447 519/527/449
f 496/519/441 512/528/450 497/503/427
f 490/505/428 158/529/6 505/530/451
f 384/531/5 504/507/429 519/527/449
f 498/508/430 512/528/450 513/532/452
f 490/505/428 506/533/453 491/509/431
f 499/510/432 513/532/452 514/534/454
f 491/509/431 507/535/455 492/511/433
f 500/512/434 514/534/454 515/520/442
f 492/511/433 508/536/456 493/513/435
f 384/537/5 519/527/449 534/538/457
f 513/532/452 527/539/458 528/540/459
f 505/530/451 521/541/460 506/533/453
f 514/534/454 528/540/459 529/542/461
f 506/533/453 522/543/462 507/535/455
f 515/520/442 529/542/461 530/544/463
f 507/535/455 523/545/464 508/536/456
f 516/521/443 530/544/463 531/546/465
f 508/536/456 524/547/466 509/522/444
f 517/523/445 531/546/465 532/548/467
f 509/522/444 525/549/468 510/524/446
f 518/525/447 532/548/467 533/550/469
f 510/524/446 526/551/470 511/526/448
f 519/527/449 533/550/469 534/538/457
f 511/526/448 527/539/458 512/528/450
f 505/530/451 158/552/6 520/553/471
f 532/548/467 546/554/472 547/555/473
f 524/547/466 540/556/474 525/549/468
f 533/550/469 547/555/473 548/557/475
f 525/549/468 541/558/476 526/551/470
f 534/538/457 548/557/475 549/559/477
f 526/551/470 542/560/478 527/539/458
f 520/553/471 158/561/6 535/562/479
f 384/563/5 534/538/457 549/559/477
f 528/540/459 542/560/478 543/564/480
f 520/553/471 536/565/481 521/541/460
f 529/542/461 543/564/480 544/566/482
f 521/541/460 537/567/483 522/543/462
f 530/544/463 544/566/482 545/568/484
f 522/543/462 538/569/485 523/545/464
f 531/546/465 545/568/484 546/554/472
f 523/545/464 539/570/486 524/547/466
f 535/562/479 551/21/13 536/565/481
f 544/566/482 81/20/12 554/25/17
f 536/565/481 77/26/18 537/567/483
f 545/568/484 554/25/17 82/29/21
f 537/567/483 552/30/22 538/569/485
f 546/554/472 82/29/21 555/33/25
f 538/569/485 78/34/26 539/570/486
f 547/555/473 555/33/25 556/37/29
f 539/570/486 553/38/30 540/556/474
f 548/557/475 556/37/29 557/41/33
f 540/556/474 79/42/34 541/558/476
f 549/559/477 557/41/33 558/45/37
f 541/558/476 80/18/2 542/560/478
f 535/562/479 158/571/6 550/47/39
f 384/572/5 549/559/477 558/45/37
f 543/564/480 80/18/2 81/20/12
f 80/18/2 90/46/38 91/19/11
f 551/21/13 550/47/39 83/22/14
f 81/20/12 91/19/11 92/24/16
f 77/26/18 551/21/13 84/23/15
f 554/25/17 92/24/16 93/28/20
f 552/30/22 77/26/18 85/27/19
f 82/29/21 93/28/20 94/32/24
f 78/34/26 552/30/22 86/31/23
f 555/33/25 94/32/24 95/36/28
f 553/38/30 78/34/26 87/35/27
f 556/37/29 95/36/28 96/40/32
f 79/42/34 553/38/30 88/39/31
f 557/41/33 96/40/32 97/44/36
f 80/18/2 79/42/34 89/43/35
f 96/40/32 111/66/54 112/50/40
f 90/46/38 89/43/35 104/51/41
f 90/46/38 105/52/42 106/56/44
f 84/23/15 83/22/14 98/54/43
f 91/19/11 106/56/44 107/58/46
f 85/27/19 84/23/15 99/57/45
f 92/24/16 107/58/46 108/60/48
f 86/31/23 85/27/19 100/59/47
f 93/28/20 108/60/48 109/62/50
f 87/35/27 86/31/23 101/61/49
f 94/32/24 109/62/50 110/64/52
f 88/39/31 87/35/27 102/63/51
f 95/36/28 110/64/52 111/66/54
f 89/43/35 88/39/31 103/65/53
f 108/60/48 123/83/69 124/67/55
f 102/63/51 101/61/49 116/68/56
f 109/62/50 124/67/55 125/70/58
f 103/65/53 102/63/51 117/69/57
f 110/64/52 125/70/58 126/72/60
f 104/51/41 103/65/53 118/71/59
f 111/66/54 126/72/60 127/74/62
f 105/52/42 104/51/41 119/73/61
f 105/52/42 120/75/63 121/79/65
f 99/57/45 98/54/43 113/77/64
f 106/56/44 121/79/65 122/81/67
f 100/59/47 99/57/45 114/80/66
f 107/58/46 122/81/67 123/83/69
f 101/61/49 100/59/47 115/82/68
f 120/75/63 135/6/84 136/88/72
f 114/80/66 113/77/64 128/85/70
f 121/79/65 136/88/72 137/90/74
f 115/82/68 114/80/66 129/89/73
f 122/81/67 137/90/74 138/92/76
f 116/68/56 115/82/68 130/91/75
f 123/83/69 138/92/76 139/4/78
f 117/69/57 116/68/56 131/8/77
f 124/67/55 139/4/78 140/94/80
f 118/71/59 117/69/57 132/93/79
f 125/70/58 140/94/80 141/96/82
f 119/73/61 118/71/59 133/95/81
f 126/72/60 141/96/82 142/87/71
f 120/75/63 119/73/61 134/97/83
f 132/93/79 131/8/77 146/98/85
f 139/4/78 154/114/99 155/100/87
f 133/95/81 132/93/79 147/99/86
f 140/94/80 155/100/87 156/102/89
f 134/97/83 133/95/81 148/101/88
f 141/96/82 156/102/89 157/104/91
f 135/6/84 134/97/83 149/103/90
f 135/6/84 150/105/92 151/109/94
f 129/89/73 128/85/70 143/107/93
f 136/88/72 151/109/94 152/111/96
f 130/91/75 129/89/73 144/110/95
f 137/90/74 152/111/96 153/113/98
f 131/8/77 130/91/75 145/112/97
f 138/92/76 153/113/98 154/114/99
f 150/105/92 166/129/114 167/115/100
f 144/110/95 143/107/93 159/116/101
f 151/109/94 167/115/100 168/118/103
f 145/112/97 144/110/95 160/117/102
f 152/111/96 168/118/103 169/120/105
f 146/98/85 145/112/97 161/119/104
f 153/113/98 169/120/105 170/122/107
f 147/99/86 146/98/85 162/121/106
f 154/114/99 170/122/107 171/124/109
f 148/101/88 147/99/86 163/123/108
f 155/100/87 171/124/109 172/126/111
f 149/103/90 148/101/88 164/125/110
f 156/102/89 172/126/111 173/128/113
f 150/105/92 149/103/90 165/127/112
f 170/122/107 185/148/129 186/132/115
f 164/125/110 163/123/108 178/133/116
f 171/124/109 186/132/115 187/135/118
f 165/127/112 164/125/110 179/134/117
f 172/126/111 187/135/118 188/137/120
f 166/129/114 165/127/112 180/136/119
f 166/129/114 181/138/121 182/142/123
f 160/117/102 159/116/101 174/140/122
f 167/115/100 182/142/123 183/144/125
f 161/119/104 160/117/102 175/143/124
f 168/118/103 183/144/125 184/146/127
f 162/121/106 161/119/104 176/145/126
f 169/120/105 184/146/127 185/148/129
f 163/123/108 162/121/106 177/147/128
f 175/143/124 174/140/122 189/149/130
f 182/142/123 197/165/143 198/151/132
f 176/145/126 175/143/124 190/150/131
f 183/144/125 198/151/132 199/153/134
f 177/147/128 176/145/126 191/152/133
f 184/146/127 199/153/134 200/155/136
f 178/133/116 177/147/128 192/154/135
f 185/148/129 200/155/136 201/157/138
f 179/134/117 178/133/116 193/156/137
f 186/132/115 201/157/138 202/159/140
f 180/136/119 179/134/117 194/158/139
f 187/135/118 202/159/140 203/161/142
f 181/138/121 180/136/119 195/160/141
f 181/138/121 196/162/3 197/165/143
f 193/156/137 208/182/158 209/166/144
f 202/159/140 201/157/138 216/167/145
f 194/158/139 209/166/144 210/169/147
f 203/161/142 202/159/140 217/168/146
f 195/160/141 210/169/147 211/171/149
f 197/165/143 196/162/3 211/171/149
f 189/149/130 204/173/150 205/176/152
f 198/151/132 197/165/143 212/175/151
f 190/150/131 205/176/152 206/178/154
f 199/153/134 198/151/132 213/177/153
f 191/152/133 206/178/154 207/180/156
f 200/155/136 199/153/134 214/179/155
f 192/154/135 207/180/156 208/182/158
f 201/157/138 200/155/136 215/181/157
f 213/177/153 212/175/151 227/183/159
f 205/176/152 220/199/173 221/185/161
f 214/179/155 213/177/153 228/184/160
f 206/178/154 221/185/161 222/187/163
f 215/181/157 214/179/155 229/186/162
f 207/180/156 222/187/163 223/189/165
f 216/167/145 215/181/157 230/188/164
f 208/182/158 223/189/165 224/191/167
f 217/168/146 216/167/145 231/190/166
f 209/166/144 224/191/167 225/193/169
f 218/170/148 217/168/146 232/192/168
f 210/169/147 225/193/169 226/195/171
f 212/175/151 211/171/149 226/195/171
f 204/173/150 219/197/172 220/199/173
f 232/192/168 231/190/166 246/200/174
f 224/191/167 239/216/188 240/202/176
f 233/194/170 232/192/168 247/201/175
f 225/193/169 240/202/176 241/204/178
f 227/183/159 226/195/171 241/204/178
f 219/197/172 234/206/179 235/209/181
f 228/184/160 227/183/159 242/208/180
f 220/199/173 235/209/181 236/211/183
f 229/186/162 228/184/160 243/210/182
f 221/185/161 236/211/183 237/213/185
f 230/188/164 229/186/162 244/212/184
f 222/187/163 237/213/185 238/215/187
f 231/190/166 230/188/164 245/214/186
f 223/189/165 238/215/187 239/216/188
f 244/212/184 243/210/182 258/217/189
f 236/211/183 251/232/203 252/219/191
f 245/214/186 244/212/184 259/218/190
f 237/213/185 252/219/191 253/220/193
f 246/200/174 245/214/186 260/2/192
f 238/215/187 253/220/193 254/222/195
f 247/201/175 246/200/174 261/221/194
f 239/216/188 254/222/195 255/224/197
f 248/203/177 247/201/175 262/223/196
f 240/202/176 255/224/197 256/226/199
f 242/208/180 241/204/178 256/226/199
f 234/206/179 249/228/200 250/231/202
f 243/210/182 242/208/180 257/230/201
f 235/209/181 250/231/202 251/232/203
f 263/225/198 262/223/196 277/233/204
f 255/224/197 270/249/218 271/235/206
f 257/230/201 256/226/199 271/235/206
f 249/228/200 264/237/207 265/240/209
f 258/217/189 257/230/201 272/239/208
f 250/231/202 265/240/209 266/242/211
f 259/218/190 258/217/189 273/241/210
f 251/232/203 266/242/211 267/244/213
f 260/2/192 259/218/190 274/243/212
f 252/219/191 267/244/213 268/246/215
f 261/221/194 260/2/192 275/245/214
f 253/220/193 268/246/215 269/248/217
f 262/223/196 261/221/194 276/247/216
f 254/222/195 269/248/217 270/249/218
f 266/242/211 281/266/233 282/250/219
f 275/245/214 274/243/212 289/251/220
f 267/244/213 282/250/219 283/253/222
f 276/247/216 275/245/214 290/252/221
f 268/246/215 283/253/222 284/255/224
f 277/233/204 276/247/216 291/254/223
f 269/248/217 284/255/224 285/257/226
f 278/234/205 277/233/204 292/256/225
f 270/249/218 285/257/226 286/259/228
f 272/239/208 271/235/206 286/259/228
f 264/237/207 279/261/229 280/264/231
f 273/241/210 272/239/208 287/263/230
f 265/240/209 280/264/231 281/266/233
f 274/243/212 273/241/210 288/265/232
f 285/257/226 300/283/248 301/267/234
f 287/263/230 286/259/228 301/267/234
f 279/261/229 294/269/235 295/273/238
f 288/265/232 287/263/230 302/272/237
f 280/264/231 295/273/238 296/275/240
f 289/251/220 288/265/232 303/274/239
f 281/266/233 296/275/240 297/277/242
f 290/252/221 289/251/220 304/276/241
f 282/250/219 297/277/242 298/279/244
f 291/254/223 290/252/221 305/278/243
f 283/253/222 298/279/244 299/281/246
f 292/256/225 291/254/223 306/280/245
f 284/255/224 299/281/246 300/283/248
f 293/258/227 292/256/225 307/282/247
f 305/278/243 304/276/241 319/284/249
f 297/277/242 312/300/262 313/286/251
f 306/280/245 305/278/243 320/285/250
f 298/279/244 313/286/251 314/288/253
f 307/282/247 306/280/245 321/287/252
f 299/281/246 314/288/253 315/290/255
f 308/271/236 307/282/247 322/289/254
f 300/283/248 315/290/255 316/292/4
f 302/272/237 301/267/234 316/292/4
f 294/269/235 309/294/257 310/297/259
f 303/274/239 302/272/237 317/296/258
f 295/273/238 310/297/259 311/299/261
f 304/276/241 303/274/239 318/298/260
f 296/275/240 311/299/261 312/300/262
f 316/292/4 331/317/277 332/305/265
f 310/297/259 309/294/257 324/302/263
f 317/296/258 332/305/265 333/307/267
f 311/299/261 310/297/259 325/306/266
f 318/298/260 333/307/267 334/309/269
f 312/300/262 311/299/261 326/308/268
f 319/284/249 334/309/269 335/311/271
f 313/286/251 312/300/262 327/310/270
f 320/285/250 335/311/271 336/313/273
f 314/288/253 313/286/251 328/312/272
f 321/287/252 336/313/273 337/315/275
f 315/290/255 314/288/253 329/314/274
f 322/289/254 337/315/275 338/304/264
f 316/292/4 315/290/255 330/316/276
f 328/312/272 327/310/270 342/318/278
f 335/311/271 350/334/292 351/320/280
f 329/314/274 328/312/272 343/319/279
f 336/313/273 351/320/280 352/322/282
f 330/316/276 329/314/274 344/321/281
f 337/315/275 352/322/282 353/324/284
f 331/317/277 330/316/276 345/323/283
f 331/317/277 346/325/285 347/329/287
f 325/306/266 324/302/263 339/327/286
f 332/305/265 347/329/287 348/331/289
f 326/308/268 325/306/266 340/330/288
f 333/307/267 348/331/289 349/333/291
f 327/310/270 326/308/268 341/332/290
f 334/309/269 349/333/291 350/334/292
f 346/325/285 361/349/307 362/335/293
f 340/330/288 339/327/286 354/336/294
f 347/329/287 362/335/293 363/338/296
f 341/332/290 340/330/288 355/337/295
f 348/331/289 363/338/296 364/340/298
f 342/318/278 341/332/290 356/339/297
f 349/333/291 364/340/298 365/342/300
f 343/319/279 342/318/278 357/341/299
f 350/334/292 365/342/300 366/344/302
f 344/321/281 343/319/279 358/343/301
f 351/320/280 366/344/302 367/346/304
f 345/323/283 344/321/281 359/345/303
f 352/322/282 367/346/304 368/348/306
f 346/325/285 345/323/283 360/347/305
f 365/342/300 380/368/322 381/352/308
f 359/345/303 358/343/301 373/353/309
f 366/344/302 381/352/308 382/355/311
f 360/347/305 359/345/303 374/354/310
f 367/346/304 382/355/311 383/357/313
f 361/349/307 360/347/305 375/356/312
f 361/349/307 376/358/314 377/362/316
f 355/337/295 354/336/294 369/360/315
f 362/335/293 377/362/316 378/364/318
f 356/339/297 355/337/295 370/363/317
f 363/338/296 378/364/318 379/366/320
f 357/341/299 356/339/297 371/365/319
f 364/340/298 379/366/320 380/368/322
f 358/343/301 357/341/299 372/367/321
f 377/362/316 393/385/337 394/369/323
f 371/365/319 370/363/317 386/370/324
f 378/364/318 394/369/323 395/372/326
f 372/367/321 371/365/319 387/371/325
f 379/366/320 395/372/326 396/374/328
f 373/353/309 372/367/321 388/373/327
f 380/368/322 396/374/328 397/376/330
f 374/354/310 373/353/309 389/375/329
f 381/352/308 397/376/330 398/378/332
f 375/356/312 374/354/310 390/377/331
f 382/355/311 398/378/332 399/380/334
f 376/358/314 375/356/312 391/379/333
f 376/358/314 392/381/335 393/385/337
f 370/363/317 369/360/315 385/383/336
f 397/376/330 412/402/352 413/386/338
f 391/379/333 390/377/331 405/387/339
f 398/378/332 413/386/338 414/389/341
f 392/381/335 391/379/333 406/388/340
f 392/381/335 407/390/342 408/394/344
f 386/370/324 385/383/336 400/392/343
f 393/385/337 408/394/344 409/396/346
f 387/371/325 386/370/324 401/395/345
f 394/369/323 409/396/346 410/398/348
f 388/373/327 387/371/325 402/397/347
f 395/372/326 410/398/348 411/400/350
f 389/375/329 388/373/327 403/399/349
f 396/374/328 411/400/350 412/402/352
f 390/377/331 389/375/329 404/401/351
f 402/397/347 401/395/345 416/403/353
f 409/396/346 424/419/367 425/405/355
f 403/399/349 402/397/347 417/404/354
f 410/398/348 425/405/355 426/407/357
f 404/401/351 403/399/349 418/406/356
f 411/400/350 426/407/357 427/409/359
f 405/387/339 404/401/351 419/408/358
f 412/402/352 427/409/359 428/411/361
f 406/388/340 405/387/339 420/410/360
f 413/386/338 428/411/361 429/413/363
f 407/390/342 406/388/340 421/412/362
f 407/390/342 422/414/364 423/418/366
f 401/395/345 400/392/343 415/416/365
f 408/394/344 423/418/366 424/419/367
f 421/412/362 420/410/360 435/420/368
f 428/411/361 443/436/381 444/422/370
f 422/414/364 421/412/362 436/421/369
f 422/414/364 437/423/1 438/427/372
f 416/403/353 415/416/365 430/425/371
f 423/418/366 438/427/372 439/429/374
f 417/404/354 416/403/353 431/428/373
f 424/419/367 439/429/374 440/431/376
f 418/406/356 417/404/354 432/430/375
f 425/405/355 440/431/376 441/433/378
f 419/408/358 418/406/356 433/432/377
f 426/407/357 441/433/378 442/435/380
f 420/410/360 419/408/358 434/434/379
f 427/409/359 442/435/380 443/436/381
f 440/437/376 439/467/374 454/438/382
f 432/440/375 447/468/396 448/441/384
f 441/443/378 440/437/376 455/439/383
f 433/442/377 448/441/384 449/445/386
f 442/447/380 441/443/378 456/444/385
f 434/446/379 449/445/386 450/449/388
f 443/451/381 442/447/380 457/448/387
f 435/450/368 450/449/388 451/453/390
f 444/455/370 443/451/381 458/452/389
f 436/454/369 451/453/390 452/457/392
f 438/463/372 437/458/1 452/457/392
f 430/459/371 445/461/393 446/465/395
f 439/467/374 438/463/372 453/464/394
f 431/466/373 446/465/395 447/468/396
f 459/456/391 458/452/389 473/469/397
f 451/453/390 466/485/411 467/471/399
f 453/464/394 452/457/392 467/471/399
f 445/461/393 460/473/400 461/476/402
f 454/438/382 453/464/394 468/475/401
f 446/465/395 461/476/402 462/478/404
f 455/439/383 454/438/382 469/477/403
f 447/468/396 462/478/404 463/480/406
f 456/444/385 455/439/383 470/479/405
f 448/441/384 463/480/406 464/482/408
f 457/448/387 456/444/385 471/481/407
f 449/445/386 464/482/408 465/484/410
f 458/452/389 457/448/387 472/483/409
f 450/449/388 465/484/410 466/485/411
f 462/478/404 477/502/426 478/486/412
f 471/481/407 470/479/405 485/487/413
f 463/480/406 478/486/412 479/489/415
f 472/483/409 471/481/407 486/488/414
f 464/482/408 479/489/415 480/491/417
f 473/469/397 472/483/409 487/490/416
f 465/484/410 480/491/417 481/493/419
f 474/470/398 473/469/397 488/492/418
f 466/485/411 481/493/419 482/495/421
f 468/475/401 467/471/399 482/495/421
f 460/473/400 475/497/422 476/500/424
f 469/477/403 468/475/401 483/499/423
f 461/476/402 476/500/424 477/502/426
f 470/479/405 469/477/403 484/501/425
f 481/493/419 496/519/441 497/503/427
f 483/499/423 482/495/421 497/503/427
f 475/497/422 490/505/428 491/509/431
f 484/501/425 483/499/423 498/508/430
f 476/500/424 491/509/431 492/511/433
f 485/487/413 484/501/425 499/510/432
f 477/502/426 492/511/433 493/513/435
f 486/488/414 485/487/413 500/512/434
f 478/486/412 493/513/435 494/515/437
f 487/490/416 486/488/414 501/514/436
f 479/489/415 494/515/437 495/517/439
f 488/492/418 487/490/416 502/516/438
f 480/491/417 495/517/439 496/519/441
f 489/494/420 488/492/418 503/518/440
f 501/514/436 500/512/434 515/520/442
f 493/513/435 508/536/456 509/522/444
f 502/516/438 501/514/436 516/521/443
f 494/515/437 509/522/444 510/524/446
f 503/518/440 502/516/438 517/523/445
f 495/517/439 510/524/446 511/526/448
f 504/507/429 503/518/440 518/525/447
f 496/519/441 511/526/448 512/528/450
f 498/508/430 497/503/427 512/528/450
f 490/505/428 505/530/451 506/533/453
f 499/510/432 498/508/430 513/532/452
f 491/509/431 506/533/453 507/535/455
f 500/512/434 499/510/432 514/534/454
f 492/511/433 507/535/455 508/536/456
f 513/532/452 512/528/450 527/539/458
f 505/530/451 520/553/471 521/541/460
f 514/534/454 513/532/452 528/540/459
f 506/533/453 521/541/460 522/543/462
f 515/520/442 514/534/454 529/542/461
f 507/535/455 522/543/462 523/545/464
f 516/521/443 515/520/442 530/544/463
f 508/536/456 523/545/464 524/547/466
f 517/523/445 516/521/443 531/546/465
f 509/522/444 524/547/466 525/549/468
f 518/525/447 517/523/445 532/548/467
f 510/524/446 525/549/468 526/551/470
f 519/527/449 518/525/447 533/550/469
f 511/526/448 526/551/470 527/539/458
f 532/548/467 531/546/465 546/554/472
f 524/547/466 539/570/486 540/556/474
f 533/550/469 532/548/467 547/555/473
f 525/549/468 540/556/474 541/558/476
f 534/538/457 533/550/469 548/557/475
f 526/551/470 541/558/476 542/560/478
f 528/540/459 527/539/458 542/560/478
f 520/553/471 535/562/479 536/565/481
f 529/542/461 528/540/459 543/564/480
f 521/541/460 536/565/481 537/567/483
f 530/544/463 529/542/461 544/566/482
f 522/543/462 537/567/483 538/569/485
f 531/546/465 530/544/463 545/568/484
f 523/545/464 538/569/485 539/570/486
f 535/562/479 550/47/39 551/21/13
f 544/566/482 543/564/480 81/20/12
f 536/565/481 551/21/13 77/26/18
f 545/568/484 544/566/482 554/25/17
f 537/567/483 77/26/18 552/30/22
f 546/554/472 545/568/484 82/29/21
f 538/569/485 552/30/22 78/34/26
f 547/555/473 546/554/472 555/33/25
f 539/570/486 78/34/26 553/38/30
f 548/557/475 547/555/473 556/37/29
f 540/556/474 553/38/30 79/42/34
f 549/559/477 548/557/475 557/41/33
f 541/558/476 79/42/34 80/18/2
f 543/564/480 542/560/478 80/18/2
o syningarsalur
v -0.000007 -2.303517 9.232174
v 17.715675 -2.303517 16.503159
v 17.715675 1.976482 16.503159
v 15.943687 -2.303517 19.788010
v 15.943687 1.976482 19.788010
v 13.558987 -2.303517 22.667198
v 13.558987 1.976482 22.667198
v 10.653228 -2.303517 25.030094
v 10.653228 1.976482 25.030094
v 7.338069 -2.303517 26.785883
v 7.338069 1.976482 26.785883
v 3.740911 -2.303517 27.867092
v 3.740911 1.976482 27.867092
v -0.000007 -2.303517 28.232170
v -0.000007 1.976482 28.232170
v -3.740927 -2.303517 27.867092
v -3.740927 1.976482 27.867092
v -7.338090 -2.303517 26.785883
v -7.338090 1.976482 26.785883
v -10.653245 -2.303517 25.030094
v -10.653245 1.976482 25.030094
v -13.559007 -2.303517 22.667198
v -13.559007 1.976482 22.667198
v -15.943704 -2.303517 19.788010
v -15.943704 1.976482 19.788010
v -17.715694 -2.303517 16.503159
v -17.715694 1.976482 16.503159
v -0.000007 1.976482 9.232174
vn 0.8801 -0.0000 0.4748
vn 0.7701 -0.0000 0.6379
vn 0.6309 -0.0000 0.7759
vn 0.4680 -0.0000 0.8837
vn 0.2879 -0.0000 0.9577
vn 0.0971 -0.0000 0.9953
vn -0.0971 -0.0000 0.9953
vn -0.2879 -0.0000 0.9577
vn -0.4680 -0.0000 0.8837
vn -0.6309 -0.0000 0.7759
vn -0.7701 -0.0000 0.6379
vn -0.8801 -0.0000 0.4748
vn -0.3797 -0.0000 -0.9251
vn 0.3797 -0.0000 -0.9251
vn -0.0000 1.0000 -0.0000
vn -0.0000 -1.0000 -0.0000
vt 0.687500 0.500000
vt 0.687500 1.000000
vt 0.656250 1.000000
vt 0.656250 0.500000
vt 0.625000 1.000000
vt 0.625000 0.500000
vt 0.593750 1.000000
vt 0.593750 0.500000
vt 0.562500 1.000000
vt 0.562500 0.500000
vt 0.531250 1.000000
vt 0.531250 0.500000
vt 0.500000 1.000000
vt 0.500000 0.500000
vt 0.468750 1.000000
vt 0.468750 0.500000
vt 0.437500 1.000000
vt 0.437500 0.500000
vt 0.406250 1.000000
vt 0.406250 0.500000
vt 0.375000 1.000000
vt 0.375000 0.500000
vt 0.343750 1.000000
vt 0.343750 0.500000
vt 0.312500 1.000000
vt 0.312500 0.500000
vt 0.000000 0.000000
s 0
usemtl Material.013
f 560/598/487 561/599/487 563/600/487 562/601/487
f 562/601/488 563/600/488 565/602/488 564/603/488
f 564/603/489 565/602/489 567/604/489 566/605/489
f 566/605/490 567/604/490 569/606/490 568/607/490
f 568/607/491 569/606/491 571/608/491 570/609/491
f 570/609/492 571/608/492 573/610/492 572/611/492
f 572/611/493 573/610/493 575/612/493 574/613/493
f 574/613/494 575/612/494 577/614/494 576/615/494
f 576/615/495 577/614/495 579/616/495 578/617/495
f 578/617/496 579/616/496 581/618/496 580/619/496
f 580/619/497 581/618/497 583/620/497 582/621/497
f 582/621/498 583/620/498 585/622/498 584/623/498
f 585/622/499 586/624/499 559/624/499 584/623/499
f 561/599/500 560/598/500 559/624/500 586/624/500
f 563/600/501 561/599/501 586/624/501 573/610/501 571/608/501 569/606/501 567/604/501 565/602/501
f 573/610/501 586/624/501 585/622/501 583/620/501 581/618/501 579/616/501 577/614/501 575/612/501
f 560/598/502 562/601/502 564/603/502 566/605/502 568/607/502 570/609/502 572/611/502 574/613/502 576/615/502 578/617/502 580/619/502 582/621/502 584/623/502 559/624/502
o dyr
v -0.481908 1.425380 -1.425713
v -0.481908 1.425380 -1.299999
v 0.582861 -0.001031 -1.425713
v 0.582861 -0.001031 -1.299999
v -0.481908 -0.001031 -1.425713
v -0.481908 -0.001031 -1.299999
v 0.582861 1.425380 -1.425713
v 0.582861 1.425380 -1.299999
v 0.050477 -0.001031 -1.425713
v -0.481908 0.712174 -1.425713
v 0.050477 1.425380 -1.425713
v 0.582861 0.712174 -1.425713
v 0.050477 0.712174 -1.425713
vn -0.0000 -0.0000 -1.0000
vn -0.0000 -0.0000 1.0000
vn -1.0000 -0.0000 -0.0000
vn -0.0000 1.0000 -0.0000
vn 1.0000 -0.0000 -0.0000
vn -0.0000 -1.0000 -0.0000
vt 0.500000 0.125000
vt 0.625000 0.125000
vt 0.625000 0.250000
vt 0.500000 0.250000
vt 0.375000 0.250000
vt 0.625000 0.500000
vt 0.375000 0.500000
vt 0.625000 0.625000
vt 0.625000 0.750000
vt 0.375000 0.750000
vt 0.125000 0.750000
vt 0.375000 0.125000
vt 0.125000 0.500000
vt 0.375000 0.625000
vt 0.875000 0.500000
vt 0.875000 0.625000
vt 0.875000 0.750000
vt 0.375000 0.000000
vt 0.500000 0.000000
vt 0.625000 0.000000
s 0
usemtl Material.001
f 599/625/503 595/626/503 591/627/503 596/628/503
f 590/629/504 594/627/504 588/630/504 592/631/504
f 588/631/505 587/630/505 596/632/505 591/633/505 592/634/505
f 594/635/506 593/634/506 597/636/506 587/629/506 588/631/506
f 590/637/507 589/631/507 598/638/507 593/634/507 594/635/507
f 592/630/508 591/639/508 595/640/508 589/641/508 590/633/508
f 597/636/503 599/625/503 596/628/503 587/629/503
f 593/642/503 598/643/503 599/625/503 597/636/503
f 598/643/503 589/644/503 595/626/503 599/625/503
o gluggi_1
v 1.826531 1.589419 -1.261336
v 1.826531 1.589419 -1.338664
v 2.173469 1.589419 -1.261336
v 2.173469 1.589419 -1.338664
v 1.826531 2.010581 -1.261336
v 1.826531 2.010581 -1.338664
v 2.173469 2.010581 -1.261336
v 2.173469 2.010581 -1.338664
vn -0.0000 -1.0000 -0.0000
vn 1.0000 -0.0000 -0.0000
vn -0.0000 1.0000 -0.0000
vn -1.0000 -0.0000 -0.0000
vn -0.0000 -0.0000 1.0000
vn -0.0000 -0.0000 -1.0000
vt 0.375000 0.000000
vt 0.625000 0.000000
vt 0.625000 0.250000
vt 0.375000 0.250000
vt 0.625000 0.500000
vt 0.375000 0.500000
vt 0.625000 0.750000
vt 0.375000 0.750000
vt 0.625000 1.000000
vt 0.375000 1.000000
vt 0.125000 0.500000
vt 0.125000 0.750000
vt 0.875000 0.500000
vt 0.875000 0.750000
s 0
usemtl Material.005
f 600/645/509 601/646/509 603/647/509 602/648/509
f 602/648/510 603/647/510 607/649/510 606/650/510
f 606/650/511 607/649/511 605/651/511 604/652/511
f 604/652/512 605/651/512 601/653/512 600/654/512
f 602/655/513 606/650/513 604/652/513 600/656/513
f 607/649/514 603/657/514 601/658/514 605/651/514
o gluggi_2
v 1.326531 1.589419 -1.261336
v 1.326531 1.589419 -1.338664
v 1.673469 1.589419 -1.261336
v 1.673469 1.589419 -1.338664
v 1.326531 2.010581 -1.261336
v 1.326531 2.010581 -1.338664
v 1.673469 2.010581 -1.261336
v 1.673469 2.010581 -1.338664
vn -0.0000 -1.0000 -0.0000
vn 1.0000 -0.0000 -0.0000
vn -0.0000 1.0000 -0.0000
vn -1.0000 -0.0000 -0.0000
vn -0.0000 -0.0000 1.0000
vn -0.0000 -0.0000 -1.0000
vt 0.375000 0.000000
vt 0.625000 0.000000
vt 0.625000 0.250000
vt 0.375000 0.250000
vt 0.625000 0.500000
vt 0.375000 0.500000
vt 0.625000 0.750000
vt 0.375000 0.750000
vt 0.625000 1.000000
vt 0.375000 1.000000
vt 0.125000 0.500000
vt 0.125000 0.750000
vt 0.875000 0.500000
vt 0.875000 0.750000
s 0
usemtl Material.006
f 608/659/515 609/660/515 611/661/515 610/662/515
f 610/662/516 611/661/516 615/663/516 614/664/516
f 614/664/517 615/663/517 613/665/517 612/666/517
f 612/666/518 613/665/518 609/667/518 608/668/518
f 610/669/519 614/664/519 612/666/519 608/670/519
f 615/663/520 611/671/520 609/672/520 613/665/520
o gluggi_3
v 0.826531 1.589419 -1.261336
v 0.826531 1.589419 -1.338664
v 1.173469 1.589419 -1.261336
v 1.173469 1.589419 -1.338664
v 0.826531 2.010581 -1.261336
v 0.826531 2.010581 -1.338664
v 1.173469 2.010581 -1.261336
v 1.173469 2.010581 -1.338664
vn -0.0000 -1.0000 -0.0000
vn 1.0000 -0.0000 -0.0000
vn -0.0000 1.0000 -0.0000
vn -1.0000 -0.0000 -0.0000
vn -0.0000 -0.0000 1.0000
vn -0.0000 -0.0000 -1.0000
vt 0.375000 0.000000
vt 0.625000 0.000000
vt 0.625000 0.250000
vt 0.375000 0.250000
vt 0.625000 0.500000
vt 0.375000 0.500000
vt 0.625000 0.750000
vt 0.375000 0.750000
vt 0.625000 1.000000
vt 0.375000 1.000000
vt 0.125000 0.500000
vt 0.125000 0.750000
vt 0.875000 0.500000
vt 0.875000 0.750000
s 0
usemtl Material.007
f 616/673/521 617/674/521 619/675/521 618/676/521
f 618/676/522 619/675/522 623/677/522 622/678/522
f 622/678/523 623/677/523 621/679/523 620/680/523
f 620/680/524 621/679/524 617/681/524 616/682/524
f 618/683/525 622/678/525 620/680/525 616/684/525
f 623/677/526 619/685/526 617/686/526 621/679/526
o gluggi_4
v -1.173469 1.589419 -1.261336
v -1.173469 1.589419 -1.338664
v -0.826531 1.589419 -1.261336
v -0.826531 1.589419 -1.338664
v -1.173469 2.010581 -1.261336
v -1.173469 2.010581 -1.338664
v -0.826531 2.010581 -1.261336
v -0.826531 2.010581 -1.338664
vn -0.0000 -1.0000 -0.0000
vn 1.0000 -0.0000 -0.0000
vn -0.0000 1.0000 -0.0000
vn -1.0000 -0.0000 -0.0000
vn -0.0000 -0.0000 1.0000
vn -0.0000 -0.0000 -1.0000
vt 0.375000 0.000000
vt 0.625000 0.000000
vt 0.625000 0.250000
vt 0.375000 0.250000
vt 0.625000 0.500000
vt 0.375000 0.500000
vt 0.625000 0.750000
vt 0.375000 0.750000
vt 0.625000 1.000000
vt 0.375000 1.000000
vt 0.125000 0.500000
vt 0.125000 0.750000
vt 0.875000 0.500000
vt 0.875000 0.750000
s 0
usemtl Material.008
f 624/687/527 625/688/527 627/689/527 626/690/527
f 626/690/528 627/689/528 631/691/528 630/692/528
f 630/692/529 631/691/529 629/693/529 628/694/529
f 628/694/530 629/693/530 625/695/530 624/696/530
f 626/697/531 630/692/531 628/694/531 624/698/531
f 631/691/532 627/699/532 625/700/532 629/693/532
o gluggi_5
v -1.673469 1.589419 -1.261336
v -1.673469 1.589419 -1.338664
v -1.326531 1.589419 -1.261336
v -1.326531 1.589419 -1.338664
v -1.673469 2.010581 -1.261336
v -1.673469 2.010581 -1.338664
v -1.326531 2.010581 -1.261336
v -1.326531 2.010581 -1.338664
vn -0.0000 -1.0000 -0.0000
vn 1.0000 -0.0000 -0.0000
vn -0.0000 1.0000 -0.0000
vn -1.0000 -0.0000 -0.0000
vn -0.0000 -0.0000 1.0000
vn -0.0000 -0.0000 -1.0000
vt 0.375000 0.000000
vt 0.625000 0.000000
vt 0.625000 0.250000
vt 0.375000 0.250000
vt 0.625000 0.500000
vt 0.375000 0.500000
vt 0.625000 0.750000
vt 0.375000 0.750000
vt 0.625000 1.000000
vt 0.375000 1.000000
vt 0.125000 0.500000
vt 0.125000 0.750000
vt 0.875000 0.500000
vt 0.875000 0.750000
s 0
usemtl Material.009
f 632/701/533 633/702/533 635/703/533 634/704/533
f 634/704/534 635/703/534 639/705/534 638/706/534
f 638/706/535 639/705/535 637/707/535 636/708/535
f 636/708/536 637/707/536 633/709/536 632/710/536
f 634/711/537 638/706/537 636/708/537 632/712/537
f 639/705/538 635/713/538 633/714/538 637/707/538
o gluggi_6
v -2.173469 1.589419 -1.261336
v -2.173469 1.589419 -1.338664
v -1.826531 1.589419 -1.261336
v -1.826531 1.589419 -1.338664
v -2.173469 2.010581 -1.261336
v -2.173469 2.010581 -1.338664
v -1.826531 2.010581 -1.261336
v -1.826531 2.010581 -1.338664
vn -0.0000 -1.0000 -0.0000
vn 1.0000 -0.0000 -0.0000
vn -0.0000 1.0000 -0.0000
vn -1.0000 -0.0000 -0.0000
vn -0.0000 -0.0000 1.0000
vn -0.0000 -0.0000 -1.0000
vt 0.375000 0.000000
vt 0.625000 0.000000
vt 0.625000 0.250000
vt 0.375000 0.250000
vt 0.625000 0.500000
vt 0.375000 0.500000
vt 0.625000 0.750000
vt 0.375000 0.750000
vt 0.625000 1.000000
vt 0.375000 1.000000
vt 0.125000 0.500000
vt 0.125000 0.750000
vt 0.875000 0.500000
vt 0.875000 0.750000
s 0
usemtl Material.010
f 640/715/539 641/716/539 643/717/539 642/718/539
f 642/718/540 643/717/540 647/719/540 646/720/540
f 646/720/541 647/719/541 645/721/541 644/722/541
f 644/722/542 645/721/542 641/723/542 640/724/542
f 642/725/543 646/720/543 644/722/543 640/726/543
f 647/719/544 643/727/544 641/728/544 645/721/544
o gluggi_kula_2_hlid_a
o Cube.004
v -5.334224 2.614725 1.557084
v -5.334224 3.658621 1.373017
v -5.334224 2.579995 1.360123
v -5.334224 3.623891 1.176056
v -5.034224 2.614725 1.557084
v -5.034224 3.658621 1.373017
v -5.034224 2.579995 1.360123
v -5.034224 3.623891 1.176056
v -8.261690 2.624547 1.524597
v -8.261690 3.668443 1.340530
v -8.261690 2.589817 1.327635
v -8.261690 3.633713 1.143568
v -7.961690 2.624547 1.524597
v -7.961690 3.668443 1.340530
v -7.961690 2.589817 1.327635
v -7.961690 3.633713 1.143568
v -7.312362 2.590309 1.520045
v -7.312362 3.634205 1.335978
v -7.312362 2.555579 1.323083
v -7.312362 3.599476 1.139016
v -7.012362 2.590309 1.520045
v -7.012362 3.634205 1.335978
v -7.012362 2.555579 1.323083
v -7.012362 3.599476 1.139016
v -6.289774 2.596585 1.537913
v -6.289774 3.640481 1.353846
v -6.289774 2.561855 1.340951
v -6.289774 3.605751 1.156884
v -5.989774 2.596585 1.537913
v -5.989774 3.640481 1.353846
v -5.989774 2.561855 1.340951
v -5.989774 3.605751 1.156884
vn -1.0000 -0.0000 -0.0000
vn -0.0000 -0.1736 -0.9848
vn 1.0000 -0.0000 -0.0000
vn -0.0000 0.1736 0.9848
vn -0.0000 -0.9848 0.1736
vn -0.0000 0.9848 -0.1736
vt 0.375000 0.000000
vt 0.625000 0.000000
vt 0.625000 0.250000
vt 0.375000 0.250000
vt 0.625000 0.500000
vt 0.375000 0.500000
vt 0.625000 0.750000
vt 0.375000 0.750000
vt 0.625000 1.000000
vt 0.375000 1.000000
vt 0.125000 0.500000
vt 0.125000 0.750000
vt 0.875000 0.500000
vt 0.875000 0.750000
s 0
usemtl Material.020
f 648/729/545 649/730/545 651/731/545 650/732/545
f 650/732/546 651/731/546 655/733/546 654/734/546
f 654/734/547 655/733/547 653/735/547 652/736/547
f 652/736/548 653/735/548 649/737/548 648/738/548
f 650/739/549 654/734/549 652/736/549 648/740/549
f 655/733/550 651/741/550 649/742/550 653/735/550
f 656/729/545 657/730/545 659/731/545 658/732/545
f 658/732/546 659/731/546 663/733/546 662/734/546
f 662/734/547 663/733/547 661/735/547 660/736/547
f 660/736/548 661/735/548 657/737/548 656/738/548
f 658/739/549 662/734/549 660/736/549 656/740/549
f 663/733/550 659/741/550 657/742/550 661/735/550
f 664/729/545 665/730/545 667/731/545 666/732/545
f 666/732/546 667/731/546 671/733/546 670/734/546
f 670/734/547 671/733/547 669/735/547 668/736/547
f 668/736/548 669/735/548 665/737/548 664/738/548
f 666/739/549 670/734/549 668/736/549 664/740/549
f 671/733/550 667/741/550 665/742/550 669/735/550
f 672/729/545 673/730/545 675/731/545 674/732/545
f 674/732/546 675/731/546 679/733/546 678/734/546
f 678/734/547 679/733/547 677/735/547 676/736/547
f 676/736/548 677/735/548 673/737/548 672/738/548
f 674/739/549 678/734/549 676/736/549 672/740/549
f 679/733/550 675/741/550 673/742/550 677/735/550
o Cube.001
v 7.857170 2.614417 1.557084
v 7.857170 3.658313 1.373017
v 7.857170 2.579687 1.360123
v 7.857170 3.623583 1.176056
v 8.157169 2.614417 1.557084
v 8.157169 3.658313 1.373017
v 8.157169 2.579687 1.360123
v 8.157169 3.623583 1.176056
v 4.929703 2.624238 1.524597
v 4.929703 3.668135 1.340530
v 4.929703 2.589509 1.327635
v 4.929703 3.633405 1.143568
v 5.229703 2.624238 1.524597
v 5.229703 3.668135 1.340530
v 5.229703 2.589509 1.327635
v 5.229703 3.633405 1.143568
v 5.879031 2.590001 1.520045
v 5.879031 3.633897 1.335978
v 5.879031 2.555271 1.323083
v 5.879031 3.599168 1.139016
v 6.179031 2.590001 1.520045
v 6.179031 3.633897 1.335978
v 6.179031 2.555271 1.323083
v 6.179031 3.599168 1.139016
v 6.901619 2.596277 1.537913
v 6.901619 3.640173 1.353846
v 6.901619 2.561547 1.340951
v 6.901619 3.605443 1.156884
v 7.201620 2.596277 1.537913
v 7.201620 3.640173 1.353846
v 7.201620 2.561547 1.340951
v 7.201620 3.605443 1.156884
vn -1.0000 -0.0000 -0.0000
vn -0.0000 -0.1736 -0.9848
vn 1.0000 -0.0000 -0.0000
vn -0.0000 0.1736 0.9848
vn -0.0000 -0.9848 0.1736
vn -0.0000 0.9848 -0.1736
vt 0.375000 0.000000
vt 0.625000 0.000000
vt 0.625000 0.250000
vt 0.375000 0.250000
vt 0.625000 0.500000
vt 0.375000 0.500000
vt 0.625000 0.750000
vt 0.375000 0.750000
vt 0.625000 1.000000
vt 0.375000 1.000000
vt 0.125000 0.500000
vt 0.125000 0.750000
vt 0.875000 0.500000
vt 0.875000 0.750000
s 0
usemtl Material.052
f 680/743/551 681/744/551 683/745/551 682/746/551
f 682/746/552 683/745/552 687/747/552 686/748/552
f 686/748/553 687/747/553 685/749/553 684/750/553
f 684/750/554 685/749/554 681/751/554 680/752/554
f 682/753/555 686/748/555 684/750/555 680/754/555
f 687/747/556 683/755/556 681/756/556 685/749/556
f 688/743/551 689/744/551 691/745/551 690/746/551
f 690/746/552 691/745/552 695/747/552 694/748/552
f 694/748/553 695/747/553 693/749/553 692/750/553
f 692/750/554 693/749/554 689/751/554 688/752/554
f 690/753/555 694/748/555 692/750/555 688/754/555
f 695/747/556 691/755/556 689/756/556 693/749/556
f 696/743/551 697/744/551 699/745/551 698/746/551
f 698/746/552 699/745/552 703/747/552 702/748/552
f 702/748/553 703/747/553 701/749/553 700/750/553
f 700/750/554 701/749/554 697/751/554 696/752/554
f 698/753/555 702/748/555 700/750/555 696/754/555
f 703/747/556 699/755/556 697/756/556 701/749/556
f 704/743/551 705/744/551 707/745/551 706/746/551
f 706/746/552 707/745/552 711/747/552 710/748/552
f 710/748/553 711/747/553 709/749/553 708/750/553
f 708/750/554 709/749/554 705/751/554 704/752/554
f 706/753/555 710/748/555 708/750/555 704/754/555
f 711/747/556 707/755/556 705/756/556 709/749/556
o Cube.005
v 3.843889 1.134178 5.551627
v 3.843889 1.865822 5.551627
v 3.843889 1.134178 5.151627
v 3.843889 1.865822 5.151627
v 4.136171 1.134178 5.551627
v 4.136171 1.865822 5.551627
v 4.136171 1.134178 5.151627
v 4.136171 1.865822 5.151627
vn -1.0000 -0.0000 -0.0000
vn -0.0000 -0.0000 -1.0000
vn 1.0000 -0.0000 -0.0000
vn -0.0000 -0.0000 1.0000
vn -0.0000 -1.0000 -0.0000
vn -0.0000 1.0000 -0.0000
vt 0.375000 0.000000
vt 0.625000 0.000000
vt 0.625000 0.250000
vt 0.375000 0.250000
vt 0.625000 0.500000
vt 0.375000 0.500000
vt 0.625000 0.750000
vt 0.375000 0.750000
vt 0.625000 1.000000
vt 0.375000 1.000000
vt 0.125000 0.500000
vt 0.125000 0.750000
vt 0.875000 0.500000
vt 0.875000 0.750000
s 0
usemtl Material.024
f 712/757/557 713/758/557 715/759/557 714/760/557
f 714/760/558 715/759/558 719/761/558 718/762/558
f 718/762/559 719/761/559 717/763/559 716/764/559
f 716/764/560 717/763/560 713/765/560 712/766/560
f 714/767/561 718/762/561 716/764/561 712/768/561
f 719/761/562 715/769/562 713/770/562 717/763/562
o Cube.006
v -4.133590 1.764686 8.099952
v -4.133590 2.364686 8.099952
v -4.133590 1.764686 7.499951
v -4.133590 2.364686 7.499951
v -3.933590 1.764686 8.099952
v -3.933590 2.364686 8.099952
v -3.933590 1.764686 7.499951
v -3.933590 2.364686 7.499951
vn -1.0000 -0.0000 -0.0000
vn -0.0000 -0.0000 -1.0000
vn 1.0000 -0.0000 -0.0000
vn -0.0000 -0.0000 1.0000
vn -0.0000 -1.0000 -0.0000
vn -0.0000 1.0000 -0.0000
vt 0.375000 0.000000
vt 0.625000 0.000000
vt 0.625000 0.250000
vt 0.375000 0.250000
vt 0.625000 0.500000
vt 0.375000 0.500000
vt 0.625000 0.750000
vt 0.375000 0.750000
vt 0.625000 1.000000
vt 0.375000 1.000000
vt 0.125000 0.500000
vt 0.125000 0.750000
vt 0.875000 0.500000
vt 0.875000 0.750000
s 0
usemtl Material.018
f 720/771/563 721/772/563 723/773/563 722/774/563
f 722/774/564 723/773/564 727/775/564 726/776/564
f 726/776/565 727/775/565 725/777/565 724/778/565
f 724/778/566 725/777/566 721/779/566 720/780/566
f 722/781/567 726/776/567 724/778/567 720/782/567
f 727/775/568 723/783/568 721/784/568 725/777/568
o Cube.007
v -4.133590 1.771398 7.271305
v -4.133590 2.371398 7.271305
v -4.133590 1.771398 6.671304
v -4.133590 2.371398 6.671304
v -3.933590 1.771398 7.271305
v -3.933590 2.371398 7.271305
v -3.933590 1.771398 6.671304
v -3.933590 2.371398 6.671304
vn -1.0000 -0.0000 -0.0000
vn -0.0000 -0.0000 -1.0000
vn 1.0000 -0.0000 -0.0000
vn -0.0000 -0.0000 1.0000
vn -0.0000 -1.0000 -0.0000
vn -0.0000 1.0000 -0.0000
vt 0.375000 0.000000
vt 0.625000 0.000000
vt 0.625000 0.250000
vt 0.375000 0.250000
vt 0.625000 0.500000
vt 0.375000 0.500000
vt 0.625000 0.750000
vt 0.375000 0.750000
vt 0.625000 1.000000
vt 0.375000 1.000000
vt 0.125000 0.500000
vt 0.125000 0.750000
vt 0.875000 0.500000
vt 0.875000 0.750000
s 0
usemtl Material.019
f 728/785/569 729/786/569 731/787/569 730/788/569
f 730/788/570 731/787/570 735/789/570 734/790/570
f 734/790/571 735/789/571 733/791/571 732/792/571
f 732/792/572 733/791/572 729/793/572 728/794/572
f 730/795/573 734/790/573 732/792/573 728/796/573
f 735/789/574 731/797/574 729/798/574 733/791/574
o Cube.008
v -4.133590 1.777259 6.456892
v -4.133590 2.377259 6.456892
v -4.133590 1.777259 5.856892
v -4.133590 2.377259 5.856892
v -3.933590 1.777259 6.456892
v -3.933590 2.377259 6.456892
v -3.933590 1.777259 5.856892
v -3.933590 2.377259 5.856892
vn -1.0000 -0.0000 -0.0000
vn -0.0000 -0.0000 -1.0000
vn 1.0000 -0.0000 -0.0000
vn -0.0000 -0.0000 1.0000
vn -0.0000 -1.0000 -0.0000
vn -0.0000 1.0000 -0.0000
vt 0.375000 0.000000
vt 0.625000 0.000000
vt 0.625000 0.250000
vt 0.375000 0.250000
vt 0.625000 0.500000
vt 0.375000 0.500000
vt 0.625000 0.750000
vt 0.375000 0.750000
vt 0.625000 1.000000
vt 0.375000 1.000000
vt 0.125000 0.500000
vt 0.125000 0.750000
vt 0.875000 0.500000
vt 0.875000 0.750000
s 0
usemtl Material.017
f 736/799/575 737/800/575 739/801/575 738/802/575
f 738/802/576 739/801/576 743/803/576 742/804/576
f 742/804/577 743/803/577 741/805/577 740/806/577
f 740/806/578 741/805/578 737/807/578 736/808/578
f 738/809/579 742/804/579 740/806/579 736/810/579
f 743/803/580 739/811/580 737/812/580 741/805/580
o Plane.002
v -0.346242 3.523605 1.527154
v -0.344518 4.118721 1.548098
v -0.094776 3.523605 1.506450
v -0.093052 4.118721 1.527394
vn -0.0820 0.0353 -0.9960
vt 0.000000 0.000000
vt 1.000000 0.000000
vt 1.000000 1.000000
vt 0.000000 1.000000
s 0
usemtl Material.050
f 744/813/581 745/814/581 747/815/581 746/816/581
o Plane.004
v 0.107129 3.523608 1.587642
v 0.108854 4.118723 1.608586
v 0.358595 3.523608 1.566938
v 0.360319 4.118723 1.587882
vn -0.0820 0.0353 -0.9960
vt 0.000000 0.000000
vt 1.000000 0.000000
vt 1.000000 1.000000
vt 0.000000 1.000000
s 0
usemtl Material.049
f 748/817/582 749/818/582 751/819/582 750/820/582
o Plane.005
v 0.110035 4.353203 1.735182
v 0.111760 4.932865 1.871539
v 0.361501 4.357232 1.714874
v 0.363226 4.936894 1.851230
vn -0.0820 0.2284 -0.9701
vt 0.000000 0.000000
vt 1.000000 0.000000
vt 1.000000 1.000000
vt 0.000000 1.000000
s 0
usemtl Material.047
f 752/821/583 753/822/583 755/823/583 754/824/583
o Plane.006
v -0.314087 4.347478 1.692736
v -0.312363 4.927140 1.829092
v -0.062621 4.351507 1.672427
v -0.060897 4.931169 1.808784
vn -0.0820 0.2284 -0.9701
vt 0.000000 0.000000
vt 1.000000 0.000000
vt 1.000000 1.000000
vt 0.000000 1.000000
s 0
usemtl Material.048
f 756/825/584 757/826/584 759/827/584 758/828/584
o Plane.007
v 0.116057 5.150284 2.084280
v 0.115562 5.657116 2.396890
v 0.367522 5.161342 2.066751
v 0.367026 5.668174 2.379360
vn -0.0821 0.5231 -0.8483
vt 0.000000 0.000000
vt 1.000000 0.000000
vt 1.000000 1.000000
vt 0.000000 1.000000
s 0
usemtl Material.045
f 760/829/585 761/830/585 763/831/585 762/832/585
o Plane.008
v -0.308173 5.143182 2.056988
v -0.308669 5.650014 2.369597
v -0.056709 5.154240 2.039458
v -0.057204 5.661072 2.352068
vn -0.0821 0.5231 -0.8483
vt 0.000000 0.000000
vt 1.000000 0.000000
vt 1.000000 1.000000
vt 0.000000 1.000000
s 0
usemtl Material.046
f 764/833/586 765/834/586 767/835/586 766/836/586
o Plane.009
v 3.775041 3.696341 5.062529
v 3.667245 4.281954 5.068997
v 3.851843 3.707827 5.302598
v 3.744047 4.293439 5.309066
vn 0.9352 0.1755 -0.3076
vt 0.000000 0.000000
vt 1.000000 0.000000
vt 1.000000 1.000000
vt 0.000000 1.000000
s 0
usemtl Material.040
f 768/837/587 769/838/587 771/839/587 770/840/587
o Plane.010
v 3.819330 3.702967 5.517720
v 3.711535 4.288580 5.524188
v 3.896132 3.714453 5.757790
v 3.788337 4.300066 5.764257
vn 0.9352 0.1755 -0.3076
vt 0.000000 0.000000
vt 1.000000 0.000000
vt 1.000000 1.000000
vt 0.000000 1.000000
s 0
usemtl Material.039
f 772/841/588 773/842/588 775/843/588 774/844/588
o Plane.011
v 3.557317 4.508927 5.568292
v 3.324174 5.056837 5.574759
v 3.629754 4.536916 5.808361
v 3.396610 5.084826 5.814829
vn 0.8742 0.3756 -0.3076
vt 0.000000 0.000000
vt 1.000000 0.000000
vt 1.000000 1.000000
vt 0.000000 1.000000
s 0
usemtl Material.041
f 776/845/589 777/846/589 779/847/589 778/848/589
o Plane.012
v 3.500820 4.518810 5.144169
v 3.267676 5.066720 5.150637
v 3.573256 4.546799 5.384238
v 3.340113 5.094709 5.390706
vn 0.8742 0.3756 -0.3076
vt 0.000000 0.000000
vt 1.000000 0.000000
vt 1.000000 1.000000
vt 0.000000 1.000000
s 0
usemtl Material.042
f 780/849/590 781/850/590 783/851/590 782/852/590
o Plane.013
v 3.108955 5.276912 5.617419
v 2.750044 5.752038 5.623887
v 3.172456 5.321612 5.857488
v 2.813545 5.796739 5.863956
vn 0.7572 0.5762 -0.3076
vt 0.000000 0.000000
vt 1.000000 0.000000
vt 1.000000 1.000000
vt 0.000000 1.000000
s 0
usemtl Material.043
f 784/853/591 785/854/591 787/855/591 786/856/591
o Plane.014
v 3.051745 5.272816 5.193295
v 2.692834 5.747942 5.199763
v 3.115246 5.317516 5.433365
v 2.756335 5.792643 5.439833
vn 0.7572 0.5762 -0.3076
vt 0.000000 0.000000
vt 1.000000 0.000000
vt 1.000000 1.000000
vt 0.000000 1.000000
s 0
usemtl Material.044
f 788/857/592 789/858/592 791/859/592 790/860/592
o Plane.015
v -3.832244 3.758084 5.505831
v -3.774305 4.350744 5.506573
v -3.823361 3.757530 5.253672
v -3.765422 4.350191 5.254413
vn -0.9946 0.0973 -0.0353
vt 0.000000 0.000000
vt 1.000000 0.000000
vt 1.000000 1.000000
vt 0.000000 1.000000
s 0
usemtl Material.032
f 792/861/593 793/862/593 795/863/593 794/864/593
o Plane.016
v -3.777591 3.751053 5.062669
v -3.719652 4.343713 5.063411
v -3.768708 3.750500 4.810510
v -3.710768 4.343161 4.811251
vn -0.9946 0.0973 -0.0353
vt 0.000000 0.000000
vt 1.000000 0.000000
vt 1.000000 1.000000
vt 0.000000 1.000000
s 0
usemtl Material.031
f 796/865/594 797/866/594 799/867/594 798/868/594
o Plane.017
v -3.687263 4.542284 5.084246
v -3.394814 5.061010 5.084987
v -3.679360 4.538189 4.832086
v -3.386911 5.056915 4.832828
vn -0.8705 0.4908 -0.0353
vt 0.000000 0.000000
vt 1.000000 0.000000
vt 1.000000 1.000000
vt 0.000000 1.000000
s 0
usemtl Material.029
f 800/869/595 801/870/595 803/871/595 802/872/595
o Plane.018
v -3.709436 4.569816 5.499690
v -3.416987 5.088542 5.500431
v -3.701533 4.565721 5.247530
v -3.409084 5.084447 5.248271
vn -0.8705 0.4908 -0.0353
vt 0.000000 0.000000
vt 1.000000 0.000000
vt 1.000000 1.000000
vt 0.000000 1.000000
s 0
usemtl Material.028
f 804/873/596 805/874/596 807/875/596 806/876/596
o Plane.019
v -3.253549 5.265118 5.102170
v -2.934230 5.767749 5.102912
v -3.245872 5.260613 4.850011
v -2.926554 5.763245 4.850752
vn -0.8435 0.5359 -0.0353
vt 0.000000 0.000000
vt 1.000000 0.000000
vt 1.000000 1.000000
vt 0.000000 1.000000
s 0
usemtl Material.030
f 808/877/597 809/878/597 811/879/597 810/880/597
o Plane.020
v -3.265788 5.302116 5.517615
v -2.946470 5.804748 5.518356
v -3.258112 5.297612 5.265455
v -2.938793 5.800243 5.266197
vn -0.8435 0.5359 -0.0353
vt 0.000000 0.000000
vt 1.000000 0.000000
vt 1.000000 1.000000
vt 0.000000 1.000000
s 0
usemtl Material
f 812/881/598 813/882/598 815/883/598 814/884/598
o Plane.021
v 0.627165 3.487611 9.183571
v 0.642031 4.073712 9.079322
v 0.375157 3.491920 9.171861
v 0.390023 4.078021 9.067612
vn -0.0427 0.1760 0.9835
vt 0.000000 0.000000
vt 1.000000 0.000000
vt 1.000000 1.000000
vt 0.000000 1.000000
s 0
usemtl Material.037
f 816/885/599 817/886/599 819/887/599 818/888/599
o Plane.022
v 0.191361 3.505630 9.184740
v 0.192875 4.090629 9.073483
v -0.060746 3.504340 9.174523
v -0.059231 4.089338 9.063267
vn -0.0407 0.1868 0.9816
vt 0.000000 0.000000
vt 1.000000 0.000000
vt 1.000000 1.000000
vt 0.000000 1.000000
s 0
usemtl Material.038
f 820/889/600 821/890/600 823/891/600 822/892/600
o Plane.023
v 0.215000 4.261899 8.981602
v 0.216514 4.841390 8.844520
v -0.037107 4.260157 8.971452
v -0.035593 4.839648 8.834370
vn -0.0407 0.2301 0.9723
vt 0.000000 0.000000
vt 1.000000 0.000000
vt 1.000000 1.000000
vt 0.000000 1.000000
s 0
usemtl Material.035
f 824/893/601 825/894/601 827/895/601 826/896/601
o Plane.024
v 0.629925 4.263091 8.954844
v 0.631439 4.842582 8.817761
v 0.377818 4.261349 8.944694
v 0.379332 4.840840 8.807611
vn -0.0407 0.2301 0.9723
vt 0.000000 0.000000
vt 1.000000 0.000000
vt 1.000000 1.000000
vt 0.000000 1.000000
s 0
usemtl Material.036
f 828/897/602 829/898/602 831/899/602 830/900/602
o Plane.025
v 0.234842 4.998424 8.727932
v 0.236356 5.516461 8.434269
v -0.017265 4.993913 8.718674
v -0.015750 5.511950 8.425011
vn -0.0407 0.4928 0.8692
vt 0.000000 0.000000
vt 1.000000 0.000000
vt 1.000000 1.000000
vt 0.000000 1.000000
s 0
usemtl Material.034
f 832/901/603 833/902/603 835/903/603 834/904/603
o Plane.026
v 0.649768 5.024717 8.712856
v 0.651282 5.542755 8.419193
v 0.397661 5.020206 8.703598
v 0.399175 5.538244 8.409935
vn -0.0407 0.4928 0.8692
vt 0.000000 0.000000
vt 1.000000 0.000000
vt 1.000000 1.000000
vt 0.000000 1.000000
s 0
usemtl Material.033
f 836/905/604 837/906/604 839/907/604 838/908/604
o Cube.003
v 3.973296 0.567052 10.507884
v 3.973296 2.376913 10.507884
v 3.973296 0.567052 9.644748
v 3.973296 2.376913 9.644748
v 4.114088 0.567052 10.507884
v 4.114088 2.376913 10.507884
v 4.114088 0.567052 9.644748
v 4.114088 2.376913 9.644748
vn -1.0000 -0.0000 -0.0000
vn -0.0000 -0.0000 -1.0000
vn 1.0000 -0.0000 -0.0000
vn -0.0000 -0.0000 1.0000
vn -0.0000 -1.0000 -0.0000
vn -0.0000 1.0000 -0.0000
vt 0.375000 0.000000
vt 0.625000 0.000000
vt 0.625000 0.250000
vt 0.375000 0.250000
vt 0.625000 0.500000
vt 0.375000 0.500000
vt 0.625000 0.750000
vt 0.375000 0.750000
vt 0.625000 1.000000
vt 0.375000 1.000000
vt 0.125000 0.500000
vt 0.125000 0.750000
vt 0.875000 0.500000
vt 0.875000 0.750000
s 0
usemtl Material.061
f 840/909/605 841/910/605 843/911/605 842/912/605
f 842/912/606 843/911/606 847/913/606 846/914/606
f 846/914/607 847/913/607 845/915/607 844/916/607
f 844/916/608 845/915/608 841/917/608 840/918/608
f 842/919/609 846/914/609 844/916/609 840/920/609
f 847/913/610 843/921/610 841/922/610 845/915/610
o Cube.009
v 4.093640 -0.016861 9.574154
v 4.093640 0.650053 9.574154
v 4.093640 -0.016861 9.467422
v 4.093640 0.650053 9.467422
v 5.366991 -0.016861 9.574154
v 5.366991 0.650053 9.574154
v 5.366991 -0.016861 9.467422
v 5.366991 0.650053 9.467422
vn -1.0000 -0.0000 -0.0000
vn -0.0000 -0.0000 -1.0000
vn 1.0000 -0.0000 -0.0000
vn -0.0000 -0.0000 1.0000
vn -0.0000 -1.0000 -0.0000
vn -0.0000 1.0000 -0.0000
vt 0.375000 0.000000
vt 0.625000 0.000000
vt 0.625000 0.250000
vt 0.375000 0.250000
vt 0.625000 0.500000
vt 0.375000 0.500000
vt 0.625000 0.750000
vt 0.375000 0.750000
vt 0.625000 1.000000
vt 0.375000 1.000000
vt 0.125000 0.500000
vt 0.125000 0.750000
vt 0.875000 0.500000
vt 0.875000 0.750000
s 0
f 848/923/611 849/924/611 851/925/611 850/926/611
f 850/926/612 851/925/612 855/927/612 854/928/612
f 854/928/613 855/927/613 853/929/613 852/930/613
f 852/930/614 853/929/614 849/931/614 848/932/614
f 850/933/615 854/928/615 852/930/615 848/934/615
f 855/927/616 851/935/616 849/936/616 853/929/616
o Cube.002
v 3.728927 1.134178 4.867546
v 3.728927 1.865822 4.867546
v 3.728927 1.134178 4.467546
v 3.728927 1.865822 4.467546
v 4.128927 1.134178 4.867546
v 4.128927 1.865822 4.867546
v 4.128927 1.134178 4.467546
v 4.128927 1.865822 4.467546
vn -1.0000 -0.0000 -0.0000
vn -0.0000 -0.0000 -1.0000
vn 1.0000 -0.0000 -0.0000
vn -0.0000 -0.0000 1.0000
vn -0.0000 -1.0000 -0.0000
vn -0.0000 1.0000 -0.0000
vt 0.375000 0.000000
vt 0.625000 0.000000
vt 0.625000 0.250000
vt 0.375000 0.250000
vt 0.625000 0.500000
vt 0.375000 0.500000
vt 0.625000 0.750000
vt 0.375000 0.750000
vt 0.625000 1.000000
vt 0.375000 1.000000
vt 0.125000 0.500000
vt 0.125000 0.750000
vt 0.875000 0.500000
vt 0.875000 0.750000
s 0
usemtl Material.024
f 856/937/617 857/938/617 859/939/617 858/940/617
f 858/940/618 859/939/618 863/941/618 862/942/618
f 862/942/619 863/941/619 861/943/619 860/944/619
f 860/944/620 861/943/620 857/945/620 856/946/620
f 858/947/621 862/942/621 860/944/621 856/948/621
f 863/941/622 859/949/622 857/950/622 861/943/622
o Cube.010
v 3.740030 1.134178 4.151040
v 3.740030 1.865822 4.151040
v 3.740030 1.134178 3.751040
v 3.740030 1.865822 3.751040
v 4.140030 1.134178 4.151040
v 4.140030 1.865822 4.151040
v 4.140030 1.134178 3.751040
v 4.140030 1.865822 3.751040
vn -1.0000 -0.0000 -0.0000
vn -0.0000 -0.0000 -1.0000
vn 1.0000 -0.0000 -0.0000
vn -0.0000 -0.0000 1.0000
vn -0.0000 -1.0000 -0.0000
vn -0.0000 1.0000 -0.0000
vt 0.375000 0.000000
vt 0.625000 0.000000
vt 0.625000 0.250000
vt 0.375000 0.250000
vt 0.625000 0.500000
vt 0.375000 0.500000
vt 0.625000 0.750000
vt 0.375000 0.750000
vt 0.625000 1.000000
vt 0.375000 1.000000
vt 0.125000 0.500000
vt 0.125000 0.750000
vt 0.875000 0.500000
vt 0.875000 0.750000
s 0
usemtl Material.024
f 864/951/623 865/952/623 867/953/623 866/954/623
f 866/954/624 867/953/624 871/955/624 870/956/624
f 870/956/625 871/955/625 869/957/625 868/958/625
f 868/958/626 869/957/626 865/959/626 864/960/626
f 866/961/627 870/956/627 868/958/627 864/962/627
f 871/955/628 867/963/628 865/964/628 869/957/628
o Cube.011
v 4.008784 1.304708 6.914277
v 4.008784 1.889238 6.914277
v 4.008784 1.304708 6.514277
v 4.008784 1.889238 6.514277
v 4.128339 1.304708 6.914277
v 4.128339 1.889238 6.914277
v 4.128339 1.304708 6.514277
v 4.128339 1.889238 6.514277
vn -1.0000 -0.0000 -0.0000
vn -0.0000 -0.0000 -1.0000
vn 1.0000 -0.0000 -0.0000
vn -0.0000 -0.0000 1.0000
vn -0.0000 -1.0000 -0.0000
vn -0.0000 1.0000 -0.0000
vt 0.375000 0.000000
vt 0.625000 0.000000
vt 0.625000 0.250000
vt 0.375000 0.250000
vt 0.625000 0.500000
vt 0.375000 0.500000
vt 0.625000 0.750000
vt 0.375000 0.750000
vt 0.625000 1.000000
vt 0.375000 1.000000
vt 0.125000 0.500000
vt 0.125000 0.750000
vt 0.875000 0.500000
vt 0.875000 0.750000
s 0
usemtl Material.024
f 872/965/629 873/966/629 875/967/629 874/968/629
f 874/968/630 875/967/630 879/969/630 878/970/630
f 878/970/631 879/969/631 877/971/631 876/972/631
f 876/972/632 877/971/632 873/973/632 872/974/632
f 874/975/633 878/970/633 876/972/633 872/976/633
f 879/969/634 875/977/634 873/978/634 877/971/634
o Cube.012
v 3.992763 1.312491 7.539871
v 3.992763 1.897022 7.539871
v 3.992763 1.312491 7.139872
v 3.992763 1.897022 7.139872
v 4.120850 1.312491 7.539871
v 4.120850 1.897022 7.539871
v 4.120850 1.312491 7.139872
v 4.120850 1.897022 7.139872
vn -1.0000 -0.0000 -0.0000
vn -0.0000 -0.0000 -1.0000
vn 1.0000 -0.0000 -0.0000
vn -0.0000 -0.0000 1.0000
vn -0.0000 -1.0000 -0.0000
vn -0.0000 1.0000 -0.0000
vt 0.375000 0.000000
vt 0.625000 0.000000
vt 0.625000 0.250000
vt 0.375000 0.250000
vt 0.625000 0.500000
vt 0.375000 0.500000
vt 0.625000 0.750000
vt 0.375000 0.750000
vt 0.625000 1.000000
vt 0.375000 1.000000
vt 0.125000 0.500000
vt 0.125000 0.750000
vt 0.875000 0.500000
vt 0.875000 0.750000
s 0
usemtl Material.024
f 880/979/635 881/980/635 883/981/635 882/982/635
f 882/982/636 883/981/636 887/983/636 886/984/636
f 886/984/637 887/983/637 885/985/637 884/986/637
f 884/986/638 885/985/638 881/987/638 880/988/638
f 882/989/639 886/984/639 884/986/639 880/990/639
f 887/983/640 883/991/640 881/992/640 885/985/640
o Cube.013
v 15.337899 1.055855 15.966616
v 15.339278 1.496666 15.955479
v 14.967739 1.053184 15.815042
v 14.969117 1.493994 15.803906
v 15.383185 1.052921 15.856072
v 15.384563 1.493731 15.844936
v 15.013024 1.050250 15.704500
v 15.014403 1.491060 15.693363
vn -0.3790 0.0246 0.9251
vn -0.9254 -0.0067 -0.3789
vn 0.3790 -0.0246 -0.9251
vn 0.9254 0.0067 0.3789
vn -0.0031 -0.9997 0.0253
vn 0.0031 0.9997 -0.0253
vt 0.375000 0.000000
vt 0.625000 0.000000
vt 0.625000 0.250000
vt 0.375000 0.250000
vt 0.625000 0.500000
vt 0.375000 0.500000
vt 0.625000 0.750000
vt 0.375000 0.750000
vt 0.625000 1.000000
vt 0.375000 1.000000
vt 0.125000 0.500000
vt 0.125000 0.750000
vt 0.875000 0.500000
vt 0.875000 0.750000
s 0
usemtl Material.024
f 888/993/641 889/994/641 891/995/641 890/996/641
f 890/996/642 891/995/642 895/997/642 894/998/642
f 894/998/643 895/997/643 893/999/643 892/1000/643
f 892/1000/644 893/999/644 889/1001/644 888/1002/644
f 890/1003/645 894/998/645 892/1000/645 888/1004/645
f 895/997/646 891/1005/646 889/1006/646 893/999/646
o Cube.014
v -4.113368 1.825825 2.906887
v -4.113368 2.410355 2.906887
v -4.113368 1.825825 2.506887
v -4.113368 2.410355 2.506887
v -3.993813 1.825825 2.906887
v -3.993813 2.410355 2.906887
v -3.993813 1.825825 2.506887
v -3.993813 2.410355 2.506887
vn -1.0000 -0.0000 -0.0000
vn -0.0000 -0.0000 -1.0000
vn 1.0000 -0.0000 -0.0000
vn -0.0000 -0.0000 1.0000
vn -0.0000 -1.0000 -0.0000
vn -0.0000 1.0000 -0.0000
vt 0.375000 0.000000
vt 0.625000 0.000000
vt 0.625000 0.250000
vt 0.375000 0.250000
vt 0.625000 0.500000
vt 0.375000 0.500000
vt 0.625000 0.750000
vt 0.375000 0.750000
vt 0.625000 1.000000
vt 0.375000 1.000000
vt 0.125000 0.500000
vt 0.125000 0.750000
vt 0.875000 0.500000
vt 0.875000 0.750000
s 0
usemtl Material.024
f 896/1007/647 897/1008/647 899/1009/647 898/1010/647
f 898/1010/648 899/1009/648 903/1011/648 902/1012/648
f 902/1012/649 903/1011/649 901/1013/649 900/1014/649
f 900/1014/650 901/1013/650 897/1015/650 896/1016/650
f 898/1017/651 902/1012/651 900/1014/651 896/1018/651
f 903/1011/652 899/1019/652 897/1020/652 901/1013/652
o Cube.015
v -4.117634 1.833608 3.532481
v -4.117634 2.418138 3.532481
v -4.117634 1.833608 3.132481
v -4.117634 2.418138 3.132481
v -3.989547 1.833608 3.532481
v -3.989547 2.418138 3.532481
v -3.989547 1.833608 3.132481
v -3.989547 2.418138 3.132481
vn -1.0000 -0.0000 -0.0000
vn -0.0000 -0.0000 -1.0000
vn 1.0000 -0.0000 -0.0000
vn -0.0000 -0.0000 1.0000
vn -0.0000 -1.0000 -0.0000
vn -0.0000 1.0000 -0.0000
vt 0.375000 0.000000
vt 0.625000 0.000000
vt 0.625000 0.250000
vt 0.375000 0.250000
vt 0.625000 0.500000
vt 0.375000 0.500000
vt 0.625000 0.750000
vt 0.375000 0.750000
vt 0.625000 1.000000
vt 0.375000 1.000000
vt 0.125000 0.500000
vt 0.125000 0.750000
vt 0.875000 0.500000
vt 0.875000 0.750000
s 0
usemtl Material.024
f 904/1021/653 905/1022/653 907/1023/653 906/1024/653
f 906/1024/654 907/1023/654 911/1025/654 910/1026/654
f 910/1026/655 911/1025/655 909/1027/655 908/1028/655
f 908/1028/656 909/1027/656 905/1029/656 904/1030/656
f 906/1031/657 910/1026/657 908/1028/657 904/1032/657
f 911/1025/658 907/1033/658 905/1034/658 909/1027/658
o Plane.032
v -4.752517 0.000000 4.462770
v -4.089740 0.000000 4.462770
v -4.752517 0.000000 2.666030
v -4.089740 0.000000 2.666030
vn -0.0000 1.0000 -0.0000
vt 0.000000 0.000000
vt 1.000000 0.000000
vt 1.000000 1.000000
vt 0.000000 1.000000
s 0
usemtl Material.054
f 912/1035/659 913/1036/659 915/1037/659 914/1038/659
o Cube
v 10.535966 -0.118053 57.260284
v 10.535966 0.169117 57.260284
v 10.152056 -0.118053 56.562790
v 10.152056 0.169117 56.562790
v 13.105278 -0.118053 55.846100
v 13.105278 0.169117 55.846100
v 12.721368 -0.118053 55.148605
v 12.721368 0.169117 55.148605
v 10.835608 -0.126931 58.149464
v 10.835608 0.268672 58.149464
v 10.405537 -0.126931 57.368107
v 10.405537 0.268672 57.368107
v 13.713842 -0.126931 56.565243
v 13.713842 0.268672 56.565243
v 13.283772 -0.126931 55.783886
v 13.283772 0.268672 55.783886
v 11.223885 -0.110392 59.027821
v 11.223885 0.405069 59.027821
v 10.774014 -0.110392 58.210487
v 10.774014 0.405069 58.210487
v 14.234638 -0.110392 57.370659
v 14.234638 0.405069 57.370659
v 13.784767 -0.110392 56.553326
v 13.784767 0.405069 56.553326
v 12.412422 0.071188 61.928566
v 12.412422 0.493837 61.928566
v 10.889885 0.071188 59.230888
v 10.889885 0.493837 59.230888
v 16.230415 0.071188 59.773739
v 16.230415 0.493837 59.773739
v 14.707877 0.071188 57.076057
v 14.707877 0.493837 57.076057
vn -0.8761 -0.0000 0.4822
vn -0.4822 -0.0000 -0.8761
vn 0.8761 -0.0000 -0.4822
vn 0.4822 -0.0000 0.8761
vn -0.0000 -1.0000 -0.0000
vn -0.0000 1.0000 -0.0000
vn -0.8709 -0.0000 0.4915
vn -0.4915 -0.0000 -0.8709
vn 0.8709 -0.0000 -0.4915
vn 0.4915 -0.0000 0.8709
vt 0.375000 0.000000
vt 0.625000 0.000000
vt 0.625000 0.250000
vt 0.375000 0.250000
vt 0.625000 0.500000
vt 0.375000 0.500000
vt 0.625000 0.750000
vt 0.375000 0.750000
vt 0.625000 1.000000
vt 0.375000 1.000000
vt 0.125000 0.500000
vt 0.125000 0.750000
vt 0.875000 0.500000
vt 0.875000 0.750000
s 0
usemtl Material.067
f 916/1039/660 917/1040/660 919/1041/660 918/1042/660
f 918/1042/661 919/1041/661 923/1043/661 922/1044/661
f 922/1044/662 923/1043/662 921/1045/662 920/1046/662
f 920/1046/663 921/1045/663 917/1047/663 916/1048/663
f 918/1049/664 922/1044/664 920/1046/664 916/1050/664
f 923/1043/665 919/1051/665 917/1052/665 921/1045/665
f 924/1039/660 925/1040/660 927/1041/660 926/1042/660
f 926/1042/661 927/1041/661 931/1043/661 930/1044/661
f 930/1044/662 931/1043/662 929/1045/662 928/1046/662
f 928/1046/663 929/1045/663 925/1047/663 924/1048/663
f 926/1049/664 930/1044/664 928/1046/664 924/1050/664
f 931/1043/665 927/1051/665 925/1052/665 929/1045/665
f 932/1039/660 933/1040/660 935/1041/660 934/1042/660
f 934/1042/661 935/1041/661 939/1043/661 938/1044/661
f 938/1044/662 939/1043/662 937/1045/662 936/1046/662
f 936/1046/663 937/1045/663 933/1047/663 932/1048/663
f 934/1049/664 938/1044/664 936/1046/664 932/1050/664
f 939/1043/665 935/1051/665 933/1052/665 937/1045/665
f 940/1039/666 941/1040/666 943/1041/666 942/1042/666
f 942/1042/667 943/1041/667 947/1043/667 946/1044/667
f 946/1044/668 947/1043/668 945/1045/668 944/1046/668
f 944/1046/669 945/1045/669 941/1047/669 940/1048/669
f 942/1049/664 946/1044/664 944/1046/664 940/1050/664
f 947/1043/665 943/1051/665 941/1052/665 945/1045/665
o Cylinder
v -46.806488 -0.102793 40.628304
v -46.806488 0.102793 40.628304
v -46.416306 -0.102793 40.666733
v -46.416306 0.102793 40.666733
v -46.041122 -0.102793 40.780544
v -46.041122 0.102793 40.780544
v -45.695347 -0.102793 40.965363
v -45.695347 0.102793 40.965363
v -45.392273 -0.102793 41.214088
v -45.392273 0.102793 41.214088
v -45.143547 -0.102793 41.517162
v -45.143547 0.102793 41.517162
v -44.958729 -0.102793 41.862938
v -44.958729 0.102793 41.862938
v -44.844917 -0.102793 42.238121
v -44.844917 0.102793 42.238121
v -44.806488 -0.102793 42.628304
v -44.806488 0.102793 42.628304
v -44.844917 -0.102793 43.018486
v -44.844917 0.102793 43.018486
v -44.958729 -0.102793 43.393669
v -44.958729 0.102793 43.393669
v -45.143547 -0.102793 43.739445
v -45.143547 0.102793 43.739445
v -45.392273 -0.102793 44.042519
v -45.392273 0.102793 44.042519
v -45.695347 -0.102793 44.291245
v -45.695347 0.102793 44.291245
v -46.041122 -0.102793 44.476063
v -46.041122 0.102793 44.476063
v -46.416306 -0.102793 44.589874
v -46.416306 0.102793 44.589874
v -46.806488 -0.102793 44.628304
v -46.806488 0.102793 44.628304
v -47.196671 -0.102793 44.589874
v -47.196671 0.102793 44.589874
v -47.571854 -0.102793 44.476063
v -47.571854 0.102793 44.476063
v -47.917629 -0.102793 44.291245
v -47.917629 0.102793 44.291245
v -48.220703 -0.102793 44.042519
v -48.220703 0.102793 44.042519
v -48.469429 -0.102793 43.739445
v -48.469429 0.102793 43.739445
v -48.654247 -0.102793 43.393669
v -48.654247 0.102793 43.393669
v -48.768059 -0.102793 43.018486
v -48.768059 0.102793 43.018486
v -48.806488 -0.102793 42.628304
v -48.806488 0.102793 42.628304
v -48.768059 -0.102793 42.238121
v -48.768059 0.102793 42.238121
v -48.654247 -0.102793 41.862938
v -48.654247 0.102793 41.862938
v -48.469429 -0.102793 41.517162
v -48.469429 0.102793 41.517162
v -48.220703 -0.102793 41.214088
v -48.220703 0.102793 41.214088
v -47.917629 -0.102793 40.965363
v -47.917629 0.102793 40.965363
v -47.571854 -0.102793 40.780544
v -47.571854 0.102793 40.780544
v -47.196671 -0.102793 40.666733
v -47.196671 0.102793 40.666733
vn 0.0980 -0.0000 -0.9952
vn 0.2903 -0.0000 -0.9569
vn 0.4714 -0.0000 -0.8819
vn 0.6344 -0.0000 -0.7730
vn 0.7730 -0.0000 -0.6344
vn 0.8819 -0.0000 -0.4714
vn 0.9569 -0.0000 -0.2903
vn 0.9952 -0.0000 -0.0980
vn 0.9952 -0.0000 0.0980
vn 0.9569 -0.0000 0.2903
vn 0.8819 -0.0000 0.4714
vn 0.7730 -0.0000 0.6344
vn 0.6344 -0.0000 0.7730
vn 0.4714 -0.0000 0.8819
vn 0.2903 -0.0000 0.9569
vn 0.0980 -0.0000 0.9952
vn -0.0980 -0.0000 0.9952
vn -0.2903 -0.0000 0.9569
vn -0.4714 -0.0000 0.8819
vn -0.6344 -0.0000 0.7730
vn -0.7730 -0.0000 0.6344
vn -0.8819 -0.0000 0.4714
vn -0.9569 -0.0000 0.2903
vn -0.9952 -0.0000 0.0980
vn -0.9952 -0.0000 -0.0980
vn -0.9569 -0.0000 -0.2903
vn -0.8819 -0.0000 -0.4714
vn -0.7730 -0.0000 -0.6344
vn -0.6344 -0.0000 -0.7730
vn -0.4714 -0.0000 -0.8819
vn -0.0000 1.0000 -0.0000
vn -0.2903 -0.0000 -0.9569
vn -0.0980 -0.0000 -0.9952
vn -0.0000 -1.0000 -0.0000
vt 1.000000 0.500000
vt 1.000000 1.000000
vt 0.968750 1.000000
vt 0.968750 0.500000
vt 0.937500 1.000000
vt 0.937500 0.500000
vt 0.906250 1.000000
vt 0.906250 0.500000
vt 0.875000 1.000000
vt 0.875000 0.500000
vt 0.843750 1.000000
vt 0.843750 0.500000
vt 0.812500 1.000000
vt 0.812500 0.500000
vt 0.781250 1.000000
vt 0.781250 0.500000
vt 0.750000 1.000000
vt 0.750000 0.500000
vt 0.718750 1.000000
vt 0.718750 0.500000
vt 0.687500 1.000000
vt 0.687500 0.500000
vt 0.656250 1.000000
vt 0.656250 0.500000
vt 0.625000 1.000000
vt 0.625000 0.500000
vt 0.593750 1.000000
vt 0.593750 0.500000
vt 0.562500 1.000000
vt 0.562500 0.500000
vt 0.531250 1.000000
vt 0.531250 0.500000
vt 0.500000 1.000000
vt 0.500000 0.500000
vt 0.468750 1.000000
vt 0.468750 0.500000
vt 0.437500 1.000000
vt 0.437500 0.500000
vt 0.406250 1.000000
vt 0.406250 0.500000
vt 0.375000 1.000000
vt 0.375000 0.500000
vt 0.343750 1.000000
vt 0.343750 0.500000
vt 0.312500 1.000000
vt 0.312500 0.500000
vt 0.281250 1.000000
vt 0.281250 0.500000
vt 0.250000 1.000000
vt 0.250000 0.500000
vt 0.218750 1.000000
vt 0.218750 0.500000
vt 0.187500 1.000000
vt 0.187500 0.500000
vt 0.156250 1.000000
vt 0.156250 0.500000
vt 0.125000 1.000000
vt 0.125000 0.500000
vt 0.093750 1.000000
vt 0.093750 0.500000
vt 0.062500 1.000000
vt 0.062500 0.500000
vt 0.296822 0.485388
vt 0.250000 0.490000
vt 0.203178 0.485388
vt 0.158156 0.471731
vt 0.116663 0.449553
vt 0.080294 0.419706
vt 0.050447 0.383337
vt 0.028269 0.341844
vt 0.014612 0.296822
vt 0.010000 0.250000
vt 0.014612 0.203178
vt 0.028269 0.158156
vt 0.050447 0.116663
vt 0.080294 0.080294
vt 0.116663 0.050447
vt 0.158156 0.028269
vt 0.203178 0.014612
vt 0.250000 0.010000
vt 0.296822 0.014612
vt 0.341844 0.028269
vt 0.383337 0.050447
vt 0.419706 0.080294
vt 0.449553 0.116663
vt 0.471731 0.158156
vt 0.485388 0.203178
vt 0.490000 0.250000
vt 0.485388 0.296822
vt 0.471731 0.341844
vt 0.449553 0.383337
vt 0.419706 0.419706
vt 0.383337 0.449553
vt 0.341844 0.471731
vt 0.031250 1.000000
vt 0.031250 0.500000
vt 0.000000 1.000000
vt 0.000000 0.500000
vt 0.750000 0.490000
vt 0.796822 0.485388
vt 0.841844 0.471731
vt 0.883337 0.449553
vt 0.919706 0.419706
vt 0.949553 0.383337
vt 0.971731 0.341844
vt 0.985388 0.296822
vt 0.990000 0.250000
vt 0.985388 0.203178
vt 0.971731 0.158156
vt 0.949553 0.116663
vt 0.919706 0.080294
vt 0.883337 0.050447
vt 0.841844 0.028269
vt 0.796822 0.014612
vt 0.750000 0.010000
vt 0.703178 0.014612
vt 0.658156 0.028269
vt 0.616663 0.050447
vt 0.580294 0.080294
vt 0.550447 0.116663
vt 0.528269 0.158156
vt 0.514612 0.203178
vt 0.510000 0.250000
vt 0.514612 0.296822
vt 0.528269 0.341844
vt 0.550447 0.383337
vt 0.580294 0.419706
vt 0.616663 0.449553
vt 0.658156 0.471731
vt 0.703178 0.485388
s 0
usemtl Material.068
f 948/1053/670 949/1054/670 951/1055/670 950/1056/670
f 950/1056/671 951/1055/671 953/1057/671 952/1058/671
f 952/1058/672 953/1057/672 955/1059/672 954/1060/672
f 954/1060/673 955/1059/673 957/1061/673 956/1062/673
f 956/1062/674 957/1061/674 959/1063/674 958/1064/674
f 958/1064/675 959/1063/675 961/1065/675 960/1066/675
f 960/1066/676 961/1065/676 963/1067/676 962/1068/676
f 962/1068/677 963/1067/677 965/1069/677 964/1070/677
f 964/1070/678 965/1069/678 967/1071/678 966/1072/678
f 966/1072/679 967/1071/679 969/1073/679 968/1074/679
f 968/1074/680 969/1073/680 971/1075/680 970/1076/680
f 970/1076/681 971/1075/681 973/1077/681 972/1078/681
f 972/1078/682 973/1077/682 975/1079/682 974/1080/682
f 974/1080/683 975/1079/683 977/1081/683 976/1082/683
f 976/1082/684 977/1081/684 979/1083/684 978/1084/684
f 978/1084/685 979/1083/685 981/1085/685 980/1086/685
f 980/1086/686 981/1085/686 983/1087/686 982/1088/686
f 982/1088/687 983/1087/687 985/1089/687 984/1090/687
f 984/1090/688 985/1089/688 987/1091/688 986/1092/688
f 986/1092/689 987/1091/689 989/1093/689 988/1094/689
f 988/1094/690 989/1093/690 991/1095/690 990/1096/690
f 990/1096/691 991/1095/691 993/1097/691 992/1098/691
f 992/1098/692 993/1097/692 995/1099/692 994/1100/692
f 994/1100/693 995/1099/693 997/1101/693 996/1102/693
f 996/1102/694 997/1101/694 999/1103/694 998/1104/694
f 998/1104/695 999/1103/695 1001/1105/695 1000/1106/695
f 1000/1106/696 1001/1105/696 1003/1107/696 1002/1108/696
f 1002/1108/697 1003/1107/697 1005/1109/697 1004/1110/697
f 1004/1110/698 1005/1109/698 1007/1111/698 1006/1112/698
f 1006/1112/699 1007/1111/699 1009/1113/699 1008/1114/699
f 951/1115/700 949/1116/700 1011/1117/700 1009/1118/700 1007/1119/700 1005/1120/700 1003/1121/700 1001/1122/700 999/1123/700 997/1124/700 995/1125/700 993/1126/700 991/1127/700 989/1128/700 987/1129/700 985/1130/700 983/1131/700 981/1132/700 979/1133/700 977/1134/700 975/1135/700 973/1136/700 971/1137/700 969/1138/700 967/1139/700 965/1140/700 963/1141/700 961/1142/700 959/1143/700 957/1144/700 955/1145/700 953/1146/700
f 1008/1114/701 1009/1113/701 1011/1147/701 1010/1148/701
f 1010/1148/702 1011/1147/702 949/1149/702 948/1150/702
f 948/1151/703 950/1152/703 952/1153/703 954/1154/703 956/1155/703 958/1156/703 960/1157/703 962/1158/703 964/1159/703 966/1160/703 968/1161/703 970/1162/703 972/1163/703 974/1164/703 976/1165/703 978/1166/703 980/1167/703 982/1168/703 984/1169/703 986/1170/703 988/1171/703 990/1172/703 992/1173/703 994/1174/703 996/1175/703 998/1176/703 1000/1177/703 1002/1178/703 1004/1179/703 1006/1180/703 1008/1181/703 1010/1182/703
o bekkur
v -39.374229 -0.056914 -9.056731
v -39.374229 0.056914 -9.056731
v -39.374229 -0.056914 -10.021142
v -39.374229 0.056914 -10.021142
v -39.507828 -0.056914 -9.056731
v -39.507828 0.056914 -9.056731
v -39.507828 -0.056914 -10.021142
v -39.507828 0.056914 -10.021142
v -39.614159 0.049486 -9.046855
v -39.614159 0.238445 -9.046855
v -39.614159 0.049486 -10.011265
v -39.614159 0.238445 -10.011265
v -37.622631 0.049486 -9.046855
v -37.622631 0.238445 -9.046855
v -37.622631 0.049486 -10.011265
v -37.622631 0.238445 -10.011265
v -37.696621 -0.067013 -9.021142
v -37.696621 0.046816 -9.021142
v -37.696621 -0.067013 -9.985552
v -37.696621 0.046816 -9.985552
v -37.830223 -0.067013 -9.021142
v -37.830223 0.046816 -9.021142
v -37.830223 -0.067013 -9.985552
v -37.830223 0.046816 -9.985552
v -39.605686 0.301497 -9.874962
v -39.605686 0.732987 -9.874962
v -39.605686 0.301497 -10.002091
v -39.605686 0.732987 -10.002091
v -37.614159 0.301497 -9.874962
v -37.614159 0.732987 -9.874962
v -37.614159 0.301497 -10.002091
v -37.614159 0.732987 -10.002091
vn 1.0000 -0.0000 -0.0000
vn -0.0000 -0.0000 -1.0000
vn -1.0000 -0.0000 -0.0000
vn -0.0000 -0.0000 1.0000
vn -0.0000 -1.0000 -0.0000
vn -0.0000 1.0000 -0.0000
vt 0.375000 0.000000
vt 0.625000 0.000000
vt 0.625000 0.250000
vt 0.375000 0.250000
vt 0.625000 0.500000
vt 0.375000 0.500000
vt 0.625000 0.750000
vt 0.375000 0.750000
vt 0.625000 1.000000
vt 0.375000 1.000000
vt 0.125000 0.500000
vt 0.125000 0.750000
vt 0.875000 0.500000
vt 0.875000 0.750000
s 0
f 1012/1183/704 1014/1186/704 1015/1185/704 1013/1184/704
f 1014/1186/705 1018/1188/705 1019/1187/705 1015/1185/705
f 1018/1188/706 1016/1190/706 1017/1189/706 1019/1187/706
f 1016/1190/707 1012/1192/707 1013/1191/707 1017/1189/707
f 1014/1193/708 1012/1194/708 1016/1190/708 1018/1188/708
f 1019/1187/709 1017/1189/709 1013/1196/709 1015/1195/709
f 1020/1183/704 1022/1186/704 1023/1185/704 1021/1184/704
f 1022/1186/707 1026/1188/707 1027/1187/707 1023/1185/707
f 1026/1188/706 1024/1190/706 1025/1189/706 1027/1187/706
f 1024/1190/705 1020/1192/705 1021/1191/705 1025/1189/705
f 1022/1193/709 1020/1194/709 1024/1190/709 1026/1188/709
f 1027/1187/708 1025/1189/708 1021/1196/708 1023/1195/708
f 1028/1183/704 1030/1186/704 1031/1185/704 1029/1184/704
f 1030/1186/705 1034/1188/705 1035/1187/705 1031/1185/705
f 1034/1188/706 1032/1190/706 1033/1189/706 1035/1187/706
f 1032/1190/707 1028/1192/707 1029/1191/707 1033/1189/707
f 1030/1193/708 1028/1194/708 1032/1190/708 1034/1188/708
f 1035/1187/709 1033/1189/709 1029/1196/709 1031/1195/709
f 1036/1183/704 1038/1186/704 1039/1185/704 1037/1184/704
f 1038/1186/707 1042/1188/707 1043/1187/707 1039/1185/707
f 1042/1188/706 1040/1190/706 1041/1189/706 1043/1187/706
f 1040/1190/705 1036/1192/705 1037/1191/705 1041/1189/705
f 1038/1193/709 1036/1194/709 1040/1190/709 1042/1188/709
f 1043/1187/708 1041/1189/708 1037/1196/708 1039/1195/708
o bekkur.001
v 28.786016 -0.056914 -9.095504
v 28.786016 0.056914 -9.095504
v 28.786016 -0.056914 -10.059915
v 28.786016 0.056914 -10.059915
v 28.652414 -0.056914 -9.095504
v 28.652414 0.056914 -9.095504
v 28.652414 -0.056914 -10.059915
v 28.652414 0.056914 -10.059915
v 28.546087 0.049486 -9.085628
v 28.546087 0.238445 -9.085628
v 28.546087 0.049486 -10.050037
v 28.546087 0.238445 -10.050037
v 30.537615 0.049486 -9.085628
v 30.537615 0.238445 -9.085628
v 30.537615 0.049486 -10.050037
v 30.537615 0.238445 -10.050037
v 30.463623 -0.067013 -9.059915
v 30.463623 0.046816 -9.059915
v 30.463623 -0.067013 -10.024324
v 30.463623 0.046816 -10.024324
v 30.330021 -0.067013 -9.059915
v 30.330021 0.046816 -9.059915
v 30.330021 -0.067013 -10.024324
v 30.330021 0.046816 -10.024324
v 28.554560 0.301497 -9.913734
v 28.554560 0.732987 -9.913734
v 28.554560 0.301497 -10.040864
v 28.554560 0.732987 -10.040864
v 30.546087 0.301497 -9.913734
v 30.546087 0.732987 -9.913734
v 30.546087 0.301497 -10.040864
v 30.546087 0.732987 -10.040864
vn 1.0000 -0.0000 -0.0000
vn -0.0000 -0.0000 -1.0000
vn -1.0000 -0.0000 -0.0000
vn -0.0000 -0.0000 1.0000
vn -0.0000 -1.0000 -0.0000
vn -0.0000 1.0000 -0.0000
vt 0.375000 0.000000
vt 0.625000 0.000000
vt 0.625000 0.250000
vt 0.375000 0.250000
vt 0.625000 0.500000
vt 0.375000 0.500000
vt 0.625000 0.750000
vt 0.375000 0.750000
vt 0.625000 1.000000
vt 0.375000 1.000000
vt 0.125000 0.500000
vt 0.125000 0.750000
vt 0.875000 0.500000
vt 0.875000 0.750000
s 0
usemtl Material.065
f 1044/1197/710 1046/1200/710 1047/1199/710 1045/1198/710
f 1046/1200/711 1050/1202/711 1051/1201/711 1047/1199/711
f 1050/1202/712 1048/1204/712 1049/1203/712 1051/1201/712
f 1048/1204/713 1044/1206/713 1045/1205/713 1049/1203/713
f 1046/1207/714 1044/1208/714 1048/1204/714 1050/1202/714
f 1051/1201/715 1049/1203/715 1045/1210/715 1047/1209/715
f 1052/1197/710 1054/1200/710 1055/1199/710 1053/1198/710
f 1054/1200/713 1058/1202/713 1059/1201/713 1055/1199/713
f 1058/1202/712 1056/1204/712 1057/1203/712 1059/1201/712
f 1056/1204/711 1052/1206/711 1053/1205/711 1057/1203/711
f 1054/1207/715 1052/1208/715 1056/1204/715 1058/1202/715
f 1059/1201/714 1057/1203/714 1053/1210/714 1055/1209/714
f 1060/1197/710 1062/1200/710 1063/1199/710 1061/1198/710
f 1062/1200/711 1066/1202/711 1067/1201/711 1063/1199/711
f 1066/1202/712 1064/1204/712 1065/1203/712 1067/1201/712
f 1064/1204/713 1060/1206/713 1061/1205/713 1065/1203/713
f 1062/1207/714 1060/1208/714 1064/1204/714 1066/1202/714
f 1067/1201/715 1065/1203/715 1061/1210/715 1063/1209/715
f 1068/1197/710 1070/1200/710 1071/1199/710 1069/1198/710
f 1070/1200/713 1074/1202/713 1075/1201/713 1071/1199/713
f 1074/1202/712 1072/1204/712 1073/1203/712 1075/1201/712
f 1072/1204/711 1068/1206/711 1069/1205/711 1073/1203/711
f 1070/1207/715 1068/1208/715 1072/1204/715 1074/1202/715
f 1075/1201/714 1073/1203/714 1069/1210/714 1071/1209/714
o Cube.019
v -4.017393 -0.010061 10.669404
v -4.017393 2.711388 10.669404
v -4.017393 -0.010061 9.531671
v -4.017393 2.711388 9.531671
v 4.050541 -0.010061 10.669404
v 4.050541 2.711388 10.669404
v 4.050541 -0.010061 9.531671
v 4.050541 2.711388 9.531671
vn -1.0000 -0.0000 -0.0000
vn -0.0000 -0.0000 -1.0000
vn 1.0000 -0.0000 -0.0000
vn -0.0000 -0.0000 1.0000
vn -0.0000 -1.0000 -0.0000
vn -0.0000 1.0000 -0.0000
vt 0.375000 0.000000
vt 0.625000 0.000000
vt 0.625000 0.250000
vt 0.375000 0.250000
vt 0.625000 0.500000
vt 0.375000 0.500000
vt 0.625000 0.750000
vt 0.375000 0.750000
vt 0.625000 1.000000
vt 0.375000 1.000000
vt 0.125000 0.500000
vt 0.125000 0.750000
vt 0.875000 0.500000
vt 0.875000 0.750000
s 0
usemtl Material.060
f 1076/1211/716 1077/1212/716 1079/1213/716 1078/1214/716
f 1078/1214/717 1079/1213/717 1083/1215/717 1082/1216/717
f 1082/1216/718 1083/1215/718 1081/1217/718 1080/1218/718
f 1080/1218/719 1081/1217/719 1077/1219/719 1076/1220/719
f 1078/1221/720 1082/1216/720 1080/1218/720 1076/1222/720
f 1083/1215/721 1079/1223/721 1077/1224/721 1081/1217/721
o Cube.022
v 4.902430 -0.007794 11.508479
v 4.902430 0.153835 11.508479
v 4.902430 -0.007794 9.528769
v 4.902430 0.153835 9.528769
v 5.075305 -0.007794 11.508479
v 5.075305 0.153835 11.508479
v 5.075305 -0.007794 9.528769
v 5.075305 0.153835 9.528769
v 4.067897 -0.014390 11.435333
v 4.067897 0.514390 11.435333
v 4.067897 -0.014390 9.547322
v 4.067897 0.514390 9.547322
v 4.718475 -0.014390 11.435333
v 4.718475 0.514390 11.435333
v 4.718475 -0.014390 9.547322
v 4.718475 0.514390 9.547322
v 4.709007 0.032031 11.207275
v 4.709007 0.312032 11.207275
v 4.709007 0.032031 9.537892
v 4.709007 0.312032 9.537892
v 4.881881 0.032031 11.207275
v 4.881881 0.312032 11.207275
v 4.881881 0.032031 9.537892
v 4.881881 0.312032 9.537892
vn -1.0000 -0.0000 -0.0000
vn -0.0000 -0.0000 -1.0000
vn 1.0000 -0.0000 -0.0000
vn -0.0000 -0.0000 1.0000
vn -0.0000 -1.0000 -0.0000
vn -0.0000 1.0000 -0.0000
vt 0.375000 0.000000
vt 0.625000 0.000000
vt 0.625000 0.250000
vt 0.375000 0.250000
vt 0.625000 0.500000
vt 0.375000 0.500000
vt 0.625000 0.750000
vt 0.375000 0.750000
vt 0.625000 1.000000
vt 0.375000 1.000000
vt 0.125000 0.500000
vt 0.125000 0.750000
vt 0.875000 0.500000
vt 0.875000 0.750000
s 0
usemtl Material.062
f 1084/1225/722 1085/1226/722 1087/1227/722 1086/1228/722
f 1086/1228/723 1087/1227/723 1091/1229/723 1090/1230/723
f 1090/1230/724 1091/1229/724 1089/1231/724 1088/1232/724
f 1088/1232/725 1089/1231/725 1085/1233/725 1084/1234/725
f 1086/1235/726 1090/1230/726 1088/1232/726 1084/1236/726
f 1091/1229/727 1087/1237/727 1085/1238/727 1089/1231/727
f 1092/1225/722 1093/1226/722 1095/1227/722 1094/1228/722
f 1094/1228/723 1095/1227/723 1099/1229/723 1098/1230/723
f 1098/1230/724 1099/1229/724 1097/1231/724 1096/1232/724
f 1096/1232/725 1097/1231/725 1093/1233/725 1092/1234/725
f 1094/1235/726 1098/1230/726 1096/1232/726 1092/1236/726
f 1099/1229/727 1095/1237/727 1093/1238/727 1097/1231/727
f 1100/1225/722 1101/1226/722 1103/1227/722 1102/1228/722
f 1102/1228/723 1103/1227/723 1107/1229/723 1106/1230/723
f 1106/1230/724 1107/1229/724 1105/1231/724 1104/1232/724
f 1104/1232/725 1105/1231/725 1101/1233/725 1100/1234/725
f 1102/1235/726 1106/1230/726 1104/1232/726 1100/1236/726
f 1107/1229/727 1103/1237/727 1101/1238/727 1105/1231/727
o Cube.023
v -4.116315 0.655211 9.669309
v -4.116315 2.388705 9.669309
v -4.057033 0.655211 10.530406
v -4.057033 2.388705 10.530406
v -4.256774 0.655211 9.678979
v -4.256774 2.388705 9.678979
v -4.197493 0.655211 10.540076
v -4.197493 2.388705 10.540076
vn 0.9976 -0.0000 -0.0687
vn 0.0687 -0.0000 0.9976
vn -0.9976 -0.0000 0.0687
vn -0.0687 -0.0000 -0.9976
vn -0.0000 -1.0000 -0.0000
vn -0.0000 1.0000 -0.0000
vt 0.375000 0.000000
vt 0.625000 0.000000
vt 0.625000 0.250000
vt 0.375000 0.250000
vt 0.625000 0.500000
vt 0.375000 0.500000
vt 0.625000 0.750000
vt 0.375000 0.750000
vt 0.625000 1.000000
vt 0.375000 1.000000
vt 0.125000 0.500000
vt 0.125000 0.750000
vt 0.875000 0.500000
vt 0.875000 0.750000
s 0
usemtl Material.059
f 1108/1239/728 1109/1240/728 1111/1241/728 1110/1242/728
f 1110/1242/729 1111/1241/729 1115/1243/729 1114/1244/729
f 1114/1244/730 1115/1243/730 1113/1245/730 1112/1246/730
f 1112/1246/731 1113/1245/731 1109/1247/731 1108/1248/731
f 1110/1249/732 1114/1244/732 1112/1246/732 1108/1250/732
f 1115/1243/733 1111/1251/733 1109/1252/733 1113/1245/733
o Cube.024
v -4.016661 -0.007364 9.392373
v -4.016661 0.659550 9.392373
v -4.009326 -0.007364 9.498907
v -4.009326 0.659550 9.498907
v -5.418638 -0.007364 9.488892
v -5.418638 0.659550 9.488892
v -5.411304 -0.007364 9.595426
v -5.411304 0.659550 9.595426
vn 0.9976 -0.0000 -0.0687
vn 0.0687 -0.0000 0.9976
vn -0.9976 -0.0000 0.0687
vn -0.0687 -0.0000 -0.9976
vn -0.0000 -1.0000 -0.0000
vn -0.0000 1.0000 -0.0000
vt 0.375000 0.000000
vt 0.625000 0.000000
vt 0.625000 0.250000
vt 0.375000 0.250000
vt 0.625000 0.500000
vt 0.375000 0.500000
vt 0.625000 0.750000
vt 0.375000 0.750000
vt 0.625000 1.000000
vt 0.375000 1.000000
vt 0.125000 0.500000
vt 0.125000 0.750000
vt 0.875000 0.500000
vt 0.875000 0.750000
s 0
usemtl Material.057
f 1116/1253/734 1117/1254/734 1119/1255/734 1118/1256/734
f 1118/1256/735 1119/1255/735 1123/1257/735 1122/1258/735
f 1122/1258/736 1123/1257/736 1121/1259/736 1120/1260/736
f 1120/1260/737 1121/1259/737 1117/1261/737 1116/1262/737
f 1118/1263/738 1122/1258/738 1120/1260/738 1116/1264/738
f 1123/1257/739 1119/1265/739 1117/1266/739 1121/1259/739
o Cube.027
v -5.189008 -0.001864 9.557472
v -5.189008 0.159764 9.557472
v -5.008628 -0.001864 12.177578
v -5.008628 0.159764 12.177578
v -5.362229 -0.001864 9.569397
v -5.362229 0.159764 9.569397
v -5.181849 -0.001864 12.189503
v -5.181849 0.159764 12.189503
v -4.300679 -0.001687 9.460071
v -4.300679 0.527093 9.460071
v -4.143656 -0.001687 11.740909
v -4.143656 0.527093 11.740909
v -4.951929 -0.001687 9.504906
v -4.951929 0.527093 9.504906
v -4.794906 -0.001687 11.785744
v -4.794906 0.527093 11.785744
v -4.979023 0.038741 9.515326
v -4.979023 0.324985 9.515326
v -4.817261 0.038741 11.865000
v -4.817261 0.324985 11.865000
v -5.156127 0.038741 9.527519
v -5.156127 0.324985 9.527519
v -4.994365 0.038741 11.877192
v -4.994365 0.324985 11.877192
vn 0.9976 -0.0000 -0.0687
vn 0.0687 -0.0000 0.9976
vn -0.9976 -0.0000 0.0687
vn -0.0687 -0.0000 -0.9976
vn -0.0000 -1.0000 -0.0000
vn -0.0000 1.0000 -0.0000
vt 0.375000 0.000000
vt 0.625000 0.000000
vt 0.625000 0.250000
vt 0.375000 0.250000
vt 0.625000 0.500000
vt 0.375000 0.500000
vt 0.625000 0.750000
vt 0.375000 0.750000
vt 0.625000 1.000000
vt 0.375000 1.000000
vt 0.125000 0.500000
vt 0.125000 0.750000
vt 0.875000 0.500000
vt 0.875000 0.750000
s 0
usemtl Material.058
f 1124/1267/740 1125/1268/740 1127/1269/740 1126/1270/740
f 1126/1270/741 1127/1269/741 1131/1271/741 1130/1272/741
f 1130/1272/742 1131/1271/742 1129/1273/742 1128/1274/742
f 1128/1274/743 1129/1273/743 1125/1275/743 1124/1276/743
f 1126/1277/744 1130/1272/744 1128/1274/744 1124/1278/744
f 1131/1271/745 1127/1279/745 1125/1280/745 1129/1273/745
f 1132/1267/740 1133/1268/740 1135/1269/740 1134/1270/740
f 1134/1270/741 1135/1269/741 1139/1271/741 1138/1272/741
f 1138/1272/742 1139/1271/742 1137/1273/742 1136/1274/742
f 1136/1274/743 1137/1273/743 1133/1275/743 1132/1276/743
f 1134/1277/744 1138/1272/744 1136/1274/744 1132/1278/744
f 1139/1271/745 1135/1279/745 1133/1280/745 1137/1273/745
f 1140/1267/740 1141/1268/740 1143/1269/740 1142/1270/740
f 1142/1270/741 1143/1269/741 1147/1271/741 1146/1272/741
f 1146/1272/742 1147/1271/742 1145/1273/742 1144/1274/742
f 1144/1274/743 1145/1273/743 1141/1275/743 1140/1276/743
f 1142/1277/744 1146/1272/744 1144/1274/744 1140/1278/744
f 1147/1271/745 1143/1279/745 1141/1280/745 1145/1273/745
o Cube.028
v -7.665138 0.642074 12.855407
v -7.665138 1.042074 12.855407
v -7.719456 0.642074 12.662924
v -7.719456 1.042074 12.662924
v -7.280173 0.642074 12.746771
v -7.280173 1.042074 12.746771
v -7.334491 0.642074 12.554288
v -7.334491 1.042074 12.554288
vn -0.9624 -0.0000 0.2716
vn -0.2716 -0.0000 -0.9624
vn 0.9624 -0.0000 -0.2716
vn 0.2716 -0.0000 0.9624
vn -0.0000 -1.0000 -0.0000
vn -0.0000 1.0000 -0.0000
vt 0.375000 0.000000
vt 0.625000 0.000000
vt 0.625000 0.250000
vt 0.375000 0.250000
vt 0.625000 0.500000
vt 0.375000 0.500000
vt 0.625000 0.750000
vt 0.375000 0.750000
vt 0.625000 1.000000
vt 0.375000 1.000000
vt 0.125000 0.500000
vt 0.125000 0.750000
vt 0.875000 0.500000
vt 0.875000 0.750000
s 0
f 1148/1281/746 1149/1282/746 1151/1283/746 1150/1284/746
f 1150/1284/747 1151/1283/747 1155/1285/747 1154/1286/747
f 1154/1286/748 1155/1285/748 1153/1287/748 1152/1288/748
f 1152/1288/749 1153/1287/749 1149/1289/749 1148/1290/749
f 1150/1291/750 1154/1286/750 1152/1288/750 1148/1292/750
f 1155/1285/751 1151/1293/751 1149/1294/751 1153/1287/751
o Cube.033
v -7.899027 4.052438 12.659567
v -4.389520 2.886469 11.135139
v -8.433744 2.139291 12.891832
v -4.924238 0.973323 11.367405
v -7.102210 4.052438 14.493982
v -3.592703 2.886469 12.969555
v -7.636927 2.139291 14.726249
v -4.127420 0.973323 13.201820
v -17.610620 2.549766 16.785114
v -9.552612 5.940474 13.330900
v -15.952938 -2.113618 16.074518
v -7.894930 1.277091 12.620304
v -16.822632 2.549765 18.623341
v -8.764624 5.940474 15.169126
v -15.164948 -2.113617 17.912743
v -7.106941 1.277091 14.458529
v 7.056349 4.052437 14.445389
v 3.525948 2.886468 12.969997
v 7.594252 2.139290 14.670182
v 4.063849 0.973322 13.194792
v 7.827535 4.052437 12.600050
v 4.297132 2.886469 11.124660
v 8.365437 2.139291 12.824844
v 4.835034 0.973322 11.349454
v 16.758768 2.549765 18.592464
v 8.685927 5.940474 15.173063
v 15.098036 -2.113618 17.889030
v 7.025193 1.277090 14.469629
v 17.538816 2.549765 16.750854
v 9.465975 5.940474 13.331453
v 15.878084 -2.113618 16.047421
v 7.805242 1.277090 12.628019
v -0.066089 4.052437 17.826527
v -0.471292 2.886469 14.021749
v -0.004351 2.139291 18.406233
v -0.409554 0.973322 14.601456
v 1.922666 4.052437 17.614727
v 1.517462 2.886469 13.809950
v 1.984403 2.139291 18.194431
v 1.579200 0.973322 14.389656
v 0.966563 2.549765 28.327423
v 0.080045 5.940474 19.605202
v 0.784189 -2.113618 26.533100
v -0.102329 1.277090 17.810875
v 2.956312 2.549765 28.125187
v 2.069794 5.940474 19.402964
v 2.773938 -2.113618 26.330864
v 1.887420 1.277090 17.608641
v -3.143047 4.052437 17.225658
v -2.000662 2.886469 13.573882
v -3.317104 2.139291 17.782053
v -2.174718 0.973322 14.130277
v -1.234266 4.052437 17.822783
v -0.091881 2.886469 14.171005
v -1.408323 2.139291 18.379177
v -0.265938 0.973322 14.727400
v -6.374547 2.549765 27.270189
v -3.716812 5.940473 18.915579
v -5.827801 -2.113617 25.551491
v -3.170066 1.277090 17.196878
v -4.468658 2.549765 27.876484
v -1.810925 5.940474 19.521872
v -3.921913 -2.113618 26.157784
v -1.264179 1.277091 17.803171
v 3.140424 4.052437 17.321808
v 1.376096 2.886469 13.926566
v 3.409241 2.139291 17.839115
v 1.644914 0.973322 14.443873
v 4.915113 4.052437 16.399595
v 3.150785 2.886469 13.004354
v 5.183931 2.139291 16.916903
v 3.419603 0.973322 13.521662
v 7.930050 2.549765 26.723648
v 3.924904 5.940474 18.924812
v 7.106116 -2.113618 25.119286
v 3.100971 1.277090 17.320446
v 9.709152 2.549765 25.809978
v 5.704008 5.940474 18.011143
v 8.885219 -2.113618 24.205612
v 4.880074 1.277090 16.406775
v 6.009458 4.052437 15.756089
v 2.964235 2.886469 13.439381
v 6.473436 2.139291 16.109070
v 3.428213 0.973322 13.792360
v 7.220400 4.052437 14.164354
v 4.175177 2.886469 11.847646
v 7.684377 2.139291 14.517335
v 4.639155 0.973323 12.200626
v 14.355234 2.549765 22.212341
v 7.403337 5.940473 16.870602
v 12.925100 -2.113618 21.113447
v 5.973202 1.277090 15.771705
v 15.573814 2.549765 20.626446
v 8.621917 5.940474 15.284706
v 14.143679 -2.113618 19.527552
v 7.191782 1.277090 14.185810
v -4.614060 4.052437 16.523163
v -2.762918 2.886469 13.174464
v -4.896105 2.139291 17.033381
v -3.044963 0.973322 13.684681
v -2.863698 4.052437 17.490753
v -1.012555 2.886469 14.142055
v -3.145743 2.139291 18.000971
v -1.294600 0.973322 14.652271
v -9.793248 2.549765 25.716162
v -5.514899 5.940474 18.063789
v -8.913111 -2.113618 24.141926
v -4.634763 1.277090 16.489552
v -8.047558 2.549765 26.692158
v -3.769209 5.940474 19.039783
v -7.167420 -2.113618 25.117920
v -2.889073 1.277090 17.465546
v -6.028035 4.052437 15.470816
v -3.533856 2.886469 12.569163
v -6.408055 2.139291 15.912920
v -3.913876 0.973322 13.011267
v -4.511343 4.052437 16.774521
v -2.017165 2.886469 13.872869
v -4.891363 2.139291 17.216625
v -2.397184 0.973322 14.314972
v -12.970476 2.549765 23.416744
v -7.223683 5.940474 16.795755
v -11.788254 -2.113618 22.054682
v -6.041461 1.277090 15.433694
v -11.460068 2.549765 24.727722
v -5.713277 5.940474 18.106735
v -10.277846 -2.113617 23.365662
v -4.531054 1.277090 16.744675
v -1.581160 4.052437 17.605907
v -1.141648 2.886469 13.804941
v -1.648126 2.139291 18.185032
v -1.208613 0.973322 14.384067
v 0.405602 4.052437 17.835640
v 0.845114 2.886469 14.034674
v 0.338636 2.139291 18.414766
v 0.778149 0.973322 14.613799
v -2.877773 2.549765 28.077488
v -1.828864 5.940473 19.373301
v -2.661993 -2.113618 26.286873
v -1.613084 1.277090 17.582687
v -0.892138 2.549765 28.316769
v 0.156771 5.940474 19.612581
v -0.676358 -2.113617 26.526154
v 0.372550 1.277090 17.821968
v 4.501471 4.052437 16.710201
v 2.043456 2.886468 13.777849
v 4.875980 2.139291 17.156981
v 2.417966 0.973322 14.224630
v 6.034208 4.052437 15.425398
v 3.576193 2.886469 12.493048
v 6.408717 2.139291 15.872179
v 3.950704 0.973322 12.939828
v 11.214283 2.549765 24.851044
v 5.614616 5.940473 18.105169
v 10.062326 -2.113618 23.463291
v 4.462660 1.277090 16.717419
v 12.753180 2.549765 23.573626
v 7.153513 5.940474 16.827751
v 11.601223 -2.113618 22.185875
v 6.001556 1.277090 15.440000
v -7.164777 4.052439 14.201914
v -4.198351 2.886470 11.785131
v -7.616749 2.139292 14.570141
v -4.650324 0.973324 12.153358
v -5.901526 4.052439 15.752461
v -2.935101 2.886470 13.335678
v -6.353498 2.139292 16.120689
v -3.387073 0.973324 13.703905
v -15.398664 2.549767 20.800270
v -8.575171 5.940475 15.295450
v -13.994945 -2.113617 19.667826
v -7.171451 1.277092 14.163006
v -14.142881 2.549766 22.356873
v -7.319389 5.940475 16.852053
v -12.739162 -2.113616 21.224430
v -5.915669 1.277092 15.719608
v 1.411843 4.052437 17.832615
v 0.282727 2.886469 14.176714
v 1.583878 2.139291 18.389639
v 0.454762 0.973322 14.733737
v 3.322780 4.052437 17.242428
v 2.193664 2.886469 13.586526
v 3.494815 2.139291 17.799450
v 2.365699 0.973323 14.143549
v 4.444036 2.549766 27.939098
v 1.897202 5.940474 19.550016
v 3.920106 -2.113618 26.213308
v 1.373269 1.277090 17.824224
v 6.357788 2.549766 27.358105
v 3.810953 5.940474 18.969021
v 5.833857 -2.113618 25.632313
v 3.287021 1.277090 17.243229
vn -0.3984 -0.0000 -0.9172
vn -0.2674 -0.9566 0.1161
vn 0.3984 -0.0000 0.9172
vn 0.2674 0.9566 -0.1161
vn -0.8774 0.2915 0.3811
vn 0.8774 -0.2915 -0.3811
vn -0.3940 -0.0000 -0.9191
vn 0.3315 -0.9327 -0.1421
vn 0.3940 -0.0000 0.9191
vn -0.3315 0.9327 0.1421
vn -0.8572 -0.3607 0.3675
vn 0.8572 0.3607 -0.3675
vn -0.3856 -0.0000 0.9227
vn 0.2690 -0.9566 0.1124
vn 0.3856 -0.0000 -0.9227
vn -0.2690 0.9566 -0.1124
vn 0.8826 0.2915 0.3688
vn -0.8826 -0.2915 -0.3688
vn -0.3900 -0.0000 0.9208
vn -0.3321 -0.9327 -0.1407
vn 0.3900 -0.0000 -0.9208
vn 0.3321 0.9327 0.1407
vn 0.8588 -0.3607 0.3638
vn -0.8588 0.3607 -0.3638
vn -0.9944 -0.0000 0.1059
vn 0.0309 -0.9566 0.2899
vn 0.9944 -0.0000 -0.1059
vn -0.0309 0.9566 -0.2899
vn 0.1013 0.2915 0.9512
vn -0.1013 -0.2915 -0.9512
vn -0.9949 -0.0000 0.1011
vn -0.0365 -0.9327 -0.3589
vn 0.9949 -0.0000 -0.1011
vn 0.0365 0.9327 0.3589
vn 0.0943 -0.3607 0.9279
vn -0.0943 0.3607 -0.9279
vn -0.9544 -0.0000 -0.2986
vn -0.0870 -0.9566 0.2782
vn 0.9544 -0.0000 0.2986
vn 0.0870 0.9566 -0.2782
vn -0.2856 0.2915 0.9129
vn 0.2856 -0.2915 -0.9129
vn -0.9529 -0.0000 -0.3031
vn 0.1093 -0.9327 -0.3437
vn 0.9529 -0.0000 0.3031
vn -0.1093 0.9327 0.3437
vn -0.2827 -0.3607 0.8888
vn 0.2827 0.3607 -0.8888
vn -0.8873 -0.0000 0.4611
vn 0.1344 -0.9566 0.2587
vn 0.8873 -0.0000 -0.4611
vn -0.1344 0.9566 -0.2587
vn 0.4411 0.2915 0.8488
vn -0.4411 -0.2915 -0.8488
vn -0.8896 -0.0000 0.4568
vn -0.1648 -0.9327 -0.3209
vn 0.8896 -0.0000 -0.4568
vn 0.1648 0.9327 0.3209
vn 0.4261 -0.3607 0.8297
vn -0.4261 0.3607 -0.8297
vn -0.6055 -0.0000 0.7959
vn 0.2320 -0.9566 0.1765
vn 0.6055 -0.0000 -0.7959
vn -0.2320 0.9566 -0.1765
vn 0.7613 0.2915 0.5792
vn -0.7613 -0.2915 -0.5792
vn -0.6093 -0.0000 0.7929
vn -0.2860 -0.9327 -0.2198
vn 0.6093 -0.0000 -0.7929
vn 0.2860 0.9327 0.2198
vn 0.7396 -0.3607 0.5683
vn -0.7396 0.3607 -0.5683
vn -0.8752 -0.0000 -0.4838
vn -0.1410 -0.9566 0.2551
vn 0.8752 -0.0000 0.4838
vn 0.1410 0.9566 -0.2551
vn -0.4628 0.2915 0.8372
vn 0.4628 -0.2915 -0.8372
vn -0.8728 -0.0000 -0.4880
vn 0.1760 -0.9327 -0.3148
vn 0.8728 -0.0000 0.4880
vn -0.1760 0.9327 0.3148
vn -0.4551 -0.3607 0.8141
vn 0.4551 0.3607 -0.8141
vn -0.7583 -0.0000 -0.6519
vn -0.1900 -0.9566 0.2211
vn 0.7583 -0.0000 0.6519
vn 0.1900 0.9566 -0.2211
vn -0.6235 0.2915 0.7254
vn 0.6235 -0.2915 -0.7254
vn -0.7552 -0.0000 -0.6555
vn 0.2364 -0.9327 -0.2724
vn 0.7552 -0.0000 0.6555
vn -0.2364 0.9327 0.2724
vn -0.6114 -0.3607 0.7044
vn 0.6114 0.3607 -0.7044
vn -0.9934 -0.0000 -0.1149
vn -0.0335 -0.9566 0.2896
vn 0.9934 -0.0000 0.1149
vn 0.0335 0.9566 -0.2896
vn -0.1099 0.2915 0.9502
vn 0.1099 -0.2915 -0.9502
vn -0.9928 -0.0000 -0.1196
vn 0.0432 -0.9327 -0.3581
vn 0.9928 -0.0000 0.1196
vn -0.0432 0.9327 0.3581
vn -0.1116 -0.3607 0.9260
vn 0.1116 0.3607 -0.9260
vn -0.7664 -0.0000 0.6424
vn 0.1873 -0.9566 0.2234
vn 0.7664 -0.0000 -0.6424
vn -0.1873 0.9566 -0.2234
vn 0.6145 0.2915 0.7331
vn -0.6145 -0.2915 -0.7331
vn -0.7694 -0.0000 0.6387
vn -0.2304 -0.9327 -0.2776
vn 0.7694 -0.0000 -0.6387
vn 0.2304 0.9327 0.2776
vn 0.5957 -0.3607 0.7176
vn -0.5957 0.3607 -0.7176
vn -0.6316 -0.0000 -0.7753
vn -0.2260 -0.9566 0.1841
vn 0.6316 -0.0000 0.7753
vn 0.2260 0.9566 -0.1841
vn -0.7416 0.2915 0.6042
vn 0.7416 -0.2915 -0.6042
vn -0.6279 -0.0000 -0.7783
vn 0.2807 -0.9327 -0.2265
vn 0.6279 -0.0000 0.7783
vn -0.2807 0.9327 0.2265
vn -0.7259 -0.3607 0.5856
vn 0.7259 0.3607 -0.5856
vn -0.9555 -0.0000 0.2951
vn 0.0860 -0.9566 0.2785
vn 0.9555 -0.0000 -0.2951
vn -0.0860 0.9566 -0.2785
vn 0.2823 0.2915 0.9140
vn -0.2823 -0.2915 -0.9140
vn -0.9569 -0.0000 0.2905
vn -0.1048 -0.9327 -0.3452
vn 0.9569 -0.0000 -0.2905
vn 0.1048 0.9327 0.3452
vn 0.2709 -0.3607 0.8925
vn -0.2709 0.3607 -0.8925
vt 0.375000 0.000000
vt 0.625000 0.000000
vt 0.625000 0.250000
vt 0.375000 0.250000
vt 0.625000 0.500000
vt 0.375000 0.500000
vt 0.625000 0.750000
vt 0.375000 0.750000
vt 0.625000 1.000000
vt 0.375000 1.000000
vt 0.125000 0.500000
vt 0.125000 0.750000
vt 0.875000 0.500000
vt 0.875000 0.750000
s 0
usemtl Material.055
f 1156/1295/752 1157/1296/752 1159/1297/752 1158/1298/752
f 1158/1298/753 1159/1297/753 1163/1299/753 1162/1300/753
f 1162/1300/754 1163/1299/754 1161/1301/754 1160/1302/754
f 1160/1302/755 1161/1301/755 1157/1303/755 1156/1304/755
f 1158/1305/756 1162/1300/756 1160/1302/756 1156/1306/756
f 1163/1299/757 1159/1307/757 1157/1308/757 1161/1301/757
f 1164/1295/758 1165/1296/758 1167/1297/758 1166/1298/758
f 1166/1298/759 1167/1297/759 1171/1299/759 1170/1300/759
f 1170/1300/760 1171/1299/760 1169/1301/760 1168/1302/760
f 1168/1302/761 1169/1301/761 1165/1303/761 1164/1304/761
f 1166/1305/762 1170/1300/762 1168/1302/762 1164/1306/762
f 1171/1299/763 1167/1307/763 1165/1308/763 1169/1301/763
f 1172/1295/764 1173/1296/764 1175/1297/764 1174/1298/764
f 1174/1298/765 1175/1297/765 1179/1299/765 1178/1300/765
f 1178/1300/766 1179/1299/766 1177/1301/766 1176/1302/766
f 1176/1302/767 1177/1301/767 1173/1303/767 1172/1304/767
f 1174/1305/768 1178/1300/768 1176/1302/768 1172/1306/768
f 1179/1299/769 1175/1307/769 1173/1308/769 1177/1301/769
f 1180/1295/770 1181/1296/770 1183/1297/770 1182/1298/770
f 1182/1298/771 1183/1297/771 1187/1299/771 1186/1300/771
f 1186/1300/772 1187/1299/772 1185/1301/772 1184/1302/772
f 1184/1302/773 1185/1301/773 1181/1303/773 1180/1304/773
f 1182/1305/774 1186/1300/774 1184/1302/774 1180/1306/774
f 1187/1299/775 1183/1307/775 1181/1308/775 1185/1301/775
f 1188/1295/776 1189/1296/776 1191/1297/776 1190/1298/776
f 1190/1298/777 1191/1297/777 1195/1299/777 1194/1300/777
f 1194/1300/778 1195/1299/778 1193/1301/778 1192/1302/778
f 1192/1302/779 1193/1301/779 1189/1303/779 1188/1304/779
f 1190/1305/780 1194/1300/780 1192/1302/780 1188/1306/780
f 1195/1299/781 1191/1307/781 1189/1308/781 1193/1301/781
f 1196/1295/782 1197/1296/782 1199/1297/782 1198/1298/782
f 1198/1298/783 1199/1297/783 1203/1299/783 1202/1300/783
f 1202/1300/784 1203/1299/784 1201/1301/784 1200/1302/784
f 1200/1302/785 1201/1301/785 1197/1303/785 1196/1304/785
f 1198/1305/786 1202/1300/786 1200/1302/786 1196/1306/786
f 1203/1299/787 1199/1307/787 1197/1308/787 1201/1301/787
f 1204/1295/788 1205/1296/788 1207/1297/788 1206/1298/788
f 1206/1298/789 1207/1297/789 1211/1299/789 1210/1300/789
f 1210/1300/790 1211/1299/790 1209/1301/790 1208/1302/790
f 1208/1302/791 1209/1301/791 1205/1303/791 1204/1304/791
f 1206/1305/792 1210/1300/792 1208/1302/792 1204/1306/792
f 1211/1299/793 1207/1307/793 1205/1308/793 1209/1301/793
f 1212/1295/794 1213/1296/794 1215/1297/794 1214/1298/794
f 1214/1298/795 1215/1297/795 1219/1299/795 1218/1300/795
f 1218/1300/796 1219/1299/796 1217/1301/796 1216/1302/796
f 1216/1302/797 1217/1301/797 1213/1303/797 1212/1304/797
f 1214/1305/798 1218/1300/798 1216/1302/798 1212/1306/798
f 1219/1299/799 1215/1307/799 1213/1308/799 1217/1301/799
f 1220/1295/800 1221/1296/800 1223/1297/800 1222/1298/800
f 1222/1298/801 1223/1297/801 1227/1299/801 1226/1300/801
f 1226/1300/802 1227/1299/802 1225/1301/802 1224/1302/802
f 1224/1302/803 1225/1301/803 1221/1303/803 1220/1304/803
f 1222/1305/804 1226/1300/804 1224/1302/804 1220/1306/804
f 1227/1299/805 1223/1307/805 1221/1308/805 1225/1301/805
f 1228/1295/806 1229/1296/806 1231/1297/806 1230/1298/806
f 1230/1298/807 1231/1297/807 1235/1299/807 1234/1300/807
f 1234/1300/808 1235/1299/808 1233/1301/808 1232/1302/808
f 1232/1302/809 1233/1301/809 1229/1303/809 1228/1304/809
f 1230/1305/810 1234/1300/810 1232/1302/810 1228/1306/810
f 1235/1299/811 1231/1307/811 1229/1308/811 1233/1301/811
f 1236/1295/812 1237/1296/812 1239/1297/812 1238/1298/812
f 1238/1298/813 1239/1297/813 1243/1299/813 1242/1300/813
f 1242/1300/814 1243/1299/814 1241/1301/814 1240/1302/814
f 1240/1302/815 1241/1301/815 1237/1303/815 1236/1304/815
f 1238/1305/816 1242/1300/816 1240/1302/816 1236/1306/816
f 1243/1299/817 1239/1307/817 1237/1308/817 1241/1301/817
f 1244/1295/818 1245/1296/818 1247/1297/818 1246/1298/818
f 1246/1298/819 1247/1297/819 1251/1299/819 1250/1300/819
f 1250/1300/820 1251/1299/820 1249/1301/820 1248/1302/820
f 1248/1302/821 1249/1301/821 1245/1303/821 1244/1304/821
f 1246/1305/822 1250/1300/822 1248/1302/822 1244/1306/822
f 1251/1299/823 1247/1307/823 1245/1308/823 1249/1301/823
f 1252/1295/824 1253/1296/824 1255/1297/824 1254/1298/824
f 1254/1298/825 1255/1297/825 1259/1299/825 1258/1300/825
f 1258/1300/826 1259/1299/826 1257/1301/826 1256/1302/826
f 1256/1302/827 1257/1301/827 1253/1303/827 1252/1304/827
f 1254/1305/828 1258/1300/828 1256/1302/828 1252/1306/828
f 1259/1299/829 1255/1307/829 1253/1308/829 1257/1301/829
f 1260/1295/830 1261/1296/830 1263/1297/830 1262/1298/830
f 1262/1298/831 1263/1297/831 1267/1299/831 1266/1300/831
f 1266/1300/832 1267/1299/832 1265/1301/832 1264/1302/832
f 1264/1302/833 1265/1301/833 1261/1303/833 1260/1304/833
f 1262/1305/834 1266/1300/834 1264/1302/834 1260/1306/834
f 1267/1299/835 1263/1307/835 1261/1308/835 1265/1301/835
f 1268/1295/836 1269/1296/836 1271/1297/836 1270/1298/836
f 1270/1298/837 1271/1297/837 1275/1299/837 1274/1300/837
f 1274/1300/838 1275/1299/838 1273/1301/838 1272/1302/838
f 1272/1302/839 1273/1301/839 1269/1303/839 1268/1304/839
f 1270/1305/840 1274/1300/840 1272/1302/840 1268/1306/840
f 1275/1299/841 1271/1307/841 1269/1308/841 1273/1301/841
f 1276/1295/842 1277/1296/842 1279/1297/842 1278/1298/842
f 1278/1298/843 1279/1297/843 1283/1299/843 1282/1300/843
f 1282/1300/844 1283/1299/844 1281/1301/844 1280/1302/844
f 1280/1302/845 1281/1301/845 1277/1303/845 1276/1304/845
f 1278/1305/846 1282/1300/846 1280/1302/846 1276/1306/846
f 1283/1299/847 1279/1307/847 1277/1308/847 1281/1301/847
f 1284/1295/848 1285/1296/848 1287/1297/848 1286/1298/848
f 1286/1298/849 1287/1297/849 1291/1299/849 1290/1300/849
f 1290/1300/850 1291/1299/850 1289/1301/850 1288/1302/850
f 1288/1302/851 1289/1301/851 1285/1303/851 1284/1304/851
f 1286/1305/852 1290/1300/852 1288/1302/852 1284/1306/852
f 1291/1299/853 1287/1307/853 1285/1308/853 1289/1301/853
f 1292/1295/854 1293/1296/854 1295/1297/854 1294/1298/854
f 1294/1298/855 1295/1297/855 1299/1299/855 1298/1300/855
f 1298/1300/856 1299/1299/856 1297/1301/856 1296/1302/856
f 1296/1302/857 1297/1301/857 1293/1303/857 1292/1304/857
f 1294/1305/858 1298/1300/858 1296/1302/858 1292/1306/858
f 1299/1299/859 1295/1307/859 1293/1308/859 1297/1301/859
f 1300/1295/860 1301/1296/860 1303/1297/860 1302/1298/860
f 1302/1298/861 1303/1297/861 1307/1299/861 1306/1300/861
f 1306/1300/862 1307/1299/862 1305/1301/862 1304/1302/862
f 1304/1302/863 1305/1301/863 1301/1303/863 1300/1304/863
f 1302/1305/864 1306/1300/864 1304/1302/864 1300/1306/864
f 1307/1299/865 1303/1307/865 1301/1308/865 1305/1301/865
f 1308/1295/866 1309/1296/866 1311/1297/866 1310/1298/866
f 1310/1298/867 1311/1297/867 1315/1299/867 1314/1300/867
f 1314/1300/868 1315/1299/868 1313/1301/868 1312/1302/868
f 1312/1302/869 1313/1301/869 1309/1303/869 1308/1304/869
f 1310/1305/870 1314/1300/870 1312/1302/870 1308/1306/870
f 1315/1299/871 1311/1307/871 1309/1308/871 1313/1301/871
f 1316/1295/872 1317/1296/872 1319/1297/872 1318/1298/872
f 1318/1298/873 1319/1297/873 1323/1299/873 1322/1300/873
f 1322/1300/874 1323/1299/874 1321/1301/874 1320/1302/874
f 1320/1302/875 1321/1301/875 1317/1303/875 1316/1304/875
f 1318/1305/876 1322/1300/876 1320/1302/876 1316/1306/876
f 1323/1299/877 1319/1307/877 1317/1308/877 1321/1301/877
f 1324/1295/878 1325/1296/878 1327/1297/878 1326/1298/878
f 1326/1298/879 1327/1297/879 1331/1299/879 1330/1300/879
f 1330/1300/880 1331/1299/880 1329/1301/880 1328/1302/880
f 1328/1302/881 1329/1301/881 1325/1303/881 1324/1304/881
f 1326/1305/882 1330/1300/882 1328/1302/882 1324/1306/882
f 1331/1299/883 1327/1307/883 1325/1308/883 1329/1301/883
f 1332/1295/884 1333/1296/884 1335/1297/884 1334/1298/884
f 1334/1298/885 1335/1297/885 1339/1299/885 1338/1300/885
f 1338/1300/886 1339/1299/886 1337/1301/886 1336/1302/886
f 1336/1302/887 1337/1301/887 1333/1303/887 1332/1304/887
f 1334/1305/888 1338/1300/888 1336/1302/888 1332/1306/888
f 1339/1299/889 1335/1307/889 1333/1308/889 1337/1301/889
f 1340/1295/890 1341/1296/890 1343/1297/890 1342/1298/890
f 1342/1298/891 1343/1297/891 1347/1299/891 1346/1300/891
f 1346/1300/892 1347/1299/892 1345/1301/892 1344/1302/892
f 1344/1302/893 1345/1301/893 1341/1303/893 1340/1304/893
f 1342/1305/894 1346/1300/894 1344/1302/894 1340/1306/894
f 1347/1299/895 1343/1307/895 1341/1308/895 1345/1301/895
o Cube.047
v 20.007286 1.643898 17.965677
v 20.074703 1.829673 17.996384
v 18.349310 1.643898 21.605885
v 18.416727 1.829673 21.636591
v 15.780681 3.495907 16.040617
v 15.848097 3.681682 16.071323
v 14.122703 3.495907 19.680824
v 14.190120 3.681682 19.711531
v -17.776888 1.643899 21.157509
v -17.844881 1.829673 21.186922
v -19.365046 1.643897 17.486301
v -19.433039 1.829673 17.515713
v -13.514288 3.495907 19.313515
v -13.582281 3.681681 19.342926
v -15.102446 3.495908 15.642308
v -15.170439 3.681681 15.671721
v -10.319761 1.643898 28.289188
v -10.361866 1.829673 28.350136
v -13.610767 1.643899 26.015587
v -13.652874 1.829673 26.076534
v -7.679903 3.495908 24.468033
v -7.722010 3.681682 24.528980
v -10.970911 3.495907 22.194429
v -11.013016 3.681681 22.255379
v -7.444000 1.643898 29.508190
v -7.472511 1.829672 29.576563
v -11.135889 1.643899 27.968723
v -11.164398 1.829671 28.037098
v -5.656542 3.495907 25.221573
v -5.685053 3.681681 25.289948
v -9.348433 3.495908 23.682108
v -9.376942 3.681681 23.750483
v 5.467423 1.643898 31.185852
v 5.469987 1.829672 31.259886
v 1.469819 1.643898 31.324272
v 1.472383 1.829672 31.398310
v 5.306704 3.495907 26.544273
v 5.309267 3.681682 26.618309
v 1.309099 3.495907 26.682695
v 1.311664 3.681681 26.756731
v 8.470021 1.643898 30.076385
v 8.492871 1.829672 30.146854
v 4.665051 1.643898 31.310163
v 4.687901 1.829673 31.380630
v 7.037497 3.495907 25.658474
v 7.060346 3.681681 25.728943
v 3.232526 3.495907 26.892250
v 3.255375 3.681681 26.962719
v 11.634207 1.643898 28.548561
v 11.664804 1.829673 28.616030
v 7.991331 1.643898 30.200668
v 8.021929 1.829672 30.268135
v 9.715963 3.495907 24.318859
v 9.746561 3.681682 24.386324
v 6.073088 3.495907 25.970964
v 6.103685 3.681682 26.038431
v 14.100686 1.643898 26.181591
v 14.149382 1.829672 26.237419
v 11.086269 1.643898 28.810905
v 11.134965 1.829672 28.866734
v 11.047817 3.495907 22.681585
v 11.096512 3.681681 22.737411
v 8.033401 3.495907 25.310898
v 8.082096 3.681681 25.366726
v -13.263145 1.643898 26.295803
v -13.314032 1.829674 26.349638
v -16.170103 1.643899 23.548149
v -16.220991 1.829673 23.601986
v -10.072872 3.495907 22.920567
v -10.123758 3.681683 22.974401
v -12.979830 3.495908 20.172913
v -13.030718 3.681682 20.226748
v -4.429216 1.643898 30.576683
v -4.453373 1.829673 30.646717
v -8.210609 1.643898 29.272434
v -8.234766 1.829673 29.342464
v -2.914865 3.495908 26.186148
v -2.939022 3.681682 26.256180
v -6.696260 3.495908 24.881897
v -6.720415 3.681682 24.951929
v -0.702257 1.643898 31.255241
v -0.718050 1.829672 31.327620
v -4.610338 1.643899 30.402641
v -4.626129 1.829673 30.475021
v 0.287685 3.495907 26.717611
v 0.271894 3.681681 26.789989
v -3.620394 3.495908 25.865013
v -3.636183 3.681681 25.937389
v 1.666489 1.643898 31.239296
v 1.660369 1.829673 31.313122
v -2.319836 1.643898 30.908833
v -2.325956 1.829673 30.982658
v 2.050190 3.495908 26.610817
v 2.044069 3.681682 26.684643
v -1.936136 3.495907 26.280350
v -1.942257 3.681681 26.354177
v 16.280558 1.643898 24.171301
v 16.330433 1.829673 24.226078
v 13.322927 1.643898 26.864334
v 13.372802 1.829673 26.919107
v 13.153708 3.495907 20.737226
v 13.203584 3.681682 20.792002
v 10.196077 3.495907 23.430258
v 10.245953 3.681682 23.485033
v -15.794191 1.643899 23.968956
v -15.855406 1.829674 24.010675
v -18.046869 1.643899 20.663589
v -18.108088 1.829673 20.705311
v -11.956366 3.495908 21.353394
v -12.017584 3.681682 21.395115
v -14.209045 3.495908 18.048027
v -14.270260 3.681681 18.089748
v 18.709394 1.643899 21.169039
v 18.766300 1.829673 21.216469
v 16.148441 1.643899 24.241745
v 16.205347 1.829673 24.289173
v 15.141707 3.495908 18.195543
v 15.198614 3.681682 18.242973
v 12.580753 3.495908 21.268250
v 12.637661 3.681682 21.315678
vn 0.8453 -0.3704 0.3850
vn -0.4145 -0.0000 0.9101
vn -0.8453 0.3704 -0.3850
vn 0.4145 -0.0000 -0.9101
vn -0.3371 -0.9289 -0.1535
vn 0.3371 0.9289 0.1535
vn -0.8525 -0.3704 0.3688
vn -0.3970 -0.0000 -0.9178
vn 0.8525 0.3704 -0.3688
vn 0.3970 -0.0000 0.9178
vn 0.3400 -0.9289 -0.1471
vn -0.3400 0.9289 0.1471
vn -0.5280 -0.3704 0.7642
vn -0.8228 -0.0000 -0.5684
vn 0.5280 0.3704 -0.7642
vn 0.8228 -0.0000 0.5684
vn 0.2105 -0.9289 -0.3047
vn -0.2105 0.9289 0.3047
vn -0.3575 -0.3704 0.8573
vn -0.9230 -0.0000 -0.3849
vn 0.3575 0.3704 -0.8573
vn 0.9230 -0.0000 0.3849
vn 0.1426 -0.9289 -0.3419
vn -0.1426 0.9289 0.3419
vn 0.0321 -0.3704 0.9283
vn -0.9994 -0.0000 0.0346
vn -0.0321 0.3704 -0.9283
vn 0.9994 -0.0000 -0.0346
vn -0.0128 -0.9289 -0.3702
vn 0.0128 0.9289 0.3702
vn 0.2865 -0.3704 0.8836
vn -0.9512 -0.0000 0.3084
vn -0.2865 0.3704 -0.8836
vn 0.9512 -0.0000 -0.3084
vn -0.1142 -0.9289 -0.3523
vn 0.1142 0.9289 0.3523
vn 0.3836 -0.3704 0.8459
vn -0.9107 -0.0000 0.4130
vn -0.3836 0.3704 -0.8459
vn 0.9107 -0.0000 -0.4130
vn -0.1530 -0.9289 -0.3373
vn 0.1530 0.9289 0.3373
vn 0.6106 -0.3704 0.7000
vn -0.7536 -0.0000 0.6573
vn -0.6106 0.3704 -0.7000
vn 0.7536 -0.0000 -0.6573
vn -0.2435 -0.9289 -0.2791
vn 0.2435 0.9289 0.2791
vn -0.6381 -0.3704 0.6751
vn -0.7267 -0.0000 -0.6869
vn 0.6381 0.3704 -0.6750
vn 0.7267 -0.0000 0.6869
vn 0.2544 -0.9289 -0.2692
vn -0.2544 0.9289 0.2692
vn -0.3029 -0.3704 0.8781
vn -0.9453 -0.0000 -0.3261
vn 0.3029 0.3704 -0.8781
vn 0.9453 -0.0000 0.3261
vn 0.1208 -0.9289 -0.3502
vn -0.1208 0.9289 0.3502
vn -0.1980 -0.3704 0.9075
vn -0.9770 -0.0000 -0.2132
vn 0.1980 0.3704 -0.9075
vn 0.9770 -0.0000 0.2131
vn 0.0790 -0.9289 -0.3619
vn -0.0790 0.9289 0.3619
vn -0.0767 -0.3704 0.9257
vn -0.9966 -0.0000 -0.0826
vn 0.0767 0.3704 -0.9257
vn 0.9966 -0.0000 0.0826
vn 0.0306 -0.9289 -0.3691
vn -0.0306 0.9289 0.3691
vn 0.6254 -0.3704 0.6868
vn -0.7394 -0.0000 0.6733
vn -0.6254 0.3704 -0.6868
vn 0.7394 -0.0000 -0.6733
vn -0.2494 -0.9289 -0.2739
vn 0.2494 0.9289 0.2739
vn -0.7676 -0.3704 0.5231
vn -0.5632 -0.0000 -0.8263
vn 0.7676 0.3704 -0.5231
vn 0.5632 -0.0000 0.8263
vn 0.3061 -0.9289 -0.2086
vn -0.3061 0.9289 0.2086
vn 0.7135 -0.3704 0.5947
vn -0.6402 -0.0000 0.7682
vn -0.7135 0.3704 -0.5947
vn 0.6402 -0.0000 -0.7682
vn -0.2845 -0.9289 -0.2371
vn 0.2845 0.9289 0.2371
vt 0.375000 0.000000
vt 0.625000 0.000000
vt 0.625000 0.250000
vt 0.375000 0.250000
vt 0.625000 0.500000
vt 0.375000 0.500000
vt 0.625000 0.750000
vt 0.375000 0.750000
vt 0.625000 1.000000
vt 0.375000 1.000000
vt 0.125000 0.500000
vt 0.125000 0.750000
vt 0.875000 0.500000
vt 0.875000 0.750000
s 0
usemtl Material.056
f 1348/1309/896 1349/1310/896 1351/1311/896 1350/1312/896
f 1350/1312/897 1351/1311/897 1355/1313/897 1354/1314/897
f 1354/1314/898 1355/1313/898 1353/1315/898 1352/1316/898
f 1352/1316/899 1353/1315/899 1349/1317/899 1348/1318/899
f 1350/1319/900 1354/1314/900 1352/1316/900 1348/1320/900
f 1355/1313/901 1351/1321/901 1349/1322/901 1353/1315/901
f 1356/1309/902 1357/1310/902 1359/1311/902 1358/1312/902
f 1358/1312/903 1359/1311/903 1363/1313/903 1362/1314/903
f 1362/1314/904 1363/1313/904 1361/1315/904 1360/1316/904
f 1360/1316/905 1361/1315/905 1357/1317/905 1356/1318/905
f 1358/1319/906 1362/1314/906 1360/1316/906 1356/1320/906
f 1363/1313/907 1359/1321/907 1357/1322/907 1361/1315/907
f 1364/1309/908 1365/1310/908 1367/1311/908 1366/1312/908
f 1366/1312/909 1367/1311/909 1371/1313/909 1370/1314/909
f 1370/1314/910 1371/1313/910 1369/1315/910 1368/1316/910
f 1368/1316/911 1369/1315/911 1365/1317/911 1364/1318/911
f 1366/1319/912 1370/1314/912 1368/1316/912 1364/1320/912
f 1371/1313/913 1367/1321/913 1365/1322/913 1369/1315/913
f 1372/1309/914 1373/1310/914 1375/1311/914 1374/1312/914
f 1374/1312/915 1375/1311/915 1379/1313/915 1378/1314/915
f 1378/1314/916 1379/1313/916 1377/1315/916 1376/1316/916
f 1376/1316/917 1377/1315/917 1373/1317/917 1372/1318/917
f 1374/1319/918 1378/1314/918 1376/1316/918 1372/1320/918
f 1379/1313/919 1375/1321/919 1373/1322/919 1377/1315/919
f 1380/1309/920 1381/1310/920 1383/1311/920 1382/1312/920
f 1382/1312/921 1383/1311/921 1387/1313/921 1386/1314/921
f 1386/1314/922 1387/1313/922 1385/1315/922 1384/1316/922
f 1384/1316/923 1385/1315/923 1381/1317/923 1380/1318/923
f 1382/1319/924 1386/1314/924 1384/1316/924 1380/1320/924
f 1387/1313/925 1383/1321/925 1381/1322/925 1385/1315/925
f 1388/1309/926 1389/1310/926 1391/1311/926 1390/1312/926
f 1390/1312/927 1391/1311/927 1395/1313/927 1394/1314/927
f 1394/1314/928 1395/1313/928 1393/1315/928 1392/1316/928
f 1392/1316/929 1393/1315/929 1389/1317/929 1388/1318/929
f 1390/1319/930 1394/1314/930 1392/1316/930 1388/1320/930
f 1395/1313/931 1391/1321/931 1389/1322/931 1393/1315/931
f 1396/1309/932 1397/1310/932 1399/1311/932 1398/1312/932
f 1398/1312/933 1399/1311/933 1403/1313/933 1402/1314/933
f 1402/1314/934 1403/1313/934 1401/1315/934 1400/1316/934
f 1400/1316/935 1401/1315/935 1397/1317/935 1396/1318/935
f 1398/1319/936 1402/1314/936 1400/1316/936 1396/1320/936
f 1403/1313/937 1399/1321/937 1397/1322/937 1401/1315/937
f 1404/1309/938 1405/1310/938 1407/1311/938 1406/1312/938
f 1406/1312/939 1407/1311/939 1411/1313/939 1410/1314/939
f 1410/1314/940 1411/1313/940 1409/1315/940 1408/1316/940
f 1408/1316/941 1409/1315/941 1405/1317/941 1404/1318/941
f 1406/1319/942 1410/1314/942 1408/1316/942 1404/1320/942
f 1411/1313/943 1407/1321/943 1405/1322/943 1409/1315/943
f 1412/1309/944 1413/1310/944 1415/1311/944 1414/1312/944
f 1414/1312/945 1415/1311/945 1419/1313/945 1418/1314/945
f 1418/1314/946 1419/1313/946 1417/1315/946 1416/1316/946
f 1416/1316/947 1417/1315/947 1413/1317/947 1412/1318/947
f 1414/1319/948 1418/1314/948 1416/1316/948 1412/1320/948
f 1419/1313/949 1415/1321/949 1413/1322/949 1417/1315/949
f 1420/1309/950 1421/1310/950 1423/1311/950 1422/1312/950
f 1422/1312/951 1423/1311/951 1427/1313/951 1426/1314/951
f 1426/1314/952 1427/1313/952 1425/1315/952 1424/1316/952
f 1424/1316/953 1425/1315/953 1421/1317/953 1420/1318/953
f 1422/1319/954 1426/1314/954 1424/1316/954 1420/1320/954
f 1427/1313/955 1423/1321/955 1421/1322/955 1425/1315/955
f 1428/1309/956 1429/1310/956 1431/1311/956 1430/1312/956
f 1430/1312/957 1431/1311/957 1435/1313/957 1434/1314/957
f 1434/1314/958 1435/1313/958 1433/1315/958 1432/1316/958
f 1432/1316/959 1433/1315/959 1429/1317/959 1428/1318/959
f 1430/1319/960 1434/1314/960 1432/1316/960 1428/1320/960
f 1435/1313/961 1431/1321/961 1429/1322/961 1433/1315/961
f 1436/1309/962 1437/1310/962 1439/1311/962 1438/1312/962
f 1438/1312/963 1439/1311/963 1443/1313/963 1442/1314/963
f 1442/1314/964 1443/1313/964 1441/1315/964 1440/1316/964
f 1440/1316/965 1441/1315/965 1437/1317/965 1436/1318/965
f 1438/1319/966 1442/1314/966 1440/1316/966 1436/1320/966
f 1443/1313/967 1439/1321/967 1437/1322/967 1441/1315/967
f 1444/1309/968 1445/1310/968 1447/1311/968 1446/1312/968
f 1446/1312/969 1447/1311/969 1451/1313/969 1450/1314/969
f 1450/1314/970 1451/1313/970 1449/1315/970 1448/1316/970
f 1448/1316/971 1449/1315/971 1445/1317/971 1444/1318/971
f 1446/1319/972 1450/1314/972 1448/1316/972 1444/1320/972
f 1451/1313/973 1447/1321/973 1445/1322/973 1449/1315/973
f 1452/1309/974 1453/1310/974 1455/1311/974 1454/1312/974
f 1454/1312/975 1455/1311/975 1459/1313/975 1458/1314/975
f 1458/1314/976 1459/1313/976 1457/1315/976 1456/1316/976
f 1456/1316/977 1457/1315/977 1453/1317/977 1452/1318/977
f 1454/1319/978 1458/1314/978 1456/1316/978 1452/1320/978
f 1459/1313/979 1455/1321/979 1453/1322/979 1457/1315/979
f 1460/1309/980 1461/1310/980 1463/1311/980 1462/1312/980
f 1462/1312/981 1463/1311/981 1467/1313/981 1466/1314/981
f 1466/1314/982 1467/1313/982 1465/1315/982 1464/1316/982
f 1464/1316/983 1465/1315/983 1461/1317/983 1460/1318/983
f 1462/1319/984 1466/1314/984 1464/1316/984 1460/1320/984
f 1467/1313/985 1463/1321/985 1461/1322/985 1465/1315/985
o Cube.053
v -4.882408 -0.005048 4.438640
v -4.882408 0.108232 4.438640
v -4.882408 -0.005048 2.543601
v -4.882408 0.108232 2.543601
v -4.755649 -0.005048 4.438640
v -4.755649 0.108232 4.438640
v -4.755649 -0.005048 2.543601
v -4.755649 0.108232 2.543601
vn -1.0000 -0.0000 -0.0000
vn -0.0000 -0.0000 -1.0000
vn 1.0000 -0.0000 -0.0000
vn -0.0000 -0.0000 1.0000
vn -0.0000 -1.0000 -0.0000
vn -0.0000 1.0000 -0.0000
vt 0.375000 0.000000
vt 0.625000 0.000000
vt 0.625000 0.250000
vt 0.375000 0.250000
vt 0.625000 0.500000
vt 0.375000 0.500000
vt 0.625000 0.750000
vt 0.375000 0.750000
vt 0.625000 1.000000
vt 0.375000 1.000000
vt 0.125000 0.500000
vt 0.125000 0.750000
vt 0.875000 0.500000
vt 0.875000 0.750000
s 0
usemtl Material.070
f 1468/1323/986 1469/1324/986 1471/1325/986 1470/1326/986
f 1470/1326/987 1471/1325/987 1475/1327/987 1474/1328/987
f 1474/1328/988 1475/1327/988 1473/1329/988 1472/1330/988
f 1472/1330/989 1473/1329/989 1469/1331/989 1468/1332/989
f 1470/1333/990 1474/1328/990 1472/1330/990 1468/1334/990
f 1475/1327/991 1471/1335/991 1469/1336/991 1473/1329/991
o Cube.056
v -4.753704 -0.022312 2.669570
v -4.753704 0.090968 2.669570
v -4.753704 -0.022312 2.542810
v -4.753704 0.090968 2.542810
v -4.094069 -0.022312 2.669570
v -4.094069 0.090968 2.669570
v -4.094069 -0.022312 2.542810
v -4.094069 0.090968 2.542810
vn -1.0000 -0.0000 -0.0000
vn -0.0000 -0.0000 -1.0000
vn 1.0000 -0.0000 -0.0000
vn -0.0000 -0.0000 1.0000
vn -0.0000 -1.0000 -0.0000
vn -0.0000 1.0000 -0.0000
vt 0.375000 0.000000
vt 0.625000 0.000000
vt 0.625000 0.250000
vt 0.375000 0.250000
vt 0.625000 0.500000
vt 0.375000 0.500000
vt 0.625000 0.750000
vt 0.375000 0.750000
vt 0.625000 1.000000
vt 0.375000 1.000000
vt 0.125000 0.500000
vt 0.125000 0.750000
vt 0.875000 0.500000
vt 0.875000 0.750000
s 0
usemtl Material.071
f 1476/1337/992 1477/1338/992 1479/1339/992 1478/1340/992
f 1478/1340/993 1479/1339/993 1483/1341/993 1482/1342/993
f 1482/1342/994 1483/1341/994 1481/1343/994 1480/1344/994
f 1480/1344/995 1481/1343/995 1477/1345/995 1476/1346/995
f 1478/1347/996 1482/1342/996 1480/1344/996 1476/1348/996
f 1483/1341/997 1479/1349/997 1477/1350/997 1481/1343/997
o Cylinder.001
v 0.140776 -0.520000 7.792414
v 22.388750 -0.520000 17.598118
v 22.388750 -0.120000 17.598118
v 20.185740 -0.520000 21.888489
v 20.185740 -0.120000 21.888489
v 17.212414 -0.520000 25.637157
v 17.212414 -0.120000 25.637157
v 13.583033 -0.520000 28.700062
v 13.583033 -0.120000 28.700062
v 9.437073 -0.520000 30.959499
v 9.437073 -0.120000 30.959499
v 4.933862 -0.520000 32.328640
v 4.933862 -0.120000 32.328640
v 0.246456 -0.520000 32.754864
v 0.246456 -0.120000 32.754864
v -4.445013 -0.520000 32.221794
v -4.445013 -0.120000 32.221794
v -8.960251 -0.520000 30.749920
v -8.960251 -0.120000 30.749920
v -13.125741 -0.520000 28.395798
v -13.125741 -0.120000 28.395798
v -16.781408 -0.520000 25.249905
v -16.781408 -0.120000 25.249905
v -19.786764 -0.520000 21.433126
v -19.786764 -0.120000 21.433126
v -22.026316 -0.520000 17.092142
v -22.026316 -0.120000 17.092142
v 0.140776 -0.120000 7.792414
vn -0.0000 -1.0000 -0.0000
vn 0.8896 -0.0000 0.4568
vn 0.7835 -0.0000 0.6214
vn 0.6449 -0.0000 0.7642
vn 0.4785 -0.0000 0.8781
vn 0.2909 -0.0000 0.9568
vn 0.0906 -0.0000 0.9959
vn -0.1129 -0.0000 0.9936
vn -0.3099 -0.0000 0.9508
vn -0.4920 -0.0000 0.8706
vn -0.6523 -0.0000 0.7580
vn -0.7857 -0.0000 0.6186
vn -0.8887 -0.0000 0.4585
vn -0.0000 1.0000 -0.0000
vn 0.4033 -0.0000 -0.9151
vn 0.3869 -0.0000 0.9221
vt 0.656250 0.500000
vt 0.625000 0.500000
vt 0.593750 0.500000
vt 0.562500 0.500000
vt 0.531250 0.500000
vt 0.500000 0.500000
vt 0.468750 0.500000
vt 0.437500 0.500000
vt 0.406250 0.500000
vt 0.375000 0.500000
vt 0.343750 0.500000
vt 0.312500 0.500000
vt 0.281250 0.500000
vt 0.000000 0.000000
vt 0.656250 1.000000
vt 0.625000 1.000000
vt 0.593750 1.000000
vt 0.562500 1.000000
vt 0.531250 1.000000
vt 0.500000 1.000000
vt 0.468750 1.000000
vt 0.437500 1.000000
vt 0.406250 1.000000
vt 0.375000 1.000000
vt 0.343750 1.000000
vt 0.312500 1.000000
vt 0.281250 1.000000
s 0
usemtl Material.022
f 1485/1351/998 1487/1352/998 1489/1353/998 1491/1354/998 1493/1355/998 1495/1356/998 1497/1357/998 1499/1358/998 1501/1359/998 1503/1360/998 1505/1361/998 1507/1362/998 1509/1363/998 1484/1364/998
f 1485/1351/999 1486/1365/999 1488/1366/999 1487/1352/999
f 1487/1352/1000 1488/1366/1000 1490/1367/1000 1489/1353/1000
f 1489/1353/1001 1490/1367/1001 1492/1368/1001 1491/1354/1001
f 1491/1354/1002 1492/1368/1002 1494/1369/1002 1493/1355/1002
f 1493/1355/1003 1494/1369/1003 1496/1370/1003 1495/1356/1003
f 1495/1356/1004 1496/1370/1004 1498/1371/1004 1497/1357/1004
f 1497/1357/1005 1498/1371/1005 1500/1372/1005 1499/1358/1005
f 1499/1358/1006 1500/1372/1006 1502/1373/1006 1501/1359/1006
f 1501/1359/1007 1502/1373/1007 1504/1374/1007 1503/1360/1007
f 1503/1360/1008 1504/1374/1008 1506/1375/1008 1505/1361/1008
f 1505/1361/1009 1506/1375/1009 1508/1376/1009 1507/1362/1009
f 1507/1362/1010 1508/1376/1010 1510/1377/1010 1509/1363/1010
f 1488/1366/1011 1486/1365/1011 1511/1364/1011 1510/1377/1011 1508/1376/1011 1506/1375/1011 1504/1374/1011 1502/1373/1011 1500/1372/1011 1498/1371/1011 1496/1370/1011 1494/1369/1011 1492/1368/1011 1490/1367/1011
f 1485/1351/1012 1484/1364/1012 1511/1364/1012 1486/1365/1012
f 1509/1363/1013 1484/1364/1013 1511/1364/1013 1510/1377/1013
o Plane.001
v 4.367372 0.000000 13.051883
v 8.367372 0.000000 13.051883
v 4.367372 0.000000 2.222157
v 8.367372 0.000000 2.222157
vn -0.0000 1.0000 -0.0000
vt 0.000000 0.000000
vt 1.000000 0.000000
vt 1.000000 1.000000
vt 0.000000 1.000000
s 0
f 1512/1378/1014 1513/1379/1014 1515/1380/1014 1514/1381/1014
o Cylinder.002
v 12.130356 -0.871712 36.193169
v 12.130356 -0.471712 36.193169
v 9.208515 -0.871712 37.699093
v 9.208515 -0.471712 37.699093
v 6.041755 -0.871712 38.720562
v 6.041755 -0.471712 38.720562
v 2.751768 -0.871712 39.218319
v 2.751768 -0.471712 39.218319
v -0.535011 -0.871712 39.173241
v -0.535011 -0.471712 39.173241
v -3.692274 -0.871712 38.587051
v -3.692274 -0.471712 38.587051
v -6.598689 -0.871712 37.482285
v -6.598689 -0.471712 37.482285
v 7.482789 -0.471712 30.642944
v 7.482789 -0.871712 30.642944
v -1.881733 -0.471712 31.287500
v -1.881733 -0.871712 31.287500
vn -0.7956 -0.0000 -0.6058
vn -0.0000 -1.0000 -0.0000
vn 0.4581 -0.0000 0.8889
vn 0.3070 -0.0000 0.9517
vn 0.1496 -0.0000 0.9887
vn -0.0137 -0.0000 0.9999
vn -0.1825 -0.0000 0.9832
vn -0.3553 -0.0000 0.9347
vn 0.7667 -0.0000 -0.6420
vn -0.0687 -0.0000 -0.9976
vn -0.0000 1.0000 -0.0000
vt 0.375000 0.500000
vt 0.375000 1.000000
vt 0.000000 0.000000
vt 0.562500 0.500000
vt 0.531250 0.500000
vt 0.500000 0.500000
vt 0.468750 0.500000
vt 0.437500 0.500000
vt 0.406250 0.500000
vt 0.562500 1.000000
vt 0.531250 1.000000
vt 0.500000 1.000000
vt 0.468750 1.000000
vt 0.437500 1.000000
vt 0.406250 1.000000
s 0
usemtl Material.021
f 1528/1382/1015 1529/1383/1015 1532/1384/1015 1533/1384/1015
f 1516/1385/1016 1518/1386/1016 1520/1387/1016 1522/1388/1016 1524/1389/1016 1526/1390/1016 1528/1382/1016 1533/1384/1016 1531/1384/1016
f 1516/1385/1017 1517/1391/1017 1519/1392/1017 1518/1386/1017
f 1518/1386/1018 1519/1392/1018 1521/1393/1018 1520/1387/1018
f 1520/1387/1019 1521/1393/1019 1523/1394/1019 1522/1388/1019
f 1522/1388/1020 1523/1394/1020 1525/1395/1020 1524/1389/1020
f 1524/1389/1021 1525/1395/1021 1527/1396/1021 1526/1390/1021
f 1526/1390/1022 1527/1396/1022 1529/1383/1022 1528/1382/1022
f 1516/1385/1023 1531/1384/1023 1530/1384/1023 1517/1391/1023
f 1532/1384/1024 1530/1384/1024 1531/1384/1024 1533/1384/1024
f 1519/1392/1025 1517/1391/1025 1530/1384/1025 1532/1384/1025 1529/1383/1025 1527/1396/1025 1525/1395/1025 1523/1394/1025 1521/1393/1025
o Plane
v -2.000000 0.000000 -0.261121
v 2.000000 0.000000 -0.261121
v -2.000000 0.000000 -2.261121
v 2.000000 0.000000 -2.261121
v -0.230662 -0.100000 -0.046808
v 12.978552 -0.100000 -11.921501
v -10.895376 -0.100000 -11.910063
vn -0.0000 1.0000 -0.0000
vt 0.000000 0.000000
vt 1.000000 0.000000
vt 1.000000 1.000000
vt 0.000000 1.000000
s 0
usemtl Material.063
f 1534/1397/1026 1535/1398/1026 1537/1399/1026 1536/1400/1026
f 1538/1397/1026 1539/1398/1026 1540/1400/1026
