# Blender 4.0.2
# www.blender.org
mtllib kossinn_an_gras_dec.mtl
o Object
v -0.343554 0.284187 -0.170303
v -0.347829 0.221963 -0.137851
v -0.346480 0.198232 -0.155906
v -0.342106 0.131252 -0.168911
v -0.349554 0.127663 -0.120514
v -0.353782 0.242342 -0.171989
v -0.344651 0.267939 -0.165899
v -0.376461 0.228993 -0.180030
v -0.327390 0.286857 -0.175220
v -0.224280 0.351251 -0.165283
v -0.236546 0.286548 -0.165572
v -0.335390 0.187138 -0.178255
v -0.276393 0.422637 -0.171392
v -0.336300 0.490135 -0.177531
v -0.341056 0.470943 -0.177416
v -0.291494 0.457673 -0.173459
v -0.373971 0.286523 0.105577
v -0.369340 0.128324 -0.136364
v -0.234216 0.411638 -0.166954
v -0.353692 0.130905 -0.161650
v -0.364885 0.120748 -0.148652
v -0.331773 0.123585 -0.187121
v -0.314723 0.172677 -0.172672
v -0.309090 0.125272 -0.175787
v -0.356480 0.189698 -0.053615
v -0.367418 0.242041 0.041342
v -0.363535 0.219047 0.002312
v -0.366742 0.217787 0.039590
v -0.347223 0.262129 -0.138335
v -0.369820 0.263028 0.059553
v -0.376768 0.293086 0.135851
v -0.378240 0.318257 0.152646
v -0.365179 0.371457 0.015056
v -0.376681 0.353215 0.134445
v -0.360614 0.346399 -0.029847
v -0.342996 0.377348 -0.174726
v -0.353662 0.385467 -0.086575
v -0.356403 0.386246 -0.062922
v -0.366509 0.390979 0.036734
v -0.362090 0.365839 -0.009804
v -0.372829 0.415331 0.102988
v -0.375681 0.404461 0.131070
v -0.358909 0.375553 -0.037141
v -0.291876 0.281817 -0.171556
v -0.347373 0.459064 -0.134618
v -0.347721 0.430685 -0.133751
v -0.351453 0.403882 -0.102920
v -0.350168 0.423733 -0.112639
v -0.317039 0.264499 -0.173994
v -0.323345 0.119262 -0.187512
v -0.295850 0.247437 -0.170856
v -0.351720 0.122198 -0.101173
v -0.354904 0.160111 -0.073651
v -0.351154 0.133430 -0.078873
v -0.160560 0.138649 -0.156541
v -0.314469 0.173752 -0.173264
v -0.228786 0.148234 -0.162920
v -0.330977 0.293283 -0.181115
v -0.340645 0.267223 -0.168126
v -0.184728 0.250606 -0.159854
v -0.130752 0.270223 -0.155065
v -0.146196 0.234397 -0.156003
v -0.361654 0.239506 -0.173079
v -0.374190 0.229607 -0.176149
v -0.207790 0.126616 -0.163457
v -0.236546 0.286548 -0.165572
v -0.170641 0.119933 -0.161338
v -0.295831 0.247428 -0.171054
v -0.342092 0.249672 -0.172540
v -0.127652 0.150153 -0.152874
v -0.347711 0.221969 -0.137839
v -0.347443 0.262137 -0.137999
v -0.317039 0.264499 -0.173994
v -0.350908 0.195800 -0.159717
v -0.291876 0.281817 -0.171556
v -0.332198 0.121419 -0.187157
v -0.329032 0.126840 -0.173297
v -0.308917 0.120747 -0.172216
v -0.314219 0.173988 -0.175324
v -0.333768 0.122280 -0.199430
v -0.262135 0.117553 -0.208412
v -0.246926 0.117550 -0.224293
v -0.318448 0.119568 -0.232463
v -0.293988 0.124898 -0.229251
v -0.323345 0.119262 -0.187512
v -0.259901 0.117364 -0.168986
v -0.357619 0.118357 -0.179797
v -0.357370 0.124224 -0.169152
v -0.333520 0.119067 -0.220286
v -0.352132 0.124226 -0.197263
v -0.185084 0.125252 -0.168212
v -0.185095 0.134612 -0.216644
v -0.130614 0.130121 -0.209981
v -0.096212 0.119242 -0.206236
v -0.222466 0.130198 -0.221175
v -0.222206 0.134301 -0.197705
v -0.102864 0.130699 -0.188352
v -0.208973 0.126501 -0.162608
v -0.228757 0.148224 -0.163004
v -0.162861 0.135765 -0.153232
v -0.150474 0.132786 -0.212582
v -0.103297 0.133123 -0.159882
v -0.092869 0.130654 -0.176332
v -0.127652 0.150153 -0.152874
v 0.019559 1.704294 -0.068008
v -0.143089 1.666856 -0.001939
v -0.077711 1.667621 0.004702
v -0.039211 1.667062 -0.007772
v 0.031741 1.708873 -0.110261
v -0.039069 1.665414 -0.070438
v -0.144342 1.628536 -0.073618
v -0.120113 1.671900 0.013777
v -0.124610 1.670000 0.024670
v -0.213182 1.667500 0.048354
v -0.211864 1.668791 0.108928
v -0.202109 1.669696 0.107739
v -0.220291 1.669590 0.092501
v -0.168277 1.670141 0.068919
v -0.195601 1.670171 0.098483
v -0.011047 1.689810 -0.096698
v -0.220121 1.669019 0.082216
v -0.227804 1.668992 0.093479
v -0.185096 1.669858 0.094190
v -0.181343 1.670982 0.069646
v -0.163800 1.671530 0.059368
v -0.046636 1.658879 -0.076473
v 0.031710 1.703315 -0.121400
v 0.023030 1.693935 -0.133531
v -0.044526 1.645104 -0.089008
v -0.105607 1.640537 -0.065701
v -0.056763 1.626340 -0.087127
v -0.049483 1.629563 -0.088223
v -0.076934 1.662933 0.011178
v -0.065024 1.661444 0.015808
v -0.237799 1.557136 -0.038184
v -0.261242 1.571831 -0.006240
v -0.255028 1.552357 -0.024088
v -0.230870 1.548727 -0.050753
v -0.203302 1.607647 -0.045651
v -0.213881 1.553742 -0.079950
v -0.210086 1.544317 -0.086204
v -0.199629 1.553287 -0.093539
v -0.181407 1.595648 -0.086418
v -0.193803 1.578915 -0.083930
v -0.194772 1.569170 -0.087922
v -0.157037 1.672377 0.056878
v -0.142596 1.671028 0.031662
v -0.114235 1.586676 -0.126114
v -0.149651 1.569640 -0.126683
v -0.145369 1.620685 -0.083430
v -0.142127 1.605759 -0.102575
v -0.123982 1.574903 -0.134268
v -0.146555 1.608246 -0.096385
v -0.258545 1.598109 0.011428
v -0.213785 1.631543 -0.023386
v -0.246966 1.621131 0.013176
v -0.147312 1.593649 -0.107976
v -0.230538 1.649845 0.032526
v -0.211052 1.662267 0.032894
v 0.033705 1.712234 -0.071617
v -0.165837 1.615018 -0.079667
v -0.177205 1.631445 -0.044813
v -0.096811 1.671820 0.002008
v -0.012387 1.676907 -0.029973
v -0.032656 1.674810 -0.074433
v 0.055087 1.709296 -0.091480
v 0.042398 1.708820 -0.103847
v 0.057383 1.710037 -0.077364
v 0.020466 1.681387 -0.130265
v 0.002243 1.682008 -0.124599
v -0.012107 1.678538 -0.076096
v -0.138056 1.557866 -0.139109
v -0.062303 1.612399 -0.085770
v -0.071317 1.609254 -0.085860
v 0.014584 1.700576 -0.054741
v -0.165083 1.607164 -0.086672
v -0.012110 1.677714 -0.056803
v -0.024925 1.680177 -0.059486
v -0.100622 1.591729 -0.120788
v -0.084485 1.600113 -0.099707
v -0.081734 1.605174 -0.090201
v -0.094779 1.600094 -0.108403
v -0.150762 1.555707 -0.131605
v 0.151210 0.531365 0.203499
v 0.191681 0.545274 0.208505
v 0.275059 0.524238 0.229880
v 0.149652 0.524070 0.215076
v 0.157506 0.521518 0.231944
v 0.208486 0.524923 0.210794
v 0.201578 0.484038 0.240735
v 0.261200 0.522647 0.241738
v 0.226814 0.569427 0.211872
v 0.264944 0.571987 0.215537
v 0.267190 0.544223 0.216408
v 0.284830 0.535113 0.214774
v 0.134726 0.524305 0.215289
v 0.123216 0.517437 0.209784
v 0.334201 0.303084 0.173606
v 0.338464 0.348735 0.134730
v 0.327046 0.424957 0.247886
v 0.314567 0.395371 0.251362
v 0.292014 0.524361 0.231931
v 0.330581 0.510998 0.218111
v 0.317598 0.176982 0.257112
v 0.341789 0.327624 0.101603
v 0.324856 0.518764 0.249324
v 0.333713 0.455394 0.189406
v 0.335237 0.408380 0.166463
v 0.324830 0.524505 0.233891
v 0.324135 0.265528 0.254684
v 0.060941 0.484363 0.223983
v 0.181049 0.202901 0.240790
v 0.171238 0.255753 0.238307
v 0.024578 0.520043 0.221718
v 0.046741 0.523684 0.216373
v 0.106073 0.395978 0.229637
v 0.077526 0.439674 0.226373
v 0.229347 0.135858 0.244900
v 0.265682 0.131753 0.250232
v 0.279119 0.163074 0.251216
v 0.225312 0.174307 0.245318
v 0.087309 0.526185 0.216808
v 0.139396 0.306197 0.234528
v 0.080647 0.346071 0.228516
v 0.328109 0.215545 0.244218
v 0.330064 0.242974 0.211547
v 0.015170 0.492150 0.220036
v 0.127186 0.574523 0.202804
v 0.197451 0.578272 0.208986
v 0.141026 0.603144 0.205327
v 0.158618 0.615757 0.211083
v 0.338518 0.382339 0.134227
v 0.313689 0.523668 0.229820
v 0.129340 0.867646 -0.074039
v 0.102353 0.803010 -0.077349
v 0.076998 0.953196 -0.068160
v 0.054112 0.920480 -0.051919
v 0.064121 0.918698 -0.051672
v 0.100080 0.877740 -0.076035
v 0.093427 0.728140 -0.060382
v 0.062578 0.861255 -0.048727
v 0.072041 0.925015 -0.054280
v 0.073566 0.933368 -0.054007
v -0.052595 0.830446 -0.037072
v 0.138028 0.741990 -0.063315
v 0.135496 0.897253 -0.000123
v 0.130946 0.860261 0.007633
v 0.144581 0.859687 -0.008544
v 0.135472 0.896760 0.024043
v 0.074160 0.945223 -0.060937
v 0.140665 0.881804 0.020161
v 0.153463 0.822341 -0.033197
v 0.035938 0.790160 -0.043535
v -0.032054 0.780169 -0.033429
v -0.029107 0.772807 -0.034506
v 0.093214 0.962270 -0.073025
v 0.083745 0.956705 -0.072085
v -0.019890 0.782210 -0.033353
v 0.087421 0.745263 -0.060083
v 0.074144 0.841417 -0.069682
v 0.149718 0.794664 -0.056266
v 0.128146 0.779734 -0.070840
v 0.151250 0.811675 -0.052167
v 0.153220 0.809087 -0.038920
v 0.092781 0.921927 -0.067719
v 0.078015 0.762502 -0.056935
v 0.141472 0.761879 -0.060882
v 0.130772 0.709692 -0.059804
v 0.130915 0.700799 -0.056701
v 0.116639 0.695718 -0.061356
v 0.080492 0.776216 -0.060266
v 0.074733 0.793303 -0.061228
v 0.071674 0.797059 -0.053154
v -0.039234 0.788350 -0.034305
v -0.052234 0.797064 -0.031590
v 0.158987 0.919470 -0.031550
v -0.004323 0.885276 -0.047770
v 0.015104 0.793613 -0.041330
v 0.026133 0.787246 -0.041612
v 0.009047 0.889803 -0.048974
v 0.009293 0.850352 -0.045821
v -0.041743 0.851337 -0.040277
v -0.003588 0.792146 -0.038852
v -0.023638 0.875684 -0.044645
v -0.015746 0.799427 -0.038353
v -0.034004 0.855985 -0.040610
v 0.049497 0.803780 -0.044966
v 0.051135 0.813214 -0.045477
v 0.134996 0.936805 -0.066891
v -0.022560 0.795580 -0.037919
v 0.148468 0.831899 -0.017789
v 0.044401 0.922714 -0.051480
v 0.112950 0.948976 -0.072089
v 0.101468 0.710404 -0.062821
v 0.159515 0.936744 -0.049363
v 0.072321 0.784250 -0.054561
v 0.123201 0.940214 -0.068220
v 0.130531 0.942458 -0.066798
v 0.161641 0.932549 -0.040444
v 0.144904 0.920867 -0.003059
v 0.120293 0.947757 -0.068996
v 0.035036 0.912576 -0.050986
v 0.025162 0.908785 -0.050691
v 0.028417 0.914368 -0.050554
v 0.083317 0.969648 -0.071762
v 0.088602 0.977319 -0.073478
v -0.250303 1.252932 -0.028611
v -0.254435 1.249184 -0.017787
v -0.246310 1.262362 -0.023542
v 0.183544 0.634037 0.166258
v 0.172370 0.643339 0.163121
v 0.155613 0.647012 0.161067
v 0.197158 0.640222 0.166492
v 0.150721 0.691198 0.169327
v 0.143504 0.668675 0.162153
v 0.169939 0.674789 0.165270
v 0.251750 0.609644 0.110834
v 0.230914 0.612270 0.110802
v 0.190372 0.683650 0.137943
v 0.202478 0.665697 0.136280
v 0.178702 0.679581 0.122279
v 0.131920 0.689651 0.163253
v 0.127680 0.669340 0.153118
v 0.202792 0.612988 0.100529
v 0.268907 0.610565 0.118191
v 0.261072 0.609898 0.118570
v 0.211724 0.634694 0.165117
v 0.237985 0.638219 0.161751
v 0.255326 0.633223 0.158430
v 0.245635 0.635161 0.164455
v 0.168744 0.668862 0.116333
v 0.167262 0.616521 0.083584
v 0.177637 0.683260 0.161437
v 0.288875 0.615050 0.144446
v 0.291434 0.611873 0.130490
v 0.283088 0.608839 0.130306
v 0.181828 0.682031 0.152264
v 0.194280 0.615216 0.128732
v 0.290141 0.617150 0.152876
v 0.276387 0.623671 0.164947
v 0.258791 0.627591 0.168338
v 0.284450 0.622014 0.162179
v 0.224493 0.611467 0.100167
v 0.177627 0.614479 0.082681
v 0.193824 0.660605 0.157740
v 0.163505 0.657234 0.085674
v 0.161214 0.652314 0.077903
v 0.163503 0.616629 0.072146
v 0.157414 0.626735 0.061343
v 0.163424 0.668239 0.090543
v 0.109723 1.093014 -0.081644
v 0.048589 1.132897 -0.098385
v 0.014561 1.129012 -0.108968
v 0.030030 1.179383 -0.099037
v 0.089959 1.150705 -0.072263
v 0.102531 1.120668 -0.063218
v 0.030363 1.174185 -0.097845
v 0.016183 1.149339 -0.106631
v 0.012289 1.066346 -0.062749
v 0.034612 1.067350 -0.066261
v 0.076347 1.076769 -0.086110
v 0.017756 1.048989 -0.062413
v 0.080281 1.081604 -0.090903
v 0.053848 1.087739 -0.070513
v 0.015538 1.120706 -0.100545
v 0.070686 1.171048 -0.087672
v 0.075894 1.167735 -0.077387
v 0.060226 1.181503 -0.092755
v 0.056230 1.190989 -0.091802
v 0.068351 1.179220 -0.086340
v 0.016949 1.097823 -0.071538
v 0.023059 1.090780 -0.064011
v 0.090395 1.081223 -0.092511
v 0.018311 1.108124 -0.091833
v 0.010412 1.135775 -0.104276
v 0.050522 1.107680 -0.097222
v 0.013458 1.104642 -0.078493
v 0.108580 1.096839 -0.067395
v 0.008227 1.055156 -0.059466
v 0.105005 1.096554 -0.049617
v 0.061930 1.070126 -0.074785
v 0.054822 1.073131 -0.066346
v 0.102376 1.097046 -0.086660
v 0.014956 1.085240 -0.062424
v 0.048061 1.065874 -0.065915
v 0.251737 0.609726 0.110815
v 0.201962 0.612773 0.100453
v 0.284498 0.608956 0.043618
v 0.224466 0.611226 0.100171
v 0.265629 0.609463 0.118391
v 0.230764 0.610205 0.110925
v 0.289236 0.608894 0.116036
v 0.285930 0.609043 0.072324
v 0.177615 0.612830 0.082789
v 0.266039 0.605495 -0.096480
v 0.260315 0.587976 -0.098292
v 0.219858 0.520941 -0.124915
v 0.197626 0.522824 -0.104962
v 0.313484 0.522797 -0.102209
v 0.321945 0.522359 -0.115384
v 0.204918 0.540201 -0.100866
v 0.239164 0.562068 -0.099585
v 0.186268 0.528089 -0.122413
v 0.281544 0.610021 0.129933
v 0.294618 0.608633 0.127950
v 0.156207 0.640797 0.058447
v 0.161035 0.627255 0.060913
v 0.148277 0.612990 0.028550
v 0.144463 0.637619 0.025312
v 0.147063 0.649964 0.032170
v 0.152026 0.640892 0.044324
v 0.167661 0.617041 0.083421
v 0.137804 0.632464 0.009104
v 0.195583 0.615445 -0.041464
v 0.228145 0.613619 -0.053365
v 0.169940 0.622949 -0.035266
v 0.234847 0.608785 -0.051129
v 0.270298 0.606513 -0.072250
v 0.329416 0.602853 -0.091811
v 0.240919 0.610835 0.001749
v 0.284120 0.610438 0.025439
v 0.280349 0.608197 0.009637
v 0.328107 0.604802 -0.038238
v 0.294168 0.606335 -0.035141
v 0.301473 0.606189 -0.031028
v 0.274316 0.606043 -0.025703
v 0.281434 0.606455 -0.036334
v 0.260510 0.607004 -0.058883
v 0.272938 0.609031 0.002468
v 0.267857 0.608504 -0.015495
v 0.279901 0.605347 -0.085435
v 0.185803 0.485796 -0.128288
v 0.293754 0.495426 -0.118362
v 0.295988 0.479589 -0.117822
v 0.280895 0.463536 -0.118678
v 0.226221 0.446745 -0.123821
v 0.140519 0.508539 -0.131702
v 0.162451 0.487303 -0.130583
v 0.117853 0.525792 -0.125471
v 0.117594 0.533424 -0.105227
v 0.328856 0.535606 -0.087034
v 0.241433 0.583120 -0.099932
v 0.289319 0.437711 -0.118052
v 0.266247 0.417688 -0.119762
v 0.237379 0.412178 -0.121898
v 0.141781 0.634193 -0.005288
v 0.150686 0.617667 -0.030935
v 0.328370 0.587703 -0.033215
v 0.330036 0.577716 -0.054591
v 0.328610 0.558997 -0.036579
v 0.291918 0.608731 0.057774
v 0.164558 0.156460 0.275054
v 0.183234 0.150960 0.298584
v 0.199361 0.122589 0.266676
v 0.161192 0.152971 0.287668
v 0.187354 0.140206 0.246361
v 0.226988 0.126853 0.254025
v 0.229746 0.123504 0.287884
v 0.145800 0.150614 0.272338
v 0.137643 0.155920 0.253026
v 0.225457 0.120905 0.274812
v 0.139438 0.190093 0.236343
v 0.181067 0.202902 0.240597
v 0.130228 0.233532 0.234580
v 0.225312 0.174307 0.245318
v 0.171219 0.255759 0.238493
v 0.139396 0.306197 0.234528
v 0.238061 0.119442 0.275548
v 0.236754 0.116445 0.290395
v -0.242817 1.212847 -0.064845
v -0.250957 1.204134 -0.057407
v -0.250908 1.214149 -0.055490
v -0.244663 1.201863 -0.064175
v -0.108899 0.527272 0.177460
v 0.025169 0.527041 0.191954
v 0.039812 0.543832 0.194145
v 0.044821 0.523700 0.218073
v -0.057888 0.482984 0.211793
v 0.015681 0.524651 0.222193
v 0.071597 0.526041 0.210151
v -0.258524 0.526195 0.163851
v -0.210520 0.551491 0.170400
v -0.225350 0.541820 0.167834
v -0.030652 0.526645 0.189072
v -0.329837 0.589353 0.161189
v -0.121988 0.609351 0.178979
v -0.162126 0.543217 0.173235
v -0.170109 0.525012 0.185182
v -0.162945 0.523997 0.200402
v -0.090528 0.522074 0.207734
v -0.026265 0.607148 0.183362
v 0.072148 0.523156 0.223709
v -0.008433 0.583217 0.189560
v -0.304658 0.523161 0.162185
v -0.291788 0.522198 0.172489
v -0.129633 0.616333 0.124335
v -0.323036 0.521496 0.165036
v -0.156991 0.490892 0.203338
v -0.330259 0.542002 0.159501
v -0.251465 0.609986 0.164985
v -0.254647 0.615603 0.138570
v -0.191980 0.646646 0.116097
v -0.301123 0.651617 0.118474
v -0.181342 0.617299 0.158882
v -0.252330 0.681328 0.106553
v -0.219120 0.696662 0.114697
v -0.227992 0.745453 0.113225
v -0.085574 0.615292 0.131084
v -0.108811 0.483888 0.207641
v -0.039806 0.622269 0.137263
v 0.020777 0.571181 0.192290
v -0.137464 0.478833 0.204957
v -0.159456 0.709055 0.126177
v -0.131582 0.696679 0.128620
v -0.005595 0.613597 0.162118
v -0.086028 0.699908 0.135295
v -0.324455 0.665920 0.103264
v -0.209658 0.571757 0.169991
v -0.176842 0.545155 0.172109
v -0.334630 0.641985 0.101750
v -0.339686 0.615657 0.091723
v -0.342867 0.609649 0.154597
v -0.160191 0.723975 0.124193
v -0.051366 0.692395 0.139199
v -0.037517 0.707794 0.142508
v -0.067445 0.702527 0.138492
v 0.050372 0.642856 0.147495
v 0.037984 0.618151 0.145261
v -0.333312 0.615317 0.113317
v 0.009670 0.606627 0.165782
v -0.022795 0.706438 0.144737
v -0.002381 0.703007 0.147415
v 0.028654 0.711520 0.149901
v 0.008189 0.717170 0.147995
v 0.047262 0.716223 0.152535
v -0.234183 0.522720 0.173504
v -0.350276 0.558346 0.156044
v -0.350732 0.570272 0.156928
v -0.181750 0.743442 0.122096
v -0.224477 0.635667 0.140930
v -0.192188 0.762956 0.116109
v -0.224192 0.759592 0.114909
v -0.307941 0.687450 0.110643
v 0.084060 0.523949 0.217555
v 0.050804 0.624188 0.165603
v -0.332363 0.582591 0.158411
v -0.348849 0.608743 0.131102
v -0.340702 0.586924 0.158622
v -0.352864 0.607974 0.145262
v -0.352383 0.605073 0.115644
v -0.251395 0.524596 0.173148
v -0.281826 0.716945 0.114425
v 0.065936 0.566982 0.196351
v -0.011841 0.714220 0.145546
v -0.241994 0.737204 0.111760
v -0.260713 0.747721 0.124113
v 0.327920 0.106038 0.227576
v 0.348385 0.104818 0.231922
v 0.365918 0.093838 0.216647
v 0.349896 0.099172 0.167427
v 0.328334 0.114000 0.208996
v 0.368191 0.087836 0.181239
v 0.359355 0.093442 0.270681
v 0.354185 0.104908 0.148754
v 0.283122 0.107786 0.286994
v 0.253793 0.108625 0.306820
v 0.295757 0.105835 0.312160
v 0.322372 0.121913 0.252844
v 0.279119 0.163074 0.251216
v 0.321100 0.144284 0.258384
v 0.353553 0.100355 0.319179
v 0.299384 0.121111 0.279261
v 0.319098 0.105459 0.273124
v 0.238629 0.123457 0.294614
v 0.229380 0.125380 0.290010
v 0.228128 0.117542 0.303845
v 0.328284 0.131671 0.231507
v 0.356306 0.099817 0.295877
v 0.250218 0.119666 0.273284
v 0.272550 0.115138 0.255870
v 0.265682 0.131753 0.250232
v 0.232868 0.121474 0.280347
v 0.224849 0.122938 0.251689
v 0.229347 0.135858 0.244900
v 0.225457 0.120905 0.274812
v -0.081950 0.765739 -0.036885
v -0.085363 0.778037 -0.037919
v -0.241353 0.716605 0.026839
v -0.227458 0.711507 0.019299
v -0.208269 0.741749 0.008100
v -0.165092 0.970204 -0.054031
v -0.174341 1.012625 -0.060330
v -0.244618 0.864865 0.024301
v -0.150137 0.991794 -0.065104
v -0.156177 1.027255 -0.069471
v -0.165831 1.025809 -0.067046
v -0.193829 0.864417 -0.042850
v -0.176683 0.764015 -0.014883
v -0.265053 0.964108 0.043367
v -0.257149 0.991801 0.038317
v -0.158709 0.788015 -0.052778
v -0.166084 0.905805 -0.055294
v -0.177789 0.756428 -0.022708
v -0.170209 0.766646 -0.043439
v -0.175297 0.742982 -0.021765
v -0.164400 0.946605 -0.049298
v -0.148692 0.858359 -0.066304
v -0.199700 0.862784 -0.003463
v -0.189357 0.749632 -0.001197
v -0.176663 0.955304 -0.013525
v -0.252939 0.696582 0.034960
v -0.268498 0.711212 0.043709
v -0.120680 0.821539 -0.065459
v -0.242156 0.984381 0.034939
v -0.271008 0.689082 0.046409
v -0.273965 0.699227 0.050436
v -0.270479 0.755766 0.046009
v -0.274449 0.719308 0.048935
v -0.264173 0.943618 0.048981
v -0.276795 0.912194 0.051067
v -0.280722 0.878704 0.046554
v -0.278445 0.923706 0.053580
v -0.284963 0.904297 0.051488
v -0.214459 0.987730 0.013784
v -0.267494 0.978364 0.045658
v -0.190000 1.011994 -0.035498
v -0.195001 0.997951 -0.001916
v -0.194313 1.031286 -0.039209
v -0.189421 0.998751 -0.011643
v -0.143336 0.791829 -0.057550
v -0.268983 0.955684 0.049900
v -0.206587 0.995369 0.007025
v -0.131275 0.783922 -0.050225
v -0.275098 0.833212 0.045231
v -0.286391 0.850370 0.051174
v -0.281190 0.814191 0.050581
v -0.276523 0.790215 0.048482
v -0.278414 0.764360 0.050751
v -0.191013 1.005384 -0.016029
v -0.189338 1.003859 -0.025512
v -0.190273 1.033618 -0.051694
v -0.157521 0.896811 -0.061744
v -0.157207 0.885415 -0.062595
v -0.145300 0.875472 -0.064757
v -0.129574 1.609583 0.108602
v -0.137724 1.623311 0.098491
v -0.138562 1.614932 0.092611
v 0.142627 0.507897 -0.132683
v 0.077519 0.457850 -0.137833
v 0.115026 0.519475 -0.116558
v 0.005072 0.517539 -0.143322
v 0.115156 0.455674 -0.134377
v -0.009321 0.519272 -0.128430
v 0.135663 0.522639 -0.129420
v 0.133390 0.478045 -0.132987
v 0.014381 0.418727 -0.143298
v -0.038509 0.407624 -0.148000
v 0.118665 0.533245 -0.110740
v 0.045696 0.531794 -0.111567
v 0.014034 0.518844 -0.117913
v 0.069690 0.586408 -0.114849
v 0.081205 0.580172 -0.113767
v 0.136061 0.574001 -0.108987
v 0.170511 0.564702 -0.105385
v 0.158645 0.538175 -0.105097
v -0.200038 0.489157 -0.164740
v -0.142019 0.381514 -0.157487
v -0.106785 0.513488 -0.157560
v -0.071543 0.520818 -0.134603
v -0.224280 0.351251 -0.165283
v -0.234215 0.411637 -0.166968
v -0.164944 0.360646 -0.159125
v -0.140226 0.496746 -0.159241
v -0.048433 0.519485 -0.140277
v -0.026007 0.514460 -0.129778
v -0.081292 0.405083 -0.152269
v -0.087442 0.520280 -0.139207
v -0.184728 0.250606 -0.159854
v -0.236546 0.286548 -0.165572
v -0.169691 0.310402 -0.159508
v -0.258139 0.488635 -0.170985
v -0.291494 0.457673 -0.173459
v -0.269813 0.515097 -0.157315
v -0.276434 0.422643 -0.171038
v -0.213072 0.499291 -0.165687
v 0.045364 0.558945 -0.116682
v -0.019130 0.522331 -0.121749
v -0.111043 0.376240 -0.154538
v 0.188995 0.515181 -0.119730
v 0.169087 0.530589 -0.107107
v 0.182342 0.521020 -0.109275
v 0.121083 0.570013 -0.110329
v -0.216691 0.517507 -0.166786
v -0.130752 0.270223 -0.155065
v 0.041870 0.537809 -0.116578
v 0.000169 1.016403 -0.052438
v 0.008972 1.045186 -0.052128
v -0.025350 1.074744 -0.050588
v -0.021056 1.004556 -0.052002
v -0.058841 1.017647 -0.049955
v 0.003300 1.026262 -0.052083
v -0.062445 1.048278 -0.051968
v -0.009976 0.997201 -0.050983
v 0.009067 1.055520 -0.059702
v -0.044873 1.020838 -0.049349
v 0.012226 1.066019 -0.063162
v -0.040308 1.012786 -0.049502
v 0.012790 1.035643 -0.050248
v 0.016474 1.112687 -0.098466
v 0.019523 1.111056 -0.087242
v 0.014213 1.128820 -0.100015
v 0.015442 1.121421 -0.099141
v 0.005360 1.131219 -0.105355
v -0.041197 1.135287 -0.056877
v -0.025827 1.123903 -0.048004
v -0.057670 1.157596 -0.084974
v -0.170987 1.240012 -0.080932
v -0.187000 1.248456 -0.078742
v -0.170413 1.264322 -0.078994
v -0.146148 1.242198 -0.079045
v -0.148025 1.276753 -0.076080
v -0.077049 1.178455 -0.073479
v -0.094182 1.178358 -0.069886
v -0.122284 1.237705 -0.086986
v -0.122025 1.245252 -0.108331
v -0.130347 1.262799 -0.120929
v -0.156956 1.297044 -0.109897
v -0.125512 1.228536 -0.075322
v -0.110271 1.223833 -0.102592
v -0.106297 1.232710 -0.118413
v -0.088184 1.233459 -0.125834
v -0.039836 1.170864 -0.112183
v -0.146126 1.305274 -0.128993
v -0.127657 1.278884 -0.128369
v -0.071365 1.224548 -0.123689
v -0.153884 1.295166 -0.087605
v -0.029823 1.185796 -0.109370
v -0.005792 1.166189 -0.116111
v 0.013400 1.104441 -0.078578
v 0.015710 1.088563 -0.069364
v -0.040206 1.229249 -0.119616
v -0.044484 1.219757 -0.116555
v -0.051656 1.228556 -0.128696
v -0.032990 1.211647 -0.118082
v 0.016684 1.097802 -0.071799
v -0.064230 1.237083 -0.124886
v -0.001502 1.103502 -0.058803
v -0.038653 1.117628 -0.051463
v -0.046205 1.123313 -0.053490
v -0.058388 1.083955 -0.054060
v -0.052794 1.154962 -0.068806
v -0.015999 1.181587 -0.123904
v -0.005827 1.183520 -0.115215
v -0.096526 0.673266 -0.031753
v -0.014747 0.647732 -0.028614
v -0.025271 0.655740 -0.027006
v -0.084568 0.650996 -0.045995
v -0.074923 0.644580 -0.048281
v -0.059819 0.666807 -0.022415
v -0.121580 0.670720 -0.037374
v -0.053881 0.631356 -0.062403
v -0.086406 0.670015 -0.031598
v -0.066759 0.648622 -0.048070
v -0.058598 0.646311 -0.050248
v -0.037754 0.686076 -0.026972
v -0.037913 0.668039 -0.024859
v -0.108996 0.692742 -0.036329
v -0.101508 0.691069 -0.032668
v -0.115177 0.685979 -0.036081
v -0.044799 0.633350 -0.063272
v -0.018332 0.636750 -0.056168
v -0.069552 0.726391 -0.023849
v -0.035473 0.659519 -0.025471
v -0.025541 0.660645 -0.027077
v -0.091237 0.685749 -0.017874
v -0.008664 0.634406 -0.041320
v -0.137025 0.680690 -0.033644
v -0.096216 0.722069 -0.029360
v -0.084170 0.733947 -0.025959
v -0.035750 0.705595 -0.029578
v -0.132842 0.687377 -0.040232
v -0.060626 0.717996 -0.025739
v -0.013381 0.626195 -0.073050
v -0.025101 0.622976 -0.075780
v -0.038074 0.625510 -0.071404
v -0.102665 0.707812 -0.028592
v -0.062642 0.723044 -0.025467
v -0.103311 0.655992 -0.048436
v -0.067780 0.735874 -0.024747
v -0.075149 0.740453 -0.024549
v -0.100685 0.667043 -0.036830
v -0.088330 0.646170 -0.048103
v -0.242275 0.984427 0.034512
v -0.191316 1.005301 -0.016090
v -0.196303 1.032477 -0.043339
v -0.192230 1.032454 -0.054099
v -0.189377 0.998766 -0.011636
v -0.245020 1.011078 0.035756
v -0.246428 1.032549 0.032528
v -0.165881 1.025788 -0.067132
v -0.255008 1.178051 -0.024144
v -0.251896 1.168821 -0.031194
v -0.258827 1.181801 -0.001956
v -0.231705 1.147160 -0.023045
v -0.205474 1.047587 0.004905
v -0.193488 1.023864 -0.036110
v -0.194921 0.998063 -0.002635
v -0.190046 1.011981 -0.035513
v -0.189338 1.003859 -0.025512
v -0.223315 1.175889 -0.080875
v -0.233398 1.078132 0.025573
v -0.232337 1.129858 0.023422
v -0.159964 1.064457 -0.077092
v -0.156837 1.026838 -0.070724
v -0.233350 1.163867 0.017814
v -0.237461 1.116769 0.023094
v -0.256914 0.991654 0.037925
v -0.258166 1.003599 0.037183
v -0.206295 0.995347 0.007459
v -0.214796 0.987800 0.013035
v -0.174341 1.012625 -0.060330
v -0.250143 1.043825 0.031251
v -0.234315 1.054214 0.026926
v -0.205616 1.152895 -0.075003
v -0.132000 1.112714 -0.082923
v -0.130287 1.097877 -0.082333
v -0.184541 1.138616 -0.079091
v -0.167621 1.095409 -0.078593
v -0.170076 1.114567 -0.080850
v -0.148517 1.098751 -0.083031
v -0.137958 1.123372 -0.083405
v -0.144906 1.054641 -0.074390
v -0.242883 1.146816 0.027288
v -0.115924 1.106734 -0.081147
v -0.279867 0.963288 0.076498
v -0.273587 0.699506 0.050211
v -0.284965 0.876483 0.143670
v -0.324395 0.666730 0.104317
v -0.268657 0.711219 0.043524
v -0.337853 0.617229 0.091037
v -0.325175 0.861541 0.070842
v -0.264729 0.867096 0.143750
v -0.280340 0.821437 0.047386
v -0.309467 0.859431 0.134895
v -0.224109 0.759616 0.115195
v -0.278472 0.764360 0.050667
v -0.286482 0.847962 0.047905
v -0.274719 0.833088 0.045880
v -0.247520 0.828281 0.135071
v -0.271352 0.756485 0.044917
v -0.310598 0.829430 0.057976
v -0.281393 0.878193 0.046618
v -0.338540 0.612143 0.052612
v -0.210862 0.782713 0.130030
v -0.304668 0.689714 0.119162
v -0.333249 0.638994 0.100776
v -0.205951 0.763257 0.118921
v -0.279085 0.924340 0.052677
v -0.278995 0.790073 0.045848
v -0.265943 0.943320 0.047370
v -0.319588 0.700443 0.074011
v -0.337136 0.609334 -0.004374
v -0.297709 0.623489 0.071373
v -0.330924 0.721792 0.097771
v -0.269215 0.955625 0.049781
v -0.285161 0.904638 0.050802
v -0.287241 0.711740 0.123911
v -0.341817 0.598090 0.037459
v -0.326609 0.871140 0.109323
v -0.325343 0.611640 -0.065926
v -0.327283 0.588639 -0.088005
v -0.331590 0.588278 -0.050228
v -0.336644 0.591152 -0.011794
v -0.332907 0.595447 -0.040222
v -0.319361 0.611854 -0.085080
v -0.324659 0.594576 -0.118567
v -0.330127 0.580390 -0.063483
v -0.334718 0.594233 -0.018027
v -0.323413 0.598475 -0.137080
v -0.276721 0.909223 0.133657
v -0.277074 0.912300 0.050281
v -0.297428 0.922548 0.116780
v -0.338949 0.585340 0.009604
v -0.338154 0.595053 0.007936
v -0.313881 0.685922 0.116102
v -0.340336 0.581557 0.021632
v -0.273248 0.719707 0.122999
v -0.326131 0.581231 -0.106794
v -0.328943 0.579392 -0.077146
v -0.332846 0.568201 -0.047054
v -0.267494 0.978364 0.045658
v -0.266269 0.991146 0.055079
v -0.264907 0.963993 0.043951
v -0.265410 0.976279 0.066146
v -0.340890 0.603143 0.065822
v -0.278447 0.667852 0.054004
v -0.273149 0.719472 0.049389
v -0.267584 0.676171 0.044040
v -0.272894 0.625503 0.050315
v -0.283833 0.961183 0.094494
v -0.285824 0.945621 0.113832
v -0.348906 0.616047 0.097419
v -0.315470 0.619204 -0.137175
v -0.303312 0.609747 -0.084913
v -0.286271 0.613111 0.032636
v -0.321948 0.610473 -0.044685
v -0.309597 0.610711 -0.034044
v -0.299569 0.612233 0.026701
v -0.292030 0.611408 -0.040226
v -0.291749 0.611857 -0.008498
v -0.283222 0.612314 0.013596
v -0.241992 0.737216 0.112142
v -0.227947 0.745488 0.113178
v -0.260713 0.747721 0.124113
v -0.236137 0.802361 0.121382
v -0.216404 0.809332 0.118506
v -0.238942 0.868093 0.137819
v -0.281254 0.612028 -0.025541
v -0.262538 0.985729 0.041122
v 0.163096 0.739333 0.166836
v 0.169762 0.750222 0.154732
v 0.137132 0.736679 0.175927
v 0.116392 0.729476 0.167801
v 0.086718 0.805458 0.176890
v 0.068122 0.797367 0.155775
v 0.055289 0.906886 0.154068
v -0.121400 0.890969 0.136811
v -0.143474 0.860424 0.132975
v 0.077821 0.718826 0.152376
v -0.179202 0.787114 0.125095
v -0.190115 0.760006 0.122282
v -0.151004 0.842737 0.130390
v -0.176005 0.818318 0.127660
v -0.160802 0.724178 0.125353
v -0.194429 0.790526 0.123633
v -0.206114 0.781765 0.120952
v -0.181750 0.743442 0.122096
v -0.205951 0.763257 0.118921
v 0.169165 0.777622 0.134031
v 0.173304 0.796777 0.146215
v 0.050544 0.994011 0.171785
v 0.035495 0.975790 0.166475
v 0.039436 1.013895 0.171882
v 0.163808 0.800283 0.157378
v 0.143574 0.828852 0.175508
v 0.118840 0.863497 0.175856
v 0.026493 0.935086 0.154070
v -0.106099 0.901843 0.140524
v -0.001566 0.790959 0.149998
v -0.088583 0.919833 0.141556
v -0.067295 0.702495 0.138142
v -0.051366 0.692395 0.139199
v -0.011841 0.714220 0.145546
v -0.002420 0.702898 0.147728
v -0.037452 0.707824 0.142291
v 0.012196 0.851528 0.152578
v -0.085995 0.699933 0.134495
v 0.008189 0.717170 0.147995
v 0.029536 0.712644 0.150444
v 0.000829 0.997376 0.158239
v 0.095189 0.699783 0.156407
v -0.064436 0.933021 0.144987
v -0.029726 0.981363 0.148993
v -0.028376 1.004605 0.147690
v -0.130200 0.696660 0.129012
v -0.067043 0.957441 0.145032
v -0.159218 0.708531 0.124144
v -0.084713 0.936627 0.142430
v -0.099393 0.916387 0.139920
v 0.158306 0.821294 0.157965
v -0.022914 0.706329 0.145424
v 0.171147 0.757778 0.147745
v -0.354061 0.565129 0.159638
v -0.348201 0.565458 0.081523
v -0.345397 0.524725 0.083885
v -0.353158 0.522192 0.135075
v -0.348398 0.528606 0.052324
v -0.363592 0.520413 0.081235
v -0.355626 0.596824 0.155080
v -0.338510 0.600495 0.154471
v -0.356645 0.620448 0.145455
v -0.344769 0.559865 0.068014
v -0.344682 0.545990 0.071319
v -0.367639 0.507032 0.106379
v -0.349444 0.585920 0.089665
v -0.347090 0.578010 0.073717
v -0.340702 0.586924 0.158622
v -0.330246 0.589660 0.142672
v -0.352010 0.604760 0.116178
v -0.350084 0.600325 0.091318
v -0.345546 0.611986 0.098465
v -0.374718 0.509732 0.128266
v -0.371583 0.462126 0.099742
v -0.376672 0.455919 0.142740
v -0.373879 0.486568 0.121686
v -0.370791 0.487684 0.094869
v -0.346463 0.554010 0.152992
v -0.348906 0.528873 0.154085
v -0.344441 0.541744 0.154464
v -0.369057 0.520390 0.124316
v -0.343483 0.541208 0.057336
v -0.346267 0.608983 0.081696
v -0.346013 0.596501 0.075677
v 0.087248 0.670301 -0.044476
v 0.071482 0.672409 -0.037643
v 0.141880 0.611037 -0.084629
v 0.129636 0.611028 -0.087309
v 0.140085 0.612700 -0.072508
v 0.091237 0.613898 -0.064841
v 0.043398 0.634261 -0.036118
v 0.031593 0.644760 -0.034142
v 0.081825 0.618457 -0.039422
v 0.078075 0.610634 -0.082894
v 0.145713 0.623428 -0.074523
v 0.137950 0.637273 -0.070439
v 0.095435 0.651671 -0.060669
v 0.091569 0.677717 -0.049679
v 0.078395 0.608248 -0.113239
v 0.127771 0.683265 -0.058736
v 0.144772 0.678145 -0.055883
v 0.069989 0.617617 -0.042459
v 0.062170 0.610988 -0.082199
v 0.109712 0.703291 -0.063816
v 0.091277 0.692344 -0.055192
v 0.049695 0.657931 -0.038484
v 0.053850 0.668572 -0.038240
v 0.150296 0.644367 -0.070903
v 0.058099 0.609409 -0.097295
v 0.139864 0.608271 -0.108589
v 0.117623 0.698516 -0.050495
v 0.047972 0.601199 -0.120592
v 0.149513 0.666402 -0.055857
v 0.134952 0.697966 -0.056107
v 0.081323 0.580110 -0.114133
v 0.063051 0.583948 -0.113460
v 0.073572 0.585810 -0.114085
v 0.048258 0.622280 -0.034459
v 0.044519 0.609585 -0.103749
v 0.136022 0.574006 -0.108666
v 0.121083 0.570013 -0.110329
v 0.145626 0.584845 -0.108551
v 0.150667 0.598002 -0.108194
v 0.161677 0.579947 -0.106730
v 0.170511 0.564702 -0.105385
v -0.154860 1.667382 0.079400
v -0.168277 1.670141 0.068919
v -0.157163 1.669489 0.057277
v -0.008800 1.617311 -0.004762
v 0.004523 1.633335 -0.008800
v 0.031713 1.610263 -0.012478
v 0.029855 1.692453 -0.025529
v -0.015469 1.659387 -0.008185
v -0.124582 1.670363 0.024947
v 0.018853 1.706565 -0.068029
v 0.030072 1.707954 -0.069273
v 0.046240 1.711475 -0.074975
v -0.064177 1.661255 0.016963
v 0.003969 1.565711 -0.011286
v -0.097107 1.649699 0.043821
v -0.115826 1.632892 0.069026
v 0.044443 1.659545 -0.013935
v -0.091529 1.590532 0.094083
v -0.071569 1.586266 0.033952
v -0.057471 1.562597 0.021324
v -0.048595 1.551953 0.047682
v -0.049445 1.516129 0.030431
v 0.012969 1.589283 -0.009003
v -0.022605 1.494528 -0.013394
v -0.023472 1.549003 -0.033255
v -0.030091 1.481012 0.002314
v -0.017796 1.575592 -0.011820
v -0.010923 1.543895 -0.026039
v 0.000817 1.548061 -0.022901
v -0.077785 1.473039 0.086120
v -0.057447 1.457552 0.092995
v 0.004578 1.529241 -0.029959
v -0.008407 1.528799 -0.034528
v -0.001596 1.525055 -0.022916
v 0.003743 1.514833 -0.024700
v -0.073491 1.582693 0.083477
v -0.058304 1.564470 0.073038
v 0.014517 1.700721 -0.054703
v -0.014974 1.679731 -0.034515
v 0.039866 1.623285 -0.011879
v -0.018847 1.674224 -0.020365
v -0.106006 1.596615 0.075395
v -0.097609 1.587707 0.098904
v -0.109827 1.609841 0.072921
v -0.121199 1.671294 0.012793
v -0.142063 1.670550 0.031435
v -0.077023 1.672106 0.005507
v -0.096560 1.664899 0.002712
v -0.076967 1.664374 0.010628
v -0.018001 1.681761 -0.047298
v 0.044404 1.645700 -0.009893
v -0.139701 1.654189 0.083848
v -0.124322 1.637311 0.076257
v 0.070255 1.707860 -0.076357
v 0.064327 1.708593 -0.081770
v -0.087385 1.480265 0.083017
v -0.012421 1.684195 -0.056808
v 0.070877 1.700804 -0.040498
v 0.053553 1.666348 -0.015392
v 0.052511 1.675008 -0.020694
v 0.056861 1.688884 -0.026767
v -0.041600 1.665431 -0.006674
v -0.056097 1.665374 0.006379
v 0.067588 1.708735 -0.060016
v -0.058607 1.518476 0.051328
v 0.040956 1.637565 -0.011984
v -0.163794 1.670850 0.059349
v -0.054059 1.576440 0.059383
v -0.069818 1.523211 0.062827
v -0.079505 1.502498 0.071281
v -0.075684 1.513475 0.068586
v -0.063397 1.556136 0.063413
v -0.065510 1.540437 0.065101
v -0.057767 1.460353 0.054890
v -0.051552 1.470300 0.041640
v -0.043638 1.471235 0.026565
v -0.035954 1.479727 0.014598
v -0.065149 1.451151 0.109511
v -0.061352 1.461696 0.063992
v -0.174139 1.663855 0.102179
v -0.180339 1.670310 0.069116
v -0.186212 1.668162 0.094993
v -0.108180 0.149350 0.243186
v -0.094677 0.150916 0.214895
v -0.366560 0.510690 0.127315
v 0.054093 0.144702 0.229527
v 0.050305 0.149886 0.282520
v -0.003037 0.152862 0.275962
v -0.376566 0.519030 0.180997
v -0.012885 0.158748 0.223823
v -0.002939 0.158094 0.257767
v 0.111181 0.141639 0.262626
v 0.134385 0.155074 0.246602
v 0.144784 0.151144 0.270956
v 0.034672 0.153223 0.238174
v 0.078461 0.144169 0.286178
v -0.066144 0.143172 0.237763
v 0.125023 0.143985 0.291582
v -0.063437 0.145921 0.225364
v 0.142677 0.155960 0.293985
v -0.346191 0.524050 0.149455
v -0.324610 0.525916 0.164351
v -0.344279 0.541880 0.153694
v -0.379598 0.247796 0.181287
v -0.322466 0.521663 0.187743
v -0.137541 0.478857 0.205474
v -0.138667 0.149867 0.224247
v -0.379095 0.371139 0.182189
v -0.358188 0.524892 0.131304
v -0.379527 0.301062 0.160980
v -0.379213 0.269549 0.156544
v 0.140462 0.150739 0.237942
v -0.377121 0.207488 0.144995
v -0.375592 0.151022 0.140569
v -0.024330 0.147902 0.234144
v -0.044863 0.146338 0.213814
v -0.170173 0.525110 0.185004
v -0.156993 0.490882 0.203472
v -0.177115 0.545457 0.171111
v -0.209658 0.571757 0.169991
v -0.210492 0.551510 0.169952
v -0.217939 0.518482 0.197494
v -0.314844 0.523855 0.168170
v -0.269189 0.522653 0.190315
v -0.377727 0.474314 0.180083
v -0.330310 0.542422 0.158306
v -0.022774 0.159144 0.244733
v -0.142181 0.153349 0.236734
v -0.057827 0.483072 0.213157
v 0.024578 0.520043 0.221718
v 0.007824 0.519865 0.217600
v 0.015170 0.492150 0.220036
v -0.386611 0.131204 0.148126
v -0.379172 0.129317 0.180952
v 0.106103 0.395972 0.229405
v 0.077510 0.439685 0.226465
v -0.303951 0.525186 0.164155
v -0.291922 0.524100 0.173244
v -0.389676 0.133613 0.123157
v -0.165358 0.529136 0.172378
v -0.231094 0.536530 0.174344
v -0.089637 0.148452 0.249170
v -0.079343 0.163481 0.214254
v -0.226905 0.147972 0.234289
v -0.216590 0.144896 0.249621
v -0.124822 0.154142 0.251831
v -0.372829 0.415331 0.102988
v -0.375640 0.404461 0.131074
v -0.373048 0.440057 0.109877
v -0.376672 0.455919 0.142740
v -0.371583 0.462126 0.099742
v -0.378058 0.353288 0.134302
v -0.108811 0.483888 0.207641
v -0.163030 0.524817 0.200131
v -0.376302 0.234736 0.136769
v -0.184453 0.149022 0.227931
v -0.170991 0.158548 0.206914
v 0.139438 0.190093 0.236343
v -0.258347 0.522218 0.162707
v 0.080680 0.346064 0.228195
v 0.130228 0.233532 0.234580
v 0.139396 0.306197 0.234528
v 0.060850 0.484404 0.224933
v -0.344237 0.552935 0.156625
v -0.251418 0.524660 0.173146
v -0.373879 0.486568 0.121686
v 0.158708 0.141628 0.283303
v -0.393364 0.126975 0.169794
v -0.373462 0.135887 0.211470
v -0.347674 0.128384 0.200879
v -0.329723 0.152218 0.208368
v -0.332440 0.153333 0.188809
v -0.161561 0.543697 0.174144
v -0.209153 0.148834 0.207970
v -0.265767 0.149251 0.193953
v -0.292593 0.150158 0.204445
v -0.281016 0.144974 0.215529
v -0.241669 0.148221 0.223731
v -0.150618 0.149407 0.216557
v -0.249981 0.151298 0.235664
v -0.308450 0.151925 0.202606
v -0.261181 0.146326 0.222102
v -0.092313 0.598985 -0.129121
v -0.092241 0.609356 -0.124460
v -0.072124 0.611098 -0.075415
v -0.313384 0.611392 -0.140863
v -0.129496 0.609247 -0.119576
v -0.303584 0.611225 -0.084901
v -0.169709 0.612765 -0.061333
v -0.144553 0.609591 -0.121799
v -0.316283 0.595595 -0.142769
v -0.288321 0.572316 -0.145211
v -0.260513 0.576899 -0.142455
v -0.249669 0.551376 -0.142405
v -0.213170 0.557410 -0.139054
v -0.274855 0.595479 -0.146596
v -0.272116 0.554659 -0.144116
v -0.271795 0.611553 -0.040642
v -0.292032 0.611285 -0.040225
v -0.046573 0.603684 -0.120369
v -0.042075 0.598142 -0.119853
v -0.132362 0.609141 -0.126731
v -0.123314 0.608531 -0.123734
v -0.324630 0.610717 -0.049165
v -0.309598 0.610792 -0.034045
v -0.146394 0.611400 -0.057247
v -0.128669 0.611625 -0.060721
v -0.108187 0.611176 -0.067643
v -0.117996 0.611283 -0.069752
v -0.106802 0.612168 -0.057551
v -0.087471 0.611949 -0.068610
v -0.098376 0.612182 -0.053563
v -0.212616 0.608249 -0.139332
v -0.184426 0.611272 -0.049786
v -0.168733 0.611143 -0.043980
v -0.157105 0.611521 -0.046545
v -0.234908 0.612310 -0.051141
v -0.172208 0.609389 -0.132949
v -0.186095 0.597612 -0.136953
v -0.152663 0.609505 -0.133464
v -0.080850 0.611062 -0.120203
v -0.318647 0.611172 -0.085050
v -0.312401 0.611607 -0.119919
v -0.055357 0.607890 -0.121303
v -0.047876 0.610191 -0.108361
v -0.070053 0.602577 -0.127360
v -0.116899 0.602402 -0.129162
v -0.254700 0.611828 -0.041034
v -0.281254 0.612028 -0.025541
v -0.187944 0.561259 -0.136859
v -0.112423 0.579133 -0.130832
v -0.182648 0.543321 -0.136612
v -0.055177 0.609635 -0.093920
v -0.079360 0.163494 0.214222
v -0.063425 0.144905 0.224364
v -0.044863 0.146338 0.213814
v -0.027425 0.162351 0.237491
v -0.065488 0.144583 0.236628
v -0.041003 0.151772 0.271836
v -0.074760 0.149137 0.267537
v -0.102476 0.142977 0.264993
v -0.002886 0.153761 0.275671
v -0.005532 0.152888 0.250287
v 0.362963 0.090635 0.116397
v 0.375219 0.092185 0.135869
v 0.369943 0.095846 0.103250
v 0.357890 0.087891 0.150652
v 0.370066 0.093214 0.182867
v 0.380222 0.098475 0.097162
v 0.347348 0.094024 0.119778
v 0.358689 0.098407 0.164837
v 0.177721 0.110829 -0.150163
v 0.182786 0.110282 -0.172878
v 0.160203 0.111183 -0.175491
v -0.040303 1.012770 -0.049666
v -0.051757 0.987634 -0.047469
v -0.021913 1.004802 -0.050902
v -0.083488 0.972865 -0.057804
v -0.077042 0.970854 -0.046027
v -0.131777 1.157252 -0.083232
v -0.142946 1.144549 -0.083988
v -0.164748 1.187318 -0.083651
v -0.092836 1.037764 -0.072460
v -0.150369 1.161850 -0.083814
v -0.145491 0.875535 -0.065951
v -0.157207 0.885415 -0.062595
v -0.157550 0.896801 -0.061918
v -0.128252 0.881911 -0.065983
v -0.135887 0.863219 -0.066092
v -0.148208 0.858521 -0.063924
v -0.165781 0.904925 -0.056232
v -0.108243 0.915682 -0.059280
v -0.111815 0.891896 -0.060568
v -0.169710 0.966027 -0.059128
v -0.122363 0.933074 -0.062378
v -0.057862 1.018660 -0.044521
v -0.108628 1.199376 -0.073626
v -0.170982 1.240011 -0.080935
v -0.145207 1.242970 -0.082757
v -0.052794 1.154962 -0.068806
v -0.093747 1.176356 -0.071905
v -0.056435 1.158717 -0.084685
v -0.069661 1.166505 -0.056417
v -0.126425 1.229158 -0.075845
v -0.145166 1.054127 -0.077193
v -0.159980 1.040404 -0.074420
v -0.158994 1.064477 -0.077607
v -0.121210 0.950676 -0.060659
v -0.130287 1.097877 -0.082333
v -0.150096 0.991793 -0.065090
v -0.044837 1.020819 -0.049298
v -0.115924 1.106734 -0.081147
v -0.167503 0.940228 -0.051629
v -0.100970 0.953644 -0.056934
v -0.041849 1.133501 -0.057286
v -0.059895 1.082063 -0.049731
v -0.131987 1.112701 -0.083411
v -0.134279 1.133952 -0.083648
v -0.138125 1.123911 -0.083521
v -0.036913 1.118735 -0.055349
v -0.046233 1.123330 -0.053537
v -0.064635 1.053652 -0.050796
v -0.201938 1.245640 -0.076663
v -0.187000 1.248456 -0.078742
v -0.190674 1.229801 -0.079056
v -0.172896 1.220459 -0.081013
v 0.357688 0.251793 -0.047247
v 0.334520 0.303091 0.173631
v 0.358673 0.181556 -0.053785
v 0.356568 0.089016 -0.031386
v 0.339618 0.528303 0.138175
v 0.325681 0.513653 0.155526
v 0.360043 0.162956 -0.107467
v 0.362816 0.193858 -0.094852
v 0.361690 0.158302 -0.086085
v 0.361169 0.119890 -0.079902
v 0.341309 0.202997 -0.106380
v 0.321100 0.144284 0.258384
v 0.317598 0.176982 0.257112
v 0.279119 0.163074 0.251216
v 0.323712 0.204750 0.256191
v 0.396441 0.087949 -0.039401
v 0.338330 0.382343 0.134209
v 0.335523 0.408373 0.166489
v 0.377273 0.088500 -0.050545
v 0.368688 0.090857 0.108319
v 0.360915 0.337850 -0.078087
v 0.341558 0.327623 0.101576
v 0.401528 0.088318 -0.082982
v 0.370951 0.097765 -0.086100
v 0.330779 0.510246 0.217796
v 0.330785 0.520260 0.204734
v 0.332766 0.455334 0.189281
v 0.334082 0.485159 0.181893
v 0.344447 0.454999 0.077941
v 0.334499 0.504976 0.178410
v 0.357056 0.404755 -0.038862
v 0.328284 0.131671 0.231507
v 0.329432 0.114262 0.209491
v 0.330026 0.242978 0.211539
v 0.328441 0.227493 0.231786
v 0.383260 0.090923 0.069879
v 0.347177 0.096220 0.119895
v 0.358942 0.097020 0.119502
v 0.339253 0.100182 0.120645
v 0.350460 0.092817 0.166599
v 0.360290 0.206791 -0.108212
v 0.353542 0.094283 0.144973
v 0.338464 0.348735 0.134730
v 0.380112 0.098007 0.097180
v 0.347669 0.453574 0.049075
v 0.328835 0.107688 0.227859
v 0.363305 0.315696 -0.095185
v 0.362329 0.272474 -0.083355
v 0.361344 0.369256 -0.079633
v 0.032557 1.707453 -0.110655
v 0.089180 1.686002 -0.126328
v 0.069658 1.673013 -0.150410
v 0.043491 1.694786 -0.134250
v 0.034976 1.705182 -0.124460
v 0.057248 1.624871 -0.157597
v 0.064343 1.708637 -0.081774
v 0.070282 1.707217 -0.076283
v 0.051994 1.709608 -0.095059
v 0.112059 1.680155 -0.091984
v 0.088751 1.699301 -0.082352
v 0.099683 1.687239 -0.077236
v 0.057452 1.710046 -0.078587
v 0.025394 1.610471 -0.149999
v 0.028519 1.632306 -0.150536
v 0.036344 1.619269 -0.152071
v 0.021547 1.622437 -0.146468
v 0.042698 1.615830 -0.153656
v 0.032143 1.680951 -0.144209
v 0.112553 1.671250 -0.106262
v 0.111340 1.648710 -0.124090
v 0.089789 1.648968 -0.149449
v 0.106177 1.653952 -0.130202
v 0.025615 1.642308 -0.150029
v 0.031402 1.647508 -0.154873
v 0.072077 1.639176 -0.155910
v 0.083285 1.641330 -0.153681
v 0.097098 1.645598 -0.144047
v -0.087066 1.564389 -0.145606
v -0.079644 1.567341 -0.142869
v -0.030780 1.548708 -0.122172
v -0.069809 1.562228 -0.143990
v -0.100704 1.591638 -0.120864
v -0.031994 1.616753 -0.097133
v 0.025566 1.642283 -0.150065
v -0.019694 1.637453 -0.120091
v 0.031498 1.674482 -0.147177
v 0.019976 1.621632 -0.148818
v 0.017661 1.592314 -0.135956
v -0.084495 1.600092 -0.099701
v -0.094891 1.599753 -0.108117
v -0.119949 1.572070 -0.132169
v -0.072215 1.608110 -0.086426
v -0.043742 1.644511 -0.088080
v -0.050054 1.629760 -0.088209
v -0.034474 1.572604 -0.096988
v -0.004219 1.555960 -0.125425
v 0.022142 1.563855 -0.131637
v -0.062220 1.612226 -0.084987
v -0.002495 1.683675 -0.114586
v -0.056244 1.626202 -0.085528
v 0.022385 1.690676 -0.132044
v 0.028677 1.632222 -0.150204
v -0.081734 1.605174 -0.090201
v -0.012081 1.673919 -0.073919
v -0.006722 1.686234 -0.096107
v 0.043123 1.691633 -0.131494
v 0.017807 1.682020 -0.133428
v 0.034541 1.702701 -0.121551
v 0.026972 1.697052 -0.120839
v -0.037881 1.556037 -0.127600
v 0.032156 1.647472 -0.152676
v -0.121368 1.579233 -0.128645
v -0.053146 1.553522 -0.132767
v -0.042289 1.661800 -0.071248
v -0.032612 1.674814 -0.074408
v -0.024925 1.680177 -0.059486
v 0.017633 1.569562 -0.125817
v 0.026758 1.603615 -0.143168
v 0.027778 1.573950 -0.130963
v -0.339646 0.581543 0.021708
v -0.337961 0.526870 0.022006
v -0.367592 0.522287 0.085042
v -0.371289 0.505004 0.105764
v -0.370273 0.520102 0.102019
v -0.353544 0.515584 -0.064286
v -0.341621 0.518636 -0.142184
v -0.356504 0.386247 -0.062932
v -0.343591 0.601939 0.057070
v -0.347090 0.578010 0.073717
v -0.343139 0.541198 0.057329
v -0.362555 0.520536 0.033436
v -0.347705 0.430685 -0.133749
v -0.338214 0.585384 0.009681
v -0.344986 0.559864 0.068002
v -0.370810 0.483447 0.093589
v -0.366323 0.390974 0.036751
v -0.358967 0.375554 -0.037147
v -0.364697 0.371453 0.015109
v -0.372829 0.415331 0.102988
v -0.373048 0.440057 0.109877
v -0.344682 0.545990 0.071319
v -0.341817 0.598090 0.037459
v -0.347433 0.459064 -0.134624
v -0.335495 0.592186 -0.012872
v -0.333415 0.594248 -0.038989
v -0.332561 0.568108 -0.046973
v -0.333875 0.526451 -0.013658
v -0.353595 0.385467 -0.086567
v -0.362090 0.365839 -0.009804
v -0.338223 0.595044 0.007932
v -0.328890 0.579390 -0.077139
v -0.330132 0.580390 -0.063483
v -0.346013 0.596501 0.075677
v -0.360373 0.346396 -0.029821
v -0.349444 0.585920 0.089665
v -0.347781 0.611669 0.074311
v -0.350084 0.600325 0.091318
v -0.320698 0.519281 -0.131684
v -0.321632 0.533511 -0.119759
v -0.342873 0.524441 0.051073
v -0.328486 0.525660 -0.059811
v -0.325030 0.562239 -0.114107
v -0.327283 0.588639 -0.088005
v -0.326131 0.581231 -0.106794
v -0.324581 0.547320 -0.121292
v -0.323622 0.579485 -0.128243
v -0.351120 0.520817 0.060510
v -0.324626 0.594577 -0.118566
v -0.348253 0.565407 0.081249
v -0.344145 0.492045 -0.159891
v -0.340976 0.471361 -0.178964
v -0.336257 0.489314 -0.180031
v -0.350168 0.423733 -0.112639
v -0.351663 0.403881 -0.102943
v -0.331595 0.588276 -0.050229
v -0.108989 0.692741 -0.036342
v -0.102094 0.691126 -0.032149
v -0.138167 0.748314 -0.050594
v -0.159957 0.691740 -0.028642
v -0.169382 0.769935 -0.046788
v -0.067368 0.633115 -0.055949
v -0.177249 0.743401 -0.024020
v -0.167380 0.707591 -0.018883
v -0.095517 0.721670 -0.029968
v -0.143660 0.752632 -0.050098
v -0.100115 0.706715 -0.029954
v -0.088104 0.645884 -0.047316
v -0.101301 0.653304 -0.041212
v -0.114722 0.685859 -0.037225
v -0.121484 0.670644 -0.037487
v -0.133582 0.636908 -0.031862
v -0.132920 0.687384 -0.040454
v -0.086524 0.611102 -0.068617
v -0.123281 0.620940 -0.042554
v -0.150831 0.670974 -0.024473
v -0.136995 0.680066 -0.037678
v -0.098278 0.611834 -0.053371
v -0.075039 0.645421 -0.049501
v -0.104857 0.737277 -0.039618
v -0.098395 0.742220 -0.036588
v -0.069959 0.617070 -0.062622
v -0.085059 0.671776 -0.035278
v -0.096389 0.673337 -0.031853
v -0.127801 0.767328 -0.053320
v -0.143326 0.791818 -0.057623
v -0.091336 0.734420 -0.023146
v -0.114923 0.750071 -0.047909
v -0.061822 0.648702 -0.048279
v -0.100693 0.667047 -0.036867
v -0.084605 0.651165 -0.046250
v -0.124661 0.754774 -0.048712
v -0.131660 0.783327 -0.055586
v -0.158381 0.788157 -0.052731
v -0.055048 0.636788 -0.056962
v -0.108489 0.601305 -0.066503
v -0.132165 0.628597 -0.038688
v -0.106807 0.612277 -0.057557
v 0.091097 0.679331 -0.051528
v 0.087118 0.670140 -0.044523
v 0.049452 0.803737 -0.045127
v 0.035957 0.790183 -0.043292
v 0.050267 0.813281 -0.046742
v 0.091564 0.692587 -0.054858
v 0.071585 0.751633 -0.043041
v 0.026217 0.787186 -0.041896
v -0.122317 0.820183 -0.057085
v -0.131129 0.783306 -0.054697
v 0.000044 0.667491 -0.030808
v -0.020144 0.781823 -0.036426
v 0.049449 0.657843 -0.038861
v -0.081885 0.766426 -0.026707
v 0.015163 0.793629 -0.041028
v 0.109042 0.703261 -0.058593
v -0.096712 0.782755 -0.033503
v -0.090391 0.765593 -0.031846
v 0.002876 0.718723 -0.033220
v -0.099910 0.785789 -0.044177
v -0.015815 0.670035 -0.028032
v -0.010128 0.665056 -0.030083
v -0.003490 0.792103 -0.039083
v 0.095314 0.728364 -0.057538
v 0.072919 0.674478 -0.037491
v -0.098632 0.742244 -0.036358
v -0.089281 0.820006 -0.042639
v -0.092087 0.798108 -0.035458
v -0.088836 0.778499 -0.035794
v -0.020556 0.798746 -0.038348
v -0.036936 0.674936 -0.028778
v 0.088200 0.745638 -0.059072
v 0.078393 0.762643 -0.056263
v 0.016712 0.646985 -0.032451
v 0.032336 0.644502 -0.032617
v -0.067883 0.735864 -0.025140
v 0.073598 0.797199 -0.051586
v 0.079858 0.776115 -0.060855
v -0.066915 0.796038 -0.031155
v -0.029107 0.772807 -0.034506
v -0.034213 0.777861 -0.034674
v -0.104556 0.737149 -0.040106
v -0.030127 0.782190 -0.035562
v 0.072318 0.784250 -0.054563
v -0.127706 0.767313 -0.053442
v -0.035645 0.705661 -0.028782
v 0.079017 0.794154 -0.057488
v -0.039189 0.788172 -0.035291
v -0.060548 0.719955 -0.026294
v -0.063816 0.715065 -0.024868
v -0.037785 0.686048 -0.027153
v 0.055613 0.667469 -0.039094
v 0.003789 0.656705 -0.030726
v -0.048654 0.795546 -0.035116
v -0.095948 0.784624 -0.037583
v -0.075152 0.740452 -0.024572
v -0.069560 0.726385 -0.023922
v -0.086256 0.733724 -0.024345
v -0.115121 0.750231 -0.045262
v -0.138040 0.748492 -0.049976
v -0.143671 0.752881 -0.049164
v -0.124530 0.754631 -0.049469
v 0.364145 0.425729 -0.108928
v 0.363019 0.518975 -0.112630
v 0.310282 0.561330 0.146144
v 0.308745 0.534527 0.151186
v 0.309262 0.543407 0.169952
v 0.328227 0.522167 0.088432
v 0.318314 0.524553 0.055139
v 0.336949 0.516508 0.085204
v 0.326039 0.524999 0.098761
v 0.325651 0.522769 -0.021657
v 0.333177 0.523945 -0.080692
v 0.324938 0.536001 -0.084935
v 0.321930 0.522450 -0.115202
v 0.313652 0.522691 -0.103164
v 0.289231 0.608968 0.116046
v 0.297492 0.608827 0.117322
v 0.360083 0.520738 -0.076398
v 0.319029 0.607724 0.068972
v 0.312848 0.591288 0.132812
v 0.311693 0.605534 0.118583
v 0.345370 0.516061 0.079901
v 0.293744 0.495425 -0.118247
v 0.295988 0.479589 -0.117822
v 0.280898 0.463535 -0.118711
v 0.356680 0.404752 -0.038907
v 0.309636 0.535798 0.134370
v 0.311422 0.577206 0.148095
v 0.321335 0.607651 0.032748
v 0.361354 0.369255 -0.079634
v 0.314706 0.522246 0.118449
v 0.325500 0.604305 -0.036363
v 0.284508 0.608963 0.043604
v 0.344696 0.454947 0.077312
v 0.347684 0.453572 0.049072
v 0.291918 0.608731 0.057774
v 0.328610 0.558997 -0.036579
v 0.330036 0.577716 -0.054591
v 0.328370 0.587703 -0.033215
v 0.344956 0.498939 0.073045
v 0.272910 0.608594 0.002478
v 0.267857 0.608504 -0.015495
v 0.280350 0.608198 0.009638
v 0.281438 0.606676 -0.036344
v 0.274410 0.607515 -0.025812
v 0.300191 0.605985 -0.031351
v 0.283995 0.608773 0.025598
v 0.350511 0.520790 0.013230
v 0.294192 0.606925 -0.035158
v 0.285905 0.608241 0.072316
v 0.289317 0.437711 -0.118033
v 0.293870 0.409043 -0.117493
v 0.266247 0.417688 -0.119762
v 0.309778 0.606960 0.112497
v 0.294192 0.608691 0.126510
v 0.342631 0.477475 0.097164
v 0.363719 0.360163 -0.109271
v 0.187198 0.606780 -0.103818
v 0.169186 0.530929 -0.104867
v 0.203636 0.539083 -0.094378
v 0.188977 0.522970 -0.117916
v 0.169225 0.522915 -0.106420
v 0.143560 0.661686 0.023533
v 0.147063 0.649964 0.032170
v 0.144463 0.637619 0.025312
v 0.141389 0.623420 -0.080549
v 0.150358 0.645336 -0.072100
v 0.142348 0.609715 -0.084230
v 0.150122 0.668506 -0.051912
v 0.202142 0.626530 -0.077337
v 0.137369 0.637357 -0.071372
v 0.198232 0.613181 -0.042980
v 0.163361 0.669556 -0.042824
v 0.138487 0.632466 0.008784
v 0.169940 0.622949 -0.035266
v 0.130590 0.636456 -0.004280
v 0.134422 0.627080 -0.014734
v 0.130256 0.616769 -0.088366
v 0.161677 0.579947 -0.106730
v 0.145626 0.584845 -0.108551
v 0.150665 0.598004 -0.108171
v 0.225963 0.613345 -0.097105
v 0.170511 0.564702 -0.105385
v 0.144317 0.683841 -0.027366
v 0.151381 0.676268 -0.035760
v 0.158804 0.538074 -0.106694
v 0.241426 0.583126 -0.099837
v 0.200614 0.630280 -0.046971
v 0.270298 0.606838 -0.072223
v 0.139775 0.683552 0.006765
v 0.260893 0.589168 -0.098844
v 0.239164 0.562068 -0.099585
v 0.233998 0.617098 -0.048499
v 0.259323 0.606216 -0.058505
v 0.140796 0.671859 0.014905
v 0.144170 0.672291 0.025406
v 0.151079 0.619091 -0.029088
v 0.279901 0.605347 -0.085435
v 0.046403 0.220204 -0.137300
v 0.010015 0.240865 -0.140887
v 0.014388 0.418726 -0.143386
v 0.077518 0.457848 -0.137854
v -0.164949 0.360647 -0.159077
v -0.142015 0.381513 -0.157534
v -0.111040 0.376239 -0.154568
v 0.358929 0.270268 -0.108665
v 0.363305 0.315696 -0.095185
v 0.362329 0.272474 -0.083355
v 0.362551 0.360135 -0.109872
v 0.360860 0.337850 -0.078093
v 0.347676 0.204326 -0.103659
v 0.361344 0.369256 -0.079633
v 0.357818 0.251796 -0.047235
v -0.169691 0.310402 -0.159508
v -0.090641 0.265083 -0.151329
v 0.085498 0.215914 -0.133587
v -0.130752 0.270223 -0.155065
v 0.237375 0.412161 -0.121970
v 0.141062 0.176019 -0.127832
v 0.118890 0.199254 -0.130111
v 0.185755 0.485797 -0.127745
v 0.162458 0.487302 -0.130667
v -0.052491 0.231816 -0.146893
v 0.159005 0.118948 -0.132274
v 0.193112 0.110828 -0.125526
v 0.130577 0.146632 -0.128740
v 0.211866 0.148205 -0.120697
v 0.262191 0.206259 -0.116378
v 0.226247 0.446736 -0.124050
v 0.115160 0.455673 -0.134428
v 0.205503 0.115164 -0.118280
v 0.133387 0.478046 -0.132951
v 0.176638 0.105131 -0.133452
v 0.358673 0.181556 -0.053785
v 0.301007 0.212699 -0.112886
v 0.294830 0.408891 -0.116773
v 0.266247 0.417688 -0.119762
v 0.155483 0.108342 -0.151515
v 0.169950 0.103834 -0.163012
v 0.142673 0.504457 -0.132547
v 0.193270 0.103022 -0.133045
v -0.038509 0.407624 -0.148000
v 0.362816 0.193858 -0.094852
v -0.081289 0.405082 -0.152297
v 0.030596 1.174081 -0.097225
v 0.029422 1.179938 -0.099365
v 0.047468 1.189961 -0.094433
v -0.043122 1.417387 -0.118506
v 0.011644 1.134120 -0.107758
v 0.018107 1.152613 -0.103658
v -0.071709 1.347719 -0.121874
v -0.071481 1.325514 -0.124946
v -0.065117 1.317455 -0.127568
v -0.005174 1.165872 -0.116424
v -0.052957 1.281875 -0.123351
v 0.018230 1.389240 -0.116906
v -0.010913 1.388321 -0.121482
v -0.021067 1.369475 -0.129166
v 0.024724 1.376337 -0.115550
v 0.006241 1.239088 -0.117567
v 0.022457 1.236308 -0.111287
v -0.005827 1.183498 -0.115401
v -0.002357 1.388396 -0.120952
v 0.018101 1.185017 -0.111764
v 0.045154 1.201529 -0.094794
v 0.007789 1.291959 -0.120416
v 0.015219 1.298896 -0.119502
v 0.014464 1.307528 -0.123687
v 0.026610 1.229665 -0.104523
v -0.002786 1.244888 -0.121097
v -0.043275 1.257270 -0.122765
v -0.026414 1.387195 -0.125004
v -0.039699 1.234799 -0.120968
v -0.048409 1.246007 -0.121643
v 0.036013 1.218041 -0.095092
v -0.011879 1.282852 -0.123524
v -0.054092 1.298232 -0.123508
v -0.007458 1.274969 -0.123376
v -0.006338 1.252426 -0.120242
v -0.033054 1.211409 -0.119453
v -0.044484 1.219757 -0.116555
v -0.064469 1.378489 -0.124867
v -0.072442 1.406860 -0.138346
v -0.063035 1.442185 -0.131211
v -0.072838 1.422945 -0.130047
v -0.083970 1.383996 -0.140619
v -0.072688 1.358620 -0.132846
v -0.083141 1.364665 -0.136718
v 0.004677 1.131105 -0.101509
v -0.015037 1.185463 -0.114856
v -0.030031 1.185548 -0.111549
v -0.013996 1.175981 -0.112479
v 0.002788 1.293734 -0.121763
v -0.064928 1.306129 -0.124115
v -0.041036 1.397888 -0.124967
v 0.018432 1.337881 -0.119029
v 0.024794 1.341902 -0.116242
v -0.093259 1.391275 -0.145933
v -0.124822 0.154142 0.251831
v -0.141374 0.147096 0.236885
v -0.178174 0.151279 0.255507
v -0.199140 0.148158 0.236059
v -0.140714 0.158256 0.260064
v -0.173322 0.150005 0.216065
v -0.154100 0.159271 0.212573
v -0.214609 0.151964 0.247286
v -0.089637 0.148452 0.249170
v -0.107767 0.149972 0.243198
v -0.101847 0.151805 0.263739
v -0.138667 0.149867 0.224247
v -0.199696 0.164851 0.236632
v -0.171677 0.158908 0.200840
v -0.122363 0.933074 -0.062378
v -0.119929 0.949051 -0.060902
v -0.107084 0.915203 -0.061870
v 0.085394 0.958473 -0.070567
v 0.076851 0.951762 -0.067761
v -0.090784 0.960540 -0.060391
v 0.070638 0.938921 -0.060232
v 0.047199 0.976761 -0.054114
v 0.054311 0.976948 -0.064587
v 0.076701 0.979452 -0.073649
v 0.063707 1.019474 -0.071651
v -0.020798 1.004972 -0.050596
v -0.081291 0.902240 -0.039700
v 0.094183 1.012915 -0.091307
v 0.083677 1.010666 -0.077467
v -0.014756 0.998918 -0.051118
v 0.004347 0.996170 -0.052265
v -0.024534 0.874917 -0.045658
v -0.049508 0.989676 -0.047123
v 0.133161 1.018507 -0.076520
v 0.122124 1.008816 -0.068017
v 0.110078 1.025561 -0.092219
v -0.034280 0.855879 -0.041987
v 0.145078 1.027550 -0.067775
v -0.089739 0.819683 -0.041706
v 0.119975 1.002445 -0.078298
v 0.134867 1.032248 -0.072536
v -0.042082 0.850849 -0.041509
v 0.010875 0.960022 -0.051941
v 0.035030 0.912582 -0.050927
v -0.059082 0.981744 -0.047278
v -0.003417 0.887894 -0.047368
v 0.104464 0.996247 -0.088383
v -0.092087 0.798108 -0.035458
v -0.121779 0.819944 -0.060339
v 0.079987 1.017448 -0.072337
v -0.052544 0.830444 -0.036859
v -0.066915 0.796038 -0.031155
v 0.008536 0.990888 -0.051734
v 0.019403 0.986487 -0.051962
v -0.084090 0.972790 -0.056422
v 0.097907 1.023435 -0.095366
v 0.029109 0.989255 -0.051632
v -0.111815 0.891896 -0.060568
v -0.128240 0.881928 -0.065913
v -0.006776 0.881604 -0.046222
v -0.147122 0.858825 -0.060630
v -0.135887 0.863219 -0.066092
v 0.109763 1.000965 -0.082022
v -0.076217 0.969274 -0.047608
v 0.050974 0.990531 -0.066244
v 0.044401 0.922714 -0.051516
v 0.093312 0.993366 -0.084117
v 0.072426 0.925490 -0.056214
v 0.083445 0.969967 -0.071357
v 0.063082 1.020714 -0.071120
v -0.054170 0.796420 -0.033160
v 0.087836 1.004755 -0.079461
v 0.054112 0.920541 -0.050910
v 0.064119 0.918704 -0.051744
v 0.025194 0.908794 -0.050086
v 0.028428 0.914361 -0.050890
v 0.009077 0.889831 -0.048803
v -0.096907 0.783349 -0.040863
v 0.083054 1.288392 0.040590
v 0.071334 1.231832 0.051509
v 0.075476 1.261001 0.052933
v 0.072837 1.153833 -0.036856
v 0.082705 1.174361 0.058333
v 0.070684 1.284624 0.003649
v 0.072572 1.221996 0.064869
v 0.048917 1.191253 -0.031480
v 0.083442 1.190873 -0.006772
v 0.098581 1.160799 0.007215
v 0.094974 1.159277 0.028932
v 0.114662 1.119582 -0.004508
v 0.077741 1.170460 -0.082142
v 0.088509 1.298138 0.021821
v 0.090261 1.300769 0.037717
v 0.120296 1.111815 -0.008099
v 0.066630 1.194254 -0.066887
v 0.060201 1.185796 -0.096429
v 0.057386 1.209365 -0.072741
v 0.094751 1.145330 -0.067169
v 0.057896 1.285408 -0.026936
v 0.098303 1.165933 0.016975
v 0.052752 1.230933 -0.000648
v 0.072011 1.205369 0.066141
v 0.077597 1.282311 0.049930
v 0.096192 1.139359 0.012692
v 0.107848 1.126092 0.017040
v 0.068281 1.179189 -0.086279
v 0.103050 1.121405 -0.063195
v 0.121265 1.088619 -0.031465
v 0.090881 1.159080 -0.076500
v 0.114070 1.085739 -0.038076
v 0.065023 1.218551 -0.069344
v 0.066605 1.227265 -0.055120
v 0.062634 1.271197 -0.035192
v 0.061817 1.240151 -0.050167
v 0.062100 1.254977 -0.037561
v 0.073240 1.190706 0.074627
v 0.079870 1.167962 0.070534
v 0.073402 1.175933 0.083187
v 0.065968 1.251321 -0.046491
v 0.070705 1.171075 -0.087681
v 0.102007 1.122680 0.028326
v 0.105995 0.990386 0.054444
v 0.124954 0.902454 0.072225
v 0.081069 1.065886 0.119295
v 0.074647 1.078712 0.070162
v 0.134488 0.816867 0.098217
v 0.100585 0.994150 0.083538
v 0.146139 0.826463 0.171538
v 0.136826 0.859120 0.170299
v 0.125413 0.857216 0.181017
v 0.079647 1.167943 0.070455
v 0.153627 0.866941 0.139644
v 0.094846 1.159318 0.028096
v 0.138271 0.942723 0.116624
v 0.120864 0.934565 0.061802
v 0.146672 0.912088 0.133146
v 0.074597 1.078659 0.113335
v 0.112611 0.970248 0.052716
v 0.064858 1.131649 0.098726
v 0.072276 1.139310 0.086308
v 0.076894 1.100421 0.113947
v 0.115240 1.097794 0.019404
v 0.089185 1.102566 0.057134
v 0.103557 1.019322 0.044819
v 0.142247 0.824194 0.105701
v 0.088647 1.042752 0.133013
v 0.102990 1.023199 0.128018
v 0.093624 1.159330 0.006151
v 0.096289 1.165175 0.016736
v 0.099099 1.141767 0.012822
v 0.082300 1.174737 0.056121
v 0.077301 1.160786 0.079449
v 0.103622 1.125523 0.025529
v 0.130833 0.885630 0.060589
v 0.123498 1.087901 0.007926
v 0.115013 1.119601 -0.004470
v 0.108247 1.083376 0.035396
v 0.131479 1.067127 -0.026073
v 0.128509 1.084534 -0.013319
v 0.132893 1.067975 -0.014942
v 0.111985 0.999044 0.123945
v 0.122695 0.975133 0.125858
v 0.114282 1.069176 0.029309
v 0.146008 0.830141 -0.020266
v 0.142238 0.829516 -0.005577
v 0.074152 1.067514 0.128640
v 0.122092 1.073408 -0.036858
v 0.121703 1.088794 -0.031687
v 0.144581 0.859687 -0.008544
v 0.116786 1.109964 -0.007811
v 0.145148 0.874690 0.158071
v 0.116057 1.083898 -0.036388
v 0.073402 1.175933 0.083187
v 0.139265 0.807851 0.014613
v 0.130999 0.860250 0.007688
v 0.134870 0.888779 0.163136
v 0.141553 0.931392 0.129453
v 0.060810 1.117194 0.103473
v 0.166902 0.797063 0.145619
v 0.162854 0.800015 0.156634
v 0.158306 0.821294 0.157965
v 0.134457 0.829303 0.036396
v 0.134488 0.827183 0.026518
v 0.137136 0.828461 0.077748
v 0.137695 0.820462 0.060937
v 0.129454 0.880920 0.010652
v 0.134863 0.813163 0.030015
v 0.164764 0.806511 0.139773
v 0.135580 1.052979 -0.024625
v 0.036439 1.218074 -0.096490
v 0.067265 1.274613 -0.066951
v 0.066299 1.213788 -0.071816
v 0.066607 1.227261 -0.055206
v 0.066290 1.240141 -0.048272
v 0.059093 1.204229 -0.081070
v -0.012011 1.282910 -0.122253
v 0.070125 1.280771 -0.074704
v 0.042042 1.205248 -0.094633
v 0.060021 1.341005 -0.091047
v 0.066238 1.251270 -0.046441
v 0.046737 1.360077 -0.096327
v 0.007755 1.292103 -0.119833
v 0.061737 1.254978 -0.037751
v 0.024722 1.406537 -0.105929
v 0.038797 1.386627 -0.104817
v 0.057095 1.189941 -0.090966
v 0.047021 1.200054 -0.093487
v 0.024899 1.341892 -0.116458
v 0.035311 1.300792 -0.111164
v 0.013739 1.307619 -0.120641
v 0.018193 1.337994 -0.118136
v 0.015285 1.298870 -0.119685
v -0.007505 1.274978 -0.123211
v 0.031384 1.410144 -0.094418
v 0.029683 1.425005 -0.102185
v 0.069443 1.343739 -0.078469
v 0.006163 1.239065 -0.117562
v -0.002957 1.244917 -0.120102
v -0.005973 1.252104 -0.122313
v 0.043505 1.394322 -0.088581
v 0.044923 1.385533 -0.083666
v 0.070416 1.312557 -0.072778
v 0.002704 1.293920 -0.120788
v 0.026488 1.229859 -0.104524
v 0.022675 1.236187 -0.111147
v 0.069805 1.361932 -0.070525
v 0.035137 1.268901 -0.099427
v 0.043388 1.388752 -0.073878
v 0.071087 1.328759 -0.070393
v 0.068592 1.295965 -0.068383
v 0.023730 1.375319 -0.115584
v 0.046554 1.192047 -0.096801
v 0.065990 1.276879 -0.042548
v 0.062634 1.271197 -0.035192
v 0.024921 1.421173 -0.106774
v 0.054516 0.110570 -0.188235
v 0.127359 0.116393 -0.179412
v 0.160675 0.111349 -0.133891
v 0.099663 0.116476 -0.154785
v 0.085823 0.112485 -0.132117
v 0.151470 0.126102 -0.123514
v 0.130577 0.146632 -0.128740
v 0.155483 0.108342 -0.151515
v 0.168290 0.109173 -0.164147
v 0.160118 0.110658 -0.175595
v -0.028780 0.099960 -0.145575
v 0.001679 0.109069 -0.194608
v -0.084896 0.118732 -0.151117
v 0.046365 0.220212 -0.136937
v 0.118874 0.199258 -0.129976
v 0.141058 0.176017 -0.127786
v 0.056769 0.102541 -0.150433
v -0.127652 0.150153 -0.152874
v -0.146162 0.234387 -0.156343
v -0.130752 0.270223 -0.155065
v -0.090657 0.265086 -0.151190
v -0.103578 0.128670 -0.164430
v 0.010045 0.240858 -0.141079
v 0.085498 0.215914 -0.133587
v -0.052491 0.231816 -0.146893
v -0.065270 0.119956 -0.192042
v -0.080498 0.128656 -0.179912
v -0.092869 0.130654 -0.176332
v -0.076513 0.125103 -0.191134
v -0.053332 0.124602 -0.201115
v 0.304238 0.608417 0.213449
v 0.290538 0.619397 0.152981
v 0.308425 0.609692 0.146458
v 0.302880 0.525294 0.219433
v 0.291756 0.523191 0.231633
v 0.331322 0.522127 0.139993
v 0.340401 0.516809 0.128607
v 0.316286 0.522900 0.102928
v 0.309009 0.523637 0.165210
v 0.314485 0.522669 0.118982
v 0.335518 0.522149 0.153495
v 0.326228 0.521949 0.098363
v 0.335993 0.517942 0.084923
v 0.311371 0.561204 0.146269
v 0.309262 0.543407 0.169952
v 0.296980 0.532637 0.136397
v 0.311317 0.577213 0.148086
v 0.334583 0.520517 0.205492
v 0.334499 0.504976 0.178410
v 0.310370 0.601261 0.121466
v 0.336384 0.511556 0.159271
v 0.279812 0.624843 0.170505
v 0.311021 0.608920 0.111829
v 0.297492 0.608827 0.117322
v 0.292630 0.614347 0.130949
v 0.330534 0.510662 0.217370
v 0.324003 0.521999 0.233559
v 0.344650 0.515372 0.079493
v 0.284924 0.609659 0.144711
v 0.328212 0.522032 0.088433
v 0.313831 0.524974 0.229914
v 0.275058 0.524318 0.229884
v 0.283838 0.535837 0.215847
v 0.226814 0.569427 0.211872
v 0.264944 0.571987 0.215537
v 0.267190 0.544223 0.216408
v 0.270284 0.611122 0.212149
v 0.278398 0.610791 0.190414
v 0.265736 0.610918 0.176220
v 0.342631 0.477475 0.097164
v 0.344956 0.498939 0.073045
v 0.334082 0.485159 0.181893
v -0.153835 1.380879 0.139450
v -0.167536 1.384145 0.148567
v -0.140871 1.393962 0.143454
v -0.071095 1.464108 0.100572
v -0.175549 1.631358 0.139918
v -0.188937 1.636791 0.144664
v -0.143712 1.588611 0.109794
v -0.150410 1.587168 0.117369
v -0.090009 1.554970 0.082696
v -0.131197 1.523549 0.149798
v -0.137160 1.536296 0.148193
v -0.055126 1.439320 0.115416
v -0.050230 1.420735 0.109851
v -0.192336 1.553863 0.146396
v -0.182510 1.539990 0.135469
v -0.181299 1.570054 0.140272
v -0.086052 1.481349 0.083588
v -0.184645 1.602793 0.150445
v -0.177197 1.590643 0.145070
v -0.058867 1.450805 0.110867
v -0.064059 1.454007 0.111691
v -0.155396 1.447604 0.145247
v -0.146900 1.463156 0.157128
v -0.129791 1.419929 0.146817
v -0.158609 1.600107 0.125218
v -0.109657 1.456105 0.129506
v -0.085318 1.460544 0.126684
v -0.133680 1.506406 0.152981
v -0.057358 1.407176 0.113856
v -0.126885 1.488532 0.135201
v -0.162435 1.621024 0.127634
v -0.195682 1.602662 0.155228
v -0.083760 1.569089 0.091179
v -0.077783 1.472204 0.085445
v -0.064065 1.422373 0.128104
v -0.121790 1.495160 0.116208
v -0.140880 1.470870 0.154110
v -0.148862 1.540862 0.144839
v -0.063609 1.549231 0.062675
v -0.078570 1.502541 0.072165
v -0.071016 1.521728 0.063956
v -0.075757 1.513530 0.068523
v -0.205258 1.627460 0.151262
v -0.203818 1.639298 0.141073
v -0.154932 1.554704 0.128630
v -0.056386 1.560768 0.068809
v -0.072685 1.581289 0.081299
v -0.092394 1.590671 0.094158
v -0.149798 1.432449 0.149494
v -0.119654 1.559993 0.125781
v -0.123572 1.574953 0.104928
v -0.123802 1.395803 0.137561
v -0.088166 1.409809 0.133885
v -0.063102 1.404142 0.122621
v -0.169698 1.537808 0.139706
v -0.144604 1.483285 0.160287
v -0.156142 1.539601 0.148266
v -0.208138 1.637316 0.137440
v -0.192569 1.569687 0.149701
v -0.108264 1.577046 0.099122
v -0.211033 1.630554 0.148518
v -0.073283 1.439883 0.135671
v -0.078222 1.418260 0.135016
v -0.155762 1.602555 0.118171
v 0.015278 1.059608 0.167289
v 0.005998 1.045146 0.165885
v 0.032311 1.096486 0.157896
v 0.000936 0.997492 0.157651
v -0.011553 1.038702 0.160010
v 0.124233 0.976387 0.125816
v 0.140801 0.943788 0.117114
v 0.039436 1.013895 0.171882
v 0.050539 0.994090 0.172630
v 0.094719 0.962331 0.171169
v 0.098160 1.026320 0.127533
v 0.141553 0.931392 0.129453
v 0.089948 1.044652 0.133990
v 0.145470 0.911412 0.133275
v 0.070068 1.078682 0.129663
v 0.110083 1.001160 0.124803
v 0.035316 0.975263 0.165694
v 0.124992 0.858374 0.177504
v 0.042785 1.113260 0.131106
v 0.058808 1.109180 0.116488
v 0.051750 1.126325 0.112858
v 0.026452 0.935130 0.154203
v 0.053022 0.907474 0.155984
v 0.013914 1.072052 0.165864
v -0.026819 1.004687 0.147266
v 0.047875 1.105010 0.136251
v 0.145246 0.900576 0.155041
v 0.136557 0.889030 0.165676
v 0.136732 0.859081 0.170183
v 0.145151 0.874692 0.158075
v -0.019215 0.521979 -0.121846
v -0.073156 0.519329 -0.134073
v -0.021362 0.609737 -0.102349
v -0.027319 0.602158 -0.122521
v -0.033005 0.609181 -0.110074
v 0.044026 0.532745 -0.118392
v 0.041864 0.537864 -0.116268
v -0.145130 0.523827 -0.130359
v -0.090112 0.524557 -0.141703
v -0.165462 0.517541 -0.160369
v -0.229381 0.522710 -0.139873
v -0.029443 0.609918 -0.094911
v 0.013709 0.608082 -0.118662
v -0.000006 0.610321 -0.102100
v 0.022519 0.611666 -0.104272
v 0.031909 0.609672 -0.107628
v -0.009408 0.518036 -0.127972
v 0.045346 0.558951 -0.116452
v -0.024771 0.515036 -0.129108
v -0.091434 0.599765 -0.129810
v -0.048433 0.519485 -0.140277
v -0.112421 0.579132 -0.130852
v -0.182666 0.543342 -0.136289
v -0.186149 0.597552 -0.136333
v 0.017525 0.521734 -0.116892
v 0.051553 0.598169 -0.116260
v -0.127271 0.499421 -0.151819
v -0.187945 0.561258 -0.136848
v -0.311509 0.523400 -0.143835
v -0.320876 0.518401 -0.132326
v -0.167051 0.612103 -0.152582
v -0.117134 0.603572 -0.129437
v -0.339040 0.518424 -0.177914
v -0.345503 0.516814 -0.143902
v -0.320394 0.598885 -0.149951
v -0.312223 0.607130 -0.133319
v -0.272116 0.554659 -0.144116
v -0.288321 0.572316 -0.145211
v -0.344019 0.492012 -0.159898
v -0.334991 0.489374 -0.180854
v -0.123318 0.606216 -0.123123
v -0.325377 0.534070 -0.119946
v -0.324581 0.547320 -0.121292
v 0.044565 0.610860 -0.104254
v -0.270794 0.516767 -0.164579
v -0.132328 0.608787 -0.126659
v -0.144528 0.609651 -0.121800
v -0.213170 0.557410 -0.139054
v -0.260515 0.576794 -0.143138
v -0.323492 0.596854 -0.135252
v -0.274935 0.595637 -0.144704
v -0.041100 0.598338 -0.123963
v -0.055130 0.609095 -0.121815
v -0.048611 0.606243 -0.121114
v 0.037350 0.609969 -0.100951
v -0.070178 0.602580 -0.126970
v -0.249669 0.551376 -0.142405
v -0.199873 0.489154 -0.166516
v -0.323622 0.579485 -0.128243
v -0.324626 0.594577 -0.118566
v -0.214058 0.501102 -0.162189
v -0.078926 0.611676 -0.122495
v -0.325130 0.562249 -0.114122
v -0.011908 0.609942 -0.096183
v -0.089072 0.601503 -0.119517
v 0.008644 0.610827 -0.097464
v -0.255891 0.490717 -0.174622
v -0.291494 0.457673 -0.173459
v 0.062431 0.581885 -0.115006
v -0.129496 0.609374 -0.119609
v 0.049335 1.444636 -0.057010
v 0.051389 1.464411 -0.053340
v 0.041536 1.390754 -0.051440
v 0.043662 1.388506 -0.073451
v 0.044398 1.454456 -0.052137
v 0.042739 1.393940 -0.087910
v 0.046070 1.429751 -0.062075
v 0.039426 1.409348 -0.061002
v 0.044923 1.385533 -0.083666
v 0.035696 1.415334 -0.051095
v 0.067991 1.296233 -0.038636
v 0.073271 1.331705 -0.054796
v 0.069304 1.313328 -0.033203
v 0.069814 1.277063 -0.062432
v 0.059329 1.373870 -0.048435
v 0.066837 1.366584 -0.058205
v 0.049156 1.380520 -0.054301
v 0.035437 1.409685 -0.097113
v 0.037559 1.386781 -0.102778
v 0.033474 1.403210 -0.044823
v 0.053466 1.532851 -0.131422
v 0.045374 1.529316 -0.135764
v 0.045355 1.522408 -0.133537
v 0.055947 1.502789 -0.135091
v 0.048861 1.511418 -0.138384
v 0.069470 1.361796 -0.070230
v 0.071558 1.328746 -0.070490
v 0.070673 1.355516 -0.047874
v 0.069223 1.343697 -0.078167
v 0.066828 1.276895 -0.042138
v 0.057111 1.473433 -0.119422
v 0.047667 1.448944 -0.117781
v 0.050683 1.524152 -0.099029
v 0.044417 1.517456 -0.072905
v 0.040912 1.511794 -0.058404
v 0.044748 1.504264 -0.065982
v 0.043986 1.522829 -0.081697
v 0.059455 1.483753 -0.097920
v 0.043583 1.477953 -0.052480
v 0.052586 1.490290 -0.060312
v 0.044382 1.436100 -0.056412
v 0.043911 1.496361 -0.060549
v 0.040398 1.520311 -0.065159
v 0.062634 1.271197 -0.035192
v 0.059497 1.283864 -0.028284
v 0.068836 1.295878 -0.068531
v 0.061647 1.272032 -0.068755
v 0.069473 1.312765 -0.072423
v 0.055939 1.487331 -0.120518
v 0.033839 1.437411 -0.108032
v 0.029195 1.423283 -0.100683
v 0.032290 1.412958 -0.102065
v 0.023067 1.432270 -0.105491
v 0.060387 1.533623 -0.104895
v 0.174984 0.795478 0.144352
v 0.168099 0.777447 0.134668
v 0.165102 0.806526 0.139720
v 0.141226 0.777113 0.052796
v 0.137146 0.818013 0.095263
v 0.139461 0.799688 0.062790
v 0.143984 0.763653 0.058657
v 0.170492 0.750452 0.155306
v 0.152224 0.734025 0.109771
v 0.178229 0.679468 0.123070
v 0.190190 0.683998 0.135670
v 0.167931 0.668657 0.115318
v 0.188149 0.685348 0.151469
v 0.152169 0.815516 0.118967
v 0.177599 0.683243 0.161418
v 0.169897 0.674818 0.165095
v 0.163659 0.739274 0.168112
v 0.149848 0.641917 0.040774
v 0.143067 0.666880 0.022769
v 0.160294 0.652153 0.078166
v 0.148842 0.685533 0.045382
v 0.156023 0.640783 0.058501
v 0.137428 0.820446 0.060954
v 0.135701 0.828283 0.077641
v 0.150688 0.691204 0.169327
v 0.123868 0.733948 0.162857
v 0.131864 0.689628 0.163314
v 0.137869 0.807950 0.049680
v 0.141761 0.825295 0.106794
v 0.136138 0.825020 0.048444
v 0.169191 0.756770 0.148699
v 0.124907 0.673431 0.158013
v 0.107709 0.710799 0.154174
v 0.157414 0.626735 0.061343
v 0.144765 0.753851 0.055449
v 0.142698 0.753789 0.045009
v 0.144351 0.739295 0.046074
v 0.162854 0.668129 0.090565
v 0.146018 0.711391 0.042396
v 0.163565 0.657244 0.085661
v 0.184569 0.679978 0.156937
v 0.146961 0.763312 0.081915
v -0.095731 0.120362 -0.206370
v -0.078600 0.119711 -0.186447
v -0.102649 0.130377 -0.188122
v -0.092869 0.130654 -0.176332
v -0.053107 0.125315 -0.201020
v -0.080280 0.129052 -0.179751
v 0.138202 0.807978 0.049659
v 0.149725 0.686612 0.046431
v 0.143124 0.676960 -0.051910
v 0.147763 0.794664 -0.055031
v 0.140591 0.761734 -0.059737
v 0.145501 0.724189 0.041512
v 0.133306 0.807660 0.018576
v 0.142406 0.777211 0.052612
v 0.138024 0.682706 0.008344
v 0.134054 0.686647 -0.009493
v 0.147422 0.675304 -0.034640
v 0.149408 0.756399 -0.034779
v 0.140177 0.670283 0.018488
v 0.146150 0.684192 -0.027683
v 0.146732 0.663884 -0.049320
v 0.142238 0.829516 -0.005577
v 0.131889 0.811582 0.004420
v 0.149862 0.826767 -0.030493
v 0.144159 0.740943 0.047025
v 0.142874 0.753807 0.044974
v 0.153723 0.809019 -0.038741
v 0.162531 0.669325 -0.043078
v 0.151250 0.811675 -0.052167
v 0.139460 0.742249 -0.063345
v 0.136138 0.825020 0.048444
v 0.127771 0.683265 -0.058736
v 0.134985 0.697957 -0.056163
v 0.127833 0.779953 -0.069628
v 0.134863 0.813163 0.030015
v 0.139461 0.799688 0.062790
v 0.128757 0.828537 0.027899
v 0.132352 0.708766 -0.062291
v 0.144843 0.753861 0.055439
v 0.143984 0.763653 0.058657
v -0.031758 0.600091 -0.112506
v -0.047903 0.608085 -0.108283
v -0.029443 0.609955 -0.094913
v 0.031977 0.644555 -0.033315
v 0.016800 0.646963 -0.031865
v -0.035742 0.610879 -0.076914
v -0.069676 0.615071 -0.060914
v -0.010203 0.665011 -0.030792
v -0.016343 0.669885 -0.031383
v -0.026464 0.658430 -0.029086
v -0.014886 0.648249 -0.030046
v 0.048706 0.618759 -0.030237
v -0.055048 0.636788 -0.056962
v -0.068015 0.634728 -0.058440
v 0.003663 0.656776 -0.031191
v -0.046545 0.608700 -0.116601
v -0.040761 0.598748 -0.122115
v -0.072060 0.611596 -0.075487
v -0.086089 0.617713 -0.069163
v 0.039365 0.608431 -0.102406
v 0.031908 0.609426 -0.107622
v 0.091325 0.612776 -0.064510
v 0.008645 0.610798 -0.097461
v 0.078075 0.610634 -0.082894
v 0.062170 0.610988 -0.082199
v -0.019098 0.632391 -0.054990
v -0.014284 0.623132 -0.073841
v -0.021362 0.609737 -0.102349
v -0.053860 0.631267 -0.062317
v 0.081900 0.615704 -0.042791
v 0.008184 0.612703 -0.062806
v -0.055155 0.609762 -0.093955
v -0.036343 0.675177 -0.026732
v -0.020973 0.621859 -0.069665
v 0.027675 0.626673 -0.034901
v -0.046009 0.635465 -0.065484
v -0.038177 0.626479 -0.072787
v 0.043536 0.634390 -0.037522
v 0.000071 0.667480 -0.030677
v 0.000075 0.611269 -0.102183
v -0.011924 0.609783 -0.096168
v 0.022297 0.608949 -0.103983
v 0.058102 0.609470 -0.097301
v -0.007940 0.637352 -0.042463
v -0.037027 0.661399 -0.022774
v 0.215637 0.608996 0.202467
v 0.143182 0.607443 0.205851
v 0.210514 0.635799 0.169625
v 0.227084 0.641517 0.167184
v 0.094256 0.610566 0.198219
v 0.065936 0.566982 0.196351
v 0.139284 0.615265 0.153375
v 0.094327 0.613400 0.149758
v 0.270560 0.611456 0.211634
v 0.245607 0.635070 0.164408
v 0.258981 0.628129 0.168529
v 0.155613 0.647012 0.161067
v 0.052813 0.612541 0.156491
v 0.020777 0.571181 0.192290
v 0.039812 0.543832 0.194145
v 0.127732 0.669469 0.152699
v 0.197158 0.640222 0.166492
v 0.183534 0.634049 0.166299
v 0.038567 0.617930 0.145193
v 0.068872 0.526187 0.196077
v 0.127186 0.574523 0.202804
v 0.212802 0.614312 0.178215
v 0.029333 0.612218 0.191553
v 0.278865 0.616483 0.163902
v 0.270879 0.621634 0.173970
v 0.050161 0.643201 0.148095
v 0.058277 0.624350 0.143163
v 0.077843 0.718847 0.152036
v 0.159004 0.611145 0.201309
v -0.008434 0.583217 0.189572
v -0.023801 0.603301 0.184221
v 0.172365 0.643340 0.163106
v 0.196995 0.580543 0.209037
v 0.094756 0.700083 0.153179
v 0.047689 0.716402 0.151118
v 0.278579 0.618090 0.170329
v 0.278329 0.610703 0.191005
v 0.264175 0.620475 0.183105
v 0.238858 0.639935 0.160834
v 0.084013 0.525049 0.217006
v 0.111908 0.524000 0.214696
v 0.150546 0.532817 0.214633
v 0.072199 0.525258 0.211094
v 0.143504 0.668675 0.162153
v 0.120760 0.691656 0.154765
v 0.123832 0.524387 0.208584
v 0.134726 0.524305 0.215289
v 0.226814 0.569427 0.211872
v 0.191681 0.545274 0.208505
v 0.107709 0.710799 0.154174
v 0.009422 0.613158 0.166554
v -0.005636 0.613523 0.162110
v 0.255293 0.633156 0.158398
v -0.219629 1.596501 0.156944
v -0.257705 1.570704 0.152709
v -0.157068 1.498730 0.170507
v -0.136986 1.536546 0.148611
v -0.225401 1.560570 0.160152
v -0.221397 1.468613 0.159087
v -0.133376 1.505319 0.153440
v -0.245870 1.484859 0.172481
v -0.252100 1.490692 0.171303
v -0.268199 1.565621 0.148022
v -0.274927 1.523745 0.160539
v -0.185038 1.602782 0.149744
v -0.197862 1.603841 0.151883
v -0.253188 1.505084 0.169183
v -0.204157 1.597999 0.158216
v -0.223996 1.456552 0.165609
v -0.251175 1.582586 0.152085
v -0.149242 1.540787 0.144624
v -0.133464 1.523857 0.148037
v -0.155904 1.539875 0.149582
v -0.242242 1.582436 0.156809
v -0.222082 1.511340 0.167071
v -0.253766 1.500413 0.165460
v -0.234279 1.469296 0.170062
v -0.221498 1.482751 0.167294
v -0.193492 1.481449 0.181987
v -0.283917 1.530069 0.153398
v -0.284636 1.540608 0.148242
v -0.196028 1.453197 0.165897
v -0.168858 1.539035 0.143870
v -0.192185 1.523890 0.145874
v -0.191520 1.555144 0.149119
v -0.146966 1.463138 0.157063
v -0.141142 1.470796 0.153868
v -0.235124 1.458322 0.172318
v -0.145117 1.483312 0.159788
v -0.274891 1.564188 0.141230
v -0.284672 1.549068 0.141594
v -0.183602 1.542216 0.136967
v -0.171633 1.540341 0.137566
v -0.181761 1.570071 0.140077
v -0.192186 1.569571 0.150356
v -0.170902 1.449513 0.160447
v -0.179654 1.455427 0.169518
v -0.147179 1.452171 0.154254
v -0.186992 1.448997 0.165711
v -0.178262 1.590719 0.143659
v 0.050483 0.990616 -0.065881
v 0.004354 0.996167 -0.052340
v -0.008858 0.998567 -0.050837
v 0.079458 1.017547 -0.073583
v 0.030312 0.989402 -0.050920
v 0.008548 0.990884 -0.051826
v 0.046875 0.977033 -0.053901
v 0.054792 0.977401 -0.063900
v 0.000196 1.016408 -0.052074
v 0.011298 1.034470 -0.053507
v 0.060729 1.008563 -0.072275
v 0.093691 1.012939 -0.091556
v 0.063375 1.068358 -0.072048
v 0.019403 0.986487 -0.051962
v 0.003200 1.026310 -0.053663
v 0.054778 1.073541 -0.069729
v 0.081701 1.011371 -0.078065
v 0.087667 1.004846 -0.079518
v 0.047876 1.065948 -0.067899
v 0.018372 1.049365 -0.061300
v 0.034652 1.067351 -0.065709
v 0.072292 1.070775 -0.074016
v 0.070840 1.076516 -0.080912
v 0.085068 1.049039 -0.070844
v 0.080243 1.057812 -0.077797
v 0.077872 1.067734 -0.078848
v 0.063466 1.019866 -0.071347
v 0.098035 1.023638 -0.094896
v 0.094194 1.043931 -0.088138
v 0.090001 1.052004 -0.087030
v 0.107970 1.036874 -0.091618
v 0.109300 1.026418 -0.091873
v 0.008515 1.045224 -0.053177
v 0.010753 1.052216 -0.058323
v -0.107187 1.597679 0.074228
v -0.111490 1.608539 0.071543
v -0.134108 1.604973 0.096454
v -0.141146 1.604818 0.102466
v -0.173531 1.647241 0.134048
v -0.161604 1.621041 0.128273
v -0.139994 1.651897 0.082050
v -0.131816 1.643128 0.077744
v -0.204220 1.641000 0.143589
v -0.154464 1.667222 0.079209
v -0.135971 1.615420 0.095904
v -0.139299 1.622751 0.096473
v -0.172254 1.665933 0.102223
v -0.202074 1.668476 0.107364
v -0.190626 1.665828 0.095042
v -0.221189 1.668336 0.112385
v -0.211207 1.671627 0.110397
v -0.171279 1.630073 0.137828
v -0.140074 1.621164 0.097274
v -0.150437 1.587182 0.117485
v -0.184575 1.633305 0.139457
v -0.192754 1.636224 0.144921
v -0.123802 1.573633 0.103787
v -0.220709 1.671707 0.092732
v -0.213714 1.653159 0.130466
v -0.212898 1.642011 0.140927
v -0.155787 1.602558 0.118134
v -0.162815 1.600139 0.122347
v -0.110744 1.582280 0.100589
v -0.097724 1.587792 0.098961
v -0.143712 1.588611 0.109794
v -0.104184 1.580942 0.103505
v -0.227804 1.668992 0.093479
v -0.124246 1.636959 0.076831
v -0.130290 1.643479 0.079427
v -0.224882 1.661117 0.118612
v -0.115843 1.632885 0.069015
v 0.018113 1.447910 -0.149238
v 0.034019 1.438439 -0.108216
v 0.049118 1.453544 -0.118396
v 0.029545 1.426161 -0.104583
v 0.025795 1.421116 -0.106932
v -0.005359 1.427369 -0.119152
v 0.037289 1.476162 -0.151590
v 0.030923 1.481858 -0.158038
v 0.030107 1.436305 -0.099940
v 0.055976 1.486433 -0.119263
v -0.025659 1.452553 -0.150788
v -0.030946 1.474970 -0.156317
v -0.035795 1.483919 -0.149811
v 0.049034 1.492152 -0.142124
v 0.054310 1.495192 -0.128812
v -0.046035 1.471697 -0.144094
v 0.056911 1.473201 -0.119365
v -0.061489 1.454751 -0.135652
v -0.026385 1.387232 -0.125229
v -0.015694 1.469814 -0.156848
v -0.025273 1.483313 -0.160683
v -0.011139 1.388215 -0.120824
v -0.055905 1.429252 -0.116864
v 0.045831 1.482758 -0.142409
v -0.043219 1.417401 -0.120227
v -0.040907 1.397454 -0.123579
v -0.061123 1.442925 -0.131871
v 0.006014 1.468112 -0.157801
v -0.000569 1.476993 -0.163300
v -0.002627 1.388123 -0.120054
v 0.019437 1.389050 -0.117543
v 0.022514 1.382100 -0.112548
v 0.020378 1.474148 -0.155764
v 0.010487 1.477242 -0.162805
v -0.343236 0.137932 0.235687
v -0.373376 0.136458 0.211641
v -0.250005 0.148564 0.232993
v -0.277128 0.152747 0.243443
v -0.289495 0.151879 0.222483
v -0.265207 0.152511 0.220019
v -0.290656 0.153960 0.206215
v -0.308496 0.152483 0.202799
v -0.330394 0.156617 0.212096
v -0.331213 0.141041 0.216942
v -0.227287 0.147915 0.234101
v -0.241604 0.148312 0.223755
v -0.424555 0.136454 0.225730
v -0.423324 0.134432 0.220540
v -0.400654 0.135997 0.210738
v -0.388112 0.131197 0.205108
v -0.348630 0.134815 0.199540
v -0.339340 0.148199 0.197313
v 0.131461 1.067879 -0.026384
v 0.124171 1.073502 -0.038467
v 0.112727 1.100994 -0.070209
v 0.108736 0.953994 -0.071839
v 0.090349 0.963106 -0.074338
v 0.109208 0.999772 -0.089204
v 0.163872 0.934820 -0.042206
v 0.130029 0.894071 0.025023
v 0.131454 0.881974 0.021859
v 0.108485 1.037000 -0.092401
v 0.129336 0.898952 0.012759
v 0.144904 0.920867 -0.003059
v 0.117159 0.975821 0.024632
v 0.137347 1.033663 -0.074077
v 0.134358 1.017773 -0.077063
v 0.138622 1.027603 -0.064860
v 0.130311 1.005885 -0.067958
v 0.123834 0.997800 -0.081076
v 0.127291 1.007460 -0.080230
v 0.136975 0.978896 -0.061835
v 0.120293 0.947757 -0.068996
v 0.096717 0.959708 -0.075201
v 0.110208 1.024933 -0.091799
v 0.135707 1.052876 -0.024679
v 0.130446 0.942434 -0.066457
v 0.106176 1.096697 -0.048548
v 0.125551 0.902637 0.072261
v 0.134864 0.897162 -0.000823
v 0.150039 0.973511 -0.003253
v 0.113509 1.096053 -0.060190
v 0.082268 1.081529 -0.084899
v 0.091250 1.052454 -0.085619
v 0.165097 0.918449 -0.031356
v 0.091353 1.082130 -0.091784
v 0.120747 0.934567 0.061778
v 0.093849 1.044294 -0.085439
v 0.133634 1.068320 -0.014776
v 0.123725 1.088101 0.008545
v 0.116246 1.068984 0.030587
v 0.077872 1.067734 -0.078848
v 0.072292 1.070775 -0.074016
v 0.070992 1.076681 -0.080840
v 0.129479 0.884923 0.060580
v 0.101340 1.012230 0.047417
v 0.115202 1.097750 0.019437
v 0.087907 0.977991 -0.073805
v 0.112679 0.970267 0.052728
v 0.135082 0.936671 -0.067093
v 0.106306 0.989800 0.054440
v 0.113233 0.947416 -0.069009
v 0.109060 1.092809 -0.081061
v 0.102215 1.096935 -0.086360
v 0.118515 1.001495 -0.084135
v 0.120599 1.081034 -0.036923
v 0.123205 0.940217 -0.068276
v 0.093483 0.993150 -0.085518
v 0.079550 1.058302 -0.078618
v 0.128291 1.084497 -0.013276
v 0.108247 1.083376 0.035396
v 0.121638 1.576903 -0.059873
v 0.124279 1.595033 -0.085449
v 0.119422 1.574207 -0.079118
v 0.125591 1.621242 -0.096485
v 0.124894 1.604511 -0.098198
v 0.124722 1.658840 -0.060364
v 0.114420 1.680032 -0.093133
v 0.114345 1.613539 -0.041312
v 0.120110 1.635223 -0.111939
v 0.067713 1.696208 -0.029579
v 0.107087 1.686297 -0.084493
v 0.097556 1.656942 -0.031047
v 0.052933 1.676276 -0.016864
v 0.053887 1.668965 -0.014499
v 0.056933 1.690160 -0.025539
v 0.046036 1.660298 -0.013077
v 0.034383 1.590375 -0.014464
v 0.031634 1.610318 -0.012505
v 0.012969 1.589283 -0.009003
v 0.114456 1.574051 -0.056636
v 0.106620 1.592528 -0.039705
v 0.097149 1.584965 -0.043064
v 0.062836 1.591628 -0.018092
v 0.052556 1.593138 -0.016655
v 0.044169 1.585184 -0.016267
v 0.098197 1.590933 -0.036704
v 0.071245 1.704104 -0.047113
v 0.067383 1.708053 -0.059910
v 0.069892 1.706786 -0.076227
v 0.088227 1.698482 -0.082268
v 0.101566 1.693381 -0.077670
v 0.040260 1.624657 -0.013974
v 0.043763 1.644681 -0.009429
v 0.118830 1.643556 -0.108788
v 0.112359 1.671400 -0.105948
v 0.111526 1.651761 -0.120094
v 0.103766 1.611956 -0.033513
v 0.096371 1.600292 -0.029455
v 0.035027 1.415439 -0.051598
v 0.043134 1.447433 -0.060496
v 0.096348 1.600061 -0.029171
v 0.048211 1.548552 -0.055596
v 0.063696 1.593353 -0.020675
v 0.043997 1.585182 -0.016914
v 0.046186 1.562394 -0.021591
v 0.011530 1.486229 -0.012523
v 0.003796 1.565692 -0.012674
v 0.085270 1.567675 -0.040641
v 0.070167 1.545658 -0.053998
v 0.046513 1.466699 -0.056305
v 0.042772 1.408904 -0.060631
v 0.034289 1.462491 -0.033559
v 0.045457 1.477497 -0.052967
v 0.053657 1.494220 -0.056558
v 0.044973 1.504385 -0.065830
v 0.041830 1.512152 -0.057839
v 0.034182 1.590478 -0.015325
v 0.009883 1.511924 -0.017504
v 0.004871 1.529588 -0.029754
v 0.001434 1.495302 -0.015073
v 0.041941 1.433906 -0.062566
v 0.012969 1.589283 -0.009003
v 0.000568 1.549083 -0.024840
v 0.049127 1.380494 -0.054286
v 0.039722 1.392042 -0.051277
v 0.037266 1.406444 -0.043163
v 0.098651 1.589957 -0.040025
v 0.070899 1.357313 -0.048657
v 0.071495 1.349851 -0.039287
v 0.073077 1.344822 -0.050041
v 0.013204 1.429567 0.009774
v 0.013719 1.443738 0.002937
v 0.052254 1.593245 -0.018655
v 0.020931 1.455847 -0.007239
v 0.105243 1.593453 -0.043248
v 0.042057 1.521513 -0.064513
v 0.024875 1.404794 -0.028386
v 0.053728 1.376035 0.000838
v 0.032530 1.396162 0.009959
v 0.039087 1.390980 0.003146
v 0.015974 1.419968 0.011905
v 0.103224 1.611960 -0.034314
v 0.114235 1.613526 -0.041391
v 0.032502 1.530289 -0.065723
v -0.006794 1.535019 -0.032296
v -0.001596 1.525055 -0.022916
v -0.010892 1.543970 -0.026139
v 0.058924 1.373512 -0.048501
v 0.063877 1.363395 -0.015537
v 0.067533 1.360240 -0.036296
v 0.066837 1.366584 -0.058205
v 0.067480 1.356901 -0.019600
v 0.060717 1.367588 0.001307
v 0.051570 1.376160 0.013679
v 0.047771 1.541548 -0.062881
v -0.054517 1.463047 0.057621
v 0.001356 1.494466 -0.016658
v 0.046261 1.335429 0.080853
v -0.032596 1.422939 0.076681
v 0.010058 1.300575 0.120321
v 0.020530 1.404885 0.008965
v 0.019453 1.455472 -0.008688
v -0.046822 1.419494 0.111924
v 0.055931 1.361753 0.050938
v -0.055139 1.439325 0.115325
v -0.064249 1.451167 0.108336
v 0.008741 1.364518 0.126948
v 0.054369 1.289789 0.085840
v -0.057859 1.455404 0.092261
v 0.040671 1.284807 0.099421
v 0.099398 1.334531 0.039276
v -0.031696 1.441461 0.015032
v -0.029093 1.415840 0.090137
v -0.041244 1.410950 0.103908
v -0.036864 1.443379 0.067477
v 0.091023 1.296713 0.020632
v 0.021601 1.291422 0.116135
v 0.059497 1.283864 -0.028284
v 0.067985 1.296233 -0.038640
v -0.017108 1.319596 0.123964
v -0.001106 1.423612 0.021382
v -0.035529 1.434970 0.055435
v 0.009817 1.433387 0.010750
v -0.051617 1.470154 0.041607
v 0.016810 1.427450 0.011580
v 0.010933 1.486666 -0.012659
v -0.043540 1.471347 0.026256
v 0.023673 1.367668 0.110503
v -0.003227 1.296769 0.127124
v -0.043487 1.398207 0.100431
v 0.022325 1.382781 0.068198
v -0.030165 1.481006 0.002256
v -0.037030 1.479636 0.014138
v -0.000446 1.514496 -0.017613
v 0.009227 1.515710 -0.014381
v 0.073077 1.344822 -0.050041
v -0.022732 1.494571 -0.013707
v 0.062018 1.332804 -0.053740
v 0.070163 1.349919 -0.038589
v 0.067373 1.360109 -0.036353
v 0.039033 1.390948 0.003142
v 0.033010 1.395583 0.011280
v 0.064021 1.363538 -0.015520
v 0.067940 1.358048 -0.019951
v -0.061363 1.461068 0.063548
v 0.090261 1.300769 0.037717
v -0.016628 1.391389 0.103420
v -0.025897 1.410464 0.080361
v -0.026549 1.400381 0.100310
v 0.056665 1.286412 -0.018970
v 0.067118 1.308923 -0.033584
v 0.063892 1.286312 0.005328
v -0.011014 1.355672 0.126284
v -0.014988 1.380196 0.116036
v -0.016967 1.373002 0.120745
v 0.060829 1.367709 0.001324
v 0.052921 1.375375 0.000836
v 0.051570 1.376160 0.013679
v 0.074100 1.284615 0.049769
v 0.082816 1.288414 0.040664
v -0.219631 1.306712 0.122862
v -0.230722 1.289808 0.125268
v -0.230102 1.279237 0.128429
v -0.238283 1.270531 0.127182
v -0.212166 1.312347 0.124620
v -0.236265 1.261129 0.129892
v -0.245952 1.407789 0.183004
v -0.230347 1.443619 0.180927
v -0.237049 1.436300 0.183391
v -0.238004 1.426376 0.183124
v -0.258718 1.397703 0.170824
v -0.196192 1.350596 0.121052
v -0.152480 1.289005 0.141061
v -0.193870 1.268955 0.143637
v -0.225163 1.459251 0.167626
v -0.211237 1.320267 0.122705
v -0.216052 1.249547 0.141567
v -0.230600 1.239987 0.137690
v -0.162608 1.288082 0.141957
v -0.145594 1.300148 0.142752
v -0.208530 1.250869 0.143785
v -0.161229 1.371593 0.121804
v -0.171257 1.272613 0.143900
v -0.200943 1.327138 0.123850
v -0.203573 1.335586 0.119833
v -0.195852 1.356626 0.116076
v -0.240145 1.250255 0.130101
v -0.167625 1.384361 0.148274
v -0.202922 1.380388 0.141334
v -0.187740 1.450098 0.163322
v -0.153859 1.380558 0.139713
v -0.084611 1.383377 0.119403
v -0.125101 1.398393 0.132512
v -0.153793 1.442499 0.152333
v -0.150320 1.425816 0.153358
v -0.176288 1.377976 0.139681
v -0.118442 1.376008 0.109862
v -0.088142 1.409695 0.134180
v -0.147179 1.452171 0.154254
v -0.170210 1.450581 0.159425
v -0.197912 1.454917 0.163392
v -0.179654 1.455427 0.169518
v -0.261284 1.381509 0.118385
v -0.263092 1.380714 0.157253
v -0.264642 1.378183 0.134588
v -0.277309 1.384052 0.146296
v -0.140871 1.393962 0.143454
v -0.129666 1.305173 0.134393
v -0.257984 1.388295 0.165854
v -0.255958 1.406025 0.178190
v -0.075820 1.392025 0.123294
v -0.122673 1.315670 0.125359
v -0.081925 1.353917 0.105775
v -0.087465 1.370011 0.103364
v -0.088224 1.329825 0.110694
v -0.107417 1.326769 0.113892
v -0.078939 1.400425 0.128050
v -0.071546 1.420541 0.133346
v -0.075844 1.376078 0.106765
v -0.225577 1.218013 0.142068
v -0.216230 1.249682 0.142104
v -0.215215 1.218189 0.146163
v -0.171381 1.272763 0.144854
v -0.208089 1.224804 0.147252
v -0.111949 1.244672 0.131786
v -0.128075 1.241189 0.128674
v -0.130146 1.304713 0.134519
v -0.152298 1.289119 0.141453
v -0.162533 1.287886 0.141054
v -0.196555 1.222859 0.148585
v -0.065622 1.250456 0.117630
v -0.076683 1.303302 0.109551
v -0.086754 1.252445 0.119361
v -0.131989 1.246565 0.135243
v -0.178396 1.233349 0.149361
v -0.120793 1.278736 0.120032
v -0.191854 1.233632 0.147838
v -0.208417 1.250816 0.143364
v -0.123236 1.316098 0.124311
v -0.145622 1.299901 0.139335
v -0.104194 1.252897 0.121538
v -0.157658 1.242989 0.144076
v -0.193432 1.268755 0.142437
v -0.009076 1.270897 0.129641
v -0.016806 1.388312 0.101707
v -0.016071 1.375644 0.118564
v -0.011445 1.356225 0.127560
v -0.063418 1.422603 0.128804
v -0.069725 1.419965 0.132619
v -0.026895 1.408539 0.081087
v -0.030763 1.423836 0.084522
v -0.003246 1.296846 0.127306
v -0.001686 1.283121 0.127212
v -0.056417 1.407228 0.115224
v -0.043791 1.397217 0.100223
v -0.024568 1.267124 0.131644
v -0.052486 1.418789 0.108411
v -0.016526 1.318931 0.126413
v -0.074830 1.390617 0.125185
v -0.037287 1.273118 0.128557
v -0.042503 1.410533 0.102254
v -0.035033 1.421371 0.074580
v -0.230542 1.239964 0.137564
v -0.063102 1.404142 0.122621
v -0.058300 1.265066 0.122218
v -0.081364 1.402957 0.122142
v -0.075634 1.382913 0.102869
v -0.084577 1.384053 0.118654
v -0.079097 1.374537 0.098253
v -0.087404 1.370009 0.103654
v -0.089099 1.329344 0.110610
v -0.082567 1.354160 0.104607
v -0.107417 1.326769 0.113892
v 0.009880 1.286165 0.122136
v -0.026596 1.399991 0.101190
v -0.058449 1.253217 0.123185
v 0.019176 1.292563 0.115843
v 0.038482 1.284490 0.101170
v 0.072268 1.288385 0.063815
v 0.069602 1.221877 0.064405
v 0.054172 1.289755 0.085463
v 0.064628 1.131658 0.098539
v 0.072873 1.180530 0.082957
v 0.072681 1.205584 0.066300
v 0.075237 1.192662 0.072792
v 0.073504 1.071547 0.132083
v 0.010664 1.300547 0.121528
v 0.009880 1.286165 0.122136
v -0.003227 1.296769 0.127124
v 0.035620 1.154161 0.123107
v 0.051352 1.128705 0.113444
v 0.025622 1.225224 0.117424
v 0.005340 1.267045 0.124302
v 0.038094 1.174723 0.120553
v 0.033942 1.208137 0.120189
v 0.014161 1.228612 0.122566
v 0.075363 1.260400 0.052879
v 0.057316 1.109232 0.115224
v 0.063982 1.101107 0.100839
v 0.060810 1.117194 0.103473
v 0.074006 1.078614 0.113164
v 0.072566 1.139338 0.086463
v 0.077283 1.160838 0.079532
v 0.071308 1.232462 0.051972
v 0.066313 1.093072 0.113493
v 0.077597 1.282311 0.049930
v 0.080436 1.065551 0.119217
v -0.268507 1.210006 -0.007428
v -0.262035 1.189025 -0.009163
v -0.264754 1.199193 0.000400
v -0.238490 1.321741 0.010934
v -0.252402 1.253755 -0.029383
v -0.190885 1.315563 -0.068033
v -0.230437 1.367230 -0.024718
v -0.176132 1.327790 -0.070382
v -0.184947 1.382829 -0.075223
v -0.180453 1.357221 -0.065678
v -0.201980 1.347275 -0.049785
v -0.206783 1.334978 -0.048664
v -0.202406 1.245815 -0.078089
v -0.185326 1.339756 -0.067651
v -0.194238 1.327108 -0.059746
v -0.203795 1.328860 -0.055681
v -0.231322 1.345371 -0.005272
v -0.220124 1.363943 -0.037225
v -0.219737 1.179508 -0.077884
v -0.170473 1.264315 -0.079234
v -0.244873 1.292362 0.004045
v -0.146520 1.278086 -0.078396
v -0.157840 1.294763 -0.089874
v -0.244194 1.213132 -0.066473
v -0.245307 1.261993 -0.023355
v -0.252216 1.214321 -0.056212
v -0.264233 1.227947 0.001238
v -0.232652 1.342446 0.017773
v -0.164322 1.186566 -0.082331
v -0.190674 1.229801 -0.079056
v -0.172896 1.220459 -0.081013
v -0.208781 1.358162 -0.045285
v -0.159134 1.346780 -0.071749
v -0.254435 1.249184 -0.017787
v -0.213551 1.372803 -0.047169
v -0.235409 1.193435 -0.069572
v -0.238190 1.196622 -0.071156
v -0.244663 1.201863 -0.064175
v -0.157171 1.334246 -0.119541
v -0.154851 1.297791 -0.110578
v -0.147872 1.098949 -0.082975
v -0.167621 1.095409 -0.078593
v -0.170076 1.114567 -0.080850
v -0.150369 1.161850 -0.083814
v -0.142946 1.144549 -0.083988
v -0.162760 1.366384 -0.091600
v -0.134356 1.134029 -0.083727
v -0.135874 1.318432 -0.124743
v -0.146126 1.305274 -0.128993
v -0.233067 1.173247 -0.065447
v -0.233067 1.173247 -0.065447
v -0.204035 1.152294 -0.073986
v -0.184497 1.137995 -0.080915
v -0.241404 1.311102 0.016627
v -0.253630 1.254092 0.001916
v -0.254435 1.249184 -0.017787
v -0.245119 1.169355 -0.057250
v -0.249992 1.169978 -0.030920
v -0.248301 1.283005 0.008564
v -0.187000 1.248456 -0.078742
v -0.250898 1.204129 -0.057356
v -0.161090 1.350806 -0.096326
v -0.255535 1.177768 -0.024084
v -0.162211 1.350716 -0.109751
v -0.258545 1.181916 -0.002565
v -0.253912 1.253865 0.000741
v -0.131804 1.157250 -0.082853
v 0.105049 1.603089 -0.138592
v 0.027758 1.573915 -0.131023
v 0.086736 1.560678 -0.138183
v 0.031269 1.546910 -0.142591
v 0.065919 1.554975 -0.058572
v 0.048328 1.548930 -0.055884
v 0.120069 1.635190 -0.112017
v 0.118997 1.643576 -0.108816
v 0.017775 1.570708 -0.123217
v 0.114429 1.553429 -0.082704
v 0.072148 1.639228 -0.156740
v 0.083341 1.641182 -0.154445
v 0.057061 1.624452 -0.158143
v 0.068132 1.579053 -0.150756
v 0.042712 1.616377 -0.150824
v 0.051416 1.527700 -0.117440
v 0.049394 1.530670 -0.135642
v 0.105796 1.653866 -0.129939
v 0.097098 1.645598 -0.144047
v 0.036166 1.619238 -0.152533
v 0.114011 1.649652 -0.128452
v 0.048927 1.539920 -0.062762
v 0.033219 1.536393 -0.142634
v 0.032114 1.533389 -0.064877
v 0.024877 1.602528 -0.146095
v 0.043717 1.550998 -0.123800
v 0.111511 1.651728 -0.119596
v 0.025868 1.552785 -0.136937
v 0.123332 1.621292 -0.095996
v 0.017164 1.592037 -0.136605
v 0.048952 1.534066 -0.103801
v 0.124759 1.604559 -0.098543
v 0.027582 1.611344 -0.144681
v 0.124290 1.595113 -0.085718
v 0.089259 1.648717 -0.148662
v 0.114608 1.573683 -0.055913
v 0.086376 1.568301 -0.039958
v 0.118645 1.574522 -0.078639
v 0.119909 1.577257 -0.060559
v 0.096789 1.583859 -0.042295
v 0.040398 1.520311 -0.065159
v 0.050509 1.524630 -0.098698
v 0.048945 1.523573 -0.073295
v -0.185273 1.380603 -0.077579
v -0.201031 1.347280 -0.048858
v -0.213707 1.372758 -0.047339
v -0.163157 1.438687 -0.134490
v -0.184791 1.339598 -0.066173
v -0.246707 1.492671 -0.031016
v -0.204451 1.330791 -0.048660
v -0.210086 1.544317 -0.086204
v -0.201861 1.553915 -0.095873
v -0.167709 1.456363 -0.121067
v -0.231904 1.367067 -0.026590
v -0.253867 1.441584 -0.005446
v -0.210812 1.552309 -0.078098
v -0.236440 1.384881 -0.001030
v -0.226855 1.512346 -0.079592
v -0.175487 1.493034 -0.127129
v -0.193295 1.446041 -0.101871
v -0.153919 1.431708 -0.143959
v -0.259611 1.454652 -0.002633
v -0.260609 1.500790 -0.008115
v -0.236477 1.363452 0.011854
v -0.154453 1.403017 -0.140484
v -0.254226 1.552195 -0.023392
v -0.263981 1.530296 -0.013873
v -0.163070 1.350623 -0.109979
v -0.164757 1.365253 -0.092245
v -0.161209 1.350930 -0.096319
v -0.171464 1.602238 -0.087411
v -0.150104 1.568930 -0.127640
v -0.165953 1.615381 -0.079965
v -0.164901 1.609737 -0.085976
v -0.235800 1.343428 0.015040
v -0.233447 1.345216 -0.004333
v -0.181360 1.595766 -0.086609
v -0.144070 1.620898 -0.081945
v -0.146531 1.608217 -0.096371
v -0.150286 1.335007 -0.116543
v -0.141912 1.605034 -0.101927
v -0.208840 1.358156 -0.045351
v -0.176519 1.327971 -0.071744
v -0.190462 1.315639 -0.066800
v -0.148180 1.594787 -0.109562
v -0.194238 1.327108 -0.059746
v -0.220124 1.363943 -0.037225
v -0.194134 1.568310 -0.087126
v -0.168761 1.376754 -0.080664
v -0.152457 1.549441 -0.133118
v -0.230466 1.548486 -0.049714
v -0.166430 1.520636 -0.132264
v -0.155793 1.374628 -0.136472
v -0.139990 1.317762 -0.133597
v -0.151160 1.321556 -0.128521
v -0.264542 1.540478 -0.011584
v -0.155380 1.344268 -0.126927
v -0.144311 1.364718 -0.127123
v -0.250947 1.408471 0.003107
v -0.265589 1.518263 -0.009247
v -0.165135 1.498449 -0.134715
v -0.237695 1.557101 -0.038003
v -0.147646 1.342541 -0.134477
v -0.193803 1.578915 -0.083930
v -0.257885 1.560173 -0.016185
v -0.144081 1.627560 -0.073114
v -0.419537 0.135425 0.195304
v -0.403645 0.135451 0.211334
v -0.387948 0.131475 0.205092
v -0.422833 0.134480 0.220369
v -0.409476 0.126502 0.107711
v -0.377714 0.131872 0.181802
v -0.393364 0.126975 0.169794
v -0.410331 0.133630 0.121086
v -0.373722 0.135473 0.211935
v -0.413818 0.120916 0.147076
v -0.386495 0.129976 0.158453
v -0.388537 0.120349 0.113019
v -0.303421 1.202130 0.089779
v -0.256941 1.262251 0.118304
v -0.267773 1.273779 0.037875
v -0.273572 1.275727 0.051138
v -0.259190 1.279393 0.030756
v -0.266735 1.211006 0.125662
v -0.255867 1.209497 0.130272
v -0.275299 1.285543 0.083534
v -0.278890 1.276200 0.090574
v -0.276210 1.274063 0.102250
v -0.243230 1.272844 0.008033
v -0.264877 1.210523 -0.007173
v -0.265339 1.199108 0.000470
v -0.265263 1.228342 0.001590
v -0.302758 1.233265 0.056511
v -0.286324 1.209729 0.115165
v -0.271401 1.283307 0.057263
v -0.256712 1.253357 0.001074
v -0.266240 1.199585 0.013708
v -0.233258 1.241843 0.135339
v -0.241712 1.255947 0.128399
v -0.225138 1.219249 0.139121
v -0.259568 1.274650 0.113395
v -0.274826 1.203371 0.016963
v -0.300136 1.190357 0.066640
v -0.302849 1.200304 0.069559
v -0.298710 1.198885 0.050110
v -0.257909 1.187498 0.008984
v -0.253538 1.175193 0.004189
v -0.280529 1.184803 0.033235
v -0.278148 1.205606 0.119632
v -0.262035 1.189025 -0.009163
v -0.228551 0.614842 0.023735
v -0.159380 0.660833 -0.010411
v -0.267521 0.676167 0.044133
v -0.227992 0.711499 0.018238
v -0.169037 0.615307 -0.007795
v -0.168721 0.611351 -0.043996
v -0.157256 0.610577 -0.046351
v -0.250888 0.699458 0.032789
v -0.270044 0.688365 0.046698
v -0.254699 0.611881 -0.041036
v -0.156646 0.619057 -0.030092
v -0.146381 0.611501 -0.057247
v -0.122637 0.619015 -0.045661
v -0.128669 0.611625 -0.060721
v -0.176210 0.764767 -0.015272
v -0.172580 0.706982 -0.020065
v -0.171776 0.731908 -0.022638
v -0.184424 0.611661 -0.049786
v -0.234908 0.612310 -0.051141
v -0.241346 0.716605 0.026852
v -0.271847 0.611698 -0.040645
v -0.291749 0.611879 -0.008498
v -0.159697 0.692036 -0.028128
v -0.177512 0.756516 -0.022616
v -0.150811 0.670276 -0.024896
v -0.132216 0.628621 -0.038871
v -0.283222 0.612314 0.013596
v -0.133993 0.636530 -0.032335
v -0.299569 0.612233 0.026701
v -0.284129 0.606118 0.034384
v -0.208268 0.741749 0.008102
v -0.189392 0.749581 -0.001047
v -0.169770 0.611971 -0.061266
v -0.117996 0.611283 -0.069752
v -0.108187 0.611176 -0.067643
v -0.271284 0.626347 0.052191
v -0.278447 0.667852 0.054004
v -0.123000 1.244220 -0.108542
v -0.129666 1.264426 -0.120980
v -0.102049 1.319528 -0.147807
v -0.112631 1.369828 -0.144396
v -0.132610 1.407388 -0.151928
v -0.129256 1.277967 -0.131014
v -0.094063 1.396127 -0.150310
v -0.104082 1.405944 -0.151004
v -0.088084 1.233149 -0.126504
v -0.125932 1.397435 -0.150002
v -0.083866 1.364595 -0.135238
v -0.065211 1.306264 -0.122495
v -0.064173 1.237213 -0.125023
v -0.083879 1.383938 -0.140734
v -0.109782 1.382917 -0.150107
v -0.052946 1.282208 -0.122863
v -0.131050 1.427172 -0.146235
v -0.072989 1.324836 -0.127759
v -0.126934 1.380950 -0.147220
v -0.054092 1.298232 -0.123508
v -0.046122 1.245919 -0.120168
v -0.051869 1.229187 -0.124543
v -0.040206 1.229249 -0.119616
v -0.071349 1.224531 -0.123757
v -0.074977 1.361183 -0.130921
v -0.072844 1.349320 -0.124004
v -0.148257 1.342256 -0.135675
v -0.140141 1.317131 -0.134122
v -0.153406 1.373796 -0.134463
v -0.149443 1.363504 -0.136167
v -0.155380 1.344268 -0.126927
v -0.154881 1.358432 -0.129982
v -0.153854 1.406303 -0.138503
v -0.146126 1.305274 -0.128993
v -0.151301 1.429638 -0.142005
v -0.070797 1.331959 -0.122960
v -0.117122 1.376402 -0.148494
v -0.065034 1.317215 -0.125476
v -0.104720 1.233683 -0.116785
v -0.043961 1.256650 -0.126434
v -0.109854 1.224194 -0.102557
v -0.121460 1.238347 -0.086863
v -0.242081 1.311308 0.016431
v -0.258547 1.279119 0.031147
v -0.230815 1.289881 0.125477
v -0.255829 1.261867 0.116395
v -0.238387 1.270595 0.127416
v -0.261368 1.275855 0.115872
v -0.203567 1.335572 0.119813
v -0.228033 1.351611 0.094901
v -0.220476 1.307438 0.124986
v -0.230138 1.279265 0.128527
v -0.243862 1.292165 0.004336
v -0.211075 1.320168 0.122323
v -0.200916 1.327125 0.123785
v -0.196124 1.350336 0.120603
v -0.195471 1.357819 0.116003
v -0.212166 1.312347 0.124620
v -0.236265 1.261129 0.129892
v -0.275068 1.272326 0.091838
v -0.240489 1.254718 0.130033
v -0.237351 1.337625 0.016042
v -0.222662 1.376049 0.103017
v -0.275966 1.285891 0.084016
v -0.176288 1.377976 0.139681
v -0.200695 1.378597 0.142967
v -0.237636 1.321575 0.011094
v -0.255852 1.405151 0.098891
v -0.282656 1.394067 0.111761
v -0.274316 1.406542 0.104640
v -0.236367 1.341194 0.059778
v -0.252816 1.404034 0.051844
v -0.249518 1.387199 0.016855
v -0.236554 1.362111 0.011425
v -0.254672 1.419172 0.076195
v -0.236436 1.378306 0.001019
v -0.255314 1.415246 0.084649
v -0.271015 1.283032 0.057444
v -0.266753 1.272829 0.038977
v -0.273572 1.275727 0.051138
v -0.248059 1.282935 0.009453
v -0.249536 1.273741 0.005487
v -0.061624 1.541835 -0.143287
v -0.053690 1.554589 -0.136831
v -0.044930 1.557290 -0.131069
v 0.030736 1.481998 -0.157547
v -0.021986 1.521124 -0.158999
v -0.001575 1.561183 -0.132643
v -0.034580 1.549950 -0.125499
v -0.017042 1.562777 -0.121243
v 0.022179 1.514046 -0.160909
v -0.000520 1.476525 -0.165612
v 0.010925 1.476889 -0.165274
v 0.020520 1.558605 -0.128161
v 0.023586 1.554339 -0.136635
v -0.046848 1.504480 -0.151141
v -0.025273 1.483313 -0.160683
v 0.047876 1.492256 -0.141462
v 0.049911 1.497016 -0.129047
v 0.005458 1.469481 -0.154733
v 0.020951 1.473561 -0.156879
v 0.050003 1.510684 -0.137168
v 0.046785 1.481973 -0.141853
v 0.034942 1.478123 -0.148871
v -0.041466 1.481664 -0.153803
v -0.031164 1.478811 -0.155276
v -0.053114 1.530579 -0.140439
v -0.015844 1.469662 -0.157177
v -0.069929 1.554349 -0.148089
v 0.031143 1.545284 -0.140587
v 0.033219 1.536589 -0.142459
v 0.044113 1.529677 -0.138669
v -0.072166 1.562112 -0.143042
v 0.048609 1.520272 -0.136630
v 0.029196 1.550958 -0.136382
v -0.291266 1.515838 0.146947
v -0.283764 1.530094 0.152873
v -0.294360 1.552362 0.089402
v -0.300029 1.504680 0.143150
v -0.305110 1.493689 0.100874
v -0.290326 1.539750 0.048859
v -0.284869 1.569336 0.061931
v -0.306949 1.485828 0.133132
v -0.297831 1.553640 0.108568
v -0.254317 1.418733 0.091679
v -0.258282 1.417792 0.076950
v -0.275021 1.488806 0.083471
v -0.284304 1.567981 0.041674
v -0.258921 1.454680 -0.002246
v -0.266138 1.518142 -0.009573
v -0.253867 1.441584 -0.005446
v -0.250105 1.386289 0.013279
v -0.249624 1.408950 0.004124
v -0.304040 1.492630 0.140116
v -0.252111 1.391508 0.030645
v -0.312025 1.460758 0.123298
v -0.240593 1.394251 -0.000085
v -0.284881 1.545212 0.145906
v -0.284462 1.559272 0.076267
v -0.263231 1.500648 -0.009719
v -0.263589 1.535812 -0.012215
v -0.257647 1.559905 -0.016218
v -0.260958 1.578203 -0.000877
v -0.309650 1.469798 0.135440
v -0.305195 1.432552 0.112532
v -0.255852 1.405151 0.098891
v -0.274316 1.406542 0.104640
v -0.281679 1.396114 0.113131
v -0.291594 1.407375 0.110663
v -0.252338 1.404412 0.053550
v -0.236436 1.378306 0.001019
v -0.304618 1.416748 0.116029
v -0.270433 1.579074 0.015459
v -0.250500 1.416025 0.082510
v -0.204564 1.597828 0.156713
v -0.227605 1.668794 0.091597
v -0.220929 1.667140 0.111919
v -0.214050 1.654062 0.130993
v -0.226574 1.664366 0.121151
v -0.252977 1.657418 0.073041
v -0.246571 1.620824 0.013435
v -0.262094 1.580510 0.000367
v -0.251424 1.583308 0.155125
v -0.284560 1.568995 0.041984
v -0.214077 1.645284 0.139117
v -0.295750 1.549802 0.120401
v -0.286540 1.546470 0.143032
v -0.259426 1.598585 0.010874
v -0.197836 1.608175 0.154429
v -0.242291 1.582387 0.156570
v -0.257752 1.614023 0.138810
v -0.283521 1.566221 0.067273
v -0.293754 1.552630 0.090824
v -0.209237 1.662075 0.034154
v -0.219948 1.669118 0.082619
v -0.205321 1.627792 0.152489
v -0.219794 1.596931 0.159225
v -0.268032 1.565496 0.147965
v -0.274656 1.564093 0.141035
v -0.257119 1.570714 0.150631
v -0.230526 1.650388 0.032431
v -0.293958 1.554533 0.105743
v -0.211511 1.631328 0.150397
v -0.208472 1.637766 0.145146
v -0.276112 1.620667 0.107566
v -0.304618 1.416748 0.116029
v -0.289694 1.407735 0.113450
v -0.306213 1.432440 0.111697
v -0.234778 1.437405 0.185627
v -0.238979 1.426778 0.179146
v -0.316662 1.403313 0.131972
v -0.254136 1.504536 0.170773
v -0.316112 1.403628 0.164145
v -0.277461 1.445904 0.187055
v -0.304233 1.422380 0.179543
v -0.304432 1.492781 0.140259
v -0.266451 1.468395 0.177889
v -0.278672 1.380197 0.145954
v -0.263207 1.382588 0.157125
v -0.257969 1.387878 0.166103
v -0.308131 1.469382 0.135202
v -0.275018 1.523764 0.160319
v -0.293024 1.515152 0.145249
v -0.298308 1.503723 0.142052
v -0.284175 1.530218 0.153345
v -0.306927 1.485825 0.133130
v -0.311639 1.460796 0.123439
v -0.225967 1.458454 0.171312
v -0.231242 1.462638 0.174146
v -0.243100 1.477412 0.167490
v -0.250241 1.490010 0.170166
v -0.261490 1.380803 0.117591
v -0.251621 1.497247 0.170137
v -0.255964 1.405945 0.178376
v -0.258753 1.396608 0.172310
v -0.245720 1.410478 0.180211
v -0.264642 1.378183 0.134588
v -0.113424 1.494905 -0.164499
v -0.061266 1.452986 -0.137014
v -0.079141 1.494717 -0.161467
v -0.060069 1.445301 -0.132847
v -0.063909 1.426023 -0.133203
v -0.103946 1.406025 -0.151505
v -0.134548 1.427578 -0.153650
v -0.069966 1.419018 -0.137391
v -0.059965 1.548400 -0.146914
v -0.099737 1.547710 -0.161326
v -0.051886 1.531567 -0.143180
v -0.058748 1.538025 -0.146735
v -0.069809 1.554473 -0.148337
v -0.131386 1.529151 -0.154525
v -0.166375 1.498022 -0.136563
v -0.087201 1.563678 -0.144262
v -0.076809 1.564246 -0.139841
v -0.091735 1.393660 -0.147650
v -0.072643 1.406816 -0.138232
v -0.109949 1.383130 -0.149475
v -0.117138 1.376457 -0.148284
v -0.138422 1.557864 -0.139316
v -0.118928 1.575531 -0.135548
v -0.166584 1.462561 -0.124678
v -0.175002 1.492835 -0.125921
v -0.163187 1.438590 -0.133203
v -0.147312 1.427434 -0.147534
v -0.168891 1.456814 -0.120971
v -0.048838 1.470193 -0.148541
v -0.048708 1.508700 -0.145034
v -0.044285 1.502015 -0.151674
v -0.041143 1.481804 -0.152889
v -0.125932 1.397435 -0.150002
v -0.166702 1.520827 -0.132601
v -0.127142 1.381169 -0.147214
v -0.131991 1.409054 -0.153440
v -0.112506 1.369322 -0.148054
v -0.149719 1.554664 -0.131992
v -0.351455 0.128117 -0.183085
v -0.351142 0.121939 -0.196853
v -0.333964 0.123256 -0.199052
v -0.334302 0.122368 -0.218094
v -0.368735 0.118992 -0.233957
v -0.376681 0.122479 -0.164275
v -0.360005 0.127209 -0.174608
v -0.381842 0.119325 -0.117759
v -0.349683 0.128766 -0.118608
v -0.366277 0.127595 -0.097046
v -0.385173 0.135635 -0.095219
v -0.370096 0.125164 -0.141820
v -0.356107 0.126035 -0.156846
v -0.318792 0.119985 -0.232766
v -0.352100 0.126237 -0.091372
v 0.399235 0.088149 -0.084624
v 0.266079 0.096763 -0.162649
v 0.212924 0.151638 -0.120054
v 0.300998 0.212699 -0.112808
v 0.340727 0.203557 -0.109307
v 0.264777 0.207038 -0.116218
v 0.408805 0.091917 -0.145780
v 0.316277 0.101680 -0.156904
v 0.363109 0.096450 -0.124935
v 0.402758 0.090020 -0.090091
v 0.371107 0.093838 -0.084740
v 0.393577 0.093154 -0.086261
v 0.350346 0.114707 -0.107089
v 0.361169 0.119890 -0.079902
v 0.366148 0.093659 -0.150535
v 0.224765 0.099002 -0.167809
v 0.229081 0.099813 -0.125750
v 0.205732 0.115970 -0.119085
v 0.336072 0.103638 -0.128264
v 0.256427 0.103002 -0.115291
v 0.186686 0.110788 -0.122065
v 0.195289 0.099528 -0.133475
v 0.182470 0.108556 -0.172744
v 0.177251 0.114107 -0.150956
v 0.176638 0.105131 -0.133452
v 0.360310 0.162672 -0.106354
v 0.354734 0.185208 -0.109776
v 0.361690 0.158302 -0.086085
v -0.373206 0.286529 0.105658
v -0.378052 0.258301 0.151343
v -0.377294 0.202906 0.145828
v -0.376448 0.234734 0.136755
v -0.366751 0.217786 0.039589
v -0.369798 0.263028 0.059555
v -0.362660 0.219068 0.002429
v -0.356429 0.154916 -0.075546
v -0.352100 0.126237 -0.091372
v -0.386349 0.121068 -0.087635
v -0.361770 0.119939 -0.049673
v -0.362042 0.131310 -0.005693
v -0.384090 0.131037 -0.103655
v -0.390071 0.122817 -0.052279
v -0.394424 0.130371 -0.023128
v -0.399276 0.124934 0.024430
v -0.371440 0.128723 0.030332
v -0.375021 0.134007 0.123840
v -0.392363 0.132995 0.110944
v -0.386027 0.127116 0.123539
v -0.394642 0.139494 -0.015628
v -0.369991 0.133976 0.078420
v -0.356478 0.189697 -0.053615
v -0.405157 0.128683 0.074255
v -0.410191 0.128175 0.107609
v -0.375728 0.149306 0.139256
v -0.376608 0.293089 0.135865
v -0.378826 0.295196 0.161879
v -0.402613 0.129074 0.052424
v -0.367428 0.242040 0.041341
v -0.378240 0.318257 0.152646
v -0.276169 1.046660 0.053799
v -0.187600 0.937317 0.126561
v -0.192947 1.009928 0.149117
v 0.032462 1.209099 0.118552
v -0.277895 0.910349 0.136871
v -0.029900 1.164303 0.154943
v -0.234951 0.950766 0.137806
v 0.041514 1.112890 0.129521
v 0.036102 1.154398 0.123919
v -0.032441 1.231349 0.130929
v 0.013832 1.228259 0.121496
v -0.257750 0.987391 0.042429
v -0.216938 0.809725 0.119133
v -0.265487 0.965905 0.126199
v -0.231239 1.165147 0.148926
v -0.241664 1.073104 0.147169
v -0.037505 1.273220 0.129277
v 0.025540 1.225218 0.117385
v 0.005563 1.267123 0.124822
v -0.271166 0.991311 0.051827
v -0.008943 1.270930 0.129933
v -0.276244 1.070054 0.126359
v 0.013763 1.071487 0.163364
v 0.031917 1.095257 0.151701
v 0.047727 1.105054 0.136343
v -0.143435 0.860335 0.132763
v -0.121402 0.890975 0.136859
v -0.105918 0.901855 0.138599
v -0.099396 0.916387 0.139939
v -0.088635 0.919845 0.142026
v -0.026488 1.008131 0.150772
v -0.011360 1.038768 0.159720
v -0.283484 1.038502 0.089984
v -0.182735 1.140463 0.157013
v -0.277086 1.205339 0.119515
v -0.255835 1.209482 0.130209
v -0.285612 1.209657 0.114561
v -0.266657 1.211230 0.125103
v 0.051557 1.126718 0.111922
v -0.286431 1.162361 0.106427
v -0.090163 1.072367 0.137020
v -0.074379 1.103277 0.131173
v -0.028416 0.985728 0.149927
v -0.074013 1.192749 0.126120
v -0.264739 0.867115 0.144072
v -0.238942 0.868093 0.137819
v -0.112689 1.244233 0.127275
v -0.128624 1.241094 0.128195
v -0.264379 1.163059 0.037093
v -0.148960 1.149753 0.147984
v -0.300915 1.189895 0.066453
v -0.236897 1.158829 0.024989
v -0.260888 1.181589 0.008613
v -0.264336 1.198373 0.011370
v -0.154822 1.038678 0.129605
v -0.128034 1.148399 0.129755
v -0.259125 1.003292 0.036187
v -0.245457 1.010981 0.034345
v -0.131887 1.246568 0.135398
v -0.236137 0.802361 0.121382
v -0.247962 1.043223 0.031148
v -0.247556 0.828264 0.134934
v -0.273921 0.977532 0.057740
v -0.230589 1.064900 0.027176
v -0.277013 0.974866 0.068717
v -0.213651 0.789260 0.117698
v -0.280996 0.960745 0.093036
v -0.285824 0.945621 0.113832
v -0.091028 1.250567 0.120776
v -0.246776 1.032434 0.031100
v -0.236838 1.117130 0.024733
v -0.242654 1.142427 0.025094
v -0.232419 1.129833 0.023160
v -0.279642 0.963154 0.076593
v -0.297455 0.922566 0.116790
v -0.081365 1.254656 0.118787
v -0.304412 1.201986 0.090123
v -0.281542 1.184478 0.033150
v -0.302849 1.200304 0.069559
v -0.297528 1.199103 0.050514
v -0.059236 1.250784 0.120070
v -0.058308 1.265035 0.122234
v -0.024545 1.267105 0.131662
v -0.237074 1.218032 0.138121
v -0.196621 1.222882 0.148999
v -0.208076 1.224793 0.147169
v -0.215517 1.218051 0.146543
v -0.274050 1.203513 0.017308
v -0.194547 0.790538 0.123981
v -0.179243 0.787105 0.125331
v -0.176052 0.818358 0.128285
v -0.206114 0.781765 0.120952
v -0.150993 0.842734 0.130436
v -0.251158 1.173093 0.004486
v -0.178250 1.233459 0.150074
v -0.157843 1.243153 0.147340
v -0.191851 1.233628 0.147807
v -0.284109 0.876208 0.140648
v -0.084713 0.936627 0.142430
v 0.037857 1.174635 0.120191
v 0.006218 1.045158 0.165268
v 0.015488 1.058753 0.165008
v -0.104187 1.252915 0.121700
v -0.040107 0.971746 0.148148
v -0.067156 0.957864 0.144914
v -0.064440 0.933020 0.145016
v -0.001686 1.283121 0.127212
v 0.009880 1.286165 0.122136
v 0.226915 0.114351 0.304274
v 0.167189 0.152163 0.296805
v -0.228746 0.162283 0.249112
v -0.099910 0.151615 0.264663
v -0.228859 0.161970 0.249389
v 0.167057 0.151367 0.296592
v 0.402409 0.090098 -0.089310
vn -0.0590 0.8194 0.5702
vn 0.1109 0.7915 0.6010
vn 0.1958 0.8717 0.4493
vn 0.0480 0.9986 -0.0223
vn -0.0580 0.9796 -0.1924
vn 0.0172 0.9995 -0.0249
vn 0.0321 0.9910 0.1299
vn 0.0208 0.9993 -0.0298
vn -0.0889 0.9937 0.0681
vn 0.2322 0.9469 0.2223
vn 0.1077 0.9870 0.1193
vn 0.2050 0.9664 0.1554
vn 0.1730 0.9712 -0.1636
vn 0.5001 0.8645 -0.0499
vn -0.0558 0.9860 -0.1569
vn 0.1762 0.9657 0.1908
vn 0.1594 0.9864 0.0391
vn 0.2845 0.8967 -0.3391
vn 0.2260 0.5794 -0.7831
vn 0.0473 0.7297 -0.6821
vn 0.2067 0.7227 -0.6595
vn -0.6115 0.7691 0.1860
vn -0.4789 0.8724 0.0982
vn -0.6614 0.7380 0.1340
vn 0.0299 0.8666 -0.4981
vn 0.1581 0.8589 -0.4871
vn -0.0732 0.7433 -0.6650
vn 0.5797 0.7793 0.2380
vn 0.6334 0.7262 0.2673
vn 0.5230 0.7152 0.4636
vn -0.2643 0.9182 0.2951
vn 0.1192 0.9811 0.1525
vn -0.0478 0.9550 0.2929
vn -0.4933 0.8689 -0.0401
vn -0.1081 0.9938 0.0262
vn -0.3226 0.9370 -0.1341
vn 0.0772 -0.2992 0.9511
vn -0.2307 -0.3227 0.9179
vn -0.2452 0.0008 0.9695
vn 0.1076 -0.0145 -0.9941
vn 0.1085 -0.0153 -0.9940
vn 0.1081 -0.0121 -0.9941
vn 0.1046 -0.0052 -0.9945
vn 0.1166 -0.0044 -0.9932
vn 0.1049 -0.0059 -0.9945
vn 0.0298 -0.0910 -0.9954
vn 0.0838 -0.0515 -0.9952
vn 0.0779 -0.0586 -0.9952
vn 0.0981 -0.0404 -0.9944
vn 0.0758 -0.0261 -0.9968
vn 0.0684 -0.0068 -0.9976
vn 0.0794 -0.0439 -0.9959
vn 0.0694 -0.0370 -0.9969
vn 0.0432 -0.0217 -0.9988
vn -0.9895 -0.0147 -0.1435
vn -0.9862 -0.0694 -0.1506
vn -0.9881 -0.0525 -0.1444
vn 0.0967 -0.0139 -0.9952
vn 0.1071 -0.0128 -0.9942
vn 0.1019 -0.0039 -0.9948
vn -0.5548 0.5039 0.6620
vn -0.0799 0.9943 0.0707
vn -0.1185 0.9889 0.0901
vn -0.5182 0.7459 -0.4184
vn -0.7314 0.3275 -0.5982
vn -0.6569 0.7038 -0.2705
vn -0.5396 0.8414 -0.0287
vn -0.7744 0.4644 0.4297
vn -0.2970 0.9548 -0.0131
vn -0.9680 0.1014 0.2297
vn -0.8325 0.1551 -0.5318
vn -0.4716 0.3595 -0.8052
vn 0.3268 0.0966 -0.9401
vn 0.2705 0.0904 -0.9585
vn -0.0118 0.5227 -0.8524
vn -0.9556 -0.0149 -0.2942
vn -0.9865 -0.0790 -0.1432
vn -0.4495 0.0025 -0.8933
vn 0.4561 0.1828 -0.8710
vn 0.3793 0.4191 -0.8249
vn -0.0353 0.3438 -0.9384
vn -0.9937 -0.0018 -0.1124
vn -0.9941 -0.0224 -0.1058
vn -0.9946 0.0032 -0.1038
vn -0.9936 0.0185 -0.1117
vn -0.9933 0.0055 -0.1153
vn -0.9960 0.0133 -0.0880
vn -0.9935 0.0028 -0.1138
vn -0.9946 -0.0055 -0.1033
vn -0.9921 -0.0064 -0.1251
vn -0.9921 -0.0003 -0.1254
vn -0.9924 -0.0093 -0.1224
vn -0.9929 0.0008 -0.1189
vn -0.9938 -0.0130 -0.1102
vn -0.9939 -0.0115 -0.1094
vn -0.9934 -0.0057 -0.1147
vn -0.9964 -0.0032 -0.0845
vn -0.9942 0.0059 -0.1073
vn -0.9955 -0.0068 -0.0942
vn -0.9947 0.0010 -0.1030
vn -0.9950 -0.0009 -0.0995
vn -0.9944 -0.0036 -0.1055
vn -0.9934 -0.0036 -0.1149
vn -0.9943 0.0016 -0.1062
vn -0.9938 -0.0121 -0.1109
vn -0.9956 0.0238 -0.0909
vn -0.9961 0.0119 -0.0872
vn -0.9962 0.0077 -0.0868
vn -0.9930 0.0060 -0.1183
vn -0.9926 -0.0016 -0.1218
vn -0.9931 0.0009 -0.1175
vn -0.9959 -0.0250 -0.0875
vn -0.9962 -0.0272 -0.0832
vn -0.9958 -0.0236 -0.0888
vn -0.9924 -0.0132 -0.1221
vn -0.9927 -0.0187 -0.1192
vn -0.9929 -0.0080 -0.1188
vn -0.9883 0.0590 -0.1404
vn -0.9890 0.0655 -0.1326
vn -0.9880 0.0657 -0.1397
vn -0.9948 0.0345 -0.0962
vn -0.9942 0.0306 -0.1030
vn -0.9948 0.0341 -0.0957
vn -0.9949 0.0118 -0.1001
vn -0.9949 0.0129 -0.1004
vn -0.9952 0.0148 -0.0972
vn -0.9944 0.0229 -0.1029
vn -0.9952 0.0240 -0.0949
vn -0.9937 0.0217 -0.1095
vn -0.9926 -0.0274 -0.1186
vn -0.9925 -0.0321 -0.1179
vn -0.9931 -0.0241 -0.1151
vn -0.0179 -0.0544 -0.9984
vn 0.0584 -0.0380 -0.9976
vn -0.1176 -0.1061 -0.9874
vn -0.9953 0.0126 -0.0959
vn -0.9952 0.0173 -0.0962
vn -0.9952 0.0151 -0.0962
vn -0.8373 0.5067 0.2055
vn -0.9302 0.2471 0.2714
vn -0.6573 0.5930 -0.4651
vn -0.6879 0.1390 -0.7124
vn -0.1036 -0.1071 -0.9888
vn -0.7824 0.0794 -0.6176
vn -0.9791 0.0738 -0.1895
vn -0.9912 0.0132 -0.1319
vn -0.9899 0.0044 -0.1418
vn -0.9750 0.0297 -0.2203
vn -0.9893 0.0045 -0.1459
vn -0.9914 -0.0011 -0.1308
vn -0.9953 -0.0042 -0.0965
vn -0.9955 -0.0035 -0.0947
vn -0.9950 -0.0021 -0.0995
vn -0.9932 0.0159 -0.1157
vn -0.9935 0.0116 -0.1130
vn -0.9931 0.0130 -0.1167
vn -0.9962 0.0188 -0.0856
vn -0.9943 0.0228 -0.1044
vn -0.9945 0.0281 -0.1004
vn -0.9945 0.0072 -0.1046
vn -0.9937 -0.0068 -0.1123
vn -0.9942 -0.0023 -0.1077
vn -0.9887 0.0021 -0.1501
vn -0.9917 -0.0055 -0.1282
vn -0.9908 0.0028 -0.1350
vn -0.0002 -0.0170 -0.9999
vn 0.1078 -0.0150 -0.9941
vn 0.1146 -0.0266 -0.9931
vn 0.6754 -0.2281 -0.7012
vn 0.2097 0.0130 -0.9777
vn 0.3014 0.6495 -0.6981
vn -0.9921 0.0070 -0.1253
vn -0.9931 0.0107 -0.1170
vn -0.9933 0.0112 -0.1154
vn -0.9960 0.0386 -0.0803
vn -0.9929 0.1083 0.0495
vn -0.9963 0.0421 -0.0750
vn -0.9951 0.0088 -0.0986
vn -0.9952 0.0029 -0.0981
vn -0.9950 -0.0127 -0.0990
vn 0.1196 -0.0340 -0.9922
vn 0.1076 -0.0163 -0.9941
vn 0.1008 -0.0047 -0.9949
vn -0.9965 -0.0319 -0.0769
vn -0.9954 -0.0381 -0.0879
vn -0.9970 -0.0770 0.0085
vn -0.9912 0.0457 -0.1241
vn -0.9930 0.0276 -0.1146
vn -0.9858 0.1497 -0.0757
vn -0.9900 0.0268 -0.1388
vn -0.9932 0.0191 -0.1148
vn -0.9911 0.0102 -0.1325
vn 0.1021 0.0168 -0.9946
vn 0.1008 0.0158 -0.9948
vn 0.1129 0.0176 -0.9934
vn 0.1008 -0.0001 -0.9949
vn 0.0935 -0.0142 -0.9955
vn 0.0997 -0.0029 -0.9950
vn 0.1037 -0.0071 -0.9946
vn 0.1031 -0.0040 -0.9947
vn 0.1057 -0.0058 -0.9944
vn -0.5238 0.6366 -0.5660
vn -0.4487 0.7763 -0.4428
vn -0.0956 0.9783 -0.1837
vn 0.1730 0.3358 -0.9259
vn 0.2192 -0.0711 -0.9731
vn 0.1369 -0.1966 -0.9709
vn 0.0914 0.0030 -0.9958
vn 0.0853 0.0051 -0.9963
vn 0.0907 0.0027 -0.9959
vn -0.1846 -0.0810 -0.9795
vn -0.2921 0.5292 -0.7966
vn 0.0749 -0.1733 -0.9820
vn 0.1167 -0.0267 -0.9928
vn 0.1169 -0.0155 -0.9930
vn 0.1105 -0.0076 -0.9939
vn 0.0395 -0.0063 -0.9992
vn 0.0407 0.0194 -0.9990
vn 0.0323 -0.0116 -0.9994
vn -0.9890 0.0373 -0.1429
vn -0.9910 -0.0178 -0.1324
vn -0.9992 -0.0383 -0.0077
vn -0.6864 0.5411 -0.4858
vn -0.6261 -0.1146 -0.7713
vn -0.5027 0.6895 0.5214
vn 0.0933 -0.0146 -0.9955
vn 0.0976 -0.0179 -0.9951
vn 0.0923 -0.0183 -0.9956
vn 0.7013 -0.5801 -0.4143
vn -0.1635 0.2126 -0.9634
vn 0.3377 -0.9325 -0.1280
vn 0.0317 -0.0850 -0.9959
vn 0.0898 -0.2255 -0.9701
vn 0.1454 -0.1954 -0.9699
vn -0.9941 0.0209 -0.1063
vn -0.9940 0.0962 -0.0521
vn -0.9968 0.0784 0.0122
vn -0.4872 -0.1604 -0.8584
vn -0.4679 -0.1359 -0.8733
vn -0.6346 -0.2606 -0.7275
vn 0.1113 -0.0150 -0.9937
vn 0.1022 -0.0284 -0.9944
vn 0.1055 -0.0184 -0.9943
vn 0.1178 0.1246 -0.9852
vn 0.1156 0.1089 -0.9873
vn 0.2317 0.2066 -0.9506
vn 0.0748 -0.1448 -0.9866
vn 0.0826 -0.1482 -0.9855
vn 0.0877 -0.1720 -0.9812
vn 0.1115 -0.0124 -0.9937
vn 0.1088 -0.0114 -0.9940
vn 0.1073 -0.0104 -0.9942
vn 0.0090 -0.1144 -0.9934
vn 0.0123 -0.0946 -0.9954
vn 0.0204 -0.0857 -0.9961
vn 0.0124 0.9805 -0.1960
vn 0.1063 0.9586 -0.2642
vn 0.1779 0.9725 -0.1504
vn 0.5288 0.8370 -0.1405
vn 0.3918 0.9151 -0.0957
vn 0.7480 0.5322 -0.3965
vn -0.1754 0.9845 -0.0032
vn -0.1519 0.9725 -0.1763
vn 0.0111 0.9965 -0.0831
vn 0.6507 0.7373 -0.1819
vn 0.5747 0.8126 -0.0972
vn 0.5776 0.8101 -0.1002
vn 0.1156 0.9715 0.2070
vn 0.1477 0.9766 0.1562
vn 0.1173 0.9870 0.1102
vn 0.0986 0.9885 0.1145
vn 0.0809 0.9615 -0.2625
vn 0.0640 0.9631 -0.2612
vn -0.2357 0.9526 -0.1921
vn -0.3173 0.9025 -0.2913
vn -0.0123 0.9993 -0.0365
vn 0.3308 0.8942 -0.3015
vn 0.1724 0.9812 -0.0862
vn 0.4363 0.8930 -0.1104
vn 0.2116 0.9763 0.0444
vn -0.1344 0.9798 0.1478
vn -0.0651 0.9893 0.1308
vn 0.0987 -0.0258 -0.9948
vn 0.1115 -0.0177 -0.9936
vn 0.1161 -0.0607 -0.9914
vn 0.1704 0.9515 0.2563
vn 0.1503 0.9760 0.1578
vn 0.0619 0.9970 0.0462
vn 0.3399 0.1860 0.9219
vn 0.2995 0.2610 0.9177
vn 0.4109 0.3026 0.8600
vn 0.2598 0.9400 -0.2211
vn 0.1213 0.9559 0.2676
vn 0.5511 0.8204 0.1527
vn 0.2752 0.8422 -0.4637
vn 0.1295 0.4587 -0.8791
vn 0.0692 0.3666 -0.9278
vn 0.8136 -0.2008 -0.5457
vn 0.8477 -0.1325 -0.5137
vn 0.8121 -0.1917 -0.5511
vn 0.9923 0.0408 0.1172
vn 0.9960 0.0486 0.0755
vn 0.9228 0.3434 0.1746
vn 0.4801 0.5425 -0.6894
vn -0.0713 0.2708 -0.9600
vn -0.0557 0.2697 -0.9613
vn -0.8028 0.3580 0.4768
vn -0.6789 0.4691 0.5648
vn -0.7271 0.4369 0.5295
vn -0.3940 -0.0468 -0.9179
vn -0.4790 0.1924 -0.8565
vn -0.4451 0.0254 -0.8951
vn -0.8662 0.1678 -0.4707
vn -0.8767 0.0868 -0.4732
vn -0.9416 -0.0032 -0.3367
vn -0.9606 -0.2425 0.1358
vn -0.9548 -0.2892 0.0691
vn -0.9595 -0.2707 0.0783
vn 0.7701 -0.0142 -0.6378
vn 0.7404 0.1240 -0.6606
vn 0.9000 -0.0289 -0.4350
vn -0.1139 0.1895 0.9752
vn -0.1008 0.2351 0.9667
vn -0.2211 0.2092 0.9525
vn -0.8859 0.0278 0.4630
vn -0.8877 -0.0124 0.4602
vn -0.8561 -0.0313 0.5159
vn 0.3658 -0.2335 -0.9009
vn 0.3312 -0.4276 -0.8411
vn 0.2613 -0.4692 -0.8436
vn 0.2211 -0.3927 -0.8927
vn 0.1627 -0.5372 -0.8276
vn 0.1531 -0.3752 -0.9142
vn 0.4223 -0.1228 -0.8981
vn 0.6124 -0.0424 -0.7894
vn 0.5532 -0.0954 -0.8276
vn -0.3504 -0.2894 -0.8908
vn -0.3779 -0.1895 -0.9062
vn -0.4033 -0.1341 -0.9052
vn 0.9247 -0.0921 -0.3693
vn 0.9029 -0.1399 -0.4065
vn 0.7599 -0.1333 -0.6362
vn 0.4137 -0.4064 -0.8147
vn 0.3826 -0.3663 -0.8482
vn 0.3821 -0.4172 -0.8246
vn 0.0876 0.0879 -0.9923
vn 0.0812 0.0931 -0.9923
vn 0.0715 0.0764 -0.9945
vn 0.1000 0.0147 -0.9949
vn 0.1018 0.0046 -0.9948
vn 0.1037 0.0133 -0.9945
vn 0.1296 0.0161 -0.9914
vn 0.1227 0.0147 -0.9923
vn 0.1250 0.0101 -0.9921
vn -0.9973 0.0069 -0.0726
vn -0.9973 -0.0210 -0.0706
vn -0.9882 0.0118 -0.1528
vn -0.9669 -0.0594 -0.2480
vn -0.9571 0.0111 -0.2895
vn -0.7631 0.2503 -0.5958
vn -0.1254 0.9413 -0.3133
vn -0.3456 0.8147 -0.4656
vn -0.5850 0.7616 0.2787
vn 0.0775 -0.0311 -0.9965
vn 0.1357 -0.0477 -0.9896
vn 0.2239 -0.0567 -0.9730
vn 0.3097 -0.0820 -0.9473
vn 0.3235 -0.0282 -0.9458
vn 0.3193 -0.0509 -0.9463
vn 0.3559 -0.0415 -0.9336
vn 0.5077 -0.4827 -0.7136
vn 0.3623 0.0278 -0.9317
vn 0.2405 -0.0402 -0.9698
vn 0.2295 -0.0775 -0.9702
vn 0.2286 -0.0622 -0.9715
vn 0.6944 0.3640 -0.6207
vn 0.6935 0.1345 -0.7078
vn 0.6328 0.3671 -0.6817
vn 0.1385 0.0809 -0.9871
vn 0.1916 0.0723 -0.9788
vn 0.1819 0.1175 -0.9763
vn 0.6019 -0.0852 -0.7940
vn 0.6603 -0.0736 -0.7474
vn 0.5006 -0.1076 -0.8590
vn 0.9959 0.0906 0.0003
vn 0.9806 -0.1182 0.1565
vn 0.9928 -0.0348 0.1144
vn 0.9716 0.0421 -0.2329
vn 0.9905 -0.0054 -0.1374
vn 0.9743 -0.0262 -0.2236
vn -0.0250 0.9515 -0.3068
vn -0.0060 0.9813 -0.1923
vn -0.0899 0.9869 -0.1343
vn -0.1194 0.9657 0.2306
vn -0.1719 0.9730 0.1540
vn -0.0902 0.9654 0.2448
vn 0.5298 0.0052 -0.8481
vn 0.5998 -0.0302 -0.7996
vn 0.5888 -0.0375 -0.8074
vn 0.1802 0.9661 0.1851
vn -0.1648 0.9771 0.1347
vn 0.1686 0.9628 0.2109
vn 0.9964 0.0839 -0.0086
vn 0.9473 0.0931 -0.3065
vn 0.9134 0.1806 -0.3648
vn 0.0024 0.9982 0.0597
vn -0.0187 0.9969 -0.0765
vn -0.0328 0.9978 0.0569
vn 0.0418 0.9536 -0.2982
vn 0.1834 0.9830 -0.0009
vn 0.2647 0.9590 -0.1010
vn -0.2252 0.9651 -0.1338
vn -0.4008 0.7423 -0.5370
vn -0.7270 0.6230 -0.2886
vn -0.6121 0.2051 0.7637
vn -0.9737 0.1868 -0.1302
vn -0.7967 0.2013 0.5699
vn 0.5016 0.8592 -0.1007
vn -0.0126 0.9693 -0.2456
vn 0.1599 0.9396 -0.3026
vn 0.1046 0.6639 -0.7405
vn 0.0102 0.9155 -0.4021
vn 0.2594 0.2150 -0.9415
vn -0.1656 0.9837 0.0708
vn -0.1992 0.9712 0.1305
vn -0.3186 0.9432 -0.0939
vn 0.0828 0.9932 -0.0816
vn -0.2334 0.9248 -0.3003
vn -0.1714 0.9837 0.0546
vn 0.2888 0.9442 0.1581
vn -0.1073 0.9941 0.0167
vn -0.0461 0.9961 0.0752
vn 0.4526 0.2816 -0.8461
vn 0.3878 0.4091 -0.8260
vn 0.2700 0.3739 -0.8873
vn -0.3553 0.9338 -0.0418
vn -0.5153 0.8523 0.0895
vn -0.4227 0.9061 0.0194
vn 0.2537 0.9026 -0.3478
vn 0.1795 0.8756 -0.4484
vn 0.0527 0.9154 -0.3991
vn -0.4965 0.7913 -0.3568
vn -0.5361 0.8079 -0.2449
vn -0.5145 0.8151 -0.2663
vn 0.3531 0.1023 -0.9300
vn 0.4418 -0.0100 -0.8970
vn 0.3312 0.0279 -0.9431
vn 0.3942 0.0665 -0.9166
vn -0.2983 0.5600 -0.7729
vn 0.2644 0.3554 -0.8965
vn 0.4070 -0.0588 -0.9115
vn 0.3679 -0.0509 -0.9285
vn 0.4081 -0.0097 -0.9129
vn 0.9844 -0.0938 -0.1486
vn 0.9854 -0.1299 -0.1099
vn 0.9845 -0.1225 -0.1257
vn -0.2166 0.9749 -0.0511
vn -0.1362 0.9835 0.1194
vn -0.2319 0.9660 0.1144
vn 0.0377 0.9764 0.2128
vn 0.0375 0.9980 0.0507
vn 0.0063 0.9756 0.2194
vn -0.3679 0.9277 -0.0628
vn -0.1891 0.9694 -0.1564
vn -0.3176 0.9482 0.0034
vn -0.4076 0.9010 -0.1487
vn -0.0073 0.9999 0.0147
vn -0.0546 0.9209 -0.3859
vn 0.0107 0.9218 -0.3875
vn 0.1347 0.9633 -0.2320
vn 0.1060 0.9936 -0.0395
vn -0.9469 0.1754 0.2696
vn -0.9041 -0.1491 -0.4004
vn -0.9480 -0.3183 -0.0071
vn 0.2435 0.9410 0.2350
vn 0.3106 0.8952 0.3196
vn 0.0175 0.8839 0.4673
vn 0.0468 -0.1957 -0.9795
vn 0.1060 -0.3151 -0.9431
vn 0.0730 -0.2285 -0.9708
vn 0.0691 0.1587 -0.9849
vn 0.1532 0.0484 -0.9870
vn 0.1227 0.0999 -0.9874
vn -0.2773 0.8929 0.3546
vn -0.2898 0.8417 0.4555
vn -0.1447 0.9570 0.2513
vn 0.3377 -0.0351 -0.9406
vn 0.3445 -0.0249 -0.9385
vn 0.2826 -0.0450 -0.9582
vn 0.6511 0.0505 -0.7573
vn 0.6054 -0.0207 -0.7956
vn 0.5440 0.0317 -0.8385
vn 0.3985 -0.4110 -0.8199
vn 0.3985 -0.3438 -0.8503
vn 0.4051 -0.2684 -0.8740
vn 0.0394 -0.0575 -0.9976
vn -0.0414 0.0523 -0.9978
vn 0.0539 -0.0489 -0.9973
vn -0.0186 0.3520 -0.9358
vn -0.1732 0.4000 -0.9000
vn -0.6422 0.3973 -0.6555
vn 0.0030 0.9928 -0.1199
vn 0.1166 0.9800 -0.1614
vn -0.6179 0.5499 -0.5620
vn 0.4958 0.5016 -0.7089
vn 0.4611 0.5732 -0.6773
vn 0.4999 0.4937 -0.7116
vn 0.0823 0.1528 -0.9848
vn 0.0271 0.1494 -0.9884
vn -0.0093 0.1528 -0.9882
vn 0.9130 -0.2744 -0.3020
vn 0.9185 -0.2179 -0.3299
vn 0.9402 -0.2638 -0.2156
vn 0.4754 -0.0466 -0.8785
vn 0.3861 -0.1179 -0.9149
vn 0.4073 0.0415 -0.9123
vn 0.6067 0.0555 -0.7930
vn 0.6258 -0.0555 -0.7780
vn 0.5507 0.0317 -0.8341
vn 0.9945 -0.0651 -0.0817
vn 0.9851 -0.0281 0.1697
vn 0.9963 -0.0794 0.0324
vn 0.6397 0.3683 -0.6746
vn 0.5363 0.3469 -0.7695
vn 0.5396 0.3007 -0.7864
vn 0.6428 -0.0787 -0.7620
vn 0.5986 -0.0353 -0.8003
vn 0.6006 -0.0309 -0.7989
vn 0.7093 0.4374 -0.5528
vn 0.7169 0.4373 -0.5430
vn 0.6703 0.5482 -0.5002
vn 0.0093 0.9689 -0.2471
vn -0.0307 0.9924 -0.1192
vn 0.1654 0.9689 -0.1838
vn 0.9405 0.1687 -0.2949
vn 0.9157 -0.2189 -0.3370
vn 0.9219 0.1470 -0.3585
vn 0.5703 0.1641 0.8049
vn 0.6304 0.1708 0.7573
vn 0.7310 0.2513 0.6344
vn 0.9528 0.1169 0.2803
vn 0.9596 0.1129 0.2577
vn 0.9473 0.1418 0.2873
vn 0.9117 0.2638 0.3149
vn 0.8873 0.3077 0.3437
vn 0.7483 0.3489 0.5643
vn 0.9085 0.0607 0.4134
vn 0.8485 0.0467 0.5271
vn 0.9010 0.0768 0.4269
vn 0.9331 0.2298 0.2765
vn 0.9237 0.2481 0.2921
vn 0.9351 0.2186 0.2790
vn 0.9475 0.2803 -0.1536
vn 0.9546 0.2622 -0.1412
vn 0.9374 0.2906 -0.1918
vn 0.8327 0.3671 0.4146
vn 0.8983 0.3584 0.2544
vn 0.8883 0.3635 0.2807
vn 0.6627 0.1658 0.7304
vn 0.6500 0.1289 0.7489
vn 0.7417 0.2954 0.6022
vn 0.9350 0.1468 -0.3229
vn 0.9021 0.3307 -0.2772
vn 0.9121 0.3367 -0.2337
vn 0.8251 0.1693 -0.5390
vn 0.8531 0.1761 -0.4912
vn 0.9136 0.1240 -0.3872
vn 0.9519 0.2618 0.1592
vn 0.9693 0.1829 0.1645
vn 0.9793 0.1367 -0.1496
vn 0.9185 0.3219 0.2297
vn 0.8851 0.2949 0.3601
vn 0.8880 0.2826 0.3627
vn 0.9603 0.1829 0.2107
vn 0.9232 0.3396 0.1801
vn 0.9433 0.1190 0.3100
vn 0.9413 -0.2296 0.2475
vn 0.8427 -0.4336 0.3190
vn 0.9912 -0.1082 0.0761
vn 0.8239 0.3952 0.4062
vn 0.7392 0.1911 0.6457
vn 0.8165 0.2969 0.4952
vn 0.8240 -0.0361 0.5654
vn 0.8272 -0.0322 0.5610
vn 0.7979 -0.0166 0.6026
vn 0.9794 0.0632 0.1916
vn 0.9970 0.0565 -0.0526
vn 0.9980 0.0546 -0.0306
vn 0.9669 0.1799 0.1808
vn 0.9694 0.1770 0.1703
vn 0.9608 0.2066 0.1847
vn 0.9954 0.0731 -0.0627
vn 0.9965 0.0622 -0.0562
vn 0.9919 0.0857 -0.0940
vn 0.9950 0.0893 -0.0449
vn 0.9962 0.0832 -0.0244
vn 0.9950 0.0897 -0.0442
vn 0.9970 0.0684 -0.0369
vn 0.9972 0.0726 -0.0172
vn 0.9950 0.0884 -0.0456
vn 0.8426 0.0674 0.5343
vn 0.9311 0.2640 0.2517
vn 0.8995 0.1519 0.4097
vn 0.8793 0.4761 0.0135
vn 0.8996 0.4364 -0.0141
vn 0.8803 0.4653 -0.0924
vn 0.9961 0.0876 0.0040
vn 0.9946 0.0956 -0.0396
vn 0.9961 0.0719 -0.0505
vn 0.3894 0.5922 -0.7054
vn 0.3471 0.7301 -0.5886
vn 0.4371 0.4753 -0.7636
vn 0.9660 0.2073 0.1544
vn 0.9563 0.2399 0.1674
vn 0.9250 0.2121 0.3152
vn 0.9804 0.1957 -0.0246
vn 0.9322 0.3096 -0.1875
vn 0.9667 0.2547 -0.0240
vn 0.7077 0.5248 0.4730
vn 0.7418 0.5058 0.4403
vn 0.7474 0.5122 0.4231
vn 0.7427 0.0230 0.6693
vn 0.7356 0.0126 0.6773
vn 0.7704 0.0232 0.6371
vn -0.2138 0.3512 0.9115
vn -0.1871 0.6164 0.7648
vn -0.1739 0.4446 0.8787
vn 0.8195 0.4949 -0.2889
vn 0.9423 0.2337 -0.2396
vn 0.9250 0.3301 -0.1880
vn 0.5185 0.2795 -0.8081
vn 0.4465 0.2603 -0.8561
vn 0.5687 0.3697 -0.7348
vn -0.3083 0.8379 -0.4505
vn -0.2349 0.8642 -0.4450
vn -0.2630 0.8301 -0.4917
vn -0.2557 0.9667 -0.0092
vn -0.2384 0.9661 0.0990
vn -0.1047 0.9926 0.0614
vn -0.1297 0.9898 -0.0594
vn -0.0239 0.9962 -0.0833
vn -0.1112 0.9924 -0.0534
vn -0.0702 0.9975 -0.0107
vn -0.0259 0.9993 -0.0266
vn 0.0031 0.9994 -0.0335
vn 0.0499 0.9911 0.1234
vn 0.0719 0.9896 0.1245
vn 0.0563 0.9808 0.1867
vn -0.0555 0.9964 -0.0635
vn -0.0865 0.9946 -0.0566
vn -0.0613 0.9979 -0.0223
vn 0.1102 0.9928 0.0472
vn 0.0529 0.9986 -0.0074
vn -0.0353 0.9994 -0.0014
vn -0.0367 0.9992 -0.0135
vn -0.0312 0.9995 -0.0101
vn -0.0910 0.9949 0.0443
vn -0.0744 0.9969 -0.0243
vn -0.2579 0.9661 -0.0136
vn -0.1432 0.9850 0.0964
vn -0.2347 0.0421 -0.9712
vn -0.1464 -0.0326 -0.9887
vn -0.2404 -0.0261 -0.9703
vn -0.2002 0.7775 0.5961
vn -0.1215 0.7948 0.5945
vn -0.1823 0.8191 0.5439
vn -0.2725 0.8267 -0.4922
vn -0.2758 0.8567 -0.4358
vn -0.2481 0.8478 -0.4687
vn -0.5283 0.8035 -0.2742
vn -0.4445 0.8487 -0.2865
vn -0.4967 0.7910 -0.3572
vn -0.2048 0.8962 -0.3934
vn -0.3744 0.8173 -0.4380
vn -0.2411 0.9000 -0.3632
vn -0.6725 0.2017 -0.7121
vn -0.6897 0.2687 -0.6724
vn -0.6603 0.2698 -0.7008
vn -0.1391 0.0452 -0.9892
vn -0.1088 -0.0147 -0.9940
vn -0.0879 0.0719 -0.9935
vn -0.6307 0.3216 -0.7063
vn -0.7352 0.3060 -0.6048
vn -0.6506 0.3867 -0.6536
vn -0.6248 0.3944 -0.6738
vn -0.6635 0.3872 -0.6401
vn -0.6171 0.4174 -0.6670
vn -0.5904 0.3582 -0.7232
vn -0.6778 0.2977 -0.6723
vn -0.5931 0.3583 -0.7210
vn -0.6744 0.4846 -0.5571
vn -0.7259 0.4281 -0.5383
vn -0.6953 0.4828 -0.5325
vn -0.6511 0.4054 -0.6417
vn -0.6305 0.3725 -0.6810
vn -0.6817 0.3299 -0.6530
vn -0.6632 0.3035 -0.6841
vn -0.6721 0.3615 -0.6462
vn -0.7221 0.4171 -0.5519
vn -0.3068 0.8469 -0.4343
vn -0.2941 0.8252 -0.4823
vn -0.2820 0.8434 -0.4574
vn 0.0028 0.9999 -0.0126
vn -0.0348 0.9993 -0.0099
vn -0.1368 0.9906 0.0037
vn 0.0901 0.9837 0.1557
vn 0.0854 0.9872 0.1349
vn 0.1327 0.9643 0.2291
vn -0.1907 0.6036 -0.7742
vn -0.1715 0.6955 -0.6978
vn -0.1483 0.7021 -0.6965
vn -0.3492 0.5781 -0.7375
vn -0.3583 0.5801 -0.7315
vn -0.2889 0.5564 -0.7791
vn -0.3446 0.5225 -0.7799
vn -0.4330 0.5275 -0.7309
vn -0.4031 0.5390 -0.7396
vn -0.4546 0.6599 -0.5983
vn -0.4729 0.6620 -0.5815
vn -0.4547 0.7243 -0.5184
vn -0.1918 0.9649 -0.1791
vn -0.2477 0.9563 -0.1553
vn -0.1319 0.9769 -0.1679
vn -0.1199 0.9767 -0.1778
vn -0.0835 0.9936 -0.0763
vn -0.1148 0.9692 -0.2177
vn -0.7433 0.4595 -0.4862
vn -0.7720 0.3857 -0.5052
vn -0.7633 0.4082 -0.5008
vn -0.7248 0.4359 -0.5336
vn -0.7345 0.3902 -0.5552
vn -0.7150 0.4640 -0.5229
vn -0.6405 0.6178 -0.4561
vn -0.6605 0.5938 -0.4594
vn -0.6287 0.6627 -0.4069
vn -0.6850 0.3193 -0.6548
vn -0.6880 0.3675 -0.6258
vn -0.6386 0.4095 -0.6515
vn -0.1236 0.9854 -0.1167
vn -0.0996 0.9892 -0.1077
vn -0.1140 0.9906 -0.0757
vn -0.3427 0.8051 -0.4840
vn -0.3568 0.8058 -0.4725
vn -0.3238 0.7991 -0.5066
vn -0.0951 0.9953 -0.0195
vn -0.1447 0.9891 0.0288
vn -0.1102 0.9929 -0.0440
vn -0.3539 0.6342 -0.6874
vn -0.3434 0.7465 -0.5699
vn -0.3641 0.6885 -0.6272
vn -0.2339 0.9059 -0.3530
vn -0.2403 0.9209 -0.3068
vn -0.1917 0.9094 -0.3691
vn -0.1212 0.9871 -0.1051
vn -0.1464 0.9840 -0.1011
vn -0.1892 0.9731 -0.1317
vn -0.4373 0.8944 -0.0940
vn -0.4200 0.9045 -0.0745
vn -0.4993 0.8631 -0.0758
vn -0.3220 0.8403 -0.4361
vn -0.3677 0.7506 -0.5490
vn -0.3604 0.8019 -0.4765
vn -0.5962 0.8015 0.0455
vn -0.6941 0.6571 0.2938
vn -0.4834 0.8745 -0.0404
vn -0.1117 0.9657 -0.2346
vn -0.0636 0.9934 -0.0953
vn -0.0890 0.9794 -0.1812
vn 0.2342 0.9698 0.0686
vn 0.2137 0.9768 0.0163
vn 0.2052 0.9780 0.0382
vn -0.0272 0.8335 0.5519
vn 0.0990 0.8441 0.5270
vn -0.0098 0.8336 0.5523
vn -0.0525 0.9966 -0.0642
vn -0.0494 0.9984 -0.0289
vn 0.0079 0.9926 -0.1212
vn 0.0646 0.9925 -0.1039
vn 0.0758 0.9931 -0.0896
vn 0.0665 0.9903 -0.1222
vn 0.0851 0.9936 -0.0747
vn 0.0230 0.9947 -0.0999
vn -0.0133 0.9965 -0.0829
vn -0.3133 0.7844 -0.5353
vn -0.3064 0.8067 -0.5053
vn -0.3448 0.7524 -0.5613
vn -0.0879 0.7778 -0.6224
vn -0.0896 0.7745 -0.6262
vn -0.1534 0.8017 -0.5778
vn -0.9952 0.0978 0.0101
vn -0.9955 0.0937 0.0136
vn -0.9970 0.0765 -0.0137
vn 0.0456 -0.1073 -0.9932
vn 0.0570 -0.1070 -0.9926
vn 0.0219 -0.1326 -0.9909
vn -0.2769 -0.2743 -0.9209
vn -0.3741 -0.0406 -0.9265
vn -0.3178 -0.0037 -0.9481
vn -0.6780 0.6352 -0.3699
vn -0.5967 0.6511 -0.4691
vn -0.6181 0.6126 -0.4927
vn -0.5003 0.8516 -0.1565
vn -0.3572 0.9340 0.0042
vn -0.3664 0.9175 -0.1544
vn -0.6624 0.7269 0.1814
vn -0.6358 0.7462 0.1972
vn -0.6571 0.7322 0.1793
vn -0.4775 0.8759 0.0696
vn -0.5112 0.8580 0.0509
vn -0.4985 0.8631 0.0814
vn -0.3968 0.4568 -0.7962
vn -0.3926 0.4738 -0.7883
vn -0.3191 0.5269 -0.7878
vn -0.5802 0.6128 -0.5365
vn -0.6095 0.6420 -0.4651
vn -0.5364 0.7189 -0.4420
vn 0.1466 0.9869 -0.0680
vn 0.1137 0.9929 -0.0346
vn 0.1496 0.9821 -0.1147
vn -0.1111 0.9721 0.2064
vn 0.0873 0.9896 0.1141
vn -0.0419 0.9977 0.0534
vn -0.7831 0.4142 -0.4639
vn -0.8049 0.4326 -0.4061
vn -0.7877 0.3796 -0.4852
vn -0.4850 0.4884 -0.7254
vn -0.3799 0.6480 -0.6601
vn -0.3539 0.5551 -0.7527
vn -0.6230 0.6496 -0.4359
vn -0.5103 0.6742 -0.5339
vn -0.6427 0.5458 -0.5375
vn -0.1913 0.9687 -0.1584
vn -0.1336 0.9770 -0.1660
vn -0.1550 0.9827 -0.1010
vn -0.1294 0.7885 -0.6012
vn -0.0913 0.7901 -0.6061
vn -0.1113 0.7651 -0.6342
vn 0.0848 0.7320 -0.6760
vn -0.0671 0.7601 -0.6463
vn -0.0069 0.7572 -0.6531
vn 0.0941 0.7722 0.6284
vn 0.0543 0.6832 0.7282
vn 0.0270 0.8901 0.4550
vn -0.3428 0.2331 -0.9100
vn -0.3097 0.2318 -0.9222
vn -0.3090 0.1938 -0.9311
vn -0.0538 0.7436 -0.6665
vn -0.0438 0.7445 -0.6662
vn 0.0489 0.7533 -0.6559
vn 0.3764 0.7228 -0.5795
vn 0.4710 0.6791 -0.5630
vn 0.3474 0.7294 -0.5893
vn 0.4917 0.6953 -0.5242
vn 0.4885 0.6888 -0.5357
vn 0.5212 0.6592 -0.5420
vn -0.1528 0.3073 -0.9393
vn 0.1151 0.6160 -0.7793
vn 0.0847 0.4340 -0.8969
vn -0.3662 0.0830 -0.9268
vn -0.4022 0.1796 -0.8978
vn -0.3385 0.2446 -0.9086
vn -0.1813 0.8573 -0.4819
vn -0.1806 0.8682 -0.4621
vn -0.1928 0.8659 -0.4616
vn 0.3255 0.7403 -0.5883
vn 0.2796 0.6595 -0.6978
vn 0.3620 0.7225 -0.5891
vn -0.5593 0.7137 -0.4217
vn -0.5142 0.7567 -0.4037
vn -0.4769 0.8071 -0.3481
vn -0.9737 0.1824 0.1368
vn -0.8908 0.3380 0.3037
vn -0.9059 0.1399 0.3998
vn -0.5190 0.3184 -0.7933
vn -0.5079 0.3394 -0.7917
vn -0.4758 0.3542 -0.8051
vn -0.3586 0.5034 -0.7861
vn -0.3544 0.6411 -0.6807
vn -0.3899 0.4394 -0.8093
vn 0.1330 0.0197 -0.9909
vn 0.1119 0.0293 -0.9933
vn 0.1060 0.0069 -0.9943
vn 0.2152 0.0827 -0.9731
vn 0.2000 -0.0103 -0.9797
vn 0.2072 0.2523 -0.9452
vn -0.0806 0.5956 -0.7992
vn 0.1358 0.7572 -0.6389
vn 0.1667 -0.0134 -0.9859
vn 0.0731 -0.0860 -0.9936
vn 0.0803 -0.0783 -0.9937
vn 0.0900 -0.0235 -0.9957
vn 0.2405 0.3998 -0.8845
vn 0.1976 0.4229 -0.8844
vn 0.1359 0.4639 -0.8754
vn 0.0493 0.0443 -0.9978
vn 0.0507 0.0584 -0.9970
vn 0.0394 0.0630 -0.9972
vn 0.8043 0.4019 0.4376
vn 0.8206 0.3658 0.4392
vn 0.9556 -0.1068 0.2745
vn -0.1227 -0.0079 -0.9924
vn -0.1130 -0.0331 -0.9930
vn -0.0960 -0.0128 -0.9953
vn 0.9405 0.3166 -0.1233
vn 0.9221 0.2953 -0.2501
vn 0.9103 0.2933 -0.2922
vn 0.9682 0.0637 0.2420
vn 0.9765 0.0648 0.2053
vn 0.9801 0.0183 0.1978
vn 0.8793 -0.0605 0.4724
vn 0.8406 -0.0855 0.5349
vn 0.8707 -0.1689 0.4620
vn -0.1041 0.9937 0.0407
vn -0.1048 0.9906 0.0883
vn -0.1921 0.9795 -0.0610
vn 0.9822 0.1751 -0.0679
vn 0.9527 0.2461 -0.1783
vn 0.9702 0.2103 -0.1207
vn 0.9757 0.2121 -0.0548
vn 0.9378 0.2326 0.2576
vn 0.9953 -0.0382 0.0888
vn 0.0942 -0.0144 -0.9955
vn 0.1190 -0.0520 -0.9915
vn 0.0769 -0.0265 -0.9967
vn 0.8533 0.3997 -0.3348
vn 0.8635 0.3986 -0.3090
vn 0.8777 0.2947 -0.3779
vn 0.9313 0.0864 0.3538
vn 0.9452 0.1248 0.3015
vn 0.9215 0.1487 0.3587
vn 0.2964 0.5734 -0.7638
vn 0.2794 0.5622 -0.7784
vn 0.4021 0.6352 -0.6594
vn 0.9329 0.0834 0.3504
vn 0.9307 0.1173 0.3465
vn 0.9498 0.0858 0.3008
vn 0.9239 0.3606 -0.1277
vn 0.8875 0.3750 -0.2679
vn 0.8914 0.4305 -0.1417
vn 0.8369 -0.0990 0.5383
vn 0.8467 -0.1844 0.4992
vn 0.8582 -0.1852 0.4786
vn 0.0819 -0.0532 -0.9952
vn 0.0673 -0.0640 -0.9957
vn -0.0477 -0.0448 -0.9979
vn 0.1307 0.0091 -0.9914
vn 0.0983 0.0138 -0.9951
vn 0.1298 0.0124 -0.9915
vn 0.9669 0.2362 0.0970
vn 0.7581 0.3661 0.5397
vn 0.9513 0.2642 0.1585
vn 0.0758 -0.0091 -0.9971
vn 0.0779 0.0024 -0.9970
vn 0.0780 -0.0231 -0.9967
vn 0.0120 -0.1031 -0.9946
vn 0.0026 -0.0539 -0.9985
vn 0.0185 -0.0556 -0.9983
vn 0.8855 0.4386 0.1531
vn 0.8703 0.3908 0.2998
vn 0.9344 0.3562 0.0041
vn 0.9167 -0.0377 0.3978
vn 0.9366 -0.0270 0.3495
vn 0.9692 -0.0828 0.2320
vn 0.9299 0.3673 0.0203
vn 0.9197 0.3755 -0.1143
vn 0.9069 0.4085 0.1037
vn 0.8581 0.1504 -0.4910
vn 0.7595 0.2504 -0.6004
vn 0.7497 0.2906 -0.5945
vn 0.7688 0.0586 0.6368
vn 0.7854 0.1073 0.6097
vn 0.7612 0.1011 0.6406
vn 0.8400 0.3638 -0.4026
vn 0.8809 0.4431 -0.1666
vn 0.8759 0.4143 -0.2473
vn 0.8243 0.2005 0.5295
vn 0.8533 0.2026 0.4805
vn 0.8038 0.1725 0.5694
vn 0.8976 0.4220 0.1277
vn 0.9194 0.3814 0.0962
vn 0.9612 0.2590 0.0946
vn 0.9398 0.2617 -0.2195
vn 0.9501 0.3017 -0.0793
vn 0.9546 0.2709 -0.1242
vn 0.0846 0.0087 -0.9964
vn 0.0779 0.0025 -0.9970
vn -0.0856 0.9587 0.2711
vn 0.0829 0.8927 0.4429
vn 0.0824 0.9262 0.3678
vn 0.5110 0.6343 0.5801
vn 0.4499 0.5408 0.7107
vn 0.4527 0.6010 0.6587
vn 0.7756 0.1968 0.5998
vn 0.8043 0.1622 0.5716
vn 0.8358 0.2155 0.5050
vn 0.7466 0.6472 0.1541
vn 0.9443 0.1289 0.3028
vn 0.9083 0.1696 0.3824
vn 0.3317 0.8753 -0.3519
vn 0.2743 0.3591 -0.8921
vn -0.0304 0.9991 -0.0288
vn 0.3614 0.9193 0.1559
vn 0.7274 0.6096 0.3151
vn 0.0385 0.9356 0.3511
vn 0.9579 0.1479 0.2462
vn 0.9424 0.1832 0.2800
vn 0.9516 0.1780 0.2507
vn -0.1098 0.9399 -0.3232
vn 0.0291 0.8105 -0.5850
vn 0.0146 0.9663 -0.2571
vn 0.1430 0.5053 -0.8510
vn 0.0773 0.7687 -0.6349
vn -0.0346 0.9988 -0.0334
vn 0.1210 0.0055 -0.9926
vn 0.1200 0.0439 -0.9918
vn 0.1534 0.0785 -0.9850
vn 0.9391 0.1926 0.2847
vn 0.9377 0.2181 0.2705
vn 0.9358 0.2408 0.2575
vn -0.9328 -0.1152 -0.3414
vn -0.8344 0.2206 -0.5050
vn -0.5304 -0.4843 -0.6958
vn 0.0251 -0.0673 -0.9974
vn 0.1283 -0.1990 -0.9716
vn 0.0451 -0.1143 -0.9924
vn -0.3085 -0.5152 -0.7997
vn -0.3892 -0.4339 -0.8126
vn -0.2527 -0.4959 -0.8308
vn 0.8029 -0.2600 0.5364
vn 0.5113 0.7633 0.3949
vn 0.9227 0.0408 0.3833
vn 0.5319 0.3345 0.7780
vn 0.5469 0.3068 0.7790
vn 0.7092 0.1295 0.6930
vn 0.8212 -0.4419 -0.3610
vn 0.8021 -0.3236 -0.5019
vn 0.8726 -0.2785 -0.4013
vn 0.9833 0.1716 -0.0609
vn 0.9553 0.2955 -0.0025
vn 0.9394 0.3098 0.1468
vn 0.1325 0.2562 -0.9575
vn 0.2753 0.2340 -0.9324
vn 0.5163 0.3259 -0.7920
vn -0.1138 0.9568 0.2675
vn -0.0635 0.9860 0.1541
vn -0.7048 0.6526 0.2782
vn 0.0415 -0.0291 0.9987
vn -0.5323 0.3774 0.7578
vn 0.1243 0.0377 0.9915
vn -0.1367 -0.0183 0.9904
vn -0.1032 0.0201 0.9945
vn -0.1199 -0.0118 0.9927
vn -0.0951 0.0138 0.9954
vn -0.1041 0.0169 0.9944
vn -0.1194 -0.0309 0.9924
vn -0.0969 0.3207 0.9422
vn -0.2097 0.5167 0.8301
vn -0.1023 0.2212 0.9699
vn -0.1036 -0.1342 0.9855
vn -0.0929 -0.1065 0.9900
vn -0.4988 -0.1159 0.8589
vn 0.1128 0.0513 0.9923
vn 0.1922 0.4419 0.8762
vn -0.0534 0.9129 0.4046
vn -0.1835 0.8271 0.5313
vn -0.1096 0.2903 0.9507
vn -0.1357 0.9885 0.0669
vn -0.1009 -0.0254 0.9946
vn -0.0904 -0.0388 0.9951
vn -0.1046 0.0251 0.9942
vn 0.0354 0.9843 0.1732
vn 0.4568 0.7683 0.4484
vn 0.1630 0.9722 0.1679
vn -0.1057 0.9037 0.4148
vn 0.2327 0.7025 0.6725
vn -0.1206 0.9895 0.0798
vn -0.5152 0.2805 0.8099
vn -0.5288 0.0798 0.8450
vn -0.2122 -0.1526 0.9652
vn 0.9945 -0.0056 0.1048
vn 0.9946 -0.0040 0.1038
vn 0.9947 -0.0011 0.1027
vn -0.2308 0.3572 0.9051
vn -0.0238 0.9960 0.0858
vn -0.0489 0.9919 0.1173
vn 0.9233 -0.1704 0.3442
vn 0.8393 -0.0901 0.5361
vn 0.8344 -0.0471 0.5492
vn 0.9947 -0.0051 0.1031
vn 0.9951 -0.0035 0.0986
vn 0.9950 -0.0054 0.0992
vn -0.2800 -0.1395 0.9498
vn 0.2294 -0.1356 0.9638
vn 0.6848 0.0614 0.7261
vn 0.9950 -0.0014 0.0994
vn 0.9950 0.0031 0.0994
vn 0.9951 0.0020 0.0989
vn -0.1085 -0.0026 0.9941
vn -0.1218 -0.0003 0.9926
vn -0.1085 -0.0000 0.9941
vn -0.1241 -0.0032 0.9923
vn -0.1418 0.0298 0.9894
vn -0.1138 0.0132 0.9934
vn -0.1101 -0.0243 0.9936
vn -0.1219 -0.0086 0.9925
vn -0.1191 -0.0009 0.9929
vn -0.0934 0.0201 0.9954
vn -0.0876 0.0192 0.9960
vn -0.0866 0.0209 0.9960
vn 0.0140 0.4928 0.8700
vn -0.0150 0.4821 0.8760
vn -0.0023 0.1645 0.9864
vn -0.1046 0.0181 0.9944
vn -0.1083 0.0162 0.9940
vn -0.1121 -0.0108 0.9936
vn 0.9950 0.0061 0.0992
vn 0.9940 -0.0001 0.1092
vn 0.9941 0.0125 0.1077
vn 0.9195 0.0060 0.3931
vn 0.6201 0.1392 0.7721
vn 0.9914 -0.0161 0.1297
vn 0.9913 0.0545 0.1194
vn 0.9939 0.0460 0.1002
vn 0.6320 0.2038 0.7477
vn -0.0952 0.0262 0.9951
vn -0.1095 0.0112 0.9939
vn -0.1319 0.0166 0.9911
vn -0.1114 -0.0130 0.9937
vn -0.1076 0.0022 0.9942
vn -0.1023 0.0137 0.9947
vn -0.1050 0.0132 0.9944
vn -0.1095 0.0053 0.9940
vn -0.1231 0.0035 0.9924
vn -0.0425 0.0389 0.9983
vn 0.1501 0.2121 0.9657
vn -0.0908 0.0040 0.9959
vn -0.0156 0.0774 0.9969
vn -0.0324 0.0706 0.9970
vn 0.0213 0.0655 0.9976
vn -0.0883 0.0703 0.9936
vn -0.0800 -0.0177 0.9966
vn -0.1508 0.0338 0.9880
vn -0.0394 0.1565 0.9869
vn -0.0204 0.1867 0.9822
vn -0.0296 0.1319 0.9908
vn -0.1177 0.0819 0.9897
vn -0.1209 0.0915 0.9884
vn -0.1193 0.0816 0.9895
vn 0.2098 -0.0787 0.9746
vn 0.1667 -0.0506 0.9847
vn 0.2579 -0.0581 0.9644
vn -0.1060 0.0118 0.9943
vn -0.1069 0.0070 0.9942
vn -0.1051 0.0074 0.9944
vn -0.0758 0.0093 0.9971
vn -0.0780 0.0216 0.9967
vn -0.0813 0.0279 0.9963
vn -0.0076 0.9918 0.1276
vn -0.2477 0.9670 0.0595
vn -0.1528 0.9875 0.0383
vn 0.1492 0.8929 -0.4249
vn 0.6916 0.6954 0.1951
vn 0.0048 0.8939 -0.4483
vn -0.0849 -0.0270 0.9960
vn -0.0906 -0.0104 0.9958
vn -0.0772 0.0412 0.9962
vn -0.1134 0.0101 0.9935
vn -0.1220 0.0005 0.9925
vn -0.1110 0.0150 0.9937
vn -0.0867 -0.0505 0.9950
vn -0.0855 -0.0784 0.9932
vn -0.0763 -0.0368 0.9964
vn -0.1091 -0.0061 0.9940
vn -0.1242 -0.0032 0.9923
vn 0.9946 -0.0047 0.1039
vn 0.9950 0.0018 0.1003
vn 0.9947 -0.0015 0.1028
vn -0.1872 -0.2421 0.9520
vn -0.2221 -0.1780 0.9587
vn -0.1981 -0.1914 0.9613
vn 0.9954 -0.0007 0.0960
vn 0.9945 -0.0000 0.1045
vn 0.9950 0.0005 0.0998
vn 0.9948 -0.0102 0.1017
vn 0.9947 -0.0115 0.1023
vn 0.9946 -0.0077 0.1036
vn 0.9896 -0.0124 0.1434
vn 0.9869 0.0009 0.1611
vn 0.9914 -0.0145 0.1299
vn 0.8969 0.3958 0.1971
vn 0.7751 0.5169 0.3634
vn 0.9437 0.2904 0.1583
vn -0.1297 0.0039 0.9915
vn -0.1099 0.0031 0.9939
vn -0.1622 0.0395 0.9860
vn -0.0571 0.1879 0.9805
vn -0.0384 0.4505 0.8919
vn -0.0378 0.2474 0.9682
vn -0.1223 0.0012 0.9925
vn -0.1150 -0.0357 0.9927
vn -0.1338 0.0022 0.9910
vn 0.0120 0.9697 -0.2440
vn 0.0272 0.9760 -0.2158
vn 0.1041 0.9738 -0.2022
vn -0.0310 0.9823 0.1845
vn -0.2593 0.5435 0.7983
vn -0.2129 0.3758 0.9019
vn 0.0152 0.9929 0.1177
vn -0.5969 0.5949 0.5383
vn 0.0133 0.9772 0.2120
vn -0.3129 0.1183 -0.9424
vn -0.5465 0.0902 -0.8326
vn -0.4971 0.0909 -0.8629
vn -0.3210 0.0426 -0.9461
vn -0.4021 0.0906 -0.9111
vn -0.4078 0.1010 -0.9075
vn 0.7820 0.0249 0.6228
vn 0.7933 0.0165 0.6085
vn 0.8617 -0.0181 0.5071
vn 0.9329 -0.2120 -0.2912
vn 0.8896 -0.0450 -0.4545
vn 0.9328 -0.1835 -0.3103
vn 0.9528 0.2678 0.1434
vn 0.8661 0.4061 -0.2915
vn 0.9447 0.3131 -0.0978
vn -0.0092 0.1393 -0.9902
vn -0.0104 0.1413 -0.9899
vn -0.0029 0.1274 -0.9918
vn -0.3151 0.0189 -0.9489
vn -0.1937 0.0580 -0.9794
vn -0.2077 0.0103 -0.9781
vn 0.1019 0.0244 -0.9945
vn 0.0835 0.0219 -0.9963
vn 0.0431 0.0603 -0.9972
vn 0.6003 -0.0030 -0.7998
vn 0.7607 0.0120 -0.6490
vn 0.7367 -0.0771 -0.6718
vn 0.9346 -0.0780 -0.3471
vn 0.9936 -0.0129 -0.1126
vn 0.9986 -0.0428 -0.0305
vn 0.9867 -0.0977 0.1303
vn 0.9926 -0.0680 -0.1010
vn 0.9860 0.0252 -0.1647
vn 0.6556 -0.0212 -0.7548
vn 0.5635 -0.1080 -0.8190
vn 0.6439 -0.0157 -0.7650
vn 0.9969 0.0593 0.0517
vn 0.9938 -0.0930 -0.0610
vn 0.9856 -0.1681 -0.0182
vn -0.8997 -0.1329 -0.4157
vn -0.9800 0.0167 -0.1984
vn -0.9626 -0.0045 -0.2710
vn -0.2195 0.0236 -0.9753
vn -0.2582 -0.0154 -0.9660
vn -0.2449 0.0069 -0.9695
vn -0.4085 -0.2052 -0.8894
vn -0.4972 -0.1573 -0.8533
vn -0.5473 -0.1125 -0.8293
vn 0.8371 -0.1028 0.5373
vn 0.8051 0.0366 0.5921
vn 0.8781 -0.0200 0.4781
vn 0.6008 -0.0528 -0.7977
vn 0.4613 0.0535 -0.8856
vn 0.6249 -0.0492 -0.7791
vn 0.0394 -0.0718 -0.9966
vn 0.3089 -0.1037 -0.9454
vn 0.1671 -0.1332 -0.9769
vn -0.2313 -0.1502 -0.9612
vn -0.2448 -0.1591 -0.9564
vn -0.2422 -0.1713 -0.9550
vn -0.2025 -0.2202 -0.9542
vn -0.4016 -0.1591 -0.9019
vn -0.2770 -0.1534 -0.9485
vn -0.4862 -0.2059 -0.8492
vn -0.4825 -0.1852 -0.8561
vn -0.3941 -0.1601 -0.9050
vn -0.0446 -0.1124 -0.9927
vn -0.0280 -0.1312 -0.9910
vn -0.0652 -0.0943 -0.9934
vn -0.0903 0.1265 -0.9878
vn -0.1134 0.1611 -0.9804
vn -0.0622 0.1154 -0.9914
vn -0.7945 0.1492 -0.5886
vn -0.6839 0.1422 -0.7156
vn -0.7027 0.1384 -0.6979
vn -0.0643 -0.0861 -0.9942
vn -0.0524 -0.0957 -0.9940
vn -0.0465 -0.0729 -0.9963
vn 0.7785 0.1358 -0.6127
vn 0.5655 -0.0301 -0.8242
vn 0.5790 -0.0635 -0.8129
vn -0.0158 -0.0649 -0.9978
vn -0.0488 -0.0376 -0.9981
vn -0.0258 -0.0486 -0.9985
vn 0.1980 -0.0130 0.9801
vn 0.2732 0.0540 0.9604
vn 0.2168 0.0078 0.9762
vn -0.0757 -0.0834 -0.9936
vn -0.0918 -0.0842 -0.9922
vn -0.0600 -0.0791 -0.9951
vn -0.1322 -0.1808 -0.9746
vn -0.1463 -0.1456 -0.9785
vn -0.1455 -0.1571 -0.9768
vn -0.0989 -0.0790 -0.9920
vn -0.0969 -0.0563 -0.9937
vn -0.1238 -0.0825 -0.9889
vn -0.0811 -0.0491 -0.9955
vn -0.0738 -0.0235 -0.9970
vn -0.1354 -0.0378 -0.9901
vn -0.0793 -0.0622 -0.9949
vn -0.0672 -0.0859 -0.9940
vn -0.0918 -0.0363 -0.9951
vn 0.1383 -0.2043 -0.9691
vn 0.0751 -0.1460 -0.9864
vn 0.2256 -0.1613 -0.9608
vn -0.4880 -0.1771 -0.8547
vn -0.4859 -0.1953 -0.8519
vn -0.5249 -0.1730 -0.8334
vn -0.0881 -0.1049 -0.9906
vn -0.0463 -0.1291 -0.9906
vn -0.0506 -0.0791 -0.9956
vn -0.1231 -0.0254 -0.9921
vn -0.1296 -0.0527 -0.9902
vn -0.1210 -0.0443 -0.9917
vn -0.1423 -0.1362 -0.9804
vn -0.0979 -0.1447 -0.9846
vn -0.1327 -0.1440 -0.9806
vn -0.5235 -0.1062 -0.8454
vn -0.5718 -0.1287 -0.8102
vn -0.5774 -0.0777 -0.8128
vn 0.3588 -0.0983 -0.9282
vn 0.2096 -0.2223 -0.9522
vn 0.3219 -0.1327 -0.9374
vn 0.9732 0.0529 0.2237
vn 0.9234 -0.0002 0.3839
vn 0.9840 -0.0319 0.1753
vn -0.4943 -0.0150 -0.8691
vn -0.4383 0.0653 -0.8964
vn -0.5037 0.0035 -0.8639
vn -0.0529 -0.0954 -0.9940
vn -0.0761 -0.0809 -0.9938
vn -0.0944 -0.0551 -0.9940
vn 0.9034 -0.0656 0.4237
vn 0.9309 -0.0298 0.3641
vn 0.8310 -0.0165 0.5561
vn -0.0695 0.0184 -0.9974
vn -0.0732 -0.0442 -0.9963
vn -0.0440 -0.0498 -0.9978
vn 0.0669 -0.3357 -0.9396
vn 0.0863 -0.3325 -0.9391
vn 0.0941 -0.3369 -0.9368
vn -0.1776 -0.2006 -0.9634
vn -0.1708 -0.2047 -0.9638
vn -0.1648 -0.1885 -0.9681
vn 0.3922 -0.3793 -0.8380
vn 0.4435 -0.2792 -0.8516
vn 0.3999 -0.3135 -0.8613
vn -0.5803 -0.0368 -0.8136
vn -0.3865 0.0884 -0.9180
vn -0.2660 -0.0258 -0.9636
vn 0.0997 0.2306 -0.9679
vn 0.1290 0.1837 -0.9745
vn 0.1690 0.2561 -0.9518
vn -0.7327 -0.1891 -0.6537
vn -0.7054 -0.2673 -0.6565
vn -0.6289 -0.3155 -0.7106
vn -0.1791 0.2166 -0.9597
vn 0.0121 0.1893 -0.9818
vn -0.0090 -0.0419 -0.9991
vn 0.9874 -0.1245 -0.0979
vn 0.9881 -0.1442 -0.0532
vn 0.9957 -0.0157 -0.0918
vn 0.1759 0.1169 -0.9774
vn 0.1165 0.0645 -0.9911
vn 0.1736 0.1433 -0.9743
vn 0.0931 0.0695 -0.9932
vn 0.1964 0.0937 -0.9760
vn 0.0907 0.0962 -0.9912
vn 0.3778 0.1316 -0.9165
vn 0.4029 0.0934 -0.9105
vn 0.4328 0.1445 -0.8898
vn -0.1107 -0.1187 -0.9867
vn -0.0888 -0.1080 -0.9902
vn -0.1300 -0.0626 -0.9895
vn 0.7572 -0.6076 -0.2396
vn 0.8215 -0.2642 -0.5052
vn 0.8537 -0.3426 -0.3922
vn 0.8736 -0.2366 0.4252
vn 0.9108 -0.1223 0.3943
vn 0.8830 -0.0790 0.4627
vn 0.0664 -0.1538 -0.9859
vn 0.0400 -0.1111 -0.9930
vn 0.0756 -0.1258 -0.9892
vn -0.0227 -0.1434 -0.9894
vn -0.0559 -0.1154 -0.9917
vn -0.0528 -0.1054 -0.9930
vn -0.0388 -0.0499 -0.9980
vn -0.1023 -0.0950 -0.9902
vn -0.0123 -0.0957 -0.9953
vn 0.0162 -0.1005 -0.9948
vn 0.0391 -0.1048 -0.9937
vn 0.0386 -0.0664 -0.9970
vn -0.0525 0.0820 -0.9952
vn -0.0059 0.0955 -0.9954
vn -0.0465 0.0600 -0.9971
vn -0.2682 -0.6867 -0.6757
vn -0.1461 -0.5451 -0.8256
vn -0.4000 -0.5473 -0.7351
vn 0.3955 0.0875 -0.9143
vn 0.4036 0.1208 -0.9069
vn 0.3926 0.0868 -0.9156
vn -0.2039 -0.0157 -0.9789
vn -0.2375 -0.0211 -0.9712
vn -0.2014 -0.0431 -0.9786
vn -0.0325 -0.0923 -0.9952
vn -0.0320 -0.0703 -0.9970
vn -0.0450 -0.0669 -0.9967
vn -0.4609 -0.1994 -0.8647
vn -0.4799 -0.1303 -0.8676
vn -0.4751 -0.1592 -0.8654
vn 0.3209 0.2784 -0.9053
vn 0.2036 0.3236 -0.9240
vn 0.2856 0.2675 -0.9203
vn -0.6331 -0.2853 -0.7196
vn -0.6788 -0.3839 -0.6260
vn -0.6820 -0.4167 -0.6011
vn -0.4411 -0.0208 -0.8972
vn -0.7678 0.1800 -0.6148
vn -0.4805 0.0779 -0.8735
vn -0.1015 -0.3788 -0.9199
vn -0.2393 -0.1299 -0.9622
vn -0.2443 -0.0385 -0.9689
vn -0.4862 -0.2407 -0.8401
vn -0.3811 -0.3251 -0.8655
vn -0.3741 -0.2521 -0.8925
vn 0.2908 -0.0468 -0.9556
vn -0.0337 0.1849 -0.9822
vn 0.0477 -0.1006 -0.9938
vn -0.6301 -0.3032 -0.7149
vn -0.6906 -0.3290 -0.6441
vn -0.6066 -0.2740 -0.7463
vn 0.2666 0.0132 -0.9637
vn 0.2170 -0.0653 -0.9740
vn 0.2205 -0.0640 -0.9733
vn 0.3345 0.7395 -0.5842
vn 0.3077 0.8307 -0.4639
vn 0.3231 0.9037 -0.2810
vn 0.4776 -0.3639 0.7997
vn 0.4230 -0.2635 0.8670
vn 0.4949 -0.3921 0.7755
vn 0.6153 -0.6232 -0.4827
vn 0.8049 -0.2773 -0.5247
vn 0.6999 -0.5596 -0.4439
vn 0.6732 0.1121 -0.7310
vn 0.4996 0.1465 -0.8538
vn 0.5007 0.1911 -0.8443
vn 0.8267 0.5094 0.2390
vn 0.8561 0.4478 0.2579
vn 0.8735 0.4680 0.1343
vn 0.2201 -0.5342 0.8162
vn 0.2178 -0.5122 0.8308
vn 0.4522 -0.5068 0.7339
vn 0.5702 -0.8213 -0.0197
vn 0.6225 -0.7628 0.1749
vn 0.4836 -0.7794 0.3984
vn 0.3584 0.0515 0.9321
vn 0.3926 0.0406 0.9188
vn 0.3660 0.0242 0.9303
vn 0.3582 0.0250 0.9333
vn 0.2547 0.0563 0.9654
vn 0.3537 0.0495 0.9340
vn 0.4679 -0.7927 0.3907
vn 0.2809 -0.7304 0.6226
vn 0.3975 -0.6229 0.6738
vn 0.9714 -0.2052 0.1191
vn 0.9657 -0.2250 0.1293
vn 0.9473 -0.3084 0.0870
vn 0.3247 -0.7633 0.5585
vn 0.0071 -0.9171 0.3986
vn 0.2611 -0.8428 0.4707
vn 0.9748 -0.1970 0.1049
vn 0.8412 -0.2580 0.4752
vn 0.9226 -0.3506 0.1607
vn -0.8415 0.2630 0.4720
vn -0.9193 0.1801 0.3498
vn -0.8010 0.1995 0.5644
vn -0.9967 -0.0261 -0.0766
vn -0.9951 -0.0881 0.0456
vn -0.9941 0.0447 0.0988
vn -0.5079 -0.4624 -0.7268
vn -0.4359 -0.5487 -0.7134
vn -0.3684 -0.5044 -0.7809
vn -0.6811 0.3678 -0.6331
vn -0.6573 0.4384 -0.6129
vn -0.7908 0.3139 -0.5254
vn 0.9273 -0.3741 -0.0166
vn 0.9469 -0.3174 -0.0518
vn 0.9507 -0.2982 -0.0858
vn 0.9678 0.2280 -0.1065
vn 0.9748 0.2224 0.0145
vn 0.9682 0.2490 -0.0224
vn 0.9373 -0.2708 -0.2196
vn 0.9430 -0.1812 -0.2792
vn 0.9646 -0.2280 -0.1326
vn 0.9855 -0.1362 0.1010
vn 0.9724 -0.1919 0.1324
vn 0.9694 -0.1518 0.1930
vn 0.9080 -0.1094 -0.4044
vn 0.8639 -0.0876 -0.4960
vn 0.8869 -0.0303 -0.4609
vn 0.2191 -0.1219 -0.9680
vn 0.2357 -0.1232 -0.9640
vn 0.1657 -0.1763 -0.9703
vn 0.3522 -0.9335 -0.0667
vn 0.5130 -0.8575 0.0392
vn 0.8375 -0.5458 -0.0252
vn 0.9893 0.0341 -0.1418
vn 0.9803 0.0948 -0.1731
vn 0.9631 0.1088 -0.2461
vn 0.8702 0.2744 -0.4091
vn 0.8516 0.1131 -0.5119
vn 0.7998 0.2018 -0.5653
vn 0.1276 -0.9719 -0.1979
vn 0.0640 -0.9806 -0.1855
vn 0.2136 -0.9731 -0.0869
vn -0.7990 0.2974 -0.5226
vn -0.7950 0.3157 -0.5180
vn -0.7414 0.3786 -0.5541
vn 0.9784 0.1669 -0.1218
vn 0.8735 0.2225 -0.4330
vn 0.8691 -0.2355 -0.4350
vn 0.9095 0.4067 -0.0861
vn 0.7097 -0.5319 0.4620
vn 0.9082 0.4177 0.0258
vn 0.1726 -0.9452 -0.2771
vn 0.2535 -0.9550 -0.1539
vn 0.1729 -0.9759 -0.1329
vn -0.1459 0.0308 0.9888
vn -0.1019 0.0134 0.9947
vn -0.1207 0.0255 0.9924
vn -0.2077 0.9688 -0.1356
vn -0.0477 0.9988 -0.0138
vn -0.5981 0.7734 0.2100
vn 0.1469 -0.8268 -0.5430
vn 0.1615 -0.7004 -0.6952
vn 0.1716 -0.7947 -0.5823
vn 0.4790 0.8339 -0.2741
vn 0.7942 0.3696 0.4824
vn 0.5050 0.8512 0.1432
vn -0.3326 -0.5363 -0.7757
vn -0.4108 -0.5863 -0.6982
vn -0.4825 -0.5260 -0.7004
vn 0.8846 0.1460 -0.4428
vn 0.6568 0.4530 -0.6028
vn 0.7546 0.4151 -0.5082
vn 0.2032 0.9698 -0.1350
vn 0.1767 0.8754 -0.4498
vn 0.4600 0.8863 -0.0541
vn -0.3821 -0.3392 -0.8596
vn -0.3848 -0.3339 -0.8605
vn -0.3939 -0.4260 -0.8145
vn -0.1264 -0.7598 -0.6378
vn -0.1042 -0.7409 -0.6634
vn -0.0294 -0.7428 -0.6689
vn 0.6294 -0.0183 -0.7768
vn 0.5675 -0.0021 -0.8234
vn 0.7083 0.0503 -0.7041
vn 0.3722 0.5638 -0.7373
vn 0.1212 -0.0133 -0.9925
vn 0.0199 0.3327 -0.9428
vn -0.0389 0.9989 0.0262
vn -0.4545 0.8755 0.1642
vn -0.1392 0.9856 -0.0957
vn 0.2144 -0.0264 -0.9764
vn 0.1255 -0.0994 -0.9871
vn 0.1606 -0.0784 -0.9839
vn 0.4375 -0.1494 -0.8867
vn 0.3489 -0.1331 -0.9276
vn 0.3390 -0.1037 -0.9351
vn 0.4037 -0.2516 -0.8796
vn 0.4762 -0.2603 -0.8399
vn 0.4922 -0.2925 -0.8199
vn -0.1734 -0.6670 -0.7246
vn 0.0313 -0.8316 -0.5545
vn -0.1160 -0.6971 -0.7076
vn 0.3684 0.1228 0.9215
vn 0.4089 0.1609 0.8983
vn 0.4421 0.0627 0.8948
vn -0.1359 0.0140 0.9906
vn -0.1419 0.0192 0.9897
vn -0.1377 0.0272 0.9901
vn -0.1484 0.0257 0.9886
vn -0.1524 0.0395 0.9875
vn -0.1498 0.0202 0.9885
vn -0.3840 -0.0594 0.9214
vn -0.2922 -0.1989 0.9355
vn -0.4313 -0.3768 0.8198
vn -0.8940 0.4229 -0.1478
vn -0.8703 0.4613 -0.1725
vn -0.8944 0.4207 -0.1522
vn -0.2156 -0.1287 0.9679
vn -0.0479 -0.0666 0.9966
vn -0.1609 -0.0607 0.9851
vn 0.6779 0.4106 0.6098
vn 0.8381 0.2043 0.5059
vn 0.8540 0.0862 0.5131
vn 0.2881 -0.1786 0.9408
vn 0.2988 -0.1964 0.9339
vn 0.0777 -0.2083 0.9750
vn 0.4903 0.1078 0.8648
vn 0.4421 0.1459 0.8850
vn 0.4809 0.1448 0.8647
vn 0.3531 0.3792 0.8553
vn 0.4431 0.3989 0.8028
vn 0.4246 0.3086 0.8512
vn -0.0973 -0.0605 0.9934
vn -0.1070 -0.0589 0.9925
vn -0.0822 -0.0611 0.9947
vn -0.0986 0.0848 0.9915
vn 0.3979 0.1197 0.9096
vn 0.1262 0.0890 0.9880
vn -0.1522 0.0004 0.9883
vn -0.1614 -0.0114 0.9868
vn -0.1484 0.0115 0.9889
vn -0.1376 -0.0162 0.9904
vn -0.1410 -0.0070 0.9900
vn -0.1381 -0.0056 0.9904
vn 0.0369 -0.0016 0.9993
vn 0.0606 0.0164 0.9980
vn 0.2457 0.3060 0.9198
vn 0.0611 0.0934 0.9937
vn 0.1071 0.2070 0.9725
vn 0.0754 0.1252 0.9893
vn 0.3559 0.2300 0.9058
vn 0.3665 0.2456 0.8974
vn 0.3880 0.2652 0.8827
vn 0.1101 0.1850 0.9766
vn 0.0176 0.3088 0.9510
vn 0.1112 0.1771 0.9779
vn -0.2092 0.1603 0.9646
vn -0.2906 0.0860 0.9530
vn -0.1449 0.0834 0.9859
vn -0.3459 0.1118 0.9316
vn -0.3232 0.1806 0.9290
vn -0.3753 0.0628 0.9248
vn 0.0886 -0.3588 -0.9292
vn 0.0762 -0.3274 -0.9418
vn 0.0708 -0.3497 -0.9342
vn 0.3381 0.2098 -0.9174
vn 0.3000 0.1338 -0.9445
vn 0.2822 0.1810 -0.9421
vn -0.1597 -0.2929 -0.9427
vn -0.1676 -0.2296 -0.9587
vn -0.2170 -0.2611 -0.9406
vn 0.0884 -0.8226 0.5617
vn 0.2722 -0.7048 0.6552
vn 0.3979 -0.6088 0.6863
vn 0.8206 0.1028 -0.5622
vn 0.8114 0.0531 -0.5821
vn 0.7446 0.1111 -0.6582
vn -0.6698 0.5938 -0.4459
vn -0.5917 0.6372 -0.4939
vn -0.5637 0.6597 -0.4971
vn -0.4618 -0.4331 -0.7740
vn -0.6055 -0.3886 -0.6945
vn -0.5945 -0.3442 -0.7267
vn -0.0141 -0.0087 -0.9999
vn -0.0253 0.0153 -0.9996
vn 0.0606 0.0360 -0.9975
vn -0.0730 -0.0377 -0.9966
vn -0.0373 0.0010 -0.9993
vn -0.0793 -0.0823 -0.9935
vn -0.0556 -0.0204 -0.9982
vn -0.1050 -0.0072 -0.9944
vn -0.0463 0.0670 -0.9967
vn -0.0966 -0.0268 -0.9950
vn -0.1049 0.0054 -0.9945
vn -0.0557 -0.0020 -0.9984
vn -0.9225 0.3386 -0.1856
vn -0.9036 0.3974 -0.1603
vn -0.9390 0.2363 -0.2499
vn -0.9257 0.3456 -0.1536
vn -0.9391 0.3332 -0.0845
vn -0.9285 0.3653 -0.0666
vn -0.9431 0.2611 -0.2060
vn -0.9284 0.2726 -0.2524
vn -0.9087 0.3503 -0.2270
vn -0.9951 -0.0191 0.0968
vn -0.9959 0.0452 0.0779
vn -0.9702 -0.1949 0.1439
vn -0.8757 -0.4824 0.0238
vn -0.8843 -0.4656 -0.0339
vn -0.9434 -0.3311 0.0214
vn -0.9804 -0.1964 -0.0185
vn -0.9485 -0.2516 -0.1925
vn -0.9771 -0.2114 -0.0217
vn -0.7263 -0.4314 -0.5351
vn -0.7358 -0.3989 -0.5473
vn -0.7630 -0.4125 -0.4977
vn -0.2276 0.6222 -0.7490
vn -0.2505 0.5630 -0.7876
vn -0.0983 0.4366 -0.8943
vn -0.9748 -0.1702 -0.1441
vn -0.9698 -0.1422 -0.1981
vn -0.9553 -0.1202 -0.2702
vn -0.5481 0.1521 -0.8224
vn -0.6874 0.2158 -0.6935
vn -0.6082 0.1236 -0.7841
vn -0.7794 -0.1661 -0.6041
vn -0.8395 -0.0559 -0.5405
vn -0.6925 -0.1276 -0.7100
vn -0.9967 -0.0809 -0.0028
vn -0.9956 -0.0099 0.0933
vn -0.9892 -0.0829 -0.1208
vn -0.9892 -0.1389 0.0478
vn -0.8259 -0.5313 -0.1887
vn -0.9535 -0.2575 -0.1566
vn -0.9378 -0.2924 -0.1871
vn -0.9694 -0.2150 -0.1186
vn -0.9824 -0.1360 -0.1280
vn -0.9573 -0.2073 0.2017
vn -0.9516 -0.1544 0.2658
vn -0.9653 -0.1494 0.2143
vn -0.5978 -0.0912 -0.7964
vn -0.6118 -0.0809 -0.7869
vn -0.6243 -0.0943 -0.7754
vn -0.7843 0.0338 -0.6194
vn -0.7948 -0.0047 -0.6068
vn -0.8495 0.1284 -0.5117
vn -0.9174 -0.2306 -0.3245
vn -0.9534 -0.1457 -0.2641
vn -0.9146 -0.0363 -0.4027
vn -0.8819 0.3225 -0.3440
vn -0.8582 0.3129 -0.4069
vn -0.8143 0.3424 -0.4688
vn -0.6929 0.3609 -0.6241
vn -0.7615 0.3548 -0.5424
vn -0.7425 0.4351 -0.5093
vn -0.9172 0.3097 -0.2509
vn -0.8851 0.4020 -0.2344
vn -0.8667 0.3406 -0.3644
vn -0.9453 0.1851 -0.2686
vn -0.9430 0.0878 -0.3211
vn -0.9760 0.1252 -0.1784
vn -0.9706 -0.1336 -0.2000
vn -0.9155 -0.2368 -0.3252
vn -0.9202 -0.3404 -0.1931
vn -0.8862 0.4633 -0.0071
vn -0.9069 0.4191 0.0433
vn -0.8924 0.4487 0.0477
vn -0.8316 0.5407 -0.1271
vn -0.8296 0.5401 -0.1414
vn -0.8327 0.5442 -0.1021
vn -0.7537 0.3380 -0.5636
vn -0.6906 0.2224 -0.6882
vn -0.7922 0.3611 -0.4919
vn -0.1260 0.0354 -0.9914
vn -0.0359 0.0158 -0.9992
vn -0.1010 0.0339 -0.9943
vn -0.9572 0.2390 -0.1633
vn -0.9756 0.2020 -0.0859
vn -0.9348 0.2914 -0.2030
vn -0.4954 -0.0002 0.8687
vn -0.5203 -0.0473 0.8527
vn -0.4206 -0.0205 0.9070
vn -0.7091 0.2213 -0.6694
vn -0.7870 0.2557 -0.5615
vn -0.8207 0.3312 -0.4656
vn -0.3233 0.2364 -0.9163
vn -0.3843 0.1901 -0.9034
vn -0.3781 0.1790 -0.9083
vn -0.9455 -0.1574 -0.2851
vn -0.9552 -0.0754 -0.2863
vn -0.8104 -0.2317 -0.5381
vn -0.0911 -0.0635 -0.9938
vn -0.0954 -0.0301 -0.9950
vn -0.0632 -0.0291 -0.9976
vn 0.1206 0.2435 -0.9624
vn -0.0204 0.4937 -0.8694
vn 0.0635 0.3051 -0.9502
vn -0.8511 0.4483 0.2732
vn -0.8114 0.5545 0.1848
vn -0.8180 0.5053 0.2749
vn -0.1580 0.0003 0.9874
vn -0.0753 -0.0322 0.9966
vn -0.2100 0.0719 0.9751
vn -0.2139 -0.1455 -0.9660
vn -0.1519 -0.1684 -0.9739
vn -0.1860 -0.1441 -0.9719
vn -0.4357 -0.1020 -0.8943
vn -0.6056 -0.2261 -0.7629
vn -0.5443 -0.0925 -0.8338
vn -0.5411 -0.5466 -0.6391
vn -0.9112 -0.4106 -0.0335
vn -0.6463 -0.3978 -0.6512
vn -0.5108 -0.4468 -0.7345
vn -0.4902 -0.2741 -0.8274
vn -0.4516 -0.3869 -0.8040
vn -0.1624 0.0723 -0.9841
vn -0.3546 0.0207 -0.9348
vn -0.6984 0.0935 -0.7096
vn -0.1953 -0.5965 -0.7785
vn -0.1644 0.3043 -0.9383
vn -0.1908 0.1984 -0.9614
vn -0.0531 -0.0948 -0.9941
vn -0.0314 0.0093 -0.9995
vn -0.0255 0.0035 -0.9997
vn -0.0809 -0.0163 -0.9966
vn -0.0365 0.0058 -0.9993
vn -0.0300 -0.0075 -0.9995
vn -0.0992 0.0347 -0.9945
vn -0.0700 0.0454 -0.9965
vn -0.1034 0.0509 -0.9933
vn -0.1279 -0.0824 -0.9884
vn -0.1907 -0.1389 -0.9718
vn -0.1609 -0.0663 -0.9847
vn -0.9204 0.1777 -0.3483
vn -0.8584 -0.4926 0.1434
vn -0.7384 -0.4358 0.5147
vn -0.6411 -0.1070 -0.7600
vn -0.6008 -0.0285 -0.7989
vn -0.4421 -0.1326 -0.8871
vn -0.6068 -0.0462 -0.7935
vn -0.4549 -0.1542 -0.8771
vn -0.6006 -0.1477 -0.7858
vn -0.3709 0.1421 -0.9177
vn -0.4512 0.2449 -0.8582
vn -0.3593 0.0622 -0.9311
vn -0.6775 -0.2321 -0.6979
vn -0.6496 -0.3015 -0.6980
vn -0.6711 -0.2166 -0.7090
vn -0.4634 -0.4132 -0.7839
vn -0.6138 -0.2042 -0.7626
vn -0.4941 -0.1617 -0.8542
vn -0.8222 -0.2678 -0.5022
vn -0.8900 -0.1374 -0.4348
vn -0.8376 -0.3047 -0.4535
vn -0.8283 0.2001 -0.5233
vn -0.8698 0.2298 -0.4367
vn -0.9013 0.0990 -0.4216
vn -0.8504 0.0251 -0.5256
vn -0.9259 -0.0640 -0.3724
vn -0.8489 -0.0522 -0.5259
vn -0.1800 -0.0150 -0.9836
vn -0.2025 0.0738 -0.9765
vn -0.1298 0.1828 -0.9745
vn -0.1074 0.0247 -0.9939
vn -0.1321 0.0177 -0.9911
vn -0.0998 0.0123 -0.9949
vn -0.6750 0.2051 -0.7087
vn -0.5018 0.2160 -0.8376
vn -0.6417 0.1454 -0.7531
vn -0.9797 0.0775 -0.1848
vn -0.9576 0.2599 -0.1243
vn -0.9635 0.2515 -0.0917
vn -0.1392 0.1260 -0.9822
vn -0.1033 0.1487 -0.9835
vn -0.2213 0.1329 -0.9661
vn -0.1520 0.0785 -0.9853
vn -0.1124 0.1319 -0.9849
vn -0.0968 0.1151 -0.9886
vn -0.2706 0.0618 -0.9607
vn -0.2421 0.0541 -0.9687
vn -0.4104 0.1337 -0.9021
vn -0.9757 -0.1949 0.1001
vn -0.9140 -0.4056 0.0077
vn -0.9690 -0.2217 0.1086
vn 0.8720 0.4676 0.1447
vn 0.8654 0.4892 0.1083
vn 0.8414 0.5240 0.1321
vn 0.7372 0.1405 0.6609
vn 0.7198 0.1524 0.6773
vn 0.7222 0.1095 0.6830
vn 0.8602 0.4766 0.1813
vn 0.8372 0.5074 0.2042
vn 0.8379 0.4809 0.2581
vn 0.8822 0.0112 0.4707
vn 0.8934 -0.0664 0.4444
vn 0.9281 -0.0203 0.3717
vn -0.0213 0.3095 0.9507
vn 0.1069 0.2302 0.9673
vn 0.0316 0.0808 0.9962
vn -0.0851 0.4212 0.9029
vn -0.0961 0.2358 0.9670
vn -0.1711 0.3629 0.9160
vn -0.0693 -0.2031 0.9767
vn -0.1890 -0.1993 0.9615
vn -0.3090 -0.2125 0.9270
vn -0.0502 -0.1600 0.9858
vn 0.1548 -0.0533 0.9865
vn -0.1654 -0.1786 0.9699
vn 0.1486 0.2712 0.9510
vn 0.1846 0.4471 0.8752
vn 0.3501 0.3537 0.8673
vn 0.7086 0.5434 -0.4500
vn 0.6213 0.4462 -0.6441
vn 0.5551 0.3727 -0.7436
vn -0.3810 -0.2570 0.8881
vn -0.3246 -0.2344 0.9164
vn -0.2048 -0.1961 0.9590
vn -0.3246 -0.2344 0.9163
vn -0.4814 -0.3088 0.8203
vn -0.1133 -0.2137 0.9703
vn -0.0893 -0.2828 0.9550
vn -0.2314 -0.1576 0.9600
vn 0.1060 0.9895 -0.0978
vn 0.0860 0.9931 -0.0792
vn 0.0563 0.9942 -0.0911
vn -0.0990 0.2970 0.9497
vn 0.1967 0.4379 0.8772
vn -0.0658 0.3047 0.9502
vn 0.3060 0.9261 0.2205
vn 0.3213 0.9249 0.2031
vn 0.3565 0.9166 0.1810
vn 0.2495 0.7623 0.5972
vn 0.4347 0.8110 0.3915
vn 0.4428 0.8704 0.2151
vn 0.3337 0.0184 0.9425
vn 0.3008 -0.2059 0.9312
vn 0.0820 -0.0636 0.9946
vn 0.5823 0.1179 -0.8044
vn 0.4096 0.1109 -0.9055
vn 0.4896 0.0602 -0.8698
vn 0.6367 0.5363 0.5541
vn 0.7880 0.5298 0.3136
vn 0.8309 0.4833 0.2756
vn 0.3675 0.9286 -0.0520
vn 0.3737 0.9144 -0.1556
vn 0.4339 0.9006 -0.0245
vn 0.4208 0.8619 -0.2828
vn 0.2246 0.8820 -0.4143
vn 0.3071 0.8790 -0.3648
vn 0.3217 0.8892 0.3254
vn 0.2358 0.8992 0.3685
vn 0.2765 0.9135 0.2986
vn 0.2855 -0.1575 0.9454
vn 0.3773 -0.0016 0.9261
vn 0.4288 -0.0315 0.9028
vn 0.3744 0.8570 -0.3540
vn 0.2787 0.9179 -0.2825
vn 0.1631 0.9512 -0.2619
vn 0.1679 0.9827 -0.0784
vn 0.0931 0.9312 -0.3524
vn 0.0909 0.9930 -0.0754
vn 0.4703 0.1879 -0.8623
vn 0.7950 0.3411 -0.5017
vn 0.4869 0.1491 -0.8606
vn 0.0688 0.9959 -0.0579
vn 0.0486 0.9979 -0.0437
vn 0.0555 0.9969 -0.0563
vn 0.0334 0.9949 -0.0953
vn 0.0256 0.9961 -0.0844
vn 0.0458 0.9950 -0.0886
vn 0.1684 0.9709 -0.1705
vn 0.1697 0.9679 -0.1856
vn 0.2079 0.9657 -0.1557
vn 0.3843 0.8405 0.3820
vn 0.3284 0.8835 0.3340
vn 0.2859 0.8102 0.5117
vn 0.4723 0.7473 -0.4674
vn 0.4804 0.6133 -0.6270
vn 0.3918 0.5841 -0.7108
vn 0.0823 0.0755 -0.9937
vn 0.1189 0.1115 -0.9866
vn -0.2240 0.0672 -0.9723
vn 0.5270 0.8486 0.0454
vn 0.3139 0.8269 -0.4666
vn 0.3636 0.7833 -0.5042
vn -0.3382 0.6488 -0.6817
vn 0.1405 0.9797 -0.1433
vn 0.3046 0.5828 -0.7534
vn 0.1451 0.9859 0.0832
vn 0.1176 0.9867 0.1126
vn 0.1558 0.9849 0.0755
vn 0.4310 -0.7324 -0.5270
vn -0.3315 -0.7058 -0.6261
vn 0.2749 -0.8166 -0.5076
vn -0.0979 0.5270 -0.8442
vn -0.0622 0.5293 -0.8462
vn -0.1170 0.5196 -0.8463
vn 0.9614 0.1149 -0.2501
vn 0.9541 0.1152 -0.2764
vn 0.9370 0.1182 -0.3287
vn 0.9280 0.1946 -0.3178
vn 0.9271 0.2260 -0.2992
vn 0.9320 0.2022 -0.3007
vn 0.9336 0.1185 -0.3382
vn 0.9205 0.1317 -0.3678
vn 0.9286 0.1021 -0.3567
vn 0.7136 0.4902 0.5005
vn 0.5843 0.7387 0.3361
vn 0.7500 0.5833 0.3120
vn 0.7291 0.5701 0.3786
vn 0.8103 0.5697 0.1375
vn 0.8582 0.4736 0.1979
vn 0.9748 0.1037 -0.1973
vn 0.9723 0.1595 -0.1708
vn 0.9681 0.1206 -0.2195
vn 0.9722 0.0983 -0.2124
vn 0.9740 0.1247 -0.1893
vn 0.9669 0.1121 -0.2294
vn 0.6074 0.7944 -0.0009
vn 0.4088 0.9050 0.1181
vn 0.3889 0.9078 0.1568
vn 0.5451 0.2087 -0.8120
vn 0.6575 0.3102 -0.6866
vn 0.7318 0.2528 -0.6329
vn -0.5312 -0.1731 -0.8294
vn -0.5658 -0.2363 -0.7900
vn -0.5432 -0.2563 -0.7995
vn 0.2436 -0.0340 -0.9693
vn 0.2785 0.0158 -0.9603
vn 0.2991 0.0615 -0.9522
vn -0.4278 -0.1726 -0.8873
vn -0.2400 0.2373 -0.9413
vn 0.2919 0.3194 -0.9015
vn 0.0323 -0.2217 -0.9746
vn 0.1763 -0.1297 -0.9757
vn 0.0449 0.1318 -0.9903
vn -0.3394 -0.6060 -0.7194
vn -0.4683 -0.6232 -0.6264
vn -0.3786 -0.8127 -0.4430
vn -0.0588 -0.1383 -0.9886
vn -0.0870 -0.1015 -0.9910
vn -0.1141 -0.1224 -0.9859
vn 0.6398 0.3074 -0.7044
vn 0.6021 0.2568 -0.7560
vn 0.4701 0.3048 -0.8283
vn 0.8070 0.5796 -0.1133
vn 0.7804 0.5578 -0.2827
vn 0.8234 0.5533 -0.1261
vn 0.1293 0.1838 -0.9744
vn 0.2043 0.1800 -0.9622
vn 0.3277 0.1651 -0.9302
vn 0.3774 0.3614 -0.8526
vn 0.3834 0.1795 -0.9060
vn 0.4406 0.2478 -0.8628
vn 0.7316 0.4537 -0.5088
vn 0.8326 0.3287 -0.4457
vn 0.8659 0.2754 -0.4175
vn -0.4966 -0.1595 -0.8532
vn -0.6812 -0.2923 -0.6712
vn -0.6687 -0.2468 -0.7014
vn 0.1030 -0.8056 -0.5835
vn 0.1477 -0.7173 -0.6809
vn -0.0999 -0.9763 -0.1922
vn -0.0928 -0.4905 -0.8665
vn -0.0167 -0.5802 -0.8143
vn -0.1012 -0.5846 -0.8050
vn -0.3806 0.3881 -0.8394
vn -0.4172 0.3186 -0.8511
vn -0.6347 0.1381 -0.7603
vn -0.2577 -0.8879 -0.3810
vn -0.2393 -0.8873 -0.3942
vn -0.2674 -0.8953 -0.3563
vn -0.5580 -0.1588 -0.8145
vn -0.5602 -0.0111 -0.8283
vn -0.6963 -0.1318 -0.7055
vn -0.5161 -0.7776 -0.3592
vn -0.6059 -0.7337 -0.3077
vn -0.5011 -0.7442 -0.4417
vn -0.2643 -0.8701 -0.4161
vn -0.2581 -0.8659 -0.4285
vn -0.1920 -0.8897 -0.4143
vn 0.0196 -0.1363 -0.9905
vn -0.1671 -0.4355 -0.8846
vn 0.0272 -0.0553 -0.9981
vn -0.1927 -0.4203 -0.8867
vn -0.1050 -0.3534 -0.9296
vn 0.0186 -0.1926 -0.9811
vn 0.2358 0.0795 -0.9685
vn 0.3079 -0.0637 -0.9493
vn 0.2558 0.0427 -0.9658
vn -0.2574 -0.1460 -0.9552
vn -0.3062 -0.1169 -0.9448
vn -0.3784 -0.1637 -0.9110
vn 0.3453 0.1110 -0.9319
vn 0.2562 0.1158 -0.9597
vn 0.1968 0.1188 -0.9732
vn 0.9725 0.2327 0.0070
vn 0.9581 0.2089 0.1960
vn 0.9685 0.2478 -0.0259
vn 0.5195 0.2223 -0.8250
vn 0.7215 0.2703 -0.6374
vn 0.6011 0.1836 -0.7778
vn -0.6541 -0.7257 -0.2132
vn -0.8546 -0.1788 -0.4876
vn -0.8495 -0.1163 -0.5147
vn -0.2890 -0.3488 -0.8915
vn -0.5098 -0.3716 -0.7759
vn -0.2999 -0.3761 -0.8767
vn 0.8851 0.2459 -0.3952
vn 0.8202 0.2930 -0.4913
vn 0.9478 0.2272 -0.2235
vn 0.9089 0.3733 0.1860
vn 0.9457 0.2622 -0.1920
vn 0.9350 0.3434 0.0889
vn -0.1631 0.0065 -0.9866
vn -0.1935 0.0180 -0.9809
vn -0.1704 0.0405 -0.9845
vn -0.1167 0.0267 -0.9928
vn -0.1462 -0.0176 -0.9891
vn -0.1267 0.0942 -0.9875
vn -0.2990 -0.7744 -0.5575
vn -0.3758 -0.7259 -0.5760
vn -0.2242 -0.9321 -0.2845
vn -0.0808 0.0225 -0.9965
vn -0.0867 -0.0140 -0.9961
vn -0.0628 0.0451 -0.9970
vn 0.0689 0.1383 -0.9880
vn 0.0802 0.0899 -0.9927
vn 0.0609 0.1772 -0.9823
vn -0.3779 -0.0416 0.9249
vn -0.3608 0.0021 0.9327
vn -0.4404 -0.0299 0.8973
vn 0.8130 0.1985 0.5473
vn 0.7689 0.1545 0.6204
vn 0.7923 0.1284 0.5964
vn -0.8511 -0.0469 -0.5229
vn -0.6879 -0.1953 -0.6990
vn -0.7583 -0.0974 -0.6446
vn -0.3909 0.5624 0.7286
vn -0.4448 0.5245 0.7260
vn -0.5159 0.5265 0.6757
vn 0.0515 0.6971 0.7151
vn 0.0549 0.5924 0.8038
vn 0.0639 0.6775 0.7327
vn -0.1616 0.0053 0.9868
vn -0.1490 0.0080 0.9888
vn -0.1447 0.0196 0.9893
vn -0.1082 0.0768 0.9912
vn -0.1095 0.0701 0.9915
vn -0.0504 -0.0640 0.9967
vn -0.4516 0.0886 0.8878
vn -0.4561 0.1082 0.8833
vn -0.4767 0.1080 0.8724
vn 0.0510 0.9986 0.0099
vn 0.0557 0.9983 0.0159
vn 0.0602 0.9982 -0.0000
vn 0.0236 0.9997 -0.0083
vn 0.0192 0.9998 -0.0082
vn 0.0170 0.9998 0.0050
vn 0.0778 0.9916 -0.1031
vn 0.0493 0.9947 -0.0908
vn 0.0661 0.9946 -0.0803
vn 0.0309 0.9995 -0.0080
vn 0.0251 0.9997 -0.0068
vn 0.0206 0.9998 -0.0065
vn 0.0439 0.9944 0.0966
vn 0.0387 0.9945 0.0974
vn 0.0230 0.9938 0.1092
vn 0.0552 0.9982 -0.0252
vn 0.0382 0.9991 -0.0183
vn 0.0519 0.9982 -0.0293
vn -0.0134 0.9825 -0.1857
vn 0.1439 0.6740 -0.7246
vn 0.4497 0.7878 -0.4209
vn 0.0011 0.9958 -0.0921
vn -0.0214 0.9956 -0.0915
vn 0.0041 0.9970 -0.0772
vn 0.0153 0.9995 0.0291
vn 0.0155 0.9997 0.0180
vn 0.0559 0.9981 0.0256
vn 0.9419 -0.0433 -0.3331
vn 0.9443 0.0576 -0.3242
vn 0.9554 0.0063 -0.2951
vn 0.9196 0.0936 -0.3815
vn 0.8594 0.3812 -0.3406
vn 0.9139 0.0790 -0.3981
vn 0.0332 0.7037 -0.7097
vn -0.0692 0.7758 -0.6271
vn -0.1318 0.9760 -0.1732
vn 0.3713 0.8878 0.2721
vn 0.6209 0.7147 0.3219
vn 0.3942 0.8658 0.3081
vn 0.9124 0.0755 -0.4023
vn 0.9141 0.0824 -0.3971
vn 0.8678 0.3802 -0.3200
vn 0.9685 0.0548 -0.2427
vn 0.9295 0.0580 -0.3642
vn 0.9162 0.3015 -0.2640
vn 0.8553 0.3460 -0.3857
vn 0.8690 0.0166 -0.4946
vn 0.8390 0.3276 -0.4344
vn 0.8122 0.2327 -0.5349
vn 0.8664 0.2758 -0.4164
vn 0.7431 0.6622 0.0963
vn 0.4627 0.6571 0.5950
vn 0.2147 0.7811 0.5863
vn 0.5500 0.6858 0.4767
vn 0.1586 0.9856 0.0586
vn 0.1653 0.9823 0.0876
vn 0.1474 0.9879 0.0479
vn -0.0104 0.9997 -0.0200
vn -0.0148 0.9995 -0.0273
vn -0.0203 0.9998 -0.0067
vn 0.0867 0.9778 -0.1907
vn 0.0912 0.9793 -0.1807
vn 0.0843 0.9798 -0.1812
vn 0.3486 0.8951 0.2778
vn 0.3289 0.8959 0.2987
vn 0.3657 0.8863 0.2840
vn -0.1010 0.9553 -0.2780
vn -0.1102 0.9507 -0.2898
vn -0.1054 0.9502 -0.2933
vn 0.0681 0.9968 -0.0409
vn 0.0648 0.9968 -0.0469
vn 0.0697 0.9964 -0.0476
vn 0.0516 0.9974 -0.0495
vn 0.0349 0.9981 -0.0502
vn 0.0585 0.9970 -0.0516
vn 0.0319 0.9991 -0.0296
vn 0.0241 0.9987 -0.0457
vn 0.0494 0.9983 -0.0293
vn 0.0895 0.9948 0.0480
vn 0.0699 0.9970 0.0318
vn 0.0481 0.9975 0.0517
vn -0.0040 0.9992 -0.0397
vn -0.0069 0.9999 -0.0135
vn 0.0101 0.9999 0.0138
vn 0.0692 0.9976 -0.0032
vn 0.0682 0.9969 -0.0379
vn 0.0557 0.9968 -0.0574
vn 0.0835 0.9764 -0.1991
vn 0.0725 0.9957 -0.0584
vn 0.0382 0.9936 -0.1065
vn 0.0628 0.9973 -0.0379
vn 0.0636 0.9964 -0.0554
vn 0.0816 0.9953 -0.0514
vn 0.0496 0.9969 -0.0619
vn 0.0293 0.9983 -0.0513
vn 0.0102 0.9998 -0.0184
vn 0.0134 0.0839 -0.9964
vn 0.0962 -0.0140 -0.9953
vn 0.0913 -0.0025 -0.9958
vn 0.0283 0.9990 -0.0349
vn 0.1040 0.9840 -0.1445
vn 0.0578 0.9980 -0.0239
vn 0.0690 0.9938 -0.0876
vn 0.0731 0.9970 0.0266
vn -0.6201 0.7402 -0.2598
vn 0.0009 0.9981 0.0610
vn -0.0096 0.9999 0.0059
vn 0.0105 0.9985 0.0535
vn 0.4711 0.6228 -0.6246
vn 0.5054 0.8121 -0.2918
vn 0.6212 0.6386 -0.4542
vn 0.0927 -0.0870 -0.9919
vn 0.0934 -0.0585 -0.9939
vn 0.0787 -0.0007 -0.9969
vn -0.0775 0.5916 -0.8025
vn -0.0549 0.3592 -0.9317
vn 0.0359 0.5194 -0.8538
vn 0.2924 0.3282 -0.8982
vn 0.1589 -0.0153 -0.9872
vn 0.0678 0.1905 -0.9794
vn 0.1115 -0.0950 -0.9892
vn 0.1958 -0.0860 -0.9769
vn 0.1086 -0.1049 -0.9885
vn 0.3319 0.8036 -0.4941
vn 0.3566 0.8707 -0.3386
vn -0.0479 0.7860 -0.6164
vn -0.1057 0.0147 -0.9943
vn -0.1806 0.4519 -0.8736
vn 0.4810 -0.2986 -0.8243
vn 0.2251 0.9583 -0.1761
vn 0.2531 0.9571 0.1407
vn 0.1777 0.9841 0.0076
vn 0.1138 0.1582 -0.9808
vn 0.0708 0.1212 -0.9901
vn 0.5049 0.2998 -0.8094
vn 0.0844 -0.0284 -0.9960
vn 0.0932 -0.0265 -0.9953
vn 0.0746 -0.0125 -0.9971
vn 0.0756 -0.0758 -0.9942
vn 0.0882 -0.0800 -0.9929
vn 0.0526 -0.1075 -0.9928
vn 0.2033 0.0297 -0.9787
vn 0.1841 0.0303 -0.9824
vn 0.1758 0.0280 -0.9840
vn 0.1210 -0.0596 -0.9909
vn 0.1125 -0.0450 -0.9926
vn 0.1216 -0.0501 -0.9913
vn 0.0872 0.0040 -0.9962
vn 0.0926 -0.0070 -0.9957
vn 0.0845 -0.0017 -0.9964
vn 0.0919 -0.0039 -0.9958
vn 0.0909 -0.0148 -0.9958
vn 0.0962 -0.0120 -0.9953
vn 0.1063 0.9938 -0.0314
vn 0.0723 0.9972 -0.0212
vn 0.1105 0.9934 -0.0298
vn 0.0925 -0.0177 -0.9956
vn 0.0912 -0.0115 -0.9958
vn 0.0902 -0.0161 -0.9958
vn 0.0977 -0.0070 -0.9952
vn 0.0900 -0.0008 -0.9959
vn 0.0938 -0.0084 -0.9956
vn 0.0860 0.0090 -0.9963
vn 0.0970 -0.0006 -0.9953
vn 0.0757 0.1053 -0.9916
vn 0.0855 -0.0092 -0.9963
vn 0.0887 -0.0199 -0.9959
vn 0.0857 -0.0200 -0.9961
vn 0.0858 -0.0200 -0.9961
vn 0.0900 -0.0085 -0.9959
vn 0.0899 -0.0209 -0.9957
vn 0.0476 0.9988 -0.0089
vn 0.0550 0.9985 0.0042
vn 0.0454 0.9990 -0.0038
vn 0.6712 0.6715 0.3139
vn 0.7141 0.6611 0.2302
vn 0.5227 0.8456 -0.1084
vn 0.9729 0.2312 -0.0070
vn 0.8882 0.4215 -0.1827
vn 0.7144 0.5503 0.4322
vn -0.2352 0.0996 0.9668
vn 0.4302 0.1340 0.8927
vn 0.3120 0.0195 0.9499
vn 0.0613 0.9940 0.0902
vn 0.0799 0.9278 0.3644
vn -0.0296 0.9743 0.2234
vn 0.9931 -0.0190 0.1153
vn 0.9971 -0.0201 0.0728
vn 0.9976 0.0327 0.0616
vn 0.9979 0.0511 -0.0388
vn 0.9647 0.2554 -0.0639
vn 0.9808 0.1948 0.0017
vn 0.9984 -0.0494 0.0277
vn 0.9965 -0.0584 0.0590
vn 0.9957 -0.0614 0.0699
vn 0.9984 0.0186 -0.0540
vn 0.9884 -0.0279 -0.1493
vn 0.9702 0.2123 -0.1169
vn 0.0524 0.9983 -0.0246
vn 0.0397 0.9990 -0.0194
vn 0.0494 0.9985 -0.0236
vn -0.0178 0.9984 0.0534
vn 0.0021 0.9978 0.0669
vn -0.0330 0.9955 0.0893
vn 0.4750 0.8629 0.1725
vn 0.2691 0.9604 0.0718
vn 0.6939 0.7095 -0.1225
vn 0.6472 -0.1005 -0.7557
vn 0.5117 -0.0891 -0.8545
vn 0.7383 -0.0631 -0.6715
vn 0.4490 -0.1183 -0.8857
vn 0.5583 -0.0523 -0.8280
vn 0.6849 -0.0451 -0.7272
vn -0.2518 0.8710 0.4219
vn 0.3118 0.9281 0.2036
vn 0.4412 0.8389 -0.3188
vn 0.3781 -0.0833 -0.9220
vn 0.2971 -0.0462 -0.9537
vn 0.3825 -0.0523 -0.9225
vn 0.3919 0.8494 0.3535
vn 0.0608 0.9945 0.0855
vn 0.0258 0.9372 0.3477
vn -0.6559 0.0626 -0.7522
vn -0.6590 0.0646 -0.7494
vn -0.5934 0.1784 -0.7849
vn -0.9699 -0.2369 -0.0559
vn -0.9656 -0.2589 -0.0236
vn -0.9655 -0.2601 -0.0124
vn -0.0623 -0.0531 -0.9966
vn -0.0500 -0.0433 -0.9978
vn -0.0832 -0.0353 -0.9959
vn -0.8752 0.1300 -0.4660
vn -0.8929 0.1765 -0.4141
vn -0.8776 0.1397 -0.4586
vn 0.2758 0.4123 0.8683
vn 0.2614 0.4356 0.8614
vn 0.3492 0.5776 0.7378
vn -0.1077 0.0046 0.9942
vn -0.1048 0.0003 0.9945
vn -0.1047 0.0168 0.9944
vn -0.7844 -0.2982 -0.5438
vn -0.7602 -0.2291 -0.6080
vn -0.7308 -0.2115 -0.6491
vn -0.1282 0.1716 0.9768
vn -0.1145 0.3209 0.9401
vn -0.0250 0.3676 0.9297
vn -0.1039 0.0165 0.9945
vn -0.1023 0.0136 0.9947
vn -0.4476 -0.8063 0.3867
vn -0.4898 -0.7951 0.3576
vn -0.5099 -0.8076 0.2961
vn 0.0643 -0.0177 -0.9978
vn 0.1374 0.0126 -0.9904
vn 0.0737 0.0406 -0.9965
vn -0.2085 0.9077 0.3643
vn -0.1553 0.9738 0.1660
vn 0.0887 0.8438 0.5293
vn -0.0262 0.8265 0.5623
vn 0.0637 0.9931 0.0981
vn -0.0194 0.9156 0.4016
vn -0.2031 0.2359 -0.9503
vn -0.1607 0.2106 -0.9643
vn -0.1874 0.2303 -0.9549
vn 0.9286 0.3516 -0.1188
vn 0.7930 0.5849 0.1704
vn 0.6137 0.7867 0.0664
vn 0.5750 0.6468 0.5010
vn 0.6531 0.5085 0.5611
vn 0.6574 0.7253 0.2043
vn -0.0517 0.0885 0.9947
vn -0.0295 0.1153 0.9929
vn -0.0194 0.2373 0.9713
vn -0.1307 0.0830 0.9879
vn -0.1124 0.0704 0.9912
vn -0.1282 0.0782 0.9887
vn 0.5812 0.8104 0.0731
vn 0.6177 0.7829 -0.0738
vn 0.2156 0.8330 -0.5096
vn -0.2010 0.7981 -0.5679
vn -0.1367 0.6203 -0.7724
vn 0.0993 0.7049 -0.7023
vn 0.0257 0.9955 -0.0909
vn -0.3038 0.9461 -0.1124
vn 0.1478 0.9876 -0.0532
vn -0.0348 0.0046 -0.9994
vn -0.0284 0.0078 -0.9996
vn -0.0507 0.0118 -0.9986
vn -0.0656 -0.1431 -0.9875
vn -0.0755 -0.0746 -0.9943
vn -0.1732 -0.1802 -0.9683
vn 0.9584 -0.2828 0.0387
vn 0.8179 0.0558 -0.5727
vn 0.7171 -0.3940 -0.5749
vn -0.3008 0.3844 0.8728
vn -0.3599 0.3932 0.8461
vn -0.3323 0.3123 0.8900
vn -0.4971 -0.0345 0.8670
vn -0.5350 0.0671 0.8422
vn -0.4747 -0.0831 0.8762
vn -0.0699 0.0986 0.9927
vn -0.0731 0.1182 0.9903
vn -0.0104 0.0391 0.9992
vn -0.3033 0.0332 0.9523
vn -0.3826 0.0475 0.9227
vn -0.2730 0.0482 0.9608
vn -0.1520 0.1113 0.9821
vn -0.0777 0.0764 0.9940
vn -0.1091 0.0863 0.9903
vn -0.1369 0.1516 0.9789
vn -0.1128 0.1738 0.9783
vn -0.1579 0.1835 0.9703
vn 0.2173 0.0681 0.9737
vn 0.0360 -0.0134 0.9993
vn 0.1055 -0.0157 0.9943
vn 0.2598 0.0907 0.9614
vn 0.1862 0.0434 0.9815
vn 0.3290 0.0855 0.9404
vn -0.1984 -0.1878 0.9620
vn -0.1442 -0.1443 0.9790
vn -0.2040 -0.0949 0.9744
vn 0.4106 -0.5027 0.7607
vn 0.4427 -0.2707 0.8549
vn 0.4716 -0.2381 0.8490
vn -0.2294 0.0083 0.9733
vn -0.2990 -0.0412 0.9534
vn -0.2354 -0.0116 0.9718
vn -0.4908 -0.3832 -0.7825
vn -0.5493 -0.3427 -0.7621
vn -0.5612 -0.1560 -0.8129
vn 0.0608 0.0268 0.9978
vn 0.1812 -0.0595 0.9817
vn 0.1998 -0.0332 0.9793
vn -0.4695 0.1210 -0.8746
vn -0.4065 0.0834 -0.9098
vn -0.3021 0.1291 -0.9445
vn -0.7020 -0.7117 0.0236
vn -0.7181 -0.6938 -0.0543
vn -0.7717 -0.6007 -0.2089
vn -0.1542 -0.0537 0.9866
vn -0.1114 -0.0604 0.9919
vn -0.1497 -0.0504 0.9874
vn -0.2620 0.1424 0.9545
vn -0.2378 0.1269 0.9630
vn -0.2491 0.1556 0.9559
vn -0.1074 -0.0856 0.9905
vn -0.1486 -0.0666 0.9867
vn -0.1798 -0.1218 0.9761
vn -0.1644 -0.0441 0.9854
vn -0.1573 -0.0409 0.9867
vn -0.1570 -0.0384 0.9868
vn -0.1329 0.0492 0.9899
vn -0.0507 0.1647 0.9850
vn -0.0816 0.0105 0.9966
vn 0.1385 -0.0255 0.9900
vn 0.2699 -0.0848 0.9592
vn 0.1577 -0.0167 0.9873
vn -0.3316 0.3704 0.8676
vn -0.4029 0.2515 0.8800
vn -0.4330 0.2618 0.8625
vn 0.3465 -0.0381 0.9373
vn 0.4048 -0.0555 0.9127
vn 0.2099 -0.0984 0.9728
vn -0.1570 0.0208 0.9874
vn -0.1814 0.0346 0.9828
vn -0.2010 -0.0091 0.9795
vn 0.0090 -0.3669 0.9302
vn -0.0939 -0.0331 0.9950
vn -0.1771 0.0687 0.9818
vn -0.8156 -0.3427 -0.4662
vn -0.8153 -0.5340 -0.2240
vn -0.7801 -0.5242 -0.3415
vn -0.3825 -0.5524 -0.7406
vn -0.4659 -0.5061 -0.7258
vn -0.3875 -0.3173 -0.8655
vn -0.9373 0.0012 0.3485
vn -0.9943 -0.0407 0.0986
vn -0.9739 -0.0539 0.2203
vn -0.3305 0.1714 0.9281
vn -0.2860 0.1371 0.9484
vn -0.3747 0.1541 0.9143
vn -0.1608 0.1061 0.9813
vn -0.2049 0.1016 0.9735
vn -0.1387 0.1706 0.9755
vn 0.1421 0.1806 0.9732
vn 0.2526 0.1129 0.9610
vn 0.1693 0.1457 0.9747
vn -0.7262 0.0975 -0.6806
vn -0.7443 0.0846 -0.6625
vn -0.7520 0.1243 -0.6473
vn -0.7226 0.0634 -0.6884
vn -0.7490 0.0908 -0.6564
vn -0.7346 0.1157 -0.6686
vn 0.0597 0.9313 0.3593
vn 0.0694 0.9684 0.2394
vn 0.0186 0.9863 0.1637
vn -0.1399 -0.0162 0.9900
vn 0.0117 0.4169 0.9089
vn -0.1088 0.3052 0.9461
vn 0.0004 0.9857 0.1684
vn 0.0049 0.9847 0.1739
vn -0.0096 0.9814 0.1917
vn -0.0252 0.9750 0.2207
vn -0.0114 0.9721 0.2343
vn -0.0761 0.8803 0.4682
vn 0.0912 0.9956 -0.0193
vn -0.1324 0.6185 0.7745
vn 0.0138 0.7267 0.6868
vn -0.1037 -0.0358 0.9940
vn -0.0860 -0.0471 0.9952
vn -0.0928 -0.0209 0.9955
vn -0.0120 -0.3711 0.9285
vn -0.0037 -0.3346 0.9424
vn 0.0197 -0.2452 0.9693
vn -0.0998 -0.0727 0.9923
vn -0.0835 -0.0430 0.9956
vn -0.0920 -0.0505 0.9945
vn -0.0488 0.9988 -0.0013
vn -0.2434 0.6460 0.7235
vn -0.1056 0.5083 0.8547
vn -0.2255 0.4904 0.8418
vn 0.3245 0.7286 0.6032
vn -0.0599 0.4599 0.8859
vn -0.0969 0.0310 0.9948
vn -0.1152 0.0123 0.9933
vn -0.1053 0.0330 0.9939
vn -0.2026 0.9542 0.2203
vn -0.1246 0.9805 0.1519
vn -0.1282 0.9717 0.1985
vn -0.0645 -0.0289 0.9975
vn -0.0731 -0.0474 0.9962
vn -0.1006 -0.0170 0.9948
vn -0.0872 -0.0132 0.9961
vn -0.0935 0.0271 0.9952
vn -0.1139 0.0206 0.9933
vn -0.0848 -0.0160 0.9963
vn -0.1076 -0.0445 0.9932
vn -0.1125 -0.0481 0.9925
vn -0.0675 0.0198 0.9975
vn -0.0866 0.0281 0.9958
vn -0.0798 0.0285 0.9964
vn -0.8784 0.0283 0.4770
vn -0.7885 0.2422 0.5654
vn -0.9051 0.0698 0.4194
vn -0.1256 -0.0332 0.9915
vn -0.0947 0.0160 0.9954
vn -0.0931 -0.0176 0.9955
vn -0.1148 -0.0717 0.9908
vn -0.1735 -0.0326 0.9843
vn -0.1972 -0.0632 0.9783
vn -0.0439 -0.0065 0.9990
vn -0.0239 -0.0015 0.9997
vn -0.0345 -0.0167 0.9993
vn -0.1185 -0.1200 0.9857
vn -0.1196 -0.0899 0.9888
vn -0.1326 -0.0885 0.9872
vn -0.0557 -0.0513 0.9971
vn -0.0465 -0.0629 0.9969
vn -0.0149 -0.0783 0.9968
vn -0.1088 0.9272 0.3584
vn 0.4812 0.6293 0.6102
vn -0.1586 0.9792 0.1264
vn -0.0216 0.9714 0.2363
vn -0.0561 0.9611 0.2705
vn 0.0551 0.9697 0.2382
vn -0.1391 -0.0056 0.9903
vn -0.1579 -0.0562 0.9859
vn -0.1336 -0.0709 0.9885
vn -0.0705 -0.0791 0.9944
vn -0.1033 -0.0709 0.9921
vn -0.1272 -0.1013 0.9867
vn -0.1400 0.0181 0.9900
vn -0.1870 0.0273 0.9820
vn -0.1330 0.0193 0.9909
vn -0.1115 0.0641 0.9917
vn -0.1164 0.0060 0.9932
vn -0.1252 0.0329 0.9916
vn 0.1607 0.9623 0.2193
vn -0.1843 0.9227 0.3385
vn -0.0511 0.9348 0.3514
vn -0.0401 0.0424 0.9983
vn -0.0309 0.0473 0.9984
vn -0.0440 0.0473 0.9979
vn -0.1069 -0.0797 0.9911
vn -0.1272 -0.0470 0.9908
vn -0.1735 -0.0209 0.9846
vn -0.1970 0.9462 0.2566
vn -0.1999 0.9245 0.3247
vn -0.2169 0.9479 0.2335
vn -0.0937 -0.0006 0.9956
vn -0.0969 -0.0451 0.9943
vn -0.1168 -0.0262 0.9928
vn -0.0501 0.2258 0.9729
vn -0.0435 0.2164 0.9753
vn -0.0356 0.3161 0.9480
vn -0.0211 0.9903 0.1375
vn -0.0092 0.9882 0.1527
vn -0.0941 0.9804 0.1732
vn -0.3559 0.1274 0.9258
vn -0.3291 0.1784 0.9273
vn -0.3188 0.1762 0.9313
vn -0.1684 -0.0439 0.9847
vn -0.1523 -0.0836 0.9848
vn -0.1895 -0.0606 0.9800
vn -0.0817 0.0340 0.9961
vn -0.0721 0.0946 0.9929
vn -0.0561 0.0216 0.9982
vn -0.0390 0.2011 0.9788
vn -0.1397 0.5183 0.8437
vn 0.2173 0.4069 0.8872
vn -0.5070 0.1387 0.8507
vn -0.3169 0.0694 0.9459
vn -0.4852 0.0993 0.8688
vn -0.0224 0.9641 0.2645
vn 0.0164 0.9887 0.1488
vn -0.4697 0.7190 0.5123
vn -0.1176 0.9493 0.2916
vn -0.0851 0.9589 0.2706
vn -0.1916 0.8463 0.4970
vn -0.3533 0.4283 0.8317
vn 0.1898 0.7203 0.6672
vn 0.2077 0.7136 0.6690
vn 0.0415 0.9776 0.2063
vn 0.0285 0.9634 0.2665
vn -0.0404 0.9676 0.2491
vn -0.3361 -0.2254 0.9144
vn -0.6241 -0.2426 0.7427
vn 0.0464 0.2315 0.9717
vn -0.1159 -0.0762 0.9903
vn -0.1531 -0.0655 0.9860
vn -0.1109 -0.0826 0.9904
vn -0.6722 0.6958 0.2531
vn -0.7351 0.6226 0.2683
vn -0.8995 0.3317 0.2843
vn 0.3087 0.5775 0.7558
vn 0.3293 0.5937 0.7342
vn 0.3285 0.5331 0.7796
vn -0.3423 0.9396 -0.0015
vn -0.2121 0.9618 0.1731
vn -0.3441 0.9371 0.0593
vn 0.1601 0.4726 0.8666
vn 0.3228 0.1999 0.9251
vn 0.1523 0.6108 0.7770
vn -0.1056 -0.0202 0.9942
vn -0.1010 0.0202 0.9947
vn -0.1213 -0.0189 0.9924
vn 0.0632 0.0147 0.9979
vn 0.0461 0.0070 0.9989
vn -0.0889 0.0305 0.9956
vn -0.0394 -0.0385 0.9985
vn 0.0230 -0.0416 0.9989
vn 0.0168 -0.0768 0.9969
vn -0.1094 0.1469 0.9831
vn -0.1399 0.3058 0.9417
vn -0.3048 0.6858 0.6608
vn -0.3593 0.4821 0.7991
vn -0.4140 0.6357 0.6515
vn -0.3496 0.5237 0.7768
vn -0.3231 0.9463 0.0101
vn -0.2892 0.9564 0.0414
vn -0.5035 0.8640 0.0018
vn -0.1833 0.9704 0.1571
vn -0.2948 0.9556 -0.0020
vn -0.2116 0.9721 0.1012
vn -0.5606 0.5394 -0.6283
vn -0.5675 0.4725 -0.6743
vn -0.6024 0.4723 -0.6434
vn -0.1754 0.0113 0.9844
vn -0.2074 -0.0186 0.9781
vn -0.1591 -0.0747 0.9844
vn 0.1271 0.9871 0.0978
vn -0.0027 0.9603 0.2790
vn 0.4372 0.8079 0.3951
vn 0.2124 0.0456 0.9761
vn -0.2634 0.4567 0.8497
vn -0.0655 0.3708 0.9264
vn -0.2301 -0.0284 0.9727
vn -0.1562 -0.0206 0.9875
vn -0.2195 -0.0055 0.9756
vn -0.0734 -0.0072 0.9973
vn -0.1156 -0.0288 0.9929
vn -0.1052 0.0219 0.9942
vn -0.4153 0.8469 0.3321
vn -0.1914 0.5600 0.8061
vn -0.0743 0.8653 0.4957
vn 0.0133 0.9819 0.1891
vn 0.0018 0.9542 0.2992
vn 0.0441 0.9644 0.2606
vn 0.0562 0.9848 0.1645
vn 0.3063 0.6002 0.7388
vn 0.0290 0.9950 0.0952
vn 0.2258 0.6136 0.7567
vn -0.4256 0.2749 0.8622
vn -0.4842 0.0963 0.8696
vn -0.1076 -0.0548 0.9927
vn -0.0958 -0.0346 0.9948
vn -0.1023 -0.0497 0.9935
vn -0.2694 0.9596 0.0815
vn 0.0108 0.9530 0.3027
vn 0.4532 0.6830 0.5728
vn 0.2378 -0.3180 0.9178
vn 0.0589 -0.2122 0.9755
vn 0.0666 -0.3683 0.9273
vn 0.0309 0.0431 0.9986
vn -0.0900 -0.0496 0.9947
vn -0.0348 0.0067 0.9994
vn -0.0621 0.0193 0.9979
vn -0.1017 -0.0171 0.9947
vn -0.0485 -0.0348 0.9982
vn -0.1555 -0.0241 0.9875
vn -0.1097 -0.0139 0.9939
vn -0.0949 -0.0485 0.9943
vn -0.0696 -0.0102 0.9975
vn -0.0907 0.0042 0.9959
vn -0.0628 -0.0196 0.9978
vn 0.0284 0.0386 0.9989
vn 0.1860 0.1043 0.9770
vn -0.1248 -0.2429 0.9620
vn -0.1071 -0.0361 0.9936
vn -0.1015 -0.0250 0.9945
vn -0.1048 -0.0161 0.9944
vn -0.0419 0.9699 0.2399
vn 0.0485 0.9529 0.2995
vn 0.3922 0.8093 0.4373
vn 0.0485 0.9813 0.1865
vn 0.0574 0.9626 0.2649
vn 0.0964 0.9262 0.3645
vn -0.2844 0.1525 0.9465
vn -0.1855 0.0793 0.9794
vn -0.1927 0.1168 0.9743
vn -0.0856 -0.0981 0.9915
vn -0.2706 -0.0113 0.9626
vn -0.0829 -0.0962 0.9919
vn -0.4052 0.0035 0.9142
vn -0.3398 0.1311 0.9313
vn -0.3733 0.0527 0.9262
vn -0.2106 0.2680 0.9401
vn -0.2614 0.2922 0.9199
vn -0.1335 0.3547 0.9254
vn -0.1965 0.0353 0.9799
vn 0.2932 0.1800 0.9389
vn -0.1819 0.0978 0.9784
vn 0.2647 0.8409 0.4719
vn 0.3350 0.8121 0.4779
vn 0.4322 0.7308 0.5283
vn -0.1538 0.0011 0.9881
vn -0.2414 -0.0687 0.9680
vn -0.1465 -0.1081 0.9833
vn -0.2636 0.6802 0.6840
vn -0.1958 0.8640 0.4639
vn -0.4183 0.7567 0.5024
vn -0.1459 0.6587 0.7381
vn 0.0180 0.5811 0.8136
vn -0.1707 0.9850 -0.0254
vn 0.0994 0.0972 0.9903
vn 0.0616 0.0171 0.9980
vn 0.1100 -0.0187 0.9938
vn 0.2530 -0.0738 0.9647
vn 0.5079 -0.1580 0.8468
vn 0.4253 -0.0722 0.9022
vn -0.0983 -0.2638 0.9595
vn -0.1119 -0.1703 0.9790
vn -0.1407 -0.1290 0.9816
vn -0.1960 0.0041 0.9806
vn -0.2201 -0.0255 0.9752
vn -0.1857 0.0237 0.9823
vn -0.2913 0.9494 0.1170
vn -0.4363 0.8962 0.0804
vn -0.2248 0.9736 0.0394
vn -0.6279 0.0467 0.7769
vn -0.5604 0.1538 0.8138
vn -0.4136 0.0144 0.9103
vn -0.5987 0.0596 0.7987
vn -0.5876 0.0638 0.8066
vn -0.7567 0.2677 0.5964
vn -0.0172 0.5954 0.8032
vn 0.0285 0.0993 0.9947
vn 0.0518 0.7035 0.7088
vn -0.4641 0.3456 0.8156
vn -0.5171 0.2303 0.8244
vn -0.5013 0.6674 0.5508
vn -0.0706 -0.0212 0.9973
vn -0.1298 -0.0422 0.9906
vn -0.1566 0.6345 0.7569
vn -0.0403 0.0087 0.9992
vn -0.0699 0.0500 0.9963
vn -0.0905 0.0065 0.9959
vn -0.1305 0.1109 0.9852
vn -0.1169 0.1192 0.9860
vn -0.1586 0.0400 0.9865
vn -0.4118 0.1846 0.8924
vn -0.4069 0.1363 0.9032
vn -0.4047 0.1793 0.8967
vn 0.0557 -0.0079 0.9984
vn -0.1712 -0.0994 0.9802
vn -0.0573 -0.0801 0.9951
vn -0.5490 0.2901 0.7838
vn -0.5916 0.2296 0.7728
vn -0.6125 0.2409 0.7528
vn -0.1220 0.0199 0.9923
vn -0.2232 0.0600 0.9729
vn -0.1472 0.0834 0.9856
vn -0.2740 -0.1057 0.9559
vn -0.2759 -0.1635 0.9472
vn -0.2322 -0.1004 0.9675
vn 0.1620 0.2261 0.9605
vn -0.0838 0.1244 0.9887
vn 0.3776 0.2406 0.8942
vn -0.4914 0.0598 0.8689
vn -0.5272 0.0536 0.8481
vn -0.5401 0.0209 0.8413
vn -0.8319 -0.0187 0.5547
vn -0.8630 0.0475 0.5030
vn -0.8894 0.0970 0.4468
vn -0.4905 0.0964 0.8661
vn -0.5029 0.0405 0.8634
vn -0.5029 0.0242 0.8640
vn -0.8913 -0.4474 -0.0739
vn -0.8763 -0.4682 0.1133
vn -0.9516 -0.2867 0.1104
vn -0.7315 -0.5397 -0.4168
vn -0.8068 -0.5003 -0.3143
vn -0.8106 -0.4101 -0.4181
vn -0.9891 -0.1366 -0.0557
vn -0.9164 -0.3781 -0.1312
vn -0.9878 -0.1506 0.0394
vn -0.7198 -0.6240 -0.3041
vn -0.8090 -0.5346 -0.2446
vn -0.7262 -0.5638 -0.3934
vn 0.1621 -0.0038 0.9868
vn 0.3015 -0.1259 0.9451
vn 0.4590 -0.1005 0.8827
vn -0.4823 0.2488 0.8400
vn -0.5711 0.3127 0.7590
vn -0.6291 0.3184 0.7091
vn -0.7305 0.4137 0.5433
vn -0.6620 0.4886 0.5683
vn -0.8029 0.3988 0.4431
vn -0.4758 -0.0393 0.8787
vn -0.3333 -0.0581 0.9410
vn -0.1493 0.1481 0.9776
vn 0.5208 0.0138 0.8536
vn 0.3159 0.0391 0.9480
vn 0.6001 -0.0718 0.7967
vn 0.6360 0.0045 0.7716
vn 0.5197 -0.0108 0.8543
vn 0.4677 0.1661 0.8681
vn 0.5303 0.0428 0.8467
vn 0.2626 0.0427 0.9640
vn 0.3827 0.0030 0.9239
vn -0.0553 0.1488 0.9873
vn -0.1929 0.2040 0.9598
vn -0.0056 -0.0094 0.9999
vn -0.9928 0.0048 -0.1197
vn -0.9670 -0.0924 -0.2374
vn -0.9758 0.1497 -0.1591
vn -0.9803 0.1909 -0.0505
vn -0.9194 0.3602 0.1581
vn -0.9877 0.1413 0.0676
vn -0.9185 -0.0313 0.3942
vn -0.9590 -0.0350 0.2812
vn -0.9102 -0.0710 0.4081
vn -0.4415 -0.0205 -0.8970
vn -0.3513 0.0520 -0.9348
vn -0.3150 0.0095 -0.9490
vn 0.2464 0.9526 0.1783
vn 0.1585 0.8095 0.5653
vn -0.1568 0.9859 -0.0589
vn -0.0427 0.9941 -0.0994
vn 0.4930 0.8656 -0.0873
vn 0.0800 0.9770 -0.1978
vn 0.0592 0.4641 -0.8838
vn 0.1629 0.7813 -0.6025
vn 0.1470 0.7703 -0.6205
vn 0.3936 0.9192 -0.0165
vn 0.6968 0.7073 0.1191
vn 0.4725 0.7741 0.4213
vn 0.5754 0.8178 0.0136
vn 0.2479 0.9655 0.0796
vn 0.0308 0.9870 0.1577
vn -0.8602 -0.0595 -0.5065
vn -0.8545 -0.1034 -0.5091
vn -0.9683 -0.0171 -0.2493
vn 0.2210 0.8387 -0.4978
vn 0.4447 0.8735 -0.1980
vn 0.3005 0.8052 -0.5111
vn -0.2624 0.4621 -0.8471
vn -0.5158 0.2889 -0.8065
vn -0.4682 0.2999 -0.8312
vn 0.1448 0.6295 0.7634
vn 0.7384 0.5939 0.3196
vn 0.4206 0.3518 0.8362
vn 0.5032 0.8610 0.0736
vn 0.2681 0.9526 -0.1438
vn 0.0516 0.9976 -0.0469
vn -0.1718 -0.1731 0.9698
vn -0.1899 -0.0209 0.9816
vn 0.1516 -0.1182 0.9814
vn -0.9569 0.0352 0.2883
vn -0.9749 0.2141 0.0612
vn -0.9908 0.0413 0.1292
vn -0.4867 -0.8665 0.1109
vn -0.4136 -0.9037 0.1106
vn -0.3960 -0.9183 -0.0026
vn 0.3749 0.9211 0.1049
vn 0.4941 0.8191 0.2916
vn 0.2909 0.6691 0.6839
vn 0.4280 0.7943 0.4311
vn 0.4067 0.5047 0.7615
vn 0.7115 0.4565 0.5343
vn 0.9243 0.1303 0.3588
vn 0.9552 0.0128 0.2957
vn 0.7903 -0.0524 0.6104
vn 0.8121 0.1586 0.5616
vn 0.6174 0.7449 0.2528
vn 0.9317 0.2136 0.2937
vn 0.0707 0.9895 -0.1262
vn 0.0389 0.9552 0.2935
vn -0.1570 0.9756 0.1532
vn -0.3872 0.2646 0.8832
vn -0.2745 0.3912 0.8784
vn -0.4479 0.0725 0.8911
vn -0.1359 0.0294 0.9903
vn 0.0322 0.3556 0.9341
vn -0.1413 0.2993 0.9436
vn 0.1377 0.8874 0.4399
vn 0.3447 0.9383 -0.0278
vn 0.3983 0.9109 0.1079
vn 0.2134 0.9737 0.0799
vn 0.0364 0.9873 -0.1547
vn 0.4713 0.8766 0.0970
vn 0.9684 -0.0866 0.2338
vn 0.1333 -0.1051 0.9855
vn 0.8294 -0.0298 0.5578
vn 0.2713 0.9596 0.0747
vn 0.4147 0.9018 0.1218
vn 0.2058 0.9571 0.2037
vn -0.9136 0.1048 -0.3928
vn -0.8597 0.0856 -0.5036
vn -0.9089 0.0297 -0.4158
vn 0.0447 0.9988 -0.0192
vn -0.1155 0.9707 -0.2109
vn -0.1789 0.9832 -0.0372
vn -0.4546 0.7004 0.5503
vn -0.1932 0.9448 0.2645
vn -0.1301 0.5638 0.8156
vn 0.2922 0.9552 0.0480
vn 0.2232 0.9747 0.0112
vn 0.4434 0.8963 -0.0040
vn 0.2892 0.5692 -0.7697
vn -0.0325 0.6332 -0.7733
vn -0.0383 0.7901 -0.6118
vn 0.4295 0.8877 -0.1656
vn 0.6108 0.7893 0.0628
vn 0.2946 0.8826 -0.3663
vn -0.2284 0.9268 0.2982
vn 0.1910 0.9353 0.2978
vn 0.3363 0.6916 0.6392
vn -0.3387 0.2209 -0.9146
vn -0.3478 0.1661 -0.9227
vn -0.3174 0.6104 -0.7257
vn 0.9398 0.0086 -0.3416
vn 0.9325 0.0162 -0.3607
vn 0.9366 -0.0004 -0.3503
vn 0.0125 -0.0811 -0.9966
vn 0.0090 -0.0845 -0.9964
vn 0.0351 -0.0664 -0.9972
vn -0.1987 0.2710 -0.9419
vn -0.6612 0.3926 -0.6393
vn -0.4013 0.0808 -0.9124
vn -0.7146 0.1851 -0.6746
vn -0.7141 -0.2152 -0.6662
vn -0.5897 -0.3184 -0.7422
vn 0.0691 0.6534 -0.7539
vn -0.2034 0.7846 -0.5857
vn -0.4256 0.7655 -0.4825
vn 0.1517 0.8029 0.5765
vn 0.2579 0.8238 0.5048
vn 0.0627 0.9710 0.2309
vn -0.1984 0.9678 0.1547
vn 0.1201 0.9922 -0.0325
vn 0.2604 0.9604 0.0995
vn -0.0494 -0.1236 -0.9911
vn -0.0364 -0.0991 -0.9944
vn -0.0349 -0.0600 -0.9976
vn -0.4517 0.0273 -0.8917
vn -0.5205 0.0574 -0.8519
vn -0.4782 0.0382 -0.8774
vn 0.2869 0.9578 0.0139
vn 0.4536 0.8910 0.0177
vn 0.3763 0.9186 -0.1206
vn -0.8592 -0.1511 -0.4888
vn -0.8777 -0.2699 -0.3959
vn -0.8807 -0.1750 -0.4402
vn 0.4432 0.8172 -0.3685
vn 0.3629 0.8491 -0.3840
vn 0.4527 0.7653 -0.4576
vn 0.4184 0.9081 -0.0192
vn -0.0444 0.9845 -0.1694
vn -0.1388 0.8822 -0.4499
vn -0.0060 0.5185 0.8551
vn -0.2955 0.5403 0.7878
vn -0.0303 0.2765 0.9606
vn 0.0596 0.9669 0.2479
vn 0.0277 0.6563 0.7540
vn -0.1135 0.9822 0.1497
vn -0.3436 0.1557 0.9261
vn 0.2565 0.7479 0.6122
vn 0.5093 0.7788 0.3662
vn -0.7688 0.4825 0.4198
vn -0.8973 0.3938 0.1993
vn -0.7921 0.5677 0.2244
vn -0.9831 -0.0715 -0.1687
vn -0.9616 -0.0814 -0.2622
vn -0.9632 -0.0848 -0.2550
vn -0.4791 -0.0149 -0.8776
vn -0.4718 -0.0219 -0.8814
vn -0.4584 -0.0355 -0.8881
vn -0.4793 -0.0202 -0.8774
vn -0.4616 -0.0246 -0.8867
vn -0.4811 -0.0108 -0.8766
vn -0.3959 -0.1785 -0.9008
vn -0.4545 -0.2492 -0.8552
vn -0.4347 -0.2092 -0.8759
vn -0.2977 -0.2687 -0.9160
vn -0.5354 -0.1656 -0.8282
vn -0.3178 -0.2404 -0.9172
vn -0.6479 0.1491 -0.7470
vn -0.6595 0.2937 -0.6919
vn -0.5633 0.0819 -0.8222
vn -0.9078 -0.1928 -0.3726
vn -0.8552 -0.1494 -0.4963
vn -0.8867 -0.1938 -0.4197
vn -0.4526 -0.1376 -0.8810
vn -0.4757 -0.0003 -0.8796
vn -0.4860 -0.1840 -0.8543
vn -0.9749 0.1952 -0.1076
vn -0.9361 0.2841 -0.2072
vn -0.9403 0.2578 -0.2222
vn -0.9745 -0.1953 -0.1102
vn -0.9539 -0.2359 -0.1855
vn -0.9052 -0.2556 -0.3395
vn -0.9394 -0.2195 -0.2635
vn -0.8737 0.0826 -0.4794
vn -0.9133 -0.2157 -0.3454
vn -0.8204 0.3494 -0.4526
vn -0.9157 0.2568 -0.3092
vn -0.9084 0.2964 -0.2949
vn -0.6507 -0.0014 -0.7593
vn -0.6985 -0.0192 -0.7154
vn -0.7781 -0.0705 -0.6242
vn -0.6355 -0.0255 -0.7717
vn -0.5352 0.0032 -0.8447
vn -0.5446 -0.0332 -0.8381
vn -0.5565 -0.0053 -0.8308
vn -0.5128 0.0873 -0.8541
vn -0.5632 0.0365 -0.8255
vn -0.5858 0.0805 -0.8064
vn -0.6116 0.0989 -0.7850
vn -0.4925 0.1011 -0.8644
vn 0.3230 -0.0298 -0.9459
vn 0.2081 0.1851 -0.9604
vn 0.3911 0.0538 -0.9188
vn -0.1672 -0.3323 -0.9282
vn -0.2582 -0.0964 -0.9613
vn -0.2467 -0.2803 -0.9277
vn -0.4752 -0.0383 -0.8791
vn -0.5353 0.1317 -0.8343
vn -0.5378 0.0760 -0.8396
vn -0.5230 0.0147 -0.8522
vn -0.5087 -0.0876 -0.8565
vn -0.5684 0.1037 -0.8162
vn -0.3318 -0.0249 -0.9430
vn -0.4061 0.0281 -0.9134
vn -0.4541 -0.1050 -0.8848
vn -0.4974 0.0169 -0.8674
vn -0.4845 0.0008 -0.8748
vn -0.4035 0.0793 -0.9115
vn -0.5399 0.0263 -0.8413
vn -0.5232 0.0456 -0.8510
vn -0.5453 0.0127 -0.8381
vn -0.2013 0.1370 -0.9699
vn -0.1530 0.1389 -0.9784
vn -0.1218 0.1137 -0.9860
vn -0.6216 0.0005 -0.7834
vn -0.6037 0.0262 -0.7968
vn -0.6241 0.0046 -0.7814
vn -0.8913 0.2141 -0.3997
vn -0.9545 0.2525 -0.1586
vn -0.9427 0.2554 -0.2148
vn -0.4308 -0.0390 -0.9016
vn -0.5143 -0.1749 -0.8396
vn -0.5377 -0.0905 -0.8382
vn -0.2939 -0.1675 -0.9411
vn -0.2097 -0.1583 -0.9649
vn -0.0842 -0.1277 -0.9882
vn -0.5923 -0.0379 -0.8049
vn -0.6013 -0.0308 -0.7984
vn -0.6277 -0.0495 -0.7769
vn -0.5707 -0.0963 -0.8155
vn -0.6105 -0.0946 -0.7864
vn -0.5947 -0.0811 -0.7998
vn -0.4567 -0.1139 -0.8823
vn -0.4609 -0.1649 -0.8720
vn -0.4471 -0.0571 -0.8926
vn -0.5476 -0.1300 -0.8266
vn -0.4952 -0.0514 -0.8673
vn -0.6001 0.1305 -0.7892
vn -0.5216 -0.0782 -0.8496
vn -0.5075 -0.0507 -0.8601
vn -0.5271 -0.0646 -0.8474
vn 0.3132 -0.4128 -0.8553
vn 0.1127 -0.3093 -0.9443
vn 0.2459 -0.3578 -0.9008
vn -0.5702 -0.0202 -0.8213
vn -0.5416 -0.0244 -0.8403
vn -0.5516 -0.0181 -0.8339
vn -0.2531 -0.1544 -0.9551
vn -0.0002 -0.2458 -0.9693
vn -0.1274 -0.1914 -0.9732
vn -0.5616 -0.0785 -0.8237
vn -0.4823 -0.0171 -0.8758
vn -0.5353 -0.0608 -0.8425
vn -0.9448 -0.3040 -0.1219
vn -0.9286 -0.3319 -0.1660
vn -0.9396 -0.3141 -0.1357
vn -0.7875 -0.2646 -0.5566
vn -0.6320 -0.0792 -0.7709
vn -0.7338 -0.3069 -0.6061
vn -0.5888 -0.0466 -0.8069
vn -0.5531 -0.0204 -0.8329
vn -0.6336 -0.0136 -0.7735
vn -0.9372 -0.2817 -0.2055
vn -0.9472 -0.2848 -0.1475
vn -0.9464 -0.2972 -0.1262
vn -0.6070 0.0525 -0.7929
vn -0.6131 0.0630 -0.7875
vn -0.5753 0.0550 -0.8161
vn -0.9217 -0.3023 -0.2432
vn -0.9012 -0.3128 -0.3001
vn -0.9370 -0.2954 -0.1866
vn -0.4940 -0.1352 -0.8589
vn -0.5853 -0.2030 -0.7850
vn -0.5677 -0.1606 -0.8074
vn -0.6186 0.0807 -0.7816
vn -0.6259 0.0660 -0.7771
vn -0.6213 0.1036 -0.7767
vn -0.9030 -0.1997 -0.3805
vn -0.8978 -0.2869 -0.3342
vn -0.9037 -0.2906 -0.3143
vn -0.8946 -0.2160 -0.3912
vn -0.9100 -0.2889 -0.2974
vn -0.9241 -0.2364 -0.3003
vn -0.7105 -0.0805 -0.6991
vn -0.6969 -0.0698 -0.7137
vn -0.6856 -0.0646 -0.7251
vn -0.7932 0.0536 -0.6066
vn -0.6628 -0.0777 -0.7448
vn -0.8801 -0.2040 -0.4288
vn -0.9424 -0.2945 -0.1586
vn -0.9588 -0.2584 -0.1177
vn -0.9491 -0.2817 -0.1407
vn -0.5739 0.1125 -0.8112
vn -0.5571 0.0854 -0.8260
vn -0.5036 0.0106 -0.8639
vn -0.5462 0.1362 -0.8265
vn -0.4522 0.0359 -0.8912
vn -0.5610 0.0823 -0.8237
vn -0.3714 -0.0154 -0.9283
vn -0.5232 -0.0458 -0.8510
vn -0.4108 -0.0067 -0.9117
vn -0.2186 0.0943 -0.9712
vn -0.0784 0.1012 -0.9918
vn -0.1585 0.0325 -0.9868
vn -0.5303 0.0117 -0.8477
vn -0.5254 0.0085 -0.8508
vn -0.5291 0.0112 -0.8485
vn -0.6815 -0.2595 -0.6842
vn -0.4942 -0.1570 -0.8550
vn -0.4495 -0.2173 -0.8664
vn -0.2905 -0.2675 -0.9187
vn -0.1770 -0.2706 -0.9463
vn -0.2576 -0.2588 -0.9310
vn -0.5578 -0.0271 -0.8296
vn -0.5697 -0.0317 -0.8213
vn -0.5590 -0.0258 -0.8288
vn -0.5234 -0.0692 -0.8493
vn -0.5135 -0.0556 -0.8563
vn -0.5259 -0.0568 -0.8487
vn -0.4458 -0.0076 -0.8951
vn -0.4450 -0.0093 -0.8955
vn -0.4431 -0.0073 -0.8964
vn 0.8555 0.3811 -0.3505
vn 0.9316 0.2959 -0.2110
vn 0.9225 0.2690 -0.2768
vn -0.9603 0.1434 -0.2393
vn -0.9530 0.0742 -0.2936
vn -0.9455 0.0770 -0.3165
vn -0.3610 -0.0905 0.9282
vn -0.4731 -0.1019 0.8751
vn -0.3047 -0.1179 0.9451
vn 0.4269 -0.1505 0.8917
vn 0.3416 -0.0635 0.9377
vn 0.4602 -0.0998 0.8822
vn -0.9507 0.0377 -0.3078
vn -0.9404 0.0827 -0.3298
vn -0.9710 0.0276 -0.2373
vn -0.9442 0.0300 -0.3279
vn -0.9616 0.0855 -0.2607
vn -0.9392 0.0671 -0.3367
vn -0.5247 -0.0150 -0.8511
vn -0.5072 0.0306 -0.8613
vn -0.2526 0.0069 -0.9675
vn -0.6803 0.0073 -0.7329
vn -0.5595 -0.1087 -0.8217
vn -0.5348 -0.1533 -0.8309
vn -0.8096 0.0200 -0.5867
vn -0.7180 0.0176 -0.6958
vn -0.6506 -0.0753 -0.7556
vn -0.1248 -0.0189 -0.9920
vn -0.3081 -0.0507 -0.9500
vn -0.2339 0.0132 -0.9722
vn -0.3134 -0.0452 -0.9486
vn -0.4861 0.1217 -0.8654
vn -0.2741 -0.0942 -0.9571
vn -0.3280 -0.0383 -0.9439
vn -0.2192 -0.0494 -0.9744
vn -0.2746 -0.0997 -0.9564
vn -0.1902 -0.2205 -0.9567
vn -0.0886 -0.1161 -0.9893
vn -0.0293 -0.1166 -0.9928
vn -0.0385 0.0661 0.9971
vn 0.0701 0.0794 0.9944
vn 0.0920 0.0622 0.9938
vn 0.3641 -0.2001 0.9096
vn 0.4642 -0.2093 0.8606
vn 0.3717 -0.0943 0.9235
vn 0.3592 -0.3659 0.8585
vn 0.2693 -0.3020 0.9145
vn 0.2718 -0.3095 0.9112
vn 0.1339 0.1810 0.9743
vn 0.0349 0.1354 0.9902
vn 0.0235 0.1054 0.9942
vn 0.2564 -0.0492 0.9653
vn 0.1837 -0.0571 0.9813
vn 0.1018 0.0259 0.9945
vn 0.2972 -0.0369 0.9541
vn 0.2920 0.0409 0.9555
vn 0.3691 0.0610 0.9274
vn -0.5333 -0.3721 -0.7597
vn -0.6813 -0.4743 -0.5575
vn -0.4100 -0.3517 -0.8416
vn -0.8449 -0.4859 0.2235
vn -0.6467 -0.6706 0.3635
vn -0.7191 -0.1537 0.6777
vn 0.0898 -0.0205 -0.9958
vn 0.0872 -0.0136 -0.9961
vn 0.0856 -0.0177 -0.9962
vn 0.1236 -0.0037 -0.9923
vn 0.0966 -0.0168 -0.9952
vn 0.1163 -0.0185 -0.9930
vn 0.0771 0.0090 -0.9970
vn 0.0777 0.0118 -0.9969
vn 0.0760 0.0080 -0.9971
vn 0.0928 0.0110 -0.9956
vn 0.0893 0.0089 -0.9960
vn 0.0933 0.0127 -0.9956
vn -0.5567 0.3563 -0.7504
vn -0.2929 -0.0179 -0.9560
vn -0.1531 0.1034 -0.9828
vn 0.0784 -0.0738 -0.9942
vn 0.0951 -0.0659 -0.9933
vn 0.0787 -0.0545 -0.9954
vn 0.1038 -0.0095 -0.9946
vn 0.1001 -0.0197 -0.9948
vn 0.0995 -0.0148 -0.9949
vn -0.0373 0.9893 -0.1413
vn -0.1744 0.3721 -0.9116
vn -0.0327 0.9634 -0.2660
vn 0.0372 0.9702 0.2393
vn 0.0502 0.9415 0.3332
vn 0.3116 0.8535 -0.4178
vn 0.0492 0.8975 -0.4383
vn -0.7384 0.5355 -0.4098
vn 0.1303 0.9059 -0.4029
vn 0.0572 -0.0141 -0.9983
vn 0.0548 -0.0065 -0.9985
vn 0.0600 -0.0208 -0.9980
vn 0.0619 0.1309 -0.9895
vn 0.0606 0.9432 -0.3267
vn 0.3974 0.3264 -0.8576
vn 0.0997 0.0048 -0.9950
vn 0.0958 0.0095 -0.9954
vn 0.0982 0.0112 -0.9951
vn 0.0962 -0.0184 -0.9952
vn 0.0960 -0.0160 -0.9953
vn 0.0975 -0.0133 -0.9951
vn 0.1008 -0.0098 -0.9949
vn 0.0975 -0.0132 -0.9951
vn 0.1045 -0.0065 -0.9945
vn 0.1021 -0.0065 -0.9947
vn 0.0982 -0.0024 -0.9952
vn 0.0784 0.0365 -0.9963
vn 0.1007 -0.0243 -0.9946
vn 0.0932 -0.0248 -0.9953
vn 0.0929 -0.0177 -0.9955
vn 0.0949 -0.0161 -0.9954
vn 0.0925 -0.0176 -0.9956
vn 0.0990 -0.0136 -0.9950
vn 0.0934 -0.0185 -0.9955
vn 0.0905 -0.0146 -0.9958
vn 0.1133 0.0085 -0.9935
vn 0.1089 -0.0006 -0.9941
vn 0.1409 0.0213 -0.9898
vn 0.0990 0.0068 -0.9951
vn 0.1101 -0.0065 -0.9939
vn 0.0885 0.0176 -0.9959
vn 0.0724 -0.0044 -0.9974
vn 0.0858 0.0080 -0.9963
vn 0.0936 -0.0166 -0.9955
vn 0.5436 0.7713 -0.3311
vn -0.1772 0.9159 -0.3602
vn -0.2064 0.9111 -0.3567
vn -0.2359 0.8880 -0.3947
vn -0.1968 0.8842 -0.4236
vn -0.1738 0.7736 -0.6094
vn 0.0388 0.9964 -0.0752
vn 0.0548 0.9878 -0.1456
vn 0.2071 0.8682 -0.4509
vn 0.0106 0.4775 -0.8785
vn -0.3264 0.6460 -0.6901
vn 0.2632 0.8125 -0.5202
vn 0.0932 -0.0126 -0.9956
vn 0.0920 -0.0165 -0.9956
vn 0.0891 -0.0142 -0.9959
vn -0.0472 -0.2042 -0.9778
vn -0.0284 -0.1771 -0.9838
vn -0.0419 -0.1426 -0.9889
vn -0.0069 0.4823 -0.8760
vn -0.3406 0.6187 -0.7080
vn 0.0129 0.4552 -0.8903
vn 0.5131 0.8495 -0.1230
vn 0.6934 0.6896 -0.2091
vn 0.5065 0.8617 -0.0305
vn 0.2241 0.2539 -0.9409
vn -0.0460 0.2649 -0.9632
vn 0.0856 0.8228 -0.5619
vn -0.0511 0.9846 -0.1673
vn -0.0523 0.9819 -0.1819
vn -0.3421 0.6199 -0.7062
vn 0.1653 -0.0191 -0.9861
vn 0.1615 0.0017 -0.9869
vn 0.1499 -0.0024 -0.9887
vn 0.0875 0.0380 -0.9954
vn 0.0912 -0.0078 -0.9958
vn 0.0902 0.0373 -0.9952
vn 0.0564 0.0021 -0.9984
vn 0.0598 -0.0033 -0.9982
vn 0.0945 0.0334 -0.9950
vn 0.6336 0.3585 -0.6856
vn 0.1113 0.3619 -0.9255
vn 0.0467 0.4721 -0.8803
vn 0.0401 0.5065 -0.8613
vn 0.6196 0.4620 -0.6346
vn -0.0807 0.7370 -0.6710
vn 0.1067 -0.0012 -0.9943
vn 0.0806 0.0653 -0.9946
vn 0.0395 0.0699 -0.9968
vn 0.0966 -0.0362 -0.9947
vn 0.0965 -0.0309 -0.9949
vn 0.0961 -0.0333 -0.9948
vn 0.1299 -0.0188 -0.9913
vn 0.1343 -0.0187 -0.9908
vn 0.1339 -0.0198 -0.9908
vn 0.1001 -0.0107 -0.9949
vn 0.1011 -0.0127 -0.9948
vn 0.0968 -0.0142 -0.9952
vn -0.1197 0.3172 -0.9408
vn -0.0796 0.3072 -0.9483
vn -0.1321 0.4481 -0.8842
vn 0.0951 -0.0148 -0.9954
vn 0.0922 -0.0215 -0.9955
vn 0.0893 -0.0189 -0.9958
vn 0.0967 -0.0335 -0.9947
vn 0.0881 -0.0328 -0.9956
vn 0.0902 -0.0276 -0.9955
vn 0.0949 -0.0181 -0.9953
vn 0.0960 -0.0184 -0.9952
vn 0.7394 -0.1227 -0.6620
vn 0.7414 -0.0825 -0.6660
vn 0.7230 -0.1127 -0.6816
vn 0.0682 0.0175 -0.9975
vn 0.0746 -0.0053 -0.9972
vn 0.0765 0.0362 -0.9964
vn 0.7672 0.0909 0.6349
vn 0.7465 0.1006 0.6577
vn 0.7868 0.0911 0.6105
vn 0.5798 0.0437 0.8136
vn 0.6548 0.0619 0.7533
vn 0.5740 0.0826 0.8147
vn 0.9503 -0.0508 0.3070
vn 0.9311 0.0408 0.3624
vn 0.9504 0.0260 0.3099
vn 0.8541 0.4880 0.1798
vn 0.8695 0.4275 0.2472
vn 0.8971 0.2836 0.3389
vn 0.9452 0.1892 0.2662
vn 0.9580 0.0751 0.2769
vn 0.9174 0.2247 0.3286
vn 0.8486 0.2318 0.4755
vn 0.8143 0.2323 0.5320
vn 0.8590 0.4097 0.3070
vn 0.7494 0.0697 0.6585
vn 0.7851 0.0770 0.6145
vn 0.7630 0.0613 0.6435
vn 0.8694 0.4457 0.2133
vn 0.8683 0.4305 0.2466
vn 0.8587 0.4372 0.2674
vn 0.7750 -0.2235 0.5911
vn 0.7346 -0.2566 0.6281
vn 0.7115 -0.2617 0.6522
vn 0.9938 -0.1100 0.0176
vn 0.9846 -0.1724 0.0295
vn 0.9799 -0.1960 0.0368
vn 0.9399 -0.0315 -0.3400
vn 0.9422 -0.1822 -0.2812
vn 0.9901 0.0121 -0.1401
vn 0.6997 0.1200 0.7043
vn 0.7105 0.0660 0.7006
vn 0.6520 0.1107 0.7501
vn 0.6187 0.0866 0.7808
vn 0.6079 0.0619 0.7916
vn 0.5480 0.0553 0.8346
vn 0.8437 0.0064 0.5368
vn 0.8468 -0.0283 0.5312
vn 0.8302 -0.0340 0.5565
vn 0.7018 0.1391 0.6987
vn 0.7568 0.1048 0.6451
vn 0.7019 0.0950 0.7059
vn 0.9096 0.3208 0.2641
vn 0.9086 0.3859 0.1598
vn 0.8952 0.1366 0.4242
vn 0.7186 0.0204 0.6951
vn 0.7176 0.0876 0.6909
vn 0.7328 0.0151 0.6802
vn 0.7330 0.4649 0.4966
vn 0.7873 0.4841 0.3819
vn 0.7689 0.4245 0.4781
vn 0.5765 -0.0218 0.8168
vn 0.5667 -0.0024 0.8239
vn 0.5376 -0.0002 0.8432
vn 0.7280 0.1367 0.6718
vn 0.6838 0.1039 0.7223
vn 0.7477 0.1144 0.6541
vn 0.4274 0.0301 0.9036
vn 0.4572 0.0449 0.8882
vn 0.4803 0.0543 0.8754
vn 0.4680 0.0372 0.8830
vn 0.4773 0.0236 0.8784
vn 0.4559 0.0849 0.8860
vn 0.4673 0.0097 0.8840
vn 0.4269 0.0150 0.9042
vn 0.3691 0.0192 0.9292
vn 0.4839 0.0106 0.8750
vn 0.5230 0.0055 0.8523
vn 0.5954 -0.0101 0.8034
vn 0.5795 0.5159 0.6309
vn 0.5693 0.4098 0.7127
vn 0.5958 0.4593 0.6588
vn -0.6310 0.1005 0.7692
vn -0.6278 0.0637 0.7758
vn -0.6236 0.1220 0.7721
vn -0.5161 0.0361 0.8558
vn -0.4830 0.0402 0.8747
vn -0.5253 0.0824 0.8469
vn -0.1063 0.0381 0.9936
vn 0.0410 -0.0096 0.9991
vn -0.1650 -0.0985 0.9814
vn 0.3318 0.0484 0.9421
vn 0.2085 -0.0048 0.9780
vn 0.2614 0.0411 0.9644
vn -0.3136 0.1506 0.9375
vn -0.3542 0.0932 0.9305
vn -0.3416 0.1358 0.9300
vn -0.1904 0.1168 0.9747
vn -0.2032 0.1611 0.9658
vn -0.1722 0.0860 0.9813
vn 0.3410 0.0885 0.9359
vn 0.2426 -0.0023 0.9701
vn 0.2404 0.0079 0.9706
vn 0.4272 -0.7088 -0.5614
vn 0.5733 -0.3304 -0.7498
vn 0.5862 -0.3662 -0.7227
vn 0.0075 0.6691 0.7432
vn 0.0116 0.6577 0.7532
vn 0.0185 0.6532 0.7570
vn 0.1735 0.5543 0.8140
vn 0.4023 0.0357 0.9148
vn 0.3299 0.0811 0.9405
vn 0.2976 0.0338 0.9541
vn 0.3931 0.0384 0.9187
vn 0.1985 0.0697 0.9776
vn 0.4028 0.2414 0.8829
vn 0.2983 0.0487 0.9532
vn 0.2332 0.1278 0.9640
vn 0.2191 0.0479 0.9745
vn 0.3041 0.0915 0.9482
vn 0.1721 0.0536 0.9836
vn 0.1159 0.1202 0.9860
vn 0.1475 0.0773 0.9860
vn 0.0978 0.0943 0.9907
vn 0.3717 -0.0268 0.9280
vn 0.5940 0.2802 0.7541
vn 0.6036 0.1250 0.7874
vn -0.0115 -0.3739 0.9274
vn 0.0672 -0.2931 0.9537
vn 0.0555 -0.3069 0.9501
vn 0.1725 0.1026 0.9796
vn 0.0622 0.0595 0.9963
vn 0.1641 0.0746 0.9836
vn -0.1256 0.1769 0.9762
vn 0.0143 0.3145 0.9491
vn -0.0510 0.2086 0.9767
vn 0.3276 -0.0060 0.9448
vn 0.2075 0.0956 0.9736
vn 0.1736 0.0408 0.9840
vn -0.1996 0.1066 0.9741
vn -0.2845 0.1641 0.9445
vn -0.2802 0.1105 0.9536
vn 0.5565 -0.6298 0.5419
vn 0.6059 -0.5928 0.5305
vn 0.5147 -0.6763 0.5270
vn -0.5004 -0.4390 -0.7463
vn -0.4642 -0.4620 -0.7557
vn -0.4111 -0.4264 -0.8057
vn 0.1124 -0.0665 -0.9914
vn 0.1376 -0.0555 -0.9889
vn 0.0704 -0.0877 -0.9937
vn -0.0488 0.0262 -0.9985
vn -0.0207 0.0047 -0.9998
vn -0.0459 0.0392 -0.9982
vn -0.0194 -0.0000 -0.9998
vn -0.0387 -0.0367 -0.9986
vn 0.0160 -0.1340 -0.9908
vn -0.0825 -0.1288 -0.9882
vn -0.1530 -0.1048 -0.9827
vn -0.1582 -0.0808 -0.9841
vn 0.8858 -0.2675 -0.3792
vn 0.8892 -0.2287 -0.3962
vn 0.8638 -0.2987 -0.4056
vn 0.2307 -0.0945 -0.9684
vn 0.2557 -0.0920 -0.9624
vn 0.1645 -0.1276 -0.9781
vn 0.0834 -0.1312 -0.9878
vn 0.0733 -0.1195 -0.9901
vn 0.0585 -0.0987 -0.9934
vn -0.1336 0.0685 -0.9887
vn -0.0908 0.1047 -0.9903
vn -0.1315 0.0492 -0.9901
vn 0.6407 -0.0407 -0.7667
vn 0.7646 -0.0282 -0.6439
vn 0.8191 -0.1309 -0.5585
vn -0.6518 -0.7579 -0.0276
vn -0.6205 -0.7831 0.0428
vn -0.5166 -0.8527 0.0777
vn -0.5454 -0.7047 -0.4538
vn -0.5559 -0.7887 -0.2626
vn -0.5971 -0.7803 -0.1860
vn -0.5760 -0.7598 -0.3016
vn -0.5111 -0.7223 -0.4659
vn -0.3895 -0.6904 -0.6096
vn -0.0132 0.0551 -0.9984
vn -0.0928 0.0813 -0.9924
vn -0.0454 0.0897 -0.9949
vn 0.0378 0.1323 -0.9905
vn 0.1364 0.1063 -0.9849
vn -0.0190 0.0793 -0.9967
vn -0.5281 0.3513 -0.7731
vn -0.7489 -0.4651 -0.4721
vn -0.6834 -0.4564 -0.5698
vn -0.8034 -0.5383 -0.2545
vn -0.7977 -0.5572 -0.2306
vn -0.7874 -0.6094 -0.0931
vn -0.8564 -0.4928 -0.1538
vn -0.7617 -0.5994 -0.2458
vn -0.8664 -0.4745 -0.1553
vn -0.2820 -0.3448 -0.8953
vn 0.1225 -0.1749 -0.9769
vn -0.0685 -0.2860 -0.9558
vn -0.7471 -0.5853 -0.3151
vn -0.6854 -0.6906 -0.2309
vn -0.7487 -0.6356 -0.1881
vn -0.4214 -0.4711 -0.7749
vn -0.5070 -0.6904 -0.5160
vn -0.6776 -0.6658 -0.3124
vn -0.7818 -0.5619 -0.2704
vn -0.8649 -0.3282 -0.3798
vn -0.7780 -0.5603 -0.2843
vn -0.6890 -0.4460 -0.5712
vn -0.6707 -0.5236 -0.5254
vn -0.7520 -0.4577 -0.4743
vn 0.0736 0.0380 -0.9966
vn -0.0030 0.0697 -0.9976
vn 0.0557 0.1021 -0.9932
vn -0.7071 -0.3038 -0.6385
vn -0.6199 -0.2505 -0.7436
vn -0.7223 -0.3671 -0.5861
vn -0.5480 -0.5306 -0.6466
vn -0.4112 -0.4782 -0.7760
vn -0.6119 -0.6972 -0.3735
vn 0.2676 0.0991 -0.9584
vn -0.4084 0.5562 -0.7238
vn 0.2275 0.0364 -0.9731
vn -0.4973 -0.1454 -0.8553
vn -0.3465 -0.3937 -0.8514
vn -0.1571 -0.3976 -0.9040
vn -0.8958 -0.4444 0.0102
vn -0.7497 -0.5963 -0.2870
vn -0.8148 -0.5716 -0.0969
vn -0.1647 -0.2742 -0.9475
vn -0.6525 -0.1581 -0.7411
vn -0.1170 -0.4705 -0.8746
vn -0.5021 -0.3385 -0.7958
vn -0.7726 -0.5933 -0.2260
vn -0.7095 -0.5396 -0.4533
vn -0.9992 -0.0343 0.0224
vn -0.9940 -0.0394 -0.1020
vn -0.9885 -0.1279 0.0804
vn -0.4102 -0.3498 -0.8422
vn -0.3967 -0.2004 -0.8958
vn -0.3749 -0.1108 -0.9204
vn -0.4979 -0.7833 -0.3721
vn -0.5029 -0.7720 -0.3887
vn -0.5022 -0.8093 -0.3048
vn 0.8046 -0.3309 -0.4931
vn 0.6238 0.0550 -0.7796
vn 0.4984 0.0768 -0.8635
vn 0.5649 -0.4727 -0.6763
vn 0.7998 -0.2866 -0.5274
vn 0.7741 -0.2730 -0.5711
vn -0.2102 -0.1103 -0.9714
vn -0.0214 -0.2487 -0.9683
vn -0.3037 -0.3520 -0.8853
vn -0.4804 -0.4933 -0.7252
vn -0.1700 -0.4204 -0.8913
vn -0.2719 -0.5731 -0.7731
vn -0.3787 -0.4998 -0.7789
vn -0.4181 -0.7279 -0.5435
vn -0.5087 -0.7816 -0.3610
vn 0.3256 -0.0672 -0.9431
vn 0.1670 0.0390 -0.9852
vn 0.3108 -0.0785 -0.9472
vn 0.9101 0.3157 -0.2682
vn 0.9126 0.3305 -0.2406
vn 0.9570 0.1326 -0.2581
vn 0.1753 -0.1482 -0.9733
vn 0.2223 -0.1166 -0.9680
vn 0.0280 -0.1291 -0.9912
vn -0.5866 -0.5400 -0.6036
vn -0.6309 -0.5555 -0.5417
vn -0.6697 -0.5358 -0.5142
vn 0.4913 -0.8253 -0.2783
vn 0.6222 -0.7300 -0.2829
vn 0.6313 -0.6987 -0.3366
vn -0.5186 -0.7748 -0.3616
vn -0.5598 -0.7125 -0.4230
vn -0.5011 -0.8195 -0.2780
vn 0.3417 -0.0104 -0.9397
vn 0.0816 -0.2366 -0.9682
vn 0.1535 -0.0541 -0.9867
vn 0.0328 -0.3043 -0.9520
vn -0.1330 -0.0203 -0.9909
vn -0.3175 -0.6889 -0.6516
vn -0.3713 -0.1189 -0.9209
vn -0.3688 -0.3179 -0.8734
vn -0.4297 -0.1930 -0.8821
vn 0.1556 0.0355 -0.9872
vn -0.0303 -0.0697 -0.9971
vn 0.1688 0.0431 -0.9847
vn 0.3925 -0.0579 -0.9179
vn 0.2516 -0.1343 -0.9585
vn 0.2396 -0.1163 -0.9639
vn 0.0648 -0.1036 -0.9925
vn -0.0267 -0.1107 -0.9935
vn 0.0285 -0.0523 -0.9982
vn -0.2847 0.1631 -0.9446
vn -0.3570 0.1037 -0.9283
vn -0.3445 0.1305 -0.9297
vn -0.3586 0.1708 -0.9178
vn -0.4101 0.2351 -0.8812
vn -0.4756 0.1209 -0.8713
vn -0.3345 0.1211 -0.9346
vn -0.1459 -0.0658 -0.9871
vn -0.6921 -0.0722 -0.7182
vn 0.1143 -0.0627 -0.9915
vn 0.2498 0.1812 -0.9512
vn 0.2192 0.0945 -0.9711
vn -0.8485 -0.5238 0.0754
vn -0.9046 -0.4072 0.1262
vn -0.8767 -0.4793 0.0401
vn -0.5357 0.3321 -0.7763
vn -0.5726 0.5195 -0.6342
vn -0.4460 0.4099 -0.7956
vn 0.6343 0.0799 -0.7689
vn 0.7070 0.3073 -0.6370
vn 0.7764 0.3184 -0.5439
vn -0.1739 -0.6762 -0.7159
vn -0.2939 -0.6281 -0.7205
vn -0.3005 -0.6204 -0.7244
vn -0.1643 -0.2135 -0.9630
vn -0.0950 -0.5321 -0.8413
vn -0.2347 -0.2127 -0.9485
vn 0.1037 0.5324 -0.8401
vn 0.1630 0.6750 -0.7196
vn 0.1902 0.6349 -0.7488
vn -0.1658 0.5710 -0.8040
vn -0.1734 0.6526 -0.7376
vn -0.2654 0.6178 -0.7402
vn 0.3756 0.0253 -0.9265
vn 0.5117 0.1874 -0.8385
vn 0.3631 0.0364 -0.9310
vn 0.2015 -0.0656 -0.9773
vn 0.0677 -0.0953 -0.9931
vn 0.2110 -0.1003 -0.9723
vn -0.0958 -0.0315 -0.9949
vn -0.0644 0.0055 -0.9979
vn -0.1289 0.1175 -0.9847
vn 0.3253 0.6476 -0.6890
vn 0.1987 0.4001 -0.8946
vn 0.3443 0.5503 -0.7607
vn -0.1365 0.0106 -0.9906
vn -0.0875 0.0929 -0.9918
vn -0.1570 -0.0229 -0.9873
vn -0.0835 0.1512 -0.9850
vn -0.1893 0.1839 -0.9646
vn -0.0940 0.1313 -0.9869
vn 0.4267 -0.2284 -0.8751
vn -0.1760 -0.1807 -0.9677
vn 0.3716 0.1979 -0.9070
vn 0.5721 0.4302 -0.6983
vn 0.2660 0.7211 -0.6397
vn 0.4248 0.4353 -0.7938
vn 0.1711 0.0137 -0.9852
vn 0.2069 0.0954 -0.9737
vn 0.1797 0.0392 -0.9829
vn 0.1604 -0.7398 -0.6535
vn 0.0580 -0.7150 -0.6967
vn 0.0206 -0.7214 -0.6922
vn -0.2678 0.1599 -0.9501
vn 0.2340 0.2382 -0.9426
vn -0.1656 0.1146 -0.9795
vn -0.0102 0.8752 -0.4837
vn 0.2006 0.7661 -0.6106
vn 0.1221 0.6947 -0.7089
vn 0.0249 0.7805 -0.6246
vn 0.1440 0.7711 -0.6202
vn -0.0490 0.6344 -0.7714
vn 0.3098 0.7926 -0.5252
vn 0.1872 0.8013 -0.5682
vn 0.2736 0.7647 -0.5834
vn -0.2463 -0.0599 -0.9673
vn -0.2278 -0.0473 -0.9726
vn -0.2145 -0.0326 -0.9762
vn 0.8076 0.1963 -0.5561
vn 0.7907 0.1433 -0.5953
vn 0.7666 0.2392 -0.5959
vn 0.0079 0.6090 -0.7931
vn -0.0070 0.5800 -0.8146
vn -0.1075 0.4605 -0.8811
vn 0.8040 0.1459 -0.5764
vn 0.8666 0.2656 -0.4226
vn 0.6207 0.3227 -0.7146
vn -0.2864 0.0863 -0.9542
vn -0.2173 -0.0397 -0.9753
vn 0.3188 0.0221 -0.9476
vn -0.0774 0.2889 -0.9542
vn 0.2924 0.2154 -0.9317
vn 0.0143 0.3324 -0.9430
vn 0.3625 -0.2153 -0.9068
vn 0.3849 -0.2483 -0.8889
vn 0.2209 0.2051 -0.9535
vn 0.1177 0.8101 -0.5743
vn 0.1955 0.7984 -0.5696
vn 0.2746 0.7641 -0.5838
vn -0.1892 -0.1511 -0.9702
vn -0.1718 -0.0857 -0.9814
vn -0.1834 -0.1376 -0.9734
vn -0.1906 -0.0946 -0.9771
vn -0.2249 -0.0683 -0.9720
vn -0.2122 -0.0461 -0.9761
vn -0.2705 0.4854 -0.8314
vn -0.1728 0.5534 -0.8148
vn -0.0128 0.5956 -0.8032
vn -0.2582 -0.0446 -0.9651
vn -0.2241 -0.0534 -0.9731
vn -0.2056 -0.0215 -0.9784
vn -0.1523 -0.0233 -0.9881
vn -0.1086 -0.0741 -0.9913
vn -0.1898 -0.0342 -0.9812
vn 0.3053 0.7602 -0.5735
vn 0.3300 0.7892 -0.5180
vn 0.2820 0.7583 -0.5878
vn -0.1265 0.9553 0.2672
vn -0.1370 0.9738 0.1814
vn -0.1524 0.9379 0.3117
vn 0.2046 0.8370 -0.5075
vn 0.1928 0.8032 -0.5637
vn 0.2535 0.8090 -0.5303
vn 0.3539 0.6851 -0.6367
vn 0.3228 0.7803 -0.5357
vn 0.3909 0.6539 -0.6478
vn -0.0926 -0.0770 -0.9927
vn -0.1086 -0.0552 -0.9926
vn -0.1077 -0.0604 -0.9924
vn 0.3446 -0.2180 -0.9131
vn 0.3199 -0.1878 -0.9287
vn 0.3037 -0.1921 -0.9332
vn -0.1278 -0.0673 -0.9895
vn -0.1116 -0.0794 -0.9906
vn -0.0695 -0.0959 -0.9930
vn 0.3199 0.2507 -0.9137
vn 0.2406 0.2832 -0.9284
vn 0.1959 0.2388 -0.9511
vn 0.2358 0.4544 -0.8590
vn 0.2990 0.4309 -0.8514
vn 0.2670 0.6240 -0.7344
vn 0.1753 0.4149 -0.8928
vn 0.0303 0.4380 -0.8984
vn 0.2532 0.5233 -0.8136
vn -0.7511 -0.4678 -0.4659
vn -0.7067 -0.5384 -0.4590
vn -0.4895 -0.3897 -0.7801
vn -0.7095 -0.6344 0.3069
vn -0.7294 -0.5877 0.3502
vn -0.7304 -0.5194 0.4436
vn -0.9542 -0.2862 -0.0872
vn -0.9645 -0.2502 -0.0849
vn -0.9302 -0.3519 -0.1044
vn -0.9339 -0.3401 -0.1105
vn -0.9455 -0.2772 -0.1709
vn -0.9429 -0.3010 -0.1428
vn -0.9726 -0.2289 -0.0412
vn -0.9521 -0.2839 -0.1132
vn -0.9347 -0.3335 -0.1231
vn -0.4222 -0.2196 -0.8795
vn -0.4117 -0.1118 -0.9044
vn -0.3470 -0.1661 -0.9230
vn 0.1386 -0.1198 -0.9831
vn 0.0508 -0.2169 -0.9749
vn 0.0112 0.0789 -0.9968
vn -0.5030 -0.2297 -0.8332
vn -0.7440 0.2651 -0.6134
vn -0.5623 -0.2207 -0.7969
vn -0.5833 -0.0673 -0.8095
vn -0.8996 -0.2619 -0.3495
vn -0.8918 0.0855 -0.4443
vn -0.6081 -0.0215 -0.7936
vn -0.5944 -0.0233 -0.8038
vn -0.6015 -0.0061 -0.7988
vn -0.8021 -0.1082 -0.5873
vn -0.9112 -0.0612 -0.4074
vn -0.9351 -0.1278 -0.3304
vn -0.4755 -0.2316 -0.8487
vn -0.4695 -0.1196 -0.8748
vn -0.4515 -0.2123 -0.8667
vn -0.5818 -0.6100 -0.5380
vn -0.6065 -0.6583 -0.4458
vn -0.6124 -0.5916 -0.5244
vn -0.5994 -0.0193 -0.8002
vn -0.6019 -0.0310 -0.7980
vn -0.5854 -0.0250 -0.8103
vn -0.8105 -0.5689 0.1395
vn -0.8249 -0.5652 0.0110
vn -0.7098 -0.6969 0.1027
vn -0.4275 0.1559 -0.8905
vn -0.3027 -0.0461 -0.9520
vn -0.2877 -0.0207 -0.9575
vn -0.5054 -0.0395 -0.8620
vn -0.5388 -0.0466 -0.8412
vn -0.5296 -0.0596 -0.8461
vn -0.0647 0.2066 -0.9763
vn -0.3107 0.1114 -0.9440
vn -0.2085 0.1488 -0.9666
vn -0.7089 -0.0357 -0.7044
vn -0.7792 -0.0775 -0.6220
vn -0.7009 -0.0431 -0.7120
vn -0.1699 -0.1263 -0.9773
vn -0.2284 -0.1819 -0.9564
vn -0.1890 -0.1263 -0.9738
vn -0.4847 -0.6896 -0.5381
vn -0.7269 -0.5804 -0.3672
vn -0.5852 -0.7205 -0.3721
vn -0.9138 -0.1707 -0.3685
vn -0.7867 -0.2104 -0.5804
vn -0.9425 -0.2424 -0.2300
vn -0.8565 -0.3774 -0.3521
vn -0.6473 -0.5897 -0.4830
vn -0.5141 -0.5090 -0.6904
vn -0.4420 -0.1058 -0.8908
vn -0.5316 -0.2875 -0.7967
vn -0.4629 -0.1428 -0.8748
vn -0.0422 -0.0522 -0.9977
vn 0.0301 -0.0278 -0.9992
vn 0.0589 -0.0488 -0.9971
vn -0.3523 0.0721 -0.9331
vn -0.2454 -0.0352 -0.9688
vn -0.2518 -0.0964 -0.9630
vn -0.0286 -0.0701 -0.9971
vn 0.0226 -0.0425 -0.9988
vn 0.0413 -0.0469 -0.9980
vn -0.1473 -0.2169 -0.9650
vn -0.1992 -0.3405 -0.9189
vn -0.1446 -0.2799 -0.9491
vn -0.7965 -0.2342 -0.5574
vn -0.9168 -0.1976 -0.3470
vn -0.7351 -0.2351 -0.6359
vn -0.3564 -0.1871 -0.9154
vn -0.5041 -0.2191 -0.8354
vn -0.5129 -0.1579 -0.8438
vn -0.1709 -0.1807 -0.9686
vn -0.1755 -0.1650 -0.9706
vn -0.2528 0.0030 -0.9675
vn -0.5953 -0.1532 -0.7887
vn -0.3834 -0.0097 -0.9235
vn -0.5039 -0.1452 -0.8515
vn -0.6163 -0.0309 -0.7869
vn -0.5770 -0.0959 -0.8111
vn -0.5819 -0.0987 -0.8073
vn -0.7244 -0.6598 0.1996
vn -0.6292 -0.7640 0.1427
vn -0.5890 -0.7500 0.3008
vn 0.0182 -0.0377 -0.9991
vn 0.0496 -0.0297 -0.9983
vn 0.0994 -0.0281 -0.9946
vn -0.7450 -0.2763 -0.6071
vn -0.7886 -0.1294 -0.6011
vn -0.5729 -0.1183 -0.8111
vn -0.9326 -0.3281 -0.1504
vn -0.9292 -0.3351 -0.1558
vn -0.9359 -0.3062 -0.1741
vn 0.0872 -0.1855 -0.9788
vn -0.0704 -0.1846 -0.9803
vn 0.0773 -0.1352 -0.9878
vn -0.6237 0.0208 -0.7814
vn -0.6957 -0.0712 -0.7148
vn -0.6273 0.1214 -0.7693
vn 0.0058 -0.2008 -0.9796
vn -0.0455 -0.1632 -0.9855
vn 0.0542 -0.1866 -0.9809
vn -0.4786 -0.2423 -0.8440
vn -0.4430 -0.2011 -0.8737
vn -0.5086 -0.1789 -0.8422
vn -0.9126 0.0297 -0.4079
vn -0.9777 -0.2056 -0.0424
vn -0.8996 0.0387 -0.4350
vn -0.7699 -0.5943 -0.2326
vn -0.7405 -0.6108 -0.2801
vn -0.7610 -0.6355 -0.1306
vn -0.2181 0.2699 0.9378
vn -0.3623 0.1359 0.9221
vn -0.3976 0.2351 0.8869
vn -0.9526 -0.0194 0.3035
vn -0.9478 0.0042 0.3188
vn -0.9832 -0.1109 0.1447
vn -0.9830 0.0142 -0.1833
vn -0.9686 0.0242 -0.2474
vn -0.9915 0.0091 -0.1295
vn -0.2411 -0.8176 0.5229
vn 0.3811 -0.2672 0.8851
vn 0.0393 -0.8224 0.5676
vn 0.0561 -0.2116 0.9758
vn 0.0106 0.1295 0.9915
vn -0.0026 0.1307 0.9914
vn 0.8091 0.1363 0.5716
vn 0.7611 0.1761 0.6243
vn 0.8098 0.2361 0.5372
vn 0.3236 0.6373 0.6994
vn 0.2493 0.6938 0.6756
vn 0.2836 0.7136 0.6406
vn -0.5202 -0.0713 0.8511
vn -0.5673 -0.1007 0.8173
vn -0.6223 -0.1167 0.7740
vn -0.4560 -0.1246 0.8812
vn -0.4300 -0.0885 0.8985
vn -0.4297 -0.0666 0.9005
vn -0.7954 -0.1568 0.5854
vn -0.7538 0.0320 0.6563
vn -0.8277 -0.0602 0.5580
vn -0.1549 -0.0441 0.9869
vn -0.1606 -0.0280 0.9866
vn -0.1357 -0.0687 0.9884
vn -0.1439 0.0183 0.9894
vn -0.1773 0.0049 0.9841
vn -0.1545 0.0089 0.9880
vn -0.1768 -0.0178 0.9841
vn -0.1506 0.0156 0.9885
vn -0.1690 0.0040 0.9856
vn -0.1843 0.0109 0.9828
vn -0.1492 -0.0169 0.9887
vn -0.1584 -0.0079 0.9873
vn 0.2697 0.2730 0.9235
vn 0.3204 0.3142 0.8937
vn 0.2784 0.1368 0.9507
vn 0.3059 -0.0531 0.9506
vn 0.3391 0.0086 0.9407
vn 0.2904 -0.0142 0.9568
vn 0.1402 0.4458 0.8841
vn 0.2252 0.3068 0.9247
vn 0.1669 0.3178 0.9333
vn 0.3901 0.2268 0.8924
vn 0.2910 0.1523 0.9445
vn 0.3359 0.2365 0.9117
vn 0.3623 0.2268 0.9040
vn 0.3790 0.2592 0.8883
vn 0.3856 0.1679 0.9073
vn -0.7110 0.4065 -0.5738
vn -0.8368 0.3335 -0.4342
vn -0.7595 0.3425 -0.5530
vn 0.0613 0.0994 0.9932
vn -0.0167 0.0205 0.9996
vn 0.1720 0.1267 0.9769
vn 0.4090 0.0615 0.9105
vn 0.4420 0.1255 0.8882
vn 0.4442 0.1251 0.8872
vn 0.4103 -0.7979 0.4416
vn 0.2438 -0.7530 0.6112
vn 0.3164 -0.8287 0.4618
vn 0.4115 -0.5939 0.6913
vn 0.4870 -0.8247 0.2877
vn 0.3711 -0.8406 0.3945
vn -0.3823 0.1510 0.9116
vn -0.3289 0.1332 0.9349
vn -0.3162 0.1446 0.9376
vn 0.9842 -0.1335 0.1161
vn 0.9916 -0.0833 0.0985
vn 0.9686 -0.2448 0.0435
vn -0.3497 0.1416 0.9261
vn -0.2500 0.0757 0.9653
vn -0.3240 0.1426 0.9352
vn -0.2981 0.1387 0.9444
vn -0.3678 0.1148 0.9228
vn -0.3043 0.0778 0.9494
vn -0.2262 0.0197 0.9739
vn -0.2318 0.1043 0.9672
vn -0.2071 0.0462 0.9772
vn 0.8308 -0.0211 -0.5562
vn 0.9981 -0.0398 0.0467
vn 0.8596 0.5104 0.0241
vn 0.5968 -0.4896 0.6357
vn 0.3060 -0.7416 0.5970
vn 0.6830 -0.5280 0.5048
vn 0.0054 0.7348 0.6783
vn 0.4921 0.7279 0.4776
vn 0.8410 0.1637 0.5157
vn -0.1723 0.8817 0.4393
vn 0.3177 0.6396 0.6999
vn -0.0331 0.6873 0.7256
vn 0.5502 -0.2227 0.8048
vn 0.0160 -0.0443 0.9989
vn 0.5597 0.0777 0.8250
vn 0.5803 -0.0123 0.8143
vn 0.6751 0.0941 0.7317
vn 0.7380 -0.0053 0.6747
vn 0.6794 -0.1630 0.7155
vn 0.5252 -0.7197 0.4542
vn 0.7265 -0.4749 0.4967
vn -0.1407 0.1897 0.9717
vn -0.1366 0.1492 0.9793
vn -0.1263 0.1637 0.9784
vn 0.1376 0.1448 0.9798
vn 0.0702 0.0975 0.9928
vn 0.0865 0.0895 0.9922
vn -0.2800 0.3309 0.9012
vn -0.2769 0.3578 0.8918
vn -0.2818 0.3325 0.9000
vn -0.3248 0.3459 0.8803
vn -0.2552 0.3730 0.8920
vn -0.2588 0.3823 0.8871
vn -0.1382 0.1316 0.9816
vn -0.1987 0.1786 0.9636
vn -0.1462 0.1328 0.9803
vn 0.0645 0.7050 0.7063
vn 0.2330 0.7494 0.6198
vn 0.3808 0.7060 0.5971
vn 0.3688 -0.0111 0.9294
vn 0.1703 0.0767 0.9824
vn 0.1278 0.1135 0.9853
vn 0.6696 -0.1184 0.7332
vn 0.6691 -0.3468 0.6573
vn 0.6295 -0.0821 0.7726
vn -0.0360 0.3017 0.9527
vn -0.4437 -0.0393 0.8953
vn -0.2824 0.1185 0.9520
vn 0.7177 -0.3067 0.6251
vn 0.8088 -0.0997 0.5795
vn 0.8233 -0.0026 0.5676
vn -0.0948 0.1110 0.9893
vn -0.1071 0.1221 0.9867
vn -0.0990 0.1233 0.9874
vn 0.5832 0.3968 0.7088
vn 0.6173 0.3349 0.7119
vn 0.5861 0.3954 0.7072
vn 0.7810 -0.0376 0.6234
vn 0.5576 0.2618 0.7877
vn 0.6064 -0.0120 0.7951
vn 0.1219 0.1238 0.9848
vn 0.1253 0.1175 0.9851
vn 0.1061 0.1290 0.9860
vn -0.0981 0.1450 0.9845
vn -0.1117 0.1416 0.9836
vn -0.1389 0.1520 0.9786
vn -0.0887 0.1325 0.9872
vn -0.0967 0.1278 0.9871
vn -0.1165 0.1372 0.9837
vn -0.3432 0.0648 0.9370
vn 0.0491 0.1334 0.9898
vn 0.0445 0.1016 0.9938
vn -0.0900 0.2511 0.9638
vn -0.0322 0.2176 0.9755
vn 0.0669 0.2675 0.9612
vn -0.3424 0.1120 0.9329
vn -0.3768 0.1446 0.9149
vn -0.4050 0.1248 0.9058
vn 0.0627 0.0040 -0.9980
vn 0.0794 -0.0122 -0.9968
vn 0.0883 -0.0038 -0.9961
vn 0.0647 -0.0185 -0.9977
vn 0.0655 -0.0305 -0.9974
vn 0.0662 -0.0198 -0.9976
vn 0.4833 0.4297 -0.7627
vn 0.2342 0.4243 -0.8747
vn 0.4028 0.4150 -0.8158
vn -0.8189 -0.5660 -0.0952
vn -0.7698 -0.5852 -0.2549
vn -0.7339 -0.6055 -0.3078
vn -0.4908 -0.5647 -0.6634
vn -0.3985 -0.4710 -0.7870
vn -0.3253 -0.5487 -0.7701
vn -0.3031 -0.3413 -0.8898
vn -0.4821 -0.2555 -0.8381
vn -0.5247 -0.2201 -0.8223
vn -0.7378 -0.6190 -0.2690
vn -0.6797 -0.5337 -0.5031
vn -0.5251 -0.5352 -0.6616
vn -0.3999 -0.1599 -0.9025
vn -0.4190 -0.2181 -0.8814
vn -0.4101 -0.1767 -0.8947
vn 0.0777 -0.0103 -0.9969
vn 0.0738 -0.0111 -0.9972
vn 0.0663 -0.0016 -0.9978
vn -0.3274 0.3046 -0.8944
vn 0.1075 0.8731 -0.4756
vn 0.1249 0.2681 -0.9553
vn -0.8779 0.1763 -0.4452
vn -0.8881 0.1138 -0.4454
vn -0.8776 0.1460 -0.4567
vn -0.2001 0.3265 -0.9238
vn -0.2134 0.3212 -0.9227
vn -0.2057 0.2949 -0.9331
vn 0.2238 0.9501 -0.2174
vn 0.1435 0.9877 -0.0623
vn -0.3441 0.5865 -0.7333
vn -0.7020 -0.2360 -0.6720
vn -0.6370 -0.1459 -0.7569
vn -0.7068 -0.2259 -0.6704
vn 0.6371 0.1974 -0.7450
vn 0.6355 0.3198 -0.7027
vn 0.6315 0.3946 -0.6674
vn -0.2817 -0.2208 -0.9337
vn -0.3492 -0.2967 -0.8888
vn -0.3037 -0.2691 -0.9140
vn -0.4837 -0.5242 -0.7009
vn -0.2986 -0.5768 -0.7603
vn -0.5389 -0.5674 -0.6227
vn -0.0933 0.9524 -0.2901
vn -0.1699 0.9375 -0.3036
vn -0.1864 0.9243 -0.3329
vn 0.4348 -0.4716 -0.7672
vn 0.1009 -0.1108 -0.9887
vn 0.0324 -0.2372 -0.9709
vn -0.3742 0.0335 -0.9267
vn -0.4629 -0.0298 -0.8859
vn -0.4109 -0.0571 -0.9099
vn 0.2678 0.3736 -0.8881
vn -0.1386 0.1145 -0.9837
vn 0.2135 0.2770 -0.9368
vn -0.3422 -0.0582 -0.9378
vn -0.3688 -0.0352 -0.9288
vn -0.4922 -0.0343 -0.8698
vn -0.6533 -0.0869 -0.7521
vn -0.8117 -0.0871 -0.5775
vn -0.7804 -0.0368 -0.6242
vn -0.3903 -0.0908 -0.9162
vn -0.2910 -0.1009 -0.9514
vn -0.1971 -0.0786 -0.9772
vn -0.0183 0.9989 -0.0442
vn -0.0067 0.9988 -0.0493
vn -0.0095 0.9994 -0.0344
vn 0.3515 -0.2637 -0.8983
vn 0.2965 -0.2663 -0.9171
vn 0.3013 -0.3280 -0.8953
vn -0.3549 -0.6562 -0.6659
vn -0.3977 -0.6382 -0.6592
vn -0.3215 -0.6515 -0.6872
vn 0.2541 -0.3351 -0.9072
vn 0.1729 -0.4371 -0.8827
vn 0.2520 -0.3917 -0.8849
vn 0.3535 0.0875 -0.9313
vn 0.2181 0.1313 -0.9671
vn 0.4077 -0.0154 -0.9130
vn 0.4894 -0.0577 -0.8701
vn 0.6314 0.0144 -0.7753
vn 0.6704 0.0507 -0.7403
vn -0.0741 0.9143 -0.3981
vn 0.0974 0.7028 -0.7047
vn -0.0817 0.5791 -0.8111
vn 0.1399 0.0844 -0.9866
vn 0.3675 0.1423 -0.9191
vn 0.2421 0.0919 -0.9659
vn 0.8128 -0.1421 -0.5649
vn 0.6620 0.1570 -0.7329
vn 0.7316 -0.1138 -0.6722
vn 0.2289 0.8892 -0.3962
vn 0.1774 0.8515 -0.4934
vn 0.2283 0.8956 -0.3817
vn 0.7924 0.4193 -0.4430
vn 0.9162 0.0803 -0.3926
vn 0.8060 0.3400 -0.4846
vn 0.0510 0.6576 -0.7517
vn 0.1663 0.7457 -0.6452
vn 0.1734 0.9435 -0.2824
vn 0.6563 0.0876 0.7494
vn 0.6453 0.1266 0.7533
vn 0.7392 0.1619 0.6537
vn -0.4804 -0.1407 -0.8657
vn -0.5922 -0.1618 -0.7894
vn -0.5592 -0.0689 -0.8262
vn -0.0939 0.2312 -0.9684
vn -0.1930 0.2927 -0.9365
vn -0.0766 0.2637 -0.9616
vn -0.3567 -0.1302 -0.9251
vn -0.3126 -0.1497 -0.9380
vn -0.3598 -0.1598 -0.9193
vn -0.6610 -0.0872 -0.7453
vn -0.7782 -0.0557 -0.6256
vn -0.6612 -0.0408 -0.7491
vn -0.5716 -0.0556 -0.8186
vn -0.5381 -0.0515 -0.8413
vn -0.5390 -0.0488 -0.8409
vn 0.2462 -0.4112 -0.8777
vn 0.2740 -0.5249 -0.8058
vn 0.2405 -0.3941 -0.8870
vn 0.0118 -0.1328 -0.9911
vn -0.1330 -0.1765 -0.9753
vn -0.1049 -0.1835 -0.9774
vn -0.0361 -0.2617 -0.9645
vn 0.1119 -0.1516 -0.9821
vn 0.1472 -0.2088 -0.9668
vn 0.2658 -0.1958 -0.9439
vn -0.0056 -0.2470 -0.9690
vn -0.0243 -0.1753 -0.9842
vn 0.5881 0.2166 -0.7793
vn 0.4310 0.0587 -0.9004
vn 0.3865 0.1068 -0.9161
vn 0.4706 -0.0902 -0.8777
vn 0.4803 0.0453 -0.8759
vn 0.2256 -0.2059 -0.9522
vn -0.1121 -0.0318 -0.9932
vn 0.1883 -0.3019 -0.9345
vn -0.1165 -0.0801 -0.9900
vn 0.6948 0.1195 -0.7092
vn 0.5037 -0.0549 -0.8621
vn 0.4390 -0.0639 -0.8962
vn 0.0298 -0.2997 -0.9536
vn 0.4799 -0.0644 -0.8750
vn 0.2268 -0.1492 -0.9625
vn 0.0795 0.0289 -0.9964
vn -0.0250 0.0409 -0.9989
vn 0.0401 -0.0099 -0.9991
vn 0.2952 -0.3900 -0.8722
vn 0.3456 -0.3832 -0.8565
vn 0.2774 -0.3732 -0.8853
vn -0.1879 -0.3044 -0.9338
vn -0.2759 -0.3230 -0.9053
vn -0.0861 -0.1465 -0.9855
vn -0.3498 -0.2301 -0.9081
vn -0.2470 -0.2385 -0.9392
vn -0.2934 -0.1641 -0.9418
vn -0.3466 0.4742 0.8093
vn -0.3435 0.4695 0.8134
vn -0.3277 0.4951 0.8047
vn -0.6010 0.5842 0.5454
vn -0.6708 0.5463 0.5016
vn -0.6404 0.5465 0.5396
vn 0.9694 0.1887 0.1572
vn 0.9615 0.2109 0.1764
vn 0.9652 0.1924 0.1772
vn -0.1199 0.2093 0.9705
vn -0.1634 0.2215 0.9614
vn -0.1338 0.1340 0.9819
vn 0.7892 0.4798 0.3834
vn 0.8147 0.4794 0.3262
vn 0.7916 0.5266 0.3099
vn 0.9595 0.2426 0.1432
vn 0.9760 0.1810 0.1211
vn 0.9638 0.2325 0.1305
vn -0.3031 0.3067 -0.9023
vn -0.2806 0.0980 -0.9548
vn -0.3041 0.0201 -0.9524
vn 0.3853 0.2572 0.8862
vn 0.4523 0.1550 0.8783
vn 0.5673 0.0153 0.8234
vn -0.6608 -0.1144 -0.7418
vn -0.6278 -0.1420 -0.7653
vn -0.6146 -0.1334 -0.7775
vn -0.5460 -0.0348 -0.8371
vn -0.5450 -0.0407 -0.8374
vn -0.5586 -0.0354 -0.8287
vn 0.0944 0.9950 0.0338
vn 0.0580 0.9972 0.0480
vn -0.0655 0.9969 0.0431
vn -0.5858 0.7796 0.2216
vn -0.8485 0.2740 0.4528
vn -0.6423 0.7515 0.1505
vn -0.5133 0.7191 -0.4683
vn -0.1880 0.9820 0.0164
vn -0.5467 0.3661 -0.7531
vn -0.2288 0.9535 -0.1962
vn -0.0737 0.9896 -0.1235
vn -0.6437 0.7651 -0.0146
vn -0.2506 0.9052 -0.3431
vn -0.2581 0.9000 -0.3514
vn -0.2542 0.9054 -0.3399
vn -0.4364 -0.0193 -0.8995
vn -0.4336 -0.0278 -0.9007
vn -0.4415 -0.0458 -0.8961
vn 0.0678 0.9538 -0.2926
vn 0.0612 0.9505 -0.3048
vn 0.0732 0.9536 -0.2920
vn -0.5277 0.0117 -0.8494
vn -0.5207 0.0004 -0.8538
vn -0.5388 -0.0025 -0.8424
vn 0.0170 0.9992 -0.0353
vn 0.0209 0.9992 -0.0355
vn 0.0378 0.9989 -0.0272
vn -0.9782 -0.1944 0.0733
vn -0.9113 0.1595 -0.3797
vn -0.9261 -0.3061 -0.2205
vn -0.0914 0.9829 -0.1597
vn -0.7001 0.6573 -0.2789
vn 0.0244 0.9657 -0.2583
vn -0.0044 0.9996 -0.0286
vn 0.0066 0.9993 0.0354
vn 0.0124 0.9999 -0.0045
vn -0.6064 -0.1188 -0.7862
vn -0.6639 -0.1070 -0.7401
vn -0.7038 0.0673 -0.7072
vn -0.2687 0.0987 0.9581
vn -0.3570 0.0300 0.9336
vn -0.3913 0.5779 0.7162
vn -0.4153 0.3083 -0.8559
vn -0.8080 0.3597 -0.4667
vn -0.5059 0.2673 -0.8202
vn -0.4312 0.4263 -0.7952
vn -0.5356 0.4259 -0.7292
vn -0.4833 0.5356 -0.6925
vn -0.7421 -0.2376 -0.6268
vn -0.4564 -0.0644 -0.8874
vn -0.8890 -0.1300 -0.4391
vn -0.0917 0.9533 0.2877
vn -0.1179 0.9566 0.2666
vn -0.0758 0.9572 0.2792
vn 0.2257 0.9309 0.2873
vn 0.2208 0.9301 0.2937
vn 0.2344 0.9258 0.2965
vn -0.6907 -0.1848 -0.6991
vn -0.5592 -0.0241 -0.8287
vn -0.6335 -0.3564 -0.6868
vn -0.0244 0.9991 -0.0335
vn -0.0339 0.9987 -0.0389
vn -0.0238 0.9980 -0.0592
vn -0.8023 0.0080 -0.5968
vn -0.8025 0.0175 -0.5964
vn -0.6791 -0.4009 -0.6149
vn -0.0488 0.9988 -0.0094
vn -0.0540 0.9982 -0.0266
vn -0.0229 0.9997 -0.0122
vn 0.9734 0.1719 0.1511
vn 0.9528 0.1132 0.2818
vn 0.9783 0.1667 0.1230
vn -0.0292 0.9985 -0.0459
vn -0.0299 0.9986 -0.0434
vn -0.0357 0.9980 -0.0519
vn -0.8950 -0.2106 0.3932
vn -0.9016 -0.2069 0.3799
vn -0.8946 -0.2156 0.3914
vn -0.8535 -0.2988 -0.4269
vn -0.7687 -0.1240 -0.6275
vn -0.7841 -0.0125 -0.6205
vn -0.0148 0.9997 -0.0188
vn -0.0081 0.9995 -0.0299
vn -0.0138 0.9997 -0.0205
vn -0.1965 0.9710 -0.1360
vn -0.6864 0.4568 -0.5658
vn -0.5547 0.6540 -0.5144
vn -0.0053 0.9981 -0.0609
vn 0.0070 0.9992 -0.0395
vn -0.0042 0.9994 -0.0343
vn -0.0364 0.9091 -0.4150
vn -0.0812 0.9040 -0.4198
vn -0.0800 0.9100 -0.4068
vn -0.4907 -0.0728 -0.8683
vn -0.4828 -0.0981 -0.8702
vn -0.5274 -0.0785 -0.8460
vn -0.4730 0.3487 -0.8092
vn -0.4575 0.8827 -0.1077
vn -0.5004 0.5377 -0.6786
vn -0.5962 0.0113 -0.8028
vn -0.6055 0.0109 -0.7957
vn -0.5977 0.0124 -0.8016
vn -0.4820 -0.0122 -0.8761
vn -0.4436 -0.0455 -0.8951
vn -0.4682 -0.0295 -0.8831
vn -0.3711 0.0250 -0.9282
vn -0.3457 0.0554 -0.9367
vn -0.3797 0.0228 -0.9248
vn -0.5965 -0.1322 -0.7917
vn -0.6183 -0.1343 -0.7744
vn -0.6015 -0.1187 -0.7900
vn -0.4322 0.0609 0.8997
vn -0.5093 0.0276 0.8601
vn -0.4872 -0.0007 0.8733
vn 0.0613 -0.4877 0.8709
vn 0.2113 -0.5070 0.8357
vn 0.0635 -0.4669 0.8820
vn 0.0930 -0.4944 0.8642
vn 0.1082 -0.4811 0.8700
vn 0.0908 -0.4684 0.8789
vn -0.1146 -0.9816 0.1529
vn 0.2903 -0.8122 0.5060
vn 0.1954 -0.4715 0.8599
vn 0.0990 -0.7227 0.6841
vn -0.0189 -0.8363 0.5480
vn 0.5814 -0.5840 0.5666
vn 0.2404 -0.3551 0.9034
vn 0.2517 -0.3463 0.9037
vn 0.2650 -0.3353 0.9041
vn 0.2301 0.5406 0.8092
vn 0.0685 0.4789 0.8752
vn 0.2963 0.5118 0.8064
vn 0.4775 -0.0103 0.8786
vn 0.5095 0.0597 0.8584
vn 0.7244 0.2156 0.6548
vn 0.2318 -0.0112 0.9727
vn 0.1750 0.0508 0.9833
vn 0.3097 -0.1129 0.9441
vn 0.1192 0.1174 0.9859
vn 0.1652 0.1766 0.9703
vn 0.1714 0.1448 0.9745
vn 0.3455 -0.1964 0.9176
vn 0.2628 -0.3146 0.9121
vn 0.2544 -0.3415 0.9048
vn 0.2932 0.4148 0.8614
vn 0.1833 0.3589 0.9152
vn -0.5236 0.2767 0.8058
vn 0.4156 0.2465 0.8755
vn 0.4799 0.1473 0.8649
vn 0.5673 0.0746 0.8201
vn 0.2153 0.1247 0.9686
vn 0.2279 0.1094 0.9675
vn 0.1713 0.1016 0.9800
vn 0.0304 0.6037 0.7966
vn -0.0116 0.6686 0.7435
vn 0.1554 0.6295 0.7613
vn -0.2149 -0.5074 0.8345
vn -0.2831 -0.5864 0.7590
vn -0.3269 -0.5672 0.7559
vn 0.9146 -0.3984 -0.0688
vn 0.9015 -0.4157 -0.1204
vn 0.7881 -0.5748 -0.2202
vn -0.4193 -0.4280 0.8006
vn -0.3265 -0.5855 0.7420
vn -0.3111 -0.4823 0.8189
vn 0.5205 -0.6691 0.5304
vn 0.1910 -0.8053 0.5612
vn 0.5371 -0.6476 0.5405
vn 0.8888 -0.2725 -0.3685
vn 0.9137 -0.3063 -0.2673
vn 0.8882 -0.3545 -0.2924
vn 0.0234 -0.8121 0.5830
vn 0.0980 -0.7413 0.6640
vn 0.0963 -0.8348 0.5420
vn 0.1420 -0.8644 0.4824
vn 0.1629 -0.7050 0.6903
vn 0.1010 -0.9329 0.3458
vn 0.2622 -0.6409 0.7214
vn 0.3201 -0.6612 0.6785
vn 0.1364 -0.5171 0.8450
vn 0.0753 -0.2384 0.9682
vn 0.0902 -0.2259 0.9700
vn 0.2230 -0.1134 0.9682
vn 0.0548 -0.8241 0.5638
vn 0.0264 -0.7737 0.6330
vn 0.0878 -0.9237 0.3729
vn -0.3273 0.6841 0.6519
vn -0.3256 0.7628 0.5587
vn -0.3376 0.7427 0.5783
vn 0.2542 -0.0383 -0.9664
vn 0.4222 0.1457 -0.8947
vn 0.4648 0.1205 -0.8772
vn 0.1241 -0.5050 0.8542
vn 0.1265 -0.5665 0.8143
vn 0.1083 -0.4730 0.8744
vn 0.3581 -0.0578 0.9319
vn 0.2477 0.0061 0.9688
vn 0.2891 -0.0317 0.9568
vn -0.3452 -0.9201 0.1851
vn -0.3163 -0.9486 -0.0127
vn -0.3246 -0.9161 0.2354
vn 0.0044 -0.9894 0.1448
vn -0.0655 -0.9929 -0.0997
vn 0.0526 -0.9986 0.0008
vn 0.9383 0.2438 -0.2451
vn 0.9018 0.1799 -0.3930
vn 0.8983 0.2518 -0.3599
vn 0.6859 -0.7269 -0.0342
vn 0.7179 -0.6757 0.1674
vn 0.6976 -0.7154 -0.0400
vn 0.3098 -0.2495 0.9175
vn 0.6934 -0.3457 0.6322
vn 0.3900 -0.1407 0.9100
vn 0.2464 0.0756 0.9662
vn -0.0157 0.2279 0.9736
vn 0.2364 0.1417 0.9613
vn 0.1166 -0.8282 0.5482
vn 0.2055 -0.7881 0.5802
vn 0.1833 -0.8432 0.5054
vn 0.1231 -0.5060 0.8537
vn 0.2283 -0.3375 0.9132
vn 0.1629 -0.4194 0.8930
vn 0.0963 -0.8592 0.5025
vn 0.0422 -0.7184 0.6944
vn 0.0512 -0.7823 0.6208
vn -0.3029 0.2765 0.9120
vn -0.3110 0.2944 0.9037
vn -0.3310 0.2703 0.9041
vn -0.3037 0.2616 0.9162
vn -0.2874 0.2302 0.9297
vn -0.2604 0.2359 0.9362
vn -0.0548 0.1650 0.9848
vn -0.0217 0.1408 0.9898
vn -0.0463 0.1722 0.9840
vn 0.1154 0.2868 0.9510
vn 0.2044 0.2523 0.9458
vn 0.3601 0.2685 0.8934
vn 0.3065 -0.0809 0.9484
vn 0.2471 -0.2624 0.9328
vn 0.3328 -0.1475 0.9314
vn 0.6220 -0.7665 -0.1600
vn 0.5657 -0.8090 -0.1599
vn 0.4913 -0.7964 -0.3526
vn 0.1912 -0.7430 -0.6413
vn 0.1513 -0.8005 -0.5800
vn 0.1030 -0.7300 -0.6757
vn -0.0739 -0.8183 0.5700
vn -0.1155 -0.8600 0.4971
vn 0.0617 -0.7208 0.6904
vn 0.1209 -0.4265 0.8964
vn 0.2311 -0.2028 0.9516
vn 0.3115 -0.0552 0.9486
vn 0.5326 0.1097 0.8392
vn 0.6535 0.2242 0.7230
vn 0.5211 0.7721 0.3638
vn 0.0313 -0.8132 0.5812
vn -0.0003 -0.7283 0.6852
vn 0.0172 -0.9082 0.4182
vn 0.1239 -0.8280 0.5468
vn 0.1951 -0.7462 0.6365
vn 0.2169 -0.6205 0.7536
vn -0.2140 0.2698 0.9388
vn -0.1427 0.2718 0.9517
vn -0.1341 0.2911 0.9472
vn -0.3137 0.2830 0.9064
vn -0.2744 0.2653 0.9243
vn -0.2823 0.2573 0.9242
vn -0.3989 0.2245 0.8891
vn -0.3954 0.2324 0.8886
vn -0.3854 0.2119 0.8981
vn -0.1631 0.2811 0.9457
vn -0.1500 0.2916 0.9447
vn -0.1085 0.2734 0.9558
vn -0.4708 0.2213 0.8540
vn -0.4638 0.1880 0.8658
vn -0.5575 0.1448 0.8174
vn -0.4297 0.1632 0.8881
vn -0.4366 0.2005 0.8770
vn -0.4141 0.1819 0.8919
vn -0.3674 0.2195 0.9038
vn -0.3956 0.2039 0.8955
vn -0.3610 0.2053 0.9097
vn -0.3959 0.2227 0.8909
vn -0.4173 0.2189 0.8820
vn -0.4196 0.2363 0.8764
vn -0.2717 0.3105 0.9109
vn -0.2862 0.3035 0.9088
vn -0.2512 0.3044 0.9188
vn -0.2635 0.2009 0.9435
vn -0.2460 0.1702 0.9542
vn -0.1877 0.2006 0.9615
vn -0.2992 0.2589 0.9184
vn -0.3081 0.3079 0.9001
vn -0.3900 0.2896 0.8741
vn -0.2948 0.1174 0.9483
vn -0.2666 0.2068 0.9414
vn -0.2757 0.1492 0.9496
vn 0.4769 0.3141 0.8209
vn 0.4455 0.2316 0.8648
vn 0.7177 0.2985 0.6291
vn 0.3935 0.0854 0.9154
vn 0.3868 -0.0148 0.9220
vn 0.4053 -0.0734 0.9112
vn -0.4282 0.1842 0.8847
vn -0.4161 0.1872 0.8898
vn -0.4237 0.1609 0.8914
vn -0.2085 0.2897 0.9341
vn -0.2059 0.2706 0.9404
vn -0.2057 0.2854 0.9361
vn 0.5342 -0.8393 -0.1010
vn 0.4851 -0.8651 -0.1277
vn 0.4409 -0.8967 -0.0399
vn 0.7868 -0.3499 0.5084
vn 0.6989 -0.0321 0.7145
vn 0.6783 -0.2180 0.7017
vn 0.5384 0.7330 0.4157
vn 0.5058 0.7615 0.4053
vn 0.4966 0.7669 0.4065
vn 0.8615 0.3842 0.3319
vn 0.8583 0.4631 0.2210
vn 0.8896 0.3215 0.3243
vn 0.6785 0.7146 0.1704
vn 0.6747 0.7094 0.2035
vn 0.7000 0.7022 0.1302
vn 0.7226 0.6777 -0.1361
vn 0.7000 0.7140 -0.0100
vn 0.6997 0.7137 -0.0344
vn 0.7123 0.6886 0.1360
vn 0.7061 0.6980 0.1192
vn 0.6798 0.7145 0.1654
vn 0.7486 -0.1935 0.6342
vn 0.6821 -0.1220 0.7210
vn 0.6221 -0.0168 0.7827
vn 0.7573 0.0402 0.6519
vn 0.7076 -0.0161 0.7065
vn 0.7396 0.0836 0.6678
vn 0.3943 0.2302 0.8897
vn 0.2936 0.2855 0.9123
vn 0.3866 0.2818 0.8781
vn 0.8006 0.0093 0.5991
vn 0.7031 -0.0041 0.7111
vn 0.7462 -0.1051 0.6573
vn 0.6883 0.1319 0.7134
vn 0.6562 0.1515 0.7392
vn 0.6575 0.1637 0.7355
vn 0.7082 0.5356 0.4600
vn 0.7800 0.5273 0.3369
vn 0.6461 0.5518 0.5274
vn 0.6224 0.7394 0.2566
vn 0.6405 0.6957 0.3252
vn 0.6467 0.7132 0.2704
vn 0.7672 0.6161 0.1786
vn 0.7069 0.6568 0.2626
vn 0.7601 0.6360 0.1334
vn 0.6582 0.5214 0.5431
vn 0.9044 0.2049 0.3743
vn 0.6403 0.5800 0.5035
vn -0.4684 0.0434 -0.8825
vn -0.5189 -0.0078 -0.8548
vn -0.3913 0.0814 -0.9167
vn -0.3134 -0.1034 -0.9440
vn -0.3019 -0.1535 -0.9409
vn -0.3400 -0.1680 -0.9253
vn 0.2329 -0.1417 0.9621
vn 0.0746 -0.0734 0.9945
vn 0.0974 -0.1595 0.9824
vn -0.2108 -0.1657 -0.9634
vn -0.4376 0.0430 -0.8981
vn -0.2316 -0.1823 -0.9556
vn -0.4502 -0.0479 -0.8916
vn -0.3949 0.1842 -0.9001
vn -0.4507 0.0740 -0.8896
vn -0.0080 -0.0962 0.9953
vn -0.0595 0.0424 0.9973
vn -0.0031 -0.1440 0.9896
vn -0.7971 0.1303 -0.5897
vn -0.7652 0.1281 -0.6309
vn -0.7760 0.0468 -0.6289
vn -0.1561 -0.4626 0.8727
vn -0.0451 -0.4116 0.9102
vn -0.0533 -0.4568 0.8880
vn -0.3932 0.1750 -0.9026
vn -0.5980 0.4161 -0.6850
vn -0.7162 0.3127 -0.6239
vn -0.9519 0.1960 -0.2354
vn -0.9433 0.0017 -0.3318
vn -0.6345 0.7255 0.2666
vn -0.7821 0.5365 -0.3170
vn -0.9552 0.1442 -0.2583
vn -0.9676 0.0692 -0.2430
vn -0.9887 0.1453 -0.0374
vn -0.9877 0.1512 -0.0386
vn -0.9002 0.3493 0.2599
vn -0.9850 0.1655 -0.0493
vn -0.9838 0.1684 -0.0622
vn -0.8662 0.4991 -0.0227
vn -0.9736 0.1719 -0.1500
vn -0.6701 0.7339 0.1112
vn -0.7563 0.6504 -0.0703
vn -0.9884 0.0775 -0.1306
vn -0.9841 0.0597 -0.1673
vn -0.9842 0.1704 -0.0485
vn -0.8637 0.5015 -0.0513
vn -0.7925 0.5443 -0.2751
vn -0.9872 0.1368 -0.0814
vn -0.9959 -0.0678 -0.0602
vn -0.9942 -0.1055 -0.0223
vn -0.8209 0.2918 0.4908
vn -0.9716 0.1598 -0.1747
vn -0.9762 0.1063 -0.1892
vn -0.8816 0.4705 -0.0384
vn -0.4707 0.3638 0.8038
vn -0.5392 0.3811 0.7510
vn -0.6797 0.2313 0.6961
vn -0.6970 0.2899 0.6558
vn -0.7013 0.3300 0.6319
vn -0.8478 0.3165 0.4256
vn -0.3200 0.2566 -0.9120
vn -0.2291 0.1101 -0.9672
vn -0.2815 0.1514 -0.9475
vn -0.1335 -0.1516 0.9794
vn -0.1232 -0.0926 0.9880
vn -0.3835 -0.0322 0.9230
vn -0.4568 0.3999 0.7946
vn -0.3627 0.0748 0.9289
vn -0.4158 0.2830 0.8643
vn -0.8889 -0.1450 -0.4345
vn -0.9762 -0.1133 -0.1848
vn -0.9989 0.0137 0.0447
vn -0.2606 0.0796 0.9622
vn -0.6327 0.0775 0.7705
vn -0.7583 -0.1543 0.6333
vn -0.6438 -0.1918 0.7407
vn -0.8075 -0.0419 0.5884
vn -0.7190 -0.0841 0.6899
vn -0.9689 -0.0207 -0.2464
vn -0.9925 0.0247 -0.1193
vn -0.8694 0.0336 -0.4930
vn -0.9731 0.1670 -0.1584
vn -0.9063 0.3420 -0.2483
vn -0.9955 0.0077 -0.0948
vn -0.9989 0.0075 -0.0473
vn -0.9957 0.0385 -0.0837
vn -0.9946 0.0047 -0.1035
vn -0.9914 0.0575 -0.1173
vn -0.9981 -0.0075 -0.0608
vn -0.9924 0.0662 -0.1036
vn -0.9902 0.0409 -0.1336
vn -0.9932 -0.0208 -0.1143
vn -0.9931 0.0114 -0.1164
vn -0.9948 0.0565 -0.0846
vn -0.9907 0.0498 -0.1268
vn -0.9969 0.0282 -0.0732
vn -0.8667 -0.1077 -0.4871
vn -0.8392 -0.0277 -0.5431
vn -0.7612 -0.0337 -0.6477
vn -0.9810 0.0371 0.1905
vn -0.9984 0.0568 0.0021
vn -0.9971 0.0270 0.0707
vn -0.9679 0.2511 0.0149
vn -0.7909 0.6118 0.0133
vn -0.6611 0.7407 0.1199
vn -0.9988 0.0463 0.0150
vn -0.9800 0.0746 0.1842
vn -0.9957 0.0291 0.0874
vn -0.8096 0.4261 -0.4037
vn -0.6784 0.3017 -0.6699
vn -0.7773 0.3367 -0.5314
vn -0.6504 -0.0380 -0.7586
vn -0.6607 0.0036 -0.7507
vn -0.6419 -0.0531 -0.7650
vn -0.9919 0.0479 -0.1175
vn -0.9771 0.1812 -0.1119
vn -0.9962 -0.0064 -0.0872
vn -0.6863 0.0087 -0.7272
vn -0.6518 0.0258 -0.7580
vn -0.7044 0.0207 -0.7095
vn -0.6867 0.0187 -0.7267
vn -0.6940 0.0311 -0.7193
vn -0.7224 -0.0105 -0.6914
vn -0.8037 0.0379 -0.5939
vn -0.7525 0.1151 -0.6485
vn -0.7169 0.0180 -0.6970
vn -0.9731 0.1369 -0.1851
vn -0.9917 0.0550 -0.1160
vn -0.7534 0.5393 -0.3762
vn -0.5966 0.6732 -0.4368
vn -0.7837 0.4707 -0.4053
vn -0.7705 0.4421 -0.4593
vn -0.4239 -0.0675 -0.9032
vn -0.4371 -0.1026 -0.8935
vn -0.4343 -0.1013 -0.8950
vn -0.8395 0.4852 0.2448
vn -0.7714 0.6067 0.1919
vn -0.9723 -0.1947 -0.1290
vn -0.3551 0.0590 -0.9330
vn -0.3260 0.0902 -0.9410
vn -0.3451 0.0131 -0.9385
vn -0.8207 0.0294 -0.5707
vn -0.8393 -0.0299 -0.5429
vn -0.9624 -0.0588 -0.2651
vn -0.3637 0.6607 -0.6566
vn -0.1993 0.8582 -0.4729
vn -0.2060 0.7927 -0.5737
vn -0.6005 0.7865 -0.1446
vn -0.4739 0.8687 0.1445
vn 0.1708 0.9737 0.1505
vn -0.6415 0.6973 -0.3198
vn -0.3794 0.9186 -0.1103
vn -0.2109 0.9749 0.0717
vn -0.0422 0.9990 0.0176
vn -0.0716 0.9843 -0.1615
vn -0.0470 0.9987 0.0194
vn -0.0317 0.9986 -0.0422
vn -0.0345 0.9987 -0.0369
vn 0.0111 0.9891 -0.1471
vn -0.5357 0.1739 -0.8263
vn -0.6989 0.2625 -0.6653
vn -0.6610 0.3072 -0.6846
vn -0.0349 0.9993 -0.0148
vn -0.0333 0.9984 -0.0456
vn -0.0525 0.9974 -0.0485
vn -0.0244 0.9976 -0.0643
vn -0.0453 0.9987 -0.0248
vn -0.0214 0.9993 -0.0316
vn -0.0514 0.9986 -0.0157
vn -0.0461 0.9989 -0.0027
vn -0.0276 0.9996 0.0003
vn -0.4328 0.1206 -0.8934
vn -0.3994 -0.0434 -0.9157
vn -0.7396 0.0935 -0.6666
vn -0.0449 0.9989 0.0143
vn -0.0642 0.9977 0.0208
vn -0.0655 0.9978 0.0109
vn 0.1083 -0.2030 0.9732
vn 0.1148 -0.1355 0.9841
vn 0.2523 -0.1081 0.9616
vn 0.3767 -0.0063 0.9263
vn 0.3798 -0.1379 0.9147
vn 0.2952 -0.1043 0.9497
vn 0.4062 -0.1181 0.9061
vn 0.2256 -0.1921 0.9551
vn 0.3070 -0.1154 0.9447
vn 0.4012 -0.2182 0.8896
vn 0.1190 -0.0430 0.9920
vn 0.1076 -0.1255 0.9862
vn 0.1675 0.1862 0.9681
vn 0.0129 -0.1550 0.9878
vn -0.0165 -0.1876 0.9821
vn 0.5581 -0.0474 0.8284
vn 0.4375 -0.0139 0.8991
vn 0.5884 -0.0232 0.8083
vn 0.6567 -0.6800 0.3262
vn 0.8110 -0.4728 0.3445
vn 0.6758 -0.7019 0.2252
vn -0.7552 0.1808 0.6300
vn -0.5386 0.1524 0.8287
vn -0.5696 0.1982 0.7977
vn 0.1378 -0.0310 0.9900
vn 0.2727 -0.1563 0.9493
vn 0.2236 -0.0981 0.9697
vn -0.0243 0.9996 -0.0109
vn -0.0436 0.9989 -0.0179
vn -0.0370 0.9993 -0.0073
vn -0.0266 0.9996 -0.0086
vn -0.0275 0.9996 -0.0049
vn -0.0414 0.9991 -0.0084
vn -0.7985 0.0397 0.6007
vn -0.8727 -0.0199 0.4879
vn -0.9015 -0.0501 0.4299
vn -0.3647 -0.1708 0.9153
vn -0.2047 -0.0562 0.9772
vn -0.2830 -0.0692 0.9566
vn -0.8428 0.0183 0.5380
vn -0.7594 -0.2314 0.6081
vn -0.8531 0.0555 0.5187
vn -0.9544 -0.1980 -0.2233
vn -0.9129 -0.1678 -0.3721
vn -0.9530 -0.0673 -0.2955
vn -0.8112 0.3163 -0.4918
vn -0.7254 0.2648 -0.6354
vn -0.7623 0.3080 -0.5693
vn -0.6319 -0.0335 -0.7743
vn -0.5627 0.1830 -0.8062
vn -0.6416 -0.0238 -0.7666
vn -0.2362 0.9632 0.1285
vn -0.4815 0.6960 -0.5327
vn -0.4818 0.7156 -0.5057
vn -0.7127 0.6387 -0.2900
vn -0.8190 0.5634 -0.1085
vn -0.1056 0.9777 -0.1813
vn -0.5924 -0.1002 -0.7994
vn -0.4052 -0.1090 -0.9077
vn -0.8268 -0.0883 -0.5555
vn -0.2059 0.9585 0.1973
vn -0.3016 0.9255 0.2289
vn 0.1008 0.9837 0.1488
vn -0.4373 0.0741 -0.8963
vn -0.4010 0.0170 -0.9159
vn -0.4737 0.0113 -0.8806
vn -0.8956 0.4445 -0.0191
vn -0.8935 0.4300 -0.1296
vn -0.8822 0.3865 -0.2689
vn -0.9036 0.4264 0.0415
vn -0.8301 0.4596 -0.3158
vn -0.9038 0.4277 -0.0132
vn -0.8587 0.4949 0.1330
vn -0.8986 0.4319 0.0777
vn -0.7963 0.4841 0.3626
vn -0.7934 0.5832 0.1744
vn -0.8352 0.4232 0.3511
vn -0.8082 0.5145 0.2865
vn -0.9068 -0.4212 -0.0138
vn -0.9244 -0.3519 -0.1470
vn -0.9682 -0.2244 0.1105
vn 0.2716 -0.1883 -0.9438
vn 0.2499 -0.1835 -0.9507
vn 0.2698 0.0850 -0.9592
vn -0.2544 -0.0510 0.9658
vn -0.2667 -0.1221 0.9560
vn 0.0059 -0.1332 0.9911
vn -0.6390 0.0045 -0.7692
vn -0.6049 -0.0426 -0.7951
vn -0.6046 0.0589 -0.7944
vn -0.1886 0.7883 -0.5857
vn -0.3373 0.7207 -0.6056
vn -0.3581 0.7848 -0.5058
vn -0.9682 0.1973 -0.1537
vn -0.9463 0.3228 -0.0188
vn -0.9879 0.0846 -0.1298
vn -0.9606 0.2357 -0.1473
vn -0.9331 0.2800 -0.2256
vn -0.8606 0.3530 -0.3671
vn 0.4271 -0.0956 0.8991
vn 0.2470 -0.0128 0.9689
vn 0.1174 -0.0333 0.9925
vn -0.6288 -0.1539 0.7622
vn -0.5187 -0.2387 0.8209
vn -0.5560 -0.2241 0.8004
vn 0.0327 0.0265 0.9991
vn 0.0666 0.0470 0.9967
vn 0.0355 0.0160 0.9992
vn -0.4819 -0.3200 0.8157
vn -0.5366 -0.3335 0.7751
vn -0.3893 -0.4146 0.8225
vn -0.1245 -0.0759 0.9893
vn -0.1363 -0.0621 0.9887
vn -0.1329 -0.0949 0.9866
vn -0.2120 -0.0380 0.9765
vn -0.2200 -0.0196 0.9753
vn -0.2249 -0.0393 0.9736
vn -0.1495 -0.0982 0.9839
vn -0.1397 -0.0647 0.9881
vn -0.1981 -0.0923 0.9758
vn -0.2531 -0.1617 0.9538
vn -0.2819 -0.1312 0.9504
vn -0.3037 -0.1493 0.9410
vn -0.2094 -0.0895 0.9737
vn -0.2352 -0.0982 0.9670
vn -0.1672 -0.1223 0.9783
vn -0.1873 -0.1081 0.9763
vn -0.1470 -0.1163 0.9823
vn -0.1947 -0.1092 0.9748
vn -0.2516 -0.1072 0.9619
vn -0.2581 -0.1653 0.9519
vn -0.1984 -0.1215 0.9726
vn -0.0400 0.0538 0.9977
vn -0.1281 -0.0381 0.9910
vn 0.1821 0.0291 0.9829
vn 0.0332 -0.0548 0.9979
vn 0.1662 0.0332 0.9855
vn -0.1031 -0.0535 0.9932
vn -0.1213 0.2188 0.9682
vn -0.3208 0.1417 0.9365
vn -0.3611 0.0361 0.9318
vn 0.9482 0.2017 0.2452
vn 0.9425 0.1624 0.2922
vn 0.9028 -0.0398 0.4281
vn 0.8052 0.0007 0.5931
vn 0.9286 0.0997 0.3573
vn 0.9030 0.0819 0.4217
vn -0.0554 -0.0772 0.9955
vn -0.1229 -0.1040 0.9870
vn -0.0672 -0.0682 0.9954
vn 0.8168 0.1825 0.5472
vn 0.6245 0.1156 0.7724
vn 0.6279 0.0199 0.7781
vn -0.1444 -0.0269 0.9892
vn -0.1584 -0.0094 0.9873
vn -0.1625 -0.0320 0.9862
vn -0.0716 -0.1301 0.9889
vn -0.0939 -0.0619 0.9937
vn -0.0541 -0.0438 0.9976
vn -0.4222 -0.2375 0.8749
vn -0.3593 -0.2338 0.9035
vn -0.1654 -0.3315 0.9289
vn -0.3107 -0.0471 0.9494
vn -0.2098 -0.4403 0.8730
vn -0.3394 -0.0497 0.9393
vn -0.0159 -0.0357 0.9992
vn -0.0508 -0.0682 0.9964
vn -0.0589 -0.0625 0.9963
vn -0.1038 -0.0438 0.9936
vn -0.1232 -0.0296 0.9919
vn -0.1151 -0.0257 0.9930
vn -0.1881 -0.1432 0.9717
vn -0.1523 -0.1768 0.9724
vn -0.0421 0.0074 0.9991
vn -0.1240 -0.0179 0.9921
vn -0.1304 -0.0141 0.9914
vn -0.1124 -0.0146 0.9936
vn -0.1967 0.1178 0.9734
vn -0.1752 0.1443 0.9739
vn -0.1705 0.1436 0.9748
vn -0.1162 -0.0262 0.9929
vn -0.1017 -0.0306 0.9943
vn -0.1164 -0.0220 0.9930
vn -0.0597 -0.1368 0.9888
vn -0.0035 -0.0158 0.9999
vn -0.1682 -0.1740 0.9703
vn -0.1724 -0.0532 0.9836
vn -0.1788 -0.0835 0.9803
vn -0.1594 -0.0496 0.9860
vn -0.1505 -0.0589 0.9869
vn -0.1487 -0.0089 0.9888
vn -0.1510 -0.0409 0.9877
vn -0.2216 -0.0388 0.9744
vn -0.2023 -0.0476 0.9782
vn -0.2339 -0.0536 0.9708
vn 0.8230 0.1847 0.5372
vn 0.6044 0.0771 0.7929
vn 0.7870 0.1065 0.6077
vn -0.1165 -0.0043 0.9932
vn -0.0833 -0.0448 0.9955
vn -0.1314 -0.1149 0.9847
vn -0.1359 -0.0627 0.9887
vn -0.0516 -0.0399 0.9979
vn -0.0679 -0.0862 0.9940
vn -0.1608 -0.0058 0.9870
vn -0.1876 -0.0148 0.9821
vn -0.1190 -0.0133 0.9928
vn -0.0452 0.0829 0.9955
vn -0.0345 0.0294 0.9990
vn -0.1844 -0.3305 0.9256
vn 0.9913 -0.1251 -0.0411
vn 0.9604 0.1115 -0.2553
vn 0.9415 0.2015 -0.2702
vn 0.8046 0.1263 0.5802
vn 0.5832 0.2021 0.7868
vn 0.7389 -0.0345 0.6729
vn -0.1751 -0.0268 0.9842
vn -0.1517 -0.0016 0.9884
vn -0.1567 -0.0391 0.9869
vn -0.1454 -0.0406 0.9885
vn -0.1132 -0.0833 0.9901
vn -0.1480 -0.0514 0.9876
vn -0.1209 -0.0185 0.9925
vn -0.1150 -0.0157 0.9932
vn -0.1169 -0.0244 0.9928
vn -0.2459 -0.1130 0.9627
vn -0.3432 -0.1578 0.9259
vn -0.2677 -0.1467 0.9523
vn -0.1521 -0.1542 0.9763
vn -0.0280 -0.1618 0.9864
vn -0.1646 -0.0238 0.9861
vn -0.0822 0.0173 0.9965
vn -0.1150 0.0130 0.9933
vn -0.0798 0.0198 0.9966
vn -0.1265 0.0377 0.9913
vn -0.1443 0.0912 0.9853
vn -0.1584 0.0410 0.9865
vn -0.3326 -0.1571 0.9299
vn -0.2215 -0.0841 0.9715
vn -0.3219 -0.0017 0.9468
vn -0.1494 -0.2582 0.9545
vn -0.3174 -0.1843 0.9302
vn -0.1479 -0.0144 0.9889
vn -0.3672 -0.2688 0.8905
vn -0.3228 -0.2271 0.9188
vn -0.2312 -0.3249 0.9171
vn 0.0151 0.1020 0.9947
vn 0.1028 0.0644 0.9926
vn 0.0342 0.0780 0.9964
vn -0.1670 0.0181 0.9858
vn -0.1922 0.0415 0.9805
vn -0.1935 0.0347 0.9805
vn -0.1147 -0.0155 0.9933
vn -0.0997 -0.0102 0.9950
vn -0.0886 0.0010 0.9961
vn -0.1182 -0.0298 0.9925
vn -0.1334 -0.0356 0.9904
vn -0.1298 -0.0377 0.9908
vn -0.2549 0.0029 0.9670
vn -0.2934 -0.0370 0.9553
vn -0.2638 -0.0244 0.9643
vn -0.1236 -0.0673 0.9900
vn -0.0751 -0.0305 0.9967
vn -0.1125 -0.0382 0.9929
vn 0.2789 0.8873 -0.3674
vn -0.3489 0.8868 -0.3029
vn 0.1155 0.9922 0.0459
vn 0.6802 0.7025 0.2096
vn 0.5374 0.7942 0.2838
vn 0.6125 0.7778 0.1414
vn 0.5100 0.7868 0.3477
vn 0.5033 0.7813 0.3691
vn 0.5025 0.7745 0.3841
vn 0.7661 -0.4021 -0.5014
vn 0.8077 -0.3501 -0.4744
vn 0.7967 -0.2866 -0.5320
vn 0.2871 0.5447 0.7879
vn 0.3071 0.4391 0.8443
vn 0.4246 0.4293 0.7971
vn -0.0035 0.5214 0.8533
vn -0.0608 0.6545 0.7536
vn -0.0437 0.5346 0.8440
vn 0.8425 0.2009 0.4999
vn 0.8485 0.0753 0.5237
vn 0.8288 0.0591 0.5564
vn 0.2957 0.5534 0.7787
vn 0.3387 0.7504 0.5676
vn 0.4098 0.6145 0.6741
vn 0.7828 -0.2731 0.5591
vn 0.8398 -0.2545 0.4795
vn 0.6517 -0.2879 0.7017
vn 0.8855 -0.1160 0.4499
vn 0.8989 -0.0923 0.4284
vn 0.9913 0.0466 0.1227
vn 0.8786 0.4611 0.1245
vn 0.8227 0.5684 0.0060
vn 0.8838 0.4670 0.0301
vn 0.7280 0.6837 -0.0514
vn 0.7432 0.6340 -0.2135
vn 0.7935 0.4732 -0.3826
vn 0.7065 0.6988 0.1115
vn 0.6669 0.7405 0.0826
vn 0.6846 0.7277 0.0430
vn -0.1634 0.7269 0.6670
vn -0.1266 0.5297 0.8387
vn -0.0541 0.6713 0.7392
vn 0.8191 0.5696 0.0679
vn 0.7920 0.6091 -0.0421
vn 0.8363 0.5437 -0.0708
vn 0.0689 0.9826 0.1723
vn 0.1079 0.9926 -0.0557
vn -0.0244 0.9996 -0.0119
vn 0.9391 -0.2521 -0.2337
vn 0.9252 -0.2136 -0.3136
vn 0.7835 -0.5169 -0.3449
vn -0.1449 0.3538 0.9240
vn -0.1982 0.1983 0.9599
vn -0.1005 0.3260 0.9400
vn 0.1608 0.8055 0.5703
vn 0.1108 0.7021 0.7034
vn 0.1780 0.7367 0.6524
vn 0.4698 0.7432 0.4763
vn 0.2893 0.8237 0.4877
vn 0.4028 0.7531 0.5202
vn 0.2854 0.7668 0.5749
vn 0.4239 0.7655 0.4841
vn 0.3537 0.8100 0.4677
vn 0.6221 0.6892 0.3714
vn 0.6202 0.6739 0.4015
vn 0.6002 0.6752 0.4287
vn 0.5155 0.7224 0.4609
vn 0.3732 0.8006 0.4689
vn 0.3791 0.8430 0.3816
vn 0.0826 -0.1389 0.9869
vn 0.1088 0.0055 0.9940
vn -0.0377 0.0070 0.9993
vn 0.9260 -0.3718 -0.0649
vn 0.9882 -0.1197 0.0959
vn 0.9218 -0.2836 0.2642
vn 0.7373 0.6631 0.1291
vn 0.7065 0.7056 0.0550
vn 0.8418 0.4890 0.2286
vn 0.9310 0.3602 -0.0595
vn 0.9675 0.2367 -0.0885
vn 0.9626 0.2706 0.0113
vn 0.6143 -0.6558 0.4388
vn 0.5618 -0.6629 0.4949
vn 0.5479 -0.6892 0.4741
vn -0.3804 0.0326 0.9242
vn -0.3470 0.1034 0.9321
vn -0.3164 0.0682 0.9462
vn -0.3817 0.0266 0.9239
vn -0.2972 0.0089 0.9548
vn -0.4096 -0.0252 0.9119
vn 0.8097 0.0566 0.5841
vn 0.5276 0.6171 0.5838
vn 0.5253 0.0651 0.8484
vn 0.5177 0.5657 0.6418
vn 0.4150 0.5292 0.7401
vn 0.6324 0.5772 0.5165
vn 0.2469 0.1284 0.9605
vn 0.2568 0.1171 0.9593
vn 0.2263 0.0688 0.9716
vn 0.5967 0.5163 0.6144
vn 0.5014 0.5168 0.6940
vn 0.0650 0.4232 0.9037
vn 0.9132 0.1656 0.3723
vn 0.8731 0.2581 0.4137
vn 0.8928 0.1819 0.4120
vn 0.9572 0.0240 0.2885
vn 0.8343 0.5335 0.1391
vn 0.9216 0.3731 0.1072
vn 0.8562 0.0858 0.5095
vn 0.8605 0.0891 0.5016
vn 0.8569 0.0525 0.5128
vn 0.4666 0.4562 0.7578
vn 0.5112 0.3943 0.7637
vn 0.5461 0.3771 0.7481
vn 0.8675 0.0940 0.4884
vn 0.8362 0.0739 0.5435
vn 0.8459 0.0962 0.5246
vn 0.5276 0.8129 0.2468
vn 0.4633 0.8477 0.2583
vn 0.5597 0.7610 0.3281
vn 0.7977 -0.2580 0.5451
vn 0.7053 -0.1292 0.6970
vn 0.7663 -0.2912 0.5728
vn 0.4719 0.8667 0.1618
vn 0.4791 0.8653 0.1475
vn 0.4727 0.8593 0.1954
vn 0.6129 0.2680 0.7433
vn 0.6314 0.6451 0.4302
vn 0.7911 0.3967 0.4656
vn 0.6554 0.5614 0.5052
vn 0.6343 0.5230 0.5694
vn 0.6323 0.4941 0.5967
vn 0.2722 0.0406 0.9614
vn 0.1302 -0.0212 0.9913
vn 0.0382 -0.0242 0.9990
vn 0.5158 0.7278 0.4519
vn 0.5258 0.7525 0.3965
vn 0.2615 0.8631 0.4320
vn 0.6990 0.7011 0.1409
vn 0.6882 0.7175 0.1079
vn 0.6753 0.7245 0.1381
vn 0.2793 0.5221 0.8059
vn 0.0680 0.4764 0.8766
vn 0.1529 0.7860 0.5991
vn 0.5303 0.3388 0.7772
vn 0.6730 -0.0852 0.7347
vn 0.5833 -0.0196 0.8121
vn 0.7733 0.3916 0.4987
vn 0.8238 0.3301 0.4609
vn 0.6544 0.4060 0.6379
vn 0.8202 0.3239 0.4716
vn 0.9579 0.2701 0.0976
vn 0.8404 0.0887 0.5347
vn 0.6183 0.1205 0.7767
vn 0.5728 0.2050 0.7937
vn 0.6487 0.2090 0.7318
vn 0.9911 -0.1282 0.0357
vn 0.9467 -0.2510 0.2017
vn 0.8820 -0.3121 0.3531
vn 0.7541 0.5064 0.4182
vn 0.6690 0.5225 0.5286
vn 0.6256 0.6044 0.4934
vn 0.9095 0.0923 -0.4054
vn 0.9820 0.0679 -0.1763
vn 0.9414 -0.1294 -0.3116
vn -0.2796 -0.2107 0.9367
vn -0.1126 -0.1499 0.9823
vn -0.1293 -0.1711 0.9767
vn 0.8377 0.3033 0.4542
vn 0.8665 0.2909 0.4057
vn 0.9169 0.2458 0.3144
vn 0.8388 0.3998 0.3695
vn 0.8567 0.4297 0.2854
vn 0.8477 0.3700 0.3801
vn 0.3490 0.8019 0.4849
vn 0.3478 0.8521 0.3910
vn 0.3693 0.8904 0.2661
vn 0.6500 0.5070 0.5661
vn 0.6466 0.5631 0.5147
vn 0.6513 0.2821 0.7045
vn 0.6509 0.3746 0.6603
vn 0.7465 0.2338 0.6229
vn 0.7098 0.5235 0.4714
vn 0.0646 -0.6736 0.7363
vn -0.0865 -0.5564 0.8264
vn 0.0751 -0.7053 0.7050
vn 0.2575 -0.8451 0.4686
vn 0.1229 -0.8643 0.4877
vn 0.3083 -0.7366 0.6019
vn 0.4075 -0.8009 0.4387
vn 0.2927 -0.7691 0.5682
vn 0.2396 -0.8012 0.5484
vn 0.8035 -0.3134 0.5061
vn 0.8826 -0.2796 0.3779
vn 0.9627 -0.1627 0.2162
vn 0.8089 0.5726 0.1335
vn 0.8136 0.5445 0.2039
vn 0.9236 0.3767 0.0712
vn 0.6761 0.7325 0.0797
vn 0.6740 0.7291 0.1188
vn 0.6921 0.7051 0.1542
vn 0.7591 0.6507 -0.0183
vn 0.7739 0.6328 0.0252
vn 0.7426 0.6691 0.0303
vn 0.9665 0.2272 0.1196
vn 0.9305 0.3470 0.1168
vn 0.8517 0.5059 0.1369
vn 0.8706 0.4799 0.1084
vn 0.9438 0.2554 0.2099
vn 0.9109 0.3956 0.1173
vn 0.5210 0.8353 0.1757
vn 0.4443 0.8539 0.2711
vn 0.4957 0.8527 0.1647
vn 0.7713 0.6363 -0.0139
vn 0.7937 0.6073 -0.0353
vn 0.8104 0.5857 -0.0136
vn 0.4976 -0.4409 0.7470
vn 0.5456 -0.1020 0.8318
vn 0.0927 -0.6195 0.7795
vn 0.8139 0.5796 0.0410
vn 0.8673 0.4955 0.0474
vn 0.7436 0.6677 0.0362
vn 0.8091 0.5693 0.1454
vn 0.6592 0.7288 0.1855
vn 0.7957 0.5702 0.2045
vn 0.3913 -0.1471 0.9084
vn 0.0758 -0.2309 0.9700
vn 0.1702 -0.2200 0.9605
vn 0.1179 -0.3907 0.9129
vn 0.1272 -0.4033 0.9062
vn 0.1620 -0.4168 0.8944
vn 0.4756 0.8544 0.2094
vn 0.3945 0.8840 0.2508
vn 0.4324 0.8374 0.3342
vn 0.0827 -0.3912 0.9166
vn 0.0260 -0.4680 0.8834
vn 0.0563 -0.5679 0.8212
vn 0.3616 0.7206 0.5916
vn 0.3201 0.6357 0.7024
vn 0.4069 0.5005 0.7641
vn 0.5122 0.4894 0.7058
vn 0.6613 0.5673 0.4908
vn 0.5415 0.6207 0.5670
vn 0.6908 0.2948 0.6602
vn 0.7549 0.2139 0.6200
vn 0.8358 0.1968 0.5126
vn 0.1247 0.1527 0.9804
vn -0.1075 0.2668 0.9577
vn 0.0865 0.2626 0.9610
vn 0.6878 0.7210 0.0839
vn 0.6946 0.7133 0.0939
vn 0.6949 0.7086 0.1225
vn 0.8190 -0.2757 0.5032
vn 0.7839 -0.4235 0.4540
vn 0.6265 -0.0900 0.7742
vn 0.8035 -0.1850 0.5657
vn 0.7921 -0.1850 0.5817
vn 0.7820 -0.1748 0.5983
vn 0.5444 -0.3157 0.7771
vn 0.5003 -0.3298 0.8006
vn 0.5179 -0.3277 0.7902
vn 0.7138 0.6965 0.0733
vn 0.7149 0.6992 -0.0043
vn 0.7512 0.6588 -0.0420
vn 0.7704 0.6375 -0.0043
vn 0.8173 0.5620 0.1270
vn 0.7856 0.6184 0.0201
vn 0.9323 0.3617 0.0002
vn 0.7924 0.5975 -0.1224
vn 0.9767 0.1765 0.1223
vn 0.7776 0.5118 0.3652
vn 0.8124 0.4934 0.3109
vn 0.9296 0.2297 0.2883
vn 0.7466 0.2755 0.6056
vn 0.8434 0.1165 0.5244
vn 0.8644 0.1489 0.4802
vn 0.9344 0.2471 0.2566
vn 0.7072 0.6719 0.2199
vn 0.8477 0.5142 0.1301
vn 0.9409 0.2545 0.2234
vn 0.9443 -0.1038 0.3122
vn 0.9231 -0.0072 0.3846
vn 0.0357 -0.1945 0.9803
vn 0.0662 -0.1968 0.9782
vn 0.0802 -0.2182 0.9726
vn 0.3287 -0.3542 0.8755
vn 0.1207 -0.3254 0.9378
vn 0.3053 -0.3022 0.9030
vn 0.2051 -0.1995 0.9582
vn 0.1748 -0.3412 0.9236
vn 0.1982 -0.2797 0.9394
vn 0.6913 0.6577 -0.2993
vn 0.8023 0.5460 -0.2414
vn 0.6935 0.6695 -0.2662
vn 0.7147 -0.3178 0.6231
vn 0.6853 -0.2642 0.6787
vn 0.7323 -0.4921 0.4707
vn 0.9623 -0.0767 0.2611
vn 0.8947 -0.1738 0.4115
vn 0.8869 -0.1815 0.4249
vn 0.5317 -0.5080 0.6777
vn 0.4973 -0.2672 0.8254
vn 0.5270 -0.4736 0.7057
vn 0.1697 -0.0832 0.9820
vn 0.1888 -0.0677 0.9797
vn 0.1734 0.0349 0.9842
vn 0.6650 0.2001 0.7196
vn 0.8167 0.2480 0.5210
vn 0.7287 0.3366 0.5964
vn 0.9238 0.3608 0.1281
vn 0.9615 0.2413 0.1311
vn 0.9841 0.1641 0.0681
vn 0.7932 0.0286 0.6083
vn 0.7932 0.2089 0.5721
vn 0.6380 0.1301 0.7590
vn 0.8432 0.0610 0.5341
vn 0.9355 0.0297 0.3522
vn 0.9292 -0.0829 0.3601
vn 0.9691 -0.1300 0.2097
vn 0.9312 -0.1999 0.3048
vn 0.9596 -0.1762 0.2193
vn 0.8490 -0.3060 0.4308
vn 0.7563 -0.3795 0.5329
vn 0.9479 -0.2922 0.1274
vn 0.5382 0.6307 0.5591
vn 0.6230 0.5300 0.5753
vn 0.6319 0.6491 0.4235
vn 0.8004 0.0760 0.5946
vn 0.8030 0.0142 0.5958
vn 0.7918 0.0413 0.6094
vn 0.9370 -0.3079 0.1652
vn 0.9172 0.0270 0.3975
vn 0.9087 0.1049 0.4041
vn 0.0642 -0.6047 0.7939
vn 0.2492 -0.6046 0.7565
vn -0.0672 -0.5790 0.8125
vn 0.3989 -0.4097 0.8204
vn 0.3346 -0.2322 0.9133
vn 0.2725 -0.4046 0.8729
vn 0.8090 0.3951 0.4352
vn 0.8421 0.2427 0.4816
vn 0.7699 0.3582 0.5282
vn 0.2998 -0.1917 0.9345
vn 0.2972 -0.0746 0.9519
vn 0.2645 -0.1180 0.9571
vn 0.1067 0.1152 0.9876
vn 0.0620 0.2290 0.9714
vn -0.0789 0.2233 0.9715
vn 0.1815 -0.7586 0.6258
vn 0.6531 -0.5881 0.4771
vn 0.2241 -0.8428 0.4893
vn 0.7083 0.1593 0.6877
vn 0.6587 0.0922 0.7468
vn 0.6888 0.1918 0.6991
vn 0.6743 -0.1980 0.7114
vn 0.7715 -0.2421 0.5884
vn 0.6216 -0.1411 0.7705
vn 0.9306 0.0379 0.3642
vn 0.8342 0.0276 0.5508
vn 0.9344 -0.0552 0.3520
vn 0.4562 -0.0157 0.8897
vn 0.4629 -0.0925 0.8815
vn 0.4812 -0.0322 0.8760
vn 0.2847 0.0169 0.9585
vn 0.2571 0.0097 0.9663
vn 0.3057 0.0617 0.9501
vn 0.5224 -0.0164 0.8525
vn 0.5517 0.0160 0.8339
vn 0.5661 0.0324 0.8237
vn 0.6875 0.5929 0.4194
vn 0.6470 0.6882 0.3283
vn 0.5690 0.6838 0.4567
vn 0.7623 0.6456 0.0459
vn 0.8416 0.5279 0.1141
vn 0.8051 0.5929 0.0166
vn 0.6228 0.6828 0.3821
vn 0.6555 0.6633 0.3611
vn 0.6233 0.6192 0.4777
vn 0.8067 0.2454 -0.5376
vn 0.8269 0.2183 -0.5182
vn 0.8583 0.2497 -0.4483
vn 0.8043 0.2562 -0.5361
vn 0.8603 0.1694 -0.4807
vn 0.8203 0.3496 -0.4527
vn 0.7244 0.6659 0.1788
vn 0.7729 0.6061 0.1876
vn 0.7746 0.6186 0.1318
vn -0.1173 -0.2461 0.9621
vn -0.2236 -0.2186 0.9499
vn -0.0620 -0.2552 0.9649
vn 0.9454 0.2848 -0.1587
vn 0.8831 0.3943 -0.2544
vn 0.8637 0.4209 -0.2770
vn 0.6691 0.4951 0.5542
vn 0.7184 0.4925 0.4913
vn 0.7084 0.4885 0.5094
vn 0.0378 0.3111 0.9496
vn -0.1424 0.1891 0.9716
vn 0.0390 0.3569 0.9333
vn -0.0753 -0.1149 0.9905
vn -0.1708 -0.1838 0.9680
vn -0.3803 -0.1821 0.9067
vn -0.3008 -0.2721 0.9140
vn -0.2971 -0.2427 0.9235
vn -0.0755 -0.2572 0.9634
vn -0.1147 0.3719 0.9212
vn 0.0515 0.2672 0.9623
vn -0.1050 0.1755 0.9789
vn 0.6658 0.3999 0.6299
vn 0.5072 0.3700 0.7784
vn 0.7504 0.3620 0.5531
vn 0.3617 -0.0400 0.9315
vn 0.2536 -0.0222 0.9671
vn 0.1625 -0.1099 0.9806
vn 0.3754 0.0456 0.9257
vn 0.3181 0.0623 0.9460
vn 0.4019 0.0639 0.9134
vn 0.4304 0.9025 -0.0123
vn 0.3469 0.9318 -0.1068
vn 0.3418 0.9390 -0.0380
vn 0.4195 0.9073 0.0269
vn 0.3766 0.9218 0.0917
vn 0.4244 0.9051 0.0261
vn 0.3815 0.9037 0.1942
vn 0.3032 0.9373 0.1721
vn 0.3921 0.8987 0.1963
vn 0.7100 -0.4623 0.5312
vn 0.3094 -0.7254 0.6149
vn 0.3296 -0.7528 0.5698
vn 0.0973 -0.0861 0.9915
vn 0.0810 -0.1314 0.9880
vn 0.1346 -0.1472 0.9799
vn 0.5639 0.4417 0.6977
vn 0.6889 0.4254 0.5869
vn 0.6655 0.4421 0.6014
vn 0.1871 -0.0337 0.9818
vn 0.1786 -0.0103 0.9839
vn 0.2082 -0.0663 0.9758
vn -0.0795 0.5258 0.8469
vn 0.0104 0.4188 0.9080
vn 0.0753 0.6245 0.7774
vn 0.7584 -0.3606 0.5430
vn 0.3167 -0.4821 0.8169
vn 0.3510 -0.4978 0.7931
vn 0.9564 -0.2729 -0.1046
vn 0.9473 -0.2818 -0.1526
vn 0.9334 -0.3588 -0.0077
vn 0.5441 -0.4487 0.7089
vn 0.5029 -0.4324 0.7484
vn 0.2062 -0.6590 0.7233
vn 0.1798 -0.0367 0.9830
vn 0.1492 -0.0534 0.9874
vn 0.1450 -0.0548 0.9879
vn 0.2646 -0.0702 0.9618
vn 0.2495 -0.0605 0.9665
vn 0.2715 -0.0576 0.9607
vn 0.2570 0.0973 0.9615
vn 0.1749 0.1598 0.9715
vn 0.2210 0.0573 0.9736
vn 0.1471 0.4637 0.8737
vn 0.0366 0.5443 0.8381
vn 0.1162 0.6218 0.7745
vn 0.2844 0.2330 0.9300
vn 0.3841 0.3087 0.8701
vn 0.1970 0.3555 0.9137
vn 0.6387 0.3750 0.6718
vn 0.6616 0.4489 0.6006
vn 0.5529 0.5351 0.6388
vn 0.3667 0.2158 0.9050
vn 0.4237 0.2407 0.8733
vn 0.4053 0.3076 0.8609
vn -0.3448 -0.1196 0.9310
vn -0.2771 -0.1631 0.9469
vn -0.2137 -0.0854 0.9731
vn 0.8000 0.5294 -0.2823
vn 0.8371 0.4456 -0.3174
vn 0.8194 0.4505 -0.3545
vn 0.9568 0.1115 -0.2685
vn 0.9492 0.2123 -0.2321
vn 0.9816 0.1286 -0.1410
vn 0.9731 0.1718 -0.1535
vn 0.9397 0.1879 -0.2856
vn 0.9620 0.2131 -0.1709
vn 0.9991 -0.0229 0.0346
vn 0.9996 0.0200 0.0204
vn 0.9980 0.0588 0.0227
vn 0.5986 0.6422 0.4788
vn 0.5800 0.6366 0.5082
vn 0.5652 0.6339 0.5280
vn 0.6340 0.4225 0.6477
vn 0.5910 0.2962 0.7503
vn 0.6335 0.5190 0.5738
vn -0.1201 -0.0365 0.9921
vn -0.2920 -0.0725 0.9537
vn -0.3468 -0.1529 0.9254
vn 0.9987 -0.0268 0.0427
vn 0.9975 -0.0637 0.0312
vn 0.9935 -0.0981 -0.0584
vn 0.9981 -0.0613 0.0039
vn 0.9991 -0.0417 0.0016
vn 0.9993 -0.0327 0.0156
vn 0.6741 0.3571 0.6466
vn 0.6781 0.4793 0.5571
vn 0.6620 0.5110 0.5482
vn 0.9885 0.1514 -0.0016
vn 0.9764 0.2039 0.0711
vn 0.9861 0.1640 0.0284
vn 0.9073 0.3624 0.2130
vn 0.9345 0.0244 0.3551
vn 0.9203 0.3411 0.1916
vn 0.9937 0.1123 0.0007
vn 0.9836 0.1592 0.0844
vn 0.9850 0.1564 0.0729
vn 0.7200 0.2737 -0.6378
vn 0.6897 0.3363 -0.6412
vn 0.6228 0.3759 -0.6861
vn 0.2759 0.1833 -0.9436
vn 0.3606 0.1733 -0.9165
vn 0.4204 0.1092 -0.9008
vn -0.3319 -0.1523 0.9309
vn -0.3072 -0.0813 0.9482
vn -0.3766 -0.1860 0.9075
vn 0.6724 0.5948 -0.4406
vn 0.7146 0.2941 -0.6348
vn 0.7569 0.3344 -0.5615
vn 0.8621 0.2460 0.4431
vn 0.8627 0.1911 0.4683
vn 0.8820 0.2580 0.3942
vn 0.4569 -0.4279 -0.7798
vn 0.4672 -0.4555 -0.7578
vn 0.5570 -0.3851 -0.7358
vn 0.5618 0.1162 0.8190
vn 0.6201 -0.0654 0.7818
vn 0.5980 -0.0926 0.7961
vn 0.8456 0.5232 -0.1057
vn 0.8779 0.4653 -0.1126
vn 0.8868 0.4491 -0.1092
vn 0.1996 0.1319 0.9710
vn 0.1875 0.1443 0.9716
vn 0.1842 0.3152 0.9310
vn -0.2141 -0.1948 -0.9572
vn -0.3451 -0.0408 -0.9377
vn -0.3169 -0.0631 -0.9464
vn -0.2632 -0.2594 -0.9292
vn 0.1277 -0.3681 -0.9210
vn 0.1007 -0.4637 -0.8803
vn 0.9158 0.2921 0.2758
vn 0.9559 0.2409 0.1679
vn 0.9398 0.3078 0.1485
vn -0.5098 0.0218 -0.8600
vn -0.7239 -0.2068 -0.6582
vn -0.7204 -0.2357 -0.6522
vn 0.9644 -0.2637 0.0208
vn 0.9644 -0.0511 0.2594
vn 0.8734 -0.4182 0.2496
vn 0.4447 -0.1813 -0.8772
vn 0.4794 -0.1308 -0.8678
vn 0.4905 -0.2201 -0.8432
vn 0.5616 0.0986 -0.8215
vn 0.5808 0.1539 -0.7993
vn 0.6934 -0.0024 -0.7206
vn -0.3055 -0.1888 0.9333
vn -0.3480 -0.2105 0.9136
vn -0.3221 -0.0750 0.9437
vn 0.9820 0.1674 0.0870
vn 0.9733 0.1933 0.1235
vn 0.9841 0.1565 0.0844
vn 0.6623 -0.1080 0.7414
vn 0.8179 -0.1246 0.5617
vn 0.9699 0.0245 0.2421
vn 0.8258 0.1246 0.5500
vn 0.8280 -0.0822 0.5546
vn 0.7564 -0.0707 0.6503
vn -0.7445 -0.6626 -0.0824
vn -0.7762 -0.5888 -0.2254
vn -0.7919 -0.5839 -0.1790
vn 0.1200 -0.2427 -0.9627
vn 0.2142 -0.1857 -0.9590
vn 0.4782 -0.1874 -0.8580
vn 0.0386 -0.3797 -0.9243
vn 0.0280 -0.3930 -0.9191
vn 0.3383 -0.4065 -0.8487
vn 0.5073 0.0413 -0.8608
vn 0.5148 0.0539 -0.8556
vn 0.6191 0.0127 -0.7852
vn 0.7884 0.2392 0.5668
vn 0.7846 0.2254 0.5775
vn 0.7856 0.2853 0.5490
vn -0.3325 -0.0779 -0.9399
vn -0.3609 -0.1781 -0.9154
vn -0.6031 -0.3263 -0.7279
vn 0.6688 0.6299 0.3948
vn 0.6700 0.4072 0.6207
vn 0.6449 0.6212 0.4453
vn -0.9114 0.2850 -0.2969
vn -0.9046 0.0865 -0.4175
vn -0.7535 -0.3095 -0.5800
vn 0.9421 0.3181 -0.1063
vn 0.8590 0.3506 -0.3731
vn 0.8402 0.1903 -0.5079
vn 0.9811 0.1515 0.1199
vn 0.9686 0.2104 -0.1327
vn 0.9816 0.1858 0.0433
vn 0.7966 0.5687 -0.2048
vn 0.8974 0.3957 -0.1951
vn 0.8203 0.4541 -0.3476
vn 0.6536 0.7527 -0.0790
vn 0.7294 0.6816 -0.0576
vn 0.7110 0.6950 0.1074
vn 0.8196 0.5725 0.0226
vn 0.9972 0.0495 -0.0565
vn 0.9552 0.2917 0.0498
vn 0.7448 0.6386 -0.1938
vn 0.8422 0.2491 -0.4783
vn 0.8336 0.4465 -0.3254
vn -0.5601 -0.1509 -0.8145
vn -0.4757 -0.0829 -0.8757
vn -0.5767 -0.0597 -0.8147
vn 0.9671 0.0432 -0.2506
vn 0.9077 0.2011 -0.3682
vn 0.9635 0.1482 -0.2231
vn 0.2754 0.2884 0.9170
vn 0.1268 0.0963 0.9872
vn 0.2175 0.1337 0.9669
vn 0.5910 0.0239 -0.8063
vn 0.4817 0.0391 -0.8755
vn 0.7033 -0.0321 -0.7102
vn 0.8681 0.3070 0.3902
vn 0.8959 0.3971 0.1989
vn 0.8878 0.4057 0.2173
vn 0.7917 0.4040 0.4583
vn 0.8296 0.3176 0.4592
vn 0.8808 0.3496 0.3195
vn 0.9526 0.1525 0.2633
vn 0.9835 0.1397 0.1151
vn 0.9357 0.3143 0.1605
vn 0.8461 -0.0820 -0.5267
vn 0.9371 0.0261 -0.3480
vn 0.9622 -0.1187 -0.2452
vn 0.7887 0.3876 0.4772
vn 0.8341 0.3171 0.4514
vn 0.8952 0.3575 0.2662
vn 0.2821 0.2691 -0.9209
vn 0.3030 0.2129 -0.9289
vn 0.4127 0.2002 -0.8886
vn 0.9067 0.2715 0.3229
vn 0.9807 0.1556 0.1185
vn 0.9929 0.1027 0.0605
vn 0.0637 0.0169 -0.9978
vn 0.2971 0.1210 -0.9471
vn 0.1110 0.0460 -0.9928
vn 0.2378 0.0173 -0.9712
vn 0.2047 0.0308 -0.9783
vn 0.1772 -0.0210 -0.9839
vn 0.5379 0.1062 -0.8363
vn 0.4398 0.1641 -0.8830
vn 0.3864 0.1830 -0.9040
vn 0.9449 0.2362 0.2268
vn 0.9392 0.2696 0.2128
vn 0.9467 0.1983 0.2540
vn 0.8050 -0.1239 0.5802
vn 0.8474 -0.2327 0.4772
vn 0.7144 -0.1585 0.6815
vn 0.6033 -0.2021 0.7715
vn 0.7120 -0.1733 0.6804
vn 0.7118 -0.1704 0.6814
vn 0.9900 0.1406 -0.0078
vn 0.9929 0.1018 0.0609
vn 0.9926 0.1202 0.0178
vn 0.8904 0.3054 0.3375
vn 0.9208 0.2424 0.3055
vn 0.9500 0.2573 0.1770
vn 0.9800 0.1985 -0.0134
vn 0.9670 0.2524 -0.0350
vn 0.9602 0.1762 0.2169
vn 0.9357 0.2169 -0.2781
vn 0.9445 0.1940 -0.2652
vn 0.8795 0.3774 -0.2898
vn 0.9470 0.2410 0.2123
vn 0.9392 0.2123 0.2698
vn 0.9380 0.2750 0.2110
vn 0.0980 0.1420 0.9850
vn 0.0960 0.0909 0.9912
vn 0.1116 0.2653 0.9577
vn -0.2499 -0.0748 0.9654
vn -0.0861 -0.0030 0.9963
vn -0.0879 0.0854 0.9925
vn 0.8898 0.4434 0.1079
vn 0.8698 0.4753 0.1327
vn 0.9058 0.4165 0.0785
vn -0.6165 -0.5971 -0.5133
vn -0.6628 -0.6320 -0.4015
vn -0.6602 -0.6329 -0.4044
vn -0.5590 -0.2593 -0.7876
vn -0.7405 -0.1551 -0.6539
vn -0.4159 -0.3342 -0.8458
vn 0.9732 0.2201 0.0667
vn 0.9047 0.4009 -0.1440
vn 0.8675 0.2295 0.4413
vn 0.8507 0.1144 0.5131
vn 0.9123 0.1442 0.3834
vn 0.9365 0.1913 0.2939
vn 0.3486 0.0739 -0.9344
vn 0.2916 0.0130 -0.9564
vn 0.1805 0.0133 -0.9835
vn 0.5565 -0.0620 -0.8285
vn 0.6742 -0.5590 -0.4827
vn 0.5003 0.0045 -0.8658
vn 0.8964 -0.2030 -0.3939
vn 0.8848 -0.2497 -0.3934
vn 0.9064 -0.3050 -0.2924
vn 0.8015 0.0771 0.5931
vn 0.8383 0.0069 0.5452
vn 0.7912 0.0956 0.6040
vn -0.2095 -0.2938 -0.9326
vn -0.1053 -0.3141 -0.9435
vn -0.1232 -0.2869 -0.9500
vn 0.0644 -0.2844 -0.9566
vn 0.2960 -0.1708 -0.9398
vn 0.2511 -0.2235 -0.9418
vn -0.2799 0.8837 -0.3752
vn -0.1414 0.9783 0.1514
vn -0.4137 0.9086 0.0579
vn -0.9127 0.3758 0.1603
vn -0.5766 0.6979 0.4249
vn -0.8533 0.1579 0.4968
vn -0.3619 0.9273 -0.0956
vn -0.8918 0.4093 -0.1928
vn -0.9390 0.2808 0.1985
vn -0.9923 -0.0506 -0.1127
vn -0.7769 -0.0156 -0.6294
vn -0.5710 0.0413 -0.8199
vn -0.2348 -0.1313 -0.9631
vn -0.2186 -0.0959 -0.9711
vn -0.2003 -0.0752 -0.9768
vn -0.1182 -0.3390 -0.9333
vn -0.0936 -0.3830 -0.9190
vn -0.0996 -0.4162 -0.9038
vn -0.9713 -0.1744 0.1618
vn -0.9608 -0.2120 0.1785
vn -0.9179 -0.3854 0.0947
vn -0.1795 0.9270 -0.3292
vn -0.2632 0.8677 -0.4217
vn -0.1727 0.9014 -0.3971
vn 0.1015 0.7754 -0.6233
vn -0.0123 0.8222 -0.5690
vn 0.0574 0.8110 -0.5822
vn 0.5321 0.5729 0.6234
vn 0.4439 0.7035 0.5549
vn 0.5787 0.5495 0.6026
vn 0.2056 0.0881 0.9747
vn 0.1491 -0.0100 0.9888
vn 0.2242 -0.1656 0.9604
vn -0.4515 0.8818 -0.1360
vn -0.3978 0.8606 -0.3180
vn -0.5624 0.8089 -0.1713
vn -0.5619 -0.0886 -0.8224
vn -0.4662 -0.1080 -0.8780
vn -0.3017 -0.2213 -0.9273
vn -0.1606 0.0149 -0.9869
vn -0.1829 0.0028 -0.9831
vn -0.2461 -0.0165 -0.9691
vn -0.6587 0.1829 0.7298
vn -0.6583 0.3069 0.6873
vn -0.6487 0.1821 0.7389
vn 0.4065 0.5396 0.7373
vn 0.3993 0.4908 0.7744
vn 0.5963 0.5363 0.5974
vn 0.0720 -0.0861 -0.9937
vn 0.0836 -0.0470 -0.9954
vn 0.0619 -0.0666 -0.9959
vn -0.7399 -0.3610 -0.5676
vn -0.6937 -0.3259 -0.6423
vn -0.6940 -0.3791 -0.6120
vn -0.5726 -0.1590 -0.8042
vn -0.4759 -0.2819 -0.8331
vn -0.4976 -0.2812 -0.8206
vn -0.9846 0.1744 -0.0140
vn -0.9859 0.1668 0.0105
vn -0.9732 0.2142 -0.0838
vn -0.0679 0.9966 -0.0464
vn -0.3110 0.9479 0.0683
vn 0.0137 0.9999 -0.0048
vn -0.6921 -0.2812 -0.6648
vn -0.7212 -0.2332 -0.6523
vn -0.7235 -0.2911 -0.6260
vn -0.9246 0.3289 -0.1924
vn -0.9333 0.2975 -0.2013
vn -0.9254 0.2941 -0.2390
vn 0.0978 0.4495 0.8879
vn -0.3275 0.2900 0.8992
vn -0.0664 0.4789 0.8754
vn 0.2766 0.0332 -0.9604
vn 0.4773 -0.3207 -0.8181
vn 0.1926 0.0807 -0.9779
vn -0.5845 -0.3903 -0.7114
vn -0.5909 -0.3177 -0.7415
vn -0.5586 -0.2960 -0.7748
vn -0.9680 0.2467 0.0452
vn -0.9757 0.2191 -0.0030
vn -0.9861 0.0609 -0.1546
vn 0.0282 -0.0142 -0.9995
vn 0.1483 0.1072 -0.9831
vn 0.1297 0.0260 -0.9912
vn 0.1037 0.0333 -0.9941
vn 0.1862 0.0300 -0.9821
vn 0.2648 0.1065 -0.9584
vn 0.1078 0.4589 0.8819
vn 0.0226 0.5871 0.8092
vn -0.0041 0.2468 0.9691
vn -0.0423 0.9742 -0.2217
vn -0.0534 0.9538 -0.2956
vn -0.0692 0.9607 -0.2687
vn -0.3253 0.9378 0.1214
vn -0.1744 0.9580 0.2278
vn -0.1349 0.9499 0.2820
vn -0.9432 -0.1653 -0.2883
vn -0.9262 -0.1068 -0.3617
vn -0.9379 -0.2217 -0.2669
vn 0.1505 0.9823 -0.1116
vn 0.2439 0.9146 -0.3225
vn -0.1587 0.9228 -0.3512
vn -0.9392 -0.1871 -0.2879
vn -0.9095 -0.1598 -0.3837
vn -0.9324 -0.1702 -0.3190
vn -0.8651 0.0242 -0.5010
vn -0.8589 0.0516 -0.5096
vn -0.8620 0.0183 -0.5066
vn -0.3839 0.7514 0.5366
vn -0.3385 0.9259 0.1674
vn -0.1307 0.8320 0.5391
vn -0.8097 -0.0841 -0.5808
vn -0.8224 0.0604 -0.5657
vn -0.7844 0.5009 -0.3657
vn -0.0765 0.9444 -0.3199
vn -0.1669 0.9804 0.1044
vn -0.1248 0.9920 -0.0171
vn 0.1600 -0.0433 -0.9862
vn 0.0749 -0.0503 -0.9959
vn 0.0079 0.0482 -0.9988
vn -0.0098 0.9708 -0.2397
vn 0.1677 0.9174 -0.3608
vn -0.6530 0.7275 -0.2108
vn -0.0332 0.9882 0.1496
vn -0.0398 0.9949 0.0930
vn -0.1447 0.9882 0.0501
vn -0.3982 -0.1880 -0.8978
vn -0.6793 -0.2515 -0.6894
vn -0.3761 -0.1892 -0.9071
vn 0.0635 0.9307 -0.3603
vn 0.0459 0.9672 -0.2498
vn 0.0066 0.9746 -0.2238
vn 0.0967 0.9094 0.4044
vn 0.0626 0.9421 0.3293
vn 0.4157 0.9066 0.0726
vn -0.4886 -0.1742 -0.8550
vn -0.5556 -0.2460 -0.7942
vn -0.5607 -0.2318 -0.7949
vn 0.8629 0.2037 0.4625
vn 0.7918 0.3606 0.4930
vn 0.8548 0.2744 0.4406
vn -0.9404 0.0522 -0.3361
vn -0.8816 0.0998 -0.4614
vn -0.9031 -0.0054 -0.4294
vn 0.7019 0.4878 0.5189
vn 0.4855 0.1800 0.8555
vn 0.3798 0.5583 0.7376
vn -0.2729 -0.3677 -0.8890
vn -0.3085 -0.4385 -0.8441
vn -0.3469 -0.4164 -0.8404
vn -0.0749 0.9874 -0.1392
vn -0.2502 0.9682 -0.0006
vn -0.1340 0.9792 -0.1524
vn 0.3093 -0.2789 0.9091
vn 0.3061 -0.2636 0.9148
vn 0.3691 -0.3199 0.8726
vn 0.9504 0.2815 0.1327
vn 0.9531 0.2809 0.1128
vn 0.9495 0.2825 0.1364
vn 0.9066 0.3026 -0.2941
vn 0.8929 0.1485 -0.4250
vn 0.9440 0.1193 -0.3077
vn 0.9261 0.2017 -0.3188
vn 0.9515 0.2571 -0.1691
vn 0.9046 -0.0746 -0.4198
vn 0.8352 -0.0750 0.5449
vn 0.8844 0.0122 0.4665
vn 0.8386 -0.0941 0.5366
vn 0.9018 -0.1172 -0.4160
vn 0.8192 0.0943 -0.5657
vn 0.9000 0.2307 -0.3699
vn 0.7574 0.1787 0.6281
vn 0.7044 0.2341 0.6701
vn 0.6481 0.2632 0.7146
vn 0.5378 0.0522 0.8415
vn 0.4898 -0.2805 0.8255
vn 0.5176 -0.1893 0.8344
vn -0.0481 0.6017 0.7973
vn -0.0356 0.7551 0.6546
vn -0.1124 0.7633 0.6362
vn 0.1644 0.8472 0.5052
vn 0.1598 0.7841 0.5997
vn 0.2305 0.7141 0.6610
vn 0.2918 0.6432 0.7079
vn 0.7283 0.5541 0.4032
vn 0.2127 0.8164 0.5369
vn 0.1854 -0.3380 0.9227
vn 0.1811 -0.3696 0.9114
vn 0.2474 -0.2879 0.9251
vn -0.4101 0.2038 0.8890
vn -0.4791 0.1727 0.8606
vn -0.4711 0.1675 0.8660
vn -0.4092 0.2778 0.8691
vn -0.4649 0.2672 0.8441
vn -0.4315 0.3083 0.8478
vn -0.1719 0.3019 0.9377
vn -0.1539 0.2770 0.9485
vn -0.1663 0.3307 0.9290
vn -0.5359 0.3416 0.7721
vn -0.6034 0.3911 0.6949
vn -0.5165 0.3996 0.7573
vn 0.7519 -0.0832 0.6540
vn 0.7082 -0.1232 0.6952
vn 0.7417 -0.1428 0.6553
vn -0.5701 0.5334 0.6248
vn -0.5475 0.5400 0.6392
vn -0.5545 0.5471 0.6270
vn 0.3761 -0.7512 0.5424
vn 0.2946 -0.6598 0.6912
vn 0.3231 -0.7066 0.6296
vn -0.3901 0.2827 0.8763
vn -0.3955 0.2321 0.8887
vn -0.3617 0.2261 0.9044
vn -0.2465 0.1986 0.9486
vn -0.2865 0.2589 0.9225
vn -0.2863 0.1860 0.9399
vn -0.7059 0.5306 0.4692
vn -0.6276 0.4405 0.6419
vn -0.6409 0.5438 0.5417
vn -0.4166 0.2483 0.8745
vn -0.3922 0.2301 0.8906
vn -0.4080 0.2671 0.8731
vn -0.3633 0.3674 0.8562
vn -0.3309 0.3470 0.8776
vn -0.3777 0.2512 0.8912
vn -0.0323 0.5673 0.8229
vn 0.0593 0.5809 0.8118
vn -0.0665 0.6320 0.7721
vn -0.6996 -0.0141 0.7144
vn -0.7134 -0.0174 0.7005
vn -0.8174 -0.0290 0.5754
vn 0.7212 0.1631 0.6733
vn 0.7156 0.1804 0.6748
vn 0.6631 0.1969 0.7222
vn -0.3581 0.2638 0.8956
vn -0.4534 0.2491 0.8558
vn -0.3849 0.2352 0.8925
vn -0.5496 0.2036 0.8102
vn -0.5659 0.2521 0.7850
vn -0.6071 0.2654 0.7490
vn -0.4593 -0.1420 0.8768
vn -0.4950 -0.1501 0.8558
vn -0.4835 -0.1549 0.8616
vn 0.4485 0.2529 0.8573
vn 0.4760 0.2253 0.8501
vn 0.3162 0.1821 0.9310
vn -0.9377 0.1604 0.3081
vn -0.9081 0.2105 0.3619
vn -0.8114 0.2162 0.5431
vn 0.0448 -0.7285 0.6835
vn 0.0631 -0.7846 0.6168
vn 0.0721 -0.7803 0.6213
vn -0.8817 0.2422 -0.4050
vn -0.8748 0.1634 -0.4560
vn -0.8595 0.2087 -0.4666
vn -0.8121 0.2213 -0.5400
vn -0.7622 0.1476 -0.6303
vn -0.7353 0.2090 -0.6447
vn -0.8273 0.5615 0.0185
vn -0.7725 0.6160 0.1542
vn -0.8484 0.5281 -0.0363
vn -0.2662 -0.2719 -0.9248
vn -0.4203 -0.3656 -0.8305
vn -0.3239 -0.3048 -0.8957
vn -0.4111 -0.9074 0.0871
vn -0.7606 -0.5979 -0.2531
vn -0.5642 -0.6992 -0.4392
vn -0.2003 -0.3797 -0.9032
vn -0.2188 -0.4898 -0.8440
vn -0.3002 -0.5352 -0.7896
vn -0.7904 0.5275 0.3113
vn -0.6693 0.4132 0.6175
vn -0.7198 0.5308 0.4473
vn 0.2398 -0.2590 0.9356
vn 0.2667 -0.2995 0.9161
vn 0.2470 -0.1442 0.9582
vn -0.9437 0.3287 -0.0361
vn -0.8939 0.4479 -0.0176
vn -0.9603 0.2749 -0.0475
vn 0.1975 0.8423 0.5015
vn 0.3097 0.8610 0.4035
vn 0.1933 0.8755 0.4428
vn 0.4114 -0.4250 0.8063
vn 0.3056 0.3066 0.9015
vn 0.3612 -0.1503 0.9203
vn 0.7030 -0.0313 0.7105
vn 0.6136 0.0723 0.7863
vn 0.7299 0.0337 0.6828
vn 0.7399 0.0150 0.6725
vn 0.6314 0.0343 0.7747
vn 0.6453 -0.0046 0.7640
vn -0.5552 0.7732 0.3063
vn -0.3385 0.8867 0.3151
vn -0.6652 0.7173 0.2074
vn 0.7359 0.0780 0.6725
vn 0.7019 0.2327 0.6732
vn 0.7041 0.0782 0.7058
vn 0.8305 -0.2326 0.5061
vn 0.8388 -0.0504 0.5421
vn 0.7875 0.0256 0.6158
vn -0.9076 -0.2014 0.3684
vn -0.9117 -0.1948 0.3618
vn -0.8789 -0.2638 0.3975
vn -0.8521 -0.3048 -0.4256
vn -0.8080 -0.3200 -0.4947
vn -0.8489 -0.2854 -0.4449
vn -0.9841 0.0791 0.1592
vn -0.9792 0.1594 0.1254
vn -0.9646 0.1771 0.1952
vn 0.6873 0.4299 0.5855
vn 0.7900 0.1202 0.6012
vn 0.7642 0.2547 0.5925
vn -0.8586 -0.4281 -0.2819
vn -0.9166 -0.3637 -0.1659
vn -0.9456 -0.2869 -0.1537
vn -0.6563 -0.6513 -0.3810
vn -0.6610 -0.6843 -0.3079
vn -0.6287 -0.6974 -0.3441
vn -0.9949 -0.0906 0.0448
vn -0.9810 -0.1442 -0.1302
vn -0.9942 0.0976 -0.0454
vn -0.9601 -0.2683 -0.0792
vn -0.9660 -0.2519 0.0579
vn -0.9630 -0.2609 0.0669
vn -0.8371 -0.4765 0.2686
vn -0.8773 -0.4350 0.2026
vn -0.8881 -0.3758 0.2647
vn 0.6953 0.0075 0.7187
vn 0.7179 0.0215 0.6958
vn 0.7086 0.0803 0.7010
vn -0.3934 -0.6096 0.6882
vn -0.5384 -0.6557 0.5294
vn -0.6256 -0.6535 0.4261
vn -0.2510 -0.9611 0.1151
vn -0.1380 -0.9633 0.2302
vn -0.3227 -0.9444 -0.0635
vn 0.1446 -0.1736 0.9742
vn 0.1327 -0.0712 0.9886
vn 0.1096 0.0701 0.9915
vn 0.5394 -0.2589 0.8012
vn 0.5888 -0.1842 0.7870
vn 0.6600 -0.2989 0.6892
vn 0.5443 0.3032 0.7821
vn 0.6261 0.2484 0.7391
vn 0.6651 0.1249 0.7362
vn -0.0064 0.3110 0.9504
vn 0.0632 0.3436 0.9370
vn 0.0314 0.5122 0.8583
vn 0.6878 -0.2037 0.6967
vn 0.5870 -0.1987 0.7848
vn 0.6374 -0.1485 0.7561
vn -0.4701 0.7365 0.4864
vn -0.3603 0.7442 0.5624
vn -0.4416 0.7416 0.5049
vn 0.9003 0.1117 0.4206
vn 0.7206 0.5502 0.4219
vn 0.8932 0.3509 0.2811
vn -0.8337 0.5418 -0.1071
vn -0.8197 0.5471 -0.1698
vn -0.8118 0.5030 -0.2966
vn -0.7693 0.4583 -0.4452
vn -0.7720 0.4556 -0.4432
vn -0.7586 0.5204 -0.3920
vn -0.6676 0.5703 -0.4786
vn -0.6142 0.6320 -0.4726
vn -0.6367 0.6290 -0.4461
vn -0.8138 0.4398 -0.3799
vn -0.7722 0.4685 -0.4291
vn -0.8152 0.4223 -0.3964
vn -0.4266 0.8965 0.1196
vn -0.2430 0.9545 0.1732
vn -0.4721 0.8815 0.0117
vn -0.3017 -0.1919 0.9339
vn -0.0096 -0.3930 0.9195
vn -0.7051 0.3496 0.6170
vn -0.9617 -0.1634 -0.2199
vn -0.9643 -0.0944 -0.2475
vn -0.9569 -0.0813 -0.2787
vn -0.9907 -0.0716 -0.1161
vn -0.9899 -0.0741 -0.1211
vn -0.9832 -0.0366 -0.1787
vn 0.8320 -0.0994 0.5458
vn 0.8453 -0.1345 0.5172
vn 0.8504 0.1114 0.5143
vn -0.9413 -0.2432 -0.2342
vn -0.9681 -0.1879 -0.1659
vn -0.9341 0.3511 -0.0653
vn -0.9949 0.0078 -0.1002
vn -0.9785 0.1098 -0.1744
vn -0.9913 -0.0038 -0.1319
vn -0.9648 0.2385 -0.1108
vn -0.9016 0.4068 -0.1470
vn -0.9739 0.1652 -0.1558
vn -0.9905 -0.0516 -0.1271
vn -0.9882 -0.0715 -0.1351
vn -0.9813 -0.0962 -0.1670
vn -0.9897 -0.0377 -0.1381
vn -0.9973 -0.0607 -0.0424
vn -0.9919 -0.0279 -0.1235
vn -0.9919 -0.1274 -0.0003
vn -0.9906 -0.1325 -0.0345
vn -0.9925 -0.1220 -0.0041
vn -0.9933 0.0102 -0.1154
vn -0.9932 0.0108 -0.1160
vn -0.9925 0.0151 -0.1213
vn -0.9703 0.2021 -0.1330
vn -0.9743 0.2000 -0.1036
vn -0.9748 0.1927 -0.1123
vn -0.9933 0.0101 -0.1152
vn -0.9925 0.0151 -0.1212
vn -0.9933 0.0227 -0.1134
vn -0.9940 -0.0542 -0.0953
vn -0.9946 -0.0741 -0.0731
vn -0.9969 -0.0685 -0.0395
vn -0.0470 0.4085 0.9115
vn -0.1241 0.4683 0.8748
vn -0.6260 -0.1013 0.7732
vn 0.4517 0.1491 0.8796
vn 0.6946 -0.1285 0.7078
vn 0.9630 0.0387 0.2668
vn -0.9726 0.1582 -0.1702
vn -0.9549 0.2305 -0.1869
vn -0.9527 -0.2916 -0.0854
vn -0.6618 0.7001 0.2681
vn -0.7622 0.5080 -0.4012
vn -0.5170 0.8373 0.1778
vn -0.9939 -0.0289 -0.1063
vn -0.9939 -0.0497 -0.0980
vn -0.9934 -0.0042 -0.1146
vn -0.8305 0.2166 -0.5131
vn -0.9235 -0.1564 -0.3502
vn -0.5063 0.7478 -0.4296
vn -0.9870 0.0459 -0.1539
vn -0.9894 -0.0756 -0.1244
vn -0.9899 -0.0374 -0.1370
vn -0.9570 0.0622 -0.2834
vn -0.9548 0.1298 -0.2674
vn -0.9502 0.0725 -0.3030
vn -0.9512 -0.1615 -0.2631
vn -0.9681 -0.1769 -0.1777
vn -0.9481 -0.2149 -0.2345
vn -0.8829 0.4348 0.1775
vn -0.9010 0.3918 0.1862
vn -0.8172 0.5557 0.1533
vn -0.2770 0.7999 0.5323
vn -0.1608 0.9861 0.0409
vn -0.1197 0.9927 0.0165
vn -0.2337 0.3994 0.8865
vn -0.0683 0.3101 0.9483
vn -0.0802 0.2812 0.9563
vn -0.9159 0.3861 -0.1097
vn -0.9257 0.3773 -0.0278
vn -0.9829 0.1423 -0.1167
vn -0.0835 0.3910 0.9166
vn -0.3180 0.3229 0.8914
vn -0.1028 0.1862 0.9771
vn -0.9685 -0.0145 -0.2485
vn -0.9894 0.0009 -0.1449
vn -0.4130 0.9066 -0.0861
vn -0.5207 0.8465 -0.1109
vn -0.3360 0.9399 -0.0600
vn -0.0414 0.9990 -0.0185
vn -0.0667 0.8730 -0.4831
vn 0.0366 0.9967 -0.0719
vn -0.0425 0.9865 -0.1580
vn -0.0032 0.9891 -0.1469
vn -0.1463 0.9799 -0.1354
vn 0.0074 0.9892 -0.1462
vn 0.0241 0.9935 -0.1111
vn 0.0378 0.9865 -0.1594
vn -0.0000 0.9964 -0.0843
vn -0.0279 0.9965 -0.0787
vn 0.0040 0.9977 -0.0680
vn 0.2378 -0.0584 -0.9696
vn 0.0394 0.2202 -0.9746
vn 0.1888 0.0047 -0.9820
vn -0.0104 0.9981 -0.0615
vn 0.0049 0.9988 -0.0491
vn 0.0214 0.9968 -0.0766
vn -0.3364 0.4886 -0.8051
vn -0.1907 0.0463 -0.9806
vn -0.2538 -0.6228 -0.7400
vn -0.4810 -0.2719 -0.8335
vn -0.7491 -0.1358 -0.6484
vn -0.4531 -0.2884 -0.8435
vn 0.0780 0.2872 -0.9547
vn -0.1715 0.1357 -0.9758
vn -0.2953 -0.0352 -0.9547
vn -0.1470 -0.0116 -0.9891
vn -0.0630 -0.0172 -0.9979
vn -0.1380 -0.0590 -0.9887
vn -0.4454 0.2590 -0.8571
vn -0.3077 0.2121 -0.9275
vn -0.3038 0.2775 -0.9114
vn 0.6909 -0.1875 -0.6982
vn 0.6279 -0.2384 -0.7409
vn 0.6506 -0.2714 -0.7093
vn 0.0647 -0.0550 -0.9964
vn 0.0836 -0.0520 -0.9951
vn 0.0221 -0.0405 -0.9989
vn -0.0102 0.9995 -0.0309
vn -0.0236 0.9947 -0.1004
vn -0.0366 0.9968 -0.0704
vn -0.1024 0.9915 -0.0801
vn 0.2753 0.7732 -0.5712
vn -0.1198 0.9862 -0.1143
vn -0.1311 0.9913 -0.0118
vn -0.1349 0.9897 -0.0487
vn -0.1815 0.9821 -0.0500
vn -0.5517 0.0350 -0.8333
vn -0.3035 -0.0519 -0.9514
vn -0.2637 -0.1224 -0.9568
vn 0.7356 -0.3385 -0.5867
vn 0.6679 -0.3235 -0.6703
vn 0.8536 -0.3535 -0.3826
vn -0.0882 -0.1125 -0.9897
vn 0.2247 0.0056 -0.9744
vn 0.2431 0.0091 -0.9700
vn -0.7639 -0.0887 -0.6393
vn -0.7737 -0.0079 -0.6335
vn -0.6453 0.1351 -0.7519
vn -0.5350 0.2422 -0.8094
vn -0.7497 0.0996 -0.6542
vn -0.7245 -0.1618 -0.6700
vn 0.4627 0.2387 -0.8538
vn 0.5165 0.2170 -0.8283
vn 0.5707 0.2574 -0.7798
vn -0.3353 0.2718 -0.9021
vn -0.2851 0.3019 -0.9097
vn -0.4058 0.2803 -0.8699
vn -0.2224 0.4038 -0.8874
vn -0.1986 0.2596 -0.9451
vn -0.1561 0.3563 -0.9212
vn 0.0086 -0.0244 -0.9997
vn 0.0262 0.0335 -0.9991
vn 0.0049 0.0096 -0.9999
vn -0.0834 0.0450 -0.9955
vn -0.0572 0.0314 -0.9979
vn -0.0691 0.0527 -0.9962
vn -0.9904 0.0419 -0.1321
vn -0.9885 -0.0824 -0.1267
vn -0.8898 -0.3596 -0.2810
vn -0.5138 0.2327 -0.8258
vn -0.3110 0.3541 -0.8820
vn -0.1924 0.4396 -0.8773
vn -0.2221 -0.1873 -0.9569
vn -0.4084 -0.2530 -0.8770
vn -0.2834 -0.2294 -0.9312
vn 0.1436 0.9821 -0.1220
vn 0.0201 0.9977 -0.0650
vn 0.1113 0.9925 -0.0503
vn 0.2450 -0.1541 -0.9572
vn 0.2045 -0.1150 -0.9721
vn 0.2374 -0.1731 -0.9559
vn 0.0201 0.0283 -0.9994
vn 0.0621 0.0664 -0.9959
vn 0.0302 0.0494 -0.9983
vn 0.0757 -0.0050 -0.9971
vn 0.0976 -0.0019 -0.9952
vn 0.0908 -0.0027 -0.9959
vn 0.0186 -0.0027 -0.9998
vn 0.0275 0.0008 -0.9996
vn 0.0467 0.0118 -0.9988
vn 0.0452 0.0136 -0.9989
vn 0.0320 0.0150 -0.9994
vn 0.0270 0.0364 -0.9990
vn 0.0657 -0.0367 -0.9972
vn 0.0831 -0.0365 -0.9959
vn 0.0842 -0.0391 -0.9957
vn 0.0769 -0.0263 -0.9967
vn 0.1154 -0.0164 -0.9932
vn 0.1238 -0.0064 -0.9923
vn 0.0765 -0.0640 -0.9950
vn 0.0588 -0.0554 -0.9967
vn 0.0924 -0.0734 -0.9930
vn -0.3287 0.5101 -0.7948
vn -0.2998 0.4971 -0.8143
vn -0.2502 0.5507 -0.7963
vn -0.1077 0.5859 -0.8032
vn -0.0833 0.8996 -0.4287
vn -0.0296 0.8455 -0.5332
vn -0.0573 0.0864 -0.9946
vn -0.0832 0.1211 -0.9891
vn -0.0437 0.1068 -0.9933
vn -0.8949 0.3217 -0.3091
vn -0.9087 0.3166 -0.2722
vn -0.9178 0.2580 -0.3017
vn -0.8909 0.2437 -0.3832
vn -0.8921 0.2397 -0.3829
vn -0.8782 0.3013 -0.3715
vn -0.8973 0.2201 -0.3826
vn -0.8733 0.2564 -0.4143
vn -0.8939 0.2223 -0.3892
vn -0.0050 -0.2093 -0.9778
vn -0.1467 -0.3073 -0.9402
vn -0.1045 -0.2532 -0.9618
vn 0.2166 -0.2907 -0.9320
vn 0.2943 -0.2610 -0.9194
vn 0.2544 -0.2939 -0.9213
vn 0.3699 -0.5395 -0.7564
vn 0.3137 -0.5467 -0.7763
vn 0.3106 -0.5765 -0.7558
vn 0.7423 0.0086 -0.6700
vn 0.8220 0.1954 -0.5350
vn 0.7983 0.1630 -0.5798
vn 0.3445 0.0246 -0.9385
vn 0.2231 0.0390 -0.9740
vn 0.2859 0.1473 -0.9469
vn 0.0667 0.1707 -0.9831
vn -0.0072 0.0923 -0.9957
vn 0.0746 0.1372 -0.9877
vn 0.0828 -0.0638 -0.9945
vn 0.0254 0.0519 -0.9983
vn 0.1263 0.0333 -0.9914
vn 0.2264 0.4538 -0.8619
vn 0.2801 0.4773 -0.8329
vn 0.2036 0.4681 -0.8599
vn 0.1754 0.0618 -0.9826
vn 0.1293 0.0081 -0.9916
vn 0.2306 0.0698 -0.9705
vn 0.0666 0.2393 -0.9687
vn 0.2081 0.2114 -0.9550
vn 0.0520 0.1649 -0.9849
vn 0.0944 -0.5065 -0.8571
vn 0.0432 -0.5246 -0.8502
vn 0.0444 -0.4930 -0.8689
vn -0.3476 -0.1103 -0.9311
vn -0.3265 -0.1420 -0.9345
vn -0.3518 -0.1688 -0.9207
vn -0.0313 -0.4005 -0.9158
vn 0.0014 -0.3661 -0.9306
vn 0.0794 -0.4503 -0.8893
vn 0.8296 -0.2843 -0.4806
vn 0.8645 -0.1340 -0.4844
vn 0.8646 -0.2668 -0.4257
vn 0.9037 -0.1120 -0.4132
vn 0.7970 -0.2624 -0.5440
vn 0.6437 -0.0919 -0.7597
vn 0.7914 -0.3510 -0.5005
vn 0.7649 -0.4224 -0.4864
vn 0.7616 -0.3112 -0.5684
vn 0.1869 -0.3014 -0.9350
vn -0.1017 0.1327 -0.9859
vn -0.1093 0.1860 -0.9765
vn 0.8357 -0.2830 -0.4707
vn 0.8102 -0.3608 -0.4619
vn 0.7471 -0.3487 -0.5659
vn -0.2204 -0.8607 -0.4589
vn -0.2356 -0.8401 -0.4887
vn -0.1511 -0.8389 -0.5229
vn -0.2660 -0.2925 -0.9185
vn -0.2653 -0.3763 -0.8877
vn -0.3108 -0.2884 -0.9057
vn -0.0337 -0.5326 -0.8457
vn -0.2692 -0.2766 -0.9225
vn -0.1950 -0.6530 -0.7318
vn -0.2089 -0.6745 -0.7081
vn -0.2674 -0.7641 -0.5870
vn -0.1404 -0.7522 -0.6438
vn 0.0211 -0.7890 -0.6140
vn -0.0457 -0.8748 -0.4823
vn -0.1600 -0.7416 -0.6515
vn 0.0219 -0.3489 -0.9369
vn -0.0145 -0.3811 -0.9244
vn -0.0545 -0.3050 -0.9508
vn 0.1485 -0.2805 -0.9483
vn -0.3760 -0.0848 -0.9228
vn -0.3116 -0.2398 -0.9195
vn 0.6224 -0.4988 -0.6031
vn 0.5618 -0.5334 -0.6323
vn 0.6249 -0.4565 -0.6333
vn -0.3859 -0.1852 -0.9038
vn -0.5006 -0.1937 -0.8438
vn -0.3923 -0.0983 -0.9146
vn 0.9137 -0.2489 -0.3212
vn 0.8796 -0.2154 -0.4241
vn 0.9316 -0.2252 -0.2853
vn -0.9327 -0.2906 -0.2134
vn -0.9020 -0.2835 -0.3255
vn -0.9012 -0.3667 -0.2311
vn 0.9251 0.0402 -0.3775
vn 0.9599 0.0655 -0.2727
vn 0.9514 -0.0595 -0.3022
vn 0.9027 -0.2194 0.3702
vn 0.9878 -0.0169 -0.1546
vn 0.9293 -0.2569 0.2653
vn 0.6058 -0.7212 -0.3361
vn 0.4247 -0.8677 -0.2584
vn 0.4138 -0.8101 -0.4153
vn 0.3216 -0.7063 -0.6307
vn 0.1947 -0.6992 -0.6879
vn 0.3307 -0.8587 -0.3916
vn 0.4694 -0.1364 -0.8724
vn 0.4692 0.2686 -0.8412
vn 0.0906 -0.2780 -0.9563
vn 0.3671 -0.6803 -0.6343
vn 0.4145 0.0535 -0.9085
vn 0.5664 -0.3239 -0.7578
vn 0.6775 0.2492 0.6920
vn 0.6496 0.2479 0.7187
vn 0.7530 0.2325 0.6155
vn 0.7307 0.2429 0.6380
vn 0.7091 0.2459 0.6608
vn 0.7577 0.2429 0.6058
vn -0.2038 0.7652 0.6107
vn -0.1773 0.7017 0.6901
vn -0.1780 0.8236 0.5386
vn 0.6671 0.2740 0.6928
vn 0.6837 0.2725 0.6770
vn 0.6728 0.2397 0.6999
vn 0.7146 0.1118 0.6906
vn 0.7123 0.2037 0.6717
vn 0.6870 0.1848 0.7028
vn -0.0024 0.7326 0.6806
vn 0.0708 0.7605 0.6455
vn -0.0556 0.8290 0.5565
vn -0.2252 0.7438 0.6293
vn -0.1941 0.6594 0.7263
vn -0.1984 0.7544 0.6258
vn -0.0407 0.6374 0.7694
vn -0.0286 0.7274 0.6857
vn -0.0825 0.7171 0.6921
vn -0.7384 -0.6391 -0.2150
vn -0.7433 -0.6363 -0.2065
vn -0.7736 -0.6248 -0.1057
vn -0.6149 0.6917 0.3788
vn -0.7328 0.6678 0.1307
vn -0.7438 0.6097 0.2740
vn 0.8058 0.1371 0.5761
vn 0.7457 0.2531 0.6164
vn 0.7708 0.2240 0.5964
vn -0.4344 0.7956 0.4223
vn -0.1904 0.6322 0.7510
vn -0.1095 0.8072 0.5801
vn -0.2342 0.9547 0.1837
vn 0.0683 0.9761 0.2061
vn -0.2230 0.9720 -0.0746
vn -0.9185 0.1132 -0.3788
vn -0.9122 0.2017 -0.3568
vn -0.9281 0.1256 -0.3504
vn -0.9959 -0.0113 -0.0898
vn -0.9966 -0.0106 -0.0816
vn -0.9956 -0.0095 -0.0927
vn -0.9946 -0.0053 -0.1041
vn -0.9951 -0.0099 -0.0983
vn -0.9948 -0.0070 -0.1019
vn -0.5935 0.4498 0.6674
vn 0.1898 0.9783 -0.0831
vn 0.3857 0.8830 0.2674
vn -0.2984 0.8382 -0.4564
vn -0.4402 0.8009 -0.4060
vn -0.5106 0.7852 -0.3503
vn -0.9964 -0.0149 -0.0835
vn -0.9964 -0.0084 -0.0843
vn -0.9967 -0.0084 -0.0813
vn -0.0513 0.9874 0.1496
vn -0.1831 0.9025 0.3899
vn -0.1402 0.9102 0.3897
vn -0.2932 0.9418 -0.1644
vn 0.0329 0.9993 -0.0155
vn 0.0116 0.9886 -0.1498
vn -0.5932 -0.3801 -0.7097
vn -0.5898 -0.2419 -0.7704
vn -0.5661 -0.3375 -0.7521
vn -0.9952 -0.0065 -0.0980
vn -0.9946 -0.0116 -0.1035
vn -0.9955 -0.0076 -0.0947
vn -0.9958 -0.0043 -0.0917
vn -0.9961 -0.0043 -0.0882
vn -0.9956 -0.0016 -0.0939
vn -0.9941 -0.0207 -0.1064
vn -0.9944 -0.0146 -0.1051
vn -0.9946 -0.0105 -0.1033
vn 0.0328 0.8306 0.5559
vn -0.0338 0.7452 0.6660
vn 0.0668 0.6929 0.7179
vn 0.4985 0.3238 0.8041
vn 0.5088 0.3142 0.8015
vn 0.4879 0.2766 0.8280
vn -0.8657 -0.1485 -0.4781
vn -0.8558 -0.1706 -0.4883
vn -0.8792 -0.1753 -0.4431
vn -0.3366 0.9100 -0.2421
vn -0.3739 0.8302 -0.4135
vn -0.4202 0.8454 -0.3297
vn -0.4885 0.5074 -0.7098
vn -0.5083 0.5313 -0.6778
vn -0.5201 0.4919 -0.6982
vn -0.5676 -0.6459 -0.5105
vn -0.5644 -0.3101 -0.7651
vn -0.4066 -0.5456 -0.7328
vn -0.9197 0.0354 -0.3909
vn -0.7348 0.0897 -0.6723
vn -0.9472 -0.0463 -0.3173
vn -0.9419 -0.1978 -0.2714
vn -0.9677 -0.1485 -0.2038
vn -0.9748 -0.1256 -0.1846
vn -0.9903 -0.1305 0.0467
vn -0.9917 -0.1097 0.0676
vn -0.9931 -0.1138 0.0267
vn -0.9941 0.0020 -0.1080
vn -0.9946 0.0098 -0.1037
vn -0.9945 -0.0002 -0.1050
vn -0.5545 0.8285 -0.0781
vn -0.5350 0.7998 0.2721
vn -0.6100 0.7880 0.0835
vn -0.9939 0.0418 -0.1020
vn -0.9943 0.0395 -0.0990
vn -0.9941 0.0194 -0.1071
vn -0.4202 0.9050 0.0656
vn 0.0121 0.8870 0.4616
vn -0.2452 0.7784 0.5779
vn -0.2880 0.9214 0.2609
vn -0.2060 0.9566 0.2059
vn 0.1563 0.9725 0.1728
vn -0.7254 0.6600 0.1954
vn -0.8521 0.5231 0.0185
vn -0.4857 0.8652 0.1251
vn -0.7630 -0.0158 -0.6462
vn -0.7294 0.0255 -0.6836
vn -0.7600 -0.0359 -0.6489
vn -0.9955 -0.0051 -0.0950
vn -0.9953 -0.0041 -0.0969
vn -0.9958 -0.0100 -0.0909
vn -0.9936 0.0018 -0.1126
vn -0.9941 0.0011 -0.1083
vn -0.9944 0.0004 -0.1060
vn -0.1453 -0.5789 0.8023
vn -0.2046 -0.4257 0.8815
vn -0.2080 -0.6348 0.7442
vn -0.9953 -0.0006 -0.0967
vn -0.9966 0.0224 -0.0798
vn -0.9962 0.0330 -0.0806
vn -0.9969 0.0515 -0.0593
vn -0.7465 0.4519 -0.4885
vn -0.8767 0.4062 -0.2579
vn 0.7975 0.2610 0.5440
vn 0.7844 0.1925 0.5896
vn 0.7675 0.3803 0.5161
vn -0.0915 0.9290 -0.3587
vn -0.3019 0.9531 0.0213
vn -0.3071 0.9145 -0.2633
vn 0.1865 0.6013 -0.7770
vn -0.1824 0.7895 -0.5860
vn -0.1888 0.7963 -0.5747
vn -0.6250 0.5090 0.5918
vn -0.5447 0.5455 0.6370
vn -0.5808 0.4581 0.6730
vn 0.7082 0.2747 0.6504
vn 0.6559 0.3919 0.6451
vn 0.7384 0.3238 0.5916
vn -0.0441 0.4528 -0.8905
vn -0.0786 0.4625 -0.8831
vn -0.0615 0.5254 -0.8487
vn -0.6000 -0.7686 0.2219
vn -0.5513 -0.8340 -0.0235
vn -0.4411 -0.8881 0.1290
vn 0.4191 0.0407 0.9070
vn 0.3937 0.0313 0.9187
vn 0.3782 -0.0420 0.9248
vn -0.1238 -0.8479 0.5154
vn -0.2618 -0.7292 0.6323
vn -0.1207 -0.9119 0.3923
vn 0.0628 0.2768 0.9589
vn 0.2771 0.2386 0.9308
vn 0.2141 0.2899 0.9328
vn -0.2694 0.9455 0.1827
vn -0.0202 0.7466 0.6649
vn -0.2854 0.8632 0.4165
vn -0.9923 0.1143 0.0485
vn -0.9889 0.1100 0.1000
vn -0.9585 0.2223 0.1785
vn -0.7881 0.2437 0.5653
vn -0.7924 0.3270 0.5150
vn -0.9060 0.2968 0.3017
vn -0.8827 0.3402 0.3243
vn -0.7850 0.2129 0.5818
vn -0.8124 0.2930 0.5042
vn -0.3822 0.8798 0.2826
vn -0.4463 0.7004 0.5570
vn -0.9178 0.3718 0.1393
vn -0.9656 0.1083 0.2363
vn -0.9707 0.1167 0.2101
vn -0.9373 0.2220 0.2687
vn 0.0870 0.9851 0.1484
vn 0.1510 0.9725 0.1770
vn 0.0647 0.9888 0.1341
vn 0.1968 -0.0799 0.9772
vn 0.1824 -0.0804 0.9799
vn 0.1494 -0.1539 0.9767
vn 0.2155 0.9561 0.1987
vn 0.1216 0.9834 0.1348
vn 0.1792 0.9639 0.1970
vn 0.4667 0.1182 0.8765
vn 0.4576 0.2325 0.8582
vn 0.4608 0.2139 0.8614
vn 0.6914 0.1914 0.6967
vn 0.7620 0.2714 0.5880
vn 0.7195 0.1851 0.6693
vn 0.5498 0.0791 0.8315
vn 0.5436 0.0032 0.8393
vn 0.5173 0.0529 0.8542
vn -0.1682 0.9051 0.3905
vn 0.0279 0.7039 0.7097
vn -0.2459 0.6720 0.6986
vn -0.6886 -0.4788 0.5446
vn -0.6390 -0.2099 0.7401
vn -0.7362 -0.3668 0.5688
vn 0.2707 -0.5798 0.7684
vn -0.5187 -0.5085 0.6873
vn -0.5138 -0.5584 0.6513
vn -0.2188 -0.1863 0.9578
vn 0.0050 0.2204 0.9754
vn -0.4482 -0.0445 0.8929
vn 0.7576 0.2841 0.5876
vn 0.1586 0.3373 0.9280
vn 0.5328 0.1210 0.8376
vn 0.6832 0.7276 -0.0614
vn 0.8779 0.4549 -0.1496
vn 0.9153 0.3869 0.1117
vn -0.0154 -0.5115 0.8591
vn -0.1815 -0.4952 0.8496
vn -0.0443 -0.5755 0.8166
vn -0.1253 -0.3855 0.9141
vn -0.2048 -0.5122 0.8341
vn -0.0256 -0.5868 0.8093
vn -0.1925 0.8743 0.4455
vn -0.1733 0.8884 0.4251
vn -0.1705 0.8866 0.4300
vn 0.1662 0.1581 0.9733
vn 0.1398 0.0775 0.9871
vn 0.1135 0.1499 0.9822
vn 0.0444 -0.1927 0.9803
vn 0.0863 -0.1236 0.9886
vn 0.0432 -0.1214 0.9917
vn -0.2305 0.8782 0.4192
vn -0.2438 0.9231 0.2975
vn -0.2299 0.9719 0.0504
vn -0.0969 0.8734 0.4772
vn 0.0422 0.9467 0.3193
vn -0.1478 0.9497 0.2760
vn -0.0850 0.9079 0.4105
vn -0.0472 0.9248 0.3776
vn -0.0682 0.9549 0.2889
vn 0.1613 0.9790 0.1245
vn 0.1502 0.9796 0.1339
vn 0.1275 0.9905 0.0516
vn 0.4565 0.6727 0.5823
vn 0.5837 0.4797 0.6551
vn 0.4888 0.7289 0.4793
vn 0.0458 0.9971 0.0609
vn 0.0707 0.9963 0.0495
vn 0.0277 0.9979 0.0581
vn -0.2502 0.4634 0.8501
vn -0.3264 0.4933 0.8063
vn -0.2319 0.4835 0.8440
vn 0.0905 0.8756 0.4745
vn 0.1061 0.9848 0.1372
vn 0.1786 0.7827 0.5962
vn 0.6391 0.4071 0.6526
vn 0.6772 0.2841 0.6787
vn 0.6787 0.3663 0.6365
vn 0.1202 0.9459 -0.3014
vn 0.1418 0.9468 -0.2890
vn 0.1117 0.9492 -0.2941
vn 0.0621 0.9954 0.0729
vn 0.1134 0.9762 0.1847
vn 0.0874 0.9919 0.0921
vn 0.2063 0.9770 -0.0531
vn 0.1385 0.9884 -0.0624
vn 0.1446 0.9890 -0.0307
vn 0.0448 0.2920 0.9554
vn 0.0027 0.4550 0.8905
vn -0.0734 0.3437 0.9362
vn 0.5640 0.6627 0.4928
vn 0.5959 0.6101 0.5223
vn 0.4262 0.7620 0.4875
vn -0.1330 0.9415 0.3096
vn -0.3331 0.9111 0.2427
vn -0.1875 0.9275 0.3234
vn 0.0680 0.3414 0.9375
vn 0.0787 0.4804 0.8735
vn 0.0035 0.4605 0.8877
vn 0.8087 -0.2368 0.5384
vn 0.9857 -0.0065 0.1683
vn 0.9256 -0.0825 0.3693
vn 0.9998 -0.0131 0.0160
vn 0.9126 -0.3777 0.1565
vn 0.9850 -0.1359 -0.1063
vn 0.9865 0.1135 -0.1182
vn 0.9933 -0.1152 0.0068
vn 0.9820 -0.1274 0.1395
vn 0.4241 0.6607 0.6193
vn 0.2978 0.9286 0.2216
vn 0.3537 0.9229 0.1519
vn 0.1237 0.9906 0.0590
vn 0.2247 0.9635 0.1454
vn 0.1551 0.9848 0.0787
vn 0.2509 0.9496 0.1879
vn 0.2862 0.9379 0.1960
vn 0.2494 0.9486 0.1948
vn -0.0268 0.4367 0.8992
vn -0.0299 0.3283 0.9441
vn 0.0311 0.3592 0.9328
vn 0.4603 0.8863 0.0510
vn 0.4297 0.9028 -0.0154
vn 0.2955 0.9221 0.2496
vn 0.2454 0.5833 0.7743
vn 0.2513 0.6696 0.6989
vn 0.3570 0.5550 0.7514
vn 0.0937 0.9182 0.3848
vn 0.0514 0.9239 0.3791
vn 0.1493 0.8869 0.4371
vn -0.0364 0.8797 0.4742
vn -0.0819 0.9443 0.3186
vn -0.1917 0.8887 0.4166
vn 0.5894 0.0496 0.8063
vn 0.7249 -0.5323 0.4372
vn 0.8653 -0.3981 0.3045
vn 0.9551 -0.2684 -0.1252
vn 0.9484 -0.1442 -0.2824
vn 0.7466 -0.5622 -0.3558
vn 0.1969 0.9788 0.0557
vn 0.1958 0.9806 0.0039
vn 0.1955 0.9805 0.0191
vn 0.2445 0.5252 0.8151
vn 0.1875 0.5470 0.8159
vn 0.1994 0.4502 0.8704
vn 0.2512 0.8438 0.4742
vn 0.4531 0.7305 0.5109
vn 0.0223 0.9470 0.3206
vn 0.4581 0.7334 0.5024
vn 0.2620 0.8643 0.4293
vn 0.3884 0.7387 0.5509
vn 0.8924 -0.0910 0.4420
vn 0.9977 0.0671 0.0069
vn 0.9433 0.3216 -0.0824
vn 0.6965 -0.0182 0.7173
vn 0.6579 0.0673 0.7501
vn 0.6912 -0.1565 0.7055
vn 0.3164 -0.5112 0.7991
vn 0.6116 -0.3489 0.7101
vn 0.5788 -0.3445 0.7391
vn 0.5854 -0.2512 0.7709
vn 0.6080 -0.2687 0.7471
vn 0.6165 -0.2435 0.7488
vn 0.9025 -0.0335 0.4294
vn 0.9229 -0.0221 0.3845
vn 0.9175 -0.0088 0.3977
vn 0.6588 -0.0467 0.7509
vn 0.5760 -0.0988 0.8115
vn 0.6220 -0.0659 0.7802
vn 0.8774 -0.1076 0.4675
vn 0.8664 -0.1338 0.4810
vn 0.8696 -0.1546 0.4690
vn 0.8321 0.1765 0.5258
vn 0.8291 0.2118 0.5174
vn 0.8221 0.2238 0.5235
vn 0.8401 0.2928 0.4566
vn 0.8219 0.2823 0.4948
vn 0.8188 0.2548 0.5145
vn 0.8113 0.0671 0.5808
vn 0.8943 0.0193 0.4471
vn 0.8356 -0.0206 0.5490
vn 0.0995 -0.2399 0.9657
vn 0.2799 -0.2545 0.9257
vn 0.2198 -0.4103 0.8850
vn 0.1761 0.0059 0.9844
vn 0.1578 -0.0014 0.9875
vn 0.1666 -0.0411 0.9852
vn 0.8731 0.1733 0.4557
vn 0.9209 -0.0018 0.3897
vn 0.8708 0.1267 0.4750
vn 0.6869 -0.1398 0.7132
vn 0.4373 -0.0667 0.8968
vn 0.6847 0.0847 0.7239
vn 0.3406 -0.7820 0.5221
vn 0.0431 -0.6474 0.7609
vn 0.5244 -0.7783 0.3453
vn 0.7788 0.1215 0.6154
vn 0.7580 0.0730 0.6482
vn 0.7434 0.1161 0.6587
vn 0.6103 -0.7209 0.3282
vn 0.5724 -0.7620 0.3029
vn 0.4550 -0.6151 0.6439
vn 0.8317 0.1458 0.5357
vn 0.8372 0.1228 0.5329
vn 0.8312 0.1360 0.5391
vn 0.9031 0.1481 0.4031
vn 0.8710 0.1752 0.4589
vn 0.8839 0.1460 0.4442
vn 0.1076 0.2225 0.9690
vn 0.1728 0.1561 0.9725
vn 0.0952 0.4235 0.9009
vn -0.1074 0.9716 0.2108
vn 0.4738 0.8760 -0.0905
vn 0.1530 0.9263 0.3443
vn 0.0510 0.4119 0.9098
vn -0.1507 0.5690 0.8084
vn -0.0634 0.5314 0.8448
vn 0.0238 0.9256 0.3777
vn 0.0258 0.9572 0.2884
vn -0.1657 0.8897 0.4254
vn -0.4581 0.8664 0.1987
vn -0.5545 0.8235 0.1202
vn -0.5253 0.8136 0.2493
vn 0.1986 0.6265 0.7537
vn 0.1463 0.6554 0.7410
vn 0.3134 0.6918 0.6506
vn 0.4527 0.8884 -0.0756
vn 0.1806 0.9812 0.0679
vn 0.3589 0.9332 -0.0194
vn 0.7299 0.6544 0.1974
vn 0.4801 0.6846 0.5484
vn 0.6859 0.6936 0.2200
vn 0.7270 0.6015 0.3311
vn 0.5859 0.8036 0.1045
vn 0.5039 0.7968 0.3334
vn 0.7027 0.2480 0.6668
vn 0.6506 0.2783 0.7066
vn 0.6830 0.2295 0.6935
vn 0.5464 0.3264 0.7713
vn 0.5481 0.3051 0.7787
vn 0.5351 0.3350 0.7756
vn 0.0768 0.9832 0.1657
vn 0.0454 0.9800 0.1937
vn 0.0707 0.9614 0.2659
vn 0.3354 0.9363 0.1047
vn 0.6359 0.7042 0.3158
vn 0.5327 0.8382 0.1168
vn 0.7178 0.2196 0.6608
vn 0.7008 0.2596 0.6644
vn 0.7091 0.2439 0.6615
vn 0.2633 -0.3671 0.8922
vn -0.1396 -0.2827 0.9490
vn -0.0581 -0.2182 0.9742
vn 0.1698 0.2185 0.9610
vn 0.1685 0.0142 0.9856
vn 0.0109 -0.0548 0.9984
vn -0.1131 -0.0947 0.9891
vn -0.0647 -0.0047 0.9979
vn -0.0728 -0.0867 0.9936
vn -0.1586 0.0970 0.9826
vn -0.0652 -0.2638 0.9624
vn -0.0152 -0.0350 0.9993
vn 0.6891 0.6969 -0.1988
vn 0.7786 0.6088 0.1523
vn 0.5411 0.7737 -0.3296
vn 0.9305 0.3587 -0.0745
vn 0.9523 0.2981 -0.0646
vn 0.9156 0.3135 0.2518
vn 0.9685 0.2042 0.1423
vn 0.8415 0.2294 0.4892
vn 0.6524 0.5921 0.4732
vn 0.8371 0.3209 0.4430
vn 0.5276 0.5648 0.6346
vn 0.8278 0.2836 0.4841
vn 0.1358 0.9663 0.2188
vn 0.1823 0.9532 0.2413
vn 0.1559 0.9452 0.2867
vn 0.0600 0.9862 0.1541
vn 0.0574 0.9908 0.1229
vn 0.0629 0.9962 0.0600
vn -0.5172 0.2584 0.8159
vn -0.4107 0.2628 0.8731
vn -0.5362 0.3134 0.7837
vn 0.2258 0.6273 0.7454
vn 0.2447 0.5516 0.7974
vn 0.0595 0.5662 0.8221
vn 0.6099 0.1112 0.7846
vn 0.6900 0.1797 0.7012
vn 0.6389 0.0925 0.7637
vn 0.6246 0.3525 0.6968
vn 0.6312 0.3781 0.6772
vn 0.5948 0.3806 0.7080
vn 0.4855 0.7373 0.4698
vn 0.5463 0.7122 0.4408
vn 0.5867 0.6229 0.5175
vn 0.6337 0.6284 0.4512
vn 0.5793 0.7221 0.3782
vn 0.5787 0.7497 0.3210
vn 0.7804 0.1023 0.6169
vn 0.7657 0.0597 0.6404
vn 0.7733 0.1676 0.6115
vn -0.2675 0.2863 0.9200
vn -0.3766 0.2371 0.8955
vn -0.1866 0.3001 0.9355
vn 0.3320 0.0548 0.9417
vn 0.3626 0.0463 0.9308
vn 0.3733 0.0267 0.9273
vn -0.3366 -0.3739 -0.8642
vn -0.2831 -0.3528 -0.8918
vn -0.3123 -0.4575 -0.8326
vn -0.3226 0.9236 0.2070
vn -0.3288 0.9346 0.1356
vn -0.3389 0.9305 0.1392
vn -0.2221 -0.4322 0.8740
vn -0.1801 -0.6065 0.7744
vn -0.1581 -0.4001 0.9027
vn 0.4446 0.0713 0.8929
vn 0.4597 0.0020 0.8881
vn 0.3868 0.0436 0.9211
vn 0.1128 0.9030 -0.4146
vn -0.2457 0.9690 0.0258
vn -0.0184 0.9684 -0.2488
vn 0.0928 0.3201 0.9428
vn 0.2136 0.3649 0.9062
vn 0.2156 0.0768 0.9735
vn -0.2185 0.8475 0.4838
vn -0.2041 0.8854 0.4177
vn -0.2637 0.8680 0.4207
vn 0.1854 0.5501 0.8142
vn 0.1799 0.5517 0.8144
vn 0.1191 0.5939 0.7957
vn 0.7256 0.2104 0.6551
vn 0.7204 0.2047 0.6627
vn 0.7263 0.1981 0.6582
vn 0.6262 0.1738 0.7601
vn 0.5625 0.2166 0.7980
vn 0.6271 0.2137 0.7491
vn 0.5695 -0.1355 0.8107
vn 0.5676 -0.0805 0.8193
vn 0.5706 -0.1445 0.8084
vn 0.6114 0.4604 0.6436
vn 0.7199 0.4094 0.5604
vn 0.4490 0.4765 0.7559
vn 0.1525 0.2788 -0.9482
vn 0.1650 0.2424 -0.9560
vn 0.1683 0.2533 -0.9526
vn -0.1109 0.7251 0.6797
vn -0.1518 0.6237 0.7668
vn -0.0806 0.6289 0.7733
vn 0.3323 0.8259 0.4555
vn 0.2515 0.8127 0.5256
vn 0.3147 0.7680 0.5578
vn -0.3377 0.9315 0.1353
vn -0.3035 0.9099 0.2829
vn -0.2062 0.9121 0.3543
vn 0.5407 -0.1678 0.8243
vn 0.5408 -0.0573 0.8392
vn 0.5350 -0.0545 0.8431
vn 0.1199 0.9886 -0.0908
vn 0.0513 0.9862 -0.1573
vn 0.0479 0.9975 -0.0529
vn 0.7334 0.1341 0.6664
vn 0.7678 0.1620 0.6198
vn 0.6652 0.1858 0.7232
vn -0.7320 0.3520 0.5834
vn -0.7836 0.3976 0.4775
vn -0.6223 0.3156 0.7163
vn 0.6155 0.3507 0.7058
vn 0.5900 0.3813 0.7117
vn 0.6254 0.3725 0.6857
vn 0.1551 0.0980 -0.9830
vn 0.1430 0.0644 -0.9876
vn 0.1312 0.0845 -0.9877
vn -0.2728 0.3697 -0.8882
vn 0.0811 -0.0567 -0.9951
vn 0.0267 -0.2733 -0.9616
vn -0.6410 -0.2096 -0.7384
vn -0.4617 -0.2149 -0.8606
vn -0.5735 -0.2073 -0.7926
vn -0.5428 -0.3249 -0.7744
vn -0.4629 -0.4245 -0.7781
vn -0.4230 -0.2540 -0.8698
vn -0.9946 -0.0025 -0.1042
vn -0.9950 -0.0015 -0.0997
vn -0.9950 -0.0080 -0.0991
vn -0.5294 -0.4326 -0.7298
vn -0.4950 -0.4536 -0.7411
vn -0.2286 -0.7336 -0.6400
vn -0.2421 -0.8342 0.4956
vn -0.1394 -0.7534 0.6426
vn -0.2808 -0.7939 0.5394
vn -0.4710 -0.1863 -0.8622
vn -0.4760 -0.2915 -0.8297
vn -0.5735 -0.3721 -0.7298
vn -0.8940 -0.0360 -0.4465
vn -0.8330 -0.1990 -0.5162
vn -0.8712 0.0432 -0.4890
vn 0.1936 0.0348 -0.9805
vn 0.2029 0.0830 -0.9757
vn 0.2457 0.0339 -0.9688
vn -0.0369 0.1018 -0.9941
vn -0.0520 0.0738 -0.9959
vn -0.0496 0.0542 -0.9973
vn -0.4838 0.2685 -0.8330
vn -0.0619 0.3054 -0.9502
vn -0.3098 0.2128 -0.9267
vn -0.5022 0.1994 -0.8414
vn -0.8683 -0.0160 -0.4958
vn -0.7093 0.1617 -0.6861
vn -0.8983 -0.1855 0.3983
vn -0.8928 -0.1919 0.4075
vn -0.9071 -0.1604 0.3891
vn -0.1302 0.1348 -0.9823
vn -0.1389 0.0799 -0.9871
vn -0.1444 0.0809 -0.9862
vn -0.6723 -0.1359 -0.7277
vn -0.6645 0.0107 -0.7472
vn -0.6401 0.0085 -0.7683
vn -0.0767 0.1155 -0.9903
vn 0.0497 0.2455 -0.9681
vn -0.0331 -0.0587 -0.9977
vn 0.0370 0.1223 -0.9918
vn 0.0339 0.1203 -0.9922
vn -0.0185 0.0864 -0.9961
vn -0.6975 -0.4930 -0.5200
vn -0.7177 -0.4804 -0.5042
vn -0.7130 -0.4840 -0.5073
vn -0.1670 -0.3225 -0.9317
vn -0.2424 -0.3206 -0.9157
vn -0.2350 -0.3172 -0.9188
vn -0.2504 0.0292 -0.9677
vn -0.2376 0.0613 -0.9694
vn -0.2430 0.0317 -0.9695
vn -0.1271 0.3723 -0.9194
vn -0.0085 0.1491 -0.9888
vn 0.0288 -0.0496 -0.9984
vn -0.8621 -0.5062 0.0236
vn -0.9284 -0.3657 0.0653
vn -0.7374 -0.6587 -0.1498
vn 0.2163 -0.3335 -0.9176
vn 0.1334 -0.7334 -0.6665
vn 0.2050 -0.6426 -0.7382
vn -0.4991 -0.2808 -0.8198
vn -0.4831 -0.2051 -0.8512
vn -0.3271 -0.1468 -0.9335
vn -0.5674 -0.6599 -0.4926
vn -0.4589 -0.7017 -0.5450
vn -0.5555 -0.6250 -0.5485
vn 0.2712 -0.2519 -0.9290
vn 0.2158 -0.2031 -0.9551
vn -0.0225 -0.3924 -0.9195
vn -0.1752 -0.0807 -0.9812
vn -0.1568 -0.0725 -0.9850
vn -0.2100 -0.0915 -0.9734
vn -0.4125 -0.2592 -0.8733
vn -0.4909 -0.3136 -0.8128
vn -0.4100 -0.1420 -0.9010
vn 0.1665 0.2795 0.9456
vn 0.1879 0.2146 0.9585
vn 0.1179 0.0362 0.9924
vn 0.0947 0.0378 -0.9948
vn 0.0342 0.0744 -0.9966
vn 0.0358 -0.0008 -0.9994
vn -0.7598 0.3241 -0.5636
vn -0.9001 -0.2289 -0.3708
vn -0.8969 0.2391 -0.3721
vn -0.2832 0.0048 -0.9591
vn -0.2828 -0.0063 -0.9592
vn -0.2718 -0.0320 -0.9618
vn -0.0757 -0.1165 -0.9903
vn -0.3822 -0.1380 -0.9137
vn -0.2686 0.0208 -0.9630
vn 0.0251 0.1527 -0.9880
vn 0.0021 0.1661 -0.9861
vn 0.0171 0.1807 -0.9834
vn -0.0998 -0.0178 -0.9949
vn -0.1139 -0.0182 -0.9933
vn -0.0813 0.0323 -0.9962
vn 0.3881 0.5635 0.7293
vn 0.7088 0.2142 0.6721
vn 0.5046 -0.0302 0.8628
vn 0.4679 -0.0707 0.8810
vn 0.2625 -0.1536 0.9526
vn 0.4302 0.0272 0.9023
vn 0.1232 0.9166 0.3804
vn 0.1508 0.8941 0.4217
vn 0.0315 0.9633 0.2665
vn 0.5282 0.0883 0.8445
vn 0.3987 0.0464 0.9159
vn 0.4475 0.0877 0.8900
vn -0.0458 0.0830 0.9955
vn -0.1462 0.0491 0.9880
vn -0.0515 0.0214 0.9984
vn -0.2329 -0.0135 0.9724
vn -0.2410 0.0352 0.9699
vn -0.1471 -0.0268 0.9888
vn 0.5102 -0.1028 0.8539
vn 0.5599 -0.1782 0.8092
vn 0.5933 -0.1928 0.7816
vn 0.7495 0.1387 0.6473
vn 0.7236 0.0006 0.6902
vn 0.7322 0.1462 0.6652
vn -0.3779 -0.3855 0.8418
vn -0.5181 -0.3731 0.7696
vn -0.6096 -0.3026 0.7327
vn -0.0480 0.4593 0.8870
vn 0.1478 0.4385 0.8865
vn 0.0765 0.5162 0.8530
vn -0.4849 0.3334 0.8085
vn -0.4398 0.3215 0.8386
vn -0.4661 0.2189 0.8572
vn -0.4800 0.2929 0.8270
vn -0.4182 0.3108 0.8535
vn -0.4066 0.2767 0.8707
vn -0.3777 -0.5474 0.7468
vn -0.2343 -0.2394 0.9422
vn -0.5561 -0.4104 0.7227
vn 0.4211 -0.3090 0.8528
vn 0.3457 -0.3729 0.8610
vn 0.3088 -0.4613 0.8318
vn -0.0558 -0.3123 0.9484
vn -0.0655 -0.6328 0.7715
vn -0.0277 -0.4450 0.8951
vn -0.2556 0.6681 0.6988
vn -0.3720 0.6873 0.6238
vn -0.2522 0.5933 0.7644
vn -0.0736 0.0084 0.9972
vn 0.0250 -0.0748 0.9969
vn 0.1203 -0.1266 0.9846
vn 0.6493 -0.1946 0.7352
vn 0.5993 -0.2166 0.7707
vn 0.7060 -0.2081 0.6769
vn -0.3261 0.5246 0.7864
vn -0.4292 0.6230 0.6540
vn -0.4694 0.6248 0.6240
vn 0.7969 0.0059 0.6041
vn 0.7880 0.1820 0.5881
vn 0.7371 -0.0822 0.6708
vn 0.3917 0.3460 0.8526
vn 0.4120 0.1902 0.8911
vn 0.4871 0.1371 0.8625
vn 0.7857 0.2233 0.5769
vn 0.7619 0.2626 0.5921
vn 0.7820 0.1849 0.5953
vn -0.9366 0.2255 -0.2683
vn -0.9577 0.2744 -0.0862
vn -0.7007 0.2923 -0.6509
vn -0.8825 0.2370 0.4063
vn -0.9107 0.2241 0.3469
vn -0.8730 0.1568 0.4619
vn 0.1472 0.9780 0.1481
vn 0.0321 0.9949 -0.0953
vn -0.0983 0.9941 0.0465
vn -0.6973 -0.0457 0.7154
vn -0.8723 0.1338 0.4703
vn -0.3071 0.1056 0.9458
vn -0.8063 0.3055 0.5066
vn -0.9849 0.0440 0.1673
vn -0.8196 0.2370 0.5217
vn 0.2640 0.9570 0.1199
vn 0.0855 0.9952 0.0469
vn -0.0358 0.9854 0.1667
vn -0.9991 0.0208 -0.0359
vn -0.6924 -0.5011 0.5191
vn -0.9999 0.0144 -0.0083
vn -0.9780 0.0740 0.1950
vn -0.9987 -0.0306 -0.0407
vn -0.9991 -0.0270 -0.0320
vn -0.6189 0.1967 -0.7604
vn -0.9851 0.1380 -0.1026
vn -0.4612 0.3872 -0.7984
vn -0.9939 -0.0212 -0.1087
vn -0.9941 -0.0242 -0.1057
vn -0.9871 -0.1518 0.0509
vn -0.5381 0.8027 0.2572
vn -0.4842 0.3999 0.7782
vn -0.0769 -0.1151 0.9904
vn -0.0259 0.9929 0.1164
vn 0.1200 0.9889 0.0876
vn 0.2098 0.9736 0.0905
vn -0.0273 -0.0180 0.9995
vn -0.0348 -0.0005 0.9994
vn -0.0442 -0.0205 0.9988
vn -0.3132 0.9291 0.1968
vn -0.2526 0.9661 0.0534
vn -0.3811 0.9215 -0.0750
vn -0.3850 0.9218 0.0448
vn -0.3602 0.9278 0.0975
vn 0.2390 0.9704 0.0348
vn -0.1811 0.9696 0.1647
vn -0.2139 0.9747 0.0656
vn -0.1205 0.9910 -0.0579
vn -0.0972 0.0130 0.9952
vn -0.0998 0.0135 0.9949
vn -0.1038 0.0101 0.9945
vn -0.0695 0.0635 0.9956
vn -0.0613 0.0445 0.9971
vn -0.0394 0.0875 0.9954
vn 0.0586 0.9816 0.1817
vn 0.0639 0.9892 0.1323
vn 0.0430 0.9265 0.3738
vn 0.3821 0.8445 0.3752
vn 0.5251 0.7406 0.4193
vn 0.3119 0.8191 0.4815
vn -0.2720 -0.3713 -0.8878
vn -0.3019 -0.4229 -0.8544
vn -0.3558 -0.4242 -0.8327
vn 0.2886 0.8791 -0.3793
vn 0.2225 0.9553 -0.1948
vn 0.1556 0.9608 -0.2295
vn 0.2448 0.8498 0.4667
vn 0.4247 0.8999 0.0988
vn -0.1506 0.9172 0.3690
vn 0.3579 0.9197 -0.1615
vn 0.2218 0.9652 0.1384
vn 0.3170 0.9471 0.0494
vn -0.2389 0.0220 0.9708
vn -0.2267 0.0253 0.9736
vn -0.1671 0.0213 0.9857
vn -0.0865 0.0221 0.9960
vn -0.0943 0.0199 0.9953
vn -0.0919 0.0234 0.9955
vn 0.4957 0.6552 0.5700
vn 0.0326 0.9821 0.1854
vn 0.0408 0.9518 0.3040
vn -0.6646 -0.0280 -0.7467
vn -0.6597 -0.0673 -0.7485
vn -0.6402 -0.0874 -0.7632
vn -0.0817 0.9918 0.0981
vn -0.1290 0.9512 0.2803
vn -0.0358 0.9921 0.1204
vn -0.8548 0.4914 0.1667
vn -0.3778 0.9151 0.1407
vn -0.6299 0.7136 -0.3065
vn -0.0988 -0.1014 0.9899
vn -0.0550 -0.1004 0.9934
vn -0.0267 -0.0569 0.9980
vn -0.6521 0.0081 -0.7581
vn -0.2659 0.1920 -0.9447
vn -0.3615 -0.0351 -0.9317
vn 0.1164 0.9927 0.0322
vn 0.3999 0.9126 0.0847
vn 0.2654 0.8093 -0.5240
vn 0.0869 0.9834 -0.1590
vn 0.1389 0.9718 -0.1904
vn 0.0121 0.9922 -0.1240
vn -0.8379 0.2390 -0.4908
vn -0.8438 0.2549 -0.4722
vn -0.8264 0.2791 -0.4891
vn -0.4492 0.8613 -0.2376
vn -0.3326 0.9334 -0.1347
vn -0.3475 0.9152 -0.2040
vn -0.2873 0.6887 0.6657
vn -0.4792 0.3479 0.8058
vn 0.3596 0.6769 0.6422
vn -0.9938 0.0119 -0.1109
vn -0.9956 0.0081 -0.0935
vn -0.9932 0.0128 -0.1157
vn -0.9955 0.0115 -0.0938
vn -0.9954 0.0015 -0.0958
vn -0.9947 0.0099 -0.1026
vn -0.9980 0.0462 -0.0432
vn -0.9971 0.0761 -0.0009
vn -0.9983 0.0465 -0.0343
vn -0.3193 0.9400 -0.1198
vn -0.1854 0.9049 -0.3831
vn -0.8215 0.5535 -0.1369
vn -0.5014 0.7855 0.3629
vn -0.5130 0.8421 0.1663
vn -0.6198 0.7642 0.1783
vn -0.0577 0.9050 0.4214
vn -0.1653 0.6823 0.7121
vn -0.2484 0.5604 0.7901
vn -0.9911 -0.0152 -0.1320
vn -0.9915 -0.0096 -0.1296
vn -0.9918 -0.0122 -0.1272
vn -0.0918 0.0953 0.9912
vn -0.0832 0.1287 0.9882
vn -0.1026 0.0897 0.9907
vn -0.0218 0.9983 0.0542
vn -0.1532 0.9468 0.2830
vn -0.0018 0.9918 0.1275
vn -0.0497 0.0311 0.9983
vn -0.0513 0.0369 0.9980
vn -0.0508 0.0333 0.9982
vn 0.0767 0.9917 0.1031
vn 0.3657 0.9050 0.2175
vn 0.1464 0.9198 0.3640
vn -0.1342 0.0302 0.9905
vn -0.0858 -0.0190 0.9961
vn -0.1243 -0.0357 0.9916
vn -0.1041 0.0313 0.9941
vn -0.0766 0.0231 0.9968
vn -0.1044 0.0216 0.9943
vn -0.1208 0.0093 0.9926
vn -0.1185 0.0126 0.9929
vn -0.1094 -0.0049 0.9940
vn -0.0917 0.0336 0.9952
vn -0.0803 0.0322 0.9962
vn -0.0922 0.0358 0.9951
vn -0.1028 0.0160 0.9946
vn -0.1109 0.0107 0.9938
vn -0.1052 0.0220 0.9942
vn -0.1074 0.9933 0.0425
vn -0.1516 0.9833 0.1002
vn -0.2526 0.9637 0.0869
vn 0.0494 0.9984 0.0282
vn 0.0278 0.9995 0.0166
vn 0.0877 0.9961 0.0047
vn -0.1427 0.0485 0.9886
vn -0.1412 0.0373 0.9893
vn -0.1434 0.0470 0.9886
vn -0.3011 -0.3285 0.8952
vn -0.3127 -0.2738 0.9096
vn -0.3107 -0.2374 0.9204
vn 0.0158 0.0437 0.9989
vn 0.0117 0.0393 0.9992
vn -0.0003 0.0500 0.9988
vn -0.0455 0.9461 0.3206
vn 0.1040 0.8795 0.4643
vn -0.0222 0.9909 0.1326
vn -0.9978 0.0313 -0.0588
vn -0.9989 0.0314 -0.0348
vn -0.9972 0.0339 -0.0665
vn -0.0985 0.0218 0.9949
vn -0.0911 0.0164 0.9957
vn -0.0966 0.0171 0.9952
vn -0.0504 0.0060 0.9987
vn -0.0276 0.1199 0.9924
vn -0.0465 0.0182 0.9988
vn -0.0993 0.0133 0.9950
vn -0.0968 0.0086 0.9953
vn -0.0981 0.0098 0.9951
vn -0.3076 0.9514 -0.0153
vn -0.3605 0.9209 0.1483
vn -0.2742 0.9573 0.0920
vn 0.6789 0.7307 0.0717
vn 0.3904 0.9040 0.1742
vn 0.4632 0.8554 0.2318
vn -0.0916 0.0164 0.9957
vn -0.0922 0.0182 0.9956
vn -0.0926 0.0163 0.9956
vn -0.0308 0.9515 0.3062
vn -0.0223 0.9557 0.2934
vn -0.0316 0.9699 0.2415
vn 0.0915 0.9937 -0.0649
vn -0.2311 0.6621 0.7129
vn -0.0550 0.8947 0.4434
vn 0.3775 0.7875 0.4872
vn -0.1677 0.9209 -0.3519
vn 0.1056 0.9898 0.0952
vn -0.4811 0.8410 -0.2474
vn -0.4826 0.7989 -0.3590
vn -0.6651 0.7396 -0.1030
vn 0.1834 0.9327 0.3106
vn 0.1910 0.9351 0.2985
vn -0.1713 0.5641 0.8077
vn -0.3252 0.2293 0.9174
vn -0.3672 0.3714 0.8528
vn -0.3059 0.3439 0.8878
vn -0.0315 0.6652 0.7460
vn -0.0961 0.7107 0.6969
vn -0.3561 0.5242 0.7735
vn -0.9938 0.0125 -0.1107
vn -0.9955 0.0085 -0.0945
vn -0.9954 0.0117 -0.0946
vn 0.6454 0.7404 0.1880
vn 0.1913 0.9394 -0.2845
vn 0.1151 0.9177 -0.3802
vn -0.2266 0.0439 0.9730
vn -0.6917 0.2280 0.6852
vn -0.5822 0.1006 0.8068
vn -0.5425 0.6407 0.5434
vn -0.7735 0.3685 0.5156
vn -0.3877 0.7685 0.5089
vn -0.1420 -0.0031 0.9899
vn -0.1531 -0.0611 0.9863
vn -0.1576 -0.0111 0.9874
vn -0.1093 0.1371 0.9845
vn -0.1199 0.1711 0.9779
vn -0.1261 0.1473 0.9810
vn 0.0861 0.1947 0.9771
vn 0.0573 0.2380 0.9696
vn 0.0059 0.1864 0.9825
vn -0.2096 0.9759 -0.0606
vn -0.2119 0.9333 0.2899
vn -0.1968 0.9788 -0.0575
vn -0.0991 0.0069 0.9950
vn -0.0984 0.0091 0.9951
vn -0.0825 0.0060 0.9966
vn -0.1791 0.3907 0.9029
vn -0.1983 -0.0669 0.9779
vn -0.1242 0.0467 0.9912
vn -0.3164 0.9428 0.1050
vn 0.0957 0.9904 0.0999
vn -0.2422 0.9702 0.0022
vn 0.3231 0.9263 -0.1938
vn 0.7026 0.7105 -0.0401
vn 0.7256 0.6861 0.0520
vn -0.1497 -0.2141 0.9653
vn -0.1693 -0.2291 0.9586
vn -0.2970 -0.1551 0.9422
vn -0.4574 0.7231 0.5176
vn 0.1365 0.9677 0.2119
vn -0.0749 0.9941 0.0779
vn -0.2553 0.5609 0.7875
vn -0.1098 0.6333 0.7661
vn -0.0880 0.9236 0.3731
vn -0.0854 0.1356 0.9871
vn -0.0810 0.1497 0.9854
vn -0.0784 0.1559 0.9847
vn 0.2696 0.9600 -0.0752
vn -0.4327 0.8367 0.3357
vn -0.1101 0.3200 0.9410
vn -0.3037 0.8719 0.3842
vn -0.0185 0.9892 0.1453
vn 0.1360 -0.0200 0.9905
vn 0.2313 0.1323 0.9638
vn -0.4238 0.8356 0.3495
vn -0.0011 0.9376 0.3477
vn -0.5617 0.1829 0.8069
vn -0.6275 0.7091 0.3214
vn -0.2018 0.8980 0.3911
vn 0.2012 0.9738 0.1059
vn -0.1621 0.9849 -0.0606
vn -0.1520 0.6092 0.7783
vn 0.1732 0.9731 -0.1517
vn -0.5464 0.7565 -0.3594
vn -0.6400 0.7683 -0.0109
vn -0.0004 0.9997 0.0240
vn -0.2913 0.9255 0.2420
vn 0.1721 0.9427 0.2858
vn -0.5396 0.7883 0.2956
vn 0.2478 0.9616 0.1181
vn 0.1747 0.9588 0.2240
vn -0.0902 -0.3638 0.9271
vn -0.0877 -0.3488 0.9331
vn -0.0836 -0.3650 0.9273
vn -0.0940 0.0196 0.9954
vn -0.0928 0.0226 0.9954
vn -0.0968 0.0230 0.9950
vn -0.0794 -0.0068 0.9968
vn -0.0803 -0.0094 0.9967
vn -0.0779 -0.0097 0.9969
vn -0.6544 0.6483 0.3891
vn -0.0064 0.9990 0.0449
vn 0.0932 0.9955 0.0169
vn -0.2652 0.8146 0.5158
vn 0.2261 0.9741 -0.0023
vn -0.3130 0.7773 0.5458
vn 0.2166 0.6730 0.7072
vn 0.1040 0.7912 0.6026
vn 0.0295 0.5962 0.8023
vn -0.1045 0.0155 0.9944
vn -0.0980 0.0121 0.9951
vn -0.0990 0.0148 0.9950
vn -0.1313 0.0382 0.9906
vn -0.1408 0.0381 0.9893
vn -0.0472 0.0711 0.9963
vn -0.8547 0.4328 -0.2865
vn -0.9110 0.3444 -0.2270
vn -0.9095 0.3607 -0.2067
vn -0.9990 0.0340 -0.0305
vn -0.9996 -0.0241 -0.0129
vn -0.9981 0.0025 -0.0614
vn -0.0977 0.0107 0.9952
vn -0.0927 0.0262 0.9954
vn -0.0938 0.0098 0.9955
vn -0.9966 0.0373 -0.0740
vn -0.9994 0.0046 0.0342
vn -0.9982 0.0350 -0.0495
vn -0.9862 0.1641 0.0236
vn -0.9824 0.1368 0.1274
vn -0.9810 0.1914 0.0320
vn -0.9793 -0.0007 0.2026
vn -0.9998 0.0184 0.0009
vn -0.6080 -0.5716 0.5510
vn -0.9994 0.0278 -0.0221
vn -0.9990 -0.0107 -0.0424
vn -0.9992 -0.0055 -0.0386
vn -0.9978 0.0069 -0.0659
vn -0.9889 -0.0376 0.1437
vn -0.9813 0.0802 0.1748
vn -0.9990 0.0050 -0.0440
vn -0.9997 0.0187 -0.0129
vn -0.9798 0.1430 0.1398
vn -0.0191 0.0682 0.9975
vn -0.0341 0.0618 0.9975
vn 0.0073 0.0405 0.9992
vn -0.4627 0.7254 -0.5096
vn -0.7461 0.5270 0.4069
vn -0.4556 0.8901 0.0134
vn -0.6464 0.7280 -0.2286
vn -0.3286 0.8495 0.4127
vn -0.3162 0.8883 0.3331
vn -0.4194 0.8766 -0.2359
vn -0.7248 0.6040 -0.3314
vn -0.6662 0.6998 -0.2576
vn -0.6194 0.3307 -0.7121
vn -0.6319 0.2634 -0.7289
vn -0.6242 0.2844 -0.7277
vn -0.0432 0.9738 0.2233
vn 0.0302 0.9990 0.0333
vn 0.0119 0.9885 0.1505
vn 0.1622 0.9607 -0.2254
vn 0.0290 0.9608 -0.2757
vn 0.0917 0.8656 -0.4923
vn -0.9751 0.1970 -0.1021
vn -0.9660 0.1384 -0.2183
vn -0.9740 0.0663 -0.2165
vn -0.9543 -0.2810 0.1021
vn -0.9383 -0.2843 0.1966
vn -0.9842 -0.1415 -0.1067
vn -0.0013 0.9989 -0.0465
vn 0.0146 0.9994 -0.0302
vn -0.0241 0.9983 -0.0533
vn -0.0304 0.0915 -0.9953
vn -0.0244 0.2403 -0.9704
vn 0.0132 0.1186 -0.9928
vn 0.0837 0.0314 -0.9960
vn 0.1056 0.0074 -0.9944
vn 0.0810 0.0277 -0.9963
vn -0.1402 0.0204 -0.9899
vn -0.0945 0.1412 -0.9855
vn -0.1441 0.1881 -0.9715
vn 0.0906 0.0368 -0.9952
vn 0.0807 0.0323 -0.9962
vn 0.0876 -0.0041 -0.9961
vn 0.0053 0.9998 -0.0205
vn 0.0145 0.9995 -0.0291
vn 0.0205 0.9996 -0.0183
vn -0.0148 0.9997 0.0170
vn -0.0226 0.9997 0.0082
vn -0.0301 0.9994 0.0142
vn -0.0482 0.9985 -0.0259
vn -0.0265 0.9991 -0.0323
vn -0.0358 0.9987 -0.0365
vn -0.0380 0.9990 -0.0218
vn -0.0093 0.9998 0.0186
vn 0.0043 1.0000 0.0060
vn -0.1410 0.9892 -0.0400
vn -0.1232 0.9912 -0.0485
vn -0.1009 0.9935 -0.0531
vn 0.0361 0.9991 -0.0223
vn 0.0523 0.9981 -0.0317
vn 0.0430 0.9990 0.0093
vn -0.0361 0.9989 -0.0298
vn -0.0337 0.9990 -0.0287
vn -0.0512 0.9985 -0.0168
vn 0.0601 0.9981 -0.0099
vn 0.0457 0.9990 -0.0002
vn 0.0387 0.9989 -0.0268
vn -0.0244 0.9987 -0.0456
vn 0.0308 0.9993 -0.0205
vn 0.0055 0.9984 -0.0564
vn 0.0152 0.9999 -0.0082
vn 0.0017 1.0000 -0.0002
vn -0.0003 1.0000 -0.0094
vn 0.0022 0.9992 -0.0392
vn 0.0076 0.9992 -0.0382
vn 0.0049 0.9992 -0.0394
vn 0.0279 0.9807 -0.1933
vn 0.0196 0.9817 -0.1893
vn -0.0244 0.9288 -0.3697
vn 0.0367 0.9958 -0.0836
vn -0.0405 0.9975 -0.0579
vn -0.0290 0.9992 -0.0263
vn -0.1945 0.9713 -0.1369
vn -0.1784 0.9776 -0.1117
vn -0.1779 0.9737 -0.1423
vn 0.0484 0.9982 0.0365
vn 0.0373 0.9987 0.0336
vn 0.0483 0.9985 0.0270
vn -0.0060 0.9996 -0.0285
vn 0.0056 1.0000 -0.0037
vn 0.0029 0.9994 -0.0352
vn -0.1482 0.9405 -0.3058
vn -0.0010 0.9989 -0.0467
vn -0.0850 0.9939 0.0696
vn -0.0253 0.5805 -0.8138
vn 0.0598 0.7202 -0.6912
vn -0.2418 -0.2337 -0.9418
vn -0.0378 0.9991 0.0179
vn -0.0187 0.9998 -0.0074
vn -0.1263 0.9794 -0.1575
vn 0.0204 0.9933 -0.1138
vn 0.0663 0.9796 -0.1895
vn 0.0860 0.9658 -0.2446
vn -0.0263 0.9997 0.0006
vn -0.0111 0.9999 0.0022
vn -0.0265 0.9996 0.0130
vn 0.0014 1.0000 -0.0014
vn 0.0032 1.0000 0.0014
vn -0.0133 0.9999 -0.0008
vn -0.0038 1.0000 -0.0017
vn 0.0062 0.9999 -0.0084
vn -0.0002 1.0000 0.0053
vn 0.0975 0.9952 0.0112
vn 0.1085 0.9941 0.0063
vn 0.1228 0.9924 -0.0045
vn 0.0691 0.6822 -0.7279
vn -0.2020 0.9587 -0.2000
vn 0.0116 0.9697 -0.2441
vn 0.4263 0.8050 -0.4127
vn 0.4224 0.8123 -0.4022
vn 0.4008 0.8254 -0.3976
vn -0.1216 0.5881 -0.7996
vn 0.1466 -0.0056 -0.9892
vn -0.1874 0.4166 -0.8895
vn -0.1052 0.9663 -0.2350
vn -0.0514 0.9694 -0.2399
vn -0.0340 0.9218 -0.3862
vn -0.0671 0.8486 -0.5248
vn 0.2123 0.5192 -0.8279
vn 0.2613 0.2911 -0.9203
vn -0.0005 1.0000 -0.0095
vn -0.0124 0.9999 -0.0003
vn -0.0128 0.9998 0.0157
vn -0.0237 0.9996 -0.0133
vn -0.0141 0.9991 -0.0402
vn -0.0204 0.9996 -0.0177
vn 0.0009 0.9999 -0.0155
vn -0.0004 1.0000 -0.0027
vn -0.0194 0.9998 -0.0054
vn -0.0431 0.9960 -0.0781
vn -0.0522 0.9942 -0.0937
vn -0.0352 0.9963 -0.0779
vn -0.0137 0.9988 -0.0467
vn -0.0260 0.9989 -0.0381
vn -0.0226 0.9992 -0.0318
vn 0.1139 0.9917 -0.0603
vn 0.1204 0.9893 -0.0825
vn 0.0964 0.9921 -0.0808
vn 0.1712 0.1532 -0.9733
vn 0.0900 -0.0016 -0.9959
vn 0.0963 -0.0359 -0.9947
vn -0.1708 0.1979 -0.9652
vn 0.0602 -0.0533 -0.9968
vn 0.0401 -0.0629 -0.9972
vn 0.0322 0.0463 -0.9984
vn 0.0119 0.0739 -0.9972
vn -0.0023 0.0501 -0.9987
vn -0.1143 0.1900 -0.9751
vn 0.2796 0.7316 -0.6217
vn -0.2479 -0.1799 -0.9519
vn 0.0876 -0.0022 -0.9962
vn 0.0974 -0.0381 -0.9945
vn 0.0854 -0.0078 -0.9963
vn 0.0862 0.0070 -0.9963
vn 0.0854 0.0073 -0.9963
vn 0.0850 0.0114 -0.9963
vn 0.0953 -0.0312 -0.9950
vn 0.0733 -0.0019 -0.9973
vn 0.0818 -0.0261 -0.9963
vn 0.0533 0.9984 0.0174
vn 0.0322 0.9991 0.0286
vn 0.0559 0.9984 -0.0018
vn -0.2311 0.9704 -0.0700
vn -0.2252 0.9722 -0.0642
vn -0.2205 0.9738 -0.0550
vn -0.3974 0.6812 -0.6149
vn -0.3193 0.6906 -0.6490
vn -0.3573 0.6871 -0.6326
vn 0.2192 0.9608 -0.1698
vn -0.2538 0.8341 -0.4898
vn 0.2205 0.9752 -0.0210
vn -0.8552 0.4837 0.1863
vn -0.9874 0.0986 -0.1234
vn -0.5262 0.8144 0.2446
vn -0.7394 0.0917 -0.6670
vn -0.0719 0.7527 -0.6544
vn -0.3076 0.8550 -0.4175
vn -0.6791 0.4538 0.5770
vn -0.6611 0.4448 0.6042
vn -0.7004 0.4331 0.5673
vn -0.6787 0.4538 0.5774
vn -0.6515 0.4138 0.6358
vn -0.6779 0.4265 0.5988
vn 0.2094 -0.3200 0.9240
vn 0.3162 -0.2297 0.9204
vn 0.3307 -0.2477 0.9107
vn 0.1319 -0.4134 0.9009
vn 0.2755 -0.2782 0.9202
vn 0.2636 -0.2792 0.9233
vn -0.9527 0.3037 0.0034
vn -0.9554 0.2657 -0.1293
vn -0.9561 0.2691 0.1156
vn -0.2301 0.6431 0.7304
vn 0.4244 0.5328 0.7321
vn 0.2567 0.6175 0.7435
vn -0.9622 0.2585 0.0859
vn -0.9682 0.2342 0.0876
vn -0.9779 0.1895 -0.0887
vn 0.6830 0.6736 0.2826
vn 0.1241 0.9840 0.1277
vn 0.1725 0.9757 0.1350
vn 0.2850 0.0976 0.9535
vn 0.1707 0.0647 0.9832
vn 0.4827 0.0035 0.8758
vn 0.0779 0.2030 0.9761
vn 0.0949 0.0679 0.9932
vn 0.1391 0.1495 0.9789
vn -0.9953 -0.0119 -0.0960
vn -0.9954 -0.0191 -0.0940
vn -0.9951 -0.0197 -0.0972
vn -0.9965 0.0071 -0.0831
vn -0.9960 0.0006 -0.0895
vn -0.9960 0.0069 -0.0893
vn 0.1198 0.3769 0.9185
vn 0.3204 0.4054 0.8561
vn -0.0759 0.4787 0.8747
vn -0.9650 0.2408 -0.1041
vn -0.9790 0.1584 0.1283
vn -0.9735 0.2205 -0.0602
vn 0.3407 0.5121 0.7884
vn 0.3354 0.4956 0.8011
vn 0.3220 0.5173 0.7930
vn -0.6862 0.6198 -0.3807
vn -0.6156 0.6452 -0.4525
vn -0.6659 0.5983 -0.4457
vn -0.9947 -0.0105 -0.1027
vn -0.9949 -0.0007 -0.1013
vn -0.9953 -0.0055 -0.0964
vn -0.9377 0.3253 -0.1219
vn -0.9446 0.2308 -0.2333
vn -0.9387 0.3026 -0.1652
vn 0.5727 -0.1484 0.8062
vn 0.6158 -0.1052 0.7808
vn 0.5797 -0.0957 0.8092
vn 0.1023 -0.0177 -0.9946
vn 0.1155 -0.0269 -0.9929
vn 0.1063 -0.0202 -0.9941
vn -0.2073 -0.2088 -0.9557
vn -0.2917 -0.1233 -0.9485
vn -0.3370 -0.1528 -0.9290
vn 0.0839 -0.0172 -0.9963
vn 0.0899 -0.0066 -0.9959
vn 0.0608 -0.0045 -0.9981
vn 0.9784 0.0298 -0.2046
vn 0.5611 0.2826 -0.7780
vn 0.8251 0.0480 -0.5629
vn 0.9752 0.0001 -0.2211
vn 0.8627 0.2661 -0.4300
vn 0.9935 0.0749 -0.0857
vn 0.2048 0.9168 -0.3428
vn 0.3581 0.9107 -0.2060
vn 0.2332 0.9213 -0.3111
vn -0.1627 -0.1365 -0.9772
vn -0.1195 -0.1185 -0.9857
vn -0.2182 -0.1637 -0.9621
vn 0.2265 -0.1177 0.9669
vn 0.1943 -0.0433 0.9800
vn 0.0465 0.0416 0.9981
vn 0.0396 0.1606 0.9862
vn 0.0299 0.1856 0.9822
vn 0.0541 0.1377 0.9890
vn 0.1471 -0.0835 0.9856
vn 0.2362 0.0783 0.9685
vn 0.0380 -0.0729 0.9966
vn 0.5913 -0.1061 0.7994
vn 0.5552 -0.1458 0.8189
vn 0.5257 -0.1517 0.8370
vn -0.3755 0.6656 0.6450
vn -0.3681 0.6497 0.6651
vn -0.2496 0.6625 0.7063
vn -0.8733 -0.2401 0.4239
vn -0.8462 -0.2559 0.4674
vn -0.8624 -0.2378 0.4469
vn 0.4837 -0.0810 0.8715
vn 0.6500 0.1510 0.7448
vn 0.5869 0.2944 0.7542
vn 0.1180 0.0959 0.9884
vn 0.3246 -0.0163 0.9457
vn 0.3628 0.0419 0.9309
vn 0.4344 -0.2551 0.8638
vn 0.3778 -0.2636 0.8876
vn 0.4106 -0.2838 0.8665
vn 0.5188 0.3094 0.7970
vn 0.5062 0.0707 0.8595
vn 0.5881 -0.2060 0.7821
vn 0.0453 0.1003 0.9939
vn -0.0100 0.0601 0.9981
vn -0.0244 0.1237 0.9920
vn -0.4106 0.2835 0.8666
vn -0.4282 0.2606 0.8653
vn -0.4999 0.3095 0.8089
vn 0.2448 0.1989 0.9490
vn 0.3532 0.1047 0.9297
vn 0.3157 0.1219 0.9410
vn -0.4335 0.3354 0.8364
vn -0.3377 0.2868 0.8965
vn -0.4387 0.3987 0.8054
vn 0.0113 -0.0844 -0.9964
vn -0.0859 -0.0275 -0.9959
vn -0.0187 -0.1422 -0.9897
vn -0.9524 0.2808 0.1185
vn -0.9546 0.2706 0.1247
vn -0.9659 0.2329 0.1133
vn -0.1501 -0.0929 -0.9843
vn -0.1587 -0.0929 -0.9829
vn -0.1517 -0.0997 -0.9834
vn -0.0966 0.2328 0.9677
vn -0.1843 0.2339 0.9546
vn -0.1276 0.1936 0.9727
vn -0.8268 0.2953 0.4787
vn -0.7667 0.3027 0.5662
vn -0.7708 0.2522 0.5851
vn 0.7161 -0.0612 -0.6953
vn 0.6569 -0.1365 -0.7415
vn 0.7493 -0.1111 -0.6529
vn -0.3932 0.8717 0.2925
vn -0.3192 0.8327 0.4524
vn -0.1187 0.9832 0.1384
vn 0.0976 -0.0246 -0.9949
vn 0.0953 -0.0221 -0.9952
vn 0.0941 -0.0223 -0.9953
vn 0.0924 -0.0239 -0.9954
vn 0.0903 -0.0260 -0.9956
vn 0.0910 -0.0215 -0.9956
vn -0.4913 0.2533 0.8333
vn -0.5027 0.2883 0.8150
vn -0.4728 0.3145 0.8231
vn 0.0973 -0.0164 -0.9951
vn 0.0930 -0.0153 -0.9955
vn 0.0963 -0.0197 -0.9952
vn 0.3909 -0.3103 0.8665
vn 0.5251 -0.3078 0.7935
vn 0.4431 -0.4016 0.8015
vn -0.0403 0.3436 0.9382
vn 0.2958 0.3177 0.9009
vn -0.3219 0.3589 0.8761
vn 0.1780 -0.1173 -0.9770
vn 0.1655 -0.1143 -0.9796
vn 0.1484 -0.1215 -0.9814
vn -0.0874 -0.6237 -0.7767
vn 0.5591 -0.0942 -0.8237
vn 0.5079 -0.1354 -0.8507
vn 0.3341 0.6558 0.6770
vn 0.2427 0.9249 0.2927
vn -0.1233 0.9531 -0.2764
vn 0.7919 -0.4453 0.4178
vn 0.8164 -0.4776 0.3247
vn 0.8836 -0.3785 0.2757
vn 0.0958 -0.0231 -0.9951
vn 0.0914 -0.0140 -0.9957
vn 0.0912 -0.0190 -0.9957
vn 0.0919 -0.0066 -0.9957
vn 0.1008 -0.0054 -0.9949
vn 0.0995 -0.0089 -0.9950
vn 0.9930 0.0604 0.1013
vn 0.9885 0.0774 0.1300
vn 0.9974 0.0623 0.0355
vn -0.1578 0.8979 -0.4108
vn 0.1921 0.9781 -0.0806
vn 0.1804 0.9094 -0.3748
vn 0.0843 0.0038 -0.9964
vn 0.0884 0.0167 -0.9959
vn 0.0899 0.0107 -0.9959
vn 0.2458 0.6983 -0.6723
vn 0.3576 0.6748 -0.6456
vn 0.1419 0.4715 -0.8704
vn 0.3565 0.5850 -0.7285
vn -0.0367 0.8860 -0.4622
vn 0.1118 0.9671 -0.2284
vn 0.0827 -0.0138 -0.9965
vn 0.0867 -0.0132 -0.9961
vn 0.0863 -0.0161 -0.9961
vn 0.1007 -0.0310 -0.9944
vn 0.1045 -0.0212 -0.9943
vn 0.0914 -0.0322 -0.9953
vn 0.0759 -0.0092 -0.9971
vn 0.0859 -0.0030 -0.9963
vn 0.0862 -0.0008 -0.9963
vn 0.0895 -0.0000 -0.9960
vn 0.0834 0.0002 -0.9965
vn 0.0890 -0.0057 -0.9960
vn -0.1422 0.9877 0.0655
vn 0.0578 0.9527 0.2985
vn -0.1927 0.9759 -0.1021
vn 0.1752 0.9695 -0.1713
vn 0.1723 0.9309 -0.3220
vn 0.1828 0.9623 -0.2013
vn -0.1227 0.6205 0.7745
vn -0.1403 0.5751 0.8059
vn -0.1794 0.5792 0.7952
vn 0.0942 -0.0020 -0.9955
vn 0.0883 -0.0081 -0.9961
vn 0.1020 -0.0033 -0.9948
vn -0.0399 0.9915 0.1242
vn 0.0196 0.9912 0.1307
vn 0.0741 0.9954 -0.0601
vn 0.0987 0.0025 -0.9951
vn 0.0952 0.0030 -0.9955
vn 0.1007 -0.0017 -0.9949
vn 0.1232 0.9847 -0.1233
vn 0.1277 0.9891 -0.0735
vn 0.0866 0.9861 -0.1419
vn 0.0838 -0.0495 -0.9952
vn 0.0812 -0.0486 -0.9955
vn 0.0847 -0.0544 -0.9949
vn 0.0718 0.9009 -0.4281
vn -0.1370 0.8987 -0.4165
vn -0.0462 0.8165 -0.5755
vn 0.8348 -0.1751 -0.5220
vn 0.8256 -0.1613 -0.5407
vn 0.8014 -0.1117 -0.5876
vn 0.4854 -0.1520 -0.8610
vn 0.3700 -0.1670 -0.9139
vn 0.4578 -0.1870 -0.8692
vn 0.7120 -0.1340 -0.6893
vn 0.6130 -0.1701 -0.7716
vn 0.6727 -0.1122 -0.7313
vn 0.4044 0.0667 -0.9121
vn 0.4227 0.1211 -0.8981
vn 0.4511 0.1048 -0.8863
vn 0.5179 0.0979 -0.8498
vn 0.5327 0.0449 -0.8451
vn 0.4787 0.0348 -0.8773
vn 0.0958 -0.0175 -0.9952
vn 0.0929 -0.0162 -0.9955
vn 0.0948 -0.0119 -0.9954
vn 0.0839 -0.0181 -0.9963
vn 0.0908 -0.0184 -0.9957
vn 0.0859 -0.0260 -0.9960
vn -0.1975 0.9776 -0.0726
vn -0.3178 0.9407 0.1188
vn -0.4085 0.8667 -0.2862
vn -0.4436 0.7813 -0.4390
vn -0.4666 0.8298 -0.3061
vn -0.2996 0.9463 -0.1218
vn -0.1448 0.9644 0.2211
vn 0.0236 0.9687 0.2469
vn -0.0432 0.8169 0.5752
vn -0.1649 0.3172 0.9339
vn -0.1666 0.2780 0.9460
vn -0.2389 0.2205 0.9457
vn -0.1122 0.2167 0.9698
vn -0.0484 0.0122 0.9988
vn -0.0442 0.0797 0.9958
vn 0.3452 0.1139 -0.9316
vn 0.2914 0.1517 -0.9445
vn 0.3988 0.1463 -0.9053
vn -0.2603 0.8931 -0.3668
vn 0.0754 0.9538 -0.2910
vn 0.0801 0.9337 -0.3490
vn 0.0872 -0.0177 -0.9960
vn 0.0832 -0.0170 -0.9964
vn 0.0876 -0.0217 -0.9959
vn 0.0906 -0.0135 -0.9958
vn 0.0934 -0.0176 -0.9955
vn 0.0888 -0.0172 -0.9959
vn 0.1009 -0.0348 -0.9943
vn 0.0933 -0.0079 -0.9956
vn 0.0929 -0.0303 -0.9952
vn 0.9999 0.0063 0.0147
vn 0.9998 0.0110 -0.0192
vn 0.9997 0.0062 0.0230
vn 0.3999 0.6147 -0.6799
vn -0.2767 0.3254 -0.9042
vn 0.6070 0.3626 -0.7071
vn 0.1049 -0.0151 -0.9944
vn 0.1023 -0.0169 -0.9946
vn 0.0992 -0.0139 -0.9950
vn 0.0887 -0.0229 -0.9958
vn 0.0850 -0.0211 -0.9962
vn 0.0890 -0.0224 -0.9958
vn 0.1216 -0.1153 -0.9859
vn 0.1197 -0.1116 -0.9865
vn 0.1078 -0.1133 -0.9877
vn 0.5074 -0.2005 -0.8381
vn 0.6659 0.0349 -0.7452
vn 0.4882 -0.1205 -0.8644
vn 0.4804 0.0843 -0.8730
vn 0.4922 0.0638 -0.8681
vn 0.4470 0.0292 -0.8941
vn -0.2176 0.1372 -0.9663
vn -0.2020 0.0905 -0.9752
vn -0.1881 0.1873 -0.9641
vn -0.0557 -0.1039 -0.9930
vn 0.0021 -0.1408 -0.9900
vn -0.0957 -0.1187 -0.9883
vn 0.1795 0.7166 -0.6740
vn 0.2578 0.7282 -0.6350
vn 0.2855 0.6641 -0.6910
vn 0.2530 0.6280 -0.7359
vn 0.1005 0.6140 -0.7829
vn 0.1650 0.6729 -0.7211
vn 0.2415 0.1295 -0.9617
vn 0.2303 0.0428 -0.9722
vn 0.3191 0.4321 -0.8435
vn 0.4009 0.2061 -0.8926
vn 0.2455 0.2776 -0.9288
vn 0.2938 0.4057 -0.8655
vn -0.4673 0.3286 -0.8208
vn -0.3506 0.3489 -0.8691
vn -0.4271 0.2973 -0.8539
vn 0.1008 -0.0094 -0.9949
vn 0.1052 -0.0088 -0.9944
vn 0.1062 -0.0131 -0.9943
vn -0.3919 0.4436 -0.8060
vn -0.2715 0.5566 -0.7852
vn -0.2772 0.5044 -0.8177
vn 0.3750 -0.1014 -0.9215
vn 0.4112 -0.0806 -0.9080
vn 0.3943 -0.0337 -0.9183
vn -0.5478 0.0135 -0.8365
vn -0.4840 0.0494 -0.8737
vn -0.3509 0.0370 -0.9357
vn 0.5381 -0.1185 0.8345
vn 0.6295 -0.1232 0.7672
vn 0.5745 -0.1225 0.8093
vn 0.5068 -0.4377 0.7426
vn 0.1625 -0.6418 0.7495
vn 0.0764 -0.8308 0.5512
vn 0.0890 0.2496 -0.9643
vn 0.0863 0.2568 -0.9626
vn 0.1801 0.2618 -0.9482
vn -0.6306 -0.1029 -0.7693
vn -0.7775 -0.1074 -0.6196
vn -0.7034 -0.0594 -0.7083
vn 0.0767 0.8971 0.4352
vn -0.0895 0.9960 0.0062
vn 0.2272 0.8661 0.4453
vn -0.7883 0.2069 -0.5794
vn -0.7269 0.1520 -0.6697
vn -0.1945 -0.1080 -0.9749
vn 0.0881 -0.0265 -0.9958
vn 0.0891 -0.0181 -0.9959
vn 0.0925 -0.0264 -0.9954
vn -0.5608 0.1806 -0.8080
vn -0.5186 0.2238 -0.8252
vn -0.5976 0.1087 -0.7944
vn -0.5304 0.2000 -0.8238
vn -0.4899 0.2112 -0.8458
vn -0.5317 0.2632 -0.8050
vn -0.0986 -0.0660 -0.9929
vn -0.1286 -0.0826 -0.9882
vn -0.1567 -0.1653 -0.9737
vn -0.6200 0.2887 -0.7296
vn -0.5611 0.2315 -0.7947
vn -0.6075 0.2310 -0.7600
vn -0.0127 -0.0944 -0.9955
vn 0.0154 -0.1614 -0.9868
vn 0.0168 -0.0609 -0.9980
vn -0.1896 -0.2166 -0.9577
vn -0.1872 -0.2342 -0.9540
vn -0.1527 -0.2270 -0.9618
vn -0.3699 0.9269 0.0626
vn -0.2554 0.9256 -0.2794
vn -0.5486 0.7568 -0.3555
vn -0.0711 0.5562 0.8280
vn -0.2044 0.4110 0.8884
vn -0.4044 0.4347 0.8046
vn 0.1159 0.7642 0.6345
vn 0.1492 0.7794 0.6086
vn 0.1516 0.7125 0.6851
vn -0.0163 0.6281 -0.7780
vn -0.0274 0.6721 -0.7400
vn 0.0971 0.7205 -0.6867
vn -0.9423 -0.2859 0.1743
vn -0.9190 -0.3750 0.1216
vn -0.9578 -0.2733 0.0885
vn -0.4531 -0.0502 -0.8901
vn -0.5565 -0.1071 -0.8239
vn -0.5629 0.0505 -0.8250
vn 0.0899 -0.0187 -0.9958
vn 0.0953 -0.0262 -0.9951
vn 0.0900 -0.0217 -0.9957
vn 0.4402 -0.1275 -0.8888
vn 0.4208 -0.1454 -0.8954
vn 0.5342 -0.0850 -0.8411
vn 0.0855 -0.0200 -0.9961
vn 0.0769 -0.0155 -0.9969
vn 0.0893 -0.0182 -0.9958
vn 0.0938 -0.0172 -0.9954
vn 0.0852 -0.0225 -0.9961
vn 0.0918 -0.0160 -0.9956
vn 0.3963 -0.0037 -0.9181
vn 0.4475 0.0103 -0.8942
vn 0.4127 0.0145 -0.9108
vn 0.5699 -0.0085 -0.8217
vn 0.8008 -0.1347 -0.5835
vn 0.2385 0.1140 -0.9644
vn 0.1016 -0.0001 -0.9948
vn 0.0937 0.0039 -0.9956
vn 0.1009 0.0004 -0.9949
vn 0.7199 -0.3733 -0.5851
vn 0.9777 0.1346 -0.1613
vn 0.9711 0.2347 0.0447
vn 0.9287 -0.3584 -0.0958
vn 0.9402 -0.3237 -0.1061
vn 0.9662 -0.1864 -0.1778
vn 0.9989 -0.0132 0.0439
vn 0.9983 0.0063 0.0578
vn 0.8017 -0.0276 -0.5971
vn -0.0896 -0.0559 -0.9944
vn -0.0957 -0.0550 -0.9939
vn -0.1760 -0.0175 -0.9842
vn 0.6622 -0.2099 -0.7193
vn 0.9975 -0.0064 -0.0701
vn 0.9834 0.1121 0.1424
vn 0.8110 -0.0161 -0.5849
vn 0.9970 0.0276 0.0723
vn 0.9437 -0.0606 -0.3253
vn -0.2264 0.2308 -0.9463
vn -0.1964 0.3021 -0.9328
vn -0.2179 0.2996 -0.9289
vn 0.3236 -0.6997 0.6369
vn 0.4603 -0.6970 0.5499
vn 0.5282 -0.7029 0.4764
vn 0.0937 -0.0137 -0.9955
vn 0.0952 -0.0174 -0.9953
vn 0.0992 -0.0186 -0.9949
vn 0.4835 -0.1575 -0.8611
vn 0.4546 -0.1423 -0.8792
vn 0.5196 -0.0536 -0.8527
vn 0.0908 -0.0193 -0.9957
vn 0.0852 -0.0105 -0.9963
vn 0.0907 -0.0222 -0.9956
vn -0.6025 -0.2072 -0.7708
vn -0.6103 -0.2020 -0.7660
vn -0.6039 -0.1753 -0.7775
vn -0.1072 -0.0892 -0.9902
vn -0.1238 -0.0881 -0.9884
vn -0.1107 -0.1030 -0.9885
vn 0.1329 0.9725 -0.1912
vn 0.1499 0.9465 -0.2858
vn 0.0050 0.9830 -0.1833
vn -0.0399 -0.0468 -0.9981
vn -0.0275 -0.0709 -0.9971
vn -0.0217 -0.0563 -0.9982
vn 0.9461 0.0079 -0.3238
vn 0.9472 0.0100 -0.3205
vn 0.9367 -0.0189 -0.3495
vn 0.8773 0.0757 -0.4739
vn 0.8597 0.0423 -0.5091
vn 0.8500 0.0153 -0.5266
vn 0.9344 -0.0333 -0.3545
vn 0.9207 -0.0601 -0.3855
vn 0.9267 0.0021 -0.3759
vn -0.6244 -0.2053 -0.7536
vn -0.6522 -0.1717 -0.7383
vn -0.6164 -0.2529 -0.7457
vn 0.7752 0.1288 -0.6184
vn 0.5946 0.1321 -0.7931
vn 0.6286 0.1469 -0.7637
vn 0.3019 0.8343 0.4613
vn -0.1160 0.9921 -0.0470
vn -0.0095 0.9655 -0.2602
vn -0.0921 -0.0829 -0.9923
vn -0.1125 -0.0301 -0.9932
vn -0.1476 -0.0528 -0.9876
vn 0.1350 0.8582 -0.4952
vn -0.0913 0.9466 -0.3093
vn -0.0640 0.2776 -0.9586
vn -0.9641 0.2131 -0.1587
vn -0.9937 0.1055 -0.0380
vn -0.9746 0.2029 0.0948
vn 0.1600 0.9398 0.3020
vn 0.3441 0.9091 0.2348
vn 0.3638 0.9059 0.2166
vn 0.0250 0.8144 -0.5798
vn -0.1712 0.8664 -0.4691
vn 0.1772 0.5016 -0.8468
vn 0.4801 0.8770 0.0209
vn 0.6115 0.7911 -0.0137
vn 0.5274 0.8275 0.1928
vn -0.1247 0.7497 -0.6499
vn 0.0328 0.5223 -0.8521
vn 0.2045 0.0857 -0.9751
vn 0.0469 0.9989 0.0096
vn 0.0581 0.9693 0.2387
vn 0.0312 0.9945 0.1000
vn 0.0388 0.9880 -0.1495
vn 0.2558 0.7751 -0.5777
vn 0.0385 0.6418 -0.7659
vn 0.0807 -0.0309 -0.9963
vn 0.0602 -0.0585 -0.9965
vn 0.0801 -0.0312 -0.9963
vn -0.0867 0.9842 -0.1547
vn 0.1542 0.9867 -0.0522
vn 0.0112 0.9738 -0.2272
vn -0.0832 0.4890 -0.8683
vn -0.2262 0.7290 -0.6461
vn 0.1828 0.2019 -0.9622
vn 0.0842 -0.0240 -0.9962
vn 0.0864 -0.0230 -0.9960
vn 0.0860 -0.0275 -0.9959
vn -0.2515 0.9561 -0.1503
vn -0.0845 0.9489 -0.3041
vn 0.0313 0.9936 -0.1088
vn 0.0787 -0.0196 -0.9967
vn 0.0770 -0.0099 -0.9970
vn 0.0582 -0.0554 -0.9968
vn -0.0192 0.9995 0.0260
vn 0.1367 0.9906 0.0104
vn 0.2368 0.9550 -0.1785
vn 0.3920 0.2642 -0.8812
vn 0.4294 0.5927 -0.6814
vn 0.4278 0.6703 -0.6064
vn -0.0315 0.9993 0.0197
vn -0.0709 0.9826 0.1719
vn -0.0509 0.8721 -0.4866
vn -0.4110 0.8147 -0.4090
vn -0.4127 0.8229 -0.3904
vn -0.3369 0.5186 -0.7859
vn 0.2806 -0.1960 -0.9396
vn 0.6121 -0.0807 -0.7866
vn 0.5689 -0.1267 -0.8126
vn 0.2751 0.7911 -0.5464
vn 0.8509 0.4386 -0.2892
vn 0.5175 0.8518 -0.0812
vn 0.8645 0.4097 -0.2912
vn 0.6316 0.7706 -0.0851
vn 0.5207 0.8430 -0.1347
vn 0.0400 0.2766 0.9602
vn 0.2939 0.7073 0.6429
vn 0.2626 0.4154 0.8709
vn -0.9434 0.3212 0.0822
vn -0.9644 0.2637 0.0188
vn -0.9481 0.3159 0.0369
vn -0.4058 0.1637 0.8992
vn 0.2569 0.0652 0.9642
vn -0.0892 0.6083 0.7887
vn 0.4143 0.5179 0.7484
vn 0.4459 0.3564 0.8211
vn 0.4071 0.3157 0.8571
vn 0.6310 0.0480 -0.7743
vn 0.7056 0.1084 -0.7003
vn 0.6951 0.0927 -0.7129
vn -0.9311 -0.1376 0.3378
vn -0.9402 -0.1247 0.3170
vn -0.9459 -0.2881 0.1496
vn -0.1184 0.9874 0.1050
vn -0.1305 0.9779 0.1636
vn -0.0808 0.9940 0.0732
vn -0.4095 0.1596 -0.8982
vn -0.4874 -0.1963 -0.8508
vn -0.3323 -0.1900 -0.9238
vn 0.9658 0.2462 -0.0813
vn 0.9381 0.3315 0.1004
vn 0.9175 0.3188 0.2380
vn 0.0934 -0.0203 -0.9954
vn 0.0958 -0.0267 -0.9950
vn 0.0988 -0.0212 -0.9949
vn 0.4539 0.8624 -0.2241
vn 0.3215 0.9313 -0.1711
vn 0.3224 0.9270 -0.1915
vn 0.4810 0.0759 0.8734
vn 0.5140 0.0926 0.8528
vn 0.4160 -0.1213 0.9012
vn 0.9756 0.1417 -0.1680
vn 0.9732 0.1655 -0.1597
vn 0.9829 0.1388 -0.1214
vn 0.6529 0.0129 0.7574
vn 0.6929 -0.0404 0.7199
vn 0.6653 -0.0222 0.7463
vn 0.9808 0.1931 0.0258
vn 0.9745 0.2220 0.0330
vn 0.9655 0.2434 0.0922
vn 0.6158 0.1067 0.7807
vn 0.7902 0.1815 0.5853
vn 0.6580 0.1093 0.7450
vn 0.7933 0.2014 0.5745
vn 0.8233 0.2155 0.5250
vn 0.7737 0.1806 0.6073
vn 0.7059 -0.0055 0.7083
vn 0.6948 -0.0121 0.7191
vn 0.7107 0.0254 0.7030
vn 0.9527 0.0732 -0.2949
vn 0.9473 0.1037 -0.3030
vn 0.9508 0.0713 -0.3013
vn 0.9504 0.0484 -0.3074
vn 0.9446 0.0649 -0.3217
vn 0.9526 0.0597 -0.2984
vn 0.9558 0.0600 -0.2880
vn 0.9516 0.0936 -0.2928
vn 0.9432 0.0533 -0.3278
vn 0.9234 0.1594 -0.3492
vn 0.9379 0.1515 -0.3121
vn 0.9433 0.1310 -0.3050
vn 0.7964 0.0961 -0.5971
vn 0.7094 0.0134 -0.7047
vn 0.6120 0.0913 -0.7856
vn 0.9908 0.1350 0.0082
vn 0.9937 0.1109 -0.0145
vn 0.9825 0.1852 0.0179
vn 0.1849 -0.2659 0.9461
vn 0.2270 -0.2727 0.9349
vn 0.2149 -0.2784 0.9361
vn 0.1499 0.0048 0.9887
vn 0.0121 0.0372 0.9992
vn 0.2710 -0.0887 0.9585
vn 0.6491 -0.1238 0.7506
vn 0.6305 -0.1645 0.7585
vn 0.7437 -0.5408 0.3930
vn 0.1418 -0.0326 -0.9894
vn 0.1539 -0.0377 -0.9874
vn 0.1429 -0.0429 -0.9888
vn 0.6948 -0.0128 0.7191
vn 0.7455 -0.0136 0.6663
vn 0.7191 0.0039 0.6948
vn 0.9049 -0.3571 0.2317
vn 0.8868 -0.4548 0.0828
vn 0.8367 -0.5285 0.1433
vn 0.8077 -0.0501 0.5874
vn 0.7123 -0.2025 0.6720
vn 0.6703 0.0619 0.7395
vn 0.7213 -0.0786 0.6881
vn 0.6356 0.0736 0.7685
vn 0.7010 0.0105 0.7131
vn -0.0113 0.8091 0.5875
vn 0.1436 0.7269 0.6716
vn 0.2752 0.7188 0.6385
vn 0.5446 0.3840 0.7456
vn 0.6649 0.1878 0.7229
vn 0.6890 0.2011 0.6963
vn 0.2814 0.5092 0.8133
vn 0.2363 0.4161 0.8781
vn 0.2437 0.7193 0.6506
vn 0.1207 0.9864 0.1120
vn 0.0916 0.9818 0.1664
vn 0.1297 0.9893 0.0669
vn 0.5208 0.1150 0.8459
vn 0.5703 0.2534 0.7814
vn 0.6506 0.2267 0.7248
vn 0.4990 0.1007 0.8607
vn 0.4321 0.2401 0.8693
vn 0.3141 0.2219 0.9231
vn 0.4686 0.2332 0.8521
vn 0.7514 0.1722 0.6370
vn 0.6525 0.2191 0.7254
vn -0.4684 0.8787 0.0921
vn -0.5012 0.8651 0.0209
vn -0.5879 0.7512 0.3001
vn -0.0312 0.5965 0.8020
vn -0.1272 0.6566 0.7434
vn -0.1761 0.5557 0.8125
vn -0.3735 0.9264 0.0470
vn -0.3219 0.9446 0.0637
vn -0.1698 0.9832 0.0672
vn -0.8741 0.1957 0.4447
vn -0.8819 0.1836 0.4343
vn -0.8232 0.1357 0.5513
vn 0.1072 0.1110 -0.9880
vn 0.2996 0.1511 -0.9420
vn 0.1064 -0.0313 -0.9938
vn 0.4055 0.1409 0.9032
vn 0.5041 0.1648 0.8478
vn 0.3525 0.2078 0.9125
vn 0.2643 -0.3529 -0.8975
vn 0.1560 -0.3819 -0.9109
vn 0.2804 -0.3963 -0.8743
vn 0.9057 -0.2149 0.3655
vn 0.8958 -0.0272 0.4437
vn 0.9007 -0.0701 0.4287
vn -0.0413 -0.1514 -0.9876
vn -0.0462 -0.1454 -0.9883
vn -0.0434 -0.1243 -0.9913
vn 0.2943 -0.0732 -0.9529
vn 0.2864 -0.0696 -0.9556
vn 0.2751 -0.0555 -0.9598
vn 0.2118 0.0581 -0.9756
vn 0.0628 -0.0833 -0.9945
vn 0.2957 0.2942 -0.9089
vn 0.1585 -0.0301 -0.9869
vn 0.1292 -0.0296 -0.9912
vn 0.1334 -0.0231 -0.9908
vn 0.7724 0.0119 0.6350
vn 0.7793 0.1661 0.6042
vn 0.6029 0.0907 0.7926
vn 0.0083 0.6911 0.7227
vn -0.1593 0.7088 0.6872
vn 0.1348 0.5739 0.8078
vn 0.2564 0.2527 0.9330
vn 0.1503 0.2377 0.9596
vn 0.1982 0.2205 0.9550
vn 0.2781 0.7769 0.5648
vn 0.4270 0.8393 0.3366
vn 0.2759 0.8360 0.4744
vn 0.7033 0.5934 0.3916
vn 0.8687 0.3728 0.3263
vn 0.6918 0.5802 0.4299
vn 0.6914 -0.4085 0.5959
vn 0.6282 -0.3959 0.6698
vn 0.7414 -0.2946 0.6030
vn 0.7004 0.5839 0.4104
vn 0.7018 0.4604 0.5435
vn 0.6559 0.5638 0.5020
vn 0.4115 -0.0732 0.9085
vn 0.4795 -0.1807 0.8588
vn 0.3410 -0.0107 0.9400
vn 0.4971 0.8443 0.2001
vn 0.5505 0.7918 0.2647
vn 0.5571 0.5859 0.5885
vn -0.1126 0.9416 -0.3173
vn 0.0769 0.9310 -0.3569
vn -0.0666 0.6976 -0.7134
vn 0.6077 0.0689 0.7911
vn 0.6079 0.1693 0.7757
vn 0.5568 0.0541 0.8289
vn 0.8415 -0.4822 0.2434
vn 0.8721 -0.3958 0.2876
vn 0.8992 -0.3739 0.2275
vn 0.5063 0.2531 0.8244
vn 0.4658 0.1846 0.8654
vn 0.4946 0.1969 0.8465
vn 0.1333 0.9525 -0.2738
vn -0.1209 0.9920 0.0371
vn -0.0813 0.9343 -0.3471
vn 0.6108 -0.1024 0.7852
vn 0.5318 -0.0295 0.8463
vn 0.4931 -0.1010 0.8641
vn 0.4464 -0.3948 0.8031
vn 0.4675 -0.4634 0.7528
vn 0.5320 -0.4936 0.6880
vn 0.5398 0.5963 0.5942
vn 0.5073 0.6034 0.6153
vn 0.5485 0.6059 0.5762
vn 0.3358 -0.3850 0.8596
vn 0.2851 -0.5266 0.8009
vn 0.3394 -0.5906 0.7321
vn 0.9981 -0.0425 0.0439
vn 0.9998 -0.0196 0.0081
vn 0.9994 -0.0340 -0.0068
vn -0.2826 0.9589 0.0270
vn -0.2999 0.9538 0.0176
vn -0.2412 0.9534 -0.1813
vn 0.0010 0.0532 0.9986
vn 0.1265 0.0422 0.9911
vn 0.2496 0.1271 0.9600
vn 0.9871 0.1249 -0.1007
vn 0.9890 0.1056 -0.1036
vn 0.9863 0.1321 -0.0988
vn 0.2854 0.9273 0.2424
vn 0.2314 0.8185 0.5258
vn -0.0308 0.9994 -0.0176
vn 0.6232 0.5104 -0.5926
vn 0.5222 0.8106 -0.2651
vn 0.8047 0.4704 -0.3622
vn 0.4771 0.8510 0.2195
vn 0.4385 0.8751 0.2050
vn 0.3021 0.9432 0.1385
vn 0.4497 -0.3161 0.8354
vn 0.4422 -0.3087 0.8421
vn 0.4370 -0.2999 0.8480
vn 0.9197 0.2438 0.3078
vn 0.9216 0.2356 0.3086
vn 0.9218 0.2372 0.3065
vn 0.3100 -0.6076 0.7312
vn 0.3104 -0.6552 0.6887
vn 0.3847 -0.6624 0.6428
vn -0.0884 0.2891 0.9532
vn -0.0359 0.1123 0.9930
vn 0.1903 0.2120 0.9586
vn 0.0805 0.9867 0.1414
vn 0.1836 0.9221 0.3408
vn 0.0782 0.9867 0.1426
vn 0.1641 0.9859 -0.0333
vn 0.1576 0.9870 -0.0325
vn 0.1970 0.9800 -0.0279
vn 0.9865 -0.0637 0.1509
vn 0.9943 -0.0022 0.1065
vn 0.9903 0.0161 0.1382
vn 0.4138 0.8409 -0.3487
vn 0.3978 0.8510 -0.3429
vn 0.4297 0.8364 -0.3402
vn 0.0631 0.9968 0.0483
vn 0.0274 0.9994 0.0189
vn 0.1800 0.9644 0.1938
vn 0.5111 0.8577 0.0559
vn 0.4774 0.8733 0.0969
vn 0.5000 0.8594 0.1071
vn 0.9969 0.0454 0.0637
vn 0.9865 0.0149 0.1631
vn 0.9601 -0.2778 0.0322
vn -0.6229 0.7492 0.2251
vn -0.5898 0.7574 0.2803
vn -0.4610 0.7310 0.5031
vn 0.4604 0.8753 0.1480
vn 0.1307 0.9599 0.2481
vn 0.4112 0.8814 0.2323
vn 0.7292 0.6027 0.3241
vn 0.6831 0.6984 0.2134
vn 0.1312 0.9898 -0.0551
vn -0.0830 -0.0530 0.9951
vn -0.0081 -0.1002 0.9949
vn -0.0609 -0.0015 0.9981
vn -0.3586 -0.9245 -0.1296
vn -0.4904 -0.8666 -0.0916
vn -0.4249 -0.9049 0.0241
vn -0.1295 0.1165 0.9847
vn -0.1018 0.0996 0.9898
vn -0.1400 0.0922 0.9859
vn -0.1723 0.1100 0.9789
vn 0.1387 0.8208 0.5541
vn -0.1210 0.6731 0.7296
vn 0.0458 0.9767 0.2099
vn -0.1519 0.6670 0.7294
vn 0.2516 0.7606 0.5985
vn 0.9502 0.1159 0.2894
vn 0.9916 0.0251 0.1267
vn 0.9865 0.0670 0.1494
vn 0.9984 0.0558 0.0115
vn 0.9978 0.0609 0.0277
vn 0.9961 0.0737 0.0476
vn 0.3982 0.8196 0.4118
vn -0.1183 0.9912 0.0585
vn -0.0238 0.9987 -0.0442
vn 0.0463 0.9980 -0.0434
vn 0.1075 0.9901 -0.0904
vn 0.0902 0.9942 -0.0587
vn -0.4703 0.6477 0.5994
vn -0.6010 0.4952 0.6274
vn -0.6179 0.6205 0.4829
vn 0.2001 0.7980 -0.5685
vn 0.3490 0.3944 -0.8501
vn -0.0538 0.1295 -0.9901
vn 0.9118 0.1321 0.3889
vn 0.6980 0.6833 0.2142
vn 0.6654 0.5086 0.5464
vn 0.0593 0.9982 0.0025
vn 0.2000 0.9599 0.1962
vn 0.0706 0.9974 0.0104
vn 0.4150 0.8849 -0.2116
vn 0.4882 0.8296 -0.2710
vn 0.4162 0.8812 -0.2244
vn 0.0314 0.9963 0.0803
vn 0.0565 0.9980 -0.0280
vn -0.0442 0.9989 0.0138
vn -0.0351 0.9989 -0.0312
vn 0.1616 0.9742 0.1573
vn 0.0219 0.9994 -0.0282
vn 0.9720 0.2198 0.0834
vn 0.9944 -0.0558 0.0901
vn 0.8766 0.4562 -0.1531
vn 0.8963 0.2719 -0.3502
vn 0.9816 0.1327 0.1375
vn 0.9803 0.1974 -0.0071
vn 0.4765 0.8785 -0.0341
vn 0.8469 0.3130 -0.4298
vn 0.3545 0.9350 -0.0127
vn 0.0728 0.9863 0.1484
vn 0.0729 0.9972 -0.0153
vn 0.0679 0.9970 -0.0385
vn 0.9896 0.1400 -0.0344
vn 0.9783 0.2037 0.0375
vn 0.7767 0.5110 0.3683
vn 0.9945 -0.0098 0.1047
vn 0.9938 -0.0147 0.1100
vn 0.9936 -0.0112 0.1122
vn 0.0065 0.9708 -0.2396
vn 0.0295 0.9989 0.0370
vn 0.4315 0.8935 0.1239
vn 0.9798 0.1057 0.1696
vn 0.9898 0.0439 0.1358
vn 0.9838 -0.0096 0.1788
vn 0.8914 0.3172 -0.3237
vn 0.8427 0.4783 -0.2472
vn 0.9314 0.1583 -0.3278
vn 0.8920 0.4110 -0.1885
vn 0.3065 0.9514 -0.0304
vn 0.8958 0.2599 -0.3606
vn 0.2965 0.9513 0.0845
vn 0.2954 0.9284 0.2256
vn 0.3037 0.9507 0.0620
vn 0.8241 0.2183 -0.5227
vn 0.8470 0.3330 -0.4144
vn 0.9569 0.2126 -0.1981
vn -0.1303 -0.0107 0.9914
vn -0.3373 -0.0030 0.9414
vn -0.4604 -0.0808 0.8840
vn -0.1184 0.1738 0.9776
vn -0.2576 0.0137 0.9662
vn -0.3228 -0.1008 0.9411
vn 0.5585 0.8278 -0.0527
vn 0.4200 0.9070 -0.0323
vn 0.4999 0.8617 -0.0870
vn 0.9943 0.1047 -0.0181
vn 0.9938 0.1115 0.0040
vn 0.9898 0.1416 0.0127
vn 0.9935 0.0991 -0.0551
vn 0.9935 0.0936 -0.0649
vn 0.9934 0.1112 -0.0280
vn -0.6025 0.4088 -0.6855
vn -0.6254 0.3661 -0.6891
vn -0.5914 0.3628 -0.7202
vn 0.8407 0.2866 -0.4595
vn 0.8792 0.2198 -0.4227
vn 0.8629 0.2516 -0.4382
vn -0.7525 0.1441 -0.6427
vn -0.7701 0.0310 -0.6372
vn -0.7999 0.1229 -0.5874
vn 0.9934 0.1112 -0.0279
vn 0.9935 0.0935 -0.0649
vn 0.9931 0.0958 -0.0674
vn 0.8146 0.4498 0.3663
vn 0.8894 0.3122 0.3340
vn 0.8507 0.2181 0.4782
vn 0.9837 0.1390 -0.1140
vn 0.9639 0.2657 -0.0189
vn 0.9464 0.3200 0.0430
vn 0.3528 0.7219 -0.5953
vn 0.0645 0.6186 -0.7830
vn 0.2712 0.7371 -0.6190
vn 0.0644 -0.0288 -0.9975
vn 0.0503 -0.0382 -0.9980
vn 0.0608 -0.0225 -0.9979
vn -0.4220 -0.1016 0.9009
vn -0.2806 -0.0880 0.9558
vn -0.1539 0.0161 0.9879
vn 0.9700 0.0478 -0.2383
vn 0.9706 0.0702 -0.2303
vn 0.9636 0.0747 -0.2565
vn -0.2700 -0.0657 0.9606
vn -0.4034 -0.0557 0.9133
vn -0.4272 -0.0525 0.9026
vn 0.9773 0.1720 -0.1236
vn 0.9830 0.1454 -0.1124
vn 0.9672 0.2163 -0.1334
vn 0.9760 0.1354 -0.1706
vn 0.9700 0.1439 -0.1961
vn 0.9617 0.1541 -0.2267
vn 0.9940 0.0468 -0.0993
vn 0.9938 0.0434 -0.1028
vn 0.9904 0.0100 -0.1381
vn 0.9860 0.0710 -0.1511
vn 0.9889 0.0882 -0.1195
vn 0.9849 0.1084 -0.1348
vn 0.9704 0.1021 -0.2186
vn 0.9568 0.1072 -0.2702
vn 0.9573 0.1207 -0.2629
vn 0.5468 -0.6273 -0.5546
vn 0.5050 -0.6799 -0.5317
vn 0.5214 -0.6366 -0.5682
vn -0.3493 0.5760 -0.7391
vn -0.3160 0.4157 -0.8528
vn -0.2374 0.4415 -0.8653
vn 0.9569 0.0630 -0.2834
vn 0.9599 0.0733 -0.2707
vn 0.9693 0.0597 -0.2384
vn -0.6177 -0.2435 -0.7477
vn -0.5970 -0.1757 -0.7827
vn -0.6116 -0.0693 -0.7881
vn 0.9872 0.1551 -0.0359
vn 0.9774 0.1844 -0.1037
vn 0.9817 0.1704 -0.0847
vn -0.0873 0.7051 0.7037
vn -0.0454 0.6477 0.7606
vn 0.0357 0.7223 0.6906
vn 0.6364 0.3093 0.7067
vn 0.6129 0.2520 0.7489
vn 0.4933 0.2141 0.8431
vn 0.8501 0.2915 -0.4385
vn 0.7923 0.2762 -0.5441
vn 0.8242 0.3421 -0.4513
vn -0.8525 0.3165 -0.4160
vn -0.8705 0.3361 -0.3595
vn -0.8525 0.3620 -0.3772
vn 0.8898 0.1816 -0.4187
vn 0.8711 0.1446 -0.4694
vn 0.8191 0.1400 -0.5564
vn -0.8810 0.4173 -0.2231
vn -0.8489 0.4033 -0.3417
vn -0.8763 0.4018 -0.2656
vn 0.9521 -0.0007 -0.3059
vn 0.9454 0.0047 -0.3258
vn 0.9442 0.0024 -0.3295
vn 0.9746 0.0920 -0.2039
vn 0.9798 0.0841 -0.1816
vn 0.9747 0.1043 -0.1977
vn -0.6789 0.2433 -0.6927
vn -0.6994 0.1848 -0.6905
vn -0.6639 0.2052 -0.7191
vn 0.8673 0.0178 -0.4975
vn 0.8483 0.0636 -0.5257
vn 0.6948 0.1255 -0.7081
vn 0.0356 0.9862 -0.1617
vn -0.2032 0.9720 0.1183
vn 0.0098 0.9998 -0.0194
vn -0.2483 -0.2475 -0.9365
vn -0.3559 0.2850 -0.8900
vn -0.4479 -0.3925 -0.8033
vn -0.5516 0.1881 -0.8126
vn -0.7063 0.6259 -0.3306
vn -0.8789 0.1931 -0.4362
vn -0.7263 -0.1243 -0.6760
vn -0.7320 -0.0938 -0.6748
vn -0.6931 -0.0662 -0.7178
vn 0.9561 -0.1341 -0.2604
vn 0.9717 -0.0947 -0.2163
vn 0.9527 -0.1231 -0.2780
vn 0.2094 -0.0468 -0.9767
vn 0.2765 -0.1021 -0.9556
vn 0.1243 -0.0498 -0.9910
vn 0.9770 -0.0251 -0.2118
vn 0.9604 -0.0432 -0.2752
vn 0.9646 0.0095 -0.2634
vn 0.3094 0.2111 -0.9272
vn 0.5928 -0.0947 -0.7997
vn 0.3673 -0.1636 -0.9156
vn -0.8108 0.1414 -0.5680
vn -0.7845 0.1402 -0.6040
vn -0.8196 0.1175 -0.5607
vn -0.7970 0.4439 -0.4095
vn -0.7755 0.5140 -0.3665
vn -0.7648 0.5079 -0.3963
vn -0.6457 0.0448 -0.7623
vn -0.6046 -0.0317 -0.7959
vn -0.6236 0.0108 -0.7817
vn 0.9519 -0.0496 0.3024
vn 0.9139 0.1134 0.3898
vn 0.9640 -0.0797 0.2538
vn 0.2522 0.8855 -0.3902
vn 0.1951 0.9285 -0.3161
vn 0.4827 0.7960 -0.3652
vn 0.3550 0.4134 -0.8385
vn 0.0491 0.6063 -0.7937
vn 0.2711 0.6863 -0.6748
vn -0.1330 0.9581 -0.2537
vn 0.0509 0.9951 -0.0852
vn 0.1515 0.9687 -0.1968
vn 0.6119 0.6670 0.4252
vn 0.6089 0.6503 0.4543
vn 0.5671 0.6598 0.4930
vn 0.9988 -0.0404 -0.0272
vn 0.9747 0.0525 -0.2172
vn 0.9980 0.0022 0.0631
vn 0.8912 -0.2459 -0.3812
vn 0.9411 -0.2762 -0.1952
vn 0.9241 -0.2793 -0.2609
vn 0.7758 -0.6266 -0.0742
vn 0.8445 -0.5269 -0.0963
vn 0.8438 -0.4715 -0.2563
vn 0.7201 0.6438 -0.2587
vn 0.7131 0.5691 -0.4095
vn 0.8226 0.4774 -0.3090
vn 0.9200 0.2748 0.2794
vn 0.9177 0.2052 0.3400
vn 0.9339 0.2136 0.2869
vn 0.9320 0.3622 0.0159
vn 0.7915 0.6093 -0.0480
vn 0.9508 0.3078 0.0358
vn 0.9468 0.1173 0.2995
vn 0.9409 0.1256 0.3147
vn 0.9438 0.1641 0.2868
vn 0.9973 0.0686 0.0244
vn 0.9991 0.0009 0.0415
vn 0.9240 -0.3445 0.1663
vn 0.5762 0.3388 -0.7438
vn 0.6021 0.3618 -0.7117
vn 0.7243 0.3176 -0.6120
vn 0.6785 0.7173 -0.1583
vn 0.7448 0.5039 -0.4374
vn 0.6876 0.4144 -0.5962
vn 0.7393 -0.4773 0.4750
vn 0.7365 -0.4937 0.4624
vn 0.6836 -0.4526 0.5726
vn 0.7634 -0.1039 0.6376
vn 0.7943 -0.3021 0.5271
vn 0.7588 -0.1167 0.6407
vn 0.9201 0.2000 0.3366
vn 0.9283 0.2136 0.3042
vn 0.9236 0.2564 0.2851
vn 0.5684 0.4838 -0.6655
vn 0.6329 0.3690 -0.6807
vn 0.5986 0.3646 -0.7132
vn 0.9451 -0.1750 0.2759
vn 0.9430 -0.2303 0.2403
vn 0.9710 -0.2214 0.0899
vn 0.6593 0.0030 0.7518
vn 0.7735 0.1005 0.6258
vn 0.7532 0.0883 0.6519
vn 0.8490 -0.2618 0.4590
vn 0.9029 -0.1672 0.3961
vn 0.9496 -0.0200 0.3130
vn 0.8097 -0.2980 0.5056
vn 0.8226 -0.0921 0.5612
vn 0.8244 -0.1179 0.5536
vn 0.9012 0.1995 0.3848
vn 0.9267 0.2303 0.2971
vn 0.9067 0.2258 0.3561
vn 0.9842 -0.0810 -0.1576
vn 0.8725 -0.2795 -0.4008
vn 0.9727 -0.0972 -0.2108
vn 0.9402 0.3307 -0.0818
vn 0.9304 0.3459 -0.1214
vn 0.8578 0.4676 -0.2135
vn 0.9044 0.1891 0.3826
vn 0.8618 0.2564 0.4377
vn 0.8985 0.1482 0.4131
vn 0.9323 0.2394 0.2710
vn 0.9206 0.2260 0.3184
vn 0.9598 0.1998 0.1971
vn 0.9942 -0.0306 -0.1027
vn 0.9888 -0.0893 -0.1198
vn 0.9942 0.0015 -0.1079
vn 0.5725 0.4125 -0.7086
vn 0.7504 0.3969 -0.5285
vn 0.8249 0.3479 -0.4455
vn 0.9089 0.3632 -0.2051
vn 0.8310 0.5326 -0.1609
vn 0.8056 0.4781 -0.3500
vn 0.8081 0.4443 0.3868
vn 0.7956 0.4650 0.3883
vn 0.7567 0.4313 0.4913
vn 0.6472 0.4255 -0.6325
vn 0.6882 0.3980 -0.6066
vn 0.7792 0.4470 -0.4393
vn 0.5786 -0.0167 -0.8154
vn 0.4409 0.0469 -0.8963
vn 0.4650 -0.1157 -0.8777
vn 0.1447 0.1742 -0.9740
vn 0.1016 0.2538 -0.9619
vn 0.1776 0.2986 -0.9377
vn -0.1360 0.0116 -0.9906
vn -0.1128 0.0507 -0.9923
vn -0.0873 -0.0182 -0.9960
vn -0.4877 -0.0448 0.8718
vn -0.5012 -0.0001 0.8653
vn -0.4082 -0.0444 0.9118
vn 0.0252 -0.0803 -0.9965
vn 0.1061 -0.0254 -0.9940
vn 0.0616 0.0132 -0.9980
vn 0.8539 0.4044 0.3275
vn 0.8192 0.4581 0.3451
vn 0.8403 0.3215 0.4364
vn 0.6527 0.7322 -0.1948
vn 0.7667 0.6360 -0.0875
vn 0.4497 0.8623 -0.2327
vn 0.7285 0.4825 0.4864
vn 0.6840 0.3303 0.6504
vn 0.8135 0.4666 0.3472
vn 0.0536 -0.1172 -0.9917
vn -0.0478 -0.0744 -0.9961
vn 0.0696 -0.1013 -0.9924
vn 0.2987 0.6302 -0.7166
vn 0.4112 0.6949 -0.5900
vn 0.4016 0.6728 -0.6213
vn -0.2199 -0.2927 -0.9306
vn -0.2129 -0.2208 -0.9518
vn -0.2399 -0.2303 -0.9431
vn -0.4246 -0.1787 -0.8876
vn -0.5769 -0.1636 -0.8003
vn -0.5365 -0.1393 -0.8323
vn -0.6809 -0.1410 -0.7187
vn -0.8355 -0.0677 -0.5453
vn -0.6390 -0.1171 -0.7603
vn 0.4767 -0.4611 -0.7484
vn 0.5059 -0.4012 -0.7636
vn 0.4927 -0.4192 -0.7625
vn 0.8303 0.4277 0.3572
vn 0.8849 0.4586 0.0816
vn 0.8168 0.5718 0.0765
vn -0.5959 -0.7989 0.0809
vn -0.7317 -0.6711 0.1193
vn -0.7628 -0.6363 0.1147
vn 0.1371 -0.0838 -0.9870
vn 0.1683 -0.1048 -0.9801
vn 0.1138 -0.1254 -0.9856
vn 0.1254 0.0765 -0.9892
vn 0.0993 0.1238 -0.9873
vn 0.0419 0.1327 -0.9903
vn -0.8773 -0.0958 -0.4702
vn -0.8488 -0.1016 -0.5188
vn -0.8684 -0.1074 -0.4841
vn 0.9349 0.2682 0.2326
vn 0.9359 0.3459 0.0660
vn 0.9339 0.3536 0.0524
vn -0.1240 0.2067 0.9705
vn 0.0206 0.4201 0.9072
vn -0.0890 0.1726 0.9810
vn -0.1105 -0.7034 -0.7022
vn -0.0559 -0.7121 -0.6998
vn -0.2243 -0.7111 -0.6663
vn 0.1690 -0.2303 -0.9583
vn 0.1905 -0.2408 -0.9517
vn 0.2334 -0.2737 -0.9331
vn -0.1331 -0.2261 0.9650
vn -0.0033 -0.2307 0.9730
vn -0.0695 -0.2227 0.9724
vn -0.9576 0.2054 0.2019
vn -0.9846 0.1702 0.0396
vn -0.9577 0.1721 0.2306
vn -0.8361 0.3127 0.4507
vn -0.9026 0.2195 0.3704
vn -0.8028 0.3297 0.4968
vn -0.2010 -0.9537 -0.2235
vn -0.2706 -0.9602 -0.0698
vn -0.0681 -0.9383 -0.3390
vn -0.3517 -0.9254 -0.1409
vn -0.4720 -0.8096 -0.3490
vn -0.3621 -0.8487 -0.3855
vn -0.1032 -0.0570 -0.9930
vn -0.1179 -0.0357 -0.9924
vn -0.1306 -0.0836 -0.9879
vn 0.0437 0.0313 -0.9986
vn 0.0843 0.0319 -0.9959
vn -0.0125 0.0247 -0.9996
vn 0.0878 0.0487 -0.9949
vn 0.0454 0.0011 -0.9990
vn -0.0134 -0.0653 -0.9978
vn -0.0901 -0.0588 -0.9942
vn -0.1370 -0.0956 -0.9859
vn -0.0849 -0.0493 -0.9952
vn -0.2296 -0.0275 -0.9729
vn -0.2430 0.0225 -0.9698
vn -0.2754 0.0970 -0.9564
vn 0.1886 -0.0972 -0.9772
vn 0.2923 0.0211 -0.9561
vn 0.3136 0.0097 -0.9495
vn 0.2745 0.0239 -0.9613
vn 0.1289 0.0102 -0.9916
vn 0.0308 0.0632 -0.9975
vn -0.5157 0.0902 -0.8520
vn -0.4810 0.1039 -0.8706
vn -0.4118 0.0277 -0.9108
vn 0.0199 0.0695 -0.9974
vn 0.1188 0.0880 -0.9890
vn -0.0874 0.0290 -0.9958
vn 0.1862 0.0535 -0.9811
vn 0.2871 0.0495 -0.9566
vn 0.2204 0.0553 -0.9738
vn 0.6099 0.3673 -0.7022
vn 0.5108 0.2711 -0.8159
vn 0.5129 0.2991 -0.8046
vn -0.4785 -0.8672 -0.1381
vn -0.3524 -0.9008 -0.2539
vn -0.4542 -0.8847 -0.1051
vn 0.4339 0.0898 -0.8965
vn 0.3908 0.2470 -0.8867
vn 0.4611 0.2714 -0.8448
vn 0.8165 -0.2056 -0.5396
vn 0.6727 -0.2223 -0.7058
vn 0.5130 -0.1556 -0.8442
vn -0.0511 -0.0945 -0.9942
vn -0.1120 -0.1442 -0.9832
vn -0.0664 -0.1283 -0.9895
vn 0.0294 -0.1412 -0.9895
vn 0.0671 -0.1193 -0.9906
vn 0.1234 -0.1428 -0.9820
vn -0.1517 -0.2976 -0.9426
vn -0.2727 -0.2999 -0.9142
vn -0.1458 -0.3602 -0.9214
vn -0.0389 -0.0910 -0.9951
vn -0.1895 -0.1059 -0.9762
vn -0.0532 -0.1425 -0.9884
vn -0.2570 0.0628 -0.9644
vn -0.2082 0.0518 -0.9767
vn -0.2172 0.0820 -0.9727
vn 0.0085 -0.1207 -0.9927
vn 0.0729 -0.1394 -0.9875
vn 0.0047 -0.1318 -0.9913
vn 0.1377 -0.1362 -0.9811
vn 0.2307 -0.1168 -0.9660
vn 0.0051 -0.1461 -0.9892
vn -0.3016 -0.1914 -0.9340
vn -0.3436 -0.1303 -0.9300
vn -0.3228 -0.2119 -0.9224
vn -0.1650 0.0840 -0.9827
vn -0.1377 0.0310 -0.9900
vn 0.1671 0.3278 -0.9298
vn 0.1152 -0.0927 -0.9890
vn 0.2204 -0.0517 -0.9740
vn 0.1777 -0.0886 -0.9801
vn 0.3158 0.0487 -0.9476
vn 0.3785 0.0527 -0.9241
vn 0.4383 -0.0284 -0.8984
vn -0.4947 -0.8650 0.0834
vn -0.3668 -0.8232 -0.4334
vn -0.4154 -0.9079 -0.0569
vn -0.2759 0.1044 -0.9555
vn -0.2271 -0.0065 -0.9738
vn -0.1427 0.2001 -0.9693
vn -0.0545 0.1762 -0.9828
vn -0.1688 0.0622 -0.9837
vn -0.1370 0.0295 -0.9901
vn 0.2343 -0.3152 -0.9196
vn 0.2294 -0.2360 -0.9443
vn 0.1495 -0.3651 -0.9189
vn 0.1638 -0.0277 -0.9861
vn 0.1183 -0.0010 -0.9930
vn 0.1810 0.0471 -0.9824
vn 0.0558 -0.0073 -0.9984
vn 0.0540 0.0090 -0.9985
vn 0.0951 0.0711 -0.9929
vn 0.2539 0.1203 -0.9597
vn 0.2017 0.0629 -0.9774
vn 0.1276 0.0417 -0.9909
vn 0.3221 0.0945 -0.9420
vn 0.2429 -0.0279 -0.9696
vn 0.2455 0.0159 -0.9693
vn -0.0343 -0.0098 -0.9994
vn 0.1088 0.0028 -0.9941
vn -0.0395 -0.0193 -0.9990
vn -0.0039 -0.0125 -0.9999
vn 0.0433 0.0091 -0.9990
vn 0.0673 -0.0587 -0.9960
vn 0.6564 0.0219 -0.7541
vn 0.5181 -0.0221 -0.8551
vn 0.4696 0.0028 -0.8829
vn 0.5646 -0.1465 -0.8123
vn 0.5454 -0.2491 -0.8003
vn 0.5653 -0.1360 -0.8136
vn -0.0250 -0.1885 -0.9818
vn -0.1795 -0.1773 -0.9677
vn -0.1021 -0.1469 -0.9839
vn -0.0626 -0.1626 -0.9847
vn 0.0597 -0.1492 -0.9870
vn -0.0126 -0.1657 -0.9861
vn 0.3907 0.0445 -0.9195
vn 0.4237 -0.3843 -0.8202
vn 0.3228 0.0141 -0.9463
vn 0.3455 0.1210 -0.9306
vn 0.4951 0.0026 -0.8688
vn 0.4737 0.0594 -0.8787
vn -0.1379 -0.7758 -0.6157
vn -0.8029 -0.4769 -0.3576
vn -0.4634 -0.4094 -0.7859
vn -0.5364 -0.0625 0.8417
vn -0.4085 0.0871 0.9086
vn -0.4275 -0.2876 0.8570
vn -0.3465 -0.4045 -0.8464
vn 0.0264 -0.1107 -0.9935
vn -0.2195 -0.2789 -0.9349
vn -0.1461 0.0454 -0.9882
vn -0.1290 0.0421 -0.9908
vn -0.1189 0.0315 -0.9924
vn -0.1129 0.0497 -0.9924
vn -0.1010 0.0838 -0.9914
vn -0.0920 0.1294 -0.9873
vn -0.0645 0.0610 -0.9961
vn -0.1190 0.0315 -0.9924
vn -0.1291 0.0421 -0.9907
vn -0.0644 0.0608 -0.9961
vn -0.1115 0.0183 -0.9936
vn -0.1189 0.0314 -0.9924
vn 0.0883 0.2786 -0.9563
vn 0.0660 0.2545 -0.9648
vn 0.1340 0.1696 -0.9764
vn 0.0553 -0.1850 -0.9812
vn 0.2663 0.1825 -0.9465
vn 0.0359 -0.2075 -0.9776
vn -0.1010 0.1309 -0.9862
vn -0.0605 0.0517 -0.9968
vn -0.0369 -0.0026 -0.9993
vn -0.1367 0.0043 -0.9906
vn -0.1343 -0.0442 -0.9900
vn -0.1037 -0.0664 -0.9924
vn 0.9652 0.0199 -0.2608
vn 0.9950 -0.0196 -0.0975
vn 0.9983 -0.0134 0.0571
vn 0.9941 -0.0016 0.1086
vn 0.9945 -0.0030 0.1043
vn 0.9950 -0.0196 -0.0974
vn 0.9941 -0.0016 0.1087
vn 0.9983 -0.0135 0.0571
vn 0.3445 0.1845 -0.9205
vn 0.8584 0.0210 -0.5126
vn 0.7839 0.1771 -0.5951
vn 0.4677 0.0213 0.8836
vn 0.5815 0.0081 0.8135
vn -0.1590 0.0214 0.9871
vn -0.5427 -0.2104 0.8132
vn 0.1160 0.1911 0.9747
vn -0.3435 -0.3056 0.8880
vn 0.5317 0.2495 -0.8093
vn 0.5496 0.2790 -0.7875
vn 0.5691 0.2160 -0.7934
vn -0.2978 0.2484 0.9217
vn -0.2912 0.2306 0.9285
vn -0.1641 0.2551 0.9529
vn 0.6570 0.1417 -0.7405
vn 0.6532 0.1390 -0.7443
vn 0.6553 0.1123 -0.7470
vn -0.0466 -0.3336 0.9416
vn -0.0565 -0.2882 0.9559
vn -0.0919 -0.2401 0.9664
vn 0.6958 0.1971 -0.6907
vn 0.6283 0.2118 -0.7486
vn 0.6344 0.1829 -0.7511
vn 0.1462 -0.0447 0.9882
vn 0.1757 -0.0551 0.9829
vn 0.2052 -0.0374 0.9780
vn -0.7609 -0.3706 -0.5326
vn -0.7364 -0.0535 -0.6744
vn -0.5703 -0.4187 -0.7067
vn 0.9946 0.0078 0.1031
vn 0.9949 0.0099 0.1002
vn 0.9950 0.0148 0.0991
vn -0.0239 -0.4369 0.8992
vn -0.1119 -0.4325 0.8947
vn -0.0597 -0.4853 0.8723
vn -0.2283 -0.5632 0.7942
vn -0.1558 -0.6517 0.7423
vn -0.1778 -0.4987 0.8484
vn -0.9942 0.0485 -0.0965
vn -0.9975 0.0098 0.0704
vn -0.9794 0.0866 -0.1826
vn 0.3135 0.9386 0.1438
vn 0.3276 0.9148 0.2364
vn 0.2170 0.9549 0.2026
vn 0.9939 -0.0253 0.1073
vn 0.9937 -0.0216 0.1099
vn 0.9940 -0.0182 0.1080
vn 0.9965 0.0653 0.0524
vn 0.9960 0.0736 0.0509
vn 0.9965 0.0670 0.0496
vn 0.9927 -0.0049 0.1209
vn 0.9932 0.0007 0.1167
vn 0.9927 -0.0069 0.1206
vn -0.3214 0.8362 0.4444
vn -0.3455 0.8221 0.4526
vn -0.3236 0.8356 0.4438
vn 0.9955 -0.0098 0.0947
vn 0.9954 -0.0129 0.0954
vn 0.9955 -0.0102 0.0943
vn 0.9894 -0.0153 0.1443
vn 0.9882 -0.0099 0.1527
vn 0.9898 -0.0147 0.1417
vn 0.9918 0.0044 0.1276
vn 0.9924 0.0075 0.1230
vn 0.9917 0.0016 0.1282
vn 0.0297 0.9841 -0.1748
vn -0.0579 0.9779 -0.2011
vn -0.0609 0.9880 -0.1421
vn 0.9936 -0.0067 0.1126
vn 0.9939 -0.0104 0.1095
vn 0.9938 -0.0032 0.1115
vn 0.9990 0.0363 0.0278
vn 0.9983 0.0549 0.0204
vn 0.9986 0.0535 0.0006
vn 0.7688 -0.5391 -0.3439
vn 0.7745 -0.5223 -0.3570
vn 0.7982 -0.5389 -0.2692
vn 0.9525 0.0607 0.2983
vn 0.4838 -0.2500 0.8387
vn 0.9958 0.0123 0.0911
vn 0.5291 0.4659 0.7092
vn 0.9405 0.3135 0.1314
vn 0.1699 0.9732 0.1550
vn -0.0180 -0.1213 -0.9925
vn 0.3881 -0.7429 -0.5454
vn 0.1482 -0.2764 -0.9496
vn 0.0605 0.7766 -0.6271
vn 0.4519 0.6196 -0.6417
vn -0.0105 0.8497 -0.5272
vn 0.4572 0.8515 -0.2567
vn 0.6372 0.7704 0.0238
vn 0.7424 0.5793 0.3366
vn 0.3033 0.9529 0.0036
vn 0.4724 0.7426 0.4747
vn 0.3288 0.9433 0.0449
vn -0.9874 0.0391 -0.1533
vn -0.9681 0.1115 -0.2243
vn -0.9767 0.1040 -0.1878
vn 0.3530 0.8894 0.2904
vn 0.1916 0.9459 0.2619
vn 0.5135 0.8528 -0.0954
vn 0.0162 0.9932 0.1153
vn -0.0925 0.9874 0.1281
vn -0.0497 0.9830 0.1765
vn 0.9961 0.0031 0.0880
vn 0.9955 0.0034 0.0947
vn 0.9961 -0.0029 0.0878
vn -0.7987 0.3234 0.5074
vn -0.7463 0.2619 0.6119
vn -0.7942 0.2932 0.5323
vn -0.4451 0.8529 -0.2728
vn -0.5748 0.7629 -0.2959
vn -0.5330 0.8455 -0.0328
vn 0.7423 0.6687 0.0425
vn 0.0914 0.9929 0.0768
vn 0.2971 0.9510 0.0854
vn 0.9939 -0.0014 0.1106
vn 0.9945 0.0012 0.1045
vn 0.9944 -0.0005 0.1054
vn 0.9946 -0.0076 0.1031
vn 0.9942 -0.0088 0.1069
vn 0.9942 -0.0068 0.1074
vn 0.9949 -0.0047 0.1004
vn 0.9945 -0.0076 0.1044
vn 0.9945 -0.0113 0.1041
vn 0.9938 -0.0039 0.1113
vn 0.9942 0.0005 0.1079
vn 0.9938 -0.0018 0.1109
vn 0.9949 0.0114 0.0998
vn 0.9950 0.0098 0.0999
vn 0.9952 0.0048 0.0974
vn 0.9933 -0.0165 0.1141
vn 0.9938 -0.0012 0.1116
vn 0.9930 -0.0026 0.1182
vn 0.3261 0.5996 -0.7308
vn 0.4511 0.6144 -0.6473
vn 0.5128 0.3805 -0.7696
vn -0.7713 0.4587 0.4412
vn -0.7994 0.4354 0.4140
vn -0.7986 0.4725 0.3729
vn 0.8148 0.5500 0.1833
vn 0.6033 0.7007 0.3809
vn 0.9220 0.3103 0.2317
vn 0.9948 0.0056 0.1014
vn 0.9945 0.0030 0.1051
vn 0.9941 0.0114 0.1080
vn 0.9950 0.0022 0.0996
vn 0.9949 -0.0104 0.1002
vn 0.9954 0.0007 0.0954
vn 0.1716 0.9828 -0.0683
vn 0.1204 0.9913 0.0537
vn 0.1888 0.9690 -0.1595
vn 0.9941 -0.0198 0.1065
vn 0.9932 -0.0305 0.1127
vn 0.9939 -0.0183 0.1083
vn 0.5308 0.8183 0.2205
vn 0.6853 0.7282 0.0091
vn 0.7616 0.6433 -0.0778
vn -0.2818 -0.2709 -0.9205
vn -0.2106 -0.2917 -0.9330
vn -0.0235 -0.2258 -0.9739
vn 0.9875 -0.0352 0.1539
vn 0.9991 0.0171 0.0386
vn 0.9907 -0.0318 0.1324
vn 0.9919 -0.0049 0.1271
vn 0.9916 -0.0092 0.1292
vn 0.9903 -0.0155 0.1379
vn 0.9942 -0.0028 0.1079
vn 0.9946 -0.0044 0.1033
vn 0.9940 -0.0057 0.1092
vn 0.9914 0.0114 0.1304
vn 0.9921 0.0053 0.1256
vn 0.9925 0.0075 0.1220
vn 0.9923 0.0127 0.1231
vn 0.9924 0.0050 0.1233
vn 0.9918 0.0106 0.1276
vn 0.9943 -0.0058 0.1064
vn 0.9942 -0.0070 0.1069
vn 0.9942 -0.0098 0.1068
vn 0.0512 0.9759 -0.2122
vn -0.0239 0.9990 -0.0373
vn -0.0243 0.9973 -0.0687
vn 0.9942 -0.0045 0.1076
vn 0.9941 -0.0000 0.1082
vn 0.9944 -0.0041 0.1053
vn -0.1028 0.9868 -0.1248
vn -0.0461 0.9903 -0.1310
vn -0.0819 0.9852 -0.1508
vn 0.3072 0.7141 -0.6291
vn 0.2821 0.7786 -0.5606
vn 0.3559 0.7677 -0.5329
vn 0.3847 0.9147 -0.1241
vn 0.2988 0.9470 -0.1180
vn 0.3777 0.9204 -0.1005
vn 0.3594 0.8973 -0.2563
vn 0.3714 0.8656 -0.3358
vn 0.3229 0.9064 -0.2724
vn 0.5765 0.7659 -0.2848
vn 0.5756 0.7616 -0.2976
vn 0.5602 0.7815 -0.2747
vn 0.3623 0.8655 -0.3458
vn 0.2879 0.8950 -0.3408
vn 0.3209 0.9022 -0.2881
vn -0.2027 0.0054 -0.9792
vn -0.1150 -0.0456 -0.9923
vn -0.0650 0.0364 -0.9972
vn -0.6111 0.1108 -0.7838
vn -0.6153 0.0863 -0.7836
vn -0.5735 0.0731 -0.8160
vn 0.3190 0.9014 -0.2929
vn 0.3448 0.9040 -0.2529
vn 0.3724 0.8866 -0.2745
vn 0.2203 0.9617 -0.1630
vn 0.1572 0.9698 -0.1866
vn 0.1437 0.9871 -0.0701
vn 0.0099 0.5268 -0.8499
vn -0.1242 0.5210 -0.8445
vn -0.0132 0.5926 -0.8054
vn 0.2721 0.7669 -0.5812
vn 0.1894 0.7410 -0.6442
vn 0.1967 0.8125 -0.5488
vn 0.7984 0.5421 -0.2621
vn 0.7994 0.5037 -0.3275
vn 0.7878 0.5065 -0.3505
vn 0.7191 0.6562 0.2287
vn 0.7258 0.6683 0.1630
vn 0.6728 0.7251 0.1471
vn -0.3391 -0.2885 -0.8954
vn -0.4079 -0.2086 -0.8889
vn -0.3509 -0.2365 -0.9060
vn -0.2691 -0.1333 -0.9538
vn -0.2091 0.0112 -0.9778
vn -0.2725 -0.0319 -0.9616
vn -0.5672 -0.0494 -0.8221
vn -0.5909 -0.0650 -0.8041
vn -0.5865 -0.0684 -0.8071
vn -0.3192 -0.0804 -0.9443
vn -0.2515 -0.0654 -0.9657
vn -0.2583 -0.0870 -0.9621
vn -0.2378 0.0600 -0.9695
vn -0.2380 0.0390 -0.9705
vn -0.1494 0.0546 -0.9873
vn 0.0786 0.1866 -0.9793
vn 0.1063 0.2264 -0.9682
vn 0.2027 0.1919 -0.9603
vn -0.0342 -0.0416 -0.9986
vn 0.0540 0.0322 -0.9980
vn -0.0305 0.0712 -0.9970
vn 0.7985 0.4848 -0.3569
vn 0.7790 0.4979 -0.3811
vn 0.8553 0.4514 -0.2545
vn 0.2777 0.2142 -0.9365
vn 0.3526 0.3021 -0.8857
vn 0.4420 0.2558 -0.8598
vn 0.6724 0.3487 -0.6529
vn 0.6194 0.3643 -0.6955
vn 0.7447 0.3764 -0.5512
vn -0.0284 0.3728 -0.9275
vn 0.0331 0.3097 -0.9503
vn -0.0262 0.2545 -0.9667
vn 0.7936 0.5453 -0.2699
vn 0.8183 0.4907 -0.2994
vn 0.8036 0.4758 -0.3576
vn 0.6589 0.5272 -0.5365
vn 0.7228 0.4127 -0.5543
vn 0.6126 0.3865 -0.6894
vn 0.5439 0.4981 -0.6754
vn 0.4887 0.4402 -0.7533
vn 0.4777 0.4500 -0.7545
vn -0.0975 -0.2272 -0.9690
vn -0.2094 -0.2593 -0.9428
vn -0.2004 -0.2734 -0.9408
vn 0.9973 -0.0405 0.0620
vn 0.9385 -0.1214 0.3231
vn 0.9486 -0.0074 -0.3162
vn 0.0696 0.0367 -0.9969
vn -0.0081 -0.0336 -0.9994
vn 0.1421 -0.0537 -0.9884
vn 0.4885 -0.0455 -0.8714
vn 0.2496 -0.4904 -0.8350
vn 0.4744 -0.1121 -0.8731
vn -0.7275 0.3529 -0.5884
vn -0.5909 0.5423 -0.5973
vn -0.6892 0.2745 -0.6705
vn 0.9161 -0.1680 -0.3639
vn 0.8228 0.0206 -0.5680
vn 0.8819 -0.1740 -0.4382
vn 0.2065 0.1189 -0.9712
vn 0.2966 0.2308 -0.9267
vn 0.0873 0.2179 -0.9721
vn -0.0643 -0.2008 -0.9775
vn -0.1046 -0.2522 -0.9620
vn -0.2040 -0.3051 -0.9302
vn 0.3769 -0.0681 -0.9237
vn 0.4514 -0.1267 -0.8833
vn 0.2814 -0.1061 -0.9537
vn 0.7728 -0.0968 -0.6273
vn 0.7221 -0.0551 -0.6896
vn 0.8207 -0.0926 -0.5638
vn 0.6048 0.7636 -0.2262
vn 0.7014 0.7123 -0.0262
vn 0.6343 0.7716 0.0483
vn 0.3794 0.7652 -0.5201
vn 0.3766 0.7439 -0.5521
vn 0.4013 0.7627 -0.5072
vn -0.0768 0.6762 -0.7327
vn -0.0024 0.7509 -0.6604
vn -0.0231 0.7174 -0.6963
vn -0.5895 0.1235 -0.7983
vn -0.6275 0.0346 -0.7778
vn -0.6205 0.0247 -0.7838
vn -0.5798 0.0718 -0.8116
vn -0.7017 0.3437 -0.6241
vn -0.3938 0.2002 -0.8971
vn 0.3200 0.6549 -0.6846
vn 0.2718 0.6428 -0.7162
vn 0.2793 0.6673 -0.6904
vn -0.2921 0.1715 -0.9409
vn -0.3688 0.5686 -0.7353
vn -0.3825 0.7123 -0.5885
vn 0.0972 0.3982 -0.9121
vn 0.0208 0.4546 -0.8905
vn 0.1767 0.4133 -0.8933
vn -0.6802 0.3222 -0.6585
vn -0.6318 0.3454 -0.6939
vn -0.5831 0.2904 -0.7587
vn -0.6181 -0.2702 -0.7382
vn -0.6249 -0.3062 -0.7182
vn -0.6841 -0.3130 -0.6588
vn -0.5930 -0.0234 -0.8049
vn -0.6131 -0.0113 -0.7899
vn -0.6237 -0.0830 -0.7772
vn -0.1268 0.8942 -0.4293
vn -0.1159 0.8768 -0.4666
vn -0.1176 0.8749 -0.4699
vn -0.7550 0.3472 -0.5562
vn -0.7662 0.2295 -0.6002
vn -0.7070 0.2424 -0.6644
vn -0.1724 -0.0615 -0.9831
vn -0.1524 0.0640 -0.9863
vn -0.0870 0.0019 -0.9962
vn -0.8437 -0.1967 -0.4995
vn -0.7566 -0.0164 -0.6537
vn -0.8041 -0.0311 -0.5937
vn -0.4455 0.1598 -0.8809
vn -0.4493 0.1509 -0.8805
vn -0.4775 0.1767 -0.8607
vn -0.9466 -0.0419 -0.3198
vn -0.9708 0.0595 -0.2325
vn -0.9750 0.0169 -0.2218
vn 0.0023 0.7549 -0.6558
vn -0.0509 0.6521 -0.7564
vn -0.0315 0.6747 -0.7374
vn -0.5142 0.3021 -0.8027
vn -0.5566 0.3187 -0.7673
vn -0.4835 0.4863 -0.7279
vn 0.2369 0.6972 -0.6766
vn 0.3798 0.7446 -0.5490
vn 0.3008 0.6961 -0.6519
vn -0.5378 0.2467 -0.8062
vn -0.6044 0.2354 -0.7611
vn -0.6877 0.2642 -0.6762
vn -0.6340 0.7362 -0.2368
vn -0.6531 0.7369 -0.1743
vn -0.5247 0.8109 -0.2589
vn -0.4349 0.1356 -0.8902
vn -0.4413 0.1564 -0.8837
vn -0.4622 0.1311 -0.8770
vn 0.4198 0.7321 -0.5365
vn 0.5193 0.6029 -0.6056
vn 0.4903 0.5731 -0.6567
vn -0.4514 0.1226 -0.8839
vn -0.3178 0.1463 -0.9368
vn -0.3734 0.0924 -0.9231
vn -0.4322 -0.1493 -0.8893
vn -0.3739 0.2653 -0.8887
vn -0.3040 0.0309 -0.9522
vn -0.0778 0.9451 -0.3173
vn 0.0161 0.9062 -0.4226
vn -0.0766 0.9124 -0.4021
vn 0.0871 0.9669 0.2398
vn 0.0001 0.9256 0.3786
vn -0.0508 0.9660 0.2535
vn -0.7715 0.3980 -0.4965
vn -0.8354 0.3724 -0.4043
vn -0.7734 0.5324 -0.3440
vn -0.1328 0.7160 -0.6854
vn -0.0455 0.5933 -0.8037
vn -0.1027 0.6193 -0.7784
vn -0.0695 0.1895 -0.9794
vn 0.0758 0.2742 -0.9587
vn -0.2387 0.5251 -0.8169
vn -0.2091 0.2207 -0.9527
vn -0.4007 0.0860 -0.9122
vn -0.3399 0.8665 -0.3655
vn -0.7745 0.5536 -0.3062
vn -0.7190 0.5877 -0.3709
vn -0.8631 0.3437 -0.3700
vn -0.2737 -0.3864 -0.8808
vn -0.3376 -0.4703 -0.8154
vn -0.2743 -0.3978 -0.8755
vn -0.2931 -0.2713 -0.9168
vn -0.2500 -0.3408 -0.9063
vn -0.3056 -0.3331 -0.8920
vn -0.5024 -0.3127 -0.8061
vn -0.4828 -0.2855 -0.8279
vn -0.4488 -0.1822 -0.8749
vn 0.4945 0.7251 -0.4793
vn 0.4899 0.7260 -0.4825
vn 0.4914 0.7206 -0.4891
vn 0.2758 -0.5456 -0.7913
vn 0.2438 -0.5544 -0.7957
vn 0.2175 -0.5418 -0.8119
vn 0.3734 0.7556 -0.5381
vn 0.3821 0.7491 -0.5411
vn 0.3385 0.7618 -0.5524
vn -0.7440 -0.3132 -0.5903
vn -0.8024 -0.3200 -0.5037
vn -0.7314 -0.0612 -0.6792
vn -0.5786 0.1287 -0.8054
vn -0.5214 0.2747 -0.8079
vn -0.5264 0.1517 -0.8366
vn -0.1120 0.4668 -0.8773
vn 0.2075 0.6572 -0.7246
vn -0.3304 0.2285 -0.9158
vn -0.4134 0.2773 0.8673
vn -0.3504 0.2608 0.8996
vn -0.5182 0.1868 0.8346
vn -0.0823 0.6722 -0.7358
vn -0.1213 0.6327 -0.7648
vn -0.1998 0.5975 -0.7766
vn -0.9901 0.0614 -0.1260
vn -0.9916 0.0509 -0.1186
vn -0.9877 0.1175 -0.1032
vn -0.9919 -0.0624 -0.1103
vn -0.9963 -0.0687 -0.0508
vn -0.9876 -0.0866 -0.1306
vn -0.9899 0.0529 -0.1316
vn -0.9900 0.0436 -0.1343
vn -0.9912 0.0482 -0.1230
vn -0.9953 0.0240 -0.0938
vn -0.9950 0.0239 -0.0974
vn -0.9942 0.0295 -0.1037
vn -0.9916 0.0679 -0.1102
vn -0.9940 0.0490 -0.0979
vn -0.9928 0.0657 -0.1001
vn -0.9948 0.0262 -0.0987
vn -0.9937 0.0300 -0.1081
vn -0.9937 0.0321 -0.1077
vn -0.9950 0.0269 -0.0960
vn -0.9953 0.0212 -0.0943
vn -0.9953 0.0191 -0.0950
vn -0.9950 0.0177 -0.0986
vn -0.9951 0.0142 -0.0981
vn -0.9958 0.0163 -0.0906
vn -0.9951 0.0217 -0.0962
vn -0.9953 0.0166 -0.0957
vn -0.9948 0.0180 -0.1005
vn -0.9943 -0.0361 -0.1001
vn -0.9895 -0.0174 -0.1432
vn -0.9931 -0.0068 -0.1172
vn -0.9870 -0.0636 -0.1479
vn -0.9927 -0.0444 -0.1118
vn -0.9949 -0.0232 -0.0978
vn -0.9931 0.0667 -0.0968
vn -0.9920 0.0730 -0.1031
vn -0.9926 0.0784 -0.0924
vn -0.9957 -0.0275 -0.0890
vn -0.9858 -0.0561 -0.1580
vn -0.9937 -0.0193 -0.1105
vn -0.9721 -0.0882 -0.2172
vn -0.9822 -0.0226 -0.1863
vn -0.9827 -0.0085 -0.1850
vn -0.9474 -0.3164 -0.0474
vn -0.9916 -0.1248 -0.0330
vn -0.9992 -0.0376 0.0149
vn -0.9943 0.0194 -0.1049
vn -0.9950 0.0173 -0.0982
vn -0.9950 0.0177 -0.0985
vn -0.9949 0.0192 -0.0989
vn -0.9942 0.0162 -0.1064
vn -0.9941 0.0217 -0.1059
vn -0.9916 -0.0239 -0.1268
vn -0.9895 -0.0721 -0.1249
vn -0.9864 -0.1129 -0.1195
vn -0.9928 0.0264 -0.1172
vn -0.9977 0.0284 -0.0618
vn -0.9960 0.0477 -0.0751
vn -0.9955 0.0493 -0.0815
vn -0.9967 -0.0056 -0.0816
vn -0.9912 0.0135 -0.1315
vn -0.9949 0.0154 -0.1002
vn -0.9941 0.0213 -0.1060
vn -0.9941 0.0217 -0.1064
vn -0.9972 -0.0373 -0.0645
vn -0.9885 -0.0669 -0.1354
vn -0.9962 -0.0575 -0.0650
vn -0.9780 0.0199 -0.2079
vn -0.9802 0.0765 -0.1826
vn -0.9853 0.0630 -0.1587
vn -0.9487 -0.1668 -0.2687
vn -0.9665 -0.1465 -0.2107
vn -0.9445 -0.2540 -0.2082
vn -0.9760 -0.1518 -0.1561
vn -0.9802 -0.1739 -0.0950
vn -0.9666 -0.1324 -0.2192
vn -0.9876 -0.0772 -0.1363
vn -0.9869 -0.1174 -0.1109
vn -0.9853 -0.0785 -0.1518
vn -0.4662 0.8808 0.0834
vn -0.6867 0.7124 0.1445
vn -0.3796 0.9069 0.1829
vn -0.6190 0.7824 0.0690
vn -0.8194 0.5353 0.2050
vn -0.4854 0.8737 -0.0319
vn -0.9862 0.0005 -0.1654
vn -0.9881 0.0227 -0.1524
vn -0.9904 -0.0091 -0.1382
vn -0.9913 0.0672 -0.1132
vn -0.9933 0.0412 -0.1076
vn -0.9938 0.0318 -0.1068
vn -0.8359 -0.3503 -0.4225
vn -0.8432 0.4829 0.2364
vn -0.9445 -0.2469 -0.2166
vn -0.9967 -0.0359 -0.0724
vn -0.9968 -0.0056 -0.0792
vn -0.9975 -0.0287 -0.0640
vn -0.9939 -0.0788 -0.0775
vn -0.9961 -0.0624 -0.0616
vn -0.9958 -0.0679 -0.0618
vn -0.9937 -0.0141 -0.1111
vn -0.9950 -0.0073 -0.0994
vn -0.9954 -0.0202 -0.0933
vn -0.9722 0.2154 -0.0916
vn -0.9767 0.1826 -0.1127
vn -0.9754 0.1857 -0.1189
vn -0.9898 -0.0482 -0.1338
vn -0.9932 -0.0111 -0.1160
vn -0.9870 -0.0613 -0.1487
vn -0.8952 -0.2651 0.3583
vn -0.9359 -0.2135 0.2801
vn -0.9436 -0.1642 0.2874
vn -0.9829 -0.1735 0.0611
vn -0.9844 0.0669 0.1629
vn -0.9640 -0.0940 0.2488
vn -0.9933 -0.0060 -0.1157
vn -0.9952 -0.0191 -0.0959
vn -0.9953 -0.0052 -0.0967
vn -0.2550 0.9634 0.0832
vn -0.3128 0.9495 0.0258
vn -0.6113 0.5809 -0.5375
vn -0.9953 0.0003 -0.0972
vn -0.9931 0.0089 -0.1169
vn -0.9932 -0.0005 -0.1161
vn -0.9796 0.0251 -0.1993
vn -0.9872 -0.0318 -0.1564
vn -0.9740 -0.0429 -0.2223
vn -0.9765 0.1800 -0.1182
vn -0.8495 0.5276 -0.0048
vn -0.8132 0.5820 0.0074
vn -0.9929 0.0112 -0.1187
vn -0.9939 0.0123 -0.1092
vn -0.9923 0.0045 -0.1239
vn -0.9952 0.0040 -0.0978
vn -0.9954 0.0089 -0.0950
vn -0.9952 0.0147 -0.0966
vn -0.3149 0.9491 -0.0020
vn -0.9109 0.3291 -0.2489
vn -0.8136 0.5790 -0.0523
vn -0.8994 0.2137 -0.3813
vn -0.9610 0.0938 -0.2602
vn -0.9833 0.0428 -0.1770
vn -0.3564 0.9334 -0.0409
vn -0.6941 0.3975 -0.6002
vn -0.3069 0.9491 -0.0710
vn -0.9934 0.0202 -0.1127
vn -0.9937 0.0204 -0.1100
vn -0.9933 0.0167 -0.1142
vn -0.9941 0.0110 -0.1078
vn -0.9940 0.0157 -0.1081
vn -0.9938 0.0121 -0.1108
vn -0.9941 0.0031 -0.1087
vn -0.9931 0.0073 -0.1170
vn -0.9921 -0.0022 -0.1253
vn -0.9944 0.0259 -0.1026
vn -0.9938 0.0204 -0.1096
vn -0.9936 0.0176 -0.1115
vn -0.9863 -0.0130 -0.1643
vn -0.9912 -0.0055 -0.1326
vn -0.9896 -0.0039 -0.1439
vn -0.9888 -0.0167 -0.1486
vn -0.9898 0.0156 -0.1416
vn -0.9860 0.0268 -0.1647
vn -0.9988 -0.0047 -0.0488
vn -0.9980 -0.0530 -0.0354
vn -0.9902 -0.1136 -0.0818
vn -0.7217 0.6823 -0.1171
vn -0.9943 0.0369 -0.1002
vn -0.9916 0.0619 -0.1134
vn -0.8452 0.3669 -0.3887
vn -0.4892 0.8710 -0.0446
vn -0.4180 0.9064 -0.0605
vn -0.6606 0.6498 -0.3760
vn -0.2381 0.9702 -0.0438
vn 0.0230 0.9991 0.0362
vn -0.3565 0.9343 -0.0036
vn -0.6062 0.7953 -0.0049
vn -0.2735 0.9609 0.0441
vn 0.7812 -0.1360 -0.6093
vn 0.9125 -0.1458 -0.3822
vn 0.8424 -0.1381 -0.5209
vn 0.1683 0.0692 -0.9833
vn 0.1547 0.0743 -0.9852
vn 0.1904 0.0403 -0.9809
vn 0.4858 -0.0323 -0.8735
vn 0.5268 0.0546 -0.8483
vn 0.5205 0.0327 -0.8533
vn -0.5016 -0.2233 -0.8358
vn -0.3077 -0.1543 -0.9389
vn -0.3392 -0.1731 -0.9246
vn -0.9269 -0.2609 -0.2696
vn -0.8639 -0.4679 -0.1864
vn -0.9204 -0.3145 -0.2324
vn -0.8081 -0.2782 -0.5193
vn -0.8458 -0.2905 -0.4474
vn -0.7067 -0.1014 -0.7002
vn -0.4846 -0.1401 -0.8634
vn -0.2502 -0.2500 -0.9353
vn -0.3696 -0.2663 -0.8902
vn 0.4863 -0.1632 -0.8584
vn 0.6260 -0.2601 -0.7352
vn 0.5925 -0.1943 -0.7818
vn 0.1902 -0.1836 -0.9644
vn 0.2656 -0.1237 -0.9561
vn 0.2170 -0.1521 -0.9642
vn -0.2587 -0.2665 -0.9285
vn -0.3008 -0.3089 -0.9023
vn -0.3646 -0.3252 -0.8725
vn 0.6123 -0.0773 -0.7869
vn 0.6925 -0.0544 -0.7194
vn 0.5822 -0.1152 -0.8048
vn 0.4122 -0.1414 -0.9001
vn 0.2194 -0.1764 -0.9596
vn 0.2749 -0.1364 -0.9517
vn -0.7366 0.3437 -0.5825
vn -0.7069 0.3845 -0.5936
vn -0.7029 0.4352 -0.5626
vn -0.5414 -0.4102 -0.7339
vn -0.4045 -0.2801 -0.8706
vn -0.5554 -0.3797 -0.7398
vn -0.5120 -0.0844 -0.8548
vn -0.6358 -0.1266 -0.7614
vn -0.6691 -0.1793 -0.7212
vn 0.0103 0.5583 -0.8296
vn 0.0365 0.5834 -0.8113
vn -0.0446 0.4538 -0.8900
vn 0.1463 0.4568 -0.8775
vn 0.2216 0.3766 -0.8995
vn 0.1184 0.3931 -0.9118
vn -0.3420 0.2318 -0.9107
vn -0.2907 0.2026 -0.9351
vn -0.2807 0.2376 -0.9299
vn -0.0254 0.4272 -0.9038
vn -0.1797 0.4430 -0.8783
vn -0.1351 0.3844 -0.9132
vn -0.2173 -0.0945 -0.9715
vn -0.0133 -0.2138 -0.9768
vn -0.1279 -0.2235 -0.9663
vn -0.1239 0.4151 -0.9013
vn -0.0788 0.3997 -0.9133
vn -0.0607 0.4770 -0.8768
vn 0.8007 -0.0276 -0.5984
vn 0.8791 -0.0548 -0.4735
vn 0.7932 -0.0413 -0.6076
vn 0.0362 -0.1735 -0.9842
vn 0.0694 -0.1580 -0.9850
vn 0.0965 -0.0260 -0.9950
vn 0.2858 -0.4380 -0.8524
vn 0.1520 -0.3970 -0.9051
vn 0.1925 -0.4447 -0.8747
vn -0.4184 0.2413 -0.8756
vn -0.3742 0.2835 -0.8829
vn -0.4053 0.2320 -0.8842
vn 0.5285 -0.1629 -0.8332
vn 0.6392 -0.1657 -0.7510
vn 0.6355 -0.1428 -0.7588
vn -0.0985 0.7121 -0.6951
vn -0.1203 0.7164 -0.6872
vn -0.1688 0.5486 -0.8189
vn -0.1786 0.3801 -0.9076
vn -0.2052 0.3388 -0.9182
vn -0.1480 0.2889 -0.9458
vn 0.1546 0.2129 -0.9648
vn 0.1265 0.2829 -0.9508
vn 0.0224 0.1929 -0.9810
vn 0.0856 0.2329 -0.9687
vn 0.0731 0.4976 -0.8643
vn -0.0047 0.4975 -0.8674
vn 0.1338 0.0716 -0.9884
vn 0.0504 0.0790 -0.9956
vn -0.0256 0.0158 -0.9995
vn -0.2019 -0.1832 -0.9621
vn 0.0480 -0.0619 -0.9969
vn -0.1598 -0.1380 -0.9775
vn -0.3313 -0.1011 -0.9381
vn -0.3357 -0.1351 -0.9322
vn -0.2674 -0.0942 -0.9590
vn -0.2960 -0.1692 -0.9401
vn -0.2120 -0.2300 -0.9498
vn -0.1793 -0.2222 -0.9584
vn -0.2377 -0.0068 -0.9713
vn -0.1656 -0.1250 -0.9782
vn -0.2504 0.0043 -0.9681
vn -0.1704 0.4814 -0.8598
vn -0.2160 0.4919 -0.8434
vn -0.2265 0.4129 -0.8822
vn 0.0876 -0.1110 -0.9900
vn 0.1000 -0.1371 -0.9855
vn -0.0193 0.0642 -0.9978
vn -0.3708 -0.1291 -0.9197
vn -0.1885 -0.2729 -0.9434
vn -0.2243 -0.1863 -0.9565
vn -0.3885 0.2454 -0.8882
vn -0.2917 0.2237 -0.9300
vn -0.3528 0.2469 -0.9025
vn 0.1956 0.5704 -0.7978
vn 0.2120 0.4936 -0.8434
vn 0.1539 0.6087 -0.7783
vn -0.4132 0.5920 -0.6919
vn 0.0532 0.1841 -0.9815
vn -0.3141 0.6978 -0.6438
vn -0.1793 0.6108 -0.7712
vn 0.0829 0.9342 -0.3470
vn 0.0892 0.4465 -0.8903
vn -0.7206 0.2821 -0.6334
vn -0.6977 0.3065 -0.6475
vn -0.6708 0.4095 -0.6183
vn 0.4530 -0.3481 -0.8207
vn 0.6434 -0.2310 -0.7299
vn 0.5212 -0.2774 -0.8071
vn 0.7678 -0.0222 -0.6404
vn 0.5918 0.3985 -0.7008
vn 0.6706 0.0395 -0.7408
vn 0.1371 -0.0400 -0.9897
vn 0.1644 -0.0916 -0.9821
vn 0.1204 -0.0067 -0.9927
vn -0.9120 -0.2678 0.3106
vn -0.9386 -0.2906 0.1859
vn -0.8572 -0.4527 0.2454
vn -0.8355 -0.4580 0.3035
vn -0.9084 -0.3217 0.2671
vn -0.8492 -0.5056 0.1524
vn -0.5000 0.2430 0.8312
vn -0.4510 0.2350 0.8610
vn -0.4954 0.3053 0.8133
vn -0.9117 0.0438 -0.4086
vn -0.8358 -0.2408 -0.4934
vn -0.4395 0.0703 -0.8955
vn -0.6563 0.1703 0.7350
vn -0.8792 -0.1727 0.4441
vn -0.7103 0.2610 0.6538
vn -0.9897 0.1341 0.0502
vn -0.7666 0.2913 0.5723
vn -0.9098 0.4135 -0.0374
vn -0.6320 0.0899 -0.7697
vn -0.7874 0.2924 -0.5427
vn -0.6450 0.3318 -0.6884
vn -0.7963 0.2247 -0.5616
vn -0.7339 0.3995 -0.5493
vn -0.6310 0.3000 -0.7154
vn -0.7058 -0.4467 -0.5499
vn -0.8318 -0.2746 -0.4824
vn -0.7280 -0.2327 -0.6449
vn -0.7485 -0.0340 -0.6623
vn -0.8529 -0.0719 -0.5171
vn -0.8584 0.0781 -0.5070
vn 0.2788 -0.1171 -0.9532
vn 0.2962 -0.0147 -0.9550
vn 0.2974 -0.0890 -0.9506
vn 0.1677 0.1074 -0.9800
vn 0.3506 0.3192 -0.8805
vn 0.1475 0.0985 -0.9841
vn -0.7372 -0.0658 -0.6725
vn -0.7645 -0.1293 -0.6315
vn -0.7791 -0.0151 -0.6268
vn 0.0502 -0.2247 -0.9731
vn 0.1861 -0.3699 -0.9103
vn 0.1684 -0.3192 -0.9326
vn -0.0289 -0.0754 -0.9967
vn -0.1022 -0.1259 -0.9868
vn 0.0281 -0.1224 -0.9921
vn -0.6749 0.1276 -0.7268
vn -0.6452 0.1555 -0.7481
vn -0.6152 0.0916 -0.7830
vn -0.2469 -0.1068 -0.9631
vn -0.2740 -0.2145 -0.9375
vn -0.3249 -0.2158 -0.9208
vn 0.0791 -0.1503 -0.9855
vn 0.0945 -0.1247 -0.9877
vn 0.0674 -0.0378 -0.9970
vn 0.0585 -0.1413 -0.9882
vn 0.0413 -0.1485 -0.9880
vn 0.1304 -0.0449 -0.9904
vn -0.0214 -0.0346 -0.9992
vn 0.0326 -0.0770 -0.9965
vn -0.0694 -0.0933 -0.9932
vn -0.8250 0.4200 -0.3781
vn -0.7383 0.5318 -0.4148
vn -0.6972 0.5802 -0.4211
vn -0.0907 -0.1036 -0.9905
vn 0.0146 -0.0696 -0.9975
vn -0.0392 -0.0323 -0.9987
vn -0.9973 0.0368 0.0639
vn -0.9986 0.0406 -0.0353
vn -0.9922 -0.0685 -0.1046
vn -0.0398 -0.0506 -0.9979
vn -0.0690 -0.0946 -0.9931
vn -0.0318 -0.0847 -0.9959
vn -0.8089 0.5314 -0.2516
vn -0.7650 0.5064 -0.3979
vn -0.8271 0.4958 -0.2648
vn 0.3279 0.8844 0.3321
vn 0.3853 0.8683 0.3123
vn 0.2892 0.8281 0.4802
vn -0.0781 0.9523 0.2951
vn 0.6048 0.6336 0.4824
vn -0.1376 0.9802 0.1424
vn 0.4557 -0.6586 0.5988
vn 0.4328 -0.5252 0.7327
vn 0.4328 -0.4201 0.7976
vn -0.0886 0.9780 0.1887
vn -0.0776 0.7735 0.6291
vn -0.0567 0.9981 0.0252
vn 0.3388 0.8647 0.3707
vn 0.2909 0.8937 0.3416
vn 0.3817 0.8697 0.3129
vn 0.1836 0.2720 -0.9446
vn 0.2094 0.2714 -0.9394
vn 0.1801 0.2131 -0.9603
vn -0.0105 -0.0145 0.9998
vn 0.0348 -0.0116 0.9993
vn 0.0816 0.0012 0.9967
vn -0.1165 0.3844 0.9158
vn -0.1778 0.3231 0.9295
vn -0.1977 0.6112 0.7664
vn 0.6455 0.0034 -0.7637
vn 0.6204 0.1414 -0.7715
vn 0.5289 0.0310 -0.8481
vn 0.2303 0.8690 0.4380
vn 0.0164 0.9959 0.0891
vn -0.0321 0.9973 0.0661
vn 0.3551 0.6178 -0.7016
vn 0.5786 0.4973 -0.6464
vn 0.5836 0.5321 -0.6134
vn -0.5738 0.5761 0.5821
vn -0.5917 0.2904 0.7520
vn 0.0665 0.9297 0.3622
vn -0.3019 0.7674 0.5656
vn -0.0998 0.9064 0.4105
vn -0.1450 0.9311 0.3346
vn -0.3485 0.8450 0.4057
vn -0.2289 0.9587 0.1691
vn -0.2550 0.9531 0.1633
vn 0.6501 0.0133 -0.7597
vn 0.6002 0.1675 -0.7821
vn 0.4689 0.3104 -0.8269
vn -0.0547 0.9982 -0.0251
vn -0.1180 0.9875 0.1040
vn -0.1226 0.9881 0.0933
vn -0.0582 0.9950 0.0817
vn -0.0968 0.9914 0.0882
vn -0.1404 0.9726 0.1851
vn -0.1154 -0.0025 0.9933
vn -0.0825 0.0681 0.9943
vn -0.0797 0.0177 0.9967
vn 0.4372 -0.3430 -0.8314
vn 0.4469 -0.3840 -0.8080
vn 0.4459 -0.3854 -0.8079
vn -0.2263 0.8736 0.4308
vn -0.1954 0.9561 0.2186
vn -0.1729 0.9451 0.2772
vn -0.2696 0.2190 0.9377
vn -0.1823 0.0376 0.9825
vn -0.1985 0.0882 0.9761
vn -0.0278 -0.0341 0.9990
vn -0.0920 0.0828 0.9923
vn -0.0943 -0.0477 0.9944
vn 0.1041 -0.0400 -0.9938
vn 0.0844 0.0005 -0.9964
vn 0.1782 0.0233 -0.9837
vn -0.7673 -0.2251 -0.6005
vn -0.7832 -0.2401 -0.5736
vn -0.7795 -0.3293 -0.5328
vn 0.3062 0.1346 -0.9424
vn 0.2499 0.0068 -0.9682
vn 0.2117 0.0697 -0.9749
vn 0.2723 0.2164 -0.9375
vn 0.3486 0.1323 -0.9279
vn 0.2251 0.0561 -0.9727
vn 0.7974 0.1852 -0.5744
vn 0.3802 -0.0943 -0.9201
vn 0.5802 0.1860 -0.7930
vn 0.0057 0.4258 -0.9048
vn 0.0299 0.3806 -0.9242
vn -0.0489 0.2970 -0.9536
vn -0.1083 0.1278 -0.9859
vn -0.2143 0.1955 -0.9570
vn -0.1642 0.1234 -0.9787
vn 0.3728 -0.0460 0.9268
vn 0.5691 -0.1403 0.8102
vn 0.3880 -0.0989 0.9164
vn -0.0815 -0.0803 -0.9934
vn -0.1044 -0.0478 -0.9934
vn -0.1020 -0.0260 -0.9944
vn 0.3858 0.8858 0.2580
vn 0.4239 0.9056 0.0127
vn 0.2398 0.9708 0.0112
vn 0.0055 -0.0389 -0.9992
vn -0.0143 -0.0205 -0.9997
vn -0.0104 -0.0486 -0.9988
vn 0.3556 0.9325 -0.0632
vn 0.2652 0.9622 0.0625
vn 0.3745 0.9268 0.0278
vn 0.1062 -0.0005 -0.9943
vn 0.1060 -0.0356 -0.9937
vn 0.1147 -0.0169 -0.9933
vn 0.0021 -0.0306 -0.9995
vn 0.0018 -0.0243 -0.9997
vn 0.0004 -0.0074 -1.0000
vn 0.3200 0.8737 -0.3665
vn 0.4374 0.7572 -0.4851
vn 0.4515 0.8010 -0.3932
vn 0.2363 0.9705 0.0478
vn 0.1394 0.9899 -0.0244
vn 0.4673 0.8663 -0.1764
vn 0.3190 0.8688 0.3786
vn 0.4323 0.8611 0.2675
vn 0.4925 0.8516 0.1793
vn 0.0118 0.9312 0.3643
vn 0.2712 0.9272 0.2586
vn -0.0018 0.9981 0.0618
vn -0.3147 0.8128 -0.4903
vn 0.5108 0.8312 -0.2193
vn 0.2971 0.9528 -0.0624
vn 0.0993 0.0054 -0.9950
vn 0.1032 0.0065 -0.9946
vn 0.0991 0.0009 -0.9951
vn 0.6738 0.7389 -0.0094
vn 0.4459 0.8040 0.3933
vn 0.6531 0.7341 0.1858
vn 0.8988 -0.2014 0.3893
vn 0.8258 -0.0881 0.5570
vn 0.8978 -0.0787 0.4333
vn 0.1052 0.9741 0.2000
vn 0.0987 0.9294 0.3557
vn 0.1934 0.9020 0.3861
vn -0.2024 -0.0170 0.9792
vn -0.3110 -0.2230 0.9239
vn -0.3584 -0.1031 0.9279
vn -0.4990 -0.3193 0.8056
vn -0.3437 -0.3562 0.8689
vn -0.3826 -0.0606 0.9219
vn 0.3981 0.8905 -0.2202
vn 0.3396 0.9145 -0.2199
vn 0.3871 0.8850 -0.2586
vn 0.0960 -0.0137 -0.9953
vn 0.1222 0.0787 -0.9894
vn 0.1146 -0.0124 -0.9933
vn 0.0153 0.9968 0.0779
vn 0.0354 0.9917 0.1237
vn 0.0073 0.9949 0.1001
vn -0.0612 0.0192 0.9979
vn -0.0757 0.0043 0.9971
vn -0.1226 -0.0345 0.9919
vn -0.1173 0.5308 0.8393
vn -0.0277 0.8179 0.5747
vn -0.1836 0.1492 0.9716
vn -0.2812 0.4393 0.8532
vn -0.3500 0.7110 0.6099
vn -0.7626 0.0454 0.6452
vn -0.3633 0.2551 0.8961
vn -0.4391 0.0413 0.8975
vn 0.1202 0.3796 0.9173
vn 0.7493 0.6425 -0.1607
vn -0.0465 0.9663 -0.2532
vn 0.2870 0.6069 -0.7412
vn -0.0525 0.0711 0.9961
vn -0.0738 0.1136 0.9908
vn -0.0293 0.0718 0.9970
vn -0.0949 -0.0007 0.9955
vn -0.0968 0.0096 0.9953
vn -0.0941 -0.0097 0.9955
vn 0.1025 -0.0266 -0.9944
vn 0.0958 -0.0219 -0.9952
vn 0.0995 -0.0246 -0.9947
vn -0.2155 0.2585 0.9417
vn -0.3175 -0.2351 0.9186
vn 0.0259 0.6105 0.7916
vn -0.0009 1.0000 -0.0046
vn 0.0260 0.9996 0.0065
vn -0.0671 0.9977 -0.0134
vn 0.3804 -0.2637 0.8864
vn -0.5590 -0.1094 0.8220
vn -0.3672 -0.0723 0.9273
vn 0.0116 0.2712 0.9625
vn 0.0384 0.3258 0.9447
vn -0.1462 0.4418 0.8851
vn 0.5478 0.7012 0.4563
vn 0.5990 0.6184 0.5086
vn 0.6532 0.3729 0.6590
vn -0.1546 0.9740 0.1657
vn -0.1719 0.9655 0.1955
vn -0.0239 0.9875 0.1560
vn 0.3556 0.2714 -0.8944
vn -0.3725 0.7179 -0.5881
vn 0.2800 0.0865 -0.9561
vn 0.1456 0.9892 0.0174
vn 0.1427 0.9898 0.0034
vn 0.0505 0.9983 -0.0274
vn -0.0696 0.9955 0.0644
vn -0.0741 0.9913 0.1086
vn 0.0188 0.9937 0.1107
vn 0.1156 0.0240 -0.9930
vn 0.0948 0.0417 -0.9946
vn 0.1067 0.0261 -0.9940
vn 0.0967 -0.0094 -0.9953
vn 0.0794 -0.0301 -0.9964
vn 0.0945 -0.0188 -0.9954
vn 0.1039 -0.0037 -0.9946
vn 0.0998 -0.0135 -0.9949
vn 0.1024 -0.0007 -0.9947
vn 0.0880 0.0058 -0.9961
vn 0.0953 0.0093 -0.9954
vn 0.0920 0.0042 -0.9957
vn 0.6573 0.7528 0.0344
vn 0.5833 0.7670 -0.2674
vn 0.5759 0.7792 -0.2474
vn 0.0755 -0.0563 -0.9956
vn 0.0805 -0.0456 -0.9957
vn 0.0756 -0.0521 -0.9958
vn 0.0938 -0.0354 -0.9950
vn 0.0934 -0.0509 -0.9943
vn 0.0768 -0.0247 -0.9967
vn 0.2111 0.6743 -0.7077
vn 0.4171 0.8270 -0.3769
vn 0.2856 0.6803 -0.6750
vn 0.2527 -0.2261 -0.9408
vn 0.1680 -0.2257 -0.9596
vn 0.1803 -0.2389 -0.9542
vn -0.1151 0.9814 0.1535
vn -0.1118 0.9809 0.1592
vn -0.0552 0.9980 0.0302
vn 0.1022 0.0019 -0.9948
vn 0.0959 -0.0054 -0.9954
vn 0.0959 -0.0061 -0.9954
vn 0.1224 0.0321 -0.9920
vn 0.1295 -0.0674 -0.9893
vn 0.0129 0.0980 -0.9951
vn 0.6788 0.2782 0.6796
vn 0.7331 0.1345 0.6667
vn 0.7004 0.1636 0.6947
vn -0.1363 0.2289 0.9639
vn -0.1512 -0.0015 0.9885
vn -0.1300 0.4774 0.8690
vn -0.3068 0.0043 -0.9518
vn -0.3194 0.0093 -0.9476
vn -0.3268 0.0208 -0.9449
vn 0.0358 0.9932 -0.1106
vn 0.0801 0.9954 0.0517
vn -0.0231 0.9996 -0.0191
vn 0.1461 0.9255 -0.3495
vn -0.1329 0.9669 0.2178
vn 0.4625 0.7056 -0.5368
vn 0.6790 -0.2881 -0.6752
vn 0.6671 -0.0160 -0.7448
vn 0.7694 0.1783 -0.6133
vn -0.2822 0.1135 -0.9526
vn -0.2059 0.1562 -0.9660
vn -0.1530 0.1271 -0.9800
vn -0.6482 0.2204 -0.7289
vn -0.7240 0.2351 -0.6485
vn -0.6057 0.2726 -0.7476
vn 0.0523 -0.1346 -0.9895
vn 0.2260 -0.0547 -0.9726
vn 0.0765 -0.1612 -0.9840
vn -0.4700 -0.5769 -0.6680
vn -0.9377 -0.2289 -0.2616
vn -0.9441 -0.0440 -0.3267
vn 0.0476 -0.0421 -0.9980
vn 0.0503 -0.0412 -0.9979
vn 0.0420 -0.0307 -0.9986
vn -0.5436 0.8393 -0.0081
vn -0.3112 0.9438 0.1116
vn -0.3887 0.9143 0.1140
vn -0.9941 0.0451 -0.0984
vn -0.9622 0.1341 -0.2371
vn -0.9943 0.0229 -0.1040
vn -0.2556 0.9459 -0.2001
vn -0.0785 0.9922 -0.0966
vn -0.0559 0.9942 -0.0913
vn -0.0552 0.9984 0.0102
vn -0.0418 0.9985 0.0340
vn -0.0665 0.9976 0.0194
vn -0.1801 0.9696 -0.1657
vn -0.1687 0.9767 -0.1328
vn -0.2005 0.9486 -0.2450
vn -0.5775 0.7500 0.3224
vn -0.5427 0.8390 -0.0403
vn -0.5537 0.6553 -0.5138
vn 0.0202 0.9814 -0.1911
vn -0.0513 0.9828 -0.1776
vn 0.0633 0.9909 -0.1184
vn 0.2131 0.8130 -0.5419
vn 0.0282 0.8625 -0.5052
vn -0.0373 0.9698 -0.2410
vn -0.9087 0.3552 -0.2191
vn -0.9598 -0.0474 -0.2767
vn -0.6206 0.7841 -0.0090
vn 0.1229 -0.0047 -0.9924
vn 0.0663 -0.0113 -0.9977
vn 0.0947 0.0034 -0.9955
vn 0.5759 0.1036 -0.8110
vn 0.0675 0.7460 -0.6626
vn 0.1241 0.7082 -0.6950
vn 0.0995 -0.1267 -0.9869
vn 0.0535 -0.1277 -0.9904
vn 0.0710 -0.1211 -0.9901
vn 0.5768 0.4423 -0.6868
vn 0.5117 0.4530 -0.7300
vn 0.5493 0.4163 -0.7246
vn 0.3078 0.7423 -0.5953
vn -0.0100 0.9998 0.0174
vn 0.4100 0.6451 -0.6447
vn 0.1985 0.9324 -0.3021
vn 0.2480 0.9294 -0.2732
vn -0.2572 0.4916 -0.8320
vn -0.9554 0.0393 -0.2927
vn -0.9550 -0.1405 -0.2612
vn -0.9559 -0.1011 -0.2757
vn 0.0201 0.9774 0.2103
vn 0.2183 0.9724 -0.0823
vn 0.0277 0.6070 -0.7942
vn 0.0937 -0.0125 -0.9955
vn 0.0866 -0.0194 -0.9961
vn 0.0962 -0.0192 -0.9952
vn 0.0416 0.0949 -0.9946
vn 0.0219 0.2765 -0.9608
vn -0.2349 0.7378 -0.6329
vn 0.3257 0.7398 -0.5888
vn 0.3385 0.7949 -0.5036
vn 0.2519 0.4441 -0.8598
vn 0.0995 0.1567 -0.9826
vn 0.0510 0.1037 -0.9933
vn 0.0939 0.1047 -0.9901
vn -0.0649 0.9297 -0.3625
vn -0.0675 0.9247 -0.3747
vn -0.0724 0.9301 -0.3600
vn 0.2432 0.6777 -0.6940
vn 0.3450 0.9138 -0.2146
vn 0.3551 0.9012 -0.2483
vn 0.0740 -0.0378 -0.9965
vn -0.2641 0.3860 -0.8839
vn 0.2335 0.2098 -0.9494
vn -0.9727 -0.2196 -0.0752
vn -0.9981 0.0466 -0.0396
vn -0.9735 0.0270 -0.2271
vn 0.7106 0.5005 -0.4946
vn 0.8375 0.5253 -0.1507
vn 0.8066 0.5103 -0.2981
vn 0.9166 0.3997 -0.0051
vn 0.9255 0.3777 -0.0268
vn 0.8370 0.4793 -0.2639
vn 0.9209 0.3684 0.1272
vn 0.9055 0.3783 -0.1925
vn 0.8353 0.4721 -0.2820
vn 0.9061 -0.2334 -0.3527
vn 0.9374 -0.2575 -0.2346
vn 0.8781 -0.2558 -0.4044
vn 0.7876 -0.6056 -0.1133
vn 0.8627 -0.5049 0.0291
vn 0.8424 -0.5268 -0.1134
vn -0.1001 -0.0344 0.9944
vn -0.0958 -0.0243 0.9951
vn -0.1032 0.0002 0.9947
vn 0.9088 -0.1548 0.3874
vn 0.9517 -0.2167 0.2176
vn 0.9834 -0.1755 0.0468
vn 0.9997 0.0069 -0.0236
vn 0.9963 -0.0056 0.0853
vn 0.9852 -0.0905 -0.1453
vn 0.8191 0.3589 -0.4475
vn 0.8825 -0.1408 -0.4488
vn 0.7695 -0.2549 -0.5856
vn 0.9430 -0.0325 0.3311
vn 0.9424 -0.0249 0.3336
vn 0.9382 -0.1096 0.3282
vn 0.8535 0.3290 -0.4042
vn 0.6395 0.4707 -0.6078
vn 0.6165 0.4082 -0.6733
vn 0.4629 0.1548 -0.8728
vn 0.4115 0.2184 -0.8849
vn 0.4294 0.2189 -0.8762
vn 0.3335 -0.0740 -0.9398
vn 0.3856 -0.1043 -0.9168
vn 0.5239 0.1523 -0.8381
vn 0.8207 -0.0510 0.5691
vn 0.9326 -0.0495 0.3575
vn 0.8771 0.0167 0.4801
vn -0.2574 0.3720 0.8918
vn -0.0539 0.4057 0.9124
vn 0.0284 0.5664 0.8237
vn 0.5088 0.3807 -0.7722
vn 0.6064 0.3128 -0.7310
vn 0.6186 0.4603 -0.6367
vn -0.1425 0.1369 -0.9803
vn -0.2438 0.3621 -0.8997
vn -0.2930 0.0320 -0.9556
vn -0.2130 0.1446 0.9663
vn -0.2271 0.1311 0.9650
vn -0.2324 0.1303 0.9639
vn 0.1677 0.9567 0.2378
vn 0.2201 0.9637 0.1508
vn 0.2560 0.9386 0.2313
vn 0.5229 0.6096 0.5958
vn -0.0022 0.9992 0.0404
vn 0.0013 0.9888 0.1490
vn -0.0585 -0.0117 0.9982
vn -0.0476 -0.0138 0.9988
vn -0.0419 -0.0215 0.9989
vn 0.5099 0.8596 0.0330
vn 0.4459 0.8948 -0.0220
vn 0.4505 0.8920 -0.0373
vn -0.0556 0.4412 0.8957
vn -0.2272 0.4186 0.8793
vn 0.0380 0.6231 0.7812
vn -0.0041 0.9981 0.0608
vn -0.0807 0.9967 0.0063
vn 0.0068 0.9873 0.1589
vn -0.2135 0.1534 0.9648
vn -0.2184 -0.2216 0.9504
vn -0.1609 -0.2598 0.9522
vn 0.3695 0.8033 0.4672
vn 0.3586 0.8178 0.4502
vn 0.2436 0.8111 0.5317
vn -0.4430 0.6263 0.6415
vn 0.0396 0.5881 0.8078
vn 0.0189 0.4774 0.8785
vn -0.0690 0.7505 0.6573
vn 0.3555 0.8284 0.4329
vn 0.1574 0.8411 0.5175
vn -0.0829 -0.0530 0.9952
vn -0.0712 -0.0491 0.9962
vn -0.0420 -0.0607 0.9973
vn 0.0064 -0.0124 0.9999
vn -0.0098 -0.0468 0.9989
vn -0.0148 -0.0142 0.9998
vn -0.1447 0.6813 0.7176
vn 0.0931 0.9709 0.2206
vn 0.0846 0.9955 0.0423
vn 0.0707 0.6853 0.7249
vn 0.1113 0.9489 0.2952
vn 0.0507 0.9987 -0.0096
vn 0.9023 0.2090 -0.3771
vn 0.9110 -0.0895 -0.4026
vn 0.6901 0.1165 -0.7143
vn 0.7806 0.0655 -0.6216
vn 0.8039 0.0369 -0.5937
vn 0.8390 -0.0848 -0.5375
vn 0.3160 0.8196 0.4779
vn 0.3115 0.9250 0.2174
vn 0.3543 0.8593 0.3688
vn -0.0518 0.0996 0.9937
vn -0.0866 0.0187 0.9961
vn -0.1005 0.0389 0.9942
vn -0.0812 0.9857 0.1479
vn 0.0060 0.9983 0.0588
vn 0.0354 0.9990 0.0260
vn -0.1360 0.0053 0.9907
vn -0.1388 0.0132 0.9902
vn -0.1322 0.0108 0.9912
vn -0.1201 0.3048 0.9448
vn -0.1459 0.2787 0.9492
vn -0.1838 0.2788 0.9426
vn 0.6433 0.2307 -0.7300
vn 0.6754 0.3527 -0.6477
vn 0.7578 0.1910 -0.6239
vn -0.2729 -0.1397 0.9518
vn -0.3109 0.0936 0.9458
vn -0.2355 0.0274 0.9715
vn -0.0833 -0.0073 0.9965
vn -0.0891 0.0056 0.9960
vn -0.1166 -0.0277 0.9928
vn 0.0490 0.9955 0.0809
vn 0.0954 0.9667 0.2375
vn 0.0438 0.9951 0.0886
vn 0.1682 0.9857 0.0087
vn 0.1793 0.9838 -0.0038
vn 0.1810 0.9834 0.0109
vn -0.5079 0.3856 -0.7703
vn -0.0655 0.0103 -0.9978
vn -0.0514 0.0161 -0.9985
vn -0.0633 0.9880 -0.1410
vn -0.0274 0.9906 -0.1341
vn -0.0563 0.9878 -0.1455
vn 0.5679 0.3424 -0.7486
vn 0.5730 0.3765 -0.7279
vn 0.4959 0.3087 -0.8116
vn 0.8272 -0.0794 -0.5562
vn 0.7997 -0.0512 -0.5983
vn 0.8431 -0.1177 -0.5248
vn 0.9371 -0.1751 0.3019
vn 0.9749 -0.0525 0.2163
vn 0.9211 -0.1282 0.3675
vn 0.9548 -0.0818 0.2859
vn 0.9999 -0.0123 -0.0084
vn 0.9976 -0.0020 0.0690
vn 0.9949 0.0975 0.0243
vn 0.9936 0.0126 0.1122
vn 0.9940 -0.0262 0.1062
vn 0.9470 0.2204 0.2338
vn 0.9580 0.2701 0.0962
vn 0.9609 0.1647 0.2225
vn 0.0482 0.9767 -0.2090
vn 0.0706 0.9295 -0.3620
vn 0.0692 0.9681 -0.2410
vn 0.6501 -0.2108 -0.7300
vn 0.7057 -0.1347 -0.6956
vn 0.6352 -0.2212 -0.7400
vn 0.9852 0.1299 -0.1123
vn 0.9653 0.2572 -0.0439
vn 0.9620 0.2324 -0.1432
vn 0.9929 0.1119 0.0399
vn 0.9910 0.1240 0.0512
vn 0.9964 0.0735 0.0414
vn 0.8022 -0.0228 0.5966
vn 0.7162 -0.2848 0.6372
vn 0.7499 -0.1748 0.6381
vn -0.5660 -0.1453 -0.8115
vn -0.5782 -0.1893 -0.7936
vn -0.5665 -0.1345 -0.8130
vn -0.1314 0.9762 -0.1728
vn 0.0633 0.9912 -0.1165
vn -0.0288 0.9924 -0.1196
vn -0.0742 0.9887 -0.1302
vn 0.0344 0.9989 -0.0320
vn -0.2221 0.9664 -0.1293
vn -0.0769 0.9648 -0.2516
vn 0.3409 0.9081 -0.2432
vn 0.3134 0.8437 -0.4359
vn 0.9650 -0.1637 0.2048
vn 0.9983 -0.0259 0.0517
vn 0.9835 -0.1311 0.1248
vn 0.5990 0.3035 -0.7410
vn 0.5240 0.2013 -0.8276
vn 0.6054 0.2519 -0.7550
vn 0.0252 0.9990 -0.0362
vn 0.1116 0.9910 0.0743
vn 0.0139 0.9999 0.0047
vn 0.4874 0.8428 -0.2281
vn 0.6839 0.7254 -0.0784
vn 0.5508 0.7905 -0.2678
vn 0.6560 0.7288 -0.1964
vn 0.5863 0.7922 -0.1695
vn 0.6364 0.7590 -0.1375
vn 0.8921 0.1485 -0.4268
vn 0.8496 0.3275 -0.4134
vn 0.7703 0.3748 -0.5160
vn 0.8947 0.4298 0.1220
vn 0.9752 0.2011 0.0930
vn 0.9292 0.2941 0.2237
vn -0.2607 0.0990 -0.9603
vn -0.2414 0.1305 -0.9616
vn -0.2494 0.1498 -0.9567
vn -0.0784 0.0954 -0.9923
vn 0.3029 -0.0084 -0.9530
vn -0.0565 -0.4042 -0.9129
vn 0.7625 0.3663 -0.5333
vn 0.8019 0.3343 -0.4951
vn 0.7800 0.3937 -0.4863
vn 0.3661 0.0585 -0.9287
vn 0.0906 0.1179 -0.9889
vn 0.2778 0.0076 -0.9606
vn -0.2314 0.9691 -0.0852
vn -0.0687 0.9887 0.1335
vn 0.0837 0.9923 0.0912
vn -0.6964 0.0721 -0.7140
vn -0.5433 0.1443 -0.8271
vn -0.6107 0.1636 -0.7748
vn 0.1112 0.1283 -0.9855
vn 0.4717 0.2802 -0.8361
vn 0.1950 0.1818 -0.9638
vn -0.0896 0.9851 -0.1471
vn -0.1077 0.9939 0.0239
vn -0.0308 0.9975 0.0637
vn -0.4522 0.0230 -0.8916
vn -0.2463 -0.0654 -0.9670
vn -0.7100 -0.0677 -0.7009
vn 0.9946 0.0744 -0.0719
vn 0.9888 0.0411 -0.1435
vn 0.8864 0.1493 -0.4381
vn 0.9628 0.2673 0.0408
vn 0.9456 0.3081 -0.1047
vn 0.7913 0.6061 0.0810
vn 0.9707 0.2044 -0.1267
vn 0.9959 0.0895 -0.0151
vn 0.9972 0.0028 -0.0750
vn 0.9732 0.1312 -0.1888
vn 0.9920 0.0132 -0.1252
vn 0.9754 0.0880 -0.2022
vn -0.1718 0.9842 -0.0439
vn -0.1155 0.9888 -0.0945
vn -0.0522 0.9803 -0.1903
vn -0.2291 -0.0872 -0.9695
vn -0.1983 -0.0794 -0.9769
vn -0.2180 -0.2684 -0.9383
vn -0.3230 -0.1895 -0.9272
vn -0.5255 -0.3783 -0.7621
vn -0.4194 -0.2184 -0.8811
vn 0.0137 0.9960 -0.0883
vn -0.0197 0.9974 -0.0690
vn -0.0049 0.9967 -0.0814
vn -0.4567 0.8290 -0.3228
vn -0.2073 0.8244 -0.5267
vn 0.2729 0.9620 -0.0048
vn -0.2929 0.0354 -0.9555
vn -0.2798 0.0153 -0.9599
vn -0.2512 0.0565 -0.9663
vn 0.3849 0.8360 -0.3910
vn 0.2051 0.4804 -0.8527
vn -0.0583 0.5868 -0.8076
vn 0.0313 0.9948 -0.0972
vn 0.0260 0.9870 -0.1584
vn 0.0464 0.9920 -0.1177
vn 0.1101 0.8813 -0.4595
vn 0.0259 0.9087 -0.4167
vn 0.2552 0.9621 -0.0958
vn -0.2525 0.3955 -0.8831
vn -0.2707 0.3828 -0.8833
vn -0.1146 0.6992 -0.7057
vn 0.8265 0.5629 -0.0042
vn 0.9075 0.3210 0.2708
vn 0.8936 0.4479 0.0279
vn -0.0041 0.6436 -0.7654
vn 0.0542 0.7820 -0.6209
vn 0.2483 0.7768 -0.5788
vn -0.2133 -0.1221 -0.9693
vn -0.2326 -0.1272 -0.9642
vn -0.2018 -0.1493 -0.9680
vn 0.9622 -0.2241 0.1546
vn 0.9654 -0.2358 0.1110
vn 0.8470 -0.2991 0.4394
vn -0.2720 0.9074 -0.3205
vn -0.0262 0.9694 -0.2442
vn 0.0274 0.9833 -0.1799
vn 0.6940 0.7130 0.0998
vn 0.7368 0.6757 0.0227
vn 0.7987 0.4754 0.3688
vn 0.9258 0.2547 0.2793
vn 0.9172 0.2478 0.3119
vn 0.8943 0.3327 0.2994
vn 0.0670 0.9977 0.0043
vn 0.1203 0.9918 -0.0438
vn 0.0229 0.9987 -0.0457
vn 0.1008 0.9922 -0.0732
vn 0.1154 0.9919 -0.0524
vn 0.1023 0.9927 -0.0634
vn 0.1378 0.9899 -0.0331
vn 0.0051 0.9329 -0.3601
vn 0.1515 0.6609 -0.7350
vn 0.8469 0.2199 0.4841
vn 0.7763 0.1768 0.6051
vn 0.7822 0.2472 0.5719
vn 0.8460 0.2864 0.4498
vn 0.8209 0.2976 0.4873
vn 0.9279 0.2036 0.3123
vn 0.1497 0.3902 -0.9085
vn 0.2754 0.7633 -0.5844
vn 0.2008 -0.0334 -0.9791
vn 0.5832 0.5917 0.5566
vn 0.4483 0.3332 0.8295
vn 0.6940 0.4313 0.5765
vn -0.0729 -0.0685 -0.9950
vn -0.0781 -0.0516 -0.9956
vn -0.1018 -0.0767 -0.9918
vn 0.6770 -0.2417 0.6952
vn 0.6111 -0.2381 0.7549
vn 0.4057 -0.1775 0.8966
vn 0.0782 0.2986 0.9512
vn 0.1992 0.3465 0.9167
vn 0.2583 0.0826 0.9625
vn 0.0082 0.9970 -0.0776
vn 0.0068 0.8599 -0.5103
vn -0.0105 0.9872 -0.1590
vn 0.0075 0.9916 -0.1292
vn 0.0177 0.9917 -0.1272
vn 0.0054 0.9924 -0.1233
vn 0.7794 -0.4538 0.4319
vn 0.7263 -0.3285 0.6038
vn 0.7105 -0.3197 0.6269
vn 0.7318 0.5804 0.3571
vn 0.6045 0.6983 0.3835
vn 0.8621 0.3866 0.3277
vn -0.0678 0.9639 0.2575
vn 0.2569 0.9620 0.0929
vn 0.0563 0.9937 0.0973
vn 0.9353 -0.1209 0.3326
vn 0.8822 -0.0768 0.4646
vn 0.8429 -0.1045 0.5278
vn 0.9822 -0.1017 0.1581
vn 0.9973 -0.0315 0.0657
vn 0.9648 -0.1232 0.2322
vn 0.9777 0.2041 -0.0489
vn 0.9950 -0.0980 -0.0172
vn 0.9807 0.1954 -0.0091
vn 0.6399 0.6532 0.4049
vn 0.5964 0.4992 0.6286
vn 0.6738 0.5889 0.4463
vn 0.8209 -0.0854 0.5647
vn 0.8567 -0.1148 0.5029
vn 0.8879 -0.0577 0.4563
vn 0.9159 0.2791 0.2886
vn 0.8831 0.3304 0.3332
vn 0.9099 0.2560 0.3264
vn 0.9250 -0.3317 -0.1856
vn 0.8694 -0.4937 0.0211
vn 0.9166 -0.3955 -0.0582
vn -0.0343 -0.0526 -0.9980
vn -0.0509 -0.0657 -0.9965
vn -0.0309 -0.0675 -0.9972
vn 0.1122 -0.1133 -0.9872
vn 0.0955 -0.1183 -0.9884
vn 0.1295 -0.1178 -0.9846
vn 0.9991 0.0383 0.0161
vn 0.9505 0.2540 0.1792
vn 0.9058 0.2940 0.3051
vn 0.4215 0.3226 0.8475
vn 0.0973 0.2972 0.9498
vn 0.3603 0.2299 0.9040
vn -0.1026 0.9838 -0.1468
vn 0.1227 0.9924 -0.0095
vn -0.1465 0.9849 -0.0925
vn 0.1674 0.0056 -0.9859
vn 0.1566 0.0138 -0.9876
vn 0.1729 0.0214 -0.9847
vn -0.0869 0.9790 -0.1844
vn 0.0092 0.9827 -0.1851
vn 0.0169 0.9852 -0.1705
vn -0.4704 -0.1407 -0.8711
vn -0.3579 -0.1366 -0.9237
vn -0.1151 0.0348 -0.9927
vn -0.0354 0.9985 -0.0420
vn -0.0425 0.9917 0.1216
vn -0.1906 0.9794 -0.0662
vn -0.3064 0.7200 -0.6227
vn -0.3097 0.7339 -0.6046
vn -0.2799 0.7588 -0.5881
vn -0.3227 0.7082 -0.6280
vn -0.3316 0.6874 -0.6462
vn -0.3284 0.7228 -0.6081
vn -0.6523 -0.3342 -0.6803
vn -0.6836 -0.3133 -0.6592
vn -0.6510 -0.3083 -0.6936
vn 0.9817 -0.0715 -0.1768
vn 0.9850 -0.0918 -0.1459
vn 0.9957 0.0143 -0.0915
vn 0.6249 0.2901 0.7248
vn 0.6100 0.1284 0.7819
vn 0.5296 0.2647 0.8059
vn 0.9473 0.0014 -0.3204
vn 0.9733 -0.0340 -0.2271
vn 0.9845 -0.0857 -0.1533
vn -0.4687 0.0749 -0.8802
vn -0.6322 0.1676 -0.7564
vn -0.6216 0.0807 -0.7792
vn 0.6451 -0.1383 -0.7515
vn 0.7396 -0.1155 -0.6631
vn 0.7932 -0.1036 -0.6000
vn 0.9947 -0.0183 -0.1013
vn 0.9940 -0.0325 -0.1047
vn 0.9887 -0.1129 -0.0989
vn -0.0562 0.6349 -0.7706
vn -0.0765 0.5841 -0.8081
vn 0.0217 0.6470 -0.7622
vn 0.0107 0.8976 0.4407
vn -0.0657 0.9045 0.4214
vn -0.2395 0.9372 0.2535
vn -0.0933 0.9619 -0.2570
vn 0.0901 0.9939 -0.0635
vn -0.1254 0.9485 -0.2909
vn -0.4236 0.5772 -0.6981
vn -0.3715 0.5563 -0.7434
vn -0.3750 0.6018 -0.7051
vn 0.9618 0.2268 -0.1533
vn 0.9867 0.1298 -0.0975
vn 0.9769 0.1024 -0.1877
vn 0.9668 -0.0738 0.2447
vn 0.9966 -0.0760 0.0312
vn 0.9906 -0.0435 0.1298
vn 0.0118 0.9995 -0.0299
vn 0.0097 0.9966 -0.0816
vn -0.0061 0.9982 -0.0594
vn 0.1199 -0.0059 -0.9928
vn 0.1240 -0.0027 -0.9923
vn 0.1175 -0.0265 -0.9927
vn 0.9601 -0.2796 -0.0008
vn 0.9275 -0.3675 0.0683
vn 0.8838 -0.4664 -0.0383
vn -0.2115 0.0548 -0.9758
vn -0.0747 -0.5091 -0.8575
vn 0.1674 0.0612 -0.9840
vn -0.0042 0.9998 -0.0208
vn 0.0906 0.9185 -0.3849
vn 0.0764 0.9722 -0.2214
vn 0.3519 -0.8812 -0.3156
vn 0.2009 -0.4838 -0.8518
vn 0.0130 -0.4648 -0.8853
vn -0.2335 0.9714 -0.0426
vn 0.1185 0.9703 -0.2111
vn -0.3267 0.9309 -0.1637
vn 0.7722 0.3792 -0.5099
vn 0.8379 0.3319 -0.4333
vn 0.7903 0.3827 -0.4785
vn -0.0847 -0.0691 -0.9940
vn -0.0757 -0.0633 -0.9951
vn -0.1055 -0.0533 -0.9930
vn -0.7000 -0.3110 -0.6428
vn -0.7398 -0.2582 -0.6213
vn -0.5162 -0.0184 -0.8563
vn -0.2717 0.0019 -0.9624
vn -0.1332 -0.0013 -0.9911
vn -0.1851 0.0275 -0.9823
vn -0.1483 -0.0339 -0.9884
vn -0.1507 -0.0667 -0.9863
vn -0.1697 -0.0626 -0.9835
vn -0.1575 0.2367 -0.9587
vn -0.1447 0.2160 -0.9656
vn -0.1148 0.1653 -0.9795
vn 0.5669 -0.0735 -0.8205
vn 0.8179 -0.1654 -0.5510
vn 0.6463 -0.1462 -0.7490
vn -0.9235 -0.1425 -0.3561
vn -0.8414 0.2258 -0.4910
vn -0.7322 0.0175 -0.6809
vn -0.2083 -0.2555 -0.9441
vn -0.1716 -0.2487 -0.9532
vn -0.2037 -0.2535 -0.9456
vn -0.1405 -0.1026 -0.9847
vn -0.1454 -0.1161 -0.9825
vn -0.1578 -0.1075 -0.9816
vn 0.1682 -0.0156 -0.9856
vn -0.2253 -0.2037 -0.9528
vn -0.1454 0.1791 -0.9730
vn -0.0574 -0.0519 -0.9970
vn -0.0639 -0.0618 -0.9960
vn -0.0837 -0.0141 -0.9964
vn -0.1373 -0.0706 -0.9880
vn -0.1280 -0.0870 -0.9879
vn -0.1712 -0.0393 -0.9844
vn -0.8023 -0.0132 -0.5968
vn -0.8226 -0.0658 -0.5648
vn -0.8066 -0.0356 -0.5900
vn 0.3329 -0.1194 -0.9354
vn 0.5807 -0.0591 -0.8119
vn 0.6393 -0.0750 -0.7653
vn -0.6823 -0.1165 -0.7217
vn -0.4431 -0.1064 -0.8901
vn -0.5013 -0.1376 -0.8542
vn -0.1285 -0.0600 -0.9899
vn -0.1371 -0.0590 -0.9888
vn -0.1441 -0.0851 -0.9859
vn -0.1901 -0.1118 -0.9754
vn -0.1668 -0.0396 -0.9852
vn -0.1185 -0.0242 -0.9927
vn 0.7575 -0.0577 -0.6503
vn 0.5742 -0.1375 -0.8071
vn 0.7389 -0.0118 -0.6737
vn 0.0351 -0.0273 -0.9990
vn 0.0071 -0.0181 -0.9998
vn 0.0077 -0.0649 -0.9979
vn 0.2199 -0.0485 -0.9743
vn 0.1469 -0.0817 -0.9858
vn 0.4049 -0.0350 -0.9137
vn -0.1739 0.0100 -0.9847
vn -0.1317 -0.0147 -0.9912
vn -0.1177 -0.0085 -0.9930
vn -0.0085 -0.0022 -1.0000
vn 0.0121 0.0062 -0.9999
vn -0.0105 -0.0181 -0.9998
vn -0.1416 0.0099 -0.9899
vn -0.1314 -0.0116 -0.9913
vn -0.1364 0.0208 -0.9904
vn -0.1174 -0.0860 -0.9893
vn -0.1094 -0.0913 -0.9898
vn -0.1086 -0.0752 -0.9912
vn -0.0861 -0.0909 -0.9921
vn -0.1348 -0.1357 -0.9815
vn -0.1227 -0.0985 -0.9875
vn -0.6503 0.1207 -0.7501
vn -0.7668 -0.1399 -0.6265
vn -0.7821 -0.1482 -0.6053
vn -0.1347 -0.0099 -0.9908
vn -0.1212 -0.0032 -0.9926
vn -0.1404 -0.0100 -0.9900
vn -0.6884 0.2217 -0.6906
vn -0.6152 0.2785 -0.7375
vn -0.7231 0.1914 -0.6637
vn -0.0986 -0.0711 -0.9926
vn -0.1026 -0.0621 -0.9928
vn -0.1323 -0.0748 -0.9884
vn -0.9920 0.1103 0.0611
vn -0.8722 0.4779 -0.1042
vn -0.9933 0.1150 0.0066
vn -0.6695 0.1011 -0.7359
vn -0.6395 0.1711 -0.7495
vn -0.6637 -0.1209 -0.7382
vn -0.1379 -0.1844 -0.9731
vn -0.0901 -0.1639 -0.9824
vn -0.1083 -0.1646 -0.9804
vn 0.0834 0.1354 -0.9873
vn 0.1238 0.2056 -0.9708
vn 0.1304 0.2078 -0.9694
vn 0.5453 -0.0859 -0.8339
vn 0.5785 -0.0935 -0.8103
vn 0.6643 -0.0973 -0.7411
vn -0.0683 0.0881 -0.9938
vn -0.1218 0.0494 -0.9913
vn -0.0662 0.0721 -0.9952
vn 0.0040 0.1507 -0.9886
vn 0.0022 0.1374 -0.9905
vn 0.0478 0.1435 -0.9885
vn -0.1099 -0.0192 -0.9938
vn -0.1280 -0.0278 -0.9914
vn -0.1146 -0.0114 -0.9933
vn -0.1814 -0.0190 -0.9832
vn -0.1796 -0.0276 -0.9834
vn -0.1742 -0.0165 -0.9846
vn -0.1264 -0.0883 -0.9880
vn -0.0810 -0.0134 -0.9966
vn -0.1430 -0.0739 -0.9870
vn -0.5546 -0.0845 -0.8278
vn -0.3896 -0.1325 -0.9114
vn -0.4382 -0.1653 -0.8835
vn -0.7508 -0.2516 -0.6107
vn -0.8576 -0.1124 -0.5018
vn -0.8087 -0.1591 -0.5663
vn -0.1405 -0.1139 -0.9835
vn -0.1428 -0.1042 -0.9843
vn -0.1607 -0.1102 -0.9808
vn -0.0721 -0.1893 -0.9793
vn -0.0721 -0.0935 -0.9930
vn 0.0496 -0.0486 -0.9976
vn -0.1219 -0.0029 -0.9925
vn -0.1705 -0.0555 -0.9838
vn -0.2517 -0.0336 -0.9672
vn -0.1754 -0.0031 -0.9845
vn 0.0395 -0.0542 -0.9978
vn -0.0067 -0.0405 -0.9992
vn -0.1625 -0.0697 -0.9843
vn -0.1612 -0.0441 -0.9859
vn -0.1574 -0.0456 -0.9865
vn -0.2560 -0.1719 -0.9513
vn -0.3002 -0.1745 -0.9378
vn -0.3370 -0.0845 -0.9377
vn 0.4947 -0.3468 -0.7969
vn 0.7268 -0.3492 -0.5914
vn 0.5054 -0.3958 -0.7668
vn -0.2268 -0.2324 -0.9458
vn -0.2642 -0.2225 -0.9384
vn -0.2760 -0.2238 -0.9348
vn 0.3666 0.0779 -0.9271
vn 0.2961 0.0654 -0.9529
vn 0.1449 0.0078 -0.9894
vn -0.1459 -0.0486 -0.9881
vn -0.2144 -0.0232 -0.9765
vn -0.1097 -0.0024 -0.9940
vn -0.1657 -0.1294 -0.9776
vn -0.1514 -0.1410 -0.9784
vn -0.1879 -0.0976 -0.9773
vn 0.8275 0.2213 -0.5160
vn 0.3502 -0.0828 -0.9330
vn 0.7099 0.1923 -0.6775
vn -0.3191 -0.0590 -0.9459
vn -0.2788 -0.0455 -0.9593
vn -0.2676 -0.0509 -0.9622
vn 0.0752 -0.0667 -0.9949
vn 0.0585 -0.0363 -0.9976
vn 0.0975 -0.1115 -0.9890
vn 0.9285 0.2361 -0.2867
vn 0.8784 0.1517 -0.4532
vn 0.9303 0.3229 -0.1739
vn 0.3849 -0.1550 -0.9099
vn 0.3101 -0.0807 -0.9473
vn 0.3285 -0.1178 -0.9371
vn 0.3710 -0.1727 -0.9124
vn 0.3969 -0.2052 -0.8946
vn 0.4138 -0.1341 -0.9004
vn -0.0727 0.0988 -0.9924
vn -0.0356 0.1695 -0.9849
vn -0.1501 0.0618 -0.9867
vn 0.0028 -0.3161 -0.9487
vn -0.0427 -0.3717 -0.9274
vn 0.0012 -0.3350 -0.9422
vn 0.3572 -0.1745 -0.9176
vn 0.4099 -0.1408 -0.9012
vn 0.3878 -0.1363 -0.9116
vn 0.5687 -0.7401 -0.3589
vn 0.6580 -0.6576 -0.3669
vn 0.6663 -0.6773 -0.3119
vn -0.0303 0.9950 -0.0952
vn -0.5161 0.8560 0.0303
vn -0.1688 0.9819 0.0858
vn 0.2548 0.3329 -0.9079
vn 0.2531 0.3544 -0.9002
vn 0.3283 0.3956 -0.8577
vn -0.1318 0.9865 -0.0969
vn -0.1218 0.9839 -0.1305
vn -0.1074 0.9861 -0.1268
vn -0.0644 -0.0634 -0.9959
vn -0.0945 -0.0630 -0.9935
vn -0.1151 -0.0855 -0.9897
vn -0.1749 0.9778 0.1152
vn -0.5307 0.8473 -0.0207
vn 0.0460 0.9113 -0.4092
vn -0.0089 0.9995 -0.0307
vn 0.0019 0.9992 -0.0399
vn -0.0085 0.9989 -0.0451
vn -0.4985 0.5155 -0.6970
vn -0.3887 0.5888 -0.7087
vn -0.3829 0.5676 -0.7288
vn -0.1148 0.9475 -0.2983
vn -0.2139 0.9240 -0.3171
vn 0.1079 0.9396 -0.3248
vn -0.1088 0.9631 -0.2461
vn -0.4152 0.9096 -0.0130
vn -0.3344 0.8814 -0.3337
vn 0.5434 -0.1354 -0.8285
vn 0.4506 -0.1154 -0.8852
vn 0.6754 -0.1000 -0.7306
vn 0.8155 -0.5787 0.0020
vn 0.7974 -0.5709 -0.1954
vn 0.8609 -0.1946 -0.4701
vn 0.9959 0.0666 -0.0607
vn 0.9705 0.0803 -0.2275
vn 0.8917 -0.4425 -0.0953
vn 0.1377 -0.0434 -0.9895
vn 0.1277 -0.0362 -0.9912
vn 0.1323 -0.0115 -0.9911
vn 0.9863 -0.0129 -0.1644
vn 0.9688 -0.1660 -0.1840
vn 0.9308 -0.1172 -0.3463
vn 0.9038 0.3970 -0.1597
vn 0.9206 0.2349 -0.3119
vn 0.8151 0.5004 -0.2919
vn 0.9312 0.2496 -0.2658
vn 0.8486 0.3682 -0.3799
vn 0.8607 0.2024 -0.4672
vn 0.9626 0.2108 0.1700
vn 0.9959 -0.0062 0.0906
vn 0.9997 -0.0008 -0.0243
vn 0.9871 0.0635 0.1472
vn 0.9966 -0.0194 0.0799
vn 0.9380 0.3467 0.0032
vn 0.9601 0.2741 0.0551
vn 0.9990 -0.0279 0.0343
vn 0.9783 0.2068 -0.0131
vn 0.0124 0.6945 -0.7194
vn -0.2931 0.4541 -0.8413
vn -0.3069 0.6957 -0.6494
vn -0.0966 0.9774 -0.1881
vn -0.1117 0.9846 -0.1343
vn 0.1584 0.9828 -0.0946
vn -0.3672 0.7760 -0.5129
vn -0.3282 0.6942 -0.6407
vn -0.2423 0.8859 -0.3956
vn -0.2042 0.9774 -0.0542
vn -0.1074 0.9920 -0.0665
vn -0.1658 0.9825 -0.0846
vn -0.0633 -0.1558 -0.9858
vn -0.0957 -0.1501 -0.9840
vn -0.1181 -0.1462 -0.9822
vn -0.0607 0.9574 -0.2822
vn 0.0035 0.9509 -0.3094
vn 0.0056 0.9658 -0.2593
vn 0.0170 -0.1847 -0.9827
vn 0.0416 -0.1500 -0.9878
vn -0.0054 -0.1531 -0.9882
vn -0.1108 0.0038 -0.9938
vn 0.0154 0.0378 -0.9992
vn -0.0625 -0.0196 -0.9979
vn 0.0159 0.9939 -0.1090
vn -0.0083 0.9959 -0.0896
vn -0.0012 0.9937 -0.1117
vn 0.2691 0.8990 -0.3456
vn 0.3556 0.8828 -0.3070
vn 0.3423 0.8951 -0.2856
vn -0.4996 0.2742 -0.8217
vn -0.5705 0.2908 -0.7681
vn -0.2935 -0.0596 -0.9541
vn -0.6732 0.0335 -0.7387
vn -0.6794 0.0928 -0.7279
vn -0.6957 0.0733 -0.7146
vn -0.2263 0.5225 -0.8221
vn 0.0399 0.2069 -0.9775
vn 0.0755 0.2807 -0.9568
vn 0.4692 0.8689 0.1579
vn 0.4643 0.8677 0.1778
vn 0.4457 0.8776 0.1767
vn -0.0813 0.9964 -0.0244
vn -0.0871 0.9936 -0.0714
vn -0.0658 0.9947 -0.0792
vn 0.2729 0.9213 -0.2769
vn 0.3242 0.8117 -0.4859
vn 0.2902 0.7681 -0.5708
vn 0.5283 0.5993 -0.6014
vn 0.5309 0.5933 -0.6051
vn 0.3787 0.3354 -0.8626
vn -0.0523 0.0089 -0.9986
vn -0.0817 -0.0008 -0.9967
vn -0.0757 0.0090 -0.9971
vn -0.0977 -0.0166 -0.9951
vn -0.0727 -0.0403 -0.9965
vn -0.0590 -0.0264 -0.9979
vn -0.0723 0.1116 -0.9911
vn -0.0709 0.0902 -0.9934
vn -0.0812 0.0713 -0.9941
vn 0.2769 0.8300 -0.4842
vn 0.2736 0.8194 -0.5037
vn 0.2591 0.8095 -0.5269
vn -0.8223 0.5150 -0.2419
vn -0.8264 0.5034 -0.2522
vn -0.8080 0.5814 -0.0958
vn -0.8390 -0.5439 0.0130
vn -0.8755 -0.4491 -0.1782
vn -0.8891 -0.4389 -0.1303
vn -0.9889 -0.0880 -0.1194
vn -0.9887 0.0001 -0.1501
vn -0.9687 -0.1120 -0.2216
vn -0.9315 -0.0620 -0.3585
vn -0.9090 -0.1484 -0.3895
vn -0.9445 -0.1221 -0.3049
vn -0.5392 0.2033 0.8173
vn -0.5215 0.2250 0.8231
vn -0.5637 0.2851 0.7752
vn -0.2851 0.0909 0.9542
vn -0.2475 0.0967 0.9640
vn -0.2588 0.0617 0.9640
vn -0.4924 0.1121 0.8631
vn -0.5009 0.0982 0.8599
vn -0.4901 0.1364 0.8609
vn -0.5872 0.1467 0.7961
vn -0.5287 0.2869 0.7988
vn -0.5791 0.1861 0.7937
vn -0.9933 0.0400 -0.1088
vn -0.9854 -0.0384 -0.1661
vn -0.7793 0.5922 -0.2049
vn -0.3618 0.1133 0.9253
vn -0.3615 0.1312 0.9231
vn -0.3924 0.1329 0.9101
vn 0.9843 0.0019 -0.1766
vn 0.9918 -0.0943 0.0865
vn 0.9118 0.0013 -0.4107
vn 0.9906 0.1336 -0.0288
vn 0.9909 0.1344 -0.0101
vn 0.9910 0.1327 -0.0150
vn 0.9891 0.0811 -0.1231
vn 0.9910 0.0705 -0.1138
vn 0.9862 0.1159 -0.1182
vn 0.9515 0.0880 -0.2949
vn 0.9483 0.0389 -0.3149
vn 0.9502 0.0515 -0.3073
vn 0.9800 0.1351 -0.1462
vn 0.9751 0.1245 -0.1838
vn 0.9736 0.1269 -0.1895
vn 0.9907 0.0667 -0.1183
vn 0.9902 0.0529 -0.1296
vn 0.9940 0.0472 -0.0992
vn 0.0688 0.6192 -0.7822
vn 0.1157 0.7964 -0.5936
vn -0.1872 0.6420 -0.7435
vn 0.8391 -0.1130 -0.5322
vn 0.9814 0.0241 -0.1905
vn 0.9093 -0.0143 -0.4158
vn 0.9060 -0.1070 0.4096
vn 0.9210 -0.0248 0.3888
vn 0.9069 -0.0667 0.4161
vn 0.9386 0.3450 0.0038
vn 0.9516 0.3060 -0.0289
vn 0.9217 0.3873 0.0219
vn 0.8826 -0.0419 -0.4683
vn 0.7767 -0.2383 -0.5830
vn 0.7269 -0.2721 -0.6305
vn 0.9732 0.1529 -0.1720
vn 0.9791 0.1258 -0.1599
vn 0.9815 0.1188 -0.1501
vn 0.8932 -0.1971 -0.4041
vn 0.9490 -0.1330 -0.2860
vn 0.9578 -0.1448 -0.2483
vn -0.0506 -0.1458 -0.9880
vn 0.1564 -0.1404 -0.9777
vn 0.3161 -0.1630 -0.9346
vn 0.6305 -0.0165 -0.7760
vn 0.6970 -0.0774 -0.7129
vn 0.5762 0.0615 -0.8150
vn 0.9933 0.0783 -0.0854
vn 0.9876 0.1102 -0.1121
vn 0.9857 -0.0771 0.1497
vn 0.9356 0.0547 -0.3488
vn 0.9619 0.1449 -0.2317
vn 0.9269 0.0596 -0.3706
vn 0.9651 0.0732 -0.2515
vn 0.9735 0.0934 -0.2088
vn 0.9686 0.0829 -0.2344
vn 0.8688 0.0149 0.4949
vn 0.8293 0.0223 0.5584
vn 0.8355 0.0458 0.5477
vn 0.9765 0.1326 -0.1701
vn 0.9023 -0.0376 -0.4295
vn 0.9940 -0.1086 0.0132
vn 0.5988 0.1131 -0.7929
vn 0.3548 0.1505 -0.9227
vn 0.4907 -0.0130 -0.8712
vn 0.9900 0.1143 -0.0829
vn 0.9848 0.1384 -0.1054
vn 0.9756 0.1706 -0.1379
vn 0.9675 -0.2401 0.0791
vn 0.9500 -0.1919 -0.2464
vn 0.9500 -0.1613 -0.2673
vn 0.5495 -0.3805 0.7438
vn 0.2914 -0.6765 0.6763
vn 0.3376 -0.4833 0.8077
vn 0.9875 -0.0529 -0.1484
vn 0.9064 -0.0868 -0.4133
vn 0.9939 -0.0346 -0.1051
vn 0.9918 0.0826 -0.0980
vn 0.9853 0.1212 -0.1205
vn 0.9964 0.0658 -0.0541
vn 0.9702 0.1364 -0.2001
vn 0.9722 0.1591 -0.1718
vn 0.9722 0.1085 -0.2073
vn 0.8642 -0.1153 0.4898
vn 0.8488 -0.1212 0.5145
vn 0.9169 -0.1448 0.3718
vn 0.8540 -0.0376 0.5189
vn 0.8496 -0.0692 0.5229
vn 0.8725 -0.0197 0.4882
vn 0.9964 0.0426 0.0733
vn 0.9925 -0.1191 0.0266
vn 0.9586 0.0042 -0.2848
vn 0.9648 -0.0363 0.2606
vn 0.9694 -0.0330 0.2431
vn 0.9167 -0.0389 0.3977
vn 0.9579 -0.0814 -0.2754
vn 0.9545 -0.0978 -0.2817
vn 0.9621 -0.1036 -0.2521
vn 0.5243 0.1262 0.8421
vn 0.5299 0.1046 0.8416
vn 0.5378 0.1144 0.8353
vn -0.7477 -0.3450 -0.5674
vn -0.6853 -0.3546 -0.6361
vn -0.7722 -0.2612 -0.5793
vn -0.9256 0.3459 -0.1534
vn -0.8671 0.4531 -0.2068
vn -0.9202 0.3619 -0.1493
vn 0.9974 -0.0680 0.0240
vn 0.9992 -0.0265 0.0303
vn 0.9984 -0.0573 -0.0004
vn 0.5693 0.8207 -0.0480
vn 0.5843 0.8104 -0.0437
vn 0.5962 0.8010 -0.0550
vn 0.5260 0.8505 -0.0042
vn 0.8123 0.5731 0.1086
vn 0.7895 0.6093 0.0737
vn 0.9812 -0.0456 0.1873
vn 0.9862 -0.0315 0.1623
vn 0.9853 -0.0220 0.1696
vn 0.9941 -0.0129 0.1076
vn 0.9914 0.0579 0.1174
vn 0.9944 0.0417 0.0970
vn 0.9398 -0.2066 -0.2722
vn 0.9276 -0.2636 -0.2647
vn 0.9343 -0.2222 -0.2786
vn 0.0512 0.0423 -0.9978
vn 0.0712 0.0195 -0.9973
vn 0.0680 0.0317 -0.9972
vn 0.0796 -0.0148 -0.9967
vn 0.0827 -0.0198 -0.9964
vn 0.0838 -0.0013 -0.9965
vn 0.0986 -0.0223 -0.9949
vn 0.0986 -0.0295 -0.9947
vn 0.0863 -0.0313 -0.9958
vn 0.9922 0.0059 0.1243
vn 0.9976 -0.0332 0.0602
vn 0.9923 -0.0521 0.1125
vn 0.9980 -0.0538 0.0329
vn 0.9984 -0.0501 0.0255
vn 0.9969 -0.0663 0.0412
vn 0.9926 0.0247 0.1192
vn 0.9799 -0.0125 0.1989
vn 0.9559 0.0942 0.2782
vn 0.9934 -0.0022 0.1146
vn 0.9913 0.0328 0.1275
vn 0.9933 -0.0057 0.1152
vn 0.9820 0.1861 0.0326
vn 0.9679 -0.0283 0.2496
vn 0.9799 -0.1975 0.0294
vn -0.1345 0.9836 -0.1201
vn -0.1894 0.9448 0.2674
vn -0.2819 0.9589 0.0315
vn 0.3025 0.9531 -0.0015
vn 0.4649 0.7355 -0.4929
vn 0.2032 0.9772 0.0620
vn 0.9928 -0.0203 0.1180
vn 0.9912 -0.0583 0.1186
vn 0.9924 -0.0530 0.1107
vn 0.7357 0.3506 -0.5795
vn 0.7768 0.5046 -0.3767
vn 0.2644 0.2865 -0.9209
vn 0.6541 0.7409 -0.1527
vn 0.2019 0.9640 -0.1732
vn 0.1989 0.9543 -0.2229
vn 0.0382 0.9965 0.0742
vn 0.4727 0.5524 -0.6866
vn 0.0410 0.9980 0.0479
vn 0.0550 0.9985 -0.0066
vn 0.0620 0.9980 0.0136
vn 0.0506 0.9981 0.0345
vn 0.0229 0.9982 0.0552
vn 0.8261 0.5525 0.1112
vn 0.2290 0.9726 0.0396
vn 0.9954 -0.0270 0.0916
vn 0.9969 -0.0008 0.0781
vn 0.9977 -0.0164 0.0654
vn 0.0958 0.9947 -0.0364
vn 0.0938 0.9954 -0.0167
vn 0.0850 0.9961 -0.0248
vn 0.0686 0.9971 -0.0325
vn 0.0749 0.9971 -0.0148
vn 0.0620 0.9978 -0.0231
vn 0.0503 0.9985 -0.0206
vn 0.0468 0.9988 -0.0143
vn 0.0445 0.9987 -0.0236
vn 0.0678 0.9977 0.0045
vn 0.0543 0.9982 0.0251
vn 0.0362 0.9989 0.0290
vn -0.0228 0.9961 -0.0849
vn -0.0109 0.9961 -0.0871
vn -0.0103 0.9956 -0.0929
vn 0.0844 0.9904 0.1097
vn 0.0782 0.9900 0.1178
vn 0.0698 0.9898 0.1241
vn 0.0697 0.9972 -0.0259
vn 0.0707 0.9974 -0.0166
vn 0.0591 0.9982 -0.0090
vn 0.0753 -0.0121 -0.9971
vn 0.0780 -0.0131 -0.9969
vn 0.0835 -0.0182 -0.9963
vn 0.0317 0.9988 -0.0379
vn 0.0287 0.9989 -0.0364
vn 0.0155 0.9985 -0.0531
vn 0.1196 0.0029 -0.9928
vn 0.1196 0.0111 -0.9928
vn 0.1158 0.0070 -0.9933
vn 0.0248 0.9994 -0.0261
vn 0.0357 0.9991 -0.0228
vn 0.0353 0.9982 -0.0479
vn 0.0172 0.9998 -0.0024
vn 0.0269 0.9996 -0.0087
vn 0.0431 0.9990 -0.0130
vn 0.0158 0.9993 -0.0336
vn 0.0174 0.9995 -0.0268
vn 0.0290 0.9983 -0.0510
vn 0.0774 -0.0039 -0.9970
vn 0.0800 -0.0061 -0.9968
vn 0.0782 0.0044 -0.9969
vn 0.9963 -0.0064 0.0862
vn 0.9956 -0.0106 0.0927
vn 0.9952 -0.0094 0.0975
vn 0.9966 -0.0810 -0.0153
vn 0.9966 -0.0700 -0.0429
vn 0.9963 -0.0411 -0.0760
vn 0.0638 0.9979 0.0080
vn 0.1392 0.9902 -0.0116
vn 0.1704 0.9854 -0.0032
vn 0.9888 -0.0261 0.1472
vn 0.9893 -0.0223 0.1440
vn 0.9885 -0.0264 0.1489
vn 0.1102 -0.0429 -0.9930
vn 0.1034 -0.0371 -0.9939
vn 0.1060 -0.0469 -0.9933
vn 0.0079 0.9999 0.0109
vn 0.1593 0.9283 0.3359
vn 0.0408 0.9986 0.0340
vn 0.9958 -0.0571 0.0718
vn 0.9952 -0.0923 0.0315
vn 0.9960 -0.0563 0.0699
vn 0.0986 0.9946 -0.0311
vn 0.0983 0.9948 -0.0252
vn 0.0994 0.9948 -0.0220
vn 0.9941 -0.0002 0.1089
vn 0.9988 0.0404 0.0261
vn 0.9946 -0.0735 0.0727
vn 0.0439 0.9722 -0.2302
vn 0.0450 0.9716 -0.2324
vn 0.0784 0.9723 -0.2202
vn 0.3731 0.9272 0.0325
vn -0.0067 0.9973 -0.0736
vn 0.5260 0.8325 0.1737
vn 0.9950 0.0022 0.1003
vn 0.9951 0.0001 0.0990
vn 0.9947 -0.0091 0.1027
vn 0.0037 1.0000 0.0024
vn 0.0098 0.9999 -0.0019
vn 0.0237 0.9997 -0.0059
vn 0.2571 0.9628 0.0834
vn 0.3244 0.9406 0.1004
vn 0.4612 0.8873 -0.0070
vn 0.9949 0.0124 0.1002
vn 0.9954 0.0098 0.0957
vn 0.9948 0.0127 0.1008
vn 0.9942 -0.0033 0.1071
vn 0.9944 -0.0063 0.1053
vn 0.9937 -0.0055 0.1115
vn 0.9823 0.0446 -0.1821
vn 0.9922 0.0408 0.1176
vn 0.5935 -0.1437 -0.7919
vn 0.9947 0.0123 0.1024
vn 0.9936 0.0307 0.1087
vn 0.9944 0.0145 0.1045
vn 0.4041 0.9080 -0.1102
vn 0.0975 0.9950 0.0209
vn 0.4079 0.9124 0.0351
vn 0.9954 0.0953 0.0074
vn 0.9996 0.0239 0.0116
vn 0.9929 0.1185 0.0016
vn -0.0420 0.3055 0.9513
vn -0.0992 0.1876 0.9772
vn -0.0389 0.2072 0.9775
vn 0.9951 -0.0095 0.0986
vn 0.9957 -0.0000 0.0929
vn 0.9955 -0.0102 0.0942
vn 0.9938 0.0057 0.1114
vn 0.9941 0.0143 0.1077
vn 0.9936 0.0081 0.1124
vn 0.3555 0.6718 -0.6498
vn 0.0250 0.9982 -0.0540
vn 0.2173 0.5628 -0.7975
vn 0.1104 -0.0119 -0.9938
vn 0.2947 -0.0625 -0.9535
vn 0.6206 -0.0642 -0.7815
vn 0.5013 0.8624 -0.0702
vn 0.6493 0.5894 0.4806
vn 0.5060 0.8594 -0.0735
vn 0.9360 -0.2373 -0.2600
vn 0.9626 -0.2702 -0.0206
vn 0.9275 -0.2538 -0.2746
vn 0.5063 0.0125 -0.8623
vn 0.5290 0.1493 -0.8354
vn 0.6209 0.0730 -0.7805
vn 0.6229 0.0198 -0.7821
vn 0.4898 0.0549 -0.8701
vn 0.5426 0.1165 -0.8319
vn -0.2246 0.6305 -0.7430
vn -0.2351 0.5636 -0.7919
vn -0.2498 0.6335 -0.7323
vn -0.4726 0.6163 -0.6299
vn -0.4977 0.6726 -0.5477
vn -0.4723 0.7614 -0.4440
vn 0.1059 0.1539 -0.9824
vn 0.0831 0.0628 -0.9946
vn 0.0238 0.0337 -0.9991
vn -0.4455 0.3999 -0.8010
vn -0.4992 0.4955 -0.7108
vn -0.5132 0.4483 -0.7318
vn -0.2043 -0.0173 -0.9788
vn -0.1338 0.1677 -0.9767
vn -0.0743 -0.0034 -0.9972
vn -0.0427 0.0439 -0.9981
vn -0.1012 0.1628 -0.9814
vn 0.0375 0.1737 -0.9841
vn -0.0038 0.4981 -0.8671
vn 0.0571 0.5679 -0.8211
vn 0.0820 0.5590 -0.8251
vn 0.0796 -0.8358 -0.5432
vn -0.0003 -0.7880 -0.6157
vn 0.1049 -0.7833 -0.6127
vn 0.4284 -0.0680 -0.9010
vn 0.3173 -0.0602 -0.9464
vn 0.3606 0.0082 -0.9327
vn 0.3717 -0.5953 -0.7124
vn 0.3470 -0.5685 -0.7459
vn 0.4776 -0.4983 -0.7236
vn 0.7274 -0.0044 -0.6862
vn 0.6950 -0.0633 -0.7162
vn 0.6767 -0.0605 -0.7338
vn 0.6722 0.1845 -0.7170
vn 0.6878 0.0803 -0.7215
vn 0.6273 0.0904 -0.7735
vn -0.4429 0.0727 -0.8936
vn -0.4424 0.1532 -0.8836
vn -0.3504 0.0026 -0.9366
vn -0.2342 -0.6091 -0.7577
vn -0.3372 -0.5439 -0.7684
vn -0.1972 -0.5587 -0.8056
vn 0.7111 0.0771 -0.6988
vn 0.6648 0.0248 -0.7466
vn 0.6260 0.1224 -0.7701
vn -0.2316 -0.0375 -0.9721
vn -0.4042 0.1243 -0.9062
vn -0.2500 0.0584 -0.9665
vn 0.1489 0.0931 -0.9845
vn 0.4142 0.0962 -0.9051
vn -0.0307 0.4789 -0.8774
vn 0.4964 0.1974 -0.8454
vn 0.5303 0.2059 -0.8224
vn 0.5205 0.1594 -0.8389
vn -0.2549 -0.4548 -0.8533
vn -0.3402 -0.3127 -0.8868
vn -0.1684 -0.4249 -0.8894
vn 0.5666 0.1238 -0.8147
vn 0.5283 -0.0258 -0.8486
vn 0.5609 0.1330 -0.8171
vn 0.0878 0.5019 -0.8605
vn -0.0170 0.5185 -0.8549
vn 0.0708 0.5470 -0.8341
vn -0.0937 -0.3385 0.9363
vn -0.1557 -0.2882 0.9448
vn -0.1737 -0.3218 0.9307
vn -0.9837 -0.1083 -0.1438
vn -0.9782 -0.0965 -0.1837
vn -0.9558 -0.0448 -0.2906
vn -0.7236 0.3324 -0.6049
vn -0.7307 0.2831 -0.6212
vn -0.7094 0.3017 -0.6370
vn 0.3691 0.0971 -0.9243
vn 0.3993 0.1224 -0.9086
vn 0.3572 0.0404 -0.9332
vn -0.5220 0.3200 -0.7907
vn -0.5548 0.2459 -0.7948
vn -0.5942 0.3115 -0.7415
vn -0.7906 -0.2282 -0.5682
vn -0.7662 -0.1691 -0.6200
vn -0.7689 -0.1801 -0.6134
vn -0.7457 -0.1923 -0.6379
vn -0.7102 -0.3750 -0.5958
vn -0.5886 -0.5112 -0.6263
vn 0.0895 -0.2429 -0.9659
vn 0.0380 -0.2543 -0.9664
vn 0.0632 -0.2684 -0.9612
vn -0.0789 -0.0752 -0.9940
vn -0.0808 -0.0835 -0.9932
vn -0.1420 -0.0824 -0.9864
vn -0.7033 -0.1126 -0.7019
vn -0.7062 -0.0121 -0.7079
vn -0.7802 -0.1156 -0.6147
vn -0.6958 -0.2233 -0.6827
vn -0.7097 -0.3690 -0.6001
vn -0.7121 -0.2141 -0.6686
vn -0.8786 0.3216 -0.3530
vn -0.8534 0.3770 -0.3601
vn -0.8297 0.3948 -0.3945
vn -0.8790 -0.1219 -0.4610
vn -0.8884 -0.1296 -0.4405
vn -0.9186 -0.0857 -0.3859
vn -0.9996 0.0046 -0.0265
vn -0.9908 0.0289 -0.1319
vn -0.9944 -0.0639 -0.0843
vn -0.7601 0.2997 -0.5765
vn -0.8122 0.2856 -0.5086
vn -0.7392 0.3070 -0.5994
vn -0.7089 0.0316 -0.7046
vn -0.5497 0.0996 -0.8294
vn -0.5803 0.1561 -0.7993
vn -0.2372 0.7510 -0.6162
vn -0.2465 0.7674 -0.5919
vn -0.2462 0.7727 -0.5850
vn -0.6649 -0.2611 -0.6998
vn -0.5342 -0.3553 -0.7671
vn -0.6544 -0.3431 -0.6738
vn 0.4866 -0.0950 -0.8685
vn 0.5418 -0.1391 -0.8289
vn 0.5662 -0.2311 -0.7912
vn -0.6125 0.2199 -0.7593
vn 0.0045 -0.1235 -0.9923
vn -0.1905 -0.4569 -0.8689
vn -0.6406 -0.3462 -0.6855
vn -0.6988 -0.2705 -0.6621
vn -0.6559 -0.2740 -0.7034
vn -0.5093 0.6763 -0.5321
vn -0.4818 0.6721 -0.5623
vn -0.5471 0.5985 -0.5853
vn -0.2106 0.7060 -0.6762
vn -0.2532 0.6544 -0.7125
vn -0.2458 0.6854 -0.6854
vn -0.6416 -0.3216 -0.6963
vn -0.6977 -0.2853 -0.6572
vn -0.6696 -0.3053 -0.6770
vn -0.9847 -0.0954 -0.1455
vn -0.9686 -0.0783 -0.2361
vn -0.9899 -0.0562 -0.1299
vn 0.7174 0.3309 -0.6131
vn 0.7613 0.2767 -0.5864
vn 0.7159 0.2936 -0.6334
vn -0.6747 -0.2859 -0.6805
vn -0.5178 -0.4473 -0.7292
vn -0.3235 -0.2886 -0.9012
vn -0.2821 -0.3501 -0.8932
vn -0.7679 -0.2180 -0.6023
vn -0.6832 0.0800 -0.7259
vn 0.0294 -0.4289 -0.9029
vn 0.0442 -0.2473 -0.9679
vn -0.1107 -0.1000 -0.9888
vn 0.4976 0.0357 -0.8667
vn 0.4043 -0.0244 -0.9143
vn 0.5275 -0.0059 -0.8495
vn -0.0663 0.0698 -0.9954
vn -0.0493 0.0607 -0.9969
vn -0.0574 0.0581 -0.9967
vn 0.2705 -0.0503 -0.9614
vn 0.2494 -0.0829 -0.9649
vn 0.0927 -0.0222 -0.9954
vn -0.9418 0.3170 0.1122
vn -0.9173 0.2283 0.3262
vn -0.8815 0.3804 0.2798
vn -0.9479 0.2750 0.1607
vn -0.8489 0.4181 0.3235
vn -0.8535 0.4297 0.2948
vn -0.8625 0.5044 0.0418
vn -0.9170 0.3973 0.0362
vn -0.8988 0.3425 0.2736
vn -0.4776 0.1872 0.8584
vn -0.4734 0.1873 0.8607
vn -0.4457 0.1999 0.8726
vn -0.3413 -0.2761 -0.8985
vn -0.2831 -0.3958 -0.8736
vn -0.2640 -0.4279 -0.8644
vn -0.9608 0.0912 -0.2617
vn -0.8911 -0.3594 -0.2771
vn -0.9554 0.1448 -0.2573
vn -0.8318 0.3249 -0.4501
vn -0.8630 0.2967 -0.4088
vn -0.8668 0.3393 -0.3654
vn -0.9954 -0.0959 0.0035
vn -0.9991 0.0178 -0.0376
vn -0.9902 -0.0830 -0.1126
vn -0.6995 -0.0753 -0.7107
vn -0.7432 -0.1449 -0.6532
vn -0.7541 -0.0381 -0.6557
vn -0.7886 0.0351 -0.6139
vn -0.7775 0.1093 -0.6193
vn -0.7312 0.0537 -0.6800
vn -0.9382 -0.3094 0.1550
vn -0.9506 -0.3077 0.0402
vn -0.9518 -0.2751 0.1357
vt 0.696179 0.018825
vt 0.702733 0.010625
vt 0.705213 0.010568
vt 0.884921 0.937183
vt 0.889883 0.938546
vt 0.885323 0.940559
vt 0.929894 0.766594
vt 0.924873 0.755937
vt 0.932387 0.761495
vt 0.957830 0.787188
vt 0.958707 0.777297
vt 0.966055 0.782385
vt 0.875417 0.321905
vt 0.869020 0.321334
vt 0.870582 0.314789
vt 0.268162 0.024599
vt 0.266968 0.029547
vt 0.264571 0.025064
vt 0.830598 0.932052
vt 0.832467 0.932909
vt 0.828649 0.932935
vt 0.418886 0.006984
vt 0.420027 0.011212
vt 0.412721 0.011767
vt 0.002387 0.439595
vt 0.010593 0.439824
vt 0.002574 0.442160
vt 0.080170 0.119126
vt 0.070360 0.117036
vt 0.082335 0.114483
vt 0.925687 0.089943
vt 0.928913 0.091541
vt 0.921011 0.095201
vt 0.933111 0.085370
vt 0.933714 0.089306
vt 0.390226 0.940086
vt 0.391687 0.942175
vt 0.387476 0.939969
vt 0.388884 0.945063
vt 0.374827 0.954977
vt 0.374755 0.943802
vt 0.379779 0.965467
vt 0.390187 0.957434
vt 0.386993 0.970939
vt 0.380190 0.969983
vt 0.387235 0.972703
vt 0.394155 0.928528
vt 0.393280 0.917813
vt 0.398993 0.918772
vt 0.374899 0.964150
vt 0.394277 0.915625
vt 0.397156 0.915295
vt 0.395887 0.914621
vt 0.392362 0.924799
vt 0.391934 0.913751
vt 0.390597 0.920971
vt 0.390023 0.915372
vt 0.411617 0.925286
vt 0.395191 0.939341
vt 0.395826 0.933115
vt 0.420176 0.928305
vt 0.391130 0.943819
vt 0.418802 0.960706
vt 0.426512 0.933798
vt 0.427856 0.937579
vt 0.440411 0.945197
vt 0.440316 0.952172
vt 0.440358 0.937373
vt 0.413071 0.954710
vt 0.434754 0.938406
vt 0.404927 0.962477
vt 0.427109 0.928739
vt 0.414509 0.960453
vt 0.422368 0.964704
vt 0.436688 0.966988
vt 0.440411 0.963703
vt 0.414541 0.961744
vt 0.408875 0.963740
vt 0.396705 0.968678
vt 0.395421 0.972703
vt 0.403074 0.966161
vt 0.400920 0.969879
vt 0.384208 0.944862
vt 0.387301 0.940372
vt 0.390963 0.913553
vt 0.381761 0.942293
vt 0.409395 0.920467
vt 0.407500 0.916675
vt 0.401294 0.918254
vt 0.980455 0.310015
vt 0.980467 0.325893
vt 0.977077 0.317299
vt 0.980467 0.296377
vt 0.957522 0.298720
vt 0.030586 0.280493
vt 0.037039 0.278758
vt 0.035350 0.282744
vt 0.961720 0.322713
vt 0.960477 0.317171
vt 0.965625 0.322940
vt 0.969715 0.293929
vt 0.963454 0.286122
vt 0.972727 0.286743
vt 0.963012 0.286425
vt 0.969561 0.325893
vt 0.957588 0.286315
vt 0.959639 0.281990
vt 0.969233 0.282787
vt 0.963210 0.283799
vt 0.970819 0.290394
vt 0.957021 0.290805
vt 0.975688 0.285440
vt 0.961625 0.312662
vt 0.270962 0.020182
vt 0.886039 0.933403
vt 0.886479 0.932133
vt 0.888009 0.934377
vt 0.838623 0.929643
vt 0.840960 0.932821
vt 0.834946 0.932868
vt 0.742472 0.943870
vt 0.740346 0.954189
vt 0.736991 0.946732
vt 0.845034 0.931948
vt 0.257763 0.035717
vt 0.253873 0.035205
vt 0.259292 0.030962
vt 0.026272 0.433110
vt 0.035214 0.434081
vt 0.021594 0.437272
vt 0.941560 0.767102
vt 0.036937 0.427418
vt 0.034818 0.424513
vt 0.040936 0.425090
vt 0.813421 0.591375
vt 0.808275 0.587463
vt 0.812676 0.583150
vt 0.757945 0.971983
vt 0.762700 0.976135
vt 0.754767 0.976140
vt 0.867789 0.553637
vt 0.863500 0.565094
vt 0.855136 0.564782
vt 0.067606 0.122202
vt 0.067858 0.119643
vt 0.701949 0.440545
vt 0.700088 0.441806
vt 0.700731 0.433409
vt 0.559464 0.420164
vt 0.497647 0.399338
vt 0.527314 0.398534
vt 0.428684 0.355577
vt 0.425494 0.350561
vt 0.447537 0.366223
vt 0.669737 0.394721
vt 0.662807 0.379684
vt 0.668019 0.375117
vt 0.849758 0.247629
vt 0.844707 0.242674
vt 0.865591 0.229550
vt 0.391413 0.906396
vt 0.344975 0.908645
vt 0.361149 0.878186
vt 0.903759 0.210014
vt 0.920609 0.230855
vt 0.892873 0.238135
vt 0.880882 0.257299
vt 0.889046 0.287472
vt 0.423526 0.370946
vt 0.399840 0.090879
vt 0.399600 0.038751
vt 0.406333 0.094198
vt 0.923725 0.248421
vt 0.919871 0.268423
vt 0.914426 0.299210
vt 0.512312 0.787797
vt 0.514057 0.783068
vt 0.517798 0.786488
vt 0.503357 0.792978
vt 0.613208 0.785660
vt 0.623029 0.783263
vt 0.618622 0.788221
vt 0.653158 0.719960
vt 0.657714 0.740501
vt 0.653066 0.741481
vt 0.550742 0.424238
vt 0.507982 0.783594
vt 0.696653 0.457816
vt 0.693994 0.474092
vt 0.688541 0.487519
vt 0.671782 0.453812
vt 0.697150 0.452556
vt 0.668711 0.468157
vt 0.709227 0.323895
vt 0.714056 0.323522
vt 0.713918 0.331357
vt 0.716606 0.337671
vt 0.717507 0.328722
vt 0.700902 0.357193
vt 0.704788 0.367818
vt 0.685107 0.371978
vt 0.544734 0.439256
vt 0.498463 0.425802
vt 0.470238 0.362207
vt 0.511222 0.442855
vt 0.459033 0.337407
vt 0.498713 0.430160
vt 0.528932 0.358202
vt 0.542206 0.355841
vt 0.573523 0.351434
vt 0.579201 0.360702
vt 0.473486 0.345360
vt 0.504004 0.344599
vt 0.915384 0.084301
vt 0.924396 0.081600
vt 0.912511 0.091174
vt 0.584950 0.408423
vt 0.421217 0.357428
vt 0.912847 0.088139
vt 0.914070 0.088072
vt 0.909884 0.089302
vt 0.914325 0.093864
vt 0.916727 0.096748
vt 0.908023 0.086877
vt 0.907515 0.084646
vt 0.911623 0.085276
vt 0.937831 0.077848
vt 0.940798 0.086711
vt 0.932873 0.078440
vt 0.144035 0.155108
vt 0.134454 0.129080
vt 0.159794 0.156462
vt 0.166465 0.159870
vt 0.176256 0.147597
vt 0.949468 0.081462
vt 0.936221 0.069363
vt 0.529950 0.447350
vt 0.930281 0.070290
vt 0.485459 0.417201
vt 0.460302 0.405463
vt 0.112040 0.155884
vt 0.095471 0.149647
vt 0.091960 0.134397
vt 0.945967 0.083634
vt 0.950511 0.071415
vt 0.955911 0.077333
vt 0.952679 0.075539
vt 0.537168 0.446029
vt 0.911648 0.075362
vt 0.458745 0.397894
vt 0.429181 0.390259
vt 0.493767 0.417611
vt 0.943521 0.067401
vt 0.206994 0.109792
vt 0.208255 0.116943
vt 0.197826 0.122013
vt 0.506024 0.444412
vt 0.402257 0.370233
vt 0.402874 0.378772
vt 0.388661 0.372636
vt 0.564489 0.347284
vt 0.591474 0.391075
vt 0.602303 0.400089
vt 0.590712 0.405223
vt 0.953586 0.072912
vt 0.764269 0.489596
vt 0.761129 0.510609
vt 0.753692 0.490644
vt 0.701514 0.504859
vt 0.699429 0.510359
vt 0.694515 0.514775
vt 0.747734 0.474625
vt 0.757586 0.487705
vt 0.734349 0.372883
vt 0.738443 0.384159
vt 0.726108 0.394407
vt 0.717409 0.460446
vt 0.729246 0.440739
vt 0.715323 0.472054
vt 0.712235 0.374978
vt 0.712076 0.370750
vt 0.713806 0.373304
vt 0.714595 0.394970
vt 0.710147 0.390605
vt 0.717651 0.379743
vt 0.730904 0.406744
vt 0.716801 0.423951
vt 0.741362 0.441919
vt 0.731267 0.505921
vt 0.746452 0.492625
vt 0.747316 0.512913
vt 0.750519 0.516253
vt 0.720350 0.385555
vt 0.754554 0.515928
vt 0.754770 0.509653
vt 0.741475 0.402818
vt 0.740877 0.409242
vt 0.690908 0.494747
vt 0.688740 0.509486
vt 0.684750 0.496631
vt 0.693484 0.489417
vt 0.711336 0.477906
vt 0.712849 0.502694
vt 0.704539 0.503636
vt 0.719335 0.503748
vt 0.742042 0.414941
vt 0.726008 0.504129
vt 0.740031 0.463349
vt 0.743851 0.468884
vt 0.744655 0.414382
vt 0.745592 0.424942
vt 0.715722 0.405698
vt 0.740977 0.394180
vt 0.744605 0.386901
vt 0.713928 0.372019
vt 0.714750 0.371781
vt 0.715438 0.374559
vt 0.511768 0.483719
vt 0.549401 0.523445
vt 0.509432 0.517779
vt 0.582553 0.443805
vt 0.591860 0.440201
vt 0.593142 0.446206
vt 0.582011 0.474915
vt 0.581000 0.488631
vt 0.561141 0.463670
vt 0.577528 0.447031
vt 0.583971 0.481732
vt 0.582111 0.438877
vt 0.589091 0.459227
vt 0.589795 0.452959
vt 0.528981 0.614962
vt 0.518441 0.612252
vt 0.515842 0.607708
vt 0.587845 0.568840
vt 0.578569 0.563393
vt 0.582617 0.564900
vt 0.551348 0.468980
vt 0.575476 0.651301
vt 0.594417 0.672401
vt 0.594226 0.677351
vt 0.595584 0.676137
vt 0.446819 0.496616
vt 0.452207 0.496053
vt 0.447840 0.507229
vt 0.475421 0.526026
vt 0.465580 0.515474
vt 0.464024 0.470414
vt 0.464211 0.455189
vt 0.459559 0.511398
vt 0.491544 0.501304
vt 0.457943 0.476859
vt 0.500492 0.550770
vt 0.571027 0.534871
vt 0.573783 0.512857
vt 0.574858 0.525858
vt 0.458585 0.584888
vt 0.481543 0.564118
vt 0.467349 0.586565
vt 0.455366 0.574628
vt 0.472779 0.567294
vt 0.484050 0.560823
vt 0.493808 0.555441
vt 0.581202 0.493976
vt 0.572434 0.552924
vt 0.549102 0.613939
vt 0.514973 0.452839
vt 0.479164 0.447972
vt 0.500057 0.443864
vt 0.540219 0.459114
vt 0.488737 0.537335
vt 0.595005 0.661347
vt 0.589537 0.651327
vt 0.541455 0.611311
vt 0.516982 0.572536
vt 0.583138 0.614716
vt 0.553218 0.621395
vt 0.586135 0.589848
vt 0.597146 0.677049
vt 0.602092 0.677540
vt 0.600453 0.679108
vt 0.574643 0.625716
vt 0.562324 0.638506
vt 0.506300 0.605793
vt 0.502851 0.600918
vt 0.593154 0.676647
vt 0.584599 0.668652
vt 0.586285 0.641558
vt 0.447498 0.582755
vt 0.563396 0.623976
vt 0.482365 0.534458
vt 0.474125 0.590056
vt 0.489506 0.595089
vt 0.482340 0.592598
vt 0.496320 0.595551
vt 0.446907 0.578306
vt 0.660110 0.409054
vt 0.669093 0.425955
vt 0.700620 0.384983
vt 0.700536 0.448423
vt 0.701138 0.424176
vt 0.694947 0.422111
vt 0.690004 0.392047
vt 0.583616 0.794348
vt 0.572723 0.773555
vt 0.604455 0.789886
vt 0.709374 0.379958
vt 0.719793 0.378376
vt 0.723394 0.373842
vt 0.695172 0.485678
vt 0.694441 0.487541
vt 0.694245 0.482724
vt 0.716485 0.382677
vt 0.744233 0.433640
vt 0.736758 0.376579
vt 0.737601 0.371212
vt 0.699557 0.450722
vt 0.704586 0.347748
vt 0.691988 0.340109
vt 0.695045 0.388703
vt 0.707011 0.387306
vt 0.709816 0.356005
vt 0.707164 0.343961
vt 0.684804 0.512612
vt 0.718259 0.401399
vt 0.741149 0.451204
vt 0.672939 0.431978
vt 0.679108 0.404872
vt 0.702615 0.417671
vt 0.710506 0.402813
vt 0.704785 0.416832
vt 0.703229 0.421505
vt 0.674527 0.355991
vt 0.730548 0.371026
vt 0.676510 0.318377
vt 0.677756 0.328201
vt 0.662700 0.318886
vt 0.756433 0.635387
vt 0.769475 0.658718
vt 0.740715 0.681660
vt 0.745540 0.578066
vt 0.757041 0.584335
vt 0.756536 0.610847
vt 0.753986 0.576138
vt 0.682397 0.623344
vt 0.699388 0.689389
vt 0.655423 0.668058
vt 0.760392 0.603848
vt 0.778378 0.631747
vt 0.773285 0.634216
vt 0.774230 0.624431
vt 0.150063 0.023714
vt 0.152348 0.023348
vt 0.153682 0.030015
vt 0.148451 0.025410
vt 0.150296 0.030226
vt 0.150971 0.035423
vt 0.154249 0.039003
vt 0.160790 0.033565
vt 0.161369 0.024700
vt 0.156937 0.037262
vt 0.159001 0.037844
vt 0.160423 0.035806
vt 0.149227 0.022019
vt 0.147980 0.020835
vt 0.193749 0.031115
vt 0.191952 0.038084
vt 0.175962 0.032922
vt 0.197525 0.017563
vt 0.191626 0.020134
vt 0.199752 0.012982
vt 0.196431 0.039873
vt 0.177287 0.028240
vt 0.197130 0.022844
vt 0.160811 0.007685
vt 0.154314 0.008503
vt 0.197166 0.000293
vt 0.200450 0.003801
vt 0.198144 0.007163
vt 0.192700 0.002971
vt 0.186521 0.000098
vt 0.172590 0.004041
vt 0.164218 0.002056
vt 0.146298 0.016619
vt 0.148797 0.010197
vt 0.180383 0.003248
vt 0.176881 0.044311
vt 0.168486 0.041517
vt 0.166214 0.039103
vt 0.143988 0.011678
vt 0.144512 0.007262
vt 0.142838 0.009382
vt 0.161820 0.037393
vt 0.143205 0.028443
vt 0.146941 0.032509
vt 0.141670 0.032031
vt 0.188605 0.040816
vt 0.141573 0.033237
vt 0.183581 0.039399
vt 0.165398 0.040361
vt 0.163546 0.039830
vt 0.853292 0.119016
vt 0.849503 0.118941
vt 0.850285 0.110078
vt 0.862678 0.098790
vt 0.879620 0.101441
vt 0.833229 0.062292
vt 0.843727 0.052465
vt 0.848635 0.058485
vt 0.833195 0.054388
vt 0.829368 0.055070
vt 0.914830 0.141464
vt 0.912922 0.140540
vt 0.912446 0.138480
vt 0.886210 0.084036
vt 0.861760 0.088241
vt 0.831223 0.089702
vt 0.880350 0.066174
vt 0.873640 0.066916
vt 0.871173 0.062850
vt 0.865550 0.062831
vt 0.890254 0.070696
vt 0.896683 0.092325
vt 0.897068 0.096769
vt 0.908516 0.134762
vt 0.912313 0.141250
vt 0.912502 0.145789
vt 0.831353 0.078859
vt 0.902297 0.060585
vt 0.896394 0.065375
vt 0.918101 0.059126
vt 0.904064 0.148481
vt 0.911308 0.071267
vt 0.900597 0.086838
vt 0.888628 0.130508
vt 0.906672 0.127987
vt 0.906901 0.132431
vt 0.894034 0.144680
vt 0.896609 0.146490
vt 0.877042 0.112049
vt 0.897396 0.111412
vt 0.903974 0.121591
vt 0.837404 0.098586
vt 0.894987 0.108112
vt 0.886598 0.142900
vt 0.880306 0.138126
vt 0.901916 0.115615
vt 0.876264 0.134179
vt 0.912845 0.058477
vt 0.908231 0.077250
vt 0.904003 0.083528
vt 0.903521 0.118744
vt 0.858901 0.059779
vt 0.858030 0.124230
vt 0.859213 0.127717
vt 0.916477 0.056799
vt 0.856712 0.120759
vt 0.899557 0.090136
vt 0.837597 0.107867
vt 0.838802 0.117131
vt 0.835530 0.115412
vt 0.838387 0.102934
vt 0.836374 0.101012
vt 0.840994 0.119114
vt 0.831053 0.085013
vt 0.821903 0.066661
vt 0.864093 0.129287
vt 0.867399 0.131556
vt 0.864901 0.131503
vt 0.835354 0.104647
vt 0.915105 0.065375
vt 0.844492 0.119118
vt 0.834726 0.119190
vt 0.831670 0.119568
vt 0.772710 0.638113
vt 0.657195 0.608635
vt 0.658216 0.586933
vt 0.676036 0.580977
vt 0.722224 0.657828
vt 0.690473 0.727444
vt 0.713522 0.731055
vt 0.702025 0.731316
vt 0.660561 0.718275
vt 0.655699 0.699667
vt 0.667752 0.718984
vt 0.708371 0.577598
vt 0.730056 0.578550
vt 0.659366 0.633908
vt 0.653517 0.617770
vt 0.213209 0.275391
vt 0.209130 0.268364
vt 0.215309 0.266627
vt 0.221671 0.266149
vt 0.652753 0.653370
vt 0.063367 0.747882
vt 0.099941 0.738977
vt 0.096500 0.752572
vt 0.084092 0.691033
vt 0.087741 0.692244
vt 0.075627 0.692093
vt 0.776884 0.655049
vt 0.057943 0.702951
vt 0.059938 0.719406
vt 0.057923 0.714431
vt 0.720882 0.371290
vt 0.722426 0.371362
vt 0.726467 0.728966
vt 0.745784 0.719602
vt 0.649336 0.681288
vt 0.651321 0.706330
vt 0.774062 0.691715
vt 0.773132 0.701793
vt 0.766044 0.711845
vt 0.766458 0.616907
vt 0.317390 0.320785
vt 0.284652 0.355430
vt 0.293504 0.320351
vt 0.691591 0.334295
vt 0.692178 0.318377
vt 0.776614 0.677424
vt 0.415740 0.005700
vt 0.417647 0.004630
vt 0.412938 0.014529
vt 0.213023 0.300640
vt 0.249313 0.307143
vt 0.221718 0.329041
vt 0.301172 0.351933
vt 0.334525 0.353580
vt 0.281271 0.348494
vt 0.279771 0.317212
vt 0.994780 0.483261
vt 0.998734 0.480996
vt 0.996750 0.485802
vt 0.349928 0.347070
vt 0.332960 0.324791
vt 0.343415 0.298861
vt 0.290414 0.294841
vt 0.269588 0.263935
vt 0.266960 0.256958
vt 0.215749 0.321812
vt 0.247270 0.341395
vt 0.293107 0.351416
vt 0.264974 0.266209
vt 0.304491 0.363849
vt 0.305643 0.357178
vt 0.296051 0.362541
vt 0.264045 0.287690
vt 0.258386 0.266403
vt 0.260984 0.262730
vt 0.255609 0.267244
vt 0.259333 0.341998
vt 0.266625 0.348059
vt 0.259965 0.345028
vt 0.272279 0.342703
vt 0.761093 0.710562
vt 0.671747 0.725193
vt 0.723448 0.574512
vt 0.634933 0.800751
vt 0.639649 0.789977
vt 0.663589 0.789920
vt 0.644656 0.821167
vt 0.655491 0.821752
vt 0.647647 0.826006
vt 0.627150 0.825432
vt 0.707092 0.797787
vt 0.701594 0.793979
vt 0.717033 0.805195
vt 0.672113 0.823107
vt 0.707767 0.749177
vt 0.711205 0.734276
vt 0.722225 0.732668
vt 0.699469 0.747121
vt 0.687056 0.738650
vt 0.696157 0.739440
vt 0.725951 0.736044
vt 0.769260 0.811974
vt 0.771192 0.815849
vt 0.742530 0.813431
vt 0.663668 0.742395
vt 0.665980 0.734812
vt 0.669301 0.737494
vt 0.679421 0.738951
vt 0.758355 0.755166
vt 0.752311 0.766209
vt 0.760187 0.746016
vt 0.744784 0.774438
vt 0.745675 0.779509
vt 0.742025 0.786010
vt 0.768780 0.820203
vt 0.747439 0.769431
vt 0.659793 0.750402
vt 0.675441 0.762567
vt 0.666838 0.761415
vt 0.773550 0.811109
vt 0.759738 0.802125
vt 0.752637 0.818229
vt 0.680226 0.765804
vt 0.761021 0.764349
vt 0.658972 0.742716
vt 0.679228 0.773076
vt 0.701670 0.751320
vt 0.708076 0.741750
vt 0.695494 0.800956
vt 0.736270 0.729432
vt 0.740915 0.732661
vt 0.750215 0.793125
vt 0.760197 0.827425
vt 0.769010 0.828285
vt 0.630940 0.814423
vt 0.661945 0.783676
vt 0.670387 0.780072
vt 0.777193 0.805507
vt 0.657942 0.756675
vt 0.757292 0.794930
vt 0.766527 0.798898
vt 0.732599 0.810488
vt 0.640147 0.823834
vt 0.625624 0.818657
vt 0.673940 0.774737
vt 0.762263 0.755475
vt 0.751963 0.739624
vt 0.691649 0.811759
vt 0.750323 0.728356
vt 0.673863 0.735534
vt 0.080002 0.223294
vt 0.080093 0.228931
vt 0.074886 0.241520
vt 0.089333 0.273761
vt 0.056156 0.280128
vt 0.084547 0.250988
vt 0.074633 0.224930
vt 0.090887 0.324869
vt 0.097032 0.312169
vt 0.097733 0.321914
vt 0.719542 0.904625
vt 0.715477 0.888927
vt 0.726876 0.901172
vt 0.710729 0.903573
vt 0.747575 0.898583
vt 0.747839 0.902056
vt 0.733436 0.891835
vt 0.702461 0.902891
vt 0.719910 0.872986
vt 0.707859 0.875978
vt 0.717890 0.860017
vt 0.758279 0.905091
vt 0.757992 0.907349
vt 0.736992 0.904907
vt 0.652469 0.868485
vt 0.684394 0.852980
vt 0.652152 0.875901
vt 0.685964 0.900850
vt 0.680385 0.902833
vt 0.673843 0.901536
vt 0.731012 0.886329
vt 0.717135 0.849082
vt 0.725914 0.882653
vt 0.659448 0.907444
vt 0.649770 0.899100
vt 0.654673 0.907652
vt 0.668431 0.905670
vt 0.650929 0.904709
vt 0.690876 0.822578
vt 0.669256 0.840434
vt 0.662318 0.851713
vt 0.662173 0.859143
vt 0.682350 0.824462
vt 0.642479 0.893483
vt 0.648427 0.879210
vt 0.645438 0.889178
vt 0.712742 0.827326
vt 0.711689 0.820675
vt 0.691710 0.815326
vt 0.699013 0.808008
vt 0.716559 0.831730
vt 0.256142 0.126982
vt 0.239034 0.208450
vt 0.247263 0.121856
vt 0.262587 0.245953
vt 0.284679 0.195042
vt 0.267414 0.238696
vt 0.241780 0.224833
vt 0.298674 0.230904
vt 0.284693 0.129124
vt 0.301649 0.169312
vt 0.316468 0.139208
vt 0.349266 0.124250
vt 0.373271 0.119671
vt 0.367906 0.135414
vt 0.234786 0.216526
vt 0.226833 0.177233
vt 0.231173 0.200233
vt 0.238778 0.234461
vt 0.317683 0.209484
vt 0.292183 0.125263
vt 0.323203 0.200253
vt 0.327413 0.184031
vt 0.312974 0.219302
vt 0.344166 0.165726
vt 0.314060 0.120389
vt 0.341286 0.176104
vt 0.274776 0.124550
vt 0.376812 0.126699
vt 0.220000 0.144645
vt 0.209782 0.117056
vt 0.230698 0.118891
vt 0.322650 0.123482
vt 0.347853 0.154659
vt 0.355816 0.148342
vt 0.335302 0.120951
vt 0.235183 0.338352
vt 0.390151 0.303989
vt 0.405997 0.321060
vt 0.397656 0.325855
vt 0.416661 0.031725
vt 0.439200 0.032950
vt 0.425450 0.070151
vt 0.405620 0.039523
vt 0.410195 0.034891
vt 0.363421 0.365996
vt 0.366907 0.379499
vt 0.355213 0.381651
vt 0.330635 0.263594
vt 0.338761 0.230819
vt 0.356094 0.231582
vt 0.137672 0.747122
vt 0.106236 0.754817
vt 0.108674 0.746214
vt 0.127388 0.742502
vt 0.112220 0.736189
vt 0.102204 0.760733
vt 0.101356 0.769350
vt 0.105387 0.751715
vt 0.222265 0.748195
vt 0.243392 0.780008
vt 0.236986 0.789384
vt 0.108735 0.741654
vt 0.106876 0.735826
vt 0.099002 0.789865
vt 0.093960 0.789146
vt 0.095204 0.785514
vt 0.108894 0.784032
vt 0.227288 0.744902
vt 0.095805 0.777911
vt 0.098267 0.771857
vt 0.104885 0.791565
vt 0.093835 0.782433
vt 0.141042 0.784272
vt 0.158446 0.775757
vt 0.156039 0.778973
vt 0.145220 0.766021
vt 0.142755 0.750304
vt 0.147867 0.753488
vt 0.161269 0.759866
vt 0.166261 0.759127
vt 0.156443 0.760404
vt 0.169356 0.771566
vt 0.176679 0.770689
vt 0.168673 0.753277
vt 0.169435 0.748117
vt 0.150488 0.756731
vt 0.183956 0.770791
vt 0.173243 0.734440
vt 0.191937 0.746561
vt 0.239460 0.751079
vt 0.261276 0.783878
vt 0.190536 0.773020
vt 0.276644 0.793573
vt 0.277813 0.799410
vt 0.266036 0.803264
vt 0.274876 0.786068
vt 0.243157 0.795675
vt 0.215445 0.739584
vt 0.222542 0.803250
vt 0.211538 0.783598
vt 0.203178 0.781925
vt 0.198111 0.775343
vt 0.277830 0.752107
vt 0.257639 0.737297
vt 0.276669 0.729503
vt 0.277830 0.768685
vt 0.108148 0.733004
vt 0.252592 0.750032
vt 0.244733 0.747292
vt 0.108461 0.797250
vt 0.125859 0.798717
vt 0.132707 0.792783
vt 0.189532 0.730662
vt 0.179199 0.727505
vt 0.181925 0.723496
vt 0.132496 0.743599
vt 0.071695 0.131114
vt 0.068276 0.124925
vt 0.634314 0.714866
vt 0.639761 0.764044
vt 0.618829 0.752855
vt 0.063076 0.133321
vt 0.064489 0.127816
vt 0.651483 0.752283
vt 0.641102 0.754076
vt 0.574851 0.791546
vt 0.921507 0.219365
vt 0.061413 0.144813
vt 0.067877 0.146022
vt 0.058123 0.155412
vt 0.919047 0.287102
vt 0.922607 0.293808
vt 0.075634 0.140870
vt 0.079796 0.128473
vt 0.063524 0.157941
vt 0.055995 0.171082
vt 0.898163 0.293532
vt 0.562300 0.786120
vt 0.566799 0.785689
vt 0.075882 0.126505
vt 0.079709 0.122438
vt 0.599780 0.792812
vt 0.081073 0.122155
vt 0.081220 0.119880
vt 0.572062 0.788254
vt 0.603005 0.728979
vt 0.607014 0.727096
vt 0.359148 0.299262
vt 0.361663 0.343193
vt 0.286167 0.242033
vt 0.298658 0.241499
vt 0.313839 0.284849
vt 0.350290 0.399023
vt 0.344092 0.401458
vt 0.341099 0.399536
vt 0.292930 0.237829
vt 0.275498 0.251163
vt 0.297954 0.289545
vt 0.344980 0.392774
vt 0.333460 0.391047
vt 0.396833 0.241685
vt 0.408258 0.258038
vt 0.394767 0.257592
vt 0.228735 0.265182
vt 0.236108 0.282063
vt 0.408400 0.264694
vt 0.402584 0.242454
vt 0.409650 0.246132
vt 0.329535 0.384136
vt 0.327028 0.379298
vt 0.332668 0.403471
vt 0.235182 0.264980
vt 0.214504 0.289499
vt 0.350259 0.374865
vt 0.399642 0.241290
vt 0.392871 0.247861
vt 0.377131 0.309606
vt 0.385090 0.348574
vt 0.309174 0.238079
vt 0.322351 0.229956
vt 0.387679 0.068163
vt 0.380941 0.057309
vt 0.989776 0.469013
vt 0.995211 0.474257
vt 0.989995 0.475861
vt 0.995756 0.469179
vt 0.165594 0.894325
vt 0.165286 0.889505
vt 0.169249 0.889470
vt 0.154615 0.884916
vt 0.147809 0.890137
vt 0.142882 0.894717
vt 0.157079 0.893991
vt 0.134584 0.891994
vt 0.136666 0.890012
vt 0.159639 0.904587
vt 0.113485 0.896012
vt 0.119047 0.897684
vt 0.121723 0.898695
vt 0.130663 0.896361
vt 0.133493 0.896238
vt 0.139314 0.907972
vt 0.124625 0.919539
vt 0.119610 0.914286
vt 0.134185 0.917174
vt 0.146479 0.884480
vt 0.139436 0.885225
vt 0.172831 0.889976
vt 0.173237 0.888193
vt 0.164054 0.901337
vt 0.142655 0.883531
vt 0.124086 0.900240
vt 0.099655 0.911386
vt 0.098933 0.915685
vt 0.096595 0.911580
vt 0.119068 0.928657
vt 0.127803 0.934347
vt 0.143064 0.932342
vt 0.134589 0.931044
vt 0.149631 0.931640
vt 0.152865 0.920214
vt 0.152222 0.934378
vt 0.145642 0.918682
vt 0.154782 0.934548
vt 0.146420 0.933278
vt 0.166864 0.921756
vt 0.108649 0.894201
vt 0.106051 0.894707
vt 0.163642 0.936829
vt 0.160380 0.936999
vt 0.158368 0.934991
vt 0.166580 0.926556
vt 0.166443 0.938498
vt 0.116176 0.906108
vt 0.156756 0.909460
vt 0.099881 0.904281
vt 0.120713 0.939336
vt 0.123521 0.937011
vt 0.115671 0.938955
vt 0.106049 0.917439
vt 0.114053 0.924670
vt 0.100567 0.919189
vt 0.103294 0.922411
vt 0.158872 0.915272
vt 0.161185 0.916599
vt 0.174606 0.888325
vt 0.169912 0.922938
vt 0.098767 0.897748
vt 0.102085 0.896183
vt 0.097745 0.907396
vt 0.100254 0.900437
vt 0.098747 0.898774
vt 0.101829 0.900807
vt 0.102732 0.902300
vt 0.117176 0.895311
vt 0.096285 0.909169
vt 0.097614 0.905145
vt 0.113663 0.895439
vt 0.102808 0.894290
vt 0.126732 0.911064
vt 0.114173 0.910451
vt 0.173016 0.896960
vt 0.167334 0.896291
vt 0.156677 0.936128
vt 0.113359 0.934772
vt 0.115524 0.936682
vt 0.107192 0.928673
vt 0.129092 0.932408
vt 0.109230 0.936023
vt 0.303203 0.236017
vt 0.249358 0.270016
vt 0.245389 0.266402
vt 0.368287 0.262544
vt 0.387202 0.243809
vt 0.379868 0.240162
vt 0.393422 0.238619
vt 0.386978 0.241089
vt 0.375983 0.363281
vt 0.375386 0.353830
vt 0.391717 0.335414
vt 0.393502 0.343684
vt 0.406109 0.303447
vt 0.408017 0.308631
vt 0.748591 0.952478
vt 0.748464 0.956978
vt 0.745161 0.957585
vt 0.828419 0.583268
vt 0.827907 0.555654
vt 0.847628 0.588143
vt 0.742562 0.966131
vt 0.869569 0.251181
vt 0.859714 0.279146
vt 0.854367 0.268588
vt 0.844889 0.573646
vt 0.819597 0.562934
vt 0.821157 0.557621
vt 0.739327 0.940540
vt 0.751731 0.966323
vt 0.763698 0.961359
vt 0.752942 0.961375
vt 0.754872 0.960126
vt 0.879462 0.226689
vt 0.885731 0.222008
vt 0.883727 0.287279
vt 0.886664 0.288297
vt 0.767823 0.974853
vt 0.770972 0.975334
vt 0.769090 0.978136
vt 0.755949 0.968331
vt 0.751537 0.957269
vt 0.766242 0.970843
vt 0.762543 0.966996
vt 0.764549 0.964738
vt 0.893808 0.222545
vt 0.769732 0.972682
vt 0.772216 0.969681
vt 0.772187 0.966953
vt 0.742170 0.976490
vt 0.742529 0.971577
vt 0.771603 0.972191
vt 0.858936 0.511158
vt 0.863247 0.508371
vt 0.868491 0.511094
vt 0.587887 0.739078
vt 0.595813 0.737518
vt 0.807778 0.609775
vt 0.810397 0.620437
vt 0.806092 0.612742
vt 0.544209 0.761345
vt 0.547791 0.756391
vt 0.552673 0.779425
vt 0.825652 0.620072
vt 0.560107 0.754714
vt 0.568191 0.751720
vt 0.334352 0.882247
vt 0.922606 0.274322
vt 0.741643 0.354325
vt 0.735959 0.353715
vt 0.755655 0.348084
vt 0.745130 0.288950
vt 0.807848 0.235711
vt 0.801050 0.246880
vt 0.811768 0.221176
vt 0.803388 0.224409
vt 0.808780 0.221438
vt 0.783482 0.293119
vt 0.797500 0.256625
vt 0.799148 0.274990
vt 0.774972 0.340446
vt 0.784840 0.336619
vt 0.776094 0.346245
vt 0.793160 0.328384
vt 0.768002 0.290694
vt 0.779574 0.251366
vt 0.771263 0.337187
vt 0.721953 0.352706
vt 0.719502 0.361931
vt 0.718749 0.357866
vt 0.718993 0.349012
vt 0.723235 0.333752
vt 0.728263 0.359169
vt 0.726637 0.264799
vt 0.723428 0.299564
vt 0.724640 0.279631
vt 0.746575 0.232659
vt 0.731460 0.250953
vt 0.734367 0.241996
vt 0.739202 0.231004
vt 0.733794 0.235847
vt 0.725977 0.259459
vt 0.760984 0.233842
vt 0.723095 0.268187
vt 0.807359 0.297854
vt 0.799668 0.329951
vt 0.773470 0.230600
vt 0.766674 0.231523
vt 0.721529 0.307902
vt 0.720965 0.291861
vt 0.719172 0.329481
vt 0.805199 0.332661
vt 0.813716 0.317506
vt 0.721706 0.318423
vt 0.781739 0.227737
vt 0.786262 0.228449
vt 0.779406 0.230579
vt 0.799433 0.216316
vt 0.791051 0.225061
vt 0.795288 0.217338
vt 0.762541 0.342142
vt 0.803052 0.280102
vt 0.803486 0.285264
vt 0.808041 0.290973
vt 0.731481 0.245576
vt 0.993190 0.446151
vt 0.994828 0.452941
vt 0.991224 0.456942
vt 0.395762 0.332540
vt 0.414838 0.278151
vt 0.411429 0.294596
vt 0.411962 0.271648
vt 0.409149 0.317062
vt 0.355510 0.387919
vt 0.349948 0.396215
vt 0.403064 0.325126
vt 0.024243 0.771263
vt 0.024626 0.763456
vt 0.038683 0.777718
vt 0.032027 0.774642
vt 0.047727 0.750320
vt 0.013331 0.749183
vt 0.013630 0.736107
vt 0.048505 0.770434
vt 0.043786 0.772850
vt 0.056278 0.776337
vt 0.055422 0.783462
vt 0.052852 0.778902
vt 0.031978 0.696274
vt 0.039263 0.704379
vt 0.027235 0.713810
vt 0.053106 0.741534
vt 0.054658 0.730094
vt 0.054316 0.737734
vt 0.053335 0.745831
vt 0.055021 0.734902
vt 0.053490 0.724094
vt 0.025730 0.718050
vt 0.019596 0.728901
vt 0.013019 0.703965
vt 0.020354 0.696274
vt 0.020874 0.712342
vt 0.051824 0.702199
vt 0.052416 0.713213
vt 0.051129 0.696274
vt 0.053373 0.710790
vt 0.056205 0.768958
vt 0.049682 0.773060
vt 0.056321 0.767585
vt 0.054842 0.761531
vt 0.051769 0.748311
vt 0.053238 0.747480
vt 0.052449 0.753252
vt 0.052215 0.760019
vt 0.016080 0.720989
vt 0.053873 0.785125
vt 0.053893 0.780334
vt 0.054288 0.783712
vt 0.056194 0.774028
vt 0.056301 0.711276
vt 0.056045 0.696872
vt 0.035717 0.696274
vt 0.013019 0.726433
vt 0.052862 0.760196
vt 0.091533 0.265608
vt 0.057896 0.290984
vt 0.066704 0.321271
vt 0.054500 0.323001
vt 0.093019 0.293690
vt 0.079579 0.235675
vt 0.084272 0.240342
vt 0.092723 0.286811
vt 0.082009 0.245702
vt 0.071529 0.248572
vt 0.076963 0.323531
vt 0.096105 0.300025
vt 0.060193 0.266032
vt 0.064594 0.258933
vt 0.089794 0.256188
vt 0.046566 0.319512
vt 0.047450 0.311291
vt 0.053913 0.295126
vt 0.049283 0.326718
vt 0.043948 0.326271
vt 0.091234 0.279698
vt 0.726791 0.129727
vt 0.732177 0.130305
vt 0.734174 0.135957
vt 0.728443 0.160871
vt 0.773335 0.202537
vt 0.770872 0.208690
vt 0.760992 0.208694
vt 0.692843 0.168183
vt 0.655555 0.136400
vt 0.668676 0.139385
vt 0.740773 0.201330
vt 0.773594 0.177781
vt 0.642941 0.145092
vt 0.636709 0.142225
vt 0.647637 0.135995
vt 0.677988 0.161308
vt 0.733373 0.190759
vt 0.723623 0.179221
vt 0.713659 0.176660
vt 0.701327 0.171723
vt 0.769182 0.134569
vt 0.776495 0.133431
vt 0.770133 0.142731
vt 0.684028 0.164257
vt 0.715071 0.134341
vt 0.699792 0.153596
vt 0.753171 0.222711
vt 0.758171 0.220262
vt 0.762604 0.228174
vt 0.755045 0.130234
vt 0.763440 0.128319
vt 0.750010 0.217877
vt 0.637338 0.133381
vt 0.632968 0.132658
vt 0.760851 0.229127
vt 0.623581 0.276635
vt 0.633944 0.294394
vt 0.621330 0.282264
vt 0.648860 0.281121
vt 0.645511 0.265597
vt 0.649701 0.264137
vt 0.630151 0.262085
vt 0.639124 0.257222
vt 0.644729 0.261941
vt 0.627710 0.266845
vt 0.624226 0.271430
vt 0.635619 0.253600
vt 0.592275 0.325699
vt 0.593824 0.317181
vt 0.595782 0.314183
vt 0.633094 0.326998
vt 0.620370 0.307345
vt 0.631095 0.318671
vt 0.626684 0.347644
vt 0.651877 0.425804
vt 0.652299 0.432330
vt 0.647082 0.429240
vt 0.654523 0.412209
vt 0.649636 0.398207
vt 0.644560 0.421555
vt 0.637858 0.401757
vt 0.623924 0.424525
vt 0.629874 0.411193
vt 0.648690 0.439500
vt 0.606428 0.403999
vt 0.606680 0.383237
vt 0.605553 0.351168
vt 0.628774 0.396552
vt 0.634481 0.358515
vt 0.622638 0.400104
vt 0.643937 0.442725
vt 0.630809 0.436029
vt 0.640921 0.370434
vt 0.648280 0.431978
vt 0.618784 0.287567
vt 0.605846 0.308159
vt 0.588693 0.321342
vt 0.589358 0.377132
vt 0.593632 0.374200
vt 0.596531 0.379912
vt 0.595614 0.357961
vt 0.590730 0.368986
vt 0.597509 0.385228
vt 0.597610 0.310700
vt 0.607897 0.303830
vt 0.636023 0.317257
vt 0.635546 0.321044
vt 0.612948 0.296620
vt 0.649210 0.305880
vt 0.632381 0.341059
vt 0.582893 0.350720
vt 0.580698 0.349188
vt 0.588506 0.344198
vt 0.560325 0.974383
vt 0.553181 0.968722
vt 0.565118 0.974119
vt 0.570741 0.971944
vt 0.580729 0.974640
vt 0.577793 0.975927
vt 0.539422 0.968484
vt 0.541158 0.966181
vt 0.550276 0.970684
vt 0.539399 0.971000
vt 0.548973 0.942971
vt 0.569216 0.953123
vt 0.563555 0.959703
vt 0.547825 0.961467
vt 0.576832 0.954503
vt 0.572503 0.955593
vt 0.575786 0.953891
vt 0.539176 0.974929
vt 0.532967 0.977585
vt 0.534018 0.953793
vt 0.535612 0.945292
vt 0.533337 0.975414
vt 0.582379 0.955334
vt 0.585588 0.976313
vt 0.594146 0.973176
vt 0.591853 0.977211
vt 0.588294 0.966749
vt 0.566341 0.945966
vt 0.559696 0.938844
vt 0.537239 0.960145
vt 0.567374 0.972336
vt 0.542954 0.943143
vt 0.545920 0.942220
vt 0.588850 0.960792
vt 0.536753 0.941294
vt 0.540046 0.940637
vt 0.559491 0.976164
vt 0.555068 0.975634
vt 0.546561 0.972416
vt 0.888120 0.726533
vt 0.889665 0.723596
vt 0.894492 0.722864
vt 0.896937 0.799126
vt 0.896972 0.785930
vt 0.900683 0.802063
vt 0.899716 0.742598
vt 0.877490 0.738293
vt 0.880856 0.730679
vt 0.884639 0.726722
vt 0.860780 0.737854
vt 0.856333 0.753370
vt 0.856944 0.737978
vt 0.917238 0.769316
vt 0.915237 0.774724
vt 0.914244 0.753412
vt 0.915611 0.789042
vt 0.904625 0.718038
vt 0.919223 0.726706
vt 0.874265 0.738422
vt 0.880529 0.735253
vt 0.917837 0.716013
vt 0.909324 0.802022
vt 0.922837 0.717494
vt 0.922538 0.721164
vt 0.899971 0.720331
vt 0.919631 0.737848
vt 0.914656 0.744105
vt 0.918481 0.734238
vt 0.874541 0.801616
vt 0.867413 0.793243
vt 0.855518 0.767109
vt 0.841945 0.780092
vt 0.850838 0.763165
vt 0.843782 0.763693
vt 0.842135 0.758870
vt 0.861219 0.786146
vt 0.843062 0.764944
vt 0.839943 0.762996
vt 0.919199 0.781233
vt 0.851370 0.750938
vt 0.864364 0.733693
vt 0.741616 0.206997
vt 0.224392 0.341154
vt 0.236075 0.341061
vt 0.363078 0.231333
vt 0.346849 0.229854
vt 0.308673 0.363653
vt 0.308804 0.372856
vt 0.314996 0.375009
vt 0.210454 0.293648
vt 0.526548 0.163766
vt 0.524575 0.172826
vt 0.518915 0.160968
vt 0.765278 0.157719
vt 0.736774 0.199312
vt 0.741010 0.216871
vt 0.747785 0.135909
vt 0.628537 0.139212
vt 0.627578 0.132451
vt 0.778447 0.224464
vt 0.774720 0.222710
vt 0.775096 0.217895
vt 0.759757 0.218717
vt 0.765399 0.216011
vt 0.766221 0.222056
vt 0.653261 0.150278
vt 0.665675 0.153573
vt 0.773540 0.190908
vt 0.684935 0.138628
vt 0.688869 0.135199
vt 0.698443 0.134056
vt 0.642246 0.135080
vt 0.704986 0.137681
vt 0.673090 0.158737
vt 0.669100 0.440908
vt 0.669317 0.450770
vt 0.754770 0.355118
vt 0.768506 0.349476
vt 0.755393 0.362498
vt 0.777015 0.348393
vt 0.782628 0.345748
vt 0.762864 0.363937
vt 0.765147 0.358755
vt 0.798131 0.339107
vt 0.791564 0.335427
vt 0.671778 0.478626
vt 0.669705 0.457943
vt 0.676831 0.483036
vt 0.668990 0.479168
vt 0.696342 0.479677
vt 0.773692 0.392965
vt 0.762620 0.390474
vt 0.800148 0.382721
vt 0.787075 0.388740
vt 0.802046 0.357369
vt 0.698094 0.473237
vt 0.809533 0.377870
vt 0.805458 0.382096
vt 0.827704 0.335245
vt 0.815291 0.330969
vt 0.818191 0.327819
vt 0.757238 0.376146
vt 0.749144 0.377370
vt 0.806689 0.335879
vt 0.808790 0.332809
vt 0.812732 0.327422
vt 0.699316 0.468753
vt 0.697836 0.465821
vt 0.699353 0.462304
vt 0.841546 0.363739
vt 0.830770 0.365430
vt 0.832753 0.345446
vt 0.828811 0.338944
vt 0.826324 0.343626
vt 0.824045 0.376258
vt 0.815083 0.379241
vt 0.453305 0.863603
vt 0.448680 0.856687
vt 0.451963 0.859523
vt 0.838896 0.323006
vt 0.828607 0.312739
vt 0.837570 0.306042
vt 0.845472 0.314238
vt 0.830448 0.370288
vt 0.833868 0.328694
vt 0.756444 0.368299
vt 0.748620 0.394307
vt 0.796310 0.387392
vt 0.848292 0.355647
vt 0.845070 0.346251
vt 0.443630 0.070271
vt 0.717776 0.446116
vt 0.652811 0.941290
vt 0.646069 0.930291
vt 0.656571 0.927033
vt 0.445408 0.857358
vt 0.702296 0.953958
vt 0.696618 0.955406
vt 0.707057 0.942756
vt 0.691010 0.965378
vt 0.688561 0.933369
vt 0.660206 0.920148
vt 0.656300 0.920938
vt 0.655830 0.971246
vt 0.648384 0.970689
vt 0.679749 0.967894
vt 0.706641 0.933835
vt 0.665118 0.928794
vt 0.651597 0.909591
vt 0.641080 0.918642
vt 0.647197 0.905643
vt 0.663511 0.972090
vt 0.640116 0.903545
vt 0.685780 0.969399
vt 0.664344 0.915604
vt 0.649518 0.960066
vt 0.659108 0.940666
vt 0.654597 0.917095
vt 0.659045 0.916448
vt 0.650544 0.953616
vt 0.642954 0.926529
vt 0.705204 0.925680
vt 0.708622 0.929486
vt 0.648453 0.948166
vt 0.681932 0.906214
vt 0.690290 0.908847
vt 0.709847 0.915481
vt 0.719543 0.438359
vt 0.646977 0.967992
vt 0.695407 0.905514
vt 0.697372 0.958894
vt 0.095442 0.764919
vt 0.098296 0.758264
vt 0.077816 0.167725
vt 0.074271 0.160469
vt 0.078614 0.159172
vt 0.090962 0.154745
vt 0.067442 0.169731
vt 0.098277 0.188306
vt 0.074382 0.178538
vt 0.070831 0.148814
vt 0.087338 0.225805
vt 0.094614 0.248776
vt 0.086936 0.238145
vt 0.075070 0.212785
vt 0.067589 0.199209
vt 0.067227 0.184460
vt 0.160325 0.161042
vt 0.215291 0.164297
vt 0.142605 0.187623
vt 0.204328 0.148441
vt 0.220605 0.155485
vt 0.196931 0.151797
vt 0.217036 0.149128
vt 0.218011 0.166712
vt 0.212654 0.171358
vt 0.205836 0.173238
vt 0.204954 0.175207
vt 0.133545 0.177072
vt 0.135770 0.190901
vt 0.116591 0.173051
vt 0.637856 0.705386
vt 0.647136 0.703763
vt 0.133345 0.210470
vt 0.148996 0.200227
vt 0.146640 0.232769
vt 0.098343 0.263851
vt 0.093592 0.258419
vt 0.143641 0.238254
vt 0.497811 0.789001
vt 0.491520 0.790497
vt 0.491482 0.788695
vt 0.214107 0.160781
vt 0.207857 0.179847
vt 0.198127 0.185444
vt 0.198828 0.193349
vt 0.162255 0.206015
vt 0.500201 0.784969
vt 0.189766 0.150399
vt 0.178217 0.156035
vt 0.197110 0.148460
vt 0.180875 0.150873
vt 0.101808 0.291878
vt 0.133916 0.265956
vt 0.131996 0.271235
vt 0.125903 0.302404
vt 0.107494 0.312590
vt 0.096760 0.277120
vt 0.135933 0.255961
vt 0.131436 0.279098
vt 0.139730 0.251631
vt 0.119418 0.315086
vt 0.116520 0.322961
vt 0.123178 0.310267
vt 0.108932 0.324747
vt 0.104406 0.307625
vt 0.447811 0.888077
vt 0.456600 0.867022
vt 0.218370 0.159395
vt 0.127987 0.294713
vt 0.693941 0.312570
vt 0.705924 0.285563
vt 0.704161 0.303274
vt 0.712178 0.275281
vt 0.687920 0.265567
vt 0.722043 0.261386
vt 0.660112 0.214321
vt 0.614397 0.220853
vt 0.638229 0.183088
vt 0.679337 0.203666
vt 0.690610 0.229565
vt 0.633402 0.245185
vt 0.667955 0.239038
vt 0.648508 0.254913
vt 0.659123 0.278140
vt 0.654104 0.264977
vt 0.635777 0.250930
vt 0.724072 0.201615
vt 0.713977 0.178547
vt 0.728723 0.190836
vt 0.684502 0.187017
vt 0.725271 0.228124
vt 0.723854 0.239633
vt 0.629308 0.178432
vt 0.615511 0.179539
vt 0.621662 0.155636
vt 0.598169 0.176608
vt 0.616751 0.186544
vt 0.630160 0.569095
vt 0.655427 0.527504
vt 0.639151 0.596480
vt 0.656290 0.517579
vt 0.657696 0.523440
vt 0.643930 0.523761
vt 0.593030 0.519858
vt 0.600950 0.506302
vt 0.602952 0.562301
vt 0.653620 0.497457
vt 0.657217 0.507185
vt 0.606461 0.502508
vt 0.655848 0.538614
vt 0.574261 0.533974
vt 0.579825 0.540263
vt 0.573284 0.536984
vt 0.622476 0.597847
vt 0.618375 0.589601
vt 0.636210 0.627414
vt 0.625204 0.615632
vt 0.629612 0.609641
vt 0.647385 0.645181
vt 0.633369 0.645251
vt 0.637413 0.641144
vt 0.642911 0.669903
vt 0.640358 0.659159
vt 0.640046 0.648674
vt 0.635817 0.633814
vt 0.634374 0.632297
vt 0.647386 0.672348
vt 0.610507 0.490583
vt 0.616680 0.511196
vt 0.619256 0.484540
vt 0.625731 0.507523
vt 0.652927 0.489701
vt 0.654795 0.493743
vt 0.609333 0.570407
vt 0.623423 0.560422
vt 0.616715 0.580416
vt 0.612720 0.572473
vt 0.632152 0.624871
vt 0.640204 0.666176
vt 0.629049 0.623401
vt 0.630820 0.627297
vt 0.638760 0.652314
vt 0.640503 0.654072
vt 0.652486 0.477662
vt 0.653040 0.469558
vt 0.653652 0.473949
vt 0.646235 0.470544
vt 0.623753 0.607500
vt 0.650664 0.465648
vt 0.640014 0.472367
vt 0.639170 0.512084
vt 0.649183 0.582794
vt 0.648617 0.596935
vt 0.652797 0.578582
vt 0.651713 0.570978
vt 0.654585 0.566988
vt 0.653084 0.563817
vt 0.656287 0.551319
vt 0.648806 0.653319
vt 0.651832 0.670929
vt 0.647169 0.607754
vt 0.645829 0.638849
vt 0.643588 0.633087
vt 0.642998 0.611485
vt 0.649396 0.613768
vt 0.649903 0.624841
vt 0.597994 0.558832
vt 0.593970 0.548816
vt 0.584171 0.546627
vt 0.586822 0.528889
vt 0.578222 0.526934
vt 0.579690 0.543144
vt 0.591611 0.505735
vt 0.649340 0.633909
vt 0.647296 0.641278
vt 0.654711 0.481747
vt 0.653878 0.547815
vt 0.651522 0.655861
vt 0.633296 0.473499
vt 0.621614 0.474135
vt 0.621306 0.600232
vt 0.653977 0.466396
vt 0.959379 0.920367
vt 0.969723 0.936326
vt 0.955189 0.923248
vt 0.955912 0.939749
vt 0.962595 0.957423
vt 0.951591 0.940871
vt 0.949921 0.955637
vt 0.939951 0.948704
vt 0.935120 0.933747
vt 0.951085 0.925112
vt 0.913743 0.969067
vt 0.911334 0.970254
vt 0.908933 0.966697
vt 0.908616 0.958476
vt 0.918102 0.974058
vt 0.908731 0.970564
vt 0.908038 0.963529
vt 0.907068 0.968922
vt 0.971462 0.978259
vt 0.969076 0.969373
vt 0.971954 0.974556
vt 0.967251 0.943671
vt 0.965073 0.920718
vt 0.968769 0.928610
vt 0.962772 0.920440
vt 0.920838 0.941424
vt 0.924444 0.940958
vt 0.919390 0.944290
vt 0.927666 0.975159
vt 0.916441 0.946127
vt 0.934014 0.980603
vt 0.932518 0.937029
vt 0.944370 0.924207
vt 0.943171 0.928896
vt 0.942761 0.977995
vt 0.948095 0.975995
vt 0.945575 0.980192
vt 0.940788 0.977611
vt 0.937825 0.978388
vt 0.929396 0.936610
vt 0.928960 0.938959
vt 0.969795 0.932002
vt 0.926522 0.939334
vt 0.961687 0.965547
vt 0.969464 0.922666
vt 0.969402 0.926376
vt 0.909809 0.951018
vt 0.907115 0.956136
vt 0.950833 0.979755
vt 0.965159 0.978756
vt 0.962330 0.981882
vt 0.958885 0.979968
vt 0.924464 0.973601
vt 0.624425 0.240320
vt 0.661520 0.289675
vt 0.562886 0.231380
vt 0.607982 0.232499
vt 0.668384 0.178611
vt 0.673463 0.175873
vt 0.611653 0.234374
vt 0.718986 0.269239
vt 0.680637 0.314775
vt 0.675604 0.306492
vt 0.650450 0.261210
vt 0.666358 0.301713
vt 0.657398 0.274139
vt 0.608798 0.157852
vt 0.596743 0.171920
vt 0.687458 0.173824
vt 0.658109 0.181375
vt 0.650411 0.178956
vt 0.596856 0.209229
vt 0.659503 0.285579
vt 0.662859 0.295282
vt 0.588819 0.236202
vt 0.568626 0.233949
vt 0.549305 0.231730
vt 0.548795 0.228549
vt 0.569124 0.207265
vt 0.559630 0.216638
vt 0.588298 0.182923
vt 0.580266 0.190936
vt 0.574242 0.200712
vt 0.628023 0.166064
vt 0.623664 0.158530
vt 0.624721 0.154477
vt 0.727431 0.211846
vt 0.691481 0.316705
vt 0.616430 0.150598
vt 0.435428 0.899540
vt 0.440836 0.901622
vt 0.610684 0.148758
vt 0.312924 0.698683
vt 0.321708 0.701320
vt 0.320645 0.736342
vt 0.302427 0.731521
vt 0.306572 0.700379
vt 0.336375 0.699330
vt 0.348446 0.694181
vt 0.365470 0.694835
vt 0.349998 0.714856
vt 0.331576 0.697275
vt 0.246290 0.694520
vt 0.267445 0.710342
vt 0.238480 0.707103
vt 0.206621 0.687044
vt 0.200912 0.694784
vt 0.199801 0.687314
vt 0.209423 0.716532
vt 0.221368 0.720902
vt 0.208382 0.721804
vt 0.200711 0.706631
vt 0.219557 0.690643
vt 0.195373 0.691309
vt 0.198144 0.702454
vt 0.212771 0.689880
vt 0.202828 0.715270
vt 0.370873 0.710535
vt 0.362197 0.719246
vt 0.331234 0.733804
vt 0.314979 0.729926
vt 0.329929 0.739745
vt 0.311317 0.734558
vt 0.285698 0.700190
vt 0.294045 0.696262
vt 0.228705 0.693156
vt 0.239580 0.696196
vt 0.388272 0.692375
vt 0.394305 0.697060
vt 0.385715 0.698479
vt 0.399337 0.691503
vt 0.241551 0.730265
vt 0.225087 0.724845
vt 0.257406 0.731161
vt 0.247272 0.731387
vt 0.362097 0.724317
vt 0.380239 0.694037
vt 0.357298 0.734841
vt 0.342995 0.735864
vt 0.302302 0.697206
vt 0.266011 0.726324
vt 0.368213 0.716388
vt 0.284436 0.731383
vt 0.192083 0.687117
vt 0.277762 0.696780
vt 0.256745 0.692774
vt 0.265859 0.694590
vt 0.244699 0.691804
vt 0.292337 0.733049
vt 0.807084 0.846241
vt 0.787652 0.815763
vt 0.824287 0.827269
vt 0.779332 0.803739
vt 0.781879 0.783477
vt 0.771580 0.829904
vt 0.781282 0.825462
vt 0.779581 0.883847
vt 0.858055 0.842309
vt 0.829468 0.881582
vt 0.858424 0.832940
vt 0.844360 0.877018
vt 0.864328 0.810294
vt 0.846765 0.790940
vt 0.860977 0.790303
vt 0.858312 0.822783
vt 0.842461 0.784555
vt 0.765014 0.880403
vt 0.749892 0.859865
vt 0.460860 0.928857
vt 0.464931 0.919333
vt 0.467848 0.927950
vt 0.434683 0.877839
vt 0.801190 0.883843
vt 0.792812 0.886770
vt 0.465116 0.908959
vt 0.865276 0.851460
vt 0.855588 0.876662
vt 0.867207 0.868971
vt 0.774985 0.794325
vt 0.774628 0.791377
vt 0.743764 0.866705
vt 0.742978 0.873698
vt 0.453721 0.928382
vt 0.753596 0.880448
vt 0.753130 0.853162
vt 0.778343 0.783233
vt 0.787896 0.772313
vt 0.800376 0.779357
vt 0.734363 0.888792
vt 0.444383 0.925318
vt 0.442199 0.921690
vt 0.821305 0.887212
vt 0.807581 0.886945
vt 0.435524 0.927408
vt 0.428889 0.909178
vt 0.439101 0.921708
vt 0.464564 0.887921
vt 0.465108 0.895759
vt 0.823629 0.784978
vt 0.462616 0.931430
vt 0.440104 0.906866
vt 0.812716 0.777847
vt 0.544083 0.932138
vt 0.567385 0.920641
vt 0.565850 0.928768
vt 0.518257 0.903854
vt 0.513135 0.930521
vt 0.505729 0.929001
vt 0.538110 0.896547
vt 0.468960 0.854678
vt 0.479389 0.881313
vt 0.465746 0.851902
vt 0.461245 0.853725
vt 0.467463 0.871927
vt 0.427506 0.922964
vt 0.472559 0.852745
vt 0.524447 0.853949
vt 0.531243 0.861459
vt 0.518306 0.856247
vt 0.475793 0.927173
vt 0.472807 0.912320
vt 0.475473 0.908558
vt 0.537292 0.931400
vt 0.528309 0.928054
vt 0.464634 0.903311
vt 0.461069 0.862872
vt 0.453438 0.851974
vt 0.456770 0.852981
vt 0.469903 0.919043
vt 0.472991 0.928291
vt 0.506285 0.864344
vt 0.508697 0.858696
vt 0.487865 0.908582
vt 0.482819 0.886802
vt 0.492032 0.863339
vt 0.481053 0.925186
vt 0.477801 0.906049
vt 0.490529 0.928166
vt 0.429539 0.887458
vt 0.559327 0.908763
vt 0.545239 0.878830
vt 0.455399 0.856300
vt 0.485414 0.925676
vt 0.483082 0.927355
vt 0.467991 0.874395
vt 0.475658 0.882957
vt 0.532503 0.856264
vt 0.468673 0.934035
vt 0.469523 0.926613
vt 0.501310 0.871136
vt 0.481626 0.853464
vt 0.490041 0.860754
vt 0.476665 0.853535
vt 0.456268 0.858304
vt 0.497691 0.866452
vt 0.463340 0.874452
vt 0.466296 0.877718
vt 0.461883 0.869027
vt 0.480704 0.897755
vt 0.488943 0.926250
vt 0.486690 0.928374
vt 0.550306 0.887148
vt 0.553382 0.894810
vt 0.550294 0.929205
vt 0.553229 0.932829
vt 0.453003 0.852974
vt 0.461639 0.865610
vt 0.477778 0.901637
vt 0.019221 0.434165
vt 0.017818 0.432754
vt 0.018332 0.430739
vt 0.022276 0.431233
vt 0.872539 0.228985
vt 0.556077 0.754775
vt 0.551917 0.754918
vt 0.030789 0.432760
vt 0.035089 0.432953
vt 0.028603 0.431795
vt 0.374368 0.436835
vt 0.378739 0.453346
vt 0.351223 0.449405
vt 0.347988 0.423682
vt 0.300927 0.426920
vt 0.336518 0.407434
vt 0.865728 0.288952
vt 0.526463 0.786396
vt 0.530478 0.779953
vt 0.542268 0.782540
vt 0.426332 0.104413
vt 0.547267 0.779103
vt 0.861186 0.284970
vt 0.852603 0.262312
vt 0.852301 0.256356
vt 0.921301 0.300721
vt 0.907335 0.297751
vt 0.012170 0.436329
vt 0.615085 0.719249
vt 0.327961 0.853170
vt 0.372702 0.852143
vt 0.638779 0.774011
vt 0.636266 0.781954
vt 0.328653 0.455048
vt 0.005859 0.438619
vt 0.008112 0.436350
vt 0.004109 0.438086
vt 0.918426 0.238986
vt 0.375412 0.920857
vt 0.363474 0.921662
vt 0.361486 0.918852
vt 0.525770 0.785457
vt 0.412787 0.900312
vt 0.399765 0.911786
vt 0.014049 0.432075
vt 0.011772 0.432982
vt 0.271639 0.023572
vt 0.301995 0.625819
vt 0.315037 0.610674
vt 0.307860 0.624502
vt 0.265231 0.036399
vt 0.259658 0.037786
vt 0.873813 0.291767
vt 0.296935 0.397232
vt 0.286988 0.397806
vt 0.368192 0.388003
vt 0.356063 0.405552
vt 0.360369 0.388782
vt 0.765967 0.501348
vt 0.297438 0.559821
vt 0.332012 0.570654
vt 0.300969 0.581849
vt 0.260763 0.683876
vt 0.261101 0.675285
vt 0.264529 0.668671
vt 0.376027 0.431901
vt 0.325303 0.403384
vt 0.591695 0.070167
vt 0.576679 0.077960
vt 0.593143 0.062556
vt 0.596734 0.054176
vt 0.585822 0.022987
vt 0.597046 0.046445
vt 0.598673 0.050353
vt 0.575052 0.062687
vt 0.299951 0.514997
vt 0.291963 0.490311
vt 0.294919 0.478474
vt 0.291610 0.469827
vt 0.284830 0.450243
vt 0.598577 0.036799
vt 0.599946 0.025445
vt 0.602346 0.031451
vt 0.604573 0.022584
vt 0.603306 0.016379
vt 0.266056 0.679107
vt 0.597972 0.059500
vt 0.590079 0.073864
vt 0.341400 0.501561
vt 0.385192 0.482709
vt 0.400015 0.503124
vt 0.591140 0.017629
vt 0.341553 0.591868
vt 0.570656 0.026680
vt 0.576852 0.023945
vt 0.598153 0.095688
vt 0.587725 0.098410
vt 0.538118 0.055730
vt 0.535975 0.049171
vt 0.536959 0.044545
vt 0.543250 0.025895
vt 0.557837 0.055960
vt 0.571229 0.095485
vt 0.576181 0.105573
vt 0.571649 0.103622
vt 0.565500 0.094017
vt 0.268961 0.385930
vt 0.359159 0.592310
vt 0.285201 0.436129
vt 0.276391 0.626386
vt 0.294106 0.647118
vt 0.281888 0.658348
vt 0.381561 0.592925
vt 0.374966 0.399194
vt 0.373553 0.418327
vt 0.318151 0.495369
vt 0.389275 0.569581
vt 0.302527 0.533670
vt 0.553892 0.086183
vt 0.537399 0.078549
vt 0.532022 0.072015
vt 0.533726 0.063801
vt 0.385108 0.469351
vt 0.562659 0.093032
vt 0.281164 0.609888
vt 0.260948 0.605365
vt 0.273933 0.617786
vt 0.285002 0.577751
vt 0.292856 0.565647
vt 0.558751 0.028025
vt 0.548225 0.021449
vt 0.555601 0.024416
vt 0.313497 0.940930
vt 0.316036 0.927201
vt 0.323951 0.933844
vt 0.363541 0.936177
vt 0.370300 0.935206
vt 0.364333 0.941978
vt 0.327657 0.947839
vt 0.324752 0.943835
vt 0.332607 0.947192
vt 0.340819 0.950865
vt 0.334698 0.951694
vt 0.366571 0.929741
vt 0.370424 0.929167
vt 0.355926 0.951027
vt 0.346009 0.953984
vt 0.350910 0.955939
vt 0.356742 0.927273
vt 0.308782 0.909047
vt 0.312202 0.896283
vt 0.325149 0.905540
vt 0.319211 0.918155
vt 0.307135 0.919812
vt 0.345861 0.916316
vt 0.350673 0.917631
vt 0.355799 0.920576
vt 0.330723 0.915635
vt 0.338035 0.917939
vt 0.331593 0.910564
vt 0.319704 0.945139
vt 0.346825 0.958793
vt 0.342138 0.956541
vt 0.538220 0.144885
vt 0.547345 0.151244
vt 0.540965 0.151312
vt 0.551372 0.120973
vt 0.526933 0.147226
vt 0.522394 0.116920
vt 0.588789 0.161760
vt 0.582703 0.168593
vt 0.581093 0.138732
vt 0.540684 0.115723
vt 0.534969 0.110012
vt 0.566324 0.118016
vt 0.552304 0.156084
vt 0.560989 0.155936
vt 0.594617 0.100916
vt 0.595470 0.111224
vt 0.586814 0.104552
vt 0.594255 0.134855
vt 0.598611 0.124455
vt 0.599774 0.115256
vt 0.530161 0.103818
vt 0.603002 0.145234
vt 0.603278 0.157705
vt 0.597561 0.161188
vt 0.571029 0.112900
vt 0.596136 0.140600
vt 0.576820 0.169199
vt 0.595212 0.166803
vt 0.507200 0.118454
vt 0.510362 0.114675
vt 0.507529 0.109456
vt 0.581477 0.104168
vt 0.522505 0.102315
vt 0.514678 0.102817
vt 0.506379 0.141664
vt 0.496500 0.135193
vt 0.514055 0.148023
vt 0.520232 0.148057
vt 0.511286 0.153858
vt 0.499636 0.150094
vt 0.564087 0.163642
vt 0.531385 0.036229
vt 0.533631 0.031782
vt 0.531464 0.027506
vt 0.008646 0.050790
vt 0.028629 0.060813
vt 0.010864 0.058252
vt 0.014000 0.068235
vt 0.009130 0.063858
vt 0.059621 0.054354
vt 0.080972 0.058820
vt 0.076381 0.061669
vt 0.054396 0.073644
vt 0.076057 0.072375
vt 0.070761 0.092944
vt 0.059593 0.095318
vt 0.076666 0.077520
vt 0.076405 0.085860
vt 0.027801 0.088832
vt 0.009273 0.074016
vt 0.014579 0.083305
vt 0.014900 0.037441
vt 0.011635 0.031654
vt 0.030481 0.027784
vt 0.043377 0.111652
vt 0.036341 0.111966
vt 0.054994 0.106433
vt 0.040235 0.037405
vt 0.013495 0.046388
vt 0.008849 0.091579
vt 0.014450 0.094025
vt 0.022593 0.104349
vt 0.012945 0.100162
vt 0.023887 0.022722
vt 0.015276 0.023572
vt 0.054550 0.046989
vt 0.058464 0.051198
vt 0.049719 0.046927
vt 0.139382 0.288538
vt 0.163285 0.287219
vt 0.144236 0.303006
vt 0.165688 0.251898
vt 0.163296 0.272896
vt 0.156458 0.243693
vt 0.173206 0.409183
vt 0.157907 0.395702
vt 0.188342 0.395524
vt 0.165916 0.271906
vt 0.161750 0.239132
vt 0.162768 0.248980
vt 0.141058 0.380335
vt 0.161720 0.353262
vt 0.144218 0.242923
vt 0.146913 0.237310
vt 0.149635 0.232435
vt 0.184130 0.405024
vt 0.531672 0.165986
vt 0.456993 0.052903
vt 0.147871 0.325555
vt 0.144409 0.342492
vt 0.156362 0.239944
vt 0.144551 0.256141
vt 0.026642 0.279743
vt 0.029912 0.274823
vt 0.446301 0.234016
vt 0.416512 0.221744
vt 0.435895 0.206066
vt 0.020961 0.269407
vt 0.020591 0.259714
vt 0.035830 0.248161
vt 0.025011 0.253344
vt 0.030444 0.248655
vt 0.043061 0.280281
vt 0.040491 0.285758
vt 0.477973 0.045118
vt 0.476489 0.051498
vt 0.024135 0.246363
vt 0.030733 0.245263
vt 0.470469 0.171587
vt 0.514066 0.189278
vt 0.474429 0.189420
vt 0.043516 0.263476
vt 0.025970 0.257132
vt 0.045487 0.258547
vt 0.042630 0.254206
vt 0.145186 0.281986
vt 0.426051 0.247784
vt 0.440489 0.252907
vt 0.462109 0.034155
vt 0.392897 0.161821
vt 0.407152 0.159482
vt 0.389002 0.173414
vt 0.791558 0.153279
vt 0.782912 0.160897
vt 0.773938 0.149673
vt 0.793910 0.186055
vt 0.781749 0.170214
vt 0.512235 0.235886
vt 0.521013 0.248893
vt 0.502455 0.253968
vt 0.050151 0.262257
vt 0.052856 0.275815
vt 0.024303 0.272384
vt 0.024606 0.275318
vt 0.022906 0.278165
vt 0.832588 0.127637
vt 0.818902 0.153529
vt 0.805626 0.147406
vt 0.052792 0.283135
vt 0.046963 0.286525
vt 0.179478 0.292977
vt 0.211449 0.317947
vt 0.045445 0.289377
vt 0.041672 0.287668
vt 0.838798 0.162465
vt 0.849768 0.180434
vt 0.210607 0.307926
vt 0.196339 0.354479
vt 0.192054 0.386157
vt 0.808690 0.118053
vt 0.821749 0.116690
vt 0.141267 0.357032
vt 0.052682 0.288143
vt 0.051690 0.290493
vt 0.049844 0.291248
vt 0.800162 0.189598
vt 0.806356 0.199768
vt 0.820421 0.232168
vt 0.809650 0.217960
vt 0.808510 0.205081
vt 0.023873 0.273672
vt 0.801715 0.197380
vt 0.410615 0.581747
vt 0.420782 0.609555
vt 0.408324 0.601438
vt 0.424524 0.742751
vt 0.408900 0.771211
vt 0.389531 0.772134
vt 0.403536 0.680926
vt 0.402829 0.643651
vt 0.391222 0.730224
vt 0.406728 0.691164
vt 0.424051 0.667926
vt 0.455345 0.653673
vt 0.463723 0.699153
vt 0.485796 0.780675
vt 0.482183 0.775017
vt 0.490695 0.778964
vt 0.496876 0.782822
vt 0.471515 0.760831
vt 0.467131 0.771430
vt 0.449539 0.747146
vt 0.512069 0.764646
vt 0.444763 0.765844
vt 0.458914 0.772271
vt 0.368289 0.732764
vt 0.357360 0.761851
vt 0.343415 0.752968
vt 0.405529 0.750274
vt 0.427980 0.767620
vt 0.379242 0.728170
vt 0.322429 0.783589
vt 0.335267 0.758535
vt 0.478246 0.654264
vt 0.480022 0.660143
vt 0.463438 0.658681
vt 0.398443 0.647381
vt 0.409756 0.614011
vt 0.401572 0.629523
vt 0.400660 0.677457
vt 0.397427 0.665742
vt 0.428411 0.621137
vt 0.437199 0.637203
vt 0.320705 0.771749
vt 0.311584 0.785882
vt 0.310395 0.782300
vt 0.373995 0.770766
vt 0.360217 0.736064
vt 0.353012 0.739357
vt 0.361032 0.774339
vt 0.350163 0.776542
vt 0.519987 0.720306
vt 0.495876 0.710263
vt 0.525421 0.709920
vt 0.510677 0.731572
vt 0.472659 0.720253
vt 0.408713 0.607681
vt 0.366625 0.775007
vt 0.485150 0.695829
vt 0.392186 0.711128
vt 0.334891 0.784281
vt 0.503126 0.695539
vt 0.513477 0.702967
vt 0.396861 0.697549
vt 0.495421 0.689829
vt 0.530983 0.752605
vt 0.526343 0.758845
vt 0.534903 0.712249
vt 0.543723 0.715504
vt 0.559947 0.740626
vt 0.549470 0.745834
vt 0.541813 0.751232
vt 0.383399 0.773398
vt 0.562939 0.720340
vt 0.596702 0.732674
vt 0.584471 0.735133
vt 0.570802 0.724393
vt 0.328174 0.763302
vt 0.563476 0.736766
vt 0.442148 0.645058
vt 0.485682 0.673981
vt 0.398346 0.774912
vt 0.417395 0.585737
vt 0.408102 0.593263
vt 0.835434 0.227607
vt 0.869780 0.172256
vt 0.868068 0.185162
vt 0.863022 0.148209
vt 0.873601 0.167141
vt 0.160328 0.275396
vt 0.218319 0.336750
vt 0.860767 0.207601
vt 0.862648 0.196345
vt 0.868781 0.293302
vt 0.195799 0.413631
vt 0.193575 0.418266
vt 0.838516 0.132794
vt 0.138827 0.367601
vt 0.138673 0.308487
vt 0.142631 0.389473
vt 0.202984 0.371771
vt 0.697152 0.091731
vt 0.696677 0.087496
vt 0.703324 0.074749
vt 0.765682 0.087637
vt 0.762924 0.068367
vt 0.771884 0.070643
vt 0.719588 0.060655
vt 0.728534 0.061902
vt 0.716512 0.067589
vt 0.724313 0.058156
vt 0.782377 0.128085
vt 0.829510 0.118492
vt 0.716457 0.113322
vt 0.706996 0.099991
vt 0.773498 0.112754
vt 0.764378 0.110807
vt 0.778707 0.110330
vt 0.788121 0.106084
vt 0.786592 0.111819
vt 0.752623 0.062459
vt 0.745441 0.097957
vt 0.780747 0.097233
vt 0.774507 0.074309
vt 0.773350 0.081057
vt 0.755426 0.103629
vt 0.778856 0.091162
vt 0.738715 0.102816
vt 0.760867 0.107877
vt 0.774441 0.066153
vt 0.711644 0.111585
vt 0.709193 0.070213
vt 0.744771 0.057468
vt 0.723520 0.107495
vt 0.760366 0.061508
vt 0.700929 0.097680
vt 0.691431 0.081469
vt 0.157662 0.638374
vt 0.111752 0.616433
vt 0.100597 0.586727
vt 0.097527 0.571474
vt 0.130158 0.561820
vt 0.079873 0.635578
vt 0.066584 0.652263
vt 0.072579 0.639624
vt 0.151730 0.609045
vt 0.108365 0.535365
vt 0.132161 0.535678
vt 0.151007 0.534699
vt 0.082566 0.542914
vt 0.080342 0.556020
vt 0.096135 0.603712
vt 0.173119 0.674390
vt 0.177924 0.641720
vt 0.144949 0.660690
vt 0.107155 0.670172
vt 0.162107 0.535406
vt 0.187765 0.545509
vt 0.188620 0.567636
vt 0.139601 0.531501
vt 0.169288 0.684868
vt 0.154637 0.701729
vt 0.157460 0.688164
vt 0.082873 0.577609
vt 0.081887 0.678403
vt 0.069026 0.664127
vt 0.525556 0.784583
vt 0.847782 0.227261
vt 0.846890 0.927637
vt 0.902608 0.874568
vt 0.899076 0.875830
vt 0.901829 0.873494
vt 0.906769 0.874534
vt 0.911306 0.877328
vt 0.848893 0.928348
vt 0.850125 0.931745
vt 0.908306 0.912650
vt 0.904669 0.915474
vt 0.907873 0.908616
vt 0.909861 0.920929
vt 0.835200 0.927432
vt 0.835967 0.925608
vt 0.913102 0.927006
vt 0.907186 0.930463
vt 0.857244 0.928582
vt 0.855715 0.927404
vt 0.860297 0.928570
vt 0.881613 0.872513
vt 0.885276 0.869661
vt 0.885025 0.871959
vt 0.445900 0.028580
vt 0.832918 0.930701
vt 0.904415 0.898612
vt 0.873827 0.883397
vt 0.884431 0.879359
vt 0.876556 0.881974
vt 0.878217 0.877924
vt 0.897263 0.878879
vt 0.897729 0.876397
vt 0.852227 0.930146
vt 0.882291 0.295614
vt 0.869901 0.931490
vt 0.873061 0.929653
vt 0.872980 0.930841
vt 0.853509 0.878804
vt 0.855210 0.878900
vt 0.854253 0.881998
vt 0.863789 0.882693
vt 0.845314 0.901378
vt 0.846643 0.888920
vt 0.867627 0.928381
vt 0.866378 0.930958
vt 0.865560 0.929545
vt 0.896605 0.875788
vt 0.894862 0.876674
vt 0.914319 0.931520
vt 0.891499 0.878538
vt 0.904985 0.884817
vt 0.854784 0.929501
vt 0.868483 0.932156
vt 0.913669 0.212987
vt 0.456430 0.037513
vt 0.865158 0.926636
vt 0.916208 0.888770
vt 0.909838 0.887548
vt 0.916194 0.885200
vt 0.916635 0.892580
vt 0.911487 0.894444
vt 0.910750 0.901446
vt 0.879507 0.876108
vt 0.913241 0.916250
vt 0.837641 0.915893
vt 0.848818 0.883170
vt 0.904744 0.878889
vt 0.890620 0.875237
vt 0.900572 0.873825
vt 0.902193 0.872414
vt 0.836065 0.921614
vt 0.915101 0.881851
vt 0.878032 0.927695
vt 0.837275 0.906587
vt 0.842974 0.894571
vt 0.887149 0.874530
vt 0.889568 0.876046
vt 0.880023 0.874125
vt 0.907766 0.932916
vt 0.904307 0.931148
vt 0.899916 0.928030
vt 0.870166 0.882791
vt 0.880336 0.872401
vt 0.883066 0.928556
vt 0.881768 0.930455
vt 0.890843 0.928301
vt 0.895002 0.929736
vt 0.893542 0.931087
vt 0.888006 0.931213
vt 0.889454 0.932649
vt 0.891320 0.931990
vt 0.896883 0.929100
vt 0.899657 0.929947
vt 0.874567 0.929264
vt 0.911469 0.931270
vt 0.909495 0.931729
vt 0.418407 0.159858
vt 0.434395 0.165912
vt 0.871650 0.932272
vt 0.748687 0.039555
vt 0.752984 0.039017
vt 0.759812 0.055523
vt 0.801205 0.030024
vt 0.801375 0.036207
vt 0.792465 0.023122
vt 0.781560 0.017990
vt 0.786868 0.025236
vt 0.772029 0.020909
vt 0.789790 0.030143
vt 0.787661 0.019144
vt 0.749529 0.038423
vt 0.793396 0.062644
vt 0.801925 0.061033
vt 0.797693 0.064924
vt 0.753076 0.056203
vt 0.748387 0.054848
vt 0.742877 0.052630
vt 0.735371 0.040738
vt 0.745336 0.053238
vt 0.740760 0.053403
vt 0.733187 0.050229
vt 0.728548 0.046084
vt 0.737054 0.051907
vt 0.738694 0.053902
vt 0.771732 0.034887
vt 0.757266 0.057962
vt 0.755271 0.058009
vt 0.763637 0.059363
vt 0.776757 0.063269
vt 0.760059 0.035390
vt 0.755471 0.035931
vt 0.746593 0.039334
vt 0.798840 0.050418
vt 0.802732 0.051391
vt 0.802177 0.040985
vt 0.731376 0.039852
vt 0.728233 0.040782
vt 0.726339 0.043310
vt 0.725429 0.040882
vt 0.737975 0.040276
vt 0.736715 0.038354
vt 0.744475 0.037752
vt 0.787137 0.062964
vt 0.783047 0.061896
vt 0.791061 0.065572
vt 0.762879 0.032451
vt 0.762138 0.023639
vt 0.739553 0.036314
vt 0.765033 0.018914
vt 0.385766 0.160590
vt 0.183758 0.536661
vt 0.169663 0.530073
vt 0.129174 0.714769
vt 0.120512 0.705402
vt 0.455556 0.100965
vt 0.449536 0.098935
vt 0.088463 0.624577
vt 0.446772 0.101990
vt 0.087362 0.617340
vt 0.088608 0.537638
vt 0.381406 0.044859
vt 0.470379 0.090017
vt 0.462532 0.092157
vt 0.189279 0.608028
vt 0.187508 0.615978
vt 0.186008 0.599013
vt 0.485594 0.062035
vt 0.104840 0.690970
vt 0.929483 0.772089
vt 0.925095 0.785599
vt 0.926063 0.778731
vt 0.924856 0.782244
vt 0.947379 0.792121
vt 0.928052 0.789765
vt 0.924540 0.773735
vt 0.923387 0.776902
vt 0.919695 0.768797
vt 0.919019 0.766572
vt 0.181857 0.595581
vt 0.191677 0.633125
vt 0.110461 0.703024
vt 0.198191 0.641524
vt 0.191016 0.650789
vt 0.850878 0.252731
vt 0.629953 0.705754
vt 0.624830 0.706038
vt 0.431750 0.104174
vt 0.268305 0.035209
vt 0.267602 0.039147
vt 0.904029 0.590196
vt 0.905244 0.597535
vt 0.898282 0.586215
vt 0.894102 0.577075
vt 0.898906 0.580412
vt 0.192831 0.555562
vt 0.870037 0.608907
vt 0.907294 0.604912
vt 0.915116 0.613847
vt 0.881382 0.659573
vt 0.893074 0.667290
vt 0.883496 0.667655
vt 0.884578 0.672451
vt 0.882164 0.326929
vt 0.877800 0.322785
vt 0.880591 0.320197
vt 0.096863 0.539752
vt 0.877683 0.591866
vt 0.870223 0.597234
vt 0.885555 0.580149
vt 0.886087 0.679846
vt 0.855071 0.638234
vt 0.859308 0.637620
vt 0.852365 0.639788
vt 0.856892 0.642896
vt 0.857425 0.641316
vt 0.858999 0.642913
vt 0.923245 0.623677
vt 0.921947 0.627587
vt 0.919189 0.621655
vt 0.878293 0.653225
vt 0.912890 0.643384
vt 0.907608 0.664813
vt 0.268538 0.031512
vt 0.869532 0.633755
vt 0.915350 0.620120
vt 0.923407 0.632335
vt 0.921428 0.643363
vt 0.274042 0.020781
vt 0.916290 0.648396
vt 0.917569 0.655044
vt 0.410041 0.860733
vt 0.418877 0.866369
vt 0.406473 0.858044
vt 0.421243 0.872795
vt 0.359113 0.817969
vt 0.375512 0.822840
vt 0.344498 0.819255
vt 0.352213 0.820211
vt 0.872411 0.307839
vt 0.876078 0.310935
vt 0.869302 0.325934
vt 0.865906 0.616080
vt 0.863885 0.634179
vt 0.867293 0.646268
vt 0.893453 0.677865
vt 0.861463 0.645280
vt 0.320213 0.835805
vt 0.324465 0.826966
vt 0.335859 0.825731
vt 0.308964 0.885325
vt 0.302960 0.866021
vt 0.425503 0.878690
vt 0.387740 0.912586
vt 0.426886 0.567514
vt 0.423268 0.549475
vt 0.382929 0.824175
vt 0.401339 0.837326
vt 0.872825 0.629459
vt 0.870784 0.623119
vt 0.332944 0.905608
vt 0.422035 0.911368
vt 0.421742 0.918350
vt 0.312639 0.894466
vt 0.407310 0.913786
vt 0.415643 0.918434
vt 0.877936 0.315353
vt 0.347327 0.914096
vt 0.395793 0.828631
vt 0.185457 0.435084
vt 0.180452 0.424446
vt 0.194766 0.420122
vt 0.876161 0.585212
vt 0.268067 0.498989
vt 0.282436 0.468221
vt 0.275541 0.494615
vt 0.202848 0.450016
vt 0.209585 0.395383
vt 0.227217 0.422217
vt 0.900044 0.668135
vt 0.894079 0.671238
vt 0.909338 0.669439
vt 0.904231 0.670461
vt 0.240372 0.469173
vt 0.191270 0.472293
vt 0.229890 0.439674
vt 0.390651 0.553161
vt 0.184432 0.450166
vt 0.431695 0.250033
vt 0.570254 0.748889
vt 0.951042 0.772946
vt 0.945993 0.781101
vt 0.934566 0.769629
vt 0.854776 0.514089
vt 0.866085 0.519030
vt 0.865759 0.524778
vt 0.471873 0.249629
vt 0.489208 0.253462
vt 0.138653 0.833583
vt 0.147650 0.826051
vt 0.180901 0.845610
vt 0.922672 0.771380
vt 0.960216 0.789155
vt 0.965462 0.787244
vt 0.951730 0.783632
vt 0.956244 0.790220
vt 0.951978 0.788085
vt 0.853281 0.608542
vt 0.867471 0.599836
vt 0.866263 0.606536
vt 0.863531 0.579834
vt 0.277871 0.590582
vt 0.303119 0.546590
vt 0.205844 0.891690
vt 0.538198 0.162205
vt 0.132086 0.843482
vt 0.932668 0.792944
vt 0.126530 0.848893
vt 0.146883 0.877542
vt 0.119241 0.851162
vt 0.164288 0.805945
vt 0.203668 0.848113
vt 0.151912 0.815645
vt 0.405468 0.513961
vt 0.158402 0.875203
vt 0.413067 0.521456
vt 0.194568 0.797303
vt 0.181651 0.774730
vt 0.196377 0.779406
vt 0.167392 0.792858
vt 0.174225 0.778523
vt 0.220781 0.882360
vt 0.236413 0.873164
vt 0.231604 0.882012
vt 0.118844 0.864789
vt 0.814317 0.597390
vt 0.403301 0.582535
vt 0.868271 0.593647
vt 0.273508 0.638093
vt 0.269578 0.648098
vt 0.863705 0.828026
vt 0.867547 0.827529
vt 0.863079 0.829898
vt 0.274376 0.668776
vt 0.867758 0.824102
vt 0.838465 0.230241
vt 0.845824 0.604889
vt 0.194834 0.597928
vt 0.223998 0.590037
vt 0.226498 0.603154
vt 0.846409 0.622086
vt 0.806566 0.606233
vt 0.814310 0.569581
vt 0.807852 0.571596
vt 0.867938 0.531322
vt 0.323640 0.609923
vt 0.278373 0.383152
vt 0.232209 0.923509
vt 0.218115 0.928705
vt 0.216899 0.921024
vt 0.872988 0.822029
vt 0.274138 0.918441
vt 0.246360 0.922132
vt 0.268551 0.895978
vt 0.188440 0.904103
vt 0.203537 0.910889
vt 0.181906 0.917689
vt 0.258175 0.868828
vt 0.275537 0.882728
vt 0.869487 0.822524
vt 0.862900 0.825817
vt 0.176210 0.905474
vt 0.183551 0.902874
vt 0.867243 0.543322
vt 0.283800 0.894419
vt 0.226242 0.905403
vt 0.238806 0.884164
vt 0.245350 0.928069
vt 0.243275 0.931834
vt 0.214248 0.908135
vt 0.196344 0.902128
vt 0.191977 0.902980
vt 0.255443 0.857696
vt 0.251519 0.863391
vt 0.272591 0.873288
vt 0.278685 0.874955
vt 0.265826 0.927882
vt 0.256705 0.925914
vt 0.290241 0.922002
vt 0.255676 0.933842
vt 0.250409 0.929003
vt 0.232567 0.895131
vt 0.242620 0.878113
vt 0.209884 0.907368
vt 0.266120 0.864111
vt 0.260849 0.860851
vt 0.266845 0.868323
vt 0.233625 0.933547
vt 0.207100 0.900891
vt 0.258672 0.857791
vt 0.200052 0.900478
vt 0.214419 0.913422
vt 0.218233 0.896983
vt 0.124515 0.890851
vt 0.109377 0.872396
vt 0.229795 0.860077
vt 0.237796 0.864316
vt 0.401372 0.183516
vt 0.392830 0.177100
vt 0.217474 0.889364
vt 0.413972 0.240802
vt 0.421262 0.249395
vt 0.245104 0.871508
vt 0.180019 0.879207
vt 0.164390 0.875350
vt 0.835341 0.545323
vt 0.106344 0.890363
vt 0.170137 0.773777
vt 0.097709 0.877751
vt 0.216972 0.841299
vt 0.225393 0.846265
vt 0.213754 0.824416
vt 0.214660 0.835196
vt 0.205180 0.809353
vt 0.085583 0.121721
vt 0.094363 0.104395
vt 0.106556 0.100675
vt 0.450204 0.170727
vt 0.425955 0.029951
vt 0.127871 0.844242
vt 0.164754 0.798376
vt 0.487671 0.080664
vt 0.483625 0.072343
vt 0.193640 0.892516
vt 0.856332 0.510179
vt 0.218587 0.831183
vt 0.406924 0.186019
vt 0.863235 0.831725
vt 0.695101 0.326836
vt 0.851187 0.516741
vt 0.572513 0.410028
vt 0.488260 0.342927
vt 0.413019 0.246626
vt 0.445532 0.166407
vt 0.586861 0.377106
vt 0.039958 0.429173
vt 0.037468 0.429352
vt 0.038367 0.430458
vt 0.779284 0.658310
vt 0.783486 0.666374
vt 0.774642 0.658723
vt 0.852567 0.664357
vt 0.863987 0.674477
vt 0.862275 0.685033
vt 0.848917 0.741573
vt 0.828437 0.754303
vt 0.804968 0.729661
vt 0.841269 0.755382
vt 0.811286 0.685980
vt 0.831724 0.709325
vt 0.786208 0.724119
vt 0.776214 0.721695
vt 0.775334 0.706952
vt 0.830393 0.633746
vt 0.790451 0.621196
vt 0.817610 0.622301
vt 0.783087 0.687535
vt 0.788056 0.682053
vt 0.836307 0.679550
vt 0.864688 0.727497
vt 0.853805 0.644187
vt 0.856124 0.648956
vt 0.848897 0.644728
vt 0.839179 0.637939
vt 0.863251 0.693846
vt 0.865915 0.701070
vt 0.862891 0.706901
vt 0.866212 0.716441
vt 0.767113 0.719896
vt 0.769054 0.711360
vt 0.792086 0.676197
vt 0.794930 0.729596
vt 0.819850 0.657257
vt 0.782245 0.644339
vt 0.862496 0.667412
vt 0.863211 0.650721
vt 0.238423 0.451407
vt 0.190698 0.500540
vt 0.194226 0.533879
vt 0.195832 0.519783
vt 0.256997 0.522771
vt 0.229493 0.544993
vt 0.844504 0.531959
vt 0.843338 0.538090
vt 0.786035 0.625261
vt 0.188868 0.509280
vt 0.541263 0.156228
vt 0.530427 0.160193
vt 0.244883 0.534539
vt 0.464475 0.252029
vt 0.783005 0.649204
vt 0.512998 0.162682
vt 0.250168 0.533108
vt 0.795971 0.120282
vt 0.474946 0.326161
vt 0.472191 0.312479
vt 0.480981 0.317528
vt 0.601264 0.269350
vt 0.553455 0.268900
vt 0.556196 0.258710
vt 0.570731 0.255928
vt 0.410834 0.264792
vt 0.410834 0.258992
vt 0.416476 0.259862
vt 0.420328 0.257147
vt 0.425034 0.257054
vt 0.417851 0.266301
vt 0.427777 0.276918
vt 0.416110 0.272941
vt 0.442027 0.276247
vt 0.428401 0.256081
vt 0.444184 0.259015
vt 0.560852 0.286507
vt 0.572489 0.280753
vt 0.552271 0.310387
vt 0.559851 0.312155
vt 0.591098 0.275823
vt 0.463491 0.295572
vt 0.516632 0.307629
vt 0.464352 0.301797
vt 0.497273 0.265186
vt 0.490529 0.258922
vt 0.498647 0.262098
vt 0.521683 0.270273
vt 0.496584 0.284545
vt 0.457674 0.257592
vt 0.453491 0.276712
vt 0.470449 0.263584
vt 0.488115 0.309535
vt 0.483103 0.316077
vt 0.527608 0.276185
vt 0.554980 0.299311
vt 0.456424 0.286397
vt 0.532731 0.272405
vt 0.543416 0.269099
vt 0.549004 0.264914
vt 0.538662 0.270922
vt 0.540451 0.311762
vt 0.502520 0.304442
vt 0.535395 0.310350
vt 0.603135 0.254797
vt 0.603027 0.258879
vt 0.595236 0.254797
vt 0.585487 0.255648
vt 0.597070 0.261369
vt 0.533063 0.312774
vt 0.236077 0.116013
vt 0.233614 0.112848
vt 0.236424 0.113077
vt 0.234357 0.106468
vt 0.242883 0.114300
vt 0.233328 0.117631
vt 0.262043 0.059034
vt 0.257132 0.057344
vt 0.262640 0.051950
vt 0.253438 0.056068
vt 0.134431 0.167185
vt 0.121816 0.165071
vt 0.844298 0.133159
vt 0.856234 0.140173
vt 0.231666 0.062934
vt 0.223829 0.100609
vt 0.221191 0.071795
vt 0.252344 0.113021
vt 0.253119 0.119581
vt 0.247528 0.117469
vt 0.199053 0.057229
vt 0.195398 0.058638
vt 0.191921 0.053976
vt 0.190652 0.056026
vt 0.190143 0.059584
vt 0.206321 0.060380
vt 0.191976 0.058686
vt 0.192699 0.057612
vt 0.196225 0.071221
vt 0.255416 0.113141
vt 0.209175 0.099290
vt 0.201469 0.088342
vt 0.261551 0.063964
vt 0.262420 0.068455
vt 0.243875 0.060820
vt 0.247917 0.058547
vt 0.250359 0.107666
vt 0.233344 0.115241
vt 0.262230 0.087917
vt 0.259862 0.084290
vt 0.261509 0.085445
vt 0.262514 0.080594
vt 0.258727 0.083519
vt 0.263731 0.077037
vt 0.518470 0.182281
vt 0.261813 0.094687
vt 0.219893 0.064131
vt 0.212019 0.063874
vt 0.263330 0.090400
vt 0.194880 0.074380
vt 0.154777 0.159336
vt 0.150417 0.155872
vt 0.439576 0.112152
vt 0.199973 0.624691
vt 0.203467 0.630098
vt 0.264373 0.065664
vt 0.218325 0.102895
vt 0.211190 0.102044
vt 0.204385 0.097143
vt 0.186397 0.460586
vt 0.177787 0.487165
vt 0.176926 0.449387
vt 0.116357 0.432486
vt 0.114002 0.471931
vt 0.138494 0.522280
vt 0.169312 0.509784
vt 0.163427 0.516563
vt 0.099915 0.516710
vt 0.104560 0.350144
vt 0.120494 0.367209
vt 0.101010 0.364224
vt 0.117517 0.354241
vt 0.177178 0.507057
vt 0.156838 0.415036
vt 0.160061 0.438750
vt 0.089304 0.499590
vt 0.120774 0.527547
vt 0.093227 0.367386
vt 0.133190 0.382376
vt 0.087268 0.386402
vt 0.129887 0.373816
vt 0.084677 0.410341
vt 0.079288 0.422299
vt 0.068999 0.473144
vt 0.080389 0.434031
vt 0.072568 0.443023
vt 0.074967 0.465281
vt 0.198406 0.631231
vt 0.191890 0.619963
vt 0.214418 0.637332
vt 0.206088 0.665852
vt 0.198122 0.679403
vt 0.200597 0.643134
vt 0.200001 0.677904
vt 0.188674 0.460233
vt 0.842452 0.544343
vt 0.761859 0.571425
vt 0.747219 0.543184
vt 0.752811 0.536412
vt 0.757871 0.574779
vt 0.832209 0.482747
vt 0.831441 0.496598
vt 0.799008 0.491565
vt 0.769944 0.492253
vt 0.782915 0.507771
vt 0.768242 0.503149
vt 0.758372 0.522831
vt 0.799810 0.552944
vt 0.787783 0.537093
vt 0.816673 0.548100
vt 0.736980 0.573683
vt 0.735925 0.567460
vt 0.742500 0.551713
vt 0.815793 0.456969
vt 0.829765 0.459703
vt 0.830592 0.518546
vt 0.753495 0.529297
vt 0.795476 0.458069
vt 0.835468 0.488877
vt 0.763199 0.516949
vt 0.764302 0.507112
vt 0.769437 0.456468
vt 0.784077 0.456886
vt 0.830901 0.444035
vt 0.821082 0.451145
vt 0.824989 0.442546
vt 0.828543 0.440124
vt 0.836011 0.477677
vt 0.759769 0.458855
vt 0.763169 0.468326
vt 0.762389 0.477911
vt 0.828110 0.534653
vt 0.831038 0.543593
vt 0.835157 0.531251
vt 0.835585 0.509500
vt 0.769557 0.572054
vt 0.783883 0.566961
vt 0.793246 0.560094
vt 0.930869 0.577266
vt 0.930625 0.587319
vt 0.931474 0.580922
vt 0.937119 0.562249
vt 0.928422 0.555199
vt 0.929487 0.552884
vt 0.935642 0.586905
vt 0.959471 0.589435
vt 0.974272 0.577908
vt 0.939603 0.568856
vt 0.965787 0.586953
vt 0.954298 0.554199
vt 0.978228 0.573376
vt 0.945077 0.596680
vt 0.937361 0.597377
vt 0.924651 0.564576
vt 0.920262 0.556772
vt 0.929472 0.566066
vt 0.926383 0.566371
vt 0.921061 0.562488
vt 0.948858 0.549045
vt 0.942294 0.556186
vt 0.940571 0.545549
vt 0.971516 0.584372
vt 0.928669 0.551163
vt 0.931963 0.548190
vt 0.943856 0.539737
vt 0.941698 0.541923
vt 0.917953 0.560154
vt 0.978952 0.580904
vt 0.923700 0.555465
vt 0.917111 0.562337
vt 0.916273 0.557962
vt 0.914309 0.559774
vt 0.966717 0.538662
vt 0.960631 0.538662
vt 0.934890 0.544172
vt 0.943450 0.537051
vt 0.947521 0.534519
vt 0.957200 0.537859
vt 0.952120 0.535151
vt 0.954650 0.536303
vt 0.952094 0.530585
vt 0.933597 0.570923
vt 0.933363 0.568066
vt 0.947852 0.531460
vt 0.921596 0.564508
vt 0.972243 0.541198
vt 0.975787 0.549948
vt 0.983430 0.552931
vt 0.975810 0.539070
vt 0.978447 0.542228
vt 0.979820 0.558408
vt 0.983371 0.562422
vt 0.984668 0.569407
vt 0.937249 0.543363
vt 0.227390 0.611529
vt 0.222696 0.579948
vt 0.195837 0.556605
vt 0.225136 0.571766
vt 0.325998 0.822310
vt 0.334871 0.815553
vt 0.332391 0.821558
vt 0.289279 0.819285
vt 0.310517 0.787940
vt 0.307088 0.827691
vt 0.282663 0.786237
vt 0.285443 0.808173
vt 0.289175 0.770017
vt 0.326264 0.790945
vt 0.338816 0.808694
vt 0.321541 0.825377
vt 0.306704 0.786241
vt 0.283865 0.890538
vt 0.288611 0.880019
vt 0.293975 0.875274
vt 0.302333 0.833118
vt 0.292923 0.831890
vt 0.293156 0.854532
vt 0.289699 0.886479
vt 0.287128 0.892398
vt 0.284272 0.865605
vt 0.296228 0.862248
vt 0.293142 0.883377
vt 0.303457 0.761894
vt 0.308618 0.773318
vt 0.292007 0.890196
vt 0.337977 0.798782
vt 0.346653 0.802791
vt 0.331956 0.799997
vt 0.299924 0.859067
vt 0.298448 0.861477
vt 0.298951 0.857786
vt 0.294252 0.877099
vt 0.301451 0.846496
vt 0.319581 0.788737
vt 0.297806 0.762361
vt 0.288164 0.891087
vt 0.307787 0.763687
vt 0.289622 0.858794
vt 0.286444 0.885776
vt 0.288007 0.881814
vt 0.201735 0.409663
vt 0.219330 0.648264
vt 0.093480 0.693623
vt 0.088685 0.686864
vt 0.094674 0.686937
vt 0.091193 0.698918
vt 0.091237 0.703417
vt 0.066878 0.698482
vt 0.082870 0.727009
vt 0.100408 0.708388
vt 0.098512 0.720618
vt 0.226693 0.641750
vt 0.225971 0.650094
vt 0.227675 0.627125
vt 0.486950 0.161137
vt 0.499198 0.161052
vt 0.481786 0.165911
vt 0.194004 0.576565
vt 0.415288 0.190287
vt 0.189962 0.588576
vt 0.228892 0.552528
vt 0.061277 0.724785
vt 0.099752 0.730124
vt 0.192633 0.565473
vt 0.059685 0.727960
vt 0.930042 0.226969
vt 0.926911 0.224445
vt 0.924153 0.219388
vt 0.940280 0.166940
vt 0.932475 0.160341
vt 0.940658 0.163984
vt 0.936553 0.228802
vt 0.926876 0.212324
vt 0.931864 0.212195
vt 0.928332 0.226974
vt 0.252857 0.453082
vt 0.873603 0.190907
vt 0.906371 0.184841
vt 0.877769 0.198273
vt 0.921326 0.215344
vt 0.918386 0.208011
vt 0.936666 0.158540
vt 0.938705 0.159137
vt 0.914557 0.206974
vt 0.897328 0.177755
vt 0.900732 0.174113
vt 0.901498 0.150755
vt 0.899743 0.161687
vt 0.897653 0.158069
vt 0.907587 0.163826
vt 0.938281 0.226014
vt 0.897802 0.170688
vt 0.924132 0.165239
vt 0.915678 0.155781
vt 0.257966 0.527835
vt 0.926793 0.189308
vt 0.928339 0.195119
vt 0.884421 0.202726
vt 0.912156 0.194989
vt 0.891602 0.203037
vt 0.261402 0.454906
vt 0.278713 0.456727
vt 0.711129 0.014037
vt 0.704989 0.020727
vt 0.579584 0.742319
vt 0.682790 0.043029
vt 0.679760 0.039940
vt 0.682889 0.035360
vt 0.713513 0.043555
vt 0.694200 0.036200
vt 0.719831 0.010540
vt 0.733938 0.017121
vt 0.685120 0.044767
vt 0.708749 0.010545
vt 0.706919 0.010179
vt 0.710800 0.009817
vt 0.713160 0.010161
vt 0.694727 0.030692
vt 0.725364 0.031366
vt 0.821437 0.753679
vt 0.812343 0.744426
vt 0.910735 0.204055
vt 0.902151 0.205357
vt 0.898629 0.201602
vt 0.933088 0.228959
vt 0.933387 0.231113
vt 0.932751 0.231993
vt 0.692666 0.045048
vt 0.701201 0.049540
vt 0.885277 0.199210
vt 0.934974 0.205458
vt 0.942362 0.166584
vt 0.941847 0.170226
vt 0.689307 0.035366
vt 0.938970 0.213664
vt 0.942274 0.202914
vt 0.719812 0.041030
vt 0.691039 0.025507
vt 0.908245 0.150909
vt 0.687839 0.045352
vt 0.695297 0.049366
vt 0.733932 0.029816
vt 0.708035 0.047879
vt 0.739286 0.024763
vt 0.918787 0.179906
vt 0.931360 0.180669
vt 0.585590 0.741806
vt 0.680255 0.042287
vt 0.218149 0.653869
vt 0.186600 0.490607
vt 0.535415 0.215221
vt 0.532197 0.218699
vt 0.530051 0.208107
vt 0.703083 0.318383
vt 0.698078 0.322116
vt 0.699121 0.469364
vt 0.697821 0.476519
vt 0.702272 0.438096
vt 0.659295 0.367013
vt 0.659339 0.342602
vt 0.683327 0.490303
vt 0.703624 0.419803
vt 0.833826 0.760692
vt 0.517312 0.350549
vt 0.566501 0.340363
vt 0.555284 0.339868
vt 0.933145 0.226299
vt 0.891490 0.179345
vt 0.925761 0.222800
vt 0.390013 0.377084
vt 0.919672 0.212057
vt 0.924027 0.156760
vt 0.854298 0.410222
vt 0.886903 0.399807
vt 0.887787 0.406291
vt 0.837377 0.387982
vt 0.810754 0.404509
vt 0.811453 0.390196
vt 0.890390 0.386131
vt 0.597620 0.406305
vt 0.561948 0.336769
vt 0.430723 0.519794
vt 0.424019 0.518933
vt 0.443845 0.488360
vt 0.446621 0.509742
vt 0.444474 0.523206
vt 0.442624 0.504434
vt 0.826146 0.410689
vt 0.845446 0.428633
vt 0.830557 0.421504
vt 0.799005 0.399347
vt 0.788314 0.397994
vt 0.784448 0.394935
vt 0.419412 0.020991
vt 0.413425 0.022523
vt 0.846355 0.371585
vt 0.441504 0.614730
vt 0.441222 0.583014
vt 0.443042 0.602178
vt 0.187018 0.888976
vt 0.416812 0.024756
vt 0.442905 0.542185
vt 0.441860 0.553039
vt 0.429454 0.548729
vt 0.441276 0.532342
vt 0.411184 0.498920
vt 0.420605 0.512684
vt 0.409553 0.512642
vt 0.835603 0.371706
vt 0.826266 0.377552
vt 0.402472 0.401922
vt 0.404978 0.393431
vt 0.404831 0.409060
vt 0.411011 0.023109
vt 0.410955 0.017475
vt 0.524883 0.217853
vt 0.407068 0.386207
vt 0.415345 0.388874
vt 0.420717 0.026275
vt 0.442302 0.566908
vt 0.431095 0.576948
vt 0.428912 0.564754
vt 0.535619 0.769601
vt 0.539344 0.766159
vt 0.885436 0.378889
vt 0.844566 0.432898
vt 0.852361 0.444476
vt 0.794931 0.392713
vt 0.859393 0.460822
vt 0.866521 0.460956
vt 0.842632 0.445441
vt 0.836638 0.467583
vt 0.838642 0.458262
vt 0.843525 0.468246
vt 0.534325 0.774014
vt 0.448776 0.476029
vt 0.863651 0.354038
vt 0.457647 0.414620
vt 0.465621 0.419103
vt 0.459233 0.426836
vt 0.875107 0.419850
vt 0.874547 0.426367
vt 0.883063 0.412197
vt 0.870271 0.434060
vt 0.446934 0.516831
vt 0.438904 0.403922
vt 0.462141 0.432426
vt 0.457346 0.439400
vt 0.456778 0.459135
vt 0.454836 0.468632
vt 0.866668 0.444401
vt 0.888224 0.369258
vt 0.881000 0.355147
vt 0.447592 0.482311
vt 0.039190 0.879590
vt 0.038594 0.877116
vt 0.040498 0.876112
vt 0.434544 0.621239
vt 0.433758 0.626498
vt 0.427688 0.434224
vt 0.453190 0.408295
vt 0.441376 0.625832
vt 0.464251 0.413440
vt 0.406498 0.437005
vt 0.565515 0.751499
vt 0.464192 0.450588
vt 0.041909 0.905013
vt 0.032042 0.901890
vt 0.040369 0.900885
vt 0.038213 0.895300
vt 0.040562 0.897193
vt 0.383972 0.162710
vt 0.384671 0.171010
vt 0.375271 0.162596
vt 0.512319 0.222048
vt 0.514871 0.228399
vt 0.429633 0.603926
vt 0.424990 0.587377
vt 0.430525 0.614479
vt 0.536727 0.208915
vt 0.540826 0.213420
vt 0.430230 0.619257
vt 0.836242 0.462587
vt 0.037574 0.889185
vt 0.034477 0.887155
vt 0.038519 0.886203
vt 0.036390 0.882862
vt 0.850864 0.470278
vt 0.404122 0.454013
vt 0.403554 0.471810
vt 0.409311 0.488555
vt 0.405324 0.480860
vt 0.035541 0.878796
vt 0.407875 0.494973
vt 0.424684 0.854393
vt 0.415361 0.827704
vt 0.433662 0.847627
vt 0.400969 0.795936
vt 0.405639 0.783672
vt 0.452452 0.808433
vt 0.426836 0.775599
vt 0.436197 0.768003
vt 0.475907 0.841851
vt 0.476186 0.840640
vt 0.501784 0.834841
vt 0.462749 0.781438
vt 0.454565 0.779909
vt 0.459286 0.778860
vt 0.521938 0.843487
vt 0.508776 0.835916
vt 0.514671 0.825133
vt 0.506444 0.857057
vt 0.506847 0.844319
vt 0.503317 0.850412
vt 0.473417 0.789187
vt 0.419761 0.858616
vt 0.412055 0.852636
vt 0.439760 0.846535
vt 0.414314 0.784717
vt 0.405971 0.841833
vt 0.407288 0.834913
vt 0.491101 0.850332
vt 0.455786 0.848637
vt 0.504156 0.821319
vt 0.541120 0.851582
vt 0.532169 0.836599
vt 0.539141 0.839536
vt 0.465312 0.843421
vt 0.471844 0.838573
vt 0.488365 0.809603
vt 0.493607 0.817896
vt 0.461728 0.850025
vt 0.402301 0.788486
vt 0.475477 0.801620
vt 0.407282 0.851273
vt 0.410414 0.846082
vt 0.445609 0.849334
vt 0.479443 0.843796
vt 0.471570 0.782537
vt 0.518209 0.826115
vt 0.423691 0.781569
vt 0.451323 0.773705
vt 0.444100 0.768754
vt 0.402343 0.825433
vt 0.398636 0.815536
vt 0.390406 0.802762
vt 0.484367 0.846518
vt 0.507669 0.847510
vt 0.497706 0.820573
vt 0.493609 0.812717
vt 0.517059 0.838219
vt 0.523748 0.830602
vt 0.529532 0.832369
vt 0.539503 0.835294
vt 0.537338 0.833946
vt 0.434311 0.395410
vt 0.587080 0.797377
vt 0.038877 0.892351
vt 0.869443 0.440713
vt 0.036597 0.875606
vt 0.409206 0.426055
vt 0.530827 0.785975
vt 0.800706 0.392682
vt 0.802403 0.388217
vt 0.838643 0.452943
vt 0.821501 0.385894
vt 0.873438 0.460246
vt 0.869606 0.466143
vt 0.847325 0.479493
vt 0.874813 0.470266
vt 0.057864 0.740756
vt 0.102990 0.726673
vt 0.062870 0.760325
vt 0.065916 0.780246
vt 0.095985 0.771550
vt 0.084296 0.788872
vt 0.061392 0.770233
vt 0.060367 0.755515
vt 0.883582 0.509038
vt 0.891777 0.545626
vt 0.878171 0.550690
vt 0.926667 0.480363
vt 0.933628 0.483680
vt 0.930655 0.495328
vt 0.933104 0.500957
vt 0.928243 0.507594
vt 0.925294 0.472628
vt 0.919733 0.473101
vt 0.932222 0.505432
vt 0.917717 0.479092
vt 0.910626 0.481657
vt 0.883182 0.556626
vt 0.877922 0.555935
vt 0.870615 0.518919
vt 0.904862 0.476793
vt 0.902564 0.544057
vt 0.874638 0.540980
vt 0.871572 0.535754
vt 0.870521 0.509082
vt 0.871515 0.491543
vt 0.862854 0.500258
vt 0.928257 0.522275
vt 0.931731 0.540069
vt 0.871713 0.548725
vt 0.878494 0.482187
vt 0.872654 0.483106
vt 0.888213 0.549848
vt 0.929324 0.513735
vt 0.895173 0.471810
vt 0.882655 0.474822
vt 0.919608 0.548043
vt 0.912591 0.544506
vt 0.862923 0.201718
vt 0.519334 0.220841
vt 0.482118 0.160456
vt 0.486796 0.151385
vt 0.489085 0.157923
vt 0.460599 0.142871
vt 0.467372 0.152510
vt 0.464873 0.152058
vt 0.431181 0.117658
vt 0.431369 0.112997
vt 0.444151 0.128172
vt 0.478436 0.127683
vt 0.489231 0.136664
vt 0.489125 0.142271
vt 0.421823 0.113267
vt 0.419702 0.118040
vt 0.411314 0.107446
vt 0.405071 0.107239
vt 0.395702 0.103270
vt 0.479279 0.155377
vt 0.489652 0.148206
vt 0.413242 0.154096
vt 0.397911 0.153185
vt 0.402737 0.137249
vt 0.473651 0.154000
vt 0.427866 0.123149
vt 0.471017 0.120007
vt 0.424784 0.112499
vt 0.482264 0.119815
vt 0.485910 0.121691
vt 0.462697 0.152147
vt 0.459318 0.153055
vt 0.445589 0.140362
vt 0.446639 0.117148
vt 0.446882 0.109240
vt 0.453151 0.112544
vt 0.472756 0.102592
vt 0.474756 0.106534
vt 0.470029 0.101919
vt 0.463570 0.105590
vt 0.458240 0.108392
vt 0.464885 0.103735
vt 0.467462 0.101409
vt 0.474542 0.109227
vt 0.392287 0.112447
vt 0.384327 0.123129
vt 0.477015 0.112547
vt 0.481592 0.115565
vt 0.387077 0.108289
vt 0.488322 0.134268
vt 0.456352 0.155985
vt 0.493496 0.130658
vt 0.491878 0.132867
vt 0.459384 0.166810
vt 0.447150 0.164769
vt 0.494565 0.132418
vt 0.441468 0.160130
vt 0.390293 0.149737
vt 0.198510 0.109296
vt 0.186929 0.131337
vt 0.194721 0.127510
vt 0.165228 0.114680
vt 0.184750 0.141659
vt 0.127786 0.093905
vt 0.137883 0.093858
vt 0.176528 0.097885
vt 0.156049 0.092968
vt 0.132373 0.087392
vt 0.117164 0.090673
vt 0.163310 0.085390
vt 0.158116 0.087684
vt 0.190311 0.107662
vt 0.148473 0.084671
vt 0.413205 0.105660
vt 0.413515 0.230193
vt 0.426208 0.896847
vt 0.510560 0.199427
vt 0.426333 0.918260
vt 0.418952 0.197546
vt 0.521576 0.259534
vt 0.512838 0.256262
vt 0.416204 0.201897
vt 0.379771 0.168969
vt 0.370753 0.162471
vt 0.518324 0.782739
vt 0.524523 0.780797
vt 0.064259 0.742561
vt 0.524125 0.177764
s 0
usemtl Material.012
f 2073/1/1 2091/2/2 2087/3/3
f 1298/4/4 1296/5/5 1297/6/6
f 3600/7/7 3598/8/8 3606/9/9
f 3613/10/10 3607/11/11 3614/12/12
f 1282/13/13 1284/14/14 1283/15/15
f 1827/16/16 1828/17/17 1831/18/18
f 1211/19/19 1144/20/20 3764/21/21
f 3248/22/22 3250/23/23 3251/24/24
f 2694/25/25 2687/26/26 3761/27/27
f 458/28/28 453/29/29 3759/30/30
f 81/31/31 82/32/32 84/33/33
f 82/32/34 96/34/35 95/35/36
f 6/36/37 7/37/38 8/38/39
f 9/39/40 10/40/41 11/41/42
f 9/39/43 13/42/44 10/40/45
f 36/43/46 15/44/47 13/42/48
f 15/44/49 16/45/50 13/42/51
f 14/46/52 16/45/53 15/44/54
f 3/47/55 4/48/56 5/49/57
f 10/40/58 13/42/59 19/50/60
f 4/48/61 20/51/62 18/52/63
f 20/51/64 21/53/65 18/52/66
f 5/49/67 4/48/68 18/52/69
f 4/48/70 12/54/71 22/55/72
f 23/56/73 24/57/74 12/54/75
f 4/48/76 3/47/77 12/54/78
f 24/57/79 22/55/80 12/54/81
f 3/47/82 5/49/83 25/58/84
f 25/58/85 29/59/86 2/60/87
f 29/59/88 25/58/89 27/61/90
f 27/61/91 1/62/92 29/59/93
f 33/63/94 26/64/95 30/65/96
f 32/66/97 34/67/98 31/68/99
f 27/61/100 33/63/101 35/69/102
f 30/65/103 17/70/104 33/63/105
f 33/63/106 17/70/107 31/68/108
f 37/71/109 36/43/110 35/69/111
f 26/64/112 27/61/113 28/72/114
f 36/43/115 27/61/116 35/69/117
f 35/69/118 33/63/119 40/73/120
f 39/74/121 33/63/122 34/67/123
f 41/75/124 34/67/125 42/76/126
f 35/69/127 43/77/128 37/71/129
f 43/77/130 38/78/131 37/71/132
f 36/43/133 13/42/134 9/39/135
f 41/75/136 39/74/137 34/67/138
f 7/37/139 6/36/140 29/59/141
f 36/43/142 9/39/143 1/62/144
f 15/44/145 46/79/146 45/80/147
f 15/44/148 36/43/149 46/79/150
f 26/64/151 33/63/152 27/61/153
f 46/79/154 47/81/155 48/82/156
f 3/47/157 25/58/158 2/60/159
f 36/43/160 1/62/161 27/61/162
f 36/43/163 47/81/164 46/79/165
f 9/39/166 44/83/167 49/84/168
f 22/55/169 24/57/170 50/85/171
f 36/43/172 37/71/173 47/81/174
f 1/62/175 7/37/176 29/59/177
f 34/67/178 33/63/179 31/68/180
f 51/86/181 49/84/182 44/83/183
f 53/87/184 5/49/185 54/88/186
f 54/88/187 5/49/188 52/89/189
f 25/58/190 5/49/191 53/87/192
f 11/41/193 44/83/194 9/39/195
f 60/90/196 61/91/197 62/92/198
f 66/93/199 60/90/200 56/94/201
f 3648/95/202 3636/96/203 3635/97/204
f 67/98/205 65/99/206 55/100/207
f 56/94/208 68/101/209 66/93/210
f 63/102/211 58/103/212 69/104/213
f 70/105/214 55/100/215 62/92/216
f 69/104/217 68/101/218 56/94/219
f 71/106/220 72/107/221 69/104/222
f 58/103/223 63/102/224 59/108/225
f 60/90/226 62/92/227 55/100/228
f 64/109/229 59/108/230 63/102/231
f 58/103/232 73/110/233 69/104/234
f 74/111/235 71/106/236 69/104/237
f 69/104/238 56/94/239 74/111/240
f 68/101/241 75/112/242 66/93/243
f 57/113/244 55/100/245 65/99/246
f 56/94/247 55/100/248 57/113/249
f 56/94/250 60/90/251 55/100/252
f 73/110/253 68/101/254 69/104/255
f 1827/16/256 1831/18/257 1837/114/258
f 1189/115/259 1188/116/260 3763/117/261
f 1136/118/262 1140/119/263 1142/120/264
f 560/121/265 559/122/266 562/123/267
f 1136/118/268 1131/124/269 1140/119/270
f 1830/125/271 1834/126/272 1829/127/273
f 2685/128/274 2696/129/275 2684/130/276
f 3600/7/277 3606/9/278 3599/131/279
f 2395/132/280 2398/133/281 2394/134/282
f 1707/135/283 1708/136/284 1709/137/285
f 565/138/286 566/139/287 567/140/288
f 1703/141/289 1700/142/290 1716/143/291
f 455/144/292 3760/145/293 453/29/294
f 2289/146/295 2283/147/296 2247/148/297
f 2050/149/298 2035/150/299 2053/151/300
f 2047/152/301 2054/153/302 2027/154/303
f 2237/155/304 2285/156/305 2288/157/306
f 3440/158/307 3437/159/308 3445/160/309
f 3545/161/310 3553/162/311 3539/163/312
f 3474/164/313 3462/165/314 3442/166/315
f 3448/167/316 3442/166/317 3447/168/318
f 2035/150/319 2031/169/320 2027/154/321
f 3491/170/322 3497/171/323 3484/172/324
f 3461/173/325 3450/174/326 3453/175/327
f 1882/176/328 1889/177/329 1854/178/330
f 1862/179/331 1889/177/332 1882/176/333
f 1890/180/334 1846/181/335 1881/182/336
f 1875/183/337 1887/184/338 1888/185/339
f 2035/150/340 2050/149/341 2051/186/342
f 1866/187/343 1889/177/344 1862/179/345
f 2231/188/346 2240/189/347 2253/190/348
f 2228/191/349 2279/192/350 2231/188/351
f 2252/193/352 2228/191/353 2231/188/354
f 2286/194/355 2287/195/356 2277/196/357
f 2286/194/358 2277/196/359 2262/197/360
f 2263/198/361 2262/197/362 2277/196/363
f 2264/199/364 2284/200/365 2238/201/366
f 2043/202/367 2028/203/368 2035/150/369
f 2053/151/370 2027/154/371 2025/204/372
f 2028/203/373 2043/202/374 2039/205/375
f 2052/206/376 2025/204/377 2027/154/378
f 2039/205/379 2049/207/380 2028/203/381
f 2025/204/382 2023/208/383 2053/151/384
f 2017/209/385 2020/210/386 2019/211/387
f 2042/212/388 2048/213/389 2023/208/390
f 78/214/391 86/215/392 81/31/393
f 78/214/394 81/31/395 80/216/396
f 2053/151/397 2023/208/398 2024/217/399
f 80/216/400 81/31/401 84/33/402
f 2047/152/403 2027/154/404 2046/218/405
f 80/216/406 76/219/407 85/220/408
f 76/219/409 80/216/410 90/221/411
f 89/222/412 80/216/413 83/223/414
f 85/220/415 78/214/416 80/216/417
f 84/33/418 83/223/419 80/216/420
f 87/224/421 88/225/422 77/226/423
f 91/227/424 92/228/425 96/34/426
f 96/34/427 82/32/428 81/31/429
f 91/227/430 96/34/431 98/229/432
f 3432/230/433 3412/231/434 3416/232/435
f 86/215/436 96/34/437 81/31/438
f 3415/233/439 3416/232/440 3409/234/441
f 93/235/442 91/227/443 100/236/444
f 2039/205/445 2043/202/446 2045/237/447
f 99/238/448 98/229/449 86/215/450
f 2035/150/451 2036/239/452 2037/240/453
f 3423/241/454 3420/242/455 3419/243/456
f 86/215/457 98/229/458 96/34/459
f 92/228/460 91/227/461 101/244/462
f 76/219/463 87/224/464 77/226/465
f 92/228/466 95/35/467 96/34/468
f 102/245/469 94/246/470 93/235/471
f 94/246/472 102/245/473 97/247/474
f 91/227/475 93/235/476 101/244/477
f 2044/248/478 2045/237/479 2043/202/480
f 86/215/481 79/249/482 99/238/483
f 76/219/484 90/221/485 87/224/486
f 2034/250/487 2035/150/488 2037/240/489
f 2031/169/490 2035/150/491 2057/251/492
f 2028/203/493 2038/252/494 2035/150/495
f 79/249/496 86/215/497 78/214/498
f 100/236/499 104/253/500 102/245/501
f 93/235/502 100/236/503 102/245/504
f 3430/254/505 3434/255/506 3405/256/507
f 2049/207/508 2039/205/509 2022/257/510
f 2040/258/511 2030/259/512 2041/260/513
f 2035/150/514 2038/252/515 2036/239/516
f 2057/251/517 2035/150/518 2034/250/519
f 2017/209/520 2026/261/521 2020/210/522
f 2021/262/523 2032/263/524 2033/264/525
f 2021/262/526 2024/217/527 2023/208/528
f 2030/259/529 2040/258/530 2031/169/531
f 97/247/532 102/245/533 103/265/534
f 2046/218/535 2027/154/536 2031/169/537
f 1955/266/538 1954/267/539 1997/268/540
f 2009/269/541 2013/270/542 2000/271/543
f 1997/268/544 1962/272/545 2002/273/546
f 1957/274/547 1966/275/548 1969/276/549
f 1961/277/550 1953/278/551 1949/279/552
f 1986/280/553 2015/281/554 1984/282/555
f 1968/283/556 1981/284/557 1982/285/558
f 1969/276/559 1951/286/560 1970/287/561
f 1953/278/562 1951/286/563 1987/288/564
f 1971/289/565 1958/290/566 2014/291/567
f 1958/290/568 2005/292/569 2014/291/570
f 1982/285/571 1979/293/572 1968/283/573
f 2006/294/574 1958/290/575 2007/295/576
f 1951/286/577 1967/296/578 1963/297/579
f 1958/290/580 1954/267/581 2007/295/582
f 2001/298/583 1991/299/584 1995/300/585
f 2001/298/586 2012/301/587 1980/302/588
f 2001/298/589 2009/269/590 2000/271/591
f 1980/302/592 2011/303/593 2008/304/594
f 1980/302/595 2010/305/596 2011/303/597
f 1980/302/598 2009/269/599 2001/298/600
f 1954/267/601 1958/290/602 1997/268/603
f 1963/297/604 1950/306/605 1951/286/606
f 2008/304/607 2009/269/608 1980/302/609
f 1971/289/610 1952/307/611 1958/290/612
f 2005/292/613 1958/290/614 2006/294/615
f 1962/272/616 1960/308/617 2003/309/618
f 1992/310/619 1972/311/620 1950/306/621
f 1969/276/622 1970/287/623 1989/312/624
f 2004/313/625 1967/296/626 1965/314/627
f 1967/296/628 1951/286/629 1965/314/630
f 1993/315/631 1998/316/632 1994/317/633
f 155/318/634 106/319/635 162/320/636
f 117/321/637 115/322/638 116/323/639
f 124/324/640 125/325/641 114/326/642
f 121/327/643 117/321/644 114/326/645
f 125/325/646 124/324/647 118/328/648
f 121/327/649 122/329/650 117/321/651
f 123/330/652 124/324/653 119/331/654
f 124/324/655 114/326/656 117/321/657
f 119/331/658 117/321/659 116/323/660
f 129/332/661 132/333/662 131/334/663
f 134/335/664 107/336/665 133/337/666
f 155/318/667 159/338/668 106/319/669
f 120/339/670 109/340/671 128/341/672
f 127/342/673 128/341/674 109/340/675
f 141/343/676 140/344/677 142/345/678
f 143/346/679 144/347/680 140/344/681
f 135/348/682 137/349/683 155/318/684
f 142/345/685 140/344/686 145/350/687
f 145/350/688 140/344/689 144/347/690
f 143/346/691 140/344/692 139/351/693
f 155/318/694 139/351/695 135/348/696
f 135/348/697 139/351/698 138/352/699
f 111/353/700 162/320/701 106/319/702
f 119/331/703 124/324/704 117/321/705
f 112/354/706 147/355/707 113/356/708
f 152/357/709 151/358/710 148/359/711
f 149/360/712 157/361/713 152/357/714
f 152/357/715 157/361/716 151/358/717
f 151/358/718 153/362/719 150/363/720
f 147/355/721 125/325/722 146/364/723
f 106/319/724 163/365/725 110/366/726
f 156/367/727 136/368/728 154/369/729
f 155/318/730 136/368/731 156/367/732
f 155/318/733 156/367/734 158/370/735
f 137/349/736 136/368/737 155/318/738
f 106/319/739 147/355/740 112/354/741
f 161/371/742 162/320/743 111/353/744
f 114/326/745 125/325/746 106/319/747
f 139/351/748 155/318/749 162/320/750
f 159/338/751 114/326/752 106/319/753
f 147/355/754 106/319/755 125/325/756
f 160/372/757 109/340/758 105/373/759
f 110/366/760 126/374/761 130/375/762
f 164/376/763 165/377/764 110/366/765
f 106/319/766 112/354/767 163/365/768
f 107/336/769 110/366/770 163/365/771
f 134/335/772 108/378/773 107/336/774
f 167/379/775 168/380/776 166/381/777
f 168/380/778 167/379/779 109/340/780
f 168/380/781 109/340/782 160/372/783
f 106/319/784 110/366/785 130/375/786
f 130/375/787 150/363/788 111/353/789
f 177/382/790 120/339/791 171/383/792
f 131/334/793 173/384/794 174/385/795
f 169/386/796 170/387/797 128/341/798
f 120/339/799 128/341/800 170/387/801
f 120/339/802 105/373/803 109/340/804
f 177/382/805 175/388/806 120/339/807
f 105/373/808 120/339/809 175/388/810
f 172/389/811 149/360/812 152/357/813
f 143/346/814 139/351/815 162/320/816
f 177/382/817 178/390/818 164/376/819
f 178/390/820 177/382/821 171/383/822
f 140/344/823 138/352/824 139/351/825
f 143/346/826 161/371/827 176/391/828
f 162/320/829 161/371/830 143/346/831
f 164/376/832 110/366/833 107/336/834
f 150/363/835 130/375/836 151/358/837
f 179/392/838 151/358/839 130/375/840
f 107/336/841 108/378/842 164/376/843
f 130/375/844 131/334/845 174/385/846
f 148/359/847 151/358/848 179/392/849
f 130/375/850 180/393/851 182/394/852
f 181/395/853 180/393/854 130/375/855
f 174/385/856 181/395/857 130/375/858
f 131/334/859 130/375/860 129/332/861
f 106/319/862 130/375/863 111/353/864
f 182/394/865 179/392/866 130/375/867
f 155/318/868 158/370/869 159/338/870
f 164/376/871 178/390/872 165/377/873
f 183/396/874 149/360/875 172/389/876
f 130/375/877 126/374/878 129/332/879
f 2283/147/880 2228/191/881 2247/148/882
f 2254/397/883 2285/156/884 2237/155/885
f 2237/155/886 2236/398/887 2254/397/888
f 2238/201/889 2284/200/890 2275/399/891
f 2283/147/892 2280/400/893 2279/192/894
f 2259/401/895 2249/402/896 2250/403/897
f 1962/272/898 1997/268/899 1958/290/900
f 1856/404/901 1869/405/902 1871/406/903
f 1985/407/904 1984/282/905 1994/317/906
f 1976/408/907 1959/409/908 1969/276/909
f 1966/275/910 1965/314/911 1951/286/912
f 2282/410/913 2271/411/914 2243/412/915
f 1981/284/916 1996/413/917 1982/285/918
f 2000/271/919 1991/299/920 2001/298/921
f 2275/399/922 2250/403/923 2238/201/924
f 1950/306/925 1973/414/926 1987/288/927
f 1978/415/928 1957/274/929 1999/416/930
f 2279/192/931 2280/400/932 2281/417/933
f 1957/274/934 1969/276/935 1959/409/936
f 1985/407/937 1994/317/938 1996/413/939
f 1966/275/940 1951/286/941 1969/276/942
f 2265/418/943 2256/419/944 2262/197/945
f 2255/420/946 2251/421/947 2250/403/948
f 1953/278/949 1970/287/950 1951/286/951
f 2276/422/952 2265/418/953 2278/423/954
f 2256/419/955 2265/418/956 2264/199/957
f 1996/413/958 1981/284/959 1985/407/960
f 1995/300/961 1991/299/962 1990/424/963
f 1987/288/964 1951/286/965 1950/306/966
f 1984/282/967 1993/315/968 1994/317/969
f 1989/312/970 1983/425/971 1969/276/972
f 1953/278/973 1987/288/974 1960/308/975
f 1968/283/976 1979/293/977 1969/276/978
f 1987/288/979 1988/426/980 1960/308/981
f 1984/282/982 1985/407/983 1986/280/984
f 2276/422/952 2264/199/985 2265/418/986
f 2229/427/987 2236/398/988 2235/428/989
f 1969/276/990 1979/293/991 1976/408/992
f 1969/276/993 1983/425/994 1968/283/995
f 1952/307/996 1949/279/997 1953/278/998
f 2273/429/999 2258/430/1000 2274/431/1001
f 2268/432/1002 2259/401/1003 2273/429/1004
f 1980/302/1005 1949/279/1006 2010/305/1007
f 2238/201/1008 2272/433/1009 2256/419/1010
f 2253/190/1011 2240/189/1012 2271/411/1013
f 2250/403/1014 2251/421/1015 2259/401/1016
f 1957/274/1017 1959/409/1018 1977/434/1019
f 2266/435/1020 2260/436/1021 2267/437/1022
f 2264/199/1023 2238/201/1024 2256/419/1025
f 3160/438/1026 3136/439/1027 3148/440/1028
f 3158/441/1029 3177/442/1030 3165/443/1031
f 3175/444/1032 3177/442/1033 3158/441/1034
f 3144/445/1035 3135/446/1036 3166/447/1037
f 3176/448/1038 3165/443/1039 3177/442/1040
f 3157/449/1041 3138/450/1042 3151/451/1043
f 187/452/1044 188/453/1045 189/454/1046
f 184/455/1047 189/454/1048 185/456/1049
f 189/454/1050 192/457/1051 185/456/1052
f 193/458/1053 192/457/1054 189/454/1055
f 191/459/1056 188/453/1057 190/460/1058
f 194/461/1059 189/454/1060 195/462/1061
f 195/462/1062 189/454/1063 186/463/1064
f 189/454/1065 184/455/1066 187/452/1067
f 189/454/1068 194/461/1069 193/458/1070
f 196/464/1071 188/453/1072 187/452/1073
f 188/453/1074 191/459/1075 189/454/1076
f 196/464/1077 197/465/1078 188/453/1079
f 198/466/1080 199/467/1081 200/468/1082
f 191/459/1083 186/463/1084 189/454/1085
f 225/469/1086 210/470/1087 204/471/1088
f 205/472/1089 199/467/1090 198/466/1091
f 201/473/1092 210/470/1093 200/468/1094
f 198/466/1095 200/468/1096 226/474/1097
f 216/475/1098 190/460/1099 217/476/1100
f 218/477/1101 219/478/1102 220/479/1103
f 221/480/1104 220/479/1105 212/481/1106
f 223/482/1107 216/475/1108 224/483/1109
f 188/453/1110 222/484/1111 211/485/1112
f 213/486/1113 210/470/1114 201/473/1115
f 200/468/1116 207/487/1117 203/488/1118
f 200/468/1119 210/470/1120 226/474/1121
f 225/469/1122 226/474/1123 210/470/1124
f 216/475/1125 201/473/1126 190/460/1127
f 201/473/1128 216/475/1129 213/486/1130
f 211/485/1131 217/476/1132 190/460/1133
f 200/468/1134 206/489/1135 191/459/1136
f 200/468/1137 190/460/1138 201/473/1139
f 190/460/1140 200/468/1141 191/459/1142
f 211/485/1143 215/490/1144 227/491/1145
f 188/453/1146 211/485/1147 190/460/1148
f 227/491/1149 215/490/1150 214/492/1151
f 213/486/1152 212/481/1153 210/470/1154
f 216/475/1155 223/482/1156 213/486/1157
f 202/493/1158 186/463/1159 191/459/1160
f 222/484/1161 188/453/1162 197/465/1163
f 228/494/1164 229/495/1165 230/496/1166
f 212/481/1167 220/479/1168 210/470/1169
f 228/494/1170 184/455/1171 229/495/1172
f 221/480/1173 218/477/1174 220/479/1103
f 199/467/1175 232/497/1176 200/468/1177
f 229/495/1178 231/498/1179 230/496/1180
f 208/499/1181 200/468/1182 232/497/1183
f 200/468/1184 208/499/1185 207/487/1186
f 206/489/1187 200/468/1188 203/488/1189
f 209/500/1190 206/489/1191 203/488/1192
f 210/470/1193 220/479/1194 204/471/1195
f 211/485/1196 222/484/1197 215/490/1198
f 229/495/1199 184/455/1200 185/456/1201
f 233/501/1202 202/493/1203 209/500/1204
f 209/500/1205 191/459/1206 206/489/1207
f 202/493/1208 191/459/1209 209/500/1210
f 242/502/1211 243/503/1212 265/504/1213
f 239/505/1214 260/506/1215 265/504/1216
f 246/507/1217 247/508/1218 248/509/1219
f 246/507/1220 251/510/1221 247/508/1222
f 246/507/1223 249/511/1224 251/510/1225
f 255/512/1226 254/513/1227 258/514/1228
f 260/506/1229 239/505/1230 235/515/1231
f 234/516/1232 235/515/1233 239/505/1234
f 234/516/1235 295/517/1236 261/518/1237
f 263/519/1238 295/517/1239 264/520/1240
f 252/521/1241 264/520/1242 295/517/1243
f 261/518/1244 262/522/1245 234/516/1246
f 295/517/1247 263/519/1248 261/518/1249
f 272/523/1250 273/524/1251 260/506/1252
f 290/525/1253 274/526/1254 275/527/1255
f 235/515/1256 272/523/1257 260/506/1258
f 276/528/1259 246/507/1260 248/509/1261
f 245/529/1262 262/522/1263 267/530/1264
f 235/515/1265 262/522/1266 270/531/1267
f 290/525/1268 275/527/1269 244/532/1270
f 270/531/1271 240/533/1272 235/515/1273
f 271/534/1274 272/523/1275 235/515/1276
f 281/535/1277 283/536/1278 285/537/1279
f 286/538/1280 281/535/1281 282/539/1282
f 241/540/1283 265/504/1284 260/506/1285
f 287/541/1286 278/542/1287 281/535/1288
f 295/517/1289 234/516/1290 289/543/1291
f 287/541/1292 281/535/1293 241/540/1294
f 241/540/1295 288/544/1296 287/541/1297
f 284/545/1298 277/546/1299 281/535/1300
f 281/535/1301 286/538/1302 284/545/1303
f 283/536/1304 281/535/1305 278/542/1306
f 253/547/1307 278/542/1308 287/541/1309
f 280/548/1310 281/535/1311 277/546/1312
f 268/549/1313 262/522/1314 245/529/1315
f 235/515/1316 259/550/1317 266/551/1318
f 281/535/1319 244/532/1320 282/539/1321
f 285/537/1322 244/532/1323 281/535/1324
f 278/542/1325 253/547/1326 279/552/1327
f 271/534/1328 235/515/1329 266/551/1330
f 268/549/1331 270/531/1332 262/522/1333
f 295/517/1334 291/553/1335 252/521/1336
f 242/502/1337 265/504/1338 241/540/1339
f 237/554/1340 281/535/1341 292/555/1342
f 291/553/1343 276/528/1344 248/509/1345
f 244/532/1346 285/537/1347 290/525/1348
f 258/514/1349 254/513/1350 290/525/1351
f 254/513/1352 274/526/1353 290/525/1354
f 270/531/1355 268/549/1356 269/556/1357
f 242/502/1358 241/540/1359 238/557/1360
f 234/516/1361 239/505/1362 265/504/1363
f 296/558/1364 272/523/1365 271/534/1366
f 293/559/1367 257/560/1368 256/561/1369
f 276/528/1370 291/553/1371 295/517/1372
f 289/543/1373 297/562/1374 298/563/1375
f 297/562/1376 289/543/1377 234/516/1378
f 234/516/1379 293/559/1380 297/562/1381
f 293/559/1382 265/504/1383 236/564/1384
f 276/528/1385 295/517/1386 299/565/1387
f 300/566/1388 246/507/1389 276/528/1390
f 281/535/1391 302/567/1392 292/555/1393
f 238/557/1394 281/535/1395 237/554/1396
f 281/535/1397 280/548/1398 303/568/1399
f 302/567/1400 281/535/1401 303/568/1402
f 302/567/1403 303/568/1404 304/569/1405
f 293/559/1406 236/564/1407 257/560/1408
f 301/570/1409 297/562/1410 293/559/1411
f 234/516/1412 265/504/1413 293/559/1414
f 241/540/1415 281/535/1416 238/557/1417
f 240/533/1418 259/550/1419 235/515/1420
f 294/571/1421 240/533/1422 270/531/1423
f 236/564/1424 265/504/1425 250/572/1426
f 241/540/1427 260/506/1428 288/544/1429
f 256/561/1430 305/573/1431 306/574/1432
f 260/506/1433 273/524/1434 288/544/1435
f 257/560/1436 305/573/1437 256/561/1438
f 265/504/1439 243/503/1440 250/572/1441
f 234/516/1442 262/522/1443 235/515/1444
f 3138/450/1445 3162/575/1446 3160/438/1447
f 3170/576/1448 3174/577/1449 3171/578/1450
f 3137/579/1451 3135/446/1452 3144/445/1453
f 3153/580/1454 3146/581/1455 3169/582/1456
f 3161/583/1457 3141/584/1458 3155/585/1459
f 3139/586/1460 3156/587/1461 3144/445/1462
f 3172/588/1463 3173/589/1464 3170/576/1465
f 3669/590/1466 3758/591/1467 3757/592/1468
f 3757/592/1469 3671/593/1470 3669/590/1471
f 3144/445/1472 3170/576/1473 3171/578/1474
f 3168/594/1475 3172/588/1476 3144/445/1477
f 3171/578/1478 3139/586/1479 3144/445/1480
f 3172/588/1481 3170/576/1482 3144/445/1483
f 3262/595/1484 3253/596/1485 3268/597/1486
f 3264/598/1487 3265/599/1488 3266/600/1489
f 3136/439/1490 3160/438/1491 3143/601/1492
f 3263/602/1493 3255/603/1494 3257/604/1495
f 1959/409/1496 1974/605/1497 1975/606/1498
f 1974/605/1499 1959/409/1500 1976/408/1501
f 3144/445/1502 3166/447/1503 3168/594/1504
f 1957/274/1505 1978/415/1506 1966/275/1507
f 3166/447/1508 3135/446/1509 3155/585/1510
f 3145/607/1511 3146/581/1512 3147/608/1513
f 3160/438/1514 3156/587/1515 3158/441/1516
f 3163/609/1517 3166/447/1518 3155/585/1519
f 3142/610/1520 3141/584/1521 3161/583/1522
f 3160/438/1523 3137/579/1524 3144/445/1525
f 3159/611/1526 3167/612/1527 3154/613/1528
f 3150/614/1529 3151/451/1530 3160/438/1531
f 3150/614/1532 3160/438/1533 3165/443/1534
f 3160/438/1535 3144/445/1536 3156/587/1537
f 3705/615/1538 3693/616/1539 3691/617/1540
f 2257/618/1541 2260/436/1542 2261/619/1543
f 2251/421/1544 2258/430/1545 2259/401/1546
f 3165/443/1547 3160/438/1548 3158/441/1549
f 3136/439/1550 3164/620/1551 3148/440/1552
f 3151/451/1553 3138/450/1554 3160/438/1555
f 3252/621/1556 3245/622/1557 3248/22/1558
f 3148/440/1559 3164/620/1560 3159/611/1561
f 3163/609/1562 3155/585/1563 3141/584/1564
f 3135/446/1565 3146/581/1566 3153/580/1567
f 3162/575/1568 3143/601/1569 3160/438/1570
f 3247/623/1571 3251/24/1572 3250/23/1573
f 3146/581/1574 3148/440/1575 3147/608/1576
f 3135/446/1577 3148/440/1578 3146/581/1579
f 3148/440/1580 3135/446/1581 3137/579/1582
f 3148/440/1583 3137/579/1584 3160/438/1585
f 3654/624/1586 3656/625/1587 3659/626/1588
f 3755/627/1589 3693/616/1590 3705/615/1591
f 3755/627/1592 3705/615/1593 3652/628/1594
f 3693/616/1595 3681/629/1596 3692/630/1597
f 307/631/1598 308/632/1599 309/633/1600
f 3657/634/1601 3653/635/1602 3666/636/1603
f 3706/637/1604 3698/638/1605 3709/639/1606
f 3652/628/1607 3653/635/1608 3657/634/1609
f 3750/640/1610 3654/624/1611 3659/626/1612
f 3674/641/1613 3659/626/1614 3656/625/1615
f 3754/642/1616 3693/616/1617 3755/627/1618
f 3697/643/1619 3698/638/1620 3706/637/1621
f 3652/628/1622 3680/644/1623 3749/645/1624
f 3756/646/1625 3755/627/1626 3749/645/1627
f 3694/647/1628 3697/643/1629 3706/637/1630
f 3694/647/1631 3719/648/1632 3753/649/1633
f 3697/643/1634 3694/647/1635 3753/649/1636
f 3719/648/1637 3694/647/1638 3726/650/1639
f 3673/651/1640 3751/652/1641 3752/653/1642
f 3751/652/1643 3673/651/1644 3682/654/1645
f 3154/613/1646 3149/655/1647 3159/611/1648
f 3155/585/1649 3135/446/1650 3152/656/1651
f 3159/611/1652 3147/608/1653 3148/440/1654
f 3139/586/1655 3140/657/1656 3156/587/1657
f 3152/656/1658 3135/446/1659 3153/580/1660
f 3147/608/1661 3159/611/1662 3149/655/1663
f 3120/658/1664 3119/659/1665 3086/660/1666
f 3112/661/1667 3111/662/1668 3134/663/1669
f 3120/658/1670 3112/661/1671 3108/664/1672
f 3127/665/1673 3080/666/1674 3087/667/1675
f 3120/658/1676 3096/668/1677 3111/662/1678
f 3092/669/1679 3122/670/1680 3126/671/1681
f 3101/672/1682 3094/673/1683 3133/674/1684
f 3126/671/1685 3088/675/1686 3092/669/1687
f 3129/676/1688 3131/677/1689 3090/678/1690
f 3130/679/1691 3132/680/1692 3069/681/1693
f 3068/682/1694 3130/679/1695 3069/681/1696
f 3085/683/1697 3078/684/1698 3074/685/1699
f 3083/686/1700 3082/687/1701 3073/688/1702
f 3090/678/1703 3131/677/1704 3106/689/1705
f 3078/684/1706 3079/690/1707 3074/685/1708
f 3124/691/1709 3128/692/1710 3104/693/1711
f 3090/678/1712 3113/694/1713 3129/676/1714
f 3090/678/1715 3100/695/1716 3113/694/1717
f 3107/696/1718 3090/678/1719 3106/689/1720
f 3124/691/1721 3093/697/1722 3128/692/1723
f 3099/698/1724 3078/684/1725 3085/683/1726
f 3125/699/1727 3130/679/1728 3068/682/1729
f 3124/691/1730 3068/682/1731 3093/697/1732
f 3079/690/1733 3092/669/1734 3088/675/1735
f 3091/700/1736 3093/697/1737 3072/701/1738
f 3068/682/1739 3094/673/1740 3093/697/1741
f 3072/701/1742 3093/697/1743 3094/673/1744
f 3068/682/1745 3124/691/1746 3125/699/1747
f 3072/701/1748 3094/673/1749 3101/672/1750
f 3092/669/1751 3123/702/1752 3122/670/1753
f 3083/686/1754 3091/700/1755 3072/701/1756
f 3080/666/1757 3097/703/1758 3086/660/1759
f 3088/675/1760 3121/704/1761 3071/705/1762
f 3656/625/1763 3681/629/1764 3682/654/1765
f 3083/686/1766 3072/701/1767 3079/690/1768
f 3075/706/1769 3080/666/1770 3073/688/1771
f 3107/696/1772 3106/689/1773 3116/707/1774
f 3120/658/1775 3086/660/1776 3096/668/1777
f 3116/707/1778 3106/689/1779 3115/708/1780
f 3092/669/1781 3079/690/1782 3072/701/1783
f 3682/654/1784 3673/651/1785 3656/625/1786
f 3120/658/1787 3108/664/1788 3110/709/1789
f 3086/660/1790 3118/710/1791 3103/711/1792
f 3076/712/1793 3113/694/1794 3100/695/1795
f 3124/691/1796 3104/693/1797 3117/713/1798
f 3081/714/1799 3077/715/1800 3100/695/1801
f 3100/695/1802 3089/716/1803 3075/706/1804
f 3108/664/1805 3112/661/1806 3114/717/1807
f 3120/658/1808 3111/662/1809 3112/661/1810
f 3097/703/1811 3096/668/1812 3086/660/1813
f 3108/664/1814 3109/718/1815 3110/709/1816
f 3089/716/1817 3100/695/1818 3090/678/1819
f 3105/719/1820 3091/700/1821 3103/711/1822
f 3091/700/1823 3086/660/1824 3103/711/1825
f 3091/700/1826 3083/686/1827 3080/666/1828
f 3085/683/1829 3102/720/1830 3099/698/1831
f 3076/712/1832 3100/695/1833 3077/715/1834
f 3079/690/1835 3084/721/1836 3074/685/1837
f 3088/675/1838 3071/705/1839 3079/690/1840
f 3071/705/1841 3084/721/1842 3079/690/1843
f 3075/706/1844 3081/714/1845 3100/695/1846
f 3096/668/1847 3097/703/1848 3098/722/1849
f 3083/686/1850 3073/688/1851 3080/666/1852
f 3084/721/1853 3071/705/1854 3095/723/1855
f 3087/667/1856 3075/706/1857 3089/716/1858
f 3080/666/1859 3075/706/1860 3087/667/1861
f 3080/666/1862 3086/660/1863 3091/700/1864
f 3068/682/1865 3069/681/1866 3070/724/1867
f 3067/725/1868 3061/726/1869 3058/727/1870
f 3043/728/1871 3055/729/1872 3042/730/1873
f 3067/725/1874 3058/727/1875 3046/731/1876
f 3039/732/1877 3057/733/1878 3066/734/1879
f 310/735/1880 345/736/1881 311/737/1882
f 313/738/1883 345/736/1884 310/735/1885
f 311/737/1886 314/739/1887 315/740/1888
f 311/737/1889 316/741/1890 314/739/1891
f 345/736/1892 313/738/1893 327/742/1894
f 319/743/1895 320/744/1896 321/745/1897
f 322/746/1898 315/740/1899 314/739/1900
f 315/740/1901 322/746/1898 323/747/1902
f 312/748/1903 311/737/1904 315/740/1905
f 317/749/1906 338/750/1907 326/751/1908
f 327/742/1909 328/752/1910 345/736/1911
f 328/752/1912 330/753/1913 329/754/1914
f 345/736/1915 328/752/1916 320/744/1917
f 333/755/1918 311/737/1919 345/736/1920
f 320/744/1921 331/756/1922 321/745/1923
f 337/757/1924 320/744/1925 319/743/1926
f 340/758/1927 334/759/1928 329/754/1929
f 334/759/1930 340/758/1931 342/760/1932
f 329/754/1933 341/761/1934 340/758/1935
f 311/737/1936 333/755/1937 316/741/1938
f 339/762/1939 334/759/1940 342/760/1941
f 332/763/1942 338/750/1943 324/764/1944
f 338/750/1945 332/763/1946 331/756/1947
f 343/765/1948 324/764/1949 338/750/1950
f 343/765/1951 338/750/1952 318/766/1953
f 324/764/1954 344/767/1955 332/763/1956
f 329/754/1957 320/744/1958 328/752/1959
f 320/744/1960 334/759/1961 331/756/1962
f 331/756/1963 335/768/1964 338/750/1965
f 334/759/1966 335/768/1967 331/756/1968
f 335/768/1969 325/769/1970 338/750/1971
f 338/750/1972 317/749/1973 318/766/1974
f 325/769/1975 335/768/1976 336/770/1977
f 326/751/1978 338/750/1979 325/769/1980
f 346/771/1981 332/763/1982 347/772/1983
f 332/763/1984 348/773/1985 349/774/1986
f 332/763/1987 349/774/1988 347/772/1989
f 345/736/1990 320/744/1991 337/757/1992
f 333/755/1993 345/736/1994 337/757/1995
f 346/771/1996 331/756/1997 332/763/1998
f 350/775/1999 331/756/2000 346/771/2001
f 334/759/2002 320/744/2003 329/754/2004
f 383/776/2005 366/777/2006 351/778/2007
f 354/779/2008 352/780/2009 357/781/2010
f 352/780/2011 354/779/2012 368/782/2013
f 357/781/2014 352/780/2015 358/783/2016
f 363/784/2017 376/785/2018 352/780/2019
f 376/785/2020 363/784/2021 364/786/2022
f 360/787/2023 362/788/2024 359/789/2025
f 370/790/2026 366/777/2027 368/782/2028
f 355/791/2029 366/777/2030 367/792/2031
f 354/779/2032 369/793/2033 368/782/2034
f 358/783/2035 352/780/2036 353/794/2037
f 366/777/2038 355/791/2039 351/778/2040
f 363/784/2041 361/795/2042 364/786/2043
f 352/780/2044 365/796/2045 353/794/2046
f 365/796/2047 376/785/2048 374/797/2049
f 358/783/2050 353/794/2051 375/798/2052
f 371/799/2053 376/785/2054 364/786/2055
f 364/786/2056 361/795/2057 381/800/2058
f 371/799/2059 377/801/2060 374/797/2061
f 371/799/2062 374/797/2063 376/785/2064
f 373/802/2065 363/784/2066 352/780/2067
f 365/796/2068 352/780/2069 376/785/2070
f 368/782/2071 383/776/2072 352/780/2073
f 359/789/2074 362/788/2075 379/803/2076
f 383/776/2077 373/802/2078 352/780/2079
f 356/804/2080 380/805/2081 378/806/2082
f 368/782/2083 366/777/2084 383/776/2085
f 364/786/2086 381/800/2087 382/807/2088
f 372/808/2089 364/786/2090 382/807/2091
f 378/806/2092 355/791/2093 356/804/2094
f 378/806/2095 351/778/2096 355/791/2097
f 360/787/2098 384/809/2099 372/808/2100
f 360/787/2101 359/789/2102 384/809/2103
f 364/786/2104 372/808/2105 371/799/2106
f 382/807/2107 385/810/2108 372/808/2109
f 385/810/2110 360/787/2111 372/808/2112
f 3681/629/2113 3656/625/2114 3692/630/2115
f 3658/811/2116 3659/626/2117 3674/641/2118
f 3651/812/2119 3707/813/2120 3670/814/2121
f 3486/815/2122 3480/816/2123 3492/817/2124
f 3486/815/2125 3504/818/2126 3505/819/2127
f 3652/628/2128 3749/645/2129 3755/627/2130
f 3655/820/2131 3748/821/2132 3695/822/2133
f 3665/823/2134 3686/824/2135 3685/825/2136
f 388/826/2137 389/827/2138 386/828/2139
f 393/829/2140 386/828/2141 392/830/2142
f 387/831/2143 389/827/2144 394/832/2145
f 388/826/2146 386/828/2147 393/829/2148
f 389/827/2149 391/833/2150 386/828/2151
f 389/827/2152 388/826/2153 394/832/2154
f 399/834/2155 397/835/2156 398/836/2157
f 392/830/2158 390/837/2159 404/838/2160
f 390/837/2161 392/830/2162 386/828/2163
f 409/839/2164 410/840/2165 411/841/2166
f 411/841/2167 408/842/2168 409/839/2169
f 400/843/2170 397/835/2171 399/834/2172
f 394/832/2173 407/844/2174 412/845/2175
f 413/846/2176 409/839/2177 408/842/2178
f 411/841/2179 406/847/2180 408/842/2181
f 408/842/2182 407/844/2183 394/832/2184
f 406/847/2185 407/844/2186 408/842/2187
f 414/848/2188 417/849/2189 415/850/2190
f 417/849/2191 414/848/2192 394/832/2193
f 394/832/2194 420/851/2195 417/849/2196
f 420/851/2197 421/852/2198 422/853/2199
f 426/854/2200 427/855/2201 420/851/2202
f 430/856/2203 426/854/2204 420/851/2205
f 417/849/2206 420/851/2207 428/857/2208
f 420/851/2209 427/855/2210 428/857/2211
f 418/858/2212 424/859/2213 425/860/2214
f 420/851/2215 422/853/2216 429/861/2217
f 427/855/2218 424/859/2219 418/858/2220
f 418/858/2221 428/857/2222 427/855/2223
f 431/862/2224 423/863/2225 419/864/2226
f 429/861/2227 430/856/2228 420/851/2229
f 423/863/2230 418/858/2231 425/860/2232
f 397/835/2233 433/865/2234 432/866/2235
f 423/863/2236 431/862/2237 418/858/2238
f 431/862/2239 419/864/2240 395/867/2241
f 408/842/2242 394/832/2243 414/848/2244
f 437/868/2245 439/869/2246 440/870/2247
f 438/871/2248 397/835/2249 432/866/2250
f 403/872/2251 437/868/2252 440/870/2253
f 397/835/2254 438/871/2255 437/868/2256
f 441/873/2257 401/874/2258 402/875/2259
f 399/834/2260 398/836/2261 441/873/2262
f 437/868/2263 403/872/2264 397/835/2265
f 398/836/2266 397/835/2267 403/872/2268
f 401/874/2269 441/873/2270 398/836/2271
f 402/875/2272 442/876/2273 396/877/2274
f 441/873/2275 395/867/2276 419/864/2277
f 395/867/2278 441/873/2279 396/877/2280
f 402/875/2281 396/877/2282 441/873/2283
f 445/878/2284 443/879/2285 444/880/2286
f 443/879/2287 445/878/2288 436/881/2289
f 392/830/2290 404/838/2291 405/882/2292
f 432/866/2293 435/883/2294 436/881/2295
f 435/883/2296 443/879/2297 436/881/2298
f 400/843/2299 433/865/2300 397/835/2301
f 432/866/2302 433/865/2303 435/883/2304
f 434/884/2305 435/883/2306 433/865/2307
f 388/826/2308 420/851/2309 394/832/2310
f 446/885/2311 413/846/2312 408/842/2313
f 446/885/2314 408/842/2315 447/886/2316
f 414/848/2317 416/887/2318 447/886/2319
f 408/842/2320 414/848/2321 447/886/2322
f 449/888/2323 423/863/2324 448/889/2325
f 449/888/2326 419/864/2327 423/863/2328
f 450/890/2329 441/873/2330 449/888/2331
f 449/888/2332 441/873/2333 419/864/2334
f 388/826/2335 393/829/2336 451/891/2337
f 388/826/2338 421/852/2339 420/851/2340
f 456/892/2341 452/893/2342 458/28/2343
f 1865/894/2344 1843/895/2345 1853/896/2346
f 1875/183/2347 1843/895/2348 1865/894/2349
f 456/892/2350 460/897/2351 459/898/2352
f 1875/183/2353 1885/899/2354 1884/900/2355
f 453/29/2356 452/893/2357 455/144/2358
f 1875/183/2359 1884/900/2360 1843/895/2361
f 3442/166/2362 3453/175/2363 3447/168/2364
f 1857/901/2365 1869/405/2366 1856/404/2367
f 3462/165/2368 3474/164/2369 3463/902/2370
f 456/892/2371 462/903/2372 460/897/2373
f 462/903/2374 463/904/2375 464/905/2376
f 3453/175/2377 3454/906/2378 3458/907/2379
f 465/908/2380 456/892/2381 457/909/2382
f 464/905/2376 466/910/2383 467/911/2384
f 3471/912/2385 3447/168/2386 3453/175/2387
f 1883/913/2388 1869/405/2389 1880/914/2390
f 457/909/2391 456/892/2392 454/915/2393
f 454/915/2394 461/916/2395 457/909/2396
f 1859/917/2397 1856/404/2398 1871/406/2399
f 458/28/2400 461/916/2401 454/915/2402
f 468/918/2403 458/28/2404 469/919/2405
f 463/904/2375 466/910/2383 464/905/2376
f 465/908/2406 463/904/2407 456/892/2408
f 462/903/2409 456/892/2410 463/904/2411
f 453/29/2412 458/28/2413 452/893/2414
f 452/893/2415 456/892/2416 459/898/2417
f 468/918/2418 461/916/2419 458/28/2420
f 1879/920/2421 1880/914/2422 1869/405/2423
f 1863/921/2424 1868/922/2425 1853/896/2426
f 454/915/2427 456/892/2428 458/28/2429
f 3504/818/2430 3492/817/2431 3484/172/2432
f 3666/636/2433 3672/923/2434 3664/924/2435
f 3745/925/2436 3735/926/2437 3684/927/2438
f 3716/928/2439 3742/929/2440 3739/930/2441
f 3665/823/2442 3684/927/2443 3735/926/2444
f 3735/926/2445 3745/925/2446 3747/931/2447
f 3746/932/2448 3745/925/2449 3700/933/2450
f 3745/925/2451 3684/927/2452 3700/933/2453
f 3716/928/2454 3739/930/2455 3663/934/2456
f 3705/615/2457 3653/635/2458 3652/628/2459
f 3741/935/2460 3663/934/2461 3739/930/2462
f 3738/936/2463 3702/937/2464 3699/938/2465
f 3733/939/2466 3660/940/2467 3671/593/2468
f 3699/938/2469 3702/937/2470 3722/941/2471
f 3703/942/2472 3744/943/2473 3702/937/2474
f 3663/934/2475 3743/944/2476 3676/945/2477
f 3743/944/2478 3663/934/2479 3741/935/2480
f 3740/946/2481 3741/935/2482 3739/930/2483
f 3676/945/2484 3652/628/2485 3663/934/2486
f 3694/647/2487 3660/940/2488 3667/947/2489
f 3660/940/2490 3661/948/2491 3671/593/2492
f 3660/940/2493 3694/647/2494 3656/625/2495
f 3696/949/2496 3652/628/2497 3695/822/2498
f 3684/927/2499 3665/823/2500 3666/636/2501
f 3706/637/2502 3705/615/2503 3691/617/2504
f 3704/950/2505 3702/937/2506 3738/936/2507
f 3699/938/2508 3728/951/2509 3738/936/2510
f 3672/923/2511 3683/952/2512 3717/953/2513
f 3665/823/2514 3737/954/2515 3734/955/2516
f 3737/954/2517 3665/823/2518 3735/926/2519
f 3498/956/2520 3476/957/2521 3497/171/2522
f 470/958/2523 471/959/2524 472/960/2525
f 473/961/2526 471/959/2527 470/958/2528
f 475/962/2529 479/963/2530 477/964/2531
f 478/965/2532 479/963/2533 490/966/2534
f 474/967/2535 484/968/2536 475/962/2537
f 474/967/2538 488/969/2539 489/970/2540
f 484/968/2541 490/966/2542 479/963/2543
f 474/967/2544 475/962/2545 493/971/2546
f 481/972/2547 483/973/2548 482/974/2549
f 519/975/2550 487/976/2551 486/977/2552
f 474/967/2553 489/970/2554 490/966/2555
f 502/978/2556 540/979/2557 496/980/2558
f 509/981/2559 490/966/2560 498/982/2561
f 480/983/2562 477/964/2563 492/984/2564
f 475/962/2565 511/985/2566 493/971/2567
f 512/986/2568 509/981/2569 498/982/2570
f 518/987/2571 519/975/2572 486/977/2573
f 509/981/2574 478/965/2575 490/966/2576
f 529/988/2577 520/989/2578 521/990/2579
f 489/970/2580 498/982/2581 490/966/2582
f 506/991/2583 502/978/2584 523/992/2585
f 516/993/2586 514/994/2587 496/980/2588
f 524/995/2589 510/996/2590 525/997/2591
f 516/993/2592 508/998/2593 510/996/2594
f 484/968/2595 474/967/2596 490/966/2597
f 477/964/2598 480/983/2599 475/962/2600
f 510/996/2601 531/999/2602 525/997/2603
f 510/996/2604 526/1000/2605 516/993/2606
f 516/993/2607 496/980/2608 508/998/2609
f 528/1001/2610 531/999/2611 510/996/2612
f 495/1002/2613 481/972/2614 494/1003/2615
f 533/1004/2616 534/1005/2617 532/1006/2618
f 528/1001/2619 527/1007/2620 532/1006/2621
f 533/1004/2622 532/1006/2623 535/1008/2624
f 500/1009/2625 481/972/2626 482/974/2627
f 486/977/2628 493/971/2629 491/1010/2630
f 522/1011/2631 500/1009/2632 529/988/2633
f 541/1012/2634 506/991/2635 539/1013/2636
f 539/1013/2637 506/991/2638 523/992/2639
f 541/1012/2640 542/1014/2641 506/991/2642
f 503/1015/2643 540/979/2644 505/1016/2645
f 517/1017/2646 503/1015/2647 543/1018/2648
f 508/998/2649 515/1019/2650 528/1001/2651
f 515/1019/2652 508/998/2653 491/1010/2654
f 528/1001/2655 515/1019/2656 530/1020/2657
f 544/1021/2658 480/983/2659 492/984/2660
f 528/1001/2661 510/996/2662 508/998/2663
f 524/995/2664 526/1000/2665 510/996/2666
f 528/1001/2667 545/1022/2668 527/1007/2669
f 494/1003/2670 537/1023/2671 499/1024/2672
f 547/1025/2673 522/1011/2674 529/988/2675
f 502/978/2676 505/1016/2677 540/979/2678
f 500/1009/2679 518/987/2680 486/977/2681
f 548/1026/2682 538/1027/2683 546/1028/2684
f 546/1028/2685 538/1027/2686 537/1023/2687
f 485/1029/2688 500/1009/2689 522/1011/2690
f 481/972/2691 536/1030/2692 483/973/2693
f 547/1025/2694 529/988/2695 550/1031/2696
f 522/1011/2697 547/1025/2698 549/1032/2699
f 485/1029/2700 546/1028/2701 537/1023/2702
f 485/1029/2703 537/1023/2704 494/1003/2705
f 551/1033/2706 536/1030/2707 481/972/2708
f 499/1024/2709 497/1034/2710 494/1003/2711
f 485/1029/2712 494/1003/2713 481/972/2714
f 485/1029/2715 481/972/2716 500/1009/2717
f 504/1035/2718 540/979/2719 501/1036/2720
f 508/998/2721 496/980/2722 486/977/2723
f 504/1035/2724 486/977/2725 496/980/2726
f 529/988/2727 501/1036/2728 503/1015/2729
f 474/967/2730 493/971/2731 487/976/2732
f 479/963/2733 475/962/2734 484/968/2735
f 553/1037/2736 476/1038/2737 475/962/2738
f 554/1039/2739 531/999/2740 532/1006/2741
f 535/1008/2742 532/1006/2743 527/1007/2744
f 528/1001/2745 532/1006/2746 531/999/2747
f 518/987/2748 500/1009/2749 482/974/2750
f 555/1040/2751 505/1016/2752 507/1041/2753
f 487/976/2754 493/971/2755 486/977/2756
f 500/1009/2757 501/1036/2758 529/988/2759
f 508/998/2760 486/977/2761 491/1010/2762
f 543/1018/2763 503/1015/2764 552/1042/2765
f 505/1016/2766 506/991/2767 507/1041/2768
f 523/992/2769 502/978/2770 513/1043/2771
f 503/1015/2772 501/1036/2773 540/979/2774
f 506/991/2775 505/1016/2776 502/978/2777
f 540/979/2778 504/1035/2779 496/980/2780
f 542/1014/2781 507/1041/2782 506/991/2783
f 501/1036/2784 500/1009/2785 504/1035/2786
f 500/1009/2787 486/977/2788 504/1035/2789
f 503/1015/2790 505/1016/2791 552/1042/2792
f 555/1040/2793 556/1044/2794 505/1016/2795
f 556/1044/2796 552/1042/2797 505/1016/2798
f 513/1043/2799 496/980/2800 514/994/2801
f 521/990/2802 550/1031/2803 529/988/2804
f 517/1017/2805 529/988/2806 503/1015/2807
f 529/988/2808 517/1017/2809 520/989/2810
f 474/967/2811 487/976/2812 488/969/2813
f 553/1037/2814 475/962/2815 480/983/2816
f 513/1043/2817 502/978/2818 496/980/2819
f 511/985/2820 475/962/2821 476/1038/2822
f 3735/926/2823 3736/1045/2824 3737/954/2825
f 3665/823/2826 3734/955/2827 3686/824/2828
f 3684/927/2829 3666/636/2830 3653/635/2831
f 3667/947/2832 3731/1046/2833 3694/647/2834
f 3733/939/2835 3667/947/2836 3660/940/2837
f 3732/1047/2838 3731/1046/2839 3667/947/2840
f 3694/647/2841 3731/1046/2842 3726/650/2843
f 3665/823/2844 3685/825/2845 3672/923/2846
f 3672/923/2847 3685/825/2848 3690/1048/2849
f 3665/823/2850 3672/923/2851 3666/636/2852
f 3701/1049/2853 3690/1048/2854 3727/1050/2855
f 3728/951/2856 3701/1049/2857 3730/1051/2858
f 3729/1052/2859 3701/1049/2860 3727/1050/2861
f 3699/938/2862 3701/1049/2863 3728/951/2864
f 3684/927/2865 3653/635/2866 3700/933/2867
f 3655/820/2868 3664/924/2869 3725/1053/2870
f 3725/1053/2871 3664/924/2872 3718/1054/2873
f 3656/625/2874 3694/647/2875 3692/630/2876
f 3705/615/2877 3706/637/2878 3700/933/2879
f 3709/639/2880 3700/933/2881 3706/637/2882
f 3709/639/2883 3746/932/2884 3700/933/2885
f 3657/634/2886 3655/820/2887 3695/822/2888
f 3683/952/2889 3715/1055/2890 3717/953/2891
f 3724/1056/2892 3717/953/2893 3715/1055/2894
f 3672/923/2895 3717/953/2896 3664/924/2897
f 3707/813/2898 3711/1057/2899 3720/1058/2900
f 561/1059/2901 557/1060/2902 558/1061/2903
f 560/121/2904 561/1059/2905 558/1061/2906
f 1686/1062/2907 1695/1063/2908 1710/1064/2909
f 563/1065/2910 559/122/2911 558/1061/2912
f 559/122/2913 560/121/2914 558/1061/2915
f 3441/1066/2916 3466/1067/2917 3457/1068/2918
f 1695/1063/2919 1698/1069/2920 1710/1064/2921
f 1695/1063/2922 1694/1070/2923 1699/1071/2924
f 562/123/2925 564/1072/2926 560/121/2927
f 557/1060/2928 573/1073/2929 558/1061/2930
f 569/1074/2931 568/1075/2932 570/1076/2933
f 3460/1077/2934 3443/1078/2935 3442/166/2936
f 3446/1079/2937 3447/168/2938 3475/1080/2939
f 574/1081/2940 575/1082/2941 576/1083/2942
f 573/1073/2943 572/1084/2944 565/138/2945
f 557/1060/2946 577/1085/2947 568/1075/2948
f 568/1075/2949 573/1073/2950 557/1060/2951
f 579/1086/2952 565/138/2953 580/1087/2954
f 581/1088/2955 580/1087/2956 569/1074/2957
f 569/1074/2958 580/1087/2959 568/1075/2960
f 565/138/2961 567/140/2962 573/1073/2963
f 565/138/2964 579/1086/2965 566/139/2966
f 577/1085/2967 570/1076/2968 568/1075/2969
f 573/1073/2970 563/1065/2971 558/1061/2972
f 3449/1089/2973 3474/164/2974 3442/166/2975
f 582/1090/2976 574/1081/2977 579/1086/2978
f 583/1091/2979 579/1086/2980 584/1092/2981
f 571/1093/2982 578/1094/2983 567/140/2984
f 579/1086/2985 585/1095/2986 582/1090/2987
f 573/1073/2988 580/1087/2989 572/1084/2990
f 572/1084/2991 580/1087/2992 565/138/2993
f 1686/1062/2994 1694/1070/2995 1695/1063/2996
f 1691/1096/2997 1692/1097/2998 1693/1098/2999
f 1869/405/3000 1886/1099/3001 1858/1100/3002
f 1687/1101/3003 1689/1102/3004 1690/1103/3005
f 1847/1104/3006 1894/1105/3007 1848/1106/3008
f 1687/1101/3009 1688/1107/3010 1689/1102/3011
f 585/1095/3012 579/1086/3013 583/1091/3014
f 576/1083/3015 566/139/3016 574/1081/3017
f 1848/1106/3018 1892/1108/3019 1902/1109/3020
f 3539/163/3021 3553/162/3022 3552/1110/3023
f 578/1094/3024 573/1073/3025 567/140/3026
f 3452/1111/3027 3453/175/3028 3450/174/3029
f 563/1065/3030 573/1073/3031 578/1094/3032
f 566/139/3033 579/1086/3034 574/1081/3035
f 584/1092/3036 580/1087/3037 581/1088/3038
f 580/1087/3039 584/1092/3040 579/1086/3041
f 568/1075/3042 580/1087/3043 573/1073/3044
f 3664/924/3045 3717/953/3046 3718/1054/3047
f 3683/952/3048 3651/812/3049 3670/814/3050
f 589/1112/3051 588/1113/3052 590/1114/3053
f 593/1115/3054 590/1114/3055 588/1113/3056
f 594/1116/3057 591/1117/3058 595/1118/3059
f 591/1117/3060 592/1119/3061 596/1120/3062
f 597/1121/3063 606/1122/3064 602/1123/3065
f 603/1124/3066 604/1125/3067 605/1126/3068
f 604/1125/3069 597/1121/3070 601/1127/3071
f 608/1128/3072 610/1129/3073 597/1121/3074
f 598/1130/3075 597/1121/3076 604/1125/3077
f 597/1121/3078 598/1130/3079 608/1128/3080
f 606/1122/3081 597/1121/3082 610/1129/3083
f 612/1131/3084 615/1132/3085 616/1133/3086
f 618/1134/3087 617/1135/3088 612/1131/3089
f 617/1135/3090 611/1136/3091 612/1131/3092
f 620/1137/3093 593/1115/3094 634/1138/3095
f 620/1137/3096 634/1138/3097 621/1139/3098
f 614/1140/3099 619/1141/3100 599/1142/3101
f 619/1141/3102 593/1115/3103 620/1137/3104
f 600/1143/3105 599/1142/3106 625/1144/3107
f 600/1143/3108 614/1140/3109 599/1142/3110
f 622/1145/3111 619/1141/3112 620/1137/3113
f 610/1129/3114 608/1128/3115 624/1146/3116
f 623/1147/3117 620/1137/3118 621/1139/3119
f 593/1115/3120 611/1136/3121 617/1135/3122
f 604/1125/3123 603/1124/3124 598/1130/3125
f 607/1148/3126 601/1127/3127 597/1121/3128
f 601/1127/3129 607/1148/3130 630/1149/3131
f 627/1150/3132 610/1129/3133 624/1146/3134
f 627/1150/3135 624/1146/3136 632/1151/3137
f 593/1115/3138 636/1152/3139 634/1138/3140
f 635/1153/3141 621/1139/3142 634/1138/3143
f 638/1154/3144 593/1115/3145 617/1135/3146
f 633/1155/3147 630/1149/3148 613/1156/3149
f 637/1157/3150 593/1115/3151 638/1154/3152
f 607/1148/3153 613/1156/3154 630/1149/3155
f 636/1152/3156 593/1115/3157 637/1157/3158
f 639/1158/3159 640/1159/3160 629/1160/3161
f 641/1161/3162 592/1119/3163 591/1117/3164
f 612/1131/3165 611/1136/3166 615/1132/3167
f 626/1162/3168 610/1129/3169 640/1159/3170
f 619/1141/3171 614/1140/3172 624/1146/3173
f 626/1162/3174 606/1122/3175 610/1129/3176
f 591/1117/3177 606/1122/3178 641/1161/3179
f 593/1115/3180 619/1141/3181 624/1146/3182
f 641/1161/3183 606/1122/3184 626/1162/3185
f 641/1161/3186 626/1162/3187 628/1163/3188
f 598/1130/3189 609/1164/3190 608/1128/3191
f 610/1129/3192 627/1150/3193 629/1160/3194
f 610/1129/3195 629/1160/3196 640/1159/3197
f 602/1123/3198 642/1165/3199 643/1166/3200
f 602/1123/3201 643/1166/3202 597/1121/3203
f 607/1148/3204 597/1121/3205 643/1166/3206
f 643/1166/3207 644/1167/3208 607/1148/3209
f 624/1146/3210 608/1128/3211 593/1115/3212
f 631/1168/3213 599/1142/3214 619/1141/3215
f 596/1120/3216 595/1118/3217 591/1117/3218
f 588/1113/3219 611/1136/3220 593/1115/3221
f 609/1164/3222 593/1115/3223 608/1128/3224
f 590/1114/3225 593/1115/3226 609/1164/3227
f 645/1169/3228 647/1170/3229 646/1171/3230
f 3715/1055/3231 3670/814/3232 3713/1172/3233
f 3666/636/3234 3664/924/3235 3657/634/3236
f 3653/635/3237 3705/615/3238 3700/933/3239
f 3683/952/3240 3670/814/3241 3715/1055/3242
f 3651/812/3243 3690/1048/3244 3699/938/3245
f 3707/813/3246 3699/938/3247 3711/1057/3248
f 3699/938/3249 3722/941/3250 3721/1173/3251
f 3651/812/3252 3699/938/3253 3707/813/3254
f 3714/1174/3255 3711/1057/3256 3721/1173/3257
f 3711/1057/3258 3699/938/3259 3721/1173/3260
f 3722/941/3261 3723/1175/3262 3721/1173/3263
f 3707/813/3264 3720/1058/3265 3708/1176/3266
f 3706/637/3267 3692/630/3268 3694/647/3269
f 3712/1177/3270 3663/934/3271 3696/949/3272
f 3663/934/3273 3712/1177/3274 3710/1178/3275
f 3692/630/3276 3706/637/3277 3691/617/3278
f 3695/822/3279 3652/628/3280 3657/634/3281
f 3652/628/3282 3696/949/3283 3663/934/3284
f 3662/1179/3285 3670/814/3286 3707/813/3287
f 3702/937/3288 3704/950/3289 3703/942/3290
f 652/1180/3291 649/1181/3292 648/1182/3293
f 655/1183/3294 652/1180/3295 648/1182/3296
f 651/1184/3297 649/1181/3298 656/1185/3299
f 656/1185/3300 657/1186/3301 651/1184/3302
f 650/1187/3303 654/1188/3304 648/1182/3305
f 663/1189/3306 664/1190/3307 665/1191/3308
f 670/1192/3309 671/1193/3310 672/1194/3311
f 674/1195/3312 668/1196/3313 669/1197/3314
f 674/1195/3315 675/1198/3316 651/1184/3317
f 669/1197/3318 668/1196/3319 677/1199/3320
f 673/1200/3321 668/1196/3322 667/1201/3323
f 668/1196/3324 674/1195/3325 651/1184/3326
f 657/1186/3327 676/1202/3328 651/1184/3329
f 678/1203/3330 679/1204/3331 680/1205/3332
f 679/1204/3331 670/1192/3333 680/1205/3334
f 681/1206/3335 666/1207/3336 667/1201/3337
f 681/1206/3338 671/1193/3339 682/1208/3340
f 672/1194/3341 681/1206/3342 667/1201/3343
f 672/1194/3344 671/1193/3345 681/1206/3346
f 666/1207/3347 681/1206/3348 685/1209/3349
f 662/1210/3350 658/1211/3351 661/1212/3352
f 686/1213/3353 661/1212/3354 658/1211/3355
f 651/1184/3356 675/1198/3357 653/1214/3358
f 653/1214/3359 675/1198/3360 687/1215/3361
f 653/1214/3362 660/1216/3363 651/1184/3364
f 659/1217/3365 650/1187/3366 660/1216/3367
f 676/1202/3368 688/1218/3369 667/1201/3370
f 686/1213/3371 658/1211/3372 659/1217/3373
f 658/1211/3374 650/1187/3375 659/1217/3376
f 689/1219/3377 690/1220/3378 691/1221/3379
f 648/1182/3380 651/1184/3381 650/1187/3382
f 660/1216/3383 650/1187/3384 651/1184/3385
f 663/1189/3386 665/1191/3387 658/1211/3388
f 663/1189/3389 658/1211/3390 692/1222/3391
f 658/1211/3392 662/1210/3393 692/1222/3394
f 658/1211/3395 665/1191/3396 690/1220/3397
f 689/1219/3398 658/1211/3399 690/1220/3400
f 685/1209/3401 681/1206/3402 693/1223/3403
f 668/1196/3404 676/1202/3405 667/1201/3406
f 668/1196/3407 651/1184/3408 676/1202/3409
f 670/1192/3410 672/1194/3411 680/1205/3412
f 693/1223/3413 681/1206/3414 683/1224/3415
f 673/1200/3416 667/1201/3417 666/1207/3418
f 671/1193/3419 684/1225/3420 682/1208/3421
f 680/1205/3332 694/1226/3422 678/1203/3423
f 686/1213/3424 659/1217/3425 695/1227/3426
f 648/1182/3427 649/1181/3428 651/1184/3429
f 3043/728/3430 3042/730/3431 3063/1228/3432
f 3052/1229/3433 3038/1230/3434 3037/1231/3435
f 3057/733/3436 3039/732/3437 3040/1232/3438
f 3058/727/3439 3065/1233/3440 3059/1234/3441
f 3040/1232/3442 3043/728/3443 3044/1235/3444
f 3060/1236/3445 3051/1237/3446 3058/727/3447
f 3051/1237/3448 3060/1236/3449 3042/730/3450
f 3065/1233/3451 3058/727/3452 3061/726/3453
f 3039/732/3454 3041/1238/3455 3038/1230/3456
f 3064/1239/3457 3057/733/3458 3040/1232/3459
f 3043/728/3460 3040/1232/3461 3039/732/3462
f 3043/728/3463 3039/732/3464 3052/1229/3465
f 3051/1237/3466 3054/1240/3467 3050/1241/3468
f 3062/1242/3469 3063/1228/3470 3042/730/3471
f 3051/1237/3472 3042/730/3473 3054/1240/3474
f 3058/727/3475 3059/1234/3476 3060/1236/3477
f 3052/1229/3478 3039/732/3479 3038/1230/3480
f 3052/1229/3481 3055/729/3482 3043/728/3483
f 3048/1243/3484 3053/1244/3485 3037/1231/3486
f 3055/729/3487 3054/1240/3488 3042/730/3489
f 3053/1244/3490 3052/1229/3491 3037/1231/3492
f 3056/1245/3493 3052/1229/3494 3053/1244/3495
f 3048/1243/3496 3047/1246/3497 3049/1247/3498
f 3047/1246/3499 3048/1243/3500 3037/1231/3501
f 3044/1235/3502 3043/728/3503 3045/1248/3504
f 2991/1249/3505 3036/1250/3506 3025/1251/3507
f 3025/1251/3508 2992/1252/3509 2991/1249/3510
f 3005/1253/3511 3035/1254/3512 3015/1255/3513
f 2987/1256/3514 2995/1257/3515 3002/1258/3516
f 3029/1259/3517 2992/1252/3518 3007/1260/3519
f 2998/1261/3520 2981/1262/3521 2997/1263/3522
f 2987/1256/3523 2988/1264/3524 2995/1257/3525
f 3029/1259/3526 3032/1265/3527 3031/1266/3528
f 3033/1267/3529 2999/1268/3530 3031/1266/3531
f 2992/1252/3532 3029/1259/3533 3031/1266/3534
f 3013/1269/3535 3034/1270/3536 3012/1271/3537
f 2987/1256/3538 3000/1272/3539 2988/1264/3540
f 3031/1266/3541 2993/1273/3542 2992/1252/3543
f 2993/1273/3544 3031/1266/3545 2996/1274/3546
f 3031/1266/3547 2999/1268/3548 2996/1274/3549
f 3026/1275/3550 3024/1276/3551 3008/1277/3552
f 3012/1271/3553 3016/1278/3554 3004/1279/3555
f 3019/1280/3556 3024/1276/3557 3026/1275/3558
f 3013/1269/3559 3012/1271/3560 3004/1279/3561
f 2984/1281/3562 2981/1262/3563 2982/1282/3564
f 3008/1277/3565 3009/1283/3566 3026/1275/3567
f 697/1284/3568 698/1285/3569 704/1286/3570
f 702/1287/3571 705/1288/3572 700/1289/3573
f 696/1290/3574 698/1285/3575 697/1284/3576
f 696/1290/3577 705/1288/3578 698/1285/3579
f 705/1288/3580 699/1291/3581 707/1292/3582
f 701/1293/3583 696/1290/3584 697/1284/3585
f 701/1293/3586 697/1284/3587 708/1294/3588
f 699/1291/3589 696/1290/3590 703/1295/3591
f 705/1288/3592 696/1290/3593 699/1291/3594
f 713/1296/3595 712/1297/3596 709/1298/3597
f 714/1299/3598 747/1300/3599 715/1301/3600
f 716/1302/3601 747/1300/3602 714/1299/3603
f 747/1300/3604 716/1302/3605 709/1298/3606
f 717/1303/3607 718/1304/3608 719/1305/3609
f 719/1305/3610 720/1306/3611 717/1303/3612
f 728/1307/3613 721/1308/3614 724/1309/3615
f 726/1310/3616 725/1311/3617 724/1309/3618
f 727/1312/3619 724/1309/3620 721/1308/3621
f 731/1313/3622 735/1314/3623 732/1315/3624
f 729/1316/3625 716/1302/3626 722/1317/3627
f 730/1318/3628 716/1302/3629 729/1316/3630
f 729/1316/3631 722/1317/3632 724/1309/3633
f 733/1319/3634 734/1320/3635 727/1312/3636
f 720/1306/3637 719/1305/3638 721/1308/3639
f 727/1312/3640 734/1320/3641 726/1310/3642
f 730/1318/3643 732/1315/3644 716/1302/3645
f 721/1308/3646 728/1307/3647 720/1306/3648
f 730/1318/3649 731/1313/3650 732/1315/3651
f 727/1312/3652 726/1310/3653 724/1309/3654
f 728/1307/3655 722/1317/3656 723/1321/3657
f 728/1307/3658 724/1309/3659 722/1317/3660
f 727/1312/3661 721/1308/3662 736/1322/3663
f 704/1286/3664 698/1285/3665 706/1323/3666
f 709/1298/3667 739/1324/3668 747/1300/3669
f 712/1297/3670 713/1296/3671 711/1325/3672
f 741/1326/3673 742/1327/3674 743/1328/3675
f 737/1329/3676 742/1327/3677 744/1330/3678
f 732/1315/3679 713/1296/3680 709/1298/3681
f 732/1315/3682 709/1298/3683 716/1302/3684
f 732/1315/3685 735/1314/3686 737/1329/3687
f 737/1329/3688 743/1328/3689 742/1327/3690
f 746/1331/3691 737/1329/3692 735/1314/3693
f 743/1328/3694 737/1329/3695 746/1331/3696
f 739/1324/3697 709/1298/3698 710/1332/3699
f 747/1300/3700 739/1324/3701 745/1333/3702
f 748/1334/3703 749/1335/3704 715/1301/3705
f 715/1301/3706 749/1335/3707 714/1299/3708
f 740/1336/3709 706/1323/3710 698/1285/3711
f 698/1285/3712 702/1287/3713 748/1334/3714
f 748/1334/3715 702/1287/3716 750/1337/3717
f 702/1287/3718 698/1285/3719 705/1288/3720
f 698/1285/3721 715/1301/3722 747/1300/3723
f 747/1300/3724 740/1336/3725 698/1285/3726
f 740/1336/3727 747/1300/3728 745/1333/3729
f 715/1301/3730 698/1285/3731 748/1334/3732
f 714/1299/3733 751/1338/3734 716/1302/3735
f 752/1339/3736 732/1315/3737 737/1329/3738
f 753/1340/3739 738/1341/3740 752/1339/3741
f 738/1341/3742 732/1315/3743 752/1339/3744
f 738/1341/3745 713/1296/3746 732/1315/3747
f 757/1342/3748 762/1343/3749 758/1344/3750
f 764/1345/3751 770/1346/3752 761/1347/3753
f 767/1348/3754 768/1349/3755 754/1350/3756
f 754/1350/3757 769/1351/3758 767/1348/3759
f 782/1352/3760 766/1353/3761 759/1354/3762
f 762/1343/3763 775/1355/3764 759/1354/3765
f 756/1356/3766 773/1357/3767 774/1358/3768
f 760/1359/3769 777/1360/3770 769/1351/3771
f 778/1361/3772 779/1362/3773 775/1355/3774
f 775/1355/3775 762/1343/3776 754/1350/3777
f 769/1351/3778 754/1350/3779 760/1359/3780
f 769/1351/3781 777/1360/3782 781/1363/3783
f 755/1364/3784 759/1354/3785 756/1356/3786
f 785/1365/3787 783/1366/3788 784/1367/3789
f 770/1346/3790 783/1366/3791 785/1365/3792
f 783/1366/3793 770/1346/3794 771/1368/3795
f 765/1369/3796 782/1352/3797 780/1370/3798
f 768/1349/3799 786/1371/3800 775/1355/3801
f 762/1343/3802 764/1345/3803 763/1372/3804
f 754/1350/3805 768/1349/3806 775/1355/3807
f 766/1353/3808 773/1357/3809 759/1354/3810
f 756/1356/3811 759/1354/3812 773/1357/3813
f 786/1371/3814 778/1361/3815 775/1355/3816
f 764/1345/3817 759/1354/3818 770/1346/3819
f 759/1354/3820 775/1355/3821 772/1373/3822
f 772/1373/3823 787/1374/3824 782/1352/3825
f 758/1344/3826 762/1343/3827 763/1372/3828
f 766/1353/3829 782/1352/3830 765/1369/3831
f 759/1354/3832 772/1373/3833 782/1352/3834
f 762/1343/3835 759/1354/3836 764/1345/3837
f 770/1346/3838 776/1375/3839 771/1368/3840
f 755/1364/3841 770/1346/3842 759/1354/3843
f 755/1364/3844 776/1375/3845 770/1346/3846
f 790/1376/3847 772/1373/3848 775/1355/3849
f 779/1362/3850 790/1376/3851 775/1355/3852
f 772/1373/3853 790/1376/3854 789/1377/3855
f 757/1342/3856 792/1378/3857 788/1379/3858
f 757/1342/3859 788/1379/3860 762/1343/3861
f 760/1359/3862 754/1350/3863 791/1380/3864
f 794/1381/3865 797/1382/3866 807/1383/3867
f 802/1384/3868 804/1385/3869 801/1386/3870
f 805/1387/3871 804/1385/3872 795/1388/3873
f 794/1381/3874 808/1389/3875 809/1390/3876
f 805/1387/3877 795/1388/3878 794/1381/3879
f 800/1391/3880 813/1392/3881 814/1393/3882
f 816/1394/3883 812/1395/3884 811/1396/3885
f 812/1395/3886 805/1387/3887 811/1396/3888
f 812/1395/3889 815/1397/3890 805/1387/3891
f 805/1387/3892 820/1398/3893 798/1399/3894
f 807/1383/3895 805/1387/3896 794/1381/3897
f 796/1400/3898 813/1392/3899 800/1391/3900
f 806/1401/3901 794/1381/3902 795/1388/3903
f 820/1398/3904 793/1402/3905 798/1399/3906
f 803/1403/3907 801/1386/3908 804/1385/3909
f 793/1402/3910 817/1404/3911 818/1405/3912
f 819/1406/3913 820/1398/3914 805/1387/3915
f 818/1405/3916 798/1399/3917 793/1402/3918
f 805/1387/3919 807/1383/3920 819/1406/3921
f 822/1407/3922 823/1408/3923 799/1409/3924
f 810/1410/3925 804/1385/3926 802/1384/3927
f 804/1385/3928 796/1400/3929 795/1388/3930
f 804/1385/3931 810/1410/3932 824/1411/3933
f 828/1412/3934 796/1400/3935 829/1413/3936
f 830/1414/3937 825/1415/3938 826/1416/3939
f 824/1411/3940 827/1417/3941 829/1413/3942
f 830/1414/3943 831/1418/3944 825/1415/3945
f 830/1414/3946 796/1400/3947 828/1412/3948
f 796/1400/3949 804/1385/3950 824/1411/3951
f 829/1413/3952 796/1400/3953 824/1411/3954
f 799/1409/3955 823/1408/3956 798/1399/3957
f 805/1387/3958 798/1399/3959 823/1408/3960
f 805/1387/3961 823/1408/3962 811/1396/3963
f 803/1403/3964 804/1385/3965 815/1397/3966
f 826/1416/3967 825/1415/3968 834/1419/3969
f 815/1397/3970 812/1395/3971 833/1420/3972
f 808/1389/3973 794/1381/3974 806/1401/3975
f 832/1421/3976 813/1392/3977 830/1414/3978
f 813/1392/3979 796/1400/3980 830/1414/3981
f 832/1421/3982 830/1414/3983 826/1416/3984
f 796/1400/3985 800/1391/3986 821/1422/3987
f 815/1397/3988 804/1385/3989 805/1387/3990
f 3701/1049/3991 3699/938/3992 3690/1048/3993
f 3657/634/3994 3664/924/3995 3655/820/3996
f 3672/923/3997 3690/1048/3998 3683/952/3999
f 3690/1048/4000 3651/812/4001 3683/952/4002
f 3027/1423/4003 3029/1259/4004 3015/1255/4005
f 3692/630/4006 3691/617/4007 3693/616/4008
f 3689/1424/4009 3659/626/4010 3658/811/4011
f 3674/641/4012 3675/1425/4013 3658/811/4014
f 3685/825/4015 3687/1426/4016 3690/1048/4017
f 3685/825/4018 3686/824/4019 3688/1427/4020
f 3690/1048/4021 3687/1426/4022 3727/1050/4023
f 3680/644/4024 3652/628/4025 3679/1428/4026
f 3678/1429/4027 3652/628/4028 3677/1430/4029
f 3676/945/4030 3677/1430/4031 3652/628/4032
f 3652/628/4033 3678/1429/4034 3679/1428/4035
f 3674/641/4036 3656/625/4037 3673/651/4038
f 3661/948/4039 3669/590/4040 3671/593/4041
f 3660/940/4042 3656/625/4043 3661/948/4044
f 3668/1431/4045 3661/948/4046 3654/624/4047
f 3654/624/4048 3661/948/4049 3656/625/4050
f 3231/1432/4051 3202/1433/4052 3232/1434/4053
f 3018/1435/4054 3016/1278/4055 3012/1271/4056
f 3029/1259/4057 3030/1436/4058 3032/1265/4059
f 3015/1255/4060 3019/1280/4061 3028/1437/4062
f 3027/1423/4063 3015/1255/4064 3028/1437/4065
f 2992/1252/4066 3025/1251/4067 3007/1260/4068
f 3018/1435/4069 3007/1260/4070 3016/1278/4071
f 3025/1251/4072 3020/1438/4073 3007/1260/4074
f 2981/1262/4075 3023/1439/4076 2980/1440/4077
f 3016/1278/4078 3007/1260/4079 3020/1438/4080
f 3022/1441/4081 3011/1442/4082 3010/1443/4083
f 3024/1276/4084 3019/1280/4085 3014/1444/4086
f 3015/1255/4087 3010/1443/4088 3011/1442/4089
f 3035/1254/4090 3010/1443/4091 3015/1255/4092
f 3019/1280/4093 3015/1255/4094 3021/1445/4095
f 3014/1444/4096 3021/1445/4097 3017/1446/4098
f 3014/1444/4099 3019/1280/4100 3021/1445/4101
f 3003/1447/4102 2998/1261/4103 2983/1448/4104
f 2988/1264/4105 2983/1448/4106 2995/1257/4107
f 3007/1260/4108 3015/1255/4109 3029/1259/4110
f 3006/1449/4111 3015/1255/4112 3007/1260/4113
f 2997/1263/4114 2981/1262/4115 2984/1281/4116
f 3015/1255/4117 3006/1449/4118 3005/1253/4119
f 2994/1450/4120 2987/1256/4121 3002/1258/4122
f 2994/1450/4123 2996/1274/4124 2987/1256/4125
f 2986/1451/4126 2985/1452/4127 2996/1274/4128
f 2996/1274/4129 2994/1450/4130 2986/1451/4131
f 2990/1453/4132 2997/1263/4133 2984/1281/4134
f 3001/1454/4135 2996/1274/4136 2985/1452/4137
f 2987/1256/4138 2996/1274/4139 2999/1268/4140
f 2993/1273/4141 2996/1274/4142 3001/1454/4143
f 2997/1263/4144 2983/1448/4145 2998/1261/4146
f 2995/1257/4147 2983/1448/4148 2997/1263/4149
f 2991/1249/4150 2992/1252/4151 2993/1273/4152
f 2989/1455/4153 2983/1448/4154 2988/1264/4155
f 2982/1282/4156 2981/1262/4157 2980/1440/4158
f 2228/191/4159 2250/403/4160 2249/402/4161
f 2249/402/4162 2247/148/4163 2228/191/4164
f 2248/1456/4165 2228/191/4166 2246/1457/4167
f 3363/1458/4168 3322/1459/4169 3362/1460/4170
f 3323/1461/4171 3327/1462/4172 3330/1463/4173
f 3330/1463/4174 3360/1464/4175 3322/1459/4176
f 3362/1460/4177 3322/1459/4178 3360/1464/4179
f 3349/1465/4180 3327/1462/4181 3355/1466/4182
f 2231/188/4183 2253/190/4184 2234/1467/4185
f 2252/193/4186 2244/1468/4187 2228/191/4188
f 2234/1467/4189 2253/190/4190 2245/1469/4191
f 2252/193/4192 2234/1467/4193 2233/1470/4194
f 2242/1471/4195 2243/412/4196 2240/189/4197
f 3361/1472/4198 3342/1473/4199 3333/1474/4200
f 3333/1474/4201 3337/1475/4202 3361/1472/4203
f 3324/1476/4204 3327/1462/4205 3349/1465/4206
f 3323/1461/4207 3330/1463/4208 3322/1459/4209
f 2231/188/4210 2241/1477/4211 2240/189/4212
f 3339/1478/4213 3359/1479/4214 3333/1474/4215
f 3340/1480/4216 3351/1481/4217 3350/1482/4218
f 3334/1483/4219 3342/1473/4220 3343/1484/4221
f 3340/1480/4222 3348/1485/4223 3351/1481/4224
f 3348/1485/4225 3352/1486/4226 3353/1487/4227
f 3348/1485/4228 3340/1480/4229 3324/1476/4230
f 2239/1488/4231 2230/1489/4232 2232/1490/4233
f 3335/1491/4234 3332/1492/4235 3336/1493/4236
f 3340/1480/4237 3358/1494/4238 3325/1495/4239
f 3332/1492/4240 3325/1495/4241 3336/1493/4242
f 3324/1476/4243 3325/1495/4244 3332/1492/4245
f 3324/1476/4246 3332/1492/4247 3339/1478/4248
f 2235/428/4249 2236/398/4250 2237/155/4251
f 3340/1480/4252 3325/1495/4253 3324/1476/4254
f 3347/1496/4255 3357/1497/4256 3332/1492/4257
f 2230/1489/4258 2231/188/4259 2232/1490/4260
f 3339/1478/4261 3332/1492/4262 3357/1497/4263
f 2250/403/4264 2228/191/4265 2229/427/4266
f 2225/1498/4267 2226/1499/4268 2227/1500/4269
f 3326/1501/4270 3354/1502/4271 3356/1503/4272
f 3326/1501/4273 3356/1503/4274 3338/1504/4275
f 3348/1485/4276 3324/1476/4277 3349/1465/4278
f 3348/1485/4279 3353/1487/4280 3351/1481/4281
f 3326/1501/4282 3350/1482/4283 3354/1502/4284
f 3346/1505/4285 3347/1496/4286 3332/1492/4287
f 3331/1506/4288 3340/1480/4289 3326/1501/4290
f 3330/1463/4291 3324/1476/4292 3345/1507/4293
f 3334/1483/4294 3345/1507/4295 3324/1476/4296
f 3343/1484/4297 3342/1473/4298 3344/1508/4299
f 3334/1483/4300 3339/1478/4301 3333/1474/4302
f 3337/1475/4303 3333/1474/4304 3341/1509/4305
f 3339/1478/4306 3334/1483/4307 3324/1476/4308
f 3342/1473/4309 3334/1483/4310 3333/1474/4311
f 3328/1510/4312 3336/1493/4313 3329/1511/4314
f 3328/1510/4315 3335/1491/4316 3336/1493/4317
f 3330/1463/4318 3327/1462/4319 3324/1476/4320
f 3350/1482/4321 3326/1501/4322 3340/1480/4323
f 3492/817/4324 3504/818/4325 3486/815/4326
f 3480/816/4327 3506/1512/4328 3492/817/4329
f 1949/279/4330 1952/307/4331 2010/305/4332
f 3497/171/4333 3504/818/4334 3484/172/4335
f 1972/311/4336 1973/414/4337 1950/306/4338
f 1964/1513/4339 1953/278/4340 1961/277/4341
f 3309/1514/4342 3312/1515/4343 3295/1516/4344
f 2225/1498/4345 2215/1517/4346 2226/1499/4347
f 3321/1518/4348 3287/1519/4349 3320/1520/4350
f 3292/1521/4351 3285/1522/4352 3287/1519/4353
f 3290/1523/4354 3285/1522/4355 3291/1524/4356
f 3316/1525/4357 3299/1526/4358 3288/1527/4359
f 3285/1522/4360 3314/1528/4361 3320/1520/4362
f 3291/1524/4363 3285/1522/4364 3289/1529/4365
f 3298/1530/4366 3297/1531/4367 3318/1532/4368
f 3315/1533/4369 3316/1525/4370 3288/1527/4371
f 3318/1532/4372 3297/1531/4373 3319/1534/4374
f 3304/1535/4375 3288/1527/4376 3292/1521/4377
f 3285/1522/4378 3290/1523/4379 3302/1536/4380
f 3301/1537/4381 3286/1538/4382 3299/1526/4383
f 3291/1524/4384 3297/1531/4385 3296/1539/4386
f 3290/1523/4387 3317/1540/4388 3302/1536/4389
f 3286/1538/4390 3309/1514/4391 3295/1516/4392
f 3301/1537/4393 3300/1541/4394 3286/1538/4395
f 3310/1542/4396 3297/1531/4397 3295/1516/4398
f 3310/1542/4399 3295/1516/4400 3312/1515/4401
f 3286/1538/4402 3288/1527/4403 3299/1526/4404
f 3314/1528/4405 3285/1522/4406 3311/1543/4407
f 3313/1544/4408 3314/1528/4409 3311/1543/4410
f 3309/1514/4411 3286/1538/4412 3307/1545/4413
f 3303/1546/4414 3294/1547/4415 3285/1522/4416
f 3295/1516/4417 3289/1529/4418 3286/1538/4419
f 3311/1543/4420 3285/1522/4421 3306/1548/4422
f 1948/1549/4423 1970/287/4424 1953/278/4425
f 3285/1522/4426 3294/1547/4427 3306/1548/4428
f 3308/1550/4429 3301/1537/4430 3299/1526/4431
f 3300/1541/4432 3307/1545/4433 3286/1538/4434
f 3305/1551/4435 3306/1548/4436 3294/1547/4437
f 3291/1524/4438 3295/1516/4439 3297/1531/4440
f 3285/1522/4441 3302/1536/4442 3303/1546/4443
f 3296/1539/4444 3297/1531/4445 3298/1530/4446
f 3288/1527/4447 3289/1529/4448 3292/1521/4449
f 3295/1516/4450 3291/1524/4451 3289/1529/4452
f 3292/1521/4453 3287/1519/4454 3293/1552/4455
f 3292/1521/4456 3289/1529/4457 3285/1522/4458
f 3288/1527/4459 3286/1538/4460 3289/1529/4461
f 3285/1522/4462 3320/1520/4463 3287/1519/4464
f 3258/1553/4465 3268/597/4466 3283/1554/4467
f 2952/1555/4468 2971/1556/4469 2977/1557/4470
f 2952/1555/4471 2977/1557/4472 2958/1558/4473
f 2979/1559/4474 2957/1560/4475 2974/1561/4476
f 2979/1559/4477 2952/1555/4478 2957/1560/4479
f 2958/1558/4480 2977/1557/4481 2978/1562/4482
f 2972/1563/4483 2940/1564/4484 2968/1565/4485
f 2976/1566/4486 2957/1560/4487 2972/1563/4488
f 2976/1566/4489 2975/1567/4490 2957/1560/4491
f 2974/1561/4492 2975/1567/4493 2973/1568/4494
f 2955/1569/4495 2927/1570/4496 2948/1571/4497
f 2961/1572/4498 2928/1573/4499 2950/1574/4500
f 2957/1560/4501 2940/1564/4502 2972/1563/4503
f 2974/1561/4504 2957/1560/4505 2975/1567/4506
f 2961/1572/4507 2935/1575/4508 2928/1573/4509
f 2927/1570/4510 2970/1576/4511 2931/1577/4512
f 2927/1570/4513 2969/1578/4514 2964/1579/4515
f 2931/1577/4516 2969/1578/4517 2927/1570/4518
f 2967/1580/4519 2951/1581/4520 2953/1582/4521
f 1865/894/4522 1874/1583/4523 1904/1584/4524
f 2942/1585/4525 2951/1581/4526 2956/1586/4527
f 2951/1581/4528 2948/1571/4529 2956/1586/4530
f 2942/1585/4531 2956/1586/4532 2946/1587/4533
f 2939/1588/4534 2933/1589/4535 2940/1564/4536
f 2951/1581/4537 2957/1560/4538 2952/1555/4539
f 2932/1590/4540 2942/1585/4541 2946/1587/4542
f 1860/1591/4543 1867/1592/4544 1864/1593/4545
f 2953/1582/4546 2952/1555/4547 2958/1558/4548
f 2955/1569/4549 2928/1573/4550 2930/1594/4551
f 2966/1595/4552 2965/1596/4553 2964/1579/4554
f 2964/1579/4555 2963/1597/4556 2949/1598/4557
f 1861/1599/4558 1866/187/4559 1862/179/4560
f 2963/1597/4561 2964/1579/4562 2965/1596/4563
f 2960/1600/4564 2950/1574/4565 2954/1601/4566
f 2955/1569/4567 2950/1574/4568 2928/1573/4569
f 2962/1602/4570 2950/1574/4571 2960/1600/4572
f 2954/1601/4573 2959/1603/4574 2960/1600/4575
f 2942/1585/4576 2957/1560/4577 2951/1581/4578
f 2934/1604/4579 2936/1605/4580 2925/1606/4581
f 2923/1607/4582 2937/1608/4583 2934/1604/4584
f 2934/1604/4585 2943/1609/4586 2939/1588/4587
f 2942/1585/4588 2940/1564/4589 2957/1560/4590
f 2930/1594/4591 2927/1570/4592 2955/1569/4593
f 1864/1593/4594 1861/1599/4595 1860/1591/4596
f 1860/1591/4597 1861/1599/4598 1862/179/4599
f 2949/1598/4600 2956/1586/4601 2948/1571/4602
f 2951/1581/4603 2952/1555/4604 2953/1582/4605
f 2954/1601/4606 2950/1574/4607 2955/1569/4608
f 2948/1571/4609 2927/1570/4610 2949/1598/4611
f 2964/1579/4612 2949/1598/4613 2927/1570/4614
f 2932/1590/4615 2940/1564/4616 2942/1585/4617
f 2936/1605/4618 2934/1604/4619 2944/1610/4620
f 2925/1606/4621 2921/1611/4622 2934/1604/4623
f 2944/1610/4624 2934/1604/4625 2939/1588/4626
f 2944/1610/4627 2932/1590/4628 2945/1612/4629
f 2926/1613/4630 2947/1614/4631 2937/1608/4632
f 2923/1607/4633 2924/1615/4634 2937/1608/4635
f 2938/1616/4636 2937/1608/4637 2947/1614/4638
f 2921/1611/4639 2923/1607/4640 2934/1604/4641
f 2932/1590/4642 2939/1588/4643 2940/1564/4644
f 2941/1617/4645 2934/1604/4646 2937/1608/4647
f 2932/1590/4648 2944/1610/4649 2939/1588/4650
f 2207/1618/4651 2225/1498/4652 2224/1619/4653
f 2928/1573/4654 2929/1620/4655 2930/1594/4656
f 2937/1608/4657 2924/1615/4658 2926/1613/4659
f 2921/1611/4660 2922/1621/4661 2923/1607/4662
f 2910/1622/4663 2876/1623/4664 2912/1624/4665
f 2906/1625/4666 2871/1626/4667 2919/1627/4668
f 2891/1628/4669 2881/1629/4670 2908/1630/4671
f 2891/1628/4672 2888/1631/4673 2858/1632/4674
f 2902/1633/4675 2864/1634/4676 2918/1635/4677
f 2904/1636/4678 2916/1637/4679 2871/1626/4680
f 2918/1635/4681 2901/1638/4682 2902/1633/4683
f 2919/1627/4684 2871/1626/4685 2858/1632/4686
f 2888/1631/4687 2860/1639/4688 2858/1632/4689
f 2860/1639/4690 2880/1640/4691 2889/1641/4692
f 2888/1631/4693 2867/1642/4694 2860/1639/4695
f 2870/1643/4696 2868/1644/4697 2858/1632/4698
f 2859/1645/4699 2875/1646/4700 2863/1647/4701
f 2881/1629/4702 2891/1628/4703 2864/1634/4704
f 2864/1634/4705 2916/1637/4706 2918/1635/4707
f 2856/1648/4708 2875/1646/4709 2882/1649/4710
f 861/1650/4711 843/1651/4712 863/1652/4713
f 847/1653/4714 848/1654/4715 851/1655/4716
f 849/1656/4717 842/1657/4718 867/1658/4719
f 861/1650/4720 851/1655/4721 843/1651/4722
f 851/1655/4723 866/1659/4724 852/1660/4725
f 842/1657/4726 837/1661/4727 867/1658/4728
f 863/1652/4729 843/1651/4730 859/1662/4731
f 854/1663/4732 845/1664/4733 857/1665/4734
f 863/1652/4735 840/1666/4736 856/1667/4737
f 862/1668/4738 868/1669/4739 853/1670/4740
f 870/1671/4741 872/1672/4742 874/1673/4743
f 876/1674/4744 871/1675/4745 870/1671/4746
f 871/1675/4747 877/1676/4748 870/1671/4749
f 874/1673/4750 862/1668/4751 870/1671/4752
f 878/1677/4753 873/1678/4754 862/1668/4755
f 870/1671/4756 879/1679/4757 876/1674/4758
f 874/1673/4759 878/1677/4760 862/1668/4761
f 877/1676/4762 872/1672/4763 870/1671/4764
f 837/1661/4765 880/1680/4766 844/1681/4767
f 844/1681/4768 882/1682/4769 869/1683/4770
f 858/1684/4771 881/1685/4772 866/1659/4773
f 855/1686/4774 837/1661/4775 844/1681/4776
f 882/1682/4777 844/1681/4778 880/1680/4779
f 861/1650/4780 856/1667/4781 864/1687/4782
f 838/1688/4783 864/1687/4784 856/1667/4785
f 885/1689/4786 864/1687/4787 838/1688/4788
f 864/1687/4789 869/1683/4790 851/1655/4791
f 868/1669/4792 862/1668/4793 884/1690/4794
f 876/1674/4795 888/1691/4796 871/1675/4797
f 886/1692/4798 884/1690/4799 883/1693/4800
f 890/1694/4801 872/1672/4802 877/1676/4803
f 889/1695/4804 877/1676/4805 871/1675/4806
f 865/1696/4807 891/1697/4808 893/1698/4809
f 894/1699/4810 891/1697/4811 865/1696/4812
f 868/1669/4813 895/1700/4814 853/1670/4815
f 891/1697/4816 894/1699/4817 892/1701/4818
f 835/1702/4819 858/1684/4820 841/1703/4821
f 863/1652/4822 896/1704/4823 899/1705/4824
f 886/1692/4825 868/1669/4826 884/1690/4827
f 898/1706/4828 896/1704/4829 836/1707/4830
f 896/1704/4831 863/1652/4832 836/1707/4833
f 839/1708/4834 836/1707/4835 897/1709/4836
f 873/1678/4837 884/1690/4838 862/1668/4839
f 835/1702/4840 894/1699/4841 865/1696/4842
f 863/1652/4843 850/1710/4844 897/1709/4845
f 875/1711/4846 903/1712/4847 879/1679/4848
f 851/1655/4849 848/1654/4850 843/1651/4851
f 851/1655/4852 861/1650/4853 864/1687/4854
f 899/1705/4855 905/1713/4856 853/1670/4857
f 870/1671/4858 862/1668/4859 906/1714/4860
f 863/1652/4861 899/1705/4862 853/1670/4863
f 907/1715/4864 906/1714/4865 862/1668/4866
f 905/1713/4867 908/1716/4868 853/1670/4869
f 866/1659/4870 841/1703/4871 858/1684/4872
f 862/1668/4873 853/1670/4874 908/1716/4875
f 908/1716/4876 911/1717/4877 862/1668/4878
f 911/1717/4879 910/1718/4880 862/1668/4881
f 866/1659/4882 851/1655/4883 841/1703/4884
f 862/1668/4885 910/1718/4886 907/1715/4887
f 867/1658/4888 887/1719/4889 914/1720/4890
f 912/1721/4891 849/1656/4892 914/1720/4893
f 849/1656/4894 867/1658/4895 914/1720/4896
f 915/1722/4897 912/1721/4898 916/1723/4899
f 912/1721/4900 913/1724/4901 845/1664/4902
f 849/1656/4903 912/1721/4904 915/1722/4905
f 854/1663/4906 912/1721/4907 845/1664/4908
f 854/1663/4909 916/1723/4910 912/1721/4911
f 842/1657/4912 849/1656/4913 917/1725/4914
f 907/1715/4915 918/1726/4916 909/1727/4917
f 907/1715/4918 910/1718/4919 918/1726/4920
f 844/1681/4921 869/1683/4922 864/1687/4923
f 885/1689/4924 855/1686/4925 844/1681/4926
f 864/1687/4927 885/1689/4928 844/1681/4929
f 865/1696/4930 860/1728/4931 835/1702/4932
f 835/1702/4933 860/1728/4934 858/1684/4935
f 850/1710/4936 863/1652/4937 846/1729/4938
f 853/1670/4939 840/1666/4940 863/1652/4941
f 879/1679/4942 870/1671/4943 875/1711/4944
f 861/1650/4945 863/1652/4946 856/1667/4947
f 903/1712/4948 875/1711/4949 904/1730/4950
f 852/1660/4951 847/1653/4952 851/1655/4953
f 869/1683/4954 835/1702/4955 841/1703/4956
f 900/1731/4957 835/1702/4958 869/1683/4959
f 900/1731/4960 869/1683/4961 882/1682/4962
f 900/1731/4963 882/1682/4964 901/1732/4965
f 841/1703/4966 851/1655/4967 869/1683/4968
f 859/1662/4969 846/1729/4970 863/1652/4971
f 837/1661/4972 855/1686/4973 867/1658/4974
f 863/1652/4975 897/1709/4976 836/1707/4977
f 840/1666/4978 895/1700/4979 902/1733/4980
f 840/1666/4981 853/1670/4982 895/1700/4983
f 891/1697/4984 892/1701/4985 919/1734/4986
f 920/1735/4987 945/1736/4988 922/1737/4989
f 924/1738/4990 926/1739/4991 925/1740/4992
f 956/1741/4993 949/1742/4994 959/1743/4995
f 923/1744/4996 924/1738/4997 925/1740/4998
f 930/1745/4999 935/1746/5000 931/1747/5001
f 934/1748/5002 933/1749/5003 930/1745/5004
f 931/1747/5005 935/1746/5006 936/1750/5007
f 934/1748/5008 931/1747/5009 937/1751/5010
f 936/1750/5011 938/1752/5012 931/1747/5013
f 934/1748/5014 930/1745/5015 931/1747/5016
f 943/1753/5017 942/1754/5018 941/1755/5019
f 946/1756/5020 924/1738/5021 945/1736/5022
f 922/1737/5023 945/1736/5024 924/1738/5025
f 946/1756/5026 926/1739/5027 924/1738/5028
f 972/1757/5029 944/1758/5030 921/1759/5031
f 920/1735/5032 921/1759/5033 944/1758/5034
f 952/1760/5035 955/1761/5036 951/1762/5037
f 944/1758/5038 945/1736/5039 920/1735/5040
f 928/1763/5041 957/1764/5042 927/1765/5043
f 958/1766/5044 959/1743/5045 949/1742/5046
f 924/1738/5047 923/1744/5048 922/1737/5049
f 961/1767/5050 925/1740/5051 929/1768/5052
f 929/1768/5053 925/1740/5054 959/1743/5055
f 925/1740/5056 956/1741/5057 959/1743/5058
f 923/1744/5059 925/1740/5060 961/1767/5061
f 950/1769/5062 962/1770/5063 968/1771/5064
f 969/1772/5065 948/1773/5066 950/1769/5067
f 950/1769/5068 956/1741/5069 962/1770/5070
f 954/1774/5071 949/1742/5072 953/1775/5073
f 951/1762/5074 948/1773/5075 957/1764/5076
f 955/1761/5077 949/1742/5078 951/1762/5079
f 951/1762/5080 949/1742/5081 948/1773/5082
f 970/1776/5083 945/1736/5084 944/1758/5085
f 949/1742/5086 971/1777/5087 953/1775/5088
f 947/1778/5089 956/1741/5090 926/1739/5091
f 949/1742/5092 955/1761/5093 971/1777/5094
f 956/1741/5095 925/1740/5096 926/1739/5097
f 972/1757/5098 939/1779/5099 940/1780/5100
f 940/1780/5101 944/1758/5102 972/1757/5103
f 965/1781/5104 957/1764/5105 934/1748/5106
f 934/1748/5107 967/1782/5108 965/1781/5109
f 956/1741/5110 966/1783/5111 962/1770/5112
f 943/1753/5113 960/1784/5114 942/1754/5115
f 954/1774/5116 958/1766/5117 949/1742/5118
f 950/1769/5119 949/1742/5120 956/1741/5121
f 948/1773/5122 949/1742/5123 950/1769/5124
f 942/1754/5125 964/1785/5126 947/1778/5127
f 947/1778/5128 964/1785/5129 956/1741/5130
f 942/1754/5131 960/1784/5132 964/1785/5133
f 963/1786/5134 956/1741/5135 964/1785/5136
f 957/1764/5137 948/1773/5138 927/1765/5139
f 966/1783/5140 956/1741/5141 963/1786/5142
f 928/1763/5143 934/1748/5144 957/1764/5145
f 928/1763/5146 932/1787/5147 934/1748/5148
f 932/1787/5149 933/1749/5150 934/1748/5151
f 3252/621/5152 3248/22/5153 3251/24/5154
f 2864/1634/5155 2871/1626/5156 2916/1637/5157
f 2902/1633/5158 2861/1788/5159 2864/1634/5160
f 2876/1623/5161 2910/1622/5162 2899/1789/5163
f 2857/1790/5164 2881/1629/5165 2883/1791/5166
f 2867/1642/5167 2914/1792/5168 2915/1793/5169
f 2868/1644/5170 2919/1627/5171 2858/1632/5172
f 2883/1791/5173 2881/1629/5174 2885/1794/5175
f 2920/1795/5176 2906/1625/5177 2919/1627/5178
f 2879/1796/5179 2911/1797/5180 2910/1622/5181
f 2875/1646/5182 2859/1645/5183 2882/1649/5184
f 2904/1636/5185 2871/1626/5186 2899/1789/5187
f 2918/1635/5188 2916/1637/5189 2917/1798/5190
f 2910/1622/5191 2911/1797/5192 2898/1799/5193
f 2916/1637/5194 2904/1636/5195 2903/1800/5196
f 2869/1801/5197 2856/1648/5198 2905/1802/5199
f 2910/1622/5200 2898/1799/5201 2899/1789/5202
f 2915/1793/5203 2913/1803/5204 2867/1642/5205
f 2907/1804/5206 2914/1792/5207 2867/1642/5208
f 2888/1631/5209 2907/1804/5210 2867/1642/5211
f 2907/1804/5212 2888/1631/5213 2908/1630/5214
f 2881/1629/5215 2882/1649/5216 2908/1630/5217
f 2909/1805/5218 2907/1804/5219 2908/1630/5220
f 2880/1640/5221 2867/1642/5222 2913/1803/5223
f 2876/1623/5224 2871/1626/5225 2906/1625/5226
f 2872/1806/5227 2856/1648/5228 2882/1649/5229
f 2904/1636/5230 2899/1789/5231 2900/1807/5232
f 2896/1808/5233 2899/1789/5234 2898/1799/5235
f 2862/1809/5236 2886/1810/5237 2857/1790/5238
f 2857/1790/5239 2895/1811/5240 2894/1812/5241
f 2892/1813/5242 2872/1806/5243 2897/1814/5244
f 2864/1634/5245 2858/1632/5246 2871/1626/5247
f 2897/1814/5248 2857/1790/5249 2894/1812/5250
f 2897/1814/5251 2872/1806/5252 2857/1790/5253
f 2884/1815/5254 2872/1806/5255 2887/1816/5256
f 2859/1645/5257 2908/1630/5258 2882/1649/5259
f 2887/1816/5260 2892/1813/5261 2893/1817/5262
f 2857/1790/5263 2883/1791/5264 2862/1809/5265
f 2892/1813/5266 2887/1816/5267 2872/1806/5268
f 2891/1628/5269 2908/1630/5270 2888/1631/5271
f 2873/1818/5272 2874/1819/5273 2890/1820/5274
f 2881/1629/5275 2872/1806/5276 2882/1649/5277
f 2874/1819/5278 2859/1645/5279 2863/1647/5280
f 2870/1643/5281 2860/1639/5282 2877/1821/5283
f 2860/1639/5284 2867/1642/5285 2880/1640/5286
f 2859/1645/5287 2874/1819/5288 2873/1818/5289
f 2864/1634/5290 2861/1788/5291 2881/1629/5292
f 2881/1629/5293 2857/1790/5294 2872/1806/5295
f 2861/1788/5296 2885/1794/5297 2881/1629/5298
f 2891/1628/5299 2858/1632/5300 2864/1634/5301
f 2884/1815/5302 2856/1648/5303 2872/1806/5304
f 2858/1632/5305 2860/1639/5306 2870/1643/5307
f 2910/1622/5308 2878/1822/5309 2879/1796/5310
f 2863/1647/5311 2875/1646/5312 2865/1823/5313
f 2899/1789/5314 2871/1626/5315 2876/1623/5316
f 2214/1824/5317 2207/1618/5318 2206/1825/5319
f 2869/1801/5320 2865/1823/5321 2856/1648/5322
f 2875/1646/5323 2856/1648/5324 2865/1823/5325
f 2869/1801/5326 2866/1826/5327 2865/1823/5328
f 2836/1827/5329 2844/1828/5330 2845/1829/5331
f 2818/1830/5332 2816/1831/5333 2836/1827/5334
f 2802/1832/5335 2809/1833/5336 2808/1834/5337
f 2805/1835/5338 2802/1832/5339 2808/1834/5340
f 2844/1828/5341 2855/1836/5342 2802/1832/5343
f 2799/1837/5344 2812/1838/5345 2837/1839/5346
f 2851/1840/5347 2850/1841/5348 2828/1842/5349
f 2838/1843/5350 2840/1844/5351 2854/1845/5352
f 2838/1843/5353 2849/1846/5354 2824/1847/5355
f 2829/1848/5356 2828/1842/5357 2850/1841/5358
f 2852/1849/5359 2850/1841/5360 2849/1846/5361
f 2849/1846/5362 2848/1850/5363 2824/1847/5364
f 2853/1851/5365 2849/1846/5366 2838/1843/5367
f 2845/1829/5368 2844/1828/5369 2802/1832/5370
f 2849/1846/5371 2850/1841/5372 2848/1850/5373
f 2851/1840/5374 2848/1850/5375 2850/1841/5376
f 2803/1852/5377 2804/1853/5378 2805/1835/5379
f 2805/1835/5380 2823/1854/5381 2845/1829/5382
f 2836/1827/5383 2845/1829/5384 2819/1855/5385
f 2845/1829/5386 2823/1854/5387 2847/1856/5388
f 2819/1855/5389 2846/1857/5390 2818/1830/5391
f 2818/1830/5392 2836/1827/5393 2819/1855/5394
f 2818/1830/5395 2812/1838/5396 2813/1858/5397
f 2813/1858/5398 2814/1859/5399 2816/1831/5400
f 2837/1839/5401 2838/1843/5402 2825/1860/5403
f 2826/1861/5404 2837/1839/5405 2825/1860/5406
f 2835/1862/5407 2842/1863/5408 2801/1864/5409
f 2843/1865/5410 2842/1863/5411 2835/1862/5412
f 2840/1844/5413 2838/1843/5414 2837/1839/5415
f 2824/1847/5416 2825/1860/5417 2838/1843/5418
f 2841/1866/5419 2840/1844/5420 2837/1839/5421
f 2839/1867/5422 2840/1844/5423 2841/1866/5424
f 2832/1868/5425 2831/1869/5426 2812/1838/5427
f 2831/1869/5428 2841/1866/5429 2837/1839/5430
f 2837/1839/5431 2812/1838/5432 2831/1869/5433
f 2804/1853/5434 2817/1870/5435 2805/1835/5436
f 2808/1834/5437 2827/1871/5438 2803/1852/5439
f 2822/1872/5440 2807/1873/5441 2805/1835/5442
f 2814/1859/5443 2815/1874/5444 2816/1831/5445
f 2835/1862/5446 2801/1864/5447 2827/1871/5448
f 2812/1838/5449 2834/1875/5450 2832/1868/5451
f 2803/1852/5452 2827/1871/5453 2801/1864/5454
f 2804/1853/5455 2803/1852/5456 2833/1876/5457
f 2806/1877/5458 2812/1838/5459 2818/1830/5460
f 2828/1842/5461 2829/1848/5462 2830/1878/5463
f 2813/1858/5464 2816/1831/5465 2818/1830/5466
f 2810/1879/5467 2813/1858/5468 2812/1838/5469
f 2799/1837/5470 2821/1880/5471 2800/1881/5472
f 2800/1881/5473 2810/1879/5474 2812/1838/5475
f 2826/1861/5476 2799/1837/5477 2837/1839/5478
f 2811/1882/5479 2821/1880/5480 2799/1837/5481
f 2812/1838/5482 2799/1837/5483 2800/1881/5484
f 2823/1854/5485 2805/1835/5486 2807/1873/5487
f 2808/1834/5488 2803/1852/5489 2805/1835/5490
f 2812/1838/5491 2806/1877/5492 2834/1875/5493
f 2805/1835/5494 2817/1870/5495 2822/1872/5496
f 2806/1877/5497 2818/1830/5498 2820/1883/5499
f 2805/1835/5500 2845/1829/5501 2802/1832/5502
f 2772/1884/5503 2768/1885/5504 2766/1886/5505
f 2781/1887/5506 2761/1888/5507 2768/1885/5508
f 2766/1886/5509 2768/1885/5510 2761/1888/5511
f 2772/1884/5512 2798/1889/5513 2797/1890/5514
f 2793/1891/5515 2798/1889/5516 2772/1884/5517
f 2797/1890/5518 2768/1885/5519 2772/1884/5520
f 2766/1886/5521 2791/1892/5522 2770/1893/5523
f 2791/1892/5524 2766/1886/5525 2771/1894/5526
f 2791/1892/5527 2787/1895/5528 2770/1893/5529
f 2795/1896/5530 2794/1897/5531 2796/1898/5532
f 2767/1899/5533 2769/1900/5534 2794/1897/5535
f 2771/1894/5536 2766/1886/5537 2767/1899/5538
f 2793/1891/5539 2792/1901/5540 2784/1902/5541
f 2794/1897/5542 2795/1896/5543 2767/1899/5544
f 2223/1903/5545 2212/1904/5546 2217/1905/5547
f 2225/1498/5548 2220/1906/5549 2215/1517/5550
f 2225/1498/5551 2207/1618/5552 2220/1906/5553
f 2214/1824/5554 2220/1906/5555 2207/1618/5556
f 2774/1907/5557 2776/1908/5558 2793/1891/5559
f 2210/1909/5560 2207/1618/5561 2224/1619/5562
f 2798/1889/5563 2793/1891/5564 2784/1902/5565
f 2774/1907/5566 2793/1891/5567 2772/1884/5568
f 2791/1892/5569 2790/1910/5570 2788/1911/5571
f 2789/1912/5572 2788/1911/5573 2790/1910/5574
f 2791/1892/5575 2788/1911/5576 2787/1895/5577
f 2781/1887/5578 2786/1913/5579 2782/1914/5580
f 2785/1915/5581 2784/1902/5582 2777/1916/5583
f 2200/1917/5584 2210/1909/5585 2223/1903/5586
f 2792/1901/5587 2778/1918/5588 2784/1902/5589
f 2784/1902/5590 2783/1919/5591 2798/1889/5592
f 2761/1888/5593 2781/1887/5594 2780/1920/5595
f 2763/1921/5596 2762/1922/5597 2761/1888/5598
f 2780/1920/5599 2781/1887/5600 2782/1914/5601
f 2784/1902/5602 2778/1918/5603 2777/1916/5604
f 2778/1918/5605 2779/1923/5606 2777/1916/5607
f 2200/1917/5608 2221/1924/5609 2198/1925/5610
f 2770/1893/5611 2775/1926/5612 2773/1927/5613
f 2774/1907/5614 2770/1893/5615 2773/1927/5616
f 2772/1884/5617 2766/1886/5618 2770/1893/5619
f 2774/1907/5620 2772/1884/5621 2770/1893/5622
f 2202/1928/5623 2201/1929/5624 2199/1930/5625
f 2210/1909/5626 2203/1931/5627 2213/1932/5628
f 2769/1900/5629 2767/1899/5630 2766/1886/5631
f 2764/1933/5632 2769/1900/5633 2766/1886/5634
f 2762/1922/5635 2764/1933/5636 2766/1886/5637
f 2217/1905/5638 2216/1934/5639 2223/1903/5640
f 2200/1917/5641 2207/1618/5642 2210/1909/5643
f 2205/1935/5644 2199/1930/5645 2201/1929/5646
f 2766/1886/5647 2761/1888/5648 2762/1922/5649
f 2762/1922/5650 2765/1936/5651 2764/1933/5652
f 2210/1909/5653 2212/1904/5654 2223/1903/5655
f 2712/1937/5656 2728/1938/5657 2744/1939/5658
f 2730/1940/5659 2734/1941/5660 2708/1942/5661
f 2712/1937/5662 2714/1943/5663 2728/1938/5664
f 2752/1944/5665 2715/1945/5666 2753/1946/5667
f 2735/1947/5668 2753/1946/5669 2711/1948/5670
f 2201/1929/5671 2202/1928/5672 2222/1949/5673
f 2704/1950/5674 2715/1945/5675 2752/1944/5676
f 2746/1951/5677 2740/1952/5678 2739/1953/5679
f 2723/1954/5680 2707/1955/5681 2754/1956/5682
f 2729/1957/5683 2713/1958/5684 2714/1943/5685
f 2210/1909/5686 2213/1932/5687 2208/1959/5688
f 2205/1935/5689 2206/1825/5690 2200/1917/5691
f 2733/1960/5692 2743/1961/5693 2732/1962/5694
f 2757/1963/5695 2707/1955/5696 2706/1964/5697
f 2739/1953/5698 2738/1965/5699 2759/1966/5700
f 2735/1947/5701 2733/1960/5702 2732/1962/5703
f 2721/1967/5704 2717/1968/5705 2703/1969/5706
f 2721/1967/5707 2705/1970/5708 2719/1971/5709
f 2749/1972/5710 2721/1967/5711 2708/1942/5712
f 2219/1973/5713 2220/1906/5714 2214/1824/5715
f 2714/1943/5716 2736/1974/5717 2728/1938/5718
f 2729/1957/5719 2714/1943/5720 2712/1937/5721
f 2740/1952/5722 2745/1975/5723 2730/1940/5724
f 2741/1976/5725 2743/1961/5726 2733/1960/5727
f 2705/1970/5728 2754/1956/5729 2719/1971/5730
f 2722/1977/5731 2751/1978/5732 2705/1970/5733
f 2724/1979/5734 2711/1948/5735 2716/1980/5736
f 2760/1981/5737 2740/1952/5738 2746/1951/5739
f 2735/1947/5740 2711/1948/5741 2733/1960/5742
f 2217/1905/5743 2218/1982/5744 2216/1934/5745
f 2747/1983/5746 2757/1963/5747 2706/1964/5748
f 2721/1967/5749 2703/1969/5750 2708/1942/5751
f 2730/1940/5752 2725/1984/5753 2738/1965/5754
f 2703/1969/5755 2727/1985/5756 2755/1986/5757
f 2727/1985/5758 2703/1969/5759 2731/1987/5760
f 2731/1987/5761 2717/1968/5762 2715/1945/5763
f 2703/1969/5764 2717/1968/5765 2731/1987/5766
f 2741/1976/5767 2733/1960/5768 2758/1988/5769
f 2703/1969/5770 2702/1989/5771 2725/1984/5772
f 2200/1917/5773 2206/1825/5774 2207/1618/5775
f 2716/1980/5776 2711/1948/5777 2715/1945/5778
f 2224/1619/5779 2209/1990/5780 2203/1931/5781
f 2203/1931/5782 2209/1990/5783 2204/1991/5784
f 2224/1619/5785 2211/1992/5786 2209/1990/5787
f 2719/1971/5788 2718/1993/5789 2721/1967/5790
f 2210/1909/5791 2224/1619/5792 2203/1931/5793
f 2726/1994/5794 2722/1977/5795 2705/1970/5796
f 2739/1953/5797 2730/1940/5798 2738/1965/5799
f 2726/1994/5800 2721/1967/5801 2749/1972/5802
f 2726/1994/5803 2756/1995/5804 2722/1977/5805
f 2715/1945/5806 2711/1948/5807 2753/1946/5808
f 2750/1996/5809 2748/1997/5810 2714/1943/5811
f 2745/1975/5812 2714/1943/5813 2730/1940/5814
f 2714/1943/5815 2734/1941/5816 2730/1940/5817
f 2709/1998/5818 2744/1939/5819 2710/1999/5820
f 2714/1943/5821 2745/1975/5822 2750/1996/5823
f 2708/1942/5824 2725/1984/5825 2730/1940/5826
f 2725/1984/5827 2708/1942/5828 2703/1969/5829
f 2736/1974/5830 2714/1943/5831 2748/1997/5832
f 2198/1925/5833 2205/1935/5834 2200/1917/5835
f 2199/1930/5836 2205/1935/5837 2198/1925/5838
f 2712/1937/5839 2744/1939/5840 2709/1998/5841
f 2741/1976/5842 2742/2000/5843 2743/1961/5844
f 2737/2001/5845 2733/1960/5846 2711/1948/5847
f 2715/1945/5848 2704/1950/5849 2731/1987/5850
f 2740/1952/5851 2730/1940/5852 2739/1953/5853
f 2721/1967/5854 2726/1994/5855 2705/1970/5856
f 2717/1968/5857 2721/1967/5858 2718/1993/5859
f 2718/1993/5860 2719/1971/5861 2720/2002/5862
f 2713/1958/5863 2734/1941/5864 2714/1943/5865
f 2706/1964/5866 2707/1955/5867 2723/1954/5868
f 2723/1954/5869 2754/1956/5870 2705/1970/5871
f 2685/128/5872 2684/130/5873 2693/2003/5874
f 2693/2003/5875 2692/2004/5876 2701/2005/5877
f 2700/2006/5878 2693/2003/5879 2701/2005/5880
f 3460/1077/5881 3448/167/5882 3439/2007/5883
f 1848/1106/5884 1894/1105/5885 1899/2008/5886
f 1899/2008/5887 1894/1105/5888 1900/2009/5889
f 3442/166/5890 3448/167/5891 3460/1077/5892
f 2698/2010/5893 2697/2011/5894 2696/129/5895
f 2699/2012/5896 2698/2010/5897 2685/128/5898
f 2154/2013/5899 2137/2014/5900 2160/2015/5901
f 2195/2016/5902 2157/2017/5903 2196/2018/5904
f 2693/2003/5905 2700/2006/5906 2685/128/5907
f 3466/1067/5908 3441/1066/5909 3470/2019/5910
f 1876/2020/5911 1850/2021/5912 1891/2022/5913
f 3484/172/5914 3492/817/5915 3499/2023/5916
f 2160/2015/5917 2195/2016/5918 2154/2013/5919
f 1892/1108/5920 1848/1106/5921 1899/2008/5922
f 1848/1106/5923 1849/2024/5924 1847/1104/5925
f 3466/1067/5926 3470/2019/5927 3473/2025/5928
f 3465/2026/5929 3444/2027/5930 3441/1066/5931
f 2698/2010/5932 2696/129/5933 2685/128/5934
f 3458/907/5935 3472/2028/5936 3453/175/5937
f 3471/912/5938 3453/175/5939 3456/2029/5940
f 2688/2030/5941 2692/2004/5942 2693/2003/5943
f 1865/894/5944 1853/896/5945 1877/2031/5946
f 3453/175/5947 3452/1111/5948 3454/906/5949
f 3465/2026/5950 3441/1066/5951 3457/1068/5952
f 3539/163/5953 3548/2032/5954 3541/2033/5955
f 1841/2034/5956 1842/2035/5957 1843/895/5958
f 2160/2015/5959 2159/2036/5960 2157/2017/5961
f 2686/2037/5962 2687/26/5963 2694/25/5964
f 2688/2030/5965 2686/2037/5966 2689/2038/5967
f 3442/166/5968 3461/173/5969 3453/175/5970
f 2695/2039/5971 2686/2037/5972 2694/25/5973
f 3442/166/5974 3451/2040/5975 3461/173/5976
f 3564/2041/5977 3566/2042/5978 3562/2043/5979
f 2693/2003/5980 2687/26/5981 2688/2030/5982
f 1876/2020/5983 1855/2044/5984 1850/2021/5985
f 2687/26/5986 2693/2003/5987 2684/130/5988
f 3544/2045/5989 3574/2046/5990 3545/161/5991
f 2688/2030/5992 2691/2047/5993 2692/2004/5994
f 2690/2048/5995 2691/2047/5996 2688/2030/5997
f 3448/167/5998 3446/1079/5999 3470/2019/6000
f 1827/16/6001 1837/114/6002 1836/2049/6003
f 2688/2030/6004 2689/2038/6005 2690/2048/6006
f 3448/167/6007 3470/2019/6008 3441/1066/6009
f 2158/2050/6010 2141/2051/6011 2197/2052/6012
f 3442/166/6013 3462/165/6014 3451/2040/6015
f 1832/2053/6016 1839/2054/6017 1830/125/6018
f 3446/1079/6019 3468/2055/6020 3470/2019/6021
f 2686/2037/6022 2688/2030/6023 2687/26/6024
f 2185/2056/6025 2157/2017/6026 2136/2057/6027
f 1948/1549/6028 1953/278/6029 1964/1513/6030
f 1952/307/6031 1960/308/6032 1958/290/6033
f 1960/308/6034 1962/272/6035 1958/290/6036
f 2162/2058/6037 2168/2059/6038 2187/2060/6039
f 1953/278/6040 1960/308/6041 1952/307/6042
f 1954/267/6043 1955/266/6044 1956/2061/6045
f 2195/2016/6046 2196/2018/6047 2168/2059/6048
f 2171/2062/6049 2183/2063/6050 2178/2064/6051
f 2191/2065/6052 2194/2066/6053 2176/2067/6054
f 2195/2016/6055 2153/2068/6056 2154/2013/6057
f 2157/2017/6058 2186/2069/6059 2196/2018/6060
f 3377/2070/6061 3384/2071/6062 3370/2072/6063
f 3375/2073/6064 3370/2072/6065 3369/2074/6066
f 3372/2075/6067 3379/2076/6068 3375/2073/6069
f 3370/2072/6070 3371/2077/6071 3369/2074/6072
f 2161/2078/6073 2189/2079/6074 2170/2080/6075
f 3369/2074/6076 3372/2075/6077 3375/2073/6078
f 2159/2036/6079 2156/2081/6080 2155/2082/6081
f 3366/2083/6082 3368/2084/6083 3373/2085/6084
f 3380/2086/6085 3368/2084/6086 3382/2087/6087
f 2191/2065/6088 2176/2067/6089 2177/2088/6090
f 3369/2074/6091 3366/2083/6092 3372/2075/6093
f 3375/2073/6094 3376/2089/6095 3370/2072/6096
f 3377/2070/6097 3378/2090/6098 3384/2071/6099
f 3370/2072/6100 3384/2071/6101 3371/2077/6102
f 2169/2091/6103 2150/2092/6104 2173/2093/6105
f 3366/2083/6106 3369/2074/6107 3368/2084/6108
f 3382/2087/6109 3368/2084/6110 3367/2094/6111
f 3368/2084/6112 3369/2074/6113 3367/2094/6114
f 2141/2051/6115 2178/2064/6116 2184/2095/6117
f 3385/2096/6118 3381/2097/6119 3369/2074/6120
f 3378/2090/6121 3386/2098/6122 3387/2099/6123
f 3383/2100/6124 3388/2101/6125 3364/2102/6126
f 3365/2103/6127 3383/2100/6128 3364/2102/6129
f 3385/2096/6130 3371/2077/6131 3392/2104/6132
f 3389/2105/6133 3390/2106/6134 3391/2107/6135
f 3398/2108/6136 3384/2071/6137 3389/2105/6138
f 3389/2105/6139 3384/2071/6140 3390/2106/6141
f 3385/2096/6142 3369/2074/6143 3371/2077/6144
f 2135/2109/6145 2136/2057/6146 2157/2017/6147
f 3383/2100/6148 3365/2103/6149 3392/2104/6150
f 2183/2063/6151 2193/2110/6152 2184/2095/6153
f 2182/2111/6154 2157/2017/6155 2159/2036/6156
f 2152/2112/6157 2141/2051/6158 2158/2050/6159
f 2164/2113/6160 2138/2114/6161 2152/2112/6162
f 2183/2063/6163 2181/2115/6164 2193/2110/6165
f 2146/2116/6166 2145/2117/6167 2168/2059/6168
f 2163/2118/6169 2166/2119/6170 2143/2120/6171
f 3393/2121/6172 3392/2104/6173 3384/2071/6174
f 3394/2122/6175 3397/2123/6176 3395/2124/6177
f 3392/2104/6178 3371/2077/6179 3384/2071/6180
f 2163/2118/6181 2159/2036/6182 2167/2125/6183
f 3395/2124/6184 3392/2104/6185 3394/2122/6186
f 3396/2126/6187 3384/2071/6188 3398/2108/6189
f 3392/2104/6190 3395/2124/6191 3383/2100/6192
f 3394/2122/6193 3392/2104/6194 3393/2121/6195
f 3396/2126/6196 3393/2121/6197 3384/2071/6198
f 2152/2112/6199 2158/2050/6200 2164/2113/6201
f 3384/2071/6202 3378/2090/6203 3387/2099/6204
f 3384/2071/6205 3387/2099/6206 3390/2106/6207
f 2135/2109/6208 2157/2017/6209 2182/2111/6210
f 2149/2127/6211 2141/2051/6212 2152/2112/6213
f 2163/2118/6214 2170/2080/6215 2159/2036/6216
f 2157/2017/6217 2195/2016/6218 2160/2015/6219
f 2147/2128/6220 2149/2127/6221 2192/2129/6222
f 2188/2130/6223 2190/2131/6224 2178/2064/6225
f 2169/2091/6226 2167/2125/6227 2150/2092/6228
f 3385/2096/6229 3392/2104/6230 3399/2132/6231
f 3399/2132/6232 3392/2104/6233 3365/2103/6234
f 3399/2132/6235 3400/2133/6236 3401/2134/6237
f 3365/2103/6238 3400/2133/6239 3399/2132/6240
f 977/2135/6241 978/2136/6242 975/2137/6243
f 979/2138/6244 980/2139/6245 981/2140/6246
f 982/2141/6247 983/2142/6248 974/2143/6249
f 974/2143/6250 985/2144/6251 986/2145/6252
f 987/2146/6253 988/2147/6254 980/2139/6255
f 989/2148/6256 979/2138/6257 981/2140/6258
f 989/2148/6259 990/2149/6260 985/2144/6261
f 989/2148/6262 991/2150/6263 990/2149/6264
f 979/2138/6265 989/2148/6266 973/2151/6267
f 974/2143/6268 989/2148/6269 985/2144/6270
f 975/2137/6271 973/2151/6272 974/2143/6273
f 993/2152/6274 994/2153/6275 995/2154/6276
f 984/2155/6277 996/2156/6278 995/2154/6279
f 993/2152/6280 995/2154/6281 996/2156/6282
f 998/2157/6283 973/2151/6284 975/2137/6285
f 999/2158/6286 997/2159/6287 998/2157/6288
f 973/2151/6289 998/2157/6290 997/2159/6291
f 1000/2160/6292 978/2136/6293 984/2155/6294
f 976/2161/6295 998/2157/6296 975/2137/6297
f 973/2151/6298 989/2148/6299 974/2143/6300
f 984/2155/6301 992/2162/6302 1000/2160/6303
f 983/2142/6304 1001/2163/6305 975/2137/6306
f 995/2154/6307 992/2162/6308 984/2155/6309
f 975/2137/6310 974/2143/6311 983/2142/6312
f 975/2137/6313 1001/2163/6314 977/2135/6315
f 975/2137/6316 1000/2160/6317 976/2161/6318
f 979/2138/6319 973/2151/6320 987/2146/6321
f 991/2150/6322 1002/2164/6323 990/2149/6324
f 980/2139/6325 979/2138/6326 987/2146/6327
f 1003/2165/6328 985/2144/6329 990/2149/6324
f 1000/2160/6330 975/2137/6331 978/2136/6332
f 1007/2166/6333 1008/2167/6334 1006/2168/6335
f 1007/2166/6336 1009/2169/6337 1008/2167/6338
f 1009/2169/6339 1007/2166/6340 1029/2170/6341
f 1009/2169/6342 1029/2170/6343 1018/2171/6344
f 1019/2172/6345 1020/2173/6346 1016/2174/6347
f 1013/2175/6348 1018/2171/6349 1022/2176/6350
f 1008/2167/6351 1012/2177/6352 1014/2178/6353
f 1016/2174/6354 1014/2178/6355 1012/2177/6356
f 1015/2179/6357 1014/2178/6358 1016/2174/6359
f 1011/2180/6360 1025/2181/6361 1010/2182/6362
f 1004/2183/6363 1010/2182/6364 1005/2184/6365
f 1010/2182/6366 1025/2181/6367 1026/2185/6368
f 1010/2182/6369 1026/2185/6370 1005/2184/6371
f 1028/2186/6372 1022/2176/6373 1018/2171/6374
f 1009/2169/6375 1012/2177/6376 1008/2167/6377
f 1018/2171/6378 1013/2175/6379 1009/2169/6380
f 1024/2187/6381 1023/2188/6382 1016/2174/6383
f 1016/2174/6384 1023/2188/6385 1030/2189/6386
f 1012/2177/6387 1021/2190/6388 1004/2183/6389
f 1016/2174/6390 1004/2183/6391 1017/2191/6392
f 1012/2177/6393 1004/2183/6394 1016/2174/6395
f 1015/2179/6396 1020/2173/6397 1032/2192/6398
f 1030/2189/6399 1033/2193/6400 1019/2172/6401
f 1020/2173/6402 1015/2179/6403 1016/2174/6404
f 1018/2171/6405 1034/2194/6406 1036/2195/6407
f 1018/2171/6408 1036/2195/6409 1035/2196/6410
f 1017/2191/6411 1024/2187/6412 1016/2174/6413
f 1016/2174/6414 1030/2189/6415 1019/2172/6416
f 1021/2190/6417 1037/2197/6418 1010/2182/6419
f 1018/2171/6420 1038/2198/6421 1028/2186/6422
f 1035/2196/6423 1031/2199/6424 1018/2171/6425
f 1018/2171/6426 1029/2170/6427 1034/2194/6428
f 1039/2200/6429 1040/2201/6430 1029/2170/6431
f 1041/2202/6432 1029/2170/6433 1042/2203/6434
f 1029/2170/6435 1041/2202/6436 1039/2200/6437
f 1039/2200/6438 1043/2204/6439 1044/2205/6440
f 1034/2194/6441 1029/2170/6442 1040/2201/6443
f 1039/2200/6444 1041/2202/6445 1043/2204/6446
f 1027/2206/6447 1015/2179/6448 1032/2192/6449
f 1031/2199/6450 1038/2198/6451 1018/2171/6452
f 1004/2183/6453 1021/2190/6454 1010/2182/6455
f 3374/2207/6456 3365/2103/6457 3364/2102/6458
f 3365/2103/6459 3402/2208/6460 3403/2209/6461
f 3365/2103/6462 3374/2207/6463 3402/2208/6464
f 2657/2210/6465 2650/2211/6466 2682/2212/6467
f 2677/2213/6468 2682/2212/6469 2650/2211/6470
f 2682/2212/6471 2677/2213/6472 2683/2214/6473
f 2654/2215/6474 2681/2216/6475 2680/2217/6476
f 2655/2218/6477 2654/2215/6478 2679/2219/6479
f 2675/2220/6480 2674/2221/6481 2655/2218/6482
f 2655/2218/6483 2679/2219/6484 2671/2222/6485
f 2675/2220/6486 2671/2222/6487 2668/2223/6488
f 2675/2220/6489 2655/2218/6490 2671/2222/6491
f 2680/2217/6492 2679/2219/6493 2654/2215/6494
f 2677/2213/6495 2660/2224/6496 2678/2225/6497
f 2669/2226/6498 2678/2225/6499 2660/2224/6500
f 2660/2224/6501 2677/2213/6502 2650/2211/6503
f 2673/2227/6504 2663/2228/6505 2666/2229/6506
f 2676/2230/6507 2667/2231/6508 2672/2232/6509
f 2666/2229/6510 2652/2233/6511 2673/2227/6512
f 2672/2232/6513 2655/2218/6514 2674/2221/6515
f 2673/2227/6516 2652/2233/6517 2656/2234/6518
f 2652/2233/6519 2657/2210/6520 2656/2234/6521
f 2670/2235/6522 2660/2224/6523 2661/2236/6524
f 2655/2218/6525 2672/2232/6526 2667/2231/6527
f 2655/2218/6528 2667/2231/6529 2660/2224/6530
f 2650/2211/6531 2655/2218/6532 2660/2224/6533
f 2669/2226/6534 2660/2224/6535 2670/2235/6536
f 2667/2231/6537 2665/2237/6538 2660/2224/6539
f 2652/2233/6540 2650/2211/6541 2657/2210/6542
f 2660/2224/6543 2665/2237/6544 2662/2238/6545
f 2659/2239/6546 2663/2228/6547 2664/2240/6548
f 2662/2238/6549 2661/2236/6550 2660/2224/6551
f 2663/2228/6552 2659/2239/6553 2666/2229/6554
f 2658/2241/6555 2653/2242/6556 2651/2243/6557
f 2652/2233/6558 2651/2243/6559 2650/2211/6560
f 2651/2243/6561 2655/2218/6562 2650/2211/6563
f 2653/2242/6564 2655/2218/6565 2651/2243/6566
f 2653/2242/6567 2654/2215/6568 2655/2218/6569
f 2632/2244/6570 2616/2245/6571 2639/2246/6572
f 2647/2247/6573 2623/2248/6574 2614/2249/6575
f 2648/2250/6576 2637/2251/6577 2629/2252/6578
f 2623/2248/6579 2647/2247/6580 2624/2253/6581
f 2614/2249/6582 2649/2254/6583 2646/2255/6584
f 2621/2256/6585 2617/2257/6586 2629/2252/6587
f 2641/2258/6588 2644/2259/6589 2642/2260/6590
f 2648/2250/6591 2629/2252/6592 2628/2261/6593
f 3231/1432/6594 3214/2262/6595 3202/1433/6596
f 3480/816/6597 3481/2263/6598 3506/1512/6599
f 2618/2264/6600 2617/2257/6601 2630/2265/6602
f 2641/2258/6603 2613/2266/6604 2635/2267/6605
f 3643/2268/6606 3641/2269/6607 3648/95/6608
f 3183/2270/6609 3225/2271/6610 3192/2272/6611
f 3641/2269/6612 3645/2273/6613 3622/2274/6614
f 3620/2275/6615 3621/2276/6616 3646/2277/6617
f 3631/2278/6618 3640/2279/6619 3636/96/6620
f 3495/2280/6621 3502/2281/6622 3481/2263/6623
f 3647/2282/6624 3650/2283/6625 3646/2277/6626
f 3640/2279/6627 3635/97/6628 3636/96/6629
f 3648/95/6630 3641/2269/6631 3636/96/6632
f 3187/2284/6633 3223/2285/6634 3194/2286/6635
f 3624/2287/6636 3641/2269/6637 3623/2288/6638
f 3621/2276/6639 3647/2282/6640 3646/2277/6641
f 3649/2289/6642 3624/2287/6643 3625/2290/6644
f 2629/2252/6645 2637/2251/6646 2621/2256/6647
f 2635/2267/6648 2616/2245/6649 2643/2291/6650
f 3201/2292/6651 3183/2270/6652 3197/2293/6653
f 3496/2294/6654 3495/2280/6655 3481/2263/6656
f 3219/2295/6657 3206/2296/6658 3205/2297/6659
f 3512/2298/6660 3507/2299/6661 3508/2300/6662
f 3528/2301/6663 3509/2302/6664 3512/2298/6665
f 3188/2303/6666 3210/2304/6667 3183/2270/6668
f 3210/2304/6669 3191/2305/6670 3183/2270/6671
f 3626/2306/6672 3642/2307/6673 3631/2278/6674
f 3641/2269/6675 3631/2278/6676 3636/96/6677
f 3645/2273/6678 3641/2269/6679 3637/2308/6680
f 3638/2309/6681 3641/2269/6682 3643/2268/6683
f 3638/2309/6684 3643/2268/6685 3644/2310/6686
f 3638/2309/6687 3637/2308/6688 3641/2269/6689
f 3201/2292/6690 3225/2271/6691 3183/2270/6692
f 3624/2287/6693 3631/2278/6694 3641/2269/6695
f 3626/2306/6696 3631/2278/6697 3624/2287/6698
f 3536/2311/6699 3516/2312/6700 3514/2313/6701
f 3627/2314/6702 3631/2278/6703 3642/2307/6704
f 3627/2314/6705 3630/2315/6706 3631/2278/6707
f 2617/2257/6708 2631/2316/6709 2619/2317/6710
f 3631/2278/6711 3633/2318/6712 3634/2319/6713
f 3631/2278/6714 3634/2319/6715 3640/2279/6716
f 3515/2320/6717 3518/2321/6718 3516/2312/6719
f 2620/2322/6720 2619/2317/6721 2631/2316/6722
f 2625/2323/6723 2626/2324/6724 2629/2252/6725
f 3514/2313/6726 3512/2298/6727 3519/2325/6728
f 2646/2255/6729 2647/2247/6730 2614/2249/6731
f 3520/2326/6732 3514/2313/6733 3519/2325/6734
f 2633/2327/6735 2630/2265/6736 2617/2257/6737
f 3628/2328/6738 3632/2329/6739 3629/2330/6740
f 3522/2331/6741 3514/2313/6742 3517/2332/6743
f 3516/2312/6744 3526/2333/6745 3524/2334/6746
f 3525/2335/6747 3516/2312/6748 3524/2334/6749
f 3638/2309/6750 3639/2336/6751 3637/2308/6752
f 3527/2337/6753 3522/2331/6754 3517/2332/6755
f 1126/2338/6756 1045/2339/6757 1046/2340/6758
f 1048/2341/6759 1050/2342/6760 1110/2343/6761
f 1093/2344/6762 1053/2345/6763 1045/2339/6764
f 1048/2341/6765 1052/2346/6766 1057/2347/6767
f 1059/2348/6768 1088/2349/6769 1063/2350/6770
f 1059/2348/6771 1063/2350/6772 1048/2341/6773
f 1076/2351/6774 1077/2352/6775 1078/2353/6776
f 1079/2354/6777 1078/2353/6778 1069/2355/6779
f 1069/2355/6780 1072/2356/6781 1071/2357/6782
f 1069/2355/6783 1077/2352/6784 1072/2356/6785
f 1068/2358/6786 1079/2354/6787 1069/2355/6788
f 1069/2355/6789 1078/2353/6790 1077/2352/6791
f 1058/2359/6792 1071/2357/6793 1072/2356/6794
f 1058/2359/6795 1072/2356/6796 1073/2360/6797
f 1083/2361/6798 1051/2362/6799 1082/2363/6800
f 1052/2346/6801 1048/2341/6802 1049/2364/6803
f 1058/2359/6804 1067/2365/6805 1048/2341/6806
f 1085/2366/6807 1051/2362/6808 1083/2361/6809
f 1051/2362/6810 1108/2367/6811 1054/2368/6812
f 1087/2369/6813 1062/2370/6814 1086/2371/6815
f 1093/2344/6816 1089/2372/6817 1053/2345/6818
f 1045/2339/6819 1059/2348/6820 1093/2344/6821
f 1047/2373/6822 1053/2345/6823 1090/2374/6824
f 1091/2375/6825 1092/2376/6826 1093/2344/6827
f 1057/2347/6828 1093/2344/6829 1059/2348/6830
f 1096/2377/6831 1097/2378/6832 1059/2348/6833
f 1092/2376/6834 1089/2372/6835 1093/2344/6836
f 1047/2373/6837 1045/2339/6838 1053/2345/6839
f 1056/2379/6840 1098/2380/6841 1099/2381/6842
f 1051/2362/6843 1049/2364/6844 1061/2382/6845
f 1096/2377/6846 1059/2348/6847 1045/2339/6848
f 1094/2383/6849 1083/2361/6850 1101/2384/6851
f 1104/2385/6852 1105/2386/6853 1051/2362/6854
f 1109/2387/6855 1065/2388/6856 1113/2389/6857
f 1065/2388/6858 1109/2387/6859 1066/2390/6860
f 1065/2388/6861 1066/2390/6862 1064/2391/6863
f 1086/2371/6864 1062/2370/6865 1063/2350/6866
f 1046/2340/6867 1045/2339/6868 1047/2373/6869
f 1046/2340/6870 1047/2373/6871 1111/2392/6872
f 1061/2382/6873 1103/2393/6874 1051/2362/6875
f 1112/2394/6876 1063/2350/6877 1062/2370/6878
f 1085/2366/6879 1106/2395/6880 1052/2346/6881
f 1108/2367/6882 1051/2362/6883 1102/2396/6884
f 1051/2362/6885 1054/2368/6886 1082/2363/6887
f 1116/2397/6888 1113/2389/6889 1065/2388/6890
f 1116/2397/6891 1117/2398/6892 1113/2389/6893
f 1108/2367/6894 1098/2380/6895 1056/2379/6896
f 1104/2385/6897 1051/2362/6898 1103/2393/6899
f 1107/2399/6900 1052/2346/6901 1106/2395/6902
f 1052/2346/6903 1107/2399/6904 1057/2347/6905
f 1081/2400/6906 1065/2388/6907 1112/2394/6908
f 1071/2357/6909 1063/2350/6910 1064/2391/6911
f 1071/2357/6912 1064/2391/6913 1069/2355/6914
f 1063/2350/6915 1071/2357/6916 1048/2341/6917
f 1068/2358/6918 1121/2401/6919 1070/2402/6920
f 1115/2403/6921 1114/2404/6922 1118/2405/6923
f 1121/2401/6924 1119/2406/6925 1120/2407/6926
f 1118/2405/6927 1119/2406/6928 1115/2403/6929
f 1066/2390/6930 1069/2355/6931 1064/2391/6932
f 1121/2401/6933 1066/2390/6934 1115/2403/6935
f 1049/2364/6936 1110/2343/6937 1095/2408/6938
f 1050/2342/6939 1048/2341/6940 1067/2365/6941
f 1068/2358/6942 1066/2390/6943 1121/2401/6944
f 1109/2387/6945 1113/2389/6946 1115/2403/6947
f 1081/2400/6948 1116/2397/6949 1065/2388/6950
f 1118/2405/6951 1114/2404/6952 1100/2409/6953
f 1115/2403/6954 1066/2390/6955 1109/2387/6956
f 1115/2403/6957 1119/2406/6958 1121/2401/6959
f 1066/2390/6960 1068/2358/6961 1069/2355/6962
f 1051/2362/6963 1052/2346/6964 1049/2364/6965
f 1122/2410/6966 1075/2411/6967 1074/2412/6968
f 1051/2362/6969 1085/2366/6970 1052/2346/6971
f 1108/2367/6972 1055/2413/6973 1054/2368/6974
f 1082/2363/6975 1101/2384/6976 1083/2361/6977
f 1051/2362/6978 1105/2386/6979 1102/2396/6980
f 1074/2412/6981 1075/2411/6982 1123/2414/6983
f 1123/2414/6984 1118/2405/6985 1074/2412/6986
f 1100/2409/6987 1074/2412/6988 1118/2405/6989
f 1059/2348/6990 1060/2415/6991 1088/2349/6992
f 1059/2348/6993 1048/2341/6994 1057/2347/6995
f 1108/2367/6996 1056/2379/6997 1055/2413/6998
f 1062/2370/6999 1080/2416/7000 1112/2394/7001
f 1060/2415/7002 1059/2348/7003 1097/2378/7004
f 1071/2357/7005 1058/2359/7006 1048/2341/7007
f 1049/2364/7008 1048/2341/7009 1110/2343/7010
f 1110/2343/7011 1050/2342/7012 1084/2417/7013
f 1061/2382/7014 1049/2364/7015 1095/2408/7016
f 1112/2394/7017 1064/2391/7018 1063/2350/7019
f 1112/2394/7020 1065/2388/7021 1064/2391/7022
f 1088/2349/7023 1086/2371/7024 1063/2350/7025
f 1112/2394/7026 1080/2416/7027 1081/2400/7028
f 1045/2339/7029 1126/2338/7030 1124/2418/7031
f 1126/2338/7032 1046/2340/7033 1125/2419/7034
f 3516/2312/7035 3523/2420/7036 3526/2333/7037
f 3530/2421/7038 3531/2422/7039 3518/2321/7040
f 3510/2423/7041 3529/2424/7042 3530/2421/7043
f 2615/2425/7044 2635/2267/7045 2613/2266/7046
f 2622/2426/7047 2625/2323/7048 2619/2317/7049
f 2617/2257/7050 2619/2317/7051 2625/2323/7052
f 2617/2257/7053 2639/2246/7054 2631/2316/7055
f 3523/2420/7056 3516/2312/7057 3518/2321/7058
f 3513/2427/7059 3518/2321/7060 3532/2428/7061
f 3470/2019/7062 3468/2055/7063 3469/2429/7064
f 2628/2261/7065 2636/2430/7066 2645/2431/7067
f 3516/2312/7068 3536/2311/7069 3535/2432/7070
f 3518/2321/7071 3531/2422/7072 3532/2428/7073
f 3631/2278/7074 3630/2315/7075 3633/2318/7076
f 3510/2423/7077 3530/2421/7078 3518/2321/7079
f 2642/2260/7080 2613/2266/7081 2641/2258/7082
f 2634/2433/7083 2617/2257/7084 2621/2256/7085
f 2616/2245/7086 2632/2244/7087 2643/2291/7088
f 2615/2425/7089 2613/2266/7090 2623/2248/7091
f 2639/2246/7092 2617/2257/7093 2640/2434/7094
f 2614/2249/7095 2623/2248/7096 2613/2266/7097
f 2618/2264/7098 2640/2434/7099 2617/2257/7100
f 2637/2251/7101 2638/2435/7102 2621/2256/7103
f 2625/2323/7104 2629/2252/7105 2617/2257/7106
f 2636/2430/7107 2628/2261/7108 2629/2252/7109
f 2633/2327/7110 2617/2257/7111 2634/2433/7112
f 2625/2323/7113 2627/2436/7114 2626/2324/7115
f 2631/2316/7116 2639/2246/7117 2616/2245/7118
f 3525/2335/7119 3517/2332/7120 3516/2312/7121
f 2615/2425/7122 2616/2245/7123 2635/2267/7124
f 2584/2437/7125 2580/2438/7126 2587/2439/7127
f 2602/2440/7128 2591/2441/7129 2600/2442/7130
f 2611/2443/7131 2598/2444/7132 2588/2445/7133
f 2611/2443/7134 2612/2446/7135 2598/2444/7136
f 3623/2288/7137 3621/2276/7138 3620/2275/7139
f 3512/2298/7140 3508/2300/7141 3533/2447/7142
f 3520/2326/7143 3521/2448/7144 3514/2313/7145
f 2588/2445/7146 2586/2449/7147 2583/2450/7148
f 2602/2440/7149 2590/2451/7150 2596/2452/7151
f 2606/2453/7152 2609/2454/7153 2610/2455/7154
f 2597/2456/7155 2602/2440/7156 2605/2457/7157
f 2607/2458/7158 2609/2454/7159 2606/2453/7160
f 2606/2453/7161 2590/2451/7162 2607/2458/7163
f 2604/2459/7164 2603/2460/7165 2602/2440/7166
f 2602/2440/7167 2582/2461/7168 2605/2457/7169
f 2590/2451/7170 2603/2460/7171 2608/2462/7172
f 2608/2462/7173 2607/2458/7174 2590/2451/7175
f 2597/2456/7176 2605/2457/7177 2589/2463/7178
f 2600/2442/7179 2604/2459/7180 2602/2440/7181
f 2591/2441/7182 2602/2440/7183 2597/2456/7184
f 2598/2444/7185 2597/2456/7186 2589/2463/7187
f 2596/2452/7188 2595/2464/7189 2602/2440/7190
f 2603/2460/7191 2590/2451/7192 2602/2440/7193
f 2591/2441/7194 2601/2465/7195 2600/2442/7196
f 2586/2449/7197 2588/2445/7198 2589/2463/7199
f 2586/2449/7200 2585/2466/7201 2583/2450/7202
f 2587/2439/7203 2593/2467/7204 2588/2445/7205
f 2599/2468/7206 2597/2456/7207 2598/2444/7208
f 2589/2463/7209 2588/2445/7210 2598/2444/7211
f 2589/2463/7212 2579/2469/7213 2586/2449/7214
f 2584/2437/7215 2587/2439/7216 2583/2450/7217
f 2582/2461/7218 2602/2440/7219 2595/2464/7220
f 2597/2456/7221 2594/2470/7222 2591/2441/7223
f 2587/2439/7224 2588/2445/7225 2583/2450/7226
f 2592/2471/7227 2584/2437/7228 2583/2450/7229
f 2580/2438/7230 2581/2472/7231 2587/2439/7232
f 2556/2473/7233 2562/2474/7234 2563/2475/7235
f 2573/2476/7236 2536/2477/7237 2563/2475/7238
f 2551/2478/7239 2535/2479/7240 2549/2480/7241
f 2563/2475/7242 2553/2481/7243 2556/2473/7244
f 2532/2482/7245 2552/2483/7246 2536/2477/7247
f 2552/2483/7248 2533/2484/7249 2536/2477/7250
f 2543/2485/7251 2573/2476/7252 2578/2486/7253
f 2570/2487/7254 2563/2475/7255 2562/2474/7256
f 2560/2488/7257 2556/2473/7258 2537/2489/7259
f 2557/2490/7260 2534/2491/7261 2551/2478/7262
f 2541/2492/7263 2559/2493/7264 2542/2494/7265
f 2548/2495/7266 2533/2484/7267 2552/2483/7268
f 2577/2496/7269 2557/2490/7270 2556/2473/7271
f 2534/2491/7272 2557/2490/7273 2574/2497/7274
f 2557/2490/7275 2577/2496/7276 2575/2498/7277
f 2551/2478/7278 2562/2474/7279 2557/2490/7280
f 2556/2473/7281 2560/2488/7282 2577/2496/7283
f 2578/2486/7284 2573/2476/7285 2572/2499/7286
f 2557/2490/7287 2562/2474/7288 2556/2473/7289
f 2574/2497/7290 2557/2490/7291 2575/2498/7292
f 2535/2479/7293 2534/2491/7294 2538/2500/7295
f 2535/2479/7296 2538/2500/7297 2550/2501/7298
f 1850/2021/7299 1898/2502/7300 1854/178/7301
f 3459/2503/7302 3445/160/7303 3437/159/7304
f 1130/2504/7305 1131/124/7306 1136/118/7307
f 1145/2505/7308 1146/2506/7309 1147/2507/7310
f 1153/2508/7311 1129/2509/7312 1145/2505/7313
f 1131/124/7314 1139/2510/7315 1132/2511/7316
f 1155/2512/7317 1148/2513/7318 1154/2514/7319
f 1148/2513/7320 1155/2512/7321 1157/2515/7322
f 1137/2516/7323 1156/2517/7324 1136/118/7325
f 1157/2515/7326 1158/2518/7327 1178/2519/7328
f 1159/2520/7329 1134/2521/7330 1160/2522/7331
f 1130/2504/7332 1136/118/7333 1156/2517/7334
f 1163/2523/7335 1164/2524/7336 1165/2525/7337
f 3480/816/7338 3478/2526/7339 3481/2263/7340
f 1137/2516/7341 1142/120/7342 1138/2527/7343
f 1142/120/7344 1137/2516/7345 1136/118/7346
f 1152/2528/7347 1150/2529/7348 1166/2530/7349
f 1166/2530/7350 1162/2531/7351 1198/2532/7352
f 1149/2533/7353 1167/2534/7354 1146/2506/7355
f 1139/2510/7356 1135/2535/7357 1132/2511/7358
f 3446/1079/7359 3467/2536/7360 3468/2055/7361
f 1127/2537/7362 1151/2538/7363 1172/2539/7364
f 1134/2521/7365 1135/2535/7366 1139/2510/7367
f 1131/124/7368 1130/2504/7369 1139/2510/7370
f 1174/2540/7371 1175/2541/7372 1176/2542/7373
f 1173/2543/7374 1204/2544/7375 1180/2545/7376
f 1128/2546/7377 1141/2547/7378 1143/2548/7379
f 3439/2007/7380 3448/167/7381 3441/1066/7382
f 1181/2549/7383 1149/2533/7384 1182/2550/7385
f 1158/2518/7386 1183/2551/7387 1178/2519/7388
f 1168/2552/7389 1149/2533/7390 1169/2553/7391
f 1898/2502/7392 1850/2021/7393 1855/2044/7394
f 1171/2554/7395 1135/2535/7396 1134/2521/7397
f 1127/2537/7398 1186/2555/7399 1141/2547/7400
f 3463/902/7401 3474/164/7402 3464/2556/7403
f 3481/2263/7404 3477/2557/7405 3496/2294/7406
f 1143/2548/7407 1187/2558/7408 1128/2546/7409
f 1193/2559/7410 1194/2560/7411 1195/2561/7412
f 1191/2562/7413 1192/2563/7414 1193/2559/7415
f 1196/2564/7416 1152/2528/7417 1192/2563/7418
f 1171/2554/7419 1134/2521/7420 1159/2520/7421
f 3478/2526/7422 3477/2557/7423 3481/2263/7424
f 1161/2565/7425 1168/2552/7426 1166/2530/7427
f 1155/2512/7428 1199/2566/7429 1157/2515/7430
f 1169/2553/7431 1166/2530/7432 1168/2552/7433
f 1167/2534/7434 1149/2533/7435 1181/2549/7436
f 1204/2544/7437 1156/2517/7438 1205/2567/7439
f 1141/2547/7440 1128/2546/7441 1127/2537/7442
f 1175/2541/7443 1173/2543/7444 1176/2542/7445
f 1176/2542/7446 1173/2543/7447 1180/2545/7448
f 1176/2542/7449 1180/2545/7450 1207/2568/7451
f 1150/2529/7452 1162/2531/7453 1166/2530/7454
f 1156/2517/7455 1204/2544/7456 1130/2504/7457
f 1133/2569/7458 1146/2506/7459 1145/2505/7460
f 1168/2552/7461 1203/2570/7462 1182/2550/7463
f 1187/2558/7464 1134/2521/7465 1204/2544/7466
f 1147/2507/7467 1170/2571/7468 1208/2572/7469
f 1202/2573/7470 1205/2567/7471 1156/2517/7472
f 1149/2533/7473 1168/2552/7474 1182/2550/7475
f 1194/2560/7476 1133/2569/7477 1210/2574/7478
f 1204/2544/7479 1173/2543/7480 1201/2575/7481
f 1204/2544/7482 1134/2521/7483 1130/2504/7484
f 1205/2567/7485 1206/2576/7486 1204/2544/7487
f 1144/20/7488 1138/2527/7489 1142/120/7490
f 1211/19/7491 1138/2527/7492 1144/20/7493
f 1179/2577/7494 1180/2545/7495 1204/2544/7496
f 1149/2533/7497 1146/2506/7498 1133/2569/7499
f 1161/2565/7500 1166/2530/7501 1198/2532/7502
f 1134/2521/7503 1139/2510/7504 1130/2504/7505
f 1185/2578/7506 1209/2579/7507 1168/2552/7508
f 1185/2578/7509 1161/2565/7510 1184/2580/7511
f 1170/2571/7512 1147/2507/7513 1146/2506/7514
f 1161/2565/7515 1185/2578/7516 1168/2552/7517
f 1193/2559/7518 1192/2563/7519 1194/2560/7520
f 1178/2519/7521 1213/2581/7522 1214/2582/7523
f 1216/2583/7524 1148/2513/7525 1178/2519/7526
f 1216/2583/7527 1178/2519/7528 1214/2582/7529
f 1152/2528/7530 1148/2513/7531 1216/2583/7532
f 1173/2543/7533 1197/2584/7534 1150/2529/7535
f 1184/2580/7536 1165/2525/7537 1185/2578/7538
f 1203/2570/7539 1168/2552/7540 1209/2579/7541
f 1216/2583/7542 1150/2529/7543 1152/2528/7544
f 1184/2580/7545 1217/2585/7546 1163/2523/7547
f 1218/2586/7548 1188/116/7549 1189/115/7550
f 1200/2587/7551 1218/2586/7552 1189/115/7553
f 1134/2521/7554 1187/2558/7555 1160/2522/7556
f 1219/2588/7557 1220/2589/7558 1221/2590/7559
f 1201/2575/7560 1219/2588/7561 1218/2586/7562
f 1128/2546/7563 1187/2558/7564 1201/2575/7565
f 1222/2591/7566 1218/2586/7567 1219/2588/7568
f 1224/2592/7569 1222/2591/7570 1219/2588/7571
f 1219/2588/7572 1226/2593/7573 1224/2592/7574
f 1201/2575/7575 1218/2586/7576 1200/2587/7577
f 1221/2590/7578 1226/2593/7579 1219/2588/7580
f 1225/2594/7581 1216/2583/7582 1215/2595/7583
f 1188/116/7584 1218/2586/7585 1222/2591/7586
f 1219/2588/7587 1225/2594/7588 1220/2589/7589
f 1201/2575/7590 1216/2583/7591 1219/2588/7592
f 1201/2575/7593 1173/2543/7594 1150/2529/7595
f 1187/2558/7596 1204/2544/7597 1201/2575/7598
f 1128/2546/7599 1223/2596/7600 1151/2538/7601
f 1216/2583/7602 1225/2594/7603 1219/2588/7604
f 1201/2575/7605 1223/2596/7606 1128/2546/7607
f 1216/2583/7608 1201/2575/7609 1150/2529/7610
f 1149/2533/7611 1133/2569/7612 1169/2553/7613
f 1129/2509/7614 1210/2574/7615 1133/2569/7616
f 1152/2528/7617 1169/2553/7618 1192/2563/7619
f 1166/2530/7620 1169/2553/7621 1152/2528/7622
f 1194/2560/7623 1169/2553/7624 1133/2569/7625
f 3441/1066/7626 3440/158/7627 3445/160/7628
f 1152/2528/7629 1154/2514/7630 1148/2513/7631
f 1169/2553/7632 1194/2560/7633 1192/2563/7634
f 1157/2515/7635 1178/2519/7636 1148/2513/7637
f 1196/2564/7638 1154/2514/7639 1152/2528/7640
f 1163/2523/7641 1165/2525/7642 1184/2580/7643
f 1178/2519/7644 1183/2551/7645 1177/2597/7646
f 1178/2519/7647 1177/2597/7648 1212/2598/7649
f 1145/2505/7650 1129/2509/7651 1133/2569/7652
f 3206/2296/7653 3224/2599/7654 3226/2600/7655
f 1151/2538/7656 1127/2537/7657 1128/2546/7658
f 1190/2601/7659 1127/2537/7660 1172/2539/7661
f 3445/160/7662 3439/2007/7663 3441/1066/7664
f 3448/167/7665 3447/168/7666 3446/1079/7667
f 1231/2602/7668 1234/2603/7669 1233/2604/7670
f 1235/2605/7671 1230/2606/7672 1236/2607/7673
f 1238/2608/7674 1237/2609/7675 1239/2610/7676
f 1236/2607/7677 1230/2606/7678 1240/2611/7679
f 1238/2608/7680 1241/2612/7681 1237/2609/7682
f 1231/2602/7683 1246/2613/7684 1234/2603/7685
f 1243/2614/7686 1248/2615/7687 1249/2616/7688
f 1250/2617/7689 1251/2618/7690 1231/2602/7691
f 1252/2619/7692 1265/2620/7693 1253/2621/7694
f 1252/2619/7695 1254/2622/7696 1265/2620/7697
f 1265/2620/7698 1229/2623/7699 1277/2624/7700
f 1231/2602/7701 1253/2621/7702 1265/2620/7703
f 1255/2625/7704 1229/2623/7705 1265/2620/7706
f 1254/2622/7707 1256/2626/7708 1255/2625/7709
f 1255/2625/7710 1265/2620/7711 1254/2622/7712
f 1231/2602/7713 1251/2618/7714 1253/2621/7715
f 1230/2606/7716 1234/2603/7717 1257/2627/7718
f 1259/2628/7719 1260/2629/7720 1250/2617/7721
f 1258/2630/7722 1233/2604/7723 1234/2603/7724
f 1250/2617/7725 1233/2604/7726 1259/2628/7727
f 1261/2631/7728 1258/2630/7729 1234/2603/7730
f 1262/2632/7731 1257/2627/7732 1234/2603/7733
f 1230/2606/7734 1257/2627/7735 1240/2611/7736
f 1234/2603/7737 1264/2633/7738 1262/2632/7739
f 1231/2602/7740 1265/2620/7741 1247/2634/7742
f 1243/2614/7743 1232/2635/7744 1266/2636/7745
f 1234/2603/7746 1232/2635/7747 1243/2614/7748
f 1234/2603/7749 1230/2606/7750 1232/2635/7751
f 1267/2637/7752 1232/2635/7753 1230/2606/7754
f 1270/2638/7755 1265/2620/7756 1268/2639/7757
f 1268/2639/7758 1269/2640/7759 1244/2641/7760
f 1228/2642/7761 1227/2643/7762 1247/2634/7763
f 1247/2634/7764 1265/2620/7765 1228/2642/7766
f 1247/2634/7767 1227/2643/7768 1271/2644/7769
f 1261/2631/7770 1242/2645/7771 1272/2646/7772
f 1243/2614/7773 1273/2647/7774 1242/2645/7775
f 1243/2614/7776 1266/2636/7777 1248/2615/7778
f 1261/2631/7779 1234/2603/7780 1242/2645/7781
f 1242/2645/7782 1234/2603/7783 1243/2614/7784
f 1277/2624/7785 1268/2639/7786 1265/2620/7787
f 1263/2648/7788 1274/2649/7789 1257/2627/7790
f 1240/2611/7791 1257/2627/7792 1237/2609/7793
f 1227/2643/7794 1275/2650/7795 1271/2644/7796
f 1257/2627/7797 1262/2632/7798 1263/2648/7799
f 1239/2610/7800 1257/2627/7801 1274/2649/7802
f 1239/2610/7803 1274/2649/7804 1276/2651/7805
f 1257/2627/7806 1239/2610/7807 1237/2609/7808
f 1250/2617/7809 1231/2602/7810 1233/2604/7811
f 1268/2639/7812 1277/2624/7813 1269/2640/7814
f 3205/2297/7815 3215/2652/7816 3219/2295/7817
f 3633/2318/7818 3630/2315/7819 3629/2330/7820
f 3630/2315/7821 3627/2314/7822 3629/2330/7823
f 3627/2314/7824 3628/2328/7825 3629/2330/7826
f 2569/2653/7827 2541/2492/7828 2568/2654/7829
f 2569/2653/7830 2559/2493/7831 2541/2492/7832
f 2574/2497/7833 2576/2655/7834 2564/2656/7835
f 2574/2497/7836 2564/2656/7837 2534/2491/7838
f 3506/1512/7839 3494/2657/7840 3503/2658/7841
f 2561/2659/7842 2570/2487/7843 2562/2474/7844
f 3487/2660/7845 3506/1512/7846 3503/2658/7847
f 2570/2487/7848 2561/2659/7849 2571/2661/7850
f 2544/2662/7851 2536/2477/7852 2573/2476/7853
f 3497/171/7854 3476/957/7855 3490/2663/7856
f 3623/2288/7857 3625/2290/7858 3624/2287/7859
f 3620/2275/7860 3625/2290/7861 3623/2288/7862
f 2534/2491/7863 2535/2479/7864 2551/2478/7865
f 3485/2664/7866 3493/2665/7867 3506/1512/7868
f 2540/2666/7869 2539/2667/7870 2554/2668/7871
f 3481/2263/7872 3502/2281/7873 3482/2669/7874
f 3641/2269/7875 3622/2274/7876 3623/2288/7877
f 3506/1512/7878 3493/2665/7879 3494/2657/7880
f 2567/2670/7881 2538/2500/7882 2534/2491/7883
f 3604/2671/7884 3596/2672/7885 3617/2673/7886
f 3596/2672/7887 3618/2674/7888 3617/2673/7889
f 3594/2675/7890 3595/2676/7891 3596/2672/7892
f 3605/2677/7893 3604/2671/7894 3617/2673/7895
f 3605/2677/7896 3617/2673/7897 3619/2678/7898
f 3600/7/7899 3603/2679/7900 3601/2680/7901
f 1877/2031/7902 1853/896/7903 1868/922/7904
f 2573/2476/7905 2543/2485/7906 2544/2662/7907
f 2553/2481/7908 2545/2681/7909 2539/2667/7910
f 2556/2473/7911 2553/2481/7912 2555/2682/7913
f 2565/2683/7914 2534/2491/7915 2564/2656/7916
f 2561/2659/7917 2562/2474/7918 2551/2478/7919
f 2554/2668/7920 2539/2667/7921 2545/2681/7922
f 2537/2489/7923 2566/2684/7924 2547/2685/7925
f 2539/2667/7926 2555/2682/7927 2553/2481/7928
f 2567/2670/7929 2534/2491/7930 2565/2683/7931
f 2566/2684/7932 2537/2489/7933 2555/2682/7934
f 2553/2481/7935 2536/2477/7936 2545/2681/7937
f 2542/2494/7938 2533/2484/7939 2541/2492/7940
f 2536/2477/7941 2553/2481/7942 2563/2475/7943
f 3491/170/7944 3498/956/7945 3497/171/7946
f 1863/921/7947 1853/896/7948 1858/1100/7949
f 3455/2686/7950 3440/158/7951 3444/2027/7952
f 1878/2687/7953 1877/2031/7954 1897/2688/7955
f 2536/2477/7956 2542/2494/7957 2545/2681/7958
f 3506/1512/7959 3487/2660/7960 3492/817/7961
f 3499/2023/7962 3487/2660/7963 3500/2689/7964
f 1833/2690/7965 1840/2691/7966 1832/2053/7967
f 1772/2692/7968 1770/2693/7969 1733/2694/7970
f 1731/2695/7971 1732/2696/7972 1733/2694/7973
f 2542/2494/7974 2559/2493/7975 2558/2697/7976
f 1728/2698/7977 1729/2699/7978 1730/2700/7979
f 2556/2473/7980 2555/2682/7981 2537/2489/7982
f 2537/2489/7983 2547/2685/7984 2560/2488/7985
f 1763/2701/7986 1734/2702/7987 1739/2703/7988
f 1739/2703/7989 1734/2702/7990 1771/2704/7991
f 1278/2705/7992 1279/2706/7993 1280/2707/7994
f 2546/2708/7995 2536/2477/7996 2544/2662/7997
f 1743/2709/7998 1728/2698/7999 1751/2710/8000
f 1728/2698/8001 1742/2711/8002 1731/2695/8003
f 1734/2702/8004 1762/2712/8005 1771/2704/8006
f 1766/2713/8007 1752/2714/8008 1767/2715/8009
f 1733/2694/8010 1770/2693/8011 1729/2699/8012
f 1769/2716/8013 1761/2717/8014 1753/2718/8015
f 1761/2717/8016 1767/2715/8017 1752/2714/8018
f 1768/2719/8019 1750/2720/8020 1760/2721/8021
f 1763/2701/8022 1756/2722/8023 1734/2702/8024
f 1734/2702/8025 1746/2723/8026 1737/2724/8027
f 1734/2702/8028 1756/2722/8029 1746/2723/8030
f 1832/2053/8031 1830/125/8032 1829/127/8033
f 1829/127/8034 1828/17/8035 1832/2053/8036
f 1833/2690/8037 1832/2053/8038 1838/2725/8039
f 1747/2726/8040 1746/2723/8041 1756/2722/8042
f 1838/2725/8043 1832/2053/8044 1828/17/8045
f 1758/2727/8046 1749/2728/8047 1757/2729/8048
f 1835/2730/8049 1836/2049/8050 1837/114/8051
f 1746/2723/8052 1765/2731/8053 1764/2732/8054
f 1829/127/8055 1831/18/8056 1828/17/8057
f 3542/2733/8058 3543/2734/8059 3540/2735/8060
f 3546/2736/8061 3544/2045/8062 3541/2033/8063
f 3543/2734/8064 3546/2736/8065 3540/2735/8066
f 3541/2033/8067 3549/2737/8068 3568/2738/8069
f 3547/2739/8070 3550/2740/8071 3541/2033/8072
f 1728/2698/8073 1733/2694/8074 1729/2699/8075
f 1746/2723/8076 1764/2732/8077 1737/2724/8078
f 1283/15/8079 1286/2741/8080 1287/2742/8081
f 1287/2742/8082 1282/13/8083 1283/15/8084
f 1279/2706/8085 1282/13/8086 1280/2707/8087
f 2536/2477/8088 2533/2484/8089 2542/2494/8090
f 2532/2482/8091 2536/2477/8092 2546/2708/8093
f 3541/2033/8094 3548/2032/8095 3547/2739/8096
f 1285/2743/8097 1284/14/8098 1282/13/8099
f 1727/2744/8100 1758/2727/8101 1746/2723/8102
f 1728/2698/8103 1730/2700/8104 1758/2727/8105
f 1754/2745/8106 1747/2726/8107 1755/2746/8108
f 1762/2712/8109 1734/2702/8110 1741/2747/8111
f 1752/2714/8112 1753/2718/8113 1761/2717/8114
f 1758/2727/8115 1760/2721/8116 1749/2728/8117
f 1757/2729/8118 1746/2723/8119 1758/2727/8120
f 1760/2721/8121 1750/2720/8122 1749/2728/8123
f 1759/2748/8124 1753/2718/8125 1755/2746/8126
f 3550/2740/8127 3549/2737/8128 3541/2033/8129
f 3548/2032/8130 3539/163/8131 3552/1110/8132
f 3539/163/8133 3544/2045/8134 3545/161/8135
f 3554/2749/8136 3555/2750/8137 3551/2751/8138
f 3551/2751/8139 3548/2032/8140 3554/2749/8141
f 1752/2714/8142 1755/2746/8143 1753/2718/8144
f 3547/2739/8145 3548/2032/8146 3551/2751/8147
f 3560/2752/8148 3548/2032/8149 3552/1110/8150
f 1747/2726/8151 1756/2722/8152 1755/2746/8153
f 3560/2752/8154 3561/2753/8155 3548/2032/8156
f 3544/2045/8157 3546/2736/8158 3557/2754/8159
f 3565/2755/8160 3553/162/8161 3545/161/8162
f 2156/2081/8163 2159/2036/8164 2170/2080/8165
f 2179/2756/8166 2166/2119/8167 2172/2757/8168
f 1754/2745/8169 1755/2746/8170 1752/2714/8171
f 3565/2755/8172 3564/2041/8173 3553/162/8174
f 2159/2036/8175 2160/2015/8176 2167/2125/8177
f 3569/2758/8178 3567/2759/8179 3568/2738/8180
f 1746/2723/8181 1748/2760/8182 1744/2761/8183
f 3572/2762/8184 3552/1110/8185 3553/162/8186
f 3572/2762/8187 3560/2752/8188 3552/1110/8189
f 3544/2045/8190 3558/2763/8191 3559/2764/8192
f 3576/2765/8193 3560/2752/8194 3572/2762/8195
f 3544/2045/8196 3559/2764/8197 3571/2766/8198
f 3573/2767/8199 3571/2766/8200 3559/2764/8201
f 1280/2707/8202 1282/13/8203 1281/2768/8204
f 1282/13/8205 1287/2742/8206 1281/2768/8207
f 2178/2064/8208 2190/2131/8209 2171/2062/8210
f 3548/2032/8211 3561/2753/8212 3554/2749/8213
f 3562/2043/8214 3563/2769/8215 3564/2041/8216
f 3570/2770/8217 3567/2759/8218 3569/2758/8219
f 1744/2761/8220 1727/2744/8221 1746/2723/8222
f 1814/2771/8223 1826/2772/8224 1811/2773/8225
f 1746/2723/8226 1747/2726/8227 1748/2760/8228
f 1743/2709/8229 1745/2774/8230 1742/2711/8231
f 1824/2775/8232 1787/2776/8233 1825/2777/8234
f 1810/2778/8235 1812/2779/8236 1776/2780/8237
f 1742/2711/8238 1728/2698/8239 1743/2709/8240
f 1734/2702/8241 1737/2724/8242 1735/2781/8243
f 1741/2747/8244 1734/2702/8245 1736/2782/8246
f 1740/2783/8247 1738/2784/8248 1737/2724/8249
f 1786/2785/8250 1779/2786/8251 1810/2778/8252
f 1734/2702/8253 1735/2781/8254 1736/2782/8255
f 1737/2724/8256 1738/2784/8257 1735/2781/8258
f 1776/2780/8259 1823/2787/8260 1810/2778/8261
f 2142/2788/8262 2172/2757/8263 2166/2119/8264
f 1728/2698/8265 1758/2727/8266 1727/2744/8267
f 1816/2789/8268 1814/2771/8269 1811/2773/8270
f 1733/2694/8271 1728/2698/8272 1731/2695/8273
f 3197/2293/8274 3234/2790/8275 3201/2292/8276
f 1901/2791/8277 1869/405/8278 1902/1109/8279
f 3593/2792/8280 3611/2793/8281 3610/2794/8282
f 1869/405/8283 1848/1106/8284 1902/1109/8285
f 1723/2795/8286 1691/1096/8287 1702/2796/8288
f 1704/2797/8289 1723/2795/8290 1702/2796/8291
f 1693/1098/8292 1702/2796/8293 1691/1096/8294
f 3189/2798/8295 3191/2305/8296 3233/2799/8297
f 2362/2800/8298 2361/2801/8299 2360/2802/8300
f 3600/7/8301 3602/2803/8302 3603/2679/8303
f 1871/406/8304 1858/1100/8305 1853/896/8306
f 3600/7/8307 3610/2794/8308 3604/2671/8309
f 3449/1089/8310 3442/166/8311 3443/1078/8312
f 3616/2804/8313 3613/10/8314 3615/2805/8315
f 3608/2806/8316 3613/10/8317 3612/2807/8318
f 3613/10/8319 3614/12/8320 3615/2805/8321
f 3608/2806/8322 3612/2807/8323 3609/2808/8324
f 3608/2806/8325 3607/11/8326 3613/10/8327
f 3610/2794/8328 3611/2793/8329 3604/2671/8330
f 3611/2793/8331 3609/2808/8332 3594/2675/8333
f 3599/131/8334 3610/2794/8335 3600/7/8336
f 3611/2793/8337 3608/2806/8338 3609/2808/8339
f 3594/2675/8340 3596/2672/8341 3611/2793/8342
f 3610/2794/8343 3599/131/8344 3593/2792/8345
f 3596/2672/8346 3604/2671/8347 3611/2793/8348
f 3593/2792/8349 3607/11/8350 3611/2793/8351
f 1719/2809/8352 1710/1064/8353 1717/2810/8354
f 3611/2793/8355 3607/11/8356 3608/2806/8357
f 1717/2810/8358 1726/2811/8359 1719/2809/8360
f 1890/180/8361 1853/896/8362 1846/181/8363
f 3604/2671/8364 3605/2677/8365 3600/7/8366
f 3605/2677/8367 3602/2803/8368 3600/7/8369
f 1700/142/8370 1721/2812/8371 1716/143/8372
f 3440/158/8373 3441/1066/8374 3444/2027/8375
f 2178/2064/8376 2148/2813/8377 2188/2130/8378
f 2183/2063/8379 2144/2814/8380 2143/2120/8381
f 2360/2802/8382 2365/2815/8383 2362/2800/8384
f 3214/2262/8385 3231/1432/8386 3229/2816/8387
f 3601/2680/8388 3598/8/8389 3600/7/8390
f 1850/2021/8391 1849/2024/8392 1891/2022/8393
f 2362/2800/8394 2365/2815/8395 2364/2817/8396
f 3595/2676/8397 3594/2675/8398 3597/2818/8399
f 1716/143/8400 1710/1064/8401 1698/1069/8402
f 2366/2819/8403 2368/2820/8404 2367/2821/8405
f 2389/2822/8406 2393/2823/8407 2363/2824/8408
f 2169/2091/8409 2175/2825/8410 2142/2788/8411
f 2363/2824/8412 2393/2823/8413 2360/2802/8414
f 2366/2819/8415 2364/2817/8416 2368/2820/8417
f 2364/2817/8418 2359/2826/8419 2368/2820/8420
f 2175/2825/8421 2174/2827/8422 2142/2788/8423
f 2372/2828/8424 2389/2822/8425 2369/2829/8426
f 2369/2829/8427 2370/2830/8428 2372/2828/8429
f 2369/2829/8430 2389/2822/8431 2371/2831/8432
f 2371/2831/8433 2373/2832/8434 2369/2829/8435
f 2363/2824/8436 2360/2802/8437 2361/2801/8438
f 2356/2833/8439 2374/2834/8440 2375/2835/8441
f 2157/2017/8442 2185/2056/8443 2186/2069/8444
f 2368/2820/8445 2376/2836/8446 2367/2821/8447
f 2174/2827/8448 2172/2757/8449 2142/2788/8450
f 1711/2837/8451 1686/1062/8452 1687/1101/8453
f 2175/2825/8454 2169/2091/8455 2173/2093/8456
f 2166/2119/8457 2163/2118/8458 2142/2788/8459
f 2163/2118/8460 2161/2078/8461 2170/2080/8462
f 2179/2756/8463 2180/2838/8464 2166/2119/8465
f 2183/2063/8466 2184/2095/8467 2178/2064/8468
f 2183/2063/8469 2143/2120/8470 2166/2119/8471
f 2159/2036/8472 2155/2082/8473 2182/2111/8474
f 1710/1064/8475 1722/2839/8476 1717/2810/8477
f 2166/2119/8478 2180/2838/8479 2181/2115/8480
f 2151/2840/8481 2138/2114/8482 2165/2841/8483
f 2183/2063/8484 2166/2119/8485 2181/2115/8486
f 1288/2842/8487 1289/2843/8488 1290/2844/8489
f 2139/2845/8490 2177/2088/8491 2176/2067/8492
f 1288/2842/8493 1291/2846/8494 1289/2843/8495
f 3459/2503/8496 3437/159/8497 3438/2847/8498
f 1686/1062/8499 1719/2809/8500 1715/2848/8501
f 2165/2841/8502 2138/2114/8503 2139/2845/8504
f 1808/2849/8505 1788/2850/8506 1789/2851/8507
f 2163/2118/8508 2143/2120/8509 2161/2078/8510
f 1686/1062/8511 1720/2852/8512 1688/1107/8513
f 1687/1101/8514 1686/1062/8515 1688/1107/8516
f 1719/2809/8517 1686/1062/8518 1710/1064/8519
f 1714/2853/8520 1711/2837/8521 1687/1101/8522
f 2168/2059/8523 2145/2117/8524 2195/2016/8525
f 2183/2063/8526 2171/2062/8527 2144/2814/8528
f 2139/2845/8529 2176/2067/8530 2165/2841/8531
f 1696/2854/8532 1686/1062/8533 1706/2855/8534
f 2167/2125/8535 2169/2091/8536 2163/2118/8537
f 2146/2116/8538 2168/2059/8539 2162/2058/8540
f 2145/2117/8541 2153/2068/8542 2195/2016/8543
f 2178/2064/8544 2149/2127/8545 2148/2813/8546
f 2160/2015/8547 2137/2014/8548 2167/2125/8549
f 1706/2855/8550 1686/1062/8551 1709/137/8552
f 2152/2112/8553 2138/2114/8554 2151/2840/8555
f 2169/2091/8556 2142/2788/8557 2163/2118/8558
f 2141/2051/8559 2149/2127/8560 2178/2064/8561
f 1710/1064/8562 1721/2812/8563 1722/2839/8564
f 2147/2128/8565 2148/2813/8566 2149/2127/8567
f 1705/2856/8568 1703/141/8569 1716/143/8570
f 2140/2857/8571 2141/2051/8572 2184/2095/8573
f 2136/2057/8574 2135/2109/8575 2134/2858/8576
f 2109/2859/8577 2133/2860/8578 2110/2861/8579
f 1289/2843/8580 1291/2846/8581 1292/2862/8582
f 2126/2863/8583 2095/2864/8584 2092/2865/8585
f 2104/2866/8586 2098/2867/8587 2131/2868/8588
f 2094/2869/8589 2129/2870/8590 2092/2865/8591
f 1292/2862/8592 1291/2846/8593 1295/2871/8594
f 1291/2846/8595 1288/2842/8596 1294/2872/8597
f 2104/2866/8598 2132/2873/8599 2119/2874/8600
f 2131/2868/8601 2132/2873/8602 2104/2866/8603
f 1725/2875/8604 1703/141/8605 1705/2856/8606
f 2128/2876/8607 2126/2863/8608 2092/2865/8609
f 2092/2865/8610 2129/2870/8611 2128/2876/8612
f 2095/2864/8613 2109/2859/8614 2100/2877/8615
f 2095/2864/8616 2105/2878/8617 2092/2865/8618
f 2095/2864/8619 2122/2879/8620 2118/2880/8621
f 2102/2881/8622 2100/2877/8623 2109/2859/8624
f 2103/2882/8625 2104/2866/8626 2121/2883/8627
f 2114/2884/8628 2094/2869/8629 2111/2885/8630
f 2113/2886/8631 2130/2887/8632 2129/2870/8633
f 2129/2870/8634 2094/2869/8635 2113/2886/8636
f 2118/2880/8637 2109/2859/8638 2095/2864/8639
f 2127/2888/8640 2095/2864/8641 2126/2863/8642
f 2095/2864/8643 2127/2888/8644 2124/2889/8645
f 2128/2876/8646 2125/2890/8647 2126/2863/8648
f 2124/2889/8649 2123/2891/8650 2095/2864/8651
f 2096/2892/8652 2095/2864/8653 2123/2891/8654
f 2100/2877/8655 2106/2893/8656 2095/2864/8657
f 2094/2869/8658 2108/2894/8659 2111/2885/8660
f 2095/2864/8661 2096/2892/8662 2122/2879/8663
f 2102/2881/8664 2097/2895/8665 2100/2877/8666
f 2120/2896/8667 2094/2869/8668 2116/2897/8669
f 2093/2898/8670 2094/2869/8671 2120/2896/8672
f 2117/2899/8673 2109/2859/8674 2118/2880/8675
f 2097/2895/8676 2101/2900/8677 2100/2877/8678
f 2115/2901/8679 2116/2897/8680 2094/2869/8681
f 2094/2869/8682 2114/2884/8683 2115/2901/8684
f 2101/2900/8685 2097/2895/8686 2099/2902/8687
f 2109/2859/8688 2110/2861/8689 2102/2881/8690
f 2102/2881/8691 2110/2861/8692 2112/2903/8693
f 2097/2895/8694 2104/2866/8695 2103/2882/8696
f 2097/2895/8697 2103/2882/8698 2099/2902/8699
f 2108/2894/8700 2094/2869/8701 2092/2865/8702
f 2105/2878/8703 2108/2894/8704 2092/2865/8705
f 2100/2877/8706 2101/2900/8707 2107/2904/8708
f 2105/2878/8709 2095/2864/8710 2106/2893/8711
f 2100/2877/8712 2107/2904/8713 2106/2893/8714
f 2104/2866/8715 2097/2895/8716 2098/2867/8717
f 2113/2886/8718 2094/2869/8719 2093/2898/8720
f 2365/2815/8721 2360/2802/8722 2356/2833/8723
f 2376/2836/8724 2377/2905/8725 2378/2906/8726
f 2368/2820/8727 2377/2905/8728 2376/2836/8729
f 1716/143/8730 1721/2812/8731 1710/1064/8732
f 2357/2907/8733 2374/2834/8734 2356/2833/8735
f 2357/2907/8736 2379/2908/8737 2374/2834/8738
f 3206/2296/8739 3238/2909/8740 3211/2910/8741
f 2365/2815/8742 2356/2833/8743 2380/2911/8744
f 3200/2912/8745 3201/2292/8746 3230/2913/8747
f 2374/2834/8748 2379/2908/8749 2381/2914/8750
f 2353/2915/8751 2382/2916/8752 2364/2817/8753
f 2364/2817/8754 2382/2916/8755 2359/2826/8756
f 1698/1069/8757 1695/1063/8758 1697/2917/8759
f 1686/1062/8760 1715/2848/8761 1720/2852/8762
f 2384/2918/8763 2378/2906/8764 2377/2905/8765
f 2385/2919/8766 2373/2832/8767 2371/2831/8768
f 2378/2906/8769 2384/2918/8770 2383/2920/8771
f 2393/2823/8772 2358/2921/8773 2355/2922/8774
f 2388/2923/8775 2393/2823/8776 2389/2822/8777
f 2388/2923/8778 2386/2924/8779 2393/2823/8780
f 2393/2823/8781 2386/2924/8782 2358/2921/8783
f 2389/2822/8784 2390/2925/8785 2388/2923/8786
f 3424/2926/8787 3425/2927/8788 3407/2928/8789
f 1696/2854/8790 1694/1070/8791 1686/1062/8792
f 2372/2828/8793 2390/2925/8794 2389/2822/8795
f 3194/2286/8796 3193/2929/8797 3187/2284/8798
f 2393/2823/8799 2355/2922/8800 2356/2833/8801
f 3480/816/8802 3486/815/8803 3479/2930/8804
f 2392/2931/8805 2364/2817/8806 2366/2819/8807
f 2389/2822/8808 2391/2932/8809 2371/2831/8810
f 3483/2933/8811 3485/2664/8812 3489/2934/8813
f 2354/2935/8814 2353/2915/8815 2365/2815/8816
f 3481/2263/8817 3489/2934/8818 3485/2664/8819
f 1724/2936/8820 1691/1096/8821 1723/2795/8822
f 2386/2924/8823 2388/2923/8824 2387/2937/8825
f 3222/2938/8826 3238/2909/8827 3206/2296/8828
f 2353/2915/8829 2364/2817/8830 2365/2815/8831
f 1289/2843/8832 1293/2939/8833 1290/2844/8834
f 2250/403/8835 2229/427/8836 2235/428/8837
f 2256/419/8838 2257/618/8839 2269/2940/8840
f 3194/2286/8841 3192/2272/8842 3193/2929/8843
f 1723/2795/8844 1704/2797/8845 1718/2941/8846
f 2053/151/8847 2024/217/8848 2016/2942/8849
f 2055/2943/8850 2048/213/8851 2042/212/8852
f 2016/2942/8853 2050/149/8854 2053/151/8855
f 3239/2944/8856 3200/2912/8857 3230/2913/8858
f 3489/2934/8859 3481/2263/8860 3482/2669/8861
f 3226/2600/8862 3235/2945/8863 3193/2929/8864
f 2023/208/8865 2017/209/8866 2018/2946/8867
f 2394/134/8868 2396/2947/8869 2395/132/8870
f 2395/132/8871 2396/2947/8872 2399/2948/8873
f 2396/2947/8874 2397/2949/8875 2399/2948/8876
f 1931/2950/8877 1930/2951/8878 1947/2952/8879
f 1921/2953/8880 1937/2954/8881 1938/2955/8882
f 1910/2956/8883 1905/2957/8884 1906/2958/8885
f 1918/2959/8886 1905/2957/8887 1910/2956/8888
f 1906/2958/8889 1913/2960/8890 1927/2961/8891
f 1928/2962/8892 1942/2963/8893 1909/2964/8894
f 1924/2965/8895 1936/2966/8896 1933/2967/8897
f 1915/2968/8898 1926/2969/8899 1909/2964/8900
f 1927/2961/8901 1912/2970/8902 1925/2971/8903
f 1946/2972/8904 1932/2973/8905 1917/2974/8906
f 1921/2953/8907 1935/2975/8908 1917/2974/8909
f 1940/2976/8910 1945/2977/8911 1941/2978/8912
f 1939/2979/8913 1925/2971/8914 1941/2978/8915
f 1944/2980/8916 1943/2981/8917 1942/2963/8918
f 1913/2960/8919 1912/2970/8920 1927/2961/8921
f 1941/2978/8922 1912/2970/8923 1940/2976/8924
f 1912/2970/8925 1938/2955/8926 1940/2976/8927
f 1912/2970/8928 1921/2953/8929 1938/2955/8930
f 1925/2971/8931 1912/2970/8932 1941/2978/8933
f 1943/2981/8934 1909/2964/8935 1942/2963/8936
f 1925/2971/8937 1910/2956/8938 1927/2961/8939
f 1926/2969/8940 1914/2982/8941 1913/2960/8942
f 1928/2962/8943 1909/2964/8944 1906/2958/8945
f 1906/2958/8946 1909/2964/8947 1926/2969/8948
f 1906/2958/8949 1911/2983/8950 1928/2962/8951
f 1908/2984/8952 1913/2960/8953 1920/2985/8954
f 1923/2986/8955 1921/2953/8956 1922/2987/8957
f 1924/2965/8958 1921/2953/8959 1908/2984/8960
f 1936/2966/8961 1908/2984/8962 1920/2985/8963
f 1937/2954/8964 1921/2953/8965 1923/2986/8966
f 1786/2785/8967 1823/2787/8968 1800/2988/8969
f 1810/2778/8970 1823/2787/8971 1786/2785/8972
f 1781/2989/8973 1783/2990/8974 1805/2991/8975
f 1796/2992/8976 1804/2993/8977 1783/2990/8978
f 1912/2970/8979 1908/2984/8980 1921/2953/8981
f 1712/2994/8982 1716/143/8983 1713/2995/8984
f 1921/2953/8985 1924/2965/8986 1935/2975/8987
f 1783/2990/8988 1781/2989/8989 1796/2992/8990
f 1936/2966/8991 1920/2985/8992 1934/2996/8993
f 1781/2989/8994 1805/2991/8995 1822/2997/8996
f 3228/2998/8997 3229/2816/8998 3237/2999/8999
f 3229/2816/9000 3231/1432/9001 3237/2999/9002
f 1821/3000/9003 1804/2993/9004 1796/2992/9005
f 1924/2965/9006 1908/2984/9007 1936/2966/9008
f 1917/2974/9009 1932/2973/9010 1922/2987/9011
f 1786/2785/9012 1824/2775/9013 1781/2989/9014
f 1781/2989/9015 1824/2775/9016 1796/2992/9017
f 3197/2293/9018 3183/2270/9019 3196/3001/9020
f 1931/2950/9021 1916/3002/9022 1914/2982/9023
f 1931/2950/9024 1914/2982/9025 1930/2951/9026
f 3227/3003/9027 3232/1434/9028 3202/1433/9029
f 1821/3000/9030 1796/2992/9031 1794/3004/9032
f 3516/2312/9033 3535/2432/9034 3515/2320/9035
f 3522/2331/9036 3528/2301/9037 3514/2313/9038
f 3517/2332/9039 3514/2313/9040 3516/2312/9041
f 3538/3005/9042 3519/2325/9043 3533/2447/9044
f 3519/2325/9045 3512/2298/9046 3533/2447/9047
f 1301/3006/9048 1300/3007/9049 1299/3008/9050
f 1323/3009/9051 1304/3010/9052 1308/3011/9053
f 1323/3009/9054 1308/3011/9055 1306/3012/9056
f 1313/3013/9057 1314/3014/9058 1309/3015/9059
f 1309/3015/9060 1310/3016/9061 1311/3017/9062
f 1312/3018/9063 1316/3019/9064 1317/3020/9065
f 1316/3019/9066 1312/3018/9067 1319/3021/9068
f 1315/3022/9069 1337/3023/9070 1311/3017/9071
f 1319/3021/9072 1312/3018/9073 1309/3015/9074
f 1323/3009/9075 1325/3024/9076 1304/3010/9077
f 1321/3025/9078 1325/3024/9079 1323/3009/9080
f 1324/3026/9081 1325/3024/9082 1326/3027/9083
f 1321/3025/9084 1323/3009/9085 1328/3028/9086
f 1302/3029/9087 1340/3030/9088 1303/3031/9089
f 1329/3032/9090 1330/3033/9091 1331/3034/9092
f 1329/3032/9093 1333/3035/9094 1307/3036/9095
f 1337/3023/9096 1318/3037/9097 1332/3038/9098
f 1332/3038/9099 1318/3037/9100 1334/3039/9101
f 1299/3008/9102 1300/3007/9103 1320/3040/9104
f 1329/3032/9105 1307/3036/9106 1330/3033/9107
f 1307/3036/9108 1302/3029/9109 1332/3038/9110
f 1320/3040/9111 1335/3041/9112 1299/3008/9113
f 1320/3040/9114 1300/3007/9115 1303/3031/9116
f 1333/3035/9117 1336/3042/9118 1307/3036/9119
f 1336/3042/9120 1325/3024/9121 1307/3036/9122
f 1324/3026/9123 1327/3043/9124 1325/3024/9125
f 1309/3015/9126 1337/3023/9127 1319/3021/9128
f 1319/3021/9129 1337/3023/9130 1332/3038/9131
f 1302/3029/9132 1338/3044/9133 1332/3038/9134
f 1341/3045/9135 1342/3046/9136 1304/3010/9137
f 1342/3046/9138 1305/3047/9139 1304/3010/9140
f 1325/3024/9141 1336/3042/9142 1341/3045/9143
f 1325/3024/9144 1341/3045/9145 1304/3010/9146
f 1309/3015/9147 1312/3018/9148 1313/3013/9149
f 1343/3048/9150 1342/3046/9151 1341/3045/9152
f 1327/3043/9153 1307/3036/9154 1325/3024/9155
f 1307/3036/9156 1340/3030/9157 1302/3029/9158
f 1332/3038/9159 1334/3039/9160 1330/3033/9161
f 1330/3033/9162 1307/3036/9163 1332/3038/9164
f 1303/3031/9165 1340/3030/9166 1320/3040/9167
f 1340/3030/9168 1307/3036/9169 1327/3043/9170
f 1327/3043/9171 1324/3026/9172 1339/3049/9173
f 1346/3050/9174 1320/3040/9175 1340/3030/9176
f 1339/3049/9177 1345/3051/9178 1327/3043/9179
f 1347/3052/9180 1348/3053/9181 1349/3054/9182
f 1306/3012/9183 1350/3055/9184 1323/3009/9185
f 1322/3056/9186 1349/3054/9187 1348/3053/9188
f 1322/3056/9189 1350/3055/9190 1349/3054/9191
f 1311/3017/9192 1337/3023/9193 1309/3015/9194
f 1345/3051/9195 1340/3030/9196 1327/3043/9197
f 1322/3056/9198 1323/3009/9199 1350/3055/9200
f 1344/3057/9201 1340/3030/9202 1345/3051/9203
f 1357/3058/9204 1358/3059/9205 1359/3060/9206
f 1353/3061/9207 1360/3062/9208 1359/3060/9206
f 1358/3059/9209 1353/3061/9210 1359/3060/9211
f 1361/3063/9212 1358/3059/9213 1357/3058/9214
f 1362/3064/9215 1363/3065/9216 1364/3066/9217
f 1362/3064/9218 1365/3067/9219 1363/3065/9220
f 3432/230/9221 3433/3068/9222 3412/231/9223
f 3523/2420/9224 3518/2321/9225 3513/2427/9226
f 3412/231/9227 3433/3068/9228 3435/3069/9229
f 3535/2432/9230 3537/3070/9231 3515/2320/9232
f 3423/241/9233 3412/231/9234 3435/3069/9235
f 3515/2320/9236 3537/3070/9237 3511/3071/9238
f 3512/2298/9239 3509/2302/9240 3507/2299/9241
f 1352/3072/9242 1351/3073/9243 1372/3074/9244
f 3510/2423/9245 3515/2320/9246 3511/3071/9247
f 3514/2313/9248 3521/2448/9249 3536/2311/9250
f 3512/2298/9251 3514/2313/9252 3528/2301/9253
f 1369/3075/9254 1373/3076/9255 1374/3077/9256
f 1377/3078/9257 1378/3079/9258 1375/3080/9259
f 1378/3079/9260 1376/3081/9261 1375/3080/9262
f 1355/3082/9263 1378/3079/9264 1368/3083/9265
f 1355/3082/9266 1356/3084/9267 1380/3085/9268
f 1355/3082/9269 1368/3083/9270 1379/3086/9271
f 1377/3078/9272 1368/3083/9273 1378/3079/9274
f 1380/3085/9275 1378/3079/9276 1355/3082/9277
f 1369/3075/9278 1366/3087/9279 1373/3076/9280
f 1372/3074/9281 1371/3088/9282 1381/3089/9283
f 1382/3090/9284 1383/3091/9285 1365/3067/9286
f 1384/3092/9287 1385/3093/9288 1365/3067/9289
f 1365/3067/9290 1362/3064/9291 1382/3090/9292
f 1374/3077/9293 1354/3094/9294 1369/3075/9295
f 1391/3095/9296 1358/3059/9297 1361/3063/9298
f 1370/3096/9299 1387/3097/9300 1388/3098/9301
f 1392/3099/9302 1387/3097/9303 1389/3100/9304
f 1392/3099/9305 1389/3100/9306 1390/3101/9307
f 3202/1433/9308 3203/3102/9309 3227/3003/9310
f 1370/3096/9311 1386/3103/9312 1387/3097/9313
f 1354/3094/9314 1366/3087/9315 1369/3075/9316
f 1393/3104/9317 1372/3074/9318 1367/3105/9319
f 3487/2660/9320 3499/2023/9321 3492/817/9322
f 1370/3096/9323 1394/3106/9324 1386/3103/9325
f 1389/3100/9326 1387/3097/9327 1354/3094/9328
f 1351/3073/9329 1384/3092/9330 1354/3094/9331
f 1379/3086/9332 1368/3083/9333 1367/3105/9334
f 1372/3074/9335 1395/3107/9336 1379/3086/9337
f 1395/3107/9338 1372/3074/9339 1381/3089/9340
f 1379/3086/9341 1367/3105/9342 1372/3074/9343
f 1389/3100/9344 1354/3094/9345 1384/3092/9346
f 3416/232/9347 3436/3108/9348 3431/3109/9349
f 3500/2689/9350 3487/2660/9351 3488/3110/9352
f 1354/3094/9353 1374/3077/9354 1360/3062/9355
f 1353/3061/9356 1351/3073/9357 1354/3094/9358
f 1353/3061/9359 1354/3094/9360 1360/3062/9361
f 1386/3103/9362 1366/3087/9363 1387/3097/9364
f 1383/3091/9365 1389/3100/9366 1384/3092/9367
f 1390/3101/9368 1389/3100/9369 1383/3091/9370
f 1818/3111/9371 1808/2849/9372 1790/3112/9373
f 1382/3090/9374 1396/3113/9375 1383/3091/9376
f 1384/3092/9377 1365/3067/9378 1383/3091/9379
f 1352/3072/9380 1384/3092/9381 1351/3073/9382
f 1398/3114/9383 1371/3088/9384 1351/3073/9385
f 1397/3115/9386 1371/3088/9387 1398/3114/9388
f 1381/3089/9389 1371/3088/9390 1399/3116/9391
f 1387/3097/9392 1366/3087/9393 1354/3094/9394
f 1372/3074/9395 1351/3073/9396 1371/3088/9397
f 1400/3117/9398 1408/3118/9399 1404/3119/9400
f 1402/3120/9401 1404/3119/9402 1401/3121/9403
f 1410/3122/9404 1406/3123/9405 1407/3124/9406
f 1410/3122/9407 1401/3121/9408 1408/3118/9409
f 1409/3125/9410 1401/3121/9411 1410/3122/9412
f 1401/3121/9413 1404/3119/9414 1408/3118/9415
f 1413/3126/9416 1414/3127/9417 1415/3128/9418
f 1414/3127/9419 1413/3126/9420 1416/3129/9421
f 1408/3118/9422 1406/3123/9423 1410/3122/9424
f 1406/3123/9425 1408/3118/9426 1412/3130/9427
f 1402/3120/9428 1418/3131/9429 1403/3132/9430
f 1402/3120/9431 1403/3132/9432 1404/3119/9433
f 1409/3125/9434 1419/3133/9435 1401/3121/9436
f 1411/3134/9437 1409/3125/9438 1410/3122/9439
f 1417/3135/9440 1414/3127/9441 1424/3136/9442
f 1417/3135/9443 1424/3136/9444 1405/3137/9445
f 1424/3136/9446 1414/3127/9447 1423/3138/9448
f 1415/3128/9449 1414/3127/9450 1417/3135/9451
f 1402/3120/9452 1405/3137/9453 1424/3136/9454
f 1425/3139/9455 1402/3120/9456 1426/3140/9457
f 1402/3120/9458 1425/3139/9459 1405/3137/9460
f 1419/3133/9461 1420/3141/9462 1401/3121/9463
f 1426/3140/9464 1402/3120/9465 1421/3142/9466
f 1427/3143/9467 1421/3142/9468 1422/3144/9469
f 1418/3131/9470 1402/3120/9471 1424/3136/9472
f 1401/3121/9473 1420/3141/9474 1422/3144/9475
f 1401/3121/9476 1422/3144/9477 1421/3142/9478
f 1401/3121/9479 1421/3142/9480 1402/3120/9481
f 1818/3111/9482 1820/3145/9483 1819/3146/9484
f 1704/2797/9485 1712/2994/9486 1718/2941/9487
f 1792/3147/9488 1790/3112/9489 1808/2849/9490
f 1778/3148/9491 1817/3149/9492 1782/3150/9493
f 1817/3149/9494 1778/3148/9495 1777/3151/9496
f 1810/2778/9497 1779/2786/9498 1815/3152/9499
f 1792/3147/9500 1782/3150/9501 1790/3112/9502
f 1808/2849/9503 1818/3111/9504 1819/3146/9505
f 1811/2773/9506 1815/3152/9507 1816/2789/9508
f 1815/3152/9509 1811/2773/9510 1810/2778/9511
f 1698/1069/9512 1701/3153/9513 1716/143/9514
f 1429/3154/9515 1440/3155/9516 1439/3156/9517
f 1428/3157/9518 1440/3155/9519 1429/3154/9520
f 1434/3158/9521 1437/3159/9522 1435/3160/9523
f 1443/3161/9524 1433/3162/9525 1444/3163/9526
f 1439/3156/9527 1442/3164/9528 1430/3165/9529
f 1445/3166/9530 1446/3167/9531 1430/3165/9532
f 1441/3168/9533 1462/3169/9534 1432/3170/9535
f 1435/3160/9536 1457/3171/9537 1436/3172/9538
f 1438/3173/9539 1433/3162/9540 1437/3159/9541
f 1438/3173/9542 1445/3166/9543 1433/3162/9544
f 1439/3156/9545 1453/3174/9546 1442/3164/9547
f 1449/3175/9548 1435/3160/9549 1443/3161/9550
f 1437/3159/9551 1434/3158/9552 1452/3176/9553
f 1433/3162/9554 1443/3161/9555 1435/3160/9556
f 1444/3163/9557 1448/3177/9558 1450/3178/9559
f 1449/3175/9560 1454/3179/9561 1455/3180/9562
f 1456/3181/9563 1436/3172/9564 1451/3182/9565
f 1436/3172/9566 1457/3171/9567 1451/3182/9568
f 1432/3170/9569 1440/3155/9570 1428/3157/9571
f 1457/3171/9572 1435/3160/9573 1449/3175/9574
f 1451/3182/9575 1459/3183/9576 1458/3184/9577
f 1436/3172/9578 1461/3185/9579 1434/3158/9580
f 1430/3165/9581 1442/3164/9582 1445/3166/9583
f 1433/3162/9584 1448/3177/9585 1444/3163/9586
f 1433/3162/9587 1445/3166/9588 1448/3177/9589
f 1466/3186/9590 1454/3179/9591 1465/3187/9592
f 1465/3187/9593 1454/3179/9594 1449/3175/9595
f 1449/3175/9596 1464/3188/9597 1465/3187/9598
f 1458/3184/9599 1456/3181/9600 1451/3182/9601
f 1446/3167/9602 1467/3189/9603 1447/3190/9604
f 1445/3166/9605 1467/3189/9606 1446/3167/9607
f 1464/3188/9608 1449/3175/9609 1443/3161/9610
f 1467/3189/9611 1438/3173/9612 1469/3191/9613
f 1437/3159/9614 1468/3192/9615 1438/3173/9616
f 1445/3166/9617 1438/3173/9618 1467/3189/9619
f 1431/3193/9620 1439/3156/9621 1430/3165/9622
f 1430/3165/9623 1463/3194/9624 1431/3193/9625
f 1439/3156/9626 1431/3193/9627 1429/3154/9628
f 1435/3160/9629 1437/3159/9630 1433/3162/9631
f 1435/3160/9632 1436/3172/9633 1434/3158/9634
f 1445/3166/9635 1442/3164/9636 1448/3177/9637
f 1463/3194/9638 1430/3165/9639 1460/3195/9640
f 1432/3170/9641 1428/3157/9642 1441/3168/9643
f 1472/3196/9644 1473/3197/9645 1474/3198/9646
f 1471/3199/9647 1470/3200/9648 1483/3201/9649
f 1472/3196/9650 1485/3202/9651 1473/3197/9652
f 1486/3203/9653 1485/3202/9654 1487/3204/9655
f 1481/3205/9656 1485/3202/9657 1472/3196/9658
f 1487/3204/9659 1488/3206/9660 1486/3203/9661
f 1487/3204/9662 1475/3207/9663 1477/3208/9664
f 1485/3202/9665 1489/3209/9666 1490/3210/9667
f 1487/3204/9668 1485/3202/9669 1475/3207/9670
f 1484/3211/9671 1478/3212/9672 1470/3200/9673
f 1484/3211/9674 1470/3200/9675 1480/3213/9676
f 1485/3202/9677 1481/3205/9678 1475/3207/9679
f 1491/3214/9680 1484/3211/9681 1480/3213/9682
f 1478/3212/9683 1484/3211/9684 1479/3215/9685
f 1511/3216/9686 1497/3217/9687 1496/3218/9688
f 1486/3203/9689 1489/3209/9690 1485/3202/9691
f 1487/3204/9692 1499/3219/9693 1488/3206/9694
f 1500/3220/9695 1494/3221/9696 1483/3201/9697
f 1501/3222/9698 1496/3218/9699 1502/3223/9700
f 1503/3224/9701 1478/3212/9702 1479/3215/9703
f 1487/3204/9704 1504/3225/9705 1499/3219/9706
f 1470/3200/9707 1478/3212/9708 1492/3226/9709
f 1479/3215/9710 1505/3227/9711 1503/3224/9712
f 1503/3224/9713 1506/3228/9714 1478/3212/9715
f 1506/3228/9716 1503/3224/9717 1507/3229/9718
f 1471/3199/9719 1480/3213/9720 1470/3200/9721
f 1476/3230/9722 1475/3207/9723 1508/3231/9724
f 1508/3231/9725 1475/3207/9726 1511/3216/9727
f 1497/3217/9728 1483/3201/9729 1495/3232/9730
f 1513/3233/9731 1514/3234/9732 1501/3222/9733
f 1509/3235/9734 1508/3231/9735 1511/3216/9736
f 1495/3232/9737 1496/3218/9738 1497/3217/9739
f 1471/3199/9740 1483/3201/9741 1497/3217/9742
f 1501/3222/9743 1514/3234/9744 1512/3236/9745
f 1494/3221/9746 1495/3232/9747 1483/3201/9748
f 1501/3222/9749 1511/3216/9750 1496/3218/9751
f 1509/3235/9752 1512/3236/9753 1515/3237/9754
f 1511/3216/9755 1512/3236/9756 1509/3235/9757
f 1516/3238/9758 1512/3236/9759 1514/3234/9760
f 1517/3239/9761 1510/3240/9762 1481/3205/9763
f 1514/3234/9764 1518/3241/9765 1516/3238/9766
f 1479/3215/9767 1484/3211/9768 1519/3242/9769
f 1520/3243/9770 1475/3207/9771 1476/3230/9772
f 1520/3243/9773 1493/3244/9774 1475/3207/9775
f 1475/3207/9776 1493/3244/9777 1482/3245/9778
f 1471/3199/9779 1475/3207/9780 1481/3205/9781
f 1522/3246/9782 1521/3247/9783 1520/3243/9784
f 1497/3217/9785 1475/3207/9786 1471/3199/9787
f 1475/3207/9788 1523/3248/9789 1524/3249/9790
f 1477/3208/9791 1475/3207/9792 1524/3249/9793
f 1477/3208/9794 1524/3249/9795 1498/3250/9796
f 1482/3245/9797 1523/3248/9798 1475/3207/9799
f 1521/3247/9800 1493/3244/9801 1520/3243/9802
f 1496/3218/9803 1495/3232/9804 1525/3251/9805
f 1511/3216/9806 1501/3222/9807 1512/3236/9808
f 1510/3240/9809 1480/3213/9810 1471/3199/9811
f 1475/3207/9812 1497/3217/9813 1511/3216/9814
f 1481/3205/9815 1472/3196/9816 1517/3239/9817
f 1471/3199/9818 1481/3205/9819 1510/3240/9820
f 1789/2851/9821 1797/3252/9822 1792/3147/9823
f 1798/3253/9824 1799/3254/9825 1807/3255/9826
f 1526/3256/9827 1536/3257/9828 1527/3258/9829
f 1529/3259/9830 1528/3260/9831 1542/3261/9832
f 1532/3262/9833 1529/3259/9834 1533/3263/9835
f 1529/3259/9836 1532/3262/9837 1530/3264/9838
f 1530/3264/9839 1528/3260/9840 1529/3259/9841
f 1557/3265/9842 1534/3266/9843 1536/3257/9844
f 1542/3261/9845 1557/3265/9846 1539/3267/9847
f 1535/3268/9848 1528/3260/9849 1530/3264/9850
f 1557/3265/9851 1536/3257/9852 1526/3256/9853
f 1526/3256/9854 1539/3267/9855 1557/3265/9856
f 1543/3269/9857 1547/3270/9858 1537/3271/9859
f 1529/3259/9860 1546/3272/9861 1545/3273/9862
f 1546/3272/9863 1541/3274/9864 1545/3273/9865
f 1537/3271/9866 1531/3275/9867 1543/3269/9868
f 1531/3275/9869 1551/3276/9870 1543/3269/9871
f 1537/3271/9872 1544/3277/9873 1538/3278/9874
f 1531/3275/9875 1537/3271/9876 1548/3279/9877
f 1555/3280/9878 1554/3281/9879 1535/3268/9880
f 1531/3275/9881 1548/3279/9882 1558/3282/9883
f 1550/3283/9884 1556/3284/9885 1534/3266/9886
f 1542/3261/9887 1528/3260/9888 1557/3265/9889
f 1534/3266/9890 1557/3265/9891 1549/3285/9892
f 1538/3278/9893 1544/3277/9894 1541/3274/9895
f 1549/3285/9896 1550/3283/9897 1534/3266/9898
f 1553/3286/9899 1552/3287/9900 1559/3288/9901
f 1548/3279/9902 1537/3271/9903 1560/3289/9904
f 1559/3288/9905 1538/3278/9906 1540/3290/9907
f 1538/3278/9908 1559/3288/9909 1552/3287/9910
f 1561/3291/9911 1557/3265/9912 1528/3260/9913
f 1546/3272/9914 1540/3290/9915 1541/3274/9916
f 1555/3280/9917 1530/3264/9918 1563/3292/9919
f 1530/3264/9920 1555/3280/9921 1535/3268/9922
f 1541/3274/9923 1540/3290/9924 1538/3278/9925
f 1558/3282/9926 1564/3293/9927 1531/3275/9928
f 1562/3294/9929 1554/3281/9930 1555/3280/9931
f 1529/3259/9932 1542/3261/9933 1546/3272/9934
f 1547/3270/9935 1544/3277/9936 1537/3271/9937
f 1566/3295/9938 1541/3274/9939 1544/3277/9940
f 1565/3296/9941 1544/3277/9942 1567/3297/9943
f 1547/3270/9944 1567/3297/9945 1544/3277/9946
f 1811/2773/9947 1813/3298/9948 1812/2779/9949
f 1774/3299/9950 1782/3150/9951 1792/3147/9952
f 1812/2779/9953 1810/2778/9954 1811/2773/9955
f 1789/2851/9956 1792/3147/9957 1808/2849/9958
f 3280/3300/9959 3284/3301/9960 3281/3302/9961
f 3280/3300/9962 3265/599/9963 3284/3301/9964
f 3268/597/9965 3258/1553/9966 3262/595/9967
f 3263/602/9968 3271/3303/9969 3276/3304/9970
f 3266/600/9971 3263/602/9972 3270/3305/9973
f 3263/602/9974 3266/600/9975 3271/3303/9976
f 3276/3304/9977 3267/3306/9978 3263/602/9979
f 3267/3306/9980 3255/603/9981 3263/602/9982
f 3282/3307/9983 3279/3308/9984 3276/3304/9985
f 3276/3304/9986 3279/3308/9987 3267/3306/9988
f 1774/3299/9989 1793/3309/9990 1775/3310/9991
f 1793/3309/9992 1774/3299/9993 1803/3311/9994
f 3195/3312/9995 3199/3313/9996 3181/3314/9997
f 1788/2850/9998 1801/3315/9999 1798/3253/10000
f 1808/2849/10001 1801/3315/10002 1788/2850/10003
f 3192/2272/10004 3186/3316/10005 3193/2929/10006
f 1801/3315/10007 1808/2849/10008 1809/3317/10009
f 1798/3253/10010 1801/3315/10011 1799/3254/10012
f 1807/3255/10013 1799/3254/10014 1806/3318/10015
f 1804/2993/10016 1806/3318/10017 1799/3254/10018
f 3267/3306/10019 3256/3319/10020 3255/603/10021
f 1799/3254/10022 1783/2990/10023 1804/2993/10024
f 3253/596/10025 3267/3306/10026 3278/3320/10027
f 1799/3254/10028 1801/3315/10029 1802/3321/10030
f 3269/3322/10031 3256/3319/10032 3267/3306/10033
f 2489/3323/10034 2488/3324/10035 2482/3325/10036
f 2524/3326/10037 2498/3327/10038 2519/3328/10039
f 1705/2856/10040 1716/143/10041 1704/2797/10042
f 2515/3329/10043 2500/3330/10044 2479/3331/10045
f 2488/3324/10046 2489/3323/10047 2531/3332/10048
f 1800/2988/10049 1785/3333/10050 1786/2785/10051
f 2513/3334/10052 2486/3335/10053 2506/3336/10054
f 2481/3337/10055 2496/3338/10056 2500/3330/10057
f 1797/3252/10058 1774/3299/10059 1792/3147/10060
f 2498/3327/10061 2521/3339/10062 2518/3340/10063
f 2500/3330/10064 2496/3338/10065 2510/3341/10066
f 2486/3335/10067 2505/3342/10068 2491/3343/10069
f 2509/3344/10070 2529/3345/10071 2530/3346/10072
f 2509/3344/10073 2501/3347/10074 2529/3345/10075
f 1797/3252/10076 1803/3311/10077 1774/3299/10078
f 2515/3329/10079 2479/3331/10080 2487/3348/10081
f 2529/3345/10082 2501/3347/10083 2497/3349/10084
f 2484/3350/10085 2501/3347/10086 2492/3351/10087
f 1796/2992/10088 1795/3352/10089 1794/3004/10090
f 2480/3353/10091 2507/3354/10092 2486/3335/10093
f 2509/3344/10094 2492/3351/10095 2501/3347/10096
f 2528/3355/10097 2485/3356/10098 2523/3357/10099
f 1787/2776/10100 1791/3358/10101 1784/3359/10102
f 3189/2798/10103 3196/3001/10104 3183/2270/10105
f 1787/2776/10106 1824/2775/10107 1786/2785/10108
f 1791/3358/10109 1787/2776/10110 1786/2785/10111
f 1782/3150/10112 1774/3299/10113 1778/3148/10114
f 1785/3333/10115 1791/3358/10116 1786/2785/10117
f 1781/2989/10118 1779/2786/10119 1786/2785/10120
f 1916/3002/10121 1920/2985/10122 1914/2982/10123
f 1871/406/10124 1869/405/10125 1858/1100/10126
f 2087/3/10127 2074/3360/10128 2072/3361/10129
f 1901/2791/10130 1903/3362/10131 1869/405/10132
f 2069/3363/10133 2071/3364/10134 2063/3365/10135
f 2075/3366/10136 2066/3367/10137 2072/3361/10138
f 2079/3368/10139 2080/3369/10140 2074/3360/10141
f 2064/3370/10142 2069/3363/10143 2063/3365/10144
f 2088/3371/10145 2087/3/10146 2090/3372/10147
f 2089/3373/10148 2074/3360/10149 2088/3371/10150
f 2089/3373/10151 2083/3374/10152 2074/3360/10153
f 2066/3367/10154 2078/3375/10155 2072/3361/10156
f 2086/3376/10157 2075/3366/10158 2072/3361/10159
f 2074/3360/10160 2087/3/10161 2088/3371/10162
f 1905/2957/10163 1929/3377/10164 1907/3378/10165
f 2072/3361/10166 2073/1/10167 2087/3/10168
f 2510/3341/10169 2490/3379/10170 2485/3356/10171
f 2522/3380/10172 2494/3381/10173 2490/3379/10174
f 2503/3382/10175 2514/3383/10176 2502/3384/10177
f 2068/3385/10178 2066/3367/10179 2076/3386/10180
f 2485/3356/10181 2507/3354/10182 2479/3331/10183
f 2512/3387/10184 2485/3356/10185 2528/3355/10186
f 2487/3348/10187 2479/3331/10188 2511/3388/10189
f 2524/3326/10190 2525/3389/10191 2520/3390/10192
f 2500/3330/10193 2510/3341/10194 2485/3356/10195
f 2066/3367/10196 2065/3391/10197 2078/3375/10198
f 2526/3392/10199 2487/3348/10200 2511/3388/10201
f 2527/3393/10202 2526/3392/10203 2511/3388/10204
f 2084/3394/10205 2075/3366/10206 2086/3376/10207
f 2507/3354/10208 2511/3388/10209 2479/3331/10210
f 2062/3395/10211 2065/3391/10212 2063/3365/10213
f 2498/3327/10214 2524/3326/10215 2520/3390/10216
f 2508/3396/10217 2492/3351/10218 2509/3344/10219
f 1701/3153/10220 1713/2995/10221 1716/143/10222
f 2078/3375/10223 2065/3391/10224 2062/3395/10225
f 2067/3397/10226 2064/3370/10227 2066/3367/10228
f 2063/3365/10229 2065/3391/10230 2064/3370/10231
f 2078/3375/10232 2062/3395/10233 2073/1/10234
f 2072/3361/10235 2074/3360/10236 2080/3369/10237
f 2077/3398/10238 2068/3385/10239 2076/3386/10240
f 2080/3369/10241 2082/3399/10242 2086/3376/10243
f 2080/3369/10244 2086/3376/10245 2072/3361/10246
f 2083/3374/10247 2079/3368/10248 2074/3360/10249
f 2076/3386/10250 2075/3366/10251 2085/3400/10252
f 2076/3386/10253 2066/3367/10254 2075/3366/10255
f 1697/2917/10256 1701/3153/10257 1698/1069/10258
f 1865/894/10259 1877/2031/10260 1878/2687/10261
f 2078/3375/10262 2073/1/10263 2072/3361/10264
f 2080/3369/10265 2081/3401/10266 2082/3399/10267
f 2066/3367/10268 2068/3385/10269 2067/3397/10270
f 2485/3356/10271 2494/3381/10272 2523/3357/10273
f 2483/3402/10274 2499/3403/10275 2480/3353/10276
f 1869/405/10277 1872/3404/10278 1886/1099/10279
f 2069/3363/10280 2070/3405/10281 2071/3364/10282
f 2064/3370/10283 2065/3391/10284 2066/3367/10285
f 1774/3299/10286 1773/3406/10287 1778/3148/10288
f 1780/3407/10289 1779/2786/10290 1781/2989/10291
f 3220/3408/10292 3184/3409/10293 3182/3410/10294
f 3539/163/10295 3541/2033/10296 3544/2045/10297
f 2256/419/10298 2269/2940/10299 2262/197/10300
f 2252/193/10301 2231/188/10302 2234/1467/10303
f 2257/618/10304 2256/419/10305 2260/436/10306
f 2290/3411/10307 2262/197/10308 2270/3412/10309
f 2228/191/10310 2248/1456/10311 2229/427/10312
f 2241/1477/10313 2230/1489/10314 2291/3413/10315
f 2293/3414/10316 2242/1471/10317 2240/189/10318
f 2292/3415/10319 2289/146/10320 2247/148/10321
f 2240/189/10322 2241/1477/10323 2293/3414/10324
f 2272/433/10325 2260/436/10326 2256/419/10327
f 2260/436/10328 2266/435/10329 2261/619/10330
f 2283/147/10331 2279/192/10332 2228/191/10333
f 2294/3416/10334 2260/436/10335 2272/433/10336
f 2267/437/10337 2294/3416/10338 2295/3417/10339
f 1908/2984/10340 1912/2970/10341 1913/2960/10342
f 2258/430/10343 2273/429/10344 2259/401/10345
f 2237/155/10346 2238/201/10347 2235/428/10348
f 2262/197/10349 2290/3411/10350 2286/194/10351
f 2243/412/10352 2271/411/10353 2240/189/10354
f 2245/1469/10355 2253/190/10356 2296/3418/10357
f 2237/155/10358 2288/157/10359 2238/201/10360
f 2272/433/10361 2238/201/10362 2288/157/10363
f 2260/436/10364 2294/3416/10365 2267/437/10366
f 2230/1489/10367 2241/1477/10368 2231/188/10369
f 2273/429/10370 2297/3419/10371 2268/432/10372
f 2250/403/10373 2235/428/10374 2238/201/10375
f 2269/2940/10376 2270/3412/10377 2262/197/10378
f 1922/2987/10379 1921/2953/10380 1917/2974/10381
f 1906/2958/10382 1926/2969/10383 1913/2960/10384
f 1914/2982/10385 1920/2985/10386 1913/2960/10387
f 1910/2956/10388 1906/2958/10389 1927/2961/10390
f 1918/2959/10391 1919/3420/10392 1905/2957/10393
f 2486/3335/10394 2485/3356/10395 2512/3387/10396
f 1907/3378/10397 1906/2958/10398 1905/2957/10399
f 2017/209/10400 2019/211/10401 2018/2946/10402
f 2053/151/10403 2035/150/10404 2027/154/10405
f 2048/213/10406 2056/3421/10407 2023/208/10408
f 2054/153/10409 2052/206/10410 2027/154/10411
f 2031/169/10412 2057/251/10413 2030/259/10414
f 2051/186/10415 2043/202/10416 2035/150/10417
f 2029/3422/10418 2026/261/10419 2059/3423/10420
f 2481/3337/10421 2516/3424/10422 2482/3325/10423
f 2033/264/10424 2024/217/10425 2021/262/10426
f 3431/3109/10427 3432/230/10428 3416/232/10429
f 2520/3390/10430 2499/3403/10431 2498/3327/10432
f 2497/3349/10433 2501/3347/10434 2491/3343/10435
f 2498/3327/10436 2518/3340/10437 2519/3328/10438
f 2484/3350/10439 2498/3327/10440 2483/3402/10441
f 2489/3323/10442 2503/3382/10443 2502/3384/10444
f 2516/3424/10445 2481/3337/10446 2500/3330/10447
f 2486/3335/10448 2507/3354/10449 2485/3356/10450
f 2505/3342/10451 2486/3335/10452 2504/3425/10453
f 2488/3324/10454 2517/3426/10455 2482/3325/10456
f 2515/3329/10457 2516/3424/10458 2500/3330/10459
f 2516/3424/10460 2503/3382/10461 2489/3323/10462
f 2513/3334/10463 2504/3425/10464 2486/3335/10465
f 2506/3336/10466 2486/3335/10467 2512/3387/10468
f 2500/3330/10469 2485/3356/10470 2479/3331/10471
f 2486/3335/10472 2491/3343/10473 2483/3402/10474
f 2041/260/10475 2030/259/10476 2061/3427/10477
f 2025/204/10478 2042/212/10479 2023/208/10480
f 2516/3424/10481 2489/3323/10482 2482/3325/10483
f 2501/3347/10484 2484/3350/10485 2483/3402/10486
f 2501/3347/10487 2483/3402/10488 2491/3343/10489
f 2483/3402/10490 2498/3327/10491 2499/3403/10492
f 2481/3337/10493 2495/3428/10494 2496/3338/10495
f 2025/204/10496 2052/206/10497 2042/212/10498
f 2494/3381/10499 2485/3356/10500 2490/3379/10501
f 2492/3351/10502 2493/3429/10503 2484/3350/10504
f 2483/3402/10505 2480/3353/10506 2486/3335/10507
f 2464/3430/10508 2453/3431/10509 2454/3432/10510
f 2468/3433/10511 2444/3434/10512 2448/3435/10513
f 2464/3430/10514 2476/3436/10515 2453/3431/10516
f 2033/264/10517 2032/263/10518 2058/3437/10519
f 2021/262/10520 2023/208/10521 2018/2946/10522
f 2029/3422/10523 2059/3423/10524 2060/3438/10525
f 2301/3439/10526 2306/3440/10527 2304/3441/10528
f 2017/209/10529 2059/3423/10530 2026/261/10531
f 2307/3442/10532 2300/3443/10533 2305/3444/10534
f 2477/3445/10535 2460/3446/10536 2459/3447/10537
f 3541/2033/10538 3540/2735/10539 3546/2736/10540
f 2356/2833/10541 2360/2802/10542 2393/2823/10543
f 2356/2833/10544 2355/2922/10545 2357/2907/10546
f 2304/3441/10547 2305/3444/10548 2301/3439/10549
f 2443/3448/10550 2478/3449/10551 2466/3450/10552
f 3241/3451/10553 3243/3452/10554 3247/623/10555
f 3241/3451/10556 3247/623/10557 3250/23/10558
f 2445/3453/10559 2464/3430/10560 2468/3433/10561
f 2308/3454/10562 2309/3455/10563 2310/3456/10564
f 2352/3457/10565 2353/2915/10566 2354/2935/10567
f 3241/3451/10568 3242/3458/10569 3243/3452/10570
f 2312/3459/10571 2313/3460/10572 2323/3461/10573
f 2323/3461/10574 2314/3462/10575 2312/3459/10576
f 2315/3463/10577 2303/3464/10578 2316/3465/10579
f 2301/3439/10580 2305/3444/10581 2300/3443/10582
f 2471/3466/10583 2468/3433/10584 2437/3467/10585
f 2445/3453/10586 2468/3433/10587 2471/3466/10588
f 2322/3468/10589 2320/3469/10590 2321/3470/10591
f 1843/895/10592 1842/2035/10593 1846/181/10594
f 3249/3471/10595 3246/3472/10596 3243/3452/10597
f 3184/3409/10598 3179/3473/10599 3182/3410/10600
f 2319/3474/10601 2318/3475/10602 2321/3470/10603
f 3241/3451/10604 3244/3476/10605 3242/3458/10606
f 2319/3474/10607 2321/3470/10608 2320/3469/10609
f 2304/3441/10610 2306/3440/10611 2303/3464/10612
f 2325/3477/10613 2323/3461/10614 2313/3460/10615
f 2323/3461/10616 2325/3477/10617 2324/3478/10618
f 2323/3461/10619 2324/3478/10620 2326/3479/10621
f 3246/3472/10622 3247/623/10623 3243/3452/10624
f 1849/2024/10625 1844/3480/10626 1845/3481/10627
f 1845/3481/10628 1847/1104/10629 1849/2024/10630
f 2476/3436/10631 2464/3430/10632 2458/3482/10633
f 2467/3483/10634 2460/3446/10635 2439/3484/10636
f 2443/3448/10637 2466/3450/10638 2442/3485/10639
f 2477/3445/10640 2444/3434/10641 2468/3433/10642
f 2465/3486/10643 2439/3484/10644 2435/3487/10645
f 2470/3488/10646 2447/3489/10647 2462/3490/10648
f 2447/3489/10649 2470/3488/10650 2440/3491/10651
f 2314/3462/10652 2301/3439/10653 2300/3443/10654
f 2464/3430/10655 2460/3446/10656 2468/3433/10657
f 1844/3480/10658 1849/2024/10659 1895/3492/10660
f 2303/3464/10661 2298/3493/10662 2304/3441/10663
f 2445/3453/10664 2463/3494/10665 2464/3430/10666
f 2314/3462/10667 2323/3461/10668 2301/3439/10669
f 2331/3495/10670 2332/3496/10671 2333/3497/10672
f 2464/3430/10673 2456/3498/10674 2473/3499/10675
f 2456/3498/10676 2464/3430/10677 2475/3500/10678
f 2474/3501/10679 2439/3484/10680 2464/3430/10681
f 2300/3443/10682 2307/3442/10683 2317/3502/10684
f 2333/3497/10685 2330/3503/10686 2331/3495/10687
f 2464/3430/10688 2439/3484/10689 2460/3446/10690
f 2333/3497/10691 2339/3504/10692 2337/3505/10693
f 1869/405/10694 1903/3362/10695 1872/3404/10696
f 2298/3493/10697 2299/3506/10698 2302/3507/10699
f 3515/2320/10700 3510/2423/10701 3518/2321/10702
f 2436/3508/10703 2439/3484/10704 2474/3501/10705
f 2457/3509/10706 2458/3482/10707 2455/3510/10708
f 2304/3441/10709 2298/3493/10710 2338/3511/10711
f 2330/3503/10712 2333/3497/10713 2337/3505/10714
f 3585/3512/10715 3586/3513/10716 3591/3514/10717
f 2327/3515/10718 2308/3454/10719 2341/3516/10720
f 2327/3515/10721 2309/3455/10722 2308/3454/10723
f 2337/3505/10724 2299/3506/10725 2335/3517/10726
f 2331/3495/10727 2330/3503/10728 2334/3518/10729
f 2342/3519/10730 2341/3516/10731 2308/3454/10732
f 2331/3495/10733 2340/3520/10734 2332/3496/10735
f 2335/3517/10736 2299/3506/10737 2328/3521/10738
f 1902/1109/10739 1892/1108/10740 1870/3522/10741
f 1853/896/10742 1890/180/10743 1871/406/10744
f 2335/3517/10745 2330/3503/10746 2337/3505/10747
f 2337/3505/10748 2336/3523/10749 2299/3506/10750
f 3590/3524/10751 3581/3525/10752 3580/3526/10753
f 1857/901/10754 1879/920/10755 1869/405/10756
f 2463/3494/10757 2455/3510/10758 2464/3430/10759
f 1850/2021/10760 1895/3492/10761 1849/2024/10762
f 3581/3525/10763 3578/3527/10764 3579/3528/10765
f 3213/3529/10766 3208/3530/10767 3212/3531/10768
f 3213/3529/10769 3215/2652/10770 3208/3530/10771
f 3180/3532/10772 3221/3533/10773 3188/2303/10774
f 2343/3534/10775 2345/3535/10776 2309/3455/10777
f 1712/2994/10778 1704/2797/10779 1716/143/10780
f 2343/3534/10781 2309/3455/10782 2311/3536/10783
f 3217/3537/10784 3218/3538/10785 3182/3410/10786
f 2344/3539/10787 2343/3534/10788 2311/3536/10789
f 2324/3478/10790 2309/3455/10791 2345/3535/10792
f 2462/3490/10793 2447/3489/10794 2446/3540/10795
f 3583/3541/10796 3582/3542/10797 3589/3543/10798
f 3589/3543/10799 3582/3542/10800 3588/3544/10801
f 3206/2296/10802 3211/2910/10803 3205/2297/10804
f 2325/3477/10805 2309/3455/10806 2324/3478/10807
f 2327/3515/10808 2311/3536/10809 2309/3455/10810
f 2451/3545/10811 2439/3484/10812 2465/3486/10813
f 1711/2837/10814 1707/135/10815 1686/1062/10816
f 2328/3521/10817 2299/3506/10818 2329/3546/10819
f 2347/3547/10820 2329/3546/10821 2348/3548/10822
f 3581/3525/10823 3582/3542/10824 3578/3527/10825
f 2347/3547/10826 2348/3548/10827 2350/3549/10828
f 3588/3544/10829 3584/3550/10830 3585/3512/10831
f 2315/3463/10832 2349/3551/10833 2348/3548/10834
f 1570/3552/10835 1574/3553/10836 1571/3554/10837
f 1574/3553/10838 1573/3555/10839 1569/3556/10840
f 1586/3557/10841 1580/3558/10842 1602/3559/10843
f 1610/3560/10844 1608/3561/10845 1581/3562/10846
f 1588/3563/10847 1578/3564/10848 1589/3565/10849
f 1587/3566/10850 1585/3567/10851 1593/3568/10852
f 1594/3569/10853 1596/3570/10854 1595/3571/10855
f 1588/3563/10856 1618/3572/10857 1578/3564/10858
f 1608/3561/10859 1586/3557/10860 1581/3562/10861
f 1572/3573/10862 1604/3574/10863 1574/3553/10864
f 1575/3575/10865 1574/3553/10866 1592/3576/10867
f 1571/3554/10868 1574/3553/10869 1575/3575/10870
f 1605/3577/10871 1600/3578/10872 1574/3553/10873
f 1606/3579/10874 1596/3570/10875 1594/3569/10876
f 1569/3556/10877 1592/3576/10878 1574/3553/10879
f 1575/3575/10880 1592/3576/10881 1586/3557/10882
f 1586/3557/10883 1590/3580/10884 1575/3575/10885
f 1625/3581/10886 1593/3568/10887 1585/3567/10888
f 1576/3582/10889 1612/3583/10890 1577/3584/10891
f 1612/3583/10892 1576/3582/10893 1587/3566/10894
f 1590/3580/10895 1586/3557/10896 1579/3585/10897
f 1608/3561/10898 1607/3586/10899 1586/3557/10900
f 1616/3587/10901 1603/3588/10902 1586/3557/10903
f 1579/3585/10904 1586/3557/10905 1607/3586/10906
f 1590/3580/10907 1579/3585/10908 1597/3589/10909
f 1569/3556/10910 1573/3555/10911 1568/3590/10912
f 1616/3587/10913 1586/3557/10914 1613/3591/10915
f 1604/3574/10916 1614/3592/10917 1611/3593/10918
f 1575/3575/10919 1590/3580/10920 1582/3594/10921
f 1611/3593/10922 1574/3553/10923 1604/3574/10924
f 1605/3577/10925 1574/3553/10926 1611/3593/10927
f 1581/3562/10928 1615/3595/10929 1610/3560/10930
f 1598/3596/10931 1618/3572/10932 1588/3563/10933
f 1609/3597/10934 1587/3566/10935 1593/3568/10936
f 1619/3598/10937 1580/3558/10938 1586/3557/10939
f 1619/3598/10940 1586/3557/10941 1592/3576/10942
f 1613/3591/10943 1586/3557/10944 1578/3564/10945
f 1620/3599/10946 1586/3557/10947 1601/3600/10948
f 1578/3564/10949 1586/3557/10950 1620/3599/10951
f 1600/3578/10952 1599/3601/10953 1573/3555/10954
f 1573/3555/10955 1574/3553/10956 1600/3578/10957
f 1581/3562/10958 1586/3557/10959 1603/3588/10960
f 1573/3555/10961 1599/3601/10962 1591/3602/10963
f 1583/3603/10964 1573/3555/10965 1591/3602/10966
f 1602/3559/10967 1601/3600/10968 1586/3557/10969
f 1613/3591/10970 1578/3564/10971 1618/3572/10972
f 1570/3552/10973 1572/3573/10974 1574/3553/10975
f 1581/3562/10976 1596/3570/10977 1606/3579/10978
f 1606/3579/10979 1621/3604/10980 1615/3595/10981
f 1596/3570/10982 1622/3605/10983 1595/3571/10984
f 1606/3579/10985 1615/3595/10986 1581/3562/10987
f 1623/3606/10988 1581/3562/10989 1603/3588/10990
f 1585/3567/10991 1581/3562/10992 1625/3581/10993
f 1624/3607/10994 1603/3588/10995 1616/3587/10996
f 1623/3606/10997 1625/3581/10998 1581/3562/10999
f 1585/3567/11000 1587/3566/11001 1584/3608/11002
f 1609/3597/11003 1626/3609/11004 1587/3566/11005
f 1626/3609/11006 1629/3610/11007 1612/3583/11008
f 1628/3611/11009 1629/3610/11010 1627/3612/11011
f 1629/3610/11012 1628/3611/11013 1612/3583/11014
f 1626/3609/11015 1612/3583/11016 1587/3566/11017
f 2330/3503/11018 2318/3475/11019 2351/3613/11020
f 3584/3550/11021 3588/3544/11022 3582/3542/11023
f 2439/3484/11024 2470/3488/11025 2467/3483/11026
f 2454/3432/11027 2475/3500/11028 2464/3430/11029
f 1852/3614/11030 1856/404/11031 1859/917/11032
f 3583/3541/11033 3577/3615/11034 3582/3542/11035
f 2461/3616/11036 2436/3508/11037 2474/3501/11038
f 3205/2297/11039 3208/3530/11040 3215/2652/11041
f 3584/3550/11042 3587/3617/11043 3586/3513/11044
f 3586/3513/11045 3585/3512/11046 3584/3550/11047
f 1904/1584/11048 1875/183/11049 1865/894/11050
f 2329/3546/11051 2299/3506/11052 2348/3548/11053
f 2298/3493/11054 2348/3548/11055 2299/3506/11056
f 1709/137/11057 1686/1062/11058 1707/135/11059
f 2328/3521/11060 2346/3618/11061 2335/3517/11062
f 2315/3463/11063 2348/3548/11064 2303/3464/11065
f 2303/3464/11066 2348/3548/11067 2298/3493/11068
f 2330/3503/11069 2335/3517/11070 2346/3618/11071
f 2330/3503/11072 2321/3470/11073 2318/3475/11074
f 2330/3503/11075 2346/3618/11076 2321/3470/11077
f 2440/3491/11078 2470/3488/11079 2439/3484/11080
f 3579/3528/11081 3580/3526/11082 3581/3525/11083
f 3582/3542/11084 3577/3615/11085 3578/3527/11086
f 2473/3499/11087 2474/3501/11088 2464/3430/11089
f 1851/3619/11090 1876/2020/11091 1891/2022/11092
f 2440/3491/11093 2439/3484/11094 2451/3545/11095
f 2443/3448/11096 2442/3485/11097 2441/3620/11098
f 2441/3620/11099 2472/3621/11100 2448/3435/11101
f 2458/3482/11102 2464/3430/11103 2455/3510/11104
f 2468/3433/11105 2460/3446/11106 2477/3445/11107
f 2462/3490/11108 2469/3622/11109 2470/3488/11110
f 3193/2929/11111 3186/3316/11112 3226/2600/11113
f 2468/3433/11114 2448/3435/11115 2438/3623/11116
f 2435/3487/11117 2434/3624/11118 2449/3625/11119
f 2439/3484/11120 2436/3508/11121 2435/3487/11122
f 2451/3545/11123 2452/3626/11124 2440/3491/11125
f 2449/3625/11126 2434/3624/11127 2450/3627/11128
f 2448/3435/11129 2444/3434/11130 2441/3620/11131
f 2443/3448/11132 2441/3620/11133 2444/3434/11134
f 2437/3467/11135 2468/3433/11136 2438/3623/11137
f 2434/3624/11138 2435/3487/11139 2436/3508/11140
f 3269/3322/11141 3267/3306/11142 3260/3628/11143
f 3280/3300/11144 3271/3303/11145 3265/599/11146
f 3277/3629/11147 3267/3306/11148 3279/3308/11149
f 3267/3306/11150 3277/3629/11151 3278/3320/11152
f 3258/1553/11153 3254/3630/11154 3262/595/11155
f 3272/3631/11156 3259/3632/11157 3274/3633/11158
f 3273/3634/11159 3254/3630/11160 3272/3631/11161
f 3254/3630/11162 3275/3635/11163 3262/595/11164
f 3266/600/11165 3265/599/11166 3271/3303/11167
f 3259/3632/11168 3272/3631/11169 3258/1553/11170
f 2411/3636/11171 2413/3637/11172 2402/3638/11173
f 2400/3639/11174 2429/3640/11175 2407/3641/11176
f 2433/3642/11177 2419/3643/11178 2407/3641/11179
f 2424/3644/11180 2400/3639/11181 2430/3645/11182
f 2419/3643/11183 2433/3642/11184 2432/3646/11185
f 2428/3647/11186 2400/3639/11187 2406/3648/11188
f 2413/3637/11189 2421/3649/11190 2414/3650/11191
f 2423/3651/11192 2411/3636/11193 2402/3638/11194
f 2416/3652/11195 2409/3653/11196 2411/3636/11197
f 2400/3639/11198 2428/3647/11199 2430/3645/11200
f 2423/3651/11201 2426/3654/11202 2431/3655/11203
f 2406/3648/11204 2400/3639/11205 2407/3641/11206
f 2404/3656/11207 2403/3657/11208 2411/3636/11209
f 2426/3654/11210 2423/3651/11211 2402/3638/11212
f 2403/3657/11213 2404/3656/11214 2427/3658/11215
f 2406/3648/11216 2405/3659/11217 2416/3652/11218
f 2404/3656/11219 2411/3636/11220 2423/3651/11221
f 2409/3653/11222 2405/3659/11223 2401/3660/11224
f 2413/3637/11225 2411/3636/11226 2409/3653/11227
f 2414/3650/11228 2402/3638/11229 2413/3637/11230
f 2402/3638/11231 2425/3661/11232 2426/3654/11233
f 2406/3648/11234 2419/3643/11235 2405/3659/11236
f 2420/3662/11237 2403/3657/11238 2422/3663/11239
f 2413/3637/11240 2410/3664/11241 2421/3649/11242
f 2411/3636/11243 2403/3657/11244 2420/3662/11245
f 2405/3659/11246 2419/3643/11247 2418/3665/11248
f 2406/3648/11249 2407/3641/11250 2419/3643/11251
f 2411/3636/11252 2415/3666/11253 2416/3652/11254
f 2417/3667/11255 2411/3636/11256 2420/3662/11257
f 2409/3653/11258 2416/3652/11259 2405/3659/11260
f 2411/3636/11261 2417/3667/11262 2415/3666/11263
f 2412/3668/11264 2408/3669/11265 2401/3660/11266
f 3534/3670/11267 3513/2427/11268 3532/2428/11269
f 3180/3532/11270 3179/3473/11271 3216/3671/11272
f 3506/1512/11273 3481/2263/11274 3485/2664/11275
f 1633/3672/11276 1632/3673/11277 1634/3674/11278
f 1636/3675/11279 1638/3676/11280 1635/3677/11281
f 1640/3678/11282 1641/3679/11283 1639/3680/11284
f 1647/3681/11285 1649/3682/11286 1636/3675/11287
f 1632/3673/11288 1636/3675/11289 1649/3682/11290
f 1648/3683/11291 1632/3673/11292 1649/3682/11293
f 1642/3684/11294 1631/3685/11295 1651/3686/11296
f 1631/3685/11297 1652/3687/11298 1651/3686/11299
f 1653/3688/11300 1652/3687/11301 1631/3685/11302
f 1632/3673/11303 1633/3672/11304 1655/3689/11305
f 1656/3690/11306 1632/3673/11307 1648/3683/11308
f 1632/3673/11309 1655/3689/11310 1636/3675/11311
f 1654/3691/11312 1658/3692/11313 1630/3693/11314
f 1659/3694/11315 1636/3675/11316 1655/3689/11317
f 1638/3676/11318 1636/3675/11319 1659/3694/11320
f 1640/3678/11321 1639/3680/11322 1646/3695/11323
f 1636/3675/11324 1657/3696/11325 1647/3681/11326
f 1640/3678/11327 1643/3697/11328 1641/3679/11329
f 1640/3678/11330 1646/3695/11331 1643/3697/11332
f 1646/3695/11333 1631/3685/11334 1643/3697/11335
f 1647/3681/11336 1664/3698/11337 1678/3699/11338
f 1637/3700/11339 1650/3701/11340 1676/3702/11341
f 1665/3703/11342 1666/3704/11343 1667/3705/11344
f 1670/3706/11345 1669/3707/11346 1673/3708/11347
f 1674/3709/11348 1669/3707/11349 1660/3710/11350
f 1669/3707/11351 1674/3709/11352 1673/3708/11353
f 1647/3681/11354 1657/3696/11355 1664/3698/11356
f 1677/3711/11357 1672/3712/11358 1673/3708/11359
f 1673/3708/11360 1674/3709/11361 1677/3711/11362
f 1669/3707/11363 1671/3713/11364 1660/3710/11365
f 1653/3688/11366 1631/3685/11367 1679/3714/11368
f 1660/3710/11369 1671/3713/11370 1657/3696/11371
f 1680/3715/11372 1679/3714/11373 1630/3693/11374
f 1657/3696/11375 1671/3713/11376 1675/3716/11377
f 1664/3698/11378 1657/3696/11379 1661/3717/11380
f 1661/3717/11381 1657/3696/11382 1675/3716/11383
f 1680/3715/11384 1681/3718/11385 1679/3714/11386
f 1636/3675/11387 1639/3680/11388 1657/3696/11389
f 1641/3679/11390 1665/3703/11391 1639/3680/11392
f 1639/3680/11393 1676/3702/11394 1646/3695/11395
f 1665/3703/11396 1667/3705/11397 1639/3680/11398
f 1679/3714/11399 1631/3685/11400 1630/3693/11401
f 1678/3699/11402 1682/3719/11403 1647/3681/11404
f 1676/3702/11405 1650/3701/11406 1668/3720/11407
f 1678/3699/11408 1644/3721/11409 1682/3719/11410
f 1630/3693/11411 1631/3685/11412 1646/3695/11413
f 1644/3721/11414 1645/3722/11415 1682/3719/11416
f 1647/3681/11417 1682/3719/11418 1649/3682/11419
f 1684/3723/11420 1662/3724/11421 1668/3720/11422
f 1683/3725/11423 1645/3722/11424 1644/3721/11425
f 1636/3675/11426 1637/3700/11427 1676/3702/11428
f 1646/3695/11429 1663/3726/11430 1630/3693/11431
f 1630/3693/11432 1663/3726/11433 1654/3691/11434
f 1630/3693/11435 1658/3692/11436 1685/3727/11437
f 1646/3695/11438 1676/3702/11439 1663/3726/11440
f 1636/3675/11441 1676/3702/11442 1639/3680/11443
f 1657/3696/11444 1639/3680/11445 1660/3710/11446
f 1660/3710/11447 1639/3680/11448 1667/3705/11449
f 1668/3720/11450 1662/3724/11451 1676/3702/11452
f 1676/3702/11453 1662/3724/11454 1663/3726/11455
f 1642/3684/11456 1643/3697/11457 1631/3685/11458
f 1680/3715/11459 1630/3693/11460 1685/3727/11461
f 1637/3700/11462 1636/3675/11463 1635/3677/11464
f 2408/3669/11465 2409/3653/11466 2401/3660/11467
f 3404/3728/11468 3405/256/11469 3410/3729/11470
f 3410/3729/11471 3405/256/11472 3406/3730/11473
f 3408/3731/11474 3410/3729/11475 3409/234/11476
f 3409/234/11477 3410/3729/11478 3411/3732/11479
f 3412/231/11480 3414/3733/11481 3413/3734/11482
f 3417/3735/11483 3410/3729/11484 3408/3731/11485
f 3418/3736/11486 3408/3731/11487 3413/3734/11488
f 3413/3734/11489 3408/3731/11490 3412/231/11491
f 3408/3731/11492 3409/234/11493 3416/232/11494
f 3421/3737/11495 3413/3734/11496 3414/3733/11497
f 3407/2928/11498 3414/3733/11499 3412/231/11500
f 3422/3738/11501 3414/3733/11502 3407/2928/11503
f 3419/243/11504 3424/2926/11505 3407/2928/11506
f 3423/241/11507 3419/243/11508 3407/2928/11509
f 3426/3739/11510 3408/3731/11511 3418/3736/11512
f 3427/3740/11513 3426/3739/11514 3418/3736/11515
f 3423/241/11516 3407/2928/11517 3412/231/11518
f 3426/3739/11519 3417/3735/11520 3408/3731/11521
f 3428/3741/11522 3410/3729/11523 3417/3735/11524
f 3404/3728/11525 3410/3729/11526 3428/3741/11527
f 3429/3742/11528 3418/3736/11529 3413/3734/11530
f 3405/256/11531 3404/3728/11532 3430/254/11533
f 3412/231/11534 3408/3731/11535 3416/232/11536
f 3501/3743/11537 3484/172/11538 3499/2023/11539
f 3203/3102/11540 3223/2285/11541 3227/3003/11542
f 3236/3744/11543 3225/2271/11544 3200/2912/11545
f 3544/2045/11546 3557/2754/11547 3556/3745/11548
f 3206/2296/11549 3226/2600/11550 3186/3316/11551
f 3188/2303/11552 3192/2272/11553 3194/2286/11554
f 3182/3410/11555 3179/3473/11556 3178/3746/11557
f 3571/2766/11558 3574/2046/11559 3544/2045/11560
f 3558/2763/11561 3575/3747/11562 3559/2764/11563
f 3563/2769/11564 3553/162/11565 3564/2041/11566
f 3189/2798/11567 3183/2270/11568 3191/2305/11569
f 3192/2272/11570 3185/3748/11571 3186/3316/11572
f 3192/2272/11573 3188/2303/11574 3183/2270/11575
f 3210/2304/11576 3209/3749/11577 3198/3750/11578
f 3192/2272/11579 3225/2271/11580 3190/3751/11581
f 3220/3408/11582 3182/3410/11583 3218/3538/11584
f 3212/3531/11585 3207/3752/11586 3240/3753/11587
f 3194/2286/11588 3178/3746/11589 3179/3473/11590
f 3541/2033/11591 3568/2738/11592 3540/2735/11593
f 3567/2759/11594 3540/2735/11595 3568/2738/11596
f 3179/3473/11597 3180/3532/11598 3194/2286/11599
f 3222/2938/11600 3206/2296/11601 3186/3316/11602
f 3212/3531/11603 3208/3530/11604 3207/3752/11605
f 3180/3532/11606 3188/2303/11607 3194/2286/11608
f 3181/3314/11609 3227/3003/11610 3223/2285/11611
f 1854/178/11612 1889/177/11613 1873/3754/11614
f 1895/3492/11615 1850/2021/11616 1893/3755/11617
f 1893/3755/11618 1850/2021/11619 1854/178/11620
f 1893/3755/11621 1854/178/11622 1873/3754/11623
f 1843/895/11624 1846/181/11625 1853/896/11626
f 1848/1106/11627 1869/405/11628 1883/913/11629
f 1885/899/11630 1875/183/11631 1888/185/11632
f 3267/3306/11633 3253/596/11634 3262/595/11635
f 3267/3306/11636 3262/595/11637 3261/3756/11638
f 3260/3628/11639 3267/3306/11640 3261/3756/11641
f 3254/3630/11642 3258/1553/11643 3272/3631/11644
f 3194/2286/11645 3223/2285/11646 3178/3746/11647
f 3223/2285/11648 3187/2284/11649 3181/3314/11650
f 3185/3748/11651 3192/2272/11652 3190/3751/11653
f 3191/2305/11654 3210/2304/11655 3198/3750/11656
f 3199/3313/11657 3227/3003/11658 3181/3314/11659
f 3201/2292/11660 3200/2912/11661 3225/2271/11662
f 3203/3102/11663 3202/1433/11664 3204/3757/11665
l 1616 1617
l 586 587
l 1851 1896
l 3592 3765
l 1244 1245
l 1837 3762
